sha256,size_bytes,path,decision,reason
01845b0e487707baa5faa7fdfd1b163ddb8c8d638f7698d1241f545ea0605836,2370244,"/home/lab_726/boom/hls_boom/boom_hls_gate5_3_fetch_buffer_b2_core_boom_core_top/solution_module/.autopilot/db/a.g",REVIEW,"duplicate large artifact; no automatic deletion"
01845b0e487707baa5faa7fdfd1b163ddb8c8d638f7698d1241f545ea0605836,2370244,"/home/lab_726/boom/hls_boom/boom_hls_gate5_3_fetch_buffer_b2_core_boom_core_top/solution_module/.autopilot/db/a.g.0.bc",REVIEW,"duplicate large artifact; no automatic deletion"
01845b0e487707baa5faa7fdfd1b163ddb8c8d638f7698d1241f545ea0605836,2370244,"/home/lab_726/boom/hls_boom/boom_hls_gate5_3_fetch_buffer_b2_core_boom_core_top/solution_module/.autopilot/db/a.g.bc",REVIEW,"duplicate large artifact; no automatic deletion"
01845b0e487707baa5faa7fdfd1b163ddb8c8d638f7698d1241f545ea0605836,2370244,"/home/lab_726/boom/hls_boom/boom_hls_gate5_3_fetch_buffer_b2_core_boom_core_top/solution_module/.autopilot/db/a.g.lto.bc",REVIEW,"duplicate large artifact; no automatic deletion"
01845b0e487707baa5faa7fdfd1b163ddb8c8d638f7698d1241f545ea0605836,2370244,"/home/lab_726/boom/hls_boom/boom_hls_gate5_3_fetch_buffer_b2_core_boom_core_top/solution_module/.autopilot/db/a.pp.bc",REVIEW,"duplicate large artifact; no automatic deletion"
02334ba951d3b9b8b6042ec349d5cc14d385b49c01ebfe1ad861579aba547956,3404572,"/home/lab_726/boom/hls_boom/build/gate5_3_fetch_buffer/b2/regression/w3_w4_focused/w3_current/hls_project/solution_w3_rtl/.autopilot/db/a.g.1.bc",REVIEW,"duplicate large artifact; no automatic deletion"
02334ba951d3b9b8b6042ec349d5cc14d385b49c01ebfe1ad861579aba547956,3404572,"/home/lab_726/boom/hls_boom/build/gate5_3_fetch_buffer/b2/regression/w3_w4_focused/w3_current/hls_project/solution_w3_rtl/.autopilot/db/a.o.1.bc",REVIEW,"duplicate large artifact; no automatic deletion"
02ca2fba9420278a3813a0687ffc8079976bf301fd7e7eb771c180ee91adf32b,4507086,"/home/lab_726/boom/hls_boom/build/gate5_3_fetch_buffer/b3i/regression/w3_w4_focused/hls_project/solution_w4_rtl/.autopilot/db/synth_w4d_oracle_top.adb.xml",REVIEW,"duplicate large artifact; no automatic deletion"
02ca2fba9420278a3813a0687ffc8079976bf301fd7e7eb771c180ee91adf32b,4507086,"/home/lab_726/boom/hls_boom/build/gate5_3_fetch_buffer/b3i/regression/w3_w4_focused/hls_project/solution_w4_rtl/.autopilot/db/synth_w4d_oracle_top.bind.adb.xml",REVIEW,"duplicate large artifact; no automatic deletion"
02e9d57c0aeb208f6c5c40309dc55c9a4aa8c7cc83c100a5096f06da0d29e984,4037676,"/home/lab_726/boom/hls_boom/build/gate5_3_fetch_buffer/b3i/regression/w3_w4_focused/w3_current/hls_branch_kill_project/solution_w3_rtl/.autopilot/db/a.g",REVIEW,"duplicate large artifact; no automatic deletion"
02e9d57c0aeb208f6c5c40309dc55c9a4aa8c7cc83c100a5096f06da0d29e984,4037676,"/home/lab_726/boom/hls_boom/build/gate5_3_fetch_buffer/b3i/regression/w3_w4_focused/w3_current/hls_branch_kill_project/solution_w3_rtl/.autopilot/db/a.g.0.bc",REVIEW,"duplicate large artifact; no automatic deletion"
02e9d57c0aeb208f6c5c40309dc55c9a4aa8c7cc83c100a5096f06da0d29e984,4037676,"/home/lab_726/boom/hls_boom/build/gate5_3_fetch_buffer/b3i/regression/w3_w4_focused/w3_current/hls_branch_kill_project/solution_w3_rtl/.autopilot/db/a.g.bc",REVIEW,"duplicate large artifact; no automatic deletion"
02e9d57c0aeb208f6c5c40309dc55c9a4aa8c7cc83c100a5096f06da0d29e984,4037676,"/home/lab_726/boom/hls_boom/build/gate5_3_fetch_buffer/b3i/regression/w3_w4_focused/w3_current/hls_branch_kill_project/solution_w3_rtl/.autopilot/db/a.g.lto.bc",REVIEW,"duplicate large artifact; no automatic deletion"
02e9d57c0aeb208f6c5c40309dc55c9a4aa8c7cc83c100a5096f06da0d29e984,4037676,"/home/lab_726/boom/hls_boom/build/gate5_3_fetch_buffer/b3i/regression/w3_w4_focused/w3_current/hls_branch_kill_project/solution_w3_rtl/.autopilot/db/a.pp.bc",REVIEW,"duplicate large artifact; no automatic deletion"
030560cba506fd1f54934558653940cc4160f370118a69e452afd5ba50300ee7,1077625,"/home/lab_726/boom/hls_boom/reports/gate4_0/w4/full_core_rtl/hls_project/solution_w4_full_core_rtl/.autopilot/db/compact_issue_queue.adb.xml",KEEP,"duplicate under reports is protected"
030560cba506fd1f54934558653940cc4160f370118a69e452afd5ba50300ee7,1077625,"/home/lab_726/boom/hls_boom/reports/gate4_0/w4/full_core_rtl/hls_project/solution_w4_full_core_rtl/.autopilot/db/compact_issue_queue.bind.adb.xml",KEEP,"duplicate under reports is protected"
0380365ea9a317373786953f0d49b2bff8afe6719e9d826d3b3ffc6fa0eafb1a,1411920,"/home/lab_726/boom/hls_boom/reports/gate4_0/w3/full_core_rtl/hls_project/solution_w3_full_core_rtl/.autopilot/db/a.g",KEEP,"duplicate under reports is protected"
0380365ea9a317373786953f0d49b2bff8afe6719e9d826d3b3ffc6fa0eafb1a,1411920,"/home/lab_726/boom/hls_boom/reports/gate4_0/w3/full_core_rtl/hls_project/solution_w3_full_core_rtl/.autopilot/db/a.g.0.bc",KEEP,"duplicate under reports is protected"
0380365ea9a317373786953f0d49b2bff8afe6719e9d826d3b3ffc6fa0eafb1a,1411920,"/home/lab_726/boom/hls_boom/reports/gate4_0/w3/full_core_rtl/hls_project/solution_w3_full_core_rtl/.autopilot/db/a.g.bc",KEEP,"duplicate under reports is protected"
0380365ea9a317373786953f0d49b2bff8afe6719e9d826d3b3ffc6fa0eafb1a,1411920,"/home/lab_726/boom/hls_boom/reports/gate4_0/w3/full_core_rtl/hls_project/solution_w3_full_core_rtl/.autopilot/db/a.g.lto.bc",KEEP,"duplicate under reports is protected"
0380365ea9a317373786953f0d49b2bff8afe6719e9d826d3b3ffc6fa0eafb1a,1411920,"/home/lab_726/boom/hls_boom/reports/gate4_0/w3/full_core_rtl/hls_project/solution_w3_full_core_rtl/.autopilot/db/a.pp.bc",KEEP,"duplicate under reports is protected"
03d66ae7de94c256116c51807526db3db275fac7c3969b0abd4bc3f61aa2e65d,1933664,"/home/lab_726/boom/hls_boom/boom_hls_gate5_3_fetch_buffer_b3i_core_boom_core_top/solution_module/impl/vhdl/boom_core_top_completion_service_cycle.vhd",REVIEW,"duplicate large artifact; no automatic deletion"
03d66ae7de94c256116c51807526db3db275fac7c3969b0abd4bc3f61aa2e65d,1933664,"/home/lab_726/boom/hls_boom/boom_hls_gate5_3_fetch_buffer_b3i_core_boom_core_top/solution_module/syn/vhdl/boom_core_top_completion_service_cycle.vhd",REVIEW,"duplicate large artifact; no automatic deletion"
03d66ae7de94c256116c51807526db3db275fac7c3969b0abd4bc3f61aa2e65d,1933664,"/home/lab_726/boom/hls_boom/build/gate5_3_fetch_buffer/b3i/rtl/504781e9f4f4386f/boom_core_top_hls/solution_b3i/impl/vhdl/boom_core_top_completion_service_cycle.vhd",REVIEW,"duplicate large artifact; no automatic deletion"
03d66ae7de94c256116c51807526db3db275fac7c3969b0abd4bc3f61aa2e65d,1933664,"/home/lab_726/boom/hls_boom/build/gate5_3_fetch_buffer/b3i/rtl/504781e9f4f4386f/boom_core_top_hls/solution_b3i/syn/vhdl/boom_core_top_completion_service_cycle.vhd",REVIEW,"duplicate large artifact; no automatic deletion"
0462e2ec7d683627c271c5333435ad9e5ea73ecfbad5b9011addade7e20db48c,1066312,"/home/lab_726/boom/hls_boom/test_obs_synth/sol1/.autopilot/db/decode_module.adb.xml",REVIEW,"duplicate large artifact; no automatic deletion"
0462e2ec7d683627c271c5333435ad9e5ea73ecfbad5b9011addade7e20db48c,1066312,"/home/lab_726/boom/hls_boom/test_obs_synth/sol1/.autopilot/db/decode_module.bind.adb.xml",REVIEW,"duplicate large artifact; no automatic deletion"
046fad683eeb74824369c92b0e7db5bc2b61a25ea73cb0ec2581f6135a6c0396,3130524,"/home/lab_726/boom/hls_boom/build/gate5_3_fetch_buffer/b3i/regression/w3_w4_focused/hls_core_step_retention_project/solution_w4_rtl/.autopilot/db/a.g",REVIEW,"duplicate large artifact; no automatic deletion"
046fad683eeb74824369c92b0e7db5bc2b61a25ea73cb0ec2581f6135a6c0396,3130524,"/home/lab_726/boom/hls_boom/build/gate5_3_fetch_buffer/b3i/regression/w3_w4_focused/hls_core_step_retention_project/solution_w4_rtl/.autopilot/db/a.g.0.bc",REVIEW,"duplicate large artifact; no automatic deletion"
046fad683eeb74824369c92b0e7db5bc2b61a25ea73cb0ec2581f6135a6c0396,3130524,"/home/lab_726/boom/hls_boom/build/gate5_3_fetch_buffer/b3i/regression/w3_w4_focused/hls_core_step_retention_project/solution_w4_rtl/.autopilot/db/a.g.bc",REVIEW,"duplicate large artifact; no automatic deletion"
046fad683eeb74824369c92b0e7db5bc2b61a25ea73cb0ec2581f6135a6c0396,3130524,"/home/lab_726/boom/hls_boom/build/gate5_3_fetch_buffer/b3i/regression/w3_w4_focused/hls_core_step_retention_project/solution_w4_rtl/.autopilot/db/a.g.lto.bc",REVIEW,"duplicate large artifact; no automatic deletion"
046fad683eeb74824369c92b0e7db5bc2b61a25ea73cb0ec2581f6135a6c0396,3130524,"/home/lab_726/boom/hls_boom/build/gate5_3_fetch_buffer/b3i/regression/w3_w4_focused/hls_core_step_retention_project/solution_w4_rtl/.autopilot/db/a.pp.bc",REVIEW,"duplicate large artifact; no automatic deletion"
07a51eb662ff371339e10e05e735cb87af584dff144d7bb7df53a2091b9aeee6,1949391,"/home/lab_726/boom/hls_boom/build/gate5_3_fetch_buffer/b3i/rtl/8184e5696fcbbfff/boom_core_top_hls/solution_b3i/impl/verilog/boom_core_top_boom_core_step.v",REVIEW,"duplicate large artifact; no automatic deletion"
07a51eb662ff371339e10e05e735cb87af584dff144d7bb7df53a2091b9aeee6,1949391,"/home/lab_726/boom/hls_boom/build/gate5_3_fetch_buffer/b3i/rtl/8184e5696fcbbfff/boom_core_top_hls/solution_b3i/syn/verilog/boom_core_top_boom_core_step.v",REVIEW,"duplicate large artifact; no automatic deletion"
09bf9e4a94f4f08102bf4030e31f7e6fe603687543104c9a3e8fd30db3fc7265,2729690,"/home/lab_726/boom/hls_boom/boom_hls_gate5_3_fetch_buffer_b3i_core_synth_core_step_top/solution_module/.autopilot/db/issue_module.adb.xml",REVIEW,"duplicate large artifact; no automatic deletion"
09bf9e4a94f4f08102bf4030e31f7e6fe603687543104c9a3e8fd30db3fc7265,2729690,"/home/lab_726/boom/hls_boom/boom_hls_gate5_3_fetch_buffer_b3i_core_synth_core_step_top/solution_module/.autopilot/db/issue_module.bind.adb.xml",REVIEW,"duplicate large artifact; no automatic deletion"
0b040277938dde86862bfffdd6d9d6df17e1973f56b7e3d10f8f22362bee8de8,1077633,"/home/lab_726/boom/hls_boom/boom_hls_gate5_3_fetch_buffer_b2_core_boom_core_top/solution_module/.autopilot/db/compact_issue_queue.adb.xml",REVIEW,"duplicate large artifact; no automatic deletion"
0b040277938dde86862bfffdd6d9d6df17e1973f56b7e3d10f8f22362bee8de8,1077633,"/home/lab_726/boom/hls_boom/boom_hls_gate5_3_fetch_buffer_b2_core_boom_core_top/solution_module/.autopilot/db/compact_issue_queue.bind.adb.xml",REVIEW,"duplicate large artifact; no automatic deletion"
0b040277938dde86862bfffdd6d9d6df17e1973f56b7e3d10f8f22362bee8de8,1077633,"/home/lab_726/boom/hls_boom/build/gate5_3_fetch_buffer/b2/phase_d/retry_20260816/boom_core_top_hls/solution_phase_d/.autopilot/db/compact_issue_queue.adb.xml",REVIEW,"duplicate large artifact; no automatic deletion"
0b040277938dde86862bfffdd6d9d6df17e1973f56b7e3d10f8f22362bee8de8,1077633,"/home/lab_726/boom/hls_boom/build/gate5_3_fetch_buffer/b2/phase_d/retry_20260816/boom_core_top_hls/solution_phase_d/.autopilot/db/compact_issue_queue.bind.adb.xml",REVIEW,"duplicate large artifact; no automatic deletion"
0c4b522ab26f4368eecf7165dbae368956955d9b8dc841a449ecd0faafafbe1a,1556972,"/home/lab_726/boom/hls_boom/boom_hls_gate5_3_fetch_buffer_b3i_synth_completion_top/solution_module/.autopilot/db/a.g",REVIEW,"duplicate large artifact; no automatic deletion"
0c4b522ab26f4368eecf7165dbae368956955d9b8dc841a449ecd0faafafbe1a,1556972,"/home/lab_726/boom/hls_boom/boom_hls_gate5_3_fetch_buffer_b3i_synth_completion_top/solution_module/.autopilot/db/a.g.0.bc",REVIEW,"duplicate large artifact; no automatic deletion"
0c4b522ab26f4368eecf7165dbae368956955d9b8dc841a449ecd0faafafbe1a,1556972,"/home/lab_726/boom/hls_boom/boom_hls_gate5_3_fetch_buffer_b3i_synth_completion_top/solution_module/.autopilot/db/a.g.bc",REVIEW,"duplicate large artifact; no automatic deletion"
0c4b522ab26f4368eecf7165dbae368956955d9b8dc841a449ecd0faafafbe1a,1556972,"/home/lab_726/boom/hls_boom/boom_hls_gate5_3_fetch_buffer_b3i_synth_completion_top/solution_module/.autopilot/db/a.g.lto.bc",REVIEW,"duplicate large artifact; no automatic deletion"
0c4b522ab26f4368eecf7165dbae368956955d9b8dc841a449ecd0faafafbe1a,1556972,"/home/lab_726/boom/hls_boom/boom_hls_gate5_3_fetch_buffer_b3i_synth_completion_top/solution_module/.autopilot/db/a.pp.bc",REVIEW,"duplicate large artifact; no automatic deletion"
0db58341cc36f69db5deea04f3d703709efd5a93c20906c678951e67ae6389a3,1813758,"/home/lab_726/boom/hls_boom/boom_hls_gate5_3_fetch_buffer_b3i_core_synth_core_step_top/solution_module/.autopilot/db/completion_service_cycle.adb.xml",REVIEW,"duplicate large artifact; no automatic deletion"
0db58341cc36f69db5deea04f3d703709efd5a93c20906c678951e67ae6389a3,1813758,"/home/lab_726/boom/hls_boom/boom_hls_gate5_3_fetch_buffer_b3i_core_synth_core_step_top/solution_module/.autopilot/db/completion_service_cycle.bind.adb.xml",REVIEW,"duplicate large artifact; no automatic deletion"
0e18a79f556845bcbf4ec279150992fb3780e69bc46221f119a5fd28b6394ad3,1297090,"/home/lab_726/boom/hls_boom/boom_hls_gate5_3_fetch_buffer_b2_core_boom_core_top/solution_module/.autopilot/db/decode_module.adb.xml",REVIEW,"duplicate large artifact; no automatic deletion"
0e18a79f556845bcbf4ec279150992fb3780e69bc46221f119a5fd28b6394ad3,1297090,"/home/lab_726/boom/hls_boom/boom_hls_gate5_3_fetch_buffer_b2_core_boom_core_top/solution_module/.autopilot/db/decode_module.bind.adb.xml",REVIEW,"duplicate large artifact; no automatic deletion"
0e18a79f556845bcbf4ec279150992fb3780e69bc46221f119a5fd28b6394ad3,1297090,"/home/lab_726/boom/hls_boom/build/gate5_3_fetch_buffer/b2/phase_d/retry_20260816/boom_core_top_hls/solution_phase_d/.autopilot/db/decode_module.adb.xml",REVIEW,"duplicate large artifact; no automatic deletion"
0e18a79f556845bcbf4ec279150992fb3780e69bc46221f119a5fd28b6394ad3,1297090,"/home/lab_726/boom/hls_boom/build/gate5_3_fetch_buffer/b2/phase_d/retry_20260816/boom_core_top_hls/solution_phase_d/.autopilot/db/decode_module.bind.adb.xml",REVIEW,"duplicate large artifact; no automatic deletion"
0fb25fb4b3ef50a1aa05b4c0df41716122b340c34a1a5550c055c3690189840a,1293926,"/home/lab_726/boom/hls_boom/test_declsonly/sol1/.autopilot/db/boom_core_top.adb.xml",REVIEW,"duplicate large artifact; no automatic deletion"
0fb25fb4b3ef50a1aa05b4c0df41716122b340c34a1a5550c055c3690189840a,1293926,"/home/lab_726/boom/hls_boom/test_declsonly/sol1/.autopilot/db/boom_core_top.bind.adb.xml",REVIEW,"duplicate large artifact; no automatic deletion"
0fc19d76eb086d43bab521b8c0fc0a9ac01ea8466866177851430e849cfec14a,2370316,"/home/lab_726/boom/hls_boom/build/gate5_3_fetch_buffer/b2/phase_d/retry_20260816/boom_core_top_hls/solution_phase_d/.autopilot/db/a.g",REVIEW,"duplicate large artifact; no automatic deletion"
0fc19d76eb086d43bab521b8c0fc0a9ac01ea8466866177851430e849cfec14a,2370316,"/home/lab_726/boom/hls_boom/build/gate5_3_fetch_buffer/b2/phase_d/retry_20260816/boom_core_top_hls/solution_phase_d/.autopilot/db/a.g.0.bc",REVIEW,"duplicate large artifact; no automatic deletion"
0fc19d76eb086d43bab521b8c0fc0a9ac01ea8466866177851430e849cfec14a,2370316,"/home/lab_726/boom/hls_boom/build/gate5_3_fetch_buffer/b2/phase_d/retry_20260816/boom_core_top_hls/solution_phase_d/.autopilot/db/a.g.bc",REVIEW,"duplicate large artifact; no automatic deletion"
0fc19d76eb086d43bab521b8c0fc0a9ac01ea8466866177851430e849cfec14a,2370316,"/home/lab_726/boom/hls_boom/build/gate5_3_fetch_buffer/b2/phase_d/retry_20260816/boom_core_top_hls/solution_phase_d/.autopilot/db/a.g.lto.bc",REVIEW,"duplicate large artifact; no automatic deletion"
0fc19d76eb086d43bab521b8c0fc0a9ac01ea8466866177851430e849cfec14a,2370316,"/home/lab_726/boom/hls_boom/build/gate5_3_fetch_buffer/b2/phase_d/retry_20260816/boom_core_top_hls/solution_phase_d/.autopilot/db/a.pp.bc",REVIEW,"duplicate large artifact; no automatic deletion"
11901362ebcc8a55bec8077a5d68dc92480296c355709f92d91c0769a649632f,1131042,"/home/lab_726/boom/hls_boom/boom_hls_gate5_3_fetch_buffer_b2_core_boom_core_top/solution_module/.autopilot/db/boom_core_merged.pp.0.cpp",REVIEW,"duplicate large artifact; no automatic deletion"
11901362ebcc8a55bec8077a5d68dc92480296c355709f92d91c0769a649632f,1131042,"/home/lab_726/boom/hls_boom/build/gate5_3_fetch_buffer/b2/phase_d/retry_20260816/boom_core_top_hls/solution_phase_d/.autopilot/db/boom_core_merged.pp.0.cpp",REVIEW,"duplicate large artifact; no automatic deletion"
11eaad60490d66c8b929fc2c9779b9379c741ab0ffbfec473ce62c10af3bbda2,1889124,"/home/lab_726/boom/hls_boom/test_all_min/sol1/.autopilot/db/a.g",REVIEW,"duplicate large artifact; no automatic deletion"
11eaad60490d66c8b929fc2c9779b9379c741ab0ffbfec473ce62c10af3bbda2,1889124,"/home/lab_726/boom/hls_boom/test_all_min/sol1/.autopilot/db/a.g.0.bc",REVIEW,"duplicate large artifact; no automatic deletion"
11eaad60490d66c8b929fc2c9779b9379c741ab0ffbfec473ce62c10af3bbda2,1889124,"/home/lab_726/boom/hls_boom/test_all_min/sol1/.autopilot/db/a.g.bc",REVIEW,"duplicate large artifact; no automatic deletion"
11eaad60490d66c8b929fc2c9779b9379c741ab0ffbfec473ce62c10af3bbda2,1889124,"/home/lab_726/boom/hls_boom/test_all_min/sol1/.autopilot/db/a.g.lto.bc",REVIEW,"duplicate large artifact; no automatic deletion"
11eaad60490d66c8b929fc2c9779b9379c741ab0ffbfec473ce62c10af3bbda2,1889124,"/home/lab_726/boom/hls_boom/test_all_min/sol1/.autopilot/db/a.pp.bc",REVIEW,"duplicate large artifact; no automatic deletion"
123d3626bc990561b662abfa270cdfa431e515710ff1f8c575bce1b35e8d7a28,2729686,"/home/lab_726/boom/hls_boom/boom_hls_gate5_3_fetch_buffer_b3i_core_boom_core_top/solution_module/.autopilot/db/issue_module.adb.xml",REVIEW,"duplicate large artifact; no automatic deletion"
123d3626bc990561b662abfa270cdfa431e515710ff1f8c575bce1b35e8d7a28,2729686,"/home/lab_726/boom/hls_boom/boom_hls_gate5_3_fetch_buffer_b3i_core_boom_core_top/solution_module/.autopilot/db/issue_module.bind.adb.xml",REVIEW,"duplicate large artifact; no automatic deletion"
123d3626bc990561b662abfa270cdfa431e515710ff1f8c575bce1b35e8d7a28,2729686,"/home/lab_726/boom/hls_boom/build/gate5_3_fetch_buffer/b3i/rtl/504781e9f4f4386f/boom_core_top_hls/solution_b3i/.autopilot/db/issue_module.adb.xml",REVIEW,"duplicate large artifact; no automatic deletion"
123d3626bc990561b662abfa270cdfa431e515710ff1f8c575bce1b35e8d7a28,2729686,"/home/lab_726/boom/hls_boom/build/gate5_3_fetch_buffer/b3i/rtl/504781e9f4f4386f/boom_core_top_hls/solution_b3i/.autopilot/db/issue_module.bind.adb.xml",REVIEW,"duplicate large artifact; no automatic deletion"
1301b223bef6242e2f86af9195f99f215973a8846c248eae69d6e224379fff7d,1088792,"/home/lab_726/boom/hls_boom/boom_hls_gate5_4_p1_synth_frontend_top/solution_module/.autopilot/db/a.g",REVIEW,"duplicate large artifact; no automatic deletion"
1301b223bef6242e2f86af9195f99f215973a8846c248eae69d6e224379fff7d,1088792,"/home/lab_726/boom/hls_boom/boom_hls_gate5_4_p1_synth_frontend_top/solution_module/.autopilot/db/a.g.0.bc",REVIEW,"duplicate large artifact; no automatic deletion"
1301b223bef6242e2f86af9195f99f215973a8846c248eae69d6e224379fff7d,1088792,"/home/lab_726/boom/hls_boom/boom_hls_gate5_4_p1_synth_frontend_top/solution_module/.autopilot/db/a.g.bc",REVIEW,"duplicate large artifact; no automatic deletion"
1301b223bef6242e2f86af9195f99f215973a8846c248eae69d6e224379fff7d,1088792,"/home/lab_726/boom/hls_boom/boom_hls_gate5_4_p1_synth_frontend_top/solution_module/.autopilot/db/a.g.lto.bc",REVIEW,"duplicate large artifact; no automatic deletion"
1301b223bef6242e2f86af9195f99f215973a8846c248eae69d6e224379fff7d,1088792,"/home/lab_726/boom/hls_boom/boom_hls_gate5_4_p1_synth_frontend_top/solution_module/.autopilot/db/a.pp.bc",REVIEW,"duplicate large artifact; no automatic deletion"
137640f35dca843de6135be2b7b134c295e6b34fc8673e65b73e65b1c5c8477b,1297917,"/home/lab_726/boom/hls_boom/reports/gate4_0/w3/csynth/boom_core_top/rtl/boom_core_top_boom_core_cycle_io.v",KEEP,"duplicate under reports is protected"
137640f35dca843de6135be2b7b134c295e6b34fc8673e65b73e65b1c5c8477b,1297917,"/home/lab_726/boom/hls_boom/reports/gate4_0/w3/full_core_rtl/hls_project/solution_w3_full_core_rtl/impl/verilog/boom_core_top_boom_core_cycle_io.v",KEEP,"duplicate under reports is protected"
137640f35dca843de6135be2b7b134c295e6b34fc8673e65b73e65b1c5c8477b,1297917,"/home/lab_726/boom/hls_boom/reports/gate4_0/w3/full_core_rtl/hls_project/solution_w3_full_core_rtl/syn/verilog/boom_core_top_boom_core_cycle_io.v",KEEP,"duplicate under reports is protected"
137a4668ffa854d6d8402c8118091cb560de7f9d0d1fc6f3ba5dcbf701bd34de,1938129,"/home/lab_726/boom/hls_boom/boom_hls_gate5_3_fetch_buffer_b3i_core_synth_core_step_top/solution_module/impl/vhdl/synth_core_step_top_issue_module.vhd",REVIEW,"duplicate large artifact; no automatic deletion"
137a4668ffa854d6d8402c8118091cb560de7f9d0d1fc6f3ba5dcbf701bd34de,1938129,"/home/lab_726/boom/hls_boom/boom_hls_gate5_3_fetch_buffer_b3i_core_synth_core_step_top/solution_module/syn/vhdl/synth_core_step_top_issue_module.vhd",REVIEW,"duplicate large artifact; no automatic deletion"
138c9f86d511a852a8f332143cf56f3c25cf575bf9a759e7976010b3c77bd3b7,1869488,"/home/lab_726/boom/hls_boom/boom_hls_gate5_3_fetch_buffer_b2_core_synth_core_step_top/solution_module/impl/vhdl/synth_core_step_top.vhd",REVIEW,"duplicate large artifact; no automatic deletion"
138c9f86d511a852a8f332143cf56f3c25cf575bf9a759e7976010b3c77bd3b7,1869488,"/home/lab_726/boom/hls_boom/boom_hls_gate5_3_fetch_buffer_b2_core_synth_core_step_top/solution_module/syn/vhdl/synth_core_step_top.vhd",REVIEW,"duplicate large artifact; no automatic deletion"
145aab2374454d40658ced1285374df4dd33f48eeb8f9d377c3fdaa200c2ef5d,1106632,"/home/lab_726/boom/hls_boom/test_final_audit/sol1/.autopilot/db/boom_core_top.adb.xml",REVIEW,"duplicate large artifact; no automatic deletion"
145aab2374454d40658ced1285374df4dd33f48eeb8f9d377c3fdaa200c2ef5d,1106632,"/home/lab_726/boom/hls_boom/test_final_audit/sol1/.autopilot/db/boom_core_top.bind.adb.xml",REVIEW,"duplicate large artifact; no automatic deletion"
145aab2374454d40658ced1285374df4dd33f48eeb8f9d377c3fdaa200c2ef5d,1106632,"/home/lab_726/boom/hls_boom/test_obs_synth/sol1/.autopilot/db/boom_core_top.adb.xml",REVIEW,"duplicate large artifact; no automatic deletion"
145aab2374454d40658ced1285374df4dd33f48eeb8f9d377c3fdaa200c2ef5d,1106632,"/home/lab_726/boom/hls_boom/test_obs_synth/sol1/.autopilot/db/boom_core_top.bind.adb.xml",REVIEW,"duplicate large artifact; no automatic deletion"
14ecca2d6e628cdcfd3a5fada4aaa7070190026cfe446b9f6c4877de528dc0f4,8923254,"/home/lab_726/boom/hls_boom/test_final_audit/sol1/impl/vhdl/boom_core_top_boom_core_step.vhd",REVIEW,"duplicate large artifact; no automatic deletion"
14ecca2d6e628cdcfd3a5fada4aaa7070190026cfe446b9f6c4877de528dc0f4,8923254,"/home/lab_726/boom/hls_boom/test_final_audit/sol1/syn/vhdl/boom_core_top_boom_core_step.vhd",REVIEW,"duplicate large artifact; no automatic deletion"
14fc50844992801f7f74ac9dfe2b793efacf7d4fb9e4fc47f833f3764cd970f6,2375530,"/home/lab_726/boom/hls_boom/boom_hls_gate5_3_fetch_buffer_b2_core_boom_core_top/solution_module/.autopilot/db/boom_core_top.adb.xml",REVIEW,"duplicate large artifact; no automatic deletion"
14fc50844992801f7f74ac9dfe2b793efacf7d4fb9e4fc47f833f3764cd970f6,2375530,"/home/lab_726/boom/hls_boom/boom_hls_gate5_3_fetch_buffer_b2_core_boom_core_top/solution_module/.autopilot/db/boom_core_top.bind.adb.xml",REVIEW,"duplicate large artifact; no automatic deletion"
14fc50844992801f7f74ac9dfe2b793efacf7d4fb9e4fc47f833f3764cd970f6,2375530,"/home/lab_726/boom/hls_boom/build/gate5_3_fetch_buffer/b2/phase_d/retry_20260816/boom_core_top_hls/solution_phase_d/.autopilot/db/boom_core_top.adb.xml",REVIEW,"duplicate large artifact; no automatic deletion"
14fc50844992801f7f74ac9dfe2b793efacf7d4fb9e4fc47f833f3764cd970f6,2375530,"/home/lab_726/boom/hls_boom/build/gate5_3_fetch_buffer/b2/phase_d/retry_20260816/boom_core_top_hls/solution_phase_d/.autopilot/db/boom_core_top.bind.adb.xml",REVIEW,"duplicate large artifact; no automatic deletion"
1700aaf1206bd3c289c5b56b526aaf54650a1f4f40dfd70d3fc767b15ff71b11,8044188,"/home/lab_726/boom/hls_boom/reports/gate4_0/w3/focused_rtl_work/hls_completion_project/solution_w3_rtl/.autopilot/db/synth_w3_completion_diagnostic_top.adb.xml",KEEP,"duplicate under reports is protected"
1700aaf1206bd3c289c5b56b526aaf54650a1f4f40dfd70d3fc767b15ff71b11,8044188,"/home/lab_726/boom/hls_boom/reports/gate4_0/w3/focused_rtl_work/hls_completion_project/solution_w3_rtl/.autopilot/db/synth_w3_completion_diagnostic_top.bind.adb.xml",KEEP,"duplicate under reports is protected"
178561b5cc858f72d329ea75215ff77819ade3bf7fa216050f84f3302eca0aa3,1864284,"/home/lab_726/boom/hls_boom/build/gate5_3_fetch_buffer/b2/phase_d/retry_20260816/boom_core_top_hls/solution_phase_d/.autopilot/db/a.g.1.bc",REVIEW,"duplicate large artifact; no automatic deletion"
178561b5cc858f72d329ea75215ff77819ade3bf7fa216050f84f3302eca0aa3,1864284,"/home/lab_726/boom/hls_boom/build/gate5_3_fetch_buffer/b2/phase_d/retry_20260816/boom_core_top_hls/solution_phase_d/.autopilot/db/a.o.1.bc",REVIEW,"duplicate large artifact; no automatic deletion"
187b3f37f0b9dea80cb6d43e2660e9a07b4cb885aa274f2d1021cb9e3fabe92f,1294638,"/home/lab_726/boom/hls_boom/test_final2/sol1/.autopilot/db/boom_core_top.adb.xml",REVIEW,"duplicate large artifact; no automatic deletion"
187b3f37f0b9dea80cb6d43e2660e9a07b4cb885aa274f2d1021cb9e3fabe92f,1294638,"/home/lab_726/boom/hls_boom/test_final2/sol1/.autopilot/db/boom_core_top.bind.adb.xml",REVIEW,"duplicate large artifact; no automatic deletion"
1907011bdf2369250887db2feadbe3e068d7867ed29710348b540b12d6e877b0,1061199,"/home/lab_726/boom/hls_boom/boom_hls_gate5_3_fetch_buffer_b2_synth_completion_top/solution_module/impl/vhdl/synth_completion_top.vhd",REVIEW,"duplicate large artifact; no automatic deletion"
1907011bdf2369250887db2feadbe3e068d7867ed29710348b540b12d6e877b0,1061199,"/home/lab_726/boom/hls_boom/boom_hls_gate5_3_fetch_buffer_b2_synth_completion_top/solution_module/syn/vhdl/synth_completion_top.vhd",REVIEW,"duplicate large artifact; no automatic deletion"
1988ba488cfc3d3b32ff5c01d539f8b4e78da0243622ffa5cc33d13098fb3994,1864176,"/home/lab_726/boom/hls_boom/boom_hls_gate5_3_fetch_buffer_b2_core_boom_core_top/solution_module/.autopilot/db/a.g.1.bc",REVIEW,"duplicate large artifact; no automatic deletion"
1988ba488cfc3d3b32ff5c01d539f8b4e78da0243622ffa5cc33d13098fb3994,1864176,"/home/lab_726/boom/hls_boom/boom_hls_gate5_3_fetch_buffer_b2_core_boom_core_top/solution_module/.autopilot/db/a.o.1.bc",REVIEW,"duplicate large artifact; no automatic deletion"
1ac565be15c407bc5429858aa79e9634248628218d679cdd0e665020e1f8f712,1795290,"/home/lab_726/boom/hls_boom/reports/gate4_0/w4/full_core_rtl/hls_project/solution_w4_full_core_rtl/impl/vhdl/boom_core_top_completion_service_cycle.vhd",KEEP,"duplicate under reports is protected"
1ac565be15c407bc5429858aa79e9634248628218d679cdd0e665020e1f8f712,1795290,"/home/lab_726/boom/hls_boom/reports/gate4_0/w4/full_core_rtl/hls_project/solution_w4_full_core_rtl/syn/vhdl/boom_core_top_completion_service_cycle.vhd",KEEP,"duplicate under reports is protected"
1d17d87fe02d05a42ade3f98ce8e3c8a5cff0c925c1de6606ada3783ba0643b5,1190899,"/home/lab_726/boom/hls_boom/test_final2/sol1/.autopilot/db/boom_core_step.adb.xml",REVIEW,"duplicate large artifact; no automatic deletion"
1d17d87fe02d05a42ade3f98ce8e3c8a5cff0c925c1de6606ada3783ba0643b5,1190899,"/home/lab_726/boom/hls_boom/test_final2/sol1/.autopilot/db/boom_core_step.bind.adb.xml",REVIEW,"duplicate large artifact; no automatic deletion"
1ebaa9213631541ccd83b0eeca193560034f034de5d1083ba875df435a8edbfd,2205091,"/home/lab_726/boom/hls_boom/boom_hls_gate5_3_fetch_buffer_b3i_core_synth_core_step_top/solution_module/.autopilot/db/synth_core_step_top.adb.xml",REVIEW,"duplicate large artifact; no automatic deletion"
1ebaa9213631541ccd83b0eeca193560034f034de5d1083ba875df435a8edbfd,2205091,"/home/lab_726/boom/hls_boom/boom_hls_gate5_3_fetch_buffer_b3i_core_synth_core_step_top/solution_module/.autopilot/db/synth_core_step_top.bind.adb.xml",REVIEW,"duplicate large artifact; no automatic deletion"
1f30802acdfadd80ad8ee33d336312ddb5fcc4a45b6378345bacf9b84bbd59aa,1077658,"/home/lab_726/boom/hls_boom/build/gate5_3_fetch_buffer/b2/regression/w3_w4_focused/hls_core_step_retention_project/solution_w4_rtl/.autopilot/db/compact_issue_queue.adb.xml",REVIEW,"duplicate large artifact; no automatic deletion"
1f30802acdfadd80ad8ee33d336312ddb5fcc4a45b6378345bacf9b84bbd59aa,1077658,"/home/lab_726/boom/hls_boom/build/gate5_3_fetch_buffer/b2/regression/w3_w4_focused/hls_core_step_retention_project/solution_w4_rtl/.autopilot/db/compact_issue_queue.bind.adb.xml",REVIEW,"duplicate large artifact; no automatic deletion"
1f4385be9deba70747adc4be2ee04f0a17ab9026f06ce36ad65fc22c0d4345e7,21666507,"/home/lab_726/boom/hls_boom/test_obs_synth/sol1/.autopilot/db/boom_core_step.adb.xml",REVIEW,"duplicate large artifact; no automatic deletion"
1f4385be9deba70747adc4be2ee04f0a17ab9026f06ce36ad65fc22c0d4345e7,21666507,"/home/lab_726/boom/hls_boom/test_obs_synth/sol1/.autopilot/db/boom_core_step.bind.adb.xml",REVIEW,"duplicate large artifact; no automatic deletion"
21889d2ed91c2eef21c6a83bb9580cab588baa4597e10bb2ad89762cc4495415,1896442,"/home/lab_726/boom/hls_boom/boom_hls_gate5_3_fetch_buffer_b2_core_boom_core_top/solution_module/impl/verilog/boom_core_top_boom_core_step.v",REVIEW,"duplicate large artifact; no automatic deletion"
21889d2ed91c2eef21c6a83bb9580cab588baa4597e10bb2ad89762cc4495415,1896442,"/home/lab_726/boom/hls_boom/boom_hls_gate5_3_fetch_buffer_b2_core_boom_core_top/solution_module/syn/verilog/boom_core_top_boom_core_step.v",REVIEW,"duplicate large artifact; no automatic deletion"
21889d2ed91c2eef21c6a83bb9580cab588baa4597e10bb2ad89762cc4495415,1896442,"/home/lab_726/boom/hls_boom/build/gate5_3_fetch_buffer/b2/phase_d/retry_20260816/boom_core_top_hls/solution_phase_d/impl/verilog/boom_core_top_boom_core_step.v",REVIEW,"duplicate large artifact; no automatic deletion"
21889d2ed91c2eef21c6a83bb9580cab588baa4597e10bb2ad89762cc4495415,1896442,"/home/lab_726/boom/hls_boom/build/gate5_3_fetch_buffer/b2/phase_d/retry_20260816/boom_core_top_hls/solution_phase_d/syn/verilog/boom_core_top_boom_core_step.v",REVIEW,"duplicate large artifact; no automatic deletion"
21a1b1e8302c1847e55268848e5af8a8624241287e15320ca52fe3f0bc6d5d8b,1813477,"/home/lab_726/boom/hls_boom/boom_hls_gate5_3_fetch_buffer_b3i_core_boom_core_top/solution_module/.autopilot/db/completion_service_cycle.adb.xml",REVIEW,"duplicate large artifact; no automatic deletion"
21a1b1e8302c1847e55268848e5af8a8624241287e15320ca52fe3f0bc6d5d8b,1813477,"/home/lab_726/boom/hls_boom/boom_hls_gate5_3_fetch_buffer_b3i_core_boom_core_top/solution_module/.autopilot/db/completion_service_cycle.bind.adb.xml",REVIEW,"duplicate large artifact; no automatic deletion"
21a1b1e8302c1847e55268848e5af8a8624241287e15320ca52fe3f0bc6d5d8b,1813477,"/home/lab_726/boom/hls_boom/build/gate5_3_fetch_buffer/b3i/rtl/504781e9f4f4386f/boom_core_top_hls/solution_b3i/.autopilot/db/completion_service_cycle.adb.xml",REVIEW,"duplicate large artifact; no automatic deletion"
21a1b1e8302c1847e55268848e5af8a8624241287e15320ca52fe3f0bc6d5d8b,1813477,"/home/lab_726/boom/hls_boom/build/gate5_3_fetch_buffer/b3i/rtl/504781e9f4f4386f/boom_core_top_hls/solution_b3i/.autopilot/db/completion_service_cycle.bind.adb.xml",REVIEW,"duplicate large artifact; no automatic deletion"
237add96b11b817ad53479ddd3f755a9c49b83f0d8101d42848d736d0faf18ac,1937901,"/home/lab_726/boom/hls_boom/boom_hls_gate5_3_fetch_buffer_b3i_core_boom_core_top/solution_module/impl/vhdl/boom_core_top_issue_module.vhd",REVIEW,"duplicate large artifact; no automatic deletion"
237add96b11b817ad53479ddd3f755a9c49b83f0d8101d42848d736d0faf18ac,1937901,"/home/lab_726/boom/hls_boom/boom_hls_gate5_3_fetch_buffer_b3i_core_boom_core_top/solution_module/syn/vhdl/boom_core_top_issue_module.vhd",REVIEW,"duplicate large artifact; no automatic deletion"
237add96b11b817ad53479ddd3f755a9c49b83f0d8101d42848d736d0faf18ac,1937901,"/home/lab_726/boom/hls_boom/build/gate5_3_fetch_buffer/b3i/rtl/504781e9f4f4386f/boom_core_top_hls/solution_b3i/impl/vhdl/boom_core_top_issue_module.vhd",REVIEW,"duplicate large artifact; no automatic deletion"
237add96b11b817ad53479ddd3f755a9c49b83f0d8101d42848d736d0faf18ac,1937901,"/home/lab_726/boom/hls_boom/build/gate5_3_fetch_buffer/b3i/rtl/504781e9f4f4386f/boom_core_top_hls/solution_b3i/syn/vhdl/boom_core_top_issue_module.vhd",REVIEW,"duplicate large artifact; no automatic deletion"
23e5e1daf94017011a134309e709a38edd3e53a7cbf5cc982e06e7cc8e52bd69,1873686,"/home/lab_726/boom/hls_boom/reports/gate4_0/w3/focused_rtl_work/hls_branch_kill_project/solution_w3_rtl/impl/verilog/synth_w3_branch_kill_top.v",KEEP,"duplicate under reports is protected"
23e5e1daf94017011a134309e709a38edd3e53a7cbf5cc982e06e7cc8e52bd69,1873686,"/home/lab_726/boom/hls_boom/reports/gate4_0/w3/focused_rtl_work/hls_branch_kill_project/solution_w3_rtl/syn/verilog/synth_w3_branch_kill_top.v",KEEP,"duplicate under reports is protected"
2552475b9d4a3f7a0fcd4345ce2744c29542f5bfecff2ddf104db0aafd21760a,1075185,"/home/lab_726/boom/hls_boom/boom_hls_gate5_3_fetch_buffer_b3i_synth_completion_top/solution_module/.autopilot/db/compact_issue_queue.adb.xml",REVIEW,"duplicate large artifact; no automatic deletion"
2552475b9d4a3f7a0fcd4345ce2744c29542f5bfecff2ddf104db0aafd21760a,1075185,"/home/lab_726/boom/hls_boom/boom_hls_gate5_3_fetch_buffer_b3i_synth_completion_top/solution_module/.autopilot/db/compact_issue_queue.bind.adb.xml",REVIEW,"duplicate large artifact; no automatic deletion"
25b79c2212b2b64237a5a938013ceb83019ea0da1d25d55fedbfc3e2171fa7cf,1384697,"/home/lab_726/boom/hls_boom/build/gate5_3_fetch_buffer/b3i/regression/m3c_focused_rtl/projects/synth_m3c_rv64m_top/solution_gate4_1_m3c_rtl/.autopilot/db/synth_m3c_rv64m_top.adb.xml",REVIEW,"duplicate large artifact; no automatic deletion"
25b79c2212b2b64237a5a938013ceb83019ea0da1d25d55fedbfc3e2171fa7cf,1384697,"/home/lab_726/boom/hls_boom/build/gate5_3_fetch_buffer/b3i/regression/m3c_focused_rtl/projects/synth_m3c_rv64m_top/solution_gate4_1_m3c_rtl/.autopilot/db/synth_m3c_rv64m_top.bind.adb.xml",REVIEW,"duplicate large artifact; no automatic deletion"
26d6ceb127c720f8611055dfd706474625d5e6275610d25ad8f768660b8683b6,1257299,"/home/lab_726/boom/hls_boom/reports/gate4_0/w4/full_core_rtl/hls_project/solution_w4_full_core_rtl/impl/vhdl/boom_core_top_issue_module.vhd",KEEP,"duplicate under reports is protected"
26d6ceb127c720f8611055dfd706474625d5e6275610d25ad8f768660b8683b6,1257299,"/home/lab_726/boom/hls_boom/reports/gate4_0/w4/full_core_rtl/hls_project/solution_w4_full_core_rtl/syn/vhdl/boom_core_top_issue_module.vhd",KEEP,"duplicate under reports is protected"
288170f93db5b2f753eb9f3942383a1f25f6efa966860ffac8e76661734abb96,3484301,"/home/lab_726/boom/hls_boom/build/gate5_3_fetch_buffer/b3i/regression/w3_w4_focused/w3_current/hls_branch_kill_project/solution_w3_rtl/impl/vhdl/synth_w3_branch_kill_top.vhd",REVIEW,"duplicate large artifact; no automatic deletion"
288170f93db5b2f753eb9f3942383a1f25f6efa966860ffac8e76661734abb96,3484301,"/home/lab_726/boom/hls_boom/build/gate5_3_fetch_buffer/b3i/regression/w3_w4_focused/w3_current/hls_branch_kill_project/solution_w3_rtl/syn/vhdl/synth_w3_branch_kill_top.vhd",REVIEW,"duplicate large artifact; no automatic deletion"
29e8f70ac698472003f2196d80237732b2b749022b0fbb4677442bdb6f4f3225,1284634,"/home/lab_726/boom/hls_boom/build/gate5_3_fetch_buffer/b2/regression/m3c_focused_rtl/projects/synth_m3c_rv64m_top/solution_gate4_1_m3c_rtl/impl/vhdl/synth_m3c_rv64m_top_begin_completion_cycle.vhd",REVIEW,"duplicate large artifact; no automatic deletion"
29e8f70ac698472003f2196d80237732b2b749022b0fbb4677442bdb6f4f3225,1284634,"/home/lab_726/boom/hls_boom/build/gate5_3_fetch_buffer/b2/regression/m3c_focused_rtl/projects/synth_m3c_rv64m_top/solution_gate4_1_m3c_rtl/syn/vhdl/synth_m3c_rv64m_top_begin_completion_cycle.vhd",REVIEW,"duplicate large artifact; no automatic deletion"
2a2e0a138104175b3be7a23d1cdc48d0dd49170c9e9c4f4e5874a4148e2f0fb4,1363004,"/home/lab_726/boom/hls_boom/build/gate5_3_fetch_buffer/b3i/regression/m3c_focused_rtl/projects/synth_m3c_rv64m_top/solution_gate4_1_m3c_rtl/impl/vhdl/synth_m3c_rv64m_top.vhd",REVIEW,"duplicate large artifact; no automatic deletion"
2a2e0a138104175b3be7a23d1cdc48d0dd49170c9e9c4f4e5874a4148e2f0fb4,1363004,"/home/lab_726/boom/hls_boom/build/gate5_3_fetch_buffer/b3i/regression/m3c_focused_rtl/projects/synth_m3c_rv64m_top/solution_gate4_1_m3c_rtl/syn/vhdl/synth_m3c_rv64m_top.vhd",REVIEW,"duplicate large artifact; no automatic deletion"
2b4e3f8add2d28963f70dade902f72cdd0838a0cdd0b8ffe12486827a6c782d6,1905574,"/home/lab_726/boom/hls_boom/boom_hls_gate5_3_fetch_buffer_b3i_core_synth_core_step_top/solution_module/impl/vhdl/synth_core_step_top.vhd",REVIEW,"duplicate large artifact; no automatic deletion"
2b4e3f8add2d28963f70dade902f72cdd0838a0cdd0b8ffe12486827a6c782d6,1905574,"/home/lab_726/boom/hls_boom/boom_hls_gate5_3_fetch_buffer_b3i_core_synth_core_step_top/solution_module/syn/vhdl/synth_core_step_top.vhd",REVIEW,"duplicate large artifact; no automatic deletion"
2ccb7f5540a6cde8f55c33ab4daadb940e4919158399fed2350036f5e60a5bea,1075183,"/home/lab_726/boom/hls_boom/build/gate5_3_fetch_buffer/b3i/regression/m3c_focused_rtl/projects/synth_m3c_rv64m_top/solution_gate4_1_m3c_rtl/.autopilot/db/compact_issue_queue.adb.xml",REVIEW,"duplicate large artifact; no automatic deletion"
2ccb7f5540a6cde8f55c33ab4daadb940e4919158399fed2350036f5e60a5bea,1075183,"/home/lab_726/boom/hls_boom/build/gate5_3_fetch_buffer/b3i/regression/m3c_focused_rtl/projects/synth_m3c_rv64m_top/solution_gate4_1_m3c_rtl/.autopilot/db/compact_issue_queue.bind.adb.xml",REVIEW,"duplicate large artifact; no automatic deletion"
2d06563f4ce2801215f38ebb4c27ec56dab1c7ef041dd808bd0400634dc63253,1242276,"/home/lab_726/boom/hls_boom/build/gate5_3_fetch_buffer/b2/regression/w3_w4_focused/hls_project/solution_w4_rtl/.autopilot/db/begin_completion_cycle.adb.xml",REVIEW,"duplicate large artifact; no automatic deletion"
2d06563f4ce2801215f38ebb4c27ec56dab1c7ef041dd808bd0400634dc63253,1242276,"/home/lab_726/boom/hls_boom/build/gate5_3_fetch_buffer/b2/regression/w3_w4_focused/hls_project/solution_w4_rtl/.autopilot/db/begin_completion_cycle.bind.adb.xml",REVIEW,"duplicate large artifact; no automatic deletion"
2da128dea0912adc434eec991093ed97f2c7b6d3e8dc76aa4939f35487004b8a,7558221,"/home/lab_726/boom/hls_boom/reports/gate4_0/w3/focused_rtl_work/hls_branch_kill_project/solution_w3_rtl/.autopilot/db/synth_w3_branch_kill_top.adb.xml",KEEP,"duplicate under reports is protected"
2da128dea0912adc434eec991093ed97f2c7b6d3e8dc76aa4939f35487004b8a,7558221,"/home/lab_726/boom/hls_boom/reports/gate4_0/w3/focused_rtl_work/hls_branch_kill_project/solution_w3_rtl/.autopilot/db/synth_w3_branch_kill_top.bind.adb.xml",KEEP,"duplicate under reports is protected"
2f60a015ec762b4c2f1753b378b865e4364f62b8b97231190382700ef639d318,4000408,"/home/lab_726/boom/hls_boom/build/gate5_3_fetch_buffer/b2/regression/w3_w4_focused/w3_current/hls_branch_kill_project/solution_w3_rtl/.autopilot/db/a.g",REVIEW,"duplicate large artifact; no automatic deletion"
2f60a015ec762b4c2f1753b378b865e4364f62b8b97231190382700ef639d318,4000408,"/home/lab_726/boom/hls_boom/build/gate5_3_fetch_buffer/b2/regression/w3_w4_focused/w3_current/hls_branch_kill_project/solution_w3_rtl/.autopilot/db/a.g.0.bc",REVIEW,"duplicate large artifact; no automatic deletion"
2f60a015ec762b4c2f1753b378b865e4364f62b8b97231190382700ef639d318,4000408,"/home/lab_726/boom/hls_boom/build/gate5_3_fetch_buffer/b2/regression/w3_w4_focused/w3_current/hls_branch_kill_project/solution_w3_rtl/.autopilot/db/a.g.bc",REVIEW,"duplicate large artifact; no automatic deletion"
2f60a015ec762b4c2f1753b378b865e4364f62b8b97231190382700ef639d318,4000408,"/home/lab_726/boom/hls_boom/build/gate5_3_fetch_buffer/b2/regression/w3_w4_focused/w3_current/hls_branch_kill_project/solution_w3_rtl/.autopilot/db/a.g.lto.bc",REVIEW,"duplicate large artifact; no automatic deletion"
2f60a015ec762b4c2f1753b378b865e4364f62b8b97231190382700ef639d318,4000408,"/home/lab_726/boom/hls_boom/build/gate5_3_fetch_buffer/b2/regression/w3_w4_focused/w3_current/hls_branch_kill_project/solution_w3_rtl/.autopilot/db/a.pp.bc",REVIEW,"duplicate large artifact; no automatic deletion"
3011c07c7b6a552546347c9854b39104813588df0438dbfbcbd7d446d5ed99e9,1559640,"/home/lab_726/boom/hls_boom/reports/gate4_0/w4/full_core_rtl/hls_project/solution_w4_full_core_rtl/impl/verilog/boom_core_top_boom_core_step.v",KEEP,"duplicate under reports is protected"
3011c07c7b6a552546347c9854b39104813588df0438dbfbcbd7d446d5ed99e9,1559640,"/home/lab_726/boom/hls_boom/reports/gate4_0/w4/full_core_rtl/hls_project/solution_w4_full_core_rtl/syn/verilog/boom_core_top_boom_core_step.v",KEEP,"duplicate under reports is protected"
31f394afaa57aa235b70d5fca3c6e966841c1cfd420955c953720b1f30eddb47,1904372,"/home/lab_726/boom/hls_boom/test_declsonly/sol1/.autopilot/db/a.g.1.bc",REVIEW,"duplicate large artifact; no automatic deletion"
31f394afaa57aa235b70d5fca3c6e966841c1cfd420955c953720b1f30eddb47,1904372,"/home/lab_726/boom/hls_boom/test_declsonly/sol1/.autopilot/db/a.o.1.bc",REVIEW,"duplicate large artifact; no automatic deletion"
3202ff08e4667dff6435f2d36a2480d309a99f069bda2bb32874e19eb51063e4,1462580,"/home/lab_726/boom/hls_boom/build/gate5_3_fetch_buffer/b3i/regression/w3_w4_focused/hls_project/solution_w4_rtl/.autopilot/db/a.g.1.bc",REVIEW,"duplicate large artifact; no automatic deletion"
3202ff08e4667dff6435f2d36a2480d309a99f069bda2bb32874e19eb51063e4,1462580,"/home/lab_726/boom/hls_boom/build/gate5_3_fetch_buffer/b3i/regression/w3_w4_focused/hls_project/solution_w4_rtl/.autopilot/db/a.o.1.bc",REVIEW,"duplicate large artifact; no automatic deletion"
328c738ef34b9f02541e8bd17fe7258315b0387abdfd26bdf2a87fcd5a995e46,3434364,"/home/lab_726/boom/hls_boom/build/gate5_3_fetch_buffer/b2/regression/w3_w4_focused/w3_current/hls_project/solution_w3_rtl/impl/verilog/synth_w3_diagnostic_top_boom_core_reset_step.v",REVIEW,"duplicate large artifact; no automatic deletion"
328c738ef34b9f02541e8bd17fe7258315b0387abdfd26bdf2a87fcd5a995e46,3434364,"/home/lab_726/boom/hls_boom/build/gate5_3_fetch_buffer/b2/regression/w3_w4_focused/w3_current/hls_project/solution_w3_rtl/syn/verilog/synth_w3_diagnostic_top_boom_core_reset_step.v",REVIEW,"duplicate large artifact; no automatic deletion"
32e01ce4bb1ca1ad675c04b5f019007f51dad1a1e4a6ac0732ec2d0eac892dfc,2954376,"/home/lab_726/boom/hls_boom/build/gate5_3_fetch_buffer/b3i/regression/w3_w4_focused/w3_current/hls_completion_project/solution_w3_rtl/.autopilot/db/a.g",REVIEW,"duplicate large artifact; no automatic deletion"
32e01ce4bb1ca1ad675c04b5f019007f51dad1a1e4a6ac0732ec2d0eac892dfc,2954376,"/home/lab_726/boom/hls_boom/build/gate5_3_fetch_buffer/b3i/regression/w3_w4_focused/w3_current/hls_completion_project/solution_w3_rtl/.autopilot/db/a.g.0.bc",REVIEW,"duplicate large artifact; no automatic deletion"
32e01ce4bb1ca1ad675c04b5f019007f51dad1a1e4a6ac0732ec2d0eac892dfc,2954376,"/home/lab_726/boom/hls_boom/build/gate5_3_fetch_buffer/b3i/regression/w3_w4_focused/w3_current/hls_completion_project/solution_w3_rtl/.autopilot/db/a.g.bc",REVIEW,"duplicate large artifact; no automatic deletion"
32e01ce4bb1ca1ad675c04b5f019007f51dad1a1e4a6ac0732ec2d0eac892dfc,2954376,"/home/lab_726/boom/hls_boom/build/gate5_3_fetch_buffer/b3i/regression/w3_w4_focused/w3_current/hls_completion_project/solution_w3_rtl/.autopilot/db/a.g.lto.bc",REVIEW,"duplicate large artifact; no automatic deletion"
32e01ce4bb1ca1ad675c04b5f019007f51dad1a1e4a6ac0732ec2d0eac892dfc,2954376,"/home/lab_726/boom/hls_boom/build/gate5_3_fetch_buffer/b3i/regression/w3_w4_focused/w3_current/hls_completion_project/solution_w3_rtl/.autopilot/db/a.pp.bc",REVIEW,"duplicate large artifact; no automatic deletion"
33cba62ec35071b22be72194df2c067cfa2357da3048ff161c52ebb860696d11,2333644,"/home/lab_726/boom/hls_boom/build/gate5_3_fetch_buffer/b2/regression/w3_w4_focused/hls_core_step_retention_project/solution_w4_rtl/.autopilot/db/a.g.1.bc",REVIEW,"duplicate large artifact; no automatic deletion"
33cba62ec35071b22be72194df2c067cfa2357da3048ff161c52ebb860696d11,2333644,"/home/lab_726/boom/hls_boom/build/gate5_3_fetch_buffer/b2/regression/w3_w4_focused/hls_core_step_retention_project/solution_w4_rtl/.autopilot/db/a.o.1.bc",REVIEW,"duplicate large artifact; no automatic deletion"
34a1038b1aa084c764e4b30f016806b8feb3951212d150b495d611759e983c0b,1296662,"/home/lab_726/boom/hls_boom/boom_hls_gate5_3_fetch_buffer_b2_core_boom_core_top/solution_module/impl/verilog/boom_core_top_issue_module.v",REVIEW,"duplicate large artifact; no automatic deletion"
34a1038b1aa084c764e4b30f016806b8feb3951212d150b495d611759e983c0b,1296662,"/home/lab_726/boom/hls_boom/boom_hls_gate5_3_fetch_buffer_b2_core_boom_core_top/solution_module/syn/verilog/boom_core_top_issue_module.v",REVIEW,"duplicate large artifact; no automatic deletion"
34a1038b1aa084c764e4b30f016806b8feb3951212d150b495d611759e983c0b,1296662,"/home/lab_726/boom/hls_boom/build/gate5_3_fetch_buffer/b2/phase_d/retry_20260816/boom_core_top_hls/solution_phase_d/impl/verilog/boom_core_top_issue_module.v",REVIEW,"duplicate large artifact; no automatic deletion"
34a1038b1aa084c764e4b30f016806b8feb3951212d150b495d611759e983c0b,1296662,"/home/lab_726/boom/hls_boom/build/gate5_3_fetch_buffer/b2/phase_d/retry_20260816/boom_core_top_hls/solution_phase_d/syn/verilog/boom_core_top_issue_module.v",REVIEW,"duplicate large artifact; no automatic deletion"
3504e31ba1bceaba1335ec989a69b990b2ba9d508f798e10479688828102cbc0,6367476,"/home/lab_726/boom/hls_boom/build/gate5_3_fetch_buffer/b3i/regression/w3_w4_focused/w3_current/hls_project/solution_w3_rtl/.autopilot/db/a.g",REVIEW,"duplicate large artifact; no automatic deletion"
3504e31ba1bceaba1335ec989a69b990b2ba9d508f798e10479688828102cbc0,6367476,"/home/lab_726/boom/hls_boom/build/gate5_3_fetch_buffer/b3i/regression/w3_w4_focused/w3_current/hls_project/solution_w3_rtl/.autopilot/db/a.g.0.bc",REVIEW,"duplicate large artifact; no automatic deletion"
3504e31ba1bceaba1335ec989a69b990b2ba9d508f798e10479688828102cbc0,6367476,"/home/lab_726/boom/hls_boom/build/gate5_3_fetch_buffer/b3i/regression/w3_w4_focused/w3_current/hls_project/solution_w3_rtl/.autopilot/db/a.g.bc",REVIEW,"duplicate large artifact; no automatic deletion"
3504e31ba1bceaba1335ec989a69b990b2ba9d508f798e10479688828102cbc0,6367476,"/home/lab_726/boom/hls_boom/build/gate5_3_fetch_buffer/b3i/regression/w3_w4_focused/w3_current/hls_project/solution_w3_rtl/.autopilot/db/a.g.lto.bc",REVIEW,"duplicate large artifact; no automatic deletion"
3504e31ba1bceaba1335ec989a69b990b2ba9d508f798e10479688828102cbc0,6367476,"/home/lab_726/boom/hls_boom/build/gate5_3_fetch_buffer/b3i/regression/w3_w4_focused/w3_current/hls_project/solution_w3_rtl/.autopilot/db/a.pp.bc",REVIEW,"duplicate large artifact; no automatic deletion"
357465e59352cbabda95f2df3e83c3e03372f6e5fb266b2db06ce615c4cd9f10,5623929,"/home/lab_726/boom/hls_boom/build/gate5_3_fetch_buffer/b2/regression/w3_w4_focused/w3_current/hls_project/solution_w3_rtl/impl/vhdl/synth_w3_diagnostic_top.vhd",REVIEW,"duplicate large artifact; no automatic deletion"
357465e59352cbabda95f2df3e83c3e03372f6e5fb266b2db06ce615c4cd9f10,5623929,"/home/lab_726/boom/hls_boom/build/gate5_3_fetch_buffer/b2/regression/w3_w4_focused/w3_current/hls_project/solution_w3_rtl/syn/vhdl/synth_w3_diagnostic_top.vhd",REVIEW,"duplicate large artifact; no automatic deletion"
377682f8d95161480e8dd5869ed5d6f1cb70b4c3dbe0f0a57bd5a5fcb25e3649,1078132,"/home/lab_726/boom/hls_boom/build/gate5_3_fetch_buffer/b2/regression/w3_w4_focused/hls_core_step_retention_project/solution_w4_rtl/.autopilot/db/compact_iq.adb.xml",REVIEW,"duplicate large artifact; no automatic deletion"
377682f8d95161480e8dd5869ed5d6f1cb70b4c3dbe0f0a57bd5a5fcb25e3649,1078132,"/home/lab_726/boom/hls_boom/build/gate5_3_fetch_buffer/b2/regression/w3_w4_focused/hls_core_step_retention_project/solution_w4_rtl/.autopilot/db/compact_iq.bind.adb.xml",REVIEW,"duplicate large artifact; no automatic deletion"
38dce9e911a8fd8da67f9986b670b7072106e8a0ee5859dab3a31639b9c5d329,1296866,"/home/lab_726/boom/hls_boom/boom_hls_gate5_3_fetch_buffer_b2_core_synth_core_step_top/solution_module/impl/verilog/synth_core_step_top_issue_module.v",REVIEW,"duplicate large artifact; no automatic deletion"
38dce9e911a8fd8da67f9986b670b7072106e8a0ee5859dab3a31639b9c5d329,1296866,"/home/lab_726/boom/hls_boom/boom_hls_gate5_3_fetch_buffer_b2_core_synth_core_step_top/solution_module/syn/verilog/synth_core_step_top_issue_module.v",REVIEW,"duplicate large artifact; no automatic deletion"
390ffeca8daad195afb3f8b74ed31343a6630f87f3a2ddf0a220ab0d25be547d,1069924,"/home/lab_726/boom/hls_boom/boom_hls_gate5_3_fetch_buffer_b2_synth_execute_top/solution_module/.autopilot/db/a.g",REVIEW,"duplicate large artifact; no automatic deletion"
390ffeca8daad195afb3f8b74ed31343a6630f87f3a2ddf0a220ab0d25be547d,1069924,"/home/lab_726/boom/hls_boom/boom_hls_gate5_3_fetch_buffer_b2_synth_execute_top/solution_module/.autopilot/db/a.g.0.bc",REVIEW,"duplicate large artifact; no automatic deletion"
390ffeca8daad195afb3f8b74ed31343a6630f87f3a2ddf0a220ab0d25be547d,1069924,"/home/lab_726/boom/hls_boom/boom_hls_gate5_3_fetch_buffer_b2_synth_execute_top/solution_module/.autopilot/db/a.g.bc",REVIEW,"duplicate large artifact; no automatic deletion"
390ffeca8daad195afb3f8b74ed31343a6630f87f3a2ddf0a220ab0d25be547d,1069924,"/home/lab_726/boom/hls_boom/boom_hls_gate5_3_fetch_buffer_b2_synth_execute_top/solution_module/.autopilot/db/a.g.lto.bc",REVIEW,"duplicate large artifact; no automatic deletion"
390ffeca8daad195afb3f8b74ed31343a6630f87f3a2ddf0a220ab0d25be547d,1069924,"/home/lab_726/boom/hls_boom/boom_hls_gate5_3_fetch_buffer_b2_synth_execute_top/solution_module/.autopilot/db/a.pp.bc",REVIEW,"duplicate large artifact; no automatic deletion"
3b447ab4a1aebc305c28fd30cdaf1928288fe3778508cfe0a34856dfc26522e6,1378911,"/home/lab_726/boom/hls_boom/boom_hls_gate5_3_fetch_buffer_b3i_core_boom_core_top/solution_module/impl/verilog/boom_core_top_completion_service_cycle.v",REVIEW,"duplicate large artifact; no automatic deletion"
3b447ab4a1aebc305c28fd30cdaf1928288fe3778508cfe0a34856dfc26522e6,1378911,"/home/lab_726/boom/hls_boom/boom_hls_gate5_3_fetch_buffer_b3i_core_boom_core_top/solution_module/syn/verilog/boom_core_top_completion_service_cycle.v",REVIEW,"duplicate large artifact; no automatic deletion"
3b447ab4a1aebc305c28fd30cdaf1928288fe3778508cfe0a34856dfc26522e6,1378911,"/home/lab_726/boom/hls_boom/build/gate5_3_fetch_buffer/b3i/rtl/504781e9f4f4386f/boom_core_top_hls/solution_b3i/impl/verilog/boom_core_top_completion_service_cycle.v",REVIEW,"duplicate large artifact; no automatic deletion"
3b447ab4a1aebc305c28fd30cdaf1928288fe3778508cfe0a34856dfc26522e6,1378911,"/home/lab_726/boom/hls_boom/build/gate5_3_fetch_buffer/b3i/rtl/504781e9f4f4386f/boom_core_top_hls/solution_b3i/syn/verilog/boom_core_top_completion_service_cycle.v",REVIEW,"duplicate large artifact; no automatic deletion"
3b94fc66974335a47ce9c198136969f2059a0b5ead43b3907fa83943becb0e62,21593589,"/home/lab_726/boom/hls_boom/test_final_audit/sol1/.autopilot/db/boom_core_step.adb.xml",REVIEW,"duplicate large artifact; no automatic deletion"
3b94fc66974335a47ce9c198136969f2059a0b5ead43b3907fa83943becb0e62,21593589,"/home/lab_726/boom/hls_boom/test_final_audit/sol1/.autopilot/db/boom_core_step.bind.adb.xml",REVIEW,"duplicate large artifact; no automatic deletion"
3c55781e2b7a349cfb7b6a6596d2e39fa75a7da999f34c85cc04d6204842661a,2725824,"/home/lab_726/boom/hls_boom/reports/gate4_0/w3/focused_rtl_work/hls_dual_pending_project/solution_w3_rtl/.autopilot/db/a.g",KEEP,"duplicate under reports is protected"
3c55781e2b7a349cfb7b6a6596d2e39fa75a7da999f34c85cc04d6204842661a,2725824,"/home/lab_726/boom/hls_boom/reports/gate4_0/w3/focused_rtl_work/hls_dual_pending_project/solution_w3_rtl/.autopilot/db/a.g.0.bc",KEEP,"duplicate under reports is protected"
3c55781e2b7a349cfb7b6a6596d2e39fa75a7da999f34c85cc04d6204842661a,2725824,"/home/lab_726/boom/hls_boom/reports/gate4_0/w3/focused_rtl_work/hls_dual_pending_project/solution_w3_rtl/.autopilot/db/a.g.bc",KEEP,"duplicate under reports is protected"
3c55781e2b7a349cfb7b6a6596d2e39fa75a7da999f34c85cc04d6204842661a,2725824,"/home/lab_726/boom/hls_boom/reports/gate4_0/w3/focused_rtl_work/hls_dual_pending_project/solution_w3_rtl/.autopilot/db/a.g.lto.bc",KEEP,"duplicate under reports is protected"
3c55781e2b7a349cfb7b6a6596d2e39fa75a7da999f34c85cc04d6204842661a,2725824,"/home/lab_726/boom/hls_boom/reports/gate4_0/w3/focused_rtl_work/hls_dual_pending_project/solution_w3_rtl/.autopilot/db/a.pp.bc",KEEP,"duplicate under reports is protected"
3d404191b456b6bbc85126896e4cb22b62d5e2d6649413425605e418ba9de091,1291232,"/home/lab_726/boom/hls_boom/reports/gate4_0/w3/full_core_rtl/hls_project/solution_w3_full_core_rtl/impl/vhdl/boom_core_top_rob_complete.vhd",KEEP,"duplicate under reports is protected"
3d404191b456b6bbc85126896e4cb22b62d5e2d6649413425605e418ba9de091,1291232,"/home/lab_726/boom/hls_boom/reports/gate4_0/w3/full_core_rtl/hls_project/solution_w3_full_core_rtl/syn/vhdl/boom_core_top_rob_complete.vhd",KEEP,"duplicate under reports is protected"
3ea90a317c6813b651bcb5b10ea094a69225c0ba9040d987d849d2fba11d0695,1802450,"/home/lab_726/boom/hls_boom/boom_hls_gate5_3_fetch_buffer_b2_core_boom_core_top/solution_module/.autopilot/db/completion_service_cycle.adb.xml",REVIEW,"duplicate large artifact; no automatic deletion"
3ea90a317c6813b651bcb5b10ea094a69225c0ba9040d987d849d2fba11d0695,1802450,"/home/lab_726/boom/hls_boom/boom_hls_gate5_3_fetch_buffer_b2_core_boom_core_top/solution_module/.autopilot/db/completion_service_cycle.bind.adb.xml",REVIEW,"duplicate large artifact; no automatic deletion"
3ea90a317c6813b651bcb5b10ea094a69225c0ba9040d987d849d2fba11d0695,1802450,"/home/lab_726/boom/hls_boom/build/gate5_3_fetch_buffer/b2/phase_d/retry_20260816/boom_core_top_hls/solution_phase_d/.autopilot/db/completion_service_cycle.adb.xml",REVIEW,"duplicate large artifact; no automatic deletion"
3ea90a317c6813b651bcb5b10ea094a69225c0ba9040d987d849d2fba11d0695,1802450,"/home/lab_726/boom/hls_boom/build/gate5_3_fetch_buffer/b2/phase_d/retry_20260816/boom_core_top_hls/solution_phase_d/.autopilot/db/completion_service_cycle.bind.adb.xml",REVIEW,"duplicate large artifact; no automatic deletion"
3f9d824442bbd2aa45ba22e4c4976c82a0cf10a0a97a627d54c92bbfbdd574ca,1384735,"/home/lab_726/boom/hls_boom/build/gate5_3_fetch_buffer/b2/regression/m3c_focused_rtl/projects/synth_m3c_rv64m_top/solution_gate4_1_m3c_rtl/.autopilot/db/synth_m3c_rv64m_top.adb.xml",REVIEW,"duplicate large artifact; no automatic deletion"
3f9d824442bbd2aa45ba22e4c4976c82a0cf10a0a97a627d54c92bbfbdd574ca,1384735,"/home/lab_726/boom/hls_boom/build/gate5_3_fetch_buffer/b2/regression/m3c_focused_rtl/projects/synth_m3c_rv64m_top/solution_gate4_1_m3c_rtl/.autopilot/db/synth_m3c_rv64m_top.bind.adb.xml",REVIEW,"duplicate large artifact; no automatic deletion"
405a3c358a8ab6335a9be2501408375d21af679b88503b34d8a803ad03aa7985,8931592,"/home/lab_726/boom/hls_boom/test_obs_synth/sol1/impl/vhdl/boom_core_top_boom_core_step.vhd",REVIEW,"duplicate large artifact; no automatic deletion"
405a3c358a8ab6335a9be2501408375d21af679b88503b34d8a803ad03aa7985,8931592,"/home/lab_726/boom/hls_boom/test_obs_synth/sol1/syn/vhdl/boom_core_top_boom_core_step.vhd",REVIEW,"duplicate large artifact; no automatic deletion"
40da350868c9deb2557a693e41b78fe205efbc524c0bf5fb976558f7bde34098,1797492,"/home/lab_726/boom/hls_boom/test_obs_synth/sol1/.autopilot/db/a.g.1.bc",REVIEW,"duplicate large artifact; no automatic deletion"
40da350868c9deb2557a693e41b78fe205efbc524c0bf5fb976558f7bde34098,1797492,"/home/lab_726/boom/hls_boom/test_obs_synth/sol1/.autopilot/db/a.o.1.bc",REVIEW,"duplicate large artifact; no automatic deletion"
412f742b9e74af42a9cae37de6b0cede22647c689634006203b28703e8927c3a,2771782,"/home/lab_726/boom/hls_boom/build/gate5_3_fetch_buffer/b3i/regression/w3_w4_focused/hls_core_step_retention_project/solution_w4_rtl/impl/vhdl/synth_w4_core_step_retention_top_boom_core_step.vhd",REVIEW,"duplicate large artifact; no automatic deletion"
412f742b9e74af42a9cae37de6b0cede22647c689634006203b28703e8927c3a,2771782,"/home/lab_726/boom/hls_boom/build/gate5_3_fetch_buffer/b3i/regression/w3_w4_focused/hls_core_step_retention_project/solution_w4_rtl/syn/vhdl/synth_w4_core_step_retention_top_boom_core_step.vhd",REVIEW,"duplicate large artifact; no automatic deletion"
41a6e22ce23ce7571cd291bfb9b16ed6ac4203ceb88a6d83761b29b6426cd8bd,1340389,"/home/lab_726/boom/hls_boom/build/gate5_3_fetch_buffer/b3i/regression/w3_w4_focused/hls_project/solution_w4_rtl/impl/vhdl/synth_w4d_oracle_top_begin_completion_cycle.vhd",REVIEW,"duplicate large artifact; no automatic deletion"
41a6e22ce23ce7571cd291bfb9b16ed6ac4203ceb88a6d83761b29b6426cd8bd,1340389,"/home/lab_726/boom/hls_boom/build/gate5_3_fetch_buffer/b3i/regression/w3_w4_focused/hls_project/solution_w4_rtl/syn/vhdl/synth_w4d_oracle_top_begin_completion_cycle.vhd",REVIEW,"duplicate large artifact; no automatic deletion"
4317c064fe76b35d64968e618b57bf836aeba6971bfcaec841ec0d542a59ef73,8670586,"/home/lab_726/boom/hls_boom/test_obs_synth/sol1/.autopilot/db/issue_module.adb.xml",REVIEW,"duplicate large artifact; no automatic deletion"
4317c064fe76b35d64968e618b57bf836aeba6971bfcaec841ec0d542a59ef73,8670586,"/home/lab_726/boom/hls_boom/test_obs_synth/sol1/.autopilot/db/issue_module.bind.adb.xml",REVIEW,"duplicate large artifact; no automatic deletion"
431984a95de131246e66fb42963407d852419dd9eff339e3b46fb0adc858beeb,1338614,"/home/lab_726/boom/chipyard.TestHarness.SmallBoomConfig/chipyard.TestHarness.SmallBoomConfig.anno.json",REVIEW,"duplicate large artifact; no automatic deletion"
431984a95de131246e66fb42963407d852419dd9eff339e3b46fb0adc858beeb,1338614,"/home/lab_726/boom/chipyard.TestHarness.SmallBoomConfig/TestHarness.anno.json",REVIEW,"duplicate large artifact; no automatic deletion"
43ecd9979c549f15287c0bc7240f7402d591688b1d7345576143e430b7ba4f55,1174752,"/home/lab_726/boom/hls_boom/build/gate5_3_fetch_buffer/b2/regression/m3c_focused_rtl/projects/synth_m3c_rv64m_top/solution_gate4_1_m3c_rtl/.autopilot/db/a.g.1.bc",REVIEW,"duplicate large artifact; no automatic deletion"
43ecd9979c549f15287c0bc7240f7402d591688b1d7345576143e430b7ba4f55,1174752,"/home/lab_726/boom/hls_boom/build/gate5_3_fetch_buffer/b2/regression/m3c_focused_rtl/projects/synth_m3c_rv64m_top/solution_gate4_1_m3c_rtl/.autopilot/db/a.o.1.bc",REVIEW,"duplicate large artifact; no automatic deletion"
44f49ec15c83d86b703a1d583a4af0671cb83d03ab86fd2de199d662f89daaba,1987786,"/home/lab_726/boom/hls_boom/reports/gate4_0/w4/full_core_rtl/hls_project/solution_w4_full_core_rtl/impl/vhdl/boom_core_top.vhd",KEEP,"duplicate under reports is protected"
44f49ec15c83d86b703a1d583a4af0671cb83d03ab86fd2de199d662f89daaba,1987786,"/home/lab_726/boom/hls_boom/reports/gate4_0/w4/full_core_rtl/hls_project/solution_w4_full_core_rtl/syn/vhdl/boom_core_top.vhd",KEEP,"duplicate under reports is protected"
47722358165c07c829c629da772489447dd78db4e421504d360b786628228f34,1359727,"/home/lab_726/boom/hls_boom/boom_hls_gate5_3_fetch_buffer_b2_core_boom_core_top/solution_module/impl/verilog/boom_core_top_completion_service_cycle.v",REVIEW,"duplicate large artifact; no automatic deletion"
47722358165c07c829c629da772489447dd78db4e421504d360b786628228f34,1359727,"/home/lab_726/boom/hls_boom/boom_hls_gate5_3_fetch_buffer_b2_core_boom_core_top/solution_module/syn/verilog/boom_core_top_completion_service_cycle.v",REVIEW,"duplicate large artifact; no automatic deletion"
47722358165c07c829c629da772489447dd78db4e421504d360b786628228f34,1359727,"/home/lab_726/boom/hls_boom/build/gate5_3_fetch_buffer/b2/phase_d/retry_20260816/boom_core_top_hls/solution_phase_d/impl/verilog/boom_core_top_completion_service_cycle.v",REVIEW,"duplicate large artifact; no automatic deletion"
47722358165c07c829c629da772489447dd78db4e421504d360b786628228f34,1359727,"/home/lab_726/boom/hls_boom/build/gate5_3_fetch_buffer/b2/phase_d/retry_20260816/boom_core_top_hls/solution_phase_d/syn/verilog/boom_core_top_completion_service_cycle.v",REVIEW,"duplicate large artifact; no automatic deletion"
489993c6b0a568b5a653479745045bd6869b43880a8a5e9f5b2ce55817667f1d,1077658,"/home/lab_726/boom/hls_boom/boom_hls_gate5_3_fetch_buffer_b3i_core_synth_core_step_top/solution_module/.autopilot/db/compact_issue_queue.adb.xml",REVIEW,"duplicate large artifact; no automatic deletion"
489993c6b0a568b5a653479745045bd6869b43880a8a5e9f5b2ce55817667f1d,1077658,"/home/lab_726/boom/hls_boom/boom_hls_gate5_3_fetch_buffer_b3i_core_synth_core_step_top/solution_module/.autopilot/db/compact_issue_queue.bind.adb.xml",REVIEW,"duplicate large artifact; no automatic deletion"
4a2f9099f9408cc55978712ef61d81ceb91bced157b70f08edc37bae66c48cb6,1184831,"/home/lab_726/boom/hls_boom/build/gate5_3_fetch_buffer/b2/regression/m3c_focused_rtl/projects/synth_m3c_rv64m_top/solution_gate4_1_m3c_rtl/.autopilot/db/begin_completion_cycle.adb.xml",REVIEW,"duplicate large artifact; no automatic deletion"
4a2f9099f9408cc55978712ef61d81ceb91bced157b70f08edc37bae66c48cb6,1184831,"/home/lab_726/boom/hls_boom/build/gate5_3_fetch_buffer/b2/regression/m3c_focused_rtl/projects/synth_m3c_rv64m_top/solution_gate4_1_m3c_rtl/.autopilot/db/begin_completion_cycle.bind.adb.xml",REVIEW,"duplicate large artifact; no automatic deletion"
4b12e15fe754465012a1dc5fdb517057afee15d6a1cb83b7f7e68be960edeaed,1934189,"/home/lab_726/boom/hls_boom/boom_hls_gate5_3_fetch_buffer_b3i_core_synth_core_step_top/solution_module/impl/vhdl/synth_core_step_top_completion_service_cycle.vhd",REVIEW,"duplicate large artifact; no automatic deletion"
4b12e15fe754465012a1dc5fdb517057afee15d6a1cb83b7f7e68be960edeaed,1934189,"/home/lab_726/boom/hls_boom/boom_hls_gate5_3_fetch_buffer_b3i_core_synth_core_step_top/solution_module/syn/vhdl/synth_core_step_top_completion_service_cycle.vhd",REVIEW,"duplicate large artifact; no automatic deletion"
4bfdb03c250f7479a52dc93fbafd47861a2c3bbc12050397fd544151d7c83cc5,1115855,"/home/lab_726/boom/hls_boom/boom_hls_gate5_3_fetch_buffer_b2_core_boom_core_top/solution_module/impl/verilog/boom_core_top_boom_core_cycle_io.v",REVIEW,"duplicate large artifact; no automatic deletion"
4bfdb03c250f7479a52dc93fbafd47861a2c3bbc12050397fd544151d7c83cc5,1115855,"/home/lab_726/boom/hls_boom/boom_hls_gate5_3_fetch_buffer_b2_core_boom_core_top/solution_module/syn/verilog/boom_core_top_boom_core_cycle_io.v",REVIEW,"duplicate large artifact; no automatic deletion"
4bfdb03c250f7479a52dc93fbafd47861a2c3bbc12050397fd544151d7c83cc5,1115855,"/home/lab_726/boom/hls_boom/build/gate5_3_fetch_buffer/b2/phase_d/retry_20260816/boom_core_top_hls/solution_phase_d/impl/verilog/boom_core_top_boom_core_cycle_io.v",REVIEW,"duplicate large artifact; no automatic deletion"
4bfdb03c250f7479a52dc93fbafd47861a2c3bbc12050397fd544151d7c83cc5,1115855,"/home/lab_726/boom/hls_boom/build/gate5_3_fetch_buffer/b2/phase_d/retry_20260816/boom_core_top_hls/solution_phase_d/syn/verilog/boom_core_top_boom_core_cycle_io.v",REVIEW,"duplicate large artifact; no automatic deletion"
4d3f36267f82766d3b3cb3d2ec7d7cb65fbd979e7418b889f7c6631d7c7901fe,8670592,"/home/lab_726/boom/hls_boom/test_final_audit/sol1/.autopilot/db/issue_module.adb.xml",REVIEW,"duplicate large artifact; no automatic deletion"
4d3f36267f82766d3b3cb3d2ec7d7cb65fbd979e7418b889f7c6631d7c7901fe,8670592,"/home/lab_726/boom/hls_boom/test_final_audit/sol1/.autopilot/db/issue_module.bind.adb.xml",REVIEW,"duplicate large artifact; no automatic deletion"
4d470c855828bb6a764f720aca7d427ef1ac2993c5f25cf635e0d04775a93824,1885316,"/home/lab_726/boom/hls_boom/test_declsonly/sol1/.autopilot/db/a.g",REVIEW,"duplicate large artifact; no automatic deletion"
4d470c855828bb6a764f720aca7d427ef1ac2993c5f25cf635e0d04775a93824,1885316,"/home/lab_726/boom/hls_boom/test_declsonly/sol1/.autopilot/db/a.g.0.bc",REVIEW,"duplicate large artifact; no automatic deletion"
4d470c855828bb6a764f720aca7d427ef1ac2993c5f25cf635e0d04775a93824,1885316,"/home/lab_726/boom/hls_boom/test_declsonly/sol1/.autopilot/db/a.g.bc",REVIEW,"duplicate large artifact; no automatic deletion"
4d470c855828bb6a764f720aca7d427ef1ac2993c5f25cf635e0d04775a93824,1885316,"/home/lab_726/boom/hls_boom/test_declsonly/sol1/.autopilot/db/a.g.lto.bc",REVIEW,"duplicate large artifact; no automatic deletion"
4d470c855828bb6a764f720aca7d427ef1ac2993c5f25cf635e0d04775a93824,1885316,"/home/lab_726/boom/hls_boom/test_declsonly/sol1/.autopilot/db/a.pp.bc",REVIEW,"duplicate large artifact; no automatic deletion"
50404735d58f2fab19e5de6e71a830a02aea530ebb55afa7bf3c0a53978cb857,2899964,"/home/lab_726/boom/hls_boom/build/gate5_3_fetch_buffer/b3i/regression/w3_w4_focused/w3_current/hls_rob_wrap_project/solution_w3_rtl/.autopilot/db/a.g",REVIEW,"duplicate large artifact; no automatic deletion"
50404735d58f2fab19e5de6e71a830a02aea530ebb55afa7bf3c0a53978cb857,2899964,"/home/lab_726/boom/hls_boom/build/gate5_3_fetch_buffer/b3i/regression/w3_w4_focused/w3_current/hls_rob_wrap_project/solution_w3_rtl/.autopilot/db/a.g.0.bc",REVIEW,"duplicate large artifact; no automatic deletion"
50404735d58f2fab19e5de6e71a830a02aea530ebb55afa7bf3c0a53978cb857,2899964,"/home/lab_726/boom/hls_boom/build/gate5_3_fetch_buffer/b3i/regression/w3_w4_focused/w3_current/hls_rob_wrap_project/solution_w3_rtl/.autopilot/db/a.g.bc",REVIEW,"duplicate large artifact; no automatic deletion"
50404735d58f2fab19e5de6e71a830a02aea530ebb55afa7bf3c0a53978cb857,2899964,"/home/lab_726/boom/hls_boom/build/gate5_3_fetch_buffer/b3i/regression/w3_w4_focused/w3_current/hls_rob_wrap_project/solution_w3_rtl/.autopilot/db/a.g.lto.bc",REVIEW,"duplicate large artifact; no automatic deletion"
50404735d58f2fab19e5de6e71a830a02aea530ebb55afa7bf3c0a53978cb857,2899964,"/home/lab_726/boom/hls_boom/build/gate5_3_fetch_buffer/b3i/regression/w3_w4_focused/w3_current/hls_rob_wrap_project/solution_w3_rtl/.autopilot/db/a.pp.bc",REVIEW,"duplicate large artifact; no automatic deletion"
50fd6564421c2f76a1b6706ff6187356329b034cabab9b30db452c84dda95493,1949454,"/home/lab_726/boom/hls_boom/build/gate5_3_fetch_buffer/b3i/regression/w3_w4_focused/hls_core_step_retention_project/solution_w4_rtl/impl/verilog/synth_w4_core_step_retention_top_boom_core_step.v",REVIEW,"duplicate large artifact; no automatic deletion"
50fd6564421c2f76a1b6706ff6187356329b034cabab9b30db452c84dda95493,1949454,"/home/lab_726/boom/hls_boom/build/gate5_3_fetch_buffer/b3i/regression/w3_w4_focused/hls_core_step_retention_project/solution_w4_rtl/syn/verilog/synth_w4_core_step_retention_top_boom_core_step.v",REVIEW,"duplicate large artifact; no automatic deletion"
5189efc78e3575b31f5f0e349de855208261fc569f74a041ac91fdc35b4fc4d3,2772264,"/home/lab_726/boom/hls_boom/build/gate5_3_fetch_buffer/b3i/regression/w3_w4_focused/hls_project/solution_w4_rtl/.autopilot/db/a.g",REVIEW,"duplicate large artifact; no automatic deletion"
5189efc78e3575b31f5f0e349de855208261fc569f74a041ac91fdc35b4fc4d3,2772264,"/home/lab_726/boom/hls_boom/build/gate5_3_fetch_buffer/b3i/regression/w3_w4_focused/hls_project/solution_w4_rtl/.autopilot/db/a.g.0.bc",REVIEW,"duplicate large artifact; no automatic deletion"
5189efc78e3575b31f5f0e349de855208261fc569f74a041ac91fdc35b4fc4d3,2772264,"/home/lab_726/boom/hls_boom/build/gate5_3_fetch_buffer/b3i/regression/w3_w4_focused/hls_project/solution_w4_rtl/.autopilot/db/a.g.bc",REVIEW,"duplicate large artifact; no automatic deletion"
5189efc78e3575b31f5f0e349de855208261fc569f74a041ac91fdc35b4fc4d3,2772264,"/home/lab_726/boom/hls_boom/build/gate5_3_fetch_buffer/b3i/regression/w3_w4_focused/hls_project/solution_w4_rtl/.autopilot/db/a.g.lto.bc",REVIEW,"duplicate large artifact; no automatic deletion"
5189efc78e3575b31f5f0e349de855208261fc569f74a041ac91fdc35b4fc4d3,2772264,"/home/lab_726/boom/hls_boom/build/gate5_3_fetch_buffer/b3i/regression/w3_w4_focused/hls_project/solution_w4_rtl/.autopilot/db/a.pp.bc",REVIEW,"duplicate large artifact; no automatic deletion"
51912d92c39c615f81d8194ece801d6462a6a0e3fd6027d39d32e27c3b2e5ad9,1075185,"/home/lab_726/boom/hls_boom/boom_hls_gate5_3_fetch_buffer_b2_synth_completion_top/solution_module/.autopilot/db/compact_issue_queue.adb.xml",REVIEW,"duplicate large artifact; no automatic deletion"
51912d92c39c615f81d8194ece801d6462a6a0e3fd6027d39d32e27c3b2e5ad9,1075185,"/home/lab_726/boom/hls_boom/boom_hls_gate5_3_fetch_buffer_b2_synth_completion_top/solution_module/.autopilot/db/compact_issue_queue.bind.adb.xml",REVIEW,"duplicate large artifact; no automatic deletion"
523259021505ac176546746868aed00459cfc9c1d8635f373fdc99c5ab3d762b,1142939,"/home/lab_726/boom/hls_boom/reports/gate4_0/w4/full_core_rtl/hls_project/solution_w4_full_core_rtl/impl/vhdl/boom_core_top_boom_core_cycle_io.vhd",KEEP,"duplicate under reports is protected"
523259021505ac176546746868aed00459cfc9c1d8635f373fdc99c5ab3d762b,1142939,"/home/lab_726/boom/hls_boom/reports/gate4_0/w4/full_core_rtl/hls_project/solution_w4_full_core_rtl/syn/vhdl/boom_core_top_boom_core_cycle_io.vhd",KEEP,"duplicate under reports is protected"
53356d45a75febd176e92ce866f147f2e2554455e896d4c07bac084ed8b5f73c,1884868,"/home/lab_726/boom/hls_boom/test_final2/sol1/.autopilot/db/a.g",REVIEW,"duplicate large artifact; no automatic deletion"
53356d45a75febd176e92ce866f147f2e2554455e896d4c07bac084ed8b5f73c,1884868,"/home/lab_726/boom/hls_boom/test_final2/sol1/.autopilot/db/a.g.0.bc",REVIEW,"duplicate large artifact; no automatic deletion"
53356d45a75febd176e92ce866f147f2e2554455e896d4c07bac084ed8b5f73c,1884868,"/home/lab_726/boom/hls_boom/test_final2/sol1/.autopilot/db/a.g.bc",REVIEW,"duplicate large artifact; no automatic deletion"
53356d45a75febd176e92ce866f147f2e2554455e896d4c07bac084ed8b5f73c,1884868,"/home/lab_726/boom/hls_boom/test_final2/sol1/.autopilot/db/a.g.lto.bc",REVIEW,"duplicate large artifact; no automatic deletion"
53356d45a75febd176e92ce866f147f2e2554455e896d4c07bac084ed8b5f73c,1884868,"/home/lab_726/boom/hls_boom/test_final2/sol1/.autopilot/db/a.pp.bc",REVIEW,"duplicate large artifact; no automatic deletion"
54ce20781a393fe22db1b32462fc702fd73d8d23b2bd8fdf4f1e73b6b8659457,1075187,"/home/lab_726/boom/hls_boom/boom_hls_gate5_3_fetch_buffer_b3i_synth_rob_top/solution_module/.autopilot/db/compact_issue_queue.adb.xml",REVIEW,"duplicate large artifact; no automatic deletion"
54ce20781a393fe22db1b32462fc702fd73d8d23b2bd8fdf4f1e73b6b8659457,1075187,"/home/lab_726/boom/hls_boom/boom_hls_gate5_3_fetch_buffer_b3i_synth_rob_top/solution_module/.autopilot/db/compact_issue_queue.bind.adb.xml",REVIEW,"duplicate large artifact; no automatic deletion"
55c32331f1e8e26fa40ccc66eb26149b8a87b8f816b6538cb6e2c92b68c5c1b2,2731226,"/home/lab_726/boom/hls_boom/build/gate5_3_fetch_buffer/b2/regression/w3_w4_focused/hls_core_step_retention_project/solution_w4_rtl/.autopilot/db/issue_module.adb.xml",REVIEW,"duplicate large artifact; no automatic deletion"
55c32331f1e8e26fa40ccc66eb26149b8a87b8f816b6538cb6e2c92b68c5c1b2,2731226,"/home/lab_726/boom/hls_boom/build/gate5_3_fetch_buffer/b2/regression/w3_w4_focused/hls_core_step_retention_project/solution_w4_rtl/.autopilot/db/issue_module.bind.adb.xml",REVIEW,"duplicate large artifact; no automatic deletion"
56e0305e1c5f3c7e7440981a360cca5e8b391eb7f8cea3b928fc859c7f142d61,1176424,"/home/lab_726/boom/hls_boom/build/gate5_3_fetch_buffer/b3i/regression/m3c_focused_rtl/projects/synth_m3c_rv64m_top/solution_gate4_1_m3c_rtl/.autopilot/db/a.g.1.bc",REVIEW,"duplicate large artifact; no automatic deletion"
56e0305e1c5f3c7e7440981a360cca5e8b391eb7f8cea3b928fc859c7f142d61,1176424,"/home/lab_726/boom/hls_boom/build/gate5_3_fetch_buffer/b3i/regression/m3c_focused_rtl/projects/synth_m3c_rv64m_top/solution_gate4_1_m3c_rtl/.autopilot/db/a.o.1.bc",REVIEW,"duplicate large artifact; no automatic deletion"
575ddb32f5e1726ec7ee91f7c22d5126ee35f4bdfb16875825c9c4cad88b9995,2427012,"/home/lab_726/boom/hls_boom/build/gate5_3_fetch_buffer/b3i/rtl/8184e5696fcbbfff/boom_core_top_hls/solution_b3i/impl/vhdl/boom_core_top.vhd",REVIEW,"duplicate large artifact; no automatic deletion"
575ddb32f5e1726ec7ee91f7c22d5126ee35f4bdfb16875825c9c4cad88b9995,2427012,"/home/lab_726/boom/hls_boom/build/gate5_3_fetch_buffer/b3i/rtl/8184e5696fcbbfff/boom_core_top_hls/solution_b3i/syn/vhdl/boom_core_top.vhd",REVIEW,"duplicate large artifact; no automatic deletion"
5774fa64716b88bc371fb48f9f1e31465289d17fad5977236a534eb8e1547c3f,2757136,"/home/lab_726/boom/hls_boom/reports/gate4_0/w3/focused_rtl_work/hls_completion_project/solution_w3_rtl/.autopilot/db/a.g",KEEP,"duplicate under reports is protected"
5774fa64716b88bc371fb48f9f1e31465289d17fad5977236a534eb8e1547c3f,2757136,"/home/lab_726/boom/hls_boom/reports/gate4_0/w3/focused_rtl_work/hls_completion_project/solution_w3_rtl/.autopilot/db/a.g.0.bc",KEEP,"duplicate under reports is protected"
5774fa64716b88bc371fb48f9f1e31465289d17fad5977236a534eb8e1547c3f,2757136,"/home/lab_726/boom/hls_boom/reports/gate4_0/w3/focused_rtl_work/hls_completion_project/solution_w3_rtl/.autopilot/db/a.g.bc",KEEP,"duplicate under reports is protected"
5774fa64716b88bc371fb48f9f1e31465289d17fad5977236a534eb8e1547c3f,2757136,"/home/lab_726/boom/hls_boom/reports/gate4_0/w3/focused_rtl_work/hls_completion_project/solution_w3_rtl/.autopilot/db/a.g.lto.bc",KEEP,"duplicate under reports is protected"
5774fa64716b88bc371fb48f9f1e31465289d17fad5977236a534eb8e1547c3f,2757136,"/home/lab_726/boom/hls_boom/reports/gate4_0/w3/focused_rtl_work/hls_completion_project/solution_w3_rtl/.autopilot/db/a.pp.bc",KEEP,"duplicate under reports is protected"
590012fec73a187af0f8961cff53f2bca0b23a5a137b1dc9a68616f179721346,1845180,"/home/lab_726/boom/hls_boom/reports/gate4_0/w3/focused_rtl_work/hls_branch_kill_project/solution_w3_rtl/.autopilot/db/a.g.1.bc",KEEP,"duplicate under reports is protected"
590012fec73a187af0f8961cff53f2bca0b23a5a137b1dc9a68616f179721346,1845180,"/home/lab_726/boom/hls_boom/reports/gate4_0/w3/focused_rtl_work/hls_branch_kill_project/solution_w3_rtl/.autopilot/db/a.o.1.bc",KEEP,"duplicate under reports is protected"
5b597e62819815d8bda601273460a428b8640d4520ab2d8f9bcbdb607593202d,1089344,"/home/lab_726/boom/hls_boom/boom_hls_gate5_3_fetch_buffer_b3i_synth_issue_top/solution_module/.autopilot/db/a.g",REVIEW,"duplicate large artifact; no automatic deletion"
5b597e62819815d8bda601273460a428b8640d4520ab2d8f9bcbdb607593202d,1089344,"/home/lab_726/boom/hls_boom/boom_hls_gate5_3_fetch_buffer_b3i_synth_issue_top/solution_module/.autopilot/db/a.g.0.bc",REVIEW,"duplicate large artifact; no automatic deletion"
5b597e62819815d8bda601273460a428b8640d4520ab2d8f9bcbdb607593202d,1089344,"/home/lab_726/boom/hls_boom/boom_hls_gate5_3_fetch_buffer_b3i_synth_issue_top/solution_module/.autopilot/db/a.g.bc",REVIEW,"duplicate large artifact; no automatic deletion"
5b597e62819815d8bda601273460a428b8640d4520ab2d8f9bcbdb607593202d,1089344,"/home/lab_726/boom/hls_boom/boom_hls_gate5_3_fetch_buffer_b3i_synth_issue_top/solution_module/.autopilot/db/a.g.lto.bc",REVIEW,"duplicate large artifact; no automatic deletion"
5b597e62819815d8bda601273460a428b8640d4520ab2d8f9bcbdb607593202d,1089344,"/home/lab_726/boom/hls_boom/boom_hls_gate5_3_fetch_buffer_b3i_synth_issue_top/solution_module/.autopilot/db/a.pp.bc",REVIEW,"duplicate large artifact; no automatic deletion"
5bbeeb3fa74957c36ca6780644a06cc26ff3a9d9d72bf27bc48740dea29d7e8a,2194343,"/home/lab_726/boom/hls_boom/reports/gate4_0/w3/focused_rtl_work/hls_completion_project/solution_w3_rtl/impl/verilog/synth_w3_completion_diagnostic_top.v",KEEP,"duplicate under reports is protected"
5bbeeb3fa74957c36ca6780644a06cc26ff3a9d9d72bf27bc48740dea29d7e8a,2194343,"/home/lab_726/boom/hls_boom/reports/gate4_0/w3/focused_rtl_work/hls_completion_project/solution_w3_rtl/syn/verilog/synth_w3_completion_diagnostic_top.v",KEEP,"duplicate under reports is protected"
5cbff3d327959cca8735c3395a73bdd67d8b9a45c3dd54472176f5ba7a7989d5,2317684,"/home/lab_726/boom/hls_boom/boom_hls_gate5_3_fetch_buffer_b2_core_synth_core_step_top/solution_module/.autopilot/db/a.g",REVIEW,"duplicate large artifact; no automatic deletion"
5cbff3d327959cca8735c3395a73bdd67d8b9a45c3dd54472176f5ba7a7989d5,2317684,"/home/lab_726/boom/hls_boom/boom_hls_gate5_3_fetch_buffer_b2_core_synth_core_step_top/solution_module/.autopilot/db/a.g.0.bc",REVIEW,"duplicate large artifact; no automatic deletion"
5cbff3d327959cca8735c3395a73bdd67d8b9a45c3dd54472176f5ba7a7989d5,2317684,"/home/lab_726/boom/hls_boom/boom_hls_gate5_3_fetch_buffer_b2_core_synth_core_step_top/solution_module/.autopilot/db/a.g.bc",REVIEW,"duplicate large artifact; no automatic deletion"
5cbff3d327959cca8735c3395a73bdd67d8b9a45c3dd54472176f5ba7a7989d5,2317684,"/home/lab_726/boom/hls_boom/boom_hls_gate5_3_fetch_buffer_b2_core_synth_core_step_top/solution_module/.autopilot/db/a.g.lto.bc",REVIEW,"duplicate large artifact; no automatic deletion"
5cbff3d327959cca8735c3395a73bdd67d8b9a45c3dd54472176f5ba7a7989d5,2317684,"/home/lab_726/boom/hls_boom/boom_hls_gate5_3_fetch_buffer_b2_core_synth_core_step_top/solution_module/.autopilot/db/a.pp.bc",REVIEW,"duplicate large artifact; no automatic deletion"
5cd55a136b12182809820f707787d9482f8b010422a43ee903cdb509c0eea80c,2769547,"/home/lab_726/boom/hls_boom/boom_hls_gate5_3_fetch_buffer_b3i_core_synth_core_step_top/solution_module/impl/vhdl/synth_core_step_top_boom_core_step.vhd",REVIEW,"duplicate large artifact; no automatic deletion"
5cd55a136b12182809820f707787d9482f8b010422a43ee903cdb509c0eea80c,2769547,"/home/lab_726/boom/hls_boom/boom_hls_gate5_3_fetch_buffer_b3i_core_synth_core_step_top/solution_module/syn/vhdl/synth_core_step_top_boom_core_step.vhd",REVIEW,"duplicate large artifact; no automatic deletion"
5dd5d1d95d0e813c96a1115e95e1cfd4050cb4bab977c44d3ab18e5fcd2b9e79,3000694,"/home/lab_726/boom/hls_boom/test_final_audit/sol1/impl/vhdl/boom_core_top_issue_module.vhd",REVIEW,"duplicate large artifact; no automatic deletion"
5dd5d1d95d0e813c96a1115e95e1cfd4050cb4bab977c44d3ab18e5fcd2b9e79,3000694,"/home/lab_726/boom/hls_boom/test_final_audit/sol1/syn/vhdl/boom_core_top_issue_module.vhd",REVIEW,"duplicate large artifact; no automatic deletion"
5dd5d1d95d0e813c96a1115e95e1cfd4050cb4bab977c44d3ab18e5fcd2b9e79,3000694,"/home/lab_726/boom/hls_boom/test_obs_synth/sol1/impl/vhdl/boom_core_top_issue_module.vhd",REVIEW,"duplicate large artifact; no automatic deletion"
5dd5d1d95d0e813c96a1115e95e1cfd4050cb4bab977c44d3ab18e5fcd2b9e79,3000694,"/home/lab_726/boom/hls_boom/test_obs_synth/sol1/syn/vhdl/boom_core_top_issue_module.vhd",REVIEW,"duplicate large artifact; no automatic deletion"
5fa4c162f19acfe757af205e37fc068006d4963fada50ce9331371b56b597336,1065413,"/home/lab_726/boom/hls_boom/test_final_audit/sol1/.autopilot/db/decode_module.adb.xml",REVIEW,"duplicate large artifact; no automatic deletion"
5fa4c162f19acfe757af205e37fc068006d4963fada50ce9331371b56b597336,1065413,"/home/lab_726/boom/hls_boom/test_final_audit/sol1/.autopilot/db/decode_module.bind.adb.xml",REVIEW,"duplicate large artifact; no automatic deletion"
615e24132fbaf9abbd659a9d6c2a5b319d6289026be4b305993954ad6aeb523b,1075183,"/home/lab_726/boom/hls_boom/build/gate5_3_fetch_buffer/b2/regression/m3c_focused_rtl/projects/synth_m3c_rv64m_top/solution_gate4_1_m3c_rtl/.autopilot/db/compact_issue_queue.adb.xml",REVIEW,"duplicate large artifact; no automatic deletion"
615e24132fbaf9abbd659a9d6c2a5b319d6289026be4b305993954ad6aeb523b,1075183,"/home/lab_726/boom/hls_boom/build/gate5_3_fetch_buffer/b2/regression/m3c_focused_rtl/projects/synth_m3c_rv64m_top/solution_gate4_1_m3c_rtl/.autopilot/db/compact_issue_queue.bind.adb.xml",REVIEW,"duplicate large artifact; no automatic deletion"
61bfcd66f7a29386aff257fccebc27aae4b2ab63e2526d60f09e689529971220,1937941,"/home/lab_726/boom/hls_boom/build/gate5_3_fetch_buffer/b3i/regression/w3_w4_focused/hls_core_step_retention_project/solution_w4_rtl/impl/vhdl/synth_w4_core_step_retention_top_completion_service_cycle.vhd",REVIEW,"duplicate large artifact; no automatic deletion"
61bfcd66f7a29386aff257fccebc27aae4b2ab63e2526d60f09e689529971220,1937941,"/home/lab_726/boom/hls_boom/build/gate5_3_fetch_buffer/b3i/regression/w3_w4_focused/hls_core_step_retention_project/solution_w4_rtl/syn/vhdl/synth_w4_core_step_retention_top_completion_service_cycle.vhd",REVIEW,"duplicate large artifact; no automatic deletion"
62662e7f55fd72c61a672cf08ca90a8248a26ddca5a3f5d47db5b4d828e50722,1211591,"/home/lab_726/boom/hls_boom/boom_hls_gate5_3_fetch_buffer_b2_core_synth_core_step_top/solution_module/impl/verilog/synth_core_step_top.v",REVIEW,"duplicate large artifact; no automatic deletion"
62662e7f55fd72c61a672cf08ca90a8248a26ddca5a3f5d47db5b4d828e50722,1211591,"/home/lab_726/boom/hls_boom/boom_hls_gate5_3_fetch_buffer_b2_core_synth_core_step_top/solution_module/syn/verilog/synth_core_step_top.v",REVIEW,"duplicate large artifact; no automatic deletion"
62c87a2ba325d572e43069c1916eff6a26ac15befe2531cc664ccb3ea272f020,2730732,"/home/lab_726/boom/hls_boom/boom_hls_gate5_3_fetch_buffer_b2_core_boom_core_top/solution_module/.autopilot/db/issue_module.adb.xml",REVIEW,"duplicate large artifact; no automatic deletion"
62c87a2ba325d572e43069c1916eff6a26ac15befe2531cc664ccb3ea272f020,2730732,"/home/lab_726/boom/hls_boom/boom_hls_gate5_3_fetch_buffer_b2_core_boom_core_top/solution_module/.autopilot/db/issue_module.bind.adb.xml",REVIEW,"duplicate large artifact; no automatic deletion"
62c87a2ba325d572e43069c1916eff6a26ac15befe2531cc664ccb3ea272f020,2730732,"/home/lab_726/boom/hls_boom/build/gate5_3_fetch_buffer/b2/phase_d/retry_20260816/boom_core_top_hls/solution_phase_d/.autopilot/db/issue_module.adb.xml",REVIEW,"duplicate large artifact; no automatic deletion"
62c87a2ba325d572e43069c1916eff6a26ac15befe2531cc664ccb3ea272f020,2730732,"/home/lab_726/boom/hls_boom/build/gate5_3_fetch_buffer/b2/phase_d/retry_20260816/boom_core_top_hls/solution_phase_d/.autopilot/db/issue_module.bind.adb.xml",REVIEW,"duplicate large artifact; no automatic deletion"
633515f2e30f74f1a5e2dd40280ea670138202697ec5f0c7d99e31549b60e274,1984857,"/home/lab_726/boom/hls_boom/build/gate5_3_fetch_buffer/b3i/regression/w3_w4_focused/hls_project/solution_w4_rtl/impl/verilog/synth_w4d_oracle_top.v",REVIEW,"duplicate large artifact; no automatic deletion"
633515f2e30f74f1a5e2dd40280ea670138202697ec5f0c7d99e31549b60e274,1984857,"/home/lab_726/boom/hls_boom/build/gate5_3_fetch_buffer/b3i/regression/w3_w4_focused/hls_project/solution_w4_rtl/syn/verilog/synth_w4d_oracle_top.v",REVIEW,"duplicate large artifact; no automatic deletion"
63c922ed1be2fa52d3aa90638d40d9f70dedab0c66b2901a180555d507137672,1073928,"/home/lab_726/boom/hls_boom/boom_hls_gate5_3_fetch_buffer_b3i_synth_execute_top/solution_module/.autopilot/db/a.g",REVIEW,"duplicate large artifact; no automatic deletion"
63c922ed1be2fa52d3aa90638d40d9f70dedab0c66b2901a180555d507137672,1073928,"/home/lab_726/boom/hls_boom/boom_hls_gate5_3_fetch_buffer_b3i_synth_execute_top/solution_module/.autopilot/db/a.g.0.bc",REVIEW,"duplicate large artifact; no automatic deletion"
63c922ed1be2fa52d3aa90638d40d9f70dedab0c66b2901a180555d507137672,1073928,"/home/lab_726/boom/hls_boom/boom_hls_gate5_3_fetch_buffer_b3i_synth_execute_top/solution_module/.autopilot/db/a.g.bc",REVIEW,"duplicate large artifact; no automatic deletion"
63c922ed1be2fa52d3aa90638d40d9f70dedab0c66b2901a180555d507137672,1073928,"/home/lab_726/boom/hls_boom/boom_hls_gate5_3_fetch_buffer_b3i_synth_execute_top/solution_module/.autopilot/db/a.g.lto.bc",REVIEW,"duplicate large artifact; no automatic deletion"
63c922ed1be2fa52d3aa90638d40d9f70dedab0c66b2901a180555d507137672,1073928,"/home/lab_726/boom/hls_boom/boom_hls_gate5_3_fetch_buffer_b3i_synth_execute_top/solution_module/.autopilot/db/a.pp.bc",REVIEW,"duplicate large artifact; no automatic deletion"
643d17cba932c8265aafdf8049bc9262298deb1e863bf4c36d051dd47ea5446c,10582221,"/home/lab_726/boom/hls_boom/build/gate5_3_fetch_buffer/b2/regression/w3_w4_focused/w3_current/hls_project/solution_w3_rtl/.autopilot/db/synth_w3_diagnostic_top.adb.xml",REVIEW,"duplicate large artifact; no automatic deletion"
643d17cba932c8265aafdf8049bc9262298deb1e863bf4c36d051dd47ea5446c,10582221,"/home/lab_726/boom/hls_boom/build/gate5_3_fetch_buffer/b2/regression/w3_w4_focused/w3_current/hls_project/solution_w3_rtl/.autopilot/db/synth_w3_diagnostic_top.bind.adb.xml",REVIEW,"duplicate large artifact; no automatic deletion"
64b1c1e3f7120bd56e0320c1ddb4f6d0727864fb46a879a38e4acedb8ba4b296,2403564,"/home/lab_726/boom/hls_boom/build/gate5_3_fetch_buffer/b3i/regression/w3_w4_focused/hls_core_step_retention_project/solution_w4_rtl/.autopilot/db/a.g.1.bc",REVIEW,"duplicate large artifact; no automatic deletion"
64b1c1e3f7120bd56e0320c1ddb4f6d0727864fb46a879a38e4acedb8ba4b296,2403564,"/home/lab_726/boom/hls_boom/build/gate5_3_fetch_buffer/b3i/regression/w3_w4_focused/hls_core_step_retention_project/solution_w4_rtl/.autopilot/db/a.o.1.bc",REVIEW,"duplicate large artifact; no automatic deletion"
66d05c0fb62882f41094865c4271602c58b80fb2f4a5b87350f5fda76ca765f0,1474442,"/home/lab_726/boom/hls_boom/build/gate5_3_fetch_buffer/b3i/rtl/8184e5696fcbbfff/boom_core_top_hls/solution_b3i/impl/vhdl/boom_core_top_boom_core_cycle_io.vhd",REVIEW,"duplicate large artifact; no automatic deletion"
66d05c0fb62882f41094865c4271602c58b80fb2f4a5b87350f5fda76ca765f0,1474442,"/home/lab_726/boom/hls_boom/build/gate5_3_fetch_buffer/b3i/rtl/8184e5696fcbbfff/boom_core_top_hls/solution_b3i/syn/vhdl/boom_core_top_boom_core_cycle_io.vhd",REVIEW,"duplicate large artifact; no automatic deletion"
68e9410755246a209c0adaf5098abd362e47ea141694afad76daffdb2b48c0b9,1947557,"/home/lab_726/boom/hls_boom/boom_hls_gate5_3_fetch_buffer_b3i_core_synth_core_step_top/solution_module/impl/verilog/synth_core_step_top_boom_core_step.v",REVIEW,"duplicate large artifact; no automatic deletion"
68e9410755246a209c0adaf5098abd362e47ea141694afad76daffdb2b48c0b9,1947557,"/home/lab_726/boom/hls_boom/boom_hls_gate5_3_fetch_buffer_b3i_core_synth_core_step_top/solution_module/syn/verilog/synth_core_step_top_boom_core_step.v",REVIEW,"duplicate large artifact; no automatic deletion"
69f591e75819b87951d04b5d394ebee9b1ea6d9be101cdc83910fd5d20f61113,1076865,"/home/lab_726/boom/hls_boom/boom_hls_gate5_3_fetch_buffer_b2_synth_issue_top/solution_module/.autopilot/db/compact_iq.adb.xml",REVIEW,"duplicate large artifact; no automatic deletion"
69f591e75819b87951d04b5d394ebee9b1ea6d9be101cdc83910fd5d20f61113,1076865,"/home/lab_726/boom/hls_boom/boom_hls_gate5_3_fetch_buffer_b2_synth_issue_top/solution_module/.autopilot/db/compact_iq.bind.adb.xml",REVIEW,"duplicate large artifact; no automatic deletion"
6aac784f71888a9a8337cc00af4aa1f18d5529bbfac3f23b24b457036c512b42,1939581,"/home/lab_726/boom/hls_boom/boom_hls_gate5_3_fetch_buffer_b2_core_boom_core_top/solution_module/impl/vhdl/boom_core_top_issue_module.vhd",REVIEW,"duplicate large artifact; no automatic deletion"
6aac784f71888a9a8337cc00af4aa1f18d5529bbfac3f23b24b457036c512b42,1939581,"/home/lab_726/boom/hls_boom/boom_hls_gate5_3_fetch_buffer_b2_core_boom_core_top/solution_module/syn/vhdl/boom_core_top_issue_module.vhd",REVIEW,"duplicate large artifact; no automatic deletion"
6aac784f71888a9a8337cc00af4aa1f18d5529bbfac3f23b24b457036c512b42,1939581,"/home/lab_726/boom/hls_boom/build/gate5_3_fetch_buffer/b2/phase_d/retry_20260816/boom_core_top_hls/solution_phase_d/impl/vhdl/boom_core_top_issue_module.vhd",REVIEW,"duplicate large artifact; no automatic deletion"
6aac784f71888a9a8337cc00af4aa1f18d5529bbfac3f23b24b457036c512b42,1939581,"/home/lab_726/boom/hls_boom/build/gate5_3_fetch_buffer/b2/phase_d/retry_20260816/boom_core_top_hls/solution_phase_d/syn/vhdl/boom_core_top_issue_module.vhd",REVIEW,"duplicate large artifact; no automatic deletion"
6b7c24c59897e2f71c9f9c482109c7f1cbcd4e5fe30e10fbf29a84c6310986e2,1845044,"/home/lab_726/boom/hls_boom/reports/gate4_0/w3/focused_rtl_work/hls_rob_wrap_project/solution_w3_rtl/.autopilot/db/a.g.1.bc",KEEP,"duplicate under reports is protected"
6b7c24c59897e2f71c9f9c482109c7f1cbcd4e5fe30e10fbf29a84c6310986e2,1845044,"/home/lab_726/boom/hls_boom/reports/gate4_0/w3/focused_rtl_work/hls_rob_wrap_project/solution_w3_rtl/.autopilot/db/a.o.1.bc",KEEP,"duplicate under reports is protected"
6b95739efe63cc88d3ca424e6df790a96c0d500ed7292090899a4a70f563c139,1439716,"/home/lab_726/boom/hls_boom/reports/gate4_0/w4/full_core_rtl/hls_project/solution_w4_full_core_rtl/.autopilot/db/a.g.1.bc",KEEP,"duplicate under reports is protected"
6b95739efe63cc88d3ca424e6df790a96c0d500ed7292090899a4a70f563c139,1439716,"/home/lab_726/boom/hls_boom/reports/gate4_0/w4/full_core_rtl/hls_project/solution_w4_full_core_rtl/.autopilot/db/a.o.1.bc",KEEP,"duplicate under reports is protected"
6c3bedc368d7a0a79725df57af79051f9a07e815649adf552cb958ef8802e33a,1360192,"/home/lab_726/boom/hls_boom/boom_hls_gate5_3_fetch_buffer_b2_core_synth_core_step_top/solution_module/impl/verilog/synth_core_step_top_completion_service_cycle.v",REVIEW,"duplicate large artifact; no automatic deletion"
6c3bedc368d7a0a79725df57af79051f9a07e815649adf552cb958ef8802e33a,1360192,"/home/lab_726/boom/hls_boom/boom_hls_gate5_3_fetch_buffer_b2_core_synth_core_step_top/solution_module/syn/verilog/synth_core_step_top_completion_service_cycle.v",REVIEW,"duplicate large artifact; no automatic deletion"
6dbcde6e0a209b548b4eef486de8440b8ca965008c3b4213f05fefee2481fa88,1147002,"/home/lab_726/boom/hls_boom/boom_hls_gate5_3_fetch_buffer_b3i_core_boom_core_top/solution_module/impl/verilog/boom_core_top_boom_core_cycle_io.v",REVIEW,"duplicate large artifact; no automatic deletion"
6dbcde6e0a209b548b4eef486de8440b8ca965008c3b4213f05fefee2481fa88,1147002,"/home/lab_726/boom/hls_boom/boom_hls_gate5_3_fetch_buffer_b3i_core_boom_core_top/solution_module/syn/verilog/boom_core_top_boom_core_cycle_io.v",REVIEW,"duplicate large artifact; no automatic deletion"
6dbcde6e0a209b548b4eef486de8440b8ca965008c3b4213f05fefee2481fa88,1147002,"/home/lab_726/boom/hls_boom/build/gate5_3_fetch_buffer/b3i/rtl/504781e9f4f4386f/boom_core_top_hls/solution_b3i/impl/verilog/boom_core_top_boom_core_cycle_io.v",REVIEW,"duplicate large artifact; no automatic deletion"
6dbcde6e0a209b548b4eef486de8440b8ca965008c3b4213f05fefee2481fa88,1147002,"/home/lab_726/boom/hls_boom/build/gate5_3_fetch_buffer/b3i/rtl/504781e9f4f4386f/boom_core_top_hls/solution_b3i/syn/verilog/boom_core_top_boom_core_cycle_io.v",REVIEW,"duplicate large artifact; no automatic deletion"
6e3f3f0f0ebf427fd75d9669408f808fbb5d599308f15dfb0ddc752396d34814,1822514,"/home/lab_726/boom/hls_boom/boom_hls_gate5_3_fetch_buffer_b3i_core_boom_core_top/solution_module/.autopilot/db/issue_module.sched.adb.xml",REVIEW,"duplicate large artifact; no automatic deletion"
6e3f3f0f0ebf427fd75d9669408f808fbb5d599308f15dfb0ddc752396d34814,1822514,"/home/lab_726/boom/hls_boom/build/gate5_3_fetch_buffer/b3i/rtl/504781e9f4f4386f/boom_core_top_hls/solution_b3i/.autopilot/db/issue_module.sched.adb.xml",REVIEW,"duplicate large artifact; no automatic deletion"
6fb4050648bc021bb0baeeb75aa78b662a0cd95c78404b4c67d88a346db1941f,2730184,"/home/lab_726/boom/hls_boom/build/gate5_3_fetch_buffer/b3i/regression/w3_w4_focused/hls_core_step_retention_project/solution_w4_rtl/.autopilot/db/issue_module.adb.xml",REVIEW,"duplicate large artifact; no automatic deletion"
6fb4050648bc021bb0baeeb75aa78b662a0cd95c78404b4c67d88a346db1941f,2730184,"/home/lab_726/boom/hls_boom/build/gate5_3_fetch_buffer/b3i/regression/w3_w4_focused/hls_core_step_retention_project/solution_w4_rtl/.autopilot/db/issue_module.bind.adb.xml",REVIEW,"duplicate large artifact; no automatic deletion"
7062e3a7f04f98fcdfc3a6da1af1c3ff198fa5e2ceae794485da3a7a73ecced6,2426466,"/home/lab_726/boom/hls_boom/build/gate5_3_fetch_buffer/b3i/rtl/8184e5696fcbbfff/boom_core_top_hls/solution_b3i/.autopilot/db/boom_core_top.adb.xml",REVIEW,"duplicate large artifact; no automatic deletion"
7062e3a7f04f98fcdfc3a6da1af1c3ff198fa5e2ceae794485da3a7a73ecced6,2426466,"/home/lab_726/boom/hls_boom/build/gate5_3_fetch_buffer/b3i/rtl/8184e5696fcbbfff/boom_core_top_hls/solution_b3i/.autopilot/db/boom_core_top.bind.adb.xml",REVIEW,"duplicate large artifact; no automatic deletion"
71b245c5d6dd1f53ba2646e71c00d6f2145529aafe200b3ae1f2bd3c790ebd85,1310904,"/home/lab_726/boom/hls_boom/test_merged/sol1/.autopilot/db/boom_core_top.adb.xml",REVIEW,"duplicate large artifact; no automatic deletion"
71b245c5d6dd1f53ba2646e71c00d6f2145529aafe200b3ae1f2bd3c790ebd85,1310904,"/home/lab_726/boom/hls_boom/test_merged/sol1/.autopilot/db/boom_core_top.bind.adb.xml",REVIEW,"duplicate large artifact; no automatic deletion"
72634b25e310b138e9d00e385ae92cd14f69ce613bca8e433cc444577be35ba3,1895307,"/home/lab_726/boom/hls_boom/build/gate5_3_fetch_buffer/b2/regression/w3_w4_focused/hls_core_step_retention_project/solution_w4_rtl/impl/verilog/synth_w4_core_step_retention_top_boom_core_step.v",REVIEW,"duplicate large artifact; no automatic deletion"
72634b25e310b138e9d00e385ae92cd14f69ce613bca8e433cc444577be35ba3,1895307,"/home/lab_726/boom/hls_boom/build/gate5_3_fetch_buffer/b2/regression/w3_w4_focused/hls_core_step_retention_project/solution_w4_rtl/syn/verilog/synth_w4_core_step_retention_top_boom_core_step.v",REVIEW,"duplicate large artifact; no automatic deletion"
7335cf72fb6fada99775ad148c19b3e55e161888b5f9663f05745582ba0ad000,1141992,"/home/lab_726/boom/hls_boom/build/gate5_3_fetch_buffer/b3i/fetch_packet_frontend_hls/solution_b3i_packet_frontend/.autopilot/db/a.g",REVIEW,"duplicate large artifact; no automatic deletion"
7335cf72fb6fada99775ad148c19b3e55e161888b5f9663f05745582ba0ad000,1141992,"/home/lab_726/boom/hls_boom/build/gate5_3_fetch_buffer/b3i/fetch_packet_frontend_hls/solution_b3i_packet_frontend/.autopilot/db/a.g.0.bc",REVIEW,"duplicate large artifact; no automatic deletion"
7335cf72fb6fada99775ad148c19b3e55e161888b5f9663f05745582ba0ad000,1141992,"/home/lab_726/boom/hls_boom/build/gate5_3_fetch_buffer/b3i/fetch_packet_frontend_hls/solution_b3i_packet_frontend/.autopilot/db/a.g.bc",REVIEW,"duplicate large artifact; no automatic deletion"
7335cf72fb6fada99775ad148c19b3e55e161888b5f9663f05745582ba0ad000,1141992,"/home/lab_726/boom/hls_boom/build/gate5_3_fetch_buffer/b3i/fetch_packet_frontend_hls/solution_b3i_packet_frontend/.autopilot/db/a.g.lto.bc",REVIEW,"duplicate large artifact; no automatic deletion"
7335cf72fb6fada99775ad148c19b3e55e161888b5f9663f05745582ba0ad000,1141992,"/home/lab_726/boom/hls_boom/build/gate5_3_fetch_buffer/b3i/fetch_packet_frontend_hls/solution_b3i_packet_frontend/.autopilot/db/a.pp.bc",REVIEW,"duplicate large artifact; no automatic deletion"
73e66799918c7523c6d5b0b36040fc30413342043bbcf376f0d338db12053e29,1797536,"/home/lab_726/boom/hls_boom/test_final_audit/sol1/.autopilot/db/a.g.1.bc",REVIEW,"duplicate large artifact; no automatic deletion"
73e66799918c7523c6d5b0b36040fc30413342043bbcf376f0d338db12053e29,1797536,"/home/lab_726/boom/hls_boom/test_final_audit/sol1/.autopilot/db/a.o.1.bc",REVIEW,"duplicate large artifact; no automatic deletion"
7450432553f9663b33f99bebd6565f17d65fd331f3ecf0a91ffba6d0b66927db,12910920,"/home/lab_726/boom/hls_boom/reports/gate4_0/w3/focused_rtl_work/hls_project/solution_w3_rtl/.autopilot/db/synth_w3_diagnostic_top.adb.xml",KEEP,"duplicate under reports is protected"
7450432553f9663b33f99bebd6565f17d65fd331f3ecf0a91ffba6d0b66927db,12910920,"/home/lab_726/boom/hls_boom/reports/gate4_0/w3/focused_rtl_work/hls_project/solution_w3_rtl/.autopilot/db/synth_w3_diagnostic_top.bind.adb.xml",KEEP,"duplicate under reports is protected"
747a2651c3fe03044f6c09c255029e8be8130768fdcf94370b8c5ad5dcea8f32,2237642,"/home/lab_726/boom/hls_boom/reports/gate4_0/w4/full_core_rtl/hls_project/solution_w4_full_core_rtl/impl/vhdl/boom_core_top_boom_core_step.vhd",KEEP,"duplicate under reports is protected"
747a2651c3fe03044f6c09c255029e8be8130768fdcf94370b8c5ad5dcea8f32,2237642,"/home/lab_726/boom/hls_boom/reports/gate4_0/w4/full_core_rtl/hls_project/solution_w4_full_core_rtl/syn/vhdl/boom_core_top_boom_core_step.vhd",KEEP,"duplicate under reports is protected"
74a7c323cba0dc574842c09746925f45de4d048ef58da6c58eb6add645401e17,4507052,"/home/lab_726/boom/hls_boom/build/gate5_3_fetch_buffer/b2/regression/w3_w4_focused/hls_project/solution_w4_rtl/.autopilot/db/synth_w4d_oracle_top.adb.xml",REVIEW,"duplicate large artifact; no automatic deletion"
74a7c323cba0dc574842c09746925f45de4d048ef58da6c58eb6add645401e17,4507052,"/home/lab_726/boom/hls_boom/build/gate5_3_fetch_buffer/b2/regression/w3_w4_focused/hls_project/solution_w4_rtl/.autopilot/db/synth_w4d_oracle_top.bind.adb.xml",REVIEW,"duplicate large artifact; no automatic deletion"
756263fc24f3a93bad60d092c55dc62d9bdcaf35115cf0145dbadf304b01d0f0,1085360,"/home/lab_726/boom/hls_boom/boom_hls_gate5_3_fetch_buffer_b2_synth_issue_top/solution_module/.autopilot/db/a.g",REVIEW,"duplicate large artifact; no automatic deletion"
756263fc24f3a93bad60d092c55dc62d9bdcaf35115cf0145dbadf304b01d0f0,1085360,"/home/lab_726/boom/hls_boom/boom_hls_gate5_3_fetch_buffer_b2_synth_issue_top/solution_module/.autopilot/db/a.g.0.bc",REVIEW,"duplicate large artifact; no automatic deletion"
756263fc24f3a93bad60d092c55dc62d9bdcaf35115cf0145dbadf304b01d0f0,1085360,"/home/lab_726/boom/hls_boom/boom_hls_gate5_3_fetch_buffer_b2_synth_issue_top/solution_module/.autopilot/db/a.g.bc",REVIEW,"duplicate large artifact; no automatic deletion"
756263fc24f3a93bad60d092c55dc62d9bdcaf35115cf0145dbadf304b01d0f0,1085360,"/home/lab_726/boom/hls_boom/boom_hls_gate5_3_fetch_buffer_b2_synth_issue_top/solution_module/.autopilot/db/a.g.lto.bc",REVIEW,"duplicate large artifact; no automatic deletion"
756263fc24f3a93bad60d092c55dc62d9bdcaf35115cf0145dbadf304b01d0f0,1085360,"/home/lab_726/boom/hls_boom/boom_hls_gate5_3_fetch_buffer_b2_synth_issue_top/solution_module/.autopilot/db/a.pp.bc",REVIEW,"duplicate large artifact; no automatic deletion"
759b42461c33359365aea04473dfaff45782c68b7c8329550b5c86a5f92829ac,1799160,"/home/lab_726/boom/hls_boom/build/gate5_3_fetch_buffer/b2/regression/m3c_focused_rtl/projects/synth_m3c_rv64m_top/solution_gate4_1_m3c_rtl/.autopilot/db/a.g",REVIEW,"duplicate large artifact; no automatic deletion"
759b42461c33359365aea04473dfaff45782c68b7c8329550b5c86a5f92829ac,1799160,"/home/lab_726/boom/hls_boom/build/gate5_3_fetch_buffer/b2/regression/m3c_focused_rtl/projects/synth_m3c_rv64m_top/solution_gate4_1_m3c_rtl/.autopilot/db/a.g.0.bc",REVIEW,"duplicate large artifact; no automatic deletion"
759b42461c33359365aea04473dfaff45782c68b7c8329550b5c86a5f92829ac,1799160,"/home/lab_726/boom/hls_boom/build/gate5_3_fetch_buffer/b2/regression/m3c_focused_rtl/projects/synth_m3c_rv64m_top/solution_gate4_1_m3c_rtl/.autopilot/db/a.g.bc",REVIEW,"duplicate large artifact; no automatic deletion"
759b42461c33359365aea04473dfaff45782c68b7c8329550b5c86a5f92829ac,1799160,"/home/lab_726/boom/hls_boom/build/gate5_3_fetch_buffer/b2/regression/m3c_focused_rtl/projects/synth_m3c_rv64m_top/solution_gate4_1_m3c_rtl/.autopilot/db/a.g.lto.bc",REVIEW,"duplicate large artifact; no automatic deletion"
759b42461c33359365aea04473dfaff45782c68b7c8329550b5c86a5f92829ac,1799160,"/home/lab_726/boom/hls_boom/build/gate5_3_fetch_buffer/b2/regression/m3c_focused_rtl/projects/synth_m3c_rv64m_top/solution_gate4_1_m3c_rtl/.autopilot/db/a.pp.bc",REVIEW,"duplicate large artifact; no automatic deletion"
76d79de7f5a47731b68ab467fa3117823df263e356a73b8d30e00d0a5f16f880,1075185,"/home/lab_726/boom/hls_boom/build/gate5_3_fetch_buffer/b3i/regression/w3_w4_focused/hls_project/solution_w4_rtl/.autopilot/db/compact_issue_queue.adb.xml",REVIEW,"duplicate large artifact; no automatic deletion"
76d79de7f5a47731b68ab467fa3117823df263e356a73b8d30e00d0a5f16f880,1075185,"/home/lab_726/boom/hls_boom/build/gate5_3_fetch_buffer/b3i/regression/w3_w4_focused/hls_project/solution_w4_rtl/.autopilot/db/compact_issue_queue.bind.adb.xml",REVIEW,"duplicate large artifact; no automatic deletion"
77b13577a7b84acdb74716fc9ef69c4f66f9d79ab11c1d2f0016c769e62394c0,2380488,"/home/lab_726/boom/hls_boom/build/gate5_3_fetch_buffer/b3i/rtl/504781e9f4f4386f/boom_core_top_hls/solution_b3i/.autopilot/db/a.g",REVIEW,"duplicate large artifact; no automatic deletion"
77b13577a7b84acdb74716fc9ef69c4f66f9d79ab11c1d2f0016c769e62394c0,2380488,"/home/lab_726/boom/hls_boom/build/gate5_3_fetch_buffer/b3i/rtl/504781e9f4f4386f/boom_core_top_hls/solution_b3i/.autopilot/db/a.g.0.bc",REVIEW,"duplicate large artifact; no automatic deletion"
77b13577a7b84acdb74716fc9ef69c4f66f9d79ab11c1d2f0016c769e62394c0,2380488,"/home/lab_726/boom/hls_boom/build/gate5_3_fetch_buffer/b3i/rtl/504781e9f4f4386f/boom_core_top_hls/solution_b3i/.autopilot/db/a.g.bc",REVIEW,"duplicate large artifact; no automatic deletion"
77b13577a7b84acdb74716fc9ef69c4f66f9d79ab11c1d2f0016c769e62394c0,2380488,"/home/lab_726/boom/hls_boom/build/gate5_3_fetch_buffer/b3i/rtl/504781e9f4f4386f/boom_core_top_hls/solution_b3i/.autopilot/db/a.g.lto.bc",REVIEW,"duplicate large artifact; no automatic deletion"
77b13577a7b84acdb74716fc9ef69c4f66f9d79ab11c1d2f0016c769e62394c0,2380488,"/home/lab_726/boom/hls_boom/build/gate5_3_fetch_buffer/b3i/rtl/504781e9f4f4386f/boom_core_top_hls/solution_b3i/.autopilot/db/a.pp.bc",REVIEW,"duplicate large artifact; no automatic deletion"
77eb402cb225b566bf21e2e68974acbf30c99977ae5fa0ced49b2eb1dedb1e5a,2371920,"/home/lab_726/boom/hls_boom/boom_hls_gate5_3_fetch_buffer_b2_core_boom_core_top/solution_module/impl/vhdl/boom_core_top.vhd",REVIEW,"duplicate large artifact; no automatic deletion"
77eb402cb225b566bf21e2e68974acbf30c99977ae5fa0ced49b2eb1dedb1e5a,2371920,"/home/lab_726/boom/hls_boom/boom_hls_gate5_3_fetch_buffer_b2_core_boom_core_top/solution_module/syn/vhdl/boom_core_top.vhd",REVIEW,"duplicate large artifact; no automatic deletion"
77eb402cb225b566bf21e2e68974acbf30c99977ae5fa0ced49b2eb1dedb1e5a,2371920,"/home/lab_726/boom/hls_boom/build/gate5_3_fetch_buffer/b2/phase_d/retry_20260816/boom_core_top_hls/solution_phase_d/impl/vhdl/boom_core_top.vhd",REVIEW,"duplicate large artifact; no automatic deletion"
77eb402cb225b566bf21e2e68974acbf30c99977ae5fa0ced49b2eb1dedb1e5a,2371920,"/home/lab_726/boom/hls_boom/build/gate5_3_fetch_buffer/b2/phase_d/retry_20260816/boom_core_top_hls/solution_phase_d/syn/vhdl/boom_core_top.vhd",REVIEW,"duplicate large artifact; no automatic deletion"
78938ca4ff8c311325d42745fe1dba527fbbe8e587520d4b4e4e3fc89352787b,1823361,"/home/lab_726/boom/hls_boom/boom_hls_gate5_3_fetch_buffer_b2_core_boom_core_top/solution_module/.autopilot/db/issue_module.sched.adb.xml",REVIEW,"duplicate large artifact; no automatic deletion"
78938ca4ff8c311325d42745fe1dba527fbbe8e587520d4b4e4e3fc89352787b,1823361,"/home/lab_726/boom/hls_boom/build/gate5_3_fetch_buffer/b2/phase_d/retry_20260816/boom_core_top_hls/solution_phase_d/.autopilot/db/issue_module.sched.adb.xml",REVIEW,"duplicate large artifact; no automatic deletion"
7a407b3c327c580166d993887f7e751d8696f2d9f56912367e763e367c93bb48,1965346,"/home/lab_726/boom/hls_boom/test_final_audit/sol1/impl/verilog/boom_core_top_issue_module.v",REVIEW,"duplicate large artifact; no automatic deletion"
7a407b3c327c580166d993887f7e751d8696f2d9f56912367e763e367c93bb48,1965346,"/home/lab_726/boom/hls_boom/test_final_audit/sol1/syn/verilog/boom_core_top_issue_module.v",REVIEW,"duplicate large artifact; no automatic deletion"
7a407b3c327c580166d993887f7e751d8696f2d9f56912367e763e367c93bb48,1965346,"/home/lab_726/boom/hls_boom/test_obs_synth/sol1/impl/verilog/boom_core_top_issue_module.v",REVIEW,"duplicate large artifact; no automatic deletion"
7a407b3c327c580166d993887f7e751d8696f2d9f56912367e763e367c93bb48,1965346,"/home/lab_726/boom/hls_boom/test_obs_synth/sol1/syn/verilog/boom_core_top_issue_module.v",REVIEW,"duplicate large artifact; no automatic deletion"
7b48c9ed3944e9c64e0b56cd33a885fcd1f38b4183af05e01bcac488303214f1,1381953,"/home/lab_726/boom/hls_boom/build/gate5_3_fetch_buffer/b3i/regression/w3_w4_focused/hls_core_step_retention_project/solution_w4_rtl/impl/verilog/synth_w4_core_step_retention_top_completion_service_cycle.v",REVIEW,"duplicate large artifact; no automatic deletion"
7b48c9ed3944e9c64e0b56cd33a885fcd1f38b4183af05e01bcac488303214f1,1381953,"/home/lab_726/boom/hls_boom/build/gate5_3_fetch_buffer/b3i/regression/w3_w4_focused/hls_core_step_retention_project/solution_w4_rtl/syn/verilog/synth_w4_core_step_retention_top_completion_service_cycle.v",REVIEW,"duplicate large artifact; no automatic deletion"
7b73f045ca06215e891a6c6aab97e4b7fc7bdd7d87d1572944fe710c0f6d43f7,1141845,"/home/lab_726/boom/hls_boom/boom_hls_gate5_3_fetch_buffer_b3i_core_boom_core_top/solution_module/.autopilot/db/boom_core_merged.pp.0.cpp",REVIEW,"duplicate large artifact; no automatic deletion"
7b73f045ca06215e891a6c6aab97e4b7fc7bdd7d87d1572944fe710c0f6d43f7,1141845,"/home/lab_726/boom/hls_boom/build/gate5_3_fetch_buffer/b3i/rtl/504781e9f4f4386f/boom_core_top_hls/solution_b3i/.autopilot/db/boom_core_merged.pp.0.cpp",REVIEW,"duplicate large artifact; no automatic deletion"
7c175c7bdab7c37073fda70f5fc35524b647bb56f11777712d26add918217cb2,1077658,"/home/lab_726/boom/hls_boom/build/gate5_3_fetch_buffer/b3i/regression/w3_w4_focused/hls_core_step_retention_project/solution_w4_rtl/.autopilot/db/compact_issue_queue.adb.xml",REVIEW,"duplicate large artifact; no automatic deletion"
7c175c7bdab7c37073fda70f5fc35524b647bb56f11777712d26add918217cb2,1077658,"/home/lab_726/boom/hls_boom/build/gate5_3_fetch_buffer/b3i/regression/w3_w4_focused/hls_core_step_retention_project/solution_w4_rtl/.autopilot/db/compact_issue_queue.bind.adb.xml",REVIEW,"duplicate large artifact; no automatic deletion"
7d57a9edf68bbcbeddc376bf16bb6fb5e90263b7263f5deb1060ae6126a2cfa8,2066982,"/home/lab_726/boom/hls_boom/build/gate5_3_fetch_buffer/b3i/regression/w3_w4_focused/w3_current/hls_branch_kill_project/solution_w3_rtl/impl/verilog/synth_w3_branch_kill_top.v",REVIEW,"duplicate large artifact; no automatic deletion"
7d57a9edf68bbcbeddc376bf16bb6fb5e90263b7263f5deb1060ae6126a2cfa8,2066982,"/home/lab_726/boom/hls_boom/build/gate5_3_fetch_buffer/b3i/regression/w3_w4_focused/w3_current/hls_branch_kill_project/solution_w3_rtl/syn/verilog/synth_w3_branch_kill_top.v",REVIEW,"duplicate large artifact; no automatic deletion"
7e44acb7a2ba65d31b913a9e80687200a43cbaf1806575f1b7e52bc2ced9749f,2772538,"/home/lab_726/boom/hls_boom/build/gate5_3_fetch_buffer/b3i/rtl/8184e5696fcbbfff/boom_core_top_hls/solution_b3i/impl/vhdl/boom_core_top_boom_core_step.vhd",REVIEW,"duplicate large artifact; no automatic deletion"
7e44acb7a2ba65d31b913a9e80687200a43cbaf1806575f1b7e52bc2ced9749f,2772538,"/home/lab_726/boom/hls_boom/build/gate5_3_fetch_buffer/b3i/rtl/8184e5696fcbbfff/boom_core_top_hls/solution_b3i/syn/vhdl/boom_core_top_boom_core_step.vhd",REVIEW,"duplicate large artifact; no automatic deletion"
8072ad36af4451c8cac7782f0eacaac99347f14719072b8c18e80e0b9e5540b0,1078107,"/home/lab_726/boom/hls_boom/boom_hls_gate5_3_fetch_buffer_b2_core_boom_core_top/solution_module/.autopilot/db/compact_iq.adb.xml",REVIEW,"duplicate large artifact; no automatic deletion"
8072ad36af4451c8cac7782f0eacaac99347f14719072b8c18e80e0b9e5540b0,1078107,"/home/lab_726/boom/hls_boom/boom_hls_gate5_3_fetch_buffer_b2_core_boom_core_top/solution_module/.autopilot/db/compact_iq.bind.adb.xml",REVIEW,"duplicate large artifact; no automatic deletion"
8072ad36af4451c8cac7782f0eacaac99347f14719072b8c18e80e0b9e5540b0,1078107,"/home/lab_726/boom/hls_boom/build/gate5_3_fetch_buffer/b2/phase_d/retry_20260816/boom_core_top_hls/solution_phase_d/.autopilot/db/compact_iq.adb.xml",REVIEW,"duplicate large artifact; no automatic deletion"
8072ad36af4451c8cac7782f0eacaac99347f14719072b8c18e80e0b9e5540b0,1078107,"/home/lab_726/boom/hls_boom/build/gate5_3_fetch_buffer/b2/phase_d/retry_20260816/boom_core_top_hls/solution_phase_d/.autopilot/db/compact_iq.bind.adb.xml",REVIEW,"duplicate large artifact; no automatic deletion"
81183b73070dd2be9fdca0fb649542d4112b7e56f8f27b99489807a605a51914,1813477,"/home/lab_726/boom/hls_boom/build/gate5_3_fetch_buffer/b3i/rtl/8184e5696fcbbfff/boom_core_top_hls/solution_b3i/.autopilot/db/completion_service_cycle.adb.xml",REVIEW,"duplicate large artifact; no automatic deletion"
81183b73070dd2be9fdca0fb649542d4112b7e56f8f27b99489807a605a51914,1813477,"/home/lab_726/boom/hls_boom/build/gate5_3_fetch_buffer/b3i/rtl/8184e5696fcbbfff/boom_core_top_hls/solution_b3i/.autopilot/db/completion_service_cycle.bind.adb.xml",REVIEW,"duplicate large artifact; no automatic deletion"
811d33ebbee343cec3c822c9b7a38b3a8526ca9fffc708be993568b5a2ec9275,1362775,"/home/lab_726/boom/hls_boom/build/gate5_3_fetch_buffer/b2/regression/w3_w4_focused/hls_core_step_retention_project/solution_w4_rtl/impl/verilog/synth_w4_core_step_retention_top_completion_service_cycle.v",REVIEW,"duplicate large artifact; no automatic deletion"
811d33ebbee343cec3c822c9b7a38b3a8526ca9fffc708be993568b5a2ec9275,1362775,"/home/lab_726/boom/hls_boom/build/gate5_3_fetch_buffer/b2/regression/w3_w4_focused/hls_core_step_retention_project/solution_w4_rtl/syn/verilog/synth_w4_core_step_retention_top_completion_service_cycle.v",REVIEW,"duplicate large artifact; no automatic deletion"
81581e1e812bb79acdbb7631b36784db0403e40349b13dd85268cf2083fc8712,2691923,"/home/lab_726/boom/hls_boom/boom_hls_gate5_3_fetch_buffer_b2_core_synth_core_step_top/solution_module/impl/vhdl/synth_core_step_top_boom_core_step.vhd",REVIEW,"duplicate large artifact; no automatic deletion"
81581e1e812bb79acdbb7631b36784db0403e40349b13dd85268cf2083fc8712,2691923,"/home/lab_726/boom/hls_boom/boom_hls_gate5_3_fetch_buffer_b2_core_synth_core_step_top/solution_module/syn/vhdl/synth_core_step_top_boom_core_step.vhd",REVIEW,"duplicate large artifact; no automatic deletion"
8543d663c7f55ca63a219f1a26f219dd4fdf652b13e59bd33b12fdbe70f3d941,3428977,"/home/lab_726/boom/hls_boom/reports/gate4_0/w3/focused_rtl_work/hls_project/solution_w3_rtl/impl/vhdl/synth_w3_diagnostic_top_boom_core_reset_step.vhd",KEEP,"duplicate under reports is protected"
8543d663c7f55ca63a219f1a26f219dd4fdf652b13e59bd33b12fdbe70f3d941,3428977,"/home/lab_726/boom/hls_boom/reports/gate4_0/w3/focused_rtl_work/hls_project/solution_w3_rtl/syn/vhdl/synth_w3_diagnostic_top_boom_core_reset_step.vhd",KEEP,"duplicate under reports is protected"
857b96f891404e6f2398b78495912c6d3497b948d97f497a07e7e788f6614f33,1077631,"/home/lab_726/boom/hls_boom/boom_hls_gate5_3_fetch_buffer_b3i_core_boom_core_top/solution_module/.autopilot/db/compact_issue_queue.adb.xml",REVIEW,"duplicate large artifact; no automatic deletion"
857b96f891404e6f2398b78495912c6d3497b948d97f497a07e7e788f6614f33,1077631,"/home/lab_726/boom/hls_boom/boom_hls_gate5_3_fetch_buffer_b3i_core_boom_core_top/solution_module/.autopilot/db/compact_issue_queue.bind.adb.xml",REVIEW,"duplicate large artifact; no automatic deletion"
857b96f891404e6f2398b78495912c6d3497b948d97f497a07e7e788f6614f33,1077631,"/home/lab_726/boom/hls_boom/build/gate5_3_fetch_buffer/b3i/rtl/504781e9f4f4386f/boom_core_top_hls/solution_b3i/.autopilot/db/compact_issue_queue.adb.xml",REVIEW,"duplicate large artifact; no automatic deletion"
857b96f891404e6f2398b78495912c6d3497b948d97f497a07e7e788f6614f33,1077631,"/home/lab_726/boom/hls_boom/build/gate5_3_fetch_buffer/b3i/rtl/504781e9f4f4386f/boom_core_top_hls/solution_b3i/.autopilot/db/compact_issue_queue.bind.adb.xml",REVIEW,"duplicate large artifact; no automatic deletion"
85b1880b03b0dbc82c71169e80a30a2d05b3b5177730befabb5d1b0490e73b3b,1802735,"/home/lab_726/boom/hls_boom/boom_hls_gate5_3_fetch_buffer_b2_core_synth_core_step_top/solution_module/.autopilot/db/completion_service_cycle.adb.xml",REVIEW,"duplicate large artifact; no automatic deletion"
85b1880b03b0dbc82c71169e80a30a2d05b3b5177730befabb5d1b0490e73b3b,1802735,"/home/lab_726/boom/hls_boom/boom_hls_gate5_3_fetch_buffer_b2_core_synth_core_step_top/solution_module/.autopilot/db/completion_service_cycle.bind.adb.xml",REVIEW,"duplicate large artifact; no automatic deletion"
86d2587941c46440449d0b48b6f8486599fcce66aa44d5c144da5ef8dcf07057,2729690,"/home/lab_726/boom/hls_boom/build/gate5_3_fetch_buffer/b3i/rtl/8184e5696fcbbfff/boom_core_top_hls/solution_b3i/.autopilot/db/issue_module.adb.xml",REVIEW,"duplicate large artifact; no automatic deletion"
86d2587941c46440449d0b48b6f8486599fcce66aa44d5c144da5ef8dcf07057,2729690,"/home/lab_726/boom/hls_boom/build/gate5_3_fetch_buffer/b3i/rtl/8184e5696fcbbfff/boom_core_top_hls/solution_b3i/.autopilot/db/issue_module.bind.adb.xml",REVIEW,"duplicate large artifact; no automatic deletion"
893f3312124edec17d01442a8a6787d094a6ccdbbe220a8af7694dc62fb9a784,5583532,"/home/lab_726/boom/hls_boom/test_obs_synth/sol1/impl/verilog/boom_core_top_boom_core_step.v",REVIEW,"duplicate large artifact; no automatic deletion"
893f3312124edec17d01442a8a6787d094a6ccdbbe220a8af7694dc62fb9a784,5583532,"/home/lab_726/boom/hls_boom/test_obs_synth/sol1/syn/verilog/boom_core_top_boom_core_step.v",REVIEW,"duplicate large artifact; no automatic deletion"
8952d924b2e1a78d105afca3a8fe1f2c1a880e45cadc98fa0257417744ee41d1,4894780,"/home/lab_726/boom/hls_boom/reports/gate4_0/w3/focused_rtl_work/hls_project/solution_w3_rtl/impl/verilog/synth_w3_diagnostic_top.v",KEEP,"duplicate under reports is protected"
8952d924b2e1a78d105afca3a8fe1f2c1a880e45cadc98fa0257417744ee41d1,4894780,"/home/lab_726/boom/hls_boom/reports/gate4_0/w3/focused_rtl_work/hls_project/solution_w3_rtl/syn/verilog/synth_w3_diagnostic_top.v",KEEP,"duplicate under reports is protected"
89f6a2762d7014267488eea38f2fb454db12f088781f1e9729a5a787170435d2,1939809,"/home/lab_726/boom/hls_boom/boom_hls_gate5_3_fetch_buffer_b2_core_synth_core_step_top/solution_module/impl/vhdl/synth_core_step_top_issue_module.vhd",REVIEW,"duplicate large artifact; no automatic deletion"
89f6a2762d7014267488eea38f2fb454db12f088781f1e9729a5a787170435d2,1939809,"/home/lab_726/boom/hls_boom/boom_hls_gate5_3_fetch_buffer_b2_core_synth_core_step_top/solution_module/syn/vhdl/synth_core_step_top_issue_module.vhd",REVIEW,"duplicate large artifact; no automatic deletion"
8acac14c8083dd34cf0f4078f3d5c6024b22031a2fb08e2e3bcd515acd9a0b93,1453196,"/home/lab_726/boom/hls_boom/build/gate5_3_fetch_buffer/b2/regression/w3_w4_focused/hls_project/solution_w4_rtl/.autopilot/db/a.g.1.bc",REVIEW,"duplicate large artifact; no automatic deletion"
8acac14c8083dd34cf0f4078f3d5c6024b22031a2fb08e2e3bcd515acd9a0b93,1453196,"/home/lab_726/boom/hls_boom/build/gate5_3_fetch_buffer/b2/regression/w3_w4_focused/hls_project/solution_w4_rtl/.autopilot/db/a.o.1.bc",REVIEW,"duplicate large artifact; no automatic deletion"
8b3160134cf1c16f3b4c89f6f9675b71554ad83b310f1185b0cd6b9ce52fc5ed,1391891,"/home/lab_726/boom/hls_boom/boom_hls_gate5_3_fetch_buffer_b2_core_boom_core_top/solution_module/.autopilot/db/boom_core_top.sched.adb.xml",REVIEW,"duplicate large artifact; no automatic deletion"
8b3160134cf1c16f3b4c89f6f9675b71554ad83b310f1185b0cd6b9ce52fc5ed,1391891,"/home/lab_726/boom/hls_boom/build/gate5_3_fetch_buffer/b2/phase_d/retry_20260816/boom_core_top_hls/solution_phase_d/.autopilot/db/boom_core_top.sched.adb.xml",REVIEW,"duplicate large artifact; no automatic deletion"
8cfedbf52f505dd1deed01d8bb59fddaf9625111853cb088438d956222f9c589,1095416,"/home/lab_726/boom/hls_boom/boom_hls_gate5_4_p2_preserve_synth_frontend_top/solution_module/.autopilot/db/a.g",REVIEW,"duplicate large artifact; no automatic deletion"
8cfedbf52f505dd1deed01d8bb59fddaf9625111853cb088438d956222f9c589,1095416,"/home/lab_726/boom/hls_boom/boom_hls_gate5_4_p2_preserve_synth_frontend_top/solution_module/.autopilot/db/a.g.0.bc",REVIEW,"duplicate large artifact; no automatic deletion"
8cfedbf52f505dd1deed01d8bb59fddaf9625111853cb088438d956222f9c589,1095416,"/home/lab_726/boom/hls_boom/boom_hls_gate5_4_p2_preserve_synth_frontend_top/solution_module/.autopilot/db/a.g.bc",REVIEW,"duplicate large artifact; no automatic deletion"
8cfedbf52f505dd1deed01d8bb59fddaf9625111853cb088438d956222f9c589,1095416,"/home/lab_726/boom/hls_boom/boom_hls_gate5_4_p2_preserve_synth_frontend_top/solution_module/.autopilot/db/a.g.lto.bc",REVIEW,"duplicate large artifact; no automatic deletion"
8cfedbf52f505dd1deed01d8bb59fddaf9625111853cb088438d956222f9c589,1095416,"/home/lab_726/boom/hls_boom/boom_hls_gate5_4_p2_preserve_synth_frontend_top/solution_module/.autopilot/db/a.pp.bc",REVIEW,"duplicate large artifact; no automatic deletion"
8d2480be1a4a1733d17651dcd24547468fd1a5db6cf4be4e56b327ebeda06f7f,3484301,"/home/lab_726/boom/hls_boom/build/gate5_3_fetch_buffer/b2/regression/w3_w4_focused/w3_current/hls_branch_kill_project/solution_w3_rtl/impl/vhdl/synth_w3_branch_kill_top.vhd",REVIEW,"duplicate large artifact; no automatic deletion"
8d2480be1a4a1733d17651dcd24547468fd1a5db6cf4be4e56b327ebeda06f7f,3484301,"/home/lab_726/boom/hls_boom/build/gate5_3_fetch_buffer/b2/regression/w3_w4_focused/w3_current/hls_branch_kill_project/solution_w3_rtl/syn/vhdl/synth_w3_branch_kill_top.vhd",REVIEW,"duplicate large artifact; no automatic deletion"
8f9962f30f2dce9dcab62095161827d7512cc4cb1a3e80c8e2f1cd3abbbd2397,1621037,"/home/lab_726/boom/hls_boom/boom_hls_gate5_3_fetch_buffer_b3i_core_boom_core_top/solution_module/impl/verilog/boom_core_top.v",REVIEW,"duplicate large artifact; no automatic deletion"
8f9962f30f2dce9dcab62095161827d7512cc4cb1a3e80c8e2f1cd3abbbd2397,1621037,"/home/lab_726/boom/hls_boom/boom_hls_gate5_3_fetch_buffer_b3i_core_boom_core_top/solution_module/syn/verilog/boom_core_top.v",REVIEW,"duplicate large artifact; no automatic deletion"
8f9962f30f2dce9dcab62095161827d7512cc4cb1a3e80c8e2f1cd3abbbd2397,1621037,"/home/lab_726/boom/hls_boom/build/gate5_3_fetch_buffer/b3i/rtl/504781e9f4f4386f/boom_core_top_hls/solution_b3i/impl/verilog/boom_core_top.v",REVIEW,"duplicate large artifact; no automatic deletion"
8f9962f30f2dce9dcab62095161827d7512cc4cb1a3e80c8e2f1cd3abbbd2397,1621037,"/home/lab_726/boom/hls_boom/build/gate5_3_fetch_buffer/b3i/rtl/504781e9f4f4386f/boom_core_top_hls/solution_b3i/syn/verilog/boom_core_top.v",REVIEW,"duplicate large artifact; no automatic deletion"
90cb3ca90c75507d5346e63357c892c23630a04eeb2a6a94da9936d461042ff3,7785057,"/home/lab_726/boom/hls_boom/build/gate5_3_fetch_buffer/b2/regression/w3_w4_focused/w3_current/hls_branch_kill_project/solution_w3_rtl/.autopilot/db/synth_w3_branch_kill_top.adb.xml",REVIEW,"duplicate large artifact; no automatic deletion"
90cb3ca90c75507d5346e63357c892c23630a04eeb2a6a94da9936d461042ff3,7785057,"/home/lab_726/boom/hls_boom/build/gate5_3_fetch_buffer/b2/regression/w3_w4_focused/w3_current/hls_branch_kill_project/solution_w3_rtl/.autopilot/db/synth_w3_branch_kill_top.bind.adb.xml",REVIEW,"duplicate large artifact; no automatic deletion"
92527e65d227c5e354da971e1cf3870fdf93572eaad35d6f18610a55f73011b4,1933664,"/home/lab_726/boom/hls_boom/build/gate5_3_fetch_buffer/b3i/rtl/8184e5696fcbbfff/boom_core_top_hls/solution_b3i/impl/vhdl/boom_core_top_completion_service_cycle.vhd",REVIEW,"duplicate large artifact; no automatic deletion"
92527e65d227c5e354da971e1cf3870fdf93572eaad35d6f18610a55f73011b4,1933664,"/home/lab_726/boom/hls_boom/build/gate5_3_fetch_buffer/b3i/rtl/8184e5696fcbbfff/boom_core_top_hls/solution_b3i/syn/vhdl/boom_core_top_completion_service_cycle.vhd",REVIEW,"duplicate large artifact; no automatic deletion"
928100c7e36948973e7eb680e794e8dc1abe73f272f8310e6397de9acd023f39,1320672,"/home/lab_726/boom/hls_boom/reports/gate4_0/w4/full_core_rtl/hls_project/solution_w4_full_core_rtl/impl/verilog/boom_core_top.v",KEEP,"duplicate under reports is protected"
928100c7e36948973e7eb680e794e8dc1abe73f272f8310e6397de9acd023f39,1320672,"/home/lab_726/boom/hls_boom/reports/gate4_0/w4/full_core_rtl/hls_project/solution_w4_full_core_rtl/syn/verilog/boom_core_top.v",KEEP,"duplicate under reports is protected"
92dbea8fa78cf9c21fff2f48d119c9e91a49d6556e5c6d5f0820c598e1b14519,1805980,"/home/lab_726/boom/hls_boom/build/gate5_3_fetch_buffer/b2/regression/w3_w4_focused/hls_core_step_retention_project/solution_w4_rtl/.autopilot/db/completion_service_cycle.adb.xml",REVIEW,"duplicate large artifact; no automatic deletion"
92dbea8fa78cf9c21fff2f48d119c9e91a49d6556e5c6d5f0820c598e1b14519,1805980,"/home/lab_726/boom/hls_boom/build/gate5_3_fetch_buffer/b2/regression/w3_w4_focused/hls_core_step_retention_project/solution_w4_rtl/.autopilot/db/completion_service_cycle.bind.adb.xml",REVIEW,"duplicate large artifact; no automatic deletion"
94a911b5a2366c7e2647f6d66f261d4ae2d7e8847d85b7ba1629fb4cc206e194,2260568,"/home/lab_726/boom/hls_boom/reports/gate4_0/w3/focused_rtl_work/hls_project/solution_w3_rtl/impl/verilog/synth_w3_diagnostic_top_boom_core_reset_step.v",KEEP,"duplicate under reports is protected"
94a911b5a2366c7e2647f6d66f261d4ae2d7e8847d85b7ba1629fb4cc206e194,2260568,"/home/lab_726/boom/hls_boom/reports/gate4_0/w3/focused_rtl_work/hls_project/solution_w3_rtl/syn/verilog/synth_w3_diagnostic_top_boom_core_reset_step.v",KEEP,"duplicate under reports is protected"
94e27618baeb5477902539e5600a3b654629af1a713f1a52d0c05dcd8b30de39,1088448,"/home/lab_726/boom/hls_boom/boom_hls_gate5_3_fetch_buffer_b3i_synth_frontend_top/solution_module/.autopilot/db/a.g",REVIEW,"duplicate large artifact; no automatic deletion"
94e27618baeb5477902539e5600a3b654629af1a713f1a52d0c05dcd8b30de39,1088448,"/home/lab_726/boom/hls_boom/boom_hls_gate5_3_fetch_buffer_b3i_synth_frontend_top/solution_module/.autopilot/db/a.g.0.bc",REVIEW,"duplicate large artifact; no automatic deletion"
94e27618baeb5477902539e5600a3b654629af1a713f1a52d0c05dcd8b30de39,1088448,"/home/lab_726/boom/hls_boom/boom_hls_gate5_3_fetch_buffer_b3i_synth_frontend_top/solution_module/.autopilot/db/a.g.bc",REVIEW,"duplicate large artifact; no automatic deletion"
94e27618baeb5477902539e5600a3b654629af1a713f1a52d0c05dcd8b30de39,1088448,"/home/lab_726/boom/hls_boom/boom_hls_gate5_3_fetch_buffer_b3i_synth_frontend_top/solution_module/.autopilot/db/a.g.lto.bc",REVIEW,"duplicate large artifact; no automatic deletion"
94e27618baeb5477902539e5600a3b654629af1a713f1a52d0c05dcd8b30de39,1088448,"/home/lab_726/boom/hls_boom/boom_hls_gate5_3_fetch_buffer_b3i_synth_frontend_top/solution_module/.autopilot/db/a.pp.bc",REVIEW,"duplicate large artifact; no automatic deletion"
95de75a4e318a8123d4848a210a5e97151cdc7b7ecfd67764211714017238477,1061199,"/home/lab_726/boom/hls_boom/boom_hls_gate5_3_fetch_buffer_b3i_synth_completion_top/solution_module/impl/vhdl/synth_completion_top.vhd",REVIEW,"duplicate large artifact; no automatic deletion"
95de75a4e318a8123d4848a210a5e97151cdc7b7ecfd67764211714017238477,1061199,"/home/lab_726/boom/hls_boom/boom_hls_gate5_3_fetch_buffer_b3i_synth_completion_top/solution_module/syn/vhdl/synth_completion_top.vhd",REVIEW,"duplicate large artifact; no automatic deletion"
95ef1d1bcf6edd667f4fa3fec57832ac223ce3b22346a5713ea96ceb7bfc62ec,3881004,"/home/lab_726/boom/hls_boom/reports/gate4_0/w3/focused_rtl_work/hls_project/solution_w3_rtl/.autopilot/db/a.g",KEEP,"duplicate under reports is protected"
95ef1d1bcf6edd667f4fa3fec57832ac223ce3b22346a5713ea96ceb7bfc62ec,3881004,"/home/lab_726/boom/hls_boom/reports/gate4_0/w3/focused_rtl_work/hls_project/solution_w3_rtl/.autopilot/db/a.g.0.bc",KEEP,"duplicate under reports is protected"
95ef1d1bcf6edd667f4fa3fec57832ac223ce3b22346a5713ea96ceb7bfc62ec,3881004,"/home/lab_726/boom/hls_boom/reports/gate4_0/w3/focused_rtl_work/hls_project/solution_w3_rtl/.autopilot/db/a.g.bc",KEEP,"duplicate under reports is protected"
95ef1d1bcf6edd667f4fa3fec57832ac223ce3b22346a5713ea96ceb7bfc62ec,3881004,"/home/lab_726/boom/hls_boom/reports/gate4_0/w3/focused_rtl_work/hls_project/solution_w3_rtl/.autopilot/db/a.g.lto.bc",KEEP,"duplicate under reports is protected"
95ef1d1bcf6edd667f4fa3fec57832ac223ce3b22346a5713ea96ceb7bfc62ec,3881004,"/home/lab_726/boom/hls_boom/reports/gate4_0/w3/focused_rtl_work/hls_project/solution_w3_rtl/.autopilot/db/a.pp.bc",KEEP,"duplicate under reports is protected"
9670dc547def40f74a501567ecae901f583a1470d4183fd027366dd6f90d5cca,1200336,"/home/lab_726/boom/hls_boom/boom_hls_gate5_3_b3i_preservation_frontend_synth_frontend_verify_top/solution_module/.autopilot/db/a.g",REVIEW,"duplicate large artifact; no automatic deletion"
9670dc547def40f74a501567ecae901f583a1470d4183fd027366dd6f90d5cca,1200336,"/home/lab_726/boom/hls_boom/boom_hls_gate5_3_b3i_preservation_frontend_synth_frontend_verify_top/solution_module/.autopilot/db/a.g.0.bc",REVIEW,"duplicate large artifact; no automatic deletion"
9670dc547def40f74a501567ecae901f583a1470d4183fd027366dd6f90d5cca,1200336,"/home/lab_726/boom/hls_boom/boom_hls_gate5_3_b3i_preservation_frontend_synth_frontend_verify_top/solution_module/.autopilot/db/a.g.bc",REVIEW,"duplicate large artifact; no automatic deletion"
9670dc547def40f74a501567ecae901f583a1470d4183fd027366dd6f90d5cca,1200336,"/home/lab_726/boom/hls_boom/boom_hls_gate5_3_b3i_preservation_frontend_synth_frontend_verify_top/solution_module/.autopilot/db/a.g.lto.bc",REVIEW,"duplicate large artifact; no automatic deletion"
9670dc547def40f74a501567ecae901f583a1470d4183fd027366dd6f90d5cca,1200336,"/home/lab_726/boom/hls_boom/boom_hls_gate5_3_b3i_preservation_frontend_synth_frontend_verify_top/solution_module/.autopilot/db/a.pp.bc",REVIEW,"duplicate large artifact; no automatic deletion"
97c4edd6cb8b4281de395f73525d5f909659582b91d9547d43b98c025e84f1d1,1075214,"/home/lab_726/boom/hls_boom/reports/gate4_0/w3/full_core_rtl/hls_project/solution_w3_full_core_rtl/.autopilot/db/compact_iq.adb.xml",KEEP,"duplicate under reports is protected"
97c4edd6cb8b4281de395f73525d5f909659582b91d9547d43b98c025e84f1d1,1075214,"/home/lab_726/boom/hls_boom/reports/gate4_0/w3/full_core_rtl/hls_project/solution_w3_full_core_rtl/.autopilot/db/compact_iq.bind.adb.xml",KEEP,"duplicate under reports is protected"
97e5606aa8fb16a49f798d8646433d3338344da0f7aba7f2874065828709c957,3622815,"/home/lab_726/boom/hls_boom/build/gate5_3_fetch_buffer/b2/regression/w3_w4_focused/w3_current/hls_project/solution_w3_rtl/impl/verilog/synth_w3_diagnostic_top.v",REVIEW,"duplicate large artifact; no automatic deletion"
97e5606aa8fb16a49f798d8646433d3338344da0f7aba7f2874065828709c957,3622815,"/home/lab_726/boom/hls_boom/build/gate5_3_fetch_buffer/b2/regression/w3_w4_focused/w3_current/hls_project/solution_w3_rtl/syn/verilog/synth_w3_diagnostic_top.v",REVIEW,"duplicate large artifact; no automatic deletion"
9999170af2915efd6b3fbe1c695afaa45669abc2e380002f56f0537de06a3651,1845072,"/home/lab_726/boom/hls_boom/reports/gate4_0/w3/focused_rtl_work/hls_dual_pending_project/solution_w3_rtl/.autopilot/db/a.g.1.bc",KEEP,"duplicate under reports is protected"
9999170af2915efd6b3fbe1c695afaa45669abc2e380002f56f0537de06a3651,1845072,"/home/lab_726/boom/hls_boom/reports/gate4_0/w3/focused_rtl_work/hls_dual_pending_project/solution_w3_rtl/.autopilot/db/a.o.1.bc",KEEP,"duplicate under reports is protected"
9a778a1455a940743829e493a74559f0dba3d30b1448975f4fd9d244bd11ebfc,2066982,"/home/lab_726/boom/hls_boom/build/gate5_3_fetch_buffer/b2/regression/w3_w4_focused/w3_current/hls_branch_kill_project/solution_w3_rtl/impl/verilog/synth_w3_branch_kill_top.v",REVIEW,"duplicate large artifact; no automatic deletion"
9a778a1455a940743829e493a74559f0dba3d30b1448975f4fd9d244bd11ebfc,2066982,"/home/lab_726/boom/hls_boom/build/gate5_3_fetch_buffer/b2/regression/w3_w4_focused/w3_current/hls_branch_kill_project/solution_w3_rtl/syn/verilog/synth_w3_branch_kill_top.v",REVIEW,"duplicate large artifact; no automatic deletion"
9bbf04d878d04e44c53b4326270753339fd8a93bea6a43b738fcf7c044717e4a,2355169,"/home/lab_726/boom/hls_boom/build/gate5_3_fetch_buffer/b3i/regression/w3_w4_focused/hls_core_step_retention_project/solution_w4_rtl/impl/verilog/synth_w4_core_step_retention_top.v",REVIEW,"duplicate large artifact; no automatic deletion"
9bbf04d878d04e44c53b4326270753339fd8a93bea6a43b738fcf7c044717e4a,2355169,"/home/lab_726/boom/hls_boom/build/gate5_3_fetch_buffer/b3i/regression/w3_w4_focused/hls_core_step_retention_project/solution_w4_rtl/syn/verilog/synth_w4_core_step_retention_top.v",REVIEW,"duplicate large artifact; no automatic deletion"
9bcbd069ca367d6ef3f1ca5469246c4c5d85240c09a5b3365a152668cd9b1128,4840686,"/home/lab_726/boom/hls_boom/boom_hls_gate5_3_fetch_buffer_b2_core_boom_core_top/solution_module/.autopilot/db/boom_core_top.design.xml",REVIEW,"duplicate large artifact; no automatic deletion"
9bcbd069ca367d6ef3f1ca5469246c4c5d85240c09a5b3365a152668cd9b1128,4840686,"/home/lab_726/boom/hls_boom/build/gate5_3_fetch_buffer/b2/phase_d/retry_20260816/boom_core_top_hls/solution_phase_d/.autopilot/db/boom_core_top.design.xml",REVIEW,"duplicate large artifact; no automatic deletion"
9bdcb468146f9944bbcb8faf9f28d55e6cc5f5115ae2dace4a1aa4907980f73a,6316240,"/home/lab_726/boom/hls_boom/build/gate5_3_fetch_buffer/b2/regression/w3_w4_focused/w3_current/hls_project/solution_w3_rtl/.autopilot/db/a.g",REVIEW,"duplicate large artifact; no automatic deletion"
9bdcb468146f9944bbcb8faf9f28d55e6cc5f5115ae2dace4a1aa4907980f73a,6316240,"/home/lab_726/boom/hls_boom/build/gate5_3_fetch_buffer/b2/regression/w3_w4_focused/w3_current/hls_project/solution_w3_rtl/.autopilot/db/a.g.0.bc",REVIEW,"duplicate large artifact; no automatic deletion"
9bdcb468146f9944bbcb8faf9f28d55e6cc5f5115ae2dace4a1aa4907980f73a,6316240,"/home/lab_726/boom/hls_boom/build/gate5_3_fetch_buffer/b2/regression/w3_w4_focused/w3_current/hls_project/solution_w3_rtl/.autopilot/db/a.g.bc",REVIEW,"duplicate large artifact; no automatic deletion"
9bdcb468146f9944bbcb8faf9f28d55e6cc5f5115ae2dace4a1aa4907980f73a,6316240,"/home/lab_726/boom/hls_boom/build/gate5_3_fetch_buffer/b2/regression/w3_w4_focused/w3_current/hls_project/solution_w3_rtl/.autopilot/db/a.g.lto.bc",REVIEW,"duplicate large artifact; no automatic deletion"
9bdcb468146f9944bbcb8faf9f28d55e6cc5f5115ae2dace4a1aa4907980f73a,6316240,"/home/lab_726/boom/hls_boom/build/gate5_3_fetch_buffer/b2/regression/w3_w4_focused/w3_current/hls_project/solution_w3_rtl/.autopilot/db/a.pp.bc",REVIEW,"duplicate large artifact; no automatic deletion"
9c9ac3bfc96a831fe4b13cc2b1c9f78a3f6f0a4ca991c8871f69f44e9319730b,2921552,"/home/lab_726/boom/hls_boom/build/gate5_3_fetch_buffer/b2/regression/w3_w4_focused/w3_current/hls_completion_project/solution_w3_rtl/.autopilot/db/a.g",REVIEW,"duplicate large artifact; no automatic deletion"
9c9ac3bfc96a831fe4b13cc2b1c9f78a3f6f0a4ca991c8871f69f44e9319730b,2921552,"/home/lab_726/boom/hls_boom/build/gate5_3_fetch_buffer/b2/regression/w3_w4_focused/w3_current/hls_completion_project/solution_w3_rtl/.autopilot/db/a.g.0.bc",REVIEW,"duplicate large artifact; no automatic deletion"
9c9ac3bfc96a831fe4b13cc2b1c9f78a3f6f0a4ca991c8871f69f44e9319730b,2921552,"/home/lab_726/boom/hls_boom/build/gate5_3_fetch_buffer/b2/regression/w3_w4_focused/w3_current/hls_completion_project/solution_w3_rtl/.autopilot/db/a.g.bc",REVIEW,"duplicate large artifact; no automatic deletion"
9c9ac3bfc96a831fe4b13cc2b1c9f78a3f6f0a4ca991c8871f69f44e9319730b,2921552,"/home/lab_726/boom/hls_boom/build/gate5_3_fetch_buffer/b2/regression/w3_w4_focused/w3_current/hls_completion_project/solution_w3_rtl/.autopilot/db/a.g.lto.bc",REVIEW,"duplicate large artifact; no automatic deletion"
9c9ac3bfc96a831fe4b13cc2b1c9f78a3f6f0a4ca991c8871f69f44e9319730b,2921552,"/home/lab_726/boom/hls_boom/build/gate5_3_fetch_buffer/b2/regression/w3_w4_focused/w3_current/hls_completion_project/solution_w3_rtl/.autopilot/db/a.pp.bc",REVIEW,"duplicate large artifact; no automatic deletion"
9ce4da027194d20f1fc5ba4a41c6f62687329de06ee00bcb8da31411e5de7d7d,1619254,"/home/lab_726/boom/hls_boom/build/gate5_3_fetch_buffer/b3i/rtl/8184e5696fcbbfff/boom_core_top_hls/solution_b3i/impl/verilog/boom_core_top.v",REVIEW,"duplicate large artifact; no automatic deletion"
9ce4da027194d20f1fc5ba4a41c6f62687329de06ee00bcb8da31411e5de7d7d,1619254,"/home/lab_726/boom/hls_boom/build/gate5_3_fetch_buffer/b3i/rtl/8184e5696fcbbfff/boom_core_top_hls/solution_b3i/syn/verilog/boom_core_top.v",REVIEW,"duplicate large artifact; no automatic deletion"
9d2253d964c0e973999bcf07d408b12933788742e4c51cc8ba1756480243fe95,1363026,"/home/lab_726/boom/hls_boom/build/gate5_3_fetch_buffer/b2/regression/m3c_focused_rtl/projects/synth_m3c_rv64m_top/solution_gate4_1_m3c_rtl/impl/vhdl/synth_m3c_rv64m_top.vhd",REVIEW,"duplicate large artifact; no automatic deletion"
9d2253d964c0e973999bcf07d408b12933788742e4c51cc8ba1756480243fe95,1363026,"/home/lab_726/boom/hls_boom/build/gate5_3_fetch_buffer/b2/regression/m3c_focused_rtl/projects/synth_m3c_rv64m_top/solution_gate4_1_m3c_rtl/syn/vhdl/synth_m3c_rv64m_top.vhd",REVIEW,"duplicate large artifact; no automatic deletion"
9d588b1f73151d7146c00e08483eb023823ab4222f84a31e79983f7ee02a184a,1705328,"/home/lab_726/boom/hls_boom/build/gate5_3_fetch_buffer/b3i/regression/w3_w4_focused/w3_current/hls_branch_kill_project/solution_w3_rtl/.autopilot/db/a.g.1.bc",REVIEW,"duplicate large artifact; no automatic deletion"
9d588b1f73151d7146c00e08483eb023823ab4222f84a31e79983f7ee02a184a,1705328,"/home/lab_726/boom/hls_boom/build/gate5_3_fetch_buffer/b3i/regression/w3_w4_focused/w3_current/hls_branch_kill_project/solution_w3_rtl/.autopilot/db/a.o.1.bc",REVIEW,"duplicate large artifact; no automatic deletion"
9f354a2630da8898cfe263a104d15e88eb86622565bd8f6e2497947aaad8556d,1871488,"/home/lab_726/boom/hls_boom/boom_hls_gate5_3_fetch_buffer_b3i_core_synth_core_step_top/solution_module/.autopilot/db/a.g.1.bc",REVIEW,"duplicate large artifact; no automatic deletion"
9f354a2630da8898cfe263a104d15e88eb86622565bd8f6e2497947aaad8556d,1871488,"/home/lab_726/boom/hls_boom/boom_hls_gate5_3_fetch_buffer_b3i_core_synth_core_step_top/solution_module/.autopilot/db/a.o.1.bc",REVIEW,"duplicate large artifact; no automatic deletion"
9f37b7b46783c51cd0f1ba40c5d000880088024e72b5cfe3e2a01d68a23d2d59,1916976,"/home/lab_726/boom/hls_boom/boom_hls_gate5_3_fetch_buffer_b3i_core_boom_core_top/solution_module/.autopilot/db/a.g.1.bc",REVIEW,"duplicate large artifact; no automatic deletion"
9f37b7b46783c51cd0f1ba40c5d000880088024e72b5cfe3e2a01d68a23d2d59,1916976,"/home/lab_726/boom/hls_boom/boom_hls_gate5_3_fetch_buffer_b3i_core_boom_core_top/solution_module/.autopilot/db/a.o.1.bc",REVIEW,"duplicate large artifact; no automatic deletion"
a0866916384715ca33ab4e4a11342d42d28af27716d793e377e2e59add6ad758,1938631,"/home/lab_726/boom/hls_boom/build/gate5_3_fetch_buffer/b3i/regression/w3_w4_focused/hls_core_step_retention_project/solution_w4_rtl/impl/vhdl/synth_w4_core_step_retention_top_issue_module.vhd",REVIEW,"duplicate large artifact; no automatic deletion"
a0866916384715ca33ab4e4a11342d42d28af27716d793e377e2e59add6ad758,1938631,"/home/lab_726/boom/hls_boom/build/gate5_3_fetch_buffer/b3i/regression/w3_w4_focused/hls_core_step_retention_project/solution_w4_rtl/syn/vhdl/synth_w4_core_step_retention_top_issue_module.vhd",REVIEW,"duplicate large artifact; no automatic deletion"
a1a7b9a235156fde06ce9fad44d01e326387a0e53c711f200143fff3edee13fe,1940311,"/home/lab_726/boom/hls_boom/build/gate5_3_fetch_buffer/b2/regression/w3_w4_focused/hls_core_step_retention_project/solution_w4_rtl/impl/vhdl/synth_w4_core_step_retention_top_issue_module.vhd",REVIEW,"duplicate large artifact; no automatic deletion"
a1a7b9a235156fde06ce9fad44d01e326387a0e53c711f200143fff3edee13fe,1940311,"/home/lab_726/boom/hls_boom/build/gate5_3_fetch_buffer/b2/regression/w3_w4_focused/hls_core_step_retention_project/solution_w4_rtl/syn/vhdl/synth_w4_core_step_retention_top_issue_module.vhd",REVIEW,"duplicate large artifact; no automatic deletion"
a2e0aef840ca5cdf8303ebfc012df8d9a106c747b6ac61f8da94d509eddaa5c2,1050412,"/home/lab_726/boom/hls_boom/reports/gate4_0/w3/full_core_rtl/hls_project/solution_w3_full_core_rtl/.autopilot/db/decode_module.adb.xml",KEEP,"duplicate under reports is protected"
a2e0aef840ca5cdf8303ebfc012df8d9a106c747b6ac61f8da94d509eddaa5c2,1050412,"/home/lab_726/boom/hls_boom/reports/gate4_0/w3/full_core_rtl/hls_project/solution_w3_full_core_rtl/.autopilot/db/decode_module.bind.adb.xml",KEEP,"duplicate under reports is protected"
a424a48a05ae1f7899c86b3da82921ca6edcbc244e271fd79dd49dd885bc0dcf,1076865,"/home/lab_726/boom/hls_boom/boom_hls_gate5_3_fetch_buffer_b3i_synth_issue_top/solution_module/.autopilot/db/compact_iq.adb.xml",REVIEW,"duplicate large artifact; no automatic deletion"
a424a48a05ae1f7899c86b3da82921ca6edcbc244e271fd79dd49dd885bc0dcf,1076865,"/home/lab_726/boom/hls_boom/boom_hls_gate5_3_fetch_buffer_b3i_synth_issue_top/solution_module/.autopilot/db/compact_iq.bind.adb.xml",REVIEW,"duplicate large artifact; no automatic deletion"
a4bc8567682b985849d2eb0c092a345179ade2d72030ce4af835ffa72fd6300e,1340389,"/home/lab_726/boom/hls_boom/build/gate5_3_fetch_buffer/b2/regression/w3_w4_focused/hls_project/solution_w4_rtl/impl/vhdl/synth_w4d_oracle_top_begin_completion_cycle.vhd",REVIEW,"duplicate large artifact; no automatic deletion"
a4bc8567682b985849d2eb0c092a345179ade2d72030ce4af835ffa72fd6300e,1340389,"/home/lab_726/boom/hls_boom/build/gate5_3_fetch_buffer/b2/regression/w3_w4_focused/hls_project/solution_w4_rtl/syn/vhdl/synth_w4d_oracle_top_begin_completion_cycle.vhd",REVIEW,"duplicate large artifact; no automatic deletion"
a57e4b226b3e575fdfae7113e489a848a8ec477dff9e3034b4555ba4fe762499,4213429,"/home/lab_726/boom/hls_boom/boom_hls_gate5_3_fetch_buffer_b3i_core_boom_core_top/solution_module/.autopilot/db/burst.xml",REVIEW,"duplicate large artifact; no automatic deletion"
a57e4b226b3e575fdfae7113e489a848a8ec477dff9e3034b4555ba4fe762499,4213429,"/home/lab_726/boom/hls_boom/build/gate5_3_fetch_buffer/b3i/rtl/504781e9f4f4386f/boom_core_top_hls/solution_b3i/.autopilot/db/burst.xml",REVIEW,"duplicate large artifact; no automatic deletion"
a617c1d3d7f234983b956b376543ac0206656c72a3cd12a499517f3b39689746,1075187,"/home/lab_726/boom/hls_boom/boom_hls_gate5_3_fetch_buffer_b2_synth_rob_top/solution_module/.autopilot/db/compact_issue_queue.adb.xml",REVIEW,"duplicate large artifact; no automatic deletion"
a617c1d3d7f234983b956b376543ac0206656c72a3cd12a499517f3b39689746,1075187,"/home/lab_726/boom/hls_boom/boom_hls_gate5_3_fetch_buffer_b2_synth_rob_top/solution_module/.autopilot/db/compact_issue_queue.bind.adb.xml",REVIEW,"duplicate large artifact; no automatic deletion"
a652520d2b9b897d18c831481e89124e11384276c5d98b93e1af56f06aa6b312,9835597,"/home/lab_726/boom/hls_boom/build/gate5_3_fetch_buffer/b2/regression/w3_w4_focused/w3_current/hls_project/solution_w3_rtl/.autopilot/db/boom_core_reset_step.adb.xml",REVIEW,"duplicate large artifact; no automatic deletion"
a652520d2b9b897d18c831481e89124e11384276c5d98b93e1af56f06aa6b312,9835597,"/home/lab_726/boom/hls_boom/build/gate5_3_fetch_buffer/b2/regression/w3_w4_focused/w3_current/hls_project/solution_w3_rtl/.autopilot/db/boom_core_reset_step.bind.adb.xml",REVIEW,"duplicate large artifact; no automatic deletion"
a69af5353d5023ffb815b0ce6338bef00b8cab033ba2b75cebf9d6b59837b18d,2070668,"/home/lab_726/boom/hls_boom/scripts/boom_hls_csynth/solution_csynth/.autopilot/db/a.g.1.bc",REVIEW,"duplicate large artifact; no automatic deletion"
a69af5353d5023ffb815b0ce6338bef00b8cab033ba2b75cebf9d6b59837b18d,2070668,"/home/lab_726/boom/hls_boom/scripts/boom_hls_csynth/solution_csynth/.autopilot/db/a.o.1.bc",REVIEW,"duplicate large artifact; no automatic deletion"
a732a150ae5f160b090494a76971576845be4019507ba722a3cdbb055f741dce,10708757,"/home/lab_726/boom/hls_boom/build/gate5_3_fetch_buffer/b3i/regression/w3_w4_focused/w3_current/hls_project/solution_w3_rtl/.autopilot/db/synth_w3_diagnostic_top.adb.xml",REVIEW,"duplicate large artifact; no automatic deletion"
a732a150ae5f160b090494a76971576845be4019507ba722a3cdbb055f741dce,10708757,"/home/lab_726/boom/hls_boom/build/gate5_3_fetch_buffer/b3i/regression/w3_w4_focused/w3_current/hls_project/solution_w3_rtl/.autopilot/db/synth_w3_diagnostic_top.bind.adb.xml",REVIEW,"duplicate large artifact; no automatic deletion"
a8bd0bce445fb65d1c8ada5e3fb30a3dc2ed82617242e22bec53ce510c2a6e0d,3157065,"/home/lab_726/boom/hls_boom/reports/gate4_0/w3/focused_rtl_work/hls_branch_kill_project/solution_w3_rtl/impl/vhdl/synth_w3_branch_kill_top.vhd",KEEP,"duplicate under reports is protected"
a8bd0bce445fb65d1c8ada5e3fb30a3dc2ed82617242e22bec53ce510c2a6e0d,3157065,"/home/lab_726/boom/hls_boom/reports/gate4_0/w3/focused_rtl_work/hls_branch_kill_project/solution_w3_rtl/syn/vhdl/synth_w3_branch_kill_top.vhd",KEEP,"duplicate under reports is protected"
a8e8b3db801a8e75183e15bbb3b1b1a23455c7f89d4629136c3265364b545b49,1580275,"/home/lab_726/boom/hls_boom/boom_hls_gate5_3_fetch_buffer_b2_core_boom_core_top/solution_module/impl/verilog/boom_core_top.v",REVIEW,"duplicate large artifact; no automatic deletion"
a8e8b3db801a8e75183e15bbb3b1b1a23455c7f89d4629136c3265364b545b49,1580275,"/home/lab_726/boom/hls_boom/boom_hls_gate5_3_fetch_buffer_b2_core_boom_core_top/solution_module/syn/verilog/boom_core_top.v",REVIEW,"duplicate large artifact; no automatic deletion"
a8e8b3db801a8e75183e15bbb3b1b1a23455c7f89d4629136c3265364b545b49,1580275,"/home/lab_726/boom/hls_boom/build/gate5_3_fetch_buffer/b2/phase_d/retry_20260816/boom_core_top_hls/solution_phase_d/impl/verilog/boom_core_top.v",REVIEW,"duplicate large artifact; no automatic deletion"
a8e8b3db801a8e75183e15bbb3b1b1a23455c7f89d4629136c3265364b545b49,1580275,"/home/lab_726/boom/hls_boom/build/gate5_3_fetch_buffer/b2/phase_d/retry_20260816/boom_core_top_hls/solution_phase_d/syn/verilog/boom_core_top.v",REVIEW,"duplicate large artifact; no automatic deletion"
a9a42e5d18a5ea0b8f7976aa2ed320e79474f537005e1940ecb9156e3f5b8875,1552764,"/home/lab_726/boom/hls_boom/boom_hls_gate5_3_fetch_buffer_b2_synth_completion_top/solution_module/.autopilot/db/a.g",REVIEW,"duplicate large artifact; no automatic deletion"
a9a42e5d18a5ea0b8f7976aa2ed320e79474f537005e1940ecb9156e3f5b8875,1552764,"/home/lab_726/boom/hls_boom/boom_hls_gate5_3_fetch_buffer_b2_synth_completion_top/solution_module/.autopilot/db/a.g.0.bc",REVIEW,"duplicate large artifact; no automatic deletion"
a9a42e5d18a5ea0b8f7976aa2ed320e79474f537005e1940ecb9156e3f5b8875,1552764,"/home/lab_726/boom/hls_boom/boom_hls_gate5_3_fetch_buffer_b2_synth_completion_top/solution_module/.autopilot/db/a.g.bc",REVIEW,"duplicate large artifact; no automatic deletion"
a9a42e5d18a5ea0b8f7976aa2ed320e79474f537005e1940ecb9156e3f5b8875,1552764,"/home/lab_726/boom/hls_boom/boom_hls_gate5_3_fetch_buffer_b2_synth_completion_top/solution_module/.autopilot/db/a.g.lto.bc",REVIEW,"duplicate large artifact; no automatic deletion"
a9a42e5d18a5ea0b8f7976aa2ed320e79474f537005e1940ecb9156e3f5b8875,1552764,"/home/lab_726/boom/hls_boom/boom_hls_gate5_3_fetch_buffer_b2_synth_completion_top/solution_module/.autopilot/db/a.pp.bc",REVIEW,"duplicate large artifact; no automatic deletion"
a9ff124839be4154a83894e989f86391b304db5437ef26c8fd5daca8c82fb964,1378911,"/home/lab_726/boom/hls_boom/build/gate5_3_fetch_buffer/b3i/rtl/8184e5696fcbbfff/boom_core_top_hls/solution_b3i/impl/verilog/boom_core_top_completion_service_cycle.v",REVIEW,"duplicate large artifact; no automatic deletion"
a9ff124839be4154a83894e989f86391b304db5437ef26c8fd5daca8c82fb964,1378911,"/home/lab_726/boom/hls_boom/build/gate5_3_fetch_buffer/b3i/rtl/8184e5696fcbbfff/boom_core_top_hls/solution_b3i/syn/verilog/boom_core_top_completion_service_cycle.v",REVIEW,"duplicate large artifact; no automatic deletion"
aa93500b2cd4566e5f787c1d3c2ffefaf7c7cf7638c14799cfc84f77e03ffacd,1295592,"/home/lab_726/boom/hls_boom/build/gate5_3_fetch_buffer/b3i/rtl/8184e5696fcbbfff/boom_core_top_hls/solution_b3i/impl/verilog/boom_core_top_issue_module.v",REVIEW,"duplicate large artifact; no automatic deletion"
aa93500b2cd4566e5f787c1d3c2ffefaf7c7cf7638c14799cfc84f77e03ffacd,1295592,"/home/lab_726/boom/hls_boom/build/gate5_3_fetch_buffer/b3i/rtl/8184e5696fcbbfff/boom_core_top_hls/solution_b3i/syn/verilog/boom_core_top_issue_module.v",REVIEW,"duplicate large artifact; no automatic deletion"
abbe7041ca3974faa1708230b53daea7aec73df2b8e17d3c490b4d608b4339da,7137170,"/home/lab_726/boom/hls_boom/reports/gate4_0/w3/focused_rtl_work/hls_project/solution_w3_rtl/.autopilot/db/boom_core_reset_step.adb.xml",KEEP,"duplicate under reports is protected"
abbe7041ca3974faa1708230b53daea7aec73df2b8e17d3c490b4d608b4339da,7137170,"/home/lab_726/boom/hls_boom/reports/gate4_0/w3/focused_rtl_work/hls_project/solution_w3_rtl/.autopilot/db/boom_core_reset_step.bind.adb.xml",KEEP,"duplicate under reports is protected"
abc67cda62e1d79863bf3ffa9930c9df271c7a0a2403c5cc0f26c4310cfe709a,3510095,"/home/lab_726/boom/hls_boom/build/gate5_3_fetch_buffer/b3i/regression/w3_w4_focused/w3_current/hls_project/solution_w3_rtl/impl/verilog/synth_w3_diagnostic_top_boom_core_reset_step.v",REVIEW,"duplicate large artifact; no automatic deletion"
abc67cda62e1d79863bf3ffa9930c9df271c7a0a2403c5cc0f26c4310cfe709a,3510095,"/home/lab_726/boom/hls_boom/build/gate5_3_fetch_buffer/b3i/regression/w3_w4_focused/w3_current/hls_project/solution_w3_rtl/syn/verilog/synth_w3_diagnostic_top_boom_core_reset_step.v",REVIEW,"duplicate large artifact; no automatic deletion"
ac1fe805e917a80e00e45358927b4085c347eefa4e16a1ca5a3347794de891b7,1274618,"/home/lab_726/boom/hls_boom/reports/gate4_0/w3/full_core_rtl/hls_project/solution_w3_full_core_rtl/.autopilot/db/issue_module.adb.xml",KEEP,"duplicate under reports is protected"
ac1fe805e917a80e00e45358927b4085c347eefa4e16a1ca5a3347794de891b7,1274618,"/home/lab_726/boom/hls_boom/reports/gate4_0/w3/full_core_rtl/hls_project/solution_w3_full_core_rtl/.autopilot/db/issue_module.bind.adb.xml",KEEP,"duplicate under reports is protected"
aca868c6d1490dbf96173864052b404eee629610a60190cbe19856351036370d,1880872,"/home/lab_726/boom/hls_boom/test_merged/sol1/.autopilot/db/a.g.1.bc",REVIEW,"duplicate large artifact; no automatic deletion"
aca868c6d1490dbf96173864052b404eee629610a60190cbe19856351036370d,1880872,"/home/lab_726/boom/hls_boom/test_merged/sol1/.autopilot/db/a.o.1.bc",REVIEW,"duplicate large artifact; no automatic deletion"
adac21e93382acc50ebfbefd4ba802e6bf9e40568ced0eb4ece5f307779a8cf6,1090308,"/home/lab_726/boom/hls_boom/boom_hls_gate5_3_fetch_buffer_b2_core_boom_core_top/solution_module/.autopilot/db/completion_service_cycle.sched.adb.xml",REVIEW,"duplicate large artifact; no automatic deletion"
adac21e93382acc50ebfbefd4ba802e6bf9e40568ced0eb4ece5f307779a8cf6,1090308,"/home/lab_726/boom/hls_boom/build/gate5_3_fetch_buffer/b2/phase_d/retry_20260816/boom_core_top_hls/solution_phase_d/.autopilot/db/completion_service_cycle.sched.adb.xml",REVIEW,"duplicate large artifact; no automatic deletion"
adf342432f1b4bfadcaccf82591e930cc53476be4198d28f7d23d92fc9f2ef61,2380420,"/home/lab_726/boom/hls_boom/boom_hls_gate5_3_fetch_buffer_b3i_core_boom_core_top/solution_module/.autopilot/db/a.g",REVIEW,"duplicate large artifact; no automatic deletion"
adf342432f1b4bfadcaccf82591e930cc53476be4198d28f7d23d92fc9f2ef61,2380420,"/home/lab_726/boom/hls_boom/boom_hls_gate5_3_fetch_buffer_b3i_core_boom_core_top/solution_module/.autopilot/db/a.g.0.bc",REVIEW,"duplicate large artifact; no automatic deletion"
adf342432f1b4bfadcaccf82591e930cc53476be4198d28f7d23d92fc9f2ef61,2380420,"/home/lab_726/boom/hls_boom/boom_hls_gate5_3_fetch_buffer_b3i_core_boom_core_top/solution_module/.autopilot/db/a.g.bc",REVIEW,"duplicate large artifact; no automatic deletion"
adf342432f1b4bfadcaccf82591e930cc53476be4198d28f7d23d92fc9f2ef61,2380420,"/home/lab_726/boom/hls_boom/boom_hls_gate5_3_fetch_buffer_b3i_core_boom_core_top/solution_module/.autopilot/db/a.g.lto.bc",REVIEW,"duplicate large artifact; no automatic deletion"
adf342432f1b4bfadcaccf82591e930cc53476be4198d28f7d23d92fc9f2ef61,2380420,"/home/lab_726/boom/hls_boom/boom_hls_gate5_3_fetch_buffer_b3i_core_boom_core_top/solution_module/.autopilot/db/a.pp.bc",REVIEW,"duplicate large artifact; no automatic deletion"
ae43f6cf3d388eb34cf1f900007abda6bf46abad54bfa79dbb41b0c0b5386755,1078134,"/home/lab_726/boom/hls_boom/boom_hls_gate5_3_fetch_buffer_b3i_core_synth_core_step_top/solution_module/.autopilot/db/compact_iq.adb.xml",REVIEW,"duplicate large artifact; no automatic deletion"
ae43f6cf3d388eb34cf1f900007abda6bf46abad54bfa79dbb41b0c0b5386755,1078134,"/home/lab_726/boom/hls_boom/boom_hls_gate5_3_fetch_buffer_b3i_core_synth_core_step_top/solution_module/.autopilot/db/compact_iq.bind.adb.xml",REVIEW,"duplicate large artifact; no automatic deletion"
af4f5a61ed931d50eda1670816e6e29f34aaf0871d7bfe2b4d97d072c3a0d317,3244815,"/home/lab_726/boom/hls_boom/build/gate5_3_fetch_buffer/b2/regression/w3_w4_focused/hls_project/solution_w4_rtl/impl/vhdl/synth_w4d_oracle_top.vhd",REVIEW,"duplicate large artifact; no automatic deletion"
af4f5a61ed931d50eda1670816e6e29f34aaf0871d7bfe2b4d97d072c3a0d317,3244815,"/home/lab_726/boom/hls_boom/build/gate5_3_fetch_buffer/b2/regression/w3_w4_focused/hls_project/solution_w4_rtl/syn/vhdl/synth_w4d_oracle_top.vhd",REVIEW,"duplicate large artifact; no automatic deletion"
af9622d7bbd0073a02e92e00c16a336ce20d44ea71f33a1db684ac07d3ce6071,1078107,"/home/lab_726/boom/hls_boom/boom_hls_gate5_3_fetch_buffer_b3i_core_boom_core_top/solution_module/.autopilot/db/compact_iq.adb.xml",REVIEW,"duplicate large artifact; no automatic deletion"
af9622d7bbd0073a02e92e00c16a336ce20d44ea71f33a1db684ac07d3ce6071,1078107,"/home/lab_726/boom/hls_boom/boom_hls_gate5_3_fetch_buffer_b3i_core_boom_core_top/solution_module/.autopilot/db/compact_iq.bind.adb.xml",REVIEW,"duplicate large artifact; no automatic deletion"
af9622d7bbd0073a02e92e00c16a336ce20d44ea71f33a1db684ac07d3ce6071,1078107,"/home/lab_726/boom/hls_boom/build/gate5_3_fetch_buffer/b3i/rtl/504781e9f4f4386f/boom_core_top_hls/solution_b3i/.autopilot/db/compact_iq.adb.xml",REVIEW,"duplicate large artifact; no automatic deletion"
af9622d7bbd0073a02e92e00c16a336ce20d44ea71f33a1db684ac07d3ce6071,1078107,"/home/lab_726/boom/hls_boom/build/gate5_3_fetch_buffer/b3i/rtl/504781e9f4f4386f/boom_core_top_hls/solution_b3i/.autopilot/db/compact_iq.bind.adb.xml",REVIEW,"duplicate large artifact; no automatic deletion"
afedf9603e4f1587aa4f0485ff4a17527bdebae72ee5efe4c842897a438e7593,1917076,"/home/lab_726/boom/hls_boom/build/gate5_3_fetch_buffer/b3i/rtl/504781e9f4f4386f/boom_core_top_hls/solution_b3i/.autopilot/db/a.g.1.bc",REVIEW,"duplicate large artifact; no automatic deletion"
afedf9603e4f1587aa4f0485ff4a17527bdebae72ee5efe4c842897a438e7593,1917076,"/home/lab_726/boom/hls_boom/build/gate5_3_fetch_buffer/b3i/rtl/504781e9f4f4386f/boom_core_top_hls/solution_b3i/.autopilot/db/a.o.1.bc",REVIEW,"duplicate large artifact; no automatic deletion"
b1f6996d90d5343ae98ccd57f1181bdeccf85248bfc94f705747aedfffb81e51,1803920,"/home/lab_726/boom/hls_boom/reports/gate4_0/w3/focused_rtl_work/hls_completion_project/solution_w3_rtl/.autopilot/db/a.g.1.bc",KEEP,"duplicate under reports is protected"
b1f6996d90d5343ae98ccd57f1181bdeccf85248bfc94f705747aedfffb81e51,1803920,"/home/lab_726/boom/hls_boom/reports/gate4_0/w3/focused_rtl_work/hls_completion_project/solution_w3_rtl/.autopilot/db/a.o.1.bc",KEEP,"duplicate under reports is protected"
b23638ff8312416fbe03cb8afdf1252843388a43f49c86d0c31aa932964af005,2380304,"/home/lab_726/boom/hls_boom/build/gate5_3_fetch_buffer/b3i/rtl/8184e5696fcbbfff/boom_core_top_hls/solution_b3i/.autopilot/db/a.g",REVIEW,"duplicate large artifact; no automatic deletion"
b23638ff8312416fbe03cb8afdf1252843388a43f49c86d0c31aa932964af005,2380304,"/home/lab_726/boom/hls_boom/build/gate5_3_fetch_buffer/b3i/rtl/8184e5696fcbbfff/boom_core_top_hls/solution_b3i/.autopilot/db/a.g.0.bc",REVIEW,"duplicate large artifact; no automatic deletion"
b23638ff8312416fbe03cb8afdf1252843388a43f49c86d0c31aa932964af005,2380304,"/home/lab_726/boom/hls_boom/build/gate5_3_fetch_buffer/b3i/rtl/8184e5696fcbbfff/boom_core_top_hls/solution_b3i/.autopilot/db/a.g.bc",REVIEW,"duplicate large artifact; no automatic deletion"
b23638ff8312416fbe03cb8afdf1252843388a43f49c86d0c31aa932964af005,2380304,"/home/lab_726/boom/hls_boom/build/gate5_3_fetch_buffer/b3i/rtl/8184e5696fcbbfff/boom_core_top_hls/solution_b3i/.autopilot/db/a.g.lto.bc",REVIEW,"duplicate large artifact; no automatic deletion"
b23638ff8312416fbe03cb8afdf1252843388a43f49c86d0c31aa932964af005,2380304,"/home/lab_726/boom/hls_boom/build/gate5_3_fetch_buffer/b3i/rtl/8184e5696fcbbfff/boom_core_top_hls/solution_b3i/.autopilot/db/a.pp.bc",REVIEW,"duplicate large artifact; no automatic deletion"
b26c2acf31726828fa573e5b2819bb23f0b52655cecb0786793771ad39e34a11,1544368,"/home/lab_726/boom/hls_boom/boom_hls_gate5_3_fetch_buffer_b2_synth_rob_top/solution_module/.autopilot/db/a.g",REVIEW,"duplicate large artifact; no automatic deletion"
b26c2acf31726828fa573e5b2819bb23f0b52655cecb0786793771ad39e34a11,1544368,"/home/lab_726/boom/hls_boom/boom_hls_gate5_3_fetch_buffer_b2_synth_rob_top/solution_module/.autopilot/db/a.g.0.bc",REVIEW,"duplicate large artifact; no automatic deletion"
b26c2acf31726828fa573e5b2819bb23f0b52655cecb0786793771ad39e34a11,1544368,"/home/lab_726/boom/hls_boom/boom_hls_gate5_3_fetch_buffer_b2_synth_rob_top/solution_module/.autopilot/db/a.g.bc",REVIEW,"duplicate large artifact; no automatic deletion"
b26c2acf31726828fa573e5b2819bb23f0b52655cecb0786793771ad39e34a11,1544368,"/home/lab_726/boom/hls_boom/boom_hls_gate5_3_fetch_buffer_b2_synth_rob_top/solution_module/.autopilot/db/a.g.lto.bc",REVIEW,"duplicate large artifact; no automatic deletion"
b26c2acf31726828fa573e5b2819bb23f0b52655cecb0786793771ad39e34a11,1544368,"/home/lab_726/boom/hls_boom/boom_hls_gate5_3_fetch_buffer_b2_synth_rob_top/solution_module/.autopilot/db/a.pp.bc",REVIEW,"duplicate large artifact; no automatic deletion"
b2d40aeaec813c7e6bc3b718bc6b1b047f7dba3195d4e4e89cbc6c93e370105e,2690660,"/home/lab_726/boom/hls_boom/reports/gate4_0/w3/focused_rtl_work/hls_project/solution_w3_rtl/.autopilot/db/a.g.1.bc",KEEP,"duplicate under reports is protected"
b2d40aeaec813c7e6bc3b718bc6b1b047f7dba3195d4e4e89cbc6c93e370105e,2690660,"/home/lab_726/boom/hls_boom/reports/gate4_0/w3/focused_rtl_work/hls_project/solution_w3_rtl/.autopilot/db/a.o.1.bc",KEEP,"duplicate under reports is protected"
b44e030e0f77e91af3b0292ba407f6767a58576fd9469546806d82f215c43231,1297101,"/home/lab_726/boom/hls_boom/boom_hls_gate5_3_fetch_buffer_b2_core_synth_core_step_top/solution_module/.autopilot/db/decode_module.adb.xml",REVIEW,"duplicate large artifact; no automatic deletion"
b44e030e0f77e91af3b0292ba407f6767a58576fd9469546806d82f215c43231,1297101,"/home/lab_726/boom/hls_boom/boom_hls_gate5_3_fetch_buffer_b2_core_synth_core_step_top/solution_module/.autopilot/db/decode_module.bind.adb.xml",REVIEW,"duplicate large artifact; no automatic deletion"
b44e030e0f77e91af3b0292ba407f6767a58576fd9469546806d82f215c43231,1297101,"/home/lab_726/boom/hls_boom/build/gate5_3_fetch_buffer/b2/regression/w3_w4_focused/hls_core_step_retention_project/solution_w4_rtl/.autopilot/db/decode_module.adb.xml",REVIEW,"duplicate large artifact; no automatic deletion"
b44e030e0f77e91af3b0292ba407f6767a58576fd9469546806d82f215c43231,1297101,"/home/lab_726/boom/hls_boom/build/gate5_3_fetch_buffer/b2/regression/w3_w4_focused/hls_core_step_retention_project/solution_w4_rtl/.autopilot/db/decode_module.bind.adb.xml",REVIEW,"duplicate large artifact; no automatic deletion"
b55b8949ebb8e01ea5069874ab3382bc7781d9c3c93144e45292bffa52aae193,2745364,"/home/lab_726/boom/hls_boom/build/gate5_3_fetch_buffer/b2/regression/w3_w4_focused/hls_project/solution_w4_rtl/.autopilot/db/a.g",REVIEW,"duplicate large artifact; no automatic deletion"
b55b8949ebb8e01ea5069874ab3382bc7781d9c3c93144e45292bffa52aae193,2745364,"/home/lab_726/boom/hls_boom/build/gate5_3_fetch_buffer/b2/regression/w3_w4_focused/hls_project/solution_w4_rtl/.autopilot/db/a.g.0.bc",REVIEW,"duplicate large artifact; no automatic deletion"
b55b8949ebb8e01ea5069874ab3382bc7781d9c3c93144e45292bffa52aae193,2745364,"/home/lab_726/boom/hls_boom/build/gate5_3_fetch_buffer/b2/regression/w3_w4_focused/hls_project/solution_w4_rtl/.autopilot/db/a.g.bc",REVIEW,"duplicate large artifact; no automatic deletion"
b55b8949ebb8e01ea5069874ab3382bc7781d9c3c93144e45292bffa52aae193,2745364,"/home/lab_726/boom/hls_boom/build/gate5_3_fetch_buffer/b2/regression/w3_w4_focused/hls_project/solution_w4_rtl/.autopilot/db/a.g.lto.bc",REVIEW,"duplicate large artifact; no automatic deletion"
b55b8949ebb8e01ea5069874ab3382bc7781d9c3c93144e45292bffa52aae193,2745364,"/home/lab_726/boom/hls_boom/build/gate5_3_fetch_buffer/b2/regression/w3_w4_focused/hls_project/solution_w4_rtl/.autopilot/db/a.pp.bc",REVIEW,"duplicate large artifact; no automatic deletion"
b5f58c068a29d54720aa03de9064326dc6c7dd02d264e5f0bc54cd42979a12af,2416777,"/home/lab_726/boom/hls_boom/boom_hls_gate5_3_fetch_buffer_b3i_core_boom_core_top/solution_module/.autopilot/db/boom_core_top.adb.xml",REVIEW,"duplicate large artifact; no automatic deletion"
b5f58c068a29d54720aa03de9064326dc6c7dd02d264e5f0bc54cd42979a12af,2416777,"/home/lab_726/boom/hls_boom/boom_hls_gate5_3_fetch_buffer_b3i_core_boom_core_top/solution_module/.autopilot/db/boom_core_top.bind.adb.xml",REVIEW,"duplicate large artifact; no automatic deletion"
b5f58c068a29d54720aa03de9064326dc6c7dd02d264e5f0bc54cd42979a12af,2416777,"/home/lab_726/boom/hls_boom/build/gate5_3_fetch_buffer/b3i/rtl/504781e9f4f4386f/boom_core_top_hls/solution_b3i/.autopilot/db/boom_core_top.adb.xml",REVIEW,"duplicate large artifact; no automatic deletion"
b5f58c068a29d54720aa03de9064326dc6c7dd02d264e5f0bc54cd42979a12af,2416777,"/home/lab_726/boom/hls_boom/build/gate5_3_fetch_buffer/b3i/rtl/504781e9f4f4386f/boom_core_top_hls/solution_b3i/.autopilot/db/boom_core_top.bind.adb.xml",REVIEW,"duplicate large artifact; no automatic deletion"
b7b3cd1defed5afbb82e2c0e8cdc824461ce5259a5c91ec651a8e8533a30aca9,1817034,"/home/lab_726/boom/hls_boom/build/gate5_3_fetch_buffer/b3i/regression/w3_w4_focused/hls_core_step_retention_project/solution_w4_rtl/.autopilot/db/completion_service_cycle.adb.xml",REVIEW,"duplicate large artifact; no automatic deletion"
b7b3cd1defed5afbb82e2c0e8cdc824461ce5259a5c91ec651a8e8533a30aca9,1817034,"/home/lab_726/boom/hls_boom/build/gate5_3_fetch_buffer/b3i/regression/w3_w4_focused/hls_core_step_retention_project/solution_w4_rtl/.autopilot/db/completion_service_cycle.bind.adb.xml",REVIEW,"duplicate large artifact; no automatic deletion"
b7ee0c848bd6905d1f212eb3876f6b388be1d8f49ff3cac4c4ffad8a152ffd50,2726464,"/home/lab_726/boom/hls_boom/reports/gate4_0/w3/focused_rtl_work/hls_branch_kill_project/solution_w3_rtl/.autopilot/db/a.g",KEEP,"duplicate under reports is protected"
b7ee0c848bd6905d1f212eb3876f6b388be1d8f49ff3cac4c4ffad8a152ffd50,2726464,"/home/lab_726/boom/hls_boom/reports/gate4_0/w3/focused_rtl_work/hls_branch_kill_project/solution_w3_rtl/.autopilot/db/a.g.0.bc",KEEP,"duplicate under reports is protected"
b7ee0c848bd6905d1f212eb3876f6b388be1d8f49ff3cac4c4ffad8a152ffd50,2726464,"/home/lab_726/boom/hls_boom/reports/gate4_0/w3/focused_rtl_work/hls_branch_kill_project/solution_w3_rtl/.autopilot/db/a.g.bc",KEEP,"duplicate under reports is protected"
b7ee0c848bd6905d1f212eb3876f6b388be1d8f49ff3cac4c4ffad8a152ffd50,2726464,"/home/lab_726/boom/hls_boom/reports/gate4_0/w3/focused_rtl_work/hls_branch_kill_project/solution_w3_rtl/.autopilot/db/a.g.lto.bc",KEEP,"duplicate under reports is protected"
b7ee0c848bd6905d1f212eb3876f6b388be1d8f49ff3cac4c4ffad8a152ffd50,2726464,"/home/lab_726/boom/hls_boom/reports/gate4_0/w3/focused_rtl_work/hls_branch_kill_project/solution_w3_rtl/.autopilot/db/a.pp.bc",KEEP,"duplicate under reports is protected"
b84a6e91eb8731f288b5a92eae49a66bfd99a40b2526d79a9cebbbaff16d7f0c,10011247,"/home/lab_726/boom/hls_boom/build/gate5_3_fetch_buffer/b3i/regression/w3_w4_focused/w3_current/hls_project/solution_w3_rtl/.autopilot/db/boom_core_reset_step.adb.xml",REVIEW,"duplicate large artifact; no automatic deletion"
b84a6e91eb8731f288b5a92eae49a66bfd99a40b2526d79a9cebbbaff16d7f0c,10011247,"/home/lab_726/boom/hls_boom/build/gate5_3_fetch_buffer/b3i/regression/w3_w4_focused/w3_current/hls_project/solution_w3_rtl/.autopilot/db/boom_core_reset_step.bind.adb.xml",REVIEW,"duplicate large artifact; no automatic deletion"
b8d7f3686a647ecedbe00c97a96e0881c4d28d740e4f271230c5c17a06115221,1297121,"/home/lab_726/boom/hls_boom/boom_hls_gate5_3_fetch_buffer_b3i_core_boom_core_top/solution_module/.autopilot/db/decode_module.adb.xml",REVIEW,"duplicate large artifact; no automatic deletion"
b8d7f3686a647ecedbe00c97a96e0881c4d28d740e4f271230c5c17a06115221,1297121,"/home/lab_726/boom/hls_boom/boom_hls_gate5_3_fetch_buffer_b3i_core_boom_core_top/solution_module/.autopilot/db/decode_module.bind.adb.xml",REVIEW,"duplicate large artifact; no automatic deletion"
b8d7f3686a647ecedbe00c97a96e0881c4d28d740e4f271230c5c17a06115221,1297121,"/home/lab_726/boom/hls_boom/build/gate5_3_fetch_buffer/b3i/rtl/504781e9f4f4386f/boom_core_top_hls/solution_b3i/.autopilot/db/decode_module.adb.xml",REVIEW,"duplicate large artifact; no automatic deletion"
b8d7f3686a647ecedbe00c97a96e0881c4d28d740e4f271230c5c17a06115221,1297121,"/home/lab_726/boom/hls_boom/build/gate5_3_fetch_buffer/b3i/rtl/504781e9f4f4386f/boom_core_top_hls/solution_b3i/.autopilot/db/decode_module.bind.adb.xml",REVIEW,"duplicate large artifact; no automatic deletion"
b99056cf790b30ae673e82e08bfd0568a254ea16289e4d222a5d3d332ce97ce5,1092865,"/home/lab_726/boom/hls_boom/boom_hls_gate5_3_fetch_buffer_b3i_core_boom_core_top/solution_module/.autopilot/db/completion_service_cycle.sched.adb.xml",REVIEW,"duplicate large artifact; no automatic deletion"
b99056cf790b30ae673e82e08bfd0568a254ea16289e4d222a5d3d332ce97ce5,1092865,"/home/lab_726/boom/hls_boom/build/gate5_3_fetch_buffer/b3i/rtl/504781e9f4f4386f/boom_core_top_hls/solution_b3i/.autopilot/db/completion_service_cycle.sched.adb.xml",REVIEW,"duplicate large artifact; no automatic deletion"
b9bdd803b87990e02df58517d5a00fab48a6f599c67f06438fd032db40de0227,1077658,"/home/lab_726/boom/hls_boom/boom_hls_gate5_3_fetch_buffer_b2_core_synth_core_step_top/solution_module/.autopilot/db/compact_issue_queue.adb.xml",REVIEW,"duplicate large artifact; no automatic deletion"
b9bdd803b87990e02df58517d5a00fab48a6f599c67f06438fd032db40de0227,1077658,"/home/lab_726/boom/hls_boom/boom_hls_gate5_3_fetch_buffer_b2_core_synth_core_step_top/solution_module/.autopilot/db/compact_issue_queue.bind.adb.xml",REVIEW,"duplicate large artifact; no automatic deletion"
b9f25b52eead870f4ae240875456e5ff82b605cb9f3367aeabfafdd9c7f2af27,4962993,"/home/lab_726/boom/hls_boom/boom_hls_gate5_3_fetch_buffer_b3i_core_boom_core_top/solution_module/.autopilot/db/boom_core_top.design.xml",REVIEW,"duplicate large artifact; no automatic deletion"
b9f25b52eead870f4ae240875456e5ff82b605cb9f3367aeabfafdd9c7f2af27,4962993,"/home/lab_726/boom/hls_boom/build/gate5_3_fetch_buffer/b3i/rtl/504781e9f4f4386f/boom_core_top_hls/solution_b3i/.autopilot/db/boom_core_top.design.xml",REVIEW,"duplicate large artifact; no automatic deletion"
ba11da24f200b4f4af15f7baf58ee0f3f3d1c35941f4f22dac330f4296ca37ab,1050468,"/home/lab_726/boom/hls_boom/reports/gate4_0/w4/full_core_rtl/hls_project/solution_w4_full_core_rtl/.autopilot/db/decode_module.adb.xml",KEEP,"duplicate under reports is protected"
ba11da24f200b4f4af15f7baf58ee0f3f3d1c35941f4f22dac330f4296ca37ab,1050468,"/home/lab_726/boom/hls_boom/reports/gate4_0/w4/full_core_rtl/hls_project/solution_w4_full_core_rtl/.autopilot/db/decode_module.bind.adb.xml",KEEP,"duplicate under reports is protected"
bb40ff20dc3c779cd6514e7f1343e92497a7d0c49f31f51a4e1c3e8d70c4903f,5134418,"/home/lab_726/boom/hls_boom/build/gate5_3_fetch_buffer/b2/regression/w3_w4_focused/w3_current/hls_project/solution_w3_rtl/impl/vhdl/synth_w3_diagnostic_top_boom_core_reset_step.vhd",REVIEW,"duplicate large artifact; no automatic deletion"
bb40ff20dc3c779cd6514e7f1343e92497a7d0c49f31f51a4e1c3e8d70c4903f,5134418,"/home/lab_726/boom/hls_boom/build/gate5_3_fetch_buffer/b2/regression/w3_w4_focused/w3_current/hls_project/solution_w3_rtl/syn/vhdl/synth_w3_diagnostic_top_boom_core_reset_step.vhd",REVIEW,"duplicate large artifact; no automatic deletion"
bb8f19d255fd5446830a8fe7cd4d3f1f0f729f0c69d2c1f109f07986ae7e075f,1819384,"/home/lab_726/boom/hls_boom/boom_hls_gate5_3_fetch_buffer_b2_core_synth_core_step_top/solution_module/.autopilot/db/a.g.1.bc",REVIEW,"duplicate large artifact; no automatic deletion"
bb8f19d255fd5446830a8fe7cd4d3f1f0f729f0c69d2c1f109f07986ae7e075f,1819384,"/home/lab_726/boom/hls_boom/boom_hls_gate5_3_fetch_buffer_b2_core_synth_core_step_top/solution_module/.autopilot/db/a.o.1.bc",REVIEW,"duplicate large artifact; no automatic deletion"
bd9457f93544bba26307d3532de5aa17919d54fa04073059fce7e3189994f4bd,1297314,"/home/lab_726/boom/hls_boom/build/gate5_3_fetch_buffer/b2/regression/w3_w4_focused/hls_core_step_retention_project/solution_w4_rtl/impl/verilog/synth_w4_core_step_retention_top_issue_module.v",REVIEW,"duplicate large artifact; no automatic deletion"
bd9457f93544bba26307d3532de5aa17919d54fa04073059fce7e3189994f4bd,1297314,"/home/lab_726/boom/hls_boom/build/gate5_3_fetch_buffer/b2/regression/w3_w4_focused/hls_core_step_retention_project/solution_w4_rtl/syn/verilog/synth_w4_core_step_retention_top_issue_module.v",REVIEW,"duplicate large artifact; no automatic deletion"
be8371233a05f80b819aa7ae4368c5aa7787e5ae5ec7b0ecf83a9fb9501ae2bd,2730730,"/home/lab_726/boom/hls_boom/boom_hls_gate5_3_fetch_buffer_b2_core_synth_core_step_top/solution_module/.autopilot/db/issue_module.adb.xml",REVIEW,"duplicate large artifact; no automatic deletion"
be8371233a05f80b819aa7ae4368c5aa7787e5ae5ec7b0ecf83a9fb9501ae2bd,2730730,"/home/lab_726/boom/hls_boom/boom_hls_gate5_3_fetch_buffer_b2_core_synth_core_step_top/solution_module/.autopilot/db/issue_module.bind.adb.xml",REVIEW,"duplicate large artifact; no automatic deletion"
bf94c0ac3c4a9497aed9c51cf249f8b7bd7e177351ad600694204a532a5e3235,5249566,"/home/lab_726/boom/hls_boom/build/gate5_3_fetch_buffer/b2/regression/w3_w4_focused/hls_core_step_retention_project/solution_w4_rtl/.autopilot/db/synth_w4_core_step_retention_top.adb.xml",REVIEW,"duplicate large artifact; no automatic deletion"
bf94c0ac3c4a9497aed9c51cf249f8b7bd7e177351ad600694204a532a5e3235,5249566,"/home/lab_726/boom/hls_boom/build/gate5_3_fetch_buffer/b2/regression/w3_w4_focused/hls_core_step_retention_project/solution_w4_rtl/.autopilot/db/synth_w4_core_step_retention_top.bind.adb.xml",REVIEW,"duplicate large artifact; no automatic deletion"
c010e3ed9eee2b9ee418ce03d25e6bd7979966e22002c05dc0d3891c262bf47b,5247359,"/home/lab_726/boom/hls_boom/build/gate5_3_fetch_buffer/b3i/regression/w3_w4_focused/w3_current/hls_project/solution_w3_rtl/impl/vhdl/synth_w3_diagnostic_top_boom_core_reset_step.vhd",REVIEW,"duplicate large artifact; no automatic deletion"
c010e3ed9eee2b9ee418ce03d25e6bd7979966e22002c05dc0d3891c262bf47b,5247359,"/home/lab_726/boom/hls_boom/build/gate5_3_fetch_buffer/b3i/regression/w3_w4_focused/w3_current/hls_project/solution_w3_rtl/syn/vhdl/synth_w3_diagnostic_top_boom_core_reset_step.vhd",REVIEW,"duplicate large artifact; no automatic deletion"
c1d09e9ac7aeb974c1d13632db1a26f6cfa97b7f76e0f93cbb1fdc3e71135aa8,2322983,"/home/lab_726/boom/hls_boom/build/gate5_3_fetch_buffer/b2/regression/w3_w4_focused/hls_core_step_retention_project/solution_w4_rtl/impl/verilog/synth_w4_core_step_retention_top.v",REVIEW,"duplicate large artifact; no automatic deletion"
c1d09e9ac7aeb974c1d13632db1a26f6cfa97b7f76e0f93cbb1fdc3e71135aa8,2322983,"/home/lab_726/boom/hls_boom/build/gate5_3_fetch_buffer/b2/regression/w3_w4_focused/hls_core_step_retention_project/solution_w4_rtl/syn/verilog/synth_w4_core_step_retention_top.v",REVIEW,"duplicate large artifact; no automatic deletion"
c1de2d773a9edcad5a53016bbf0eed6198b40ff2ad29e0b996bc21e750a0a92f,2864448,"/home/lab_726/boom/hls_boom/build/gate5_3_fetch_buffer/b2/regression/w3_w4_focused/w3_current/hls_rob_wrap_project/solution_w3_rtl/.autopilot/db/a.g",REVIEW,"duplicate large artifact; no automatic deletion"
c1de2d773a9edcad5a53016bbf0eed6198b40ff2ad29e0b996bc21e750a0a92f,2864448,"/home/lab_726/boom/hls_boom/build/gate5_3_fetch_buffer/b2/regression/w3_w4_focused/w3_current/hls_rob_wrap_project/solution_w3_rtl/.autopilot/db/a.g.0.bc",REVIEW,"duplicate large artifact; no automatic deletion"
c1de2d773a9edcad5a53016bbf0eed6198b40ff2ad29e0b996bc21e750a0a92f,2864448,"/home/lab_726/boom/hls_boom/build/gate5_3_fetch_buffer/b2/regression/w3_w4_focused/w3_current/hls_rob_wrap_project/solution_w3_rtl/.autopilot/db/a.g.bc",REVIEW,"duplicate large artifact; no automatic deletion"
c1de2d773a9edcad5a53016bbf0eed6198b40ff2ad29e0b996bc21e750a0a92f,2864448,"/home/lab_726/boom/hls_boom/build/gate5_3_fetch_buffer/b2/regression/w3_w4_focused/w3_current/hls_rob_wrap_project/solution_w3_rtl/.autopilot/db/a.g.lto.bc",REVIEW,"duplicate large artifact; no automatic deletion"
c1de2d773a9edcad5a53016bbf0eed6198b40ff2ad29e0b996bc21e750a0a92f,2864448,"/home/lab_726/boom/hls_boom/build/gate5_3_fetch_buffer/b2/regression/w3_w4_focused/w3_current/hls_rob_wrap_project/solution_w3_rtl/.autopilot/db/a.pp.bc",REVIEW,"duplicate large artifact; no automatic deletion"
c1decee5e3849279941513e9e3ee60552052a0efede012c0f8df1eff32b360ca,1184831,"/home/lab_726/boom/hls_boom/build/gate5_3_fetch_buffer/b3i/regression/m3c_focused_rtl/projects/synth_m3c_rv64m_top/solution_gate4_1_m3c_rtl/.autopilot/db/begin_completion_cycle.adb.xml",REVIEW,"duplicate large artifact; no automatic deletion"
c1decee5e3849279941513e9e3ee60552052a0efede012c0f8df1eff32b360ca,1184831,"/home/lab_726/boom/hls_boom/build/gate5_3_fetch_buffer/b3i/regression/m3c_focused_rtl/projects/synth_m3c_rv64m_top/solution_gate4_1_m3c_rtl/.autopilot/db/begin_completion_cycle.bind.adb.xml",REVIEW,"duplicate large artifact; no automatic deletion"
c257fdd693822d3b265c49189f664ed521f1d0bc6fe0683510a059842cc385d0,3244825,"/home/lab_726/boom/hls_boom/build/gate5_3_fetch_buffer/b3i/regression/w3_w4_focused/hls_project/solution_w4_rtl/impl/vhdl/synth_w4d_oracle_top.vhd",REVIEW,"duplicate large artifact; no automatic deletion"
c257fdd693822d3b265c49189f664ed521f1d0bc6fe0683510a059842cc385d0,3244825,"/home/lab_726/boom/hls_boom/build/gate5_3_fetch_buffer/b3i/regression/w3_w4_focused/hls_project/solution_w4_rtl/syn/vhdl/synth_w4d_oracle_top.vhd",REVIEW,"duplicate large artifact; no automatic deletion"
c33af09d51f1d495843cd9301abf7d34baa8c940bf36aacaf894fb92a324ff90,1912508,"/home/lab_726/boom/hls_boom/boom_hls_gate5_3_fetch_buffer_b2_core_synth_core_step_top/solution_module/impl/vhdl/synth_core_step_top_completion_service_cycle.vhd",REVIEW,"duplicate large artifact; no automatic deletion"
c33af09d51f1d495843cd9301abf7d34baa8c940bf36aacaf894fb92a324ff90,1912508,"/home/lab_726/boom/hls_boom/boom_hls_gate5_3_fetch_buffer_b2_core_synth_core_step_top/solution_module/syn/vhdl/synth_core_step_top_completion_service_cycle.vhd",REVIEW,"duplicate large artifact; no automatic deletion"
c3bc2f23c8bbe0bfa0150a45f9b0e580671b851a650eaa78d758f7e3e08b2220,5310410,"/home/lab_726/boom/hls_boom/build/gate5_3_fetch_buffer/b3i/regression/w3_w4_focused/hls_core_step_retention_project/solution_w4_rtl/.autopilot/db/synth_w4_core_step_retention_top.adb.xml",REVIEW,"duplicate large artifact; no automatic deletion"
c3bc2f23c8bbe0bfa0150a45f9b0e580671b851a650eaa78d758f7e3e08b2220,5310410,"/home/lab_726/boom/hls_boom/build/gate5_3_fetch_buffer/b3i/regression/w3_w4_focused/hls_core_step_retention_project/solution_w4_rtl/.autopilot/db/synth_w4_core_step_retention_top.bind.adb.xml",REVIEW,"duplicate large artifact; no automatic deletion"
c4ec531799182941f0b9e0c3265475c5cbdc5cccf29f659b4d0b97b4d61f1b77,1077633,"/home/lab_726/boom/hls_boom/build/gate5_3_fetch_buffer/b3i/rtl/8184e5696fcbbfff/boom_core_top_hls/solution_b3i/.autopilot/db/compact_issue_queue.adb.xml",REVIEW,"duplicate large artifact; no automatic deletion"
c4ec531799182941f0b9e0c3265475c5cbdc5cccf29f659b4d0b97b4d61f1b77,1077633,"/home/lab_726/boom/hls_boom/build/gate5_3_fetch_buffer/b3i/rtl/8184e5696fcbbfff/boom_core_top_hls/solution_b3i/.autopilot/db/compact_issue_queue.bind.adb.xml",REVIEW,"duplicate large artifact; no automatic deletion"
c77dafbb3dba020e6c7a02c43526b6e5d5a0e6b3c9273c71f9efd85195086cad,1977626,"/home/lab_726/boom/hls_boom/reports/gate4_0/w3/full_core_rtl/hls_project/solution_w3_full_core_rtl/impl/vhdl/boom_core_top_boom_core_cycle_io.vhd",KEEP,"duplicate under reports is protected"
c77dafbb3dba020e6c7a02c43526b6e5d5a0e6b3c9273c71f9efd85195086cad,1977626,"/home/lab_726/boom/hls_boom/reports/gate4_0/w3/full_core_rtl/hls_project/solution_w3_full_core_rtl/syn/vhdl/boom_core_top_boom_core_cycle_io.vhd",KEEP,"duplicate under reports is protected"
c817469ee9eb8f02806bbc1c49a257f9ff49f88e878ba2d4f96b87924b4f92f2,1186272,"/home/lab_726/boom/hls_boom/reports/gate3_8/baseline_artifacts/conservative_rtl/boom_core_top_branch_module.v",KEEP,"duplicate under reports is protected"
c817469ee9eb8f02806bbc1c49a257f9ff49f88e878ba2d4f96b87924b4f92f2,1186272,"/home/lab_726/boom/hls_boom/reports/gate3_8/fixed_artifacts/conservative_rtl/boom_core_top_branch_module.v",KEEP,"duplicate under reports is protected"
c817469ee9eb8f02806bbc1c49a257f9ff49f88e878ba2d4f96b87924b4f92f2,1186272,"/home/lab_726/boom/hls_boom/reports/gate3_9/baseline_artifacts/gate3_8_conservative_rtl/boom_core_top_branch_module.v",KEEP,"duplicate under reports is protected"
ca27be1c022e4d9d7e073638d9e65351eb909b963950893611cf93c4443b6ba6,2864504,"/home/lab_726/boom/hls_boom/build/gate5_3_fetch_buffer/b2/regression/w3_w4_focused/w3_current/hls_dual_pending_project/solution_w3_rtl/.autopilot/db/a.g",REVIEW,"duplicate large artifact; no automatic deletion"
ca27be1c022e4d9d7e073638d9e65351eb909b963950893611cf93c4443b6ba6,2864504,"/home/lab_726/boom/hls_boom/build/gate5_3_fetch_buffer/b2/regression/w3_w4_focused/w3_current/hls_dual_pending_project/solution_w3_rtl/.autopilot/db/a.g.0.bc",REVIEW,"duplicate large artifact; no automatic deletion"
ca27be1c022e4d9d7e073638d9e65351eb909b963950893611cf93c4443b6ba6,2864504,"/home/lab_726/boom/hls_boom/build/gate5_3_fetch_buffer/b2/regression/w3_w4_focused/w3_current/hls_dual_pending_project/solution_w3_rtl/.autopilot/db/a.g.bc",REVIEW,"duplicate large artifact; no automatic deletion"
ca27be1c022e4d9d7e073638d9e65351eb909b963950893611cf93c4443b6ba6,2864504,"/home/lab_726/boom/hls_boom/build/gate5_3_fetch_buffer/b2/regression/w3_w4_focused/w3_current/hls_dual_pending_project/solution_w3_rtl/.autopilot/db/a.g.lto.bc",REVIEW,"duplicate large artifact; no automatic deletion"
ca27be1c022e4d9d7e073638d9e65351eb909b963950893611cf93c4443b6ba6,2864504,"/home/lab_726/boom/hls_boom/build/gate5_3_fetch_buffer/b2/regression/w3_w4_focused/w3_current/hls_dual_pending_project/solution_w3_rtl/.autopilot/db/a.pp.bc",REVIEW,"duplicate large artifact; no automatic deletion"
ca8a7326a1651c5c17057113894286d377d7a3e11752aaaecfc732b245d642e3,3433704,"/home/lab_726/boom/hls_boom/build/gate5_3_fetch_buffer/b3i/regression/w3_w4_focused/w3_current/hls_project/solution_w3_rtl/.autopilot/db/a.g.1.bc",REVIEW,"duplicate large artifact; no automatic deletion"
ca8a7326a1651c5c17057113894286d377d7a3e11752aaaecfc732b245d642e3,3433704,"/home/lab_726/boom/hls_boom/build/gate5_3_fetch_buffer/b3i/regression/w3_w4_focused/w3_current/hls_project/solution_w3_rtl/.autopilot/db/a.o.1.bc",REVIEW,"duplicate large artifact; no automatic deletion"
cab8efe75378dc05ba3ebdb1cf96389b000a00cfe0585b1fccd58b582a32d667,2696560,"/home/lab_726/boom/hls_boom/boom_hls_gate5_3_fetch_buffer_b2_core_boom_core_top/solution_module/impl/vhdl/boom_core_top_boom_core_step.vhd",REVIEW,"duplicate large artifact; no automatic deletion"
cab8efe75378dc05ba3ebdb1cf96389b000a00cfe0585b1fccd58b582a32d667,2696560,"/home/lab_726/boom/hls_boom/boom_hls_gate5_3_fetch_buffer_b2_core_boom_core_top/solution_module/syn/vhdl/boom_core_top_boom_core_step.vhd",REVIEW,"duplicate large artifact; no automatic deletion"
cab8efe75378dc05ba3ebdb1cf96389b000a00cfe0585b1fccd58b582a32d667,2696560,"/home/lab_726/boom/hls_boom/build/gate5_3_fetch_buffer/b2/phase_d/retry_20260816/boom_core_top_hls/solution_phase_d/impl/vhdl/boom_core_top_boom_core_step.vhd",REVIEW,"duplicate large artifact; no automatic deletion"
cab8efe75378dc05ba3ebdb1cf96389b000a00cfe0585b1fccd58b582a32d667,2696560,"/home/lab_726/boom/hls_boom/build/gate5_3_fetch_buffer/b2/phase_d/retry_20260816/boom_core_top_hls/solution_phase_d/syn/vhdl/boom_core_top_boom_core_step.vhd",REVIEW,"duplicate large artifact; no automatic deletion"
cbaff93f0e1ffb7ef70a52dc35521ec376ee327b40962aebd81848c4c083dc6a,1078107,"/home/lab_726/boom/hls_boom/reports/gate4_0/w4/full_core_rtl/hls_project/solution_w4_full_core_rtl/.autopilot/db/compact_iq.adb.xml",KEEP,"duplicate under reports is protected"
cbaff93f0e1ffb7ef70a52dc35521ec376ee327b40962aebd81848c4c083dc6a,1078107,"/home/lab_726/boom/hls_boom/reports/gate4_0/w4/full_core_rtl/hls_project/solution_w4_full_core_rtl/.autopilot/db/compact_iq.bind.adb.xml",KEEP,"duplicate under reports is protected"
cc109d29283346731eb9eee8733df6839caa538ffa971ca6f05f5e4e5c2e29c6,1647372,"/home/lab_726/boom/hls_boom/test_obs_synth/sol1/.autopilot/db/a.g",REVIEW,"duplicate large artifact; no automatic deletion"
cc109d29283346731eb9eee8733df6839caa538ffa971ca6f05f5e4e5c2e29c6,1647372,"/home/lab_726/boom/hls_boom/test_obs_synth/sol1/.autopilot/db/a.g.0.bc",REVIEW,"duplicate large artifact; no automatic deletion"
cc109d29283346731eb9eee8733df6839caa538ffa971ca6f05f5e4e5c2e29c6,1647372,"/home/lab_726/boom/hls_boom/test_obs_synth/sol1/.autopilot/db/a.g.bc",REVIEW,"duplicate large artifact; no automatic deletion"
cc109d29283346731eb9eee8733df6839caa538ffa971ca6f05f5e4e5c2e29c6,1647372,"/home/lab_726/boom/hls_boom/test_obs_synth/sol1/.autopilot/db/a.g.lto.bc",REVIEW,"duplicate large artifact; no automatic deletion"
cc109d29283346731eb9eee8733df6839caa538ffa971ca6f05f5e4e5c2e29c6,1647372,"/home/lab_726/boom/hls_boom/test_obs_synth/sol1/.autopilot/db/a.pp.bc",REVIEW,"duplicate large artifact; no automatic deletion"
cd5014be4f75a2ddaae7f5ad4c4b57dcb8f2c9ad514bcaa418e9672df9b22758,1297121,"/home/lab_726/boom/hls_boom/boom_hls_gate5_3_fetch_buffer_b3i_core_synth_core_step_top/solution_module/.autopilot/db/decode_module.adb.xml",REVIEW,"duplicate large artifact; no automatic deletion"
cd5014be4f75a2ddaae7f5ad4c4b57dcb8f2c9ad514bcaa418e9672df9b22758,1297121,"/home/lab_726/boom/hls_boom/boom_hls_gate5_3_fetch_buffer_b3i_core_synth_core_step_top/solution_module/.autopilot/db/decode_module.bind.adb.xml",REVIEW,"duplicate large artifact; no automatic deletion"
cd5014be4f75a2ddaae7f5ad4c4b57dcb8f2c9ad514bcaa418e9672df9b22758,1297121,"/home/lab_726/boom/hls_boom/build/gate5_3_fetch_buffer/b3i/regression/w3_w4_focused/hls_core_step_retention_project/solution_w4_rtl/.autopilot/db/decode_module.adb.xml",REVIEW,"duplicate large artifact; no automatic deletion"
cd5014be4f75a2ddaae7f5ad4c4b57dcb8f2c9ad514bcaa418e9672df9b22758,1297121,"/home/lab_726/boom/hls_boom/build/gate5_3_fetch_buffer/b3i/regression/w3_w4_focused/hls_core_step_retention_project/solution_w4_rtl/.autopilot/db/decode_module.bind.adb.xml",REVIEW,"duplicate large artifact; no automatic deletion"
cd80b649f09fc3e5078944ba7cfb9d51941bb0b86a1448f12d50461283f43fa0,1379376,"/home/lab_726/boom/hls_boom/boom_hls_gate5_3_fetch_buffer_b3i_core_synth_core_step_top/solution_module/impl/verilog/synth_core_step_top_completion_service_cycle.v",REVIEW,"duplicate large artifact; no automatic deletion"
cd80b649f09fc3e5078944ba7cfb9d51941bb0b86a1448f12d50461283f43fa0,1379376,"/home/lab_726/boom/hls_boom/boom_hls_gate5_3_fetch_buffer_b3i_core_synth_core_step_top/solution_module/syn/verilog/synth_core_step_top_completion_service_cycle.v",REVIEW,"duplicate large artifact; no automatic deletion"
ce2f3a779e06de83e77351bc402c2ce6a23e40b929d636f3df292b0a141ddce5,1295796,"/home/lab_726/boom/hls_boom/boom_hls_gate5_3_fetch_buffer_b3i_core_synth_core_step_top/solution_module/impl/verilog/synth_core_step_top_issue_module.v",REVIEW,"duplicate large artifact; no automatic deletion"
ce2f3a779e06de83e77351bc402c2ce6a23e40b929d636f3df292b0a141ddce5,1295796,"/home/lab_726/boom/hls_boom/boom_hls_gate5_3_fetch_buffer_b3i_core_synth_core_step_top/solution_module/syn/verilog/synth_core_step_top_issue_module.v",REVIEW,"duplicate large artifact; no automatic deletion"
cfc8a2bbdd14d6ed2ce484f1ba93fe79261a818be616166dbcbf7116e827b096,1950589,"/home/lab_726/boom/hls_boom/boom_hls_gate5_3_fetch_buffer_b3i_core_boom_core_top/solution_module/impl/verilog/boom_core_top_boom_core_step.v",REVIEW,"duplicate large artifact; no automatic deletion"
cfc8a2bbdd14d6ed2ce484f1ba93fe79261a818be616166dbcbf7116e827b096,1950589,"/home/lab_726/boom/hls_boom/boom_hls_gate5_3_fetch_buffer_b3i_core_boom_core_top/solution_module/syn/verilog/boom_core_top_boom_core_step.v",REVIEW,"duplicate large artifact; no automatic deletion"
cfc8a2bbdd14d6ed2ce484f1ba93fe79261a818be616166dbcbf7116e827b096,1950589,"/home/lab_726/boom/hls_boom/build/gate5_3_fetch_buffer/b3i/rtl/504781e9f4f4386f/boom_core_top_hls/solution_b3i/impl/verilog/boom_core_top_boom_core_step.v",REVIEW,"duplicate large artifact; no automatic deletion"
cfc8a2bbdd14d6ed2ce484f1ba93fe79261a818be616166dbcbf7116e827b096,1950589,"/home/lab_726/boom/hls_boom/build/gate5_3_fetch_buffer/b3i/rtl/504781e9f4f4386f/boom_core_top_hls/solution_b3i/syn/verilog/boom_core_top_boom_core_step.v",REVIEW,"duplicate large artifact; no automatic deletion"
d01244c36ce4db2140eb4ecfdad7dde292ebca0d788a58ac73d1f538828f69bd,1548528,"/home/lab_726/boom/hls_boom/boom_hls_gate5_3_fetch_buffer_b3i_synth_rob_top/solution_module/.autopilot/db/a.g",REVIEW,"duplicate large artifact; no automatic deletion"
d01244c36ce4db2140eb4ecfdad7dde292ebca0d788a58ac73d1f538828f69bd,1548528,"/home/lab_726/boom/hls_boom/boom_hls_gate5_3_fetch_buffer_b3i_synth_rob_top/solution_module/.autopilot/db/a.g.0.bc",REVIEW,"duplicate large artifact; no automatic deletion"
d01244c36ce4db2140eb4ecfdad7dde292ebca0d788a58ac73d1f538828f69bd,1548528,"/home/lab_726/boom/hls_boom/boom_hls_gate5_3_fetch_buffer_b3i_synth_rob_top/solution_module/.autopilot/db/a.g.bc",REVIEW,"duplicate large artifact; no automatic deletion"
d01244c36ce4db2140eb4ecfdad7dde292ebca0d788a58ac73d1f538828f69bd,1548528,"/home/lab_726/boom/hls_boom/boom_hls_gate5_3_fetch_buffer_b3i_synth_rob_top/solution_module/.autopilot/db/a.g.lto.bc",REVIEW,"duplicate large artifact; no automatic deletion"
d01244c36ce4db2140eb4ecfdad7dde292ebca0d788a58ac73d1f538828f69bd,1548528,"/home/lab_726/boom/hls_boom/boom_hls_gate5_3_fetch_buffer_b3i_synth_rob_top/solution_module/.autopilot/db/a.pp.bc",REVIEW,"duplicate large artifact; no automatic deletion"
d08cbe1c18b97fe512877080dd203c717ffbb3d9e8f4efe1357f9178ff6e2e5d,1911983,"/home/lab_726/boom/hls_boom/boom_hls_gate5_3_fetch_buffer_b2_core_boom_core_top/solution_module/impl/vhdl/boom_core_top_completion_service_cycle.vhd",REVIEW,"duplicate large artifact; no automatic deletion"
d08cbe1c18b97fe512877080dd203c717ffbb3d9e8f4efe1357f9178ff6e2e5d,1911983,"/home/lab_726/boom/hls_boom/boom_hls_gate5_3_fetch_buffer_b2_core_boom_core_top/solution_module/syn/vhdl/boom_core_top_completion_service_cycle.vhd",REVIEW,"duplicate large artifact; no automatic deletion"
d08cbe1c18b97fe512877080dd203c717ffbb3d9e8f4efe1357f9178ff6e2e5d,1911983,"/home/lab_726/boom/hls_boom/build/gate5_3_fetch_buffer/b2/phase_d/retry_20260816/boom_core_top_hls/solution_phase_d/impl/vhdl/boom_core_top_completion_service_cycle.vhd",REVIEW,"duplicate large artifact; no automatic deletion"
d08cbe1c18b97fe512877080dd203c717ffbb3d9e8f4efe1357f9178ff6e2e5d,1911983,"/home/lab_726/boom/hls_boom/build/gate5_3_fetch_buffer/b2/phase_d/retry_20260816/boom_core_top_hls/solution_phase_d/syn/vhdl/boom_core_top_completion_service_cycle.vhd",REVIEW,"duplicate large artifact; no automatic deletion"
d385fdc7026b324ff46f85f3b71143772a8fa695de71f8a4f7d3ee2f06c4ffcb,3100932,"/home/lab_726/boom/hls_boom/build/gate5_3_fetch_buffer/b2/regression/w3_w4_focused/hls_core_step_retention_project/solution_w4_rtl/.autopilot/db/a.g",REVIEW,"duplicate large artifact; no automatic deletion"
d385fdc7026b324ff46f85f3b71143772a8fa695de71f8a4f7d3ee2f06c4ffcb,3100932,"/home/lab_726/boom/hls_boom/build/gate5_3_fetch_buffer/b2/regression/w3_w4_focused/hls_core_step_retention_project/solution_w4_rtl/.autopilot/db/a.g.0.bc",REVIEW,"duplicate large artifact; no automatic deletion"
d385fdc7026b324ff46f85f3b71143772a8fa695de71f8a4f7d3ee2f06c4ffcb,3100932,"/home/lab_726/boom/hls_boom/build/gate5_3_fetch_buffer/b2/regression/w3_w4_focused/hls_core_step_retention_project/solution_w4_rtl/.autopilot/db/a.g.bc",REVIEW,"duplicate large artifact; no automatic deletion"
d385fdc7026b324ff46f85f3b71143772a8fa695de71f8a4f7d3ee2f06c4ffcb,3100932,"/home/lab_726/boom/hls_boom/build/gate5_3_fetch_buffer/b2/regression/w3_w4_focused/hls_core_step_retention_project/solution_w4_rtl/.autopilot/db/a.g.lto.bc",REVIEW,"duplicate large artifact; no automatic deletion"
d385fdc7026b324ff46f85f3b71143772a8fa695de71f8a4f7d3ee2f06c4ffcb,3100932,"/home/lab_726/boom/hls_boom/build/gate5_3_fetch_buffer/b2/regression/w3_w4_focused/hls_core_step_retention_project/solution_w4_rtl/.autopilot/db/a.pp.bc",REVIEW,"duplicate large artifact; no automatic deletion"
d3b7f771e89b0c603e07afe61f466e6b6ecea71704a60721bd3129eb1ac30d08,1074738,"/home/lab_726/boom/hls_boom/reports/gate4_0/w3/full_core_rtl/hls_project/solution_w3_full_core_rtl/.autopilot/db/compact_issue_queue.adb.xml",KEEP,"duplicate under reports is protected"
d3b7f771e89b0c603e07afe61f466e6b6ecea71704a60721bd3129eb1ac30d08,1074738,"/home/lab_726/boom/hls_boom/reports/gate4_0/w3/full_core_rtl/hls_project/solution_w3_full_core_rtl/.autopilot/db/compact_issue_queue.bind.adb.xml",KEEP,"duplicate under reports is protected"
d481b8550b443466216881dac36192e47de12215900ec96488c5f64727c0a791,1236024,"/home/lab_726/boom/hls_boom/boom_hls_gate5_3_fetch_buffer_b3i_core_synth_core_step_top/solution_module/impl/verilog/synth_core_step_top.v",REVIEW,"duplicate large artifact; no automatic deletion"
d481b8550b443466216881dac36192e47de12215900ec96488c5f64727c0a791,1236024,"/home/lab_726/boom/hls_boom/boom_hls_gate5_3_fetch_buffer_b3i_core_synth_core_step_top/solution_module/syn/verilog/synth_core_step_top.v",REVIEW,"duplicate large artifact; no automatic deletion"
d522b3e552294f371eae8de9edfa4254958418790d2bf2c017d34995e0016972,7732765,"/home/lab_726/boom/hls_boom/reports/gate4_0/w3/focused_rtl_work/hls_project/solution_w3_rtl/impl/vhdl/synth_w3_diagnostic_top.vhd",KEEP,"duplicate under reports is protected"
d522b3e552294f371eae8de9edfa4254958418790d2bf2c017d34995e0016972,7732765,"/home/lab_726/boom/hls_boom/reports/gate4_0/w3/focused_rtl_work/hls_project/solution_w3_rtl/syn/vhdl/synth_w3_diagnostic_top.vhd",KEEP,"duplicate under reports is protected"
d547fdc6fb18bc25366a7ae6afe0579c5b29fe8fcfba1ef1613e4f3f04dd17a1,1075185,"/home/lab_726/boom/hls_boom/build/gate5_3_fetch_buffer/b2/regression/w3_w4_focused/hls_project/solution_w4_rtl/.autopilot/db/compact_issue_queue.adb.xml",REVIEW,"duplicate large artifact; no automatic deletion"
d547fdc6fb18bc25366a7ae6afe0579c5b29fe8fcfba1ef1613e4f3f04dd17a1,1075185,"/home/lab_726/boom/hls_boom/build/gate5_3_fetch_buffer/b2/regression/w3_w4_focused/hls_project/solution_w4_rtl/.autopilot/db/compact_issue_queue.bind.adb.xml",REVIEW,"duplicate large artifact; no automatic deletion"
d58942d9f956e3bb98ce41a5ccfc9dd8f684cb53813d9043e4b6578ba3840acf,1906380,"/home/lab_726/boom/hls_boom/reports/gate4_0/w4/full_core_rtl/hls_project/solution_w4_full_core_rtl/.autopilot/db/a.g",KEEP,"duplicate under reports is protected"
d58942d9f956e3bb98ce41a5ccfc9dd8f684cb53813d9043e4b6578ba3840acf,1906380,"/home/lab_726/boom/hls_boom/reports/gate4_0/w4/full_core_rtl/hls_project/solution_w4_full_core_rtl/.autopilot/db/a.g.0.bc",KEEP,"duplicate under reports is protected"
d58942d9f956e3bb98ce41a5ccfc9dd8f684cb53813d9043e4b6578ba3840acf,1906380,"/home/lab_726/boom/hls_boom/reports/gate4_0/w4/full_core_rtl/hls_project/solution_w4_full_core_rtl/.autopilot/db/a.g.bc",KEEP,"duplicate under reports is protected"
d58942d9f956e3bb98ce41a5ccfc9dd8f684cb53813d9043e4b6578ba3840acf,1906380,"/home/lab_726/boom/hls_boom/reports/gate4_0/w4/full_core_rtl/hls_project/solution_w4_full_core_rtl/.autopilot/db/a.g.lto.bc",KEEP,"duplicate under reports is protected"
d58942d9f956e3bb98ce41a5ccfc9dd8f684cb53813d9043e4b6578ba3840acf,1906380,"/home/lab_726/boom/hls_boom/reports/gate4_0/w4/full_core_rtl/hls_project/solution_w4_full_core_rtl/.autopilot/db/a.pp.bc",KEEP,"duplicate under reports is protected"
d5b5d434f35fc4541280987eeff432dd1b73cc93403458211c9d42579493d30b,2844530,"/home/lab_726/boom/hls_boom/reports/gate3_8/baseline_artifacts/conservative_rtl/boom_core_top_boom_core_cycle_io.v",KEEP,"duplicate under reports is protected"
d5b5d434f35fc4541280987eeff432dd1b73cc93403458211c9d42579493d30b,2844530,"/home/lab_726/boom/hls_boom/reports/gate3_8/fixed_artifacts/conservative_rtl/boom_core_top_boom_core_cycle_io.v",KEEP,"duplicate under reports is protected"
d5b5d434f35fc4541280987eeff432dd1b73cc93403458211c9d42579493d30b,2844530,"/home/lab_726/boom/hls_boom/reports/gate3_9/baseline_artifacts/gate3_8_conservative_rtl/boom_core_top_boom_core_cycle_io.v",KEEP,"duplicate under reports is protected"
d81bbdbb7ccb289aa65bd8e0ab4e3836d51453a3081e5a57a6a3db272f766995,1242276,"/home/lab_726/boom/hls_boom/build/gate5_3_fetch_buffer/b3i/regression/w3_w4_focused/hls_project/solution_w4_rtl/.autopilot/db/begin_completion_cycle.adb.xml",REVIEW,"duplicate large artifact; no automatic deletion"
d81bbdbb7ccb289aa65bd8e0ab4e3836d51453a3081e5a57a6a3db272f766995,1242276,"/home/lab_726/boom/hls_boom/build/gate5_3_fetch_buffer/b3i/regression/w3_w4_focused/hls_project/solution_w4_rtl/.autopilot/db/begin_completion_cycle.bind.adb.xml",REVIEW,"duplicate large artifact; no automatic deletion"
d8ab3ce67042f38fd2e9643d63b47103da6620312ba52d7f07bfa11b1e5a42e6,1435301,"/home/lab_726/boom/hls_boom/boom_hls_gate5_3_fetch_buffer_b2_core_boom_core_top/solution_module/impl/vhdl/boom_core_top_boom_core_cycle_io.vhd",REVIEW,"duplicate large artifact; no automatic deletion"
d8ab3ce67042f38fd2e9643d63b47103da6620312ba52d7f07bfa11b1e5a42e6,1435301,"/home/lab_726/boom/hls_boom/boom_hls_gate5_3_fetch_buffer_b2_core_boom_core_top/solution_module/syn/vhdl/boom_core_top_boom_core_cycle_io.vhd",REVIEW,"duplicate large artifact; no automatic deletion"
d8ab3ce67042f38fd2e9643d63b47103da6620312ba52d7f07bfa11b1e5a42e6,1435301,"/home/lab_726/boom/hls_boom/build/gate5_3_fetch_buffer/b2/phase_d/retry_20260816/boom_core_top_hls/solution_phase_d/impl/vhdl/boom_core_top_boom_core_cycle_io.vhd",REVIEW,"duplicate large artifact; no automatic deletion"
d8ab3ce67042f38fd2e9643d63b47103da6620312ba52d7f07bfa11b1e5a42e6,1435301,"/home/lab_726/boom/hls_boom/build/gate5_3_fetch_buffer/b2/phase_d/retry_20260816/boom_core_top_hls/solution_phase_d/syn/vhdl/boom_core_top_boom_core_cycle_io.vhd",REVIEW,"duplicate large artifact; no automatic deletion"
da2253f9243c4198717231fe23b4ef4488baa0816dcce40954e4f94a16c47cac,1909468,"/home/lab_726/boom/hls_boom/test_all_min/sol1/.autopilot/db/a.g.1.bc",REVIEW,"duplicate large artifact; no automatic deletion"
da2253f9243c4198717231fe23b4ef4488baa0816dcce40954e4f94a16c47cac,1909468,"/home/lab_726/boom/hls_boom/test_all_min/sol1/.autopilot/db/a.o.1.bc",REVIEW,"duplicate large artifact; no automatic deletion"
daade288c778afd9872093bdef90b2af9d12b4a111193dad802a8a64e02ac140,1740589,"/home/lab_726/boom/hls_boom/reports/gate4_0/w4/full_core_rtl/hls_project/solution_w4_full_core_rtl/.autopilot/db/boom_core_top.adb.xml",KEEP,"duplicate under reports is protected"
daade288c778afd9872093bdef90b2af9d12b4a111193dad802a8a64e02ac140,1740589,"/home/lab_726/boom/hls_boom/reports/gate4_0/w4/full_core_rtl/hls_project/solution_w4_full_core_rtl/.autopilot/db/boom_core_top.bind.adb.xml",KEEP,"duplicate under reports is protected"
dafd53587d1c02b553cbc47bf23ef22df09d29aa150508a199e7b957c7942ea2,1984847,"/home/lab_726/boom/hls_boom/build/gate5_3_fetch_buffer/b2/regression/w3_w4_focused/hls_project/solution_w4_rtl/impl/verilog/synth_w4d_oracle_top.v",REVIEW,"duplicate large artifact; no automatic deletion"
dafd53587d1c02b553cbc47bf23ef22df09d29aa150508a199e7b957c7942ea2,1984847,"/home/lab_726/boom/hls_boom/build/gate5_3_fetch_buffer/b2/regression/w3_w4_focused/hls_project/solution_w4_rtl/syn/verilog/synth_w4d_oracle_top.v",REVIEW,"duplicate large artifact; no automatic deletion"
df62209c2f487911447c65a1accc4ab7480066c4eda3e3529e29ebc6180076cc,1476079,"/home/lab_726/boom/hls_boom/boom_hls_gate5_3_fetch_buffer_b3i_core_boom_core_top/solution_module/impl/vhdl/boom_core_top_boom_core_cycle_io.vhd",REVIEW,"duplicate large artifact; no automatic deletion"
df62209c2f487911447c65a1accc4ab7480066c4eda3e3529e29ebc6180076cc,1476079,"/home/lab_726/boom/hls_boom/boom_hls_gate5_3_fetch_buffer_b3i_core_boom_core_top/solution_module/syn/vhdl/boom_core_top_boom_core_cycle_io.vhd",REVIEW,"duplicate large artifact; no automatic deletion"
df62209c2f487911447c65a1accc4ab7480066c4eda3e3529e29ebc6180076cc,1476079,"/home/lab_726/boom/hls_boom/build/gate5_3_fetch_buffer/b3i/rtl/504781e9f4f4386f/boom_core_top_hls/solution_b3i/impl/vhdl/boom_core_top_boom_core_cycle_io.vhd",REVIEW,"duplicate large artifact; no automatic deletion"
df62209c2f487911447c65a1accc4ab7480066c4eda3e3529e29ebc6180076cc,1476079,"/home/lab_726/boom/hls_boom/build/gate5_3_fetch_buffer/b3i/rtl/504781e9f4f4386f/boom_core_top_hls/solution_b3i/syn/vhdl/boom_core_top_boom_core_cycle_io.vhd",REVIEW,"duplicate large artifact; no automatic deletion"
e0d41a54684f2db0563c1ea68b6c3702d58599feb79af42cdd1b13477cc11c64,1937901,"/home/lab_726/boom/hls_boom/build/gate5_3_fetch_buffer/b3i/rtl/8184e5696fcbbfff/boom_core_top_hls/solution_b3i/impl/vhdl/boom_core_top_issue_module.vhd",REVIEW,"duplicate large artifact; no automatic deletion"
e0d41a54684f2db0563c1ea68b6c3702d58599feb79af42cdd1b13477cc11c64,1937901,"/home/lab_726/boom/hls_boom/build/gate5_3_fetch_buffer/b3i/rtl/8184e5696fcbbfff/boom_core_top_hls/solution_b3i/syn/vhdl/boom_core_top_issue_module.vhd",REVIEW,"duplicate large artifact; no automatic deletion"
e0e20daae7f1e6e17dae55acb3727890a7d78ec606725b35eb2d1e2bc702395e,1295592,"/home/lab_726/boom/hls_boom/boom_hls_gate5_3_fetch_buffer_b3i_core_boom_core_top/solution_module/impl/verilog/boom_core_top_issue_module.v",REVIEW,"duplicate large artifact; no automatic deletion"
e0e20daae7f1e6e17dae55acb3727890a7d78ec606725b35eb2d1e2bc702395e,1295592,"/home/lab_726/boom/hls_boom/boom_hls_gate5_3_fetch_buffer_b3i_core_boom_core_top/solution_module/syn/verilog/boom_core_top_issue_module.v",REVIEW,"duplicate large artifact; no automatic deletion"
e0e20daae7f1e6e17dae55acb3727890a7d78ec606725b35eb2d1e2bc702395e,1295592,"/home/lab_726/boom/hls_boom/build/gate5_3_fetch_buffer/b3i/rtl/504781e9f4f4386f/boom_core_top_hls/solution_b3i/impl/verilog/boom_core_top_issue_module.v",REVIEW,"duplicate large artifact; no automatic deletion"
e0e20daae7f1e6e17dae55acb3727890a7d78ec606725b35eb2d1e2bc702395e,1295592,"/home/lab_726/boom/hls_boom/build/gate5_3_fetch_buffer/b3i/rtl/504781e9f4f4386f/boom_core_top_hls/solution_b3i/syn/verilog/boom_core_top_issue_module.v",REVIEW,"duplicate large artifact; no automatic deletion"
e1575e3d5dcb82bb5281de6d130401ebd077c82df6ff97809894b56463f6a898,1862756,"/home/lab_726/boom/hls_boom/test_merged/sol1/.autopilot/db/a.g",REVIEW,"duplicate large artifact; no automatic deletion"
e1575e3d5dcb82bb5281de6d130401ebd077c82df6ff97809894b56463f6a898,1862756,"/home/lab_726/boom/hls_boom/test_merged/sol1/.autopilot/db/a.g.0.bc",REVIEW,"duplicate large artifact; no automatic deletion"
e1575e3d5dcb82bb5281de6d130401ebd077c82df6ff97809894b56463f6a898,1862756,"/home/lab_726/boom/hls_boom/test_merged/sol1/.autopilot/db/a.g.bc",REVIEW,"duplicate large artifact; no automatic deletion"
e1575e3d5dcb82bb5281de6d130401ebd077c82df6ff97809894b56463f6a898,1862756,"/home/lab_726/boom/hls_boom/test_merged/sol1/.autopilot/db/a.g.lto.bc",REVIEW,"duplicate large artifact; no automatic deletion"
e1575e3d5dcb82bb5281de6d130401ebd077c82df6ff97809894b56463f6a898,1862756,"/home/lab_726/boom/hls_boom/test_merged/sol1/.autopilot/db/a.pp.bc",REVIEW,"duplicate large artifact; no automatic deletion"
e39b42b82ee2791190ae68da6e6198cd574f79fb4b4cc2a04c5c9d0d6e1854ef,1803664,"/home/lab_726/boom/hls_boom/build/gate5_3_fetch_buffer/b3i/regression/m3c_focused_rtl/projects/synth_m3c_rv64m_top/solution_gate4_1_m3c_rtl/.autopilot/db/a.g",REVIEW,"duplicate large artifact; no automatic deletion"
e39b42b82ee2791190ae68da6e6198cd574f79fb4b4cc2a04c5c9d0d6e1854ef,1803664,"/home/lab_726/boom/hls_boom/build/gate5_3_fetch_buffer/b3i/regression/m3c_focused_rtl/projects/synth_m3c_rv64m_top/solution_gate4_1_m3c_rtl/.autopilot/db/a.g.0.bc",REVIEW,"duplicate large artifact; no automatic deletion"
e39b42b82ee2791190ae68da6e6198cd574f79fb4b4cc2a04c5c9d0d6e1854ef,1803664,"/home/lab_726/boom/hls_boom/build/gate5_3_fetch_buffer/b3i/regression/m3c_focused_rtl/projects/synth_m3c_rv64m_top/solution_gate4_1_m3c_rtl/.autopilot/db/a.g.bc",REVIEW,"duplicate large artifact; no automatic deletion"
e39b42b82ee2791190ae68da6e6198cd574f79fb4b4cc2a04c5c9d0d6e1854ef,1803664,"/home/lab_726/boom/hls_boom/build/gate5_3_fetch_buffer/b3i/regression/m3c_focused_rtl/projects/synth_m3c_rv64m_top/solution_gate4_1_m3c_rtl/.autopilot/db/a.g.lto.bc",REVIEW,"duplicate large artifact; no automatic deletion"
e39b42b82ee2791190ae68da6e6198cd574f79fb4b4cc2a04c5c9d0d6e1854ef,1803664,"/home/lab_726/boom/hls_boom/build/gate5_3_fetch_buffer/b3i/regression/m3c_focused_rtl/projects/synth_m3c_rv64m_top/solution_gate4_1_m3c_rtl/.autopilot/db/a.pp.bc",REVIEW,"duplicate large artifact; no automatic deletion"
e4b4e7dd3b2aacf8f55f07bd9284ca61c9425745211a933bd27581e99d0a6a96,3640157,"/home/lab_726/boom/hls_boom/reports/gate4_0/w3/focused_rtl_work/hls_completion_project/solution_w3_rtl/impl/vhdl/synth_w3_completion_diagnostic_top.vhd",KEEP,"duplicate under reports is protected"
e4b4e7dd3b2aacf8f55f07bd9284ca61c9425745211a933bd27581e99d0a6a96,3640157,"/home/lab_726/boom/hls_boom/reports/gate4_0/w3/focused_rtl_work/hls_completion_project/solution_w3_rtl/syn/vhdl/synth_w3_completion_diagnostic_top.vhd",KEEP,"duplicate under reports is protected"
e4e49c409d07ab17339e429c700f262cb2837f68f474eadc664d7c3ecae14d09,1192784,"/home/lab_726/boom/hls_boom/boom_hls_gate5_3_b2_phase_e_frontend_synth_frontend_verify_top/solution_module/.autopilot/db/a.g",REVIEW,"duplicate large artifact; no automatic deletion"
e4e49c409d07ab17339e429c700f262cb2837f68f474eadc664d7c3ecae14d09,1192784,"/home/lab_726/boom/hls_boom/boom_hls_gate5_3_b2_phase_e_frontend_synth_frontend_verify_top/solution_module/.autopilot/db/a.g.0.bc",REVIEW,"duplicate large artifact; no automatic deletion"
e4e49c409d07ab17339e429c700f262cb2837f68f474eadc664d7c3ecae14d09,1192784,"/home/lab_726/boom/hls_boom/boom_hls_gate5_3_b2_phase_e_frontend_synth_frontend_verify_top/solution_module/.autopilot/db/a.g.bc",REVIEW,"duplicate large artifact; no automatic deletion"
e4e49c409d07ab17339e429c700f262cb2837f68f474eadc664d7c3ecae14d09,1192784,"/home/lab_726/boom/hls_boom/boom_hls_gate5_3_b2_phase_e_frontend_synth_frontend_verify_top/solution_module/.autopilot/db/a.g.lto.bc",REVIEW,"duplicate large artifact; no automatic deletion"
e4e49c409d07ab17339e429c700f262cb2837f68f474eadc664d7c3ecae14d09,1192784,"/home/lab_726/boom/hls_boom/boom_hls_gate5_3_b2_phase_e_frontend_synth_frontend_verify_top/solution_module/.autopilot/db/a.pp.bc",REVIEW,"duplicate large artifact; no automatic deletion"
e57462debd8028f1ffefbdc13e53b6a022bf12fb3e7dd9d5318eb7e181453b15,3776166,"/home/lab_726/boom/hls_boom/build/gate5_3_fetch_buffer/b3i/regression/w3_w4_focused/hls_core_step_retention_project/solution_w4_rtl/impl/vhdl/synth_w4_core_step_retention_top.vhd",REVIEW,"duplicate large artifact; no automatic deletion"
e57462debd8028f1ffefbdc13e53b6a022bf12fb3e7dd9d5318eb7e181453b15,3776166,"/home/lab_726/boom/hls_boom/build/gate5_3_fetch_buffer/b3i/regression/w3_w4_focused/hls_core_step_retention_project/solution_w4_rtl/syn/vhdl/synth_w4_core_step_retention_top.vhd",REVIEW,"duplicate large artifact; no automatic deletion"
e59a79b1d746a16eacc8e1138b87fb8c23aa4e950ebbbe63e436a1ec942d3a5a,4281789,"/home/lab_726/boom/hls_boom/boom_hls_gate5_3_fetch_buffer_b2_core_boom_core_top/solution_module/.autopilot/db/burst.xml",REVIEW,"duplicate large artifact; no automatic deletion"
e59a79b1d746a16eacc8e1138b87fb8c23aa4e950ebbbe63e436a1ec942d3a5a,4281789,"/home/lab_726/boom/hls_boom/build/gate5_3_fetch_buffer/b2/phase_d/retry_20260816/boom_core_top_hls/solution_phase_d/.autopilot/db/burst.xml",REVIEW,"duplicate large artifact; no automatic deletion"
e6226641daf5155f061b13e5598e89e23e5a1bbb62a245454d3f6b32a1a0bd6e,1081416,"/home/lab_726/boom/hls_boom/boom_hls_gate5_3_fetch_buffer_b2_synth_frontend_top/solution_module/.autopilot/db/a.g",REVIEW,"duplicate large artifact; no automatic deletion"
e6226641daf5155f061b13e5598e89e23e5a1bbb62a245454d3f6b32a1a0bd6e,1081416,"/home/lab_726/boom/hls_boom/boom_hls_gate5_3_fetch_buffer_b2_synth_frontend_top/solution_module/.autopilot/db/a.g.0.bc",REVIEW,"duplicate large artifact; no automatic deletion"
e6226641daf5155f061b13e5598e89e23e5a1bbb62a245454d3f6b32a1a0bd6e,1081416,"/home/lab_726/boom/hls_boom/boom_hls_gate5_3_fetch_buffer_b2_synth_frontend_top/solution_module/.autopilot/db/a.g.bc",REVIEW,"duplicate large artifact; no automatic deletion"
e6226641daf5155f061b13e5598e89e23e5a1bbb62a245454d3f6b32a1a0bd6e,1081416,"/home/lab_726/boom/hls_boom/boom_hls_gate5_3_fetch_buffer_b2_synth_frontend_top/solution_module/.autopilot/db/a.g.lto.bc",REVIEW,"duplicate large artifact; no automatic deletion"
e6226641daf5155f061b13e5598e89e23e5a1bbb62a245454d3f6b32a1a0bd6e,1081416,"/home/lab_726/boom/hls_boom/boom_hls_gate5_3_fetch_buffer_b2_synth_frontend_top/solution_module/.autopilot/db/a.pp.bc",REVIEW,"duplicate large artifact; no automatic deletion"
ea02e0201d8a86af72dacf0e1c74d9ba38a10a879aee56c64e514f934556519f,2171865,"/home/lab_726/boom/hls_boom/boom_hls_gate5_3_fetch_buffer_b2_core_synth_core_step_top/solution_module/.autopilot/db/synth_core_step_top.adb.xml",REVIEW,"duplicate large artifact; no automatic deletion"
ea02e0201d8a86af72dacf0e1c74d9ba38a10a879aee56c64e514f934556519f,2171865,"/home/lab_726/boom/hls_boom/boom_hls_gate5_3_fetch_buffer_b2_core_synth_core_step_top/solution_module/.autopilot/db/synth_core_step_top.bind.adb.xml",REVIEW,"duplicate large artifact; no automatic deletion"
ea9a486051648ef2aba33a19ec0cadf88d1163942d66bd050e3e469f9065e85f,2900028,"/home/lab_726/boom/hls_boom/build/gate5_3_fetch_buffer/b3i/regression/w3_w4_focused/w3_current/hls_dual_pending_project/solution_w3_rtl/.autopilot/db/a.g",REVIEW,"duplicate large artifact; no automatic deletion"
ea9a486051648ef2aba33a19ec0cadf88d1163942d66bd050e3e469f9065e85f,2900028,"/home/lab_726/boom/hls_boom/build/gate5_3_fetch_buffer/b3i/regression/w3_w4_focused/w3_current/hls_dual_pending_project/solution_w3_rtl/.autopilot/db/a.g.0.bc",REVIEW,"duplicate large artifact; no automatic deletion"
ea9a486051648ef2aba33a19ec0cadf88d1163942d66bd050e3e469f9065e85f,2900028,"/home/lab_726/boom/hls_boom/build/gate5_3_fetch_buffer/b3i/regression/w3_w4_focused/w3_current/hls_dual_pending_project/solution_w3_rtl/.autopilot/db/a.g.bc",REVIEW,"duplicate large artifact; no automatic deletion"
ea9a486051648ef2aba33a19ec0cadf88d1163942d66bd050e3e469f9065e85f,2900028,"/home/lab_726/boom/hls_boom/build/gate5_3_fetch_buffer/b3i/regression/w3_w4_focused/w3_current/hls_dual_pending_project/solution_w3_rtl/.autopilot/db/a.g.lto.bc",REVIEW,"duplicate large artifact; no automatic deletion"
ea9a486051648ef2aba33a19ec0cadf88d1163942d66bd050e3e469f9065e85f,2900028,"/home/lab_726/boom/hls_boom/build/gate5_3_fetch_buffer/b3i/regression/w3_w4_focused/w3_current/hls_dual_pending_project/solution_w3_rtl/.autopilot/db/a.pp.bc",REVIEW,"duplicate large artifact; no automatic deletion"
eb1d31f2e8ce1a9e68bcc96bffbaecdbe22b2b254e241ea9eb6c000ddbcddd75,1078134,"/home/lab_726/boom/hls_boom/build/gate5_3_fetch_buffer/b3i/regression/w3_w4_focused/hls_core_step_retention_project/solution_w4_rtl/.autopilot/db/compact_iq.adb.xml",REVIEW,"duplicate large artifact; no automatic deletion"
eb1d31f2e8ce1a9e68bcc96bffbaecdbe22b2b254e241ea9eb6c000ddbcddd75,1078134,"/home/lab_726/boom/hls_boom/build/gate5_3_fetch_buffer/b3i/regression/w3_w4_focused/hls_core_step_retention_project/solution_w4_rtl/.autopilot/db/compact_iq.bind.adb.xml",REVIEW,"duplicate large artifact; no automatic deletion"
ec12b6d4d53bba02284303d4da80258a2647182d1cc7a5336dd3927e4a92fd08,1893410,"/home/lab_726/boom/hls_boom/boom_hls_gate5_3_fetch_buffer_b2_core_synth_core_step_top/solution_module/impl/verilog/synth_core_step_top_boom_core_step.v",REVIEW,"duplicate large artifact; no automatic deletion"
ec12b6d4d53bba02284303d4da80258a2647182d1cc7a5336dd3927e4a92fd08,1893410,"/home/lab_726/boom/hls_boom/boom_hls_gate5_3_fetch_buffer_b2_core_synth_core_step_top/solution_module/syn/verilog/synth_core_step_top_boom_core_step.v",REVIEW,"duplicate large artifact; no automatic deletion"
ece2455f3a5e7cb632847e9bd0845c362e225e257eb97e81cf953a7712a6e4ff,2429549,"/home/lab_726/boom/hls_boom/boom_hls_gate5_3_fetch_buffer_b3i_core_boom_core_top/solution_module/impl/vhdl/boom_core_top.vhd",REVIEW,"duplicate large artifact; no automatic deletion"
ece2455f3a5e7cb632847e9bd0845c362e225e257eb97e81cf953a7712a6e4ff,2429549,"/home/lab_726/boom/hls_boom/boom_hls_gate5_3_fetch_buffer_b3i_core_boom_core_top/solution_module/syn/vhdl/boom_core_top.vhd",REVIEW,"duplicate large artifact; no automatic deletion"
ece2455f3a5e7cb632847e9bd0845c362e225e257eb97e81cf953a7712a6e4ff,2429549,"/home/lab_726/boom/hls_boom/build/gate5_3_fetch_buffer/b3i/rtl/504781e9f4f4386f/boom_core_top_hls/solution_b3i/impl/vhdl/boom_core_top.vhd",REVIEW,"duplicate large artifact; no automatic deletion"
ece2455f3a5e7cb632847e9bd0845c362e225e257eb97e81cf953a7712a6e4ff,2429549,"/home/lab_726/boom/hls_boom/build/gate5_3_fetch_buffer/b3i/rtl/504781e9f4f4386f/boom_core_top_hls/solution_b3i/syn/vhdl/boom_core_top.vhd",REVIEW,"duplicate large artifact; no automatic deletion"
ef4e6790ad4c6459945a7051443e406e8c30a47f95a2c64847e353d92d420b09,3730421,"/home/lab_726/boom/hls_boom/build/gate5_3_fetch_buffer/b2/regression/w3_w4_focused/hls_core_step_retention_project/solution_w4_rtl/impl/vhdl/synth_w4_core_step_retention_top.vhd",REVIEW,"duplicate large artifact; no automatic deletion"
ef4e6790ad4c6459945a7051443e406e8c30a47f95a2c64847e353d92d420b09,3730421,"/home/lab_726/boom/hls_boom/build/gate5_3_fetch_buffer/b2/regression/w3_w4_focused/hls_core_step_retention_project/solution_w4_rtl/syn/vhdl/synth_w4_core_step_retention_top.vhd",REVIEW,"duplicate large artifact; no automatic deletion"
ef631e81d3f6c440e297fa048113d8263de911eb898833eb5d876e7a6b47523b,1078134,"/home/lab_726/boom/hls_boom/boom_hls_gate5_3_fetch_buffer_b2_core_synth_core_step_top/solution_module/.autopilot/db/compact_iq.adb.xml",REVIEW,"duplicate large artifact; no automatic deletion"
ef631e81d3f6c440e297fa048113d8263de911eb898833eb5d876e7a6b47523b,1078134,"/home/lab_726/boom/hls_boom/boom_hls_gate5_3_fetch_buffer_b2_core_synth_core_step_top/solution_module/.autopilot/db/compact_iq.bind.adb.xml",REVIEW,"duplicate large artifact; no automatic deletion"
ef805e4d7e227a38d2261fb259278b0e7221c6b984edd30dc0fc6f122a4f464e,1296244,"/home/lab_726/boom/hls_boom/build/gate5_3_fetch_buffer/b3i/regression/w3_w4_focused/hls_core_step_retention_project/solution_w4_rtl/impl/verilog/synth_w4_core_step_retention_top_issue_module.v",REVIEW,"duplicate large artifact; no automatic deletion"
ef805e4d7e227a38d2261fb259278b0e7221c6b984edd30dc0fc6f122a4f464e,1296244,"/home/lab_726/boom/hls_boom/build/gate5_3_fetch_buffer/b3i/regression/w3_w4_focused/hls_core_step_retention_project/solution_w4_rtl/syn/verilog/synth_w4_core_step_retention_top_issue_module.v",REVIEW,"duplicate large artifact; no automatic deletion"
f27ae1c40aa1d1ba7359585e464b92e3e95dd2dad6fb7730ba9dfec778dcbe60,1297121,"/home/lab_726/boom/hls_boom/build/gate5_3_fetch_buffer/b3i/rtl/8184e5696fcbbfff/boom_core_top_hls/solution_b3i/.autopilot/db/decode_module.adb.xml",REVIEW,"duplicate large artifact; no automatic deletion"
f27ae1c40aa1d1ba7359585e464b92e3e95dd2dad6fb7730ba9dfec778dcbe60,1297121,"/home/lab_726/boom/hls_boom/build/gate5_3_fetch_buffer/b3i/rtl/8184e5696fcbbfff/boom_core_top_hls/solution_b3i/.autopilot/db/decode_module.bind.adb.xml",REVIEW,"duplicate large artifact; no automatic deletion"
f409360a074db48a5d3bec01ccc4c8259244778e6510772ca3c7db4b47bf3402,2326980,"/home/lab_726/boom/hls_boom/boom_hls_gate5_3_fetch_buffer_b3i_core_synth_core_step_top/solution_module/.autopilot/db/a.g",REVIEW,"duplicate large artifact; no automatic deletion"
f409360a074db48a5d3bec01ccc4c8259244778e6510772ca3c7db4b47bf3402,2326980,"/home/lab_726/boom/hls_boom/boom_hls_gate5_3_fetch_buffer_b3i_core_synth_core_step_top/solution_module/.autopilot/db/a.g.0.bc",REVIEW,"duplicate large artifact; no automatic deletion"
f409360a074db48a5d3bec01ccc4c8259244778e6510772ca3c7db4b47bf3402,2326980,"/home/lab_726/boom/hls_boom/boom_hls_gate5_3_fetch_buffer_b3i_core_synth_core_step_top/solution_module/.autopilot/db/a.g.bc",REVIEW,"duplicate large artifact; no automatic deletion"
f409360a074db48a5d3bec01ccc4c8259244778e6510772ca3c7db4b47bf3402,2326980,"/home/lab_726/boom/hls_boom/boom_hls_gate5_3_fetch_buffer_b3i_core_synth_core_step_top/solution_module/.autopilot/db/a.g.lto.bc",REVIEW,"duplicate large artifact; no automatic deletion"
f409360a074db48a5d3bec01ccc4c8259244778e6510772ca3c7db4b47bf3402,2326980,"/home/lab_726/boom/hls_boom/boom_hls_gate5_3_fetch_buffer_b3i_core_synth_core_step_top/solution_module/.autopilot/db/a.pp.bc",REVIEW,"duplicate large artifact; no automatic deletion"
f4f85000500c80589e96041228782f41c47e10868a706cde266523249304eb63,1270510,"/home/lab_726/boom/hls_boom/reports/gate4_0/w4/full_core_rtl/hls_project/solution_w4_full_core_rtl/impl/verilog/boom_core_top_completion_service_cycle.v",KEEP,"duplicate under reports is protected"
f4f85000500c80589e96041228782f41c47e10868a706cde266523249304eb63,1270510,"/home/lab_726/boom/hls_boom/reports/gate4_0/w4/full_core_rtl/hls_project/solution_w4_full_core_rtl/syn/verilog/boom_core_top_completion_service_cycle.v",KEEP,"duplicate under reports is protected"
f57e35391b9bfcfbd86dcaec96b80c4d03fd6813e7299909427b0e8c7df970c4,1904632,"/home/lab_726/boom/hls_boom/test_final2/sol1/.autopilot/db/a.g.1.bc",REVIEW,"duplicate large artifact; no automatic deletion"
f57e35391b9bfcfbd86dcaec96b80c4d03fd6813e7299909427b0e8c7df970c4,1904632,"/home/lab_726/boom/hls_boom/test_final2/sol1/.autopilot/db/a.o.1.bc",REVIEW,"duplicate large artifact; no automatic deletion"
f6971a7c964917eda1a82b4e2f4cd76ea0cc9109ff93889251c8c635acddf198,1691904,"/home/lab_726/boom/hls_boom/build/gate5_3_fetch_buffer/b2/regression/w3_w4_focused/w3_current/hls_branch_kill_project/solution_w3_rtl/.autopilot/db/a.g.1.bc",REVIEW,"duplicate large artifact; no automatic deletion"
f6971a7c964917eda1a82b4e2f4cd76ea0cc9109ff93889251c8c635acddf198,1691904,"/home/lab_726/boom/hls_boom/build/gate5_3_fetch_buffer/b2/regression/w3_w4_focused/w3_current/hls_branch_kill_project/solution_w3_rtl/.autopilot/db/a.o.1.bc",REVIEW,"duplicate large artifact; no automatic deletion"
f709e9016151f742982bbe89c2e13d106b6227c47d74367055b16914eb6f17d0,2725780,"/home/lab_726/boom/hls_boom/reports/gate4_0/w3/focused_rtl_work/hls_rob_wrap_project/solution_w3_rtl/.autopilot/db/a.g",KEEP,"duplicate under reports is protected"
f709e9016151f742982bbe89c2e13d106b6227c47d74367055b16914eb6f17d0,2725780,"/home/lab_726/boom/hls_boom/reports/gate4_0/w3/focused_rtl_work/hls_rob_wrap_project/solution_w3_rtl/.autopilot/db/a.g.0.bc",KEEP,"duplicate under reports is protected"
f709e9016151f742982bbe89c2e13d106b6227c47d74367055b16914eb6f17d0,2725780,"/home/lab_726/boom/hls_boom/reports/gate4_0/w3/focused_rtl_work/hls_rob_wrap_project/solution_w3_rtl/.autopilot/db/a.g.bc",KEEP,"duplicate under reports is protected"
f709e9016151f742982bbe89c2e13d106b6227c47d74367055b16914eb6f17d0,2725780,"/home/lab_726/boom/hls_boom/reports/gate4_0/w3/focused_rtl_work/hls_rob_wrap_project/solution_w3_rtl/.autopilot/db/a.g.lto.bc",KEEP,"duplicate under reports is protected"
f709e9016151f742982bbe89c2e13d106b6227c47d74367055b16914eb6f17d0,2725780,"/home/lab_726/boom/hls_boom/reports/gate4_0/w3/focused_rtl_work/hls_rob_wrap_project/solution_w3_rtl/.autopilot/db/a.pp.bc",KEEP,"duplicate under reports is protected"
f7207537ef649907d44419f426536e02bc7b50f8fc0dddf5231ea8e1226b5f99,5580570,"/home/lab_726/boom/hls_boom/test_final_audit/sol1/impl/verilog/boom_core_top_boom_core_step.v",REVIEW,"duplicate large artifact; no automatic deletion"
f7207537ef649907d44419f426536e02bc7b50f8fc0dddf5231ea8e1226b5f99,5580570,"/home/lab_726/boom/hls_boom/test_final_audit/sol1/syn/verilog/boom_core_top_boom_core_step.v",REVIEW,"duplicate large artifact; no automatic deletion"
f92acd5251648690dd1461389ec620f20746da6b2c52f28039e6fcf86f26fba8,1145811,"/home/lab_726/boom/hls_boom/build/gate5_3_fetch_buffer/b3i/rtl/8184e5696fcbbfff/boom_core_top_hls/solution_b3i/impl/verilog/boom_core_top_boom_core_cycle_io.v",REVIEW,"duplicate large artifact; no automatic deletion"
f92acd5251648690dd1461389ec620f20746da6b2c52f28039e6fcf86f26fba8,1145811,"/home/lab_726/boom/hls_boom/build/gate5_3_fetch_buffer/b3i/rtl/8184e5696fcbbfff/boom_core_top_hls/solution_b3i/syn/verilog/boom_core_top_boom_core_cycle_io.v",REVIEW,"duplicate large artifact; no automatic deletion"
f9379739e983b43c055794282bb19fc5875a23436c9eacc836e95ad1c045d7bd,2170344,"/home/lab_726/boom/hls_boom/scripts/boom_hls_csynth/solution_csynth/.autopilot/db/a.g",REVIEW,"duplicate large artifact; no automatic deletion"
f9379739e983b43c055794282bb19fc5875a23436c9eacc836e95ad1c045d7bd,2170344,"/home/lab_726/boom/hls_boom/scripts/boom_hls_csynth/solution_csynth/.autopilot/db/a.g.0.bc",REVIEW,"duplicate large artifact; no automatic deletion"
f9379739e983b43c055794282bb19fc5875a23436c9eacc836e95ad1c045d7bd,2170344,"/home/lab_726/boom/hls_boom/scripts/boom_hls_csynth/solution_csynth/.autopilot/db/a.g.bc",REVIEW,"duplicate large artifact; no automatic deletion"
f9379739e983b43c055794282bb19fc5875a23436c9eacc836e95ad1c045d7bd,2170344,"/home/lab_726/boom/hls_boom/scripts/boom_hls_csynth/solution_csynth/.autopilot/db/a.g.lto.bc",REVIEW,"duplicate large artifact; no automatic deletion"
f9379739e983b43c055794282bb19fc5875a23436c9eacc836e95ad1c045d7bd,2170344,"/home/lab_726/boom/hls_boom/scripts/boom_hls_csynth/solution_csynth/.autopilot/db/a.pp.bc",REVIEW,"duplicate large artifact; no automatic deletion"
f9e8db494fac7b40a55936fefa5d0dc55448a4ca2a15c3764167ae23c4140068,1916266,"/home/lab_726/boom/hls_boom/build/gate5_3_fetch_buffer/b2/regression/w3_w4_focused/hls_core_step_retention_project/solution_w4_rtl/impl/vhdl/synth_w4_core_step_retention_top_completion_service_cycle.vhd",REVIEW,"duplicate large artifact; no automatic deletion"
f9e8db494fac7b40a55936fefa5d0dc55448a4ca2a15c3764167ae23c4140068,1916266,"/home/lab_726/boom/hls_boom/build/gate5_3_fetch_buffer/b2/regression/w3_w4_focused/hls_core_step_retention_project/solution_w4_rtl/syn/vhdl/synth_w4_core_step_retention_top_completion_service_cycle.vhd",REVIEW,"duplicate large artifact; no automatic deletion"
f9edcec93e090fcffbdef600294ef68b23ce1260f29afd6a9241bb78f87570ad,1284634,"/home/lab_726/boom/hls_boom/build/gate5_3_fetch_buffer/b3i/regression/m3c_focused_rtl/projects/synth_m3c_rv64m_top/solution_gate4_1_m3c_rtl/impl/vhdl/synth_m3c_rv64m_top_begin_completion_cycle.vhd",REVIEW,"duplicate large artifact; no automatic deletion"
f9edcec93e090fcffbdef600294ef68b23ce1260f29afd6a9241bb78f87570ad,1284634,"/home/lab_726/boom/hls_boom/build/gate5_3_fetch_buffer/b3i/regression/m3c_focused_rtl/projects/synth_m3c_rv64m_top/solution_gate4_1_m3c_rtl/syn/vhdl/synth_m3c_rv64m_top_begin_completion_cycle.vhd",REVIEW,"duplicate large artifact; no automatic deletion"
fa37f64e0da7d5dbceca46166928bdbebacd4adee54c08daa13477786e2e764f,1413039,"/home/lab_726/boom/hls_boom/boom_hls_gate5_3_fetch_buffer_b3i_core_boom_core_top/solution_module/.autopilot/db/boom_core_top.sched.adb.xml",REVIEW,"duplicate large artifact; no automatic deletion"
fa37f64e0da7d5dbceca46166928bdbebacd4adee54c08daa13477786e2e764f,1413039,"/home/lab_726/boom/hls_boom/build/gate5_3_fetch_buffer/b3i/rtl/504781e9f4f4386f/boom_core_top_hls/solution_b3i/.autopilot/db/boom_core_top.sched.adb.xml",REVIEW,"duplicate large artifact; no automatic deletion"
fa9484ce787c4b53a349118a5886cec6ca0ee9c6cc628d66a84dd84690147f1e,7785057,"/home/lab_726/boom/hls_boom/build/gate5_3_fetch_buffer/b3i/regression/w3_w4_focused/w3_current/hls_branch_kill_project/solution_w3_rtl/.autopilot/db/synth_w3_branch_kill_top.adb.xml",REVIEW,"duplicate large artifact; no automatic deletion"
fa9484ce787c4b53a349118a5886cec6ca0ee9c6cc628d66a84dd84690147f1e,7785057,"/home/lab_726/boom/hls_boom/build/gate5_3_fetch_buffer/b3i/regression/w3_w4_focused/w3_current/hls_branch_kill_project/solution_w3_rtl/.autopilot/db/synth_w3_branch_kill_top.bind.adb.xml",REVIEW,"duplicate large artifact; no automatic deletion"
facc916b9dc1153eb92d5429df22268af3403ea386b3cd752d47b325b689835e,5688827,"/home/lab_726/boom/hls_boom/build/gate5_3_fetch_buffer/b3i/regression/w3_w4_focused/w3_current/hls_project/solution_w3_rtl/impl/vhdl/synth_w3_diagnostic_top.vhd",REVIEW,"duplicate large artifact; no automatic deletion"
facc916b9dc1153eb92d5429df22268af3403ea386b3cd752d47b325b689835e,5688827,"/home/lab_726/boom/hls_boom/build/gate5_3_fetch_buffer/b3i/regression/w3_w4_focused/w3_current/hls_project/solution_w3_rtl/syn/vhdl/synth_w3_diagnostic_top.vhd",REVIEW,"duplicate large artifact; no automatic deletion"
fcf564cf9fdbcb8c54487b3d4ecbe953fa6ed9a9a7d693d142fd26687438cd63,1909780,"/home/lab_726/boom/hls_boom/build/gate5_3_fetch_buffer/b3i/rtl/8184e5696fcbbfff/boom_core_top_hls/solution_b3i/.autopilot/db/a.g.1.bc",REVIEW,"duplicate large artifact; no automatic deletion"
fcf564cf9fdbcb8c54487b3d4ecbe953fa6ed9a9a7d693d142fd26687438cd63,1909780,"/home/lab_726/boom/hls_boom/build/gate5_3_fetch_buffer/b3i/rtl/8184e5696fcbbfff/boom_core_top_hls/solution_b3i/.autopilot/db/a.o.1.bc",REVIEW,"duplicate large artifact; no automatic deletion"
fd4d5ace5e1ba3e52795615a0736e1723d76f7501cdbeef04a9789a3bba57b37,3666196,"/home/lab_726/boom/hls_boom/build/gate5_3_fetch_buffer/b3i/regression/w3_w4_focused/w3_current/hls_project/solution_w3_rtl/impl/verilog/synth_w3_diagnostic_top.v",REVIEW,"duplicate large artifact; no automatic deletion"
fd4d5ace5e1ba3e52795615a0736e1723d76f7501cdbeef04a9789a3bba57b37,3666196,"/home/lab_726/boom/hls_boom/build/gate5_3_fetch_buffer/b3i/regression/w3_w4_focused/w3_current/hls_project/solution_w3_rtl/syn/verilog/synth_w3_diagnostic_top.v",REVIEW,"duplicate large artifact; no automatic deletion"
fd7263ed2700fdc191e61cbeaf3682fb3ccaf53367db8877cd7fed780170b284,2694158,"/home/lab_726/boom/hls_boom/build/gate5_3_fetch_buffer/b2/regression/w3_w4_focused/hls_core_step_retention_project/solution_w4_rtl/impl/vhdl/synth_w4_core_step_retention_top_boom_core_step.vhd",REVIEW,"duplicate large artifact; no automatic deletion"
fd7263ed2700fdc191e61cbeaf3682fb3ccaf53367db8877cd7fed780170b284,2694158,"/home/lab_726/boom/hls_boom/build/gate5_3_fetch_buffer/b2/regression/w3_w4_focused/hls_core_step_retention_project/solution_w4_rtl/syn/vhdl/synth_w4_core_step_retention_top_boom_core_step.vhd",REVIEW,"duplicate large artifact; no automatic deletion"
fdb6c346648a13fca6a6a214537adb08876f167f9a7566118a212307d7fe36c1,1821506,"/home/lab_726/boom/hls_boom/reports/gate4_0/w4/full_core_rtl/hls_project/solution_w4_full_core_rtl/.autopilot/db/issue_module.adb.xml",KEEP,"duplicate under reports is protected"
fdb6c346648a13fca6a6a214537adb08876f167f9a7566118a212307d7fe36c1,1821506,"/home/lab_726/boom/hls_boom/reports/gate4_0/w4/full_core_rtl/hls_project/solution_w4_full_core_rtl/.autopilot/db/issue_module.bind.adb.xml",KEEP,"duplicate under reports is protected"
fdfb4cd57b7ba8506f976b602140adc7ce67c3d77611f238fa4bf7976298ced1,1647288,"/home/lab_726/boom/hls_boom/test_final_audit/sol1/.autopilot/db/a.g",REVIEW,"duplicate large artifact; no automatic deletion"
fdfb4cd57b7ba8506f976b602140adc7ce67c3d77611f238fa4bf7976298ced1,1647288,"/home/lab_726/boom/hls_boom/test_final_audit/sol1/.autopilot/db/a.g.0.bc",REVIEW,"duplicate large artifact; no automatic deletion"
fdfb4cd57b7ba8506f976b602140adc7ce67c3d77611f238fa4bf7976298ced1,1647288,"/home/lab_726/boom/hls_boom/test_final_audit/sol1/.autopilot/db/a.g.bc",REVIEW,"duplicate large artifact; no automatic deletion"
fdfb4cd57b7ba8506f976b602140adc7ce67c3d77611f238fa4bf7976298ced1,1647288,"/home/lab_726/boom/hls_boom/test_final_audit/sol1/.autopilot/db/a.g.lto.bc",REVIEW,"duplicate large artifact; no automatic deletion"
fdfb4cd57b7ba8506f976b602140adc7ce67c3d77611f238fa4bf7976298ced1,1647288,"/home/lab_726/boom/hls_boom/test_final_audit/sol1/.autopilot/db/a.pp.bc",REVIEW,"duplicate large artifact; no automatic deletion"
fe1fac3978b3a0830f1d299deed5c60271752f2583ef377d26c577ece1d6d807,1675573,"/home/lab_726/boom/hls_boom/reports/gate4_0/w4/full_core_rtl/hls_project/solution_w4_full_core_rtl/.autopilot/db/completion_service_cycle.adb.xml",KEEP,"duplicate under reports is protected"
fe1fac3978b3a0830f1d299deed5c60271752f2583ef377d26c577ece1d6d807,1675573,"/home/lab_726/boom/hls_boom/reports/gate4_0/w4/full_core_rtl/hls_project/solution_w4_full_core_rtl/.autopilot/db/completion_service_cycle.bind.adb.xml",KEEP,"duplicate under reports is protected"
ff6e8b398574359934bf4bef854b60d1440b32b21c5607295031a9190b44e0d6,1078107,"/home/lab_726/boom/hls_boom/build/gate5_3_fetch_buffer/b3i/rtl/8184e5696fcbbfff/boom_core_top_hls/solution_b3i/.autopilot/db/compact_iq.adb.xml",REVIEW,"duplicate large artifact; no automatic deletion"
ff6e8b398574359934bf4bef854b60d1440b32b21c5607295031a9190b44e0d6,1078107,"/home/lab_726/boom/hls_boom/build/gate5_3_fetch_buffer/b3i/rtl/8184e5696fcbbfff/boom_core_top_hls/solution_b3i/.autopilot/db/compact_iq.bind.adb.xml",REVIEW,"duplicate large artifact; no automatic deletion"
ffd02c55696badb75c6fc375ef3722006ebff4e9206a8b4dd9d019fdfcbe468a,2774184,"/home/lab_726/boom/hls_boom/boom_hls_gate5_3_fetch_buffer_b3i_core_boom_core_top/solution_module/impl/vhdl/boom_core_top_boom_core_step.vhd",REVIEW,"duplicate large artifact; no automatic deletion"
ffd02c55696badb75c6fc375ef3722006ebff4e9206a8b4dd9d019fdfcbe468a,2774184,"/home/lab_726/boom/hls_boom/boom_hls_gate5_3_fetch_buffer_b3i_core_boom_core_top/solution_module/syn/vhdl/boom_core_top_boom_core_step.vhd",REVIEW,"duplicate large artifact; no automatic deletion"
ffd02c55696badb75c6fc375ef3722006ebff4e9206a8b4dd9d019fdfcbe468a,2774184,"/home/lab_726/boom/hls_boom/build/gate5_3_fetch_buffer/b3i/rtl/504781e9f4f4386f/boom_core_top_hls/solution_b3i/impl/vhdl/boom_core_top_boom_core_step.vhd",REVIEW,"duplicate large artifact; no automatic deletion"
ffd02c55696badb75c6fc375ef3722006ebff4e9206a8b4dd9d019fdfcbe468a,2774184,"/home/lab_726/boom/hls_boom/build/gate5_3_fetch_buffer/b3i/rtl/504781e9f4f4386f/boom_core_top_hls/solution_b3i/syn/vhdl/boom_core_top_boom_core_step.vhd",REVIEW,"duplicate large artifact; no automatic deletion"
