

================================================================
== Vitis HLS Report for 'synth_rob_top'
================================================================
* Date:           Tue Aug  4 18:56:44 2026

* Version:        2021.2 (Build 3367213 on Tue Oct 19 02:47:39 MDT 2021)
* Project:        synth_rob_top
* Solution:       solution_w4e_final (Vivado IP Flow Target)
* Product family: zynquplus
* Target device:  xczu7ev-ffvc1156-2-e


================================================================
== Performance Estimates
================================================================
+ Timing: 
    * Summary: 
    +--------+----------+----------+------------+
    |  Clock |  Target  | Estimated| Uncertainty|
    +--------+----------+----------+------------+
    |ap_clk  |  10.00 ns|  3.746 ns|     2.70 ns|
    +--------+----------+----------+------------+

+ Latency: 
    * Summary: 
    +---------+---------+----------+----------+-----+-----+---------+
    |  Latency (cycles) |  Latency (absolute) |  Interval | Pipeline|
    |   min   |   max   |    min   |    max   | min | max |   Type  |
    +---------+---------+----------+----------+-----+-----+---------+
    |        ?|        ?|         ?|         ?|    ?|    ?|       no|
    +---------+---------+----------+----------+-----+-----+---------+

    + Detail: 
        * Instance: 
        N/A

        * Loop: 
        +--------------------+---------+---------+----------+-----------+-----------+------+----------+
        |                    |  Latency (cycles) | Iteration|  Initiation Interval  | Trip |          |
        |      Loop Name     |   min   |   max   |  Latency |  achieved |   target  | Count| Pipelined|
        +--------------------+---------+---------+----------+-----------+-----------+------+----------+
        |- VITIS_LOOP_39_1   |      320|      320|        10|          -|          -|    32|        no|
        | + VITIS_LOOP_41_2  |        8|        8|         1|          -|          -|     8|        no|
        |- VITIS_LOOP_49_1   |       52|       52|         1|          -|          -|    52|        no|
        |- Loop 3            |        8|        8|         1|          -|          -|     8|        no|
        |- VITIS_LOOP_86_1   |        8|        8|         1|          -|          -|     8|        no|
        |- Loop 5            |        3|        3|         1|          -|          -|     3|        no|
        |- VITIS_LOOP_105_1  |        3|        3|         1|          -|          -|     3|        no|
        |- Loop 7            |        3|        3|         1|          -|          -|     3|        no|
        |- VITIS_LOOP_127_1  |        3|        3|         1|          -|          -|     3|        no|
        |- Loop 9            |       32|       32|         1|          -|          -|    32|        no|
        |- VITIS_LOOP_142_1  |       32|       32|         1|          -|          -|    32|        no|
        |- Loop 11           |        8|        8|         1|          -|          -|     8|        no|
        |- Loop 12           |        8|        8|         1|          -|          -|     8|        no|
        |- Loop 13           |        1|        1|         1|          -|          -|     2|        no|
        |- Loop 14           |        3|        3|         1|          -|          -|     3|        no|
        |- Loop 15           |        3|        3|         1|          -|          -|     3|        no|
        |- VITIS_LOOP_225_1  |        2|        2|         1|          -|          -|     2|        no|
        |- VITIS_LOOP_226_2  |        3|        3|         1|          -|          -|     3|        no|
        |- VITIS_LOOP_227_3  |        3|        3|         1|          -|          -|     3|        no|
        |- VITIS_LOOP_228_4  |        3|        3|         1|          -|          -|     3|        no|
        |- VITIS_LOOP_62_1   |      432|      432|        54|          -|          -|     8|        no|
        | + VITIS_LOOP_64_2  |       52|       52|         1|          -|          -|    52|        no|
        +--------------------+---------+---------+----------+-----------+-----------+------+----------+

============================================================
+ Verbose Summary: Synthesis Manager
============================================================
InlineROM: 1
ExposeGlobal: 0
============================================================
+ Verbose Summary: CDFG Model
============================================================
IsTopModel: 1
ResetActiveHigh: 1
IsCombinational: 0
IsDatapathOnly: 0
HasWiredReturn: 1
HasMFsm: 0
HasVarLatency: 1
IsPipeline: 0
IsRtlPipelined: 0
IsInstanceOverlapped: 0
IsDontTouch: 0
HasImplIP: 0
IsGatedGlobalClock: 0


============================================================
+ Verbose Summary: Schedule
============================================================
* Number of FSM states : 26
* Pipeline : 0
* Dataflow Pipeline: 0

* FSM state transitions: 
1 --> 22 2 
2 --> 3 4 
3 --> 3 2 
4 --> 4 5 
5 --> 5 6 
6 --> 6 7 
7 --> 7 8 
8 --> 8 9 
9 --> 9 10 
10 --> 10 11 
11 --> 11 12 
12 --> 12 13 
13 --> 13 14 
14 --> 14 15 
15 --> 15 16 
16 --> 16 17 
17 --> 17 18 
18 --> 18 19 
19 --> 19 20 
20 --> 20 21 
21 --> 21 22 
22 --> 23 24 
23 --> 23 22 
24 --> 25 
25 --> 26 
26 --> 

* FSM state operations: 

State 1 <SV = 0> <Delay = 0.42>
ST_1 : Operation 27 [1/1] (0.00ns)   --->   "%spectopmodule_ln0 = spectopmodule void @_ssdm_op_SpecTopModule, void @empty_30"   --->   Operation 27 'spectopmodule' 'spectopmodule_ln0' <Predicate = true> <Delay = 0.00>
ST_1 : Operation 28 [1/1] (0.00ns)   --->   "%specbitsmap_ln0 = specbitsmap void @_ssdm_op_SpecBitsMap, i32 %seed_inst"   --->   Operation 28 'specbitsmap' 'specbitsmap_ln0' <Predicate = true> <Delay = 0.00>
ST_1 : Operation 29 [1/1] (0.00ns)   --->   "%specinterface_ln0 = specinterface void @_ssdm_op_SpecInterface, i32 %seed_inst, void @empty_49, i32 0, i32 0, void @empty_43, i32 0, i32 0, void @empty_43, void @empty_43, void @empty_43, i32 0, i32 0, i32 0, i32 0, void @empty_43, void @empty_43"   --->   Operation 29 'specinterface' 'specinterface_ln0' <Predicate = true> <Delay = 0.00>
ST_1 : Operation 30 [1/1] (0.00ns)   --->   "%specbitsmap_ln0 = specbitsmap void @_ssdm_op_SpecBitsMap, i64 %seed_pc"   --->   Operation 30 'specbitsmap' 'specbitsmap_ln0' <Predicate = true> <Delay = 0.00>
ST_1 : Operation 31 [1/1] (0.00ns)   --->   "%specinterface_ln0 = specinterface void @_ssdm_op_SpecInterface, i64 %seed_pc, void @empty_49, i32 0, i32 0, void @empty_43, i32 0, i32 0, void @empty_43, void @empty_43, void @empty_43, i32 0, i32 0, i32 0, i32 0, void @empty_43, void @empty_43"   --->   Operation 31 'specinterface' 'specinterface_ln0' <Predicate = true> <Delay = 0.00>
ST_1 : Operation 32 [1/1] (0.00ns)   --->   "%specbitsmap_ln0 = specbitsmap void @_ssdm_op_SpecBitsMap, i64 %observable"   --->   Operation 32 'specbitsmap' 'specbitsmap_ln0' <Predicate = true> <Delay = 0.00>
ST_1 : Operation 33 [1/1] (0.00ns)   --->   "%specinterface_ln0 = specinterface void @_ssdm_op_SpecInterface, i64 %observable, void @empty_49, i32 0, i32 0, void @empty_43, i32 0, i32 0, void @empty_43, void @empty_43, void @empty_43, i32 0, i32 0, i32 0, i32 0, void @empty_43, void @empty_43"   --->   Operation 33 'specinterface' 'specinterface_ln0' <Predicate = true> <Delay = 0.00>
ST_1 : Operation 34 [1/1] (0.00ns)   --->   "%guard_variable_for_synth_rob_top_unsigned_int_unsigned_long_unsigned_long_state_load = load i1 %guard_variable_for_synth_rob_top_unsigned_int_unsigned_long_unsigned_long_state"   --->   Operation 34 'load' 'guard_variable_for_synth_rob_top_unsigned_int_unsigned_long_unsigned_long_state_load' <Predicate = true> <Delay = 0.00>
ST_1 : Operation 35 [1/1] (0.00ns)   --->   "%br_ln2884 = br i1 %guard_variable_for_synth_rob_top_unsigned_int_unsigned_long_unsigned_long_state_load, void %codeRepl, void %._crit_edge" [/home/lab_726/boom/hls_boom/src/boom_core_merged.cpp:2884]   --->   Operation 35 'br' 'br_ln2884' <Predicate = true> <Delay = 0.00>
ST_1 : Operation 36 [1/1] (0.00ns)   --->   "%i = alloca i32 1"   --->   Operation 36 'alloca' 'i' <Predicate = (!guard_variable_for_synth_rob_top_unsigned_int_unsigned_long_unsigned_long_state_load)> <Delay = 0.00>
ST_1 : Operation 37 [1/1] (0.00ns)   --->   "%store_ln32 = store i8 0, i8 %state_decode_dec_uops_branch_br_mask_0" [/home/lab_726/boom/hls_boom/include/boom_state.hpp:32->/home/lab_726/boom/hls_boom/include/boom_state.hpp:255->/home/lab_726/boom/hls_boom/src/boom_core_merged.cpp:2884]   --->   Operation 37 'store' 'store_ln32' <Predicate = (!guard_variable_for_synth_rob_top_unsigned_int_unsigned_long_unsigned_long_state_load)> <Delay = 0.00>
ST_1 : Operation 38 [1/1] (0.42ns)   --->   "%store_ln39 = store i6 0, i6 %i" [/home/lab_726/boom/hls_boom/include/boom_state.hpp:39->/home/lab_726/boom/hls_boom/src/boom_core_merged.cpp:2884]   --->   Operation 38 'store' 'store_ln39' <Predicate = (!guard_variable_for_synth_rob_top_unsigned_int_unsigned_long_unsigned_long_state_load)> <Delay = 0.42>
ST_1 : Operation 39 [1/1] (0.00ns)   --->   "%br_ln39 = br void" [/home/lab_726/boom/hls_boom/include/boom_state.hpp:39->/home/lab_726/boom/hls_boom/src/boom_core_merged.cpp:2884]   --->   Operation 39 'br' 'br_ln39' <Predicate = (!guard_variable_for_synth_rob_top_unsigned_int_unsigned_long_unsigned_long_state_load)> <Delay = 0.00>

State 2 <SV = 1> <Delay = 1.46>
ST_2 : Operation 40 [1/1] (0.00ns)   --->   "%i_12 = load i6 %i" [/home/lab_726/boom/hls_boom/include/boom_state.hpp:41->/home/lab_726/boom/hls_boom/src/boom_core_merged.cpp:2884]   --->   Operation 40 'load' 'i_12' <Predicate = true> <Delay = 0.00>
ST_2 : Operation 41 [1/1] (0.00ns)   --->   "%zext_ln39 = zext i6 %i_12" [/home/lab_726/boom/hls_boom/include/boom_state.hpp:39->/home/lab_726/boom/hls_boom/src/boom_core_merged.cpp:2884]   --->   Operation 41 'zext' 'zext_ln39' <Predicate = true> <Delay = 0.00>
ST_2 : Operation 42 [1/1] (0.00ns)   --->   "%trunc_ln41 = trunc i6 %i_12" [/home/lab_726/boom/hls_boom/include/boom_state.hpp:41->/home/lab_726/boom/hls_boom/src/boom_core_merged.cpp:2884]   --->   Operation 42 'trunc' 'trunc_ln41' <Predicate = true> <Delay = 0.00>
ST_2 : Operation 43 [1/1] (0.00ns)   --->   "%tmp_cast = bitconcatenate i8 @_ssdm_op_BitConcatenate.i8.i5.i3, i5 %trunc_ln41, i3 0" [/home/lab_726/boom/hls_boom/include/boom_state.hpp:39->/home/lab_726/boom/hls_boom/src/boom_core_merged.cpp:2884]   --->   Operation 43 'bitconcatenate' 'tmp_cast' <Predicate = true> <Delay = 0.00>
ST_2 : Operation 44 [1/1] (0.78ns)   --->   "%icmp_ln39 = icmp_eq  i6 %i_12, i6 32" [/home/lab_726/boom/hls_boom/include/boom_state.hpp:39->/home/lab_726/boom/hls_boom/src/boom_core_merged.cpp:2884]   --->   Operation 44 'icmp' 'icmp_ln39' <Predicate = true> <Delay = 0.78> <CoreInst = "Cmp">   --->   Core 9 'Cmp' <Latency = 0> <II = 1> <Delay = 0.78> <FuncUnit> <Opcode : 'icmp'> <InPorts = 2> <OutPorts = 1>
ST_2 : Operation 45 [1/1] (0.00ns)   --->   "%empty = speclooptripcount i32 @_ssdm_op_SpecLoopTripCount, i64 32, i64 32, i64 32"   --->   Operation 45 'speclooptripcount' 'empty' <Predicate = true> <Delay = 0.00>
ST_2 : Operation 46 [1/1] (0.78ns)   --->   "%add_ln39 = add i6 %i_12, i6 1" [/home/lab_726/boom/hls_boom/include/boom_state.hpp:39->/home/lab_726/boom/hls_boom/src/boom_core_merged.cpp:2884]   --->   Operation 46 'add' 'add_ln39' <Predicate = true> <Delay = 0.78> <CoreInst = "Adder">   --->   Core 1 'Adder' <Latency = 0> <II = 1> <Delay = 0.78> <FuncUnit> <Opcode : 'add' 'sub'> <InPorts = 2> <OutPorts = 1>
ST_2 : Operation 47 [1/1] (0.00ns)   --->   "%br_ln39 = br i1 %icmp_ln39, void %.split10.i.i, void %_ZN19RenameMapTableStateC2Ev.exit12.i.i" [/home/lab_726/boom/hls_boom/include/boom_state.hpp:39->/home/lab_726/boom/hls_boom/src/boom_core_merged.cpp:2884]   --->   Operation 47 'br' 'br_ln39' <Predicate = true> <Delay = 0.00>
ST_2 : Operation 48 [1/1] (0.00ns)   --->   "%specloopname_ln39 = specloopname void @_ssdm_op_SpecLoopName, void @empty_35" [/home/lab_726/boom/hls_boom/include/boom_state.hpp:39->/home/lab_726/boom/hls_boom/src/boom_core_merged.cpp:2884]   --->   Operation 48 'specloopname' 'specloopname_ln39' <Predicate = (!icmp_ln39)> <Delay = 0.00>
ST_2 : Operation 49 [1/1] (0.00ns)   --->   "%state_rename_int_map_table_map_table_addr = getelementptr i1 %state_rename_int_map_table_map_table, i64 0, i64 %zext_ln39" [/home/lab_726/boom/hls_boom/include/boom_state.hpp:40->/home/lab_726/boom/hls_boom/src/boom_core_merged.cpp:2884]   --->   Operation 49 'getelementptr' 'state_rename_int_map_table_map_table_addr' <Predicate = (!icmp_ln39)> <Delay = 0.00>
ST_2 : Operation 50 [1/1] (0.67ns)   --->   "%store_ln40 = store i1 0, i5 %state_rename_int_map_table_map_table_addr" [/home/lab_726/boom/hls_boom/include/boom_state.hpp:40->/home/lab_726/boom/hls_boom/src/boom_core_merged.cpp:2884]   --->   Operation 50 'store' 'store_ln40' <Predicate = (!icmp_ln39)> <Delay = 0.67> <CoreInst = "RAM">   --->   Core 83 'RAM' <Latency = 1> <II = 1> <Delay = 0.67> <Storage> <Opcode : 'load' 'store'> <Ports = 2> <Width = 1> <Depth = 32> <RAM>
ST_2 : Operation 51 [1/1] (0.00ns)   --->   "%state_rename_int_map_table_committed_map_table_addr = getelementptr i1 %state_rename_int_map_table_committed_map_table, i64 0, i64 %zext_ln39" [/home/lab_726/boom/hls_boom/include/boom_state.hpp:40->/home/lab_726/boom/hls_boom/src/boom_core_merged.cpp:2884]   --->   Operation 51 'getelementptr' 'state_rename_int_map_table_committed_map_table_addr' <Predicate = (!icmp_ln39)> <Delay = 0.00>
ST_2 : Operation 52 [1/1] (0.67ns)   --->   "%store_ln40 = store i1 0, i5 %state_rename_int_map_table_committed_map_table_addr" [/home/lab_726/boom/hls_boom/include/boom_state.hpp:40->/home/lab_726/boom/hls_boom/src/boom_core_merged.cpp:2884]   --->   Operation 52 'store' 'store_ln40' <Predicate = (!icmp_ln39)> <Delay = 0.67> <CoreInst = "RAM">   --->   Core 83 'RAM' <Latency = 1> <II = 1> <Delay = 0.67> <Storage> <Opcode : 'load' 'store'> <Ports = 2> <Width = 1> <Depth = 32> <RAM>
ST_2 : Operation 53 [1/1] (0.42ns)   --->   "%br_ln41 = br void" [/home/lab_726/boom/hls_boom/include/boom_state.hpp:41->/home/lab_726/boom/hls_boom/src/boom_core_merged.cpp:2884]   --->   Operation 53 'br' 'br_ln41' <Predicate = (!icmp_ln39)> <Delay = 0.42>
ST_2 : Operation 54 [1/1] (0.00ns)   --->   "%i_1 = alloca i32 1"   --->   Operation 54 'alloca' 'i_1' <Predicate = (icmp_ln39)> <Delay = 0.00>
ST_2 : Operation 55 [1/1] (0.00ns)   --->   "%store_ln48 = store i1 1, i1 %state_rename_int_free_list_head" [/home/lab_726/boom/hls_boom/include/boom_state.hpp:48->/home/lab_726/boom/hls_boom/src/boom_core_merged.cpp:2884]   --->   Operation 55 'store' 'store_ln48' <Predicate = (icmp_ln39)> <Delay = 0.00>
ST_2 : Operation 56 [1/1] (0.00ns)   --->   "%store_ln48 = store i6 0, i6 %state_rename_int_free_list_tail" [/home/lab_726/boom/hls_boom/include/boom_state.hpp:48->/home/lab_726/boom/hls_boom/src/boom_core_merged.cpp:2884]   --->   Operation 56 'store' 'store_ln48' <Predicate = (icmp_ln39)> <Delay = 0.00>
ST_2 : Operation 57 [1/1] (0.00ns)   --->   "%store_ln48 = store i6 51, i6 %state_rename_int_free_list_count" [/home/lab_726/boom/hls_boom/include/boom_state.hpp:48->/home/lab_726/boom/hls_boom/src/boom_core_merged.cpp:2884]   --->   Operation 57 'store' 'store_ln48' <Predicate = (icmp_ln39)> <Delay = 0.00>
ST_2 : Operation 58 [1/1] (0.42ns)   --->   "%store_ln49 = store i6 0, i6 %i_1" [/home/lab_726/boom/hls_boom/include/boom_state.hpp:49->/home/lab_726/boom/hls_boom/src/boom_core_merged.cpp:2884]   --->   Operation 58 'store' 'store_ln49' <Predicate = (icmp_ln39)> <Delay = 0.42>
ST_2 : Operation 59 [1/1] (0.00ns)   --->   "%br_ln49 = br void" [/home/lab_726/boom/hls_boom/include/boom_state.hpp:49->/home/lab_726/boom/hls_boom/src/boom_core_merged.cpp:2884]   --->   Operation 59 'br' 'br_ln49' <Predicate = (icmp_ln39)> <Delay = 0.00>

State 3 <SV = 2> <Delay = 1.44>
ST_3 : Operation 60 [1/1] (0.00ns)   --->   "%j = phi i4 %add_ln41, void %.split8.i.i, i4 0, void %.split10.i.i" [/home/lab_726/boom/hls_boom/include/boom_state.hpp:41->/home/lab_726/boom/hls_boom/src/boom_core_merged.cpp:2884]   --->   Operation 60 'phi' 'j' <Predicate = true> <Delay = 0.00>
ST_3 : Operation 61 [1/1] (0.00ns)   --->   "%zext_ln41 = zext i4 %j" [/home/lab_726/boom/hls_boom/include/boom_state.hpp:41->/home/lab_726/boom/hls_boom/src/boom_core_merged.cpp:2884]   --->   Operation 61 'zext' 'zext_ln41' <Predicate = true> <Delay = 0.00>
ST_3 : Operation 62 [1/1] (0.76ns)   --->   "%add_ln41_1 = add i8 %tmp_cast, i8 %zext_ln41" [/home/lab_726/boom/hls_boom/include/boom_state.hpp:41->/home/lab_726/boom/hls_boom/src/boom_core_merged.cpp:2884]   --->   Operation 62 'add' 'add_ln41_1' <Predicate = true> <Delay = 0.76> <CoreInst = "Adder">   --->   Core 1 'Adder' <Latency = 0> <II = 1> <Delay = 0.78> <FuncUnit> <Opcode : 'add' 'sub'> <InPorts = 2> <OutPorts = 1>
ST_3 : Operation 63 [1/1] (0.00ns)   --->   "%zext_ln41_1 = zext i8 %add_ln41_1" [/home/lab_726/boom/hls_boom/include/boom_state.hpp:41->/home/lab_726/boom/hls_boom/src/boom_core_merged.cpp:2884]   --->   Operation 63 'zext' 'zext_ln41_1' <Predicate = true> <Delay = 0.00>
ST_3 : Operation 64 [1/1] (0.00ns)   --->   "%state_rename_int_map_table_br_snapshots_addr = getelementptr i1 %state_rename_int_map_table_br_snapshots, i64 0, i64 %zext_ln41_1" [/home/lab_726/boom/hls_boom/include/boom_state.hpp:41->/home/lab_726/boom/hls_boom/src/boom_core_merged.cpp:2884]   --->   Operation 64 'getelementptr' 'state_rename_int_map_table_br_snapshots_addr' <Predicate = true> <Delay = 0.00>
ST_3 : Operation 65 [1/1] (0.72ns)   --->   "%icmp_ln41 = icmp_eq  i4 %j, i4 8" [/home/lab_726/boom/hls_boom/include/boom_state.hpp:41->/home/lab_726/boom/hls_boom/src/boom_core_merged.cpp:2884]   --->   Operation 65 'icmp' 'icmp_ln41' <Predicate = true> <Delay = 0.72> <CoreInst = "Cmp">   --->   Core 9 'Cmp' <Latency = 0> <II = 1> <Delay = 0.78> <FuncUnit> <Opcode : 'icmp'> <InPorts = 2> <OutPorts = 1>
ST_3 : Operation 66 [1/1] (0.00ns)   --->   "%empty_66 = speclooptripcount i32 @_ssdm_op_SpecLoopTripCount, i64 8, i64 8, i64 8"   --->   Operation 66 'speclooptripcount' 'empty_66' <Predicate = true> <Delay = 0.00>
ST_3 : Operation 67 [1/1] (0.79ns)   --->   "%add_ln41 = add i4 %j, i4 1" [/home/lab_726/boom/hls_boom/include/boom_state.hpp:41->/home/lab_726/boom/hls_boom/src/boom_core_merged.cpp:2884]   --->   Operation 67 'add' 'add_ln41' <Predicate = true> <Delay = 0.79> <CoreInst = "Adder">   --->   Core 1 'Adder' <Latency = 0> <II = 1> <Delay = 0.78> <FuncUnit> <Opcode : 'add' 'sub'> <InPorts = 2> <OutPorts = 1>
ST_3 : Operation 68 [1/1] (0.00ns)   --->   "%br_ln41 = br i1 %icmp_ln41, void %.split8.i.i, void" [/home/lab_726/boom/hls_boom/include/boom_state.hpp:41->/home/lab_726/boom/hls_boom/src/boom_core_merged.cpp:2884]   --->   Operation 68 'br' 'br_ln41' <Predicate = true> <Delay = 0.00>
ST_3 : Operation 69 [1/1] (0.00ns)   --->   "%specloopname_ln41 = specloopname void @_ssdm_op_SpecLoopName, void @empty_16" [/home/lab_726/boom/hls_boom/include/boom_state.hpp:41->/home/lab_726/boom/hls_boom/src/boom_core_merged.cpp:2884]   --->   Operation 69 'specloopname' 'specloopname_ln41' <Predicate = (!icmp_ln41)> <Delay = 0.00>
ST_3 : Operation 70 [1/1] (0.67ns)   --->   "%store_ln41 = store i1 0, i8 %state_rename_int_map_table_br_snapshots_addr" [/home/lab_726/boom/hls_boom/include/boom_state.hpp:41->/home/lab_726/boom/hls_boom/src/boom_core_merged.cpp:2884]   --->   Operation 70 'store' 'store_ln41' <Predicate = (!icmp_ln41)> <Delay = 0.67> <CoreInst = "RAM">   --->   Core 83 'RAM' <Latency = 1> <II = 1> <Delay = 0.67> <Storage> <Opcode : 'load' 'store'> <Ports = 2> <Width = 1> <Depth = 256> <RAM>
ST_3 : Operation 71 [1/1] (0.00ns)   --->   "%br_ln0 = br void"   --->   Operation 71 'br' 'br_ln0' <Predicate = (!icmp_ln41)> <Delay = 0.00>
ST_3 : Operation 72 [1/1] (0.42ns)   --->   "%store_ln39 = store i6 %add_ln39, i6 %i" [/home/lab_726/boom/hls_boom/include/boom_state.hpp:39->/home/lab_726/boom/hls_boom/src/boom_core_merged.cpp:2884]   --->   Operation 72 'store' 'store_ln39' <Predicate = (icmp_ln41)> <Delay = 0.42>
ST_3 : Operation 73 [1/1] (0.00ns)   --->   "%br_ln0 = br void"   --->   Operation 73 'br' 'br_ln0' <Predicate = (icmp_ln41)> <Delay = 0.00>

State 4 <SV = 2> <Delay = 1.46>
ST_4 : Operation 74 [1/1] (0.00ns)   --->   "%i_13 = load i6 %i_1" [/home/lab_726/boom/hls_boom/include/boom_state.hpp:49->/home/lab_726/boom/hls_boom/src/boom_core_merged.cpp:2884]   --->   Operation 74 'load' 'i_13' <Predicate = true> <Delay = 0.00>
ST_4 : Operation 75 [1/1] (0.00ns)   --->   "%zext_ln49 = zext i6 %i_13" [/home/lab_726/boom/hls_boom/include/boom_state.hpp:49->/home/lab_726/boom/hls_boom/src/boom_core_merged.cpp:2884]   --->   Operation 75 'zext' 'zext_ln49' <Predicate = true> <Delay = 0.00>
ST_4 : Operation 76 [1/1] (0.78ns)   --->   "%icmp_ln49 = icmp_eq  i6 %i_13, i6 52" [/home/lab_726/boom/hls_boom/include/boom_state.hpp:49->/home/lab_726/boom/hls_boom/src/boom_core_merged.cpp:2884]   --->   Operation 76 'icmp' 'icmp_ln49' <Predicate = true> <Delay = 0.78> <CoreInst = "Cmp">   --->   Core 9 'Cmp' <Latency = 0> <II = 1> <Delay = 0.78> <FuncUnit> <Opcode : 'icmp'> <InPorts = 2> <OutPorts = 1>
ST_4 : Operation 77 [1/1] (0.00ns)   --->   "%empty_67 = speclooptripcount i32 @_ssdm_op_SpecLoopTripCount, i64 52, i64 52, i64 52"   --->   Operation 77 'speclooptripcount' 'empty_67' <Predicate = true> <Delay = 0.00>
ST_4 : Operation 78 [1/1] (0.78ns)   --->   "%i_14 = add i6 %i_13, i6 1" [/home/lab_726/boom/hls_boom/include/boom_state.hpp:49->/home/lab_726/boom/hls_boom/src/boom_core_merged.cpp:2884]   --->   Operation 78 'add' 'i_14' <Predicate = true> <Delay = 0.78> <CoreInst = "Adder">   --->   Core 1 'Adder' <Latency = 0> <II = 1> <Delay = 0.78> <FuncUnit> <Opcode : 'add' 'sub'> <InPorts = 2> <OutPorts = 1>
ST_4 : Operation 79 [1/1] (0.00ns)   --->   "%br_ln49 = br i1 %icmp_ln49, void %.split2.i.i, void %RenameState.exit.i" [/home/lab_726/boom/hls_boom/include/boom_state.hpp:49->/home/lab_726/boom/hls_boom/src/boom_core_merged.cpp:2884]   --->   Operation 79 'br' 'br_ln49' <Predicate = true> <Delay = 0.00>
ST_4 : Operation 80 [1/1] (0.00ns)   --->   "%specloopname_ln49 = specloopname void @_ssdm_op_SpecLoopName, void @empty_15" [/home/lab_726/boom/hls_boom/include/boom_state.hpp:49->/home/lab_726/boom/hls_boom/src/boom_core_merged.cpp:2884]   --->   Operation 80 'specloopname' 'specloopname_ln49' <Predicate = (!icmp_ln49)> <Delay = 0.00>
ST_4 : Operation 81 [1/1] (0.00ns)   --->   "%state_rename_int_free_list_free_list_addr = getelementptr i6 %state_rename_int_free_list_free_list, i64 0, i64 %zext_ln49" [/home/lab_726/boom/hls_boom/include/boom_state.hpp:49->/home/lab_726/boom/hls_boom/src/boom_core_merged.cpp:2884]   --->   Operation 81 'getelementptr' 'state_rename_int_free_list_free_list_addr' <Predicate = (!icmp_ln49)> <Delay = 0.00>
ST_4 : Operation 82 [1/1] (0.67ns)   --->   "%store_ln49 = store i6 %i_13, i6 %state_rename_int_free_list_free_list_addr" [/home/lab_726/boom/hls_boom/include/boom_state.hpp:49->/home/lab_726/boom/hls_boom/src/boom_core_merged.cpp:2884]   --->   Operation 82 'store' 'store_ln49' <Predicate = (!icmp_ln49)> <Delay = 0.67> <CoreInst = "RAM">   --->   Core 83 'RAM' <Latency = 1> <II = 1> <Delay = 0.67> <Storage> <Opcode : 'load' 'store'> <Ports = 2> <Width = 6> <Depth = 52> <RAM>
ST_4 : Operation 83 [1/1] (0.42ns)   --->   "%store_ln49 = store i6 %i_14, i6 %i_1" [/home/lab_726/boom/hls_boom/include/boom_state.hpp:49->/home/lab_726/boom/hls_boom/src/boom_core_merged.cpp:2884]   --->   Operation 83 'store' 'store_ln49' <Predicate = (!icmp_ln49)> <Delay = 0.42>
ST_4 : Operation 84 [1/1] (0.00ns)   --->   "%br_ln0 = br void"   --->   Operation 84 'br' 'br_ln0' <Predicate = (!icmp_ln49)> <Delay = 0.00>
ST_4 : Operation 85 [1/1] (0.00ns)   --->   "%indvar_i_i_i = alloca i32 1"   --->   Operation 85 'alloca' 'indvar_i_i_i' <Predicate = (icmp_ln49)> <Delay = 0.00>
ST_4 : Operation 86 [1/1] (0.67ns)   --->   "%store_ln50 = store i6 0, i6 0" [/home/lab_726/boom/hls_boom/include/boom_state.hpp:50->/home/lab_726/boom/hls_boom/src/boom_core_merged.cpp:2884]   --->   Operation 86 'store' 'store_ln50' <Predicate = (icmp_ln49)> <Delay = 0.67> <CoreInst = "RAM">   --->   Core 83 'RAM' <Latency = 1> <II = 1> <Delay = 0.67> <Storage> <Opcode : 'load' 'store'> <Ports = 2> <Width = 6> <Depth = 52> <RAM>
ST_4 : Operation 87 [1/1] (0.00ns)   --->   "%store_ln83 = store i8 0, i8 %state_rename_dispatch_packets_uop_branch_br_mask_0" [/home/lab_726/boom/hls_boom/include/boom_types.hpp:83->/home/lab_726/boom/hls_boom/src/boom_core_merged.cpp:2884]   --->   Operation 87 'store' 'store_ln83' <Predicate = (icmp_ln49)> <Delay = 0.00>
ST_4 : Operation 88 [1/1] (0.00ns)   --->   "%store_ln73 = store i1 0, i1 %state_rename_dispatch_packets_rob_allocated_0" [/home/lab_726/boom/hls_boom/include/boom_state.hpp:73->/home/lab_726/boom/hls_boom/src/boom_core_merged.cpp:2884]   --->   Operation 88 'store' 'store_ln73' <Predicate = (icmp_ln49)> <Delay = 0.00>
ST_4 : Operation 89 [1/1] (0.42ns)   --->   "%store_ln85 = store i3 0, i3 %indvar_i_i_i" [/home/lab_726/boom/hls_boom/include/boom_state.hpp:85->/home/lab_726/boom/hls_boom/include/boom_state.hpp:101->/home/lab_726/boom/hls_boom/include/boom_state.hpp:255->/home/lab_726/boom/hls_boom/src/boom_core_merged.cpp:2884]   --->   Operation 89 'store' 'store_ln85' <Predicate = (icmp_ln49)> <Delay = 0.42>
ST_4 : Operation 90 [1/1] (0.00ns)   --->   "%br_ln85 = br void %arrayctor.loop.i.i.i" [/home/lab_726/boom/hls_boom/include/boom_state.hpp:85->/home/lab_726/boom/hls_boom/include/boom_state.hpp:101->/home/lab_726/boom/hls_boom/include/boom_state.hpp:255->/home/lab_726/boom/hls_boom/src/boom_core_merged.cpp:2884]   --->   Operation 90 'br' 'br_ln85' <Predicate = (icmp_ln49)> <Delay = 0.00>

State 5 <SV = 3> <Delay = 1.09>
ST_5 : Operation 91 [1/1] (0.00ns)   --->   "%indvar_i_i_i_load = load i3 %indvar_i_i_i" [/home/lab_726/boom/hls_boom/include/boom_state.hpp:85->/home/lab_726/boom/hls_boom/include/boom_state.hpp:101->/home/lab_726/boom/hls_boom/include/boom_state.hpp:255->/home/lab_726/boom/hls_boom/src/boom_core_merged.cpp:2884]   --->   Operation 91 'load' 'indvar_i_i_i_load' <Predicate = true> <Delay = 0.00>
ST_5 : Operation 92 [1/1] (0.67ns)   --->   "%add_ln85 = add i3 %indvar_i_i_i_load, i3 1" [/home/lab_726/boom/hls_boom/include/boom_state.hpp:85->/home/lab_726/boom/hls_boom/include/boom_state.hpp:101->/home/lab_726/boom/hls_boom/include/boom_state.hpp:255->/home/lab_726/boom/hls_boom/src/boom_core_merged.cpp:2884]   --->   Operation 92 'add' 'add_ln85' <Predicate = true> <Delay = 0.67> <CoreInst = "Adder">   --->   Core 1 'Adder' <Latency = 0> <II = 1> <Delay = 0.78> <FuncUnit> <Opcode : 'add' 'sub'> <InPorts = 2> <OutPorts = 1>
ST_5 : Operation 93 [1/1] (0.00ns)   --->   "%zext_ln85 = zext i3 %indvar_i_i_i_load" [/home/lab_726/boom/hls_boom/include/boom_state.hpp:85->/home/lab_726/boom/hls_boom/include/boom_state.hpp:101->/home/lab_726/boom/hls_boom/include/boom_state.hpp:255->/home/lab_726/boom/hls_boom/src/boom_core_merged.cpp:2884]   --->   Operation 93 'zext' 'zext_ln85' <Predicate = true> <Delay = 0.00>
ST_5 : Operation 94 [1/1] (0.00ns)   --->   "%this_valid = getelementptr i1 %state_issue_alu_iq_entries_valid, i64 0, i64 %zext_ln85" [/home/lab_726/boom/hls_boom/include/boom_state.hpp:85->/home/lab_726/boom/hls_boom/include/boom_state.hpp:101->/home/lab_726/boom/hls_boom/include/boom_state.hpp:255->/home/lab_726/boom/hls_boom/src/boom_core_merged.cpp:2884]   --->   Operation 94 'getelementptr' 'this_valid' <Predicate = true> <Delay = 0.00>
ST_5 : Operation 95 [1/1] (0.00ns)   --->   "%this_request = getelementptr i1 %state_issue_alu_iq_entries_request, i64 0, i64 %zext_ln85" [/home/lab_726/boom/hls_boom/include/boom_state.hpp:85->/home/lab_726/boom/hls_boom/include/boom_state.hpp:101->/home/lab_726/boom/hls_boom/include/boom_state.hpp:255->/home/lab_726/boom/hls_boom/src/boom_core_merged.cpp:2884]   --->   Operation 95 'getelementptr' 'this_request' <Predicate = true> <Delay = 0.00>
ST_5 : Operation 96 [1/1] (0.00ns)   --->   "%this_granted = getelementptr i1 %state_issue_alu_iq_entries_granted, i64 0, i64 %zext_ln85" [/home/lab_726/boom/hls_boom/include/boom_state.hpp:85->/home/lab_726/boom/hls_boom/include/boom_state.hpp:101->/home/lab_726/boom/hls_boom/include/boom_state.hpp:255->/home/lab_726/boom/hls_boom/src/boom_core_merged.cpp:2884]   --->   Operation 96 'getelementptr' 'this_granted' <Predicate = true> <Delay = 0.00>
ST_5 : Operation 97 [1/1] (0.00ns)   --->   "%this_killed = getelementptr i1 %state_issue_alu_iq_entries_killed, i64 0, i64 %zext_ln85" [/home/lab_726/boom/hls_boom/include/boom_state.hpp:85->/home/lab_726/boom/hls_boom/include/boom_state.hpp:101->/home/lab_726/boom/hls_boom/include/boom_state.hpp:255->/home/lab_726/boom/hls_boom/src/boom_core_merged.cpp:2884]   --->   Operation 97 'getelementptr' 'this_killed' <Predicate = true> <Delay = 0.00>
ST_5 : Operation 98 [1/1] (0.00ns)   --->   "%this_pdst_busy = getelementptr i1 %state_issue_alu_iq_entries_pdst_busy, i64 0, i64 %zext_ln85" [/home/lab_726/boom/hls_boom/include/boom_state.hpp:85->/home/lab_726/boom/hls_boom/include/boom_state.hpp:101->/home/lab_726/boom/hls_boom/include/boom_state.hpp:255->/home/lab_726/boom/hls_boom/src/boom_core_merged.cpp:2884]   --->   Operation 98 'getelementptr' 'this_pdst_busy' <Predicate = true> <Delay = 0.00>
ST_5 : Operation 99 [1/1] (0.00ns)   --->   "%this_prs1_busy = getelementptr i1 %state_issue_alu_iq_entries_prs1_busy, i64 0, i64 %zext_ln85" [/home/lab_726/boom/hls_boom/include/boom_state.hpp:85->/home/lab_726/boom/hls_boom/include/boom_state.hpp:101->/home/lab_726/boom/hls_boom/include/boom_state.hpp:255->/home/lab_726/boom/hls_boom/src/boom_core_merged.cpp:2884]   --->   Operation 99 'getelementptr' 'this_prs1_busy' <Predicate = true> <Delay = 0.00>
ST_5 : Operation 100 [1/1] (0.00ns)   --->   "%this_prs2_busy = getelementptr i1 %state_issue_alu_iq_entries_prs2_busy, i64 0, i64 %zext_ln85" [/home/lab_726/boom/hls_boom/include/boom_state.hpp:85->/home/lab_726/boom/hls_boom/include/boom_state.hpp:101->/home/lab_726/boom/hls_boom/include/boom_state.hpp:255->/home/lab_726/boom/hls_boom/src/boom_core_merged.cpp:2884]   --->   Operation 100 'getelementptr' 'this_prs2_busy' <Predicate = true> <Delay = 0.00>
ST_5 : Operation 101 [1/1] (0.00ns)   --->   "%this_prs3_busy = getelementptr i1 %state_issue_alu_iq_entries_prs3_busy, i64 0, i64 %zext_ln85" [/home/lab_726/boom/hls_boom/include/boom_state.hpp:85->/home/lab_726/boom/hls_boom/include/boom_state.hpp:101->/home/lab_726/boom/hls_boom/include/boom_state.hpp:255->/home/lab_726/boom/hls_boom/src/boom_core_merged.cpp:2884]   --->   Operation 101 'getelementptr' 'this_prs3_busy' <Predicate = true> <Delay = 0.00>
ST_5 : Operation 102 [1/1] (0.00ns)   --->   "%this_uop_uopc = getelementptr i8 %state_issue_alu_iq_entries_uop_uopc, i64 0, i64 %zext_ln85" [/home/lab_726/boom/hls_boom/include/boom_state.hpp:85->/home/lab_726/boom/hls_boom/include/boom_state.hpp:101->/home/lab_726/boom/hls_boom/include/boom_state.hpp:255->/home/lab_726/boom/hls_boom/src/boom_core_merged.cpp:2884]   --->   Operation 102 'getelementptr' 'this_uop_uopc' <Predicate = true> <Delay = 0.00>
ST_5 : Operation 103 [1/1] (0.00ns)   --->   "%this_uop_inst = getelementptr i32 %state_issue_alu_iq_entries_uop_inst, i64 0, i64 %zext_ln85" [/home/lab_726/boom/hls_boom/include/boom_state.hpp:85->/home/lab_726/boom/hls_boom/include/boom_state.hpp:101->/home/lab_726/boom/hls_boom/include/boom_state.hpp:255->/home/lab_726/boom/hls_boom/src/boom_core_merged.cpp:2884]   --->   Operation 103 'getelementptr' 'this_uop_inst' <Predicate = true> <Delay = 0.00>
ST_5 : Operation 104 [1/1] (0.00ns)   --->   "%this_uop_debug_inst = getelementptr i32 %state_issue_alu_iq_entries_uop_debug_inst, i64 0, i64 %zext_ln85" [/home/lab_726/boom/hls_boom/include/boom_state.hpp:85->/home/lab_726/boom/hls_boom/include/boom_state.hpp:101->/home/lab_726/boom/hls_boom/include/boom_state.hpp:255->/home/lab_726/boom/hls_boom/src/boom_core_merged.cpp:2884]   --->   Operation 104 'getelementptr' 'this_uop_debug_inst' <Predicate = true> <Delay = 0.00>
ST_5 : Operation 105 [1/1] (0.00ns)   --->   "%this_uop_is_rvc = getelementptr i1 %state_issue_alu_iq_entries_uop_is_rvc, i64 0, i64 %zext_ln85" [/home/lab_726/boom/hls_boom/include/boom_state.hpp:85->/home/lab_726/boom/hls_boom/include/boom_state.hpp:101->/home/lab_726/boom/hls_boom/include/boom_state.hpp:255->/home/lab_726/boom/hls_boom/src/boom_core_merged.cpp:2884]   --->   Operation 105 'getelementptr' 'this_uop_is_rvc' <Predicate = true> <Delay = 0.00>
ST_5 : Operation 106 [1/1] (0.00ns)   --->   "%this_uop_debug_pc = getelementptr i64 %state_issue_alu_iq_entries_uop_debug_pc, i64 0, i64 %zext_ln85" [/home/lab_726/boom/hls_boom/include/boom_state.hpp:85->/home/lab_726/boom/hls_boom/include/boom_state.hpp:101->/home/lab_726/boom/hls_boom/include/boom_state.hpp:255->/home/lab_726/boom/hls_boom/src/boom_core_merged.cpp:2884]   --->   Operation 106 'getelementptr' 'this_uop_debug_pc' <Predicate = true> <Delay = 0.00>
ST_5 : Operation 107 [1/1] (0.00ns)   --->   "%this_uop_iq_type = getelementptr i8 %state_issue_alu_iq_entries_uop_iq_type, i64 0, i64 %zext_ln85" [/home/lab_726/boom/hls_boom/include/boom_state.hpp:85->/home/lab_726/boom/hls_boom/include/boom_state.hpp:101->/home/lab_726/boom/hls_boom/include/boom_state.hpp:255->/home/lab_726/boom/hls_boom/src/boom_core_merged.cpp:2884]   --->   Operation 107 'getelementptr' 'this_uop_iq_type' <Predicate = true> <Delay = 0.00>
ST_5 : Operation 108 [1/1] (0.00ns)   --->   "%this_uop_fu_code = getelementptr i8 %state_issue_alu_iq_entries_uop_fu_code, i64 0, i64 %zext_ln85" [/home/lab_726/boom/hls_boom/include/boom_state.hpp:85->/home/lab_726/boom/hls_boom/include/boom_state.hpp:101->/home/lab_726/boom/hls_boom/include/boom_state.hpp:255->/home/lab_726/boom/hls_boom/src/boom_core_merged.cpp:2884]   --->   Operation 108 'getelementptr' 'this_uop_fu_code' <Predicate = true> <Delay = 0.00>
ST_5 : Operation 109 [1/1] (0.00ns)   --->   "%this_uop_ctrl_br_type = getelementptr i8 %state_issue_alu_iq_entries_uop_ctrl_br_type, i64 0, i64 %zext_ln85" [/home/lab_726/boom/hls_boom/include/boom_state.hpp:85->/home/lab_726/boom/hls_boom/include/boom_state.hpp:101->/home/lab_726/boom/hls_boom/include/boom_state.hpp:255->/home/lab_726/boom/hls_boom/src/boom_core_merged.cpp:2884]   --->   Operation 109 'getelementptr' 'this_uop_ctrl_br_type' <Predicate = true> <Delay = 0.00>
ST_5 : Operation 110 [1/1] (0.00ns)   --->   "%this_uop_ctrl_op1_sel = getelementptr i8 %state_issue_alu_iq_entries_uop_ctrl_op1_sel, i64 0, i64 %zext_ln85" [/home/lab_726/boom/hls_boom/include/boom_state.hpp:85->/home/lab_726/boom/hls_boom/include/boom_state.hpp:101->/home/lab_726/boom/hls_boom/include/boom_state.hpp:255->/home/lab_726/boom/hls_boom/src/boom_core_merged.cpp:2884]   --->   Operation 110 'getelementptr' 'this_uop_ctrl_op1_sel' <Predicate = true> <Delay = 0.00>
ST_5 : Operation 111 [1/1] (0.00ns)   --->   "%this_uop_ctrl_op2_sel = getelementptr i8 %state_issue_alu_iq_entries_uop_ctrl_op2_sel, i64 0, i64 %zext_ln85" [/home/lab_726/boom/hls_boom/include/boom_state.hpp:85->/home/lab_726/boom/hls_boom/include/boom_state.hpp:101->/home/lab_726/boom/hls_boom/include/boom_state.hpp:255->/home/lab_726/boom/hls_boom/src/boom_core_merged.cpp:2884]   --->   Operation 111 'getelementptr' 'this_uop_ctrl_op2_sel' <Predicate = true> <Delay = 0.00>
ST_5 : Operation 112 [1/1] (0.00ns)   --->   "%this_uop_ctrl_imm_sel = getelementptr i8 %state_issue_alu_iq_entries_uop_ctrl_imm_sel, i64 0, i64 %zext_ln85" [/home/lab_726/boom/hls_boom/include/boom_state.hpp:85->/home/lab_726/boom/hls_boom/include/boom_state.hpp:101->/home/lab_726/boom/hls_boom/include/boom_state.hpp:255->/home/lab_726/boom/hls_boom/src/boom_core_merged.cpp:2884]   --->   Operation 112 'getelementptr' 'this_uop_ctrl_imm_sel' <Predicate = true> <Delay = 0.00>
ST_5 : Operation 113 [1/1] (0.00ns)   --->   "%this_uop_ctrl_op_fcn = getelementptr i8 %state_issue_alu_iq_entries_uop_ctrl_op_fcn, i64 0, i64 %zext_ln85" [/home/lab_726/boom/hls_boom/include/boom_state.hpp:85->/home/lab_726/boom/hls_boom/include/boom_state.hpp:101->/home/lab_726/boom/hls_boom/include/boom_state.hpp:255->/home/lab_726/boom/hls_boom/src/boom_core_merged.cpp:2884]   --->   Operation 113 'getelementptr' 'this_uop_ctrl_op_fcn' <Predicate = true> <Delay = 0.00>
ST_5 : Operation 114 [1/1] (0.00ns)   --->   "%this_uop_ctrl_fcn_dw = getelementptr i8 %state_issue_alu_iq_entries_uop_ctrl_fcn_dw, i64 0, i64 %zext_ln85" [/home/lab_726/boom/hls_boom/include/boom_state.hpp:85->/home/lab_726/boom/hls_boom/include/boom_state.hpp:101->/home/lab_726/boom/hls_boom/include/boom_state.hpp:255->/home/lab_726/boom/hls_boom/src/boom_core_merged.cpp:2884]   --->   Operation 114 'getelementptr' 'this_uop_ctrl_fcn_dw' <Predicate = true> <Delay = 0.00>
ST_5 : Operation 115 [1/1] (0.00ns)   --->   "%this_uop_ctrl_csr_cmd = getelementptr i8 %state_issue_alu_iq_entries_uop_ctrl_csr_cmd, i64 0, i64 %zext_ln85" [/home/lab_726/boom/hls_boom/include/boom_state.hpp:85->/home/lab_726/boom/hls_boom/include/boom_state.hpp:101->/home/lab_726/boom/hls_boom/include/boom_state.hpp:255->/home/lab_726/boom/hls_boom/src/boom_core_merged.cpp:2884]   --->   Operation 115 'getelementptr' 'this_uop_ctrl_csr_cmd' <Predicate = true> <Delay = 0.00>
ST_5 : Operation 116 [1/1] (0.00ns)   --->   "%this_uop_ctrl_is_load = getelementptr i1 %state_issue_alu_iq_entries_uop_ctrl_is_load, i64 0, i64 %zext_ln85" [/home/lab_726/boom/hls_boom/include/boom_state.hpp:85->/home/lab_726/boom/hls_boom/include/boom_state.hpp:101->/home/lab_726/boom/hls_boom/include/boom_state.hpp:255->/home/lab_726/boom/hls_boom/src/boom_core_merged.cpp:2884]   --->   Operation 116 'getelementptr' 'this_uop_ctrl_is_load' <Predicate = true> <Delay = 0.00>
ST_5 : Operation 117 [1/1] (0.00ns)   --->   "%this_uop_ctrl_is_sta = getelementptr i1 %state_issue_alu_iq_entries_uop_ctrl_is_sta, i64 0, i64 %zext_ln85" [/home/lab_726/boom/hls_boom/include/boom_state.hpp:85->/home/lab_726/boom/hls_boom/include/boom_state.hpp:101->/home/lab_726/boom/hls_boom/include/boom_state.hpp:255->/home/lab_726/boom/hls_boom/src/boom_core_merged.cpp:2884]   --->   Operation 117 'getelementptr' 'this_uop_ctrl_is_sta' <Predicate = true> <Delay = 0.00>
ST_5 : Operation 118 [1/1] (0.00ns)   --->   "%this_uop_ctrl_is_std = getelementptr i1 %state_issue_alu_iq_entries_uop_ctrl_is_std, i64 0, i64 %zext_ln85" [/home/lab_726/boom/hls_boom/include/boom_state.hpp:85->/home/lab_726/boom/hls_boom/include/boom_state.hpp:101->/home/lab_726/boom/hls_boom/include/boom_state.hpp:255->/home/lab_726/boom/hls_boom/src/boom_core_merged.cpp:2884]   --->   Operation 118 'getelementptr' 'this_uop_ctrl_is_std' <Predicate = true> <Delay = 0.00>
ST_5 : Operation 119 [1/1] (0.00ns)   --->   "%this_uop_iw_state = getelementptr i8 %state_issue_alu_iq_entries_uop_iw_state, i64 0, i64 %zext_ln85" [/home/lab_726/boom/hls_boom/include/boom_state.hpp:85->/home/lab_726/boom/hls_boom/include/boom_state.hpp:101->/home/lab_726/boom/hls_boom/include/boom_state.hpp:255->/home/lab_726/boom/hls_boom/src/boom_core_merged.cpp:2884]   --->   Operation 119 'getelementptr' 'this_uop_iw_state' <Predicate = true> <Delay = 0.00>
ST_5 : Operation 120 [1/1] (0.00ns)   --->   "%this_uop_iw_p1_poisoned = getelementptr i1 %state_issue_alu_iq_entries_uop_iw_p1_poisoned, i64 0, i64 %zext_ln85" [/home/lab_726/boom/hls_boom/include/boom_state.hpp:85->/home/lab_726/boom/hls_boom/include/boom_state.hpp:101->/home/lab_726/boom/hls_boom/include/boom_state.hpp:255->/home/lab_726/boom/hls_boom/src/boom_core_merged.cpp:2884]   --->   Operation 120 'getelementptr' 'this_uop_iw_p1_poisoned' <Predicate = true> <Delay = 0.00>
ST_5 : Operation 121 [1/1] (0.00ns)   --->   "%this_uop_iw_p2_poisoned = getelementptr i1 %state_issue_alu_iq_entries_uop_iw_p2_poisoned, i64 0, i64 %zext_ln85" [/home/lab_726/boom/hls_boom/include/boom_state.hpp:85->/home/lab_726/boom/hls_boom/include/boom_state.hpp:101->/home/lab_726/boom/hls_boom/include/boom_state.hpp:255->/home/lab_726/boom/hls_boom/src/boom_core_merged.cpp:2884]   --->   Operation 121 'getelementptr' 'this_uop_iw_p2_poisoned' <Predicate = true> <Delay = 0.00>
ST_5 : Operation 122 [1/1] (0.00ns)   --->   "%this_uop_branch_br_mask = getelementptr i8 %state_issue_alu_iq_entries_uop_branch_br_mask, i64 0, i64 %zext_ln85" [/home/lab_726/boom/hls_boom/include/boom_state.hpp:85->/home/lab_726/boom/hls_boom/include/boom_state.hpp:101->/home/lab_726/boom/hls_boom/include/boom_state.hpp:255->/home/lab_726/boom/hls_boom/src/boom_core_merged.cpp:2884]   --->   Operation 122 'getelementptr' 'this_uop_branch_br_mask' <Predicate = true> <Delay = 0.00>
ST_5 : Operation 123 [1/1] (0.00ns)   --->   "%this_uop_branch_br_tag = getelementptr i8 %state_issue_alu_iq_entries_uop_branch_br_tag, i64 0, i64 %zext_ln85" [/home/lab_726/boom/hls_boom/include/boom_state.hpp:85->/home/lab_726/boom/hls_boom/include/boom_state.hpp:101->/home/lab_726/boom/hls_boom/include/boom_state.hpp:255->/home/lab_726/boom/hls_boom/src/boom_core_merged.cpp:2884]   --->   Operation 123 'getelementptr' 'this_uop_branch_br_tag' <Predicate = true> <Delay = 0.00>
ST_5 : Operation 124 [1/1] (0.00ns)   --->   "%this_uop_branch_ftq_idx = getelementptr i8 %state_issue_alu_iq_entries_uop_branch_ftq_idx, i64 0, i64 %zext_ln85" [/home/lab_726/boom/hls_boom/include/boom_state.hpp:85->/home/lab_726/boom/hls_boom/include/boom_state.hpp:101->/home/lab_726/boom/hls_boom/include/boom_state.hpp:255->/home/lab_726/boom/hls_boom/src/boom_core_merged.cpp:2884]   --->   Operation 124 'getelementptr' 'this_uop_branch_ftq_idx' <Predicate = true> <Delay = 0.00>
ST_5 : Operation 125 [1/1] (0.00ns)   --->   "%this_uop_branch_pc_lob = getelementptr i8 %state_issue_alu_iq_entries_uop_branch_pc_lob, i64 0, i64 %zext_ln85" [/home/lab_726/boom/hls_boom/include/boom_state.hpp:85->/home/lab_726/boom/hls_boom/include/boom_state.hpp:101->/home/lab_726/boom/hls_boom/include/boom_state.hpp:255->/home/lab_726/boom/hls_boom/src/boom_core_merged.cpp:2884]   --->   Operation 125 'getelementptr' 'this_uop_branch_pc_lob' <Predicate = true> <Delay = 0.00>
ST_5 : Operation 126 [1/1] (0.00ns)   --->   "%this_uop_branch_edge_inst = getelementptr i1 %state_issue_alu_iq_entries_uop_branch_edge_inst, i64 0, i64 %zext_ln85" [/home/lab_726/boom/hls_boom/include/boom_state.hpp:85->/home/lab_726/boom/hls_boom/include/boom_state.hpp:101->/home/lab_726/boom/hls_boom/include/boom_state.hpp:255->/home/lab_726/boom/hls_boom/src/boom_core_merged.cpp:2884]   --->   Operation 126 'getelementptr' 'this_uop_branch_edge_inst' <Predicate = true> <Delay = 0.00>
ST_5 : Operation 127 [1/1] (0.00ns)   --->   "%this_uop_branch_taken = getelementptr i1 %state_issue_alu_iq_entries_uop_branch_taken, i64 0, i64 %zext_ln85" [/home/lab_726/boom/hls_boom/include/boom_state.hpp:85->/home/lab_726/boom/hls_boom/include/boom_state.hpp:101->/home/lab_726/boom/hls_boom/include/boom_state.hpp:255->/home/lab_726/boom/hls_boom/src/boom_core_merged.cpp:2884]   --->   Operation 127 'getelementptr' 'this_uop_branch_taken' <Predicate = true> <Delay = 0.00>
ST_5 : Operation 128 [1/1] (0.00ns)   --->   "%this_uop_branch_is_br = getelementptr i1 %state_issue_alu_iq_entries_uop_branch_is_br, i64 0, i64 %zext_ln85" [/home/lab_726/boom/hls_boom/include/boom_state.hpp:85->/home/lab_726/boom/hls_boom/include/boom_state.hpp:101->/home/lab_726/boom/hls_boom/include/boom_state.hpp:255->/home/lab_726/boom/hls_boom/src/boom_core_merged.cpp:2884]   --->   Operation 128 'getelementptr' 'this_uop_branch_is_br' <Predicate = true> <Delay = 0.00>
ST_5 : Operation 129 [1/1] (0.00ns)   --->   "%this_uop_branch_is_jalr = getelementptr i1 %state_issue_alu_iq_entries_uop_branch_is_jalr, i64 0, i64 %zext_ln85" [/home/lab_726/boom/hls_boom/include/boom_state.hpp:85->/home/lab_726/boom/hls_boom/include/boom_state.hpp:101->/home/lab_726/boom/hls_boom/include/boom_state.hpp:255->/home/lab_726/boom/hls_boom/src/boom_core_merged.cpp:2884]   --->   Operation 129 'getelementptr' 'this_uop_branch_is_jalr' <Predicate = true> <Delay = 0.00>
ST_5 : Operation 130 [1/1] (0.00ns)   --->   "%this_uop_branch_is_jal = getelementptr i1 %state_issue_alu_iq_entries_uop_branch_is_jal, i64 0, i64 %zext_ln85" [/home/lab_726/boom/hls_boom/include/boom_state.hpp:85->/home/lab_726/boom/hls_boom/include/boom_state.hpp:101->/home/lab_726/boom/hls_boom/include/boom_state.hpp:255->/home/lab_726/boom/hls_boom/src/boom_core_merged.cpp:2884]   --->   Operation 130 'getelementptr' 'this_uop_branch_is_jal' <Predicate = true> <Delay = 0.00>
ST_5 : Operation 131 [1/1] (0.00ns)   --->   "%this_uop_branch_is_sfb = getelementptr i1 %state_issue_alu_iq_entries_uop_branch_is_sfb, i64 0, i64 %zext_ln85" [/home/lab_726/boom/hls_boom/include/boom_state.hpp:85->/home/lab_726/boom/hls_boom/include/boom_state.hpp:101->/home/lab_726/boom/hls_boom/include/boom_state.hpp:255->/home/lab_726/boom/hls_boom/src/boom_core_merged.cpp:2884]   --->   Operation 131 'getelementptr' 'this_uop_branch_is_sfb' <Predicate = true> <Delay = 0.00>
ST_5 : Operation 132 [1/1] (0.00ns)   --->   "%this_uop_imm_packed = getelementptr i32 %state_issue_alu_iq_entries_uop_imm_packed, i64 0, i64 %zext_ln85" [/home/lab_726/boom/hls_boom/include/boom_state.hpp:85->/home/lab_726/boom/hls_boom/include/boom_state.hpp:101->/home/lab_726/boom/hls_boom/include/boom_state.hpp:255->/home/lab_726/boom/hls_boom/src/boom_core_merged.cpp:2884]   --->   Operation 132 'getelementptr' 'this_uop_imm_packed' <Predicate = true> <Delay = 0.00>
ST_5 : Operation 133 [1/1] (0.00ns)   --->   "%this_uop_csr_addr = getelementptr i16 %state_issue_alu_iq_entries_uop_csr_addr, i64 0, i64 %zext_ln85" [/home/lab_726/boom/hls_boom/include/boom_state.hpp:85->/home/lab_726/boom/hls_boom/include/boom_state.hpp:101->/home/lab_726/boom/hls_boom/include/boom_state.hpp:255->/home/lab_726/boom/hls_boom/src/boom_core_merged.cpp:2884]   --->   Operation 133 'getelementptr' 'this_uop_csr_addr' <Predicate = true> <Delay = 0.00>
ST_5 : Operation 134 [1/1] (0.00ns)   --->   "%this_uop_queue_rob_idx = getelementptr i8 %state_issue_alu_iq_entries_uop_queue_rob_idx, i64 0, i64 %zext_ln85" [/home/lab_726/boom/hls_boom/include/boom_state.hpp:85->/home/lab_726/boom/hls_boom/include/boom_state.hpp:101->/home/lab_726/boom/hls_boom/include/boom_state.hpp:255->/home/lab_726/boom/hls_boom/src/boom_core_merged.cpp:2884]   --->   Operation 134 'getelementptr' 'this_uop_queue_rob_idx' <Predicate = true> <Delay = 0.00>
ST_5 : Operation 135 [1/1] (0.00ns)   --->   "%this_uop_queue_ldq_idx = getelementptr i8 %state_issue_alu_iq_entries_uop_queue_ldq_idx, i64 0, i64 %zext_ln85" [/home/lab_726/boom/hls_boom/include/boom_state.hpp:85->/home/lab_726/boom/hls_boom/include/boom_state.hpp:101->/home/lab_726/boom/hls_boom/include/boom_state.hpp:255->/home/lab_726/boom/hls_boom/src/boom_core_merged.cpp:2884]   --->   Operation 135 'getelementptr' 'this_uop_queue_ldq_idx' <Predicate = true> <Delay = 0.00>
ST_5 : Operation 136 [1/1] (0.00ns)   --->   "%this_uop_queue_stq_idx = getelementptr i8 %state_issue_alu_iq_entries_uop_queue_stq_idx, i64 0, i64 %zext_ln85" [/home/lab_726/boom/hls_boom/include/boom_state.hpp:85->/home/lab_726/boom/hls_boom/include/boom_state.hpp:101->/home/lab_726/boom/hls_boom/include/boom_state.hpp:255->/home/lab_726/boom/hls_boom/src/boom_core_merged.cpp:2884]   --->   Operation 136 'getelementptr' 'this_uop_queue_stq_idx' <Predicate = true> <Delay = 0.00>
ST_5 : Operation 137 [1/1] (0.00ns)   --->   "%this_uop_queue_rxq_idx = getelementptr i8 %state_issue_alu_iq_entries_uop_queue_rxq_idx, i64 0, i64 %zext_ln85" [/home/lab_726/boom/hls_boom/include/boom_state.hpp:85->/home/lab_726/boom/hls_boom/include/boom_state.hpp:101->/home/lab_726/boom/hls_boom/include/boom_state.hpp:255->/home/lab_726/boom/hls_boom/src/boom_core_merged.cpp:2884]   --->   Operation 137 'getelementptr' 'this_uop_queue_rxq_idx' <Predicate = true> <Delay = 0.00>
ST_5 : Operation 138 [1/1] (0.00ns)   --->   "%this_uop_queue_rob_allocation_id = getelementptr i32 %state_issue_alu_iq_entries_uop_queue_rob_allocation_id, i64 0, i64 %zext_ln85" [/home/lab_726/boom/hls_boom/include/boom_state.hpp:85->/home/lab_726/boom/hls_boom/include/boom_state.hpp:101->/home/lab_726/boom/hls_boom/include/boom_state.hpp:255->/home/lab_726/boom/hls_boom/src/boom_core_merged.cpp:2884]   --->   Operation 138 'getelementptr' 'this_uop_queue_rob_allocation_id' <Predicate = true> <Delay = 0.00>
ST_5 : Operation 139 [1/1] (0.00ns)   --->   "%this_uop_rename_ldst = getelementptr i8 %state_issue_alu_iq_entries_uop_rename_ldst, i64 0, i64 %zext_ln85" [/home/lab_726/boom/hls_boom/include/boom_state.hpp:85->/home/lab_726/boom/hls_boom/include/boom_state.hpp:101->/home/lab_726/boom/hls_boom/include/boom_state.hpp:255->/home/lab_726/boom/hls_boom/src/boom_core_merged.cpp:2884]   --->   Operation 139 'getelementptr' 'this_uop_rename_ldst' <Predicate = true> <Delay = 0.00>
ST_5 : Operation 140 [1/1] (0.00ns)   --->   "%this_uop_rename_lrs1 = getelementptr i8 %state_issue_alu_iq_entries_uop_rename_lrs1, i64 0, i64 %zext_ln85" [/home/lab_726/boom/hls_boom/include/boom_state.hpp:85->/home/lab_726/boom/hls_boom/include/boom_state.hpp:101->/home/lab_726/boom/hls_boom/include/boom_state.hpp:255->/home/lab_726/boom/hls_boom/src/boom_core_merged.cpp:2884]   --->   Operation 140 'getelementptr' 'this_uop_rename_lrs1' <Predicate = true> <Delay = 0.00>
ST_5 : Operation 141 [1/1] (0.00ns)   --->   "%this_uop_rename_lrs2 = getelementptr i8 %state_issue_alu_iq_entries_uop_rename_lrs2, i64 0, i64 %zext_ln85" [/home/lab_726/boom/hls_boom/include/boom_state.hpp:85->/home/lab_726/boom/hls_boom/include/boom_state.hpp:101->/home/lab_726/boom/hls_boom/include/boom_state.hpp:255->/home/lab_726/boom/hls_boom/src/boom_core_merged.cpp:2884]   --->   Operation 141 'getelementptr' 'this_uop_rename_lrs2' <Predicate = true> <Delay = 0.00>
ST_5 : Operation 142 [1/1] (0.00ns)   --->   "%this_uop_rename_lrs3 = getelementptr i8 %state_issue_alu_iq_entries_uop_rename_lrs3, i64 0, i64 %zext_ln85" [/home/lab_726/boom/hls_boom/include/boom_state.hpp:85->/home/lab_726/boom/hls_boom/include/boom_state.hpp:101->/home/lab_726/boom/hls_boom/include/boom_state.hpp:255->/home/lab_726/boom/hls_boom/src/boom_core_merged.cpp:2884]   --->   Operation 142 'getelementptr' 'this_uop_rename_lrs3' <Predicate = true> <Delay = 0.00>
ST_5 : Operation 143 [1/1] (0.00ns)   --->   "%this_uop_rename_pdst = getelementptr i8 %state_issue_alu_iq_entries_uop_rename_pdst, i64 0, i64 %zext_ln85" [/home/lab_726/boom/hls_boom/include/boom_state.hpp:85->/home/lab_726/boom/hls_boom/include/boom_state.hpp:101->/home/lab_726/boom/hls_boom/include/boom_state.hpp:255->/home/lab_726/boom/hls_boom/src/boom_core_merged.cpp:2884]   --->   Operation 143 'getelementptr' 'this_uop_rename_pdst' <Predicate = true> <Delay = 0.00>
ST_5 : Operation 144 [1/1] (0.00ns)   --->   "%this_uop_rename_prs1 = getelementptr i8 %state_issue_alu_iq_entries_uop_rename_prs1, i64 0, i64 %zext_ln85" [/home/lab_726/boom/hls_boom/include/boom_state.hpp:85->/home/lab_726/boom/hls_boom/include/boom_state.hpp:101->/home/lab_726/boom/hls_boom/include/boom_state.hpp:255->/home/lab_726/boom/hls_boom/src/boom_core_merged.cpp:2884]   --->   Operation 144 'getelementptr' 'this_uop_rename_prs1' <Predicate = true> <Delay = 0.00>
ST_5 : Operation 145 [1/1] (0.00ns)   --->   "%this_uop_rename_prs2 = getelementptr i8 %state_issue_alu_iq_entries_uop_rename_prs2, i64 0, i64 %zext_ln85" [/home/lab_726/boom/hls_boom/include/boom_state.hpp:85->/home/lab_726/boom/hls_boom/include/boom_state.hpp:101->/home/lab_726/boom/hls_boom/include/boom_state.hpp:255->/home/lab_726/boom/hls_boom/src/boom_core_merged.cpp:2884]   --->   Operation 145 'getelementptr' 'this_uop_rename_prs2' <Predicate = true> <Delay = 0.00>
ST_5 : Operation 146 [1/1] (0.00ns)   --->   "%this_uop_rename_prs3 = getelementptr i8 %state_issue_alu_iq_entries_uop_rename_prs3, i64 0, i64 %zext_ln85" [/home/lab_726/boom/hls_boom/include/boom_state.hpp:85->/home/lab_726/boom/hls_boom/include/boom_state.hpp:101->/home/lab_726/boom/hls_boom/include/boom_state.hpp:255->/home/lab_726/boom/hls_boom/src/boom_core_merged.cpp:2884]   --->   Operation 146 'getelementptr' 'this_uop_rename_prs3' <Predicate = true> <Delay = 0.00>
ST_5 : Operation 147 [1/1] (0.00ns)   --->   "%this_uop_rename_ppred = getelementptr i8 %state_issue_alu_iq_entries_uop_rename_ppred, i64 0, i64 %zext_ln85" [/home/lab_726/boom/hls_boom/include/boom_state.hpp:85->/home/lab_726/boom/hls_boom/include/boom_state.hpp:101->/home/lab_726/boom/hls_boom/include/boom_state.hpp:255->/home/lab_726/boom/hls_boom/src/boom_core_merged.cpp:2884]   --->   Operation 147 'getelementptr' 'this_uop_rename_ppred' <Predicate = true> <Delay = 0.00>
ST_5 : Operation 148 [1/1] (0.00ns)   --->   "%this_uop_rename_prs1_busy = getelementptr i1 %state_issue_alu_iq_entries_uop_rename_prs1_busy, i64 0, i64 %zext_ln85" [/home/lab_726/boom/hls_boom/include/boom_state.hpp:85->/home/lab_726/boom/hls_boom/include/boom_state.hpp:101->/home/lab_726/boom/hls_boom/include/boom_state.hpp:255->/home/lab_726/boom/hls_boom/src/boom_core_merged.cpp:2884]   --->   Operation 148 'getelementptr' 'this_uop_rename_prs1_busy' <Predicate = true> <Delay = 0.00>
ST_5 : Operation 149 [1/1] (0.00ns)   --->   "%this_uop_rename_prs2_busy = getelementptr i1 %state_issue_alu_iq_entries_uop_rename_prs2_busy, i64 0, i64 %zext_ln85" [/home/lab_726/boom/hls_boom/include/boom_state.hpp:85->/home/lab_726/boom/hls_boom/include/boom_state.hpp:101->/home/lab_726/boom/hls_boom/include/boom_state.hpp:255->/home/lab_726/boom/hls_boom/src/boom_core_merged.cpp:2884]   --->   Operation 149 'getelementptr' 'this_uop_rename_prs2_busy' <Predicate = true> <Delay = 0.00>
ST_5 : Operation 150 [1/1] (0.00ns)   --->   "%this_uop_rename_prs3_busy = getelementptr i1 %state_issue_alu_iq_entries_uop_rename_prs3_busy, i64 0, i64 %zext_ln85" [/home/lab_726/boom/hls_boom/include/boom_state.hpp:85->/home/lab_726/boom/hls_boom/include/boom_state.hpp:101->/home/lab_726/boom/hls_boom/include/boom_state.hpp:255->/home/lab_726/boom/hls_boom/src/boom_core_merged.cpp:2884]   --->   Operation 150 'getelementptr' 'this_uop_rename_prs3_busy' <Predicate = true> <Delay = 0.00>
ST_5 : Operation 151 [1/1] (0.00ns)   --->   "%this_uop_rename_ppred_busy = getelementptr i1 %state_issue_alu_iq_entries_uop_rename_ppred_busy, i64 0, i64 %zext_ln85" [/home/lab_726/boom/hls_boom/include/boom_state.hpp:85->/home/lab_726/boom/hls_boom/include/boom_state.hpp:101->/home/lab_726/boom/hls_boom/include/boom_state.hpp:255->/home/lab_726/boom/hls_boom/src/boom_core_merged.cpp:2884]   --->   Operation 151 'getelementptr' 'this_uop_rename_ppred_busy' <Predicate = true> <Delay = 0.00>
ST_5 : Operation 152 [1/1] (0.00ns)   --->   "%this_uop_rename_stale_pdst = getelementptr i8 %state_issue_alu_iq_entries_uop_rename_stale_pdst, i64 0, i64 %zext_ln85" [/home/lab_726/boom/hls_boom/include/boom_state.hpp:85->/home/lab_726/boom/hls_boom/include/boom_state.hpp:101->/home/lab_726/boom/hls_boom/include/boom_state.hpp:255->/home/lab_726/boom/hls_boom/src/boom_core_merged.cpp:2884]   --->   Operation 152 'getelementptr' 'this_uop_rename_stale_pdst' <Predicate = true> <Delay = 0.00>
ST_5 : Operation 153 [1/1] (0.00ns)   --->   "%this_uop_rename_dst_rtype = getelementptr i8 %state_issue_alu_iq_entries_uop_rename_dst_rtype, i64 0, i64 %zext_ln85" [/home/lab_726/boom/hls_boom/include/boom_state.hpp:85->/home/lab_726/boom/hls_boom/include/boom_state.hpp:101->/home/lab_726/boom/hls_boom/include/boom_state.hpp:255->/home/lab_726/boom/hls_boom/src/boom_core_merged.cpp:2884]   --->   Operation 153 'getelementptr' 'this_uop_rename_dst_rtype' <Predicate = true> <Delay = 0.00>
ST_5 : Operation 154 [1/1] (0.00ns)   --->   "%this_uop_rename_lrs1_rtype = getelementptr i8 %state_issue_alu_iq_entries_uop_rename_lrs1_rtype, i64 0, i64 %zext_ln85" [/home/lab_726/boom/hls_boom/include/boom_state.hpp:85->/home/lab_726/boom/hls_boom/include/boom_state.hpp:101->/home/lab_726/boom/hls_boom/include/boom_state.hpp:255->/home/lab_726/boom/hls_boom/src/boom_core_merged.cpp:2884]   --->   Operation 154 'getelementptr' 'this_uop_rename_lrs1_rtype' <Predicate = true> <Delay = 0.00>
ST_5 : Operation 155 [1/1] (0.00ns)   --->   "%this_uop_rename_lrs2_rtype = getelementptr i8 %state_issue_alu_iq_entries_uop_rename_lrs2_rtype, i64 0, i64 %zext_ln85" [/home/lab_726/boom/hls_boom/include/boom_state.hpp:85->/home/lab_726/boom/hls_boom/include/boom_state.hpp:101->/home/lab_726/boom/hls_boom/include/boom_state.hpp:255->/home/lab_726/boom/hls_boom/src/boom_core_merged.cpp:2884]   --->   Operation 155 'getelementptr' 'this_uop_rename_lrs2_rtype' <Predicate = true> <Delay = 0.00>
ST_5 : Operation 156 [1/1] (0.00ns)   --->   "%this_uop_rename_frs3_en = getelementptr i1 %state_issue_alu_iq_entries_uop_rename_frs3_en, i64 0, i64 %zext_ln85" [/home/lab_726/boom/hls_boom/include/boom_state.hpp:85->/home/lab_726/boom/hls_boom/include/boom_state.hpp:101->/home/lab_726/boom/hls_boom/include/boom_state.hpp:255->/home/lab_726/boom/hls_boom/src/boom_core_merged.cpp:2884]   --->   Operation 156 'getelementptr' 'this_uop_rename_frs3_en' <Predicate = true> <Delay = 0.00>
ST_5 : Operation 157 [1/1] (0.00ns)   --->   "%this_uop_rename_fp_val = getelementptr i1 %state_issue_alu_iq_entries_uop_rename_fp_val, i64 0, i64 %zext_ln85" [/home/lab_726/boom/hls_boom/include/boom_state.hpp:85->/home/lab_726/boom/hls_boom/include/boom_state.hpp:101->/home/lab_726/boom/hls_boom/include/boom_state.hpp:255->/home/lab_726/boom/hls_boom/src/boom_core_merged.cpp:2884]   --->   Operation 157 'getelementptr' 'this_uop_rename_fp_val' <Predicate = true> <Delay = 0.00>
ST_5 : Operation 158 [1/1] (0.00ns)   --->   "%this_uop_rename_fp_single = getelementptr i1 %state_issue_alu_iq_entries_uop_rename_fp_single, i64 0, i64 %zext_ln85" [/home/lab_726/boom/hls_boom/include/boom_state.hpp:85->/home/lab_726/boom/hls_boom/include/boom_state.hpp:101->/home/lab_726/boom/hls_boom/include/boom_state.hpp:255->/home/lab_726/boom/hls_boom/src/boom_core_merged.cpp:2884]   --->   Operation 158 'getelementptr' 'this_uop_rename_fp_single' <Predicate = true> <Delay = 0.00>
ST_5 : Operation 159 [1/1] (0.00ns)   --->   "%this_uop_exception = getelementptr i1 %state_issue_alu_iq_entries_uop_exception, i64 0, i64 %zext_ln85" [/home/lab_726/boom/hls_boom/include/boom_state.hpp:85->/home/lab_726/boom/hls_boom/include/boom_state.hpp:101->/home/lab_726/boom/hls_boom/include/boom_state.hpp:255->/home/lab_726/boom/hls_boom/src/boom_core_merged.cpp:2884]   --->   Operation 159 'getelementptr' 'this_uop_exception' <Predicate = true> <Delay = 0.00>
ST_5 : Operation 160 [1/1] (0.00ns)   --->   "%this_uop_exc_cause = getelementptr i64 %state_issue_alu_iq_entries_uop_exc_cause, i64 0, i64 %zext_ln85" [/home/lab_726/boom/hls_boom/include/boom_state.hpp:85->/home/lab_726/boom/hls_boom/include/boom_state.hpp:101->/home/lab_726/boom/hls_boom/include/boom_state.hpp:255->/home/lab_726/boom/hls_boom/src/boom_core_merged.cpp:2884]   --->   Operation 160 'getelementptr' 'this_uop_exc_cause' <Predicate = true> <Delay = 0.00>
ST_5 : Operation 161 [1/1] (0.00ns)   --->   "%this_uop_bypassable = getelementptr i1 %state_issue_alu_iq_entries_uop_bypassable, i64 0, i64 %zext_ln85" [/home/lab_726/boom/hls_boom/include/boom_state.hpp:85->/home/lab_726/boom/hls_boom/include/boom_state.hpp:101->/home/lab_726/boom/hls_boom/include/boom_state.hpp:255->/home/lab_726/boom/hls_boom/src/boom_core_merged.cpp:2884]   --->   Operation 161 'getelementptr' 'this_uop_bypassable' <Predicate = true> <Delay = 0.00>
ST_5 : Operation 162 [1/1] (0.00ns)   --->   "%this_uop_mem_mem_cmd = getelementptr i8 %state_issue_alu_iq_entries_uop_mem_mem_cmd, i64 0, i64 %zext_ln85" [/home/lab_726/boom/hls_boom/include/boom_state.hpp:85->/home/lab_726/boom/hls_boom/include/boom_state.hpp:101->/home/lab_726/boom/hls_boom/include/boom_state.hpp:255->/home/lab_726/boom/hls_boom/src/boom_core_merged.cpp:2884]   --->   Operation 162 'getelementptr' 'this_uop_mem_mem_cmd' <Predicate = true> <Delay = 0.00>
ST_5 : Operation 163 [1/1] (0.00ns)   --->   "%this_uop_mem_mem_size = getelementptr i8 %state_issue_alu_iq_entries_uop_mem_mem_size, i64 0, i64 %zext_ln85" [/home/lab_726/boom/hls_boom/include/boom_state.hpp:85->/home/lab_726/boom/hls_boom/include/boom_state.hpp:101->/home/lab_726/boom/hls_boom/include/boom_state.hpp:255->/home/lab_726/boom/hls_boom/src/boom_core_merged.cpp:2884]   --->   Operation 163 'getelementptr' 'this_uop_mem_mem_size' <Predicate = true> <Delay = 0.00>
ST_5 : Operation 164 [1/1] (0.00ns)   --->   "%this_uop_mem_mem_signed = getelementptr i1 %state_issue_alu_iq_entries_uop_mem_mem_signed, i64 0, i64 %zext_ln85" [/home/lab_726/boom/hls_boom/include/boom_state.hpp:85->/home/lab_726/boom/hls_boom/include/boom_state.hpp:101->/home/lab_726/boom/hls_boom/include/boom_state.hpp:255->/home/lab_726/boom/hls_boom/src/boom_core_merged.cpp:2884]   --->   Operation 164 'getelementptr' 'this_uop_mem_mem_signed' <Predicate = true> <Delay = 0.00>
ST_5 : Operation 165 [1/1] (0.00ns)   --->   "%this_uop_mem_is_fence = getelementptr i1 %state_issue_alu_iq_entries_uop_mem_is_fence, i64 0, i64 %zext_ln85" [/home/lab_726/boom/hls_boom/include/boom_state.hpp:85->/home/lab_726/boom/hls_boom/include/boom_state.hpp:101->/home/lab_726/boom/hls_boom/include/boom_state.hpp:255->/home/lab_726/boom/hls_boom/src/boom_core_merged.cpp:2884]   --->   Operation 165 'getelementptr' 'this_uop_mem_is_fence' <Predicate = true> <Delay = 0.00>
ST_5 : Operation 166 [1/1] (0.00ns)   --->   "%this_uop_mem_is_fencei = getelementptr i1 %state_issue_alu_iq_entries_uop_mem_is_fencei, i64 0, i64 %zext_ln85" [/home/lab_726/boom/hls_boom/include/boom_state.hpp:85->/home/lab_726/boom/hls_boom/include/boom_state.hpp:101->/home/lab_726/boom/hls_boom/include/boom_state.hpp:255->/home/lab_726/boom/hls_boom/src/boom_core_merged.cpp:2884]   --->   Operation 166 'getelementptr' 'this_uop_mem_is_fencei' <Predicate = true> <Delay = 0.00>
ST_5 : Operation 167 [1/1] (0.00ns)   --->   "%this_uop_mem_is_amo = getelementptr i1 %state_issue_alu_iq_entries_uop_mem_is_amo, i64 0, i64 %zext_ln85" [/home/lab_726/boom/hls_boom/include/boom_state.hpp:85->/home/lab_726/boom/hls_boom/include/boom_state.hpp:101->/home/lab_726/boom/hls_boom/include/boom_state.hpp:255->/home/lab_726/boom/hls_boom/src/boom_core_merged.cpp:2884]   --->   Operation 167 'getelementptr' 'this_uop_mem_is_amo' <Predicate = true> <Delay = 0.00>
ST_5 : Operation 168 [1/1] (0.00ns)   --->   "%this_uop_mem_uses_ldq = getelementptr i1 %state_issue_alu_iq_entries_uop_mem_uses_ldq, i64 0, i64 %zext_ln85" [/home/lab_726/boom/hls_boom/include/boom_state.hpp:85->/home/lab_726/boom/hls_boom/include/boom_state.hpp:101->/home/lab_726/boom/hls_boom/include/boom_state.hpp:255->/home/lab_726/boom/hls_boom/src/boom_core_merged.cpp:2884]   --->   Operation 168 'getelementptr' 'this_uop_mem_uses_ldq' <Predicate = true> <Delay = 0.00>
ST_5 : Operation 169 [1/1] (0.00ns)   --->   "%this_uop_mem_uses_stq = getelementptr i1 %state_issue_alu_iq_entries_uop_mem_uses_stq, i64 0, i64 %zext_ln85" [/home/lab_726/boom/hls_boom/include/boom_state.hpp:85->/home/lab_726/boom/hls_boom/include/boom_state.hpp:101->/home/lab_726/boom/hls_boom/include/boom_state.hpp:255->/home/lab_726/boom/hls_boom/src/boom_core_merged.cpp:2884]   --->   Operation 169 'getelementptr' 'this_uop_mem_uses_stq' <Predicate = true> <Delay = 0.00>
ST_5 : Operation 170 [1/1] (0.00ns)   --->   "%this_uop_mem_ldst_is_rs1 = getelementptr i1 %state_issue_alu_iq_entries_uop_mem_ldst_is_rs1, i64 0, i64 %zext_ln85" [/home/lab_726/boom/hls_boom/include/boom_state.hpp:85->/home/lab_726/boom/hls_boom/include/boom_state.hpp:101->/home/lab_726/boom/hls_boom/include/boom_state.hpp:255->/home/lab_726/boom/hls_boom/src/boom_core_merged.cpp:2884]   --->   Operation 170 'getelementptr' 'this_uop_mem_ldst_is_rs1' <Predicate = true> <Delay = 0.00>
ST_5 : Operation 171 [1/1] (0.00ns)   --->   "%this_uop_mem_ldst_val = getelementptr i1 %state_issue_alu_iq_entries_uop_mem_ldst_val, i64 0, i64 %zext_ln85" [/home/lab_726/boom/hls_boom/include/boom_state.hpp:85->/home/lab_726/boom/hls_boom/include/boom_state.hpp:101->/home/lab_726/boom/hls_boom/include/boom_state.hpp:255->/home/lab_726/boom/hls_boom/src/boom_core_merged.cpp:2884]   --->   Operation 171 'getelementptr' 'this_uop_mem_ldst_val' <Predicate = true> <Delay = 0.00>
ST_5 : Operation 172 [1/1] (0.00ns)   --->   "%this_uop_is_sys_pc2epc = getelementptr i1 %state_issue_alu_iq_entries_uop_is_sys_pc2epc, i64 0, i64 %zext_ln85" [/home/lab_726/boom/hls_boom/include/boom_state.hpp:85->/home/lab_726/boom/hls_boom/include/boom_state.hpp:101->/home/lab_726/boom/hls_boom/include/boom_state.hpp:255->/home/lab_726/boom/hls_boom/src/boom_core_merged.cpp:2884]   --->   Operation 172 'getelementptr' 'this_uop_is_sys_pc2epc' <Predicate = true> <Delay = 0.00>
ST_5 : Operation 173 [1/1] (0.00ns)   --->   "%this_uop_is_unique = getelementptr i1 %state_issue_alu_iq_entries_uop_is_unique, i64 0, i64 %zext_ln85" [/home/lab_726/boom/hls_boom/include/boom_state.hpp:85->/home/lab_726/boom/hls_boom/include/boom_state.hpp:101->/home/lab_726/boom/hls_boom/include/boom_state.hpp:255->/home/lab_726/boom/hls_boom/src/boom_core_merged.cpp:2884]   --->   Operation 173 'getelementptr' 'this_uop_is_unique' <Predicate = true> <Delay = 0.00>
ST_5 : Operation 174 [1/1] (0.00ns)   --->   "%this_uop_flush_on_commit = getelementptr i1 %state_issue_alu_iq_entries_uop_flush_on_commit, i64 0, i64 %zext_ln85" [/home/lab_726/boom/hls_boom/include/boom_state.hpp:85->/home/lab_726/boom/hls_boom/include/boom_state.hpp:101->/home/lab_726/boom/hls_boom/include/boom_state.hpp:255->/home/lab_726/boom/hls_boom/src/boom_core_merged.cpp:2884]   --->   Operation 174 'getelementptr' 'this_uop_flush_on_commit' <Predicate = true> <Delay = 0.00>
ST_5 : Operation 175 [1/1] (0.00ns)   --->   "%this_uop_exc_exception = getelementptr i1 %state_issue_alu_iq_entries_uop_exc_exception, i64 0, i64 %zext_ln85" [/home/lab_726/boom/hls_boom/include/boom_state.hpp:85->/home/lab_726/boom/hls_boom/include/boom_state.hpp:101->/home/lab_726/boom/hls_boom/include/boom_state.hpp:255->/home/lab_726/boom/hls_boom/src/boom_core_merged.cpp:2884]   --->   Operation 175 'getelementptr' 'this_uop_exc_exception' <Predicate = true> <Delay = 0.00>
ST_5 : Operation 176 [1/1] (0.00ns)   --->   "%this_uop_exc_exc_cause = getelementptr i64 %state_issue_alu_iq_entries_uop_exc_exc_cause, i64 0, i64 %zext_ln85" [/home/lab_726/boom/hls_boom/include/boom_state.hpp:85->/home/lab_726/boom/hls_boom/include/boom_state.hpp:101->/home/lab_726/boom/hls_boom/include/boom_state.hpp:255->/home/lab_726/boom/hls_boom/src/boom_core_merged.cpp:2884]   --->   Operation 176 'getelementptr' 'this_uop_exc_exc_cause' <Predicate = true> <Delay = 0.00>
ST_5 : Operation 177 [1/1] (0.00ns)   --->   "%this_uop_exc_xcpt_pf_if = getelementptr i1 %state_issue_alu_iq_entries_uop_exc_xcpt_pf_if, i64 0, i64 %zext_ln85" [/home/lab_726/boom/hls_boom/include/boom_state.hpp:85->/home/lab_726/boom/hls_boom/include/boom_state.hpp:101->/home/lab_726/boom/hls_boom/include/boom_state.hpp:255->/home/lab_726/boom/hls_boom/src/boom_core_merged.cpp:2884]   --->   Operation 177 'getelementptr' 'this_uop_exc_xcpt_pf_if' <Predicate = true> <Delay = 0.00>
ST_5 : Operation 178 [1/1] (0.00ns)   --->   "%this_uop_exc_xcpt_ae_if = getelementptr i1 %state_issue_alu_iq_entries_uop_exc_xcpt_ae_if, i64 0, i64 %zext_ln85" [/home/lab_726/boom/hls_boom/include/boom_state.hpp:85->/home/lab_726/boom/hls_boom/include/boom_state.hpp:101->/home/lab_726/boom/hls_boom/include/boom_state.hpp:255->/home/lab_726/boom/hls_boom/src/boom_core_merged.cpp:2884]   --->   Operation 178 'getelementptr' 'this_uop_exc_xcpt_ae_if' <Predicate = true> <Delay = 0.00>
ST_5 : Operation 179 [1/1] (0.00ns)   --->   "%this_uop_exc_xcpt_ma_if = getelementptr i1 %state_issue_alu_iq_entries_uop_exc_xcpt_ma_if, i64 0, i64 %zext_ln85" [/home/lab_726/boom/hls_boom/include/boom_state.hpp:85->/home/lab_726/boom/hls_boom/include/boom_state.hpp:101->/home/lab_726/boom/hls_boom/include/boom_state.hpp:255->/home/lab_726/boom/hls_boom/src/boom_core_merged.cpp:2884]   --->   Operation 179 'getelementptr' 'this_uop_exc_xcpt_ma_if' <Predicate = true> <Delay = 0.00>
ST_5 : Operation 180 [1/1] (0.00ns)   --->   "%this_uop_exc_bp_debug_if = getelementptr i1 %state_issue_alu_iq_entries_uop_exc_bp_debug_if, i64 0, i64 %zext_ln85" [/home/lab_726/boom/hls_boom/include/boom_state.hpp:85->/home/lab_726/boom/hls_boom/include/boom_state.hpp:101->/home/lab_726/boom/hls_boom/include/boom_state.hpp:255->/home/lab_726/boom/hls_boom/src/boom_core_merged.cpp:2884]   --->   Operation 180 'getelementptr' 'this_uop_exc_bp_debug_if' <Predicate = true> <Delay = 0.00>
ST_5 : Operation 181 [1/1] (0.00ns)   --->   "%this_uop_exc_bp_xcpt_if = getelementptr i1 %state_issue_alu_iq_entries_uop_exc_bp_xcpt_if, i64 0, i64 %zext_ln85" [/home/lab_726/boom/hls_boom/include/boom_state.hpp:85->/home/lab_726/boom/hls_boom/include/boom_state.hpp:101->/home/lab_726/boom/hls_boom/include/boom_state.hpp:255->/home/lab_726/boom/hls_boom/src/boom_core_merged.cpp:2884]   --->   Operation 181 'getelementptr' 'this_uop_exc_bp_xcpt_if' <Predicate = true> <Delay = 0.00>
ST_5 : Operation 182 [1/1] (0.00ns)   --->   "%this_uop_debug_debug_fsrc = getelementptr i8 %state_issue_alu_iq_entries_uop_debug_debug_fsrc, i64 0, i64 %zext_ln85" [/home/lab_726/boom/hls_boom/include/boom_state.hpp:85->/home/lab_726/boom/hls_boom/include/boom_state.hpp:101->/home/lab_726/boom/hls_boom/include/boom_state.hpp:255->/home/lab_726/boom/hls_boom/src/boom_core_merged.cpp:2884]   --->   Operation 182 'getelementptr' 'this_uop_debug_debug_fsrc' <Predicate = true> <Delay = 0.00>
ST_5 : Operation 183 [1/1] (0.00ns)   --->   "%this_uop_debug_debug_tsrc = getelementptr i8 %state_issue_alu_iq_entries_uop_debug_debug_tsrc, i64 0, i64 %zext_ln85" [/home/lab_726/boom/hls_boom/include/boom_state.hpp:85->/home/lab_726/boom/hls_boom/include/boom_state.hpp:101->/home/lab_726/boom/hls_boom/include/boom_state.hpp:255->/home/lab_726/boom/hls_boom/src/boom_core_merged.cpp:2884]   --->   Operation 183 'getelementptr' 'this_uop_debug_debug_tsrc' <Predicate = true> <Delay = 0.00>
ST_5 : Operation 184 [1/1] (0.00ns)   --->   "%this_uop_debug_debug_inst = getelementptr i32 %state_issue_alu_iq_entries_uop_debug_debug_inst, i64 0, i64 %zext_ln85" [/home/lab_726/boom/hls_boom/include/boom_state.hpp:85->/home/lab_726/boom/hls_boom/include/boom_state.hpp:101->/home/lab_726/boom/hls_boom/include/boom_state.hpp:255->/home/lab_726/boom/hls_boom/src/boom_core_merged.cpp:2884]   --->   Operation 184 'getelementptr' 'this_uop_debug_debug_inst' <Predicate = true> <Delay = 0.00>
ST_5 : Operation 185 [1/1] (0.00ns)   --->   "%this_uop_debug_debug_pc = getelementptr i64 %state_issue_alu_iq_entries_uop_debug_debug_pc, i64 0, i64 %zext_ln85" [/home/lab_726/boom/hls_boom/include/boom_state.hpp:85->/home/lab_726/boom/hls_boom/include/boom_state.hpp:101->/home/lab_726/boom/hls_boom/include/boom_state.hpp:255->/home/lab_726/boom/hls_boom/src/boom_core_merged.cpp:2884]   --->   Operation 185 'getelementptr' 'this_uop_debug_debug_pc' <Predicate = true> <Delay = 0.00>
ST_5 : Operation 186 [1/1] (0.00ns)   --->   "%this_prs1_data = getelementptr i64 %state_issue_alu_iq_entries_prs1_data, i64 0, i64 %zext_ln85" [/home/lab_726/boom/hls_boom/include/boom_state.hpp:85->/home/lab_726/boom/hls_boom/include/boom_state.hpp:101->/home/lab_726/boom/hls_boom/include/boom_state.hpp:255->/home/lab_726/boom/hls_boom/src/boom_core_merged.cpp:2884]   --->   Operation 186 'getelementptr' 'this_prs1_data' <Predicate = true> <Delay = 0.00>
ST_5 : Operation 187 [1/1] (0.00ns)   --->   "%this_prs2_data = getelementptr i64 %state_issue_alu_iq_entries_prs2_data, i64 0, i64 %zext_ln85" [/home/lab_726/boom/hls_boom/include/boom_state.hpp:85->/home/lab_726/boom/hls_boom/include/boom_state.hpp:101->/home/lab_726/boom/hls_boom/include/boom_state.hpp:255->/home/lab_726/boom/hls_boom/src/boom_core_merged.cpp:2884]   --->   Operation 187 'getelementptr' 'this_prs2_data' <Predicate = true> <Delay = 0.00>
ST_5 : Operation 188 [1/1] (0.00ns)   --->   "%this_prs3_data = getelementptr i64 %state_issue_alu_iq_entries_prs3_data, i64 0, i64 %zext_ln85" [/home/lab_726/boom/hls_boom/include/boom_state.hpp:85->/home/lab_726/boom/hls_boom/include/boom_state.hpp:101->/home/lab_726/boom/hls_boom/include/boom_state.hpp:255->/home/lab_726/boom/hls_boom/src/boom_core_merged.cpp:2884]   --->   Operation 188 'getelementptr' 'this_prs3_data' <Predicate = true> <Delay = 0.00>
ST_5 : Operation 189 [1/1] (0.67ns)   --->   "%store_ln177 = store i1 0, i3 %this_valid" [/home/lab_726/boom/hls_boom/include/boom_types.hpp:177->/home/lab_726/boom/hls_boom/include/boom_state.hpp:255->/home/lab_726/boom/hls_boom/src/boom_core_merged.cpp:2884]   --->   Operation 189 'store' 'store_ln177' <Predicate = true> <Delay = 0.67> <CoreInst = "RAM">   --->   Core 83 'RAM' <Latency = 1> <II = 1> <Delay = 0.67> <Storage> <Opcode : 'load' 'store'> <Ports = 2> <Width = 1> <Depth = 8> <RAM>
ST_5 : Operation 190 [1/1] (0.67ns)   --->   "%store_ln177 = store i1 0, i3 %this_request" [/home/lab_726/boom/hls_boom/include/boom_types.hpp:177->/home/lab_726/boom/hls_boom/include/boom_state.hpp:255->/home/lab_726/boom/hls_boom/src/boom_core_merged.cpp:2884]   --->   Operation 190 'store' 'store_ln177' <Predicate = true> <Delay = 0.67> <CoreInst = "RAM">   --->   Core 83 'RAM' <Latency = 1> <II = 1> <Delay = 0.67> <Storage> <Opcode : 'load' 'store'> <Ports = 2> <Width = 1> <Depth = 8> <RAM>
ST_5 : Operation 191 [1/1] (0.67ns)   --->   "%store_ln177 = store i1 0, i3 %this_granted" [/home/lab_726/boom/hls_boom/include/boom_types.hpp:177->/home/lab_726/boom/hls_boom/include/boom_state.hpp:255->/home/lab_726/boom/hls_boom/src/boom_core_merged.cpp:2884]   --->   Operation 191 'store' 'store_ln177' <Predicate = true> <Delay = 0.67> <CoreInst = "RAM">   --->   Core 83 'RAM' <Latency = 1> <II = 1> <Delay = 0.67> <Storage> <Opcode : 'load' 'store'> <Ports = 2> <Width = 1> <Depth = 8> <RAM>
ST_5 : Operation 192 [1/1] (0.67ns)   --->   "%store_ln177 = store i1 0, i3 %this_killed" [/home/lab_726/boom/hls_boom/include/boom_types.hpp:177->/home/lab_726/boom/hls_boom/include/boom_state.hpp:255->/home/lab_726/boom/hls_boom/src/boom_core_merged.cpp:2884]   --->   Operation 192 'store' 'store_ln177' <Predicate = true> <Delay = 0.67> <CoreInst = "RAM">   --->   Core 83 'RAM' <Latency = 1> <II = 1> <Delay = 0.67> <Storage> <Opcode : 'load' 'store'> <Ports = 2> <Width = 1> <Depth = 8> <RAM>
ST_5 : Operation 193 [1/1] (0.67ns)   --->   "%store_ln178 = store i1 0, i3 %this_pdst_busy" [/home/lab_726/boom/hls_boom/include/boom_types.hpp:178->/home/lab_726/boom/hls_boom/include/boom_state.hpp:255->/home/lab_726/boom/hls_boom/src/boom_core_merged.cpp:2884]   --->   Operation 193 'store' 'store_ln178' <Predicate = true> <Delay = 0.67> <CoreInst = "RAM">   --->   Core 83 'RAM' <Latency = 1> <II = 1> <Delay = 0.67> <Storage> <Opcode : 'load' 'store'> <Ports = 2> <Width = 1> <Depth = 8> <RAM>
ST_5 : Operation 194 [1/1] (0.67ns)   --->   "%store_ln178 = store i1 0, i3 %this_prs1_busy" [/home/lab_726/boom/hls_boom/include/boom_types.hpp:178->/home/lab_726/boom/hls_boom/include/boom_state.hpp:255->/home/lab_726/boom/hls_boom/src/boom_core_merged.cpp:2884]   --->   Operation 194 'store' 'store_ln178' <Predicate = true> <Delay = 0.67> <CoreInst = "RAM">   --->   Core 83 'RAM' <Latency = 1> <II = 1> <Delay = 0.67> <Storage> <Opcode : 'load' 'store'> <Ports = 2> <Width = 1> <Depth = 8> <RAM>
ST_5 : Operation 195 [1/1] (0.67ns)   --->   "%store_ln178 = store i1 0, i3 %this_prs2_busy" [/home/lab_726/boom/hls_boom/include/boom_types.hpp:178->/home/lab_726/boom/hls_boom/include/boom_state.hpp:255->/home/lab_726/boom/hls_boom/src/boom_core_merged.cpp:2884]   --->   Operation 195 'store' 'store_ln178' <Predicate = true> <Delay = 0.67> <CoreInst = "RAM">   --->   Core 83 'RAM' <Latency = 1> <II = 1> <Delay = 0.67> <Storage> <Opcode : 'load' 'store'> <Ports = 2> <Width = 1> <Depth = 8> <RAM>
ST_5 : Operation 196 [1/1] (0.67ns)   --->   "%store_ln178 = store i1 0, i3 %this_prs3_busy" [/home/lab_726/boom/hls_boom/include/boom_types.hpp:178->/home/lab_726/boom/hls_boom/include/boom_state.hpp:255->/home/lab_726/boom/hls_boom/src/boom_core_merged.cpp:2884]   --->   Operation 196 'store' 'store_ln178' <Predicate = true> <Delay = 0.67> <CoreInst = "RAM">   --->   Core 83 'RAM' <Latency = 1> <II = 1> <Delay = 0.67> <Storage> <Opcode : 'load' 'store'> <Ports = 2> <Width = 1> <Depth = 8> <RAM>
ST_5 : Operation 197 [1/1] (0.67ns)   --->   "%store_ln82 = store i8 0, i3 %this_uop_uopc" [/home/lab_726/boom/hls_boom/include/boom_types.hpp:82->/home/lab_726/boom/hls_boom/include/boom_state.hpp:255->/home/lab_726/boom/hls_boom/src/boom_core_merged.cpp:2884]   --->   Operation 197 'store' 'store_ln82' <Predicate = true> <Delay = 0.67> <CoreInst = "RAM">   --->   Core 83 'RAM' <Latency = 1> <II = 1> <Delay = 0.67> <Storage> <Opcode : 'load' 'store'> <Ports = 2> <Width = 8> <Depth = 8> <RAM>
ST_5 : Operation 198 [1/1] (0.67ns)   --->   "%store_ln82 = store i32 0, i3 %this_uop_inst" [/home/lab_726/boom/hls_boom/include/boom_types.hpp:82->/home/lab_726/boom/hls_boom/include/boom_state.hpp:255->/home/lab_726/boom/hls_boom/src/boom_core_merged.cpp:2884]   --->   Operation 198 'store' 'store_ln82' <Predicate = true> <Delay = 0.67> <CoreInst = "RAM">   --->   Core 83 'RAM' <Latency = 1> <II = 1> <Delay = 0.67> <Storage> <Opcode : 'load' 'store'> <Ports = 2> <Width = 32> <Depth = 8> <RAM>
ST_5 : Operation 199 [1/1] (0.67ns)   --->   "%store_ln82 = store i32 0, i3 %this_uop_debug_inst" [/home/lab_726/boom/hls_boom/include/boom_types.hpp:82->/home/lab_726/boom/hls_boom/include/boom_state.hpp:255->/home/lab_726/boom/hls_boom/src/boom_core_merged.cpp:2884]   --->   Operation 199 'store' 'store_ln82' <Predicate = true> <Delay = 0.67> <CoreInst = "RAM">   --->   Core 83 'RAM' <Latency = 1> <II = 1> <Delay = 0.67> <Storage> <Opcode : 'load' 'store'> <Ports = 2> <Width = 32> <Depth = 8> <RAM>
ST_5 : Operation 200 [1/1] (0.67ns)   --->   "%store_ln82 = store i1 0, i3 %this_uop_is_rvc" [/home/lab_726/boom/hls_boom/include/boom_types.hpp:82->/home/lab_726/boom/hls_boom/include/boom_state.hpp:255->/home/lab_726/boom/hls_boom/src/boom_core_merged.cpp:2884]   --->   Operation 200 'store' 'store_ln82' <Predicate = true> <Delay = 0.67> <CoreInst = "RAM">   --->   Core 83 'RAM' <Latency = 1> <II = 1> <Delay = 0.67> <Storage> <Opcode : 'load' 'store'> <Ports = 2> <Width = 1> <Depth = 8> <RAM>
ST_5 : Operation 201 [1/1] (0.67ns)   --->   "%store_ln82 = store i64 0, i3 %this_uop_debug_pc" [/home/lab_726/boom/hls_boom/include/boom_types.hpp:82->/home/lab_726/boom/hls_boom/include/boom_state.hpp:255->/home/lab_726/boom/hls_boom/src/boom_core_merged.cpp:2884]   --->   Operation 201 'store' 'store_ln82' <Predicate = true> <Delay = 0.67> <CoreInst = "RAM">   --->   Core 83 'RAM' <Latency = 1> <II = 1> <Delay = 0.67> <Storage> <Opcode : 'load' 'store'> <Ports = 2> <Width = 64> <Depth = 8> <RAM>
ST_5 : Operation 202 [1/1] (0.67ns)   --->   "%store_ln82 = store i8 0, i3 %this_uop_iq_type" [/home/lab_726/boom/hls_boom/include/boom_types.hpp:82->/home/lab_726/boom/hls_boom/include/boom_state.hpp:255->/home/lab_726/boom/hls_boom/src/boom_core_merged.cpp:2884]   --->   Operation 202 'store' 'store_ln82' <Predicate = true> <Delay = 0.67> <CoreInst = "RAM">   --->   Core 83 'RAM' <Latency = 1> <II = 1> <Delay = 0.67> <Storage> <Opcode : 'load' 'store'> <Ports = 2> <Width = 8> <Depth = 8> <RAM>
ST_5 : Operation 203 [1/1] (0.67ns)   --->   "%store_ln82 = store i8 0, i3 %this_uop_fu_code" [/home/lab_726/boom/hls_boom/include/boom_types.hpp:82->/home/lab_726/boom/hls_boom/include/boom_state.hpp:255->/home/lab_726/boom/hls_boom/src/boom_core_merged.cpp:2884]   --->   Operation 203 'store' 'store_ln82' <Predicate = true> <Delay = 0.67> <CoreInst = "RAM">   --->   Core 83 'RAM' <Latency = 1> <II = 1> <Delay = 0.67> <Storage> <Opcode : 'load' 'store'> <Ports = 2> <Width = 8> <Depth = 8> <RAM>
ST_5 : Operation 204 [1/1] (0.67ns)   --->   "%store_ln83 = store i8 0, i3 %this_uop_ctrl_br_type" [/home/lab_726/boom/hls_boom/include/boom_types.hpp:83->/home/lab_726/boom/hls_boom/include/boom_state.hpp:255->/home/lab_726/boom/hls_boom/src/boom_core_merged.cpp:2884]   --->   Operation 204 'store' 'store_ln83' <Predicate = true> <Delay = 0.67> <CoreInst = "RAM">   --->   Core 83 'RAM' <Latency = 1> <II = 1> <Delay = 0.67> <Storage> <Opcode : 'load' 'store'> <Ports = 2> <Width = 8> <Depth = 8> <RAM>
ST_5 : Operation 205 [1/1] (0.67ns)   --->   "%store_ln83 = store i8 0, i3 %this_uop_ctrl_op1_sel" [/home/lab_726/boom/hls_boom/include/boom_types.hpp:83->/home/lab_726/boom/hls_boom/include/boom_state.hpp:255->/home/lab_726/boom/hls_boom/src/boom_core_merged.cpp:2884]   --->   Operation 205 'store' 'store_ln83' <Predicate = true> <Delay = 0.67> <CoreInst = "RAM">   --->   Core 83 'RAM' <Latency = 1> <II = 1> <Delay = 0.67> <Storage> <Opcode : 'load' 'store'> <Ports = 2> <Width = 8> <Depth = 8> <RAM>
ST_5 : Operation 206 [1/1] (0.67ns)   --->   "%store_ln83 = store i8 0, i3 %this_uop_ctrl_op2_sel" [/home/lab_726/boom/hls_boom/include/boom_types.hpp:83->/home/lab_726/boom/hls_boom/include/boom_state.hpp:255->/home/lab_726/boom/hls_boom/src/boom_core_merged.cpp:2884]   --->   Operation 206 'store' 'store_ln83' <Predicate = true> <Delay = 0.67> <CoreInst = "RAM">   --->   Core 83 'RAM' <Latency = 1> <II = 1> <Delay = 0.67> <Storage> <Opcode : 'load' 'store'> <Ports = 2> <Width = 8> <Depth = 8> <RAM>
ST_5 : Operation 207 [1/1] (0.67ns)   --->   "%store_ln83 = store i8 0, i3 %this_uop_ctrl_imm_sel" [/home/lab_726/boom/hls_boom/include/boom_types.hpp:83->/home/lab_726/boom/hls_boom/include/boom_state.hpp:255->/home/lab_726/boom/hls_boom/src/boom_core_merged.cpp:2884]   --->   Operation 207 'store' 'store_ln83' <Predicate = true> <Delay = 0.67> <CoreInst = "RAM">   --->   Core 83 'RAM' <Latency = 1> <II = 1> <Delay = 0.67> <Storage> <Opcode : 'load' 'store'> <Ports = 2> <Width = 8> <Depth = 8> <RAM>
ST_5 : Operation 208 [1/1] (0.67ns)   --->   "%store_ln83 = store i8 0, i3 %this_uop_ctrl_op_fcn" [/home/lab_726/boom/hls_boom/include/boom_types.hpp:83->/home/lab_726/boom/hls_boom/include/boom_state.hpp:255->/home/lab_726/boom/hls_boom/src/boom_core_merged.cpp:2884]   --->   Operation 208 'store' 'store_ln83' <Predicate = true> <Delay = 0.67> <CoreInst = "RAM">   --->   Core 83 'RAM' <Latency = 1> <II = 1> <Delay = 0.67> <Storage> <Opcode : 'load' 'store'> <Ports = 2> <Width = 8> <Depth = 8> <RAM>
ST_5 : Operation 209 [1/1] (0.67ns)   --->   "%store_ln83 = store i8 0, i3 %this_uop_ctrl_fcn_dw" [/home/lab_726/boom/hls_boom/include/boom_types.hpp:83->/home/lab_726/boom/hls_boom/include/boom_state.hpp:255->/home/lab_726/boom/hls_boom/src/boom_core_merged.cpp:2884]   --->   Operation 209 'store' 'store_ln83' <Predicate = true> <Delay = 0.67> <CoreInst = "RAM">   --->   Core 83 'RAM' <Latency = 1> <II = 1> <Delay = 0.67> <Storage> <Opcode : 'load' 'store'> <Ports = 2> <Width = 8> <Depth = 8> <RAM>
ST_5 : Operation 210 [1/1] (0.67ns)   --->   "%store_ln83 = store i8 0, i3 %this_uop_ctrl_csr_cmd" [/home/lab_726/boom/hls_boom/include/boom_types.hpp:83->/home/lab_726/boom/hls_boom/include/boom_state.hpp:255->/home/lab_726/boom/hls_boom/src/boom_core_merged.cpp:2884]   --->   Operation 210 'store' 'store_ln83' <Predicate = true> <Delay = 0.67> <CoreInst = "RAM">   --->   Core 83 'RAM' <Latency = 1> <II = 1> <Delay = 0.67> <Storage> <Opcode : 'load' 'store'> <Ports = 2> <Width = 8> <Depth = 8> <RAM>
ST_5 : Operation 211 [1/1] (0.67ns)   --->   "%store_ln83 = store i1 0, i3 %this_uop_ctrl_is_load" [/home/lab_726/boom/hls_boom/include/boom_types.hpp:83->/home/lab_726/boom/hls_boom/include/boom_state.hpp:255->/home/lab_726/boom/hls_boom/src/boom_core_merged.cpp:2884]   --->   Operation 211 'store' 'store_ln83' <Predicate = true> <Delay = 0.67> <CoreInst = "RAM">   --->   Core 83 'RAM' <Latency = 1> <II = 1> <Delay = 0.67> <Storage> <Opcode : 'load' 'store'> <Ports = 2> <Width = 1> <Depth = 8> <RAM>
ST_5 : Operation 212 [1/1] (0.67ns)   --->   "%store_ln83 = store i1 0, i3 %this_uop_ctrl_is_sta" [/home/lab_726/boom/hls_boom/include/boom_types.hpp:83->/home/lab_726/boom/hls_boom/include/boom_state.hpp:255->/home/lab_726/boom/hls_boom/src/boom_core_merged.cpp:2884]   --->   Operation 212 'store' 'store_ln83' <Predicate = true> <Delay = 0.67> <CoreInst = "RAM">   --->   Core 83 'RAM' <Latency = 1> <II = 1> <Delay = 0.67> <Storage> <Opcode : 'load' 'store'> <Ports = 2> <Width = 1> <Depth = 8> <RAM>
ST_5 : Operation 213 [1/1] (0.67ns)   --->   "%store_ln83 = store i1 0, i3 %this_uop_ctrl_is_std" [/home/lab_726/boom/hls_boom/include/boom_types.hpp:83->/home/lab_726/boom/hls_boom/include/boom_state.hpp:255->/home/lab_726/boom/hls_boom/src/boom_core_merged.cpp:2884]   --->   Operation 213 'store' 'store_ln83' <Predicate = true> <Delay = 0.67> <CoreInst = "RAM">   --->   Core 83 'RAM' <Latency = 1> <II = 1> <Delay = 0.67> <Storage> <Opcode : 'load' 'store'> <Ports = 2> <Width = 1> <Depth = 8> <RAM>
ST_5 : Operation 214 [1/1] (0.67ns)   --->   "%store_ln83 = store i8 0, i3 %this_uop_iw_state" [/home/lab_726/boom/hls_boom/include/boom_types.hpp:83->/home/lab_726/boom/hls_boom/include/boom_state.hpp:255->/home/lab_726/boom/hls_boom/src/boom_core_merged.cpp:2884]   --->   Operation 214 'store' 'store_ln83' <Predicate = true> <Delay = 0.67> <CoreInst = "RAM">   --->   Core 83 'RAM' <Latency = 1> <II = 1> <Delay = 0.67> <Storage> <Opcode : 'load' 'store'> <Ports = 2> <Width = 8> <Depth = 8> <RAM>
ST_5 : Operation 215 [1/1] (0.67ns)   --->   "%store_ln83 = store i1 0, i3 %this_uop_iw_p2_poisoned" [/home/lab_726/boom/hls_boom/include/boom_types.hpp:83->/home/lab_726/boom/hls_boom/include/boom_state.hpp:255->/home/lab_726/boom/hls_boom/src/boom_core_merged.cpp:2884]   --->   Operation 215 'store' 'store_ln83' <Predicate = true> <Delay = 0.67> <CoreInst = "RAM">   --->   Core 83 'RAM' <Latency = 1> <II = 1> <Delay = 0.67> <Storage> <Opcode : 'load' 'store'> <Ports = 2> <Width = 1> <Depth = 8> <RAM>
ST_5 : Operation 216 [1/1] (0.67ns)   --->   "%store_ln83 = store i1 0, i3 %this_uop_iw_p1_poisoned" [/home/lab_726/boom/hls_boom/include/boom_types.hpp:83->/home/lab_726/boom/hls_boom/include/boom_state.hpp:255->/home/lab_726/boom/hls_boom/src/boom_core_merged.cpp:2884]   --->   Operation 216 'store' 'store_ln83' <Predicate = true> <Delay = 0.67> <CoreInst = "RAM">   --->   Core 83 'RAM' <Latency = 1> <II = 1> <Delay = 0.67> <Storage> <Opcode : 'load' 'store'> <Ports = 2> <Width = 1> <Depth = 8> <RAM>
ST_5 : Operation 217 [1/1] (0.67ns)   --->   "%store_ln83 = store i8 0, i3 %this_uop_branch_br_mask" [/home/lab_726/boom/hls_boom/include/boom_types.hpp:83->/home/lab_726/boom/hls_boom/include/boom_state.hpp:255->/home/lab_726/boom/hls_boom/src/boom_core_merged.cpp:2884]   --->   Operation 217 'store' 'store_ln83' <Predicate = true> <Delay = 0.67> <CoreInst = "RAM">   --->   Core 83 'RAM' <Latency = 1> <II = 1> <Delay = 0.67> <Storage> <Opcode : 'load' 'store'> <Ports = 2> <Width = 8> <Depth = 8> <RAM>
ST_5 : Operation 218 [1/1] (0.67ns)   --->   "%store_ln83 = store i8 0, i3 %this_uop_branch_br_tag" [/home/lab_726/boom/hls_boom/include/boom_types.hpp:83->/home/lab_726/boom/hls_boom/include/boom_state.hpp:255->/home/lab_726/boom/hls_boom/src/boom_core_merged.cpp:2884]   --->   Operation 218 'store' 'store_ln83' <Predicate = true> <Delay = 0.67> <CoreInst = "RAM">   --->   Core 83 'RAM' <Latency = 1> <II = 1> <Delay = 0.67> <Storage> <Opcode : 'load' 'store'> <Ports = 2> <Width = 8> <Depth = 8> <RAM>
ST_5 : Operation 219 [1/1] (0.67ns)   --->   "%store_ln83 = store i8 0, i3 %this_uop_branch_ftq_idx" [/home/lab_726/boom/hls_boom/include/boom_types.hpp:83->/home/lab_726/boom/hls_boom/include/boom_state.hpp:255->/home/lab_726/boom/hls_boom/src/boom_core_merged.cpp:2884]   --->   Operation 219 'store' 'store_ln83' <Predicate = true> <Delay = 0.67> <CoreInst = "RAM">   --->   Core 83 'RAM' <Latency = 1> <II = 1> <Delay = 0.67> <Storage> <Opcode : 'load' 'store'> <Ports = 2> <Width = 8> <Depth = 8> <RAM>
ST_5 : Operation 220 [1/1] (0.67ns)   --->   "%store_ln83 = store i8 0, i3 %this_uop_branch_pc_lob" [/home/lab_726/boom/hls_boom/include/boom_types.hpp:83->/home/lab_726/boom/hls_boom/include/boom_state.hpp:255->/home/lab_726/boom/hls_boom/src/boom_core_merged.cpp:2884]   --->   Operation 220 'store' 'store_ln83' <Predicate = true> <Delay = 0.67> <CoreInst = "RAM">   --->   Core 83 'RAM' <Latency = 1> <II = 1> <Delay = 0.67> <Storage> <Opcode : 'load' 'store'> <Ports = 2> <Width = 8> <Depth = 8> <RAM>
ST_5 : Operation 221 [1/1] (0.67ns)   --->   "%store_ln83 = store i1 0, i3 %this_uop_branch_edge_inst" [/home/lab_726/boom/hls_boom/include/boom_types.hpp:83->/home/lab_726/boom/hls_boom/include/boom_state.hpp:255->/home/lab_726/boom/hls_boom/src/boom_core_merged.cpp:2884]   --->   Operation 221 'store' 'store_ln83' <Predicate = true> <Delay = 0.67> <CoreInst = "RAM">   --->   Core 83 'RAM' <Latency = 1> <II = 1> <Delay = 0.67> <Storage> <Opcode : 'load' 'store'> <Ports = 2> <Width = 1> <Depth = 8> <RAM>
ST_5 : Operation 222 [1/1] (0.67ns)   --->   "%store_ln83 = store i1 0, i3 %this_uop_branch_taken" [/home/lab_726/boom/hls_boom/include/boom_types.hpp:83->/home/lab_726/boom/hls_boom/include/boom_state.hpp:255->/home/lab_726/boom/hls_boom/src/boom_core_merged.cpp:2884]   --->   Operation 222 'store' 'store_ln83' <Predicate = true> <Delay = 0.67> <CoreInst = "RAM">   --->   Core 83 'RAM' <Latency = 1> <II = 1> <Delay = 0.67> <Storage> <Opcode : 'load' 'store'> <Ports = 2> <Width = 1> <Depth = 8> <RAM>
ST_5 : Operation 223 [1/1] (0.67ns)   --->   "%store_ln83 = store i1 0, i3 %this_uop_branch_is_br" [/home/lab_726/boom/hls_boom/include/boom_types.hpp:83->/home/lab_726/boom/hls_boom/include/boom_state.hpp:255->/home/lab_726/boom/hls_boom/src/boom_core_merged.cpp:2884]   --->   Operation 223 'store' 'store_ln83' <Predicate = true> <Delay = 0.67> <CoreInst = "RAM">   --->   Core 83 'RAM' <Latency = 1> <II = 1> <Delay = 0.67> <Storage> <Opcode : 'load' 'store'> <Ports = 2> <Width = 1> <Depth = 8> <RAM>
ST_5 : Operation 224 [1/1] (0.67ns)   --->   "%store_ln83 = store i1 0, i3 %this_uop_branch_is_jalr" [/home/lab_726/boom/hls_boom/include/boom_types.hpp:83->/home/lab_726/boom/hls_boom/include/boom_state.hpp:255->/home/lab_726/boom/hls_boom/src/boom_core_merged.cpp:2884]   --->   Operation 224 'store' 'store_ln83' <Predicate = true> <Delay = 0.67> <CoreInst = "RAM">   --->   Core 83 'RAM' <Latency = 1> <II = 1> <Delay = 0.67> <Storage> <Opcode : 'load' 'store'> <Ports = 2> <Width = 1> <Depth = 8> <RAM>
ST_5 : Operation 225 [1/1] (0.67ns)   --->   "%store_ln83 = store i1 0, i3 %this_uop_branch_is_jal" [/home/lab_726/boom/hls_boom/include/boom_types.hpp:83->/home/lab_726/boom/hls_boom/include/boom_state.hpp:255->/home/lab_726/boom/hls_boom/src/boom_core_merged.cpp:2884]   --->   Operation 225 'store' 'store_ln83' <Predicate = true> <Delay = 0.67> <CoreInst = "RAM">   --->   Core 83 'RAM' <Latency = 1> <II = 1> <Delay = 0.67> <Storage> <Opcode : 'load' 'store'> <Ports = 2> <Width = 1> <Depth = 8> <RAM>
ST_5 : Operation 226 [1/1] (0.67ns)   --->   "%store_ln83 = store i1 0, i3 %this_uop_branch_is_sfb" [/home/lab_726/boom/hls_boom/include/boom_types.hpp:83->/home/lab_726/boom/hls_boom/include/boom_state.hpp:255->/home/lab_726/boom/hls_boom/src/boom_core_merged.cpp:2884]   --->   Operation 226 'store' 'store_ln83' <Predicate = true> <Delay = 0.67> <CoreInst = "RAM">   --->   Core 83 'RAM' <Latency = 1> <II = 1> <Delay = 0.67> <Storage> <Opcode : 'load' 'store'> <Ports = 2> <Width = 1> <Depth = 8> <RAM>
ST_5 : Operation 227 [1/1] (0.67ns)   --->   "%store_ln83 = store i32 0, i3 %this_uop_imm_packed" [/home/lab_726/boom/hls_boom/include/boom_types.hpp:83->/home/lab_726/boom/hls_boom/include/boom_state.hpp:255->/home/lab_726/boom/hls_boom/src/boom_core_merged.cpp:2884]   --->   Operation 227 'store' 'store_ln83' <Predicate = true> <Delay = 0.67> <CoreInst = "RAM">   --->   Core 83 'RAM' <Latency = 1> <II = 1> <Delay = 0.67> <Storage> <Opcode : 'load' 'store'> <Ports = 2> <Width = 32> <Depth = 8> <RAM>
ST_5 : Operation 228 [1/1] (0.67ns)   --->   "%store_ln83 = store i16 0, i3 %this_uop_csr_addr" [/home/lab_726/boom/hls_boom/include/boom_types.hpp:83->/home/lab_726/boom/hls_boom/include/boom_state.hpp:255->/home/lab_726/boom/hls_boom/src/boom_core_merged.cpp:2884]   --->   Operation 228 'store' 'store_ln83' <Predicate = true> <Delay = 0.67> <CoreInst = "RAM">   --->   Core 83 'RAM' <Latency = 1> <II = 1> <Delay = 0.67> <Storage> <Opcode : 'load' 'store'> <Ports = 2> <Width = 16> <Depth = 8> <RAM>
ST_5 : Operation 229 [1/1] (0.67ns)   --->   "%store_ln84 = store i8 0, i3 %this_uop_queue_rob_idx" [/home/lab_726/boom/hls_boom/include/boom_types.hpp:84->/home/lab_726/boom/hls_boom/include/boom_state.hpp:255->/home/lab_726/boom/hls_boom/src/boom_core_merged.cpp:2884]   --->   Operation 229 'store' 'store_ln84' <Predicate = true> <Delay = 0.67> <CoreInst = "RAM">   --->   Core 83 'RAM' <Latency = 1> <II = 1> <Delay = 0.67> <Storage> <Opcode : 'load' 'store'> <Ports = 2> <Width = 8> <Depth = 8> <RAM>
ST_5 : Operation 230 [1/1] (0.67ns)   --->   "%store_ln84 = store i8 0, i3 %this_uop_queue_ldq_idx" [/home/lab_726/boom/hls_boom/include/boom_types.hpp:84->/home/lab_726/boom/hls_boom/include/boom_state.hpp:255->/home/lab_726/boom/hls_boom/src/boom_core_merged.cpp:2884]   --->   Operation 230 'store' 'store_ln84' <Predicate = true> <Delay = 0.67> <CoreInst = "RAM">   --->   Core 83 'RAM' <Latency = 1> <II = 1> <Delay = 0.67> <Storage> <Opcode : 'load' 'store'> <Ports = 2> <Width = 8> <Depth = 8> <RAM>
ST_5 : Operation 231 [1/1] (0.67ns)   --->   "%store_ln84 = store i8 0, i3 %this_uop_queue_stq_idx" [/home/lab_726/boom/hls_boom/include/boom_types.hpp:84->/home/lab_726/boom/hls_boom/include/boom_state.hpp:255->/home/lab_726/boom/hls_boom/src/boom_core_merged.cpp:2884]   --->   Operation 231 'store' 'store_ln84' <Predicate = true> <Delay = 0.67> <CoreInst = "RAM">   --->   Core 83 'RAM' <Latency = 1> <II = 1> <Delay = 0.67> <Storage> <Opcode : 'load' 'store'> <Ports = 2> <Width = 8> <Depth = 8> <RAM>
ST_5 : Operation 232 [1/1] (0.67ns)   --->   "%store_ln84 = store i8 0, i3 %this_uop_queue_rxq_idx" [/home/lab_726/boom/hls_boom/include/boom_types.hpp:84->/home/lab_726/boom/hls_boom/include/boom_state.hpp:255->/home/lab_726/boom/hls_boom/src/boom_core_merged.cpp:2884]   --->   Operation 232 'store' 'store_ln84' <Predicate = true> <Delay = 0.67> <CoreInst = "RAM">   --->   Core 83 'RAM' <Latency = 1> <II = 1> <Delay = 0.67> <Storage> <Opcode : 'load' 'store'> <Ports = 2> <Width = 8> <Depth = 8> <RAM>
ST_5 : Operation 233 [1/1] (0.67ns)   --->   "%store_ln84 = store i32 0, i3 %this_uop_queue_rob_allocation_id" [/home/lab_726/boom/hls_boom/include/boom_types.hpp:84->/home/lab_726/boom/hls_boom/include/boom_state.hpp:255->/home/lab_726/boom/hls_boom/src/boom_core_merged.cpp:2884]   --->   Operation 233 'store' 'store_ln84' <Predicate = true> <Delay = 0.67> <CoreInst = "RAM">   --->   Core 83 'RAM' <Latency = 1> <II = 1> <Delay = 0.67> <Storage> <Opcode : 'load' 'store'> <Ports = 2> <Width = 32> <Depth = 8> <RAM>
ST_5 : Operation 234 [1/1] (0.67ns)   --->   "%store_ln84 = store i8 0, i3 %this_uop_rename_ldst" [/home/lab_726/boom/hls_boom/include/boom_types.hpp:84->/home/lab_726/boom/hls_boom/include/boom_state.hpp:255->/home/lab_726/boom/hls_boom/src/boom_core_merged.cpp:2884]   --->   Operation 234 'store' 'store_ln84' <Predicate = true> <Delay = 0.67> <CoreInst = "RAM">   --->   Core 83 'RAM' <Latency = 1> <II = 1> <Delay = 0.67> <Storage> <Opcode : 'load' 'store'> <Ports = 2> <Width = 8> <Depth = 8> <RAM>
ST_5 : Operation 235 [1/1] (0.67ns)   --->   "%store_ln84 = store i8 0, i3 %this_uop_rename_lrs1" [/home/lab_726/boom/hls_boom/include/boom_types.hpp:84->/home/lab_726/boom/hls_boom/include/boom_state.hpp:255->/home/lab_726/boom/hls_boom/src/boom_core_merged.cpp:2884]   --->   Operation 235 'store' 'store_ln84' <Predicate = true> <Delay = 0.67> <CoreInst = "RAM">   --->   Core 83 'RAM' <Latency = 1> <II = 1> <Delay = 0.67> <Storage> <Opcode : 'load' 'store'> <Ports = 2> <Width = 8> <Depth = 8> <RAM>
ST_5 : Operation 236 [1/1] (0.67ns)   --->   "%store_ln84 = store i8 0, i3 %this_uop_rename_lrs2" [/home/lab_726/boom/hls_boom/include/boom_types.hpp:84->/home/lab_726/boom/hls_boom/include/boom_state.hpp:255->/home/lab_726/boom/hls_boom/src/boom_core_merged.cpp:2884]   --->   Operation 236 'store' 'store_ln84' <Predicate = true> <Delay = 0.67> <CoreInst = "RAM">   --->   Core 83 'RAM' <Latency = 1> <II = 1> <Delay = 0.67> <Storage> <Opcode : 'load' 'store'> <Ports = 2> <Width = 8> <Depth = 8> <RAM>
ST_5 : Operation 237 [1/1] (0.67ns)   --->   "%store_ln84 = store i8 0, i3 %this_uop_rename_lrs3" [/home/lab_726/boom/hls_boom/include/boom_types.hpp:84->/home/lab_726/boom/hls_boom/include/boom_state.hpp:255->/home/lab_726/boom/hls_boom/src/boom_core_merged.cpp:2884]   --->   Operation 237 'store' 'store_ln84' <Predicate = true> <Delay = 0.67> <CoreInst = "RAM">   --->   Core 83 'RAM' <Latency = 1> <II = 1> <Delay = 0.67> <Storage> <Opcode : 'load' 'store'> <Ports = 2> <Width = 8> <Depth = 8> <RAM>
ST_5 : Operation 238 [1/1] (0.67ns)   --->   "%store_ln84 = store i8 0, i3 %this_uop_rename_pdst" [/home/lab_726/boom/hls_boom/include/boom_types.hpp:84->/home/lab_726/boom/hls_boom/include/boom_state.hpp:255->/home/lab_726/boom/hls_boom/src/boom_core_merged.cpp:2884]   --->   Operation 238 'store' 'store_ln84' <Predicate = true> <Delay = 0.67> <CoreInst = "RAM">   --->   Core 83 'RAM' <Latency = 1> <II = 1> <Delay = 0.67> <Storage> <Opcode : 'load' 'store'> <Ports = 2> <Width = 8> <Depth = 8> <RAM>
ST_5 : Operation 239 [1/1] (0.67ns)   --->   "%store_ln84 = store i8 0, i3 %this_uop_rename_prs1" [/home/lab_726/boom/hls_boom/include/boom_types.hpp:84->/home/lab_726/boom/hls_boom/include/boom_state.hpp:255->/home/lab_726/boom/hls_boom/src/boom_core_merged.cpp:2884]   --->   Operation 239 'store' 'store_ln84' <Predicate = true> <Delay = 0.67> <CoreInst = "RAM">   --->   Core 83 'RAM' <Latency = 1> <II = 1> <Delay = 0.67> <Storage> <Opcode : 'load' 'store'> <Ports = 2> <Width = 8> <Depth = 8> <RAM>
ST_5 : Operation 240 [1/1] (0.67ns)   --->   "%store_ln84 = store i8 0, i3 %this_uop_rename_prs2" [/home/lab_726/boom/hls_boom/include/boom_types.hpp:84->/home/lab_726/boom/hls_boom/include/boom_state.hpp:255->/home/lab_726/boom/hls_boom/src/boom_core_merged.cpp:2884]   --->   Operation 240 'store' 'store_ln84' <Predicate = true> <Delay = 0.67> <CoreInst = "RAM">   --->   Core 83 'RAM' <Latency = 1> <II = 1> <Delay = 0.67> <Storage> <Opcode : 'load' 'store'> <Ports = 2> <Width = 8> <Depth = 8> <RAM>
ST_5 : Operation 241 [1/1] (0.67ns)   --->   "%store_ln84 = store i8 0, i3 %this_uop_rename_prs3" [/home/lab_726/boom/hls_boom/include/boom_types.hpp:84->/home/lab_726/boom/hls_boom/include/boom_state.hpp:255->/home/lab_726/boom/hls_boom/src/boom_core_merged.cpp:2884]   --->   Operation 241 'store' 'store_ln84' <Predicate = true> <Delay = 0.67> <CoreInst = "RAM">   --->   Core 83 'RAM' <Latency = 1> <II = 1> <Delay = 0.67> <Storage> <Opcode : 'load' 'store'> <Ports = 2> <Width = 8> <Depth = 8> <RAM>
ST_5 : Operation 242 [1/1] (0.67ns)   --->   "%store_ln84 = store i8 0, i3 %this_uop_rename_ppred" [/home/lab_726/boom/hls_boom/include/boom_types.hpp:84->/home/lab_726/boom/hls_boom/include/boom_state.hpp:255->/home/lab_726/boom/hls_boom/src/boom_core_merged.cpp:2884]   --->   Operation 242 'store' 'store_ln84' <Predicate = true> <Delay = 0.67> <CoreInst = "RAM">   --->   Core 83 'RAM' <Latency = 1> <II = 1> <Delay = 0.67> <Storage> <Opcode : 'load' 'store'> <Ports = 2> <Width = 8> <Depth = 8> <RAM>
ST_5 : Operation 243 [1/1] (0.67ns)   --->   "%store_ln84 = store i1 0, i3 %this_uop_rename_prs1_busy" [/home/lab_726/boom/hls_boom/include/boom_types.hpp:84->/home/lab_726/boom/hls_boom/include/boom_state.hpp:255->/home/lab_726/boom/hls_boom/src/boom_core_merged.cpp:2884]   --->   Operation 243 'store' 'store_ln84' <Predicate = true> <Delay = 0.67> <CoreInst = "RAM">   --->   Core 83 'RAM' <Latency = 1> <II = 1> <Delay = 0.67> <Storage> <Opcode : 'load' 'store'> <Ports = 2> <Width = 1> <Depth = 8> <RAM>
ST_5 : Operation 244 [1/1] (0.67ns)   --->   "%store_ln84 = store i1 0, i3 %this_uop_rename_prs2_busy" [/home/lab_726/boom/hls_boom/include/boom_types.hpp:84->/home/lab_726/boom/hls_boom/include/boom_state.hpp:255->/home/lab_726/boom/hls_boom/src/boom_core_merged.cpp:2884]   --->   Operation 244 'store' 'store_ln84' <Predicate = true> <Delay = 0.67> <CoreInst = "RAM">   --->   Core 83 'RAM' <Latency = 1> <II = 1> <Delay = 0.67> <Storage> <Opcode : 'load' 'store'> <Ports = 2> <Width = 1> <Depth = 8> <RAM>
ST_5 : Operation 245 [1/1] (0.67ns)   --->   "%store_ln84 = store i1 0, i3 %this_uop_rename_prs3_busy" [/home/lab_726/boom/hls_boom/include/boom_types.hpp:84->/home/lab_726/boom/hls_boom/include/boom_state.hpp:255->/home/lab_726/boom/hls_boom/src/boom_core_merged.cpp:2884]   --->   Operation 245 'store' 'store_ln84' <Predicate = true> <Delay = 0.67> <CoreInst = "RAM">   --->   Core 83 'RAM' <Latency = 1> <II = 1> <Delay = 0.67> <Storage> <Opcode : 'load' 'store'> <Ports = 2> <Width = 1> <Depth = 8> <RAM>
ST_5 : Operation 246 [1/1] (0.67ns)   --->   "%store_ln84 = store i1 0, i3 %this_uop_rename_ppred_busy" [/home/lab_726/boom/hls_boom/include/boom_types.hpp:84->/home/lab_726/boom/hls_boom/include/boom_state.hpp:255->/home/lab_726/boom/hls_boom/src/boom_core_merged.cpp:2884]   --->   Operation 246 'store' 'store_ln84' <Predicate = true> <Delay = 0.67> <CoreInst = "RAM">   --->   Core 83 'RAM' <Latency = 1> <II = 1> <Delay = 0.67> <Storage> <Opcode : 'load' 'store'> <Ports = 2> <Width = 1> <Depth = 8> <RAM>
ST_5 : Operation 247 [1/1] (0.67ns)   --->   "%store_ln84 = store i8 0, i3 %this_uop_rename_stale_pdst" [/home/lab_726/boom/hls_boom/include/boom_types.hpp:84->/home/lab_726/boom/hls_boom/include/boom_state.hpp:255->/home/lab_726/boom/hls_boom/src/boom_core_merged.cpp:2884]   --->   Operation 247 'store' 'store_ln84' <Predicate = true> <Delay = 0.67> <CoreInst = "RAM">   --->   Core 83 'RAM' <Latency = 1> <II = 1> <Delay = 0.67> <Storage> <Opcode : 'load' 'store'> <Ports = 2> <Width = 8> <Depth = 8> <RAM>
ST_5 : Operation 248 [1/1] (0.67ns)   --->   "%store_ln84 = store i8 0, i3 %this_uop_rename_dst_rtype" [/home/lab_726/boom/hls_boom/include/boom_types.hpp:84->/home/lab_726/boom/hls_boom/include/boom_state.hpp:255->/home/lab_726/boom/hls_boom/src/boom_core_merged.cpp:2884]   --->   Operation 248 'store' 'store_ln84' <Predicate = true> <Delay = 0.67> <CoreInst = "RAM">   --->   Core 83 'RAM' <Latency = 1> <II = 1> <Delay = 0.67> <Storage> <Opcode : 'load' 'store'> <Ports = 2> <Width = 8> <Depth = 8> <RAM>
ST_5 : Operation 249 [1/1] (0.67ns)   --->   "%store_ln84 = store i8 0, i3 %this_uop_rename_lrs1_rtype" [/home/lab_726/boom/hls_boom/include/boom_types.hpp:84->/home/lab_726/boom/hls_boom/include/boom_state.hpp:255->/home/lab_726/boom/hls_boom/src/boom_core_merged.cpp:2884]   --->   Operation 249 'store' 'store_ln84' <Predicate = true> <Delay = 0.67> <CoreInst = "RAM">   --->   Core 83 'RAM' <Latency = 1> <II = 1> <Delay = 0.67> <Storage> <Opcode : 'load' 'store'> <Ports = 2> <Width = 8> <Depth = 8> <RAM>
ST_5 : Operation 250 [1/1] (0.67ns)   --->   "%store_ln84 = store i8 0, i3 %this_uop_rename_lrs2_rtype" [/home/lab_726/boom/hls_boom/include/boom_types.hpp:84->/home/lab_726/boom/hls_boom/include/boom_state.hpp:255->/home/lab_726/boom/hls_boom/src/boom_core_merged.cpp:2884]   --->   Operation 250 'store' 'store_ln84' <Predicate = true> <Delay = 0.67> <CoreInst = "RAM">   --->   Core 83 'RAM' <Latency = 1> <II = 1> <Delay = 0.67> <Storage> <Opcode : 'load' 'store'> <Ports = 2> <Width = 8> <Depth = 8> <RAM>
ST_5 : Operation 251 [1/1] (0.67ns)   --->   "%store_ln84 = store i1 0, i3 %this_uop_rename_frs3_en" [/home/lab_726/boom/hls_boom/include/boom_types.hpp:84->/home/lab_726/boom/hls_boom/include/boom_state.hpp:255->/home/lab_726/boom/hls_boom/src/boom_core_merged.cpp:2884]   --->   Operation 251 'store' 'store_ln84' <Predicate = true> <Delay = 0.67> <CoreInst = "RAM">   --->   Core 83 'RAM' <Latency = 1> <II = 1> <Delay = 0.67> <Storage> <Opcode : 'load' 'store'> <Ports = 2> <Width = 1> <Depth = 8> <RAM>
ST_5 : Operation 252 [1/1] (0.67ns)   --->   "%store_ln84 = store i1 0, i3 %this_uop_rename_fp_val" [/home/lab_726/boom/hls_boom/include/boom_types.hpp:84->/home/lab_726/boom/hls_boom/include/boom_state.hpp:255->/home/lab_726/boom/hls_boom/src/boom_core_merged.cpp:2884]   --->   Operation 252 'store' 'store_ln84' <Predicate = true> <Delay = 0.67> <CoreInst = "RAM">   --->   Core 83 'RAM' <Latency = 1> <II = 1> <Delay = 0.67> <Storage> <Opcode : 'load' 'store'> <Ports = 2> <Width = 1> <Depth = 8> <RAM>
ST_5 : Operation 253 [1/1] (0.67ns)   --->   "%store_ln84 = store i1 0, i3 %this_uop_rename_fp_single" [/home/lab_726/boom/hls_boom/include/boom_types.hpp:84->/home/lab_726/boom/hls_boom/include/boom_state.hpp:255->/home/lab_726/boom/hls_boom/src/boom_core_merged.cpp:2884]   --->   Operation 253 'store' 'store_ln84' <Predicate = true> <Delay = 0.67> <CoreInst = "RAM">   --->   Core 83 'RAM' <Latency = 1> <II = 1> <Delay = 0.67> <Storage> <Opcode : 'load' 'store'> <Ports = 2> <Width = 1> <Depth = 8> <RAM>
ST_5 : Operation 254 [1/1] (0.67ns)   --->   "%store_ln84 = store i1 0, i3 %this_uop_exception" [/home/lab_726/boom/hls_boom/include/boom_types.hpp:84->/home/lab_726/boom/hls_boom/include/boom_state.hpp:255->/home/lab_726/boom/hls_boom/src/boom_core_merged.cpp:2884]   --->   Operation 254 'store' 'store_ln84' <Predicate = true> <Delay = 0.67> <CoreInst = "RAM">   --->   Core 83 'RAM' <Latency = 1> <II = 1> <Delay = 0.67> <Storage> <Opcode : 'load' 'store'> <Ports = 2> <Width = 1> <Depth = 8> <RAM>
ST_5 : Operation 255 [1/1] (0.67ns)   --->   "%store_ln84 = store i64 0, i3 %this_uop_exc_cause" [/home/lab_726/boom/hls_boom/include/boom_types.hpp:84->/home/lab_726/boom/hls_boom/include/boom_state.hpp:255->/home/lab_726/boom/hls_boom/src/boom_core_merged.cpp:2884]   --->   Operation 255 'store' 'store_ln84' <Predicate = true> <Delay = 0.67> <CoreInst = "RAM">   --->   Core 83 'RAM' <Latency = 1> <II = 1> <Delay = 0.67> <Storage> <Opcode : 'load' 'store'> <Ports = 2> <Width = 64> <Depth = 8> <RAM>
ST_5 : Operation 256 [1/1] (0.67ns)   --->   "%store_ln84 = store i1 0, i3 %this_uop_bypassable" [/home/lab_726/boom/hls_boom/include/boom_types.hpp:84->/home/lab_726/boom/hls_boom/include/boom_state.hpp:255->/home/lab_726/boom/hls_boom/src/boom_core_merged.cpp:2884]   --->   Operation 256 'store' 'store_ln84' <Predicate = true> <Delay = 0.67> <CoreInst = "RAM">   --->   Core 83 'RAM' <Latency = 1> <II = 1> <Delay = 0.67> <Storage> <Opcode : 'load' 'store'> <Ports = 2> <Width = 1> <Depth = 8> <RAM>
ST_5 : Operation 257 [1/1] (0.67ns)   --->   "%store_ln84 = store i8 0, i3 %this_uop_mem_mem_cmd" [/home/lab_726/boom/hls_boom/include/boom_types.hpp:84->/home/lab_726/boom/hls_boom/include/boom_state.hpp:255->/home/lab_726/boom/hls_boom/src/boom_core_merged.cpp:2884]   --->   Operation 257 'store' 'store_ln84' <Predicate = true> <Delay = 0.67> <CoreInst = "RAM">   --->   Core 83 'RAM' <Latency = 1> <II = 1> <Delay = 0.67> <Storage> <Opcode : 'load' 'store'> <Ports = 2> <Width = 8> <Depth = 8> <RAM>
ST_5 : Operation 258 [1/1] (0.67ns)   --->   "%store_ln84 = store i8 0, i3 %this_uop_mem_mem_size" [/home/lab_726/boom/hls_boom/include/boom_types.hpp:84->/home/lab_726/boom/hls_boom/include/boom_state.hpp:255->/home/lab_726/boom/hls_boom/src/boom_core_merged.cpp:2884]   --->   Operation 258 'store' 'store_ln84' <Predicate = true> <Delay = 0.67> <CoreInst = "RAM">   --->   Core 83 'RAM' <Latency = 1> <II = 1> <Delay = 0.67> <Storage> <Opcode : 'load' 'store'> <Ports = 2> <Width = 8> <Depth = 8> <RAM>
ST_5 : Operation 259 [1/1] (0.67ns)   --->   "%store_ln84 = store i1 0, i3 %this_uop_mem_mem_signed" [/home/lab_726/boom/hls_boom/include/boom_types.hpp:84->/home/lab_726/boom/hls_boom/include/boom_state.hpp:255->/home/lab_726/boom/hls_boom/src/boom_core_merged.cpp:2884]   --->   Operation 259 'store' 'store_ln84' <Predicate = true> <Delay = 0.67> <CoreInst = "RAM">   --->   Core 83 'RAM' <Latency = 1> <II = 1> <Delay = 0.67> <Storage> <Opcode : 'load' 'store'> <Ports = 2> <Width = 1> <Depth = 8> <RAM>
ST_5 : Operation 260 [1/1] (0.67ns)   --->   "%store_ln84 = store i1 0, i3 %this_uop_mem_is_fence" [/home/lab_726/boom/hls_boom/include/boom_types.hpp:84->/home/lab_726/boom/hls_boom/include/boom_state.hpp:255->/home/lab_726/boom/hls_boom/src/boom_core_merged.cpp:2884]   --->   Operation 260 'store' 'store_ln84' <Predicate = true> <Delay = 0.67> <CoreInst = "RAM">   --->   Core 83 'RAM' <Latency = 1> <II = 1> <Delay = 0.67> <Storage> <Opcode : 'load' 'store'> <Ports = 2> <Width = 1> <Depth = 8> <RAM>
ST_5 : Operation 261 [1/1] (0.67ns)   --->   "%store_ln84 = store i1 0, i3 %this_uop_mem_is_fencei" [/home/lab_726/boom/hls_boom/include/boom_types.hpp:84->/home/lab_726/boom/hls_boom/include/boom_state.hpp:255->/home/lab_726/boom/hls_boom/src/boom_core_merged.cpp:2884]   --->   Operation 261 'store' 'store_ln84' <Predicate = true> <Delay = 0.67> <CoreInst = "RAM">   --->   Core 83 'RAM' <Latency = 1> <II = 1> <Delay = 0.67> <Storage> <Opcode : 'load' 'store'> <Ports = 2> <Width = 1> <Depth = 8> <RAM>
ST_5 : Operation 262 [1/1] (0.67ns)   --->   "%store_ln84 = store i1 0, i3 %this_uop_mem_is_amo" [/home/lab_726/boom/hls_boom/include/boom_types.hpp:84->/home/lab_726/boom/hls_boom/include/boom_state.hpp:255->/home/lab_726/boom/hls_boom/src/boom_core_merged.cpp:2884]   --->   Operation 262 'store' 'store_ln84' <Predicate = true> <Delay = 0.67> <CoreInst = "RAM">   --->   Core 83 'RAM' <Latency = 1> <II = 1> <Delay = 0.67> <Storage> <Opcode : 'load' 'store'> <Ports = 2> <Width = 1> <Depth = 8> <RAM>
ST_5 : Operation 263 [1/1] (0.67ns)   --->   "%store_ln84 = store i1 0, i3 %this_uop_mem_uses_ldq" [/home/lab_726/boom/hls_boom/include/boom_types.hpp:84->/home/lab_726/boom/hls_boom/include/boom_state.hpp:255->/home/lab_726/boom/hls_boom/src/boom_core_merged.cpp:2884]   --->   Operation 263 'store' 'store_ln84' <Predicate = true> <Delay = 0.67> <CoreInst = "RAM">   --->   Core 83 'RAM' <Latency = 1> <II = 1> <Delay = 0.67> <Storage> <Opcode : 'load' 'store'> <Ports = 2> <Width = 1> <Depth = 8> <RAM>
ST_5 : Operation 264 [1/1] (0.67ns)   --->   "%store_ln84 = store i1 0, i3 %this_uop_mem_uses_stq" [/home/lab_726/boom/hls_boom/include/boom_types.hpp:84->/home/lab_726/boom/hls_boom/include/boom_state.hpp:255->/home/lab_726/boom/hls_boom/src/boom_core_merged.cpp:2884]   --->   Operation 264 'store' 'store_ln84' <Predicate = true> <Delay = 0.67> <CoreInst = "RAM">   --->   Core 83 'RAM' <Latency = 1> <II = 1> <Delay = 0.67> <Storage> <Opcode : 'load' 'store'> <Ports = 2> <Width = 1> <Depth = 8> <RAM>
ST_5 : Operation 265 [1/1] (0.67ns)   --->   "%store_ln84 = store i1 0, i3 %this_uop_mem_ldst_is_rs1" [/home/lab_726/boom/hls_boom/include/boom_types.hpp:84->/home/lab_726/boom/hls_boom/include/boom_state.hpp:255->/home/lab_726/boom/hls_boom/src/boom_core_merged.cpp:2884]   --->   Operation 265 'store' 'store_ln84' <Predicate = true> <Delay = 0.67> <CoreInst = "RAM">   --->   Core 83 'RAM' <Latency = 1> <II = 1> <Delay = 0.67> <Storage> <Opcode : 'load' 'store'> <Ports = 2> <Width = 1> <Depth = 8> <RAM>
ST_5 : Operation 266 [1/1] (0.67ns)   --->   "%store_ln84 = store i1 0, i3 %this_uop_mem_ldst_val" [/home/lab_726/boom/hls_boom/include/boom_types.hpp:84->/home/lab_726/boom/hls_boom/include/boom_state.hpp:255->/home/lab_726/boom/hls_boom/src/boom_core_merged.cpp:2884]   --->   Operation 266 'store' 'store_ln84' <Predicate = true> <Delay = 0.67> <CoreInst = "RAM">   --->   Core 83 'RAM' <Latency = 1> <II = 1> <Delay = 0.67> <Storage> <Opcode : 'load' 'store'> <Ports = 2> <Width = 1> <Depth = 8> <RAM>
ST_5 : Operation 267 [1/1] (0.67ns)   --->   "%store_ln85 = store i1 0, i3 %this_uop_flush_on_commit" [/home/lab_726/boom/hls_boom/include/boom_types.hpp:85->/home/lab_726/boom/hls_boom/include/boom_state.hpp:255->/home/lab_726/boom/hls_boom/src/boom_core_merged.cpp:2884]   --->   Operation 267 'store' 'store_ln85' <Predicate = true> <Delay = 0.67> <CoreInst = "RAM">   --->   Core 83 'RAM' <Latency = 1> <II = 1> <Delay = 0.67> <Storage> <Opcode : 'load' 'store'> <Ports = 2> <Width = 1> <Depth = 8> <RAM>
ST_5 : Operation 268 [1/1] (0.67ns)   --->   "%store_ln85 = store i1 0, i3 %this_uop_is_unique" [/home/lab_726/boom/hls_boom/include/boom_types.hpp:85->/home/lab_726/boom/hls_boom/include/boom_state.hpp:255->/home/lab_726/boom/hls_boom/src/boom_core_merged.cpp:2884]   --->   Operation 268 'store' 'store_ln85' <Predicate = true> <Delay = 0.67> <CoreInst = "RAM">   --->   Core 83 'RAM' <Latency = 1> <II = 1> <Delay = 0.67> <Storage> <Opcode : 'load' 'store'> <Ports = 2> <Width = 1> <Depth = 8> <RAM>
ST_5 : Operation 269 [1/1] (0.67ns)   --->   "%store_ln85 = store i1 0, i3 %this_uop_is_sys_pc2epc" [/home/lab_726/boom/hls_boom/include/boom_types.hpp:85->/home/lab_726/boom/hls_boom/include/boom_state.hpp:255->/home/lab_726/boom/hls_boom/src/boom_core_merged.cpp:2884]   --->   Operation 269 'store' 'store_ln85' <Predicate = true> <Delay = 0.67> <CoreInst = "RAM">   --->   Core 83 'RAM' <Latency = 1> <II = 1> <Delay = 0.67> <Storage> <Opcode : 'load' 'store'> <Ports = 2> <Width = 1> <Depth = 8> <RAM>
ST_5 : Operation 270 [1/1] (0.67ns)   --->   "%store_ln85 = store i1 0, i3 %this_uop_exc_exception" [/home/lab_726/boom/hls_boom/include/boom_types.hpp:85->/home/lab_726/boom/hls_boom/include/boom_state.hpp:255->/home/lab_726/boom/hls_boom/src/boom_core_merged.cpp:2884]   --->   Operation 270 'store' 'store_ln85' <Predicate = true> <Delay = 0.67> <CoreInst = "RAM">   --->   Core 83 'RAM' <Latency = 1> <II = 1> <Delay = 0.67> <Storage> <Opcode : 'load' 'store'> <Ports = 2> <Width = 1> <Depth = 8> <RAM>
ST_5 : Operation 271 [1/1] (0.67ns)   --->   "%store_ln85 = store i64 0, i3 %this_uop_exc_exc_cause" [/home/lab_726/boom/hls_boom/include/boom_types.hpp:85->/home/lab_726/boom/hls_boom/include/boom_state.hpp:255->/home/lab_726/boom/hls_boom/src/boom_core_merged.cpp:2884]   --->   Operation 271 'store' 'store_ln85' <Predicate = true> <Delay = 0.67> <CoreInst = "RAM">   --->   Core 83 'RAM' <Latency = 1> <II = 1> <Delay = 0.67> <Storage> <Opcode : 'load' 'store'> <Ports = 2> <Width = 64> <Depth = 8> <RAM>
ST_5 : Operation 272 [1/1] (0.67ns)   --->   "%store_ln85 = store i1 0, i3 %this_uop_exc_xcpt_pf_if" [/home/lab_726/boom/hls_boom/include/boom_types.hpp:85->/home/lab_726/boom/hls_boom/include/boom_state.hpp:255->/home/lab_726/boom/hls_boom/src/boom_core_merged.cpp:2884]   --->   Operation 272 'store' 'store_ln85' <Predicate = true> <Delay = 0.67> <CoreInst = "RAM">   --->   Core 83 'RAM' <Latency = 1> <II = 1> <Delay = 0.67> <Storage> <Opcode : 'load' 'store'> <Ports = 2> <Width = 1> <Depth = 8> <RAM>
ST_5 : Operation 273 [1/1] (0.67ns)   --->   "%store_ln85 = store i1 0, i3 %this_uop_exc_xcpt_ae_if" [/home/lab_726/boom/hls_boom/include/boom_types.hpp:85->/home/lab_726/boom/hls_boom/include/boom_state.hpp:255->/home/lab_726/boom/hls_boom/src/boom_core_merged.cpp:2884]   --->   Operation 273 'store' 'store_ln85' <Predicate = true> <Delay = 0.67> <CoreInst = "RAM">   --->   Core 83 'RAM' <Latency = 1> <II = 1> <Delay = 0.67> <Storage> <Opcode : 'load' 'store'> <Ports = 2> <Width = 1> <Depth = 8> <RAM>
ST_5 : Operation 274 [1/1] (0.67ns)   --->   "%store_ln85 = store i1 0, i3 %this_uop_exc_xcpt_ma_if" [/home/lab_726/boom/hls_boom/include/boom_types.hpp:85->/home/lab_726/boom/hls_boom/include/boom_state.hpp:255->/home/lab_726/boom/hls_boom/src/boom_core_merged.cpp:2884]   --->   Operation 274 'store' 'store_ln85' <Predicate = true> <Delay = 0.67> <CoreInst = "RAM">   --->   Core 83 'RAM' <Latency = 1> <II = 1> <Delay = 0.67> <Storage> <Opcode : 'load' 'store'> <Ports = 2> <Width = 1> <Depth = 8> <RAM>
ST_5 : Operation 275 [1/1] (0.67ns)   --->   "%store_ln85 = store i1 0, i3 %this_uop_exc_bp_debug_if" [/home/lab_726/boom/hls_boom/include/boom_types.hpp:85->/home/lab_726/boom/hls_boom/include/boom_state.hpp:255->/home/lab_726/boom/hls_boom/src/boom_core_merged.cpp:2884]   --->   Operation 275 'store' 'store_ln85' <Predicate = true> <Delay = 0.67> <CoreInst = "RAM">   --->   Core 83 'RAM' <Latency = 1> <II = 1> <Delay = 0.67> <Storage> <Opcode : 'load' 'store'> <Ports = 2> <Width = 1> <Depth = 8> <RAM>
ST_5 : Operation 276 [1/1] (0.67ns)   --->   "%store_ln85 = store i1 0, i3 %this_uop_exc_bp_xcpt_if" [/home/lab_726/boom/hls_boom/include/boom_types.hpp:85->/home/lab_726/boom/hls_boom/include/boom_state.hpp:255->/home/lab_726/boom/hls_boom/src/boom_core_merged.cpp:2884]   --->   Operation 276 'store' 'store_ln85' <Predicate = true> <Delay = 0.67> <CoreInst = "RAM">   --->   Core 83 'RAM' <Latency = 1> <II = 1> <Delay = 0.67> <Storage> <Opcode : 'load' 'store'> <Ports = 2> <Width = 1> <Depth = 8> <RAM>
ST_5 : Operation 277 [1/1] (0.67ns)   --->   "%store_ln85 = store i8 0, i3 %this_uop_debug_debug_fsrc" [/home/lab_726/boom/hls_boom/include/boom_types.hpp:85->/home/lab_726/boom/hls_boom/include/boom_state.hpp:255->/home/lab_726/boom/hls_boom/src/boom_core_merged.cpp:2884]   --->   Operation 277 'store' 'store_ln85' <Predicate = true> <Delay = 0.67> <CoreInst = "RAM">   --->   Core 83 'RAM' <Latency = 1> <II = 1> <Delay = 0.67> <Storage> <Opcode : 'load' 'store'> <Ports = 2> <Width = 8> <Depth = 8> <RAM>
ST_5 : Operation 278 [1/1] (0.67ns)   --->   "%store_ln85 = store i8 0, i3 %this_uop_debug_debug_tsrc" [/home/lab_726/boom/hls_boom/include/boom_types.hpp:85->/home/lab_726/boom/hls_boom/include/boom_state.hpp:255->/home/lab_726/boom/hls_boom/src/boom_core_merged.cpp:2884]   --->   Operation 278 'store' 'store_ln85' <Predicate = true> <Delay = 0.67> <CoreInst = "RAM">   --->   Core 83 'RAM' <Latency = 1> <II = 1> <Delay = 0.67> <Storage> <Opcode : 'load' 'store'> <Ports = 2> <Width = 8> <Depth = 8> <RAM>
ST_5 : Operation 279 [1/1] (0.67ns)   --->   "%store_ln85 = store i32 0, i3 %this_uop_debug_debug_inst" [/home/lab_726/boom/hls_boom/include/boom_types.hpp:85->/home/lab_726/boom/hls_boom/include/boom_state.hpp:255->/home/lab_726/boom/hls_boom/src/boom_core_merged.cpp:2884]   --->   Operation 279 'store' 'store_ln85' <Predicate = true> <Delay = 0.67> <CoreInst = "RAM">   --->   Core 83 'RAM' <Latency = 1> <II = 1> <Delay = 0.67> <Storage> <Opcode : 'load' 'store'> <Ports = 2> <Width = 32> <Depth = 8> <RAM>
ST_5 : Operation 280 [1/1] (0.67ns)   --->   "%store_ln85 = store i64 0, i3 %this_uop_debug_debug_pc" [/home/lab_726/boom/hls_boom/include/boom_types.hpp:85->/home/lab_726/boom/hls_boom/include/boom_state.hpp:255->/home/lab_726/boom/hls_boom/src/boom_core_merged.cpp:2884]   --->   Operation 280 'store' 'store_ln85' <Predicate = true> <Delay = 0.67> <CoreInst = "RAM">   --->   Core 83 'RAM' <Latency = 1> <II = 1> <Delay = 0.67> <Storage> <Opcode : 'load' 'store'> <Ports = 2> <Width = 64> <Depth = 8> <RAM>
ST_5 : Operation 281 [1/1] (0.67ns)   --->   "%store_ln179 = store i64 0, i3 %this_prs1_data" [/home/lab_726/boom/hls_boom/include/boom_types.hpp:179->/home/lab_726/boom/hls_boom/include/boom_state.hpp:255->/home/lab_726/boom/hls_boom/src/boom_core_merged.cpp:2884]   --->   Operation 281 'store' 'store_ln179' <Predicate = true> <Delay = 0.67> <CoreInst = "RAM">   --->   Core 83 'RAM' <Latency = 1> <II = 1> <Delay = 0.67> <Storage> <Opcode : 'load' 'store'> <Ports = 2> <Width = 64> <Depth = 8> <RAM>
ST_5 : Operation 282 [1/1] (0.67ns)   --->   "%store_ln179 = store i64 0, i3 %this_prs2_data" [/home/lab_726/boom/hls_boom/include/boom_types.hpp:179->/home/lab_726/boom/hls_boom/include/boom_state.hpp:255->/home/lab_726/boom/hls_boom/src/boom_core_merged.cpp:2884]   --->   Operation 282 'store' 'store_ln179' <Predicate = true> <Delay = 0.67> <CoreInst = "RAM">   --->   Core 83 'RAM' <Latency = 1> <II = 1> <Delay = 0.67> <Storage> <Opcode : 'load' 'store'> <Ports = 2> <Width = 64> <Depth = 8> <RAM>
ST_5 : Operation 283 [1/1] (0.67ns)   --->   "%store_ln179 = store i64 0, i3 %this_prs3_data" [/home/lab_726/boom/hls_boom/include/boom_types.hpp:179->/home/lab_726/boom/hls_boom/include/boom_state.hpp:255->/home/lab_726/boom/hls_boom/src/boom_core_merged.cpp:2884]   --->   Operation 283 'store' 'store_ln179' <Predicate = true> <Delay = 0.67> <CoreInst = "RAM">   --->   Core 83 'RAM' <Latency = 1> <II = 1> <Delay = 0.67> <Storage> <Opcode : 'load' 'store'> <Ports = 2> <Width = 64> <Depth = 8> <RAM>
ST_5 : Operation 284 [1/1] (0.58ns)   --->   "%icmp_ln85 = icmp_eq  i3 %indvar_i_i_i_load, i3 7" [/home/lab_726/boom/hls_boom/include/boom_state.hpp:85->/home/lab_726/boom/hls_boom/include/boom_state.hpp:101->/home/lab_726/boom/hls_boom/include/boom_state.hpp:255->/home/lab_726/boom/hls_boom/src/boom_core_merged.cpp:2884]   --->   Operation 284 'icmp' 'icmp_ln85' <Predicate = true> <Delay = 0.58> <CoreInst = "Cmp">   --->   Core 9 'Cmp' <Latency = 0> <II = 1> <Delay = 0.78> <FuncUnit> <Opcode : 'icmp'> <InPorts = 2> <OutPorts = 1>
ST_5 : Operation 285 [1/1] (0.00ns)   --->   "%empty_68 = speclooptripcount i32 @_ssdm_op_SpecLoopTripCount, i64 8, i64 8, i64 8"   --->   Operation 285 'speclooptripcount' 'empty_68' <Predicate = true> <Delay = 0.00>
ST_5 : Operation 286 [1/1] (0.00ns)   --->   "%br_ln85 = br i1 %icmp_ln85, void %arrayctor.loop.i.i.i.arrayctor.loop.i.i.i_crit_edge, void %.preheader.i.i.i.preheader" [/home/lab_726/boom/hls_boom/include/boom_state.hpp:85->/home/lab_726/boom/hls_boom/include/boom_state.hpp:101->/home/lab_726/boom/hls_boom/include/boom_state.hpp:255->/home/lab_726/boom/hls_boom/src/boom_core_merged.cpp:2884]   --->   Operation 286 'br' 'br_ln85' <Predicate = true> <Delay = 0.00>
ST_5 : Operation 287 [1/1] (0.42ns)   --->   "%store_ln85 = store i3 %add_ln85, i3 %indvar_i_i_i" [/home/lab_726/boom/hls_boom/include/boom_state.hpp:85->/home/lab_726/boom/hls_boom/include/boom_state.hpp:101->/home/lab_726/boom/hls_boom/include/boom_state.hpp:255->/home/lab_726/boom/hls_boom/src/boom_core_merged.cpp:2884]   --->   Operation 287 'store' 'store_ln85' <Predicate = (!icmp_ln85)> <Delay = 0.42>
ST_5 : Operation 288 [1/1] (0.00ns)   --->   "%br_ln85 = br void %arrayctor.loop.i.i.i" [/home/lab_726/boom/hls_boom/include/boom_state.hpp:85->/home/lab_726/boom/hls_boom/include/boom_state.hpp:101->/home/lab_726/boom/hls_boom/include/boom_state.hpp:255->/home/lab_726/boom/hls_boom/src/boom_core_merged.cpp:2884]   --->   Operation 288 'br' 'br_ln85' <Predicate = (!icmp_ln85)> <Delay = 0.00>
ST_5 : Operation 289 [1/1] (0.00ns)   --->   "%i_3 = alloca i32 1"   --->   Operation 289 'alloca' 'i_3' <Predicate = (icmp_ln85)> <Delay = 0.00>
ST_5 : Operation 290 [1/1] (0.42ns)   --->   "%store_ln86 = store i4 0, i4 %i_3" [/home/lab_726/boom/hls_boom/include/boom_state.hpp:86->/home/lab_726/boom/hls_boom/include/boom_state.hpp:101->/home/lab_726/boom/hls_boom/include/boom_state.hpp:255->/home/lab_726/boom/hls_boom/src/boom_core_merged.cpp:2884]   --->   Operation 290 'store' 'store_ln86' <Predicate = (icmp_ln85)> <Delay = 0.42>
ST_5 : Operation 291 [1/1] (0.00ns)   --->   "%br_ln86 = br void %.preheader.i.i.i" [/home/lab_726/boom/hls_boom/include/boom_state.hpp:86->/home/lab_726/boom/hls_boom/include/boom_state.hpp:101->/home/lab_726/boom/hls_boom/include/boom_state.hpp:255->/home/lab_726/boom/hls_boom/src/boom_core_merged.cpp:2884]   --->   Operation 291 'br' 'br_ln86' <Predicate = (icmp_ln85)> <Delay = 0.00>

State 6 <SV = 4> <Delay = 1.39>
ST_6 : Operation 292 [1/1] (0.00ns)   --->   "%i_15 = load i4 %i_3" [/home/lab_726/boom/hls_boom/include/boom_state.hpp:86->/home/lab_726/boom/hls_boom/include/boom_state.hpp:101->/home/lab_726/boom/hls_boom/include/boom_state.hpp:255->/home/lab_726/boom/hls_boom/src/boom_core_merged.cpp:2884]   --->   Operation 292 'load' 'i_15' <Predicate = true> <Delay = 0.00>
ST_6 : Operation 293 [1/1] (0.00ns)   --->   "%zext_ln86 = zext i4 %i_15" [/home/lab_726/boom/hls_boom/include/boom_state.hpp:86->/home/lab_726/boom/hls_boom/include/boom_state.hpp:101->/home/lab_726/boom/hls_boom/include/boom_state.hpp:255->/home/lab_726/boom/hls_boom/src/boom_core_merged.cpp:2884]   --->   Operation 293 'zext' 'zext_ln86' <Predicate = true> <Delay = 0.00>
ST_6 : Operation 294 [1/1] (0.72ns)   --->   "%icmp_ln86 = icmp_eq  i4 %i_15, i4 8" [/home/lab_726/boom/hls_boom/include/boom_state.hpp:86->/home/lab_726/boom/hls_boom/include/boom_state.hpp:101->/home/lab_726/boom/hls_boom/include/boom_state.hpp:255->/home/lab_726/boom/hls_boom/src/boom_core_merged.cpp:2884]   --->   Operation 294 'icmp' 'icmp_ln86' <Predicate = true> <Delay = 0.72> <CoreInst = "Cmp">   --->   Core 9 'Cmp' <Latency = 0> <II = 1> <Delay = 0.78> <FuncUnit> <Opcode : 'icmp'> <InPorts = 2> <OutPorts = 1>
ST_6 : Operation 295 [1/1] (0.00ns)   --->   "%empty_69 = speclooptripcount i32 @_ssdm_op_SpecLoopTripCount, i64 8, i64 8, i64 8"   --->   Operation 295 'speclooptripcount' 'empty_69' <Predicate = true> <Delay = 0.00>
ST_6 : Operation 296 [1/1] (0.79ns)   --->   "%add_ln86 = add i4 %i_15, i4 1" [/home/lab_726/boom/hls_boom/include/boom_state.hpp:86->/home/lab_726/boom/hls_boom/include/boom_state.hpp:101->/home/lab_726/boom/hls_boom/include/boom_state.hpp:255->/home/lab_726/boom/hls_boom/src/boom_core_merged.cpp:2884]   --->   Operation 296 'add' 'add_ln86' <Predicate = true> <Delay = 0.79> <CoreInst = "Adder">   --->   Core 1 'Adder' <Latency = 0> <II = 1> <Delay = 0.78> <FuncUnit> <Opcode : 'add' 'sub'> <InPorts = 2> <OutPorts = 1>
ST_6 : Operation 297 [1/1] (0.00ns)   --->   "%br_ln86 = br i1 %icmp_ln86, void %.split.i.i.i, void %arrayctor.loop3.i5.i.preheader" [/home/lab_726/boom/hls_boom/include/boom_state.hpp:86->/home/lab_726/boom/hls_boom/include/boom_state.hpp:101->/home/lab_726/boom/hls_boom/include/boom_state.hpp:255->/home/lab_726/boom/hls_boom/src/boom_core_merged.cpp:2884]   --->   Operation 297 'br' 'br_ln86' <Predicate = true> <Delay = 0.00>
ST_6 : Operation 298 [1/1] (0.00ns)   --->   "%specloopname_ln86 = specloopname void @_ssdm_op_SpecLoopName, void @empty_52" [/home/lab_726/boom/hls_boom/include/boom_state.hpp:86->/home/lab_726/boom/hls_boom/include/boom_state.hpp:101->/home/lab_726/boom/hls_boom/include/boom_state.hpp:255->/home/lab_726/boom/hls_boom/src/boom_core_merged.cpp:2884]   --->   Operation 298 'specloopname' 'specloopname_ln86' <Predicate = (!icmp_ln86)> <Delay = 0.00>
ST_6 : Operation 299 [1/1] (0.00ns)   --->   "%state_issue_alu_iq_entries_valid_addr = getelementptr i1 %state_issue_alu_iq_entries_valid, i64 0, i64 %zext_ln86" [/home/lab_726/boom/hls_boom/include/boom_state.hpp:86->/home/lab_726/boom/hls_boom/include/boom_state.hpp:101->/home/lab_726/boom/hls_boom/include/boom_state.hpp:255->/home/lab_726/boom/hls_boom/src/boom_core_merged.cpp:2884]   --->   Operation 299 'getelementptr' 'state_issue_alu_iq_entries_valid_addr' <Predicate = (!icmp_ln86)> <Delay = 0.00>
ST_6 : Operation 300 [1/1] (0.67ns)   --->   "%store_ln86 = store i1 0, i3 %state_issue_alu_iq_entries_valid_addr" [/home/lab_726/boom/hls_boom/include/boom_state.hpp:86->/home/lab_726/boom/hls_boom/include/boom_state.hpp:101->/home/lab_726/boom/hls_boom/include/boom_state.hpp:255->/home/lab_726/boom/hls_boom/src/boom_core_merged.cpp:2884]   --->   Operation 300 'store' 'store_ln86' <Predicate = (!icmp_ln86)> <Delay = 0.67> <CoreInst = "RAM">   --->   Core 83 'RAM' <Latency = 1> <II = 1> <Delay = 0.67> <Storage> <Opcode : 'load' 'store'> <Ports = 2> <Width = 1> <Depth = 8> <RAM>
ST_6 : Operation 301 [1/1] (0.00ns)   --->   "%state_issue_alu_iq_entries_request_addr = getelementptr i1 %state_issue_alu_iq_entries_request, i64 0, i64 %zext_ln86" [/home/lab_726/boom/hls_boom/include/boom_state.hpp:86->/home/lab_726/boom/hls_boom/include/boom_state.hpp:101->/home/lab_726/boom/hls_boom/include/boom_state.hpp:255->/home/lab_726/boom/hls_boom/src/boom_core_merged.cpp:2884]   --->   Operation 301 'getelementptr' 'state_issue_alu_iq_entries_request_addr' <Predicate = (!icmp_ln86)> <Delay = 0.00>
ST_6 : Operation 302 [1/1] (0.67ns)   --->   "%store_ln86 = store i1 0, i3 %state_issue_alu_iq_entries_request_addr" [/home/lab_726/boom/hls_boom/include/boom_state.hpp:86->/home/lab_726/boom/hls_boom/include/boom_state.hpp:101->/home/lab_726/boom/hls_boom/include/boom_state.hpp:255->/home/lab_726/boom/hls_boom/src/boom_core_merged.cpp:2884]   --->   Operation 302 'store' 'store_ln86' <Predicate = (!icmp_ln86)> <Delay = 0.67> <CoreInst = "RAM">   --->   Core 83 'RAM' <Latency = 1> <II = 1> <Delay = 0.67> <Storage> <Opcode : 'load' 'store'> <Ports = 2> <Width = 1> <Depth = 8> <RAM>
ST_6 : Operation 303 [1/1] (0.00ns)   --->   "%state_issue_alu_iq_entries_granted_addr = getelementptr i1 %state_issue_alu_iq_entries_granted, i64 0, i64 %zext_ln86" [/home/lab_726/boom/hls_boom/include/boom_state.hpp:86->/home/lab_726/boom/hls_boom/include/boom_state.hpp:101->/home/lab_726/boom/hls_boom/include/boom_state.hpp:255->/home/lab_726/boom/hls_boom/src/boom_core_merged.cpp:2884]   --->   Operation 303 'getelementptr' 'state_issue_alu_iq_entries_granted_addr' <Predicate = (!icmp_ln86)> <Delay = 0.00>
ST_6 : Operation 304 [1/1] (0.67ns)   --->   "%store_ln86 = store i1 0, i3 %state_issue_alu_iq_entries_granted_addr" [/home/lab_726/boom/hls_boom/include/boom_state.hpp:86->/home/lab_726/boom/hls_boom/include/boom_state.hpp:101->/home/lab_726/boom/hls_boom/include/boom_state.hpp:255->/home/lab_726/boom/hls_boom/src/boom_core_merged.cpp:2884]   --->   Operation 304 'store' 'store_ln86' <Predicate = (!icmp_ln86)> <Delay = 0.67> <CoreInst = "RAM">   --->   Core 83 'RAM' <Latency = 1> <II = 1> <Delay = 0.67> <Storage> <Opcode : 'load' 'store'> <Ports = 2> <Width = 1> <Depth = 8> <RAM>
ST_6 : Operation 305 [1/1] (0.00ns)   --->   "%state_issue_alu_iq_entries_killed_addr = getelementptr i1 %state_issue_alu_iq_entries_killed, i64 0, i64 %zext_ln86" [/home/lab_726/boom/hls_boom/include/boom_state.hpp:86->/home/lab_726/boom/hls_boom/include/boom_state.hpp:101->/home/lab_726/boom/hls_boom/include/boom_state.hpp:255->/home/lab_726/boom/hls_boom/src/boom_core_merged.cpp:2884]   --->   Operation 305 'getelementptr' 'state_issue_alu_iq_entries_killed_addr' <Predicate = (!icmp_ln86)> <Delay = 0.00>
ST_6 : Operation 306 [1/1] (0.67ns)   --->   "%store_ln86 = store i1 0, i3 %state_issue_alu_iq_entries_killed_addr" [/home/lab_726/boom/hls_boom/include/boom_state.hpp:86->/home/lab_726/boom/hls_boom/include/boom_state.hpp:101->/home/lab_726/boom/hls_boom/include/boom_state.hpp:255->/home/lab_726/boom/hls_boom/src/boom_core_merged.cpp:2884]   --->   Operation 306 'store' 'store_ln86' <Predicate = (!icmp_ln86)> <Delay = 0.67> <CoreInst = "RAM">   --->   Core 83 'RAM' <Latency = 1> <II = 1> <Delay = 0.67> <Storage> <Opcode : 'load' 'store'> <Ports = 2> <Width = 1> <Depth = 8> <RAM>
ST_6 : Operation 307 [1/1] (0.00ns)   --->   "%state_issue_alu_iq_entries_pdst_busy_addr = getelementptr i1 %state_issue_alu_iq_entries_pdst_busy, i64 0, i64 %zext_ln86" [/home/lab_726/boom/hls_boom/include/boom_state.hpp:86->/home/lab_726/boom/hls_boom/include/boom_state.hpp:101->/home/lab_726/boom/hls_boom/include/boom_state.hpp:255->/home/lab_726/boom/hls_boom/src/boom_core_merged.cpp:2884]   --->   Operation 307 'getelementptr' 'state_issue_alu_iq_entries_pdst_busy_addr' <Predicate = (!icmp_ln86)> <Delay = 0.00>
ST_6 : Operation 308 [1/1] (0.67ns)   --->   "%store_ln86 = store i1 0, i3 %state_issue_alu_iq_entries_pdst_busy_addr" [/home/lab_726/boom/hls_boom/include/boom_state.hpp:86->/home/lab_726/boom/hls_boom/include/boom_state.hpp:101->/home/lab_726/boom/hls_boom/include/boom_state.hpp:255->/home/lab_726/boom/hls_boom/src/boom_core_merged.cpp:2884]   --->   Operation 308 'store' 'store_ln86' <Predicate = (!icmp_ln86)> <Delay = 0.67> <CoreInst = "RAM">   --->   Core 83 'RAM' <Latency = 1> <II = 1> <Delay = 0.67> <Storage> <Opcode : 'load' 'store'> <Ports = 2> <Width = 1> <Depth = 8> <RAM>
ST_6 : Operation 309 [1/1] (0.00ns)   --->   "%state_issue_alu_iq_entries_prs1_busy_addr = getelementptr i1 %state_issue_alu_iq_entries_prs1_busy, i64 0, i64 %zext_ln86" [/home/lab_726/boom/hls_boom/include/boom_state.hpp:86->/home/lab_726/boom/hls_boom/include/boom_state.hpp:101->/home/lab_726/boom/hls_boom/include/boom_state.hpp:255->/home/lab_726/boom/hls_boom/src/boom_core_merged.cpp:2884]   --->   Operation 309 'getelementptr' 'state_issue_alu_iq_entries_prs1_busy_addr' <Predicate = (!icmp_ln86)> <Delay = 0.00>
ST_6 : Operation 310 [1/1] (0.67ns)   --->   "%store_ln86 = store i1 0, i3 %state_issue_alu_iq_entries_prs1_busy_addr" [/home/lab_726/boom/hls_boom/include/boom_state.hpp:86->/home/lab_726/boom/hls_boom/include/boom_state.hpp:101->/home/lab_726/boom/hls_boom/include/boom_state.hpp:255->/home/lab_726/boom/hls_boom/src/boom_core_merged.cpp:2884]   --->   Operation 310 'store' 'store_ln86' <Predicate = (!icmp_ln86)> <Delay = 0.67> <CoreInst = "RAM">   --->   Core 83 'RAM' <Latency = 1> <II = 1> <Delay = 0.67> <Storage> <Opcode : 'load' 'store'> <Ports = 2> <Width = 1> <Depth = 8> <RAM>
ST_6 : Operation 311 [1/1] (0.00ns)   --->   "%state_issue_alu_iq_entries_prs2_busy_addr = getelementptr i1 %state_issue_alu_iq_entries_prs2_busy, i64 0, i64 %zext_ln86" [/home/lab_726/boom/hls_boom/include/boom_state.hpp:86->/home/lab_726/boom/hls_boom/include/boom_state.hpp:101->/home/lab_726/boom/hls_boom/include/boom_state.hpp:255->/home/lab_726/boom/hls_boom/src/boom_core_merged.cpp:2884]   --->   Operation 311 'getelementptr' 'state_issue_alu_iq_entries_prs2_busy_addr' <Predicate = (!icmp_ln86)> <Delay = 0.00>
ST_6 : Operation 312 [1/1] (0.67ns)   --->   "%store_ln86 = store i1 0, i3 %state_issue_alu_iq_entries_prs2_busy_addr" [/home/lab_726/boom/hls_boom/include/boom_state.hpp:86->/home/lab_726/boom/hls_boom/include/boom_state.hpp:101->/home/lab_726/boom/hls_boom/include/boom_state.hpp:255->/home/lab_726/boom/hls_boom/src/boom_core_merged.cpp:2884]   --->   Operation 312 'store' 'store_ln86' <Predicate = (!icmp_ln86)> <Delay = 0.67> <CoreInst = "RAM">   --->   Core 83 'RAM' <Latency = 1> <II = 1> <Delay = 0.67> <Storage> <Opcode : 'load' 'store'> <Ports = 2> <Width = 1> <Depth = 8> <RAM>
ST_6 : Operation 313 [1/1] (0.00ns)   --->   "%state_issue_alu_iq_entries_prs3_busy_addr = getelementptr i1 %state_issue_alu_iq_entries_prs3_busy, i64 0, i64 %zext_ln86" [/home/lab_726/boom/hls_boom/include/boom_state.hpp:86->/home/lab_726/boom/hls_boom/include/boom_state.hpp:101->/home/lab_726/boom/hls_boom/include/boom_state.hpp:255->/home/lab_726/boom/hls_boom/src/boom_core_merged.cpp:2884]   --->   Operation 313 'getelementptr' 'state_issue_alu_iq_entries_prs3_busy_addr' <Predicate = (!icmp_ln86)> <Delay = 0.00>
ST_6 : Operation 314 [1/1] (0.67ns)   --->   "%store_ln86 = store i1 0, i3 %state_issue_alu_iq_entries_prs3_busy_addr" [/home/lab_726/boom/hls_boom/include/boom_state.hpp:86->/home/lab_726/boom/hls_boom/include/boom_state.hpp:101->/home/lab_726/boom/hls_boom/include/boom_state.hpp:255->/home/lab_726/boom/hls_boom/src/boom_core_merged.cpp:2884]   --->   Operation 314 'store' 'store_ln86' <Predicate = (!icmp_ln86)> <Delay = 0.67> <CoreInst = "RAM">   --->   Core 83 'RAM' <Latency = 1> <II = 1> <Delay = 0.67> <Storage> <Opcode : 'load' 'store'> <Ports = 2> <Width = 1> <Depth = 8> <RAM>
ST_6 : Operation 315 [1/1] (0.00ns)   --->   "%state_issue_alu_iq_entries_uop_uopc_addr = getelementptr i8 %state_issue_alu_iq_entries_uop_uopc, i64 0, i64 %zext_ln86" [/home/lab_726/boom/hls_boom/include/boom_state.hpp:86->/home/lab_726/boom/hls_boom/include/boom_state.hpp:101->/home/lab_726/boom/hls_boom/include/boom_state.hpp:255->/home/lab_726/boom/hls_boom/src/boom_core_merged.cpp:2884]   --->   Operation 315 'getelementptr' 'state_issue_alu_iq_entries_uop_uopc_addr' <Predicate = (!icmp_ln86)> <Delay = 0.00>
ST_6 : Operation 316 [1/1] (0.67ns)   --->   "%store_ln86 = store i8 0, i3 %state_issue_alu_iq_entries_uop_uopc_addr" [/home/lab_726/boom/hls_boom/include/boom_state.hpp:86->/home/lab_726/boom/hls_boom/include/boom_state.hpp:101->/home/lab_726/boom/hls_boom/include/boom_state.hpp:255->/home/lab_726/boom/hls_boom/src/boom_core_merged.cpp:2884]   --->   Operation 316 'store' 'store_ln86' <Predicate = (!icmp_ln86)> <Delay = 0.67> <CoreInst = "RAM">   --->   Core 83 'RAM' <Latency = 1> <II = 1> <Delay = 0.67> <Storage> <Opcode : 'load' 'store'> <Ports = 2> <Width = 8> <Depth = 8> <RAM>
ST_6 : Operation 317 [1/1] (0.00ns)   --->   "%state_issue_alu_iq_entries_uop_inst_addr = getelementptr i32 %state_issue_alu_iq_entries_uop_inst, i64 0, i64 %zext_ln86" [/home/lab_726/boom/hls_boom/include/boom_state.hpp:86->/home/lab_726/boom/hls_boom/include/boom_state.hpp:101->/home/lab_726/boom/hls_boom/include/boom_state.hpp:255->/home/lab_726/boom/hls_boom/src/boom_core_merged.cpp:2884]   --->   Operation 317 'getelementptr' 'state_issue_alu_iq_entries_uop_inst_addr' <Predicate = (!icmp_ln86)> <Delay = 0.00>
ST_6 : Operation 318 [1/1] (0.67ns)   --->   "%store_ln86 = store i32 0, i3 %state_issue_alu_iq_entries_uop_inst_addr" [/home/lab_726/boom/hls_boom/include/boom_state.hpp:86->/home/lab_726/boom/hls_boom/include/boom_state.hpp:101->/home/lab_726/boom/hls_boom/include/boom_state.hpp:255->/home/lab_726/boom/hls_boom/src/boom_core_merged.cpp:2884]   --->   Operation 318 'store' 'store_ln86' <Predicate = (!icmp_ln86)> <Delay = 0.67> <CoreInst = "RAM">   --->   Core 83 'RAM' <Latency = 1> <II = 1> <Delay = 0.67> <Storage> <Opcode : 'load' 'store'> <Ports = 2> <Width = 32> <Depth = 8> <RAM>
ST_6 : Operation 319 [1/1] (0.00ns)   --->   "%state_issue_alu_iq_entries_uop_debug_inst_addr = getelementptr i32 %state_issue_alu_iq_entries_uop_debug_inst, i64 0, i64 %zext_ln86" [/home/lab_726/boom/hls_boom/include/boom_state.hpp:86->/home/lab_726/boom/hls_boom/include/boom_state.hpp:101->/home/lab_726/boom/hls_boom/include/boom_state.hpp:255->/home/lab_726/boom/hls_boom/src/boom_core_merged.cpp:2884]   --->   Operation 319 'getelementptr' 'state_issue_alu_iq_entries_uop_debug_inst_addr' <Predicate = (!icmp_ln86)> <Delay = 0.00>
ST_6 : Operation 320 [1/1] (0.67ns)   --->   "%store_ln86 = store i32 0, i3 %state_issue_alu_iq_entries_uop_debug_inst_addr" [/home/lab_726/boom/hls_boom/include/boom_state.hpp:86->/home/lab_726/boom/hls_boom/include/boom_state.hpp:101->/home/lab_726/boom/hls_boom/include/boom_state.hpp:255->/home/lab_726/boom/hls_boom/src/boom_core_merged.cpp:2884]   --->   Operation 320 'store' 'store_ln86' <Predicate = (!icmp_ln86)> <Delay = 0.67> <CoreInst = "RAM">   --->   Core 83 'RAM' <Latency = 1> <II = 1> <Delay = 0.67> <Storage> <Opcode : 'load' 'store'> <Ports = 2> <Width = 32> <Depth = 8> <RAM>
ST_6 : Operation 321 [1/1] (0.00ns)   --->   "%state_issue_alu_iq_entries_uop_is_rvc_addr = getelementptr i1 %state_issue_alu_iq_entries_uop_is_rvc, i64 0, i64 %zext_ln86" [/home/lab_726/boom/hls_boom/include/boom_state.hpp:86->/home/lab_726/boom/hls_boom/include/boom_state.hpp:101->/home/lab_726/boom/hls_boom/include/boom_state.hpp:255->/home/lab_726/boom/hls_boom/src/boom_core_merged.cpp:2884]   --->   Operation 321 'getelementptr' 'state_issue_alu_iq_entries_uop_is_rvc_addr' <Predicate = (!icmp_ln86)> <Delay = 0.00>
ST_6 : Operation 322 [1/1] (0.67ns)   --->   "%store_ln86 = store i1 0, i3 %state_issue_alu_iq_entries_uop_is_rvc_addr" [/home/lab_726/boom/hls_boom/include/boom_state.hpp:86->/home/lab_726/boom/hls_boom/include/boom_state.hpp:101->/home/lab_726/boom/hls_boom/include/boom_state.hpp:255->/home/lab_726/boom/hls_boom/src/boom_core_merged.cpp:2884]   --->   Operation 322 'store' 'store_ln86' <Predicate = (!icmp_ln86)> <Delay = 0.67> <CoreInst = "RAM">   --->   Core 83 'RAM' <Latency = 1> <II = 1> <Delay = 0.67> <Storage> <Opcode : 'load' 'store'> <Ports = 2> <Width = 1> <Depth = 8> <RAM>
ST_6 : Operation 323 [1/1] (0.00ns)   --->   "%state_issue_alu_iq_entries_uop_debug_pc_addr = getelementptr i64 %state_issue_alu_iq_entries_uop_debug_pc, i64 0, i64 %zext_ln86" [/home/lab_726/boom/hls_boom/include/boom_state.hpp:86->/home/lab_726/boom/hls_boom/include/boom_state.hpp:101->/home/lab_726/boom/hls_boom/include/boom_state.hpp:255->/home/lab_726/boom/hls_boom/src/boom_core_merged.cpp:2884]   --->   Operation 323 'getelementptr' 'state_issue_alu_iq_entries_uop_debug_pc_addr' <Predicate = (!icmp_ln86)> <Delay = 0.00>
ST_6 : Operation 324 [1/1] (0.67ns)   --->   "%store_ln86 = store i64 0, i3 %state_issue_alu_iq_entries_uop_debug_pc_addr" [/home/lab_726/boom/hls_boom/include/boom_state.hpp:86->/home/lab_726/boom/hls_boom/include/boom_state.hpp:101->/home/lab_726/boom/hls_boom/include/boom_state.hpp:255->/home/lab_726/boom/hls_boom/src/boom_core_merged.cpp:2884]   --->   Operation 324 'store' 'store_ln86' <Predicate = (!icmp_ln86)> <Delay = 0.67> <CoreInst = "RAM">   --->   Core 83 'RAM' <Latency = 1> <II = 1> <Delay = 0.67> <Storage> <Opcode : 'load' 'store'> <Ports = 2> <Width = 64> <Depth = 8> <RAM>
ST_6 : Operation 325 [1/1] (0.00ns)   --->   "%state_issue_alu_iq_entries_uop_iq_type_addr = getelementptr i8 %state_issue_alu_iq_entries_uop_iq_type, i64 0, i64 %zext_ln86" [/home/lab_726/boom/hls_boom/include/boom_state.hpp:86->/home/lab_726/boom/hls_boom/include/boom_state.hpp:101->/home/lab_726/boom/hls_boom/include/boom_state.hpp:255->/home/lab_726/boom/hls_boom/src/boom_core_merged.cpp:2884]   --->   Operation 325 'getelementptr' 'state_issue_alu_iq_entries_uop_iq_type_addr' <Predicate = (!icmp_ln86)> <Delay = 0.00>
ST_6 : Operation 326 [1/1] (0.67ns)   --->   "%store_ln86 = store i8 0, i3 %state_issue_alu_iq_entries_uop_iq_type_addr" [/home/lab_726/boom/hls_boom/include/boom_state.hpp:86->/home/lab_726/boom/hls_boom/include/boom_state.hpp:101->/home/lab_726/boom/hls_boom/include/boom_state.hpp:255->/home/lab_726/boom/hls_boom/src/boom_core_merged.cpp:2884]   --->   Operation 326 'store' 'store_ln86' <Predicate = (!icmp_ln86)> <Delay = 0.67> <CoreInst = "RAM">   --->   Core 83 'RAM' <Latency = 1> <II = 1> <Delay = 0.67> <Storage> <Opcode : 'load' 'store'> <Ports = 2> <Width = 8> <Depth = 8> <RAM>
ST_6 : Operation 327 [1/1] (0.00ns)   --->   "%state_issue_alu_iq_entries_uop_fu_code_addr = getelementptr i8 %state_issue_alu_iq_entries_uop_fu_code, i64 0, i64 %zext_ln86" [/home/lab_726/boom/hls_boom/include/boom_state.hpp:86->/home/lab_726/boom/hls_boom/include/boom_state.hpp:101->/home/lab_726/boom/hls_boom/include/boom_state.hpp:255->/home/lab_726/boom/hls_boom/src/boom_core_merged.cpp:2884]   --->   Operation 327 'getelementptr' 'state_issue_alu_iq_entries_uop_fu_code_addr' <Predicate = (!icmp_ln86)> <Delay = 0.00>
ST_6 : Operation 328 [1/1] (0.67ns)   --->   "%store_ln86 = store i8 0, i3 %state_issue_alu_iq_entries_uop_fu_code_addr" [/home/lab_726/boom/hls_boom/include/boom_state.hpp:86->/home/lab_726/boom/hls_boom/include/boom_state.hpp:101->/home/lab_726/boom/hls_boom/include/boom_state.hpp:255->/home/lab_726/boom/hls_boom/src/boom_core_merged.cpp:2884]   --->   Operation 328 'store' 'store_ln86' <Predicate = (!icmp_ln86)> <Delay = 0.67> <CoreInst = "RAM">   --->   Core 83 'RAM' <Latency = 1> <II = 1> <Delay = 0.67> <Storage> <Opcode : 'load' 'store'> <Ports = 2> <Width = 8> <Depth = 8> <RAM>
ST_6 : Operation 329 [1/1] (0.00ns)   --->   "%state_issue_alu_iq_entries_uop_ctrl_br_type_addr = getelementptr i8 %state_issue_alu_iq_entries_uop_ctrl_br_type, i64 0, i64 %zext_ln86" [/home/lab_726/boom/hls_boom/include/boom_state.hpp:86->/home/lab_726/boom/hls_boom/include/boom_state.hpp:101->/home/lab_726/boom/hls_boom/include/boom_state.hpp:255->/home/lab_726/boom/hls_boom/src/boom_core_merged.cpp:2884]   --->   Operation 329 'getelementptr' 'state_issue_alu_iq_entries_uop_ctrl_br_type_addr' <Predicate = (!icmp_ln86)> <Delay = 0.00>
ST_6 : Operation 330 [1/1] (0.67ns)   --->   "%store_ln86 = store i8 0, i3 %state_issue_alu_iq_entries_uop_ctrl_br_type_addr" [/home/lab_726/boom/hls_boom/include/boom_state.hpp:86->/home/lab_726/boom/hls_boom/include/boom_state.hpp:101->/home/lab_726/boom/hls_boom/include/boom_state.hpp:255->/home/lab_726/boom/hls_boom/src/boom_core_merged.cpp:2884]   --->   Operation 330 'store' 'store_ln86' <Predicate = (!icmp_ln86)> <Delay = 0.67> <CoreInst = "RAM">   --->   Core 83 'RAM' <Latency = 1> <II = 1> <Delay = 0.67> <Storage> <Opcode : 'load' 'store'> <Ports = 2> <Width = 8> <Depth = 8> <RAM>
ST_6 : Operation 331 [1/1] (0.00ns)   --->   "%state_issue_alu_iq_entries_uop_ctrl_op1_sel_addr = getelementptr i8 %state_issue_alu_iq_entries_uop_ctrl_op1_sel, i64 0, i64 %zext_ln86" [/home/lab_726/boom/hls_boom/include/boom_state.hpp:86->/home/lab_726/boom/hls_boom/include/boom_state.hpp:101->/home/lab_726/boom/hls_boom/include/boom_state.hpp:255->/home/lab_726/boom/hls_boom/src/boom_core_merged.cpp:2884]   --->   Operation 331 'getelementptr' 'state_issue_alu_iq_entries_uop_ctrl_op1_sel_addr' <Predicate = (!icmp_ln86)> <Delay = 0.00>
ST_6 : Operation 332 [1/1] (0.67ns)   --->   "%store_ln86 = store i8 0, i3 %state_issue_alu_iq_entries_uop_ctrl_op1_sel_addr" [/home/lab_726/boom/hls_boom/include/boom_state.hpp:86->/home/lab_726/boom/hls_boom/include/boom_state.hpp:101->/home/lab_726/boom/hls_boom/include/boom_state.hpp:255->/home/lab_726/boom/hls_boom/src/boom_core_merged.cpp:2884]   --->   Operation 332 'store' 'store_ln86' <Predicate = (!icmp_ln86)> <Delay = 0.67> <CoreInst = "RAM">   --->   Core 83 'RAM' <Latency = 1> <II = 1> <Delay = 0.67> <Storage> <Opcode : 'load' 'store'> <Ports = 2> <Width = 8> <Depth = 8> <RAM>
ST_6 : Operation 333 [1/1] (0.00ns)   --->   "%state_issue_alu_iq_entries_uop_ctrl_op2_sel_addr = getelementptr i8 %state_issue_alu_iq_entries_uop_ctrl_op2_sel, i64 0, i64 %zext_ln86" [/home/lab_726/boom/hls_boom/include/boom_state.hpp:86->/home/lab_726/boom/hls_boom/include/boom_state.hpp:101->/home/lab_726/boom/hls_boom/include/boom_state.hpp:255->/home/lab_726/boom/hls_boom/src/boom_core_merged.cpp:2884]   --->   Operation 333 'getelementptr' 'state_issue_alu_iq_entries_uop_ctrl_op2_sel_addr' <Predicate = (!icmp_ln86)> <Delay = 0.00>
ST_6 : Operation 334 [1/1] (0.67ns)   --->   "%store_ln86 = store i8 0, i3 %state_issue_alu_iq_entries_uop_ctrl_op2_sel_addr" [/home/lab_726/boom/hls_boom/include/boom_state.hpp:86->/home/lab_726/boom/hls_boom/include/boom_state.hpp:101->/home/lab_726/boom/hls_boom/include/boom_state.hpp:255->/home/lab_726/boom/hls_boom/src/boom_core_merged.cpp:2884]   --->   Operation 334 'store' 'store_ln86' <Predicate = (!icmp_ln86)> <Delay = 0.67> <CoreInst = "RAM">   --->   Core 83 'RAM' <Latency = 1> <II = 1> <Delay = 0.67> <Storage> <Opcode : 'load' 'store'> <Ports = 2> <Width = 8> <Depth = 8> <RAM>
ST_6 : Operation 335 [1/1] (0.00ns)   --->   "%state_issue_alu_iq_entries_uop_ctrl_imm_sel_addr = getelementptr i8 %state_issue_alu_iq_entries_uop_ctrl_imm_sel, i64 0, i64 %zext_ln86" [/home/lab_726/boom/hls_boom/include/boom_state.hpp:86->/home/lab_726/boom/hls_boom/include/boom_state.hpp:101->/home/lab_726/boom/hls_boom/include/boom_state.hpp:255->/home/lab_726/boom/hls_boom/src/boom_core_merged.cpp:2884]   --->   Operation 335 'getelementptr' 'state_issue_alu_iq_entries_uop_ctrl_imm_sel_addr' <Predicate = (!icmp_ln86)> <Delay = 0.00>
ST_6 : Operation 336 [1/1] (0.67ns)   --->   "%store_ln86 = store i8 0, i3 %state_issue_alu_iq_entries_uop_ctrl_imm_sel_addr" [/home/lab_726/boom/hls_boom/include/boom_state.hpp:86->/home/lab_726/boom/hls_boom/include/boom_state.hpp:101->/home/lab_726/boom/hls_boom/include/boom_state.hpp:255->/home/lab_726/boom/hls_boom/src/boom_core_merged.cpp:2884]   --->   Operation 336 'store' 'store_ln86' <Predicate = (!icmp_ln86)> <Delay = 0.67> <CoreInst = "RAM">   --->   Core 83 'RAM' <Latency = 1> <II = 1> <Delay = 0.67> <Storage> <Opcode : 'load' 'store'> <Ports = 2> <Width = 8> <Depth = 8> <RAM>
ST_6 : Operation 337 [1/1] (0.00ns)   --->   "%state_issue_alu_iq_entries_uop_ctrl_op_fcn_addr = getelementptr i8 %state_issue_alu_iq_entries_uop_ctrl_op_fcn, i64 0, i64 %zext_ln86" [/home/lab_726/boom/hls_boom/include/boom_state.hpp:86->/home/lab_726/boom/hls_boom/include/boom_state.hpp:101->/home/lab_726/boom/hls_boom/include/boom_state.hpp:255->/home/lab_726/boom/hls_boom/src/boom_core_merged.cpp:2884]   --->   Operation 337 'getelementptr' 'state_issue_alu_iq_entries_uop_ctrl_op_fcn_addr' <Predicate = (!icmp_ln86)> <Delay = 0.00>
ST_6 : Operation 338 [1/1] (0.67ns)   --->   "%store_ln86 = store i8 0, i3 %state_issue_alu_iq_entries_uop_ctrl_op_fcn_addr" [/home/lab_726/boom/hls_boom/include/boom_state.hpp:86->/home/lab_726/boom/hls_boom/include/boom_state.hpp:101->/home/lab_726/boom/hls_boom/include/boom_state.hpp:255->/home/lab_726/boom/hls_boom/src/boom_core_merged.cpp:2884]   --->   Operation 338 'store' 'store_ln86' <Predicate = (!icmp_ln86)> <Delay = 0.67> <CoreInst = "RAM">   --->   Core 83 'RAM' <Latency = 1> <II = 1> <Delay = 0.67> <Storage> <Opcode : 'load' 'store'> <Ports = 2> <Width = 8> <Depth = 8> <RAM>
ST_6 : Operation 339 [1/1] (0.00ns)   --->   "%state_issue_alu_iq_entries_uop_ctrl_fcn_dw_addr = getelementptr i8 %state_issue_alu_iq_entries_uop_ctrl_fcn_dw, i64 0, i64 %zext_ln86" [/home/lab_726/boom/hls_boom/include/boom_state.hpp:86->/home/lab_726/boom/hls_boom/include/boom_state.hpp:101->/home/lab_726/boom/hls_boom/include/boom_state.hpp:255->/home/lab_726/boom/hls_boom/src/boom_core_merged.cpp:2884]   --->   Operation 339 'getelementptr' 'state_issue_alu_iq_entries_uop_ctrl_fcn_dw_addr' <Predicate = (!icmp_ln86)> <Delay = 0.00>
ST_6 : Operation 340 [1/1] (0.67ns)   --->   "%store_ln86 = store i8 0, i3 %state_issue_alu_iq_entries_uop_ctrl_fcn_dw_addr" [/home/lab_726/boom/hls_boom/include/boom_state.hpp:86->/home/lab_726/boom/hls_boom/include/boom_state.hpp:101->/home/lab_726/boom/hls_boom/include/boom_state.hpp:255->/home/lab_726/boom/hls_boom/src/boom_core_merged.cpp:2884]   --->   Operation 340 'store' 'store_ln86' <Predicate = (!icmp_ln86)> <Delay = 0.67> <CoreInst = "RAM">   --->   Core 83 'RAM' <Latency = 1> <II = 1> <Delay = 0.67> <Storage> <Opcode : 'load' 'store'> <Ports = 2> <Width = 8> <Depth = 8> <RAM>
ST_6 : Operation 341 [1/1] (0.00ns)   --->   "%state_issue_alu_iq_entries_uop_ctrl_csr_cmd_addr = getelementptr i8 %state_issue_alu_iq_entries_uop_ctrl_csr_cmd, i64 0, i64 %zext_ln86" [/home/lab_726/boom/hls_boom/include/boom_state.hpp:86->/home/lab_726/boom/hls_boom/include/boom_state.hpp:101->/home/lab_726/boom/hls_boom/include/boom_state.hpp:255->/home/lab_726/boom/hls_boom/src/boom_core_merged.cpp:2884]   --->   Operation 341 'getelementptr' 'state_issue_alu_iq_entries_uop_ctrl_csr_cmd_addr' <Predicate = (!icmp_ln86)> <Delay = 0.00>
ST_6 : Operation 342 [1/1] (0.67ns)   --->   "%store_ln86 = store i8 0, i3 %state_issue_alu_iq_entries_uop_ctrl_csr_cmd_addr" [/home/lab_726/boom/hls_boom/include/boom_state.hpp:86->/home/lab_726/boom/hls_boom/include/boom_state.hpp:101->/home/lab_726/boom/hls_boom/include/boom_state.hpp:255->/home/lab_726/boom/hls_boom/src/boom_core_merged.cpp:2884]   --->   Operation 342 'store' 'store_ln86' <Predicate = (!icmp_ln86)> <Delay = 0.67> <CoreInst = "RAM">   --->   Core 83 'RAM' <Latency = 1> <II = 1> <Delay = 0.67> <Storage> <Opcode : 'load' 'store'> <Ports = 2> <Width = 8> <Depth = 8> <RAM>
ST_6 : Operation 343 [1/1] (0.00ns)   --->   "%state_issue_alu_iq_entries_uop_ctrl_is_load_addr = getelementptr i1 %state_issue_alu_iq_entries_uop_ctrl_is_load, i64 0, i64 %zext_ln86" [/home/lab_726/boom/hls_boom/include/boom_state.hpp:86->/home/lab_726/boom/hls_boom/include/boom_state.hpp:101->/home/lab_726/boom/hls_boom/include/boom_state.hpp:255->/home/lab_726/boom/hls_boom/src/boom_core_merged.cpp:2884]   --->   Operation 343 'getelementptr' 'state_issue_alu_iq_entries_uop_ctrl_is_load_addr' <Predicate = (!icmp_ln86)> <Delay = 0.00>
ST_6 : Operation 344 [1/1] (0.67ns)   --->   "%store_ln86 = store i1 0, i3 %state_issue_alu_iq_entries_uop_ctrl_is_load_addr" [/home/lab_726/boom/hls_boom/include/boom_state.hpp:86->/home/lab_726/boom/hls_boom/include/boom_state.hpp:101->/home/lab_726/boom/hls_boom/include/boom_state.hpp:255->/home/lab_726/boom/hls_boom/src/boom_core_merged.cpp:2884]   --->   Operation 344 'store' 'store_ln86' <Predicate = (!icmp_ln86)> <Delay = 0.67> <CoreInst = "RAM">   --->   Core 83 'RAM' <Latency = 1> <II = 1> <Delay = 0.67> <Storage> <Opcode : 'load' 'store'> <Ports = 2> <Width = 1> <Depth = 8> <RAM>
ST_6 : Operation 345 [1/1] (0.00ns)   --->   "%state_issue_alu_iq_entries_uop_ctrl_is_sta_addr = getelementptr i1 %state_issue_alu_iq_entries_uop_ctrl_is_sta, i64 0, i64 %zext_ln86" [/home/lab_726/boom/hls_boom/include/boom_state.hpp:86->/home/lab_726/boom/hls_boom/include/boom_state.hpp:101->/home/lab_726/boom/hls_boom/include/boom_state.hpp:255->/home/lab_726/boom/hls_boom/src/boom_core_merged.cpp:2884]   --->   Operation 345 'getelementptr' 'state_issue_alu_iq_entries_uop_ctrl_is_sta_addr' <Predicate = (!icmp_ln86)> <Delay = 0.00>
ST_6 : Operation 346 [1/1] (0.67ns)   --->   "%store_ln86 = store i1 0, i3 %state_issue_alu_iq_entries_uop_ctrl_is_sta_addr" [/home/lab_726/boom/hls_boom/include/boom_state.hpp:86->/home/lab_726/boom/hls_boom/include/boom_state.hpp:101->/home/lab_726/boom/hls_boom/include/boom_state.hpp:255->/home/lab_726/boom/hls_boom/src/boom_core_merged.cpp:2884]   --->   Operation 346 'store' 'store_ln86' <Predicate = (!icmp_ln86)> <Delay = 0.67> <CoreInst = "RAM">   --->   Core 83 'RAM' <Latency = 1> <II = 1> <Delay = 0.67> <Storage> <Opcode : 'load' 'store'> <Ports = 2> <Width = 1> <Depth = 8> <RAM>
ST_6 : Operation 347 [1/1] (0.00ns)   --->   "%state_issue_alu_iq_entries_uop_ctrl_is_std_addr = getelementptr i1 %state_issue_alu_iq_entries_uop_ctrl_is_std, i64 0, i64 %zext_ln86" [/home/lab_726/boom/hls_boom/include/boom_state.hpp:86->/home/lab_726/boom/hls_boom/include/boom_state.hpp:101->/home/lab_726/boom/hls_boom/include/boom_state.hpp:255->/home/lab_726/boom/hls_boom/src/boom_core_merged.cpp:2884]   --->   Operation 347 'getelementptr' 'state_issue_alu_iq_entries_uop_ctrl_is_std_addr' <Predicate = (!icmp_ln86)> <Delay = 0.00>
ST_6 : Operation 348 [1/1] (0.67ns)   --->   "%store_ln86 = store i1 0, i3 %state_issue_alu_iq_entries_uop_ctrl_is_std_addr" [/home/lab_726/boom/hls_boom/include/boom_state.hpp:86->/home/lab_726/boom/hls_boom/include/boom_state.hpp:101->/home/lab_726/boom/hls_boom/include/boom_state.hpp:255->/home/lab_726/boom/hls_boom/src/boom_core_merged.cpp:2884]   --->   Operation 348 'store' 'store_ln86' <Predicate = (!icmp_ln86)> <Delay = 0.67> <CoreInst = "RAM">   --->   Core 83 'RAM' <Latency = 1> <II = 1> <Delay = 0.67> <Storage> <Opcode : 'load' 'store'> <Ports = 2> <Width = 1> <Depth = 8> <RAM>
ST_6 : Operation 349 [1/1] (0.00ns)   --->   "%state_issue_alu_iq_entries_uop_iw_state_addr = getelementptr i8 %state_issue_alu_iq_entries_uop_iw_state, i64 0, i64 %zext_ln86" [/home/lab_726/boom/hls_boom/include/boom_state.hpp:86->/home/lab_726/boom/hls_boom/include/boom_state.hpp:101->/home/lab_726/boom/hls_boom/include/boom_state.hpp:255->/home/lab_726/boom/hls_boom/src/boom_core_merged.cpp:2884]   --->   Operation 349 'getelementptr' 'state_issue_alu_iq_entries_uop_iw_state_addr' <Predicate = (!icmp_ln86)> <Delay = 0.00>
ST_6 : Operation 350 [1/1] (0.67ns)   --->   "%store_ln86 = store i8 0, i3 %state_issue_alu_iq_entries_uop_iw_state_addr" [/home/lab_726/boom/hls_boom/include/boom_state.hpp:86->/home/lab_726/boom/hls_boom/include/boom_state.hpp:101->/home/lab_726/boom/hls_boom/include/boom_state.hpp:255->/home/lab_726/boom/hls_boom/src/boom_core_merged.cpp:2884]   --->   Operation 350 'store' 'store_ln86' <Predicate = (!icmp_ln86)> <Delay = 0.67> <CoreInst = "RAM">   --->   Core 83 'RAM' <Latency = 1> <II = 1> <Delay = 0.67> <Storage> <Opcode : 'load' 'store'> <Ports = 2> <Width = 8> <Depth = 8> <RAM>
ST_6 : Operation 351 [1/1] (0.00ns)   --->   "%state_issue_alu_iq_entries_uop_iw_p1_poisoned_addr = getelementptr i1 %state_issue_alu_iq_entries_uop_iw_p1_poisoned, i64 0, i64 %zext_ln86" [/home/lab_726/boom/hls_boom/include/boom_state.hpp:86->/home/lab_726/boom/hls_boom/include/boom_state.hpp:101->/home/lab_726/boom/hls_boom/include/boom_state.hpp:255->/home/lab_726/boom/hls_boom/src/boom_core_merged.cpp:2884]   --->   Operation 351 'getelementptr' 'state_issue_alu_iq_entries_uop_iw_p1_poisoned_addr' <Predicate = (!icmp_ln86)> <Delay = 0.00>
ST_6 : Operation 352 [1/1] (0.67ns)   --->   "%store_ln86 = store i1 0, i3 %state_issue_alu_iq_entries_uop_iw_p1_poisoned_addr" [/home/lab_726/boom/hls_boom/include/boom_state.hpp:86->/home/lab_726/boom/hls_boom/include/boom_state.hpp:101->/home/lab_726/boom/hls_boom/include/boom_state.hpp:255->/home/lab_726/boom/hls_boom/src/boom_core_merged.cpp:2884]   --->   Operation 352 'store' 'store_ln86' <Predicate = (!icmp_ln86)> <Delay = 0.67> <CoreInst = "RAM">   --->   Core 83 'RAM' <Latency = 1> <II = 1> <Delay = 0.67> <Storage> <Opcode : 'load' 'store'> <Ports = 2> <Width = 1> <Depth = 8> <RAM>
ST_6 : Operation 353 [1/1] (0.00ns)   --->   "%state_issue_alu_iq_entries_uop_iw_p2_poisoned_addr = getelementptr i1 %state_issue_alu_iq_entries_uop_iw_p2_poisoned, i64 0, i64 %zext_ln86" [/home/lab_726/boom/hls_boom/include/boom_state.hpp:86->/home/lab_726/boom/hls_boom/include/boom_state.hpp:101->/home/lab_726/boom/hls_boom/include/boom_state.hpp:255->/home/lab_726/boom/hls_boom/src/boom_core_merged.cpp:2884]   --->   Operation 353 'getelementptr' 'state_issue_alu_iq_entries_uop_iw_p2_poisoned_addr' <Predicate = (!icmp_ln86)> <Delay = 0.00>
ST_6 : Operation 354 [1/1] (0.67ns)   --->   "%store_ln86 = store i1 0, i3 %state_issue_alu_iq_entries_uop_iw_p2_poisoned_addr" [/home/lab_726/boom/hls_boom/include/boom_state.hpp:86->/home/lab_726/boom/hls_boom/include/boom_state.hpp:101->/home/lab_726/boom/hls_boom/include/boom_state.hpp:255->/home/lab_726/boom/hls_boom/src/boom_core_merged.cpp:2884]   --->   Operation 354 'store' 'store_ln86' <Predicate = (!icmp_ln86)> <Delay = 0.67> <CoreInst = "RAM">   --->   Core 83 'RAM' <Latency = 1> <II = 1> <Delay = 0.67> <Storage> <Opcode : 'load' 'store'> <Ports = 2> <Width = 1> <Depth = 8> <RAM>
ST_6 : Operation 355 [1/1] (0.00ns)   --->   "%state_issue_alu_iq_entries_uop_branch_br_mask_addr = getelementptr i8 %state_issue_alu_iq_entries_uop_branch_br_mask, i64 0, i64 %zext_ln86" [/home/lab_726/boom/hls_boom/include/boom_state.hpp:86->/home/lab_726/boom/hls_boom/include/boom_state.hpp:101->/home/lab_726/boom/hls_boom/include/boom_state.hpp:255->/home/lab_726/boom/hls_boom/src/boom_core_merged.cpp:2884]   --->   Operation 355 'getelementptr' 'state_issue_alu_iq_entries_uop_branch_br_mask_addr' <Predicate = (!icmp_ln86)> <Delay = 0.00>
ST_6 : Operation 356 [1/1] (0.67ns)   --->   "%store_ln86 = store i8 0, i3 %state_issue_alu_iq_entries_uop_branch_br_mask_addr" [/home/lab_726/boom/hls_boom/include/boom_state.hpp:86->/home/lab_726/boom/hls_boom/include/boom_state.hpp:101->/home/lab_726/boom/hls_boom/include/boom_state.hpp:255->/home/lab_726/boom/hls_boom/src/boom_core_merged.cpp:2884]   --->   Operation 356 'store' 'store_ln86' <Predicate = (!icmp_ln86)> <Delay = 0.67> <CoreInst = "RAM">   --->   Core 83 'RAM' <Latency = 1> <II = 1> <Delay = 0.67> <Storage> <Opcode : 'load' 'store'> <Ports = 2> <Width = 8> <Depth = 8> <RAM>
ST_6 : Operation 357 [1/1] (0.00ns)   --->   "%state_issue_alu_iq_entries_uop_branch_br_tag_addr = getelementptr i8 %state_issue_alu_iq_entries_uop_branch_br_tag, i64 0, i64 %zext_ln86" [/home/lab_726/boom/hls_boom/include/boom_state.hpp:86->/home/lab_726/boom/hls_boom/include/boom_state.hpp:101->/home/lab_726/boom/hls_boom/include/boom_state.hpp:255->/home/lab_726/boom/hls_boom/src/boom_core_merged.cpp:2884]   --->   Operation 357 'getelementptr' 'state_issue_alu_iq_entries_uop_branch_br_tag_addr' <Predicate = (!icmp_ln86)> <Delay = 0.00>
ST_6 : Operation 358 [1/1] (0.67ns)   --->   "%store_ln86 = store i8 0, i3 %state_issue_alu_iq_entries_uop_branch_br_tag_addr" [/home/lab_726/boom/hls_boom/include/boom_state.hpp:86->/home/lab_726/boom/hls_boom/include/boom_state.hpp:101->/home/lab_726/boom/hls_boom/include/boom_state.hpp:255->/home/lab_726/boom/hls_boom/src/boom_core_merged.cpp:2884]   --->   Operation 358 'store' 'store_ln86' <Predicate = (!icmp_ln86)> <Delay = 0.67> <CoreInst = "RAM">   --->   Core 83 'RAM' <Latency = 1> <II = 1> <Delay = 0.67> <Storage> <Opcode : 'load' 'store'> <Ports = 2> <Width = 8> <Depth = 8> <RAM>
ST_6 : Operation 359 [1/1] (0.00ns)   --->   "%state_issue_alu_iq_entries_uop_branch_ftq_idx_addr = getelementptr i8 %state_issue_alu_iq_entries_uop_branch_ftq_idx, i64 0, i64 %zext_ln86" [/home/lab_726/boom/hls_boom/include/boom_state.hpp:86->/home/lab_726/boom/hls_boom/include/boom_state.hpp:101->/home/lab_726/boom/hls_boom/include/boom_state.hpp:255->/home/lab_726/boom/hls_boom/src/boom_core_merged.cpp:2884]   --->   Operation 359 'getelementptr' 'state_issue_alu_iq_entries_uop_branch_ftq_idx_addr' <Predicate = (!icmp_ln86)> <Delay = 0.00>
ST_6 : Operation 360 [1/1] (0.67ns)   --->   "%store_ln86 = store i8 0, i3 %state_issue_alu_iq_entries_uop_branch_ftq_idx_addr" [/home/lab_726/boom/hls_boom/include/boom_state.hpp:86->/home/lab_726/boom/hls_boom/include/boom_state.hpp:101->/home/lab_726/boom/hls_boom/include/boom_state.hpp:255->/home/lab_726/boom/hls_boom/src/boom_core_merged.cpp:2884]   --->   Operation 360 'store' 'store_ln86' <Predicate = (!icmp_ln86)> <Delay = 0.67> <CoreInst = "RAM">   --->   Core 83 'RAM' <Latency = 1> <II = 1> <Delay = 0.67> <Storage> <Opcode : 'load' 'store'> <Ports = 2> <Width = 8> <Depth = 8> <RAM>
ST_6 : Operation 361 [1/1] (0.00ns)   --->   "%state_issue_alu_iq_entries_uop_branch_pc_lob_addr = getelementptr i8 %state_issue_alu_iq_entries_uop_branch_pc_lob, i64 0, i64 %zext_ln86" [/home/lab_726/boom/hls_boom/include/boom_state.hpp:86->/home/lab_726/boom/hls_boom/include/boom_state.hpp:101->/home/lab_726/boom/hls_boom/include/boom_state.hpp:255->/home/lab_726/boom/hls_boom/src/boom_core_merged.cpp:2884]   --->   Operation 361 'getelementptr' 'state_issue_alu_iq_entries_uop_branch_pc_lob_addr' <Predicate = (!icmp_ln86)> <Delay = 0.00>
ST_6 : Operation 362 [1/1] (0.67ns)   --->   "%store_ln86 = store i8 0, i3 %state_issue_alu_iq_entries_uop_branch_pc_lob_addr" [/home/lab_726/boom/hls_boom/include/boom_state.hpp:86->/home/lab_726/boom/hls_boom/include/boom_state.hpp:101->/home/lab_726/boom/hls_boom/include/boom_state.hpp:255->/home/lab_726/boom/hls_boom/src/boom_core_merged.cpp:2884]   --->   Operation 362 'store' 'store_ln86' <Predicate = (!icmp_ln86)> <Delay = 0.67> <CoreInst = "RAM">   --->   Core 83 'RAM' <Latency = 1> <II = 1> <Delay = 0.67> <Storage> <Opcode : 'load' 'store'> <Ports = 2> <Width = 8> <Depth = 8> <RAM>
ST_6 : Operation 363 [1/1] (0.00ns)   --->   "%state_issue_alu_iq_entries_uop_branch_edge_inst_addr = getelementptr i1 %state_issue_alu_iq_entries_uop_branch_edge_inst, i64 0, i64 %zext_ln86" [/home/lab_726/boom/hls_boom/include/boom_state.hpp:86->/home/lab_726/boom/hls_boom/include/boom_state.hpp:101->/home/lab_726/boom/hls_boom/include/boom_state.hpp:255->/home/lab_726/boom/hls_boom/src/boom_core_merged.cpp:2884]   --->   Operation 363 'getelementptr' 'state_issue_alu_iq_entries_uop_branch_edge_inst_addr' <Predicate = (!icmp_ln86)> <Delay = 0.00>
ST_6 : Operation 364 [1/1] (0.67ns)   --->   "%store_ln86 = store i1 0, i3 %state_issue_alu_iq_entries_uop_branch_edge_inst_addr" [/home/lab_726/boom/hls_boom/include/boom_state.hpp:86->/home/lab_726/boom/hls_boom/include/boom_state.hpp:101->/home/lab_726/boom/hls_boom/include/boom_state.hpp:255->/home/lab_726/boom/hls_boom/src/boom_core_merged.cpp:2884]   --->   Operation 364 'store' 'store_ln86' <Predicate = (!icmp_ln86)> <Delay = 0.67> <CoreInst = "RAM">   --->   Core 83 'RAM' <Latency = 1> <II = 1> <Delay = 0.67> <Storage> <Opcode : 'load' 'store'> <Ports = 2> <Width = 1> <Depth = 8> <RAM>
ST_6 : Operation 365 [1/1] (0.00ns)   --->   "%state_issue_alu_iq_entries_uop_branch_taken_addr = getelementptr i1 %state_issue_alu_iq_entries_uop_branch_taken, i64 0, i64 %zext_ln86" [/home/lab_726/boom/hls_boom/include/boom_state.hpp:86->/home/lab_726/boom/hls_boom/include/boom_state.hpp:101->/home/lab_726/boom/hls_boom/include/boom_state.hpp:255->/home/lab_726/boom/hls_boom/src/boom_core_merged.cpp:2884]   --->   Operation 365 'getelementptr' 'state_issue_alu_iq_entries_uop_branch_taken_addr' <Predicate = (!icmp_ln86)> <Delay = 0.00>
ST_6 : Operation 366 [1/1] (0.67ns)   --->   "%store_ln86 = store i1 0, i3 %state_issue_alu_iq_entries_uop_branch_taken_addr" [/home/lab_726/boom/hls_boom/include/boom_state.hpp:86->/home/lab_726/boom/hls_boom/include/boom_state.hpp:101->/home/lab_726/boom/hls_boom/include/boom_state.hpp:255->/home/lab_726/boom/hls_boom/src/boom_core_merged.cpp:2884]   --->   Operation 366 'store' 'store_ln86' <Predicate = (!icmp_ln86)> <Delay = 0.67> <CoreInst = "RAM">   --->   Core 83 'RAM' <Latency = 1> <II = 1> <Delay = 0.67> <Storage> <Opcode : 'load' 'store'> <Ports = 2> <Width = 1> <Depth = 8> <RAM>
ST_6 : Operation 367 [1/1] (0.00ns)   --->   "%state_issue_alu_iq_entries_uop_branch_is_br_addr = getelementptr i1 %state_issue_alu_iq_entries_uop_branch_is_br, i64 0, i64 %zext_ln86" [/home/lab_726/boom/hls_boom/include/boom_state.hpp:86->/home/lab_726/boom/hls_boom/include/boom_state.hpp:101->/home/lab_726/boom/hls_boom/include/boom_state.hpp:255->/home/lab_726/boom/hls_boom/src/boom_core_merged.cpp:2884]   --->   Operation 367 'getelementptr' 'state_issue_alu_iq_entries_uop_branch_is_br_addr' <Predicate = (!icmp_ln86)> <Delay = 0.00>
ST_6 : Operation 368 [1/1] (0.67ns)   --->   "%store_ln86 = store i1 0, i3 %state_issue_alu_iq_entries_uop_branch_is_br_addr" [/home/lab_726/boom/hls_boom/include/boom_state.hpp:86->/home/lab_726/boom/hls_boom/include/boom_state.hpp:101->/home/lab_726/boom/hls_boom/include/boom_state.hpp:255->/home/lab_726/boom/hls_boom/src/boom_core_merged.cpp:2884]   --->   Operation 368 'store' 'store_ln86' <Predicate = (!icmp_ln86)> <Delay = 0.67> <CoreInst = "RAM">   --->   Core 83 'RAM' <Latency = 1> <II = 1> <Delay = 0.67> <Storage> <Opcode : 'load' 'store'> <Ports = 2> <Width = 1> <Depth = 8> <RAM>
ST_6 : Operation 369 [1/1] (0.00ns)   --->   "%state_issue_alu_iq_entries_uop_branch_is_jalr_addr = getelementptr i1 %state_issue_alu_iq_entries_uop_branch_is_jalr, i64 0, i64 %zext_ln86" [/home/lab_726/boom/hls_boom/include/boom_state.hpp:86->/home/lab_726/boom/hls_boom/include/boom_state.hpp:101->/home/lab_726/boom/hls_boom/include/boom_state.hpp:255->/home/lab_726/boom/hls_boom/src/boom_core_merged.cpp:2884]   --->   Operation 369 'getelementptr' 'state_issue_alu_iq_entries_uop_branch_is_jalr_addr' <Predicate = (!icmp_ln86)> <Delay = 0.00>
ST_6 : Operation 370 [1/1] (0.67ns)   --->   "%store_ln86 = store i1 0, i3 %state_issue_alu_iq_entries_uop_branch_is_jalr_addr" [/home/lab_726/boom/hls_boom/include/boom_state.hpp:86->/home/lab_726/boom/hls_boom/include/boom_state.hpp:101->/home/lab_726/boom/hls_boom/include/boom_state.hpp:255->/home/lab_726/boom/hls_boom/src/boom_core_merged.cpp:2884]   --->   Operation 370 'store' 'store_ln86' <Predicate = (!icmp_ln86)> <Delay = 0.67> <CoreInst = "RAM">   --->   Core 83 'RAM' <Latency = 1> <II = 1> <Delay = 0.67> <Storage> <Opcode : 'load' 'store'> <Ports = 2> <Width = 1> <Depth = 8> <RAM>
ST_6 : Operation 371 [1/1] (0.00ns)   --->   "%state_issue_alu_iq_entries_uop_branch_is_jal_addr = getelementptr i1 %state_issue_alu_iq_entries_uop_branch_is_jal, i64 0, i64 %zext_ln86" [/home/lab_726/boom/hls_boom/include/boom_state.hpp:86->/home/lab_726/boom/hls_boom/include/boom_state.hpp:101->/home/lab_726/boom/hls_boom/include/boom_state.hpp:255->/home/lab_726/boom/hls_boom/src/boom_core_merged.cpp:2884]   --->   Operation 371 'getelementptr' 'state_issue_alu_iq_entries_uop_branch_is_jal_addr' <Predicate = (!icmp_ln86)> <Delay = 0.00>
ST_6 : Operation 372 [1/1] (0.67ns)   --->   "%store_ln86 = store i1 0, i3 %state_issue_alu_iq_entries_uop_branch_is_jal_addr" [/home/lab_726/boom/hls_boom/include/boom_state.hpp:86->/home/lab_726/boom/hls_boom/include/boom_state.hpp:101->/home/lab_726/boom/hls_boom/include/boom_state.hpp:255->/home/lab_726/boom/hls_boom/src/boom_core_merged.cpp:2884]   --->   Operation 372 'store' 'store_ln86' <Predicate = (!icmp_ln86)> <Delay = 0.67> <CoreInst = "RAM">   --->   Core 83 'RAM' <Latency = 1> <II = 1> <Delay = 0.67> <Storage> <Opcode : 'load' 'store'> <Ports = 2> <Width = 1> <Depth = 8> <RAM>
ST_6 : Operation 373 [1/1] (0.00ns)   --->   "%state_issue_alu_iq_entries_uop_branch_is_sfb_addr = getelementptr i1 %state_issue_alu_iq_entries_uop_branch_is_sfb, i64 0, i64 %zext_ln86" [/home/lab_726/boom/hls_boom/include/boom_state.hpp:86->/home/lab_726/boom/hls_boom/include/boom_state.hpp:101->/home/lab_726/boom/hls_boom/include/boom_state.hpp:255->/home/lab_726/boom/hls_boom/src/boom_core_merged.cpp:2884]   --->   Operation 373 'getelementptr' 'state_issue_alu_iq_entries_uop_branch_is_sfb_addr' <Predicate = (!icmp_ln86)> <Delay = 0.00>
ST_6 : Operation 374 [1/1] (0.67ns)   --->   "%store_ln86 = store i1 0, i3 %state_issue_alu_iq_entries_uop_branch_is_sfb_addr" [/home/lab_726/boom/hls_boom/include/boom_state.hpp:86->/home/lab_726/boom/hls_boom/include/boom_state.hpp:101->/home/lab_726/boom/hls_boom/include/boom_state.hpp:255->/home/lab_726/boom/hls_boom/src/boom_core_merged.cpp:2884]   --->   Operation 374 'store' 'store_ln86' <Predicate = (!icmp_ln86)> <Delay = 0.67> <CoreInst = "RAM">   --->   Core 83 'RAM' <Latency = 1> <II = 1> <Delay = 0.67> <Storage> <Opcode : 'load' 'store'> <Ports = 2> <Width = 1> <Depth = 8> <RAM>
ST_6 : Operation 375 [1/1] (0.00ns)   --->   "%state_issue_alu_iq_entries_uop_imm_packed_addr = getelementptr i32 %state_issue_alu_iq_entries_uop_imm_packed, i64 0, i64 %zext_ln86" [/home/lab_726/boom/hls_boom/include/boom_state.hpp:86->/home/lab_726/boom/hls_boom/include/boom_state.hpp:101->/home/lab_726/boom/hls_boom/include/boom_state.hpp:255->/home/lab_726/boom/hls_boom/src/boom_core_merged.cpp:2884]   --->   Operation 375 'getelementptr' 'state_issue_alu_iq_entries_uop_imm_packed_addr' <Predicate = (!icmp_ln86)> <Delay = 0.00>
ST_6 : Operation 376 [1/1] (0.67ns)   --->   "%store_ln86 = store i32 0, i3 %state_issue_alu_iq_entries_uop_imm_packed_addr" [/home/lab_726/boom/hls_boom/include/boom_state.hpp:86->/home/lab_726/boom/hls_boom/include/boom_state.hpp:101->/home/lab_726/boom/hls_boom/include/boom_state.hpp:255->/home/lab_726/boom/hls_boom/src/boom_core_merged.cpp:2884]   --->   Operation 376 'store' 'store_ln86' <Predicate = (!icmp_ln86)> <Delay = 0.67> <CoreInst = "RAM">   --->   Core 83 'RAM' <Latency = 1> <II = 1> <Delay = 0.67> <Storage> <Opcode : 'load' 'store'> <Ports = 2> <Width = 32> <Depth = 8> <RAM>
ST_6 : Operation 377 [1/1] (0.00ns)   --->   "%state_issue_alu_iq_entries_uop_csr_addr_addr = getelementptr i16 %state_issue_alu_iq_entries_uop_csr_addr, i64 0, i64 %zext_ln86" [/home/lab_726/boom/hls_boom/include/boom_state.hpp:86->/home/lab_726/boom/hls_boom/include/boom_state.hpp:101->/home/lab_726/boom/hls_boom/include/boom_state.hpp:255->/home/lab_726/boom/hls_boom/src/boom_core_merged.cpp:2884]   --->   Operation 377 'getelementptr' 'state_issue_alu_iq_entries_uop_csr_addr_addr' <Predicate = (!icmp_ln86)> <Delay = 0.00>
ST_6 : Operation 378 [1/1] (0.67ns)   --->   "%store_ln86 = store i16 0, i3 %state_issue_alu_iq_entries_uop_csr_addr_addr" [/home/lab_726/boom/hls_boom/include/boom_state.hpp:86->/home/lab_726/boom/hls_boom/include/boom_state.hpp:101->/home/lab_726/boom/hls_boom/include/boom_state.hpp:255->/home/lab_726/boom/hls_boom/src/boom_core_merged.cpp:2884]   --->   Operation 378 'store' 'store_ln86' <Predicate = (!icmp_ln86)> <Delay = 0.67> <CoreInst = "RAM">   --->   Core 83 'RAM' <Latency = 1> <II = 1> <Delay = 0.67> <Storage> <Opcode : 'load' 'store'> <Ports = 2> <Width = 16> <Depth = 8> <RAM>
ST_6 : Operation 379 [1/1] (0.00ns)   --->   "%state_issue_alu_iq_entries_uop_queue_rob_idx_addr = getelementptr i8 %state_issue_alu_iq_entries_uop_queue_rob_idx, i64 0, i64 %zext_ln86" [/home/lab_726/boom/hls_boom/include/boom_state.hpp:86->/home/lab_726/boom/hls_boom/include/boom_state.hpp:101->/home/lab_726/boom/hls_boom/include/boom_state.hpp:255->/home/lab_726/boom/hls_boom/src/boom_core_merged.cpp:2884]   --->   Operation 379 'getelementptr' 'state_issue_alu_iq_entries_uop_queue_rob_idx_addr' <Predicate = (!icmp_ln86)> <Delay = 0.00>
ST_6 : Operation 380 [1/1] (0.67ns)   --->   "%store_ln86 = store i8 0, i3 %state_issue_alu_iq_entries_uop_queue_rob_idx_addr" [/home/lab_726/boom/hls_boom/include/boom_state.hpp:86->/home/lab_726/boom/hls_boom/include/boom_state.hpp:101->/home/lab_726/boom/hls_boom/include/boom_state.hpp:255->/home/lab_726/boom/hls_boom/src/boom_core_merged.cpp:2884]   --->   Operation 380 'store' 'store_ln86' <Predicate = (!icmp_ln86)> <Delay = 0.67> <CoreInst = "RAM">   --->   Core 83 'RAM' <Latency = 1> <II = 1> <Delay = 0.67> <Storage> <Opcode : 'load' 'store'> <Ports = 2> <Width = 8> <Depth = 8> <RAM>
ST_6 : Operation 381 [1/1] (0.00ns)   --->   "%state_issue_alu_iq_entries_uop_queue_ldq_idx_addr = getelementptr i8 %state_issue_alu_iq_entries_uop_queue_ldq_idx, i64 0, i64 %zext_ln86" [/home/lab_726/boom/hls_boom/include/boom_state.hpp:86->/home/lab_726/boom/hls_boom/include/boom_state.hpp:101->/home/lab_726/boom/hls_boom/include/boom_state.hpp:255->/home/lab_726/boom/hls_boom/src/boom_core_merged.cpp:2884]   --->   Operation 381 'getelementptr' 'state_issue_alu_iq_entries_uop_queue_ldq_idx_addr' <Predicate = (!icmp_ln86)> <Delay = 0.00>
ST_6 : Operation 382 [1/1] (0.67ns)   --->   "%store_ln86 = store i8 0, i3 %state_issue_alu_iq_entries_uop_queue_ldq_idx_addr" [/home/lab_726/boom/hls_boom/include/boom_state.hpp:86->/home/lab_726/boom/hls_boom/include/boom_state.hpp:101->/home/lab_726/boom/hls_boom/include/boom_state.hpp:255->/home/lab_726/boom/hls_boom/src/boom_core_merged.cpp:2884]   --->   Operation 382 'store' 'store_ln86' <Predicate = (!icmp_ln86)> <Delay = 0.67> <CoreInst = "RAM">   --->   Core 83 'RAM' <Latency = 1> <II = 1> <Delay = 0.67> <Storage> <Opcode : 'load' 'store'> <Ports = 2> <Width = 8> <Depth = 8> <RAM>
ST_6 : Operation 383 [1/1] (0.00ns)   --->   "%state_issue_alu_iq_entries_uop_queue_stq_idx_addr = getelementptr i8 %state_issue_alu_iq_entries_uop_queue_stq_idx, i64 0, i64 %zext_ln86" [/home/lab_726/boom/hls_boom/include/boom_state.hpp:86->/home/lab_726/boom/hls_boom/include/boom_state.hpp:101->/home/lab_726/boom/hls_boom/include/boom_state.hpp:255->/home/lab_726/boom/hls_boom/src/boom_core_merged.cpp:2884]   --->   Operation 383 'getelementptr' 'state_issue_alu_iq_entries_uop_queue_stq_idx_addr' <Predicate = (!icmp_ln86)> <Delay = 0.00>
ST_6 : Operation 384 [1/1] (0.67ns)   --->   "%store_ln86 = store i8 0, i3 %state_issue_alu_iq_entries_uop_queue_stq_idx_addr" [/home/lab_726/boom/hls_boom/include/boom_state.hpp:86->/home/lab_726/boom/hls_boom/include/boom_state.hpp:101->/home/lab_726/boom/hls_boom/include/boom_state.hpp:255->/home/lab_726/boom/hls_boom/src/boom_core_merged.cpp:2884]   --->   Operation 384 'store' 'store_ln86' <Predicate = (!icmp_ln86)> <Delay = 0.67> <CoreInst = "RAM">   --->   Core 83 'RAM' <Latency = 1> <II = 1> <Delay = 0.67> <Storage> <Opcode : 'load' 'store'> <Ports = 2> <Width = 8> <Depth = 8> <RAM>
ST_6 : Operation 385 [1/1] (0.00ns)   --->   "%state_issue_alu_iq_entries_uop_queue_rxq_idx_addr = getelementptr i8 %state_issue_alu_iq_entries_uop_queue_rxq_idx, i64 0, i64 %zext_ln86" [/home/lab_726/boom/hls_boom/include/boom_state.hpp:86->/home/lab_726/boom/hls_boom/include/boom_state.hpp:101->/home/lab_726/boom/hls_boom/include/boom_state.hpp:255->/home/lab_726/boom/hls_boom/src/boom_core_merged.cpp:2884]   --->   Operation 385 'getelementptr' 'state_issue_alu_iq_entries_uop_queue_rxq_idx_addr' <Predicate = (!icmp_ln86)> <Delay = 0.00>
ST_6 : Operation 386 [1/1] (0.67ns)   --->   "%store_ln86 = store i8 0, i3 %state_issue_alu_iq_entries_uop_queue_rxq_idx_addr" [/home/lab_726/boom/hls_boom/include/boom_state.hpp:86->/home/lab_726/boom/hls_boom/include/boom_state.hpp:101->/home/lab_726/boom/hls_boom/include/boom_state.hpp:255->/home/lab_726/boom/hls_boom/src/boom_core_merged.cpp:2884]   --->   Operation 386 'store' 'store_ln86' <Predicate = (!icmp_ln86)> <Delay = 0.67> <CoreInst = "RAM">   --->   Core 83 'RAM' <Latency = 1> <II = 1> <Delay = 0.67> <Storage> <Opcode : 'load' 'store'> <Ports = 2> <Width = 8> <Depth = 8> <RAM>
ST_6 : Operation 387 [1/1] (0.00ns)   --->   "%state_issue_alu_iq_entries_uop_queue_rob_allocation_id_addr = getelementptr i32 %state_issue_alu_iq_entries_uop_queue_rob_allocation_id, i64 0, i64 %zext_ln86" [/home/lab_726/boom/hls_boom/include/boom_state.hpp:86->/home/lab_726/boom/hls_boom/include/boom_state.hpp:101->/home/lab_726/boom/hls_boom/include/boom_state.hpp:255->/home/lab_726/boom/hls_boom/src/boom_core_merged.cpp:2884]   --->   Operation 387 'getelementptr' 'state_issue_alu_iq_entries_uop_queue_rob_allocation_id_addr' <Predicate = (!icmp_ln86)> <Delay = 0.00>
ST_6 : Operation 388 [1/1] (0.67ns)   --->   "%store_ln86 = store i32 0, i3 %state_issue_alu_iq_entries_uop_queue_rob_allocation_id_addr" [/home/lab_726/boom/hls_boom/include/boom_state.hpp:86->/home/lab_726/boom/hls_boom/include/boom_state.hpp:101->/home/lab_726/boom/hls_boom/include/boom_state.hpp:255->/home/lab_726/boom/hls_boom/src/boom_core_merged.cpp:2884]   --->   Operation 388 'store' 'store_ln86' <Predicate = (!icmp_ln86)> <Delay = 0.67> <CoreInst = "RAM">   --->   Core 83 'RAM' <Latency = 1> <II = 1> <Delay = 0.67> <Storage> <Opcode : 'load' 'store'> <Ports = 2> <Width = 32> <Depth = 8> <RAM>
ST_6 : Operation 389 [1/1] (0.00ns)   --->   "%state_issue_alu_iq_entries_uop_rename_ldst_addr = getelementptr i8 %state_issue_alu_iq_entries_uop_rename_ldst, i64 0, i64 %zext_ln86" [/home/lab_726/boom/hls_boom/include/boom_state.hpp:86->/home/lab_726/boom/hls_boom/include/boom_state.hpp:101->/home/lab_726/boom/hls_boom/include/boom_state.hpp:255->/home/lab_726/boom/hls_boom/src/boom_core_merged.cpp:2884]   --->   Operation 389 'getelementptr' 'state_issue_alu_iq_entries_uop_rename_ldst_addr' <Predicate = (!icmp_ln86)> <Delay = 0.00>
ST_6 : Operation 390 [1/1] (0.67ns)   --->   "%store_ln86 = store i8 0, i3 %state_issue_alu_iq_entries_uop_rename_ldst_addr" [/home/lab_726/boom/hls_boom/include/boom_state.hpp:86->/home/lab_726/boom/hls_boom/include/boom_state.hpp:101->/home/lab_726/boom/hls_boom/include/boom_state.hpp:255->/home/lab_726/boom/hls_boom/src/boom_core_merged.cpp:2884]   --->   Operation 390 'store' 'store_ln86' <Predicate = (!icmp_ln86)> <Delay = 0.67> <CoreInst = "RAM">   --->   Core 83 'RAM' <Latency = 1> <II = 1> <Delay = 0.67> <Storage> <Opcode : 'load' 'store'> <Ports = 2> <Width = 8> <Depth = 8> <RAM>
ST_6 : Operation 391 [1/1] (0.00ns)   --->   "%state_issue_alu_iq_entries_uop_rename_lrs1_addr = getelementptr i8 %state_issue_alu_iq_entries_uop_rename_lrs1, i64 0, i64 %zext_ln86" [/home/lab_726/boom/hls_boom/include/boom_state.hpp:86->/home/lab_726/boom/hls_boom/include/boom_state.hpp:101->/home/lab_726/boom/hls_boom/include/boom_state.hpp:255->/home/lab_726/boom/hls_boom/src/boom_core_merged.cpp:2884]   --->   Operation 391 'getelementptr' 'state_issue_alu_iq_entries_uop_rename_lrs1_addr' <Predicate = (!icmp_ln86)> <Delay = 0.00>
ST_6 : Operation 392 [1/1] (0.67ns)   --->   "%store_ln86 = store i8 0, i3 %state_issue_alu_iq_entries_uop_rename_lrs1_addr" [/home/lab_726/boom/hls_boom/include/boom_state.hpp:86->/home/lab_726/boom/hls_boom/include/boom_state.hpp:101->/home/lab_726/boom/hls_boom/include/boom_state.hpp:255->/home/lab_726/boom/hls_boom/src/boom_core_merged.cpp:2884]   --->   Operation 392 'store' 'store_ln86' <Predicate = (!icmp_ln86)> <Delay = 0.67> <CoreInst = "RAM">   --->   Core 83 'RAM' <Latency = 1> <II = 1> <Delay = 0.67> <Storage> <Opcode : 'load' 'store'> <Ports = 2> <Width = 8> <Depth = 8> <RAM>
ST_6 : Operation 393 [1/1] (0.00ns)   --->   "%state_issue_alu_iq_entries_uop_rename_lrs2_addr = getelementptr i8 %state_issue_alu_iq_entries_uop_rename_lrs2, i64 0, i64 %zext_ln86" [/home/lab_726/boom/hls_boom/include/boom_state.hpp:86->/home/lab_726/boom/hls_boom/include/boom_state.hpp:101->/home/lab_726/boom/hls_boom/include/boom_state.hpp:255->/home/lab_726/boom/hls_boom/src/boom_core_merged.cpp:2884]   --->   Operation 393 'getelementptr' 'state_issue_alu_iq_entries_uop_rename_lrs2_addr' <Predicate = (!icmp_ln86)> <Delay = 0.00>
ST_6 : Operation 394 [1/1] (0.67ns)   --->   "%store_ln86 = store i8 0, i3 %state_issue_alu_iq_entries_uop_rename_lrs2_addr" [/home/lab_726/boom/hls_boom/include/boom_state.hpp:86->/home/lab_726/boom/hls_boom/include/boom_state.hpp:101->/home/lab_726/boom/hls_boom/include/boom_state.hpp:255->/home/lab_726/boom/hls_boom/src/boom_core_merged.cpp:2884]   --->   Operation 394 'store' 'store_ln86' <Predicate = (!icmp_ln86)> <Delay = 0.67> <CoreInst = "RAM">   --->   Core 83 'RAM' <Latency = 1> <II = 1> <Delay = 0.67> <Storage> <Opcode : 'load' 'store'> <Ports = 2> <Width = 8> <Depth = 8> <RAM>
ST_6 : Operation 395 [1/1] (0.00ns)   --->   "%state_issue_alu_iq_entries_uop_rename_lrs3_addr = getelementptr i8 %state_issue_alu_iq_entries_uop_rename_lrs3, i64 0, i64 %zext_ln86" [/home/lab_726/boom/hls_boom/include/boom_state.hpp:86->/home/lab_726/boom/hls_boom/include/boom_state.hpp:101->/home/lab_726/boom/hls_boom/include/boom_state.hpp:255->/home/lab_726/boom/hls_boom/src/boom_core_merged.cpp:2884]   --->   Operation 395 'getelementptr' 'state_issue_alu_iq_entries_uop_rename_lrs3_addr' <Predicate = (!icmp_ln86)> <Delay = 0.00>
ST_6 : Operation 396 [1/1] (0.67ns)   --->   "%store_ln86 = store i8 0, i3 %state_issue_alu_iq_entries_uop_rename_lrs3_addr" [/home/lab_726/boom/hls_boom/include/boom_state.hpp:86->/home/lab_726/boom/hls_boom/include/boom_state.hpp:101->/home/lab_726/boom/hls_boom/include/boom_state.hpp:255->/home/lab_726/boom/hls_boom/src/boom_core_merged.cpp:2884]   --->   Operation 396 'store' 'store_ln86' <Predicate = (!icmp_ln86)> <Delay = 0.67> <CoreInst = "RAM">   --->   Core 83 'RAM' <Latency = 1> <II = 1> <Delay = 0.67> <Storage> <Opcode : 'load' 'store'> <Ports = 2> <Width = 8> <Depth = 8> <RAM>
ST_6 : Operation 397 [1/1] (0.00ns)   --->   "%state_issue_alu_iq_entries_uop_rename_pdst_addr = getelementptr i8 %state_issue_alu_iq_entries_uop_rename_pdst, i64 0, i64 %zext_ln86" [/home/lab_726/boom/hls_boom/include/boom_state.hpp:86->/home/lab_726/boom/hls_boom/include/boom_state.hpp:101->/home/lab_726/boom/hls_boom/include/boom_state.hpp:255->/home/lab_726/boom/hls_boom/src/boom_core_merged.cpp:2884]   --->   Operation 397 'getelementptr' 'state_issue_alu_iq_entries_uop_rename_pdst_addr' <Predicate = (!icmp_ln86)> <Delay = 0.00>
ST_6 : Operation 398 [1/1] (0.67ns)   --->   "%store_ln86 = store i8 0, i3 %state_issue_alu_iq_entries_uop_rename_pdst_addr" [/home/lab_726/boom/hls_boom/include/boom_state.hpp:86->/home/lab_726/boom/hls_boom/include/boom_state.hpp:101->/home/lab_726/boom/hls_boom/include/boom_state.hpp:255->/home/lab_726/boom/hls_boom/src/boom_core_merged.cpp:2884]   --->   Operation 398 'store' 'store_ln86' <Predicate = (!icmp_ln86)> <Delay = 0.67> <CoreInst = "RAM">   --->   Core 83 'RAM' <Latency = 1> <II = 1> <Delay = 0.67> <Storage> <Opcode : 'load' 'store'> <Ports = 2> <Width = 8> <Depth = 8> <RAM>
ST_6 : Operation 399 [1/1] (0.00ns)   --->   "%state_issue_alu_iq_entries_uop_rename_prs1_addr = getelementptr i8 %state_issue_alu_iq_entries_uop_rename_prs1, i64 0, i64 %zext_ln86" [/home/lab_726/boom/hls_boom/include/boom_state.hpp:86->/home/lab_726/boom/hls_boom/include/boom_state.hpp:101->/home/lab_726/boom/hls_boom/include/boom_state.hpp:255->/home/lab_726/boom/hls_boom/src/boom_core_merged.cpp:2884]   --->   Operation 399 'getelementptr' 'state_issue_alu_iq_entries_uop_rename_prs1_addr' <Predicate = (!icmp_ln86)> <Delay = 0.00>
ST_6 : Operation 400 [1/1] (0.67ns)   --->   "%store_ln86 = store i8 0, i3 %state_issue_alu_iq_entries_uop_rename_prs1_addr" [/home/lab_726/boom/hls_boom/include/boom_state.hpp:86->/home/lab_726/boom/hls_boom/include/boom_state.hpp:101->/home/lab_726/boom/hls_boom/include/boom_state.hpp:255->/home/lab_726/boom/hls_boom/src/boom_core_merged.cpp:2884]   --->   Operation 400 'store' 'store_ln86' <Predicate = (!icmp_ln86)> <Delay = 0.67> <CoreInst = "RAM">   --->   Core 83 'RAM' <Latency = 1> <II = 1> <Delay = 0.67> <Storage> <Opcode : 'load' 'store'> <Ports = 2> <Width = 8> <Depth = 8> <RAM>
ST_6 : Operation 401 [1/1] (0.00ns)   --->   "%state_issue_alu_iq_entries_uop_rename_prs2_addr = getelementptr i8 %state_issue_alu_iq_entries_uop_rename_prs2, i64 0, i64 %zext_ln86" [/home/lab_726/boom/hls_boom/include/boom_state.hpp:86->/home/lab_726/boom/hls_boom/include/boom_state.hpp:101->/home/lab_726/boom/hls_boom/include/boom_state.hpp:255->/home/lab_726/boom/hls_boom/src/boom_core_merged.cpp:2884]   --->   Operation 401 'getelementptr' 'state_issue_alu_iq_entries_uop_rename_prs2_addr' <Predicate = (!icmp_ln86)> <Delay = 0.00>
ST_6 : Operation 402 [1/1] (0.67ns)   --->   "%store_ln86 = store i8 0, i3 %state_issue_alu_iq_entries_uop_rename_prs2_addr" [/home/lab_726/boom/hls_boom/include/boom_state.hpp:86->/home/lab_726/boom/hls_boom/include/boom_state.hpp:101->/home/lab_726/boom/hls_boom/include/boom_state.hpp:255->/home/lab_726/boom/hls_boom/src/boom_core_merged.cpp:2884]   --->   Operation 402 'store' 'store_ln86' <Predicate = (!icmp_ln86)> <Delay = 0.67> <CoreInst = "RAM">   --->   Core 83 'RAM' <Latency = 1> <II = 1> <Delay = 0.67> <Storage> <Opcode : 'load' 'store'> <Ports = 2> <Width = 8> <Depth = 8> <RAM>
ST_6 : Operation 403 [1/1] (0.00ns)   --->   "%state_issue_alu_iq_entries_uop_rename_prs3_addr = getelementptr i8 %state_issue_alu_iq_entries_uop_rename_prs3, i64 0, i64 %zext_ln86" [/home/lab_726/boom/hls_boom/include/boom_state.hpp:86->/home/lab_726/boom/hls_boom/include/boom_state.hpp:101->/home/lab_726/boom/hls_boom/include/boom_state.hpp:255->/home/lab_726/boom/hls_boom/src/boom_core_merged.cpp:2884]   --->   Operation 403 'getelementptr' 'state_issue_alu_iq_entries_uop_rename_prs3_addr' <Predicate = (!icmp_ln86)> <Delay = 0.00>
ST_6 : Operation 404 [1/1] (0.67ns)   --->   "%store_ln86 = store i8 0, i3 %state_issue_alu_iq_entries_uop_rename_prs3_addr" [/home/lab_726/boom/hls_boom/include/boom_state.hpp:86->/home/lab_726/boom/hls_boom/include/boom_state.hpp:101->/home/lab_726/boom/hls_boom/include/boom_state.hpp:255->/home/lab_726/boom/hls_boom/src/boom_core_merged.cpp:2884]   --->   Operation 404 'store' 'store_ln86' <Predicate = (!icmp_ln86)> <Delay = 0.67> <CoreInst = "RAM">   --->   Core 83 'RAM' <Latency = 1> <II = 1> <Delay = 0.67> <Storage> <Opcode : 'load' 'store'> <Ports = 2> <Width = 8> <Depth = 8> <RAM>
ST_6 : Operation 405 [1/1] (0.00ns)   --->   "%state_issue_alu_iq_entries_uop_rename_ppred_addr = getelementptr i8 %state_issue_alu_iq_entries_uop_rename_ppred, i64 0, i64 %zext_ln86" [/home/lab_726/boom/hls_boom/include/boom_state.hpp:86->/home/lab_726/boom/hls_boom/include/boom_state.hpp:101->/home/lab_726/boom/hls_boom/include/boom_state.hpp:255->/home/lab_726/boom/hls_boom/src/boom_core_merged.cpp:2884]   --->   Operation 405 'getelementptr' 'state_issue_alu_iq_entries_uop_rename_ppred_addr' <Predicate = (!icmp_ln86)> <Delay = 0.00>
ST_6 : Operation 406 [1/1] (0.67ns)   --->   "%store_ln86 = store i8 0, i3 %state_issue_alu_iq_entries_uop_rename_ppred_addr" [/home/lab_726/boom/hls_boom/include/boom_state.hpp:86->/home/lab_726/boom/hls_boom/include/boom_state.hpp:101->/home/lab_726/boom/hls_boom/include/boom_state.hpp:255->/home/lab_726/boom/hls_boom/src/boom_core_merged.cpp:2884]   --->   Operation 406 'store' 'store_ln86' <Predicate = (!icmp_ln86)> <Delay = 0.67> <CoreInst = "RAM">   --->   Core 83 'RAM' <Latency = 1> <II = 1> <Delay = 0.67> <Storage> <Opcode : 'load' 'store'> <Ports = 2> <Width = 8> <Depth = 8> <RAM>
ST_6 : Operation 407 [1/1] (0.00ns)   --->   "%state_issue_alu_iq_entries_uop_rename_prs1_busy_addr = getelementptr i1 %state_issue_alu_iq_entries_uop_rename_prs1_busy, i64 0, i64 %zext_ln86" [/home/lab_726/boom/hls_boom/include/boom_state.hpp:86->/home/lab_726/boom/hls_boom/include/boom_state.hpp:101->/home/lab_726/boom/hls_boom/include/boom_state.hpp:255->/home/lab_726/boom/hls_boom/src/boom_core_merged.cpp:2884]   --->   Operation 407 'getelementptr' 'state_issue_alu_iq_entries_uop_rename_prs1_busy_addr' <Predicate = (!icmp_ln86)> <Delay = 0.00>
ST_6 : Operation 408 [1/1] (0.67ns)   --->   "%store_ln86 = store i1 0, i3 %state_issue_alu_iq_entries_uop_rename_prs1_busy_addr" [/home/lab_726/boom/hls_boom/include/boom_state.hpp:86->/home/lab_726/boom/hls_boom/include/boom_state.hpp:101->/home/lab_726/boom/hls_boom/include/boom_state.hpp:255->/home/lab_726/boom/hls_boom/src/boom_core_merged.cpp:2884]   --->   Operation 408 'store' 'store_ln86' <Predicate = (!icmp_ln86)> <Delay = 0.67> <CoreInst = "RAM">   --->   Core 83 'RAM' <Latency = 1> <II = 1> <Delay = 0.67> <Storage> <Opcode : 'load' 'store'> <Ports = 2> <Width = 1> <Depth = 8> <RAM>
ST_6 : Operation 409 [1/1] (0.00ns)   --->   "%state_issue_alu_iq_entries_uop_rename_prs2_busy_addr = getelementptr i1 %state_issue_alu_iq_entries_uop_rename_prs2_busy, i64 0, i64 %zext_ln86" [/home/lab_726/boom/hls_boom/include/boom_state.hpp:86->/home/lab_726/boom/hls_boom/include/boom_state.hpp:101->/home/lab_726/boom/hls_boom/include/boom_state.hpp:255->/home/lab_726/boom/hls_boom/src/boom_core_merged.cpp:2884]   --->   Operation 409 'getelementptr' 'state_issue_alu_iq_entries_uop_rename_prs2_busy_addr' <Predicate = (!icmp_ln86)> <Delay = 0.00>
ST_6 : Operation 410 [1/1] (0.67ns)   --->   "%store_ln86 = store i1 0, i3 %state_issue_alu_iq_entries_uop_rename_prs2_busy_addr" [/home/lab_726/boom/hls_boom/include/boom_state.hpp:86->/home/lab_726/boom/hls_boom/include/boom_state.hpp:101->/home/lab_726/boom/hls_boom/include/boom_state.hpp:255->/home/lab_726/boom/hls_boom/src/boom_core_merged.cpp:2884]   --->   Operation 410 'store' 'store_ln86' <Predicate = (!icmp_ln86)> <Delay = 0.67> <CoreInst = "RAM">   --->   Core 83 'RAM' <Latency = 1> <II = 1> <Delay = 0.67> <Storage> <Opcode : 'load' 'store'> <Ports = 2> <Width = 1> <Depth = 8> <RAM>
ST_6 : Operation 411 [1/1] (0.00ns)   --->   "%state_issue_alu_iq_entries_uop_rename_prs3_busy_addr = getelementptr i1 %state_issue_alu_iq_entries_uop_rename_prs3_busy, i64 0, i64 %zext_ln86" [/home/lab_726/boom/hls_boom/include/boom_state.hpp:86->/home/lab_726/boom/hls_boom/include/boom_state.hpp:101->/home/lab_726/boom/hls_boom/include/boom_state.hpp:255->/home/lab_726/boom/hls_boom/src/boom_core_merged.cpp:2884]   --->   Operation 411 'getelementptr' 'state_issue_alu_iq_entries_uop_rename_prs3_busy_addr' <Predicate = (!icmp_ln86)> <Delay = 0.00>
ST_6 : Operation 412 [1/1] (0.67ns)   --->   "%store_ln86 = store i1 0, i3 %state_issue_alu_iq_entries_uop_rename_prs3_busy_addr" [/home/lab_726/boom/hls_boom/include/boom_state.hpp:86->/home/lab_726/boom/hls_boom/include/boom_state.hpp:101->/home/lab_726/boom/hls_boom/include/boom_state.hpp:255->/home/lab_726/boom/hls_boom/src/boom_core_merged.cpp:2884]   --->   Operation 412 'store' 'store_ln86' <Predicate = (!icmp_ln86)> <Delay = 0.67> <CoreInst = "RAM">   --->   Core 83 'RAM' <Latency = 1> <II = 1> <Delay = 0.67> <Storage> <Opcode : 'load' 'store'> <Ports = 2> <Width = 1> <Depth = 8> <RAM>
ST_6 : Operation 413 [1/1] (0.00ns)   --->   "%state_issue_alu_iq_entries_uop_rename_ppred_busy_addr = getelementptr i1 %state_issue_alu_iq_entries_uop_rename_ppred_busy, i64 0, i64 %zext_ln86" [/home/lab_726/boom/hls_boom/include/boom_state.hpp:86->/home/lab_726/boom/hls_boom/include/boom_state.hpp:101->/home/lab_726/boom/hls_boom/include/boom_state.hpp:255->/home/lab_726/boom/hls_boom/src/boom_core_merged.cpp:2884]   --->   Operation 413 'getelementptr' 'state_issue_alu_iq_entries_uop_rename_ppred_busy_addr' <Predicate = (!icmp_ln86)> <Delay = 0.00>
ST_6 : Operation 414 [1/1] (0.67ns)   --->   "%store_ln86 = store i1 0, i3 %state_issue_alu_iq_entries_uop_rename_ppred_busy_addr" [/home/lab_726/boom/hls_boom/include/boom_state.hpp:86->/home/lab_726/boom/hls_boom/include/boom_state.hpp:101->/home/lab_726/boom/hls_boom/include/boom_state.hpp:255->/home/lab_726/boom/hls_boom/src/boom_core_merged.cpp:2884]   --->   Operation 414 'store' 'store_ln86' <Predicate = (!icmp_ln86)> <Delay = 0.67> <CoreInst = "RAM">   --->   Core 83 'RAM' <Latency = 1> <II = 1> <Delay = 0.67> <Storage> <Opcode : 'load' 'store'> <Ports = 2> <Width = 1> <Depth = 8> <RAM>
ST_6 : Operation 415 [1/1] (0.00ns)   --->   "%state_issue_alu_iq_entries_uop_rename_stale_pdst_addr = getelementptr i8 %state_issue_alu_iq_entries_uop_rename_stale_pdst, i64 0, i64 %zext_ln86" [/home/lab_726/boom/hls_boom/include/boom_state.hpp:86->/home/lab_726/boom/hls_boom/include/boom_state.hpp:101->/home/lab_726/boom/hls_boom/include/boom_state.hpp:255->/home/lab_726/boom/hls_boom/src/boom_core_merged.cpp:2884]   --->   Operation 415 'getelementptr' 'state_issue_alu_iq_entries_uop_rename_stale_pdst_addr' <Predicate = (!icmp_ln86)> <Delay = 0.00>
ST_6 : Operation 416 [1/1] (0.67ns)   --->   "%store_ln86 = store i8 0, i3 %state_issue_alu_iq_entries_uop_rename_stale_pdst_addr" [/home/lab_726/boom/hls_boom/include/boom_state.hpp:86->/home/lab_726/boom/hls_boom/include/boom_state.hpp:101->/home/lab_726/boom/hls_boom/include/boom_state.hpp:255->/home/lab_726/boom/hls_boom/src/boom_core_merged.cpp:2884]   --->   Operation 416 'store' 'store_ln86' <Predicate = (!icmp_ln86)> <Delay = 0.67> <CoreInst = "RAM">   --->   Core 83 'RAM' <Latency = 1> <II = 1> <Delay = 0.67> <Storage> <Opcode : 'load' 'store'> <Ports = 2> <Width = 8> <Depth = 8> <RAM>
ST_6 : Operation 417 [1/1] (0.00ns)   --->   "%state_issue_alu_iq_entries_uop_rename_dst_rtype_addr = getelementptr i8 %state_issue_alu_iq_entries_uop_rename_dst_rtype, i64 0, i64 %zext_ln86" [/home/lab_726/boom/hls_boom/include/boom_state.hpp:86->/home/lab_726/boom/hls_boom/include/boom_state.hpp:101->/home/lab_726/boom/hls_boom/include/boom_state.hpp:255->/home/lab_726/boom/hls_boom/src/boom_core_merged.cpp:2884]   --->   Operation 417 'getelementptr' 'state_issue_alu_iq_entries_uop_rename_dst_rtype_addr' <Predicate = (!icmp_ln86)> <Delay = 0.00>
ST_6 : Operation 418 [1/1] (0.67ns)   --->   "%store_ln86 = store i8 0, i3 %state_issue_alu_iq_entries_uop_rename_dst_rtype_addr" [/home/lab_726/boom/hls_boom/include/boom_state.hpp:86->/home/lab_726/boom/hls_boom/include/boom_state.hpp:101->/home/lab_726/boom/hls_boom/include/boom_state.hpp:255->/home/lab_726/boom/hls_boom/src/boom_core_merged.cpp:2884]   --->   Operation 418 'store' 'store_ln86' <Predicate = (!icmp_ln86)> <Delay = 0.67> <CoreInst = "RAM">   --->   Core 83 'RAM' <Latency = 1> <II = 1> <Delay = 0.67> <Storage> <Opcode : 'load' 'store'> <Ports = 2> <Width = 8> <Depth = 8> <RAM>
ST_6 : Operation 419 [1/1] (0.00ns)   --->   "%state_issue_alu_iq_entries_uop_rename_lrs1_rtype_addr = getelementptr i8 %state_issue_alu_iq_entries_uop_rename_lrs1_rtype, i64 0, i64 %zext_ln86" [/home/lab_726/boom/hls_boom/include/boom_state.hpp:86->/home/lab_726/boom/hls_boom/include/boom_state.hpp:101->/home/lab_726/boom/hls_boom/include/boom_state.hpp:255->/home/lab_726/boom/hls_boom/src/boom_core_merged.cpp:2884]   --->   Operation 419 'getelementptr' 'state_issue_alu_iq_entries_uop_rename_lrs1_rtype_addr' <Predicate = (!icmp_ln86)> <Delay = 0.00>
ST_6 : Operation 420 [1/1] (0.67ns)   --->   "%store_ln86 = store i8 0, i3 %state_issue_alu_iq_entries_uop_rename_lrs1_rtype_addr" [/home/lab_726/boom/hls_boom/include/boom_state.hpp:86->/home/lab_726/boom/hls_boom/include/boom_state.hpp:101->/home/lab_726/boom/hls_boom/include/boom_state.hpp:255->/home/lab_726/boom/hls_boom/src/boom_core_merged.cpp:2884]   --->   Operation 420 'store' 'store_ln86' <Predicate = (!icmp_ln86)> <Delay = 0.67> <CoreInst = "RAM">   --->   Core 83 'RAM' <Latency = 1> <II = 1> <Delay = 0.67> <Storage> <Opcode : 'load' 'store'> <Ports = 2> <Width = 8> <Depth = 8> <RAM>
ST_6 : Operation 421 [1/1] (0.00ns)   --->   "%state_issue_alu_iq_entries_uop_rename_lrs2_rtype_addr = getelementptr i8 %state_issue_alu_iq_entries_uop_rename_lrs2_rtype, i64 0, i64 %zext_ln86" [/home/lab_726/boom/hls_boom/include/boom_state.hpp:86->/home/lab_726/boom/hls_boom/include/boom_state.hpp:101->/home/lab_726/boom/hls_boom/include/boom_state.hpp:255->/home/lab_726/boom/hls_boom/src/boom_core_merged.cpp:2884]   --->   Operation 421 'getelementptr' 'state_issue_alu_iq_entries_uop_rename_lrs2_rtype_addr' <Predicate = (!icmp_ln86)> <Delay = 0.00>
ST_6 : Operation 422 [1/1] (0.67ns)   --->   "%store_ln86 = store i8 0, i3 %state_issue_alu_iq_entries_uop_rename_lrs2_rtype_addr" [/home/lab_726/boom/hls_boom/include/boom_state.hpp:86->/home/lab_726/boom/hls_boom/include/boom_state.hpp:101->/home/lab_726/boom/hls_boom/include/boom_state.hpp:255->/home/lab_726/boom/hls_boom/src/boom_core_merged.cpp:2884]   --->   Operation 422 'store' 'store_ln86' <Predicate = (!icmp_ln86)> <Delay = 0.67> <CoreInst = "RAM">   --->   Core 83 'RAM' <Latency = 1> <II = 1> <Delay = 0.67> <Storage> <Opcode : 'load' 'store'> <Ports = 2> <Width = 8> <Depth = 8> <RAM>
ST_6 : Operation 423 [1/1] (0.00ns)   --->   "%state_issue_alu_iq_entries_uop_rename_frs3_en_addr = getelementptr i1 %state_issue_alu_iq_entries_uop_rename_frs3_en, i64 0, i64 %zext_ln86" [/home/lab_726/boom/hls_boom/include/boom_state.hpp:86->/home/lab_726/boom/hls_boom/include/boom_state.hpp:101->/home/lab_726/boom/hls_boom/include/boom_state.hpp:255->/home/lab_726/boom/hls_boom/src/boom_core_merged.cpp:2884]   --->   Operation 423 'getelementptr' 'state_issue_alu_iq_entries_uop_rename_frs3_en_addr' <Predicate = (!icmp_ln86)> <Delay = 0.00>
ST_6 : Operation 424 [1/1] (0.67ns)   --->   "%store_ln86 = store i1 0, i3 %state_issue_alu_iq_entries_uop_rename_frs3_en_addr" [/home/lab_726/boom/hls_boom/include/boom_state.hpp:86->/home/lab_726/boom/hls_boom/include/boom_state.hpp:101->/home/lab_726/boom/hls_boom/include/boom_state.hpp:255->/home/lab_726/boom/hls_boom/src/boom_core_merged.cpp:2884]   --->   Operation 424 'store' 'store_ln86' <Predicate = (!icmp_ln86)> <Delay = 0.67> <CoreInst = "RAM">   --->   Core 83 'RAM' <Latency = 1> <II = 1> <Delay = 0.67> <Storage> <Opcode : 'load' 'store'> <Ports = 2> <Width = 1> <Depth = 8> <RAM>
ST_6 : Operation 425 [1/1] (0.00ns)   --->   "%state_issue_alu_iq_entries_uop_rename_fp_val_addr = getelementptr i1 %state_issue_alu_iq_entries_uop_rename_fp_val, i64 0, i64 %zext_ln86" [/home/lab_726/boom/hls_boom/include/boom_state.hpp:86->/home/lab_726/boom/hls_boom/include/boom_state.hpp:101->/home/lab_726/boom/hls_boom/include/boom_state.hpp:255->/home/lab_726/boom/hls_boom/src/boom_core_merged.cpp:2884]   --->   Operation 425 'getelementptr' 'state_issue_alu_iq_entries_uop_rename_fp_val_addr' <Predicate = (!icmp_ln86)> <Delay = 0.00>
ST_6 : Operation 426 [1/1] (0.67ns)   --->   "%store_ln86 = store i1 0, i3 %state_issue_alu_iq_entries_uop_rename_fp_val_addr" [/home/lab_726/boom/hls_boom/include/boom_state.hpp:86->/home/lab_726/boom/hls_boom/include/boom_state.hpp:101->/home/lab_726/boom/hls_boom/include/boom_state.hpp:255->/home/lab_726/boom/hls_boom/src/boom_core_merged.cpp:2884]   --->   Operation 426 'store' 'store_ln86' <Predicate = (!icmp_ln86)> <Delay = 0.67> <CoreInst = "RAM">   --->   Core 83 'RAM' <Latency = 1> <II = 1> <Delay = 0.67> <Storage> <Opcode : 'load' 'store'> <Ports = 2> <Width = 1> <Depth = 8> <RAM>
ST_6 : Operation 427 [1/1] (0.00ns)   --->   "%state_issue_alu_iq_entries_uop_rename_fp_single_addr = getelementptr i1 %state_issue_alu_iq_entries_uop_rename_fp_single, i64 0, i64 %zext_ln86" [/home/lab_726/boom/hls_boom/include/boom_state.hpp:86->/home/lab_726/boom/hls_boom/include/boom_state.hpp:101->/home/lab_726/boom/hls_boom/include/boom_state.hpp:255->/home/lab_726/boom/hls_boom/src/boom_core_merged.cpp:2884]   --->   Operation 427 'getelementptr' 'state_issue_alu_iq_entries_uop_rename_fp_single_addr' <Predicate = (!icmp_ln86)> <Delay = 0.00>
ST_6 : Operation 428 [1/1] (0.67ns)   --->   "%store_ln86 = store i1 0, i3 %state_issue_alu_iq_entries_uop_rename_fp_single_addr" [/home/lab_726/boom/hls_boom/include/boom_state.hpp:86->/home/lab_726/boom/hls_boom/include/boom_state.hpp:101->/home/lab_726/boom/hls_boom/include/boom_state.hpp:255->/home/lab_726/boom/hls_boom/src/boom_core_merged.cpp:2884]   --->   Operation 428 'store' 'store_ln86' <Predicate = (!icmp_ln86)> <Delay = 0.67> <CoreInst = "RAM">   --->   Core 83 'RAM' <Latency = 1> <II = 1> <Delay = 0.67> <Storage> <Opcode : 'load' 'store'> <Ports = 2> <Width = 1> <Depth = 8> <RAM>
ST_6 : Operation 429 [1/1] (0.00ns)   --->   "%state_issue_alu_iq_entries_uop_exception_addr = getelementptr i1 %state_issue_alu_iq_entries_uop_exception, i64 0, i64 %zext_ln86" [/home/lab_726/boom/hls_boom/include/boom_state.hpp:86->/home/lab_726/boom/hls_boom/include/boom_state.hpp:101->/home/lab_726/boom/hls_boom/include/boom_state.hpp:255->/home/lab_726/boom/hls_boom/src/boom_core_merged.cpp:2884]   --->   Operation 429 'getelementptr' 'state_issue_alu_iq_entries_uop_exception_addr' <Predicate = (!icmp_ln86)> <Delay = 0.00>
ST_6 : Operation 430 [1/1] (0.67ns)   --->   "%store_ln86 = store i1 0, i3 %state_issue_alu_iq_entries_uop_exception_addr" [/home/lab_726/boom/hls_boom/include/boom_state.hpp:86->/home/lab_726/boom/hls_boom/include/boom_state.hpp:101->/home/lab_726/boom/hls_boom/include/boom_state.hpp:255->/home/lab_726/boom/hls_boom/src/boom_core_merged.cpp:2884]   --->   Operation 430 'store' 'store_ln86' <Predicate = (!icmp_ln86)> <Delay = 0.67> <CoreInst = "RAM">   --->   Core 83 'RAM' <Latency = 1> <II = 1> <Delay = 0.67> <Storage> <Opcode : 'load' 'store'> <Ports = 2> <Width = 1> <Depth = 8> <RAM>
ST_6 : Operation 431 [1/1] (0.00ns)   --->   "%state_issue_alu_iq_entries_uop_exc_cause_addr = getelementptr i64 %state_issue_alu_iq_entries_uop_exc_cause, i64 0, i64 %zext_ln86" [/home/lab_726/boom/hls_boom/include/boom_state.hpp:86->/home/lab_726/boom/hls_boom/include/boom_state.hpp:101->/home/lab_726/boom/hls_boom/include/boom_state.hpp:255->/home/lab_726/boom/hls_boom/src/boom_core_merged.cpp:2884]   --->   Operation 431 'getelementptr' 'state_issue_alu_iq_entries_uop_exc_cause_addr' <Predicate = (!icmp_ln86)> <Delay = 0.00>
ST_6 : Operation 432 [1/1] (0.67ns)   --->   "%store_ln86 = store i64 0, i3 %state_issue_alu_iq_entries_uop_exc_cause_addr" [/home/lab_726/boom/hls_boom/include/boom_state.hpp:86->/home/lab_726/boom/hls_boom/include/boom_state.hpp:101->/home/lab_726/boom/hls_boom/include/boom_state.hpp:255->/home/lab_726/boom/hls_boom/src/boom_core_merged.cpp:2884]   --->   Operation 432 'store' 'store_ln86' <Predicate = (!icmp_ln86)> <Delay = 0.67> <CoreInst = "RAM">   --->   Core 83 'RAM' <Latency = 1> <II = 1> <Delay = 0.67> <Storage> <Opcode : 'load' 'store'> <Ports = 2> <Width = 64> <Depth = 8> <RAM>
ST_6 : Operation 433 [1/1] (0.00ns)   --->   "%state_issue_alu_iq_entries_uop_bypassable_addr = getelementptr i1 %state_issue_alu_iq_entries_uop_bypassable, i64 0, i64 %zext_ln86" [/home/lab_726/boom/hls_boom/include/boom_state.hpp:86->/home/lab_726/boom/hls_boom/include/boom_state.hpp:101->/home/lab_726/boom/hls_boom/include/boom_state.hpp:255->/home/lab_726/boom/hls_boom/src/boom_core_merged.cpp:2884]   --->   Operation 433 'getelementptr' 'state_issue_alu_iq_entries_uop_bypassable_addr' <Predicate = (!icmp_ln86)> <Delay = 0.00>
ST_6 : Operation 434 [1/1] (0.67ns)   --->   "%store_ln86 = store i1 0, i3 %state_issue_alu_iq_entries_uop_bypassable_addr" [/home/lab_726/boom/hls_boom/include/boom_state.hpp:86->/home/lab_726/boom/hls_boom/include/boom_state.hpp:101->/home/lab_726/boom/hls_boom/include/boom_state.hpp:255->/home/lab_726/boom/hls_boom/src/boom_core_merged.cpp:2884]   --->   Operation 434 'store' 'store_ln86' <Predicate = (!icmp_ln86)> <Delay = 0.67> <CoreInst = "RAM">   --->   Core 83 'RAM' <Latency = 1> <II = 1> <Delay = 0.67> <Storage> <Opcode : 'load' 'store'> <Ports = 2> <Width = 1> <Depth = 8> <RAM>
ST_6 : Operation 435 [1/1] (0.00ns)   --->   "%state_issue_alu_iq_entries_uop_mem_mem_cmd_addr = getelementptr i8 %state_issue_alu_iq_entries_uop_mem_mem_cmd, i64 0, i64 %zext_ln86" [/home/lab_726/boom/hls_boom/include/boom_state.hpp:86->/home/lab_726/boom/hls_boom/include/boom_state.hpp:101->/home/lab_726/boom/hls_boom/include/boom_state.hpp:255->/home/lab_726/boom/hls_boom/src/boom_core_merged.cpp:2884]   --->   Operation 435 'getelementptr' 'state_issue_alu_iq_entries_uop_mem_mem_cmd_addr' <Predicate = (!icmp_ln86)> <Delay = 0.00>
ST_6 : Operation 436 [1/1] (0.67ns)   --->   "%store_ln86 = store i8 0, i3 %state_issue_alu_iq_entries_uop_mem_mem_cmd_addr" [/home/lab_726/boom/hls_boom/include/boom_state.hpp:86->/home/lab_726/boom/hls_boom/include/boom_state.hpp:101->/home/lab_726/boom/hls_boom/include/boom_state.hpp:255->/home/lab_726/boom/hls_boom/src/boom_core_merged.cpp:2884]   --->   Operation 436 'store' 'store_ln86' <Predicate = (!icmp_ln86)> <Delay = 0.67> <CoreInst = "RAM">   --->   Core 83 'RAM' <Latency = 1> <II = 1> <Delay = 0.67> <Storage> <Opcode : 'load' 'store'> <Ports = 2> <Width = 8> <Depth = 8> <RAM>
ST_6 : Operation 437 [1/1] (0.00ns)   --->   "%state_issue_alu_iq_entries_uop_mem_mem_size_addr = getelementptr i8 %state_issue_alu_iq_entries_uop_mem_mem_size, i64 0, i64 %zext_ln86" [/home/lab_726/boom/hls_boom/include/boom_state.hpp:86->/home/lab_726/boom/hls_boom/include/boom_state.hpp:101->/home/lab_726/boom/hls_boom/include/boom_state.hpp:255->/home/lab_726/boom/hls_boom/src/boom_core_merged.cpp:2884]   --->   Operation 437 'getelementptr' 'state_issue_alu_iq_entries_uop_mem_mem_size_addr' <Predicate = (!icmp_ln86)> <Delay = 0.00>
ST_6 : Operation 438 [1/1] (0.67ns)   --->   "%store_ln86 = store i8 0, i3 %state_issue_alu_iq_entries_uop_mem_mem_size_addr" [/home/lab_726/boom/hls_boom/include/boom_state.hpp:86->/home/lab_726/boom/hls_boom/include/boom_state.hpp:101->/home/lab_726/boom/hls_boom/include/boom_state.hpp:255->/home/lab_726/boom/hls_boom/src/boom_core_merged.cpp:2884]   --->   Operation 438 'store' 'store_ln86' <Predicate = (!icmp_ln86)> <Delay = 0.67> <CoreInst = "RAM">   --->   Core 83 'RAM' <Latency = 1> <II = 1> <Delay = 0.67> <Storage> <Opcode : 'load' 'store'> <Ports = 2> <Width = 8> <Depth = 8> <RAM>
ST_6 : Operation 439 [1/1] (0.00ns)   --->   "%state_issue_alu_iq_entries_uop_mem_mem_signed_addr = getelementptr i1 %state_issue_alu_iq_entries_uop_mem_mem_signed, i64 0, i64 %zext_ln86" [/home/lab_726/boom/hls_boom/include/boom_state.hpp:86->/home/lab_726/boom/hls_boom/include/boom_state.hpp:101->/home/lab_726/boom/hls_boom/include/boom_state.hpp:255->/home/lab_726/boom/hls_boom/src/boom_core_merged.cpp:2884]   --->   Operation 439 'getelementptr' 'state_issue_alu_iq_entries_uop_mem_mem_signed_addr' <Predicate = (!icmp_ln86)> <Delay = 0.00>
ST_6 : Operation 440 [1/1] (0.67ns)   --->   "%store_ln86 = store i1 0, i3 %state_issue_alu_iq_entries_uop_mem_mem_signed_addr" [/home/lab_726/boom/hls_boom/include/boom_state.hpp:86->/home/lab_726/boom/hls_boom/include/boom_state.hpp:101->/home/lab_726/boom/hls_boom/include/boom_state.hpp:255->/home/lab_726/boom/hls_boom/src/boom_core_merged.cpp:2884]   --->   Operation 440 'store' 'store_ln86' <Predicate = (!icmp_ln86)> <Delay = 0.67> <CoreInst = "RAM">   --->   Core 83 'RAM' <Latency = 1> <II = 1> <Delay = 0.67> <Storage> <Opcode : 'load' 'store'> <Ports = 2> <Width = 1> <Depth = 8> <RAM>
ST_6 : Operation 441 [1/1] (0.00ns)   --->   "%state_issue_alu_iq_entries_uop_mem_is_fence_addr = getelementptr i1 %state_issue_alu_iq_entries_uop_mem_is_fence, i64 0, i64 %zext_ln86" [/home/lab_726/boom/hls_boom/include/boom_state.hpp:86->/home/lab_726/boom/hls_boom/include/boom_state.hpp:101->/home/lab_726/boom/hls_boom/include/boom_state.hpp:255->/home/lab_726/boom/hls_boom/src/boom_core_merged.cpp:2884]   --->   Operation 441 'getelementptr' 'state_issue_alu_iq_entries_uop_mem_is_fence_addr' <Predicate = (!icmp_ln86)> <Delay = 0.00>
ST_6 : Operation 442 [1/1] (0.67ns)   --->   "%store_ln86 = store i1 0, i3 %state_issue_alu_iq_entries_uop_mem_is_fence_addr" [/home/lab_726/boom/hls_boom/include/boom_state.hpp:86->/home/lab_726/boom/hls_boom/include/boom_state.hpp:101->/home/lab_726/boom/hls_boom/include/boom_state.hpp:255->/home/lab_726/boom/hls_boom/src/boom_core_merged.cpp:2884]   --->   Operation 442 'store' 'store_ln86' <Predicate = (!icmp_ln86)> <Delay = 0.67> <CoreInst = "RAM">   --->   Core 83 'RAM' <Latency = 1> <II = 1> <Delay = 0.67> <Storage> <Opcode : 'load' 'store'> <Ports = 2> <Width = 1> <Depth = 8> <RAM>
ST_6 : Operation 443 [1/1] (0.00ns)   --->   "%state_issue_alu_iq_entries_uop_mem_is_fencei_addr = getelementptr i1 %state_issue_alu_iq_entries_uop_mem_is_fencei, i64 0, i64 %zext_ln86" [/home/lab_726/boom/hls_boom/include/boom_state.hpp:86->/home/lab_726/boom/hls_boom/include/boom_state.hpp:101->/home/lab_726/boom/hls_boom/include/boom_state.hpp:255->/home/lab_726/boom/hls_boom/src/boom_core_merged.cpp:2884]   --->   Operation 443 'getelementptr' 'state_issue_alu_iq_entries_uop_mem_is_fencei_addr' <Predicate = (!icmp_ln86)> <Delay = 0.00>
ST_6 : Operation 444 [1/1] (0.67ns)   --->   "%store_ln86 = store i1 0, i3 %state_issue_alu_iq_entries_uop_mem_is_fencei_addr" [/home/lab_726/boom/hls_boom/include/boom_state.hpp:86->/home/lab_726/boom/hls_boom/include/boom_state.hpp:101->/home/lab_726/boom/hls_boom/include/boom_state.hpp:255->/home/lab_726/boom/hls_boom/src/boom_core_merged.cpp:2884]   --->   Operation 444 'store' 'store_ln86' <Predicate = (!icmp_ln86)> <Delay = 0.67> <CoreInst = "RAM">   --->   Core 83 'RAM' <Latency = 1> <II = 1> <Delay = 0.67> <Storage> <Opcode : 'load' 'store'> <Ports = 2> <Width = 1> <Depth = 8> <RAM>
ST_6 : Operation 445 [1/1] (0.00ns)   --->   "%state_issue_alu_iq_entries_uop_mem_is_amo_addr = getelementptr i1 %state_issue_alu_iq_entries_uop_mem_is_amo, i64 0, i64 %zext_ln86" [/home/lab_726/boom/hls_boom/include/boom_state.hpp:86->/home/lab_726/boom/hls_boom/include/boom_state.hpp:101->/home/lab_726/boom/hls_boom/include/boom_state.hpp:255->/home/lab_726/boom/hls_boom/src/boom_core_merged.cpp:2884]   --->   Operation 445 'getelementptr' 'state_issue_alu_iq_entries_uop_mem_is_amo_addr' <Predicate = (!icmp_ln86)> <Delay = 0.00>
ST_6 : Operation 446 [1/1] (0.67ns)   --->   "%store_ln86 = store i1 0, i3 %state_issue_alu_iq_entries_uop_mem_is_amo_addr" [/home/lab_726/boom/hls_boom/include/boom_state.hpp:86->/home/lab_726/boom/hls_boom/include/boom_state.hpp:101->/home/lab_726/boom/hls_boom/include/boom_state.hpp:255->/home/lab_726/boom/hls_boom/src/boom_core_merged.cpp:2884]   --->   Operation 446 'store' 'store_ln86' <Predicate = (!icmp_ln86)> <Delay = 0.67> <CoreInst = "RAM">   --->   Core 83 'RAM' <Latency = 1> <II = 1> <Delay = 0.67> <Storage> <Opcode : 'load' 'store'> <Ports = 2> <Width = 1> <Depth = 8> <RAM>
ST_6 : Operation 447 [1/1] (0.00ns)   --->   "%state_issue_alu_iq_entries_uop_mem_uses_ldq_addr = getelementptr i1 %state_issue_alu_iq_entries_uop_mem_uses_ldq, i64 0, i64 %zext_ln86" [/home/lab_726/boom/hls_boom/include/boom_state.hpp:86->/home/lab_726/boom/hls_boom/include/boom_state.hpp:101->/home/lab_726/boom/hls_boom/include/boom_state.hpp:255->/home/lab_726/boom/hls_boom/src/boom_core_merged.cpp:2884]   --->   Operation 447 'getelementptr' 'state_issue_alu_iq_entries_uop_mem_uses_ldq_addr' <Predicate = (!icmp_ln86)> <Delay = 0.00>
ST_6 : Operation 448 [1/1] (0.67ns)   --->   "%store_ln86 = store i1 0, i3 %state_issue_alu_iq_entries_uop_mem_uses_ldq_addr" [/home/lab_726/boom/hls_boom/include/boom_state.hpp:86->/home/lab_726/boom/hls_boom/include/boom_state.hpp:101->/home/lab_726/boom/hls_boom/include/boom_state.hpp:255->/home/lab_726/boom/hls_boom/src/boom_core_merged.cpp:2884]   --->   Operation 448 'store' 'store_ln86' <Predicate = (!icmp_ln86)> <Delay = 0.67> <CoreInst = "RAM">   --->   Core 83 'RAM' <Latency = 1> <II = 1> <Delay = 0.67> <Storage> <Opcode : 'load' 'store'> <Ports = 2> <Width = 1> <Depth = 8> <RAM>
ST_6 : Operation 449 [1/1] (0.00ns)   --->   "%state_issue_alu_iq_entries_uop_mem_uses_stq_addr = getelementptr i1 %state_issue_alu_iq_entries_uop_mem_uses_stq, i64 0, i64 %zext_ln86" [/home/lab_726/boom/hls_boom/include/boom_state.hpp:86->/home/lab_726/boom/hls_boom/include/boom_state.hpp:101->/home/lab_726/boom/hls_boom/include/boom_state.hpp:255->/home/lab_726/boom/hls_boom/src/boom_core_merged.cpp:2884]   --->   Operation 449 'getelementptr' 'state_issue_alu_iq_entries_uop_mem_uses_stq_addr' <Predicate = (!icmp_ln86)> <Delay = 0.00>
ST_6 : Operation 450 [1/1] (0.67ns)   --->   "%store_ln86 = store i1 0, i3 %state_issue_alu_iq_entries_uop_mem_uses_stq_addr" [/home/lab_726/boom/hls_boom/include/boom_state.hpp:86->/home/lab_726/boom/hls_boom/include/boom_state.hpp:101->/home/lab_726/boom/hls_boom/include/boom_state.hpp:255->/home/lab_726/boom/hls_boom/src/boom_core_merged.cpp:2884]   --->   Operation 450 'store' 'store_ln86' <Predicate = (!icmp_ln86)> <Delay = 0.67> <CoreInst = "RAM">   --->   Core 83 'RAM' <Latency = 1> <II = 1> <Delay = 0.67> <Storage> <Opcode : 'load' 'store'> <Ports = 2> <Width = 1> <Depth = 8> <RAM>
ST_6 : Operation 451 [1/1] (0.00ns)   --->   "%state_issue_alu_iq_entries_uop_mem_ldst_is_rs1_addr = getelementptr i1 %state_issue_alu_iq_entries_uop_mem_ldst_is_rs1, i64 0, i64 %zext_ln86" [/home/lab_726/boom/hls_boom/include/boom_state.hpp:86->/home/lab_726/boom/hls_boom/include/boom_state.hpp:101->/home/lab_726/boom/hls_boom/include/boom_state.hpp:255->/home/lab_726/boom/hls_boom/src/boom_core_merged.cpp:2884]   --->   Operation 451 'getelementptr' 'state_issue_alu_iq_entries_uop_mem_ldst_is_rs1_addr' <Predicate = (!icmp_ln86)> <Delay = 0.00>
ST_6 : Operation 452 [1/1] (0.67ns)   --->   "%store_ln86 = store i1 0, i3 %state_issue_alu_iq_entries_uop_mem_ldst_is_rs1_addr" [/home/lab_726/boom/hls_boom/include/boom_state.hpp:86->/home/lab_726/boom/hls_boom/include/boom_state.hpp:101->/home/lab_726/boom/hls_boom/include/boom_state.hpp:255->/home/lab_726/boom/hls_boom/src/boom_core_merged.cpp:2884]   --->   Operation 452 'store' 'store_ln86' <Predicate = (!icmp_ln86)> <Delay = 0.67> <CoreInst = "RAM">   --->   Core 83 'RAM' <Latency = 1> <II = 1> <Delay = 0.67> <Storage> <Opcode : 'load' 'store'> <Ports = 2> <Width = 1> <Depth = 8> <RAM>
ST_6 : Operation 453 [1/1] (0.00ns)   --->   "%state_issue_alu_iq_entries_uop_mem_ldst_val_addr = getelementptr i1 %state_issue_alu_iq_entries_uop_mem_ldst_val, i64 0, i64 %zext_ln86" [/home/lab_726/boom/hls_boom/include/boom_state.hpp:86->/home/lab_726/boom/hls_boom/include/boom_state.hpp:101->/home/lab_726/boom/hls_boom/include/boom_state.hpp:255->/home/lab_726/boom/hls_boom/src/boom_core_merged.cpp:2884]   --->   Operation 453 'getelementptr' 'state_issue_alu_iq_entries_uop_mem_ldst_val_addr' <Predicate = (!icmp_ln86)> <Delay = 0.00>
ST_6 : Operation 454 [1/1] (0.67ns)   --->   "%store_ln86 = store i1 0, i3 %state_issue_alu_iq_entries_uop_mem_ldst_val_addr" [/home/lab_726/boom/hls_boom/include/boom_state.hpp:86->/home/lab_726/boom/hls_boom/include/boom_state.hpp:101->/home/lab_726/boom/hls_boom/include/boom_state.hpp:255->/home/lab_726/boom/hls_boom/src/boom_core_merged.cpp:2884]   --->   Operation 454 'store' 'store_ln86' <Predicate = (!icmp_ln86)> <Delay = 0.67> <CoreInst = "RAM">   --->   Core 83 'RAM' <Latency = 1> <II = 1> <Delay = 0.67> <Storage> <Opcode : 'load' 'store'> <Ports = 2> <Width = 1> <Depth = 8> <RAM>
ST_6 : Operation 455 [1/1] (0.00ns)   --->   "%state_issue_alu_iq_entries_uop_is_sys_pc2epc_addr = getelementptr i1 %state_issue_alu_iq_entries_uop_is_sys_pc2epc, i64 0, i64 %zext_ln86" [/home/lab_726/boom/hls_boom/include/boom_state.hpp:86->/home/lab_726/boom/hls_boom/include/boom_state.hpp:101->/home/lab_726/boom/hls_boom/include/boom_state.hpp:255->/home/lab_726/boom/hls_boom/src/boom_core_merged.cpp:2884]   --->   Operation 455 'getelementptr' 'state_issue_alu_iq_entries_uop_is_sys_pc2epc_addr' <Predicate = (!icmp_ln86)> <Delay = 0.00>
ST_6 : Operation 456 [1/1] (0.67ns)   --->   "%store_ln86 = store i1 0, i3 %state_issue_alu_iq_entries_uop_is_sys_pc2epc_addr" [/home/lab_726/boom/hls_boom/include/boom_state.hpp:86->/home/lab_726/boom/hls_boom/include/boom_state.hpp:101->/home/lab_726/boom/hls_boom/include/boom_state.hpp:255->/home/lab_726/boom/hls_boom/src/boom_core_merged.cpp:2884]   --->   Operation 456 'store' 'store_ln86' <Predicate = (!icmp_ln86)> <Delay = 0.67> <CoreInst = "RAM">   --->   Core 83 'RAM' <Latency = 1> <II = 1> <Delay = 0.67> <Storage> <Opcode : 'load' 'store'> <Ports = 2> <Width = 1> <Depth = 8> <RAM>
ST_6 : Operation 457 [1/1] (0.00ns)   --->   "%state_issue_alu_iq_entries_uop_is_unique_addr = getelementptr i1 %state_issue_alu_iq_entries_uop_is_unique, i64 0, i64 %zext_ln86" [/home/lab_726/boom/hls_boom/include/boom_state.hpp:86->/home/lab_726/boom/hls_boom/include/boom_state.hpp:101->/home/lab_726/boom/hls_boom/include/boom_state.hpp:255->/home/lab_726/boom/hls_boom/src/boom_core_merged.cpp:2884]   --->   Operation 457 'getelementptr' 'state_issue_alu_iq_entries_uop_is_unique_addr' <Predicate = (!icmp_ln86)> <Delay = 0.00>
ST_6 : Operation 458 [1/1] (0.67ns)   --->   "%store_ln86 = store i1 0, i3 %state_issue_alu_iq_entries_uop_is_unique_addr" [/home/lab_726/boom/hls_boom/include/boom_state.hpp:86->/home/lab_726/boom/hls_boom/include/boom_state.hpp:101->/home/lab_726/boom/hls_boom/include/boom_state.hpp:255->/home/lab_726/boom/hls_boom/src/boom_core_merged.cpp:2884]   --->   Operation 458 'store' 'store_ln86' <Predicate = (!icmp_ln86)> <Delay = 0.67> <CoreInst = "RAM">   --->   Core 83 'RAM' <Latency = 1> <II = 1> <Delay = 0.67> <Storage> <Opcode : 'load' 'store'> <Ports = 2> <Width = 1> <Depth = 8> <RAM>
ST_6 : Operation 459 [1/1] (0.00ns)   --->   "%state_issue_alu_iq_entries_uop_flush_on_commit_addr = getelementptr i1 %state_issue_alu_iq_entries_uop_flush_on_commit, i64 0, i64 %zext_ln86" [/home/lab_726/boom/hls_boom/include/boom_state.hpp:86->/home/lab_726/boom/hls_boom/include/boom_state.hpp:101->/home/lab_726/boom/hls_boom/include/boom_state.hpp:255->/home/lab_726/boom/hls_boom/src/boom_core_merged.cpp:2884]   --->   Operation 459 'getelementptr' 'state_issue_alu_iq_entries_uop_flush_on_commit_addr' <Predicate = (!icmp_ln86)> <Delay = 0.00>
ST_6 : Operation 460 [1/1] (0.67ns)   --->   "%store_ln86 = store i1 0, i3 %state_issue_alu_iq_entries_uop_flush_on_commit_addr" [/home/lab_726/boom/hls_boom/include/boom_state.hpp:86->/home/lab_726/boom/hls_boom/include/boom_state.hpp:101->/home/lab_726/boom/hls_boom/include/boom_state.hpp:255->/home/lab_726/boom/hls_boom/src/boom_core_merged.cpp:2884]   --->   Operation 460 'store' 'store_ln86' <Predicate = (!icmp_ln86)> <Delay = 0.67> <CoreInst = "RAM">   --->   Core 83 'RAM' <Latency = 1> <II = 1> <Delay = 0.67> <Storage> <Opcode : 'load' 'store'> <Ports = 2> <Width = 1> <Depth = 8> <RAM>
ST_6 : Operation 461 [1/1] (0.00ns)   --->   "%state_issue_alu_iq_entries_uop_exc_exception_addr = getelementptr i1 %state_issue_alu_iq_entries_uop_exc_exception, i64 0, i64 %zext_ln86" [/home/lab_726/boom/hls_boom/include/boom_state.hpp:86->/home/lab_726/boom/hls_boom/include/boom_state.hpp:101->/home/lab_726/boom/hls_boom/include/boom_state.hpp:255->/home/lab_726/boom/hls_boom/src/boom_core_merged.cpp:2884]   --->   Operation 461 'getelementptr' 'state_issue_alu_iq_entries_uop_exc_exception_addr' <Predicate = (!icmp_ln86)> <Delay = 0.00>
ST_6 : Operation 462 [1/1] (0.67ns)   --->   "%store_ln86 = store i1 0, i3 %state_issue_alu_iq_entries_uop_exc_exception_addr" [/home/lab_726/boom/hls_boom/include/boom_state.hpp:86->/home/lab_726/boom/hls_boom/include/boom_state.hpp:101->/home/lab_726/boom/hls_boom/include/boom_state.hpp:255->/home/lab_726/boom/hls_boom/src/boom_core_merged.cpp:2884]   --->   Operation 462 'store' 'store_ln86' <Predicate = (!icmp_ln86)> <Delay = 0.67> <CoreInst = "RAM">   --->   Core 83 'RAM' <Latency = 1> <II = 1> <Delay = 0.67> <Storage> <Opcode : 'load' 'store'> <Ports = 2> <Width = 1> <Depth = 8> <RAM>
ST_6 : Operation 463 [1/1] (0.00ns)   --->   "%state_issue_alu_iq_entries_uop_exc_exc_cause_addr = getelementptr i64 %state_issue_alu_iq_entries_uop_exc_exc_cause, i64 0, i64 %zext_ln86" [/home/lab_726/boom/hls_boom/include/boom_state.hpp:86->/home/lab_726/boom/hls_boom/include/boom_state.hpp:101->/home/lab_726/boom/hls_boom/include/boom_state.hpp:255->/home/lab_726/boom/hls_boom/src/boom_core_merged.cpp:2884]   --->   Operation 463 'getelementptr' 'state_issue_alu_iq_entries_uop_exc_exc_cause_addr' <Predicate = (!icmp_ln86)> <Delay = 0.00>
ST_6 : Operation 464 [1/1] (0.67ns)   --->   "%store_ln86 = store i64 0, i3 %state_issue_alu_iq_entries_uop_exc_exc_cause_addr" [/home/lab_726/boom/hls_boom/include/boom_state.hpp:86->/home/lab_726/boom/hls_boom/include/boom_state.hpp:101->/home/lab_726/boom/hls_boom/include/boom_state.hpp:255->/home/lab_726/boom/hls_boom/src/boom_core_merged.cpp:2884]   --->   Operation 464 'store' 'store_ln86' <Predicate = (!icmp_ln86)> <Delay = 0.67> <CoreInst = "RAM">   --->   Core 83 'RAM' <Latency = 1> <II = 1> <Delay = 0.67> <Storage> <Opcode : 'load' 'store'> <Ports = 2> <Width = 64> <Depth = 8> <RAM>
ST_6 : Operation 465 [1/1] (0.00ns)   --->   "%state_issue_alu_iq_entries_uop_exc_xcpt_pf_if_addr = getelementptr i1 %state_issue_alu_iq_entries_uop_exc_xcpt_pf_if, i64 0, i64 %zext_ln86" [/home/lab_726/boom/hls_boom/include/boom_state.hpp:86->/home/lab_726/boom/hls_boom/include/boom_state.hpp:101->/home/lab_726/boom/hls_boom/include/boom_state.hpp:255->/home/lab_726/boom/hls_boom/src/boom_core_merged.cpp:2884]   --->   Operation 465 'getelementptr' 'state_issue_alu_iq_entries_uop_exc_xcpt_pf_if_addr' <Predicate = (!icmp_ln86)> <Delay = 0.00>
ST_6 : Operation 466 [1/1] (0.67ns)   --->   "%store_ln86 = store i1 0, i3 %state_issue_alu_iq_entries_uop_exc_xcpt_pf_if_addr" [/home/lab_726/boom/hls_boom/include/boom_state.hpp:86->/home/lab_726/boom/hls_boom/include/boom_state.hpp:101->/home/lab_726/boom/hls_boom/include/boom_state.hpp:255->/home/lab_726/boom/hls_boom/src/boom_core_merged.cpp:2884]   --->   Operation 466 'store' 'store_ln86' <Predicate = (!icmp_ln86)> <Delay = 0.67> <CoreInst = "RAM">   --->   Core 83 'RAM' <Latency = 1> <II = 1> <Delay = 0.67> <Storage> <Opcode : 'load' 'store'> <Ports = 2> <Width = 1> <Depth = 8> <RAM>
ST_6 : Operation 467 [1/1] (0.00ns)   --->   "%state_issue_alu_iq_entries_uop_exc_xcpt_ae_if_addr = getelementptr i1 %state_issue_alu_iq_entries_uop_exc_xcpt_ae_if, i64 0, i64 %zext_ln86" [/home/lab_726/boom/hls_boom/include/boom_state.hpp:86->/home/lab_726/boom/hls_boom/include/boom_state.hpp:101->/home/lab_726/boom/hls_boom/include/boom_state.hpp:255->/home/lab_726/boom/hls_boom/src/boom_core_merged.cpp:2884]   --->   Operation 467 'getelementptr' 'state_issue_alu_iq_entries_uop_exc_xcpt_ae_if_addr' <Predicate = (!icmp_ln86)> <Delay = 0.00>
ST_6 : Operation 468 [1/1] (0.67ns)   --->   "%store_ln86 = store i1 0, i3 %state_issue_alu_iq_entries_uop_exc_xcpt_ae_if_addr" [/home/lab_726/boom/hls_boom/include/boom_state.hpp:86->/home/lab_726/boom/hls_boom/include/boom_state.hpp:101->/home/lab_726/boom/hls_boom/include/boom_state.hpp:255->/home/lab_726/boom/hls_boom/src/boom_core_merged.cpp:2884]   --->   Operation 468 'store' 'store_ln86' <Predicate = (!icmp_ln86)> <Delay = 0.67> <CoreInst = "RAM">   --->   Core 83 'RAM' <Latency = 1> <II = 1> <Delay = 0.67> <Storage> <Opcode : 'load' 'store'> <Ports = 2> <Width = 1> <Depth = 8> <RAM>
ST_6 : Operation 469 [1/1] (0.00ns)   --->   "%state_issue_alu_iq_entries_uop_exc_xcpt_ma_if_addr = getelementptr i1 %state_issue_alu_iq_entries_uop_exc_xcpt_ma_if, i64 0, i64 %zext_ln86" [/home/lab_726/boom/hls_boom/include/boom_state.hpp:86->/home/lab_726/boom/hls_boom/include/boom_state.hpp:101->/home/lab_726/boom/hls_boom/include/boom_state.hpp:255->/home/lab_726/boom/hls_boom/src/boom_core_merged.cpp:2884]   --->   Operation 469 'getelementptr' 'state_issue_alu_iq_entries_uop_exc_xcpt_ma_if_addr' <Predicate = (!icmp_ln86)> <Delay = 0.00>
ST_6 : Operation 470 [1/1] (0.67ns)   --->   "%store_ln86 = store i1 0, i3 %state_issue_alu_iq_entries_uop_exc_xcpt_ma_if_addr" [/home/lab_726/boom/hls_boom/include/boom_state.hpp:86->/home/lab_726/boom/hls_boom/include/boom_state.hpp:101->/home/lab_726/boom/hls_boom/include/boom_state.hpp:255->/home/lab_726/boom/hls_boom/src/boom_core_merged.cpp:2884]   --->   Operation 470 'store' 'store_ln86' <Predicate = (!icmp_ln86)> <Delay = 0.67> <CoreInst = "RAM">   --->   Core 83 'RAM' <Latency = 1> <II = 1> <Delay = 0.67> <Storage> <Opcode : 'load' 'store'> <Ports = 2> <Width = 1> <Depth = 8> <RAM>
ST_6 : Operation 471 [1/1] (0.00ns)   --->   "%state_issue_alu_iq_entries_uop_exc_bp_debug_if_addr = getelementptr i1 %state_issue_alu_iq_entries_uop_exc_bp_debug_if, i64 0, i64 %zext_ln86" [/home/lab_726/boom/hls_boom/include/boom_state.hpp:86->/home/lab_726/boom/hls_boom/include/boom_state.hpp:101->/home/lab_726/boom/hls_boom/include/boom_state.hpp:255->/home/lab_726/boom/hls_boom/src/boom_core_merged.cpp:2884]   --->   Operation 471 'getelementptr' 'state_issue_alu_iq_entries_uop_exc_bp_debug_if_addr' <Predicate = (!icmp_ln86)> <Delay = 0.00>
ST_6 : Operation 472 [1/1] (0.67ns)   --->   "%store_ln86 = store i1 0, i3 %state_issue_alu_iq_entries_uop_exc_bp_debug_if_addr" [/home/lab_726/boom/hls_boom/include/boom_state.hpp:86->/home/lab_726/boom/hls_boom/include/boom_state.hpp:101->/home/lab_726/boom/hls_boom/include/boom_state.hpp:255->/home/lab_726/boom/hls_boom/src/boom_core_merged.cpp:2884]   --->   Operation 472 'store' 'store_ln86' <Predicate = (!icmp_ln86)> <Delay = 0.67> <CoreInst = "RAM">   --->   Core 83 'RAM' <Latency = 1> <II = 1> <Delay = 0.67> <Storage> <Opcode : 'load' 'store'> <Ports = 2> <Width = 1> <Depth = 8> <RAM>
ST_6 : Operation 473 [1/1] (0.00ns)   --->   "%state_issue_alu_iq_entries_uop_exc_bp_xcpt_if_addr = getelementptr i1 %state_issue_alu_iq_entries_uop_exc_bp_xcpt_if, i64 0, i64 %zext_ln86" [/home/lab_726/boom/hls_boom/include/boom_state.hpp:86->/home/lab_726/boom/hls_boom/include/boom_state.hpp:101->/home/lab_726/boom/hls_boom/include/boom_state.hpp:255->/home/lab_726/boom/hls_boom/src/boom_core_merged.cpp:2884]   --->   Operation 473 'getelementptr' 'state_issue_alu_iq_entries_uop_exc_bp_xcpt_if_addr' <Predicate = (!icmp_ln86)> <Delay = 0.00>
ST_6 : Operation 474 [1/1] (0.67ns)   --->   "%store_ln86 = store i1 0, i3 %state_issue_alu_iq_entries_uop_exc_bp_xcpt_if_addr" [/home/lab_726/boom/hls_boom/include/boom_state.hpp:86->/home/lab_726/boom/hls_boom/include/boom_state.hpp:101->/home/lab_726/boom/hls_boom/include/boom_state.hpp:255->/home/lab_726/boom/hls_boom/src/boom_core_merged.cpp:2884]   --->   Operation 474 'store' 'store_ln86' <Predicate = (!icmp_ln86)> <Delay = 0.67> <CoreInst = "RAM">   --->   Core 83 'RAM' <Latency = 1> <II = 1> <Delay = 0.67> <Storage> <Opcode : 'load' 'store'> <Ports = 2> <Width = 1> <Depth = 8> <RAM>
ST_6 : Operation 475 [1/1] (0.00ns)   --->   "%state_issue_alu_iq_entries_uop_debug_debug_fsrc_addr = getelementptr i8 %state_issue_alu_iq_entries_uop_debug_debug_fsrc, i64 0, i64 %zext_ln86" [/home/lab_726/boom/hls_boom/include/boom_state.hpp:86->/home/lab_726/boom/hls_boom/include/boom_state.hpp:101->/home/lab_726/boom/hls_boom/include/boom_state.hpp:255->/home/lab_726/boom/hls_boom/src/boom_core_merged.cpp:2884]   --->   Operation 475 'getelementptr' 'state_issue_alu_iq_entries_uop_debug_debug_fsrc_addr' <Predicate = (!icmp_ln86)> <Delay = 0.00>
ST_6 : Operation 476 [1/1] (0.67ns)   --->   "%store_ln86 = store i8 0, i3 %state_issue_alu_iq_entries_uop_debug_debug_fsrc_addr" [/home/lab_726/boom/hls_boom/include/boom_state.hpp:86->/home/lab_726/boom/hls_boom/include/boom_state.hpp:101->/home/lab_726/boom/hls_boom/include/boom_state.hpp:255->/home/lab_726/boom/hls_boom/src/boom_core_merged.cpp:2884]   --->   Operation 476 'store' 'store_ln86' <Predicate = (!icmp_ln86)> <Delay = 0.67> <CoreInst = "RAM">   --->   Core 83 'RAM' <Latency = 1> <II = 1> <Delay = 0.67> <Storage> <Opcode : 'load' 'store'> <Ports = 2> <Width = 8> <Depth = 8> <RAM>
ST_6 : Operation 477 [1/1] (0.00ns)   --->   "%state_issue_alu_iq_entries_uop_debug_debug_tsrc_addr = getelementptr i8 %state_issue_alu_iq_entries_uop_debug_debug_tsrc, i64 0, i64 %zext_ln86" [/home/lab_726/boom/hls_boom/include/boom_state.hpp:86->/home/lab_726/boom/hls_boom/include/boom_state.hpp:101->/home/lab_726/boom/hls_boom/include/boom_state.hpp:255->/home/lab_726/boom/hls_boom/src/boom_core_merged.cpp:2884]   --->   Operation 477 'getelementptr' 'state_issue_alu_iq_entries_uop_debug_debug_tsrc_addr' <Predicate = (!icmp_ln86)> <Delay = 0.00>
ST_6 : Operation 478 [1/1] (0.67ns)   --->   "%store_ln86 = store i8 0, i3 %state_issue_alu_iq_entries_uop_debug_debug_tsrc_addr" [/home/lab_726/boom/hls_boom/include/boom_state.hpp:86->/home/lab_726/boom/hls_boom/include/boom_state.hpp:101->/home/lab_726/boom/hls_boom/include/boom_state.hpp:255->/home/lab_726/boom/hls_boom/src/boom_core_merged.cpp:2884]   --->   Operation 478 'store' 'store_ln86' <Predicate = (!icmp_ln86)> <Delay = 0.67> <CoreInst = "RAM">   --->   Core 83 'RAM' <Latency = 1> <II = 1> <Delay = 0.67> <Storage> <Opcode : 'load' 'store'> <Ports = 2> <Width = 8> <Depth = 8> <RAM>
ST_6 : Operation 479 [1/1] (0.00ns)   --->   "%state_issue_alu_iq_entries_uop_debug_debug_inst_addr = getelementptr i32 %state_issue_alu_iq_entries_uop_debug_debug_inst, i64 0, i64 %zext_ln86" [/home/lab_726/boom/hls_boom/include/boom_state.hpp:86->/home/lab_726/boom/hls_boom/include/boom_state.hpp:101->/home/lab_726/boom/hls_boom/include/boom_state.hpp:255->/home/lab_726/boom/hls_boom/src/boom_core_merged.cpp:2884]   --->   Operation 479 'getelementptr' 'state_issue_alu_iq_entries_uop_debug_debug_inst_addr' <Predicate = (!icmp_ln86)> <Delay = 0.00>
ST_6 : Operation 480 [1/1] (0.67ns)   --->   "%store_ln86 = store i32 0, i3 %state_issue_alu_iq_entries_uop_debug_debug_inst_addr" [/home/lab_726/boom/hls_boom/include/boom_state.hpp:86->/home/lab_726/boom/hls_boom/include/boom_state.hpp:101->/home/lab_726/boom/hls_boom/include/boom_state.hpp:255->/home/lab_726/boom/hls_boom/src/boom_core_merged.cpp:2884]   --->   Operation 480 'store' 'store_ln86' <Predicate = (!icmp_ln86)> <Delay = 0.67> <CoreInst = "RAM">   --->   Core 83 'RAM' <Latency = 1> <II = 1> <Delay = 0.67> <Storage> <Opcode : 'load' 'store'> <Ports = 2> <Width = 32> <Depth = 8> <RAM>
ST_6 : Operation 481 [1/1] (0.00ns)   --->   "%state_issue_alu_iq_entries_uop_debug_debug_pc_addr = getelementptr i64 %state_issue_alu_iq_entries_uop_debug_debug_pc, i64 0, i64 %zext_ln86" [/home/lab_726/boom/hls_boom/include/boom_state.hpp:86->/home/lab_726/boom/hls_boom/include/boom_state.hpp:101->/home/lab_726/boom/hls_boom/include/boom_state.hpp:255->/home/lab_726/boom/hls_boom/src/boom_core_merged.cpp:2884]   --->   Operation 481 'getelementptr' 'state_issue_alu_iq_entries_uop_debug_debug_pc_addr' <Predicate = (!icmp_ln86)> <Delay = 0.00>
ST_6 : Operation 482 [1/1] (0.67ns)   --->   "%store_ln86 = store i64 0, i3 %state_issue_alu_iq_entries_uop_debug_debug_pc_addr" [/home/lab_726/boom/hls_boom/include/boom_state.hpp:86->/home/lab_726/boom/hls_boom/include/boom_state.hpp:101->/home/lab_726/boom/hls_boom/include/boom_state.hpp:255->/home/lab_726/boom/hls_boom/src/boom_core_merged.cpp:2884]   --->   Operation 482 'store' 'store_ln86' <Predicate = (!icmp_ln86)> <Delay = 0.67> <CoreInst = "RAM">   --->   Core 83 'RAM' <Latency = 1> <II = 1> <Delay = 0.67> <Storage> <Opcode : 'load' 'store'> <Ports = 2> <Width = 64> <Depth = 8> <RAM>
ST_6 : Operation 483 [1/1] (0.00ns)   --->   "%state_issue_alu_iq_entries_prs1_data_addr = getelementptr i64 %state_issue_alu_iq_entries_prs1_data, i64 0, i64 %zext_ln86" [/home/lab_726/boom/hls_boom/include/boom_state.hpp:86->/home/lab_726/boom/hls_boom/include/boom_state.hpp:101->/home/lab_726/boom/hls_boom/include/boom_state.hpp:255->/home/lab_726/boom/hls_boom/src/boom_core_merged.cpp:2884]   --->   Operation 483 'getelementptr' 'state_issue_alu_iq_entries_prs1_data_addr' <Predicate = (!icmp_ln86)> <Delay = 0.00>
ST_6 : Operation 484 [1/1] (0.67ns)   --->   "%store_ln86 = store i64 0, i3 %state_issue_alu_iq_entries_prs1_data_addr" [/home/lab_726/boom/hls_boom/include/boom_state.hpp:86->/home/lab_726/boom/hls_boom/include/boom_state.hpp:101->/home/lab_726/boom/hls_boom/include/boom_state.hpp:255->/home/lab_726/boom/hls_boom/src/boom_core_merged.cpp:2884]   --->   Operation 484 'store' 'store_ln86' <Predicate = (!icmp_ln86)> <Delay = 0.67> <CoreInst = "RAM">   --->   Core 83 'RAM' <Latency = 1> <II = 1> <Delay = 0.67> <Storage> <Opcode : 'load' 'store'> <Ports = 2> <Width = 64> <Depth = 8> <RAM>
ST_6 : Operation 485 [1/1] (0.00ns)   --->   "%state_issue_alu_iq_entries_prs2_data_addr = getelementptr i64 %state_issue_alu_iq_entries_prs2_data, i64 0, i64 %zext_ln86" [/home/lab_726/boom/hls_boom/include/boom_state.hpp:86->/home/lab_726/boom/hls_boom/include/boom_state.hpp:101->/home/lab_726/boom/hls_boom/include/boom_state.hpp:255->/home/lab_726/boom/hls_boom/src/boom_core_merged.cpp:2884]   --->   Operation 485 'getelementptr' 'state_issue_alu_iq_entries_prs2_data_addr' <Predicate = (!icmp_ln86)> <Delay = 0.00>
ST_6 : Operation 486 [1/1] (0.67ns)   --->   "%store_ln86 = store i64 0, i3 %state_issue_alu_iq_entries_prs2_data_addr" [/home/lab_726/boom/hls_boom/include/boom_state.hpp:86->/home/lab_726/boom/hls_boom/include/boom_state.hpp:101->/home/lab_726/boom/hls_boom/include/boom_state.hpp:255->/home/lab_726/boom/hls_boom/src/boom_core_merged.cpp:2884]   --->   Operation 486 'store' 'store_ln86' <Predicate = (!icmp_ln86)> <Delay = 0.67> <CoreInst = "RAM">   --->   Core 83 'RAM' <Latency = 1> <II = 1> <Delay = 0.67> <Storage> <Opcode : 'load' 'store'> <Ports = 2> <Width = 64> <Depth = 8> <RAM>
ST_6 : Operation 487 [1/1] (0.00ns)   --->   "%state_issue_alu_iq_entries_prs3_data_addr = getelementptr i64 %state_issue_alu_iq_entries_prs3_data, i64 0, i64 %zext_ln86" [/home/lab_726/boom/hls_boom/include/boom_state.hpp:86->/home/lab_726/boom/hls_boom/include/boom_state.hpp:101->/home/lab_726/boom/hls_boom/include/boom_state.hpp:255->/home/lab_726/boom/hls_boom/src/boom_core_merged.cpp:2884]   --->   Operation 487 'getelementptr' 'state_issue_alu_iq_entries_prs3_data_addr' <Predicate = (!icmp_ln86)> <Delay = 0.00>
ST_6 : Operation 488 [1/1] (0.67ns)   --->   "%store_ln86 = store i64 0, i3 %state_issue_alu_iq_entries_prs3_data_addr" [/home/lab_726/boom/hls_boom/include/boom_state.hpp:86->/home/lab_726/boom/hls_boom/include/boom_state.hpp:101->/home/lab_726/boom/hls_boom/include/boom_state.hpp:255->/home/lab_726/boom/hls_boom/src/boom_core_merged.cpp:2884]   --->   Operation 488 'store' 'store_ln86' <Predicate = (!icmp_ln86)> <Delay = 0.67> <CoreInst = "RAM">   --->   Core 83 'RAM' <Latency = 1> <II = 1> <Delay = 0.67> <Storage> <Opcode : 'load' 'store'> <Ports = 2> <Width = 64> <Depth = 8> <RAM>
ST_6 : Operation 489 [1/1] (0.42ns)   --->   "%store_ln86 = store i4 %add_ln86, i4 %i_3" [/home/lab_726/boom/hls_boom/include/boom_state.hpp:86->/home/lab_726/boom/hls_boom/include/boom_state.hpp:101->/home/lab_726/boom/hls_boom/include/boom_state.hpp:255->/home/lab_726/boom/hls_boom/src/boom_core_merged.cpp:2884]   --->   Operation 489 'store' 'store_ln86' <Predicate = (!icmp_ln86)> <Delay = 0.42>
ST_6 : Operation 490 [1/1] (0.00ns)   --->   "%br_ln0 = br void %.preheader.i.i.i"   --->   Operation 490 'br' 'br_ln0' <Predicate = (!icmp_ln86)> <Delay = 0.00>
ST_6 : Operation 491 [1/1] (0.00ns)   --->   "%indvar4_i3_i = alloca i32 1"   --->   Operation 491 'alloca' 'indvar4_i3_i' <Predicate = (icmp_ln86)> <Delay = 0.00>
ST_6 : Operation 492 [1/1] (0.42ns)   --->   "%store_ln101 = store i2 0, i2 %indvar4_i3_i" [/home/lab_726/boom/hls_boom/include/boom_state.hpp:101->/home/lab_726/boom/hls_boom/include/boom_state.hpp:255->/home/lab_726/boom/hls_boom/src/boom_core_merged.cpp:2884]   --->   Operation 492 'store' 'store_ln101' <Predicate = (icmp_ln86)> <Delay = 0.42>
ST_6 : Operation 493 [1/1] (0.00ns)   --->   "%br_ln101 = br void %arrayctor.loop3.i5.i" [/home/lab_726/boom/hls_boom/include/boom_state.hpp:101->/home/lab_726/boom/hls_boom/include/boom_state.hpp:255->/home/lab_726/boom/hls_boom/src/boom_core_merged.cpp:2884]   --->   Operation 493 'br' 'br_ln101' <Predicate = (icmp_ln86)> <Delay = 0.00>

State 7 <SV = 5> <Delay = 0.97>
ST_7 : Operation 494 [1/1] (0.00ns)   --->   "%indvar4_i3_i_load = load i2 %indvar4_i3_i" [/home/lab_726/boom/hls_boom/include/boom_state.hpp:101->/home/lab_726/boom/hls_boom/include/boom_state.hpp:255->/home/lab_726/boom/hls_boom/src/boom_core_merged.cpp:2884]   --->   Operation 494 'load' 'indvar4_i3_i_load' <Predicate = true> <Delay = 0.00>
ST_7 : Operation 495 [1/1] (0.54ns)   --->   "%add_ln101 = add i2 %indvar4_i3_i_load, i2 1" [/home/lab_726/boom/hls_boom/include/boom_state.hpp:101->/home/lab_726/boom/hls_boom/include/boom_state.hpp:255->/home/lab_726/boom/hls_boom/src/boom_core_merged.cpp:2884]   --->   Operation 495 'add' 'add_ln101' <Predicate = true> <Delay = 0.54> <CoreInst = "Adder">   --->   Core 1 'Adder' <Latency = 0> <II = 1> <Delay = 0.78> <FuncUnit> <Opcode : 'add' 'sub'> <InPorts = 2> <OutPorts = 1>
ST_7 : Operation 496 [1/1] (0.58ns)   --->   "%switch_ln83 = switch i2 %indvar4_i3_i_load, void %branch8, i2 0, void %branch6, i2 1, void %branch7" [/home/lab_726/boom/hls_boom/include/boom_types.hpp:83->/home/lab_726/boom/hls_boom/src/boom_core_merged.cpp:2884]   --->   Operation 496 'switch' 'switch_ln83' <Predicate = true> <Delay = 0.58>
ST_7 : Operation 497 [1/1] (0.00ns)   --->   "%store_ln83 = store i8 0, i8 %state_issue_issued_uops_branch_br_mask_1" [/home/lab_726/boom/hls_boom/include/boom_types.hpp:83->/home/lab_726/boom/hls_boom/src/boom_core_merged.cpp:2884]   --->   Operation 497 'store' 'store_ln83' <Predicate = (indvar4_i3_i_load == 1)> <Delay = 0.00>
ST_7 : Operation 498 [1/1] (0.00ns)   --->   "%br_ln83 = br void %arrayctor.loop3.i5.i12" [/home/lab_726/boom/hls_boom/include/boom_types.hpp:83->/home/lab_726/boom/hls_boom/src/boom_core_merged.cpp:2884]   --->   Operation 498 'br' 'br_ln83' <Predicate = (indvar4_i3_i_load == 1)> <Delay = 0.00>
ST_7 : Operation 499 [1/1] (0.00ns)   --->   "%store_ln83 = store i8 0, i8 %state_issue_issued_uops_branch_br_mask_0" [/home/lab_726/boom/hls_boom/include/boom_types.hpp:83->/home/lab_726/boom/hls_boom/src/boom_core_merged.cpp:2884]   --->   Operation 499 'store' 'store_ln83' <Predicate = (indvar4_i3_i_load == 0)> <Delay = 0.00>
ST_7 : Operation 500 [1/1] (0.00ns)   --->   "%br_ln83 = br void %arrayctor.loop3.i5.i12" [/home/lab_726/boom/hls_boom/include/boom_types.hpp:83->/home/lab_726/boom/hls_boom/src/boom_core_merged.cpp:2884]   --->   Operation 500 'br' 'br_ln83' <Predicate = (indvar4_i3_i_load == 0)> <Delay = 0.00>
ST_7 : Operation 501 [1/1] (0.00ns)   --->   "%store_ln83 = store i8 0, i8 %state_issue_issued_uops_branch_br_mask_2" [/home/lab_726/boom/hls_boom/include/boom_types.hpp:83->/home/lab_726/boom/hls_boom/src/boom_core_merged.cpp:2884]   --->   Operation 501 'store' 'store_ln83' <Predicate = (indvar4_i3_i_load != 0 & indvar4_i3_i_load != 1)> <Delay = 0.00>
ST_7 : Operation 502 [1/1] (0.00ns)   --->   "%br_ln83 = br void %arrayctor.loop3.i5.i12" [/home/lab_726/boom/hls_boom/include/boom_types.hpp:83->/home/lab_726/boom/hls_boom/src/boom_core_merged.cpp:2884]   --->   Operation 502 'br' 'br_ln83' <Predicate = (indvar4_i3_i_load != 0 & indvar4_i3_i_load != 1)> <Delay = 0.00>
ST_7 : Operation 503 [1/1] (0.44ns)   --->   "%icmp_ln101 = icmp_eq  i2 %indvar4_i3_i_load, i2 2" [/home/lab_726/boom/hls_boom/include/boom_state.hpp:101->/home/lab_726/boom/hls_boom/include/boom_state.hpp:255->/home/lab_726/boom/hls_boom/src/boom_core_merged.cpp:2884]   --->   Operation 503 'icmp' 'icmp_ln101' <Predicate = true> <Delay = 0.44> <CoreInst = "Cmp">   --->   Core 9 'Cmp' <Latency = 0> <II = 1> <Delay = 0.78> <FuncUnit> <Opcode : 'icmp'> <InPorts = 2> <OutPorts = 1>
ST_7 : Operation 504 [1/1] (0.00ns)   --->   "%empty_70 = speclooptripcount i32 @_ssdm_op_SpecLoopTripCount, i64 3, i64 3, i64 3"   --->   Operation 504 'speclooptripcount' 'empty_70' <Predicate = true> <Delay = 0.00>
ST_7 : Operation 505 [1/1] (0.00ns)   --->   "%br_ln101 = br i1 %icmp_ln101, void %arrayctor.loop3.i5.i12.arrayctor.loop3.i5.i_crit_edge, void %.preheader.i.i.preheader" [/home/lab_726/boom/hls_boom/include/boom_state.hpp:101->/home/lab_726/boom/hls_boom/include/boom_state.hpp:255->/home/lab_726/boom/hls_boom/src/boom_core_merged.cpp:2884]   --->   Operation 505 'br' 'br_ln101' <Predicate = true> <Delay = 0.00>
ST_7 : Operation 506 [1/1] (0.42ns)   --->   "%store_ln101 = store i2 %add_ln101, i2 %indvar4_i3_i" [/home/lab_726/boom/hls_boom/include/boom_state.hpp:101->/home/lab_726/boom/hls_boom/include/boom_state.hpp:255->/home/lab_726/boom/hls_boom/src/boom_core_merged.cpp:2884]   --->   Operation 506 'store' 'store_ln101' <Predicate = (!icmp_ln101)> <Delay = 0.42>
ST_7 : Operation 507 [1/1] (0.00ns)   --->   "%br_ln101 = br void %arrayctor.loop3.i5.i" [/home/lab_726/boom/hls_boom/include/boom_state.hpp:101->/home/lab_726/boom/hls_boom/include/boom_state.hpp:255->/home/lab_726/boom/hls_boom/src/boom_core_merged.cpp:2884]   --->   Operation 507 'br' 'br_ln101' <Predicate = (!icmp_ln101)> <Delay = 0.00>
ST_7 : Operation 508 [1/1] (0.00ns)   --->   "%i_4 = alloca i32 1"   --->   Operation 508 'alloca' 'i_4' <Predicate = (icmp_ln101)> <Delay = 0.00>
ST_7 : Operation 509 [1/1] (0.42ns)   --->   "%store_ln105 = store i2 0, i2 %i_4" [/home/lab_726/boom/hls_boom/include/boom_state.hpp:105->/home/lab_726/boom/hls_boom/include/boom_state.hpp:255->/home/lab_726/boom/hls_boom/src/boom_core_merged.cpp:2884]   --->   Operation 509 'store' 'store_ln105' <Predicate = (icmp_ln101)> <Delay = 0.42>
ST_7 : Operation 510 [1/1] (0.00ns)   --->   "%br_ln105 = br void %.preheader.i.i" [/home/lab_726/boom/hls_boom/include/boom_state.hpp:105->/home/lab_726/boom/hls_boom/include/boom_state.hpp:255->/home/lab_726/boom/hls_boom/src/boom_core_merged.cpp:2884]   --->   Operation 510 'br' 'br_ln105' <Predicate = (icmp_ln101)> <Delay = 0.00>

State 8 <SV = 6> <Delay = 0.97>
ST_8 : Operation 511 [1/1] (0.00ns)   --->   "%i_16 = load i2 %i_4" [/home/lab_726/boom/hls_boom/include/boom_state.hpp:105->/home/lab_726/boom/hls_boom/include/boom_state.hpp:255->/home/lab_726/boom/hls_boom/src/boom_core_merged.cpp:2884]   --->   Operation 511 'load' 'i_16' <Predicate = true> <Delay = 0.00>
ST_8 : Operation 512 [1/1] (0.44ns)   --->   "%icmp_ln105 = icmp_eq  i2 %i_16, i2 3" [/home/lab_726/boom/hls_boom/include/boom_state.hpp:105->/home/lab_726/boom/hls_boom/include/boom_state.hpp:255->/home/lab_726/boom/hls_boom/src/boom_core_merged.cpp:2884]   --->   Operation 512 'icmp' 'icmp_ln105' <Predicate = true> <Delay = 0.44> <CoreInst = "Cmp">   --->   Core 9 'Cmp' <Latency = 0> <II = 1> <Delay = 0.78> <FuncUnit> <Opcode : 'icmp'> <InPorts = 2> <OutPorts = 1>
ST_8 : Operation 513 [1/1] (0.00ns)   --->   "%empty_71 = speclooptripcount i32 @_ssdm_op_SpecLoopTripCount, i64 3, i64 3, i64 3"   --->   Operation 513 'speclooptripcount' 'empty_71' <Predicate = true> <Delay = 0.00>
ST_8 : Operation 514 [1/1] (0.54ns)   --->   "%add_ln105 = add i2 %i_16, i2 1" [/home/lab_726/boom/hls_boom/include/boom_state.hpp:105->/home/lab_726/boom/hls_boom/include/boom_state.hpp:255->/home/lab_726/boom/hls_boom/src/boom_core_merged.cpp:2884]   --->   Operation 514 'add' 'add_ln105' <Predicate = true> <Delay = 0.54> <CoreInst = "Adder">   --->   Core 1 'Adder' <Latency = 0> <II = 1> <Delay = 0.78> <FuncUnit> <Opcode : 'add' 'sub'> <InPorts = 2> <OutPorts = 1>
ST_8 : Operation 515 [1/1] (0.00ns)   --->   "%br_ln105 = br i1 %icmp_ln105, void %.split.i.i, void %arrayctor.loop.i21.i.preheader" [/home/lab_726/boom/hls_boom/include/boom_state.hpp:105->/home/lab_726/boom/hls_boom/include/boom_state.hpp:255->/home/lab_726/boom/hls_boom/src/boom_core_merged.cpp:2884]   --->   Operation 515 'br' 'br_ln105' <Predicate = true> <Delay = 0.00>
ST_8 : Operation 516 [1/1] (0.00ns)   --->   "%specloopname_ln105 = specloopname void @_ssdm_op_SpecLoopName, void @empty_0" [/home/lab_726/boom/hls_boom/include/boom_state.hpp:105->/home/lab_726/boom/hls_boom/include/boom_state.hpp:255->/home/lab_726/boom/hls_boom/src/boom_core_merged.cpp:2884]   --->   Operation 516 'specloopname' 'specloopname_ln105' <Predicate = (!icmp_ln105)> <Delay = 0.00>
ST_8 : Operation 517 [1/1] (0.58ns)   --->   "%switch_ln106 = switch i2 %i_16, void %branch5, i2 0, void %branch3, i2 1, void %branch4" [/home/lab_726/boom/hls_boom/include/boom_state.hpp:106->/home/lab_726/boom/hls_boom/include/boom_state.hpp:255->/home/lab_726/boom/hls_boom/src/boom_core_merged.cpp:2884]   --->   Operation 517 'switch' 'switch_ln106' <Predicate = (!icmp_ln105)> <Delay = 0.58>
ST_8 : Operation 518 [1/1] (0.00ns)   --->   "%store_ln106 = store i8 0, i8 %state_issue_issued_uops_branch_br_mask_1" [/home/lab_726/boom/hls_boom/include/boom_state.hpp:106->/home/lab_726/boom/hls_boom/include/boom_state.hpp:255->/home/lab_726/boom/hls_boom/src/boom_core_merged.cpp:2884]   --->   Operation 518 'store' 'store_ln106' <Predicate = (!icmp_ln105 & i_16 == 1)> <Delay = 0.00>
ST_8 : Operation 519 [1/1] (0.00ns)   --->   "%br_ln0 = br void %.split.i.i3"   --->   Operation 519 'br' 'br_ln0' <Predicate = (!icmp_ln105 & i_16 == 1)> <Delay = 0.00>
ST_8 : Operation 520 [1/1] (0.00ns)   --->   "%store_ln106 = store i8 0, i8 %state_issue_issued_uops_branch_br_mask_0" [/home/lab_726/boom/hls_boom/include/boom_state.hpp:106->/home/lab_726/boom/hls_boom/include/boom_state.hpp:255->/home/lab_726/boom/hls_boom/src/boom_core_merged.cpp:2884]   --->   Operation 520 'store' 'store_ln106' <Predicate = (!icmp_ln105 & i_16 == 0)> <Delay = 0.00>
ST_8 : Operation 521 [1/1] (0.00ns)   --->   "%br_ln0 = br void %.split.i.i3"   --->   Operation 521 'br' 'br_ln0' <Predicate = (!icmp_ln105 & i_16 == 0)> <Delay = 0.00>
ST_8 : Operation 522 [1/1] (0.00ns)   --->   "%store_ln106 = store i8 0, i8 %state_issue_issued_uops_branch_br_mask_2" [/home/lab_726/boom/hls_boom/include/boom_state.hpp:106->/home/lab_726/boom/hls_boom/include/boom_state.hpp:255->/home/lab_726/boom/hls_boom/src/boom_core_merged.cpp:2884]   --->   Operation 522 'store' 'store_ln106' <Predicate = (!icmp_ln105 & i_16 != 0 & i_16 != 1)> <Delay = 0.00>
ST_8 : Operation 523 [1/1] (0.00ns)   --->   "%br_ln0 = br void %.split.i.i3"   --->   Operation 523 'br' 'br_ln0' <Predicate = (!icmp_ln105 & i_16 != 0 & i_16 != 1)> <Delay = 0.00>
ST_8 : Operation 524 [1/1] (0.42ns)   --->   "%store_ln105 = store i2 %add_ln105, i2 %i_4" [/home/lab_726/boom/hls_boom/include/boom_state.hpp:105->/home/lab_726/boom/hls_boom/include/boom_state.hpp:255->/home/lab_726/boom/hls_boom/src/boom_core_merged.cpp:2884]   --->   Operation 524 'store' 'store_ln105' <Predicate = (!icmp_ln105)> <Delay = 0.42>
ST_8 : Operation 525 [1/1] (0.00ns)   --->   "%br_ln0 = br void %.preheader.i.i"   --->   Operation 525 'br' 'br_ln0' <Predicate = (!icmp_ln105)> <Delay = 0.00>
ST_8 : Operation 526 [1/1] (0.00ns)   --->   "%indvar_i6_i = alloca i32 1"   --->   Operation 526 'alloca' 'indvar_i6_i' <Predicate = (icmp_ln105)> <Delay = 0.00>
ST_8 : Operation 527 [1/1] (0.42ns)   --->   "%store_ln127 = store i2 0, i2 %indvar_i6_i" [/home/lab_726/boom/hls_boom/include/boom_state.hpp:127->/home/lab_726/boom/hls_boom/include/boom_state.hpp:255->/home/lab_726/boom/hls_boom/src/boom_core_merged.cpp:2884]   --->   Operation 527 'store' 'store_ln127' <Predicate = (icmp_ln105)> <Delay = 0.42>
ST_8 : Operation 528 [1/1] (0.00ns)   --->   "%br_ln127 = br void %arrayctor.loop.i21.i" [/home/lab_726/boom/hls_boom/include/boom_state.hpp:127->/home/lab_726/boom/hls_boom/include/boom_state.hpp:255->/home/lab_726/boom/hls_boom/src/boom_core_merged.cpp:2884]   --->   Operation 528 'br' 'br_ln127' <Predicate = (icmp_ln105)> <Delay = 0.00>

State 9 <SV = 7> <Delay = 0.97>
ST_9 : Operation 529 [1/1] (0.00ns)   --->   "%indvar_i6_i_load = load i2 %indvar_i6_i" [/home/lab_726/boom/hls_boom/include/boom_state.hpp:127->/home/lab_726/boom/hls_boom/include/boom_state.hpp:255->/home/lab_726/boom/hls_boom/src/boom_core_merged.cpp:2884]   --->   Operation 529 'load' 'indvar_i6_i_load' <Predicate = true> <Delay = 0.00>
ST_9 : Operation 530 [1/1] (0.54ns)   --->   "%add_ln127 = add i2 %indvar_i6_i_load, i2 1" [/home/lab_726/boom/hls_boom/include/boom_state.hpp:127->/home/lab_726/boom/hls_boom/include/boom_state.hpp:255->/home/lab_726/boom/hls_boom/src/boom_core_merged.cpp:2884]   --->   Operation 530 'add' 'add_ln127' <Predicate = true> <Delay = 0.54> <CoreInst = "Adder">   --->   Core 1 'Adder' <Latency = 0> <II = 1> <Delay = 0.78> <FuncUnit> <Opcode : 'add' 'sub'> <InPorts = 2> <OutPorts = 1>
ST_9 : Operation 531 [1/1] (0.58ns)   --->   "%switch_ln121 = switch i2 %indvar_i6_i_load, void %branch14, i2 0, void %branch12, i2 1, void %branch13" [/home/lab_726/boom/hls_boom/include/boom_state.hpp:121->/home/lab_726/boom/hls_boom/src/boom_core_merged.cpp:2884]   --->   Operation 531 'switch' 'switch_ln121' <Predicate = true> <Delay = 0.58>
ST_9 : Operation 532 [1/1] (0.00ns)   --->   "%store_ln83 = store i8 0, i8 %state_execute_alu_results_uop_branch_br_mask_1" [/home/lab_726/boom/hls_boom/include/boom_types.hpp:83->/home/lab_726/boom/hls_boom/src/boom_core_merged.cpp:2884]   --->   Operation 532 'store' 'store_ln83' <Predicate = (indvar_i6_i_load == 1)> <Delay = 0.00>
ST_9 : Operation 533 [1/1] (0.00ns)   --->   "%br_ln0 = br void %arrayctor.loop.i21.i203040150200210220290340420430520530570610620870930"   --->   Operation 533 'br' 'br_ln0' <Predicate = (indvar_i6_i_load == 1)> <Delay = 0.00>
ST_9 : Operation 534 [1/1] (0.00ns)   --->   "%store_ln83 = store i8 0, i8 %state_execute_alu_results_uop_branch_br_mask_0" [/home/lab_726/boom/hls_boom/include/boom_types.hpp:83->/home/lab_726/boom/hls_boom/src/boom_core_merged.cpp:2884]   --->   Operation 534 'store' 'store_ln83' <Predicate = (indvar_i6_i_load == 0)> <Delay = 0.00>
ST_9 : Operation 535 [1/1] (0.00ns)   --->   "%br_ln0 = br void %arrayctor.loop.i21.i203040150200210220290340420430520530570610620870930"   --->   Operation 535 'br' 'br_ln0' <Predicate = (indvar_i6_i_load == 0)> <Delay = 0.00>
ST_9 : Operation 536 [1/1] (0.00ns)   --->   "%store_ln83 = store i8 0, i8 %state_execute_alu_results_uop_branch_br_mask_2" [/home/lab_726/boom/hls_boom/include/boom_types.hpp:83->/home/lab_726/boom/hls_boom/src/boom_core_merged.cpp:2884]   --->   Operation 536 'store' 'store_ln83' <Predicate = (indvar_i6_i_load != 0 & indvar_i6_i_load != 1)> <Delay = 0.00>
ST_9 : Operation 537 [1/1] (0.00ns)   --->   "%br_ln0 = br void %arrayctor.loop.i21.i203040150200210220290340420430520530570610620870930"   --->   Operation 537 'br' 'br_ln0' <Predicate = (indvar_i6_i_load != 0 & indvar_i6_i_load != 1)> <Delay = 0.00>
ST_9 : Operation 538 [1/1] (0.44ns)   --->   "%icmp_ln127 = icmp_eq  i2 %indvar_i6_i_load, i2 2" [/home/lab_726/boom/hls_boom/include/boom_state.hpp:127->/home/lab_726/boom/hls_boom/include/boom_state.hpp:255->/home/lab_726/boom/hls_boom/src/boom_core_merged.cpp:2884]   --->   Operation 538 'icmp' 'icmp_ln127' <Predicate = true> <Delay = 0.44> <CoreInst = "Cmp">   --->   Core 9 'Cmp' <Latency = 0> <II = 1> <Delay = 0.78> <FuncUnit> <Opcode : 'icmp'> <InPorts = 2> <OutPorts = 1>
ST_9 : Operation 539 [1/1] (0.00ns)   --->   "%empty_72 = speclooptripcount i32 @_ssdm_op_SpecLoopTripCount, i64 3, i64 3, i64 3"   --->   Operation 539 'speclooptripcount' 'empty_72' <Predicate = true> <Delay = 0.00>
ST_9 : Operation 540 [1/1] (0.00ns)   --->   "%br_ln127 = br i1 %icmp_ln127, void %arrayctor.loop.i21.i203040150200210220290340420430520530570610620870930.arrayctor.loop.i21.i_crit_edge, void %.preheader.i24.i.preheader" [/home/lab_726/boom/hls_boom/include/boom_state.hpp:127->/home/lab_726/boom/hls_boom/include/boom_state.hpp:255->/home/lab_726/boom/hls_boom/src/boom_core_merged.cpp:2884]   --->   Operation 540 'br' 'br_ln127' <Predicate = true> <Delay = 0.00>
ST_9 : Operation 541 [1/1] (0.42ns)   --->   "%store_ln127 = store i2 %add_ln127, i2 %indvar_i6_i" [/home/lab_726/boom/hls_boom/include/boom_state.hpp:127->/home/lab_726/boom/hls_boom/include/boom_state.hpp:255->/home/lab_726/boom/hls_boom/src/boom_core_merged.cpp:2884]   --->   Operation 541 'store' 'store_ln127' <Predicate = (!icmp_ln127)> <Delay = 0.42>
ST_9 : Operation 542 [1/1] (0.00ns)   --->   "%br_ln127 = br void %arrayctor.loop.i21.i" [/home/lab_726/boom/hls_boom/include/boom_state.hpp:127->/home/lab_726/boom/hls_boom/include/boom_state.hpp:255->/home/lab_726/boom/hls_boom/src/boom_core_merged.cpp:2884]   --->   Operation 542 'br' 'br_ln127' <Predicate = (!icmp_ln127)> <Delay = 0.00>
ST_9 : Operation 543 [1/1] (0.00ns)   --->   "%i_5 = alloca i32 1"   --->   Operation 543 'alloca' 'i_5' <Predicate = (icmp_ln127)> <Delay = 0.00>
ST_9 : Operation 544 [1/1] (0.42ns)   --->   "%store_ln127 = store i2 0, i2 %i_5" [/home/lab_726/boom/hls_boom/include/boom_state.hpp:127->/home/lab_726/boom/hls_boom/include/boom_state.hpp:255->/home/lab_726/boom/hls_boom/src/boom_core_merged.cpp:2884]   --->   Operation 544 'store' 'store_ln127' <Predicate = (icmp_ln127)> <Delay = 0.42>
ST_9 : Operation 545 [1/1] (0.00ns)   --->   "%br_ln127 = br void %.preheader.i24.i" [/home/lab_726/boom/hls_boom/include/boom_state.hpp:127->/home/lab_726/boom/hls_boom/include/boom_state.hpp:255->/home/lab_726/boom/hls_boom/src/boom_core_merged.cpp:2884]   --->   Operation 545 'br' 'br_ln127' <Predicate = (icmp_ln127)> <Delay = 0.00>

State 10 <SV = 8> <Delay = 0.97>
ST_10 : Operation 546 [1/1] (0.00ns)   --->   "%i_17 = load i2 %i_5" [/home/lab_726/boom/hls_boom/include/boom_state.hpp:127->/home/lab_726/boom/hls_boom/include/boom_state.hpp:255->/home/lab_726/boom/hls_boom/src/boom_core_merged.cpp:2884]   --->   Operation 546 'load' 'i_17' <Predicate = true> <Delay = 0.00>
ST_10 : Operation 547 [1/1] (0.44ns)   --->   "%icmp_ln127_1 = icmp_eq  i2 %i_17, i2 3" [/home/lab_726/boom/hls_boom/include/boom_state.hpp:127->/home/lab_726/boom/hls_boom/include/boom_state.hpp:255->/home/lab_726/boom/hls_boom/src/boom_core_merged.cpp:2884]   --->   Operation 547 'icmp' 'icmp_ln127_1' <Predicate = true> <Delay = 0.44> <CoreInst = "Cmp">   --->   Core 9 'Cmp' <Latency = 0> <II = 1> <Delay = 0.78> <FuncUnit> <Opcode : 'icmp'> <InPorts = 2> <OutPorts = 1>
ST_10 : Operation 548 [1/1] (0.00ns)   --->   "%empty_73 = speclooptripcount i32 @_ssdm_op_SpecLoopTripCount, i64 3, i64 3, i64 3"   --->   Operation 548 'speclooptripcount' 'empty_73' <Predicate = true> <Delay = 0.00>
ST_10 : Operation 549 [1/1] (0.54ns)   --->   "%add_ln127_1 = add i2 %i_17, i2 1" [/home/lab_726/boom/hls_boom/include/boom_state.hpp:127->/home/lab_726/boom/hls_boom/include/boom_state.hpp:255->/home/lab_726/boom/hls_boom/src/boom_core_merged.cpp:2884]   --->   Operation 549 'add' 'add_ln127_1' <Predicate = true> <Delay = 0.54> <CoreInst = "Adder">   --->   Core 1 'Adder' <Latency = 0> <II = 1> <Delay = 0.78> <FuncUnit> <Opcode : 'add' 'sub'> <InPorts = 2> <OutPorts = 1>
ST_10 : Operation 550 [1/1] (0.00ns)   --->   "%br_ln127 = br i1 %icmp_ln127_1, void %.split.i26.i, void %arrayctor.loop.i43.i.preheader" [/home/lab_726/boom/hls_boom/include/boom_state.hpp:127->/home/lab_726/boom/hls_boom/include/boom_state.hpp:255->/home/lab_726/boom/hls_boom/src/boom_core_merged.cpp:2884]   --->   Operation 550 'br' 'br_ln127' <Predicate = true> <Delay = 0.00>
ST_10 : Operation 551 [1/1] (0.00ns)   --->   "%specloopname_ln127 = specloopname void @_ssdm_op_SpecLoopName, void @empty_26" [/home/lab_726/boom/hls_boom/include/boom_state.hpp:127->/home/lab_726/boom/hls_boom/include/boom_state.hpp:255->/home/lab_726/boom/hls_boom/src/boom_core_merged.cpp:2884]   --->   Operation 551 'specloopname' 'specloopname_ln127' <Predicate = (!icmp_ln127_1)> <Delay = 0.00>
ST_10 : Operation 552 [1/1] (0.58ns)   --->   "%switch_ln127 = switch i2 %i_17, void %branch11, i2 0, void %branch9, i2 1, void %branch10" [/home/lab_726/boom/hls_boom/include/boom_state.hpp:127->/home/lab_726/boom/hls_boom/include/boom_state.hpp:255->/home/lab_726/boom/hls_boom/src/boom_core_merged.cpp:2884]   --->   Operation 552 'switch' 'switch_ln127' <Predicate = (!icmp_ln127_1)> <Delay = 0.58>
ST_10 : Operation 553 [1/1] (0.00ns)   --->   "%store_ln127 = store i8 0, i8 %state_execute_alu_results_uop_branch_br_mask_1" [/home/lab_726/boom/hls_boom/include/boom_state.hpp:127->/home/lab_726/boom/hls_boom/include/boom_state.hpp:255->/home/lab_726/boom/hls_boom/src/boom_core_merged.cpp:2884]   --->   Operation 553 'store' 'store_ln127' <Predicate = (!icmp_ln127_1 & i_17 == 1)> <Delay = 0.00>
ST_10 : Operation 554 [1/1] (0.00ns)   --->   "%br_ln0 = br void %.split.i26.i162535145195205215285335415485515525565605615865925"   --->   Operation 554 'br' 'br_ln0' <Predicate = (!icmp_ln127_1 & i_17 == 1)> <Delay = 0.00>
ST_10 : Operation 555 [1/1] (0.00ns)   --->   "%store_ln127 = store i8 0, i8 %state_execute_alu_results_uop_branch_br_mask_0" [/home/lab_726/boom/hls_boom/include/boom_state.hpp:127->/home/lab_726/boom/hls_boom/include/boom_state.hpp:255->/home/lab_726/boom/hls_boom/src/boom_core_merged.cpp:2884]   --->   Operation 555 'store' 'store_ln127' <Predicate = (!icmp_ln127_1 & i_17 == 0)> <Delay = 0.00>
ST_10 : Operation 556 [1/1] (0.00ns)   --->   "%br_ln0 = br void %.split.i26.i162535145195205215285335415485515525565605615865925"   --->   Operation 556 'br' 'br_ln0' <Predicate = (!icmp_ln127_1 & i_17 == 0)> <Delay = 0.00>
ST_10 : Operation 557 [1/1] (0.00ns)   --->   "%store_ln127 = store i8 0, i8 %state_execute_alu_results_uop_branch_br_mask_2" [/home/lab_726/boom/hls_boom/include/boom_state.hpp:127->/home/lab_726/boom/hls_boom/include/boom_state.hpp:255->/home/lab_726/boom/hls_boom/src/boom_core_merged.cpp:2884]   --->   Operation 557 'store' 'store_ln127' <Predicate = (!icmp_ln127_1 & i_17 != 0 & i_17 != 1)> <Delay = 0.00>
ST_10 : Operation 558 [1/1] (0.00ns)   --->   "%br_ln0 = br void %.split.i26.i162535145195205215285335415485515525565605615865925"   --->   Operation 558 'br' 'br_ln0' <Predicate = (!icmp_ln127_1 & i_17 != 0 & i_17 != 1)> <Delay = 0.00>
ST_10 : Operation 559 [1/1] (0.42ns)   --->   "%store_ln127 = store i2 %add_ln127_1, i2 %i_5" [/home/lab_726/boom/hls_boom/include/boom_state.hpp:127->/home/lab_726/boom/hls_boom/include/boom_state.hpp:255->/home/lab_726/boom/hls_boom/src/boom_core_merged.cpp:2884]   --->   Operation 559 'store' 'store_ln127' <Predicate = (!icmp_ln127_1)> <Delay = 0.42>
ST_10 : Operation 560 [1/1] (0.00ns)   --->   "%br_ln0 = br void %.preheader.i24.i"   --->   Operation 560 'br' 'br_ln0' <Predicate = (!icmp_ln127_1)> <Delay = 0.00>
ST_10 : Operation 561 [1/1] (0.00ns)   --->   "%indvar_i27_i = alloca i32 1"   --->   Operation 561 'alloca' 'indvar_i27_i' <Predicate = (icmp_ln127_1)> <Delay = 0.00>
ST_10 : Operation 562 [1/1] (0.42ns)   --->   "%store_ln140 = store i5 0, i5 %indvar_i27_i" [/home/lab_726/boom/hls_boom/include/boom_state.hpp:140->/home/lab_726/boom/hls_boom/include/boom_state.hpp:255->/home/lab_726/boom/hls_boom/src/boom_core_merged.cpp:2884]   --->   Operation 562 'store' 'store_ln140' <Predicate = (icmp_ln127_1)> <Delay = 0.42>
ST_10 : Operation 563 [1/1] (0.00ns)   --->   "%br_ln140 = br void %arrayctor.loop.i43.i" [/home/lab_726/boom/hls_boom/include/boom_state.hpp:140->/home/lab_726/boom/hls_boom/include/boom_state.hpp:255->/home/lab_726/boom/hls_boom/src/boom_core_merged.cpp:2884]   --->   Operation 563 'br' 'br_ln140' <Predicate = (icmp_ln127_1)> <Delay = 0.00>

State 11 <SV = 9> <Delay = 1.23>
ST_11 : Operation 564 [1/1] (0.00ns)   --->   "%indvar_i27_i_load = load i5 %indvar_i27_i" [/home/lab_726/boom/hls_boom/include/boom_state.hpp:140->/home/lab_726/boom/hls_boom/include/boom_state.hpp:255->/home/lab_726/boom/hls_boom/src/boom_core_merged.cpp:2884]   --->   Operation 564 'load' 'indvar_i27_i_load' <Predicate = true> <Delay = 0.00>
ST_11 : Operation 565 [1/1] (0.78ns)   --->   "%add_ln140 = add i5 %indvar_i27_i_load, i5 1" [/home/lab_726/boom/hls_boom/include/boom_state.hpp:140->/home/lab_726/boom/hls_boom/include/boom_state.hpp:255->/home/lab_726/boom/hls_boom/src/boom_core_merged.cpp:2884]   --->   Operation 565 'add' 'add_ln140' <Predicate = true> <Delay = 0.78> <CoreInst = "Adder">   --->   Core 1 'Adder' <Latency = 0> <II = 1> <Delay = 0.78> <FuncUnit> <Opcode : 'add' 'sub'> <InPorts = 2> <OutPorts = 1>
ST_11 : Operation 566 [1/1] (0.00ns)   --->   "%zext_ln140 = zext i5 %indvar_i27_i_load" [/home/lab_726/boom/hls_boom/include/boom_state.hpp:140->/home/lab_726/boom/hls_boom/include/boom_state.hpp:255->/home/lab_726/boom/hls_boom/src/boom_core_merged.cpp:2884]   --->   Operation 566 'zext' 'zext_ln140' <Predicate = true> <Delay = 0.00>
ST_11 : Operation 567 [1/1] (0.00ns)   --->   "%this_valid_1 = getelementptr i1 %state_rob_entries_valid, i64 0, i64 %zext_ln140" [/home/lab_726/boom/hls_boom/include/boom_state.hpp:140->/home/lab_726/boom/hls_boom/include/boom_state.hpp:255->/home/lab_726/boom/hls_boom/src/boom_core_merged.cpp:2884]   --->   Operation 567 'getelementptr' 'this_valid_1' <Predicate = true> <Delay = 0.00>
ST_11 : Operation 568 [1/1] (0.00ns)   --->   "%this_busy = getelementptr i1 %state_rob_entries_busy, i64 0, i64 %zext_ln140" [/home/lab_726/boom/hls_boom/include/boom_state.hpp:140->/home/lab_726/boom/hls_boom/include/boom_state.hpp:255->/home/lab_726/boom/hls_boom/src/boom_core_merged.cpp:2884]   --->   Operation 568 'getelementptr' 'this_busy' <Predicate = true> <Delay = 0.00>
ST_11 : Operation 569 [1/1] (0.00ns)   --->   "%this_uop_branch_br_mask_1 = getelementptr i8 %state_rob_entries_uop_branch_br_mask, i64 0, i64 %zext_ln140" [/home/lab_726/boom/hls_boom/include/boom_state.hpp:140->/home/lab_726/boom/hls_boom/include/boom_state.hpp:255->/home/lab_726/boom/hls_boom/src/boom_core_merged.cpp:2884]   --->   Operation 569 'getelementptr' 'this_uop_branch_br_mask_1' <Predicate = true> <Delay = 0.00>
ST_11 : Operation 570 [1/1] (0.00ns)   --->   "%this_uop_queue_rob_allocation_id_1 = getelementptr i32 %state_rob_entries_uop_queue_rob_allocation_id, i64 0, i64 %zext_ln140" [/home/lab_726/boom/hls_boom/include/boom_state.hpp:140->/home/lab_726/boom/hls_boom/include/boom_state.hpp:255->/home/lab_726/boom/hls_boom/src/boom_core_merged.cpp:2884]   --->   Operation 570 'getelementptr' 'this_uop_queue_rob_allocation_id_1' <Predicate = true> <Delay = 0.00>
ST_11 : Operation 571 [1/1] (0.00ns)   --->   "%this_memory_valid = getelementptr i1 %state_rob_entries_memory_valid, i64 0, i64 %zext_ln140" [/home/lab_726/boom/hls_boom/include/boom_state.hpp:140->/home/lab_726/boom/hls_boom/include/boom_state.hpp:255->/home/lab_726/boom/hls_boom/src/boom_core_merged.cpp:2884]   --->   Operation 571 'getelementptr' 'this_memory_valid' <Predicate = true> <Delay = 0.00>
ST_11 : Operation 572 [1/1] (0.00ns)   --->   "%this_is_load = getelementptr i1 %state_rob_entries_is_load, i64 0, i64 %zext_ln140" [/home/lab_726/boom/hls_boom/include/boom_state.hpp:140->/home/lab_726/boom/hls_boom/include/boom_state.hpp:255->/home/lab_726/boom/hls_boom/src/boom_core_merged.cpp:2884]   --->   Operation 572 'getelementptr' 'this_is_load' <Predicate = true> <Delay = 0.00>
ST_11 : Operation 573 [1/1] (0.00ns)   --->   "%this_memory_request_sent = getelementptr i1 %state_rob_entries_memory_request_sent, i64 0, i64 %zext_ln140" [/home/lab_726/boom/hls_boom/include/boom_state.hpp:140->/home/lab_726/boom/hls_boom/include/boom_state.hpp:255->/home/lab_726/boom/hls_boom/src/boom_core_merged.cpp:2884]   --->   Operation 573 'getelementptr' 'this_memory_request_sent' <Predicate = true> <Delay = 0.00>
ST_11 : Operation 574 [1/1] (0.00ns)   --->   "%this_memory_completed = getelementptr i1 %state_rob_entries_memory_completed, i64 0, i64 %zext_ln140" [/home/lab_726/boom/hls_boom/include/boom_state.hpp:140->/home/lab_726/boom/hls_boom/include/boom_state.hpp:255->/home/lab_726/boom/hls_boom/src/boom_core_merged.cpp:2884]   --->   Operation 574 'getelementptr' 'this_memory_completed' <Predicate = true> <Delay = 0.00>
ST_11 : Operation 575 [1/1] (0.00ns)   --->   "%this_memory_transaction_id = getelementptr i1 %state_rob_entries_memory_transaction_id, i64 0, i64 %zext_ln140" [/home/lab_726/boom/hls_boom/include/boom_state.hpp:140->/home/lab_726/boom/hls_boom/include/boom_state.hpp:255->/home/lab_726/boom/hls_boom/src/boom_core_merged.cpp:2884]   --->   Operation 575 'getelementptr' 'this_memory_transaction_id' <Predicate = true> <Delay = 0.00>
ST_11 : Operation 576 [1/1] (0.67ns)   --->   "%store_ln166 = store i1 0, i5 %this_valid_1" [/home/lab_726/boom/hls_boom/include/boom_types.hpp:166->/home/lab_726/boom/hls_boom/include/boom_state.hpp:140->/home/lab_726/boom/hls_boom/include/boom_state.hpp:255->/home/lab_726/boom/hls_boom/src/boom_core_merged.cpp:2884]   --->   Operation 576 'store' 'store_ln166' <Predicate = true> <Delay = 0.67> <CoreInst = "RAM">   --->   Core 83 'RAM' <Latency = 1> <II = 1> <Delay = 0.67> <Storage> <Opcode : 'load' 'store'> <Ports = 2> <Width = 1> <Depth = 32> <RAM>
ST_11 : Operation 577 [1/1] (0.67ns)   --->   "%store_ln166 = store i1 0, i5 %this_busy" [/home/lab_726/boom/hls_boom/include/boom_types.hpp:166->/home/lab_726/boom/hls_boom/include/boom_state.hpp:140->/home/lab_726/boom/hls_boom/include/boom_state.hpp:255->/home/lab_726/boom/hls_boom/src/boom_core_merged.cpp:2884]   --->   Operation 577 'store' 'store_ln166' <Predicate = true> <Delay = 0.67> <CoreInst = "RAM">   --->   Core 83 'RAM' <Latency = 1> <II = 1> <Delay = 0.67> <Storage> <Opcode : 'load' 'store'> <Ports = 2> <Width = 1> <Depth = 32> <RAM>
ST_11 : Operation 578 [1/1] (0.67ns)   --->   "%store_ln83 = store i8 0, i5 %this_uop_branch_br_mask_1" [/home/lab_726/boom/hls_boom/include/boom_types.hpp:83->/home/lab_726/boom/hls_boom/include/boom_state.hpp:255->/home/lab_726/boom/hls_boom/src/boom_core_merged.cpp:2884]   --->   Operation 578 'store' 'store_ln83' <Predicate = true> <Delay = 0.67> <CoreInst = "RAM">   --->   Core 83 'RAM' <Latency = 1> <II = 1> <Delay = 0.67> <Storage> <Opcode : 'load' 'store'> <Ports = 2> <Width = 8> <Depth = 32> <RAM>
ST_11 : Operation 579 [1/1] (1.23ns)   --->   "%store_ln84 = store i32 0, i5 %this_uop_queue_rob_allocation_id_1" [/home/lab_726/boom/hls_boom/include/boom_types.hpp:84->/home/lab_726/boom/hls_boom/include/boom_state.hpp:255->/home/lab_726/boom/hls_boom/src/boom_core_merged.cpp:2884]   --->   Operation 579 'store' 'store_ln84' <Predicate = true> <Delay = 1.23> <CoreInst = "RAM">   --->   Core 83 'RAM' <Latency = 1> <II = 1> <Delay = 1.23> <Storage> <Opcode : 'load' 'store'> <Ports = 2> <Width = 32> <Depth = 32> <RAM>
ST_11 : Operation 580 [1/1] (0.67ns)   --->   "%store_ln168 = store i1 0, i5 %this_memory_valid" [/home/lab_726/boom/hls_boom/include/boom_types.hpp:168->/home/lab_726/boom/hls_boom/include/boom_state.hpp:140->/home/lab_726/boom/hls_boom/include/boom_state.hpp:255->/home/lab_726/boom/hls_boom/src/boom_core_merged.cpp:2884]   --->   Operation 580 'store' 'store_ln168' <Predicate = true> <Delay = 0.67> <CoreInst = "RAM">   --->   Core 83 'RAM' <Latency = 1> <II = 1> <Delay = 0.67> <Storage> <Opcode : 'load' 'store'> <Ports = 2> <Width = 1> <Depth = 32> <RAM>
ST_11 : Operation 581 [1/1] (0.67ns)   --->   "%store_ln168 = store i1 0, i5 %this_is_load" [/home/lab_726/boom/hls_boom/include/boom_types.hpp:168->/home/lab_726/boom/hls_boom/include/boom_state.hpp:140->/home/lab_726/boom/hls_boom/include/boom_state.hpp:255->/home/lab_726/boom/hls_boom/src/boom_core_merged.cpp:2884]   --->   Operation 581 'store' 'store_ln168' <Predicate = true> <Delay = 0.67> <CoreInst = "RAM">   --->   Core 83 'RAM' <Latency = 1> <II = 1> <Delay = 0.67> <Storage> <Opcode : 'load' 'store'> <Ports = 2> <Width = 1> <Depth = 32> <RAM>
ST_11 : Operation 582 [1/1] (0.67ns)   --->   "%store_ln169 = store i1 0, i5 %this_memory_request_sent" [/home/lab_726/boom/hls_boom/include/boom_types.hpp:169->/home/lab_726/boom/hls_boom/include/boom_state.hpp:140->/home/lab_726/boom/hls_boom/include/boom_state.hpp:255->/home/lab_726/boom/hls_boom/src/boom_core_merged.cpp:2884]   --->   Operation 582 'store' 'store_ln169' <Predicate = true> <Delay = 0.67> <CoreInst = "RAM">   --->   Core 83 'RAM' <Latency = 1> <II = 1> <Delay = 0.67> <Storage> <Opcode : 'load' 'store'> <Ports = 2> <Width = 1> <Depth = 32> <RAM>
ST_11 : Operation 583 [1/1] (0.67ns)   --->   "%store_ln169 = store i1 0, i5 %this_memory_completed" [/home/lab_726/boom/hls_boom/include/boom_types.hpp:169->/home/lab_726/boom/hls_boom/include/boom_state.hpp:140->/home/lab_726/boom/hls_boom/include/boom_state.hpp:255->/home/lab_726/boom/hls_boom/src/boom_core_merged.cpp:2884]   --->   Operation 583 'store' 'store_ln169' <Predicate = true> <Delay = 0.67> <CoreInst = "RAM">   --->   Core 83 'RAM' <Latency = 1> <II = 1> <Delay = 0.67> <Storage> <Opcode : 'load' 'store'> <Ports = 2> <Width = 1> <Depth = 32> <RAM>
ST_11 : Operation 584 [1/1] (0.67ns)   --->   "%store_ln170 = store i1 0, i5 %this_memory_transaction_id" [/home/lab_726/boom/hls_boom/include/boom_types.hpp:170->/home/lab_726/boom/hls_boom/include/boom_state.hpp:140->/home/lab_726/boom/hls_boom/include/boom_state.hpp:255->/home/lab_726/boom/hls_boom/src/boom_core_merged.cpp:2884]   --->   Operation 584 'store' 'store_ln170' <Predicate = true> <Delay = 0.67> <CoreInst = "RAM">   --->   Core 83 'RAM' <Latency = 1> <II = 1> <Delay = 0.67> <Storage> <Opcode : 'load' 'store'> <Ports = 2> <Width = 1> <Depth = 32> <RAM>
ST_11 : Operation 585 [1/1] (0.75ns)   --->   "%icmp_ln140 = icmp_eq  i5 %indvar_i27_i_load, i5 31" [/home/lab_726/boom/hls_boom/include/boom_state.hpp:140->/home/lab_726/boom/hls_boom/include/boom_state.hpp:255->/home/lab_726/boom/hls_boom/src/boom_core_merged.cpp:2884]   --->   Operation 585 'icmp' 'icmp_ln140' <Predicate = true> <Delay = 0.75> <CoreInst = "Cmp">   --->   Core 9 'Cmp' <Latency = 0> <II = 1> <Delay = 0.78> <FuncUnit> <Opcode : 'icmp'> <InPorts = 2> <OutPorts = 1>
ST_11 : Operation 586 [1/1] (0.00ns)   --->   "%empty_74 = speclooptripcount i32 @_ssdm_op_SpecLoopTripCount, i64 32, i64 32, i64 32"   --->   Operation 586 'speclooptripcount' 'empty_74' <Predicate = true> <Delay = 0.00>
ST_11 : Operation 587 [1/1] (0.00ns)   --->   "%br_ln140 = br i1 %icmp_ln140, void %arrayctor.loop.i43.i.arrayctor.loop.i43.i_crit_edge, void" [/home/lab_726/boom/hls_boom/include/boom_state.hpp:140->/home/lab_726/boom/hls_boom/include/boom_state.hpp:255->/home/lab_726/boom/hls_boom/src/boom_core_merged.cpp:2884]   --->   Operation 587 'br' 'br_ln140' <Predicate = true> <Delay = 0.00>
ST_11 : Operation 588 [1/1] (0.42ns)   --->   "%store_ln140 = store i5 %add_ln140, i5 %indvar_i27_i" [/home/lab_726/boom/hls_boom/include/boom_state.hpp:140->/home/lab_726/boom/hls_boom/include/boom_state.hpp:255->/home/lab_726/boom/hls_boom/src/boom_core_merged.cpp:2884]   --->   Operation 588 'store' 'store_ln140' <Predicate = (!icmp_ln140)> <Delay = 0.42>
ST_11 : Operation 589 [1/1] (0.00ns)   --->   "%br_ln140 = br void %arrayctor.loop.i43.i" [/home/lab_726/boom/hls_boom/include/boom_state.hpp:140->/home/lab_726/boom/hls_boom/include/boom_state.hpp:255->/home/lab_726/boom/hls_boom/src/boom_core_merged.cpp:2884]   --->   Operation 589 'br' 'br_ln140' <Predicate = (!icmp_ln140)> <Delay = 0.00>
ST_11 : Operation 590 [1/1] (0.00ns)   --->   "%i_6 = alloca i32 1"   --->   Operation 590 'alloca' 'i_6' <Predicate = (icmp_ln140)> <Delay = 0.00>
ST_11 : Operation 591 [1/1] (0.00ns)   --->   "%store_ln140 = store i5 0, i5 %state_rob_tail" [/home/lab_726/boom/hls_boom/include/boom_state.hpp:140->/home/lab_726/boom/hls_boom/include/boom_state.hpp:255->/home/lab_726/boom/hls_boom/src/boom_core_merged.cpp:2884]   --->   Operation 591 'store' 'store_ln140' <Predicate = (icmp_ln140)> <Delay = 0.00>
ST_11 : Operation 592 [1/1] (0.00ns)   --->   "%store_ln140 = store i32 1, i32 %state_rob_next_allocation_id" [/home/lab_726/boom/hls_boom/include/boom_state.hpp:140->/home/lab_726/boom/hls_boom/include/boom_state.hpp:255->/home/lab_726/boom/hls_boom/src/boom_core_merged.cpp:2884]   --->   Operation 592 'store' 'store_ln140' <Predicate = (icmp_ln140)> <Delay = 0.00>
ST_11 : Operation 593 [1/1] (0.00ns)   --->   "%store_ln140 = store i1 0, i1 %state_rob_maybe_full" [/home/lab_726/boom/hls_boom/include/boom_state.hpp:140->/home/lab_726/boom/hls_boom/include/boom_state.hpp:255->/home/lab_726/boom/hls_boom/src/boom_core_merged.cpp:2884]   --->   Operation 593 'store' 'store_ln140' <Predicate = (icmp_ln140)> <Delay = 0.00>
ST_11 : Operation 594 [1/1] (0.00ns)   --->   "%store_ln140 = store i1 0, i1 %state_rob_state" [/home/lab_726/boom/hls_boom/include/boom_state.hpp:140->/home/lab_726/boom/hls_boom/include/boom_state.hpp:255->/home/lab_726/boom/hls_boom/src/boom_core_merged.cpp:2884]   --->   Operation 594 'store' 'store_ln140' <Predicate = (icmp_ln140)> <Delay = 0.00>
ST_11 : Operation 595 [1/1] (0.42ns)   --->   "%store_ln142 = store i6 0, i6 %i_6" [/home/lab_726/boom/hls_boom/include/boom_state.hpp:142->/home/lab_726/boom/hls_boom/include/boom_state.hpp:255->/home/lab_726/boom/hls_boom/src/boom_core_merged.cpp:2884]   --->   Operation 595 'store' 'store_ln142' <Predicate = (icmp_ln140)> <Delay = 0.42>
ST_11 : Operation 596 [1/1] (0.00ns)   --->   "%br_ln142 = br void" [/home/lab_726/boom/hls_boom/include/boom_state.hpp:142->/home/lab_726/boom/hls_boom/include/boom_state.hpp:255->/home/lab_726/boom/hls_boom/src/boom_core_merged.cpp:2884]   --->   Operation 596 'br' 'br_ln142' <Predicate = (icmp_ln140)> <Delay = 0.00>

State 12 <SV = 10> <Delay = 2.02>
ST_12 : Operation 597 [1/1] (0.00ns)   --->   "%i_18 = load i6 %i_6" [/home/lab_726/boom/hls_boom/include/boom_state.hpp:142->/home/lab_726/boom/hls_boom/include/boom_state.hpp:255->/home/lab_726/boom/hls_boom/src/boom_core_merged.cpp:2884]   --->   Operation 597 'load' 'i_18' <Predicate = true> <Delay = 0.00>
ST_12 : Operation 598 [1/1] (0.00ns)   --->   "%zext_ln142 = zext i6 %i_18" [/home/lab_726/boom/hls_boom/include/boom_state.hpp:142->/home/lab_726/boom/hls_boom/include/boom_state.hpp:255->/home/lab_726/boom/hls_boom/src/boom_core_merged.cpp:2884]   --->   Operation 598 'zext' 'zext_ln142' <Predicate = true> <Delay = 0.00>
ST_12 : Operation 599 [1/1] (0.78ns)   --->   "%icmp_ln142 = icmp_eq  i6 %i_18, i6 32" [/home/lab_726/boom/hls_boom/include/boom_state.hpp:142->/home/lab_726/boom/hls_boom/include/boom_state.hpp:255->/home/lab_726/boom/hls_boom/src/boom_core_merged.cpp:2884]   --->   Operation 599 'icmp' 'icmp_ln142' <Predicate = true> <Delay = 0.78> <CoreInst = "Cmp">   --->   Core 9 'Cmp' <Latency = 0> <II = 1> <Delay = 0.78> <FuncUnit> <Opcode : 'icmp'> <InPorts = 2> <OutPorts = 1>
ST_12 : Operation 600 [1/1] (0.00ns)   --->   "%empty_75 = speclooptripcount i32 @_ssdm_op_SpecLoopTripCount, i64 32, i64 32, i64 32"   --->   Operation 600 'speclooptripcount' 'empty_75' <Predicate = true> <Delay = 0.00>
ST_12 : Operation 601 [1/1] (0.78ns)   --->   "%add_ln142 = add i6 %i_18, i6 1" [/home/lab_726/boom/hls_boom/include/boom_state.hpp:142->/home/lab_726/boom/hls_boom/include/boom_state.hpp:255->/home/lab_726/boom/hls_boom/src/boom_core_merged.cpp:2884]   --->   Operation 601 'add' 'add_ln142' <Predicate = true> <Delay = 0.78> <CoreInst = "Adder">   --->   Core 1 'Adder' <Latency = 0> <II = 1> <Delay = 0.78> <FuncUnit> <Opcode : 'add' 'sub'> <InPorts = 2> <OutPorts = 1>
ST_12 : Operation 602 [1/1] (0.00ns)   --->   "%br_ln142 = br i1 %icmp_ln142, void %.split.i57.i, void %arrayctor.loop.i.i.preheader" [/home/lab_726/boom/hls_boom/include/boom_state.hpp:142->/home/lab_726/boom/hls_boom/include/boom_state.hpp:255->/home/lab_726/boom/hls_boom/src/boom_core_merged.cpp:2884]   --->   Operation 602 'br' 'br_ln142' <Predicate = true> <Delay = 0.00>
ST_12 : Operation 603 [1/1] (0.00ns)   --->   "%specloopname_ln142 = specloopname void @_ssdm_op_SpecLoopName, void @empty_46" [/home/lab_726/boom/hls_boom/include/boom_state.hpp:142->/home/lab_726/boom/hls_boom/include/boom_state.hpp:255->/home/lab_726/boom/hls_boom/src/boom_core_merged.cpp:2884]   --->   Operation 603 'specloopname' 'specloopname_ln142' <Predicate = (!icmp_ln142)> <Delay = 0.00>
ST_12 : Operation 604 [1/1] (0.00ns)   --->   "%state_rob_entries_valid_addr = getelementptr i1 %state_rob_entries_valid, i64 0, i64 %zext_ln142" [/home/lab_726/boom/hls_boom/include/boom_state.hpp:142->/home/lab_726/boom/hls_boom/include/boom_state.hpp:255->/home/lab_726/boom/hls_boom/src/boom_core_merged.cpp:2884]   --->   Operation 604 'getelementptr' 'state_rob_entries_valid_addr' <Predicate = (!icmp_ln142)> <Delay = 0.00>
ST_12 : Operation 605 [1/1] (0.67ns)   --->   "%store_ln142 = store i1 0, i5 %state_rob_entries_valid_addr" [/home/lab_726/boom/hls_boom/include/boom_state.hpp:142->/home/lab_726/boom/hls_boom/include/boom_state.hpp:255->/home/lab_726/boom/hls_boom/src/boom_core_merged.cpp:2884]   --->   Operation 605 'store' 'store_ln142' <Predicate = (!icmp_ln142)> <Delay = 0.67> <CoreInst = "RAM">   --->   Core 83 'RAM' <Latency = 1> <II = 1> <Delay = 0.67> <Storage> <Opcode : 'load' 'store'> <Ports = 2> <Width = 1> <Depth = 32> <RAM>
ST_12 : Operation 606 [1/1] (0.00ns)   --->   "%state_rob_entries_busy_addr = getelementptr i1 %state_rob_entries_busy, i64 0, i64 %zext_ln142" [/home/lab_726/boom/hls_boom/include/boom_state.hpp:142->/home/lab_726/boom/hls_boom/include/boom_state.hpp:255->/home/lab_726/boom/hls_boom/src/boom_core_merged.cpp:2884]   --->   Operation 606 'getelementptr' 'state_rob_entries_busy_addr' <Predicate = (!icmp_ln142)> <Delay = 0.00>
ST_12 : Operation 607 [1/1] (0.67ns)   --->   "%store_ln142 = store i1 0, i5 %state_rob_entries_busy_addr" [/home/lab_726/boom/hls_boom/include/boom_state.hpp:142->/home/lab_726/boom/hls_boom/include/boom_state.hpp:255->/home/lab_726/boom/hls_boom/src/boom_core_merged.cpp:2884]   --->   Operation 607 'store' 'store_ln142' <Predicate = (!icmp_ln142)> <Delay = 0.67> <CoreInst = "RAM">   --->   Core 83 'RAM' <Latency = 1> <II = 1> <Delay = 0.67> <Storage> <Opcode : 'load' 'store'> <Ports = 2> <Width = 1> <Depth = 32> <RAM>
ST_12 : Operation 608 [1/1] (0.00ns)   --->   "%state_rob_entries_uop_branch_br_mask_addr = getelementptr i8 %state_rob_entries_uop_branch_br_mask, i64 0, i64 %zext_ln142" [/home/lab_726/boom/hls_boom/include/boom_state.hpp:142->/home/lab_726/boom/hls_boom/include/boom_state.hpp:255->/home/lab_726/boom/hls_boom/src/boom_core_merged.cpp:2884]   --->   Operation 608 'getelementptr' 'state_rob_entries_uop_branch_br_mask_addr' <Predicate = (!icmp_ln142)> <Delay = 0.00>
ST_12 : Operation 609 [1/1] (0.67ns)   --->   "%store_ln142 = store i8 0, i5 %state_rob_entries_uop_branch_br_mask_addr" [/home/lab_726/boom/hls_boom/include/boom_state.hpp:142->/home/lab_726/boom/hls_boom/include/boom_state.hpp:255->/home/lab_726/boom/hls_boom/src/boom_core_merged.cpp:2884]   --->   Operation 609 'store' 'store_ln142' <Predicate = (!icmp_ln142)> <Delay = 0.67> <CoreInst = "RAM">   --->   Core 83 'RAM' <Latency = 1> <II = 1> <Delay = 0.67> <Storage> <Opcode : 'load' 'store'> <Ports = 2> <Width = 8> <Depth = 32> <RAM>
ST_12 : Operation 610 [1/1] (0.00ns)   --->   "%state_rob_entries_uop_queue_rob_allocation_id_addr = getelementptr i32 %state_rob_entries_uop_queue_rob_allocation_id, i64 0, i64 %zext_ln142" [/home/lab_726/boom/hls_boom/include/boom_state.hpp:142->/home/lab_726/boom/hls_boom/include/boom_state.hpp:255->/home/lab_726/boom/hls_boom/src/boom_core_merged.cpp:2884]   --->   Operation 610 'getelementptr' 'state_rob_entries_uop_queue_rob_allocation_id_addr' <Predicate = (!icmp_ln142)> <Delay = 0.00>
ST_12 : Operation 611 [1/1] (1.23ns)   --->   "%store_ln142 = store i32 0, i5 %state_rob_entries_uop_queue_rob_allocation_id_addr" [/home/lab_726/boom/hls_boom/include/boom_state.hpp:142->/home/lab_726/boom/hls_boom/include/boom_state.hpp:255->/home/lab_726/boom/hls_boom/src/boom_core_merged.cpp:2884]   --->   Operation 611 'store' 'store_ln142' <Predicate = (!icmp_ln142)> <Delay = 1.23> <CoreInst = "RAM">   --->   Core 83 'RAM' <Latency = 1> <II = 1> <Delay = 1.23> <Storage> <Opcode : 'load' 'store'> <Ports = 2> <Width = 32> <Depth = 32> <RAM>
ST_12 : Operation 612 [1/1] (0.00ns)   --->   "%state_rob_entries_memory_valid_addr = getelementptr i1 %state_rob_entries_memory_valid, i64 0, i64 %zext_ln142" [/home/lab_726/boom/hls_boom/include/boom_state.hpp:142->/home/lab_726/boom/hls_boom/include/boom_state.hpp:255->/home/lab_726/boom/hls_boom/src/boom_core_merged.cpp:2884]   --->   Operation 612 'getelementptr' 'state_rob_entries_memory_valid_addr' <Predicate = (!icmp_ln142)> <Delay = 0.00>
ST_12 : Operation 613 [1/1] (0.67ns)   --->   "%store_ln142 = store i1 0, i5 %state_rob_entries_memory_valid_addr" [/home/lab_726/boom/hls_boom/include/boom_state.hpp:142->/home/lab_726/boom/hls_boom/include/boom_state.hpp:255->/home/lab_726/boom/hls_boom/src/boom_core_merged.cpp:2884]   --->   Operation 613 'store' 'store_ln142' <Predicate = (!icmp_ln142)> <Delay = 0.67> <CoreInst = "RAM">   --->   Core 83 'RAM' <Latency = 1> <II = 1> <Delay = 0.67> <Storage> <Opcode : 'load' 'store'> <Ports = 2> <Width = 1> <Depth = 32> <RAM>
ST_12 : Operation 614 [1/1] (0.00ns)   --->   "%state_rob_entries_is_load_addr = getelementptr i1 %state_rob_entries_is_load, i64 0, i64 %zext_ln142" [/home/lab_726/boom/hls_boom/include/boom_state.hpp:142->/home/lab_726/boom/hls_boom/include/boom_state.hpp:255->/home/lab_726/boom/hls_boom/src/boom_core_merged.cpp:2884]   --->   Operation 614 'getelementptr' 'state_rob_entries_is_load_addr' <Predicate = (!icmp_ln142)> <Delay = 0.00>
ST_12 : Operation 615 [1/1] (0.67ns)   --->   "%store_ln142 = store i1 0, i5 %state_rob_entries_is_load_addr" [/home/lab_726/boom/hls_boom/include/boom_state.hpp:142->/home/lab_726/boom/hls_boom/include/boom_state.hpp:255->/home/lab_726/boom/hls_boom/src/boom_core_merged.cpp:2884]   --->   Operation 615 'store' 'store_ln142' <Predicate = (!icmp_ln142)> <Delay = 0.67> <CoreInst = "RAM">   --->   Core 83 'RAM' <Latency = 1> <II = 1> <Delay = 0.67> <Storage> <Opcode : 'load' 'store'> <Ports = 2> <Width = 1> <Depth = 32> <RAM>
ST_12 : Operation 616 [1/1] (0.00ns)   --->   "%state_rob_entries_memory_request_sent_addr = getelementptr i1 %state_rob_entries_memory_request_sent, i64 0, i64 %zext_ln142" [/home/lab_726/boom/hls_boom/include/boom_state.hpp:142->/home/lab_726/boom/hls_boom/include/boom_state.hpp:255->/home/lab_726/boom/hls_boom/src/boom_core_merged.cpp:2884]   --->   Operation 616 'getelementptr' 'state_rob_entries_memory_request_sent_addr' <Predicate = (!icmp_ln142)> <Delay = 0.00>
ST_12 : Operation 617 [1/1] (0.67ns)   --->   "%store_ln142 = store i1 0, i5 %state_rob_entries_memory_request_sent_addr" [/home/lab_726/boom/hls_boom/include/boom_state.hpp:142->/home/lab_726/boom/hls_boom/include/boom_state.hpp:255->/home/lab_726/boom/hls_boom/src/boom_core_merged.cpp:2884]   --->   Operation 617 'store' 'store_ln142' <Predicate = (!icmp_ln142)> <Delay = 0.67> <CoreInst = "RAM">   --->   Core 83 'RAM' <Latency = 1> <II = 1> <Delay = 0.67> <Storage> <Opcode : 'load' 'store'> <Ports = 2> <Width = 1> <Depth = 32> <RAM>
ST_12 : Operation 618 [1/1] (0.00ns)   --->   "%state_rob_entries_memory_completed_addr = getelementptr i1 %state_rob_entries_memory_completed, i64 0, i64 %zext_ln142" [/home/lab_726/boom/hls_boom/include/boom_state.hpp:142->/home/lab_726/boom/hls_boom/include/boom_state.hpp:255->/home/lab_726/boom/hls_boom/src/boom_core_merged.cpp:2884]   --->   Operation 618 'getelementptr' 'state_rob_entries_memory_completed_addr' <Predicate = (!icmp_ln142)> <Delay = 0.00>
ST_12 : Operation 619 [1/1] (0.67ns)   --->   "%store_ln142 = store i1 0, i5 %state_rob_entries_memory_completed_addr" [/home/lab_726/boom/hls_boom/include/boom_state.hpp:142->/home/lab_726/boom/hls_boom/include/boom_state.hpp:255->/home/lab_726/boom/hls_boom/src/boom_core_merged.cpp:2884]   --->   Operation 619 'store' 'store_ln142' <Predicate = (!icmp_ln142)> <Delay = 0.67> <CoreInst = "RAM">   --->   Core 83 'RAM' <Latency = 1> <II = 1> <Delay = 0.67> <Storage> <Opcode : 'load' 'store'> <Ports = 2> <Width = 1> <Depth = 32> <RAM>
ST_12 : Operation 620 [1/1] (0.00ns)   --->   "%state_rob_entries_memory_transaction_id_addr = getelementptr i1 %state_rob_entries_memory_transaction_id, i64 0, i64 %zext_ln142" [/home/lab_726/boom/hls_boom/include/boom_state.hpp:142->/home/lab_726/boom/hls_boom/include/boom_state.hpp:255->/home/lab_726/boom/hls_boom/src/boom_core_merged.cpp:2884]   --->   Operation 620 'getelementptr' 'state_rob_entries_memory_transaction_id_addr' <Predicate = (!icmp_ln142)> <Delay = 0.00>
ST_12 : Operation 621 [1/1] (0.67ns)   --->   "%store_ln142 = store i1 0, i5 %state_rob_entries_memory_transaction_id_addr" [/home/lab_726/boom/hls_boom/include/boom_state.hpp:142->/home/lab_726/boom/hls_boom/include/boom_state.hpp:255->/home/lab_726/boom/hls_boom/src/boom_core_merged.cpp:2884]   --->   Operation 621 'store' 'store_ln142' <Predicate = (!icmp_ln142)> <Delay = 0.67> <CoreInst = "RAM">   --->   Core 83 'RAM' <Latency = 1> <II = 1> <Delay = 0.67> <Storage> <Opcode : 'load' 'store'> <Ports = 2> <Width = 1> <Depth = 32> <RAM>
ST_12 : Operation 622 [1/1] (0.42ns)   --->   "%store_ln142 = store i6 %add_ln142, i6 %i_6" [/home/lab_726/boom/hls_boom/include/boom_state.hpp:142->/home/lab_726/boom/hls_boom/include/boom_state.hpp:255->/home/lab_726/boom/hls_boom/src/boom_core_merged.cpp:2884]   --->   Operation 622 'store' 'store_ln142' <Predicate = (!icmp_ln142)> <Delay = 0.42>
ST_12 : Operation 623 [1/1] (0.00ns)   --->   "%br_ln0 = br void"   --->   Operation 623 'br' 'br_ln0' <Predicate = (!icmp_ln142)> <Delay = 0.00>
ST_12 : Operation 624 [1/1] (0.00ns)   --->   "%indvar_i_i = alloca i32 1"   --->   Operation 624 'alloca' 'indvar_i_i' <Predicate = (icmp_ln142)> <Delay = 0.00>
ST_12 : Operation 625 [1/1] (0.42ns)   --->   "%store_ln182 = store i3 0, i3 %indvar_i_i" [/home/lab_726/boom/hls_boom/include/boom_state.hpp:182]   --->   Operation 625 'store' 'store_ln182' <Predicate = (icmp_ln142)> <Delay = 0.42>
ST_12 : Operation 626 [1/1] (0.00ns)   --->   "%br_ln182 = br void %arrayctor.loop.i.i" [/home/lab_726/boom/hls_boom/include/boom_state.hpp:182]   --->   Operation 626 'br' 'br_ln182' <Predicate = (icmp_ln142)> <Delay = 0.00>

State 13 <SV = 11> <Delay = 1.09>
ST_13 : Operation 627 [1/1] (0.00ns)   --->   "%indvar_i_i_load = load i3 %indvar_i_i" [/home/lab_726/boom/hls_boom/include/boom_state.hpp:182]   --->   Operation 627 'load' 'indvar_i_i_load' <Predicate = true> <Delay = 0.00>
ST_13 : Operation 628 [1/1] (0.67ns)   --->   "%add_ln182 = add i3 %indvar_i_i_load, i3 1" [/home/lab_726/boom/hls_boom/include/boom_state.hpp:182]   --->   Operation 628 'add' 'add_ln182' <Predicate = true> <Delay = 0.67> <CoreInst = "Adder">   --->   Core 1 'Adder' <Latency = 0> <II = 1> <Delay = 0.78> <FuncUnit> <Opcode : 'add' 'sub'> <InPorts = 2> <OutPorts = 1>
ST_13 : Operation 629 [1/1] (0.00ns)   --->   "%zext_ln182 = zext i3 %indvar_i_i_load" [/home/lab_726/boom/hls_boom/include/boom_state.hpp:182]   --->   Operation 629 'zext' 'zext_ln182' <Predicate = true> <Delay = 0.00>
ST_13 : Operation 630 [1/1] (0.00ns)   --->   "%this_valid_2 = getelementptr i1 %state_lsu_stq_valid, i64 0, i64 %zext_ln182" [/home/lab_726/boom/hls_boom/include/boom_state.hpp:182]   --->   Operation 630 'getelementptr' 'this_valid_2' <Predicate = true> <Delay = 0.00>
ST_13 : Operation 631 [1/1] (0.00ns)   --->   "%this_address_valid = getelementptr i1 %state_lsu_stq_address_valid, i64 0, i64 %zext_ln182" [/home/lab_726/boom/hls_boom/include/boom_state.hpp:182]   --->   Operation 631 'getelementptr' 'this_address_valid' <Predicate = true> <Delay = 0.00>
ST_13 : Operation 632 [1/1] (0.00ns)   --->   "%this_data_valid = getelementptr i1 %state_lsu_stq_data_valid, i64 0, i64 %zext_ln182" [/home/lab_726/boom/hls_boom/include/boom_state.hpp:182]   --->   Operation 632 'getelementptr' 'this_data_valid' <Predicate = true> <Delay = 0.00>
ST_13 : Operation 633 [1/1] (0.00ns)   --->   "%this_committed = getelementptr i1 %state_lsu_stq_committed, i64 0, i64 %zext_ln182" [/home/lab_726/boom/hls_boom/include/boom_state.hpp:182]   --->   Operation 633 'getelementptr' 'this_committed' <Predicate = true> <Delay = 0.00>
ST_13 : Operation 634 [1/1] (0.00ns)   --->   "%this_issued_to_memory = getelementptr i1 %state_lsu_stq_issued_to_memory, i64 0, i64 %zext_ln182" [/home/lab_726/boom/hls_boom/include/boom_state.hpp:182]   --->   Operation 634 'getelementptr' 'this_issued_to_memory' <Predicate = true> <Delay = 0.00>
ST_13 : Operation 635 [1/1] (0.00ns)   --->   "%this_completed = getelementptr i1 %state_lsu_stq_completed, i64 0, i64 %zext_ln182" [/home/lab_726/boom/hls_boom/include/boom_state.hpp:182]   --->   Operation 635 'getelementptr' 'this_completed' <Predicate = true> <Delay = 0.00>
ST_13 : Operation 636 [1/1] (0.00ns)   --->   "%this_killed_1 = getelementptr i1 %state_lsu_stq_killed, i64 0, i64 %zext_ln182" [/home/lab_726/boom/hls_boom/include/boom_state.hpp:182]   --->   Operation 636 'getelementptr' 'this_killed_1' <Predicate = true> <Delay = 0.00>
ST_13 : Operation 637 [1/1] (0.00ns)   --->   "%this_rob_idx = getelementptr i8 %state_lsu_stq_rob_idx, i64 0, i64 %zext_ln182" [/home/lab_726/boom/hls_boom/include/boom_state.hpp:182]   --->   Operation 637 'getelementptr' 'this_rob_idx' <Predicate = true> <Delay = 0.00>
ST_13 : Operation 638 [1/1] (0.00ns)   --->   "%this_mask = getelementptr i8 %state_lsu_stq_mask, i64 0, i64 %zext_ln182" [/home/lab_726/boom/hls_boom/include/boom_state.hpp:182]   --->   Operation 638 'getelementptr' 'this_mask' <Predicate = true> <Delay = 0.00>
ST_13 : Operation 639 [1/1] (0.00ns)   --->   "%this_size = getelementptr i8 %state_lsu_stq_size, i64 0, i64 %zext_ln182" [/home/lab_726/boom/hls_boom/include/boom_state.hpp:182]   --->   Operation 639 'getelementptr' 'this_size' <Predicate = true> <Delay = 0.00>
ST_13 : Operation 640 [1/1] (0.00ns)   --->   "%this_branch_mask = getelementptr i8 %state_lsu_stq_branch_mask, i64 0, i64 %zext_ln182" [/home/lab_726/boom/hls_boom/include/boom_state.hpp:182]   --->   Operation 640 'getelementptr' 'this_branch_mask' <Predicate = true> <Delay = 0.00>
ST_13 : Operation 641 [1/1] (0.00ns)   --->   "%this_rob_allocation_id = getelementptr i32 %state_lsu_stq_rob_allocation_id, i64 0, i64 %zext_ln182" [/home/lab_726/boom/hls_boom/include/boom_state.hpp:182]   --->   Operation 641 'getelementptr' 'this_rob_allocation_id' <Predicate = true> <Delay = 0.00>
ST_13 : Operation 642 [1/1] (0.00ns)   --->   "%this_address = getelementptr i64 %state_lsu_stq_address, i64 0, i64 %zext_ln182" [/home/lab_726/boom/hls_boom/include/boom_state.hpp:182]   --->   Operation 642 'getelementptr' 'this_address' <Predicate = true> <Delay = 0.00>
ST_13 : Operation 643 [1/1] (0.00ns)   --->   "%this_data = getelementptr i64 %state_lsu_stq_data, i64 0, i64 %zext_ln182" [/home/lab_726/boom/hls_boom/include/boom_state.hpp:182]   --->   Operation 643 'getelementptr' 'this_data' <Predicate = true> <Delay = 0.00>
ST_13 : Operation 644 [1/1] (0.67ns)   --->   "%store_ln158 = store i1 0, i3 %this_valid_2" [/home/lab_726/boom/hls_boom/include/boom_state.hpp:158]   --->   Operation 644 'store' 'store_ln158' <Predicate = true> <Delay = 0.67> <CoreInst = "RAM">   --->   Core 83 'RAM' <Latency = 1> <II = 1> <Delay = 0.67> <Storage> <Opcode : 'load' 'store'> <Ports = 2> <Width = 1> <Depth = 8> <RAM>
ST_13 : Operation 645 [1/1] (0.67ns)   --->   "%store_ln158 = store i1 0, i3 %this_address_valid" [/home/lab_726/boom/hls_boom/include/boom_state.hpp:158]   --->   Operation 645 'store' 'store_ln158' <Predicate = true> <Delay = 0.67> <CoreInst = "RAM">   --->   Core 83 'RAM' <Latency = 1> <II = 1> <Delay = 0.67> <Storage> <Opcode : 'load' 'store'> <Ports = 2> <Width = 1> <Depth = 8> <RAM>
ST_13 : Operation 646 [1/1] (0.67ns)   --->   "%store_ln158 = store i1 0, i3 %this_data_valid" [/home/lab_726/boom/hls_boom/include/boom_state.hpp:158]   --->   Operation 646 'store' 'store_ln158' <Predicate = true> <Delay = 0.67> <CoreInst = "RAM">   --->   Core 83 'RAM' <Latency = 1> <II = 1> <Delay = 0.67> <Storage> <Opcode : 'load' 'store'> <Ports = 2> <Width = 1> <Depth = 8> <RAM>
ST_13 : Operation 647 [1/1] (0.67ns)   --->   "%store_ln158 = store i1 0, i3 %this_committed" [/home/lab_726/boom/hls_boom/include/boom_state.hpp:158]   --->   Operation 647 'store' 'store_ln158' <Predicate = true> <Delay = 0.67> <CoreInst = "RAM">   --->   Core 83 'RAM' <Latency = 1> <II = 1> <Delay = 0.67> <Storage> <Opcode : 'load' 'store'> <Ports = 2> <Width = 1> <Depth = 8> <RAM>
ST_13 : Operation 648 [1/1] (0.67ns)   --->   "%store_ln159 = store i1 0, i3 %this_issued_to_memory" [/home/lab_726/boom/hls_boom/include/boom_state.hpp:159]   --->   Operation 648 'store' 'store_ln159' <Predicate = true> <Delay = 0.67> <CoreInst = "RAM">   --->   Core 83 'RAM' <Latency = 1> <II = 1> <Delay = 0.67> <Storage> <Opcode : 'load' 'store'> <Ports = 2> <Width = 1> <Depth = 8> <RAM>
ST_13 : Operation 649 [1/1] (0.67ns)   --->   "%store_ln159 = store i1 0, i3 %this_completed" [/home/lab_726/boom/hls_boom/include/boom_state.hpp:159]   --->   Operation 649 'store' 'store_ln159' <Predicate = true> <Delay = 0.67> <CoreInst = "RAM">   --->   Core 83 'RAM' <Latency = 1> <II = 1> <Delay = 0.67> <Storage> <Opcode : 'load' 'store'> <Ports = 2> <Width = 1> <Depth = 8> <RAM>
ST_13 : Operation 650 [1/1] (0.67ns)   --->   "%store_ln159 = store i1 0, i3 %this_killed_1" [/home/lab_726/boom/hls_boom/include/boom_state.hpp:159]   --->   Operation 650 'store' 'store_ln159' <Predicate = true> <Delay = 0.67> <CoreInst = "RAM">   --->   Core 83 'RAM' <Latency = 1> <II = 1> <Delay = 0.67> <Storage> <Opcode : 'load' 'store'> <Ports = 2> <Width = 1> <Depth = 8> <RAM>
ST_13 : Operation 651 [1/1] (0.67ns)   --->   "%store_ln159 = store i8 0, i3 %this_rob_idx" [/home/lab_726/boom/hls_boom/include/boom_state.hpp:159]   --->   Operation 651 'store' 'store_ln159' <Predicate = true> <Delay = 0.67> <CoreInst = "RAM">   --->   Core 83 'RAM' <Latency = 1> <II = 1> <Delay = 0.67> <Storage> <Opcode : 'load' 'store'> <Ports = 2> <Width = 8> <Depth = 8> <RAM>
ST_13 : Operation 652 [1/1] (0.67ns)   --->   "%store_ln159 = store i8 0, i3 %this_mask" [/home/lab_726/boom/hls_boom/include/boom_state.hpp:159]   --->   Operation 652 'store' 'store_ln159' <Predicate = true> <Delay = 0.67> <CoreInst = "RAM">   --->   Core 83 'RAM' <Latency = 1> <II = 1> <Delay = 0.67> <Storage> <Opcode : 'load' 'store'> <Ports = 2> <Width = 8> <Depth = 8> <RAM>
ST_13 : Operation 653 [1/1] (0.67ns)   --->   "%store_ln160 = store i8 0, i3 %this_size" [/home/lab_726/boom/hls_boom/include/boom_state.hpp:160]   --->   Operation 653 'store' 'store_ln160' <Predicate = true> <Delay = 0.67> <CoreInst = "RAM">   --->   Core 83 'RAM' <Latency = 1> <II = 1> <Delay = 0.67> <Storage> <Opcode : 'load' 'store'> <Ports = 2> <Width = 8> <Depth = 8> <RAM>
ST_13 : Operation 654 [1/1] (0.67ns)   --->   "%store_ln160 = store i8 0, i3 %this_branch_mask" [/home/lab_726/boom/hls_boom/include/boom_state.hpp:160]   --->   Operation 654 'store' 'store_ln160' <Predicate = true> <Delay = 0.67> <CoreInst = "RAM">   --->   Core 83 'RAM' <Latency = 1> <II = 1> <Delay = 0.67> <Storage> <Opcode : 'load' 'store'> <Ports = 2> <Width = 8> <Depth = 8> <RAM>
ST_13 : Operation 655 [1/1] (0.67ns)   --->   "%store_ln160 = store i32 0, i3 %this_rob_allocation_id" [/home/lab_726/boom/hls_boom/include/boom_state.hpp:160]   --->   Operation 655 'store' 'store_ln160' <Predicate = true> <Delay = 0.67> <CoreInst = "RAM">   --->   Core 83 'RAM' <Latency = 1> <II = 1> <Delay = 0.67> <Storage> <Opcode : 'load' 'store'> <Ports = 2> <Width = 32> <Depth = 8> <RAM>
ST_13 : Operation 656 [1/1] (0.67ns)   --->   "%store_ln160 = store i64 0, i3 %this_address" [/home/lab_726/boom/hls_boom/include/boom_state.hpp:160]   --->   Operation 656 'store' 'store_ln160' <Predicate = true> <Delay = 0.67> <CoreInst = "RAM">   --->   Core 83 'RAM' <Latency = 1> <II = 1> <Delay = 0.67> <Storage> <Opcode : 'load' 'store'> <Ports = 2> <Width = 64> <Depth = 8> <RAM>
ST_13 : Operation 657 [1/1] (0.67ns)   --->   "%store_ln160 = store i64 0, i3 %this_data" [/home/lab_726/boom/hls_boom/include/boom_state.hpp:160]   --->   Operation 657 'store' 'store_ln160' <Predicate = true> <Delay = 0.67> <CoreInst = "RAM">   --->   Core 83 'RAM' <Latency = 1> <II = 1> <Delay = 0.67> <Storage> <Opcode : 'load' 'store'> <Ports = 2> <Width = 64> <Depth = 8> <RAM>
ST_13 : Operation 658 [1/1] (0.58ns)   --->   "%icmp_ln182 = icmp_eq  i3 %indvar_i_i_load, i3 7" [/home/lab_726/boom/hls_boom/include/boom_state.hpp:182]   --->   Operation 658 'icmp' 'icmp_ln182' <Predicate = true> <Delay = 0.58> <CoreInst = "Cmp">   --->   Core 9 'Cmp' <Latency = 0> <II = 1> <Delay = 0.78> <FuncUnit> <Opcode : 'icmp'> <InPorts = 2> <OutPorts = 1>
ST_13 : Operation 659 [1/1] (0.00ns)   --->   "%empty_76 = speclooptripcount i32 @_ssdm_op_SpecLoopTripCount, i64 8, i64 8, i64 8"   --->   Operation 659 'speclooptripcount' 'empty_76' <Predicate = true> <Delay = 0.00>
ST_13 : Operation 660 [1/1] (0.00ns)   --->   "%br_ln182 = br i1 %icmp_ln182, void %arrayctor.loop.i.i.arrayctor.loop.i.i_crit_edge, void %arrayctor.loop3.i.i.preheader" [/home/lab_726/boom/hls_boom/include/boom_state.hpp:182]   --->   Operation 660 'br' 'br_ln182' <Predicate = true> <Delay = 0.00>
ST_13 : Operation 661 [1/1] (0.42ns)   --->   "%store_ln182 = store i3 %add_ln182, i3 %indvar_i_i" [/home/lab_726/boom/hls_boom/include/boom_state.hpp:182]   --->   Operation 661 'store' 'store_ln182' <Predicate = (!icmp_ln182)> <Delay = 0.42>
ST_13 : Operation 662 [1/1] (0.00ns)   --->   "%br_ln182 = br void %arrayctor.loop.i.i" [/home/lab_726/boom/hls_boom/include/boom_state.hpp:182]   --->   Operation 662 'br' 'br_ln182' <Predicate = (!icmp_ln182)> <Delay = 0.00>
ST_13 : Operation 663 [1/1] (0.00ns)   --->   "%indvar4_i_i = alloca i32 1"   --->   Operation 663 'alloca' 'indvar4_i_i' <Predicate = (icmp_ln182)> <Delay = 0.00>
ST_13 : Operation 664 [1/1] (0.42ns)   --->   "%store_ln182 = store i3 0, i3 %indvar4_i_i" [/home/lab_726/boom/hls_boom/include/boom_state.hpp:182]   --->   Operation 664 'store' 'store_ln182' <Predicate = (icmp_ln182)> <Delay = 0.42>
ST_13 : Operation 665 [1/1] (0.00ns)   --->   "%br_ln182 = br void %arrayctor.loop3.i.i" [/home/lab_726/boom/hls_boom/include/boom_state.hpp:182]   --->   Operation 665 'br' 'br_ln182' <Predicate = (icmp_ln182)> <Delay = 0.00>

State 14 <SV = 12> <Delay = 1.09>
ST_14 : Operation 666 [1/1] (0.00ns)   --->   "%indvar4_i_i_load = load i3 %indvar4_i_i" [/home/lab_726/boom/hls_boom/include/boom_state.hpp:182]   --->   Operation 666 'load' 'indvar4_i_i_load' <Predicate = true> <Delay = 0.00>
ST_14 : Operation 667 [1/1] (0.67ns)   --->   "%add_ln182_1 = add i3 %indvar4_i_i_load, i3 1" [/home/lab_726/boom/hls_boom/include/boom_state.hpp:182]   --->   Operation 667 'add' 'add_ln182_1' <Predicate = true> <Delay = 0.67> <CoreInst = "Adder">   --->   Core 1 'Adder' <Latency = 0> <II = 1> <Delay = 0.78> <FuncUnit> <Opcode : 'add' 'sub'> <InPorts = 2> <OutPorts = 1>
ST_14 : Operation 668 [1/1] (0.00ns)   --->   "%zext_ln182_1 = zext i3 %indvar4_i_i_load" [/home/lab_726/boom/hls_boom/include/boom_state.hpp:182]   --->   Operation 668 'zext' 'zext_ln182_1' <Predicate = true> <Delay = 0.00>
ST_14 : Operation 669 [1/1] (0.00ns)   --->   "%this_valid_3 = getelementptr i1 %state_lsu_ldq_valid, i64 0, i64 %zext_ln182_1" [/home/lab_726/boom/hls_boom/include/boom_state.hpp:182]   --->   Operation 669 'getelementptr' 'this_valid_3' <Predicate = true> <Delay = 0.00>
ST_14 : Operation 670 [1/1] (0.00ns)   --->   "%this_signed_load = getelementptr i1 %state_lsu_ldq_signed_load, i64 0, i64 %zext_ln182_1" [/home/lab_726/boom/hls_boom/include/boom_state.hpp:182]   --->   Operation 670 'getelementptr' 'this_signed_load' <Predicate = true> <Delay = 0.00>
ST_14 : Operation 671 [1/1] (0.00ns)   --->   "%this_response_pending = getelementptr i1 %state_lsu_ldq_response_pending, i64 0, i64 %zext_ln182_1" [/home/lab_726/boom/hls_boom/include/boom_state.hpp:182]   --->   Operation 671 'getelementptr' 'this_response_pending' <Predicate = true> <Delay = 0.00>
ST_14 : Operation 672 [1/1] (0.00ns)   --->   "%this_completed_1 = getelementptr i1 %state_lsu_ldq_completed, i64 0, i64 %zext_ln182_1" [/home/lab_726/boom/hls_boom/include/boom_state.hpp:182]   --->   Operation 672 'getelementptr' 'this_completed_1' <Predicate = true> <Delay = 0.00>
ST_14 : Operation 673 [1/1] (0.00ns)   --->   "%this_killed_2 = getelementptr i1 %state_lsu_ldq_killed, i64 0, i64 %zext_ln182_1" [/home/lab_726/boom/hls_boom/include/boom_state.hpp:182]   --->   Operation 673 'getelementptr' 'this_killed_2' <Predicate = true> <Delay = 0.00>
ST_14 : Operation 674 [1/1] (0.00ns)   --->   "%this_rob_idx_1 = getelementptr i8 %state_lsu_ldq_rob_idx, i64 0, i64 %zext_ln182_1" [/home/lab_726/boom/hls_boom/include/boom_state.hpp:182]   --->   Operation 674 'getelementptr' 'this_rob_idx_1' <Predicate = true> <Delay = 0.00>
ST_14 : Operation 675 [1/1] (0.00ns)   --->   "%this_size_1 = getelementptr i8 %state_lsu_ldq_size, i64 0, i64 %zext_ln182_1" [/home/lab_726/boom/hls_boom/include/boom_state.hpp:182]   --->   Operation 675 'getelementptr' 'this_size_1' <Predicate = true> <Delay = 0.00>
ST_14 : Operation 676 [1/1] (0.00ns)   --->   "%this_branch_mask_1 = getelementptr i8 %state_lsu_ldq_branch_mask, i64 0, i64 %zext_ln182_1" [/home/lab_726/boom/hls_boom/include/boom_state.hpp:182]   --->   Operation 676 'getelementptr' 'this_branch_mask_1' <Predicate = true> <Delay = 0.00>
ST_14 : Operation 677 [1/1] (0.00ns)   --->   "%this_transaction_id = getelementptr i32 %state_lsu_ldq_transaction_id, i64 0, i64 %zext_ln182_1" [/home/lab_726/boom/hls_boom/include/boom_state.hpp:182]   --->   Operation 677 'getelementptr' 'this_transaction_id' <Predicate = true> <Delay = 0.00>
ST_14 : Operation 678 [1/1] (0.00ns)   --->   "%this_rob_allocation_id_1 = getelementptr i32 %state_lsu_ldq_rob_allocation_id, i64 0, i64 %zext_ln182_1" [/home/lab_726/boom/hls_boom/include/boom_state.hpp:182]   --->   Operation 678 'getelementptr' 'this_rob_allocation_id_1' <Predicate = true> <Delay = 0.00>
ST_14 : Operation 679 [1/1] (0.00ns)   --->   "%this_address_1 = getelementptr i64 %state_lsu_ldq_address, i64 0, i64 %zext_ln182_1" [/home/lab_726/boom/hls_boom/include/boom_state.hpp:182]   --->   Operation 679 'getelementptr' 'this_address_1' <Predicate = true> <Delay = 0.00>
ST_14 : Operation 680 [1/1] (0.00ns)   --->   "%this_result = getelementptr i64 %state_lsu_ldq_result, i64 0, i64 %zext_ln182_1" [/home/lab_726/boom/hls_boom/include/boom_state.hpp:182]   --->   Operation 680 'getelementptr' 'this_result' <Predicate = true> <Delay = 0.00>
ST_14 : Operation 681 [1/1] (0.67ns)   --->   "%store_ln168 = store i1 0, i3 %this_valid_3" [/home/lab_726/boom/hls_boom/include/boom_state.hpp:168]   --->   Operation 681 'store' 'store_ln168' <Predicate = true> <Delay = 0.67> <CoreInst = "RAM">   --->   Core 83 'RAM' <Latency = 1> <II = 1> <Delay = 0.67> <Storage> <Opcode : 'load' 'store'> <Ports = 2> <Width = 1> <Depth = 8> <RAM>
ST_14 : Operation 682 [1/1] (0.67ns)   --->   "%store_ln168 = store i1 0, i3 %this_signed_load" [/home/lab_726/boom/hls_boom/include/boom_state.hpp:168]   --->   Operation 682 'store' 'store_ln168' <Predicate = true> <Delay = 0.67> <CoreInst = "RAM">   --->   Core 83 'RAM' <Latency = 1> <II = 1> <Delay = 0.67> <Storage> <Opcode : 'load' 'store'> <Ports = 2> <Width = 1> <Depth = 8> <RAM>
ST_14 : Operation 683 [1/1] (0.67ns)   --->   "%store_ln168 = store i1 0, i3 %this_response_pending" [/home/lab_726/boom/hls_boom/include/boom_state.hpp:168]   --->   Operation 683 'store' 'store_ln168' <Predicate = true> <Delay = 0.67> <CoreInst = "RAM">   --->   Core 83 'RAM' <Latency = 1> <II = 1> <Delay = 0.67> <Storage> <Opcode : 'load' 'store'> <Ports = 2> <Width = 1> <Depth = 8> <RAM>
ST_14 : Operation 684 [1/1] (0.67ns)   --->   "%store_ln169 = store i1 0, i3 %this_completed_1" [/home/lab_726/boom/hls_boom/include/boom_state.hpp:169]   --->   Operation 684 'store' 'store_ln169' <Predicate = true> <Delay = 0.67> <CoreInst = "RAM">   --->   Core 83 'RAM' <Latency = 1> <II = 1> <Delay = 0.67> <Storage> <Opcode : 'load' 'store'> <Ports = 2> <Width = 1> <Depth = 8> <RAM>
ST_14 : Operation 685 [1/1] (0.67ns)   --->   "%store_ln169 = store i1 0, i3 %this_killed_2" [/home/lab_726/boom/hls_boom/include/boom_state.hpp:169]   --->   Operation 685 'store' 'store_ln169' <Predicate = true> <Delay = 0.67> <CoreInst = "RAM">   --->   Core 83 'RAM' <Latency = 1> <II = 1> <Delay = 0.67> <Storage> <Opcode : 'load' 'store'> <Ports = 2> <Width = 1> <Depth = 8> <RAM>
ST_14 : Operation 686 [1/1] (0.67ns)   --->   "%store_ln169 = store i8 0, i3 %this_rob_idx_1" [/home/lab_726/boom/hls_boom/include/boom_state.hpp:169]   --->   Operation 686 'store' 'store_ln169' <Predicate = true> <Delay = 0.67> <CoreInst = "RAM">   --->   Core 83 'RAM' <Latency = 1> <II = 1> <Delay = 0.67> <Storage> <Opcode : 'load' 'store'> <Ports = 2> <Width = 8> <Depth = 8> <RAM>
ST_14 : Operation 687 [1/1] (0.67ns)   --->   "%store_ln169 = store i8 0, i3 %this_size_1" [/home/lab_726/boom/hls_boom/include/boom_state.hpp:169]   --->   Operation 687 'store' 'store_ln169' <Predicate = true> <Delay = 0.67> <CoreInst = "RAM">   --->   Core 83 'RAM' <Latency = 1> <II = 1> <Delay = 0.67> <Storage> <Opcode : 'load' 'store'> <Ports = 2> <Width = 8> <Depth = 8> <RAM>
ST_14 : Operation 688 [1/1] (0.67ns)   --->   "%store_ln169 = store i8 0, i3 %this_branch_mask_1" [/home/lab_726/boom/hls_boom/include/boom_state.hpp:169]   --->   Operation 688 'store' 'store_ln169' <Predicate = true> <Delay = 0.67> <CoreInst = "RAM">   --->   Core 83 'RAM' <Latency = 1> <II = 1> <Delay = 0.67> <Storage> <Opcode : 'load' 'store'> <Ports = 2> <Width = 8> <Depth = 8> <RAM>
ST_14 : Operation 689 [1/1] (0.67ns)   --->   "%store_ln170 = store i32 0, i3 %this_transaction_id" [/home/lab_726/boom/hls_boom/include/boom_state.hpp:170]   --->   Operation 689 'store' 'store_ln170' <Predicate = true> <Delay = 0.67> <CoreInst = "RAM">   --->   Core 83 'RAM' <Latency = 1> <II = 1> <Delay = 0.67> <Storage> <Opcode : 'load' 'store'> <Ports = 2> <Width = 32> <Depth = 8> <RAM>
ST_14 : Operation 690 [1/1] (0.67ns)   --->   "%store_ln170 = store i32 0, i3 %this_rob_allocation_id_1" [/home/lab_726/boom/hls_boom/include/boom_state.hpp:170]   --->   Operation 690 'store' 'store_ln170' <Predicate = true> <Delay = 0.67> <CoreInst = "RAM">   --->   Core 83 'RAM' <Latency = 1> <II = 1> <Delay = 0.67> <Storage> <Opcode : 'load' 'store'> <Ports = 2> <Width = 32> <Depth = 8> <RAM>
ST_14 : Operation 691 [1/1] (0.67ns)   --->   "%store_ln170 = store i64 0, i3 %this_address_1" [/home/lab_726/boom/hls_boom/include/boom_state.hpp:170]   --->   Operation 691 'store' 'store_ln170' <Predicate = true> <Delay = 0.67> <CoreInst = "RAM">   --->   Core 83 'RAM' <Latency = 1> <II = 1> <Delay = 0.67> <Storage> <Opcode : 'load' 'store'> <Ports = 2> <Width = 64> <Depth = 8> <RAM>
ST_14 : Operation 692 [1/1] (0.67ns)   --->   "%store_ln170 = store i64 0, i3 %this_result" [/home/lab_726/boom/hls_boom/include/boom_state.hpp:170]   --->   Operation 692 'store' 'store_ln170' <Predicate = true> <Delay = 0.67> <CoreInst = "RAM">   --->   Core 83 'RAM' <Latency = 1> <II = 1> <Delay = 0.67> <Storage> <Opcode : 'load' 'store'> <Ports = 2> <Width = 64> <Depth = 8> <RAM>
ST_14 : Operation 693 [1/1] (0.58ns)   --->   "%icmp_ln182_1 = icmp_eq  i3 %indvar4_i_i_load, i3 7" [/home/lab_726/boom/hls_boom/include/boom_state.hpp:182]   --->   Operation 693 'icmp' 'icmp_ln182_1' <Predicate = true> <Delay = 0.58> <CoreInst = "Cmp">   --->   Core 9 'Cmp' <Latency = 0> <II = 1> <Delay = 0.78> <FuncUnit> <Opcode : 'icmp'> <InPorts = 2> <OutPorts = 1>
ST_14 : Operation 694 [1/1] (0.00ns)   --->   "%empty_77 = speclooptripcount i32 @_ssdm_op_SpecLoopTripCount, i64 8, i64 8, i64 8"   --->   Operation 694 'speclooptripcount' 'empty_77' <Predicate = true> <Delay = 0.00>
ST_14 : Operation 695 [1/1] (0.00ns)   --->   "%br_ln182 = br i1 %icmp_ln182_1, void %arrayctor.loop3.i.i.arrayctor.loop3.i.i_crit_edge, void %_ZN8LsuStateC2Ev.exit.i" [/home/lab_726/boom/hls_boom/include/boom_state.hpp:182]   --->   Operation 695 'br' 'br_ln182' <Predicate = true> <Delay = 0.00>
ST_14 : Operation 696 [1/1] (0.42ns)   --->   "%store_ln182 = store i3 %add_ln182_1, i3 %indvar4_i_i" [/home/lab_726/boom/hls_boom/include/boom_state.hpp:182]   --->   Operation 696 'store' 'store_ln182' <Predicate = (!icmp_ln182_1)> <Delay = 0.42>
ST_14 : Operation 697 [1/1] (0.00ns)   --->   "%br_ln182 = br void %arrayctor.loop3.i.i" [/home/lab_726/boom/hls_boom/include/boom_state.hpp:182]   --->   Operation 697 'br' 'br_ln182' <Predicate = (!icmp_ln182_1)> <Delay = 0.00>
ST_14 : Operation 698 [1/1] (0.00ns)   --->   "%store_ln103 = store i1 0, i1 %state_completion_mem_execute_valid" [/home/lab_726/boom/hls_boom/include/boom_types.hpp:103->/home/lab_726/boom/hls_boom/include/boom_state.hpp:212->/home/lab_726/boom/hls_boom/include/boom_state.hpp:255->/home/lab_726/boom/hls_boom/src/boom_core_merged.cpp:2884]   --->   Operation 698 'store' 'store_ln103' <Predicate = (icmp_ln182_1)> <Delay = 0.00>
ST_14 : Operation 699 [1/1] (0.00ns)   --->   "%store_ln103 = store i1 0, i1 %state_completion_mem_execute_kind" [/home/lab_726/boom/hls_boom/include/boom_types.hpp:103->/home/lab_726/boom/hls_boom/include/boom_state.hpp:212->/home/lab_726/boom/hls_boom/include/boom_state.hpp:255->/home/lab_726/boom/hls_boom/src/boom_core_merged.cpp:2884]   --->   Operation 699 'store' 'store_ln103' <Predicate = (icmp_ln182_1)> <Delay = 0.00>
ST_14 : Operation 700 [1/1] (0.00ns)   --->   "%store_ln104 = store i1 0, i1 %state_completion_mem_execute_source" [/home/lab_726/boom/hls_boom/include/boom_types.hpp:104->/home/lab_726/boom/hls_boom/include/boom_state.hpp:212->/home/lab_726/boom/hls_boom/include/boom_state.hpp:255->/home/lab_726/boom/hls_boom/src/boom_core_merged.cpp:2884]   --->   Operation 700 'store' 'store_ln104' <Predicate = (icmp_ln182_1)> <Delay = 0.00>
ST_14 : Operation 701 [1/1] (0.00ns)   --->   "%store_ln83 = store i8 0, i8 %state_completion_mem_execute_uop_branch_br_mask" [/home/lab_726/boom/hls_boom/include/boom_types.hpp:83->/home/lab_726/boom/hls_boom/include/boom_state.hpp:255->/home/lab_726/boom/hls_boom/src/boom_core_merged.cpp:2884]   --->   Operation 701 'store' 'store_ln83' <Predicate = (icmp_ln182_1)> <Delay = 0.00>
ST_14 : Operation 702 [1/1] (0.00ns)   --->   "%store_ln105 = store i1 0, i1 %state_completion_mem_execute_control_resolved" [/home/lab_726/boom/hls_boom/include/boom_types.hpp:105->/home/lab_726/boom/hls_boom/include/boom_state.hpp:212->/home/lab_726/boom/hls_boom/include/boom_state.hpp:255->/home/lab_726/boom/hls_boom/src/boom_core_merged.cpp:2884]   --->   Operation 702 'store' 'store_ln105' <Predicate = (icmp_ln182_1)> <Delay = 0.00>
ST_14 : Operation 703 [1/1] (0.00ns)   --->   "%store_ln103 = store i1 0, i1 %state_completion_int_execute_valid" [/home/lab_726/boom/hls_boom/include/boom_types.hpp:103->/home/lab_726/boom/hls_boom/include/boom_state.hpp:212->/home/lab_726/boom/hls_boom/include/boom_state.hpp:255->/home/lab_726/boom/hls_boom/src/boom_core_merged.cpp:2884]   --->   Operation 703 'store' 'store_ln103' <Predicate = (icmp_ln182_1)> <Delay = 0.00>
ST_14 : Operation 704 [1/1] (0.00ns)   --->   "%store_ln103 = store i1 0, i1 %state_completion_int_execute_kind" [/home/lab_726/boom/hls_boom/include/boom_types.hpp:103->/home/lab_726/boom/hls_boom/include/boom_state.hpp:212->/home/lab_726/boom/hls_boom/include/boom_state.hpp:255->/home/lab_726/boom/hls_boom/src/boom_core_merged.cpp:2884]   --->   Operation 704 'store' 'store_ln103' <Predicate = (icmp_ln182_1)> <Delay = 0.00>
ST_14 : Operation 705 [1/1] (0.00ns)   --->   "%store_ln104 = store i1 0, i1 %state_completion_int_execute_source" [/home/lab_726/boom/hls_boom/include/boom_types.hpp:104->/home/lab_726/boom/hls_boom/include/boom_state.hpp:212->/home/lab_726/boom/hls_boom/include/boom_state.hpp:255->/home/lab_726/boom/hls_boom/src/boom_core_merged.cpp:2884]   --->   Operation 705 'store' 'store_ln104' <Predicate = (icmp_ln182_1)> <Delay = 0.00>
ST_14 : Operation 706 [1/1] (0.00ns)   --->   "%store_ln83 = store i8 0, i8 %state_completion_int_execute_uop_branch_br_mask" [/home/lab_726/boom/hls_boom/include/boom_types.hpp:83->/home/lab_726/boom/hls_boom/include/boom_state.hpp:255->/home/lab_726/boom/hls_boom/src/boom_core_merged.cpp:2884]   --->   Operation 706 'store' 'store_ln83' <Predicate = (icmp_ln182_1)> <Delay = 0.00>
ST_14 : Operation 707 [1/1] (0.00ns)   --->   "%store_ln105 = store i1 0, i1 %state_completion_int_execute_control_resolved" [/home/lab_726/boom/hls_boom/include/boom_types.hpp:105->/home/lab_726/boom/hls_boom/include/boom_state.hpp:212->/home/lab_726/boom/hls_boom/include/boom_state.hpp:255->/home/lab_726/boom/hls_boom/src/boom_core_merged.cpp:2884]   --->   Operation 707 'store' 'store_ln105' <Predicate = (icmp_ln182_1)> <Delay = 0.00>
ST_14 : Operation 708 [1/1] (0.42ns)   --->   "%br_ln212 = br void %arrayctor.loop.i60.i" [/home/lab_726/boom/hls_boom/include/boom_state.hpp:212->/home/lab_726/boom/hls_boom/include/boom_state.hpp:255->/home/lab_726/boom/hls_boom/src/boom_core_merged.cpp:2884]   --->   Operation 708 'br' 'br_ln212' <Predicate = (icmp_ln182_1)> <Delay = 0.42>

State 15 <SV = 13> <Delay = 0.42>
ST_15 : Operation 709 [1/1] (0.00ns)   --->   "%phi_ln212 = phi i1 0, void %_ZN8LsuStateC2Ev.exit.i, i1 %xor_ln212, void %arrayctor.loop.i60.i996" [/home/lab_726/boom/hls_boom/include/boom_state.hpp:212->/home/lab_726/boom/hls_boom/include/boom_state.hpp:255->/home/lab_726/boom/hls_boom/src/boom_core_merged.cpp:2884]   --->   Operation 709 'phi' 'phi_ln212' <Predicate = true> <Delay = 0.00>
ST_15 : Operation 710 [1/1] (0.28ns)   --->   "%xor_ln212 = xor i1 %phi_ln212, i1 1" [/home/lab_726/boom/hls_boom/include/boom_state.hpp:212->/home/lab_726/boom/hls_boom/include/boom_state.hpp:255->/home/lab_726/boom/hls_boom/src/boom_core_merged.cpp:2884]   --->   Operation 710 'xor' 'xor_ln212' <Predicate = true> <Delay = 0.28> <CoreInst = "LogicGate">   --->   Core 74 'LogicGate' <Latency = 0> <II = 1> <Delay = 0.28> <FuncUnit> <Opcode : 'and' 'or' 'xor'> <InPorts = 2> <OutPorts = 1>
ST_15 : Operation 711 [1/1] (0.00ns)   --->   "%br_ln120 = br i1 %phi_ln212, void %branch603, void %branch604" [/home/lab_726/boom/hls_boom/include/boom_types.hpp:120->/home/lab_726/boom/hls_boom/src/boom_core_merged.cpp:2884]   --->   Operation 711 'br' 'br_ln120' <Predicate = true> <Delay = 0.00>
ST_15 : Operation 712 [1/1] (0.00ns)   --->   "%store_ln120 = store i1 0, i1 %state_completion_writebacks_valid_0" [/home/lab_726/boom/hls_boom/include/boom_types.hpp:120->/home/lab_726/boom/hls_boom/src/boom_core_merged.cpp:2884]   --->   Operation 712 'store' 'store_ln120' <Predicate = (!phi_ln212)> <Delay = 0.00>
ST_15 : Operation 713 [1/1] (0.00ns)   --->   "%br_ln120 = br void %arrayctor.loop.i60.i1004" [/home/lab_726/boom/hls_boom/include/boom_types.hpp:120->/home/lab_726/boom/hls_boom/src/boom_core_merged.cpp:2884]   --->   Operation 713 'br' 'br_ln120' <Predicate = (!phi_ln212)> <Delay = 0.00>
ST_15 : Operation 714 [1/1] (0.00ns)   --->   "%store_ln120 = store i1 0, i1 %state_completion_writebacks_valid_1" [/home/lab_726/boom/hls_boom/include/boom_types.hpp:120->/home/lab_726/boom/hls_boom/src/boom_core_merged.cpp:2884]   --->   Operation 714 'store' 'store_ln120' <Predicate = (phi_ln212)> <Delay = 0.00>
ST_15 : Operation 715 [1/1] (0.00ns)   --->   "%br_ln120 = br void %arrayctor.loop.i60.i1004" [/home/lab_726/boom/hls_boom/include/boom_types.hpp:120->/home/lab_726/boom/hls_boom/src/boom_core_merged.cpp:2884]   --->   Operation 715 'br' 'br_ln120' <Predicate = (phi_ln212)> <Delay = 0.00>
ST_15 : Operation 716 [1/1] (0.00ns)   --->   "%br_ln120 = br i1 %phi_ln212, void %branch607, void %branch608" [/home/lab_726/boom/hls_boom/include/boom_types.hpp:120->/home/lab_726/boom/hls_boom/src/boom_core_merged.cpp:2884]   --->   Operation 716 'br' 'br_ln120' <Predicate = true> <Delay = 0.00>
ST_15 : Operation 717 [1/1] (0.00ns)   --->   "%store_ln120 = store i8 0, i8 %state_completion_writebacks_pdst_0" [/home/lab_726/boom/hls_boom/include/boom_types.hpp:120->/home/lab_726/boom/hls_boom/src/boom_core_merged.cpp:2884]   --->   Operation 717 'store' 'store_ln120' <Predicate = (!phi_ln212)> <Delay = 0.00>
ST_15 : Operation 718 [1/1] (0.00ns)   --->   "%br_ln120 = br void %arrayctor.loop.i60.i996" [/home/lab_726/boom/hls_boom/include/boom_types.hpp:120->/home/lab_726/boom/hls_boom/src/boom_core_merged.cpp:2884]   --->   Operation 718 'br' 'br_ln120' <Predicate = (!phi_ln212)> <Delay = 0.00>
ST_15 : Operation 719 [1/1] (0.00ns)   --->   "%store_ln120 = store i8 0, i8 %state_completion_writebacks_pdst_1" [/home/lab_726/boom/hls_boom/include/boom_types.hpp:120->/home/lab_726/boom/hls_boom/src/boom_core_merged.cpp:2884]   --->   Operation 719 'store' 'store_ln120' <Predicate = (phi_ln212)> <Delay = 0.00>
ST_15 : Operation 720 [1/1] (0.00ns)   --->   "%br_ln120 = br void %arrayctor.loop.i60.i996" [/home/lab_726/boom/hls_boom/include/boom_types.hpp:120->/home/lab_726/boom/hls_boom/src/boom_core_merged.cpp:2884]   --->   Operation 720 'br' 'br_ln120' <Predicate = (phi_ln212)> <Delay = 0.00>
ST_15 : Operation 721 [1/1] (0.00ns)   --->   "%empty_78 = speclooptripcount i32 @_ssdm_op_SpecLoopTripCount, i64 2, i64 2, i64 2"   --->   Operation 721 'speclooptripcount' 'empty_78' <Predicate = true> <Delay = 0.00>
ST_15 : Operation 722 [1/1] (0.00ns)   --->   "%br_ln212 = br i1 %phi_ln212, void %arrayctor.loop.i60.i, void %arrayctor.loop3.i63.i.preheader" [/home/lab_726/boom/hls_boom/include/boom_state.hpp:212->/home/lab_726/boom/hls_boom/include/boom_state.hpp:255->/home/lab_726/boom/hls_boom/src/boom_core_merged.cpp:2884]   --->   Operation 722 'br' 'br_ln212' <Predicate = true> <Delay = 0.00>
ST_15 : Operation 723 [1/1] (0.00ns)   --->   "%indvar4_i61_i = alloca i32 1"   --->   Operation 723 'alloca' 'indvar4_i61_i' <Predicate = (phi_ln212)> <Delay = 0.00>
ST_15 : Operation 724 [1/1] (0.42ns)   --->   "%store_ln212 = store i2 0, i2 %indvar4_i61_i" [/home/lab_726/boom/hls_boom/include/boom_state.hpp:212->/home/lab_726/boom/hls_boom/include/boom_state.hpp:255->/home/lab_726/boom/hls_boom/src/boom_core_merged.cpp:2884]   --->   Operation 724 'store' 'store_ln212' <Predicate = (phi_ln212)> <Delay = 0.42>
ST_15 : Operation 725 [1/1] (0.00ns)   --->   "%br_ln212 = br void %arrayctor.loop3.i63.i" [/home/lab_726/boom/hls_boom/include/boom_state.hpp:212->/home/lab_726/boom/hls_boom/include/boom_state.hpp:255->/home/lab_726/boom/hls_boom/src/boom_core_merged.cpp:2884]   --->   Operation 725 'br' 'br_ln212' <Predicate = (phi_ln212)> <Delay = 0.00>

State 16 <SV = 14> <Delay = 0.97>
ST_16 : Operation 726 [1/1] (0.00ns)   --->   "%indvar4_i61_i_load = load i2 %indvar4_i61_i" [/home/lab_726/boom/hls_boom/include/boom_state.hpp:212->/home/lab_726/boom/hls_boom/include/boom_state.hpp:255->/home/lab_726/boom/hls_boom/src/boom_core_merged.cpp:2884]   --->   Operation 726 'load' 'indvar4_i61_i_load' <Predicate = true> <Delay = 0.00>
ST_16 : Operation 727 [1/1] (0.54ns)   --->   "%add_ln212 = add i2 %indvar4_i61_i_load, i2 1" [/home/lab_726/boom/hls_boom/include/boom_state.hpp:212->/home/lab_726/boom/hls_boom/include/boom_state.hpp:255->/home/lab_726/boom/hls_boom/src/boom_core_merged.cpp:2884]   --->   Operation 727 'add' 'add_ln212' <Predicate = true> <Delay = 0.54> <CoreInst = "Adder">   --->   Core 1 'Adder' <Latency = 0> <II = 1> <Delay = 0.78> <FuncUnit> <Opcode : 'add' 'sub'> <InPorts = 2> <OutPorts = 1>
ST_16 : Operation 728 [1/1] (0.58ns)   --->   "%switch_ln132 = switch i2 %indvar4_i61_i_load, void %branch614, i2 0, void %branch612, i2 1, void %branch613" [/home/lab_726/boom/hls_boom/include/boom_types.hpp:132->/home/lab_726/boom/hls_boom/src/boom_core_merged.cpp:2884]   --->   Operation 728 'switch' 'switch_ln132' <Predicate = true> <Delay = 0.58>
ST_16 : Operation 729 [1/1] (0.00ns)   --->   "%store_ln132 = store i1 0, i1 %state_completion_wakeups_valid_1" [/home/lab_726/boom/hls_boom/include/boom_types.hpp:132->/home/lab_726/boom/hls_boom/src/boom_core_merged.cpp:2884]   --->   Operation 729 'store' 'store_ln132' <Predicate = (indvar4_i61_i_load == 1)> <Delay = 0.00>
ST_16 : Operation 730 [1/1] (0.00ns)   --->   "%store_ln133 = store i8 0, i8 %state_completion_wakeups_branch_mask_1" [/home/lab_726/boom/hls_boom/include/boom_types.hpp:133->/home/lab_726/boom/hls_boom/src/boom_core_merged.cpp:2884]   --->   Operation 730 'store' 'store_ln133' <Predicate = (indvar4_i61_i_load == 1)> <Delay = 0.00>
ST_16 : Operation 731 [1/1] (0.00ns)   --->   "%br_ln0 = br void %arrayctor.loop3.i63.i10201030"   --->   Operation 731 'br' 'br_ln0' <Predicate = (indvar4_i61_i_load == 1)> <Delay = 0.00>
ST_16 : Operation 732 [1/1] (0.00ns)   --->   "%store_ln132 = store i1 0, i1 %state_completion_wakeups_valid_0" [/home/lab_726/boom/hls_boom/include/boom_types.hpp:132->/home/lab_726/boom/hls_boom/src/boom_core_merged.cpp:2884]   --->   Operation 732 'store' 'store_ln132' <Predicate = (indvar4_i61_i_load == 0)> <Delay = 0.00>
ST_16 : Operation 733 [1/1] (0.00ns)   --->   "%store_ln133 = store i8 0, i8 %state_completion_wakeups_branch_mask_0" [/home/lab_726/boom/hls_boom/include/boom_types.hpp:133->/home/lab_726/boom/hls_boom/src/boom_core_merged.cpp:2884]   --->   Operation 733 'store' 'store_ln133' <Predicate = (indvar4_i61_i_load == 0)> <Delay = 0.00>
ST_16 : Operation 734 [1/1] (0.00ns)   --->   "%br_ln0 = br void %arrayctor.loop3.i63.i10201030"   --->   Operation 734 'br' 'br_ln0' <Predicate = (indvar4_i61_i_load == 0)> <Delay = 0.00>
ST_16 : Operation 735 [1/1] (0.00ns)   --->   "%store_ln132 = store i1 0, i1 %state_completion_wakeups_valid_2" [/home/lab_726/boom/hls_boom/include/boom_types.hpp:132->/home/lab_726/boom/hls_boom/src/boom_core_merged.cpp:2884]   --->   Operation 735 'store' 'store_ln132' <Predicate = (indvar4_i61_i_load != 0 & indvar4_i61_i_load != 1)> <Delay = 0.00>
ST_16 : Operation 736 [1/1] (0.00ns)   --->   "%store_ln133 = store i8 0, i8 %state_completion_wakeups_branch_mask_2" [/home/lab_726/boom/hls_boom/include/boom_types.hpp:133->/home/lab_726/boom/hls_boom/src/boom_core_merged.cpp:2884]   --->   Operation 736 'store' 'store_ln133' <Predicate = (indvar4_i61_i_load != 0 & indvar4_i61_i_load != 1)> <Delay = 0.00>
ST_16 : Operation 737 [1/1] (0.00ns)   --->   "%br_ln0 = br void %arrayctor.loop3.i63.i10201030"   --->   Operation 737 'br' 'br_ln0' <Predicate = (indvar4_i61_i_load != 0 & indvar4_i61_i_load != 1)> <Delay = 0.00>
ST_16 : Operation 738 [1/1] (0.44ns)   --->   "%icmp_ln212 = icmp_eq  i2 %indvar4_i61_i_load, i2 2" [/home/lab_726/boom/hls_boom/include/boom_state.hpp:212->/home/lab_726/boom/hls_boom/include/boom_state.hpp:255->/home/lab_726/boom/hls_boom/src/boom_core_merged.cpp:2884]   --->   Operation 738 'icmp' 'icmp_ln212' <Predicate = true> <Delay = 0.44> <CoreInst = "Cmp">   --->   Core 9 'Cmp' <Latency = 0> <II = 1> <Delay = 0.78> <FuncUnit> <Opcode : 'icmp'> <InPorts = 2> <OutPorts = 1>
ST_16 : Operation 739 [1/1] (0.00ns)   --->   "%empty_79 = speclooptripcount i32 @_ssdm_op_SpecLoopTripCount, i64 3, i64 3, i64 3"   --->   Operation 739 'speclooptripcount' 'empty_79' <Predicate = true> <Delay = 0.00>
ST_16 : Operation 740 [1/1] (0.00ns)   --->   "%br_ln212 = br i1 %icmp_ln212, void %arrayctor.loop3.i63.i10201030.arrayctor.loop3.i63.i_crit_edge, void %arrayctor.loop8.i.i.preheader" [/home/lab_726/boom/hls_boom/include/boom_state.hpp:212->/home/lab_726/boom/hls_boom/include/boom_state.hpp:255->/home/lab_726/boom/hls_boom/src/boom_core_merged.cpp:2884]   --->   Operation 740 'br' 'br_ln212' <Predicate = true> <Delay = 0.00>
ST_16 : Operation 741 [1/1] (0.42ns)   --->   "%store_ln212 = store i2 %add_ln212, i2 %indvar4_i61_i" [/home/lab_726/boom/hls_boom/include/boom_state.hpp:212->/home/lab_726/boom/hls_boom/include/boom_state.hpp:255->/home/lab_726/boom/hls_boom/src/boom_core_merged.cpp:2884]   --->   Operation 741 'store' 'store_ln212' <Predicate = (!icmp_ln212)> <Delay = 0.42>
ST_16 : Operation 742 [1/1] (0.00ns)   --->   "%br_ln212 = br void %arrayctor.loop3.i63.i" [/home/lab_726/boom/hls_boom/include/boom_state.hpp:212->/home/lab_726/boom/hls_boom/include/boom_state.hpp:255->/home/lab_726/boom/hls_boom/src/boom_core_merged.cpp:2884]   --->   Operation 742 'br' 'br_ln212' <Predicate = (!icmp_ln212)> <Delay = 0.00>
ST_16 : Operation 743 [1/1] (0.00ns)   --->   "%indvar9_i_i = alloca i32 1"   --->   Operation 743 'alloca' 'indvar9_i_i' <Predicate = (icmp_ln212)> <Delay = 0.00>
ST_16 : Operation 744 [1/1] (0.42ns)   --->   "%store_ln212 = store i2 0, i2 %indvar9_i_i" [/home/lab_726/boom/hls_boom/include/boom_state.hpp:212->/home/lab_726/boom/hls_boom/include/boom_state.hpp:255->/home/lab_726/boom/hls_boom/src/boom_core_merged.cpp:2884]   --->   Operation 744 'store' 'store_ln212' <Predicate = (icmp_ln212)> <Delay = 0.42>
ST_16 : Operation 745 [1/1] (0.00ns)   --->   "%br_ln212 = br void %arrayctor.loop8.i.i" [/home/lab_726/boom/hls_boom/include/boom_state.hpp:212->/home/lab_726/boom/hls_boom/include/boom_state.hpp:255->/home/lab_726/boom/hls_boom/src/boom_core_merged.cpp:2884]   --->   Operation 745 'br' 'br_ln212' <Predicate = (icmp_ln212)> <Delay = 0.00>

State 17 <SV = 15> <Delay = 0.97>
ST_17 : Operation 746 [1/1] (0.00ns)   --->   "%indvar9_i_i_load = load i2 %indvar9_i_i" [/home/lab_726/boom/hls_boom/include/boom_state.hpp:212->/home/lab_726/boom/hls_boom/include/boom_state.hpp:255->/home/lab_726/boom/hls_boom/src/boom_core_merged.cpp:2884]   --->   Operation 746 'load' 'indvar9_i_i_load' <Predicate = true> <Delay = 0.00>
ST_17 : Operation 747 [1/1] (0.54ns)   --->   "%add_ln212_1 = add i2 %indvar9_i_i_load, i2 1" [/home/lab_726/boom/hls_boom/include/boom_state.hpp:212->/home/lab_726/boom/hls_boom/include/boom_state.hpp:255->/home/lab_726/boom/hls_boom/src/boom_core_merged.cpp:2884]   --->   Operation 747 'add' 'add_ln212_1' <Predicate = true> <Delay = 0.54> <CoreInst = "Adder">   --->   Core 1 'Adder' <Latency = 0> <II = 1> <Delay = 0.78> <FuncUnit> <Opcode : 'add' 'sub'> <InPorts = 2> <OutPorts = 1>
ST_17 : Operation 748 [1/1] (0.58ns)   --->   "%switch_ln145 = switch i2 %indvar9_i_i_load, void %branch629, i2 0, void %branch627, i2 1, void %branch628" [/home/lab_726/boom/hls_boom/include/boom_types.hpp:145->/home/lab_726/boom/hls_boom/src/boom_core_merged.cpp:2884]   --->   Operation 748 'switch' 'switch_ln145' <Predicate = true> <Delay = 0.58>
ST_17 : Operation 749 [1/1] (0.00ns)   --->   "%store_ln145 = store i1 0, i1 %state_completion_bypass_valid_1" [/home/lab_726/boom/hls_boom/include/boom_types.hpp:145->/home/lab_726/boom/hls_boom/src/boom_core_merged.cpp:2884]   --->   Operation 749 'store' 'store_ln145' <Predicate = (indvar9_i_i_load == 1)> <Delay = 0.00>
ST_17 : Operation 750 [1/1] (0.00ns)   --->   "%store_ln146 = store i8 0, i8 %state_completion_bypass_branch_mask_1" [/home/lab_726/boom/hls_boom/include/boom_types.hpp:146->/home/lab_726/boom/hls_boom/src/boom_core_merged.cpp:2884]   --->   Operation 750 'store' 'store_ln146' <Predicate = (indvar9_i_i_load == 1)> <Delay = 0.00>
ST_17 : Operation 751 [1/1] (0.00ns)   --->   "%br_ln0 = br void %arrayctor.loop8.i.i10421052"   --->   Operation 751 'br' 'br_ln0' <Predicate = (indvar9_i_i_load == 1)> <Delay = 0.00>
ST_17 : Operation 752 [1/1] (0.00ns)   --->   "%store_ln145 = store i1 0, i1 %state_completion_bypass_valid_0" [/home/lab_726/boom/hls_boom/include/boom_types.hpp:145->/home/lab_726/boom/hls_boom/src/boom_core_merged.cpp:2884]   --->   Operation 752 'store' 'store_ln145' <Predicate = (indvar9_i_i_load == 0)> <Delay = 0.00>
ST_17 : Operation 753 [1/1] (0.00ns)   --->   "%store_ln146 = store i8 0, i8 %state_completion_bypass_branch_mask_0" [/home/lab_726/boom/hls_boom/include/boom_types.hpp:146->/home/lab_726/boom/hls_boom/src/boom_core_merged.cpp:2884]   --->   Operation 753 'store' 'store_ln146' <Predicate = (indvar9_i_i_load == 0)> <Delay = 0.00>
ST_17 : Operation 754 [1/1] (0.00ns)   --->   "%br_ln0 = br void %arrayctor.loop8.i.i10421052"   --->   Operation 754 'br' 'br_ln0' <Predicate = (indvar9_i_i_load == 0)> <Delay = 0.00>
ST_17 : Operation 755 [1/1] (0.00ns)   --->   "%store_ln145 = store i1 0, i1 %state_completion_bypass_valid_2" [/home/lab_726/boom/hls_boom/include/boom_types.hpp:145->/home/lab_726/boom/hls_boom/src/boom_core_merged.cpp:2884]   --->   Operation 755 'store' 'store_ln145' <Predicate = (indvar9_i_i_load != 0 & indvar9_i_i_load != 1)> <Delay = 0.00>
ST_17 : Operation 756 [1/1] (0.00ns)   --->   "%store_ln146 = store i8 0, i8 %state_completion_bypass_branch_mask_2" [/home/lab_726/boom/hls_boom/include/boom_types.hpp:146->/home/lab_726/boom/hls_boom/src/boom_core_merged.cpp:2884]   --->   Operation 756 'store' 'store_ln146' <Predicate = (indvar9_i_i_load != 0 & indvar9_i_i_load != 1)> <Delay = 0.00>
ST_17 : Operation 757 [1/1] (0.00ns)   --->   "%br_ln0 = br void %arrayctor.loop8.i.i10421052"   --->   Operation 757 'br' 'br_ln0' <Predicate = (indvar9_i_i_load != 0 & indvar9_i_i_load != 1)> <Delay = 0.00>
ST_17 : Operation 758 [1/1] (0.44ns)   --->   "%icmp_ln212_1 = icmp_eq  i2 %indvar9_i_i_load, i2 2" [/home/lab_726/boom/hls_boom/include/boom_state.hpp:212->/home/lab_726/boom/hls_boom/include/boom_state.hpp:255->/home/lab_726/boom/hls_boom/src/boom_core_merged.cpp:2884]   --->   Operation 758 'icmp' 'icmp_ln212_1' <Predicate = true> <Delay = 0.44> <CoreInst = "Cmp">   --->   Core 9 'Cmp' <Latency = 0> <II = 1> <Delay = 0.78> <FuncUnit> <Opcode : 'icmp'> <InPorts = 2> <OutPorts = 1>
ST_17 : Operation 759 [1/1] (0.00ns)   --->   "%empty_80 = speclooptripcount i32 @_ssdm_op_SpecLoopTripCount, i64 3, i64 3, i64 3"   --->   Operation 759 'speclooptripcount' 'empty_80' <Predicate = true> <Delay = 0.00>
ST_17 : Operation 760 [1/1] (0.00ns)   --->   "%br_ln212 = br i1 %icmp_ln212_1, void %arrayctor.loop8.i.i10421052.arrayctor.loop8.i.i_crit_edge, void" [/home/lab_726/boom/hls_boom/include/boom_state.hpp:212->/home/lab_726/boom/hls_boom/include/boom_state.hpp:255->/home/lab_726/boom/hls_boom/src/boom_core_merged.cpp:2884]   --->   Operation 760 'br' 'br_ln212' <Predicate = true> <Delay = 0.00>
ST_17 : Operation 761 [1/1] (0.42ns)   --->   "%store_ln212 = store i2 %add_ln212_1, i2 %indvar9_i_i" [/home/lab_726/boom/hls_boom/include/boom_state.hpp:212->/home/lab_726/boom/hls_boom/include/boom_state.hpp:255->/home/lab_726/boom/hls_boom/src/boom_core_merged.cpp:2884]   --->   Operation 761 'store' 'store_ln212' <Predicate = (!icmp_ln212_1)> <Delay = 0.42>
ST_17 : Operation 762 [1/1] (0.00ns)   --->   "%br_ln212 = br void %arrayctor.loop8.i.i" [/home/lab_726/boom/hls_boom/include/boom_state.hpp:212->/home/lab_726/boom/hls_boom/include/boom_state.hpp:255->/home/lab_726/boom/hls_boom/src/boom_core_merged.cpp:2884]   --->   Operation 762 'br' 'br_ln212' <Predicate = (!icmp_ln212_1)> <Delay = 0.00>
ST_17 : Operation 763 [1/1] (0.00ns)   --->   "%i_7 = alloca i32 1"   --->   Operation 763 'alloca' 'i_7' <Predicate = (icmp_ln212_1)> <Delay = 0.00>
ST_17 : Operation 764 [1/1] (0.00ns)   --->   "%store_ln214 = store i8 0, i8 %state_completion_peak_completion_accepts" [/home/lab_726/boom/hls_boom/include/boom_state.hpp:214->/home/lab_726/boom/hls_boom/include/boom_state.hpp:255->/home/lab_726/boom/hls_boom/src/boom_core_merged.cpp:2884]   --->   Operation 764 'store' 'store_ln214' <Predicate = (icmp_ln212_1)> <Delay = 0.00>
ST_17 : Operation 765 [1/1] (0.00ns)   --->   "%store_ln215 = store i8 0, i8 %state_completion_peak_rob_completes" [/home/lab_726/boom/hls_boom/include/boom_state.hpp:215->/home/lab_726/boom/hls_boom/include/boom_state.hpp:255->/home/lab_726/boom/hls_boom/src/boom_core_merged.cpp:2884]   --->   Operation 765 'store' 'store_ln215' <Predicate = (icmp_ln212_1)> <Delay = 0.00>
ST_17 : Operation 766 [1/1] (0.00ns)   --->   "%store_ln215 = store i8 0, i8 %state_completion_peak_prf_writes" [/home/lab_726/boom/hls_boom/include/boom_state.hpp:215->/home/lab_726/boom/hls_boom/include/boom_state.hpp:255->/home/lab_726/boom/hls_boom/src/boom_core_merged.cpp:2884]   --->   Operation 766 'store' 'store_ln215' <Predicate = (icmp_ln212_1)> <Delay = 0.00>
ST_17 : Operation 767 [1/1] (0.00ns)   --->   "%store_ln215 = store i8 0, i8 %state_completion_peak_wakeups" [/home/lab_726/boom/hls_boom/include/boom_state.hpp:215->/home/lab_726/boom/hls_boom/include/boom_state.hpp:255->/home/lab_726/boom/hls_boom/src/boom_core_merged.cpp:2884]   --->   Operation 767 'store' 'store_ln215' <Predicate = (icmp_ln212_1)> <Delay = 0.00>
ST_17 : Operation 768 [1/1] (0.00ns)   --->   "%store_ln215 = store i8 0, i8 %state_completion_peak_bypass" [/home/lab_726/boom/hls_boom/include/boom_state.hpp:215->/home/lab_726/boom/hls_boom/include/boom_state.hpp:255->/home/lab_726/boom/hls_boom/src/boom_core_merged.cpp:2884]   --->   Operation 768 'store' 'store_ln215' <Predicate = (icmp_ln212_1)> <Delay = 0.00>
ST_17 : Operation 769 [1/1] (0.00ns)   --->   "%store_ln216 = store i64 0, i64 %state_completion_total_completion_accepts" [/home/lab_726/boom/hls_boom/include/boom_state.hpp:216->/home/lab_726/boom/hls_boom/include/boom_state.hpp:255->/home/lab_726/boom/hls_boom/src/boom_core_merged.cpp:2884]   --->   Operation 769 'store' 'store_ln216' <Predicate = (icmp_ln212_1)> <Delay = 0.00>
ST_17 : Operation 770 [1/1] (0.00ns)   --->   "%store_ln216 = store i64 0, i64 %state_completion_total_rob_completes" [/home/lab_726/boom/hls_boom/include/boom_state.hpp:216->/home/lab_726/boom/hls_boom/include/boom_state.hpp:255->/home/lab_726/boom/hls_boom/src/boom_core_merged.cpp:2884]   --->   Operation 770 'store' 'store_ln216' <Predicate = (icmp_ln212_1)> <Delay = 0.00>
ST_17 : Operation 771 [1/1] (0.00ns)   --->   "%store_ln216 = store i64 0, i64 %state_completion_total_prf_writes" [/home/lab_726/boom/hls_boom/include/boom_state.hpp:216->/home/lab_726/boom/hls_boom/include/boom_state.hpp:255->/home/lab_726/boom/hls_boom/src/boom_core_merged.cpp:2884]   --->   Operation 771 'store' 'store_ln216' <Predicate = (icmp_ln212_1)> <Delay = 0.00>
ST_17 : Operation 772 [1/1] (0.00ns)   --->   "%store_ln216 = store i64 0, i64 %state_completion_total_wakeups" [/home/lab_726/boom/hls_boom/include/boom_state.hpp:216->/home/lab_726/boom/hls_boom/include/boom_state.hpp:255->/home/lab_726/boom/hls_boom/src/boom_core_merged.cpp:2884]   --->   Operation 772 'store' 'store_ln216' <Predicate = (icmp_ln212_1)> <Delay = 0.00>
ST_17 : Operation 773 [1/1] (0.00ns)   --->   "%store_ln217 = store i64 0, i64 %state_completion_total_bypass" [/home/lab_726/boom/hls_boom/include/boom_state.hpp:217->/home/lab_726/boom/hls_boom/include/boom_state.hpp:255->/home/lab_726/boom/hls_boom/src/boom_core_merged.cpp:2884]   --->   Operation 773 'store' 'store_ln217' <Predicate = (icmp_ln212_1)> <Delay = 0.00>
ST_17 : Operation 774 [1/1] (0.00ns)   --->   "%store_ln222 = store i64 0, i64 %state_completion_writeback_deduplications" [/home/lab_726/boom/hls_boom/include/boom_state.hpp:222->/home/lab_726/boom/hls_boom/include/boom_state.hpp:255->/home/lab_726/boom/hls_boom/src/boom_core_merged.cpp:2884]   --->   Operation 774 'store' 'store_ln222' <Predicate = (icmp_ln212_1)> <Delay = 0.00>
ST_17 : Operation 775 [1/1] (0.00ns)   --->   "%store_ln223 = store i64 0, i64 %state_completion_dropped_completions" [/home/lab_726/boom/hls_boom/include/boom_state.hpp:223->/home/lab_726/boom/hls_boom/include/boom_state.hpp:255->/home/lab_726/boom/hls_boom/src/boom_core_merged.cpp:2884]   --->   Operation 775 'store' 'store_ln223' <Predicate = (icmp_ln212_1)> <Delay = 0.00>
ST_17 : Operation 776 [1/1] (0.00ns)   --->   "%store_ln223 = store i64 0, i64 %state_completion_dropped_writebacks" [/home/lab_726/boom/hls_boom/include/boom_state.hpp:223->/home/lab_726/boom/hls_boom/include/boom_state.hpp:255->/home/lab_726/boom/hls_boom/src/boom_core_merged.cpp:2884]   --->   Operation 776 'store' 'store_ln223' <Predicate = (icmp_ln212_1)> <Delay = 0.00>
ST_17 : Operation 777 [1/1] (0.00ns)   --->   "%store_ln223 = store i64 0, i64 %state_completion_duplicate_writebacks" [/home/lab_726/boom/hls_boom/include/boom_state.hpp:223->/home/lab_726/boom/hls_boom/include/boom_state.hpp:255->/home/lab_726/boom/hls_boom/src/boom_core_merged.cpp:2884]   --->   Operation 777 'store' 'store_ln223' <Predicate = (icmp_ln212_1)> <Delay = 0.00>
ST_17 : Operation 778 [1/1] (0.42ns)   --->   "%store_ln225 = store i2 0, i2 %i_7" [/home/lab_726/boom/hls_boom/include/boom_state.hpp:225->/home/lab_726/boom/hls_boom/include/boom_state.hpp:255->/home/lab_726/boom/hls_boom/src/boom_core_merged.cpp:2884]   --->   Operation 778 'store' 'store_ln225' <Predicate = (icmp_ln212_1)> <Delay = 0.42>
ST_17 : Operation 779 [1/1] (0.00ns)   --->   "%br_ln225 = br void" [/home/lab_726/boom/hls_boom/include/boom_state.hpp:225->/home/lab_726/boom/hls_boom/include/boom_state.hpp:255->/home/lab_726/boom/hls_boom/src/boom_core_merged.cpp:2884]   --->   Operation 779 'br' 'br_ln225' <Predicate = (icmp_ln212_1)> <Delay = 0.00>

State 18 <SV = 16> <Delay = 0.97>
ST_18 : Operation 780 [1/1] (0.00ns)   --->   "%i_19 = load i2 %i_7" [/home/lab_726/boom/hls_boom/include/boom_state.hpp:225->/home/lab_726/boom/hls_boom/include/boom_state.hpp:255->/home/lab_726/boom/hls_boom/src/boom_core_merged.cpp:2884]   --->   Operation 780 'load' 'i_19' <Predicate = true> <Delay = 0.00>
ST_18 : Operation 781 [1/1] (0.44ns)   --->   "%icmp_ln225 = icmp_eq  i2 %i_19, i2 2" [/home/lab_726/boom/hls_boom/include/boom_state.hpp:225->/home/lab_726/boom/hls_boom/include/boom_state.hpp:255->/home/lab_726/boom/hls_boom/src/boom_core_merged.cpp:2884]   --->   Operation 781 'icmp' 'icmp_ln225' <Predicate = true> <Delay = 0.44> <CoreInst = "Cmp">   --->   Core 9 'Cmp' <Latency = 0> <II = 1> <Delay = 0.78> <FuncUnit> <Opcode : 'icmp'> <InPorts = 2> <OutPorts = 1>
ST_18 : Operation 782 [1/1] (0.00ns)   --->   "%empty_81 = speclooptripcount i32 @_ssdm_op_SpecLoopTripCount, i64 2, i64 2, i64 2"   --->   Operation 782 'speclooptripcount' 'empty_81' <Predicate = true> <Delay = 0.00>
ST_18 : Operation 783 [1/1] (0.54ns)   --->   "%add_ln225 = add i2 %i_19, i2 1" [/home/lab_726/boom/hls_boom/include/boom_state.hpp:225->/home/lab_726/boom/hls_boom/include/boom_state.hpp:255->/home/lab_726/boom/hls_boom/src/boom_core_merged.cpp:2884]   --->   Operation 783 'add' 'add_ln225' <Predicate = true> <Delay = 0.54> <CoreInst = "Adder">   --->   Core 1 'Adder' <Latency = 0> <II = 1> <Delay = 0.78> <FuncUnit> <Opcode : 'add' 'sub'> <InPorts = 2> <OutPorts = 1>
ST_18 : Operation 784 [1/1] (0.00ns)   --->   "%br_ln225 = br i1 %icmp_ln225, void %.split6.i.i, void %.preheader2.i.i.preheader" [/home/lab_726/boom/hls_boom/include/boom_state.hpp:225->/home/lab_726/boom/hls_boom/include/boom_state.hpp:255->/home/lab_726/boom/hls_boom/src/boom_core_merged.cpp:2884]   --->   Operation 784 'br' 'br_ln225' <Predicate = true> <Delay = 0.00>
ST_18 : Operation 785 [1/1] (0.00ns)   --->   "%specloopname_ln225 = specloopname void @_ssdm_op_SpecLoopName, void @empty_23" [/home/lab_726/boom/hls_boom/include/boom_state.hpp:225->/home/lab_726/boom/hls_boom/include/boom_state.hpp:255->/home/lab_726/boom/hls_boom/src/boom_core_merged.cpp:2884]   --->   Operation 785 'specloopname' 'specloopname_ln225' <Predicate = (!icmp_ln225)> <Delay = 0.00>
ST_18 : Operation 786 [1/1] (0.00ns)   --->   "%trunc_ln225 = trunc i2 %i_19" [/home/lab_726/boom/hls_boom/include/boom_state.hpp:225->/home/lab_726/boom/hls_boom/include/boom_state.hpp:255->/home/lab_726/boom/hls_boom/src/boom_core_merged.cpp:2884]   --->   Operation 786 'trunc' 'trunc_ln225' <Predicate = (!icmp_ln225)> <Delay = 0.00>
ST_18 : Operation 787 [1/1] (0.00ns)   --->   "%br_ln225 = br i1 %trunc_ln225, void %branch601, void %branch602" [/home/lab_726/boom/hls_boom/include/boom_state.hpp:225->/home/lab_726/boom/hls_boom/include/boom_state.hpp:255->/home/lab_726/boom/hls_boom/src/boom_core_merged.cpp:2884]   --->   Operation 787 'br' 'br_ln225' <Predicate = (!icmp_ln225)> <Delay = 0.00>
ST_18 : Operation 788 [1/1] (0.00ns)   --->   "%store_ln225 = store i1 0, i1 %state_completion_writebacks_valid_0" [/home/lab_726/boom/hls_boom/include/boom_state.hpp:225->/home/lab_726/boom/hls_boom/include/boom_state.hpp:255->/home/lab_726/boom/hls_boom/src/boom_core_merged.cpp:2884]   --->   Operation 788 'store' 'store_ln225' <Predicate = (!icmp_ln225 & !trunc_ln225)> <Delay = 0.00>
ST_18 : Operation 789 [1/1] (0.00ns)   --->   "%br_ln225 = br void %.split6.i.i1000" [/home/lab_726/boom/hls_boom/include/boom_state.hpp:225->/home/lab_726/boom/hls_boom/include/boom_state.hpp:255->/home/lab_726/boom/hls_boom/src/boom_core_merged.cpp:2884]   --->   Operation 789 'br' 'br_ln225' <Predicate = (!icmp_ln225 & !trunc_ln225)> <Delay = 0.00>
ST_18 : Operation 790 [1/1] (0.00ns)   --->   "%store_ln225 = store i1 0, i1 %state_completion_writebacks_valid_1" [/home/lab_726/boom/hls_boom/include/boom_state.hpp:225->/home/lab_726/boom/hls_boom/include/boom_state.hpp:255->/home/lab_726/boom/hls_boom/src/boom_core_merged.cpp:2884]   --->   Operation 790 'store' 'store_ln225' <Predicate = (!icmp_ln225 & trunc_ln225)> <Delay = 0.00>
ST_18 : Operation 791 [1/1] (0.00ns)   --->   "%br_ln225 = br void %.split6.i.i1000" [/home/lab_726/boom/hls_boom/include/boom_state.hpp:225->/home/lab_726/boom/hls_boom/include/boom_state.hpp:255->/home/lab_726/boom/hls_boom/src/boom_core_merged.cpp:2884]   --->   Operation 791 'br' 'br_ln225' <Predicate = (!icmp_ln225 & trunc_ln225)> <Delay = 0.00>
ST_18 : Operation 792 [1/1] (0.00ns)   --->   "%br_ln225 = br i1 %trunc_ln225, void %branch605, void %branch606" [/home/lab_726/boom/hls_boom/include/boom_state.hpp:225->/home/lab_726/boom/hls_boom/include/boom_state.hpp:255->/home/lab_726/boom/hls_boom/src/boom_core_merged.cpp:2884]   --->   Operation 792 'br' 'br_ln225' <Predicate = (!icmp_ln225)> <Delay = 0.00>
ST_18 : Operation 793 [1/1] (0.00ns)   --->   "%store_ln225 = store i8 0, i8 %state_completion_writebacks_pdst_0" [/home/lab_726/boom/hls_boom/include/boom_state.hpp:225->/home/lab_726/boom/hls_boom/include/boom_state.hpp:255->/home/lab_726/boom/hls_boom/src/boom_core_merged.cpp:2884]   --->   Operation 793 'store' 'store_ln225' <Predicate = (!icmp_ln225 & !trunc_ln225)> <Delay = 0.00>
ST_18 : Operation 794 [1/1] (0.00ns)   --->   "%br_ln225 = br void %.split6.i.i993" [/home/lab_726/boom/hls_boom/include/boom_state.hpp:225->/home/lab_726/boom/hls_boom/include/boom_state.hpp:255->/home/lab_726/boom/hls_boom/src/boom_core_merged.cpp:2884]   --->   Operation 794 'br' 'br_ln225' <Predicate = (!icmp_ln225 & !trunc_ln225)> <Delay = 0.00>
ST_18 : Operation 795 [1/1] (0.00ns)   --->   "%store_ln225 = store i8 0, i8 %state_completion_writebacks_pdst_1" [/home/lab_726/boom/hls_boom/include/boom_state.hpp:225->/home/lab_726/boom/hls_boom/include/boom_state.hpp:255->/home/lab_726/boom/hls_boom/src/boom_core_merged.cpp:2884]   --->   Operation 795 'store' 'store_ln225' <Predicate = (!icmp_ln225 & trunc_ln225)> <Delay = 0.00>
ST_18 : Operation 796 [1/1] (0.00ns)   --->   "%br_ln225 = br void %.split6.i.i993" [/home/lab_726/boom/hls_boom/include/boom_state.hpp:225->/home/lab_726/boom/hls_boom/include/boom_state.hpp:255->/home/lab_726/boom/hls_boom/src/boom_core_merged.cpp:2884]   --->   Operation 796 'br' 'br_ln225' <Predicate = (!icmp_ln225 & trunc_ln225)> <Delay = 0.00>
ST_18 : Operation 797 [1/1] (0.42ns)   --->   "%store_ln225 = store i2 %add_ln225, i2 %i_7" [/home/lab_726/boom/hls_boom/include/boom_state.hpp:225->/home/lab_726/boom/hls_boom/include/boom_state.hpp:255->/home/lab_726/boom/hls_boom/src/boom_core_merged.cpp:2884]   --->   Operation 797 'store' 'store_ln225' <Predicate = (!icmp_ln225)> <Delay = 0.42>
ST_18 : Operation 798 [1/1] (0.00ns)   --->   "%br_ln0 = br void"   --->   Operation 798 'br' 'br_ln0' <Predicate = (!icmp_ln225)> <Delay = 0.00>
ST_18 : Operation 799 [1/1] (0.00ns)   --->   "%i_8 = alloca i32 1"   --->   Operation 799 'alloca' 'i_8' <Predicate = (icmp_ln225)> <Delay = 0.00>
ST_18 : Operation 800 [1/1] (0.42ns)   --->   "%store_ln226 = store i2 0, i2 %i_8" [/home/lab_726/boom/hls_boom/include/boom_state.hpp:226->/home/lab_726/boom/hls_boom/include/boom_state.hpp:255->/home/lab_726/boom/hls_boom/src/boom_core_merged.cpp:2884]   --->   Operation 800 'store' 'store_ln226' <Predicate = (icmp_ln225)> <Delay = 0.42>
ST_18 : Operation 801 [1/1] (0.00ns)   --->   "%br_ln226 = br void %.preheader2.i.i" [/home/lab_726/boom/hls_boom/include/boom_state.hpp:226->/home/lab_726/boom/hls_boom/include/boom_state.hpp:255->/home/lab_726/boom/hls_boom/src/boom_core_merged.cpp:2884]   --->   Operation 801 'br' 'br_ln226' <Predicate = (icmp_ln225)> <Delay = 0.00>

State 19 <SV = 17> <Delay = 0.97>
ST_19 : Operation 802 [1/1] (0.00ns)   --->   "%i_20 = load i2 %i_8" [/home/lab_726/boom/hls_boom/include/boom_state.hpp:226->/home/lab_726/boom/hls_boom/include/boom_state.hpp:255->/home/lab_726/boom/hls_boom/src/boom_core_merged.cpp:2884]   --->   Operation 802 'load' 'i_20' <Predicate = true> <Delay = 0.00>
ST_19 : Operation 803 [1/1] (0.44ns)   --->   "%icmp_ln226 = icmp_eq  i2 %i_20, i2 3" [/home/lab_726/boom/hls_boom/include/boom_state.hpp:226->/home/lab_726/boom/hls_boom/include/boom_state.hpp:255->/home/lab_726/boom/hls_boom/src/boom_core_merged.cpp:2884]   --->   Operation 803 'icmp' 'icmp_ln226' <Predicate = true> <Delay = 0.44> <CoreInst = "Cmp">   --->   Core 9 'Cmp' <Latency = 0> <II = 1> <Delay = 0.78> <FuncUnit> <Opcode : 'icmp'> <InPorts = 2> <OutPorts = 1>
ST_19 : Operation 804 [1/1] (0.00ns)   --->   "%empty_82 = speclooptripcount i32 @_ssdm_op_SpecLoopTripCount, i64 3, i64 3, i64 3"   --->   Operation 804 'speclooptripcount' 'empty_82' <Predicate = true> <Delay = 0.00>
ST_19 : Operation 805 [1/1] (0.54ns)   --->   "%add_ln226 = add i2 %i_20, i2 1" [/home/lab_726/boom/hls_boom/include/boom_state.hpp:226->/home/lab_726/boom/hls_boom/include/boom_state.hpp:255->/home/lab_726/boom/hls_boom/src/boom_core_merged.cpp:2884]   --->   Operation 805 'add' 'add_ln226' <Predicate = true> <Delay = 0.54> <CoreInst = "Adder">   --->   Core 1 'Adder' <Latency = 0> <II = 1> <Delay = 0.78> <FuncUnit> <Opcode : 'add' 'sub'> <InPorts = 2> <OutPorts = 1>
ST_19 : Operation 806 [1/1] (0.00ns)   --->   "%br_ln226 = br i1 %icmp_ln226, void %.split4.i.i, void %.preheader1.i.i.preheader" [/home/lab_726/boom/hls_boom/include/boom_state.hpp:226->/home/lab_726/boom/hls_boom/include/boom_state.hpp:255->/home/lab_726/boom/hls_boom/src/boom_core_merged.cpp:2884]   --->   Operation 806 'br' 'br_ln226' <Predicate = true> <Delay = 0.00>
ST_19 : Operation 807 [1/1] (0.00ns)   --->   "%specloopname_ln226 = specloopname void @_ssdm_op_SpecLoopName, void @empty_22" [/home/lab_726/boom/hls_boom/include/boom_state.hpp:226->/home/lab_726/boom/hls_boom/include/boom_state.hpp:255->/home/lab_726/boom/hls_boom/src/boom_core_merged.cpp:2884]   --->   Operation 807 'specloopname' 'specloopname_ln226' <Predicate = (!icmp_ln226)> <Delay = 0.00>
ST_19 : Operation 808 [1/1] (0.58ns)   --->   "%switch_ln226 = switch i2 %i_20, void %branch623, i2 0, void %branch621, i2 1, void %branch622" [/home/lab_726/boom/hls_boom/include/boom_state.hpp:226->/home/lab_726/boom/hls_boom/include/boom_state.hpp:255->/home/lab_726/boom/hls_boom/src/boom_core_merged.cpp:2884]   --->   Operation 808 'switch' 'switch_ln226' <Predicate = (!icmp_ln226)> <Delay = 0.58>
ST_19 : Operation 809 [1/1] (0.00ns)   --->   "%store_ln226 = store i1 0, i1 %state_completion_wakeup_sent_1" [/home/lab_726/boom/hls_boom/include/boom_state.hpp:226->/home/lab_726/boom/hls_boom/include/boom_state.hpp:255->/home/lab_726/boom/hls_boom/src/boom_core_merged.cpp:2884]   --->   Operation 809 'store' 'store_ln226' <Predicate = (!icmp_ln226 & i_20 == 1)> <Delay = 0.00>
ST_19 : Operation 810 [1/1] (0.00ns)   --->   "%br_ln226 = br void %.split4.i.i1034" [/home/lab_726/boom/hls_boom/include/boom_state.hpp:226->/home/lab_726/boom/hls_boom/include/boom_state.hpp:255->/home/lab_726/boom/hls_boom/src/boom_core_merged.cpp:2884]   --->   Operation 810 'br' 'br_ln226' <Predicate = (!icmp_ln226 & i_20 == 1)> <Delay = 0.00>
ST_19 : Operation 811 [1/1] (0.00ns)   --->   "%store_ln226 = store i1 0, i1 %state_completion_wakeup_sent_0" [/home/lab_726/boom/hls_boom/include/boom_state.hpp:226->/home/lab_726/boom/hls_boom/include/boom_state.hpp:255->/home/lab_726/boom/hls_boom/src/boom_core_merged.cpp:2884]   --->   Operation 811 'store' 'store_ln226' <Predicate = (!icmp_ln226 & i_20 == 0)> <Delay = 0.00>
ST_19 : Operation 812 [1/1] (0.00ns)   --->   "%br_ln226 = br void %.split4.i.i1034" [/home/lab_726/boom/hls_boom/include/boom_state.hpp:226->/home/lab_726/boom/hls_boom/include/boom_state.hpp:255->/home/lab_726/boom/hls_boom/src/boom_core_merged.cpp:2884]   --->   Operation 812 'br' 'br_ln226' <Predicate = (!icmp_ln226 & i_20 == 0)> <Delay = 0.00>
ST_19 : Operation 813 [1/1] (0.00ns)   --->   "%store_ln226 = store i1 0, i1 %state_completion_wakeup_sent_2" [/home/lab_726/boom/hls_boom/include/boom_state.hpp:226->/home/lab_726/boom/hls_boom/include/boom_state.hpp:255->/home/lab_726/boom/hls_boom/src/boom_core_merged.cpp:2884]   --->   Operation 813 'store' 'store_ln226' <Predicate = (!icmp_ln226 & i_20 != 0 & i_20 != 1)> <Delay = 0.00>
ST_19 : Operation 814 [1/1] (0.00ns)   --->   "%br_ln226 = br void %.split4.i.i1034" [/home/lab_726/boom/hls_boom/include/boom_state.hpp:226->/home/lab_726/boom/hls_boom/include/boom_state.hpp:255->/home/lab_726/boom/hls_boom/src/boom_core_merged.cpp:2884]   --->   Operation 814 'br' 'br_ln226' <Predicate = (!icmp_ln226 & i_20 != 0 & i_20 != 1)> <Delay = 0.00>
ST_19 : Operation 815 [1/1] (0.42ns)   --->   "%store_ln226 = store i2 %add_ln226, i2 %i_8" [/home/lab_726/boom/hls_boom/include/boom_state.hpp:226->/home/lab_726/boom/hls_boom/include/boom_state.hpp:255->/home/lab_726/boom/hls_boom/src/boom_core_merged.cpp:2884]   --->   Operation 815 'store' 'store_ln226' <Predicate = (!icmp_ln226)> <Delay = 0.42>
ST_19 : Operation 816 [1/1] (0.00ns)   --->   "%br_ln0 = br void %.preheader2.i.i"   --->   Operation 816 'br' 'br_ln0' <Predicate = (!icmp_ln226)> <Delay = 0.00>
ST_19 : Operation 817 [1/1] (0.00ns)   --->   "%i_9 = alloca i32 1"   --->   Operation 817 'alloca' 'i_9' <Predicate = (icmp_ln226)> <Delay = 0.00>
ST_19 : Operation 818 [1/1] (0.42ns)   --->   "%store_ln227 = store i2 0, i2 %i_9" [/home/lab_726/boom/hls_boom/include/boom_state.hpp:227->/home/lab_726/boom/hls_boom/include/boom_state.hpp:255->/home/lab_726/boom/hls_boom/src/boom_core_merged.cpp:2884]   --->   Operation 818 'store' 'store_ln227' <Predicate = (icmp_ln226)> <Delay = 0.42>
ST_19 : Operation 819 [1/1] (0.00ns)   --->   "%br_ln227 = br void %.preheader1.i.i" [/home/lab_726/boom/hls_boom/include/boom_state.hpp:227->/home/lab_726/boom/hls_boom/include/boom_state.hpp:255->/home/lab_726/boom/hls_boom/src/boom_core_merged.cpp:2884]   --->   Operation 819 'br' 'br_ln227' <Predicate = (icmp_ln226)> <Delay = 0.00>

State 20 <SV = 18> <Delay = 0.97>
ST_20 : Operation 820 [1/1] (0.00ns)   --->   "%i_21 = load i2 %i_9" [/home/lab_726/boom/hls_boom/include/boom_state.hpp:227->/home/lab_726/boom/hls_boom/include/boom_state.hpp:255->/home/lab_726/boom/hls_boom/src/boom_core_merged.cpp:2884]   --->   Operation 820 'load' 'i_21' <Predicate = true> <Delay = 0.00>
ST_20 : Operation 821 [1/1] (0.44ns)   --->   "%icmp_ln227 = icmp_eq  i2 %i_21, i2 3" [/home/lab_726/boom/hls_boom/include/boom_state.hpp:227->/home/lab_726/boom/hls_boom/include/boom_state.hpp:255->/home/lab_726/boom/hls_boom/src/boom_core_merged.cpp:2884]   --->   Operation 821 'icmp' 'icmp_ln227' <Predicate = true> <Delay = 0.44> <CoreInst = "Cmp">   --->   Core 9 'Cmp' <Latency = 0> <II = 1> <Delay = 0.78> <FuncUnit> <Opcode : 'icmp'> <InPorts = 2> <OutPorts = 1>
ST_20 : Operation 822 [1/1] (0.00ns)   --->   "%empty_83 = speclooptripcount i32 @_ssdm_op_SpecLoopTripCount, i64 3, i64 3, i64 3"   --->   Operation 822 'speclooptripcount' 'empty_83' <Predicate = true> <Delay = 0.00>
ST_20 : Operation 823 [1/1] (0.54ns)   --->   "%add_ln227 = add i2 %i_21, i2 1" [/home/lab_726/boom/hls_boom/include/boom_state.hpp:227->/home/lab_726/boom/hls_boom/include/boom_state.hpp:255->/home/lab_726/boom/hls_boom/src/boom_core_merged.cpp:2884]   --->   Operation 823 'add' 'add_ln227' <Predicate = true> <Delay = 0.54> <CoreInst = "Adder">   --->   Core 1 'Adder' <Latency = 0> <II = 1> <Delay = 0.78> <FuncUnit> <Opcode : 'add' 'sub'> <InPorts = 2> <OutPorts = 1>
ST_20 : Operation 824 [1/1] (0.00ns)   --->   "%br_ln227 = br i1 %icmp_ln227, void %.split2.i64.i, void %.preheader.i67.i.preheader" [/home/lab_726/boom/hls_boom/include/boom_state.hpp:227->/home/lab_726/boom/hls_boom/include/boom_state.hpp:255->/home/lab_726/boom/hls_boom/src/boom_core_merged.cpp:2884]   --->   Operation 824 'br' 'br_ln227' <Predicate = true> <Delay = 0.00>
ST_20 : Operation 825 [1/1] (0.00ns)   --->   "%specloopname_ln227 = specloopname void @_ssdm_op_SpecLoopName, void @empty_32" [/home/lab_726/boom/hls_boom/include/boom_state.hpp:227->/home/lab_726/boom/hls_boom/include/boom_state.hpp:255->/home/lab_726/boom/hls_boom/src/boom_core_merged.cpp:2884]   --->   Operation 825 'specloopname' 'specloopname_ln227' <Predicate = (!icmp_ln227)> <Delay = 0.00>
ST_20 : Operation 826 [1/1] (0.58ns)   --->   "%switch_ln227 = switch i2 %i_21, void %branch611, i2 0, void %branch609, i2 1, void %branch610" [/home/lab_726/boom/hls_boom/include/boom_state.hpp:227->/home/lab_726/boom/hls_boom/include/boom_state.hpp:255->/home/lab_726/boom/hls_boom/src/boom_core_merged.cpp:2884]   --->   Operation 826 'switch' 'switch_ln227' <Predicate = (!icmp_ln227)> <Delay = 0.58>
ST_20 : Operation 827 [1/1] (0.00ns)   --->   "%store_ln227 = store i1 0, i1 %state_completion_wakeups_valid_1" [/home/lab_726/boom/hls_boom/include/boom_state.hpp:227->/home/lab_726/boom/hls_boom/include/boom_state.hpp:255->/home/lab_726/boom/hls_boom/src/boom_core_merged.cpp:2884]   --->   Operation 827 'store' 'store_ln227' <Predicate = (!icmp_ln227 & i_21 == 1)> <Delay = 0.00>
ST_20 : Operation 828 [1/1] (0.00ns)   --->   "%store_ln227 = store i8 0, i8 %state_completion_wakeups_branch_mask_1" [/home/lab_726/boom/hls_boom/include/boom_state.hpp:227->/home/lab_726/boom/hls_boom/include/boom_state.hpp:255->/home/lab_726/boom/hls_boom/src/boom_core_merged.cpp:2884]   --->   Operation 828 'store' 'store_ln227' <Predicate = (!icmp_ln227 & i_21 == 1)> <Delay = 0.00>
ST_20 : Operation 829 [1/1] (0.00ns)   --->   "%br_ln0 = br void %.split2.i64.i10161025"   --->   Operation 829 'br' 'br_ln0' <Predicate = (!icmp_ln227 & i_21 == 1)> <Delay = 0.00>
ST_20 : Operation 830 [1/1] (0.00ns)   --->   "%store_ln227 = store i1 0, i1 %state_completion_wakeups_valid_0" [/home/lab_726/boom/hls_boom/include/boom_state.hpp:227->/home/lab_726/boom/hls_boom/include/boom_state.hpp:255->/home/lab_726/boom/hls_boom/src/boom_core_merged.cpp:2884]   --->   Operation 830 'store' 'store_ln227' <Predicate = (!icmp_ln227 & i_21 == 0)> <Delay = 0.00>
ST_20 : Operation 831 [1/1] (0.00ns)   --->   "%store_ln227 = store i8 0, i8 %state_completion_wakeups_branch_mask_0" [/home/lab_726/boom/hls_boom/include/boom_state.hpp:227->/home/lab_726/boom/hls_boom/include/boom_state.hpp:255->/home/lab_726/boom/hls_boom/src/boom_core_merged.cpp:2884]   --->   Operation 831 'store' 'store_ln227' <Predicate = (!icmp_ln227 & i_21 == 0)> <Delay = 0.00>
ST_20 : Operation 832 [1/1] (0.00ns)   --->   "%br_ln0 = br void %.split2.i64.i10161025"   --->   Operation 832 'br' 'br_ln0' <Predicate = (!icmp_ln227 & i_21 == 0)> <Delay = 0.00>
ST_20 : Operation 833 [1/1] (0.00ns)   --->   "%store_ln227 = store i1 0, i1 %state_completion_wakeups_valid_2" [/home/lab_726/boom/hls_boom/include/boom_state.hpp:227->/home/lab_726/boom/hls_boom/include/boom_state.hpp:255->/home/lab_726/boom/hls_boom/src/boom_core_merged.cpp:2884]   --->   Operation 833 'store' 'store_ln227' <Predicate = (!icmp_ln227 & i_21 != 0 & i_21 != 1)> <Delay = 0.00>
ST_20 : Operation 834 [1/1] (0.00ns)   --->   "%store_ln227 = store i8 0, i8 %state_completion_wakeups_branch_mask_2" [/home/lab_726/boom/hls_boom/include/boom_state.hpp:227->/home/lab_726/boom/hls_boom/include/boom_state.hpp:255->/home/lab_726/boom/hls_boom/src/boom_core_merged.cpp:2884]   --->   Operation 834 'store' 'store_ln227' <Predicate = (!icmp_ln227 & i_21 != 0 & i_21 != 1)> <Delay = 0.00>
ST_20 : Operation 835 [1/1] (0.00ns)   --->   "%br_ln0 = br void %.split2.i64.i10161025"   --->   Operation 835 'br' 'br_ln0' <Predicate = (!icmp_ln227 & i_21 != 0 & i_21 != 1)> <Delay = 0.00>
ST_20 : Operation 836 [1/1] (0.42ns)   --->   "%store_ln227 = store i2 %add_ln227, i2 %i_9" [/home/lab_726/boom/hls_boom/include/boom_state.hpp:227->/home/lab_726/boom/hls_boom/include/boom_state.hpp:255->/home/lab_726/boom/hls_boom/src/boom_core_merged.cpp:2884]   --->   Operation 836 'store' 'store_ln227' <Predicate = (!icmp_ln227)> <Delay = 0.42>
ST_20 : Operation 837 [1/1] (0.00ns)   --->   "%br_ln0 = br void %.preheader1.i.i"   --->   Operation 837 'br' 'br_ln0' <Predicate = (!icmp_ln227)> <Delay = 0.00>
ST_20 : Operation 838 [1/1] (0.00ns)   --->   "%i_10 = alloca i32 1"   --->   Operation 838 'alloca' 'i_10' <Predicate = (icmp_ln227)> <Delay = 0.00>
ST_20 : Operation 839 [1/1] (0.42ns)   --->   "%store_ln228 = store i2 0, i2 %i_10" [/home/lab_726/boom/hls_boom/include/boom_state.hpp:228->/home/lab_726/boom/hls_boom/include/boom_state.hpp:255->/home/lab_726/boom/hls_boom/src/boom_core_merged.cpp:2884]   --->   Operation 839 'store' 'store_ln228' <Predicate = (icmp_ln227)> <Delay = 0.42>
ST_20 : Operation 840 [1/1] (0.00ns)   --->   "%br_ln228 = br void %.preheader.i67.i" [/home/lab_726/boom/hls_boom/include/boom_state.hpp:228->/home/lab_726/boom/hls_boom/include/boom_state.hpp:255->/home/lab_726/boom/hls_boom/src/boom_core_merged.cpp:2884]   --->   Operation 840 'br' 'br_ln228' <Predicate = (icmp_ln227)> <Delay = 0.00>

State 21 <SV = 19> <Delay = 0.97>
ST_21 : Operation 841 [1/1] (0.00ns)   --->   "%i_22 = load i2 %i_10" [/home/lab_726/boom/hls_boom/include/boom_state.hpp:228->/home/lab_726/boom/hls_boom/include/boom_state.hpp:255->/home/lab_726/boom/hls_boom/src/boom_core_merged.cpp:2884]   --->   Operation 841 'load' 'i_22' <Predicate = true> <Delay = 0.00>
ST_21 : Operation 842 [1/1] (0.44ns)   --->   "%icmp_ln228 = icmp_eq  i2 %i_22, i2 3" [/home/lab_726/boom/hls_boom/include/boom_state.hpp:228->/home/lab_726/boom/hls_boom/include/boom_state.hpp:255->/home/lab_726/boom/hls_boom/src/boom_core_merged.cpp:2884]   --->   Operation 842 'icmp' 'icmp_ln228' <Predicate = true> <Delay = 0.44> <CoreInst = "Cmp">   --->   Core 9 'Cmp' <Latency = 0> <II = 1> <Delay = 0.78> <FuncUnit> <Opcode : 'icmp'> <InPorts = 2> <OutPorts = 1>
ST_21 : Operation 843 [1/1] (0.00ns)   --->   "%empty_84 = speclooptripcount i32 @_ssdm_op_SpecLoopTripCount, i64 3, i64 3, i64 3"   --->   Operation 843 'speclooptripcount' 'empty_84' <Predicate = true> <Delay = 0.00>
ST_21 : Operation 844 [1/1] (0.54ns)   --->   "%add_ln228 = add i2 %i_22, i2 1" [/home/lab_726/boom/hls_boom/include/boom_state.hpp:228->/home/lab_726/boom/hls_boom/include/boom_state.hpp:255->/home/lab_726/boom/hls_boom/src/boom_core_merged.cpp:2884]   --->   Operation 844 'add' 'add_ln228' <Predicate = true> <Delay = 0.54> <CoreInst = "Adder">   --->   Core 1 'Adder' <Latency = 0> <II = 1> <Delay = 0.78> <FuncUnit> <Opcode : 'add' 'sub'> <InPorts = 2> <OutPorts = 1>
ST_21 : Operation 845 [1/1] (0.00ns)   --->   "%br_ln228 = br i1 %icmp_ln228, void %.split.i69.i, void %CompletionPendingState.exit.i" [/home/lab_726/boom/hls_boom/include/boom_state.hpp:228->/home/lab_726/boom/hls_boom/include/boom_state.hpp:255->/home/lab_726/boom/hls_boom/src/boom_core_merged.cpp:2884]   --->   Operation 845 'br' 'br_ln228' <Predicate = true> <Delay = 0.00>
ST_21 : Operation 846 [1/1] (0.00ns)   --->   "%specloopname_ln228 = specloopname void @_ssdm_op_SpecLoopName, void @empty_56" [/home/lab_726/boom/hls_boom/include/boom_state.hpp:228->/home/lab_726/boom/hls_boom/include/boom_state.hpp:255->/home/lab_726/boom/hls_boom/src/boom_core_merged.cpp:2884]   --->   Operation 846 'specloopname' 'specloopname_ln228' <Predicate = (!icmp_ln228)> <Delay = 0.00>
ST_21 : Operation 847 [1/1] (0.58ns)   --->   "%switch_ln228 = switch i2 %i_22, void %branch626, i2 0, void %branch624, i2 1, void %branch625" [/home/lab_726/boom/hls_boom/include/boom_state.hpp:228->/home/lab_726/boom/hls_boom/include/boom_state.hpp:255->/home/lab_726/boom/hls_boom/src/boom_core_merged.cpp:2884]   --->   Operation 847 'switch' 'switch_ln228' <Predicate = (!icmp_ln228)> <Delay = 0.58>
ST_21 : Operation 848 [1/1] (0.00ns)   --->   "%store_ln228 = store i1 0, i1 %state_completion_bypass_valid_1" [/home/lab_726/boom/hls_boom/include/boom_state.hpp:228->/home/lab_726/boom/hls_boom/include/boom_state.hpp:255->/home/lab_726/boom/hls_boom/src/boom_core_merged.cpp:2884]   --->   Operation 848 'store' 'store_ln228' <Predicate = (!icmp_ln228 & i_22 == 1)> <Delay = 0.00>
ST_21 : Operation 849 [1/1] (0.00ns)   --->   "%store_ln228 = store i8 0, i8 %state_completion_bypass_branch_mask_1" [/home/lab_726/boom/hls_boom/include/boom_state.hpp:228->/home/lab_726/boom/hls_boom/include/boom_state.hpp:255->/home/lab_726/boom/hls_boom/src/boom_core_merged.cpp:2884]   --->   Operation 849 'store' 'store_ln228' <Predicate = (!icmp_ln228 & i_22 == 1)> <Delay = 0.00>
ST_21 : Operation 850 [1/1] (0.00ns)   --->   "%br_ln0 = br void %.split.i69.i10381047"   --->   Operation 850 'br' 'br_ln0' <Predicate = (!icmp_ln228 & i_22 == 1)> <Delay = 0.00>
ST_21 : Operation 851 [1/1] (0.00ns)   --->   "%store_ln228 = store i1 0, i1 %state_completion_bypass_valid_0" [/home/lab_726/boom/hls_boom/include/boom_state.hpp:228->/home/lab_726/boom/hls_boom/include/boom_state.hpp:255->/home/lab_726/boom/hls_boom/src/boom_core_merged.cpp:2884]   --->   Operation 851 'store' 'store_ln228' <Predicate = (!icmp_ln228 & i_22 == 0)> <Delay = 0.00>
ST_21 : Operation 852 [1/1] (0.00ns)   --->   "%store_ln228 = store i8 0, i8 %state_completion_bypass_branch_mask_0" [/home/lab_726/boom/hls_boom/include/boom_state.hpp:228->/home/lab_726/boom/hls_boom/include/boom_state.hpp:255->/home/lab_726/boom/hls_boom/src/boom_core_merged.cpp:2884]   --->   Operation 852 'store' 'store_ln228' <Predicate = (!icmp_ln228 & i_22 == 0)> <Delay = 0.00>
ST_21 : Operation 853 [1/1] (0.00ns)   --->   "%br_ln0 = br void %.split.i69.i10381047"   --->   Operation 853 'br' 'br_ln0' <Predicate = (!icmp_ln228 & i_22 == 0)> <Delay = 0.00>
ST_21 : Operation 854 [1/1] (0.00ns)   --->   "%store_ln228 = store i1 0, i1 %state_completion_bypass_valid_2" [/home/lab_726/boom/hls_boom/include/boom_state.hpp:228->/home/lab_726/boom/hls_boom/include/boom_state.hpp:255->/home/lab_726/boom/hls_boom/src/boom_core_merged.cpp:2884]   --->   Operation 854 'store' 'store_ln228' <Predicate = (!icmp_ln228 & i_22 != 0 & i_22 != 1)> <Delay = 0.00>
ST_21 : Operation 855 [1/1] (0.00ns)   --->   "%store_ln228 = store i8 0, i8 %state_completion_bypass_branch_mask_2" [/home/lab_726/boom/hls_boom/include/boom_state.hpp:228->/home/lab_726/boom/hls_boom/include/boom_state.hpp:255->/home/lab_726/boom/hls_boom/src/boom_core_merged.cpp:2884]   --->   Operation 855 'store' 'store_ln228' <Predicate = (!icmp_ln228 & i_22 != 0 & i_22 != 1)> <Delay = 0.00>
ST_21 : Operation 856 [1/1] (0.00ns)   --->   "%br_ln0 = br void %.split.i69.i10381047"   --->   Operation 856 'br' 'br_ln0' <Predicate = (!icmp_ln228 & i_22 != 0 & i_22 != 1)> <Delay = 0.00>
ST_21 : Operation 857 [1/1] (0.42ns)   --->   "%store_ln228 = store i2 %add_ln228, i2 %i_10" [/home/lab_726/boom/hls_boom/include/boom_state.hpp:228->/home/lab_726/boom/hls_boom/include/boom_state.hpp:255->/home/lab_726/boom/hls_boom/src/boom_core_merged.cpp:2884]   --->   Operation 857 'store' 'store_ln228' <Predicate = (!icmp_ln228)> <Delay = 0.42>
ST_21 : Operation 858 [1/1] (0.00ns)   --->   "%br_ln0 = br void %.preheader.i67.i"   --->   Operation 858 'br' 'br_ln0' <Predicate = (!icmp_ln228)> <Delay = 0.00>
ST_21 : Operation 859 [1/1] (0.00ns)   --->   "%phi_mul = alloca i32 1"   --->   Operation 859 'alloca' 'phi_mul' <Predicate = (icmp_ln228)> <Delay = 0.00>
ST_21 : Operation 860 [1/1] (0.00ns)   --->   "%i_11 = alloca i32 1"   --->   Operation 860 'alloca' 'i_11' <Predicate = (icmp_ln228)> <Delay = 0.00>
ST_21 : Operation 861 [1/1] (0.00ns)   --->   "%store_ln60 = store i8 0, i8 %state_branch_state_active_mask" [/home/lab_726/boom/hls_boom/include/boom_state.hpp:60]   --->   Operation 861 'store' 'store_ln60' <Predicate = (icmp_ln228)> <Delay = 0.00>
ST_21 : Operation 862 [1/1] (0.00ns)   --->   "%store_ln60 = store i32 0, i32 %state_branch_state_releases" [/home/lab_726/boom/hls_boom/include/boom_state.hpp:60]   --->   Operation 862 'store' 'store_ln60' <Predicate = (icmp_ln228)> <Delay = 0.00>
ST_21 : Operation 863 [1/1] (0.00ns)   --->   "%store_ln61 = store i32 0, i32 %state_branch_state_mispredicts" [/home/lab_726/boom/hls_boom/include/boom_state.hpp:61]   --->   Operation 863 'store' 'store_ln61' <Predicate = (icmp_ln228)> <Delay = 0.00>
ST_21 : Operation 864 [1/1] (0.00ns)   --->   "%store_ln61 = store i32 0, i32 %state_branch_state_rollbacks" [/home/lab_726/boom/hls_boom/include/boom_state.hpp:61]   --->   Operation 864 'store' 'store_ln61' <Predicate = (icmp_ln228)> <Delay = 0.00>
ST_21 : Operation 865 [1/1] (0.42ns)   --->   "%store_ln62 = store i4 0, i4 %i_11" [/home/lab_726/boom/hls_boom/include/boom_state.hpp:62]   --->   Operation 865 'store' 'store_ln62' <Predicate = (icmp_ln228)> <Delay = 0.42>
ST_21 : Operation 866 [1/1] (0.42ns)   --->   "%store_ln62 = store i9 0, i9 %phi_mul" [/home/lab_726/boom/hls_boom/include/boom_state.hpp:62]   --->   Operation 866 'store' 'store_ln62' <Predicate = (icmp_ln228)> <Delay = 0.42>
ST_21 : Operation 867 [1/1] (0.00ns)   --->   "%br_ln62 = br void" [/home/lab_726/boom/hls_boom/include/boom_state.hpp:62]   --->   Operation 867 'br' 'br_ln62' <Predicate = (icmp_ln228)> <Delay = 0.00>

State 22 <SV = 20> <Delay = 1.39>
ST_22 : Operation 868 [1/1] (0.00ns)   --->   "%phi_mul_load = load i9 %phi_mul" [/home/lab_726/boom/hls_boom/include/boom_state.hpp:64]   --->   Operation 868 'load' 'phi_mul_load' <Predicate = (!guard_variable_for_synth_rob_top_unsigned_int_unsigned_long_unsigned_long_state_load)> <Delay = 0.00>
ST_22 : Operation 869 [1/1] (0.00ns)   --->   "%i_23 = load i4 %i_11" [/home/lab_726/boom/hls_boom/include/boom_state.hpp:62]   --->   Operation 869 'load' 'i_23' <Predicate = (!guard_variable_for_synth_rob_top_unsigned_int_unsigned_long_unsigned_long_state_load)> <Delay = 0.00>
ST_22 : Operation 870 [1/1] (0.77ns)   --->   "%add_ln62_1 = add i9 %phi_mul_load, i9 52" [/home/lab_726/boom/hls_boom/include/boom_state.hpp:62]   --->   Operation 870 'add' 'add_ln62_1' <Predicate = (!guard_variable_for_synth_rob_top_unsigned_int_unsigned_long_unsigned_long_state_load)> <Delay = 0.77> <CoreInst = "Adder">   --->   Core 1 'Adder' <Latency = 0> <II = 1> <Delay = 0.78> <FuncUnit> <Opcode : 'add' 'sub'> <InPorts = 2> <OutPorts = 1>
ST_22 : Operation 871 [1/1] (0.00ns)   --->   "%zext_ln62 = zext i4 %i_23" [/home/lab_726/boom/hls_boom/include/boom_state.hpp:62]   --->   Operation 871 'zext' 'zext_ln62' <Predicate = (!guard_variable_for_synth_rob_top_unsigned_int_unsigned_long_unsigned_long_state_load)> <Delay = 0.00>
ST_22 : Operation 872 [1/1] (0.72ns)   --->   "%icmp_ln62 = icmp_eq  i4 %i_23, i4 8" [/home/lab_726/boom/hls_boom/include/boom_state.hpp:62]   --->   Operation 872 'icmp' 'icmp_ln62' <Predicate = (!guard_variable_for_synth_rob_top_unsigned_int_unsigned_long_unsigned_long_state_load)> <Delay = 0.72> <CoreInst = "Cmp">   --->   Core 9 'Cmp' <Latency = 0> <II = 1> <Delay = 0.78> <FuncUnit> <Opcode : 'icmp'> <InPorts = 2> <OutPorts = 1>
ST_22 : Operation 873 [1/1] (0.00ns)   --->   "%empty_85 = speclooptripcount i32 @_ssdm_op_SpecLoopTripCount, i64 8, i64 8, i64 8"   --->   Operation 873 'speclooptripcount' 'empty_85' <Predicate = (!guard_variable_for_synth_rob_top_unsigned_int_unsigned_long_unsigned_long_state_load)> <Delay = 0.00>
ST_22 : Operation 874 [1/1] (0.79ns)   --->   "%add_ln62 = add i4 %i_23, i4 1" [/home/lab_726/boom/hls_boom/include/boom_state.hpp:62]   --->   Operation 874 'add' 'add_ln62' <Predicate = (!guard_variable_for_synth_rob_top_unsigned_int_unsigned_long_unsigned_long_state_load)> <Delay = 0.79> <CoreInst = "Adder">   --->   Core 1 'Adder' <Latency = 0> <II = 1> <Delay = 0.78> <FuncUnit> <Opcode : 'add' 'sub'> <InPorts = 2> <OutPorts = 1>
ST_22 : Operation 875 [1/1] (0.00ns)   --->   "%br_ln62 = br i1 %icmp_ln62, void %.split6.i, void %BoomCoreState.exit" [/home/lab_726/boom/hls_boom/include/boom_state.hpp:62]   --->   Operation 875 'br' 'br_ln62' <Predicate = (!guard_variable_for_synth_rob_top_unsigned_int_unsigned_long_unsigned_long_state_load)> <Delay = 0.00>
ST_22 : Operation 876 [1/1] (0.00ns)   --->   "%specloopname_ln62 = specloopname void @_ssdm_op_SpecLoopName, void @empty_36" [/home/lab_726/boom/hls_boom/include/boom_state.hpp:62]   --->   Operation 876 'specloopname' 'specloopname_ln62' <Predicate = (!guard_variable_for_synth_rob_top_unsigned_int_unsigned_long_unsigned_long_state_load & !icmp_ln62)> <Delay = 0.00>
ST_22 : Operation 877 [1/1] (0.00ns)   --->   "%state_branch_state_tag_valid_addr = getelementptr i1 %state_branch_state_tag_valid, i64 0, i64 %zext_ln62" [/home/lab_726/boom/hls_boom/include/boom_state.hpp:63]   --->   Operation 877 'getelementptr' 'state_branch_state_tag_valid_addr' <Predicate = (!guard_variable_for_synth_rob_top_unsigned_int_unsigned_long_unsigned_long_state_load & !icmp_ln62)> <Delay = 0.00>
ST_22 : Operation 878 [1/1] (0.67ns)   --->   "%store_ln63 = store i1 0, i3 %state_branch_state_tag_valid_addr" [/home/lab_726/boom/hls_boom/include/boom_state.hpp:63]   --->   Operation 878 'store' 'store_ln63' <Predicate = (!guard_variable_for_synth_rob_top_unsigned_int_unsigned_long_unsigned_long_state_load & !icmp_ln62)> <Delay = 0.67> <CoreInst = "RAM">   --->   Core 83 'RAM' <Latency = 1> <II = 1> <Delay = 0.67> <Storage> <Opcode : 'load' 'store'> <Ports = 2> <Width = 1> <Depth = 8> <RAM>
ST_22 : Operation 879 [1/1] (0.00ns)   --->   "%state_branch_state_snapshot_valid_addr = getelementptr i1 %state_branch_state_snapshot_valid, i64 0, i64 %zext_ln62" [/home/lab_726/boom/hls_boom/include/boom_state.hpp:63]   --->   Operation 879 'getelementptr' 'state_branch_state_snapshot_valid_addr' <Predicate = (!guard_variable_for_synth_rob_top_unsigned_int_unsigned_long_unsigned_long_state_load & !icmp_ln62)> <Delay = 0.00>
ST_22 : Operation 880 [1/1] (0.67ns)   --->   "%store_ln63 = store i1 0, i3 %state_branch_state_snapshot_valid_addr" [/home/lab_726/boom/hls_boom/include/boom_state.hpp:63]   --->   Operation 880 'store' 'store_ln63' <Predicate = (!guard_variable_for_synth_rob_top_unsigned_int_unsigned_long_unsigned_long_state_load & !icmp_ln62)> <Delay = 0.67> <CoreInst = "RAM">   --->   Core 83 'RAM' <Latency = 1> <II = 1> <Delay = 0.67> <Storage> <Opcode : 'load' 'store'> <Ports = 2> <Width = 1> <Depth = 8> <RAM>
ST_22 : Operation 881 [1/1] (0.42ns)   --->   "%br_ln64 = br void" [/home/lab_726/boom/hls_boom/include/boom_state.hpp:64]   --->   Operation 881 'br' 'br_ln64' <Predicate = (!guard_variable_for_synth_rob_top_unsigned_int_unsigned_long_unsigned_long_state_load & !icmp_ln62)> <Delay = 0.42>
ST_22 : Operation 882 [1/1] (0.00ns)   --->   "%store_ln255 = store i64 0, i64 %state_int_rf_latest_bank" [/home/lab_726/boom/hls_boom/include/boom_state.hpp:255->/home/lab_726/boom/hls_boom/src/boom_core_merged.cpp:2884]   --->   Operation 882 'store' 'store_ln255' <Predicate = (!guard_variable_for_synth_rob_top_unsigned_int_unsigned_long_unsigned_long_state_load & icmp_ln62)> <Delay = 0.00>
ST_22 : Operation 883 [1/1] (0.00ns)   --->   "%store_ln187 = store i8 0, i8 %state_brupdate_mispredict_mask" [/home/lab_726/boom/hls_boom/include/boom_types.hpp:187]   --->   Operation 883 'store' 'store_ln187' <Predicate = (!guard_variable_for_synth_rob_top_unsigned_int_unsigned_long_unsigned_long_state_load & icmp_ln62)> <Delay = 0.00>
ST_22 : Operation 884 [1/1] (0.00ns)   --->   "%store_ln187 = store i8 0, i8 %state_brupdate_br_tag" [/home/lab_726/boom/hls_boom/include/boom_types.hpp:187]   --->   Operation 884 'store' 'store_ln187' <Predicate = (!guard_variable_for_synth_rob_top_unsigned_int_unsigned_long_unsigned_long_state_load & icmp_ln62)> <Delay = 0.00>
ST_22 : Operation 885 [1/1] (0.00ns)   --->   "%store_ln83 = store i8 0, i8 %state_brupdate_uop_branch_br_mask" [/home/lab_726/boom/hls_boom/include/boom_types.hpp:83]   --->   Operation 885 'store' 'store_ln83' <Predicate = (!guard_variable_for_synth_rob_top_unsigned_int_unsigned_long_unsigned_long_state_load & icmp_ln62)> <Delay = 0.00>
ST_22 : Operation 886 [1/1] (0.00ns)   --->   "%store_ln84 = store i8 0, i8 %state_brupdate_uop_queue_rob_idx" [/home/lab_726/boom/hls_boom/include/boom_types.hpp:84]   --->   Operation 886 'store' 'store_ln84' <Predicate = (!guard_variable_for_synth_rob_top_unsigned_int_unsigned_long_unsigned_long_state_load & icmp_ln62)> <Delay = 0.00>
ST_22 : Operation 887 [1/1] (0.00ns)   --->   "%store_ln0 = store i1 1, i1 %guard_variable_for_synth_rob_top_unsigned_int_unsigned_long_unsigned_long_state"   --->   Operation 887 'store' 'store_ln0' <Predicate = (!guard_variable_for_synth_rob_top_unsigned_int_unsigned_long_unsigned_long_state_load & icmp_ln62)> <Delay = 0.00>
ST_22 : Operation 888 [1/1] (0.00ns)   --->   "%br_ln0 = br void %._crit_edge"   --->   Operation 888 'br' 'br_ln0' <Predicate = (!guard_variable_for_synth_rob_top_unsigned_int_unsigned_long_unsigned_long_state_load & icmp_ln62)> <Delay = 0.00>
ST_22 : Operation 889 [1/1] (0.00ns)   --->   "%store_ln2885 = store i1 1, i1 %state_rename_dispatch_packets_valid_0" [/home/lab_726/boom/hls_boom/src/boom_core_merged.cpp:2885]   --->   Operation 889 'store' 'store_ln2885' <Predicate = (icmp_ln62) | (guard_variable_for_synth_rob_top_unsigned_int_unsigned_long_unsigned_long_state_load)> <Delay = 0.00>
ST_22 : Operation 890 [1/1] (0.00ns)   --->   "%store_ln2888 = store i5 18, i5 %state_rename_dispatch_packets_uop_uopc_0" [/home/lab_726/boom/hls_boom/src/boom_core_merged.cpp:2888]   --->   Operation 890 'store' 'store_ln2888' <Predicate = (icmp_ln62) | (guard_variable_for_synth_rob_top_unsigned_int_unsigned_long_unsigned_long_state_load)> <Delay = 0.00>

State 23 <SV = 21> <Delay = 1.46>
ST_23 : Operation 891 [1/1] (0.00ns)   --->   "%p = phi i6 %add_ln64, void %.split4.i, i6 0, void %.split6.i" [/home/lab_726/boom/hls_boom/include/boom_state.hpp:64]   --->   Operation 891 'phi' 'p' <Predicate = true> <Delay = 0.00>
ST_23 : Operation 892 [1/1] (0.00ns)   --->   "%zext_ln64 = zext i6 %p" [/home/lab_726/boom/hls_boom/include/boom_state.hpp:64]   --->   Operation 892 'zext' 'zext_ln64' <Predicate = true> <Delay = 0.00>
ST_23 : Operation 893 [1/1] (0.77ns)   --->   "%add_ln64_1 = add i9 %phi_mul_load, i9 %zext_ln64" [/home/lab_726/boom/hls_boom/include/boom_state.hpp:64]   --->   Operation 893 'add' 'add_ln64_1' <Predicate = true> <Delay = 0.77> <CoreInst = "Adder">   --->   Core 1 'Adder' <Latency = 0> <II = 1> <Delay = 0.78> <FuncUnit> <Opcode : 'add' 'sub'> <InPorts = 2> <OutPorts = 1>
ST_23 : Operation 894 [1/1] (0.00ns)   --->   "%zext_ln64_1 = zext i9 %add_ln64_1" [/home/lab_726/boom/hls_boom/include/boom_state.hpp:64]   --->   Operation 894 'zext' 'zext_ln64_1' <Predicate = true> <Delay = 0.00>
ST_23 : Operation 895 [1/1] (0.00ns)   --->   "%state_branch_state_br_alloc_lists_addr = getelementptr i1 %state_branch_state_br_alloc_lists, i64 0, i64 %zext_ln64_1" [/home/lab_726/boom/hls_boom/include/boom_state.hpp:64]   --->   Operation 895 'getelementptr' 'state_branch_state_br_alloc_lists_addr' <Predicate = true> <Delay = 0.00>
ST_23 : Operation 896 [1/1] (0.78ns)   --->   "%icmp_ln64 = icmp_eq  i6 %p, i6 52" [/home/lab_726/boom/hls_boom/include/boom_state.hpp:64]   --->   Operation 896 'icmp' 'icmp_ln64' <Predicate = true> <Delay = 0.78> <CoreInst = "Cmp">   --->   Core 9 'Cmp' <Latency = 0> <II = 1> <Delay = 0.78> <FuncUnit> <Opcode : 'icmp'> <InPorts = 2> <OutPorts = 1>
ST_23 : Operation 897 [1/1] (0.00ns)   --->   "%empty_86 = speclooptripcount i32 @_ssdm_op_SpecLoopTripCount, i64 52, i64 52, i64 52"   --->   Operation 897 'speclooptripcount' 'empty_86' <Predicate = true> <Delay = 0.00>
ST_23 : Operation 898 [1/1] (0.78ns)   --->   "%add_ln64 = add i6 %p, i6 1" [/home/lab_726/boom/hls_boom/include/boom_state.hpp:64]   --->   Operation 898 'add' 'add_ln64' <Predicate = true> <Delay = 0.78> <CoreInst = "Adder">   --->   Core 1 'Adder' <Latency = 0> <II = 1> <Delay = 0.78> <FuncUnit> <Opcode : 'add' 'sub'> <InPorts = 2> <OutPorts = 1>
ST_23 : Operation 899 [1/1] (0.00ns)   --->   "%br_ln64 = br i1 %icmp_ln64, void %.split4.i, void" [/home/lab_726/boom/hls_boom/include/boom_state.hpp:64]   --->   Operation 899 'br' 'br_ln64' <Predicate = true> <Delay = 0.00>
ST_23 : Operation 900 [1/1] (0.00ns)   --->   "%specloopname_ln64 = specloopname void @_ssdm_op_SpecLoopName, void @empty_29" [/home/lab_726/boom/hls_boom/include/boom_state.hpp:64]   --->   Operation 900 'specloopname' 'specloopname_ln64' <Predicate = (!icmp_ln64)> <Delay = 0.00>
ST_23 : Operation 901 [1/1] (0.67ns)   --->   "%store_ln64 = store i1 0, i9 %state_branch_state_br_alloc_lists_addr" [/home/lab_726/boom/hls_boom/include/boom_state.hpp:64]   --->   Operation 901 'store' 'store_ln64' <Predicate = (!icmp_ln64)> <Delay = 0.67> <CoreInst = "RAM">   --->   Core 83 'RAM' <Latency = 1> <II = 1> <Delay = 0.67> <Storage> <Opcode : 'load' 'store'> <Ports = 2> <Width = 1> <Depth = 416> <RAM>
ST_23 : Operation 902 [1/1] (0.00ns)   --->   "%br_ln0 = br void"   --->   Operation 902 'br' 'br_ln0' <Predicate = (!icmp_ln64)> <Delay = 0.00>
ST_23 : Operation 903 [1/1] (0.42ns)   --->   "%store_ln62 = store i4 %add_ln62, i4 %i_11" [/home/lab_726/boom/hls_boom/include/boom_state.hpp:62]   --->   Operation 903 'store' 'store_ln62' <Predicate = (icmp_ln64)> <Delay = 0.42>
ST_23 : Operation 904 [1/1] (0.42ns)   --->   "%store_ln62 = store i9 %add_ln62_1, i9 %phi_mul" [/home/lab_726/boom/hls_boom/include/boom_state.hpp:62]   --->   Operation 904 'store' 'store_ln62' <Predicate = (icmp_ln64)> <Delay = 0.42>
ST_23 : Operation 905 [1/1] (0.00ns)   --->   "%br_ln0 = br void"   --->   Operation 905 'br' 'br_ln0' <Predicate = (icmp_ln64)> <Delay = 0.00>

State 24 <SV = 21> <Delay = 0.00>
ST_24 : Operation 906 [1/1] (0.00ns)   --->   "%call_ln2889 = call void @rob_allocate, i1 %state_rob_state, i1 %state_rename_dispatch_packets_valid_0, i1 %state_rename_dispatch_packets_rob_allocated_0, i5 %state_rob_tail, i1 %state_rob_maybe_full, i5 %state_rename_dispatch_packets_uop_uopc_0, i8 %state_rename_dispatch_packets_uop_branch_br_mask_0, i32 %state_rob_next_allocation_id, i1 %state_rob_entries_memory_valid, i1 %state_rob_entries_is_load, i1 %state_rob_entries_memory_request_sent, i1 %state_rob_entries_memory_completed, i1 %state_rob_entries_memory_transaction_id, i1 %state_rob_entries_valid, i1 %state_rob_entries_busy, i8 %state_rob_entries_uop_branch_br_mask, i32 %state_rob_entries_uop_queue_rob_allocation_id" [/home/lab_726/boom/hls_boom/src/boom_core_merged.cpp:2889]   --->   Operation 906 'call' 'call_ln2889' <Predicate = true> <Delay = 0.00> <CoreType = "Generic">   --->   Core 0 '' <Latency = 0> <II = 1> <Delay = 1.00> <Generic> <Opcode : >
ST_24 : Operation 907 [1/1] (0.00ns)   --->   "%store_ln1276 = store i8 0, i8 %state_completion_completion_accepts_this_cycle" [/home/lab_726/boom/hls_boom/src/boom_core_merged.cpp:1276]   --->   Operation 907 'store' 'store_ln1276' <Predicate = true> <Delay = 0.00>
ST_24 : Operation 908 [1/1] (0.00ns)   --->   "%store_ln1277 = store i8 0, i8 %state_completion_rob_completes_this_cycle" [/home/lab_726/boom/hls_boom/src/boom_core_merged.cpp:1277]   --->   Operation 908 'store' 'store_ln1277' <Predicate = true> <Delay = 0.00>
ST_24 : Operation 909 [1/1] (0.00ns)   --->   "%store_ln1278 = store i8 0, i8 %state_completion_prf_writes_this_cycle" [/home/lab_726/boom/hls_boom/src/boom_core_merged.cpp:1278]   --->   Operation 909 'store' 'store_ln1278' <Predicate = true> <Delay = 0.00>

State 25 <SV = 22> <Delay = 0.00>
ST_25 : Operation 910 [2/2] (0.00ns)   --->   "%call_ln1280 = call void @begin_completion_cycle, i8 %state_completion_completion_accepts_this_cycle, i8 %state_completion_rob_completes_this_cycle, i8 %state_completion_prf_writes_this_cycle, i1 %state_completion_mem_execute_valid, i1 %state_completion_int_execute_valid, i8 %state_execute_alu_results_uop_branch_br_mask_2, i1 %state_completion_mem_execute_kind, i1 %state_completion_mem_execute_source, i8 %state_completion_mem_execute_uop_branch_br_mask, i1 %state_completion_mem_execute_control_resolved, i1 %state_completion_int_execute_kind, i1 %state_completion_int_execute_source, i8 %state_completion_int_execute_uop_branch_br_mask, i1 %state_completion_int_execute_control_resolved, i1 %state_rob_entries_valid, i32 %state_rob_entries_uop_queue_rob_allocation_id, i8 %state_brupdate_mispredict_mask, i8 %state_brupdate_br_tag, i8 %state_brupdate_uop_branch_br_mask, i8 %state_brupdate_uop_queue_rob_idx, i32 %state_branch_state_mispredicts, i32 %state_branch_state_rollbacks, i1 %state_issue_alu_iq_entries_valid, i8 %state_issue_alu_iq_entries_uop_branch_br_mask, i1 %state_issue_alu_iq_entries_killed, i1 %state_issue_alu_iq_entries_request, i1 %state_issue_alu_iq_entries_granted, i1 %state_issue_alu_iq_entries_pdst_busy, i1 %state_issue_alu_iq_entries_prs1_busy, i1 %state_issue_alu_iq_entries_prs2_busy, i1 %state_issue_alu_iq_entries_prs3_busy, i8 %state_issue_alu_iq_entries_uop_uopc, i32 %state_issue_alu_iq_entries_uop_inst, i32 %state_issue_alu_iq_entries_uop_debug_inst, i1 %state_issue_alu_iq_entries_uop_is_rvc, i64 %state_issue_alu_iq_entries_uop_debug_pc, i8 %state_issue_alu_iq_entries_uop_iq_type, i8 %state_issue_alu_iq_entries_uop_fu_code, i8 %state_issue_alu_iq_entries_uop_ctrl_br_type, i8 %state_issue_alu_iq_entries_uop_ctrl_op1_sel, i8 %state_issue_alu_iq_entries_uop_ctrl_op2_sel, i8 %state_issue_alu_iq_entries_uop_ctrl_imm_sel, i8 %state_issue_alu_iq_entries_uop_ctrl_op_fcn, i8 %state_issue_alu_iq_entries_uop_ctrl_fcn_dw, i8 %state_issue_alu_iq_entries_uop_ctrl_csr_cmd, i1 %state_issue_alu_iq_entries_uop_ctrl_is_load, i1 %state_issue_alu_iq_entries_uop_ctrl_is_sta, i1 %state_issue_alu_iq_entries_uop_ctrl_is_std, i8 %state_issue_alu_iq_entries_uop_iw_state, i1 %state_issue_alu_iq_entries_uop_iw_p1_poisoned, i1 %state_issue_alu_iq_entries_uop_iw_p2_poisoned, i8 %state_issue_alu_iq_entries_uop_branch_br_tag, i8 %state_issue_alu_iq_entries_uop_branch_ftq_idx, i8 %state_issue_alu_iq_entries_uop_branch_pc_lob, i1 %state_issue_alu_iq_entries_uop_branch_edge_inst, i1 %state_issue_alu_iq_entries_uop_branch_taken, i1 %state_issue_alu_iq_entries_uop_branch_is_br, i1 %state_issue_alu_iq_entries_uop_branch_is_jalr, i1 %state_issue_alu_iq_entries_uop_branch_is_jal, i1 %state_issue_alu_iq_entries_uop_branch_is_sfb, i32 %state_issue_alu_iq_entries_uop_imm_packed, i16 %state_issue_alu_iq_entries_uop_csr_addr, i8 %state_issue_alu_iq_entries_uop_queue_rob_idx, i8 %state_issue_alu_iq_entries_uop_queue_ldq_idx, i8 %state_issue_alu_iq_entries_uop_queue_stq_idx, i8 %state_issue_alu_iq_entries_uop_queue_rxq_idx, i32 %state_issue_alu_iq_entries_uop_queue_rob_allocation_id, i8 %state_issue_alu_iq_entries_uop_rename_ldst, i8 %state_issue_alu_iq_entries_uop_rename_lrs1, i8 %state_issue_alu_iq_entries_uop_rename_lrs2, i8 %state_issue_alu_iq_entries_uop_rename_lrs3, i8 %state_issue_alu_iq_entries_uop_rename_pdst, i8 %state_issue_alu_iq_entries_uop_rename_prs1, i8 %state_issue_alu_iq_entries_uop_rename_prs2, i8 %state_issue_alu_iq_entries_uop_rename_prs3, i8 %state_issue_alu_iq_entries_uop_rename_ppred, i1 %state_issue_alu_iq_entries_uop_rename_prs1_busy, i1 %state_issue_alu_iq_entries_uop_rename_prs2_busy, i1 %state_issue_alu_iq_entries_uop_rename_prs3_busy, i1 %state_issue_alu_iq_entries_uop_rename_ppred_busy, i8 %state_issue_alu_iq_entries_uop_rename_stale_pdst, i8 %state_issue_alu_iq_entries_uop_rename_dst_rtype, i8 %state_issue_alu_iq_entries_uop_rename_lrs1_rtype, i8 %state_issue_alu_iq_entries_uop_rename_lrs2_rtype, i1 %state_issue_alu_iq_entries_uop_rename_frs3_en, i1 %state_issue_alu_iq_entries_uop_rename_fp_val, i1 %state_issue_alu_iq_entries_uop_rename_fp_single, i1 %state_issue_alu_iq_entries_uop_exception, i64 %state_issue_alu_iq_entries_uop_exc_cause, i1 %state_issue_alu_iq_entries_uop_bypassable, i8 %state_issue_alu_iq_entries_uop_mem_mem_cmd, i8 %state_issue_alu_iq_entries_uop_mem_mem_size, i1 %state_issue_alu_iq_entries_uop_mem_mem_signed, i1 %state_issue_alu_iq_entries_uop_mem_is_fence, i1 %state_issue_alu_iq_entries_uop_mem_is_fencei, i1 %state_issue_alu_iq_entries_uop_mem_is_amo, i1 %state_issue_alu_iq_entries_uop_mem_uses_ldq, i1 %state_issue_alu_iq_entries_uop_mem_uses_stq, i1 %state_issue_alu_iq_entries_uop_mem_ldst_is_rs1, i1 %state_issue_alu_iq_entries_uop_mem_ldst_val, i1 %state_issue_alu_iq_entries_uop_is_sys_pc2epc, i1 %state_issue_alu_iq_entries_uop_is_unique, i1 %state_issue_alu_iq_entries_uop_flush_on_commit, i1 %state_issue_alu_iq_entries_uop_exc_exception, i64 %state_issue_alu_iq_entries_uop_exc_exc_cause, i1 %state_issue_alu_iq_entries_uop_exc_xcpt_pf_if, i1 %state_issue_alu_iq_entries_uop_exc_xcpt_ae_if, i1 %state_issue_alu_iq_entries_uop_exc_xcpt_ma_if, i1 %state_issue_alu_iq_entries_uop_exc_bp_debug_if, i1 %state_issue_alu_iq_entries_uop_exc_bp_xcpt_if, i8 %state_issue_alu_iq_entries_uop_debug_debug_fsrc, i8 %state_issue_alu_iq_entries_uop_debug_debug_tsrc, i32 %state_issue_alu_iq_entries_uop_debug_debug_inst, i64 %state_issue_alu_iq_entries_uop_debug_debug_pc, i64 %state_issue_alu_iq_entries_prs1_data, i64 %state_issue_alu_iq_entries_prs2_data, i64 %state_issue_alu_iq_entries_prs3_data, i8 %state_issue_issued_uops_branch_br_mask_0, i8 %state_issue_issued_uops_branch_br_mask_1, i8 %state_issue_issued_uops_branch_br_mask_2, i8 %state_execute_alu_results_uop_branch_br_mask_0, i8 %state_execute_alu_results_uop_branch_br_mask_1, i1 %state_completion_wakeups_valid_0, i1 %state_completion_wakeups_valid_1, i1 %state_completion_wakeups_valid_2, i8 %state_completion_wakeups_branch_mask_0, i8 %state_completion_wakeups_branch_mask_1, i8 %state_completion_wakeups_branch_mask_2, i1 %state_completion_bypass_valid_0, i1 %state_completion_bypass_valid_1, i1 %state_completion_bypass_valid_2, i8 %state_completion_bypass_branch_mask_0, i8 %state_completion_bypass_branch_mask_1, i8 %state_completion_bypass_branch_mask_2, i1 %state_lsu_ldq_valid, i8 %state_lsu_ldq_branch_mask, i1 %state_lsu_ldq_signed_load, i1 %state_lsu_ldq_response_pending, i1 %state_lsu_ldq_completed, i1 %state_lsu_ldq_killed, i8 %state_lsu_ldq_rob_idx, i8 %state_lsu_ldq_size, i32 %state_lsu_ldq_transaction_id, i32 %state_lsu_ldq_rob_allocation_id, i64 %state_lsu_ldq_address, i64 %state_lsu_ldq_result, i1 %state_lsu_stq_valid, i8 %state_lsu_stq_branch_mask, i1 %state_lsu_stq_address_valid, i1 %state_lsu_stq_data_valid, i1 %state_lsu_stq_committed, i1 %state_lsu_stq_issued_to_memory, i1 %state_lsu_stq_completed, i1 %state_lsu_stq_killed, i8 %state_lsu_stq_rob_idx, i8 %state_lsu_stq_mask, i8 %state_lsu_stq_size, i32 %state_lsu_stq_rob_allocation_id, i64 %state_lsu_stq_address, i64 %state_lsu_stq_data, i1 %state_rob_entries_busy, i8 %state_rob_entries_uop_branch_br_mask, i1 %state_rob_entries_memory_valid, i1 %state_rob_entries_is_load, i1 %state_rob_entries_memory_request_sent, i1 %state_rob_entries_memory_completed, i1 %state_rob_entries_memory_transaction_id, i5 %state_rob_tail, i1 %state_rob_maybe_full, i8 %state_decode_dec_uops_branch_br_mask_0, i1 %state_rename_dispatch_packets_valid_0, i8 %state_rename_dispatch_packets_uop_branch_br_mask_0, i5 %state_rename_dispatch_packets_uop_uopc_0, i1 %state_rename_dispatch_packets_rob_allocated_0, i1 %state_branch_state_snapshot_valid, i1 %state_rename_int_map_table_br_snapshots, i1 %state_rename_int_map_table_map_table, i1 %state_rename_int_map_table_committed_map_table, i1 %state_rename_int_free_list_head, i1 %state_branch_state_br_alloc_lists, i6 %state_rename_int_free_list_count, i6 %state_rename_int_free_list_free_list, i6 %state_rename_int_free_list_tail, i1 %state_branch_state_tag_valid, i8 %state_branch_state_active_mask, i32 %state_branch_state_releases, i64 %state_completion_writeback_deduplications, i1 %state_completion_wakeup_sent_0, i1 %state_completion_wakeup_sent_1, i1 %state_completion_wakeup_sent_2, i64 %state_completion_total_wakeups, i64 %state_completion_total_bypass, i8 %state_completion_peak_wakeups, i8 %state_completion_peak_bypass, i64 %state_completion_dropped_completions, i64 %state_completion_total_completion_accepts, i64 %state_completion_total_rob_completes, i64 %state_completion_dropped_writebacks, i64 %state_completion_total_prf_writes, i1 %state_completion_writebacks_valid_0, i1 %state_completion_writebacks_valid_1, i8 %state_completion_writebacks_pdst_0, i8 %state_completion_writebacks_pdst_1, i64 %state_int_rf_latest_bank, i64 %state_completion_duplicate_writebacks, i8 %state_completion_peak_completion_accepts, i8 %state_completion_peak_rob_completes, i8 %state_completion_peak_prf_writes" [/home/lab_726/boom/hls_boom/src/boom_core_merged.cpp:1280]   --->   Operation 910 'call' 'call_ln1280' <Predicate = true> <Delay = 0.00> <CoreType = "Generic">   --->   Core 0 '' <Latency = 0> <II = 1> <Delay = 1.00> <Generic> <Opcode : >

State 26 <SV = 23> <Delay = 0.00>
ST_26 : Operation 911 [1/2] (0.00ns)   --->   "%call_ln1280 = call void @begin_completion_cycle, i8 %state_completion_completion_accepts_this_cycle, i8 %state_completion_rob_completes_this_cycle, i8 %state_completion_prf_writes_this_cycle, i1 %state_completion_mem_execute_valid, i1 %state_completion_int_execute_valid, i8 %state_execute_alu_results_uop_branch_br_mask_2, i1 %state_completion_mem_execute_kind, i1 %state_completion_mem_execute_source, i8 %state_completion_mem_execute_uop_branch_br_mask, i1 %state_completion_mem_execute_control_resolved, i1 %state_completion_int_execute_kind, i1 %state_completion_int_execute_source, i8 %state_completion_int_execute_uop_branch_br_mask, i1 %state_completion_int_execute_control_resolved, i1 %state_rob_entries_valid, i32 %state_rob_entries_uop_queue_rob_allocation_id, i8 %state_brupdate_mispredict_mask, i8 %state_brupdate_br_tag, i8 %state_brupdate_uop_branch_br_mask, i8 %state_brupdate_uop_queue_rob_idx, i32 %state_branch_state_mispredicts, i32 %state_branch_state_rollbacks, i1 %state_issue_alu_iq_entries_valid, i8 %state_issue_alu_iq_entries_uop_branch_br_mask, i1 %state_issue_alu_iq_entries_killed, i1 %state_issue_alu_iq_entries_request, i1 %state_issue_alu_iq_entries_granted, i1 %state_issue_alu_iq_entries_pdst_busy, i1 %state_issue_alu_iq_entries_prs1_busy, i1 %state_issue_alu_iq_entries_prs2_busy, i1 %state_issue_alu_iq_entries_prs3_busy, i8 %state_issue_alu_iq_entries_uop_uopc, i32 %state_issue_alu_iq_entries_uop_inst, i32 %state_issue_alu_iq_entries_uop_debug_inst, i1 %state_issue_alu_iq_entries_uop_is_rvc, i64 %state_issue_alu_iq_entries_uop_debug_pc, i8 %state_issue_alu_iq_entries_uop_iq_type, i8 %state_issue_alu_iq_entries_uop_fu_code, i8 %state_issue_alu_iq_entries_uop_ctrl_br_type, i8 %state_issue_alu_iq_entries_uop_ctrl_op1_sel, i8 %state_issue_alu_iq_entries_uop_ctrl_op2_sel, i8 %state_issue_alu_iq_entries_uop_ctrl_imm_sel, i8 %state_issue_alu_iq_entries_uop_ctrl_op_fcn, i8 %state_issue_alu_iq_entries_uop_ctrl_fcn_dw, i8 %state_issue_alu_iq_entries_uop_ctrl_csr_cmd, i1 %state_issue_alu_iq_entries_uop_ctrl_is_load, i1 %state_issue_alu_iq_entries_uop_ctrl_is_sta, i1 %state_issue_alu_iq_entries_uop_ctrl_is_std, i8 %state_issue_alu_iq_entries_uop_iw_state, i1 %state_issue_alu_iq_entries_uop_iw_p1_poisoned, i1 %state_issue_alu_iq_entries_uop_iw_p2_poisoned, i8 %state_issue_alu_iq_entries_uop_branch_br_tag, i8 %state_issue_alu_iq_entries_uop_branch_ftq_idx, i8 %state_issue_alu_iq_entries_uop_branch_pc_lob, i1 %state_issue_alu_iq_entries_uop_branch_edge_inst, i1 %state_issue_alu_iq_entries_uop_branch_taken, i1 %state_issue_alu_iq_entries_uop_branch_is_br, i1 %state_issue_alu_iq_entries_uop_branch_is_jalr, i1 %state_issue_alu_iq_entries_uop_branch_is_jal, i1 %state_issue_alu_iq_entries_uop_branch_is_sfb, i32 %state_issue_alu_iq_entries_uop_imm_packed, i16 %state_issue_alu_iq_entries_uop_csr_addr, i8 %state_issue_alu_iq_entries_uop_queue_rob_idx, i8 %state_issue_alu_iq_entries_uop_queue_ldq_idx, i8 %state_issue_alu_iq_entries_uop_queue_stq_idx, i8 %state_issue_alu_iq_entries_uop_queue_rxq_idx, i32 %state_issue_alu_iq_entries_uop_queue_rob_allocation_id, i8 %state_issue_alu_iq_entries_uop_rename_ldst, i8 %state_issue_alu_iq_entries_uop_rename_lrs1, i8 %state_issue_alu_iq_entries_uop_rename_lrs2, i8 %state_issue_alu_iq_entries_uop_rename_lrs3, i8 %state_issue_alu_iq_entries_uop_rename_pdst, i8 %state_issue_alu_iq_entries_uop_rename_prs1, i8 %state_issue_alu_iq_entries_uop_rename_prs2, i8 %state_issue_alu_iq_entries_uop_rename_prs3, i8 %state_issue_alu_iq_entries_uop_rename_ppred, i1 %state_issue_alu_iq_entries_uop_rename_prs1_busy, i1 %state_issue_alu_iq_entries_uop_rename_prs2_busy, i1 %state_issue_alu_iq_entries_uop_rename_prs3_busy, i1 %state_issue_alu_iq_entries_uop_rename_ppred_busy, i8 %state_issue_alu_iq_entries_uop_rename_stale_pdst, i8 %state_issue_alu_iq_entries_uop_rename_dst_rtype, i8 %state_issue_alu_iq_entries_uop_rename_lrs1_rtype, i8 %state_issue_alu_iq_entries_uop_rename_lrs2_rtype, i1 %state_issue_alu_iq_entries_uop_rename_frs3_en, i1 %state_issue_alu_iq_entries_uop_rename_fp_val, i1 %state_issue_alu_iq_entries_uop_rename_fp_single, i1 %state_issue_alu_iq_entries_uop_exception, i64 %state_issue_alu_iq_entries_uop_exc_cause, i1 %state_issue_alu_iq_entries_uop_bypassable, i8 %state_issue_alu_iq_entries_uop_mem_mem_cmd, i8 %state_issue_alu_iq_entries_uop_mem_mem_size, i1 %state_issue_alu_iq_entries_uop_mem_mem_signed, i1 %state_issue_alu_iq_entries_uop_mem_is_fence, i1 %state_issue_alu_iq_entries_uop_mem_is_fencei, i1 %state_issue_alu_iq_entries_uop_mem_is_amo, i1 %state_issue_alu_iq_entries_uop_mem_uses_ldq, i1 %state_issue_alu_iq_entries_uop_mem_uses_stq, i1 %state_issue_alu_iq_entries_uop_mem_ldst_is_rs1, i1 %state_issue_alu_iq_entries_uop_mem_ldst_val, i1 %state_issue_alu_iq_entries_uop_is_sys_pc2epc, i1 %state_issue_alu_iq_entries_uop_is_unique, i1 %state_issue_alu_iq_entries_uop_flush_on_commit, i1 %state_issue_alu_iq_entries_uop_exc_exception, i64 %state_issue_alu_iq_entries_uop_exc_exc_cause, i1 %state_issue_alu_iq_entries_uop_exc_xcpt_pf_if, i1 %state_issue_alu_iq_entries_uop_exc_xcpt_ae_if, i1 %state_issue_alu_iq_entries_uop_exc_xcpt_ma_if, i1 %state_issue_alu_iq_entries_uop_exc_bp_debug_if, i1 %state_issue_alu_iq_entries_uop_exc_bp_xcpt_if, i8 %state_issue_alu_iq_entries_uop_debug_debug_fsrc, i8 %state_issue_alu_iq_entries_uop_debug_debug_tsrc, i32 %state_issue_alu_iq_entries_uop_debug_debug_inst, i64 %state_issue_alu_iq_entries_uop_debug_debug_pc, i64 %state_issue_alu_iq_entries_prs1_data, i64 %state_issue_alu_iq_entries_prs2_data, i64 %state_issue_alu_iq_entries_prs3_data, i8 %state_issue_issued_uops_branch_br_mask_0, i8 %state_issue_issued_uops_branch_br_mask_1, i8 %state_issue_issued_uops_branch_br_mask_2, i8 %state_execute_alu_results_uop_branch_br_mask_0, i8 %state_execute_alu_results_uop_branch_br_mask_1, i1 %state_completion_wakeups_valid_0, i1 %state_completion_wakeups_valid_1, i1 %state_completion_wakeups_valid_2, i8 %state_completion_wakeups_branch_mask_0, i8 %state_completion_wakeups_branch_mask_1, i8 %state_completion_wakeups_branch_mask_2, i1 %state_completion_bypass_valid_0, i1 %state_completion_bypass_valid_1, i1 %state_completion_bypass_valid_2, i8 %state_completion_bypass_branch_mask_0, i8 %state_completion_bypass_branch_mask_1, i8 %state_completion_bypass_branch_mask_2, i1 %state_lsu_ldq_valid, i8 %state_lsu_ldq_branch_mask, i1 %state_lsu_ldq_signed_load, i1 %state_lsu_ldq_response_pending, i1 %state_lsu_ldq_completed, i1 %state_lsu_ldq_killed, i8 %state_lsu_ldq_rob_idx, i8 %state_lsu_ldq_size, i32 %state_lsu_ldq_transaction_id, i32 %state_lsu_ldq_rob_allocation_id, i64 %state_lsu_ldq_address, i64 %state_lsu_ldq_result, i1 %state_lsu_stq_valid, i8 %state_lsu_stq_branch_mask, i1 %state_lsu_stq_address_valid, i1 %state_lsu_stq_data_valid, i1 %state_lsu_stq_committed, i1 %state_lsu_stq_issued_to_memory, i1 %state_lsu_stq_completed, i1 %state_lsu_stq_killed, i8 %state_lsu_stq_rob_idx, i8 %state_lsu_stq_mask, i8 %state_lsu_stq_size, i32 %state_lsu_stq_rob_allocation_id, i64 %state_lsu_stq_address, i64 %state_lsu_stq_data, i1 %state_rob_entries_busy, i8 %state_rob_entries_uop_branch_br_mask, i1 %state_rob_entries_memory_valid, i1 %state_rob_entries_is_load, i1 %state_rob_entries_memory_request_sent, i1 %state_rob_entries_memory_completed, i1 %state_rob_entries_memory_transaction_id, i5 %state_rob_tail, i1 %state_rob_maybe_full, i8 %state_decode_dec_uops_branch_br_mask_0, i1 %state_rename_dispatch_packets_valid_0, i8 %state_rename_dispatch_packets_uop_branch_br_mask_0, i5 %state_rename_dispatch_packets_uop_uopc_0, i1 %state_rename_dispatch_packets_rob_allocated_0, i1 %state_branch_state_snapshot_valid, i1 %state_rename_int_map_table_br_snapshots, i1 %state_rename_int_map_table_map_table, i1 %state_rename_int_map_table_committed_map_table, i1 %state_rename_int_free_list_head, i1 %state_branch_state_br_alloc_lists, i6 %state_rename_int_free_list_count, i6 %state_rename_int_free_list_free_list, i6 %state_rename_int_free_list_tail, i1 %state_branch_state_tag_valid, i8 %state_branch_state_active_mask, i32 %state_branch_state_releases, i64 %state_completion_writeback_deduplications, i1 %state_completion_wakeup_sent_0, i1 %state_completion_wakeup_sent_1, i1 %state_completion_wakeup_sent_2, i64 %state_completion_total_wakeups, i64 %state_completion_total_bypass, i8 %state_completion_peak_wakeups, i8 %state_completion_peak_bypass, i64 %state_completion_dropped_completions, i64 %state_completion_total_completion_accepts, i64 %state_completion_total_rob_completes, i64 %state_completion_dropped_writebacks, i64 %state_completion_total_prf_writes, i1 %state_completion_writebacks_valid_0, i1 %state_completion_writebacks_valid_1, i8 %state_completion_writebacks_pdst_0, i8 %state_completion_writebacks_pdst_1, i64 %state_int_rf_latest_bank, i64 %state_completion_duplicate_writebacks, i8 %state_completion_peak_completion_accepts, i8 %state_completion_peak_rob_completes, i8 %state_completion_peak_prf_writes" [/home/lab_726/boom/hls_boom/src/boom_core_merged.cpp:1280]   --->   Operation 911 'call' 'call_ln1280' <Predicate = true> <Delay = 0.00> <CoreType = "Generic">   --->   Core 0 '' <Latency = 0> <II = 1> <Delay = 1.00> <Generic> <Opcode : >
ST_26 : Operation 912 [1/1] (0.00ns)   --->   "%write_ln2891 = write void @_ssdm_op_Write.ap_auto.i64P0A, i64 %observable, i64 0" [/home/lab_726/boom/hls_boom/src/boom_core_merged.cpp:2891]   --->   Operation 912 'write' 'write_ln2891' <Predicate = true> <Delay = 0.00>
ST_26 : Operation 913 [1/1] (0.00ns)   --->   "%ret_ln2892 = ret" [/home/lab_726/boom/hls_boom/src/boom_core_merged.cpp:2892]   --->   Operation 913 'ret' 'ret_ln2892' <Predicate = true> <Delay = 0.00>


============================================================
+ Verbose Summary: Timing violations
============================================================
Target clock period: 10ns, clock uncertainty: 2.7ns.

 <State 1>: 0.427ns
The critical path consists of the following:
	'alloca' operation ('i') [225]  (0 ns)
	'store' operation ('store_ln39', /home/lab_726/boom/hls_boom/include/boom_state.hpp:39->/home/lab_726/boom/hls_boom/src/boom_core_merged.cpp:2884) of constant 0 on local variable 'i' [227]  (0.427 ns)

 <State 2>: 1.46ns
The critical path consists of the following:
	'load' operation ('i', /home/lab_726/boom/hls_boom/include/boom_state.hpp:41->/home/lab_726/boom/hls_boom/src/boom_core_merged.cpp:2884) on local variable 'i' [230]  (0 ns)
	'icmp' operation ('icmp_ln39', /home/lab_726/boom/hls_boom/include/boom_state.hpp:39->/home/lab_726/boom/hls_boom/src/boom_core_merged.cpp:2884) [234]  (0.785 ns)
	blocking operation 0.677 ns on control path)

 <State 3>: 1.44ns
The critical path consists of the following:
	'phi' operation ('j', /home/lab_726/boom/hls_boom/include/boom_state.hpp:41->/home/lab_726/boom/hls_boom/src/boom_core_merged.cpp:2884) with incoming values : ('add_ln41', /home/lab_726/boom/hls_boom/include/boom_state.hpp:41->/home/lab_726/boom/hls_boom/src/boom_core_merged.cpp:2884) [246]  (0 ns)
	'add' operation ('add_ln41_1', /home/lab_726/boom/hls_boom/include/boom_state.hpp:41->/home/lab_726/boom/hls_boom/src/boom_core_merged.cpp:2884) [248]  (0.765 ns)
	'getelementptr' operation ('state_rename_int_map_table_br_snapshots_addr', /home/lab_726/boom/hls_boom/include/boom_state.hpp:41->/home/lab_726/boom/hls_boom/src/boom_core_merged.cpp:2884) [250]  (0 ns)
	'store' operation ('store_ln41', /home/lab_726/boom/hls_boom/include/boom_state.hpp:41->/home/lab_726/boom/hls_boom/src/boom_core_merged.cpp:2884) of constant 0 on array 'state_rename_int_map_table_br_snapshots' [257]  (0.677 ns)

 <State 4>: 1.46ns
The critical path consists of the following:
	'load' operation ('i', /home/lab_726/boom/hls_boom/include/boom_state.hpp:49->/home/lab_726/boom/hls_boom/src/boom_core_merged.cpp:2884) on local variable 'i' [270]  (0 ns)
	'add' operation ('i', /home/lab_726/boom/hls_boom/include/boom_state.hpp:49->/home/lab_726/boom/hls_boom/src/boom_core_merged.cpp:2884) [274]  (0.781 ns)
	'store' operation ('store_ln49', /home/lab_726/boom/hls_boom/include/boom_state.hpp:49->/home/lab_726/boom/hls_boom/src/boom_core_merged.cpp:2884) of variable 'i', /home/lab_726/boom/hls_boom/include/boom_state.hpp:49->/home/lab_726/boom/hls_boom/src/boom_core_merged.cpp:2884 on local variable 'i' [280]  (0.427 ns)
	blocking operation 0.254 ns on control path)

 <State 5>: 1.1ns
The critical path consists of the following:
	'load' operation ('indvar_i_i_i_load', /home/lab_726/boom/hls_boom/include/boom_state.hpp:85->/home/lab_726/boom/hls_boom/include/boom_state.hpp:101->/home/lab_726/boom/hls_boom/include/boom_state.hpp:255->/home/lab_726/boom/hls_boom/src/boom_core_merged.cpp:2884) on local variable 'indvar_i_i_i' [290]  (0 ns)
	'add' operation ('add_ln85', /home/lab_726/boom/hls_boom/include/boom_state.hpp:85->/home/lab_726/boom/hls_boom/include/boom_state.hpp:101->/home/lab_726/boom/hls_boom/include/boom_state.hpp:255->/home/lab_726/boom/hls_boom/src/boom_core_merged.cpp:2884) [291]  (0.673 ns)
	'store' operation ('store_ln85', /home/lab_726/boom/hls_boom/include/boom_state.hpp:85->/home/lab_726/boom/hls_boom/include/boom_state.hpp:101->/home/lab_726/boom/hls_boom/include/boom_state.hpp:255->/home/lab_726/boom/hls_boom/src/boom_core_merged.cpp:2884) of variable 'add_ln85', /home/lab_726/boom/hls_boom/include/boom_state.hpp:85->/home/lab_726/boom/hls_boom/include/boom_state.hpp:101->/home/lab_726/boom/hls_boom/include/boom_state.hpp:255->/home/lab_726/boom/hls_boom/src/boom_core_merged.cpp:2884 on local variable 'indvar_i_i_i' [487]  (0.427 ns)

 <State 6>: 1.4ns
The critical path consists of the following:
	'load' operation ('i', /home/lab_726/boom/hls_boom/include/boom_state.hpp:86->/home/lab_726/boom/hls_boom/include/boom_state.hpp:101->/home/lab_726/boom/hls_boom/include/boom_state.hpp:255->/home/lab_726/boom/hls_boom/src/boom_core_merged.cpp:2884) on local variable 'i' [494]  (0 ns)
	'add' operation ('add_ln86', /home/lab_726/boom/hls_boom/include/boom_state.hpp:86->/home/lab_726/boom/hls_boom/include/boom_state.hpp:101->/home/lab_726/boom/hls_boom/include/boom_state.hpp:255->/home/lab_726/boom/hls_boom/src/boom_core_merged.cpp:2884) [498]  (0.797 ns)
	'store' operation ('store_ln86', /home/lab_726/boom/hls_boom/include/boom_state.hpp:86->/home/lab_726/boom/hls_boom/include/boom_state.hpp:101->/home/lab_726/boom/hls_boom/include/boom_state.hpp:255->/home/lab_726/boom/hls_boom/src/boom_core_merged.cpp:2884) of variable 'add_ln86', /home/lab_726/boom/hls_boom/include/boom_state.hpp:86->/home/lab_726/boom/hls_boom/include/boom_state.hpp:101->/home/lab_726/boom/hls_boom/include/boom_state.hpp:255->/home/lab_726/boom/hls_boom/src/boom_core_merged.cpp:2884 on local variable 'i' [692]  (0.427 ns)
	blocking operation 0.174 ns on control path)

 <State 7>: 0.975ns
The critical path consists of the following:
	'load' operation ('indvar4_i3_i_load', /home/lab_726/boom/hls_boom/include/boom_state.hpp:101->/home/lab_726/boom/hls_boom/include/boom_state.hpp:255->/home/lab_726/boom/hls_boom/src/boom_core_merged.cpp:2884) on local variable 'indvar4_i3_i' [699]  (0 ns)
	'add' operation ('add_ln101', /home/lab_726/boom/hls_boom/include/boom_state.hpp:101->/home/lab_726/boom/hls_boom/include/boom_state.hpp:255->/home/lab_726/boom/hls_boom/src/boom_core_merged.cpp:2884) [700]  (0.548 ns)
	'store' operation ('store_ln101', /home/lab_726/boom/hls_boom/include/boom_state.hpp:101->/home/lab_726/boom/hls_boom/include/boom_state.hpp:255->/home/lab_726/boom/hls_boom/src/boom_core_merged.cpp:2884) of variable 'add_ln101', /home/lab_726/boom/hls_boom/include/boom_state.hpp:101->/home/lab_726/boom/hls_boom/include/boom_state.hpp:255->/home/lab_726/boom/hls_boom/src/boom_core_merged.cpp:2884 on local variable 'indvar4_i3_i' [716]  (0.427 ns)

 <State 8>: 0.975ns
The critical path consists of the following:
	'load' operation ('i', /home/lab_726/boom/hls_boom/include/boom_state.hpp:105->/home/lab_726/boom/hls_boom/include/boom_state.hpp:255->/home/lab_726/boom/hls_boom/src/boom_core_merged.cpp:2884) on local variable 'i' [723]  (0 ns)
	'add' operation ('add_ln105', /home/lab_726/boom/hls_boom/include/boom_state.hpp:105->/home/lab_726/boom/hls_boom/include/boom_state.hpp:255->/home/lab_726/boom/hls_boom/src/boom_core_merged.cpp:2884) [726]  (0.548 ns)
	'store' operation ('store_ln105', /home/lab_726/boom/hls_boom/include/boom_state.hpp:105->/home/lab_726/boom/hls_boom/include/boom_state.hpp:255->/home/lab_726/boom/hls_boom/src/boom_core_merged.cpp:2884) of variable 'add_ln105', /home/lab_726/boom/hls_boom/include/boom_state.hpp:105->/home/lab_726/boom/hls_boom/include/boom_state.hpp:255->/home/lab_726/boom/hls_boom/src/boom_core_merged.cpp:2884 on local variable 'i' [741]  (0.427 ns)

 <State 9>: 0.975ns
The critical path consists of the following:
	'load' operation ('indvar_i6_i_load', /home/lab_726/boom/hls_boom/include/boom_state.hpp:127->/home/lab_726/boom/hls_boom/include/boom_state.hpp:255->/home/lab_726/boom/hls_boom/src/boom_core_merged.cpp:2884) on local variable 'indvar_i6_i' [748]  (0 ns)
	'add' operation ('add_ln127', /home/lab_726/boom/hls_boom/include/boom_state.hpp:127->/home/lab_726/boom/hls_boom/include/boom_state.hpp:255->/home/lab_726/boom/hls_boom/src/boom_core_merged.cpp:2884) [749]  (0.548 ns)
	'store' operation ('store_ln127', /home/lab_726/boom/hls_boom/include/boom_state.hpp:127->/home/lab_726/boom/hls_boom/include/boom_state.hpp:255->/home/lab_726/boom/hls_boom/src/boom_core_merged.cpp:2884) of variable 'add_ln127', /home/lab_726/boom/hls_boom/include/boom_state.hpp:127->/home/lab_726/boom/hls_boom/include/boom_state.hpp:255->/home/lab_726/boom/hls_boom/src/boom_core_merged.cpp:2884 on local variable 'indvar_i6_i' [765]  (0.427 ns)

 <State 10>: 0.975ns
The critical path consists of the following:
	'load' operation ('i', /home/lab_726/boom/hls_boom/include/boom_state.hpp:127->/home/lab_726/boom/hls_boom/include/boom_state.hpp:255->/home/lab_726/boom/hls_boom/src/boom_core_merged.cpp:2884) on local variable 'i' [772]  (0 ns)
	'add' operation ('add_ln127_1', /home/lab_726/boom/hls_boom/include/boom_state.hpp:127->/home/lab_726/boom/hls_boom/include/boom_state.hpp:255->/home/lab_726/boom/hls_boom/src/boom_core_merged.cpp:2884) [775]  (0.548 ns)
	'store' operation ('store_ln127', /home/lab_726/boom/hls_boom/include/boom_state.hpp:127->/home/lab_726/boom/hls_boom/include/boom_state.hpp:255->/home/lab_726/boom/hls_boom/src/boom_core_merged.cpp:2884) of variable 'add_ln127_1', /home/lab_726/boom/hls_boom/include/boom_state.hpp:127->/home/lab_726/boom/hls_boom/include/boom_state.hpp:255->/home/lab_726/boom/hls_boom/src/boom_core_merged.cpp:2884 on local variable 'i' [790]  (0.427 ns)

 <State 11>: 1.24ns
The critical path consists of the following:
	'load' operation ('indvar_i27_i_load', /home/lab_726/boom/hls_boom/include/boom_state.hpp:140->/home/lab_726/boom/hls_boom/include/boom_state.hpp:255->/home/lab_726/boom/hls_boom/src/boom_core_merged.cpp:2884) on local variable 'indvar_i27_i' [797]  (0 ns)
	'getelementptr' operation ('this.uop.queue.rob_allocation_id', /home/lab_726/boom/hls_boom/include/boom_state.hpp:140->/home/lab_726/boom/hls_boom/include/boom_state.hpp:255->/home/lab_726/boom/hls_boom/src/boom_core_merged.cpp:2884) [803]  (0 ns)
	'store' operation ('store_ln84', /home/lab_726/boom/hls_boom/include/boom_types.hpp:84->/home/lab_726/boom/hls_boom/include/boom_state.hpp:255->/home/lab_726/boom/hls_boom/src/boom_core_merged.cpp:2884) of constant 0 on array 'state_rob_entries_uop_queue_rob_allocation_id' [812]  (1.24 ns)

 <State 12>: 2.02ns
The critical path consists of the following:
	'load' operation ('i', /home/lab_726/boom/hls_boom/include/boom_state.hpp:142->/home/lab_726/boom/hls_boom/include/boom_state.hpp:255->/home/lab_726/boom/hls_boom/src/boom_core_merged.cpp:2884) on local variable 'i' [833]  (0 ns)
	'getelementptr' operation ('state_rob_entries_uop_queue_rob_allocation_id_addr', /home/lab_726/boom/hls_boom/include/boom_state.hpp:142->/home/lab_726/boom/hls_boom/include/boom_state.hpp:255->/home/lab_726/boom/hls_boom/src/boom_core_merged.cpp:2884) [847]  (0 ns)
	'store' operation ('store_ln142', /home/lab_726/boom/hls_boom/include/boom_state.hpp:142->/home/lab_726/boom/hls_boom/include/boom_state.hpp:255->/home/lab_726/boom/hls_boom/src/boom_core_merged.cpp:2884) of constant 0 on array 'state_rob_entries_uop_queue_rob_allocation_id' [848]  (1.24 ns)
	blocking operation 0.785 ns on control path)

 <State 13>: 1.1ns
The critical path consists of the following:
	'load' operation ('indvar_i_i_load', /home/lab_726/boom/hls_boom/include/boom_state.hpp:182) on local variable 'indvar_i_i' [866]  (0 ns)
	'add' operation ('add_ln182', /home/lab_726/boom/hls_boom/include/boom_state.hpp:182) [867]  (0.673 ns)
	'store' operation ('store_ln182', /home/lab_726/boom/hls_boom/include/boom_state.hpp:182) of variable 'add_ln182', /home/lab_726/boom/hls_boom/include/boom_state.hpp:182 on local variable 'indvar_i_i' [901]  (0.427 ns)

 <State 14>: 1.1ns
The critical path consists of the following:
	'load' operation ('indvar4_i_i_load', /home/lab_726/boom/hls_boom/include/boom_state.hpp:182) on local variable 'indvar4_i_i' [908]  (0 ns)
	'add' operation ('add_ln182_1', /home/lab_726/boom/hls_boom/include/boom_state.hpp:182) [909]  (0.673 ns)
	'store' operation ('store_ln182', /home/lab_726/boom/hls_boom/include/boom_state.hpp:182) of variable 'add_ln182_1', /home/lab_726/boom/hls_boom/include/boom_state.hpp:182 on local variable 'indvar4_i_i' [939]  (0.427 ns)

 <State 15>: 0.427ns
The critical path consists of the following:
	'alloca' operation ('indvar4_i61_i') [975]  (0 ns)
	'store' operation ('store_ln212', /home/lab_726/boom/hls_boom/include/boom_state.hpp:212->/home/lab_726/boom/hls_boom/include/boom_state.hpp:255->/home/lab_726/boom/hls_boom/src/boom_core_merged.cpp:2884) of constant 0 on local variable 'indvar4_i61_i' [976]  (0.427 ns)

 <State 16>: 0.975ns
The critical path consists of the following:
	'load' operation ('indvar4_i61_i_load', /home/lab_726/boom/hls_boom/include/boom_state.hpp:212->/home/lab_726/boom/hls_boom/include/boom_state.hpp:255->/home/lab_726/boom/hls_boom/src/boom_core_merged.cpp:2884) on local variable 'indvar4_i61_i' [979]  (0 ns)
	'add' operation ('add_ln212', /home/lab_726/boom/hls_boom/include/boom_state.hpp:212->/home/lab_726/boom/hls_boom/include/boom_state.hpp:255->/home/lab_726/boom/hls_boom/src/boom_core_merged.cpp:2884) [980]  (0.548 ns)
	'store' operation ('store_ln212', /home/lab_726/boom/hls_boom/include/boom_state.hpp:212->/home/lab_726/boom/hls_boom/include/boom_state.hpp:255->/home/lab_726/boom/hls_boom/src/boom_core_merged.cpp:2884) of variable 'add_ln212', /home/lab_726/boom/hls_boom/include/boom_state.hpp:212->/home/lab_726/boom/hls_boom/include/boom_state.hpp:255->/home/lab_726/boom/hls_boom/src/boom_core_merged.cpp:2884 on local variable 'indvar4_i61_i' [999]  (0.427 ns)

 <State 17>: 0.975ns
The critical path consists of the following:
	'load' operation ('indvar9_i_i_load', /home/lab_726/boom/hls_boom/include/boom_state.hpp:212->/home/lab_726/boom/hls_boom/include/boom_state.hpp:255->/home/lab_726/boom/hls_boom/src/boom_core_merged.cpp:2884) on local variable 'indvar9_i_i' [1006]  (0 ns)
	'add' operation ('add_ln212_1', /home/lab_726/boom/hls_boom/include/boom_state.hpp:212->/home/lab_726/boom/hls_boom/include/boom_state.hpp:255->/home/lab_726/boom/hls_boom/src/boom_core_merged.cpp:2884) [1007]  (0.548 ns)
	'store' operation ('store_ln212', /home/lab_726/boom/hls_boom/include/boom_state.hpp:212->/home/lab_726/boom/hls_boom/include/boom_state.hpp:255->/home/lab_726/boom/hls_boom/src/boom_core_merged.cpp:2884) of variable 'add_ln212_1', /home/lab_726/boom/hls_boom/include/boom_state.hpp:212->/home/lab_726/boom/hls_boom/include/boom_state.hpp:255->/home/lab_726/boom/hls_boom/src/boom_core_merged.cpp:2884 on local variable 'indvar9_i_i' [1026]  (0.427 ns)

 <State 18>: 0.975ns
The critical path consists of the following:
	'load' operation ('i', /home/lab_726/boom/hls_boom/include/boom_state.hpp:225->/home/lab_726/boom/hls_boom/include/boom_state.hpp:255->/home/lab_726/boom/hls_boom/src/boom_core_merged.cpp:2884) on local variable 'i' [1047]  (0 ns)
	'add' operation ('add_ln225', /home/lab_726/boom/hls_boom/include/boom_state.hpp:225->/home/lab_726/boom/hls_boom/include/boom_state.hpp:255->/home/lab_726/boom/hls_boom/src/boom_core_merged.cpp:2884) [1050]  (0.548 ns)
	'store' operation ('store_ln225', /home/lab_726/boom/hls_boom/include/boom_state.hpp:225->/home/lab_726/boom/hls_boom/include/boom_state.hpp:255->/home/lab_726/boom/hls_boom/src/boom_core_merged.cpp:2884) of variable 'add_ln225', /home/lab_726/boom/hls_boom/include/boom_state.hpp:225->/home/lab_726/boom/hls_boom/include/boom_state.hpp:255->/home/lab_726/boom/hls_boom/src/boom_core_merged.cpp:2884 on local variable 'i' [1071]  (0.427 ns)

 <State 19>: 0.975ns
The critical path consists of the following:
	'load' operation ('i', /home/lab_726/boom/hls_boom/include/boom_state.hpp:226->/home/lab_726/boom/hls_boom/include/boom_state.hpp:255->/home/lab_726/boom/hls_boom/src/boom_core_merged.cpp:2884) on local variable 'i' [1078]  (0 ns)
	'add' operation ('add_ln226', /home/lab_726/boom/hls_boom/include/boom_state.hpp:226->/home/lab_726/boom/hls_boom/include/boom_state.hpp:255->/home/lab_726/boom/hls_boom/src/boom_core_merged.cpp:2884) [1081]  (0.548 ns)
	'store' operation ('store_ln226', /home/lab_726/boom/hls_boom/include/boom_state.hpp:226->/home/lab_726/boom/hls_boom/include/boom_state.hpp:255->/home/lab_726/boom/hls_boom/src/boom_core_merged.cpp:2884) of variable 'add_ln226', /home/lab_726/boom/hls_boom/include/boom_state.hpp:226->/home/lab_726/boom/hls_boom/include/boom_state.hpp:255->/home/lab_726/boom/hls_boom/src/boom_core_merged.cpp:2884 on local variable 'i' [1096]  (0.427 ns)

 <State 20>: 0.975ns
The critical path consists of the following:
	'load' operation ('i', /home/lab_726/boom/hls_boom/include/boom_state.hpp:227->/home/lab_726/boom/hls_boom/include/boom_state.hpp:255->/home/lab_726/boom/hls_boom/src/boom_core_merged.cpp:2884) on local variable 'i' [1103]  (0 ns)
	'add' operation ('add_ln227', /home/lab_726/boom/hls_boom/include/boom_state.hpp:227->/home/lab_726/boom/hls_boom/include/boom_state.hpp:255->/home/lab_726/boom/hls_boom/src/boom_core_merged.cpp:2884) [1106]  (0.548 ns)
	'store' operation ('store_ln227', /home/lab_726/boom/hls_boom/include/boom_state.hpp:227->/home/lab_726/boom/hls_boom/include/boom_state.hpp:255->/home/lab_726/boom/hls_boom/src/boom_core_merged.cpp:2884) of variable 'add_ln227', /home/lab_726/boom/hls_boom/include/boom_state.hpp:227->/home/lab_726/boom/hls_boom/include/boom_state.hpp:255->/home/lab_726/boom/hls_boom/src/boom_core_merged.cpp:2884 on local variable 'i' [1124]  (0.427 ns)

 <State 21>: 0.975ns
The critical path consists of the following:
	'load' operation ('i', /home/lab_726/boom/hls_boom/include/boom_state.hpp:228->/home/lab_726/boom/hls_boom/include/boom_state.hpp:255->/home/lab_726/boom/hls_boom/src/boom_core_merged.cpp:2884) on local variable 'i' [1131]  (0 ns)
	'add' operation ('add_ln228', /home/lab_726/boom/hls_boom/include/boom_state.hpp:228->/home/lab_726/boom/hls_boom/include/boom_state.hpp:255->/home/lab_726/boom/hls_boom/src/boom_core_merged.cpp:2884) [1134]  (0.548 ns)
	'store' operation ('store_ln228', /home/lab_726/boom/hls_boom/include/boom_state.hpp:228->/home/lab_726/boom/hls_boom/include/boom_state.hpp:255->/home/lab_726/boom/hls_boom/src/boom_core_merged.cpp:2884) of variable 'add_ln228', /home/lab_726/boom/hls_boom/include/boom_state.hpp:228->/home/lab_726/boom/hls_boom/include/boom_state.hpp:255->/home/lab_726/boom/hls_boom/src/boom_core_merged.cpp:2884 on local variable 'i' [1152]  (0.427 ns)

 <State 22>: 1.4ns
The critical path consists of the following:
	'load' operation ('i', /home/lab_726/boom/hls_boom/include/boom_state.hpp:62) on local variable 'i' [1166]  (0 ns)
	'add' operation ('add_ln62', /home/lab_726/boom/hls_boom/include/boom_state.hpp:62) [1171]  (0.797 ns)
	blocking operation 0.601 ns on control path)

 <State 23>: 1.46ns
The critical path consists of the following:
	'phi' operation ('p', /home/lab_726/boom/hls_boom/include/boom_state.hpp:64) with incoming values : ('add_ln64', /home/lab_726/boom/hls_boom/include/boom_state.hpp:64) [1181]  (0 ns)
	'add' operation ('add_ln64_1', /home/lab_726/boom/hls_boom/include/boom_state.hpp:64) [1183]  (0.776 ns)
	'getelementptr' operation ('state_branch_state_br_alloc_lists_addr', /home/lab_726/boom/hls_boom/include/boom_state.hpp:64) [1185]  (0 ns)
	'store' operation ('store_ln64', /home/lab_726/boom/hls_boom/include/boom_state.hpp:64) of constant 0 on array 'state_branch_state_br_alloc_lists' [1192]  (0.677 ns)
	blocking operation 0.009 ns on control path)

 <State 24>: 0ns
The critical path consists of the following:

 <State 25>: 0ns
The critical path consists of the following:

 <State 26>: 0ns
The critical path consists of the following:


============================================================
+ Verbose Summary: Binding
============================================================
N/A
* FSMD analyzer results:
  - Output states:
 - Input state : 
  - Chain level:
	State 1
	State 2
	State 3
	State 4
	State 5
	State 6
	State 7
	State 8
	State 9
	State 10
	State 11
	State 12
	State 13
	State 14
	State 15
	State 16
	State 17
	State 18
	State 19
	State 20
	State 21
	State 22
	State 23
	State 24
	State 25
	State 26


============================================================
+ Verbose Summary: Datapath Resource usage 
============================================================
N/A
