path,bytes,sha256
baseline_manifest.md,1141,e2c4caadb9ef9b914293f573db81daa8edc410dd5db652010d624b4718949562
comprehensive_manifest.csv,2220,dd9c815c561283632971a58db712bd17967c83afadfb9362d7e9450bb81d4d88
csim/generate_merged.log,76,0c079b817fd4c21b700dfeef2291d028d8da9bd228c08d5d3dec30a7919a0261
csim/vitis_csim.log,5806,a32ed50e9f322a89fc28ef6f1f089e0aa2b17f3f48edd8ba1e811064f1585392
csynth/boom_core_top/boom_core_top.verbose.bind.rpt,3315648,1a68a2666cb42a1698966bd89d8d323fbfb9ba485e3ccd636af89330c3449553
csynth/boom_core_top/boom_core_top.verbose.rpt,3605090,56d31891d28931654b38255040ceb5b891f91885835b94db19518190bf486ee5
csynth/boom_core_top/boom_core_top.verbose.sched.rpt,1155593,656ab5cfb219dcb0daf68e0d871e90544f3ba7bc5e7a8e79c729c20e8c7d8fb3
csynth/boom_core_top/boom_core_top_csynth.rpt,294890,f0eb7308b7ba6321fa1776c78be6135c60abbd9b8320a69d96cebe8c7353d93a
csynth/boom_core_top/boom_core_top_csynth.xml,12791,fcd43704cb5e8b880bae043c3be7da452d82fc56a9df7019ee96cc7cb5a41ad5
csynth/boom_core_top/csynth.log,333638,01b6ea46a4d35667d84a208ad7b19cfb0534a425a75d87ac1c87b31548fec19b
csynth/boom_core_top/csynth.time,46,029bd80158bb4465dc11029c7a04d71d97fe77e75255fa9967d41b05ad927f8f
csynth/synth_completion_top/csynth.log,143471,27c7b776a1296ac63344add23b3952db8572c5df07022eff6e592a21397910a3
csynth/synth_completion_top/csynth.time,46,746b180735b20b5c55107c02c3fba7d9aecebaa50463feb347f79a9b87aeeba6
csynth/synth_completion_top/synth_completion_top.verbose.bind.rpt,1412837,ff9d4ae17baca85df458b653f2ed2e67ddaf00eb2fee385cc5059705cdc37690
csynth/synth_completion_top/synth_completion_top.verbose.rpt,1549881,226decc2c8de8bbab03d8225a5c079597d834f265354e38293d16a343aaaed39
csynth/synth_completion_top/synth_completion_top.verbose.sched.rpt,525778,495ca3ba048e47e2133a2d00dd1d7c0074586311ad579c9bdec65dc53a662e3e
csynth/synth_completion_top/synth_completion_top_csynth.rpt,142176,94229c6b4050738b769959e07449d36068bd617f16ee5b9b909af33bcd06d71e
csynth/synth_completion_top/synth_completion_top_csynth.xml,9049,ff0276c792aa82f40a2ffd63c8f828e608c7cf07c9ce6dd6c78046b7434a0649
csynth/synth_core_step_top/csynth.log,322819,dacf3519d6b46c5a1c043699771d985c33c85a315aaab088e512e6c29f6fedb4
csynth/synth_core_step_top/csynth.time,46,33d9840d71f1b4c61640a3d3af4da9b2a8ee656725e6a46c097bc718d70e21b0
csynth/synth_core_step_top/synth_core_step_top.verbose.bind.rpt,3133347,321b6f06ac5342128481741aaef138536e5757a9bb1754ccb895290135cfb6d5
csynth/synth_core_step_top/synth_core_step_top.verbose.rpt,3406199,ca4e9b7eee8881d6eae04ea191dccd5386524ad1f9b65418c9c49d165f31d40c
csynth/synth_core_step_top/synth_core_step_top.verbose.sched.rpt,1114197,f4767eb0d647d8ad27ffb4908a913d679a5518e3a27a41ee067bc4eaf369b468
csynth/synth_core_step_top/synth_core_step_top_csynth.rpt,277990,9dc9a27939f52d6ba70a82769ae3281c1e9fb7811f2933cb741bc4d03a12cd1f
csynth/synth_core_step_top/synth_core_step_top_csynth.xml,12607,2c08b76b88c0d128281ecbe49a1aa66380e7544e3e89d67d67c2feedcb20fedc
csynth/synth_divider_top/csynth.log,15581,2532e18ae99505a5791eb435ebd870faeab9d6f582863d2da801cf1f8995dbea
csynth/synth_divider_top/csynth.time,44,b7713a40fb54a2ef912824f3f52d3a5de8d7f7983ddab040c445544de2439996
csynth/synth_divider_top/synth_divider_top.verbose.bind.rpt,135243,68e69736a4babc12a10378bd4a7cf926e0b5322ce8737b23bd8e58ef9ec16d7f
csynth/synth_divider_top/synth_divider_top.verbose.rpt,146696,4809fa87d418bf22df8349a0cb6710e426ce0356e8167720cb5cd45ab7636464
csynth/synth_divider_top/synth_divider_top.verbose.sched.rpt,52690,d8f431c92510ccb18a7482638093aa9e54f34edf13ffd6872424c6415e9fcd3c
csynth/synth_divider_top/synth_divider_top_csynth.rpt,13617,f022f36d0f85065ad36bb8b3ff2bfc1c58f6e7c53264c62a80c8e8c52d611321
csynth/synth_divider_top/synth_divider_top_csynth.xml,6716,2f3dcb71935037c2bffc877087dd57bdc263aea4b5d30587669e9116331c3053
csynth/synth_execute_top/csynth.log,53166,9b12b08e83b0db9ca3811d7b9b63da462f7bf7bb3dd3d49a45d52f2725bf2c63
csynth/synth_execute_top/csynth.time,45,1c1479ab7fa4e69e0bd17f18d4e96727d8c98487b63f3eae88f08bbfeddc72af
csynth/synth_execute_top/synth_execute_top.verbose.bind.rpt,198124,e5dd784638914045cc2e818b31ce93c0ac3ed1e24044321e1fd8c19e1edf1c56
csynth/synth_execute_top/synth_execute_top.verbose.rpt,217260,27545659f68feffa1ac09b0623c6797cc1f42589f34fd27aaae1200b36055e8f
csynth/synth_execute_top/synth_execute_top.verbose.sched.rpt,74533,06f0a6f692499d0107affaf07f8396e604430ef5fc005ba48f0c7ce3035fbee9
csynth/synth_execute_top/synth_execute_top_csynth.rpt,22398,dacad4d95081ad27a9263534cf8a7666550155a58548e74afa541caec8204c9e
csynth/synth_execute_top/synth_execute_top_csynth.xml,5727,4e5a9b848baf28970acc952d1566eb8c77f6476a6697b7fc116659749cd3df9b
csynth/synth_lsu_top/csynth.log,20558,d265c0a34263d99b07c0f78bed5c441f0a5653c9d524f96e3a4ec942a06fc7c4
csynth/synth_lsu_top/csynth.time,45,9692634e2bc633dc901368d0cc4f44c2925be931d73ab625f64ac49c86c1d9f5
csynth/synth_lsu_top/synth_lsu_top.verbose.bind.rpt,137611,1a8d0babf1084141024f9c1557145357a7ad04d3e30ee59ebeacad0137234f71
csynth/synth_lsu_top/synth_lsu_top.verbose.rpt,152148,9e76bf92c53af529a05e9549e27407faaf22ccbcc6af30c201db63bd3e53ebde
csynth/synth_lsu_top/synth_lsu_top.verbose.sched.rpt,55802,e76ae48a10f2aa3eca1eda6657d5d3225d4f5f1f5086e4c13749cacdc9e345bd
csynth/synth_lsu_top/synth_lsu_top_csynth.rpt,17537,60dff7f657f2b8c03cb362cef599232ebfd3d485e833e5294e9ba6c2a9dad912
csynth/synth_lsu_top/synth_lsu_top_csynth.xml,6359,7e460bbb75ea749ae79b0f2c8b76c8e9373aa9588963b06c76822611fdea87d0
csynth/synth_mul_top/csynth.log,8343,2e48584405b9fcd4949eb3db2cdbf708cd40e8258b07276532e8c4a9a791b113
csynth/synth_mul_top/csynth.time,44,776a07c4bf6361d85750776ee74324738f2f5d87992b5c62f7dd5f2bcdf36487
csynth/synth_mul_top/synth_mul_top.verbose.bind.rpt,53383,e4ee424a5154d71a725bc056f561a1b372140954bfa1cdd288e57f3f35f216cf
csynth/synth_mul_top/synth_mul_top.verbose.rpt,60562,5075a191752e2beb3d9dcc9cce362b74c4f8dd56eb9aa1533d4aa6443d6c4d0c
csynth/synth_mul_top/synth_mul_top.verbose.sched.rpt,19120,67fa0b2e3217c94a12fff96c602f00783faec8668054271e441ee4b31e772ae3
csynth/synth_mul_top/synth_mul_top_csynth.rpt,8604,07d30a8d5119b323d1598a3b9a9bf16c26d3400389b125c934368d67a0643446
csynth/synth_mul_top/synth_mul_top_csynth.xml,4908,8ccab8acfc2166b6f79bf79edf0e180ad1eb66f25af5ce302c8aca7676fcdf04
csynth/synth_rob_top/csynth.log,144384,1e7e70e2cea569ec5515a4975a3e374a2e0c759a2ade5455a7cbc15152fa1113
csynth/synth_rob_top/csynth.time,46,6dc2e6cad3967a4a3e767ba7df1962cd1ea3c9c647edc519722b6fd00715754a
csynth/synth_rob_top/synth_rob_top.verbose.bind.rpt,1114274,ff451d5c4193dd4c80eda6236dcc320c088c74441c529d49b846d916f301d99c
csynth/synth_rob_top/synth_rob_top.verbose.rpt,1233134,d8bb49de5c0c19d581524014a8872f86b700bf779a6afd2afd9caf0e4a25989c
csynth/synth_rob_top/synth_rob_top.verbose.sched.rpt,419237,0f989ed39082ace84533ee834e0bbd1d99a7d086644c1ed145bcf39fe9309fec
csynth/synth_rob_top/synth_rob_top_csynth.rpt,124010,e55a06c82d41c3dc062dae57635c9f2bada6b6d995eefe0501a03b9619b92577
csynth/synth_rob_top/synth_rob_top_csynth.xml,8528,edb720a48d3514e96a88e2471aba998c3efda655e792a85b210f804752a0300e
fix_probe/csynth_reports/apply_writeback_ports_csynth.rpt,9012,63b7d2f21e4a0b495988fbf0ce3712817e6d5ae7b175db2e4fccf78492ce8603
fix_probe/csynth_reports/apply_writeback_ports_csynth.xml,8216,63d27a4921340f357880487b304078b3738405e87b73e56d44ac0b5ec2596a10
fix_probe/csynth_reports/boom_core_cycle_io_csynth.rpt,476047,e31ce52272bcc484d6cad1b03728ded4b5f96a9becb5c4446e8cc5ddd17786d3
fix_probe/csynth_reports/boom_core_cycle_io_csynth.xml,695136,7e5a9755a83122225e485d4fb9ef66091fd1ee7a609c991d522237a79bb44aab
fix_probe/csynth_reports/boom_core_reset_step_csynth.rpt,184661,dbb84998f4a0b9d789afc933c7a5da269dffd699a2c8275bfd2d30dd95f94748
fix_probe/csynth_reports/boom_core_reset_step_csynth.xml,294923,eef0ef5d30dc658a192410f4c4f2383fa4ce65168de6ec6a1caf4eb8dabfbc9e
fix_probe/csynth_reports/boom_core_step_csynth.rpt,569840,e1a7fc2219e4e66535dd51988da6dda033386340a3e44b6224e61f2583da1e52
fix_probe/csynth_reports/boom_core_step_csynth.xml,687144,b2f4dd406a5d0fd8625bdb90c825ffc17fee980483068653ce10a51b7f940cf7
fix_probe/csynth_reports/boom_core_top_csynth.rpt,294904,728129d99dbd78886896d0ad956f30b269375a594685873933a4f895e8f83b46
fix_probe/csynth_reports/boom_core_top_csynth.xml,12791,c9de11cc0f93de45fcc74238735bc9a09ffbf6df04bf04164370676acb746343
fix_probe/csynth_reports/branch_complete_event_csynth.rpt,271304,2188550caac8cc2290de6939b7747dedb6e0a522492bb7779d9efc79b30cf7af
fix_probe/csynth_reports/branch_complete_event_csynth.xml,421439,00408e4891fd8c33101ddb66b99e22d0cb476fbb2f4f8c41065fda4e1086252c
fix_probe/csynth_reports/clear_resolved_masks_in_state_csynth.rpt,28988,7d00a68b2fc312d1fb44c94284cfa34e3880e34f4588e633924493d80321891c
fix_probe/csynth_reports/clear_resolved_masks_in_state_csynth.xml,28584,813a8d869788d01b010f0b9966e87c31bd59d1df33b7c16a8b55f7ffb78b452d
fix_probe/csynth_reports/compact_iq_csynth.rpt,134953,2f67defbe93cdaada76dd39e3aadada2ede0b964b07caf8143a28775d4e5c2ae
fix_probe/csynth_reports/compact_iq_csynth.xml,148336,7e290b9afe147241c2c17f21bb2317d80fbeabbc03cfd04394fb4ab07a76040a
fix_probe/csynth_reports/compact_issue_queue_csynth.rpt,134944,0d9f2cacf245e34ea041e8248173b9e9cece9772ab2798d0827255df5d1f78d1
fix_probe/csynth_reports/compact_issue_queue_csynth.xml,148399,60c179d82d351a3866936afb354345a0ed911c5171ba17b049f0633fa34b9b96
fix_probe/csynth_reports/completion_is_valid_csynth.rpt,13943,354e3cce8d71aca8ecce79e101f85158caa79bf67a39eedf88285936ee07f290
fix_probe/csynth_reports/completion_is_valid_csynth.xml,11108,549a75f8191b8ceeadcf373d3df998260987ed157850485a495207d7a3735e94
fix_probe/csynth_reports/completion_service_cycle_csynth.rpt,449060,349196b497648d5392ecb246f8baa86a72f8e69eb957f45f2121244982e090f9
fix_probe/csynth_reports/completion_service_cycle_csynth.xml,489723,0bc141399b8ad12e1d4da32f81ec1426343ac60f563325c99cc3a3d2c0d483c1
fix_probe/csynth_reports/csynth.rpt,157701,506b422cb9513471f144e3cc15ea49a0ce856707247cc84d5f021e88fdd0f275
fix_probe/csynth_reports/csynth.xml,440514,8c32c9731e9a2794b4af828b68fd0f99d70a0342ff041aed43320e1a7e62970f
fix_probe/csynth_reports/decode_module_csynth.rpt,26548,f1742f58532e503952af82ea75f24bc59e71775d9c2623409edb1b5a6b01ca74
fix_probe/csynth_reports/decode_module_csynth.xml,21131,61bf45e24005bf7ff27ad7a336d16200cb785f70811e8db71dd7747070aa2ddf
fix_probe/csynth_reports/divider_accept_csynth.rpt,16834,c0765bab2b79595358a1ecd1f2df1b0ec1932c8e46eb43311413610fea7e6b69
fix_probe/csynth_reports/divider_accept_csynth.xml,10427,d8f93fdbca01c0caee5f16b311d1bef931952afeff3c46cfbed6bdd2cd63ec76
fix_probe/csynth_reports/execute_module_csynth.rpt,91923,f1e8c4e3304567f4a8f3ec6546afa8aae05e0fa362b842549ce10cec24994462
fix_probe/csynth_reports/execute_module_csynth.xml,77367,4f50679b182538949eb0de01218138171e0eac238246c36716346246f9e2befa
fix_probe/csynth_reports/frontend_module_csynth.rpt,18218,3e4ea72ec47d61f3afe693f8582d63dc08f373871fb10427322c7a669d196b42
fix_probe/csynth_reports/frontend_module_csynth.xml,14578,d12813d9e5793afb25fc3aa905d50323023b504d58dcaa9cc340ee73653a83ff
fix_probe/csynth_reports/issue_module_csynth.rpt,383606,5673eb693ae61fe942e4b4947964ecb8abecec047ff0ef59787ffc96c5220b75
fix_probe/csynth_reports/issue_module_csynth.xml,360223,efb5bd8f87aa7da0b10e2072aef98ecfa8f2492065d6608040fa13e9ed207335
fix_probe/csynth_reports/kill_execute_state_csynth.rpt,70804,befc4184a104c71c9afdca030cdac26ea240ebec98651a7f6086d845f93ed13d
fix_probe/csynth_reports/kill_execute_state_csynth.xml,104248,b20b0f0e257428857b6ef473f5f35cf313b06480d59d7fbfa04ced0b8513fc93
fix_probe/csynth_reports/kill_issue_state_csynth.rpt,107245,da2b5528a18321c0cc9428166ae105888c8a78c40f7a9dff77b7de0db823ede8
fix_probe/csynth_reports/kill_issue_state_csynth.xml,176732,33f8ad6e9df40258fdf092753594dfb6ba8fbdd9a65c616c7b3c690e99481824
fix_probe/csynth_reports/kill_lsu_state_csynth.rpt,47034,0af4af39bb924ccdcaa490fa1a3a49ef789a032bb8572092e26886a198dc4c57
fix_probe/csynth_reports/kill_lsu_state_csynth.xml,44291,64aafe64c27d57b68b4f30d0ad575d7cd99e97e5e2277518364e7a48482fbe37
fix_probe/csynth_reports/kill_rob_younger_than_csynth.rpt,29653,cea09846c65cbe90e7f58777f89ae357ba0ace9ca7eba4f85a914491ec30e953
fix_probe/csynth_reports/kill_rob_younger_than_csynth.xml,38005,e68c01594c2e545000afab5e4f1194ab93e47008d7edd7138a1cee272d89641b
fix_probe/csynth_reports/lsu_accept_completion_csynth.rpt,27870,867af8b0a61b09d0ace21118833fd0821678d518dcf85ded0862bf5d98fbb9c5
fix_probe/csynth_reports/lsu_accept_completion_csynth.xml,37894,de128cf1d25fcc2f1a6e23ae4a94152107149fe236121642a244435cbdf4db8f
fix_probe/csynth_reports/lsu_reclaim_store_csynth.rpt,24591,20111184f6c9a5cf4dabf1bf8e399beb558254299c6764d2b329d97c69cb6f0b
fix_probe/csynth_reports/lsu_reclaim_store_csynth.xml,23625,66a7a39e493e62268f0c34b0edf604a1314cc98e5d661aad1f5983a276545fdc
fix_probe/csynth_reports/reclaim_ldq_csynth.rpt,22585,187e03b2df8ed633d2e2e9da57eaf76c983eba42a8b490e856ecc308052788f8
fix_probe/csynth_reports/reclaim_ldq_csynth.xml,21042,8fdb7942e6beecde0fb3a178b46c27ad95f959ea87d04802d0064ec6ce44972c
fix_probe/csynth_reports/recover_mispredict_csynth.rpt,275635,3f8a0e4cae61bbb8e233db4d47259f673b2a5acfb542b6e731f8831790f47181
fix_probe/csynth_reports/recover_mispredict_csynth.xml,416849,de06604ad7c291d530faba8b1bc9812370788205dda6b80ceaf2cafd9187a13e
fix_probe/csynth_reports/rename_module_csynth.rpt,45878,b2c62b05a18b2a0c51a1df0056a562bb0762d44298684464d6a6e8299cccc754
fix_probe/csynth_reports/rename_module_csynth.xml,53269,3d7e3d933f0246908ccca943888d803939598f3fc798e8516649e2408da443f5
fix_probe/csynth_reports/rob_allocate_csynth.rpt,32312,9af2c76d22d628b3e0259b4c88a1df78babe5fbaac741b9e730802b0684dc39e
fix_probe/csynth_reports/rob_allocate_csynth.xml,44228,64f92c1e9f4e948d4005953ecdf7cd0392764405855aa22ba80c972f263bbde2
fix_probe/csynth_reports/rob_commit_module_csynth.rpt,51994,510fe821d5d5118bf243c7d2faed097668546b8bd89e851fd7ed7ac94ef32bca
fix_probe/csynth_reports/rob_commit_module_csynth.xml,61455,9e48b1bafea5bf5677247f310ecdab4ae739ad8a028995f839a9f3d2bc8d7054
fix_probe/csynth_reports/service_pending_csynth.rpt,166113,58e045a004fee1294c36cae5abd8b3c2365a40df8f18135bf3798ab7a6fbc3ca
fix_probe/csynth_reports/service_pending_csynth.xml,142740,bfe394b2942d8431a87111196f5ed285f75c724237f8aed54ae0c4260508ed40
fix_probe/csynth_reports/try_issue_load_csynth.rpt,17441,6dd6aad160d47cb574e21e00703150d6535d888aa464e0e5d76c78d7649db3d4
fix_probe/csynth_reports/try_issue_load_csynth.xml,18696,457f8eb46a500f87a440af695bef0c56284ea5cad9121238bf8646eda40d5f97
fix_probe/full_core_rtl_matrix.csv,3295,c1850daabf35a0367a499169036cac231e05c46af5e7b27dd8bbeb11b1692aeb
fix_probe/logs/csynth.log,334816,524ee7a2fc048d83441af15a0f19cc111c0efbd7dfcd9e20f6f5ed3659a3dd59
fix_probe/logs/div.log,1928,39d20469b94ab4d6585da56b8da4c248c7ea2b5314f9c6cd551da6fa860e5c00
fix_probe/logs/divide_branch_kill.log,2033,3d4824abc68edc620c0cfe1bccb41559809b83fe1d5ddd914a4a2fc832ad6c15
fix_probe/logs/divide_by_zero.log,1858,d3b0a5b99ce3ac884fd662f50f9dbfb25654c1db7d1009112ed2fdb0eba2374b
fix_probe/logs/divide_dependency.log,2130,bef7be519fb8909c500de1f71812c10e4b39ef238e89ec14404e65657f3cdd68
fix_probe/logs/divide_load_mix.log,2116,c962ac7bbae8b0807f07bc26f6d9d2f20c2b29a43d549aab13414e25a9f5c085
fix_probe/logs/divide_overflow.log,1865,b7a117c947350a5d70009412bcc76cc2085addda3c86e652d0151d485b3d49ab
fix_probe/logs/divu.log,1935,7b22f633040fc2d48bdd1e19e59c943354a178e664048fd552ea7defb35f1974
fix_probe/logs/generate_merged.log,76,c5936702ad070e20a4e5265c44cd56e587ccadc86ada80bcdf0f6338433dd97a
fix_probe/logs/rem.log,1928,3eb9d42cae78c9dfb51fd681a8ea8dc4568f6bb9dc558fe3aaaf05e444e659b3
fix_probe/logs/remu.log,1935,56b402df94675fbf6ce7992d8a5efe9196163e1eb92a2a18b88c86ca0e412923
fix_probe/logs/suite/div.stdout.log,1295,feb59aa7449260fa79668e1df40f4bb25d206f8fc577a9e243989de2b8447576
fix_probe/logs/suite/divide_branch_kill.stdout.log,1370,266ca7dff121b89b4d212e7efec31243b7246c1318b9e929cdaaf3307afb42b4
fix_probe/logs/suite/divide_by_zero.stdout.log,1203,67cf26b2c5507b38fe22da00929d6c9d06d14470d712640feb62e80ffcc0e632
fix_probe/logs/suite/divide_dependency.stdout.log,1469,b5386b97aa6b3e64c22d2c2f7dde879871329ff46c7d7794e4eef96fb30512aa
fix_probe/logs/suite/divide_load_mix.stdout.log,1459,01fd6dc6372599692e9cb57a9fc77b4cfdf838ef1d24493796e749d2da303741
fix_probe/logs/suite/divide_overflow.stdout.log,1208,d9a6a0e6d78c922325de38141e138baaad760b06e4799f4c96dba8300f878035
fix_probe/logs/suite/divu.stdout.log,1300,12ccf2dd95aec9b47d4323a62de72ef9f7cb449206009e691bd85187a3ca78c9
fix_probe/logs/suite/rem.stdout.log,1295,383f9f95239d9d2fde385558fc467213cea6895fa46e248d9b411235505175b7
fix_probe/logs/suite/remu.stdout.log,1300,2ecbd7ed056816913f55e0d780960174fdd3b53174cc4ca9755078eda5d8cc5b
fix_probe/logs/suite/word_div_rem_mix.stdout.log,1464,f2696a910d93b20bd3bc4a8430269e24bcacd927d7b3f5054364a55593f55310
fix_probe/logs/word_div_rem_mix.log,2122,85dee86d3b51931a34950a3a027d43259b69b335d0f5488f8238668d1f927f36
fix_probe/logs/xsim_build.log,28356,ec5de94fba132e1c277cc4b3971c8ce64768aafe43e9f699981b603bd3315d49
fix_probe/mul_div_dependency.jsonl,409431,1ed9c966bb4900f19aa9e16bd3cdbf7ba3e9a4b09dc7e926572d91ee0cf42152
fix_probe/mul_div_dependency.log,2194,c220ecbe17a7180ce9b91563ad26a78ceec7eca5cf456ed0941f6738649f6d55
fix_probe/mul_div_dependency_padded.jsonl,34868,c37d89bc656b8afab853e59203b24da73b108207424faecd813b427a1badab68
fix_probe/mul_div_dependency_padded.log,2037,b60ac0a72985a5a3fe092356eda965766655b7c03c47ab1a3f3f34ec545ae88b
fix_probe/runtime.csv,20,6da01bb8073bb2a88d158372a1f44d336d0785d9eba04e34f5fc428018af608c
fix_probe/traces/div.jsonl,30991,95da4367317d062f01ff602bb62542ab35fb0f99249c1dc6bc088da98518ce8e
fix_probe/traces/divide_branch_kill.jsonl,36675,9dc8a19b2f073590fe4d868ee54d13da4d99fbb87251a895a0a18cfc91fedc9a
fix_probe/traces/divide_by_zero.jsonl,18714,1628d5fa07db91d40e1224e025b165768d432302cb50a403bc4e9677f9c93779
fix_probe/traces/divide_dependency.jsonl,37311,b1c6b94b46d01a81ebeb883ecfdbac984b819016e5fa684abd2b056d74299a10
fix_probe/traces/divide_load_mix.jsonl,40168,f5a0a9bc23fe538f33d9c83ca17048196da1a3d8a8e9921df72ca4aa4277b394
fix_probe/traces/divide_overflow.jsonl,21161,b4631d50764d6c8c437534eb1b0227c3e47fe5af3564fe8c3ad178bcf3f6b2f1
fix_probe/traces/divu.jsonl,31006,5e7e49325c4de0fa12064bfbb652da5ddaa04c509ab0f64a6e13d2c76f033a3b
fix_probe/traces/rem.jsonl,30991,7bc894ceffcbd89574083a3cfb6e59dfadf086b4c9a014cee636c05266a011d4
fix_probe/traces/remu.jsonl,31006,7fd9d385746e0198996a9a5e0739e52ab125a47eb87f2f2a9b5e578004dc2e79
fix_probe/traces/word_div_rem_mix.jsonl,41472,3cd970acee9f062207fa855fcbab24405e10535eb256487f9247164186095762
fix_probe/verification.txt,474,e0b77fb746a09ca60a7f3bb93bc4478c7efad03d6ddb0d06db77b056e12c7330
full_core_rtl/base_m3b/csynth_reports/apply_writeback_ports_csynth.rpt,9012,3e4073fdcdec1beca07e3d378f70e45f001122bc41387530822fd07bc1324cf7
full_core_rtl/base_m3b/csynth_reports/apply_writeback_ports_csynth.xml,8216,63d27a4921340f357880487b304078b3738405e87b73e56d44ac0b5ec2596a10
full_core_rtl/base_m3b/csynth_reports/boom_core_cycle_io_csynth.rpt,476047,84efb725eb304a3180700b3e242e0621118195f4a348bc8685e34b56968e685d
full_core_rtl/base_m3b/csynth_reports/boom_core_cycle_io_csynth.xml,695136,37186af05a7392d273b6b1b4f78d7e05874d6e531500c129eee9e5dac3a0a2a2
full_core_rtl/base_m3b/csynth_reports/boom_core_reset_step_csynth.rpt,184661,e50d79374a2dca2530920b168a73e75099ced77230b3ab46d5ce75c90570d8ee
full_core_rtl/base_m3b/csynth_reports/boom_core_reset_step_csynth.xml,294923,5fb9e828e1ddef69453fe889f43991cef5b02c1f4d81b9acea6da26a75f8e31b
full_core_rtl/base_m3b/csynth_reports/boom_core_step_csynth.rpt,569840,787e8c0a4c07ea6e31c702ba1777a9eadb836a68be16ce87c7d89771ad4b03c3
full_core_rtl/base_m3b/csynth_reports/boom_core_step_csynth.xml,687144,a423621553275d809586dc997a3bf5d34bfe102ba9eed6db3f8f67751e644cd0
full_core_rtl/base_m3b/csynth_reports/boom_core_top_csynth.rpt,294904,4bcc8efb60fc73c56dc6e891de21cb4c7e7a87ec29880bc5e4bfcb6dbab13779
full_core_rtl/base_m3b/csynth_reports/boom_core_top_csynth.xml,12791,fcd43704cb5e8b880bae043c3be7da452d82fc56a9df7019ee96cc7cb5a41ad5
full_core_rtl/base_m3b/csynth_reports/branch_complete_event_csynth.rpt,271304,71020e1e6b5fd8ddfa091aa84a41b323538478b7b32774bd8a47c25b5c27361f
full_core_rtl/base_m3b/csynth_reports/branch_complete_event_csynth.xml,421439,3595ae8b75ecdcd7afe0e6dfa1aa4a5983e5c8ce215a8c8f2becd7266eb44fac
full_core_rtl/base_m3b/csynth_reports/clear_resolved_masks_in_state_csynth.rpt,28988,8cfa45ff0aaa6a852bb29408a975b14f143d354bc986a4e2eacd827e99cb8515
full_core_rtl/base_m3b/csynth_reports/clear_resolved_masks_in_state_csynth.xml,28584,d3fd3f13960f8e4b5a8caefd8465a03ad1b94a0cbf3656be571a24cd0fddd4cf
full_core_rtl/base_m3b/csynth_reports/compact_iq_csynth.rpt,134953,9c5735024a787134aa490220c6ea3866577673cea79d2c1327e0cf3cd5bec157
full_core_rtl/base_m3b/csynth_reports/compact_iq_csynth.xml,148336,082a4cbe74f9febcfc0939037bc51200bff82ff65c17d9680e833b1b04d9c656
full_core_rtl/base_m3b/csynth_reports/compact_issue_queue_csynth.rpt,134944,50dc343c9ce361634e8eb4aa9cc94d0656e00ed4970ef941af0b87a3fdfdf168
full_core_rtl/base_m3b/csynth_reports/compact_issue_queue_csynth.xml,148399,9066dcecd34c2f69cd03973430c51f63c6fc5784037f9468dc9adabb8091a42e
full_core_rtl/base_m3b/csynth_reports/completion_is_valid_csynth.rpt,13943,73b7828d9b5ec9ca12ee243aabe397a25ed6d4d283064a002f5d4791ae0f8a0e
full_core_rtl/base_m3b/csynth_reports/completion_is_valid_csynth.xml,11108,549a75f8191b8ceeadcf373d3df998260987ed157850485a495207d7a3735e94
full_core_rtl/base_m3b/csynth_reports/completion_service_cycle_csynth.rpt,445028,4c6a07754c8b4d6d4fbf1ab444da49a99cf42d217d88b59e80a659e364464ff2
full_core_rtl/base_m3b/csynth_reports/completion_service_cycle_csynth.xml,489723,c790c0b3560e324b02609766471bbc983a77c8398cdbfe6c052059e971edadf4
full_core_rtl/base_m3b/csynth_reports/csynth.rpt,156867,434c5abb6eae4333fb4f66a479067235a6301882f9ff915fe7d673c6ca571347
full_core_rtl/base_m3b/csynth_reports/csynth.xml,437045,54b50677b69917dfefd6757b14222a4798e322112268d4963171e5ca0f095f3c
full_core_rtl/base_m3b/csynth_reports/decode_module_csynth.rpt,26548,56624efb4dc49796bdc84460bfbe5d4f6cbbdfae63fe0a3adccbb63c1867c3a1
full_core_rtl/base_m3b/csynth_reports/decode_module_csynth.xml,21131,61bf45e24005bf7ff27ad7a336d16200cb785f70811e8db71dd7747070aa2ddf
full_core_rtl/base_m3b/csynth_reports/divider_accept_csynth.rpt,16834,a2ba557cff43f833b221ab136a9695f24f39fa7b23c46e00c1def9e78e486445
full_core_rtl/base_m3b/csynth_reports/divider_accept_csynth.xml,10427,d8f93fdbca01c0caee5f16b311d1bef931952afeff3c46cfbed6bdd2cd63ec76
full_core_rtl/base_m3b/csynth_reports/execute_module_csynth.rpt,91923,f2db82ab89af532639763a3d3a35de58e9d2735f240738a8f286c6c7e228fa2b
full_core_rtl/base_m3b/csynth_reports/execute_module_csynth.xml,77367,5dffb59bd7bee788fcebafcdd6fcce372276290b2804c144b78efbf4f7a9b5a1
full_core_rtl/base_m3b/csynth_reports/frontend_module_csynth.rpt,18218,ae725b4d905bbff40179714eed8e7cec935692f036e13f67833a2e474f40ee57
full_core_rtl/base_m3b/csynth_reports/frontend_module_csynth.xml,14578,d12813d9e5793afb25fc3aa905d50323023b504d58dcaa9cc340ee73653a83ff
full_core_rtl/base_m3b/csynth_reports/issue_module_csynth.rpt,383606,6e920f73bcd30995a0f3ce60899d764495889ea02cb1fed09d435109b5001ba9
full_core_rtl/base_m3b/csynth_reports/issue_module_csynth.xml,360223,0376e5eb26b05244b8b09bff61dbb959d2b88d6c1504662ee8837d0bacef51d6
full_core_rtl/base_m3b/csynth_reports/kill_execute_state_csynth.rpt,70804,844586a636ad6e58ff91f509965da1882029bf43dbe34c55b99fd07e6aa12a34
full_core_rtl/base_m3b/csynth_reports/kill_execute_state_csynth.xml,104248,a9891532d134cb15f8f3550c815bf2008c5580ef60d35b2f6aa970a0e5457e0a
full_core_rtl/base_m3b/csynth_reports/kill_issue_state_csynth.rpt,107245,8c84827487f810cce9d17fbff8701964cb1e11439e801a11e6980410160c9f3b
full_core_rtl/base_m3b/csynth_reports/kill_issue_state_csynth.xml,176732,50c6b56e05ccdcd4f7900fe8b6b96db827423ed8aa18cf18c8fbb7f563c4eaad
full_core_rtl/base_m3b/csynth_reports/kill_lsu_state_csynth.rpt,47034,8c74124102c70c802e093fe1963cba8aeb9f30a9b7215e5c22f751f1645aab52
full_core_rtl/base_m3b/csynth_reports/kill_lsu_state_csynth.xml,44291,f710644fff91f2997e34287aeacaf4b2a5a58219574a7f898e06d99c5b4f519a
full_core_rtl/base_m3b/csynth_reports/kill_rob_younger_than_csynth.rpt,29653,429385557c5efd6c498798e82ea5369b147dfe2e76f99685233ec248fa07ef10
full_core_rtl/base_m3b/csynth_reports/kill_rob_younger_than_csynth.xml,38005,82682ae065af6fdf6c7efc32b804f4fd3bb699dbc788b8a195f03160e8ef959c
full_core_rtl/base_m3b/csynth_reports/lsu_accept_completion_csynth.rpt,27870,ab89b288bd23bd53748b60f7ea1e1852f8e8128d9cc7b88c0daefec01cb53846
full_core_rtl/base_m3b/csynth_reports/lsu_accept_completion_csynth.xml,37894,de128cf1d25fcc2f1a6e23ae4a94152107149fe236121642a244435cbdf4db8f
full_core_rtl/base_m3b/csynth_reports/lsu_reclaim_store_csynth.rpt,24591,edd7beda6d9848bc0ec2a30cd7e3cd6772b0d3c64217fdb7c31bd3d89f4f094f
full_core_rtl/base_m3b/csynth_reports/lsu_reclaim_store_csynth.xml,23625,908469b49af63e254235cf4fa2911185db27e48faa220c952c401acf95562410
full_core_rtl/base_m3b/csynth_reports/reclaim_ldq_csynth.rpt,22585,0e8c6ac33d85d867a13284dab4bf0372f94463db52395bc8c7bd71ba8ecaa314
full_core_rtl/base_m3b/csynth_reports/reclaim_ldq_csynth.xml,21042,2b8e6e31c2353c5191e82f51637de33d023df7bafa30509a1ae2332a2b5bc719
full_core_rtl/base_m3b/csynth_reports/recover_mispredict_csynth.rpt,275635,e523cf627a49b55536af9a05cce493140edf144bade781e4c3e1e2cb1e1c9a1d
full_core_rtl/base_m3b/csynth_reports/recover_mispredict_csynth.xml,416849,130569fd1384d94a30db29ee3221cfc55e08a82efec30a4df394ca2db2c12550
full_core_rtl/base_m3b/csynth_reports/rename_module_csynth.rpt,45878,2046a8c2b3df4a72438cc6e9ccf29e0fffe73566b5d7878888b3788de798736f
full_core_rtl/base_m3b/csynth_reports/rename_module_csynth.xml,53269,3d7e3d933f0246908ccca943888d803939598f3fc798e8516649e2408da443f5
full_core_rtl/base_m3b/csynth_reports/rob_allocate_csynth.rpt,32312,10488dd15d97cb7da890905f7c72381b584493a818f15cf284acee534e3aef5a
full_core_rtl/base_m3b/csynth_reports/rob_allocate_csynth.xml,44228,64f92c1e9f4e948d4005953ecdf7cd0392764405855aa22ba80c972f263bbde2
full_core_rtl/base_m3b/csynth_reports/rob_commit_module_csynth.rpt,51807,f74129bed881f06f765c610110abb1759e45d1bc383894252acb2fa2aaadd9af
full_core_rtl/base_m3b/csynth_reports/rob_commit_module_csynth.xml,61455,a6a64af7db7044b1a8527fa26041aa34139dca6eed507efa8a081e216cd5bd6d
full_core_rtl/base_m3b/csynth_reports/service_pending_csynth.rpt,155208,841a8ba0c3f7b4d6af3389df2b05fa08ccf9206ae6c96456f6612af2337cc367
full_core_rtl/base_m3b/csynth_reports/service_pending_csynth.xml,131202,de7c811ee978b18e3b5c1deb0fc6f4f92f68323cd8cea49b72d6e12887f49f2b
full_core_rtl/base_m3b/csynth_reports/try_issue_load_csynth.rpt,17441,da8f4c2165e707040dcc543efa312fd7fbb69f3388d24b80ddb2c308788f07e6
full_core_rtl/base_m3b/csynth_reports/try_issue_load_csynth.xml,18696,457f8eb46a500f87a440af695bef0c56284ea5cad9121238bf8646eda40d5f97
full_core_rtl/base_m3b/full_core_rtl_matrix.csv,3555,e26a16fb02ac8ecaf435a164903f2eb0cc53838aca3c8f70504b7b17ed1aacde
full_core_rtl/base_m3b/logs/csynth.log,333754,43cb17dd6dbc224b1b8fe3a7f763a57aa8c2ba7bd4047019228cdcd559e141cb
full_core_rtl/base_m3b/logs/div.log,2019,6e6fecf3e9641e165313b75acae3a8030375fa204313f43e13013b9c92ae6a37
full_core_rtl/base_m3b/logs/divide_branch_kill.log,2124,88678a279e8e9f620c594a306b961d2d18ca96477efb2ae65e55e1104d8365ec
full_core_rtl/base_m3b/logs/divide_by_zero.log,1949,b2745de980c8816696bad874b11a3dfc48bd790e11e1a546395b307db97bf6a9
full_core_rtl/base_m3b/logs/divide_dependency.log,2221,0a290bcb6ac4ad93cccba070e3aa7a6a2c8638c385e74d20e90a60679662109c
full_core_rtl/base_m3b/logs/divide_load_mix.log,2206,15da09bc5448b65ac581c17aeeea3735c1462a6f6157d700d7337cb86b807ea8
full_core_rtl/base_m3b/logs/divide_overflow.log,1956,5374daa28f9caebca0ab50095c57e2e336b5a6d564f656a7c3c6b345f1a00af8
full_core_rtl/base_m3b/logs/divu.log,2026,1ede276fe59c4baaf3e88974bc39c0e8ea670f4cdd954907d1d936f6f0ef54ae
full_core_rtl/base_m3b/logs/generate_merged.log,76,0c079b817fd4c21b700dfeef2291d028d8da9bd228c08d5d3dec30a7919a0261
full_core_rtl/base_m3b/logs/rem.log,2019,b3fe60d9f3a375ca22763d0e36e9025645b3a805e8d683cb0e0da569fef054f2
full_core_rtl/base_m3b/logs/remu.log,2025,c1f14df3da084f8ec88ca7abf21f7279c6396198967b5154ddba703c7aa18447
full_core_rtl/base_m3b/logs/suite/div.stdout.log,1334,10420f986abf68d9dfd44addc15deb043ebb526e51d517406df87d12e9b62901
full_core_rtl/base_m3b/logs/suite/divide_branch_kill.stdout.log,1409,114b2fd179ffc99cb1cf31059fbdc21887086f55bcdaa0639730ddb0dac43b31
full_core_rtl/base_m3b/logs/suite/divide_by_zero.stdout.log,1242,0ae795c85a13f9d0ada8b95c2cea865442cf0fa60fc04db4e426ccb160daf3d3
full_core_rtl/base_m3b/logs/suite/divide_dependency.stdout.log,1508,5766d67500f655d918375da26368f620de6ada1584e38040b777aa679b019fed
full_core_rtl/base_m3b/logs/suite/divide_load_mix.stdout.log,1498,d0bcba01be6670d5dacc7d53de49fba9da1466efe8e867fd4a44499e91f5d71c
full_core_rtl/base_m3b/logs/suite/divide_overflow.stdout.log,1247,d867db78af82bbac47ba5339e1dc4a1ff3480ee6f9e62fd2008d46f6523bee94
full_core_rtl/base_m3b/logs/suite/divu.stdout.log,1339,7abc592f7886969121d42a5cfd57175793b38f6c384412e1381f62c872a1c223
full_core_rtl/base_m3b/logs/suite/rem.stdout.log,1334,6d9326f91f4c86d74f0d94cc7c1d14207df15b41cf51ef36c16c98ba7a08721a
full_core_rtl/base_m3b/logs/suite/remu.stdout.log,1339,7eabef08da8ef55ce0393bd205ad0a43dc0827f19c084b1ec1bc7f22732132c2
full_core_rtl/base_m3b/logs/suite/word_div_rem_mix.stdout.log,1503,7db00ac9226c50fc943ff5c634ff7424fa3d8a2cc5f9d103b813fbea4b36a6e8
full_core_rtl/base_m3b/logs/word_div_rem_mix.log,2214,af7c57df64ba188aa554af7be410196df8664ea970e4c4da5dcee2382a2dc080
full_core_rtl/base_m3b/logs/xsim_build.log,29279,8ee4c51bf2cb0138d22b5b8b213f6ab0ed9a8e285cc117085cd51e803f048647
full_core_rtl/base_m3b/runtime.csv,20,1d1f7b6082cb96763741a3ceb3efd697def2f8998ccf863e3a3d1b8a80bf66ba
full_core_rtl/base_m3b/traces/div.jsonl,30991,dbb88a8345dc7acdf438e5510a7c9235e0dfd225d7c953670aa30ad11f6f19d1
full_core_rtl/base_m3b/traces/divide_branch_kill.jsonl,36675,e480a594e581b29ab315753f08f336e8161f9a195774f1a7fa282053340f8eb4
full_core_rtl/base_m3b/traces/divide_by_zero.jsonl,18714,f25a1b4565927f5a2e4f6e4a2406111e49a76bfc4e30162cf2bc80025ba23cdf
full_core_rtl/base_m3b/traces/divide_dependency.jsonl,37311,32961adf8a2824cfc4eebac1d7fde8513bf6d575d37b0ec7d9fbc1ecf8730f19
full_core_rtl/base_m3b/traces/divide_load_mix.jsonl,40168,5a3653b9585b2642323202dcbe5ada37fd86fced0d44031ba7453fc0cbe04dd1
full_core_rtl/base_m3b/traces/divide_overflow.jsonl,21161,0f4c47ecdf9a9f2c2be4696a0177f8076f2a202390d874744c6998ef1fc5a1d0
full_core_rtl/base_m3b/traces/divu.jsonl,31006,2e43bc16a69a1ea6802aa31f9e4e1d6be7e7bdb652d70094338e65fb1b27b78b
full_core_rtl/base_m3b/traces/rem.jsonl,30991,d7e0865aa8fef41a00978368c2cd31a68ab1ee4c34c4b28ba1188402da032c83
full_core_rtl/base_m3b/traces/remu.jsonl,31006,8e9807cfe565dfdfa6e76ed6a5e9def5c4e58bae3efb7d36dbf6ecd2fa4d89d6
full_core_rtl/base_m3b/traces/word_div_rem_mix.jsonl,41472,cb51fd7af91f94da4f8be3cf38b2b207e7c90e7a89d847b056760bea297b8dce
full_core_rtl/base_m3b/verification.txt,474,e0b77fb746a09ca60a7f3bb93bc4478c7efad03d6ddb0d06db77b056e12c7330
full_core_rtl/full_core_rtl_matrix.csv,1979,e2a70c90cc8b3120bf42e5f306d70bafee9cc670738f566085a86d1858fdfc38
full_core_rtl/logs/base_m3b.log,149,8bb81d058f010d1fb6948acca055ee93e17b75063353d5e49d30e75ad7a896d6
full_core_rtl/logs/div_family_all.log,1922,1a63b434e14b084303280c3cd7819918ebc08ede01ffb8f941d03fad1226891f
full_core_rtl/logs/div_mul_dependency.log,2201,73ce19055a1a5f14dd831a2b41cc2c957a74b9d093262d86eed6caecc1ca040f
full_core_rtl/logs/divide_by_zero_mix.log,1950,1e77e9f782508361fa3ae5a2518b209795ed744323e4ba44048f07b16f9ec913
full_core_rtl/logs/high_multiply_mix.log,1943,ecf1ec9175a440aaa83d580b2a06fa32aeac4909a62a18a9cd4bb9f3b788bc3b
full_core_rtl/logs/mul_div_dependency.log,2097,7fbe31d0ffa78249727ab934f69d3905f71db406868f83f2ae5f1483162c3b44
full_core_rtl/logs/mul_family_all.log,1922,c4629e70b68148ce5dba92da37edf60506723a40e5ad185f4ec033f53d271461
full_core_rtl/logs/rv64m_all_13.log,1908,57a2bccd52df1037fbb68751f40579cb571c0fc1968103efc3c3ac014c056f6d
full_core_rtl/logs/rv64m_branch_mix.log,2082,3919c0a8a3b6e709dbe243299b0ad87f1d900078bd6c4b22be1e18f42fe1cb95
full_core_rtl/logs/rv64m_load_mix.log,2069,519040b1678eeffe447edb939f347766b695e0f5794157f579923fdb8463a7dc
full_core_rtl/logs/rv64m_reset_replay.log,2092,ec0aea0efc390fb1bf21bf67ae61dfc304a1f4fabdc9de5853486b57433df636
full_core_rtl/logs/rv64m_rob_wrap.log,2173,25d0a58f2b01de5f1ae98bc84fe23c5f38f04124e98efa1e899efdec717a7079
full_core_rtl/logs/rv64m_store_mix.log,1929,253f1665b715f3b6d61a06b291dec06dd586c2bda70ab250e374f4ea03c5505d
full_core_rtl/logs/rv64m_tohost_stress.log,2103,e0804765ad260ca0c0df685c3057084ff67082cc355e1e95a8f751e629db934a
full_core_rtl/logs/signed_overflow_mix.log,1957,bde42201cf556bca4d306fb822383bdab7fb21428114ebdbb234973e4879cc86
full_core_rtl/logs/suite/div_family_all.stdout.log,1233,fd04eec7f49cba5ed32d82fa3e50acd7549a55b98f118174726b399e95295515
full_core_rtl/logs/suite/div_mul_dependency.stdout.log,1504,0163e1472001cdaf428d12ebef2107313a9597f81ed4e0d084db525469263662
full_core_rtl/logs/suite/divide_by_zero_mix.stdout.log,1253,8cc1c668127c0efee0fda323debcd4d0541a66c374a4d3290b3b7c8d8dd60b2b
full_core_rtl/logs/suite/high_multiply_mix.stdout.log,1248,af8ae8afca372757f85d380151c15e60bfac694351d28470f6a7fac6594d7469
full_core_rtl/logs/suite/mul_div_dependency.stdout.log,1400,34758c16a93a1a7336750a1c10a34d7dac292777f3cdcec5dcecb3b72352e984
full_core_rtl/logs/suite/mul_family_all.stdout.log,1233,24741a037093cd19d9fb979736d2ac939ca6a6e50904df971258287a0c24ec97
full_core_rtl/logs/suite/rv64m_all_13.stdout.log,1223,cae13152aa012e2a5ef9ef2558418aca472f6c1064d595843e3799061de732cb
full_core_rtl/logs/suite/rv64m_branch_mix.stdout.log,1390,09b8f6299b24a0332c984d52c213cee0c883907d4d876c862334efb2726abc37
full_core_rtl/logs/suite/rv64m_load_mix.stdout.log,1380,c8a1926a1d3fe915c82de1a299fb9b2f72af3e9603cea3a2389f37fa4c198bd7
full_core_rtl/logs/suite/rv64m_reset_replay.stdout.log,1395,284d25f2e3721bcd414705b2b12b388f982ae2bba4dbbeee72c8438a942db60d
full_core_rtl/logs/suite/rv64m_rob_wrap.stdout.log,1484,2eb23bf8448d61030d19666f12aaffc36958e22ccf3dcb483066f1f76ec72db2
full_core_rtl/logs/suite/rv64m_store_mix.stdout.log,1238,9a797db008d06c2ea65949a4568b8ab6256611d8a571e914125611dd9796569a
full_core_rtl/logs/suite/rv64m_tohost_stress.stdout.log,1405,acabf1c5ca351e3bc294cd2c97b274d67d9170e9d776f2fa7b51db26297be613
full_core_rtl/logs/suite/signed_overflow_mix.stdout.log,1258,d2982bbc3ad961e421359b92c6b484ab597d9950f8c269006b2f10b16c50b8d3
full_core_rtl/logs/suite/word_multiply_divide_mix.stdout.log,1534,60c86c67db2de6938460e6961aa96702d9ee19f9516193bce348afc748fd91e6
full_core_rtl/logs/word_multiply_divide_mix.log,2243,7c9ba2e044837a98af22ce23080c430700742a505b1fa35997a6f2f14967dd36
full_core_rtl/runtime.csv,20,d0b7dda507289a13fec6d962cd51172dbfd6935ac17f5f906889d272995f7abd
full_core_rtl/traces/div_family_all.jsonl,23579,ab0b1c4f8f1f31ca84dea58c632d5e197b82b9707b3fd2df2ab3e30e50d5b887
full_core_rtl/traces/div_mul_dependency.jsonl,34195,acdb44608e8c6a616553f738113c34429bbde52d65ea401ce329197d472d3002
full_core_rtl/traces/divide_by_zero_mix.jsonl,21222,61321b410c7ff27c2c2afb4708d8c5b7a4557ba80d58d51d8ea52eb0c64498f6
full_core_rtl/traces/high_multiply_mix.jsonl,18757,eaf86d84714fa8761722951cf375db15cdcf9a50f19820d6f08f7b6ae4691a8a
full_core_rtl/traces/mul_div_dependency.jsonl,34868,79fcfee4fb94d0b5396dd9575e6f99e87cf90ab37ae0e316f63651326f883bac
full_core_rtl/traces/mul_family_all.jsonl,19920,2a0016c5242158af7ee3a00b00c28c4c52f6f2d3f285603eaed5ca8c5ed05d1e
full_core_rtl/traces/rv64m_all_13.jsonl,30814,1c32d0a9bacdc32991f01c401417520f2725a00dc9f3547392db76dbe874f0b6
full_core_rtl/traces/rv64m_branch_mix.jsonl,34835,915fe9b0f136f500260765abd47e98de39a20c08dd784e4c7fb685e24a2177b9
full_core_rtl/traces/rv64m_load_mix.jsonl,37704,20a057a624276bbda37354da749d1a4bb13d9e5f11f8b51c1c4cbf5c51c35e74
full_core_rtl/traces/rv64m_reset_replay.jsonl,36216,e846389a1daf80b89d6619e96fa2807656bbd43bc6f5a53dcd522c0007a1fc8c
full_core_rtl/traces/rv64m_rob_wrap.jsonl,80278,07fd349f5e4d0cbfe66eae5bc0d4cab0aa6b9b0bc57b4d18ab8859eee8749805
full_core_rtl/traces/rv64m_store_mix.jsonl,22319,3329ad47a558021a96f511d91ae107cba316ff4134a21cda383918c6392d9577
full_core_rtl/traces/rv64m_tohost_stress.jsonl,35518,341ff52801933051e8f46816241ad5f2ae3e5310fe287dd0fa364ed809053edb
full_core_rtl/traces/signed_overflow_mix.jsonl,20018,705caf3f1d3c9fec76fde11ad5d5b77ee94867a3283482c9480b9dc9dcd97883
full_core_rtl/traces/word_multiply_divide_mix.jsonl,35525,664e10ed0d062f5d7012fe2e53e8d40371698cdedc1a6ad7d1aa4098a5bcd8b8
git_status_after.txt,31412,30b7cb889f4272548c5e1e404b66c304bb4d1a41db1539d9218e1064d6e4757c
git_status_before.txt,597,05e63b5ba433e5f1c295139bacfe609039bad1c8ed211493e0b57a2079ed9ef5
independent_read_only_review.md,2661,5e01860c576ad68dc030201a5a058a20c10bbe7ededc6934e50bbe764a8f8c1a
logs/divider_protocol_random_tests.log,182,9290bfc4cf3c7602bb9425b2207542690ed5b90aad4f4e67492c6aa76dea6611
logs/divider_random_tests.log,265,bafc9cd4d2958f0d93a0f58b37a41e0b36e92484323320d1f2ad8ed93d200c57
logs/divider_unit_tests.log,90,de364d5fb081495346b83526e7f1dcc3f2253b1e7508f40d75fa54d38b1df3e6
logs/generate_programs.log,88,e3a0d7949a3839effe59fc0065ad0f815cf3e0a6872c39571fbe02541b1a986d
logs/m_decode_tests.log,37,639ab5ca1011087879342c78e7383a899681f9fd974b5c0ab16b2c60c7c1f682
logs/rv64m_full_core_tests.log,1323,4149df2aa8f50a3cbac61c2953c6c8896c2b76ecb82cdb2f8f4e5037c7ab9e08
logs/rv64m_full_core_tests_compile.log,0,e3b0c44298fc1c149afbf4c8996fb92427ae41e4649b934ca495991b7852b855
logs/rv64m_full_random_tests.log,1624,378846ae71dc6e1da503030e3b2d0d1e125f787c135bfc77f7b13b39a7075290
logs/rv64m_full_random_tests_compile.log,0,e3b0c44298fc1c149afbf4c8996fb92427ae41e4649b934ca495991b7852b855
logs/rv64m_full_tests.log,96,8b2854871f63af68bd0f3b16311437fce98cccb460d3006e7a44998171e35edb
logs/rv64m_full_tests_compile.log,0,e3b0c44298fc1c149afbf4c8996fb92427ae41e4649b934ca495991b7852b855
m2c_resource_baseline.csv,378,dd398d42c92c4e02c2c23b33d210db06ebefd2b6daddc78e05c3def3723f6afc
m3b_resource_baseline.csv,378,beaa11b6321443d556826523eb7e03108c9347405ec2b08a7d8f4ce9685e2aac
m3c_results.md,1901,fa4c36b074707c051c3c9c31899f1c5d559f8089c9acf0801b912d3ff290dedb
ppa_status.txt,22,22274d6afe1ef264eaea5bc1c770d6b4520679365e94bc689e9f49540d9684f3
protection_audit.md,951,05d9b821d4e04c20a4eafbd774bcca2c31cdc028790b6158043925ee9ed62312
regression/m2b/logs/generate_merged.log,76,0c079b817fd4c21b700dfeef2291d028d8da9bd228c08d5d3dec30a7919a0261
regression/m2b/logs/m2a_arithmetic_regression.log,38,fc79e3acd6eac2ecd1567839412e1e78c6eafcb485c4de90f59e34aa609e088a
regression/m2b/logs/m2b_execute_random_tests.log,330,8cb9953893e871dc1610b2ebcd9be5a3e8d0101b3cfb0bc3281c40621311fdde
regression/m2b/logs/m2b_execute_random_tests_compile.log,0,e3b0c44298fc1c149afbf4c8996fb92427ae41e4649b934ca495991b7852b855
regression/m2b/logs/m2b_execute_tests.log,54,32f7a3ccf76914ee0a379f19d937cc26bacdfe8ed0169208d71fa530e58a8488
regression/m2b/logs/m2b_execute_tests_compile.log,0,e3b0c44298fc1c149afbf4c8996fb92427ae41e4649b934ca495991b7852b855
regression/m2b/logs/m2b_full_core_tests.log,64,f5c74c14a89deb5ab3cc7c17d2f9cbf861baa0094d1bad4e95971d1a56c3ec1a
regression/m2b/logs/m2b_full_core_tests_compile.log,0,e3b0c44298fc1c149afbf4c8996fb92427ae41e4649b934ca495991b7852b855
regression/m2b/logs/merged_compile.log,0,e3b0c44298fc1c149afbf4c8996fb92427ae41e4649b934ca495991b7852b855
regression/m2b/random_metrics.csv,232,2d76e8132aa51cf021651e7b885f87a54e19b039a65dceeea88608abfc5d9220
regression/m3b_recheck/logs/divider_full_core_tests.log,939,26d64f2c0dac761f96ec35583d021c22ff8bc2f01ac325a9918f1d7ed1bdce20
regression/m3b_recheck/logs/divider_full_core_tests_compile.log,0,e3b0c44298fc1c149afbf4c8996fb92427ae41e4649b934ca495991b7852b855
regression/m3b_recheck/logs/divider_integration_random_tests.log,673,b660bdc7da6f9e22877388e45e6f90dbffe729bd6d22c6be62b99217f59a1ce6
regression/m3b_recheck/logs/divider_integration_random_tests_compile.log,0,e3b0c44298fc1c149afbf4c8996fb92427ae41e4649b934ca495991b7852b855
regression/m3b_recheck/logs/divider_integration_tests.log,42,b5c44e2f130340e29006ccba62a5dfb6e44f34387904616b14a1a12de6b5af61
regression/m3b_recheck/logs/divider_integration_tests_compile.log,0,e3b0c44298fc1c149afbf4c8996fb92427ae41e4649b934ca495991b7852b855
regression/m3b_recheck2/logs/divider_full_core_tests.log,939,26d64f2c0dac761f96ec35583d021c22ff8bc2f01ac325a9918f1d7ed1bdce20
regression/m3b_recheck2/logs/divider_full_core_tests_compile.log,0,e3b0c44298fc1c149afbf4c8996fb92427ae41e4649b934ca495991b7852b855
regression/m3b_recheck2/logs/divider_integration_random_tests.log,673,b660bdc7da6f9e22877388e45e6f90dbffe729bd6d22c6be62b99217f59a1ce6
regression/m3b_recheck2/logs/divider_integration_random_tests_compile.log,0,e3b0c44298fc1c149afbf4c8996fb92427ae41e4649b934ca495991b7852b855
regression/m3b_recheck2/logs/divider_integration_tests.log,42,b5c44e2f130340e29006ccba62a5dfb6e44f34387904616b14a1a12de6b5af61
regression/m3b_recheck2/logs/divider_integration_tests_compile.log,0,e3b0c44298fc1c149afbf4c8996fb92427ae41e4649b934ca495991b7852b855
regression/w4e/concurrency_metrics.csv,4093,127ca7cf05ef22801863fa6b5fa2dd15835d973c816a0692d102584489b89a61
regression/w4e/regression/w4e/latency_metrics.csv,160,944eed6591e00f3b211de3df9f4bf569cca738bf8407cae64e1b90f4f1eed9a4
regression/w4e/regression/w4e/logs/w4_bypass_tests.log,1075,d43952f5addd5477a3d1b995be87186344f577bc6ae53a2bf53f0993848e2543
regression/w4e/regression/w4e/logs/w4_bypass_tests_compile.log,0,e3b0c44298fc1c149afbf4c8996fb92427ae41e4649b934ca495991b7852b855
regression/w4e/regression/w4e/logs/w4_completion_random_tests.log,16426,5030342fca43c964aaa1a78124a9075effc33ac854544e488e4f33c7b5b9497f
regression/w4e/regression/w4e/logs/w4_completion_random_tests_compile.log,0,e3b0c44298fc1c149afbf4c8996fb92427ae41e4649b934ca495991b7852b855
regression/w4e/regression/w4e/logs/w4_multi_completion_tests.log,575,d5ed027085c0d02aa7a70c2fe4a746611203ab632f94a7ce86efab3b002ef8a5
regression/w4e/regression/w4e/logs/w4_multi_completion_tests_compile.log,0,e3b0c44298fc1c149afbf4c8996fb92427ae41e4649b934ca495991b7852b855
regression/w4e/regression/w4e/logs/w4_multi_wakeup_tests.log,1084,75e8931efccbd80285fa12123ef9486796bcc023749b3483db79f01461e95dbf
regression/w4e/regression/w4e/logs/w4_multi_wakeup_tests_compile.log,0,e3b0c44298fc1c149afbf4c8996fb92427ae41e4649b934ca495991b7852b855
regression/w4e/regression/w4e/logs/w4_multi_writeback_tests.log,1284,d7c324628ef529c26461f008a017069ad150be5732618a113e1a9dafbcb96fb0
regression/w4e/regression/w4e/logs/w4_multi_writeback_tests_compile.log,0,e3b0c44298fc1c149afbf4c8996fb92427ae41e4649b934ca495991b7852b855
regression/w4e/regression/w4e/logs/w4a_completion_interface_tests.log,1558,124721e90f9db417bb71889d60bca28aeb0ec0833d2330ebed31fb54a1dac9ae
regression/w4e/regression/w4e/logs/w4a_completion_interface_tests_compile.log,0,e3b0c44298fc1c149afbf4c8996fb92427ae41e4649b934ca495991b7852b855
regression/w4e/regression/w4e/logs/w4b_multi_rob_complete_tests.log,1472,4e9c23a77e945d98f34dc887e115e8fad38947b2bed1514bad51b1acf37e1f88
regression/w4e/regression/w4e/logs/w4b_multi_rob_complete_tests_compile.log,0,e3b0c44298fc1c149afbf4c8996fb92427ae41e4649b934ca495991b7852b855
regression/w4e/regression/w4e/logs/w4d_rtl_oracle_tests.log,48,2c65508dec7f84a073ac107d738913188889f9ee1c6236f9dde19166a915b1ea
regression/w4e/regression/w4e/logs/w4d_rtl_oracle_tests_compile.log,0,e3b0c44298fc1c149afbf4c8996fb92427ae41e4649b934ca495991b7852b855
regression/w4e/regression/w4e/product_full/artifact_hashes.csv,7977,4db731697646be057825775b1c1f3982ab7377fb164097f063eee41a84a45044
regression/w4e/regression/w4e/product_full/full_program_architectural_diff.csv,2427,d25515447134e17342ef673ef61be38a00bb3c6a78111417cf77edfbbad4b3f4
regression/w4e/regression/w4e/product_full/full_program_architectural_diff.md,993,2a072e422888014609e5df6a966b482167612fb15650bd4abf8dcc9c1ec9056b
regression/w4e/regression/w4e/product_full/hls_traces/branch_not_taken_hls_cpp_full.jsonl,6195,d1df090c1b93c412946392b2f34bf93b33425fbf669c8b2549650f5776b80c28
regression/w4e/regression/w4e/product_full/hls_traces/branch_not_taken_hls_csim_full.jsonl,6209,6094fa56d0d137b207abcdf55f3fa7108c629b2409f58ef14a914681b286fdcb
regression/w4e/regression/w4e/product_full/hls_traces/branch_taken_hls_cpp_full.jsonl,5665,e154c3c83da61a99d9766b871bbfcf39d68109dad0a4160acebfd49d20d03f7e
regression/w4e/regression/w4e/product_full/hls_traces/branch_taken_hls_csim_full.jsonl,5678,f00f644b7e3bb11de541b4571c84b15bd0b4cc1441bef3ac23285332e58d9db5
regression/w4e/regression/w4e/product_full/hls_traces/independent_alu_hls_cpp_full.jsonl,5240,22a72e98e3098c8402b829cee6b9c7c0cde6b082c1415245baea080c3f79660f
regression/w4e/regression/w4e/product_full/hls_traces/independent_alu_hls_csim_full.jsonl,5252,364a640c2d67e35193cf77518c3d0f767be60230306a1eda04cc8d42be4b6e72
regression/w4e/regression/w4e/product_full/hls_traces/load_store_hls_cpp_full.jsonl,5707,04c638f1fa0080cacf9abdcc4fd4a6d00372f8d2653a448374089e1a7dbfc532
regression/w4e/regression/w4e/product_full/hls_traces/load_store_hls_csim_full.jsonl,5720,ae7d7d8b2bebe3790876493e5c5de56dfd3d70504cf9368689a46b169f10c290
regression/w4e/regression/w4e/product_full/hls_traces/nested_branch_hls_cpp_full.jsonl,6140,6bc8c6b756132bb8eab0db7885eb2abe2220376e945cd48962dcdbf71138ff40
regression/w4e/regression/w4e/product_full/hls_traces/nested_branch_hls_csim_full.jsonl,6154,75e4a2e42d340cd839de2c040611e0a0f3ff5cd39edeefd6d3c03b8c525cecc2
regression/w4e/regression/w4e/product_full/hls_traces/raw_chain_hls_cpp_full.jsonl,5169,506ce2aaea3772a39a450d35a62ad6832256bb4f3678cd75afbd231a78a360c6
regression/w4e/regression/w4e/product_full/hls_traces/raw_chain_hls_csim_full.jsonl,5181,189fb5199d0e054450a671d64c5ec94323b4b9ebc0dad02bd3ff473a07fdfd80
regression/w4e/regression/w4e/product_full/hls_traces/tohost_hls_cpp_full.jsonl,2817,49acd08edd1d99dd23f71fb9dd707659f58114429147b1122d0f7abc37f8c907
regression/w4e/regression/w4e/product_full/hls_traces/tohost_hls_csim_full.jsonl,2824,e5cfc8806b8bc06305ba93c2ad6e0c00890d03a645e1d248edfefc8c921f6d3a
regression/w4e/regression/w4e/product_full/logs/branch_snapshot_random_tests.log,5481,e090f56d75582bf4c4e80424f5f7261c9d363d36c1dfd2ac413823bdbe9248c7
regression/w4e/regression/w4e/product_full/logs/branch_snapshot_random_tests_compile.log,0,e3b0c44298fc1c149afbf4c8996fb92427ae41e4649b934ca495991b7852b855
regression/w4e/regression/w4e/product_full/logs/branch_snapshot_tests.log,2598,412affea88bd48d63154c7f06ecc0f2cd6bd1ca16df3f49c787771dcfed1a6dd
regression/w4e/regression/w4e/product_full/logs/branch_snapshot_tests_compile.log,0,e3b0c44298fc1c149afbf4c8996fb92427ae41e4649b934ca495991b7852b855
regression/w4e/regression/w4e/product_full/logs/core_top_compile.log,0,e3b0c44298fc1c149afbf4c8996fb92427ae41e4649b934ca495991b7852b855
regression/w4e/regression/w4e/product_full/logs/directed_tests.log,1926,b2ac6f5e20c5e43b073ed88aeedf8967e5679dd4a8f7b8e083b8790db2931ab3
regression/w4e/regression/w4e/product_full/logs/directed_tests_compile.log,0,e3b0c44298fc1c149afbf4c8996fb92427ae41e4649b934ca495991b7852b855
regression/w4e/regression/w4e/product_full/logs/dispatch_retry_tests.log,997,4cd3a0a4df0d4e12c2c46a1b39ec147f7b8ce926b39e1d9ea246fb4dad06140d
regression/w4e/regression/w4e/product_full/logs/dispatch_retry_tests_compile.log,0,e3b0c44298fc1c149afbf4c8996fb92427ae41e4649b934ca495991b7852b855
regression/w4e/regression/w4e/product_full/logs/full_program_arch_diff.log,657,e577e12dccc69c0ad850b0d797a83ec0523b735c91911cd3ff82013653d70246
regression/w4e/regression/w4e/product_full/logs/gate1_regression_tests.log,1085,d02ec2385a6480b1ddab2a86d20047490e56fc30895e7bcc78df6ef0326fd061
regression/w4e/regression/w4e/product_full/logs/gate1_regression_tests_compile.log,0,e3b0c44298fc1c149afbf4c8996fb92427ae41e4649b934ca495991b7852b855
regression/w4e/regression/w4e/product_full/logs/gate4_w1_lane_interface_tests.log,39,d43bd0e56fd747f34a18a95dff1f25cc218441b617b7f1f4289f2ca037f0d1b3
regression/w4e/regression/w4e/product_full/logs/gate4_w1_lane_interface_tests_compile.log,0,e3b0c44298fc1c149afbf4c8996fb92427ae41e4649b934ca495991b7852b855
regression/w4e/regression/w4e/product_full/logs/generate_merged.log,76,0c079b817fd4c21b700dfeef2291d028d8da9bd228c08d5d3dec30a7919a0261
regression/w4e/regression/w4e/product_full/logs/hls_cpp_trace.log,1269,e927a666a0056450f585ddb277fc61721b9d992b31abc7ace6e2f135d64f51b2
regression/w4e/regression/w4e/product_full/logs/hls_csim_trace.log,8996,424ae0467013078187cf79e2fb04108b1228177794e412f8d1f11d30904d1c71
regression/w4e/regression/w4e/product_full/logs/hls_prefix_trace_tb_compile.log,0,e3b0c44298fc1c149afbf4c8996fb92427ae41e4649b934ca495991b7852b855
regression/w4e/regression/w4e/product_full/logs/iq_compaction_tests.log,905,e4ee91f1845a638ac64d9058c794f5888dabf2abaea87af05949432b7c260bda
regression/w4e/regression/w4e/product_full/logs/iq_compaction_tests_compile.log,0,e3b0c44298fc1c149afbf4c8996fb92427ae41e4649b934ca495991b7852b855
regression/w4e/regression/w4e/product_full/logs/lsu_minimal_tests.log,1131,74df03b790dbf3842ce18c4087b96631ee38b42f49881781d8320784164f90c9
regression/w4e/regression/w4e/product_full/logs/lsu_minimal_tests_compile.log,0,e3b0c44298fc1c149afbf4c8996fb92427ae41e4649b934ca495991b7852b855
regression/w4e/regression/w4e/product_full/logs/merged_compile.log,0,e3b0c44298fc1c149afbf4c8996fb92427ae41e4649b934ca495991b7852b855
regression/w4e/regression/w4e/product_full/logs/partial_order.log,352,76bf81b7b6c371373aa4cd2dcff7df1cf2e6f67aa5d9531eacab5a1b138f93ad
regression/w4e/regression/w4e/product_full/logs/partial_order_compile.log,0,e3b0c44298fc1c149afbf4c8996fb92427ae41e4649b934ca495991b7852b855
regression/w4e/regression/w4e/product_full/logs/reset_architecture_pipelined_tests.log,1174,7b0ae4133dd0d4d0b9846969e267ccb39d8f10ad780816a159f5f01bac4e94e8
regression/w4e/regression/w4e/product_full/logs/reset_architecture_pipelined_tests_compile.log,0,e3b0c44298fc1c149afbf4c8996fb92427ae41e4649b934ca495991b7852b855
regression/w4e/regression/w4e/product_full/logs/reset_architecture_tests.log,1174,7b0ae4133dd0d4d0b9846969e267ccb39d8f10ad780816a159f5f01bac4e94e8
regression/w4e/regression/w4e/product_full/logs/reset_architecture_tests_compile.log,0,e3b0c44298fc1c149afbf4c8996fb92427ae41e4649b934ca495991b7852b855
regression/w4e/regression/w4e/product_full/logs/synth_tops_compile.log,0,e3b0c44298fc1c149afbf4c8996fb92427ae41e4649b934ca495991b7852b855
regression/w4e/regression/w4e/product_full/logs/w2_dual_grant_random_tests.log,332,98aade03027c0fc06954eafddb750a9456e5a19cffdbf917bb8376d533f566a3
regression/w4e/regression/w4e/product_full/logs/w2_dual_grant_random_tests_compile.log,0,e3b0c44298fc1c149afbf4c8996fb92427ae41e4649b934ca495991b7852b855
regression/w4e/regression/w4e/product_full/logs/w2_dual_grant_tests.log,2306,227fcb5487f74b851a3ff98b701182bddc679883fa5e7e67ae0afb626ef17c55
regression/w4e/regression/w4e/product_full/logs/w2_dual_grant_tests_compile.log,0,e3b0c44298fc1c149afbf4c8996fb92427ae41e4649b934ca495991b7852b855
regression/w4e/regression/w4e/product_full/logs/w3_completion_buffer_tests.log,1428,f8d680b7fdc9084246f31628e6da8b2c06765ca175b43042090144935130c127
regression/w4e/regression/w4e/product_full/logs/w3_completion_buffer_tests_compile.log,0,e3b0c44298fc1c149afbf4c8996fb92427ae41e4649b934ca495991b7852b855
regression/w4e/regression/w4e/product_full/logs/w3_dual_execute_random_tests.log,1635,2c45d08cad05f930978e07739b95167e1042fd9d753926a87f8bb38bf283f17b
regression/w4e/regression/w4e/product_full/logs/w3_dual_execute_random_tests_compile.log,0,e3b0c44298fc1c149afbf4c8996fb92427ae41e4649b934ca495991b7852b855
regression/w4e/regression/w4e/product_full/logs/w3_dual_execute_tests.log,1182,1d327f712a755cbbae5c78ef0d3d38c3fe275320aec5a214a40001194c1bd668
regression/w4e/regression/w4e/product_full/logs/w3_dual_execute_tests_compile.log,0,e3b0c44298fc1c149afbf4c8996fb92427ae41e4649b934ca495991b7852b855
regression/w4e/regression/w4e/product_full/normalized/branch_not_taken_hls_cpp.jsonl,4445,350407cf41dc1ebe3f9a12592680ec1352d553e4f43182979efc7ea744c41150
regression/w4e/regression/w4e/product_full/normalized/branch_not_taken_hls_csim.jsonl,4457,f6871df59f3e037a49062bf93c351985b2fad0fa4ed4ee8142ab9ced6205ca3e
regression/w4e/regression/w4e/product_full/normalized/branch_taken_hls_cpp.jsonl,4016,e4d7f0f5f96a4b50d9c69ca51d9de07ccab9246c3272faa9e302f843f7623b23
regression/w4e/regression/w4e/product_full/normalized/branch_taken_hls_csim.jsonl,4027,b6649bcb9f74dc22bd5fef9d56b50af28a513f7de0e6d30ed27999f23637f3d8
regression/w4e/regression/w4e/product_full/normalized/independent_alu_hls_cpp.jsonl,3679,71adc87c59cb6edbf465cfaad836d0214f4d3ea2ac63ad9f01c47d1472dd8071
regression/w4e/regression/w4e/product_full/normalized/independent_alu_hls_csim.jsonl,3689,6e7b8232e79a3bb2a2cd452f3b406cb8dbbd539ed73f8d03fb5384cbf112d0ff
regression/w4e/regression/w4e/product_full/normalized/load_store_hls_cpp.jsonl,3257,a48f4627d258d8a0cf40630dbb71064e7b53343e70f688cb879d405f3ce42d76
regression/w4e/regression/w4e/product_full/normalized/load_store_hls_csim.jsonl,3266,0b1d4c326df705227058808b20f734d8ff2da72bac428325d00980b2848b8e92
regression/w4e/regression/w4e/product_full/normalized/nested_branch_hls_cpp.jsonl,4396,4bdab327c666cfa4119d3e4a11d69e76f36da09b3d94492a8d649fd9049d1540
regression/w4e/regression/w4e/product_full/normalized/nested_branch_hls_csim.jsonl,4408,124928d1975d50b924a7c4ced60e519183c5170bca33170fda4e9b14847a37ca
regression/w4e/regression/w4e/product_full/normalized/raw_chain_hls_cpp.jsonl,3620,a188ba0bc66588b2a3c0f6bd9d5a16e825d396539e3d4a7ba47fc4fbe5179c4d
regression/w4e/regression/w4e/product_full/normalized/raw_chain_hls_csim.jsonl,3630,5d1b84490e3986039b0b210b29afb098ff9945e53d444b9ad953580feb42028f
regression/w4e/regression/w4e/product_full/normalized/tohost_hls_cpp.jsonl,1740,6521bcb1a7f07d2157eebb335535e3f4ff43a3845445d131e83df916c2cb6a8e
regression/w4e/regression/w4e/product_full/normalized/tohost_hls_csim.jsonl,1745,d741ec3c43978df9803f9425f421e0d66c1968d773c946b91ede5d14d032c472
regression/w4e/regression/w4e/product_full/normalized_trace_diff.csv,754,85213291a1366f3134fb26fbe6a232654167c0d09b55c80180bf4917410040c0
regression/w4e/regression/w4e/product_full/random_metrics.csv,3864,25579056d297e1d8f8775f8ceb6b7fdb0b5997c13239f07da6bf14f4010ed250
regression/w4e/regression/w4e/product_full/regression_after.md,918,98cba91bb7f8f2786c49da8035e03e0edc545f1fda3affa1fb68319e0a2052b7
regression/w4e/regression/w4e/product_full/source_hashes_after.txt,7266,09adcbb51115a1886b7a6dc1b78123d105629f85298bf5a1348cb2d4a2c78038
regression/w4e/regression/w4e/product_full/suite_results.csv,1962,34181d14e973788df791fc41077ccff1217b2a9850f8ff236ba5b19ed4299643
regression/w4e/regression/w4e/product_full/trace_comparison.csv,1258,4016554699152649cdeabddeadde4e79050068f5f0dc871e50cdd23713b7a671
regression/w4e/regression/w4e/suite_results.csv,1033,4fb61e02f6449aa7a2cdef275f2206af4c88c53c9b83906408457d50f91d7a4d
regression/w4e/regression_after.md,1715,5c201dc2217dfe157b3c73fb175a85775a22ccf8ac3048159dfd629e7671fea7
regression_after.md,888,9739b271f196b825d215d42ee34fac5efcebefab0a860bad021723b36b5bf6e9
regression_before.md,968,fd235cee50fb351555753dc67984821253276e795007e915fdfa4fa16b148ee7
reset_rtl_49/logs/branch_not_taken_I3_IMEM_RESPONSE_DELAY_4.log,2005,8970e2ce8e408a9392196c1a5391547ec46c12fe3eacde3e8891b6f9ab583b51
reset_rtl_49/logs/branch_not_taken_N3_NORMAL_BRANCH_NOT_TAKEN.log,2017,b5d494d5840b0962a574f7b5814b90eea29996e9af58069eb2de0277d6f11440
reset_rtl_49/logs/branch_taken_B2_TRACE_STALL_BURST.log,1954,93ab326bc6e1d3d26482106770fb8a12f9e31984c67a9f33bdf3d241527f57e5
reset_rtl_49/logs/branch_taken_B4_TRACE_STALL_AT_BRANCH_COMMIT.log,2019,875d25798de65dfbf197e839fb059441c87fd49fb318a3caf24b205aa1bc30df
reset_rtl_49/logs/branch_taken_D6_STORE_DURING_BRANCH_FLUSH.log,2002,91105c7e59e82f5eba842f0a7cc79f75b27a86b051f4275eb5b7224ccfa61fc1
reset_rtl_49/logs/branch_taken_I5_IMEM_STALE_RESPONSE_AFTER_REDIRECT.log,2056,6acd1a82bb2f0c058a427c24cb569633517b2085983218ff582e026d2cec279e
reset_rtl_49/logs/branch_taken_N2_NORMAL_BRANCH_TAKEN.log,1964,81ed6e6884bc0e39a25ef69ee883388cb7cd29ed5e5bed8adfedf63c5d32d6a8
reset_rtl_49/logs/branch_taken_P0_RESET_AND_BRANCH_MISPREDICT.log,2014,6f3444dbc2f2078668d0803c7d0cf142b572182646b5859871c69339e45bddfb
reset_rtl_49/logs/branch_taken_P3_EXCEPTION_AND_BRANCH_MISPREDICT.log,2038,9ac6a80d94bd1ee48f0c9275a033712924a4f6d7c8261af5bf4e3aa69ee0480c
reset_rtl_49/logs/branch_taken_P7_REDIRECT_AND_IMEM_RESPONSE.log,2008,5ee1fab013db6ff5662d515216dd83503af709d4fae5bad338b140504da861fb
reset_rtl_49/logs/branch_taken_R6_RESET_BRANCH_RECOVERY.log,1977,99ad0a5046dc8d2255c1e07851abf9c17828b81dfe932c3f9cb9a27cb15a9135
reset_rtl_49/logs/independent_alu_B0_TRACE_READY_ALWAYS.log,1980,fd4027416f025fbe398c6541c28510e8e021527ac4cc17eeb077c897ac80f1e0
reset_rtl_49/logs/independent_alu_B5_TRACE_STALL_AT_STORE_COMMIT.log,2035,ff8f14d8470958985204f7ecabb963fc47ed569cdad11b71e4e862e3eeab2538
reset_rtl_49/logs/independent_alu_D1_STORE_REQ_STALL.log,1963,f16581c115b05a624a2011986e06a49df6f2f0c0545d0ee5107e5b41bee73389
reset_rtl_49/logs/independent_alu_I0_IMEM_READY_ALWAYS.log,1975,724a95187ae9089abb7b6d6da9e35f83f3cc3ed7b51c3075b1dd4e8b4adf36a5
reset_rtl_49/logs/independent_alu_I2_IMEM_RESPONSE_DELAY_1.log,1999,150feb4b2411e9e03a5990bbd0b77c2504a8f855911fa94032f73c5ca721f475
reset_rtl_49/logs/independent_alu_I6_IMEM_RESPONSE_DURING_RESET.log,2028,85e5ff74d33c56c65fe775f3f191956c122dd540aea8612eb5a63a13c3c5d3dd
reset_rtl_49/logs/independent_alu_N0_NORMAL_INDEPENDENT_ALU.log,2004,cc78d713ccb031bd8d7b0842039a1f56e7d1cd062e96eb97af9b682da019512c
reset_rtl_49/logs/independent_alu_P5_COMMIT_AND_TRACE_BACKPRESSURE.log,2046,f29355870d0596a430c48467f4cd5fa24516e0a0d3eb9f03eb0ba8a1723550a9
reset_rtl_49/logs/independent_alu_R0_POWER_ON_RESET.log,1956,a4f15c6bc6f6347bcab106992abaf7eac90c0fa6a814fb2811026c73fe000f37
reset_rtl_49/logs/independent_alu_R10_RESET_IMMEDIATELY_AFTER_RELEASE.log,2065,c7b662f569326e5c273a36d7c5c4d592ca3b1106b61c725f8abbfdc5bd6dcaa7
reset_rtl_49/logs/independent_alu_R1_RESET_FRONTEND_OUTSTANDING.log,2027,25c3a45cbd2e829ecabc5a65c525e341ec1ee7c229d5735c70d3685a3ea23576
reset_rtl_49/logs/independent_alu_R7_RESET_TRACE_BACKPRESSURE.log,2015,7090a7937057232b61cbd1107d4a48565fd219fb9e427ab700b45d9670409347
reset_rtl_49/logs/independent_alu_R8_DOUBLE_RUNTIME_RESET.log,1993,60538a4a8de15b43432f7ca4531bdce14c31aaf874d5831676f65fc12717bff0
reset_rtl_49/logs/independent_alu_R9_RESET_DURING_RESET_INITIALIZATION.log,2070,669942628590fd557c25b43936860decf449132711c71b3e364bd42cdce3a6da
reset_rtl_49/logs/load_store_D0_DMEM_READY_ALWAYS.log,1939,d733b18a85f3043ce655e4f07cf56ce65197ab554d2facbe5b62037d9d157e00
reset_rtl_49/logs/load_store_D2_LOAD_REQ_STALL.log,1922,e745203fc42ad5b1afff744e1cc40689cdea6ca3b674a0774aca348174d19e68
reset_rtl_49/logs/load_store_D3_LOAD_RESPONSE_DELAY.log,1952,e82b759f73cb944127b3fe57ae61ff28d92c90d78820b948bbbc111617b8f545
reset_rtl_49/logs/load_store_D4_LOAD_RANDOM_DELAY.log,1940,0f3a2e659bef2088bcd835b366e877f0785f5cff4777c6e3567cd30eea485afe
reset_rtl_49/logs/load_store_D5_STALE_LOAD_RESPONSE_AFTER_FLUSH.log,2024,52167b19121761ddc6281598dbb5255bd28a8d6594c8fd11f56257c76e475dce
reset_rtl_49/logs/load_store_D7_DMEM_RESPONSE_DURING_RESET.log,1994,c245b8405052beab369b19043d22510c1ebc18afca5df1622961ae755d47c623
reset_rtl_49/logs/load_store_N5_NORMAL_LOAD_STORE.log,1939,05e18898297462fc6f58547fe0f37e816438f91b32f7b3f5417d5af6b2581d62
reset_rtl_49/logs/load_store_P1_RESET_AND_LOAD_RESPONSE.log,1975,6308b1eb6e84f7fcab03d0c766c70671607d3b40e7188b5366103948dffc4da6
reset_rtl_49/logs/load_store_P4_BRANCH_MISPREDICT_AND_LOAD_RESPONSE.log,2048,c6cb21e4976f46e441422ac211f09107d2f6d6421b8fcb055ef1f32d6a49a1dc
reset_rtl_49/logs/load_store_R4_RESET_LOAD_PENDING.log,1944,b8e733915e18080431a5cb465a9aa2cf81e4529aa3c012017da3bdcc641be43c
reset_rtl_49/logs/nested_branch_B3_TRACE_RANDOM_STALL.log,1967,4197e11f4b1b57eea3d2dfb40b7c4211e90d53583de7b76552e893c8d7501a96
reset_rtl_49/logs/nested_branch_I4_IMEM_RANDOM_DELAY.log,1961,2441333a96fcca74c0e4bdc9b40c276d3ee2c0c66121b3daa02c8e9e3b0f7b02
reset_rtl_49/logs/nested_branch_N4_NORMAL_NESTED_BRANCH.log,1978,23fa732b24e2017ff3a2ed2e1694ba783344725aa90e2a9f14b38d0c8d43bb11
reset_rtl_49/logs/raw_chain_B1_TRACE_STALL_1.log,1908,a235f722f6bf52bbcf3b87b128e8f72536a9c5a9a1fc5cd238f43b914e3d854c
reset_rtl_49/logs/raw_chain_I1_IMEM_REQ_STALL.log,1915,5e72111a1afae1ed01f16dbaac8febcaf6cdf16cd73cdf4eaa7c9306eb753fcc
reset_rtl_49/logs/raw_chain_N1_NORMAL_RAW_CHAIN.log,1926,1402bc69c88d9ec0ee8d8557352726aa97834653ce7282bac5ba57e73ba32603
reset_rtl_49/logs/raw_chain_R2_RESET_ROB_NONEMPTY.log,1938,144e63a7fbf00183acec72684d73d447e69e592bece3b963a7c70201b6956cdd
reset_rtl_49/logs/raw_chain_R3_RESET_IQ_NONEMPTY.log,1932,6db1f340b72f22fea218131ee89f7b65440825e84b585a5cbc53f50faf341629
reset_rtl_49/logs/suite/branch_not_taken_I3_IMEM_RESPONSE_DELAY_4.stdout.log,1265,bab6b2855353dac0c88546f47673f5126a9bc55df14ac4e876f4de61ffb451d4
reset_rtl_49/logs/suite/branch_not_taken_N3_NORMAL_BRANCH_NOT_TAKEN.stdout.log,1272,199a376b8fe3831d5f2a942346a150bdad5c9fd7cf530863d9ee9d92a02b7f80
reset_rtl_49/logs/suite/branch_taken_B2_TRACE_STALL_BURST.stdout.log,1229,870d82694df1ca579291251b6e377c3c4452c47dc7861b819ba413827e744211
reset_rtl_49/logs/suite/branch_taken_B4_TRACE_STALL_AT_BRANCH_COMMIT.stdout.log,1273,92ac11759ea45dcde075fd0e6966942ab21b58e46be96748881aa2226aeff982
reset_rtl_49/logs/suite/branch_taken_D6_STORE_DURING_BRANCH_FLUSH.stdout.log,1261,e152c7a4b07ba7cce48f3c33acc99a9a528995cac9f8bbacd4c88494deeb03be
reset_rtl_49/logs/suite/branch_taken_I5_IMEM_STALE_RESPONSE_AFTER_REDIRECT.stdout.log,1297,d0a18e4cc74066759ae2e5f41dcc9c405e4776d5dc75769516ed24a9bdb2448c
reset_rtl_49/logs/suite/branch_taken_N2_NORMAL_BRANCH_TAKEN.stdout.log,1236,82ec9525aff78000ede0696dd7233561967389f68dc9c50ef8cbc6466468d0b7
reset_rtl_49/logs/suite/branch_taken_P0_RESET_AND_BRANCH_MISPREDICT.stdout.log,1269,3aaee9e1c66a0caa2a12cc94fd84b90aeee87aafecdb794d1add0e5c0af2db60
reset_rtl_49/logs/suite/branch_taken_P3_EXCEPTION_AND_BRANCH_MISPREDICT.stdout.log,1285,cee8fae4c4a7665d95f49584bbea926a8ddcfe75cdedbb85bab3c0dcf780c360
reset_rtl_49/logs/suite/branch_taken_P7_REDIRECT_AND_IMEM_RESPONSE.stdout.log,1265,765c8ceb62f50f69e419f2da85b8f026ea3301cc56aa163e5c1bb828edfbc561
reset_rtl_49/logs/suite/branch_taken_R6_RESET_BRANCH_RECOVERY.stdout.log,1244,5123e22bf152a9fefef3e9956033f78be2be288bb2706619cd4f02984036fb9a
reset_rtl_49/logs/suite/independent_alu_B0_TRACE_READY_ALWAYS.stdout.log,1248,ea3b1bc80b404985ef4ffd092803ec87c37d411a516af13027665d455c4de128
reset_rtl_49/logs/suite/independent_alu_B5_TRACE_STALL_AT_STORE_COMMIT.stdout.log,1284,542a927c4d5a68c31bb268e668dccb78fd5992f7f614690ce4d70c7cf812718f
reset_rtl_49/logs/suite/independent_alu_D1_STORE_REQ_STALL.stdout.log,1236,79e308a506e9d2a5349eafb2dd88e152b2d19f110941885f8b720d8833d08fec
reset_rtl_49/logs/suite/independent_alu_I0_IMEM_READY_ALWAYS.stdout.log,1244,bebb0e8dc3910d47c93ce49a9347b8f10f17569ee2dfc9e95480116e1abfb16e
reset_rtl_49/logs/suite/independent_alu_I2_IMEM_RESPONSE_DELAY_1.stdout.log,1260,ac0906aecd5ac03c8db6689fa8bff6739f1b9e01ed493cd4a8bc83e93f23c232
reset_rtl_49/logs/suite/independent_alu_I6_IMEM_RESPONSE_DURING_RESET.stdout.log,1280,49dff12127002f395eb30685bbde18a14ca28ff92f3e04bb0912df3ee711dac7
reset_rtl_49/logs/suite/independent_alu_N0_NORMAL_INDEPENDENT_ALU.stdout.log,1263,ca4f161e2a41bbbe847871a76a951c742960ad57cc6882b66e89df3f61b11ac4
reset_rtl_49/logs/suite/independent_alu_P5_COMMIT_AND_TRACE_BACKPRESSURE.stdout.log,1292,b22d645937a02498fb94741daa318055b966957969b86741f1eb7c53e55d0f92
reset_rtl_49/logs/suite/independent_alu_R0_POWER_ON_RESET.stdout.log,1231,8de448713edbf05f07dbdb9a52f4475f810a92ea4f56eda479f66e39212a9b77
reset_rtl_49/logs/suite/independent_alu_R10_RESET_IMMEDIATELY_AFTER_RELEASE.stdout.log,1304,ed31b7e0cc28d8bd66bc5ef29f5937c0fa48337dfc942873e6d3968cbdf6fa8b
reset_rtl_49/logs/suite/independent_alu_R1_RESET_FRONTEND_OUTSTANDING.stdout.log,1279,e59b4aa18a12cbd400b7b1003f57574b563cae93edbb4df905018acfd533636b
reset_rtl_49/logs/suite/independent_alu_R7_RESET_TRACE_BACKPRESSURE.stdout.log,1271,7edac5f40239c52b3584f91e9a9bca635dea324f8addfb2bd9c50ebd2fb4da75
reset_rtl_49/logs/suite/independent_alu_R8_DOUBLE_RUNTIME_RESET.stdout.log,1256,31e36b5cf58f2697ade9d6cfbe867b90b3194c38d7b32c98d43fa6373b085b1d
reset_rtl_49/logs/suite/independent_alu_R9_RESET_DURING_RESET_INITIALIZATION.stdout.log,1308,8dc30e28cf3406950b5b0305d04599e3f43568336b7c4744e1213e84bfcc5b88
reset_rtl_49/logs/suite/load_store_D0_DMEM_READY_ALWAYS.stdout.log,1219,33b6543dd340efaface095615d6c5a6514da35b6174c8ae4dbc159615718c7bf
reset_rtl_49/logs/suite/load_store_D2_LOAD_REQ_STALL.stdout.log,1207,9d234736b597b08afa941ab5f51092c184953ca780b980efc5489ab8797ff75f
reset_rtl_49/logs/suite/load_store_D3_LOAD_RESPONSE_DELAY.stdout.log,1227,32bfc52043cd16b3ea926ccd7788797750409707516fc7b1b187081373b10ad0
reset_rtl_49/logs/suite/load_store_D4_LOAD_RANDOM_DELAY.stdout.log,1219,99185dac7154cb9395954ac08178673dedf9899d2e25b002decf129e66cdacfe
reset_rtl_49/logs/suite/load_store_D5_STALE_LOAD_RESPONSE_AFTER_FLUSH.stdout.log,1275,2242360283981271a691a94db134f7e770bc7a6c57b71f8c9f3fda7f48b3c231
reset_rtl_49/logs/suite/load_store_D7_DMEM_RESPONSE_DURING_RESET.stdout.log,1255,dccd628eaf518fa32fa25f5314d0b7d020d76eac7670becc9f19c36613756018
reset_rtl_49/logs/suite/load_store_N5_NORMAL_LOAD_STORE.stdout.log,1218,5589c1bd85fed21ea499f22bf5627fe764190c6e89d8b9ffb4cfc20c8b6decdc
reset_rtl_49/logs/suite/load_store_P1_RESET_AND_LOAD_RESPONSE.stdout.log,1243,a6af0dee516e17f5e8bdb05139d8e36f5d5a63fbe4d6a18a9f09cfc6b6694da9
reset_rtl_49/logs/suite/load_store_P4_BRANCH_MISPREDICT_AND_LOAD_RESPONSE.stdout.log,1291,8f0db369f9555a50e08afd89cb3218c527f5010dc11cd976d09251a9b74be883
reset_rtl_49/logs/suite/load_store_R4_RESET_LOAD_PENDING.stdout.log,1222,f63d9a5a42ee26fac579429335b02607bf27b64ca6a2603ea7539150cc57e818
reset_rtl_49/logs/suite/nested_branch_B3_TRACE_RANDOM_STALL.stdout.log,1238,5659ad5244dae1b34fc2e8bbcf91f603b207c1615c68f4a1fce92ed7fe26e1c2
reset_rtl_49/logs/suite/nested_branch_I4_IMEM_RANDOM_DELAY.stdout.log,1234,e198e7ee21bcbe776a3019d1247472d9c43f490ab22e7ae63c4bf2c619026edb
reset_rtl_49/logs/suite/nested_branch_N4_NORMAL_NESTED_BRANCH.stdout.log,1245,0918f00cc2706f6c3a3889c6ce561bd16ac4be116add6498dfc4c7bf282a16fc
reset_rtl_49/logs/suite/raw_chain_B1_TRACE_STALL_1.stdout.log,1198,49463fbc9f5eb5824b22982b1957f1e4b22e52b66bc1c346c3876ef02a6350c7
reset_rtl_49/logs/suite/raw_chain_I1_IMEM_REQ_STALL.stdout.log,1202,e1abdbdc2cd49d7fdeb4351db67293fde4633ace238840b0b2337788f79ba6e0
reset_rtl_49/logs/suite/raw_chain_N1_NORMAL_RAW_CHAIN.stdout.log,1209,cf42c788421af02a26a2ff87cc322dd71c164ae80551d3235105ebf8b8530810
reset_rtl_49/logs/suite/raw_chain_R2_RESET_ROB_NONEMPTY.stdout.log,1217,ce4d01ad481d0632816af47cf119ff0a07b303489311bf2e018bd3bd4eb491e9
reset_rtl_49/logs/suite/raw_chain_R3_RESET_IQ_NONEMPTY.stdout.log,1213,0c5c2b4bd712f12c88fb485753971937dec74226e22cbff6b4cdc2194264960f
reset_rtl_49/logs/suite/tohost_D8_TOHOST_STORE_BACKPRESSURE.stdout.log,1229,db5e5370632f0794de8ed48e8b7968afc5a43d83d690113c02ab0a55ace4719e
reset_rtl_49/logs/suite/tohost_N6_NORMAL_TOHOST.stdout.log,1180,8d078b7e8818c4712c6f726fa905866614f4c18cca4820b447144dbca470e015
reset_rtl_49/logs/suite/tohost_P2_RESET_AND_STORE_ACCEPT.stdout.log,1219,0ce523053114207120fa8a6db281daea73bb6d83a4f7608ec8e0d97eab2fc684
reset_rtl_49/logs/suite/tohost_P6_COMMIT_AND_STORE_BACKPRESSURE.stdout.log,1245,eeadd8aaf8de120a28e40d005c3a791dd8eb59dc0b074924895638abd856039e
reset_rtl_49/logs/suite/tohost_R11_RESET_AFTER_TOHOST_CLEAR_AND_RESTART.stdout.log,1279,5464f98a843f2f6d64cc6e0b12e91d00979e80f634b77096fb24037a44d4b586
reset_rtl_49/logs/suite/tohost_R5_RESET_STORE_PENDING.stdout.log,1206,7e05ffd0342e879fa39038a3d0c91493338bb7714886b37bb5c677e6db29f99e
reset_rtl_49/logs/tohost_D8_TOHOST_STORE_BACKPRESSURE.log,1958,008dc1288165a5aa7ceb1cc91d8d4d40b7eab89f101dd2861a52d523c79b5447
reset_rtl_49/logs/tohost_N6_NORMAL_TOHOST.log,1885,b02bb50651f50369457b5d0602298c11f5086883f4a8a8a56daa94e383889c63
reset_rtl_49/logs/tohost_P2_RESET_AND_STORE_ACCEPT.log,1942,94a5034cb37b6340512d41f75a105fcb65e7553275fc7cdd7f453154b51c8fad
reset_rtl_49/logs/tohost_P6_COMMIT_AND_STORE_BACKPRESSURE.log,1982,beb5b9ad871080e14005d682c822eeb26850bd1cb0122fcbc598df318d1bcecf
reset_rtl_49/logs/tohost_R11_RESET_AFTER_TOHOST_CLEAR_AND_RESTART.log,2032,e6534992ce3c25b6e12537141024939fd296fba004f8b7eed99947c0b79827ab
reset_rtl_49/logs/tohost_R5_RESET_STORE_PENDING.log,1923,0b002fdd7ac97ddaf8b7d1855d79e5e2c13ff6578172d0ef06fd1594f095b133
reset_rtl_49/reset_latency.csv,13,6ad06b0c265c00ba9124561535d524cad6ebbba17a23e786cd9d988c79c24cf7
reset_rtl_49/rtl_run_status.csv,11158,5ad0293defb5e2fdaea682258fa6a0dc5bbbc76c59c1d0fda2323a3d16d1558d
reset_rtl_49/rtl_test_matrix.csv,12748,139b6a355e79e1982b0b67a0fd49ef1fe0973e60f6a046a936a261ab3d22fcd5
reset_rtl_49/rtl_traces/branch_not_taken_I3_IMEM_RESPONSE_DELAY_4.jsonl,18723,b9ccad6578398ae4210a4d0f0562d5b673caff4fb658ae1d5663234cfb2e62ad
reset_rtl_49/rtl_traces/branch_not_taken_N3_NORMAL_BRANCH_NOT_TAKEN.jsonl,18755,5aac5b88811e532bb72a9402deb293c5313db147a4685e728f98ad065dc9df86
reset_rtl_49/rtl_traces/branch_taken_B2_TRACE_STALL_BURST.jsonl,17382,6e98983d7ce7c4ae7baa11ec8ccb9c156986f0163319463d23c6b21ef02e1f87
reset_rtl_49/rtl_traces/branch_taken_B4_TRACE_STALL_AT_BRANCH_COMMIT.jsonl,17556,147f217fb8072ee9131e8c89a1d665ddb6fe1045eb39605fa7cd100825015eab
reset_rtl_49/rtl_traces/branch_taken_D6_STORE_DURING_BRANCH_FLUSH.jsonl,17506,9f47001db1d40c754bdd5d973fc778e8769add33429f244f6d3700cc0ff4fcb5
reset_rtl_49/rtl_traces/branch_taken_I5_IMEM_STALE_RESPONSE_AFTER_REDIRECT.jsonl,17650,45898fc1a65fa5518cf214822e4bb2ba1aff84ec5948547e51101f66d590eb87
reset_rtl_49/rtl_traces/branch_taken_N2_NORMAL_BRANCH_TAKEN.jsonl,17410,0003015c44fe7981684873888310f62b62de7e92ab41400fbc2ff7679646ee6a
reset_rtl_49/rtl_traces/branch_taken_P0_RESET_AND_BRANCH_MISPREDICT.jsonl,20676,6b7a772c39ad1ba14c9fe415e61c14e96ad71d62a35cb846b6a7639cfba0d03e
reset_rtl_49/rtl_traces/branch_taken_P3_EXCEPTION_AND_BRANCH_MISPREDICT.jsonl,17602,f3ffa7ceee6fd92534d520e875e9a3f394fdc0d017fd06ce0044b10b50d86a99
reset_rtl_49/rtl_traces/branch_taken_P7_REDIRECT_AND_IMEM_RESPONSE.jsonl,17522,2206bab0a2bf9c6b7052490d877a20de9c023c51da00c599153ff8e3ef34c186
reset_rtl_49/rtl_traces/branch_taken_R6_RESET_BRANCH_RECOVERY.jsonl,20556,bc4c20dccf2fb5068b8f57ac28e6efab9579a1e9dc46b46e84d9ccb79f0358d2
reset_rtl_49/rtl_traces/independent_alu_B0_TRACE_READY_ALWAYS.jsonl,16230,7e5109cb8f6f749f92b745b5ae9d73e1052f32c5274fa45f4d86435653957449
reset_rtl_49/rtl_traces/independent_alu_B5_TRACE_STALL_AT_STORE_COMMIT.jsonl,16369,027bc884fe6cc74bc4a29fd513264d9b2df08e0ec180be4c67ca77077519f214
reset_rtl_49/rtl_traces/independent_alu_D1_STORE_REQ_STALL.jsonl,16213,211e21abf43ca887831702eb62a5f17ab074d9a876a1b9376fdda526a3d82c1c
reset_rtl_49/rtl_traces/independent_alu_I0_IMEM_READY_ALWAYS.jsonl,16215,e734ee5978285665b2d820a65b5aba3f9caa467a1638233a7d86e5c18af8649f
reset_rtl_49/rtl_traces/independent_alu_I2_IMEM_RESPONSE_DELAY_1.jsonl,16277,bc8255482ed2cf4312213cf2a3d0783eae454a04b6443702cddb4520f661623b
reset_rtl_49/rtl_traces/independent_alu_I6_IMEM_RESPONSE_DURING_RESET.jsonl,17056,8d521332b58db778e768f838604860e0140352fc42eb96420bb065304aea8dce
reset_rtl_49/rtl_traces/independent_alu_N0_NORMAL_INDEPENDENT_ALU.jsonl,16290,8f86f0b59e770df853896b46e4966d841566c32cd828e8933c7793096eff5f3d
reset_rtl_49/rtl_traces/independent_alu_P5_COMMIT_AND_TRACE_BACKPRESSURE.jsonl,16397,6ad71a76c23b5a63c1dad0f9bc0c2dfe8d261b966b4968d0c3bbc8058b3ccfb2
reset_rtl_49/rtl_traces/independent_alu_R0_POWER_ON_RESET.jsonl,16170,a4b2c81fe27eea0f3e3cfceb17114274e03cf82b6852b6f309aae638f296c9a5
reset_rtl_49/rtl_traces/independent_alu_R10_RESET_IMMEDIATELY_AFTER_RELEASE.jsonl,16622,8fae6d2980099f2dd263f5b3b822a58982bb009676cdae67d4860ee38362eb8d
reset_rtl_49/rtl_traces/independent_alu_R1_RESET_FRONTEND_OUTSTANDING.jsonl,17056,3d4d8a5370c0b4a0ea6266a23e229c8f8a07d1fb956cf30b7baae9603d596b5b
reset_rtl_49/rtl_traces/independent_alu_R7_RESET_TRACE_BACKPRESSURE.jsonl,17024,1aca952bcf0bbb10158e5652518251a47db64b12dd36332f40e91310f1379ce8
reset_rtl_49/rtl_traces/independent_alu_R8_DOUBLE_RUNTIME_RESET.jsonl,21281,a2a6fd10b2c37904fc53d9ba039593e5ece3b5a5deec8a6a7898e074fa545dd5
reset_rtl_49/rtl_traces/independent_alu_R9_RESET_DURING_RESET_INITIALIZATION.jsonl,16640,8874d0c4db934433bfaace9e5e69785e58f332561a284421536e4edd998042cd
reset_rtl_49/rtl_traces/load_store_D0_DMEM_READY_ALWAYS.jsonl,18507,415f339c7fc8033fdc50910d93d99b72bc2bf114a3eaf6bbd80ffa0fa3fec852
reset_rtl_49/rtl_traces/load_store_D2_LOAD_REQ_STALL.jsonl,18494,7806d1f400e0787ef491d0b630b847e5dc1b500f8baed53f5f81f68c42534c58
reset_rtl_49/rtl_traces/load_store_D3_LOAD_RESPONSE_DELAY.jsonl,18539,c17a289e5c3bdb42df9e5ed12787bbf96ec589d6d0f1a143512df1361838c38f
reset_rtl_49/rtl_traces/load_store_D4_LOAD_RANDOM_DELAY.jsonl,18507,39036a5cedc3e36c3336e27dbd09445798859874b39dfa3546d74cf74d050123
reset_rtl_49/rtl_traces/load_store_D5_STALE_LOAD_RESPONSE_AFTER_FLUSH.jsonl,18731,47ccd9fca0713b0cb486784fb9b29c53e48a59e75b5d1037ba31682db91570d4
reset_rtl_49/rtl_traces/load_store_D7_DMEM_RESPONSE_DURING_RESET.jsonl,29541,986ed27b218a3025e82eae104ee7159d3b6495192cfc324f1e4194dde9d966ae
reset_rtl_49/rtl_traces/load_store_N5_NORMAL_LOAD_STORE.jsonl,18507,3a99d6d177574ce36663738a526116f54408c7c02f2cfb524c74d7a13f01ae9c
reset_rtl_49/rtl_traces/load_store_P1_RESET_AND_LOAD_RESPONSE.jsonl,29466,d7ce620da831c44789182ae1dcc94d760cfe6801ae87186d0befaa4ab3ca6c3a
reset_rtl_49/rtl_traces/load_store_P4_BRANCH_MISPREDICT_AND_LOAD_RESPONSE.jsonl,18795,0fb497e65560a165ef6000419d11c9e46d115cda68927df81549a8b04077adfa
reset_rtl_49/rtl_traces/load_store_R4_RESET_LOAD_PENDING.jsonl,29341,6fb4db4f1dfaf492c1099e015e5189b80067bbc8c404cff6f30328d32cd5920c
reset_rtl_49/rtl_traces/nested_branch_B3_TRACE_RANDOM_STALL.jsonl,18634,bdd876507f20a019147e5a582fd71e24fea39b67e2185ec8563de4328812f120
reset_rtl_49/rtl_traces/nested_branch_I4_IMEM_RANDOM_DELAY.jsonl,18605,eecb871b05b767983e4ee4abb3f0949357375b81bb4f103b51b9a6c563f73533
reset_rtl_49/rtl_traces/nested_branch_N4_NORMAL_NESTED_BRANCH.jsonl,18654,372d17336222e6541735b9d09eb8e19839507c7ded859e9e118321a720f14355
reset_rtl_49/rtl_traces/raw_chain_B1_TRACE_STALL_1.jsonl,16068,f8f34b75924896cc81680b21cc521df27deb59d0de6678ef2dddc642f2aa91ac
reset_rtl_49/rtl_traces/raw_chain_I1_IMEM_REQ_STALL.jsonl,15569,d4c588cf2df8d4b5f520c7b0d0adccb791973c3aea0840fe84de2ebef26c134e
reset_rtl_49/rtl_traces/raw_chain_N1_NORMAL_RAW_CHAIN.jsonl,16110,e256c28c38b70e934e519427f65347aefea602e45bdc39d1182242c4f543ec35
reset_rtl_49/rtl_traces/raw_chain_R2_RESET_ROB_NONEMPTY.jsonl,16830,9805dfbd9a4b2318cd1255eb0acdfdf27a4446b97def4aaba6c751011be6ba42
reset_rtl_49/rtl_traces/raw_chain_R3_RESET_IQ_NONEMPTY.jsonl,19217,9219426cbab025d5150e4a289fcc25d9dd16576267772a9896a122ee8a04f522
reset_rtl_49/rtl_traces/tohost_D8_TOHOST_STORE_BACKPRESSURE.jsonl,10171,50ec81f0e935173d630bd16af763699b9cf170b1070ed807ce1e188cebb53b02
reset_rtl_49/rtl_traces/tohost_N6_NORMAL_TOHOST.jsonl,10033,d18574103a20f69602b409dc1c65054ac95e4fb38ea6c77d20ea06424314f38b
reset_rtl_49/rtl_traces/tohost_P2_RESET_AND_STORE_ACCEPT.jsonl,18086,76c025a971c47dfe092a4474273e66fcb1edd1978ebc5aece5133bfa284ae502
reset_rtl_49/rtl_traces/tohost_P6_COMMIT_AND_STORE_BACKPRESSURE.jsonl,10211,c1c18497b97adfc3c5f777f8c4f00dcf66ede75c98e3913f81f4a15311a4758f
reset_rtl_49/rtl_traces/tohost_R11_RESET_AFTER_TOHOST_CLEAR_AND_RESTART.jsonl,20304,d76e58fae8ef7dfbda5955ed5c5183d60d7e30ed855de42eea0a6ae074daa979
reset_rtl_49/rtl_traces/tohost_R5_RESET_STORE_PENDING.jsonl,18032,60726a5e3242d85a696948ec1bc592bdd75167f33a598172256b753401603b13
resource_summary.csv,1161,1c2c14c94d4eadf57c40db7591a9f10969387dcafc8695e51f001089ed5150ed
rtl/csynth_reports/apply_writeback_ports_csynth.rpt,9008,024325154b61d70b5945e6e418a544f2dffaa0a075297f321bdd2f01bd1278e7
rtl/csynth_reports/apply_writeback_ports_csynth.xml,8216,63d27a4921340f357880487b304078b3738405e87b73e56d44ac0b5ec2596a10
rtl/csynth_reports/begin_completion_cycle_csynth.rpt,321064,950d249be515166bb9b6a0b733e12be87f8567241f49e9696a9e673f14f1b46f
rtl/csynth_reports/begin_completion_cycle_csynth.xml,349454,95faac5ca807d001510297403cdda695348b5442fdbe01f78195434bc7aad3e8
rtl/csynth_reports/branch_complete_event_csynth.rpt,190091,814bbbdaa54f8c85c758a43f76769fc4a5dd7628c4a412ad5eaa5a3ed9f76fd6
rtl/csynth_reports/branch_complete_event_csynth.xml,296693,0db3919e9e2368fe2e447f49c5300a5fd371ca943fd96ab9bb999a3a1ac3911d
rtl/csynth_reports/clear_resolved_masks_in_state_csynth.rpt,28150,df7a573bc811c3d4e8ff557bddf9487732ca42fd5144fee31b316fc0c1ef2119
rtl/csynth_reports/clear_resolved_masks_in_state_csynth.xml,27360,f7bf23634b82090b39022a5d9ac20487bc2b16aea748319e7d5c49725ad684bc
rtl/csynth_reports/compact_issue_queue_csynth.rpt,134280,1abcb0ceeda7570f64efdbdff931278cb528e92c7315a8a780850e4064d839ff
rtl/csynth_reports/compact_issue_queue_csynth.xml,147351,251692ec63f0b77a81243751326d0b317813337fe092282510fe248443ec17c8
rtl/csynth_reports/completion_is_valid_csynth.rpt,13939,86f0ba1e807ca586ddf394fe09c8c3171720aaa54187453d08da6e1a021745ff
rtl/csynth_reports/completion_is_valid_csynth.xml,11107,76d03df48f9867dd39425275e1f2fc7d2b89ecbd528276b58a4bf0aa9d465dfb
rtl/csynth_reports/csynth.rpt,109823,f9ee56ed3a71e7c013accac6fcc3a00f5a6203d6caef6ebddadf97fb7d9affa7
rtl/csynth_reports/csynth.xml,315783,a692901506bfa0f26c54f3405eb188a59202e99575b19c002f8ff6f8d627d773
rtl/csynth_reports/divider_accept_csynth.rpt,16830,d576f897cff6bef0fd02d3c5c65b6997ed23fac0e1cc69a9237546a14025d071
rtl/csynth_reports/divider_accept_csynth.xml,10427,d8f93fdbca01c0caee5f16b311d1bef931952afeff3c46cfbed6bdd2cd63ec76
rtl/csynth_reports/execute_module_csynth.rpt,62696,f4ee2649d4dae26bbec512d1b9e98f835115ad6d2c5e71832eb17b2e5ade76bf
rtl/csynth_reports/execute_module_csynth.xml,44068,ec621a1b961b2207b66f3fabd3be8d70359d04761770fc4878ec69b3679308e7
rtl/csynth_reports/kill_execute_state_csynth.rpt,49906,fd0236e91bfa6b6b85c6e33f61be87234f871ed23d74128d60c80a2ba6eff0e0
rtl/csynth_reports/kill_execute_state_csynth.xml,70455,622d57486d58499201fe2955aeed1933b7d265611918d43dc99c4ee6aca0b401
rtl/csynth_reports/kill_issue_state_csynth.rpt,95167,61a834e476dd64b643ee6b87cf7886fff250ed4dd5a1dd3fc777fcc7f901e991
rtl/csynth_reports/kill_issue_state_csynth.xml,155729,d0e973ce89d626410872b6db2ba7888db30593e01bb710e6147d2f69db55860f
rtl/csynth_reports/kill_lsu_state_csynth.rpt,43175,400266b08675b77fedf510736725c591c5b5772aedd6b5eeb97b5738e610f24d
rtl/csynth_reports/kill_lsu_state_csynth.xml,41184,d04d3196391e31ac82a0b1f9e713140d6f5f7f3f4b76b96a3e5df89344845517
rtl/csynth_reports/kill_rob_younger_than_csynth.rpt,17099,41947d8b2748bd71c1a9845e8cfb02cb45793a4793fccbf2ced09831ae794657
rtl/csynth_reports/kill_rob_younger_than_csynth.xml,17644,c90aded5966b8a947814e7a30fee4d19e9927f884618288741ac4f828f94103b
rtl/csynth_reports/lsu_accept_completion_csynth.rpt,23659,c60d22e3ac8e6a670b802b52eaae8685470d234538ce58def1423a218569f6dd
rtl/csynth_reports/lsu_accept_completion_csynth.xml,30812,980894849b2b7f9b9f4f09d05840d8c14f9d388c28b0df3b29d5a9bf4ee12419
rtl/csynth_reports/recover_mispredict_csynth.rpt,194514,c60146ba82c3cd723d769767b606b262f7d3f858cabd3d7bc779b54ff100014d
rtl/csynth_reports/recover_mispredict_csynth.xml,292872,0de655e0045ff0b53cb2b26ead433168be3d9759bf4218ca9941ba9423797ffa
rtl/csynth_reports/service_pending_csynth.rpt,104804,b6f3560a7899e8b70e4f5e0794cfd576a2a546886c32400b8ad6ee52700ff3c7
rtl/csynth_reports/service_pending_csynth.xml,85379,fbd811ac53819005d170ed5412247d0191f4adf45ec57cbd94f68ed64b64b180
rtl/csynth_reports/synth_m3c_rv64m_top_csynth.rpt,189548,e03efd65247fd069dc8cd963a3093db6fad3c8ddabd6ac12a5f3fd8eda885e27
rtl/csynth_reports/synth_m3c_rv64m_top_csynth.xml,18335,5c2748af136d508bb04a80fdaf3d00903cf3d1206e937c1fc213790217678fcd
rtl/logs/csynth.log,194670,b704949d3a4bb82394161f4de7e14a8a535fab43c371480136a8a0d028453225
rtl/logs/generate_merged.log,76,0c079b817fd4c21b700dfeef2291d028d8da9bd228c08d5d3dec30a7919a0261
rtl/logs/xsim.log,3740,c8bb9dce3c3d8c6fda6f102fd10f75d9f97f9fd2a898fdeffccb516e3c869736
rtl/logs/xsim.stdout.log,3110,54d8966266fe5e1671c530c330c62b0a6da5c9b29fabee466b514523a1ec315d
rtl/logs/xsim_build.log,18134,0c5788c393e7b5394c8aa10f573a50b7965ef537e4b3c9371f480a120f9e47ab
rtl/m2/full_core_rtl_matrix.csv,349,caae74e15655250ea1e2f6b270ce8e045f105c2eaea9bcef72dd84190bff6641
rtl/m2/logs/boom_core_top_generation.log,333640,85ce4bcae12dffc3755e4815bbbb20867ec1d380316d60344766de2d7bf87308
rtl/m2/logs/core_xsim_build.log,27448,3cfac6f10fa14ded765a53ab2c5d8f08f2e85a37ed9a7a6fc1886cc1f016ab1b
rtl/m2/logs/focused_execute.log,1963,f5e1522532df8f074c1ab73cecff5e80ea40acb32e9f58f624efc10645df3405
rtl/m2/logs/focused_execute.stdout.log,1298,f6bb6eee773a6b29d45fab10bde7c6efdd1c5553a7ff8402eff34ec374f48111
rtl/m2/logs/focused_xsim_build.log,3412,8fbe4aaa70f304445f75963477b53cb77e8a40069add90f7ad3abb2c1f06edec
rtl/m2/logs/full_core_B1_TRACE_STALL_1.log,1855,1dbf8c3c0e5c6f25e8ee99eb4444584386c4c99eb8b2a1ffe0e4222012e6e7f7
rtl/m2/logs/full_core_B1_TRACE_STALL_1.stdout.log,1178,76bc76e10204db3e8f2a698729e2f518ccb95c4f8a6685a416547cf3c175ebbb
rtl/m2/logs/full_core_N0_NORMAL_INDEPENDENT_ALU.log,1908,ddaf380bcdfa3d878f536ecc490f22c395ed416bab7ffd70d809ab81f986d4f9
rtl/m2/logs/full_core_N0_NORMAL_INDEPENDENT_ALU.stdout.log,1213,a22f14246bc7b0b77cf528473a5ee4a1102377dc22de7a49302117b1cbf21c06
rtl/m2/logs/generate_merged.log,76,010fa21cbc92266f32e7d8cdebf6c3c5ea29e3fd4faec6b139cb0e51baf0865f
rtl/m2/logs/synth_execute_top_generation.log,53181,b6a1f1fee8216cda43692d7f4c94d8433e46dae2160a2dac7ce31c4cd8f56f26
rtl/m2/rtl_summary.md,221,ca489705b15412315d64868115d91c50d95aa3a895839aee36f2b72f7b41e5c7
rtl/m2/traces/B1_TRACE_STALL_1.jsonl,24583,0e3d980a4a1dbd6c9f45745c4cd5251dda406fddd86335b4095ddfddf52403d0
rtl/m2/traces/N0_NORMAL_INDEPENDENT_ALU.jsonl,24778,e351f80baab3a9cd27db9248d6d04115423509cb5e0498672ecd6384fba2b2d0
rtl/m3b_focused/csynth_reports/apply_writeback_ports_csynth.rpt,9015,02be3438c03c1ca3849e800e65ab99f40e19b140d10da41b7dd69fbdbdf9097a
rtl/m3b_focused/csynth_reports/apply_writeback_ports_csynth.xml,8216,63d27a4921340f357880487b304078b3738405e87b73e56d44ac0b5ec2596a10
rtl/m3b_focused/csynth_reports/begin_completion_cycle_csynth.rpt,320175,a3be33442fd11b5b532213f0f44afc056062dd6231df7892e2aebb839ce655da
rtl/m3b_focused/csynth_reports/begin_completion_cycle_csynth.xml,348310,0dde732f7cd9b7ac1bf95369469340bf8d6cebfbeb45396eb707c6ae90565d70
rtl/m3b_focused/csynth_reports/branch_complete_event_csynth.rpt,190098,ad144dd2c1c13938aea92551f12a379f9eb8b17f84416e68461e07a9b8abc36b
rtl/m3b_focused/csynth_reports/branch_complete_event_csynth.xml,296689,c3524711cc050533897795bc2187dc7c03d61d1af8c63c17b50598c2dcfc8d3b
rtl/m3b_focused/csynth_reports/clear_resolved_masks_in_state_csynth.rpt,28157,3a5b47d74b937f8a9f61d35b63c39f2f7be91ac86ef4cc2385a6fd22f80f15e0
rtl/m3b_focused/csynth_reports/clear_resolved_masks_in_state_csynth.xml,27360,f7bf23634b82090b39022a5d9ac20487bc2b16aea748319e7d5c49725ad684bc
rtl/m3b_focused/csynth_reports/compact_issue_queue_csynth.rpt,134287,5d0076588e7180e3fb257ef27c515fdc624d1355ec703f8641894610410b720a
rtl/m3b_focused/csynth_reports/compact_issue_queue_csynth.xml,147351,251692ec63f0b77a81243751326d0b317813337fe092282510fe248443ec17c8
rtl/m3b_focused/csynth_reports/completion_is_valid_csynth.rpt,13946,19efc5741573b5d767698107c5ad274bf89631700b54cfda192296bc30ec1741
rtl/m3b_focused/csynth_reports/completion_is_valid_csynth.xml,11107,76d03df48f9867dd39425275e1f2fc7d2b89ecbd528276b58a4bf0aa9d465dfb
rtl/m3b_focused/csynth_reports/csynth.rpt,110328,f99217e09d529e996408eb83b0b3ca47a16262802ab7241bcca1943fd2080a81
rtl/m3b_focused/csynth_reports/csynth.xml,310343,1d8a5e88b43996bc41eb3ff5cf2642868361245cad8fe14b6ed963ef84297387
rtl/m3b_focused/csynth_reports/divider_accept_csynth.rpt,16837,7723c5f25fe370f0374062a9afab2d68c8a3ade0bca2d850b6474ea0e5c47576
rtl/m3b_focused/csynth_reports/divider_accept_csynth.xml,10427,d8f93fdbca01c0caee5f16b311d1bef931952afeff3c46cfbed6bdd2cd63ec76
rtl/m3b_focused/csynth_reports/execute_module_csynth.rpt,60916,e011c02794190c537271d0d2d2e8f39ab6dfc84bb0e1158554201ac5ac11fe90
rtl/m3b_focused/csynth_reports/execute_module_csynth.xml,44066,07887a35ac97ffaa0325ecca3a6febe30d9709b31b28302005aaeedad6b5950e
rtl/m3b_focused/csynth_reports/kill_execute_state_csynth.rpt,49913,2483c142880d91887a048495223469e7fb40e533bce3de21b8a3763fb6e908e4
rtl/m3b_focused/csynth_reports/kill_execute_state_csynth.xml,70451,081fb3236ba6d0f736488a7f800c2828675f85c8dac67ca94ae4fb9e2612a3fa
rtl/m3b_focused/csynth_reports/kill_issue_state_csynth.rpt,95174,20344b6ed3d06522555a517fe556bd2c21023497e459e0f00d886f097e7d83dd
rtl/m3b_focused/csynth_reports/kill_issue_state_csynth.xml,155729,89d60a297b77b02b95116d263c39321397758da120904e7589207563ac1e5b49
rtl/m3b_focused/csynth_reports/kill_lsu_state_csynth.rpt,43182,b42af14417dd40cd05b0f3e044db98deb9e8251bfac86e45315544d8709e2346
rtl/m3b_focused/csynth_reports/kill_lsu_state_csynth.xml,41184,d04d3196391e31ac82a0b1f9e713140d6f5f7f3f4b76b96a3e5df89344845517
rtl/m3b_focused/csynth_reports/kill_rob_younger_than_csynth.rpt,17106,7f7e68d473145c2e33a95c2aa6a6742879b402659a79cab6ad610abe7c84c531
rtl/m3b_focused/csynth_reports/kill_rob_younger_than_csynth.xml,17644,c90aded5966b8a947814e7a30fee4d19e9927f884618288741ac4f828f94103b
rtl/m3b_focused/csynth_reports/lsu_accept_completion_csynth.rpt,23810,311667de618eba494a0ad9c126b427d7d1219c614dd11503f0a9f83f6d978bd0
rtl/m3b_focused/csynth_reports/lsu_accept_completion_csynth.xml,30810,738af1352c93e80d5dd6703e42ce047a480f43796950577afffb768096f3a79b
rtl/m3b_focused/csynth_reports/recover_mispredict_csynth.rpt,194521,fa7a7aee5553ed5997b7c75bbf697adc1697eeea6745c9fbcd28944707c1cc50
rtl/m3b_focused/csynth_reports/recover_mispredict_csynth.xml,292868,07f522cf70dbe71be9382d2e0d11ec7cf418b99be0ce1d85eeacab0b071fe935
rtl/m3b_focused/csynth_reports/service_pending_csynth.rpt,104615,9ea3207e15774e85c047708e9a1fe682581a401d7d227fab6663312193b12200
rtl/m3b_focused/csynth_reports/service_pending_csynth.xml,85375,e1685635ca0b3cad57e9ce7bdb4c59fb1db3d7297f0d5a0e20bff89892aa51b2
rtl/m3b_focused/csynth_reports/synth_m3b_divider_core_top_csynth.rpt,191345,3cd228a94402baa86041d512eafdf9f73579ee29d91069f74f315be9cae11eb7
rtl/m3b_focused/csynth_reports/synth_m3b_divider_core_top_csynth.xml,16460,4c825bdd5d05280750057b197c75e4dfaa68ddd37c1615d96fc0c08b2b4e1854
rtl/m3b_focused/logs/csynth.log,194265,aa1372d9e9a38c9eed2a8a2becb83a9834eb1ed8063022bb4d4c7e88107556a3
rtl/m3b_focused/logs/generate_merged.log,76,0c079b817fd4c21b700dfeef2291d028d8da9bd228c08d5d3dec30a7919a0261
rtl/m3b_focused/logs/xsim.log,3937,84226d19dee708b06893c23f0c26f8d1704f8d85fe3cbb69269f72130fe689f0
rtl/m3b_focused/logs/xsim.stdout.log,3277,832228562d66454850841e3bde322770b4b20a9f644a70570edd130b6b785330
rtl/m3b_focused/logs/xsim_build.log,19996,31a96516f23363e93d088e19cb22afac7e93a03a5dc7af6282001cb40cb160eb
rtl/m3b_focused/rtl_test_matrix.csv,4719,e7137b71d9647b513b021ebfedf87278e8f190d3a3c6ced21bc45978be844503
rtl/m3b_focused/runtime.csv,20,5fa1f8aac82f313f067dc9817005ad8a9a37a20aa5c0711f048d683e7b833218
rtl/rtl_test_matrix.csv,4527,e80356be8ee995bc1b236ae071daa2aeee20ffee18e8cb9bc0df10fc2f55c2d3
rtl/runtime.csv,20,042e4221a9f6199b1d0eb3ba00545165c475d1e182d6497270c072f025f83590
rtl/w4/diagnostic_rtl_hashes.txt,32568,b885507c162f489d4b0145ea80e47fd222856d83edc7e66272e69f45988b31a9
rtl/w4/rtl_focused_summary.json,402,8db86229097f402ca5663939766b07be6df02947722bab6960866c2d0cf2c827
rtl/w4/rtl_logs/alu_store_agu_dual_complete.log,1410,395d7cac4c926be57c74872bea8ed9d79e0e19bc549b04b695fa931e41cc265d
rtl/w4/rtl_logs/alu_store_agu_dual_complete.stdout.log,716,f50d07762ff5f966291d3bc6a7f5ec8fc548773d4953a81a4d69eba1141c2ac0
rtl/w4/rtl_logs/alu_store_agu_dual_complete_58509.backup.log,1410,8e27cd276c6473ff26058fa3f0739ca620cf03f641e3dcbe2fd6257e8e21fabb
rtl/w4/rtl_logs/branch_load_dual_rob_complete.log,1412,c4b0d967f949b26aa3d38a1deba80cd0301996260fac1375b7d095a79fac7c69
rtl/w4/rtl_logs/branch_load_dual_rob_complete.stdout.log,714,226b264a00678254360044ae2e23b8474a4725a13cfd0539a3d712c26e819a1c
rtl/w4/rtl_logs/branch_load_dual_rob_complete_58416.backup.log,1412,01dd48c724535be0c8c1592d55120384f06eb1e055c865cd36b614c0ed2bd143
rtl/w4/rtl_logs/bypass_dependent_chain.log,1400,631e194753ccc10911d6451a1637ddc56d4c73a4e0289a6e82b88ccb22a9519e
rtl/w4/rtl_logs/bypass_dependent_chain.stdout.log,716,3f6a5b450707ec331f82b82a1a21e61d4113a97facdef784d130cfe441148e43
rtl/w4/rtl_logs/bypass_dependent_chain_58669.backup.log,1400,01dcffec82e6c24c846fd9a4e7f9e9e148e39cd27e5ac5ba6a623acf924a9976
rtl/w4/rtl_logs/core_step_queued_response_retention.log,1529,e26b6f036cce0bee50accf29de91500a59ab6896441fa55b2b08c467ccddbe4f
rtl/w4/rtl_logs/core_step_queued_response_retention.stdout.log,821,6997cb1928d8db9cf1ef7451d0afb7d793e504713758ee2b1dadb4d8beb1bea1
rtl/w4/rtl_logs/core_step_queued_response_retention_59164.backup.log,1529,6adcf8c476eb9e9e06dcd3fa21f923c2234d6aad5fe85d9c540ef5e8bf52979f
rtl/w4/rtl_logs/core_step_retention_cpp.log,167,84cf537251584cf43fb4d5c7d821dbb96ba34803948fa6959a9681b2defd5970
rtl/w4/rtl_logs/core_step_retention_cpp_compile.log,0,e3b0c44298fc1c149afbf4c8996fb92427ae41e4649b934ca495991b7852b855
rtl/w4/rtl_logs/correct_branch_cross_conflict.log,1412,ccc4bb596ba10018db48bdfb4f3d292a5502c56476fd4b6b957542bde7a3b53f
rtl/w4/rtl_logs/correct_branch_cross_conflict.stdout.log,714,90a096c3ee40bbe5d567355e647a9ed1eb6aab11553e241366d01544ae8355f1
rtl/w4/rtl_logs/correct_branch_cross_conflict_58987.backup.log,1412,a355616ebe08e08e4445150d32e98fe5eb9590a566b2ad9596b50868a54c029f
rtl/w4/rtl_logs/generate_merged_focused.log,76,0c079b817fd4c21b700dfeef2291d028d8da9bd228c08d5d3dec30a7919a0261
rtl/w4/rtl_logs/helper_level_response_retention.log,1417,63b40aaca923a6bb81c0a8b0eb662f0467423070912aaf2e440c694753807aae
rtl/w4/rtl_logs/helper_level_response_retention.stdout.log,716,0ff537be88d528cc83624dccc60e8b6fb2cdcd33110ab257d7d5f89e34c23134
rtl/w4/rtl_logs/helper_level_response_retention_59096.backup.log,1418,c84b8f23e6eecc2505963853b0a1beb69d6284f098ae5c30820cf20d22f3572d
rtl/w4/rtl_logs/hls_core_step_retention_generation.log,327656,019dc071fb787ddda653df3a9b7e0a1c36ef997cb88392e508e3f8bc54c78e73
rtl/w4/rtl_logs/hls_diagnostic_generation.log,182291,b9949830f77d26addaf280d021c65b2d4e860dea623d990746cfa05105efc10a
rtl/w4/rtl_logs/int_load_dual_writeback.log,1400,461c8e004eaf8d9bf88a024daeab499412a14e3ab5e026cd2814e956cd83210c
rtl/w4/rtl_logs/int_load_dual_writeback.stdout.log,714,b3a3e3559276033fe177a6d41906b37dd4c83fe6e507f886df3d61b900e43379
rtl/w4/rtl_logs/int_load_dual_writeback_58365.backup.log,1399,161babf3df1125503ae5824078807c6345beca6c5f942ab33fdab7729c4c54e7
rtl/w4/rtl_logs/lane2_inactive.log,1384,ec791d40f65961688a45225b6a03c11f21bf434716843e2c4390e1d8c1425ba0
rtl/w4/rtl_logs/lane2_inactive.stdout.log,716,0b10aeeb73c4299f5e2106743132419a349a2436e4f1d339f480439524515e34
rtl/w4/rtl_logs/lane2_inactive_58907.backup.log,1384,563cedd7021763059683a647b68a505cf286e5fb2d85132ea084b454778a61d4
rtl/w4/rtl_logs/mispredict_killed_nonconflict.log,1411,4b818647ad466cb6b9d6922834aba49f077b01ee7bd951fb552c917d552c5baa
rtl/w4/rtl_logs/mispredict_killed_nonconflict.stdout.log,714,e01fb7fd0eb61776657274ec04b1764216a5a2faceea51ba5796ade6dcfb50b8
rtl/w4/rtl_logs/mispredict_killed_nonconflict_59218.backup.log,1411,804c54d8e9151323879e256b239173c48b586bd721d04bbbd3e61e57999a7051
rtl/w4/rtl_logs/persistent_precise_fault_fence.log,1414,9fcb25eceedc995de6fa6ef477a6656f83e08ad01ae6d8a65c71b0a2f73f2865
rtl/w4/rtl_logs/persistent_precise_fault_fence.stdout.log,714,3628e7b2b1bc5aaba221b72496cdeccb908b36c37083f0660b5d96967e8654e1
rtl/w4/rtl_logs/persistent_precise_fault_fence_59040.backup.log,1414,f5a645d99e8756d854ed2045bf8329feecb8495ef9a8b8dd6a5caef10663b8ce
rtl/w4/rtl_logs/repeated_dual_completion_stress.log,1418,4d044b2b6efa4742bcfcdbc63a0a06862808d33a15e6f9508ce47fe511bc5ec9
rtl/w4/rtl_logs/repeated_dual_completion_stress.stdout.log,716,586443f5573d4c12a31d4a6058af3db707c44081c092dc45b4e5fc0effb62140
rtl/w4/rtl_logs/repeated_dual_completion_stress_58789.backup.log,1418,484ce95d655cb5ef625bb541013f885929dce640d8e1153e7919f47f26723ca2
rtl/w4/rtl_logs/tohost_program_status_output.log,1412,aabb9c5bfe8e5e8dd473bb08ce550609537a0d227bf4af5d3d4c908ad4268176
rtl/w4/rtl_logs/tohost_program_status_output.stdout.log,716,15959f6c41defa8b1a818a6382ca9319ffb504bd31e8a6454c7730c9d089572f
rtl/w4/rtl_logs/tohost_program_status_output_58840.backup.log,1412,a4bbeb523059db2edc80732dbdb2e682feedb09eba78f258c8f62f0254f38724
rtl/w4/rtl_logs/two_producers_wake_two_consumers.log,1420,5baa43a4ab62c8cbc564a687b008f5e8fc936e9d607c94fa4afe1b260627c70b
rtl/w4/rtl_logs/two_producers_wake_two_consumers.stdout.log,716,6f5ded39171082d82d411b2fd3c0a09fc06f8934ffa7f5bd6d683e839e2bd8ce
rtl/w4/rtl_logs/two_producers_wake_two_consumers_58560.backup.log,1420,d6e806b308e7310890ed1ce375736ced69d496964ada912416a61e5acd2436d5
rtl/w4/rtl_logs/w3_current.stdout.log,1041,76c38370cce73859293e057d6cd82250204bebee3fa896a84bf02c036687235d
rtl/w4/rtl_logs/w4_rtl_guardrails.log,111,d8a83625fe4b9ad006645a0db1a21d1cec2c16323cc67138ec0901c534eac7bf
rtl/w4/rtl_logs/write_port_conflict_retention_precise_fault.log,1440,03c70cbedc6e0ab1fd789ac2d9f9c15a367839c7d7a8625adde4dadb8fb1492b
rtl/w4/rtl_logs/write_port_conflict_retention_precise_fault.stdout.log,714,47eab1d0270ee1de392ca61db3519d81ea6ec36347c42372da403411a10f6187
rtl/w4/rtl_logs/write_port_conflict_retention_precise_fault_58720.backup.log,1440,938c99b2df7a2a605d59faa2b4914de11f4c7b4a23e7240ce9e31bb498c3e736
rtl/w4/rtl_logs/xsim_build.log,48281,a6d8594de99cb12bad989d667eadb41f6042d1c9c3dca3655838d2d5810238ca
rtl/w4/rtl_test_matrix.csv,5500,2493a0902b03d71ba9243ac64c629ee5e54417ed847e816cc87762d48693a03b
rtl/w4/tool_versions.txt,250,f7650c7250867ccf82918bd0f9dc581e7f3abd75b96625aa18e9a8a0c42e29b3
rtl/w4/traces/alu_store_agu_dual_complete.jsonl,138,d70b23bae5e1ee576429d896c4f36335e6256862717e9389eff7010a9a7e00f7
rtl/w4/traces/branch_kill_dual_completion.jsonl,137,54a2a1e10c33c4ea296cdb351611537e72eb315b73a7b3fd9a958963e694071e
rtl/w4/traces/branch_load_dual_rob_complete.jsonl,139,cc38a8f46f67956c836fee179c3ac71d00d9195db58452026be59cccca5f1d73
rtl/w4/traces/bypass_dependent_chain.jsonl,133,2715a6e2880857c912d1fc8b50d4bbf79363d79dcd05cb9cd3a73b0ef24e49ef
rtl/w4/traces/core_step_queued_response_retention.jsonl,146,8eb8047635e2be9956e05d2ea82c48272302a73f8e3d22d457abb742f5222eb2
rtl/w4/traces/correct_branch_cross_conflict.jsonl,139,0365946b03170173ee820aac071bb31baa41699286f212bfd54741854eb328b0
rtl/w4/traces/dmem_backpressure_with_int_progress.jsonl,145,c72d11d764f30e65463a98fc0ca94db01ceaab39319a2a693261f468a7e92517
rtl/w4/traces/helper_level_response_retention.jsonl,142,986a1b5ec051f50fd812ae0df61aba1f282ce0b05f78e4f284aafdd660ec3b8f
rtl/w4/traces/int_load_dual_writeback.jsonl,133,e2db1a33f400524a2512a172861ad0da8d794a82460ce27a54c8f0bac3c4094a
rtl/w4/traces/lane2_inactive.jsonl,125,54ef3a4538ad1e75ef0e30c51636b92a15b9b9fe83f6f37a6c0491466ae7b60e
rtl/w4/traces/mispredict_killed_nonconflict.jsonl,139,7f6bfae664536b33b70c02e739e19024cfc28fc8091bb0c19e3d836f3594136f
rtl/w4/traces/persistent_precise_fault_fence.jsonl,140,9e97b774add39c46f7dae3f7604038d6ae7cc07c1c44e5bd84a5f2a5487eb434
rtl/w4/traces/repeated_dual_completion_stress.jsonl,142,dcf04b9c0e74847d823bcdaf858f98830b1bd5ac90836f77023a06b1b33c7500
rtl/w4/traces/reset_clear_dual_completion.jsonl,137,63a339c383a01465e974197c5e3bce9be7e66681970523fd50a71031075a517d
rtl/w4/traces/rob_wrap_dual_complete.jsonl,132,23bbbcb475735658d96b340d1686501f66c137bdc7cea1dd5e6d601a82441ae4
rtl/w4/traces/stale_allocation_rejection.jsonl,137,25b1bf96e276f2d2d52dcc01f1f6add41d146fdedcfef20b98e24e7794982e60
rtl/w4/traces/tohost_program_status_output.jsonl,139,c44bff5f7dbaa473a51dd06af5b362d1e26fb110539b63a482cf4adea887bd1b
rtl/w4/traces/trace_backpressure.jsonl,128,44b14dedeb157082f7ac0b6bb2162f61e40ef135adac0e6f36b3a04602798e60
rtl/w4/traces/two_producers_wake_two_consumers.jsonl,143,bf3924be446fe2897a1da441e3d0fe20b7771018aa8800dfa2967e3b96c66d8f
rtl/w4/traces/write_port_conflict_retention_precise_fault.jsonl,153,0576d8e6110e48edad4ab387e0c674053a87cc2f9be0413d0ade0f5a6b1d262a
rtl/w4/w3_current/rtl_logs/branch_kill.log,1393,421d8a9afded555feb8009f077fe3cd5e1faa790a7a62c112c315a4245b2246b
rtl/w4/w3_current/rtl_logs/branch_kill.stdout.log,688,c417c2f5611cd274c86112889ff49e0fe5c0bc55221bf65947b73f6a7a8af654
rtl/w4/w3_current/rtl_logs/dmem_backpressure.log,1403,c35f78a02f786f33efa2d7658551c7f19deee9e0c4ff66c0ce73a7e0599221f5
rtl/w4/w3_current/rtl_logs/dmem_backpressure.stdout.log,687,f16d00bdd0d029e94e3c6b9e89007a2404be020942fa77af2b7aefd9cf06b808
rtl/w4/w3_current/rtl_logs/dual_accept.log,1392,241b4566705cef4cfb8067e6b69d24119e56604710b72b91940521215a314683
rtl/w4/w3_current/rtl_logs/dual_accept.stdout.log,687,19808fb5828d4ea16c09c0905e0a1a7537e3c44a6ddc086132cf8103f08813b4
rtl/w4/w3_current/rtl_logs/dual_pending.log,1393,a4af5f0642a3d9c2498996eec10c46367a875d2b755a5194b5df3604730b2b4e
rtl/w4/w3_current/rtl_logs/dual_pending.stdout.log,686,3e52ebb735c3df1039a545fbbeae80c7efcc23f41126310fd90903856359dbe6
rtl/w4/w3_current/rtl_logs/hls_branch_kill_generation.log,172034,c0834577819339569d9379e9316e15d0cd60e2e2c2496c258b6270588489127e
rtl/w4/w3_current/rtl_logs/hls_completion_generation.log,69927,9c311c4713f0d5988036c4d08c153e4f66d6f72d34de9067aadd060ba273abe7
rtl/w4/w3_current/rtl_logs/hls_dual_pending_generation.log,48366,4cc57e812823be6dd35e2036a44d4b6abb3d3bf5331bd0bcea0feb880b5f46a2
rtl/w4/w3_current/rtl_logs/hls_generation.log,244063,d4c35631b664beaa8a7837dcf7f8a57df2d8c3b4925c5c99fe09fb24aed9ea92
rtl/w4/w3_current/rtl_logs/hls_rob_wrap_generation.log,48268,fbc55524cc6de555587d3315aa5a89c5b30cc7aac7c6c68b28c8a155732f3d86
rtl/w4/w3_current/rtl_logs/int_blocked_mem_forward.log,1416,05d9f8c5f53ffc526e839b23bc34f100374bdb78659189a01f8b4293ee39b00a
rtl/w4/w3_current/rtl_logs/int_blocked_mem_forward.stdout.log,687,0a401ddf96fbd6e35f2ad97e78f75af352ae952e78ffded84eb55976c1265ddd
rtl/w4/w3_current/rtl_logs/load_response_int_conflict.log,1422,fdf3aa480ad7d12b61760ecff35554f8ef141592cb0fefea0d400e0a8e7f5e28
rtl/w4/w3_current/rtl_logs/load_response_int_conflict.stdout.log,687,042967679b8cb5549052a24fabc86207b871141424ba364913a9a9ec7a912ed9
rtl/w4/w3_current/rtl_logs/mem_blocked_int_forward.log,1416,659ae5fff4b1a015598061de9bb714381f25de3b708107ffed9428fd0334a917
rtl/w4/w3_current/rtl_logs/mem_blocked_int_forward.stdout.log,687,5fb61026c4e417dcfc53f7946ad67e09d283869c93d4ce3f9c7816ba6b4dc742
rtl/w4/w3_current/rtl_logs/reset_clear.log,1391,05f055f427b483d7d44f4c5868c78759245419d61422ae0a59eb23e1319688a5
rtl/w4/w3_current/rtl_logs/reset_clear.stdout.log,687,b3965e801972dff6ab73b813a1c1f55280967a38820ceee06cba229c00fde5be
rtl/w4/w3_current/rtl_logs/rob_wrap_multiple_identity.log,1421,1f20c971e6ccbdb43b13e5bdc2250e8327a2879357c8f75e320267d1607e94da
rtl/w4/w3_current/rtl_logs/rob_wrap_multiple_identity.stdout.log,686,dad1b88bf6fe85dff6aa5af91bd24ac500250b12eef7e82c446936ea87d0b096
rtl/w4/w3_current/rtl_logs/stale_completion_identity.log,1422,914ed9b43536799a572e261a8ebf3cece6fecfbbee43a133065eee51f7cae55b
rtl/w4/w3_current/rtl_logs/stale_completion_identity.stdout.log,689,11002721b2af9f137ab85c90786a6231def1b94488f51fae980ca771b6c0b037
rtl/w4/w3_current/rtl_logs/trace_backpressure.log,1406,4e3885ef50f47ad0bc1a8ebfb84a8dbb7c1db5e67cc1c7d5b089c1fc1c4fb99b
rtl/w4/w3_current/rtl_logs/trace_backpressure.stdout.log,687,4cc56f4b233db595d2b133c10ec45873424fa962a27eb7f5bc6eed6164b407ee
rtl/w4/w3_current/rtl_logs/wrapper_cpp.log,731,892f79f46ca21fc94b0642c33870b5900307af271783169190263dcaeff56cc6
rtl/w4/w3_current/rtl_logs/xsim_build.log,42623,ca6cce3263053a120647d7dc70f3f5fb0c52ae09150bce9b78d556271ab3366f
rtl/w4/w3_current/rtl_test_matrix.csv,2003,8eb7d532e8a7bb71761348189bb7a05849278ca2565017dbf3c35cdc144f7748
rv64m_status_after.csv,894,931dd97bc25db9817f4ea4ba88d55ab22a9b21a1c27b5d88377cd65c336e62e8
rv64m_status_before.csv,560,3110be2963caca87f7439482a07945837c58d547d496c2f244acea02bb9a3c3f
source_hashes_after.txt,26371,24a0b9472bac1f7ebde899ca44f28a6993163639780e053e969da6afb75cf674
source_hashes_before.txt,1298,1d2b85f2c894d5744a797eb7f980499fd18e9b6e33dd7f42bfd5f366ed1cc33a
source_manifest.sha256,26371,24a0b9472bac1f7ebde899ca44f28a6993163639780e053e969da6afb75cf674
source_scope.md,968,6a196eb5a213dcf563bd6429f46e6ded0cc28006b04252cfbd30a94a1182c300
