

================================================================
== Vitis HLS Report for 'service_pending'
================================================================
* Date:           Mon Aug  3 14:49:07 2026

* Version:        2021.2 (Build 3367213 on Tue Oct 19 02:47:39 MDT 2021)
* Project:        synth_completion_top
* Solution:       solution_w4d_csynth (Vivado IP Flow Target)
* Product family: zynquplus
* Target device:  xczu7ev-ffvc1156-2-e


================================================================
== Performance Estimates
================================================================
+ Timing: 
    * Summary: 
    +--------+----------+----------+------------+
    |  Clock |  Target  | Estimated| Uncertainty|
    +--------+----------+----------+------------+
    |ap_clk  |  10.00 ns|  5.028 ns|     2.70 ns|
    +--------+----------+----------+------------+

+ Latency: 
    * Summary: 
    +---------+---------+-----------+----------+-----+-----+---------+
    |  Latency (cycles) |  Latency (absolute)  |  Interval | Pipeline|
    |   min   |   max   |    min    |    max   | min | max |   Type  |
    +---------+---------+-----------+----------+-----+-----+---------+
    |        4|      419|  40.000 ns|  4.190 us|    4|  419|       no|
    +---------+---------+-----------+----------+-----+-----+---------+

    + Detail: 
        * Instance: 
        +------------------------------------------+-----------------------+---------+---------+-----------+-----------+-----+-----+---------+
        |                                          |                       |  Latency (cycles) |   Latency (absolute)  |  Interval | Pipeline|
        |                 Instance                 |         Module        |   min   |   max   |    min    |    max    | min | max |   Type  |
        +------------------------------------------+-----------------------+---------+---------+-----------+-----------+-----+-----+---------+
        |grp_completion_is_valid_fu_690            |completion_is_valid    |        1|        1|  10.000 ns|  10.000 ns|    1|    1|       no|
        |call_ln1195_apply_writeback_ports_fu_725  |apply_writeback_ports  |        0|        0|       0 ns|       0 ns|    1|    1|      yes|
        +------------------------------------------+-----------------------+---------+---------+-----------+-----------+-----+-----+---------+

        * Loop: 
        +-------------------------+---------+---------+----------+-----------+-----------+-------+----------+
        |                         |  Latency (cycles) | Iteration|  Initiation Interval  |  Trip |          |
        |        Loop Name        |   min   |   max   |  Latency |  achieved |   target  | Count | Pipelined|
        +-------------------------+---------+---------+----------+-----------+-----------+-------+----------+
        |- VITIS_LOOP_1079_1      |        2|        2|         1|          -|          -|      2|        no|
        |- VITIS_LOOP_717_2       |       96|      128|     3 ~ 4|          -|          -|     32|        no|
        |- SERVICE_FIXED_PENDING  |       33|      283|   33 ~ 89|          -|          -|  1 ~ 3|        no|
        | + VITIS_LOOP_1097_2     |       12|       12|         4|          -|          -|      3|        no|
        | + VITIS_LOOP_1107_3     |       12|       57|    4 ~ 19|          -|          -|      3|        no|
        |  ++ VITIS_LOOP_1046_1   |        2|       10|     2 ~ 3|          -|          -|  1 ~ 3|        no|
        |  ++ VITIS_LOOP_1118_4   |        2|        2|         1|          -|          -|      2|        no|
        +-------------------------+---------+---------+----------+-----------+-----------+-------+----------+

============================================================
+ Verbose Summary: Synthesis Manager
============================================================
InlineROM: 1
ExposeGlobal: 0
============================================================
+ Verbose Summary: CDFG Model
============================================================
IsTopModel: 0
ResetActiveHigh: 1
IsCombinational: 0
IsDatapathOnly: 0
HasWiredReturn: 1
HasMFsm: 0
HasVarLatency: 1
IsPipeline: 0
IsRtlPipelined: 0
IsInstanceOverlapped: 0
IsDontTouch: 0
HasImplIP: 0
IsGatedGlobalClock: 0


============================================================
+ Verbose Summary: Schedule
============================================================
* Number of FSM states : 33
* Pipeline : 0
* Dataflow Pipeline: 0

* FSM state transitions: 
1 --> 2 
2 --> 2 33 3 
3 --> 4 7 
4 --> 5 6 
5 --> 6 
6 --> 3 
7 --> 22 8 12 
8 --> 9 12 
9 --> 10 
10 --> 11 12 
11 --> 12 
12 --> 13 18 
13 --> 14 
14 --> 15 18 
15 --> 16 
16 --> 17 18 
17 --> 18 
18 --> 19 
19 --> 20 22 
20 --> 21 
21 --> 19 
22 --> 23 28 30 
23 --> 27 26 25 24 
24 --> 25 
25 --> 24 26 
26 --> 26 27 
27 --> 22 
28 --> 29 31 32 
29 --> 30 
30 --> 7 33 
31 --> 30 
32 --> 30 
33 --> 

* FSM state operations: 

State 1 <SV = 0> <Delay = 0.42>
ST_1 : Operation 34 [1/1] (0.00ns)   --->   "%i = alloca i32 1"   --->   Operation 34 'alloca' 'i' <Predicate = true> <Delay = 0.00>
ST_1 : Operation 35 [1/1] (0.42ns)   --->   "%store_ln1079 = store i2 0, i2 %i" [/home/lab_726/boom/hls_boom/src/boom_core_merged.cpp:1079]   --->   Operation 35 'store' 'store_ln1079' <Predicate = true> <Delay = 0.42>
ST_1 : Operation 36 [1/1] (0.00ns)   --->   "%br_ln1079 = br void" [/home/lab_726/boom/hls_boom/src/boom_core_merged.cpp:1079]   --->   Operation 36 'br' 'br_ln1079' <Predicate = true> <Delay = 0.00>

State 2 <SV = 1> <Delay = 0.97>
ST_2 : Operation 37 [1/1] (0.00ns)   --->   "%i_26 = load i2 %i" [/home/lab_726/boom/hls_boom/src/boom_core_merged.cpp:1080]   --->   Operation 37 'load' 'i_26' <Predicate = true> <Delay = 0.00>
ST_2 : Operation 38 [1/1] (0.44ns)   --->   "%icmp_ln1079 = icmp_eq  i2 %i_26, i2 2" [/home/lab_726/boom/hls_boom/src/boom_core_merged.cpp:1079]   --->   Operation 38 'icmp' 'icmp_ln1079' <Predicate = true> <Delay = 0.44> <CoreInst = "Cmp">   --->   Core 9 'Cmp' <Latency = 0> <II = 1> <Delay = 0.84> <FuncUnit> <Opcode : 'icmp'> <InPorts = 2> <OutPorts = 1>
ST_2 : Operation 39 [1/1] (0.00ns)   --->   "%empty = speclooptripcount i32 @_ssdm_op_SpecLoopTripCount, i64 2, i64 2, i64 2"   --->   Operation 39 'speclooptripcount' 'empty' <Predicate = true> <Delay = 0.00>
ST_2 : Operation 40 [1/1] (0.54ns)   --->   "%add_ln1079 = add i2 %i_26, i2 1" [/home/lab_726/boom/hls_boom/src/boom_core_merged.cpp:1079]   --->   Operation 40 'add' 'add_ln1079' <Predicate = true> <Delay = 0.54> <CoreInst = "Adder">   --->   Core 1 'Adder' <Latency = 0> <II = 1> <Delay = 1.08> <FuncUnit> <Opcode : 'add' 'sub'> <InPorts = 2> <OutPorts = 1>
ST_2 : Operation 41 [1/1] (0.00ns)   --->   "%br_ln1079 = br i1 %icmp_ln1079, void %.split16, void" [/home/lab_726/boom/hls_boom/src/boom_core_merged.cpp:1079]   --->   Operation 41 'br' 'br_ln1079' <Predicate = true> <Delay = 0.00>
ST_2 : Operation 42 [1/1] (0.00ns)   --->   "%specloopname_ln1079 = specloopname void @_ssdm_op_SpecLoopName, void @empty_2" [/home/lab_726/boom/hls_boom/src/boom_core_merged.cpp:1079]   --->   Operation 42 'specloopname' 'specloopname_ln1079' <Predicate = (!icmp_ln1079)> <Delay = 0.00>
ST_2 : Operation 43 [1/1] (0.00ns)   --->   "%trunc_ln1080 = trunc i2 %i_26" [/home/lab_726/boom/hls_boom/src/boom_core_merged.cpp:1080]   --->   Operation 43 'trunc' 'trunc_ln1080' <Predicate = (!icmp_ln1079)> <Delay = 0.00>
ST_2 : Operation 44 [1/1] (0.00ns)   --->   "%br_ln1080 = br i1 %trunc_ln1080, void %branch10, void %branch11" [/home/lab_726/boom/hls_boom/src/boom_core_merged.cpp:1080]   --->   Operation 44 'br' 'br_ln1080' <Predicate = (!icmp_ln1079)> <Delay = 0.00>
ST_2 : Operation 45 [1/1] (0.42ns)   --->   "%store_ln1080 = store i1 0, i1 %state_completion_writebacks_valid_0" [/home/lab_726/boom/hls_boom/src/boom_core_merged.cpp:1080]   --->   Operation 45 'store' 'store_ln1080' <Predicate = (!icmp_ln1079 & !trunc_ln1080)> <Delay = 0.42>
ST_2 : Operation 46 [1/1] (0.00ns)   --->   "%br_ln1080 = br void %.split1672" [/home/lab_726/boom/hls_boom/src/boom_core_merged.cpp:1080]   --->   Operation 46 'br' 'br_ln1080' <Predicate = (!icmp_ln1079 & !trunc_ln1080)> <Delay = 0.00>
ST_2 : Operation 47 [1/1] (0.42ns)   --->   "%store_ln1080 = store i1 0, i1 %state_completion_writebacks_valid_1" [/home/lab_726/boom/hls_boom/src/boom_core_merged.cpp:1080]   --->   Operation 47 'store' 'store_ln1080' <Predicate = (!icmp_ln1079 & trunc_ln1080)> <Delay = 0.42>
ST_2 : Operation 48 [1/1] (0.00ns)   --->   "%br_ln1080 = br void %.split1672" [/home/lab_726/boom/hls_boom/src/boom_core_merged.cpp:1080]   --->   Operation 48 'br' 'br_ln1080' <Predicate = (!icmp_ln1079 & trunc_ln1080)> <Delay = 0.00>
ST_2 : Operation 49 [1/1] (0.00ns)   --->   "%br_ln1080 = br i1 %trunc_ln1080, void %branch16, void %branch17" [/home/lab_726/boom/hls_boom/src/boom_core_merged.cpp:1080]   --->   Operation 49 'br' 'br_ln1080' <Predicate = (!icmp_ln1079)> <Delay = 0.00>
ST_2 : Operation 50 [1/1] (0.42ns)   --->   "%store_ln1080 = store i8 0, i8 %state_completion_writebacks_pdst_0" [/home/lab_726/boom/hls_boom/src/boom_core_merged.cpp:1080]   --->   Operation 50 'store' 'store_ln1080' <Predicate = (!icmp_ln1079 & !trunc_ln1080)> <Delay = 0.42>
ST_2 : Operation 51 [1/1] (0.00ns)   --->   "%br_ln1080 = br void %.split167284" [/home/lab_726/boom/hls_boom/src/boom_core_merged.cpp:1080]   --->   Operation 51 'br' 'br_ln1080' <Predicate = (!icmp_ln1079 & !trunc_ln1080)> <Delay = 0.00>
ST_2 : Operation 52 [1/1] (0.42ns)   --->   "%store_ln1080 = store i8 0, i8 %state_completion_writebacks_pdst_1" [/home/lab_726/boom/hls_boom/src/boom_core_merged.cpp:1080]   --->   Operation 52 'store' 'store_ln1080' <Predicate = (!icmp_ln1079 & trunc_ln1080)> <Delay = 0.42>
ST_2 : Operation 53 [1/1] (0.00ns)   --->   "%br_ln1080 = br void %.split167284" [/home/lab_726/boom/hls_boom/src/boom_core_merged.cpp:1080]   --->   Operation 53 'br' 'br_ln1080' <Predicate = (!icmp_ln1079 & trunc_ln1080)> <Delay = 0.00>
ST_2 : Operation 54 [1/1] (0.00ns)   --->   "%br_ln1080 = br i1 %trunc_ln1080, void %branch4, void %branch5" [/home/lab_726/boom/hls_boom/src/boom_core_merged.cpp:1080]   --->   Operation 54 'br' 'br_ln1080' <Predicate = (!icmp_ln1079)> <Delay = 0.00>
ST_2 : Operation 55 [1/1] (0.42ns)   --->   "%store_ln1080 = store i64 0, i64 %state_completion_writebacks_value_0" [/home/lab_726/boom/hls_boom/src/boom_core_merged.cpp:1080]   --->   Operation 55 'store' 'store_ln1080' <Predicate = (!icmp_ln1079 & !trunc_ln1080)> <Delay = 0.42>
ST_2 : Operation 56 [1/1] (0.00ns)   --->   "%br_ln1080 = br void %.split1659" [/home/lab_726/boom/hls_boom/src/boom_core_merged.cpp:1080]   --->   Operation 56 'br' 'br_ln1080' <Predicate = (!icmp_ln1079 & !trunc_ln1080)> <Delay = 0.00>
ST_2 : Operation 57 [1/1] (0.42ns)   --->   "%store_ln1080 = store i64 0, i64 %state_completion_writebacks_value_1" [/home/lab_726/boom/hls_boom/src/boom_core_merged.cpp:1080]   --->   Operation 57 'store' 'store_ln1080' <Predicate = (!icmp_ln1079 & trunc_ln1080)> <Delay = 0.42>
ST_2 : Operation 58 [1/1] (0.00ns)   --->   "%br_ln1080 = br void %.split1659" [/home/lab_726/boom/hls_boom/src/boom_core_merged.cpp:1080]   --->   Operation 58 'br' 'br_ln1080' <Predicate = (!icmp_ln1079 & trunc_ln1080)> <Delay = 0.00>
ST_2 : Operation 59 [1/1] (0.42ns)   --->   "%store_ln1079 = store i2 %add_ln1079, i2 %i" [/home/lab_726/boom/hls_boom/src/boom_core_merged.cpp:1079]   --->   Operation 59 'store' 'store_ln1079' <Predicate = (!icmp_ln1079)> <Delay = 0.42>
ST_2 : Operation 60 [1/1] (0.00ns)   --->   "%br_ln0 = br void"   --->   Operation 60 'br' 'br_ln0' <Predicate = (!icmp_ln1079)> <Delay = 0.00>
ST_2 : Operation 61 [1/1] (0.00ns)   --->   "%state_completion_validation_fault_this_cycle_load = load i1 %state_completion_validation_fault_this_cycle" [/home/lab_726/boom/hls_boom/src/boom_core_merged.cpp:1081]   --->   Operation 61 'load' 'state_completion_validation_fault_this_cycle_load' <Predicate = (icmp_ln1079)> <Delay = 0.00>
ST_2 : Operation 62 [1/1] (0.00ns)   --->   "%br_ln1081 = br i1 %state_completion_validation_fault_this_cycle_load, void %arrayctor.loop.preheader, void %._crit_edge" [/home/lab_726/boom/hls_boom/src/boom_core_merged.cpp:1081]   --->   Operation 62 'br' 'br_ln1081' <Predicate = (icmp_ln1079)> <Delay = 0.00>
ST_2 : Operation 63 [1/1] (0.00ns)   --->   "%i_13 = alloca i32 1"   --->   Operation 63 'alloca' 'i_13' <Predicate = (icmp_ln1079 & !state_completion_validation_fault_this_cycle_load)> <Delay = 0.00>
ST_2 : Operation 64 [1/1] (0.00ns)   --->   "%exception_age = alloca i32 1"   --->   Operation 64 'alloca' 'exception_age' <Predicate = (icmp_ln1079 & !state_completion_validation_fault_this_cycle_load)> <Delay = 0.00>
ST_2 : Operation 65 [1/1] (0.00ns)   --->   "%valid = alloca i32 1"   --->   Operation 65 'alloca' 'valid' <Predicate = (icmp_ln1079 & !state_completion_validation_fault_this_cycle_load)> <Delay = 0.00>
ST_2 : Operation 66 [1/1] (0.00ns)   --->   "%state_rob_head_load = load i5 %state_rob_head"   --->   Operation 66 'load' 'state_rob_head_load' <Predicate = (icmp_ln1079 & !state_completion_validation_fault_this_cycle_load)> <Delay = 0.00>
ST_2 : Operation 67 [1/1] (0.42ns)   --->   "%store_ln717 = store i1 0, i1 %valid" [/home/lab_726/boom/hls_boom/src/boom_core_merged.cpp:717]   --->   Operation 67 'store' 'store_ln717' <Predicate = (icmp_ln1079 & !state_completion_validation_fault_this_cycle_load)> <Delay = 0.42>
ST_2 : Operation 68 [1/1] (0.42ns)   --->   "%store_ln717 = store i8 32, i8 %exception_age" [/home/lab_726/boom/hls_boom/src/boom_core_merged.cpp:717]   --->   Operation 68 'store' 'store_ln717' <Predicate = (icmp_ln1079 & !state_completion_validation_fault_this_cycle_load)> <Delay = 0.42>
ST_2 : Operation 69 [1/1] (0.42ns)   --->   "%store_ln717 = store i6 0, i6 %i_13" [/home/lab_726/boom/hls_boom/src/boom_core_merged.cpp:717]   --->   Operation 69 'store' 'store_ln717' <Predicate = (icmp_ln1079 & !state_completion_validation_fault_this_cycle_load)> <Delay = 0.42>
ST_2 : Operation 70 [1/1] (0.00ns)   --->   "%br_ln717 = br void %.preheader6" [/home/lab_726/boom/hls_boom/src/boom_core_merged.cpp:717]   --->   Operation 70 'br' 'br_ln717' <Predicate = (icmp_ln1079 & !state_completion_validation_fault_this_cycle_load)> <Delay = 0.00>

State 3 <SV = 2> <Delay = 1.21>
ST_3 : Operation 71 [1/1] (0.00ns)   --->   "%i_27 = load i6 %i_13" [/home/lab_726/boom/hls_boom/src/boom_core_merged.cpp:721]   --->   Operation 71 'load' 'i_27' <Predicate = true> <Delay = 0.00>
ST_3 : Operation 72 [1/1] (0.00ns)   --->   "%zext_ln717 = zext i6 %i_27" [/home/lab_726/boom/hls_boom/src/boom_core_merged.cpp:717]   --->   Operation 72 'zext' 'zext_ln717' <Predicate = true> <Delay = 0.00>
ST_3 : Operation 73 [1/1] (0.78ns)   --->   "%icmp_ln717 = icmp_eq  i6 %i_27, i6 32" [/home/lab_726/boom/hls_boom/src/boom_core_merged.cpp:717]   --->   Operation 73 'icmp' 'icmp_ln717' <Predicate = true> <Delay = 0.78> <CoreInst = "Cmp">   --->   Core 9 'Cmp' <Latency = 0> <II = 1> <Delay = 0.84> <FuncUnit> <Opcode : 'icmp'> <InPorts = 2> <OutPorts = 1>
ST_3 : Operation 74 [1/1] (0.00ns)   --->   "%empty_99 = speclooptripcount i32 @_ssdm_op_SpecLoopTripCount, i64 32, i64 32, i64 32"   --->   Operation 74 'speclooptripcount' 'empty_99' <Predicate = true> <Delay = 0.00>
ST_3 : Operation 75 [1/1] (0.78ns)   --->   "%add_ln717 = add i6 %i_27, i6 1" [/home/lab_726/boom/hls_boom/src/boom_core_merged.cpp:717]   --->   Operation 75 'add' 'add_ln717' <Predicate = true> <Delay = 0.78> <CoreInst = "Adder">   --->   Core 1 'Adder' <Latency = 0> <II = 1> <Delay = 1.08> <FuncUnit> <Opcode : 'add' 'sub'> <InPorts = 2> <OutPorts = 1>
ST_3 : Operation 76 [1/1] (0.00ns)   --->   "%br_ln717 = br i1 %icmp_ln717, void %.split12, void %_ZN4boomL24oldest_precise_exceptionERK13BoomCoreStatePK16RobCompleteEventRh.exit.preheader" [/home/lab_726/boom/hls_boom/src/boom_core_merged.cpp:717]   --->   Operation 76 'br' 'br_ln717' <Predicate = true> <Delay = 0.00>
ST_3 : Operation 77 [1/1] (0.00ns)   --->   "%state_rob_entries_valid_addr = getelementptr i1 %state_rob_entries_valid, i64 0, i64 %zext_ln717" [/home/lab_726/boom/hls_boom/src/boom_core_merged.cpp:719]   --->   Operation 77 'getelementptr' 'state_rob_entries_valid_addr' <Predicate = (!icmp_ln717)> <Delay = 0.00>
ST_3 : Operation 78 [2/2] (0.67ns)   --->   "%state_rob_entries_valid_load = load i5 %state_rob_entries_valid_addr" [/home/lab_726/boom/hls_boom/src/boom_core_merged.cpp:719]   --->   Operation 78 'load' 'state_rob_entries_valid_load' <Predicate = (!icmp_ln717)> <Delay = 0.67> <CoreInst = "RAM">   --->   Core 83 'RAM' <Latency = 1> <II = 1> <Delay = 0.67> <Storage> <Opcode : 'load' 'store'> <Ports = 2> <Width = 1> <Depth = 32> <RAM>
ST_3 : Operation 79 [1/1] (0.00ns)   --->   "%service = alloca i32 1"   --->   Operation 79 'alloca' 'service' <Predicate = (icmp_ln717)> <Delay = 0.00>
ST_3 : Operation 80 [1/1] (0.00ns)   --->   "%write_count = alloca i32 1"   --->   Operation 80 'alloca' 'write_count' <Predicate = (icmp_ln717)> <Delay = 0.00>
ST_3 : Operation 81 [1/1] (0.42ns)   --->   "%store_ln1089 = store i8 0, i8 %write_count" [/home/lab_726/boom/hls_boom/src/boom_core_merged.cpp:1089]   --->   Operation 81 'store' 'store_ln1089' <Predicate = (icmp_ln717)> <Delay = 0.42>
ST_3 : Operation 82 [1/1] (0.42ns)   --->   "%store_ln1089 = store i2 0, i2 %service" [/home/lab_726/boom/hls_boom/src/boom_core_merged.cpp:1089]   --->   Operation 82 'store' 'store_ln1089' <Predicate = (icmp_ln717)> <Delay = 0.42>
ST_3 : Operation 83 [1/1] (0.00ns)   --->   "%br_ln1089 = br void %_ZN4boomL24oldest_precise_exceptionERK13BoomCoreStatePK16RobCompleteEventRh.exit" [/home/lab_726/boom/hls_boom/src/boom_core_merged.cpp:1089]   --->   Operation 83 'br' 'br_ln1089' <Predicate = (icmp_ln717)> <Delay = 0.00>

State 4 <SV = 3> <Delay = 0.67>
ST_4 : Operation 84 [1/1] (0.00ns)   --->   "%specloopname_ln1078 = specloopname void @_ssdm_op_SpecLoopName, void @empty_15" [/home/lab_726/boom/hls_boom/src/boom_core_merged.cpp:1078]   --->   Operation 84 'specloopname' 'specloopname_ln1078' <Predicate = true> <Delay = 0.00>
ST_4 : Operation 85 [1/2] (0.67ns)   --->   "%state_rob_entries_valid_load = load i5 %state_rob_entries_valid_addr" [/home/lab_726/boom/hls_boom/src/boom_core_merged.cpp:719]   --->   Operation 85 'load' 'state_rob_entries_valid_load' <Predicate = true> <Delay = 0.67> <CoreInst = "RAM">   --->   Core 83 'RAM' <Latency = 1> <II = 1> <Delay = 0.67> <Storage> <Opcode : 'load' 'store'> <Ports = 2> <Width = 1> <Depth = 32> <RAM>
ST_4 : Operation 86 [1/1] (0.00ns)   --->   "%br_ln719 = br i1 %state_rob_entries_valid_load, void %.split12._crit_edge, void" [/home/lab_726/boom/hls_boom/src/boom_core_merged.cpp:719]   --->   Operation 86 'br' 'br_ln719' <Predicate = true> <Delay = 0.00>
ST_4 : Operation 87 [1/1] (0.00ns)   --->   "%state_rob_entries_exception_addr = getelementptr i1 %state_rob_entries_exception, i64 0, i64 %zext_ln717" [/home/lab_726/boom/hls_boom/src/boom_core_merged.cpp:719]   --->   Operation 87 'getelementptr' 'state_rob_entries_exception_addr' <Predicate = (state_rob_entries_valid_load)> <Delay = 0.00>
ST_4 : Operation 88 [2/2] (0.67ns)   --->   "%state_rob_entries_exception_load = load i5 %state_rob_entries_exception_addr" [/home/lab_726/boom/hls_boom/src/boom_core_merged.cpp:719]   --->   Operation 88 'load' 'state_rob_entries_exception_load' <Predicate = (state_rob_entries_valid_load)> <Delay = 0.67> <CoreInst = "RAM">   --->   Core 83 'RAM' <Latency = 1> <II = 1> <Delay = 0.67> <Storage> <Opcode : 'load' 'store'> <Ports = 2> <Width = 1> <Depth = 32> <RAM>

State 5 <SV = 4> <Delay = 0.67>
ST_5 : Operation 89 [1/2] (0.67ns)   --->   "%state_rob_entries_exception_load = load i5 %state_rob_entries_exception_addr" [/home/lab_726/boom/hls_boom/src/boom_core_merged.cpp:719]   --->   Operation 89 'load' 'state_rob_entries_exception_load' <Predicate = true> <Delay = 0.67> <CoreInst = "RAM">   --->   Core 83 'RAM' <Latency = 1> <II = 1> <Delay = 0.67> <Storage> <Opcode : 'load' 'store'> <Ports = 2> <Width = 1> <Depth = 32> <RAM>
ST_5 : Operation 90 [1/1] (0.00ns)   --->   "%br_ln719 = br i1 %state_rob_entries_exception_load, void %.split12._crit_edge, void" [/home/lab_726/boom/hls_boom/src/boom_core_merged.cpp:719]   --->   Operation 90 'br' 'br_ln719' <Predicate = true> <Delay = 0.00>
ST_5 : Operation 91 [1/1] (0.00ns)   --->   "%state_rob_entries_uop_queue_rob_idx_addr = getelementptr i5 %state_rob_entries_uop_queue_rob_idx, i64 0, i64 %zext_ln717" [/home/lab_726/boom/hls_boom/src/boom_core_merged.cpp:720]   --->   Operation 91 'getelementptr' 'state_rob_entries_uop_queue_rob_idx_addr' <Predicate = (state_rob_entries_exception_load)> <Delay = 0.00>
ST_5 : Operation 92 [2/2] (0.67ns)   --->   "%state_rob_entries_uop_queue_rob_idx_load = load i5 %state_rob_entries_uop_queue_rob_idx_addr" [/home/lab_726/boom/hls_boom/src/boom_core_merged.cpp:720]   --->   Operation 92 'load' 'state_rob_entries_uop_queue_rob_idx_load' <Predicate = (state_rob_entries_exception_load)> <Delay = 0.67> <CoreInst = "RAM">   --->   Core 83 'RAM' <Latency = 1> <II = 1> <Delay = 0.67> <Storage> <Opcode : 'load' 'store'> <Ports = 2> <Width = 5> <Depth = 32> <RAM>

State 6 <SV = 5> <Delay = 2.47>
ST_6 : Operation 93 [1/2] (0.67ns)   --->   "%state_rob_entries_uop_queue_rob_idx_load = load i5 %state_rob_entries_uop_queue_rob_idx_addr" [/home/lab_726/boom/hls_boom/src/boom_core_merged.cpp:720]   --->   Operation 93 'load' 'state_rob_entries_uop_queue_rob_idx_load' <Predicate = (state_rob_entries_valid_load & state_rob_entries_exception_load)> <Delay = 0.67> <CoreInst = "RAM">   --->   Core 83 'RAM' <Latency = 1> <II = 1> <Delay = 0.67> <Storage> <Opcode : 'load' 'store'> <Ports = 2> <Width = 5> <Depth = 32> <RAM>
ST_6 : Operation 94 [1/1] (0.00ns)   --->   "%zext_ln720 = zext i5 %state_rob_entries_uop_queue_rob_idx_load" [/home/lab_726/boom/hls_boom/src/boom_core_merged.cpp:720]   --->   Operation 94 'zext' 'zext_ln720' <Predicate = (state_rob_entries_valid_load & state_rob_entries_exception_load)> <Delay = 0.00>
ST_6 : Operation 95 [1/1] (0.78ns)   --->   "%icmp_ln720 = icmp_eq  i6 %zext_ln720, i6 %i_27" [/home/lab_726/boom/hls_boom/src/boom_core_merged.cpp:720]   --->   Operation 95 'icmp' 'icmp_ln720' <Predicate = (state_rob_entries_valid_load & state_rob_entries_exception_load)> <Delay = 0.78> <CoreInst = "Cmp">   --->   Core 9 'Cmp' <Latency = 0> <II = 1> <Delay = 0.84> <FuncUnit> <Opcode : 'icmp'> <InPorts = 2> <OutPorts = 1>
ST_6 : Operation 96 [1/1] (0.00ns)   --->   "%br_ln719 = br i1 %icmp_ln720, void %.split12._crit_edge, void" [/home/lab_726/boom/hls_boom/src/boom_core_merged.cpp:719]   --->   Operation 96 'br' 'br_ln719' <Predicate = (state_rob_entries_valid_load & state_rob_entries_exception_load)> <Delay = 0.00>
ST_6 : Operation 97 [1/1] (0.00ns)   --->   "%br_ln720 = br void" [/home/lab_726/boom/hls_boom/src/boom_core_merged.cpp:720]   --->   Operation 97 'br' 'br_ln720' <Predicate = (!icmp_ln720) | (!state_rob_entries_exception_load) | (!state_rob_entries_valid_load)> <Delay = 0.00>
ST_6 : Operation 98 [1/1] (0.00ns)   --->   "%exception_age_load = load i8 %exception_age" [/home/lab_726/boom/hls_boom/src/boom_core_merged.cpp:717]   --->   Operation 98 'load' 'exception_age_load' <Predicate = (state_rob_entries_valid_load & state_rob_entries_exception_load & icmp_ln720)> <Delay = 0.00>
ST_6 : Operation 99 [1/1] (0.00ns)   --->   "%valid_load = load i1 %valid" [/home/lab_726/boom/hls_boom/src/boom_core_merged.cpp:722]   --->   Operation 99 'load' 'valid_load' <Predicate = (state_rob_entries_valid_load & state_rob_entries_exception_load & icmp_ln720)> <Delay = 0.00>
ST_6 : Operation 100 [1/1] (0.00ns)   --->   "%trunc_ln721 = trunc i6 %i_27" [/home/lab_726/boom/hls_boom/src/boom_core_merged.cpp:721]   --->   Operation 100 'trunc' 'trunc_ln721' <Predicate = (state_rob_entries_valid_load & state_rob_entries_exception_load & icmp_ln720)> <Delay = 0.00>
ST_6 : Operation 101 [1/1] (0.78ns)   --->   "%exception_age_2 = sub i5 %trunc_ln721, i5 %state_rob_head_load" [/home/lab_726/boom/hls_boom/src/boom_core_merged.cpp:721]   --->   Operation 101 'sub' 'exception_age_2' <Predicate = (state_rob_entries_valid_load & state_rob_entries_exception_load & icmp_ln720)> <Delay = 0.78> <CoreInst = "Adder">   --->   Core 1 'Adder' <Latency = 0> <II = 1> <Delay = 1.08> <FuncUnit> <Opcode : 'add' 'sub'> <InPorts = 2> <OutPorts = 1>
ST_6 : Operation 102 [1/1] (0.00ns)   --->   "%zext_ln721 = zext i5 %exception_age_2" [/home/lab_726/boom/hls_boom/src/boom_core_merged.cpp:721]   --->   Operation 102 'zext' 'zext_ln721' <Predicate = (state_rob_entries_valid_load & state_rob_entries_exception_load & icmp_ln720)> <Delay = 0.00>
ST_6 : Operation 103 [1/1] (0.00ns) (grouped into LUT with out node select_ln722)   --->   "%xor_ln722 = xor i1 %valid_load, i1 1" [/home/lab_726/boom/hls_boom/src/boom_core_merged.cpp:722]   --->   Operation 103 'xor' 'xor_ln722' <Predicate = (state_rob_entries_valid_load & state_rob_entries_exception_load & icmp_ln720)> <Delay = 0.00> <CoreInst = "LogicGate">   --->   Core 74 'LogicGate' <Latency = 0> <II = 1> <Delay = 0.28> <FuncUnit> <Opcode : 'and' 'or' 'xor'> <InPorts = 2> <OutPorts = 1>
ST_6 : Operation 104 [1/1] (0.84ns)   --->   "%icmp_ln722 = icmp_ult  i8 %zext_ln721, i8 %exception_age_load" [/home/lab_726/boom/hls_boom/src/boom_core_merged.cpp:722]   --->   Operation 104 'icmp' 'icmp_ln722' <Predicate = (state_rob_entries_valid_load & state_rob_entries_exception_load & icmp_ln720)> <Delay = 0.84> <CoreInst = "Cmp">   --->   Core 9 'Cmp' <Latency = 0> <II = 1> <Delay = 0.84> <FuncUnit> <Opcode : 'icmp'> <InPorts = 2> <OutPorts = 1>
ST_6 : Operation 105 [1/1] (0.00ns) (grouped into LUT with out node select_ln722)   --->   "%or_ln722 = or i1 %icmp_ln722, i1 %xor_ln722" [/home/lab_726/boom/hls_boom/src/boom_core_merged.cpp:722]   --->   Operation 105 'or' 'or_ln722' <Predicate = (state_rob_entries_valid_load & state_rob_entries_exception_load & icmp_ln720)> <Delay = 0.00> <CoreInst = "LogicGate">   --->   Core 74 'LogicGate' <Latency = 0> <II = 1> <Delay = 0.28> <FuncUnit> <Opcode : 'and' 'or' 'xor'> <InPorts = 2> <OutPorts = 1>
ST_6 : Operation 106 [1/1] (0.00ns) (grouped into LUT with out node select_ln722)   --->   "%trunc_ln717 = trunc i8 %exception_age_load" [/home/lab_726/boom/hls_boom/src/boom_core_merged.cpp:717]   --->   Operation 106 'trunc' 'trunc_ln717' <Predicate = (state_rob_entries_valid_load & state_rob_entries_exception_load & icmp_ln720)> <Delay = 0.00>
ST_6 : Operation 107 [1/1] (0.41ns) (out node of the LUT)   --->   "%select_ln722 = select i1 %or_ln722, i5 %exception_age_2, i5 %trunc_ln717" [/home/lab_726/boom/hls_boom/src/boom_core_merged.cpp:722]   --->   Operation 107 'select' 'select_ln722' <Predicate = (state_rob_entries_valid_load & state_rob_entries_exception_load & icmp_ln720)> <Delay = 0.41> <CoreInst = "Sel">   --->   Core 73 'Sel' <Latency = 0> <II = 1> <Delay = 0.42> <FuncUnit> <Opcode : 'select'> <InPorts = 3> <OutPorts = 1>
ST_6 : Operation 108 [1/1] (0.00ns)   --->   "%zext_ln722 = zext i5 %select_ln722" [/home/lab_726/boom/hls_boom/src/boom_core_merged.cpp:722]   --->   Operation 108 'zext' 'zext_ln722' <Predicate = (state_rob_entries_valid_load & state_rob_entries_exception_load & icmp_ln720)> <Delay = 0.00>
ST_6 : Operation 109 [1/1] (0.42ns)   --->   "%store_ln722 = store i1 1, i1 %valid" [/home/lab_726/boom/hls_boom/src/boom_core_merged.cpp:722]   --->   Operation 109 'store' 'store_ln722' <Predicate = (state_rob_entries_valid_load & state_rob_entries_exception_load & icmp_ln720)> <Delay = 0.42>
ST_6 : Operation 110 [1/1] (0.42ns)   --->   "%store_ln722 = store i8 %zext_ln722, i8 %exception_age" [/home/lab_726/boom/hls_boom/src/boom_core_merged.cpp:722]   --->   Operation 110 'store' 'store_ln722' <Predicate = (state_rob_entries_valid_load & state_rob_entries_exception_load & icmp_ln720)> <Delay = 0.42>
ST_6 : Operation 111 [1/1] (0.00ns)   --->   "%br_ln722 = br void" [/home/lab_726/boom/hls_boom/src/boom_core_merged.cpp:722]   --->   Operation 111 'br' 'br_ln722' <Predicate = (state_rob_entries_valid_load & state_rob_entries_exception_load & icmp_ln720)> <Delay = 0.00>
ST_6 : Operation 112 [1/1] (0.42ns)   --->   "%store_ln717 = store i6 %add_ln717, i6 %i_13" [/home/lab_726/boom/hls_boom/src/boom_core_merged.cpp:717]   --->   Operation 112 'store' 'store_ln717' <Predicate = true> <Delay = 0.42>
ST_6 : Operation 113 [1/1] (0.00ns)   --->   "%br_ln0 = br void %.preheader6"   --->   Operation 113 'br' 'br_ln0' <Predicate = true> <Delay = 0.00>

State 7 <SV = 3> <Delay = 4.74>
ST_7 : Operation 114 [1/1] (0.00ns)   --->   "%service_1 = load i2 %service" [/home/lab_726/boom/hls_boom/src/boom_core_merged.cpp:1089]   --->   Operation 114 'load' 'service_1' <Predicate = true> <Delay = 0.00>
ST_7 : Operation 115 [1/1] (0.44ns)   --->   "%icmp_ln1089 = icmp_eq  i2 %service_1, i2 3" [/home/lab_726/boom/hls_boom/src/boom_core_merged.cpp:1089]   --->   Operation 115 'icmp' 'icmp_ln1089' <Predicate = true> <Delay = 0.44> <CoreInst = "Cmp">   --->   Core 9 'Cmp' <Latency = 0> <II = 1> <Delay = 0.84> <FuncUnit> <Opcode : 'icmp'> <InPorts = 2> <OutPorts = 1>
ST_7 : Operation 116 [1/1] (0.00ns)   --->   "%empty_100 = speclooptripcount i32 @_ssdm_op_SpecLoopTripCount, i64 1, i64 3, i64 2"   --->   Operation 116 'speclooptripcount' 'empty_100' <Predicate = true> <Delay = 0.00>
ST_7 : Operation 117 [1/1] (0.54ns)   --->   "%service_2 = add i2 %service_1, i2 1" [/home/lab_726/boom/hls_boom/src/boom_core_merged.cpp:1089]   --->   Operation 117 'add' 'service_2' <Predicate = true> <Delay = 0.54> <CoreInst = "Adder">   --->   Core 1 'Adder' <Latency = 0> <II = 1> <Delay = 1.08> <FuncUnit> <Opcode : 'add' 'sub'> <InPorts = 2> <OutPorts = 1>
ST_7 : Operation 118 [1/1] (0.00ns)   --->   "%br_ln1089 = br i1 %icmp_ln1089, void %.split10, void %.loopexit.loopexit" [/home/lab_726/boom/hls_boom/src/boom_core_merged.cpp:1089]   --->   Operation 118 'br' 'br_ln1089' <Predicate = true> <Delay = 0.00>
ST_7 : Operation 119 [1/1] (0.00ns)   --->   "%specloopname_ln1089 = specloopname void @_ssdm_op_SpecLoopName, void @empty_45" [/home/lab_726/boom/hls_boom/src/boom_core_merged.cpp:1089]   --->   Operation 119 'specloopname' 'specloopname_ln1089' <Predicate = (!icmp_ln1089)> <Delay = 0.00>
ST_7 : Operation 120 [1/1] (0.00ns)   --->   "%state_completion_mem_execute_valid_load = load i1 %state_completion_mem_execute_valid" [/home/lab_726/boom/hls_boom/src/boom_core_merged.cpp:971]   --->   Operation 120 'load' 'state_completion_mem_execute_valid_load' <Predicate = (!icmp_ln1089)> <Delay = 0.00>
ST_7 : Operation 121 [1/1] (0.00ns)   --->   "%br_ln971 = br i1 %state_completion_mem_execute_valid_load, void %._crit_edge13, void" [/home/lab_726/boom/hls_boom/src/boom_core_merged.cpp:971]   --->   Operation 121 'br' 'br_ln971' <Predicate = (!icmp_ln1089)> <Delay = 0.00>
ST_7 : Operation 122 [1/1] (0.00ns)   --->   "%state_completion_mem_execute_kind_load = load i3 %state_completion_mem_execute_kind" [/home/lab_726/boom/hls_boom/src/boom_core_merged.cpp:972]   --->   Operation 122 'load' 'state_completion_mem_execute_kind_load' <Predicate = (!icmp_ln1089 & state_completion_mem_execute_valid_load)> <Delay = 0.00>
ST_7 : Operation 123 [1/1] (0.00ns)   --->   "%zext_ln972 = zext i3 %state_completion_mem_execute_kind_load" [/home/lab_726/boom/hls_boom/src/boom_core_merged.cpp:972]   --->   Operation 123 'zext' 'zext_ln972' <Predicate = (!icmp_ln1089 & state_completion_mem_execute_valid_load)> <Delay = 0.00>
ST_7 : Operation 124 [1/1] (0.00ns)   --->   "%state_completion_mem_execute_source_load = load i1 %state_completion_mem_execute_source" [/home/lab_726/boom/hls_boom/src/boom_core_merged.cpp:972]   --->   Operation 124 'load' 'state_completion_mem_execute_source_load' <Predicate = (!icmp_ln1089 & state_completion_mem_execute_valid_load)> <Delay = 0.00>
ST_7 : Operation 125 [1/1] (0.00ns)   --->   "%zext_ln972_1 = zext i1 %state_completion_mem_execute_source_load" [/home/lab_726/boom/hls_boom/src/boom_core_merged.cpp:972]   --->   Operation 125 'zext' 'zext_ln972_1' <Predicate = (!icmp_ln1089 & state_completion_mem_execute_valid_load)> <Delay = 0.00>
ST_7 : Operation 126 [1/1] (0.00ns)   --->   "%index = load i5 %state_completion_mem_execute_uop_queue_rob_idx" [/home/lab_726/boom/hls_boom/src/boom_core_merged.cpp:972]   --->   Operation 126 'load' 'index' <Predicate = (!icmp_ln1089 & state_completion_mem_execute_valid_load)> <Delay = 0.00>
ST_7 : Operation 127 [1/1] (0.00ns)   --->   "%zext_ln972_2 = zext i5 %index" [/home/lab_726/boom/hls_boom/src/boom_core_merged.cpp:972]   --->   Operation 127 'zext' 'zext_ln972_2' <Predicate = (!icmp_ln1089 & state_completion_mem_execute_valid_load)> <Delay = 0.00>
ST_7 : Operation 128 [1/1] (0.00ns)   --->   "%state_completion_mem_execute_uop_queue_rob_allocation_id_load = load i2 %state_completion_mem_execute_uop_queue_rob_allocation_id" [/home/lab_726/boom/hls_boom/src/boom_core_merged.cpp:972]   --->   Operation 128 'load' 'state_completion_mem_execute_uop_queue_rob_allocation_id_load' <Predicate = (!icmp_ln1089 & state_completion_mem_execute_valid_load)> <Delay = 0.00>
ST_7 : Operation 129 [1/1] (0.00ns)   --->   "%zext_ln972_3 = zext i2 %state_completion_mem_execute_uop_queue_rob_allocation_id_load" [/home/lab_726/boom/hls_boom/src/boom_core_merged.cpp:972]   --->   Operation 129 'zext' 'zext_ln972_3' <Predicate = (!icmp_ln1089 & state_completion_mem_execute_valid_load)> <Delay = 0.00>
ST_7 : Operation 130 [2/2] (4.29ns)   --->   "%tmp_2 = call i1 @completion_is_valid, i1 1, i8 %zext_ln972, i8 %zext_ln972_1, i8 %zext_ln972_2, i32 %zext_ln972_3, i32 0, i1 %state_rob_entries_valid, i2 %state_rob_entries_uop_queue_rob_allocation_id, i1 %state_rob_entries_busy, i1 %state_rob_entries_memory_valid, i1 %state_rob_entries_memory_completed, i1 %state_rob_entries_is_load, i1 %state_rob_entries_memory_request_sent, i1 %state_rob_entries_memory_transaction_id" [/home/lab_726/boom/hls_boom/src/boom_core_merged.cpp:972]   --->   Operation 130 'call' 'tmp_2' <Predicate = (!icmp_ln1089 & state_completion_mem_execute_valid_load)> <Delay = 4.29> <CoreType = "Generic">   --->   Core 0 '' <Latency = 0> <II = 1> <Delay = 1.00> <Generic> <Opcode : >

State 8 <SV = 4> <Delay = 4.25>
ST_8 : Operation 131 [1/2] (4.25ns)   --->   "%tmp_2 = call i1 @completion_is_valid, i1 1, i8 %zext_ln972, i8 %zext_ln972_1, i8 %zext_ln972_2, i32 %zext_ln972_3, i32 0, i1 %state_rob_entries_valid, i2 %state_rob_entries_uop_queue_rob_allocation_id, i1 %state_rob_entries_busy, i1 %state_rob_entries_memory_valid, i1 %state_rob_entries_memory_completed, i1 %state_rob_entries_is_load, i1 %state_rob_entries_memory_request_sent, i1 %state_rob_entries_memory_transaction_id" [/home/lab_726/boom/hls_boom/src/boom_core_merged.cpp:972]   --->   Operation 131 'call' 'tmp_2' <Predicate = true> <Delay = 4.25> <CoreType = "Generic">   --->   Core 0 '' <Latency = 0> <II = 1> <Delay = 1.00> <Generic> <Opcode : >
ST_8 : Operation 132 [1/1] (0.00ns)   --->   "%br_ln971 = br i1 %tmp_2, void, void %._crit_edge13" [/home/lab_726/boom/hls_boom/src/boom_core_merged.cpp:971]   --->   Operation 132 'br' 'br_ln971' <Predicate = true> <Delay = 0.00>

State 9 <SV = 5> <Delay = 0.67>
ST_9 : Operation 133 [1/1] (0.00ns)   --->   "%zext_ln577 = zext i5 %index" [/home/lab_726/boom/hls_boom/src/boom_core_merged.cpp:577]   --->   Operation 133 'zext' 'zext_ln577' <Predicate = true> <Delay = 0.00>
ST_9 : Operation 134 [1/1] (0.00ns)   --->   "%state_rob_entries_valid_addr_4 = getelementptr i1 %state_rob_entries_valid, i64 0, i64 %zext_ln577" [/home/lab_726/boom/hls_boom/src/boom_core_merged.cpp:577]   --->   Operation 134 'getelementptr' 'state_rob_entries_valid_addr_4' <Predicate = true> <Delay = 0.00>
ST_9 : Operation 135 [2/2] (0.67ns)   --->   "%state_rob_entries_valid_load_1 = load i5 %state_rob_entries_valid_addr_4" [/home/lab_726/boom/hls_boom/src/boom_core_merged.cpp:577]   --->   Operation 135 'load' 'state_rob_entries_valid_load_1' <Predicate = true> <Delay = 0.67> <CoreInst = "RAM">   --->   Core 83 'RAM' <Latency = 1> <II = 1> <Delay = 0.67> <Storage> <Opcode : 'load' 'store'> <Ports = 2> <Width = 1> <Depth = 32> <RAM>

State 10 <SV = 6> <Delay = 0.67>
ST_10 : Operation 136 [1/2] (0.67ns)   --->   "%state_rob_entries_valid_load_1 = load i5 %state_rob_entries_valid_addr_4" [/home/lab_726/boom/hls_boom/src/boom_core_merged.cpp:577]   --->   Operation 136 'load' 'state_rob_entries_valid_load_1' <Predicate = true> <Delay = 0.67> <CoreInst = "RAM">   --->   Core 83 'RAM' <Latency = 1> <II = 1> <Delay = 0.67> <Storage> <Opcode : 'load' 'store'> <Ports = 2> <Width = 1> <Depth = 32> <RAM>
ST_10 : Operation 137 [1/1] (0.00ns)   --->   "%br_ln577 = br i1 %state_rob_entries_valid_load_1, void %.critedge102, void %_ZN4boom24completion_has_rob_ownerERK13BoomCoreStateRK16RobCompleteEvent.77.92.113.137.161.185.209.233.257.exit73" [/home/lab_726/boom/hls_boom/src/boom_core_merged.cpp:577]   --->   Operation 137 'br' 'br_ln577' <Predicate = true> <Delay = 0.00>
ST_10 : Operation 138 [1/1] (0.00ns)   --->   "%state_rob_entries_uop_queue_rob_allocation_id_addr_3 = getelementptr i2 %state_rob_entries_uop_queue_rob_allocation_id, i64 0, i64 %zext_ln577" [/home/lab_726/boom/hls_boom/src/boom_core_merged.cpp:578]   --->   Operation 138 'getelementptr' 'state_rob_entries_uop_queue_rob_allocation_id_addr_3' <Predicate = (state_rob_entries_valid_load_1)> <Delay = 0.00>
ST_10 : Operation 139 [2/2] (0.67ns)   --->   "%state_rob_entries_uop_queue_rob_allocation_id_load = load i5 %state_rob_entries_uop_queue_rob_allocation_id_addr_3" [/home/lab_726/boom/hls_boom/src/boom_core_merged.cpp:578]   --->   Operation 139 'load' 'state_rob_entries_uop_queue_rob_allocation_id_load' <Predicate = (state_rob_entries_valid_load_1)> <Delay = 0.67> <CoreInst = "RAM">   --->   Core 83 'RAM' <Latency = 1> <II = 1> <Delay = 0.67> <Storage> <Opcode : 'load' 'store'> <Ports = 2> <Width = 2> <Depth = 32> <RAM>

State 11 <SV = 7> <Delay = 1.12>
ST_11 : Operation 140 [1/2] (0.67ns)   --->   "%state_rob_entries_uop_queue_rob_allocation_id_load = load i5 %state_rob_entries_uop_queue_rob_allocation_id_addr_3" [/home/lab_726/boom/hls_boom/src/boom_core_merged.cpp:578]   --->   Operation 140 'load' 'state_rob_entries_uop_queue_rob_allocation_id_load' <Predicate = true> <Delay = 0.67> <CoreInst = "RAM">   --->   Core 83 'RAM' <Latency = 1> <II = 1> <Delay = 0.67> <Storage> <Opcode : 'load' 'store'> <Ports = 2> <Width = 2> <Depth = 32> <RAM>
ST_11 : Operation 141 [1/1] (0.44ns)   --->   "%icmp_ln578 = icmp_eq  i2 %state_rob_entries_uop_queue_rob_allocation_id_load, i2 %state_completion_mem_execute_uop_queue_rob_allocation_id_load" [/home/lab_726/boom/hls_boom/src/boom_core_merged.cpp:578]   --->   Operation 141 'icmp' 'icmp_ln578' <Predicate = true> <Delay = 0.44> <CoreInst = "Cmp">   --->   Core 9 'Cmp' <Latency = 0> <II = 1> <Delay = 0.84> <FuncUnit> <Opcode : 'icmp'> <InPorts = 2> <OutPorts = 1>
ST_11 : Operation 142 [1/1] (0.00ns)   --->   "%br_ln973 = br i1 %icmp_ln578, void %.critedge102, void" [/home/lab_726/boom/hls_boom/src/boom_core_merged.cpp:973]   --->   Operation 142 'br' 'br_ln973' <Predicate = true> <Delay = 0.00>
ST_11 : Operation 143 [1/1] (0.00ns)   --->   "%state_rob_entries_busy_addr_3 = getelementptr i1 %state_rob_entries_busy, i64 0, i64 %zext_ln577" [/home/lab_726/boom/hls_boom/src/boom_core_merged.cpp:974]   --->   Operation 143 'getelementptr' 'state_rob_entries_busy_addr_3' <Predicate = (icmp_ln578)> <Delay = 0.00>
ST_11 : Operation 144 [2/2] (0.67ns)   --->   "%state_rob_entries_busy_load = load i5 %state_rob_entries_busy_addr_3" [/home/lab_726/boom/hls_boom/src/boom_core_merged.cpp:974]   --->   Operation 144 'load' 'state_rob_entries_busy_load' <Predicate = (icmp_ln578)> <Delay = 0.67> <CoreInst = "RAM">   --->   Core 83 'RAM' <Latency = 1> <II = 1> <Delay = 0.67> <Storage> <Opcode : 'load' 'store'> <Ports = 2> <Width = 1> <Depth = 32> <RAM>

State 12 <SV = 8> <Delay = 1.51>
ST_12 : Operation 145 [1/2] (0.67ns)   --->   "%state_rob_entries_busy_load = load i5 %state_rob_entries_busy_addr_3" [/home/lab_726/boom/hls_boom/src/boom_core_merged.cpp:974]   --->   Operation 145 'load' 'state_rob_entries_busy_load' <Predicate = (state_completion_mem_execute_valid_load & !tmp_2 & state_rob_entries_valid_load_1 & icmp_ln578)> <Delay = 0.67> <CoreInst = "RAM">   --->   Core 83 'RAM' <Latency = 1> <II = 1> <Delay = 0.67> <Storage> <Opcode : 'load' 'store'> <Ports = 2> <Width = 1> <Depth = 32> <RAM>
ST_12 : Operation 146 [1/1] (0.00ns)   --->   "%br_ln973 = br i1 %state_rob_entries_busy_load, void, void %.critedge102" [/home/lab_726/boom/hls_boom/src/boom_core_merged.cpp:973]   --->   Operation 146 'br' 'br_ln973' <Predicate = (state_completion_mem_execute_valid_load & !tmp_2 & state_rob_entries_valid_load_1 & icmp_ln578)> <Delay = 0.00>
ST_12 : Operation 147 [1/1] (0.00ns)   --->   "%state_completion_dropped_completions_load = load i64 %state_completion_dropped_completions" [/home/lab_726/boom/hls_boom/src/boom_core_merged.cpp:975]   --->   Operation 147 'load' 'state_completion_dropped_completions_load' <Predicate = (state_completion_mem_execute_valid_load & !tmp_2 & state_rob_entries_valid_load_1 & icmp_ln578 & !state_rob_entries_busy_load)> <Delay = 0.00>
ST_12 : Operation 148 [1/1] (1.08ns)   --->   "%add_ln975 = add i64 %state_completion_dropped_completions_load, i64 1" [/home/lab_726/boom/hls_boom/src/boom_core_merged.cpp:975]   --->   Operation 148 'add' 'add_ln975' <Predicate = (state_completion_mem_execute_valid_load & !tmp_2 & state_rob_entries_valid_load_1 & icmp_ln578 & !state_rob_entries_busy_load)> <Delay = 1.08> <CoreInst = "Adder">   --->   Core 1 'Adder' <Latency = 0> <II = 1> <Delay = 1.08> <FuncUnit> <Opcode : 'add' 'sub'> <InPorts = 2> <OutPorts = 1>
ST_12 : Operation 149 [1/1] (0.42ns)   --->   "%store_ln975 = store i64 %add_ln975, i64 %state_completion_dropped_completions" [/home/lab_726/boom/hls_boom/src/boom_core_merged.cpp:975]   --->   Operation 149 'store' 'store_ln975' <Predicate = (state_completion_mem_execute_valid_load & !tmp_2 & state_rob_entries_valid_load_1 & icmp_ln578 & !state_rob_entries_busy_load)> <Delay = 0.42>
ST_12 : Operation 150 [1/1] (0.00ns)   --->   "%br_ln975 = br void %.critedge102" [/home/lab_726/boom/hls_boom/src/boom_core_merged.cpp:975]   --->   Operation 150 'br' 'br_ln975' <Predicate = (state_completion_mem_execute_valid_load & !tmp_2 & state_rob_entries_valid_load_1 & icmp_ln578 & !state_rob_entries_busy_load)> <Delay = 0.00>
ST_12 : Operation 151 [1/1] (0.00ns)   --->   "%store_ln976 = store i1 0, i1 %state_completion_mem_execute_valid" [/home/lab_726/boom/hls_boom/src/boom_core_merged.cpp:976]   --->   Operation 151 'store' 'store_ln976' <Predicate = (state_completion_mem_execute_valid_load & !tmp_2)> <Delay = 0.00>
ST_12 : Operation 152 [1/1] (0.00ns)   --->   "%store_ln976 = store i3 0, i3 %state_completion_mem_execute_kind" [/home/lab_726/boom/hls_boom/src/boom_core_merged.cpp:976]   --->   Operation 152 'store' 'store_ln976' <Predicate = (state_completion_mem_execute_valid_load & !tmp_2)> <Delay = 0.00>
ST_12 : Operation 153 [1/1] (0.00ns)   --->   "%store_ln976 = store i1 0, i1 %state_completion_mem_execute_source" [/home/lab_726/boom/hls_boom/src/boom_core_merged.cpp:976]   --->   Operation 153 'store' 'store_ln976' <Predicate = (state_completion_mem_execute_valid_load & !tmp_2)> <Delay = 0.00>
ST_12 : Operation 154 [1/1] (0.00ns)   --->   "%store_ln976 = store i8 0, i8 %state_completion_mem_execute_uop_branch_br_mask" [/home/lab_726/boom/hls_boom/src/boom_core_merged.cpp:976]   --->   Operation 154 'store' 'store_ln976' <Predicate = (state_completion_mem_execute_valid_load & !tmp_2)> <Delay = 0.00>
ST_12 : Operation 155 [1/1] (0.00ns)   --->   "%store_ln976 = store i1 0, i1 %state_completion_mem_execute_uop_branch_br_tag" [/home/lab_726/boom/hls_boom/src/boom_core_merged.cpp:976]   --->   Operation 155 'store' 'store_ln976' <Predicate = (state_completion_mem_execute_valid_load & !tmp_2)> <Delay = 0.00>
ST_12 : Operation 156 [1/1] (0.00ns)   --->   "%store_ln976 = store i5 0, i5 %state_completion_mem_execute_uop_queue_rob_idx" [/home/lab_726/boom/hls_boom/src/boom_core_merged.cpp:976]   --->   Operation 156 'store' 'store_ln976' <Predicate = (state_completion_mem_execute_valid_load & !tmp_2)> <Delay = 0.00>
ST_12 : Operation 157 [1/1] (0.00ns)   --->   "%store_ln976 = store i2 0, i2 %state_completion_mem_execute_uop_queue_rob_allocation_id" [/home/lab_726/boom/hls_boom/src/boom_core_merged.cpp:976]   --->   Operation 157 'store' 'store_ln976' <Predicate = (state_completion_mem_execute_valid_load & !tmp_2)> <Delay = 0.00>
ST_12 : Operation 158 [1/1] (0.00ns)   --->   "%store_ln976 = store i2 0, i2 %state_completion_mem_execute_uop_rename_pdst" [/home/lab_726/boom/hls_boom/src/boom_core_merged.cpp:976]   --->   Operation 158 'store' 'store_ln976' <Predicate = (state_completion_mem_execute_valid_load & !tmp_2)> <Delay = 0.00>
ST_12 : Operation 159 [1/1] (0.00ns)   --->   "%store_ln976 = store i1 0, i1 %state_completion_mem_execute_writes_prf" [/home/lab_726/boom/hls_boom/src/boom_core_merged.cpp:976]   --->   Operation 159 'store' 'store_ln976' <Predicate = (state_completion_mem_execute_valid_load & !tmp_2)> <Delay = 0.00>
ST_12 : Operation 160 [1/1] (0.00ns)   --->   "%store_ln976 = store i1 0, i1 %state_completion_mem_execute_control_resolved" [/home/lab_726/boom/hls_boom/src/boom_core_merged.cpp:976]   --->   Operation 160 'store' 'store_ln976' <Predicate = (state_completion_mem_execute_valid_load & !tmp_2)> <Delay = 0.00>
ST_12 : Operation 161 [1/1] (0.00ns)   --->   "%store_ln976 = store i64 0, i64 %state_completion_mem_execute_value" [/home/lab_726/boom/hls_boom/src/boom_core_merged.cpp:976]   --->   Operation 161 'store' 'store_ln976' <Predicate = (state_completion_mem_execute_valid_load & !tmp_2)> <Delay = 0.00>
ST_12 : Operation 162 [1/1] (0.00ns)   --->   "%br_ln977 = br void %._crit_edge13" [/home/lab_726/boom/hls_boom/src/boom_core_merged.cpp:977]   --->   Operation 162 'br' 'br_ln977' <Predicate = (state_completion_mem_execute_valid_load & !tmp_2)> <Delay = 0.00>
ST_12 : Operation 163 [1/1] (0.00ns)   --->   "%state_completion_int_execute_valid_load = load i1 %state_completion_int_execute_valid" [/home/lab_726/boom/hls_boom/src/boom_core_merged.cpp:978]   --->   Operation 163 'load' 'state_completion_int_execute_valid_load' <Predicate = true> <Delay = 0.00>
ST_12 : Operation 164 [1/1] (0.00ns)   --->   "%br_ln978 = br i1 %state_completion_int_execute_valid_load, void %_ZN4boomL23discard_invalid_pendingER13BoomCoreState.exit, void" [/home/lab_726/boom/hls_boom/src/boom_core_merged.cpp:978]   --->   Operation 164 'br' 'br_ln978' <Predicate = true> <Delay = 0.00>

State 13 <SV = 9> <Delay = 4.29>
ST_13 : Operation 165 [1/1] (0.00ns)   --->   "%state_completion_int_execute_kind_load = load i3 %state_completion_int_execute_kind" [/home/lab_726/boom/hls_boom/src/boom_core_merged.cpp:979]   --->   Operation 165 'load' 'state_completion_int_execute_kind_load' <Predicate = true> <Delay = 0.00>
ST_13 : Operation 166 [1/1] (0.00ns)   --->   "%zext_ln979 = zext i3 %state_completion_int_execute_kind_load" [/home/lab_726/boom/hls_boom/src/boom_core_merged.cpp:979]   --->   Operation 166 'zext' 'zext_ln979' <Predicate = true> <Delay = 0.00>
ST_13 : Operation 167 [1/1] (0.00ns)   --->   "%state_completion_int_execute_source_load = load i2 %state_completion_int_execute_source" [/home/lab_726/boom/hls_boom/src/boom_core_merged.cpp:979]   --->   Operation 167 'load' 'state_completion_int_execute_source_load' <Predicate = true> <Delay = 0.00>
ST_13 : Operation 168 [1/1] (0.00ns)   --->   "%zext_ln979_1 = zext i2 %state_completion_int_execute_source_load" [/home/lab_726/boom/hls_boom/src/boom_core_merged.cpp:979]   --->   Operation 168 'zext' 'zext_ln979_1' <Predicate = true> <Delay = 0.00>
ST_13 : Operation 169 [1/1] (0.00ns)   --->   "%index_1 = load i5 %state_completion_int_execute_uop_queue_rob_idx" [/home/lab_726/boom/hls_boom/src/boom_core_merged.cpp:979]   --->   Operation 169 'load' 'index_1' <Predicate = true> <Delay = 0.00>
ST_13 : Operation 170 [1/1] (0.00ns)   --->   "%zext_ln979_2 = zext i5 %index_1" [/home/lab_726/boom/hls_boom/src/boom_core_merged.cpp:979]   --->   Operation 170 'zext' 'zext_ln979_2' <Predicate = true> <Delay = 0.00>
ST_13 : Operation 171 [1/1] (0.00ns)   --->   "%state_completion_int_execute_uop_queue_rob_allocation_id_load = load i2 %state_completion_int_execute_uop_queue_rob_allocation_id" [/home/lab_726/boom/hls_boom/src/boom_core_merged.cpp:979]   --->   Operation 171 'load' 'state_completion_int_execute_uop_queue_rob_allocation_id_load' <Predicate = true> <Delay = 0.00>
ST_13 : Operation 172 [1/1] (0.00ns)   --->   "%zext_ln979_3 = zext i2 %state_completion_int_execute_uop_queue_rob_allocation_id_load" [/home/lab_726/boom/hls_boom/src/boom_core_merged.cpp:979]   --->   Operation 172 'zext' 'zext_ln979_3' <Predicate = true> <Delay = 0.00>
ST_13 : Operation 173 [2/2] (4.29ns)   --->   "%tmp_3 = call i1 @completion_is_valid, i1 1, i8 %zext_ln979, i8 %zext_ln979_1, i8 %zext_ln979_2, i32 %zext_ln979_3, i32 0, i1 %state_rob_entries_valid, i2 %state_rob_entries_uop_queue_rob_allocation_id, i1 %state_rob_entries_busy, i1 %state_rob_entries_memory_valid, i1 %state_rob_entries_memory_completed, i1 %state_rob_entries_is_load, i1 %state_rob_entries_memory_request_sent, i1 %state_rob_entries_memory_transaction_id" [/home/lab_726/boom/hls_boom/src/boom_core_merged.cpp:979]   --->   Operation 173 'call' 'tmp_3' <Predicate = true> <Delay = 4.29> <CoreType = "Generic">   --->   Core 0 '' <Latency = 0> <II = 1> <Delay = 1.00> <Generic> <Opcode : >

State 14 <SV = 10> <Delay = 4.25>
ST_14 : Operation 174 [1/2] (4.25ns)   --->   "%tmp_3 = call i1 @completion_is_valid, i1 1, i8 %zext_ln979, i8 %zext_ln979_1, i8 %zext_ln979_2, i32 %zext_ln979_3, i32 0, i1 %state_rob_entries_valid, i2 %state_rob_entries_uop_queue_rob_allocation_id, i1 %state_rob_entries_busy, i1 %state_rob_entries_memory_valid, i1 %state_rob_entries_memory_completed, i1 %state_rob_entries_is_load, i1 %state_rob_entries_memory_request_sent, i1 %state_rob_entries_memory_transaction_id" [/home/lab_726/boom/hls_boom/src/boom_core_merged.cpp:979]   --->   Operation 174 'call' 'tmp_3' <Predicate = true> <Delay = 4.25> <CoreType = "Generic">   --->   Core 0 '' <Latency = 0> <II = 1> <Delay = 1.00> <Generic> <Opcode : >
ST_14 : Operation 175 [1/1] (0.00ns)   --->   "%br_ln978 = br i1 %tmp_3, void, void %_ZN4boomL23discard_invalid_pendingER13BoomCoreState.exit" [/home/lab_726/boom/hls_boom/src/boom_core_merged.cpp:978]   --->   Operation 175 'br' 'br_ln978' <Predicate = true> <Delay = 0.00>

State 15 <SV = 11> <Delay = 0.67>
ST_15 : Operation 176 [1/1] (0.00ns)   --->   "%zext_ln577_1 = zext i5 %index_1" [/home/lab_726/boom/hls_boom/src/boom_core_merged.cpp:577]   --->   Operation 176 'zext' 'zext_ln577_1' <Predicate = true> <Delay = 0.00>
ST_15 : Operation 177 [1/1] (0.00ns)   --->   "%state_rob_entries_valid_addr_5 = getelementptr i1 %state_rob_entries_valid, i64 0, i64 %zext_ln577_1" [/home/lab_726/boom/hls_boom/src/boom_core_merged.cpp:577]   --->   Operation 177 'getelementptr' 'state_rob_entries_valid_addr_5' <Predicate = true> <Delay = 0.00>
ST_15 : Operation 178 [2/2] (0.67ns)   --->   "%state_rob_entries_valid_load_2 = load i5 %state_rob_entries_valid_addr_5" [/home/lab_726/boom/hls_boom/src/boom_core_merged.cpp:577]   --->   Operation 178 'load' 'state_rob_entries_valid_load_2' <Predicate = true> <Delay = 0.67> <CoreInst = "RAM">   --->   Core 83 'RAM' <Latency = 1> <II = 1> <Delay = 0.67> <Storage> <Opcode : 'load' 'store'> <Ports = 2> <Width = 1> <Depth = 32> <RAM>

State 16 <SV = 12> <Delay = 0.67>
ST_16 : Operation 179 [1/2] (0.67ns)   --->   "%state_rob_entries_valid_load_2 = load i5 %state_rob_entries_valid_addr_5" [/home/lab_726/boom/hls_boom/src/boom_core_merged.cpp:577]   --->   Operation 179 'load' 'state_rob_entries_valid_load_2' <Predicate = true> <Delay = 0.67> <CoreInst = "RAM">   --->   Core 83 'RAM' <Latency = 1> <II = 1> <Delay = 0.67> <Storage> <Opcode : 'load' 'store'> <Ports = 2> <Width = 1> <Depth = 32> <RAM>
ST_16 : Operation 180 [1/1] (0.00ns)   --->   "%br_ln577 = br i1 %state_rob_entries_valid_load_2, void %.critedge104, void %_ZN4boom24completion_has_rob_ownerERK13BoomCoreStateRK16RobCompleteEvent.77.92.113.137.161.185.209.233.257.exit80" [/home/lab_726/boom/hls_boom/src/boom_core_merged.cpp:577]   --->   Operation 180 'br' 'br_ln577' <Predicate = true> <Delay = 0.00>
ST_16 : Operation 181 [1/1] (0.00ns)   --->   "%state_rob_entries_uop_queue_rob_allocation_id_addr = getelementptr i2 %state_rob_entries_uop_queue_rob_allocation_id, i64 0, i64 %zext_ln577_1" [/home/lab_726/boom/hls_boom/src/boom_core_merged.cpp:578]   --->   Operation 181 'getelementptr' 'state_rob_entries_uop_queue_rob_allocation_id_addr' <Predicate = (state_rob_entries_valid_load_2)> <Delay = 0.00>
ST_16 : Operation 182 [2/2] (0.67ns)   --->   "%state_rob_entries_uop_queue_rob_allocation_id_load_1 = load i5 %state_rob_entries_uop_queue_rob_allocation_id_addr" [/home/lab_726/boom/hls_boom/src/boom_core_merged.cpp:578]   --->   Operation 182 'load' 'state_rob_entries_uop_queue_rob_allocation_id_load_1' <Predicate = (state_rob_entries_valid_load_2)> <Delay = 0.67> <CoreInst = "RAM">   --->   Core 83 'RAM' <Latency = 1> <II = 1> <Delay = 0.67> <Storage> <Opcode : 'load' 'store'> <Ports = 2> <Width = 2> <Depth = 32> <RAM>

State 17 <SV = 13> <Delay = 1.12>
ST_17 : Operation 183 [1/2] (0.67ns)   --->   "%state_rob_entries_uop_queue_rob_allocation_id_load_1 = load i5 %state_rob_entries_uop_queue_rob_allocation_id_addr" [/home/lab_726/boom/hls_boom/src/boom_core_merged.cpp:578]   --->   Operation 183 'load' 'state_rob_entries_uop_queue_rob_allocation_id_load_1' <Predicate = true> <Delay = 0.67> <CoreInst = "RAM">   --->   Core 83 'RAM' <Latency = 1> <II = 1> <Delay = 0.67> <Storage> <Opcode : 'load' 'store'> <Ports = 2> <Width = 2> <Depth = 32> <RAM>
ST_17 : Operation 184 [1/1] (0.44ns)   --->   "%icmp_ln578_1 = icmp_eq  i2 %state_rob_entries_uop_queue_rob_allocation_id_load_1, i2 %state_completion_int_execute_uop_queue_rob_allocation_id_load" [/home/lab_726/boom/hls_boom/src/boom_core_merged.cpp:578]   --->   Operation 184 'icmp' 'icmp_ln578_1' <Predicate = true> <Delay = 0.44> <CoreInst = "Cmp">   --->   Core 9 'Cmp' <Latency = 0> <II = 1> <Delay = 0.84> <FuncUnit> <Opcode : 'icmp'> <InPorts = 2> <OutPorts = 1>
ST_17 : Operation 185 [1/1] (0.00ns)   --->   "%br_ln980 = br i1 %icmp_ln578_1, void %.critedge104, void" [/home/lab_726/boom/hls_boom/src/boom_core_merged.cpp:980]   --->   Operation 185 'br' 'br_ln980' <Predicate = true> <Delay = 0.00>
ST_17 : Operation 186 [1/1] (0.00ns)   --->   "%state_rob_entries_busy_addr = getelementptr i1 %state_rob_entries_busy, i64 0, i64 %zext_ln577_1" [/home/lab_726/boom/hls_boom/src/boom_core_merged.cpp:981]   --->   Operation 186 'getelementptr' 'state_rob_entries_busy_addr' <Predicate = (icmp_ln578_1)> <Delay = 0.00>
ST_17 : Operation 187 [2/2] (0.67ns)   --->   "%state_rob_entries_busy_load_2 = load i5 %state_rob_entries_busy_addr" [/home/lab_726/boom/hls_boom/src/boom_core_merged.cpp:981]   --->   Operation 187 'load' 'state_rob_entries_busy_load_2' <Predicate = (icmp_ln578_1)> <Delay = 0.67> <CoreInst = "RAM">   --->   Core 83 'RAM' <Latency = 1> <II = 1> <Delay = 0.67> <Storage> <Opcode : 'load' 'store'> <Ports = 2> <Width = 1> <Depth = 32> <RAM>

State 18 <SV = 14> <Delay = 1.51>
ST_18 : Operation 188 [1/2] (0.67ns)   --->   "%state_rob_entries_busy_load_2 = load i5 %state_rob_entries_busy_addr" [/home/lab_726/boom/hls_boom/src/boom_core_merged.cpp:981]   --->   Operation 188 'load' 'state_rob_entries_busy_load_2' <Predicate = (state_completion_int_execute_valid_load & !tmp_3 & state_rob_entries_valid_load_2 & icmp_ln578_1)> <Delay = 0.67> <CoreInst = "RAM">   --->   Core 83 'RAM' <Latency = 1> <II = 1> <Delay = 0.67> <Storage> <Opcode : 'load' 'store'> <Ports = 2> <Width = 1> <Depth = 32> <RAM>
ST_18 : Operation 189 [1/1] (0.00ns)   --->   "%br_ln980 = br i1 %state_rob_entries_busy_load_2, void, void %.critedge104" [/home/lab_726/boom/hls_boom/src/boom_core_merged.cpp:980]   --->   Operation 189 'br' 'br_ln980' <Predicate = (state_completion_int_execute_valid_load & !tmp_3 & state_rob_entries_valid_load_2 & icmp_ln578_1)> <Delay = 0.00>
ST_18 : Operation 190 [1/1] (0.00ns)   --->   "%state_completion_dropped_completions_load_1 = load i64 %state_completion_dropped_completions" [/home/lab_726/boom/hls_boom/src/boom_core_merged.cpp:982]   --->   Operation 190 'load' 'state_completion_dropped_completions_load_1' <Predicate = (state_completion_int_execute_valid_load & !tmp_3 & state_rob_entries_valid_load_2 & icmp_ln578_1 & !state_rob_entries_busy_load_2)> <Delay = 0.00>
ST_18 : Operation 191 [1/1] (1.08ns)   --->   "%add_ln982 = add i64 %state_completion_dropped_completions_load_1, i64 1" [/home/lab_726/boom/hls_boom/src/boom_core_merged.cpp:982]   --->   Operation 191 'add' 'add_ln982' <Predicate = (state_completion_int_execute_valid_load & !tmp_3 & state_rob_entries_valid_load_2 & icmp_ln578_1 & !state_rob_entries_busy_load_2)> <Delay = 1.08> <CoreInst = "Adder">   --->   Core 1 'Adder' <Latency = 0> <II = 1> <Delay = 1.08> <FuncUnit> <Opcode : 'add' 'sub'> <InPorts = 2> <OutPorts = 1>
ST_18 : Operation 192 [1/1] (0.42ns)   --->   "%store_ln982 = store i64 %add_ln982, i64 %state_completion_dropped_completions" [/home/lab_726/boom/hls_boom/src/boom_core_merged.cpp:982]   --->   Operation 192 'store' 'store_ln982' <Predicate = (state_completion_int_execute_valid_load & !tmp_3 & state_rob_entries_valid_load_2 & icmp_ln578_1 & !state_rob_entries_busy_load_2)> <Delay = 0.42>
ST_18 : Operation 193 [1/1] (0.00ns)   --->   "%br_ln982 = br void %.critedge104" [/home/lab_726/boom/hls_boom/src/boom_core_merged.cpp:982]   --->   Operation 193 'br' 'br_ln982' <Predicate = (state_completion_int_execute_valid_load & !tmp_3 & state_rob_entries_valid_load_2 & icmp_ln578_1 & !state_rob_entries_busy_load_2)> <Delay = 0.00>
ST_18 : Operation 194 [1/1] (0.00ns)   --->   "%store_ln983 = store i1 0, i1 %state_completion_int_execute_valid" [/home/lab_726/boom/hls_boom/src/boom_core_merged.cpp:983]   --->   Operation 194 'store' 'store_ln983' <Predicate = (state_completion_int_execute_valid_load & !tmp_3)> <Delay = 0.00>
ST_18 : Operation 195 [1/1] (0.00ns)   --->   "%store_ln983 = store i3 0, i3 %state_completion_int_execute_kind" [/home/lab_726/boom/hls_boom/src/boom_core_merged.cpp:983]   --->   Operation 195 'store' 'store_ln983' <Predicate = (state_completion_int_execute_valid_load & !tmp_3)> <Delay = 0.00>
ST_18 : Operation 196 [1/1] (0.00ns)   --->   "%store_ln983 = store i2 0, i2 %state_completion_int_execute_source" [/home/lab_726/boom/hls_boom/src/boom_core_merged.cpp:983]   --->   Operation 196 'store' 'store_ln983' <Predicate = (state_completion_int_execute_valid_load & !tmp_3)> <Delay = 0.00>
ST_18 : Operation 197 [1/1] (0.00ns)   --->   "%store_ln983 = store i8 0, i8 %state_completion_int_execute_uop_branch_br_mask" [/home/lab_726/boom/hls_boom/src/boom_core_merged.cpp:983]   --->   Operation 197 'store' 'store_ln983' <Predicate = (state_completion_int_execute_valid_load & !tmp_3)> <Delay = 0.00>
ST_18 : Operation 198 [1/1] (0.00ns)   --->   "%store_ln983 = store i1 0, i1 %state_completion_int_execute_uop_branch_br_tag" [/home/lab_726/boom/hls_boom/src/boom_core_merged.cpp:983]   --->   Operation 198 'store' 'store_ln983' <Predicate = (state_completion_int_execute_valid_load & !tmp_3)> <Delay = 0.00>
ST_18 : Operation 199 [1/1] (0.00ns)   --->   "%store_ln983 = store i5 0, i5 %state_completion_int_execute_uop_queue_rob_idx" [/home/lab_726/boom/hls_boom/src/boom_core_merged.cpp:983]   --->   Operation 199 'store' 'store_ln983' <Predicate = (state_completion_int_execute_valid_load & !tmp_3)> <Delay = 0.00>
ST_18 : Operation 200 [1/1] (0.00ns)   --->   "%store_ln983 = store i2 0, i2 %state_completion_int_execute_uop_queue_rob_allocation_id" [/home/lab_726/boom/hls_boom/src/boom_core_merged.cpp:983]   --->   Operation 200 'store' 'store_ln983' <Predicate = (state_completion_int_execute_valid_load & !tmp_3)> <Delay = 0.00>
ST_18 : Operation 201 [1/1] (0.00ns)   --->   "%store_ln983 = store i3 0, i3 %state_completion_int_execute_uop_rename_pdst" [/home/lab_726/boom/hls_boom/src/boom_core_merged.cpp:983]   --->   Operation 201 'store' 'store_ln983' <Predicate = (state_completion_int_execute_valid_load & !tmp_3)> <Delay = 0.00>
ST_18 : Operation 202 [1/1] (0.00ns)   --->   "%store_ln983 = store i1 0, i1 %state_completion_int_execute_writes_prf" [/home/lab_726/boom/hls_boom/src/boom_core_merged.cpp:983]   --->   Operation 202 'store' 'store_ln983' <Predicate = (state_completion_int_execute_valid_load & !tmp_3)> <Delay = 0.00>
ST_18 : Operation 203 [1/1] (0.00ns)   --->   "%store_ln983 = store i1 0, i1 %state_completion_int_execute_control_resolved" [/home/lab_726/boom/hls_boom/src/boom_core_merged.cpp:983]   --->   Operation 203 'store' 'store_ln983' <Predicate = (state_completion_int_execute_valid_load & !tmp_3)> <Delay = 0.00>
ST_18 : Operation 204 [1/1] (0.00ns)   --->   "%store_ln983 = store i64 0, i64 %state_completion_int_execute_value" [/home/lab_726/boom/hls_boom/src/boom_core_merged.cpp:983]   --->   Operation 204 'store' 'store_ln983' <Predicate = (state_completion_int_execute_valid_load & !tmp_3)> <Delay = 0.00>
ST_18 : Operation 205 [1/1] (0.00ns)   --->   "%br_ln984 = br void %_ZN4boomL23discard_invalid_pendingER13BoomCoreState.exit" [/home/lab_726/boom/hls_boom/src/boom_core_merged.cpp:984]   --->   Operation 205 'br' 'br_ln984' <Predicate = (state_completion_int_execute_valid_load & !tmp_3)> <Delay = 0.00>
ST_18 : Operation 206 [1/1] (0.00ns)   --->   "%ports_valid_1 = load i1 %state_completion_mem_execute_valid" [/home/lab_726/boom/hls_boom/src/boom_core_merged.cpp:688]   --->   Operation 206 'load' 'ports_valid_1' <Predicate = true> <Delay = 0.00>
ST_18 : Operation 207 [1/1] (0.00ns)   --->   "%ports_kind_1 = load i3 %state_completion_mem_execute_kind" [/home/lab_726/boom/hls_boom/src/boom_core_merged.cpp:688]   --->   Operation 207 'load' 'ports_kind_1' <Predicate = true> <Delay = 0.00>
ST_18 : Operation 208 [1/1] (0.00ns)   --->   "%zext_ln688 = zext i3 %ports_kind_1" [/home/lab_726/boom/hls_boom/src/boom_core_merged.cpp:688]   --->   Operation 208 'zext' 'zext_ln688' <Predicate = true> <Delay = 0.00>
ST_18 : Operation 209 [1/1] (0.00ns)   --->   "%ports_source_1 = load i1 %state_completion_mem_execute_source" [/home/lab_726/boom/hls_boom/src/boom_core_merged.cpp:688]   --->   Operation 209 'load' 'ports_source_1' <Predicate = true> <Delay = 0.00>
ST_18 : Operation 210 [1/1] (0.00ns)   --->   "%zext_ln688_1 = zext i1 %ports_source_1" [/home/lab_726/boom/hls_boom/src/boom_core_merged.cpp:688]   --->   Operation 210 'zext' 'zext_ln688_1' <Predicate = true> <Delay = 0.00>
ST_18 : Operation 211 [1/1] (0.00ns)   --->   "%zext_ln688_2 = zext i1 %ports_source_1" [/home/lab_726/boom/hls_boom/src/boom_core_merged.cpp:688]   --->   Operation 211 'zext' 'zext_ln688_2' <Predicate = true> <Delay = 0.00>
ST_18 : Operation 212 [1/1] (0.00ns)   --->   "%index_5 = load i5 %state_completion_mem_execute_uop_queue_rob_idx" [/home/lab_726/boom/hls_boom/src/boom_core_merged.cpp:688]   --->   Operation 212 'load' 'index_5' <Predicate = true> <Delay = 0.00>
ST_18 : Operation 213 [1/1] (0.00ns)   --->   "%zext_ln638 = zext i5 %index_5" [/home/lab_726/boom/hls_boom/src/boom_core_merged.cpp:638]   --->   Operation 213 'zext' 'zext_ln638' <Predicate = true> <Delay = 0.00>
ST_18 : Operation 214 [1/1] (0.00ns)   --->   "%ports_uop_queue_rob_allocation_id_1 = load i2 %state_completion_mem_execute_uop_queue_rob_allocation_id" [/home/lab_726/boom/hls_boom/src/boom_core_merged.cpp:688]   --->   Operation 214 'load' 'ports_uop_queue_rob_allocation_id_1' <Predicate = true> <Delay = 0.00>
ST_18 : Operation 215 [1/1] (0.00ns)   --->   "%zext_ln688_3 = zext i2 %ports_uop_queue_rob_allocation_id_1" [/home/lab_726/boom/hls_boom/src/boom_core_merged.cpp:688]   --->   Operation 215 'zext' 'zext_ln688_3' <Predicate = true> <Delay = 0.00>
ST_18 : Operation 216 [1/1] (0.00ns)   --->   "%ports_uop_rename_pdst_1 = load i2 %state_completion_mem_execute_uop_rename_pdst" [/home/lab_726/boom/hls_boom/src/boom_core_merged.cpp:688]   --->   Operation 216 'load' 'ports_uop_rename_pdst_1' <Predicate = true> <Delay = 0.00>
ST_18 : Operation 217 [1/1] (0.00ns)   --->   "%zext_ln688_4 = zext i2 %ports_uop_rename_pdst_1" [/home/lab_726/boom/hls_boom/src/boom_core_merged.cpp:688]   --->   Operation 217 'zext' 'zext_ln688_4' <Predicate = true> <Delay = 0.00>
ST_18 : Operation 218 [1/1] (0.00ns)   --->   "%zext_ln688_5 = zext i2 %ports_uop_rename_pdst_1" [/home/lab_726/boom/hls_boom/src/boom_core_merged.cpp:688]   --->   Operation 218 'zext' 'zext_ln688_5' <Predicate = true> <Delay = 0.00>
ST_18 : Operation 219 [1/1] (0.00ns)   --->   "%ports_writes_prf_1 = load i1 %state_completion_mem_execute_writes_prf" [/home/lab_726/boom/hls_boom/src/boom_core_merged.cpp:688]   --->   Operation 219 'load' 'ports_writes_prf_1' <Predicate = true> <Delay = 0.00>
ST_18 : Operation 220 [1/1] (0.00ns)   --->   "%ports_value_1 = load i64 %state_completion_mem_execute_value" [/home/lab_726/boom/hls_boom/src/boom_core_merged.cpp:688]   --->   Operation 220 'load' 'ports_value_1' <Predicate = true> <Delay = 0.00>
ST_18 : Operation 221 [1/1] (0.00ns)   --->   "%ports_valid_2 = load i1 %state_completion_int_execute_valid" [/home/lab_726/boom/hls_boom/src/boom_core_merged.cpp:689]   --->   Operation 221 'load' 'ports_valid_2' <Predicate = true> <Delay = 0.00>
ST_18 : Operation 222 [1/1] (0.00ns)   --->   "%ports_kind_2 = load i3 %state_completion_int_execute_kind" [/home/lab_726/boom/hls_boom/src/boom_core_merged.cpp:689]   --->   Operation 222 'load' 'ports_kind_2' <Predicate = true> <Delay = 0.00>
ST_18 : Operation 223 [1/1] (0.00ns)   --->   "%zext_ln689 = zext i3 %ports_kind_2" [/home/lab_726/boom/hls_boom/src/boom_core_merged.cpp:689]   --->   Operation 223 'zext' 'zext_ln689' <Predicate = true> <Delay = 0.00>
ST_18 : Operation 224 [1/1] (0.00ns)   --->   "%ports_source_2 = load i2 %state_completion_int_execute_source" [/home/lab_726/boom/hls_boom/src/boom_core_merged.cpp:689]   --->   Operation 224 'load' 'ports_source_2' <Predicate = true> <Delay = 0.00>
ST_18 : Operation 225 [1/1] (0.00ns)   --->   "%zext_ln689_1 = zext i2 %ports_source_2" [/home/lab_726/boom/hls_boom/src/boom_core_merged.cpp:689]   --->   Operation 225 'zext' 'zext_ln689_1' <Predicate = true> <Delay = 0.00>
ST_18 : Operation 226 [1/1] (0.00ns)   --->   "%index_4 = load i5 %state_completion_int_execute_uop_queue_rob_idx" [/home/lab_726/boom/hls_boom/src/boom_core_merged.cpp:689]   --->   Operation 226 'load' 'index_4' <Predicate = true> <Delay = 0.00>
ST_18 : Operation 227 [1/1] (0.00ns)   --->   "%zext_ln638_1 = zext i5 %index_4" [/home/lab_726/boom/hls_boom/src/boom_core_merged.cpp:638]   --->   Operation 227 'zext' 'zext_ln638_1' <Predicate = true> <Delay = 0.00>
ST_18 : Operation 228 [1/1] (0.00ns)   --->   "%ports_uop_queue_rob_allocation_id_2 = load i2 %state_completion_int_execute_uop_queue_rob_allocation_id" [/home/lab_726/boom/hls_boom/src/boom_core_merged.cpp:689]   --->   Operation 228 'load' 'ports_uop_queue_rob_allocation_id_2' <Predicate = true> <Delay = 0.00>
ST_18 : Operation 229 [1/1] (0.00ns)   --->   "%zext_ln689_2 = zext i2 %ports_uop_queue_rob_allocation_id_2" [/home/lab_726/boom/hls_boom/src/boom_core_merged.cpp:689]   --->   Operation 229 'zext' 'zext_ln689_2' <Predicate = true> <Delay = 0.00>
ST_18 : Operation 230 [1/1] (0.00ns)   --->   "%ports_uop_rename_pdst_2 = load i3 %state_completion_int_execute_uop_rename_pdst" [/home/lab_726/boom/hls_boom/src/boom_core_merged.cpp:689]   --->   Operation 230 'load' 'ports_uop_rename_pdst_2' <Predicate = true> <Delay = 0.00>
ST_18 : Operation 231 [1/1] (0.00ns)   --->   "%zext_ln689_3 = zext i3 %ports_uop_rename_pdst_2" [/home/lab_726/boom/hls_boom/src/boom_core_merged.cpp:689]   --->   Operation 231 'zext' 'zext_ln689_3' <Predicate = true> <Delay = 0.00>
ST_18 : Operation 232 [1/1] (0.00ns)   --->   "%ports_writes_prf_2 = load i1 %state_completion_int_execute_writes_prf" [/home/lab_726/boom/hls_boom/src/boom_core_merged.cpp:689]   --->   Operation 232 'load' 'ports_writes_prf_2' <Predicate = true> <Delay = 0.00>
ST_18 : Operation 233 [1/1] (0.00ns)   --->   "%ports_value_2 = load i64 %state_completion_int_execute_value" [/home/lab_726/boom/hls_boom/src/boom_core_merged.cpp:689]   --->   Operation 233 'load' 'ports_value_2' <Predicate = true> <Delay = 0.00>
ST_18 : Operation 234 [1/1] (0.42ns)   --->   "%br_ln1097 = br void" [/home/lab_726/boom/hls_boom/src/boom_core_merged.cpp:1097]   --->   Operation 234 'br' 'br_ln1097' <Predicate = true> <Delay = 0.42>

State 19 <SV = 15> <Delay = 5.02>
ST_19 : Operation 235 [1/1] (0.00ns)   --->   "%i_28 = phi i2 0, void %_ZN4boomL23discard_invalid_pendingER13BoomCoreState.exit, i2 %add_ln1097, void %.split._crit_edge" [/home/lab_726/boom/hls_boom/src/boom_core_merged.cpp:1098]   --->   Operation 235 'phi' 'i_28' <Predicate = true> <Delay = 0.00>
ST_19 : Operation 236 [1/1] (0.00ns)   --->   "%precise_valid = phi i1 0, void %_ZN4boomL23discard_invalid_pendingER13BoomCoreState.exit, i1 %precise_valid_1, void %.split._crit_edge"   --->   Operation 236 'phi' 'precise_valid' <Predicate = true> <Delay = 0.00>
ST_19 : Operation 237 [1/1] (0.00ns)   --->   "%precise_age = phi i8 32, void %_ZN4boomL23discard_invalid_pendingER13BoomCoreState.exit, i8 %precise_age_2, void %.split._crit_edge"   --->   Operation 237 'phi' 'precise_age' <Predicate = true> <Delay = 0.00>
ST_19 : Operation 238 [1/1] (0.44ns)   --->   "%icmp_ln1097 = icmp_eq  i2 %i_28, i2 3" [/home/lab_726/boom/hls_boom/src/boom_core_merged.cpp:1097]   --->   Operation 238 'icmp' 'icmp_ln1097' <Predicate = true> <Delay = 0.44> <CoreInst = "Cmp">   --->   Core 9 'Cmp' <Latency = 0> <II = 1> <Delay = 0.84> <FuncUnit> <Opcode : 'icmp'> <InPorts = 2> <OutPorts = 1>
ST_19 : Operation 239 [1/1] (0.00ns)   --->   "%empty_101 = speclooptripcount i32 @_ssdm_op_SpecLoopTripCount, i64 3, i64 3, i64 3"   --->   Operation 239 'speclooptripcount' 'empty_101' <Predicate = true> <Delay = 0.00>
ST_19 : Operation 240 [1/1] (0.54ns)   --->   "%add_ln1097 = add i2 %i_28, i2 1" [/home/lab_726/boom/hls_boom/src/boom_core_merged.cpp:1097]   --->   Operation 240 'add' 'add_ln1097' <Predicate = true> <Delay = 0.54> <CoreInst = "Adder">   --->   Core 1 'Adder' <Latency = 0> <II = 1> <Delay = 1.08> <FuncUnit> <Opcode : 'add' 'sub'> <InPorts = 2> <OutPorts = 1>
ST_19 : Operation 241 [1/1] (0.00ns)   --->   "%br_ln1097 = br i1 %icmp_ln1097, void %.split_ifconv, void" [/home/lab_726/boom/hls_boom/src/boom_core_merged.cpp:1097]   --->   Operation 241 'br' 'br_ln1097' <Predicate = true> <Delay = 0.00>
ST_19 : Operation 242 [1/1] (0.44ns)   --->   "%icmp_ln1098 = icmp_eq  i2 %i_28, i2 1" [/home/lab_726/boom/hls_boom/src/boom_core_merged.cpp:1098]   --->   Operation 242 'icmp' 'icmp_ln1098' <Predicate = (!icmp_ln1097)> <Delay = 0.44> <CoreInst = "Cmp">   --->   Core 9 'Cmp' <Latency = 0> <II = 1> <Delay = 0.84> <FuncUnit> <Opcode : 'icmp'> <InPorts = 2> <OutPorts = 1>
ST_19 : Operation 243 [1/1] (0.00ns) (grouped into LUT with out node and_ln1098)   --->   "%select_ln1098 = select i1 %icmp_ln1098, i1 %ports_valid_1, i1 %ports_valid_2" [/home/lab_726/boom/hls_boom/src/boom_core_merged.cpp:1098]   --->   Operation 243 'select' 'select_ln1098' <Predicate = (!icmp_ln1097)> <Delay = 0.00> <CoreInst = "Sel">   --->   Core 73 'Sel' <Latency = 0> <II = 1> <Delay = 0.42> <FuncUnit> <Opcode : 'select'> <InPorts = 3> <OutPorts = 1>
ST_19 : Operation 244 [1/1] (0.44ns)   --->   "%icmp_ln1098_1 = icmp_ne  i2 %i_28, i2 0" [/home/lab_726/boom/hls_boom/src/boom_core_merged.cpp:1098]   --->   Operation 244 'icmp' 'icmp_ln1098_1' <Predicate = (!icmp_ln1097)> <Delay = 0.44> <CoreInst = "Cmp">   --->   Core 9 'Cmp' <Latency = 0> <II = 1> <Delay = 0.84> <FuncUnit> <Opcode : 'icmp'> <InPorts = 2> <OutPorts = 1>
ST_19 : Operation 245 [1/1] (0.28ns) (out node of the LUT)   --->   "%and_ln1098 = and i1 %select_ln1098, i1 %icmp_ln1098_1" [/home/lab_726/boom/hls_boom/src/boom_core_merged.cpp:1098]   --->   Operation 245 'and' 'and_ln1098' <Predicate = (!icmp_ln1097)> <Delay = 0.28> <CoreInst = "LogicGate">   --->   Core 74 'LogicGate' <Latency = 0> <II = 1> <Delay = 0.28> <FuncUnit> <Opcode : 'and' 'or' 'xor'> <InPorts = 2> <OutPorts = 1>
ST_19 : Operation 246 [1/1] (0.00ns) (grouped into LUT with out node select_ln1098_2)   --->   "%select_ln1098_1 = select i1 %icmp_ln1098, i3 %ports_kind_1, i3 %ports_kind_2" [/home/lab_726/boom/hls_boom/src/boom_core_merged.cpp:1098]   --->   Operation 246 'select' 'select_ln1098_1' <Predicate = (!icmp_ln1097)> <Delay = 0.00> <CoreInst = "Sel">   --->   Core 73 'Sel' <Latency = 0> <II = 1> <Delay = 0.42> <FuncUnit> <Opcode : 'select'> <InPorts = 3> <OutPorts = 1>
ST_19 : Operation 247 [1/1] (0.44ns)   --->   "%icmp_ln1098_2 = icmp_eq  i2 %i_28, i2 0" [/home/lab_726/boom/hls_boom/src/boom_core_merged.cpp:1098]   --->   Operation 247 'icmp' 'icmp_ln1098_2' <Predicate = (!icmp_ln1097)> <Delay = 0.44> <CoreInst = "Cmp">   --->   Core 9 'Cmp' <Latency = 0> <II = 1> <Delay = 0.84> <FuncUnit> <Opcode : 'icmp'> <InPorts = 2> <OutPorts = 1>
ST_19 : Operation 248 [1/1] (0.20ns) (out node of the LUT)   --->   "%select_ln1098_2 = select i1 %icmp_ln1098_2, i3 0, i3 %select_ln1098_1" [/home/lab_726/boom/hls_boom/src/boom_core_merged.cpp:1098]   --->   Operation 248 'select' 'select_ln1098_2' <Predicate = (!icmp_ln1097)> <Delay = 0.20> <CoreInst = "Sel">   --->   Core 73 'Sel' <Latency = 0> <II = 1> <Delay = 0.42> <FuncUnit> <Opcode : 'select'> <InPorts = 3> <OutPorts = 1>
ST_19 : Operation 249 [1/1] (0.00ns)   --->   "%zext_ln1098 = zext i3 %select_ln1098_2" [/home/lab_726/boom/hls_boom/src/boom_core_merged.cpp:1098]   --->   Operation 249 'zext' 'zext_ln1098' <Predicate = (!icmp_ln1097)> <Delay = 0.00>
ST_19 : Operation 250 [1/1] (0.00ns) (grouped into LUT with out node select_ln1098_4)   --->   "%select_ln1098_3 = select i1 %icmp_ln1098, i2 %zext_ln688_2, i2 %ports_source_2" [/home/lab_726/boom/hls_boom/src/boom_core_merged.cpp:1098]   --->   Operation 250 'select' 'select_ln1098_3' <Predicate = (!icmp_ln1097)> <Delay = 0.00> <CoreInst = "Sel">   --->   Core 73 'Sel' <Latency = 0> <II = 1> <Delay = 0.42> <FuncUnit> <Opcode : 'select'> <InPorts = 3> <OutPorts = 1>
ST_19 : Operation 251 [1/1] (0.17ns) (out node of the LUT)   --->   "%select_ln1098_4 = select i1 %icmp_ln1098_2, i2 0, i2 %select_ln1098_3" [/home/lab_726/boom/hls_boom/src/boom_core_merged.cpp:1098]   --->   Operation 251 'select' 'select_ln1098_4' <Predicate = (!icmp_ln1097)> <Delay = 0.17> <CoreInst = "Sel">   --->   Core 73 'Sel' <Latency = 0> <II = 1> <Delay = 0.42> <FuncUnit> <Opcode : 'select'> <InPorts = 3> <OutPorts = 1>
ST_19 : Operation 252 [1/1] (0.00ns)   --->   "%zext_ln1098_1 = zext i2 %select_ln1098_4" [/home/lab_726/boom/hls_boom/src/boom_core_merged.cpp:1098]   --->   Operation 252 'zext' 'zext_ln1098_1' <Predicate = (!icmp_ln1097)> <Delay = 0.00>
ST_19 : Operation 253 [1/1] (0.52ns)   --->   "%phi_ln1098_3 = mux i8 @_ssdm_op_Mux.ap_auto.4i8.i2, i8 0, i8 %zext_ln638, i8 %zext_ln638_1, i8 %zext_ln638_1, i2 %i_28" [/home/lab_726/boom/hls_boom/src/boom_core_merged.cpp:1098]   --->   Operation 253 'mux' 'phi_ln1098_3' <Predicate = (!icmp_ln1097)> <Delay = 0.52> <CoreInst = "Multiplexer">   --->   Core 76 'Multiplexer' <Latency = 0> <II = 1> <Delay = 0.52> <FuncUnit> <Opcode : 'mux'> <InPorts = 2> <OutPorts = 1>
ST_19 : Operation 254 [1/1] (0.52ns)   --->   "%phi_ln1098_4 = mux i32 @_ssdm_op_Mux.ap_auto.4i32.i2, i32 0, i32 %zext_ln688_3, i32 %zext_ln689_2, i32 %zext_ln689_2, i2 %i_28" [/home/lab_726/boom/hls_boom/src/boom_core_merged.cpp:1098]   --->   Operation 254 'mux' 'phi_ln1098_4' <Predicate = (!icmp_ln1097)> <Delay = 0.52> <CoreInst = "Multiplexer">   --->   Core 76 'Multiplexer' <Latency = 0> <II = 1> <Delay = 0.52> <FuncUnit> <Opcode : 'mux'> <InPorts = 2> <OutPorts = 1>
ST_19 : Operation 255 [2/2] (4.29ns)   --->   "%tmp_4 = call i1 @completion_is_valid, i1 %and_ln1098, i8 %zext_ln1098, i8 %zext_ln1098_1, i8 %phi_ln1098_3, i32 %phi_ln1098_4, i32 0, i1 %state_rob_entries_valid, i2 %state_rob_entries_uop_queue_rob_allocation_id, i1 %state_rob_entries_busy, i1 %state_rob_entries_memory_valid, i1 %state_rob_entries_memory_completed, i1 %state_rob_entries_is_load, i1 %state_rob_entries_memory_request_sent, i1 %state_rob_entries_memory_transaction_id" [/home/lab_726/boom/hls_boom/src/boom_core_merged.cpp:1098]   --->   Operation 255 'call' 'tmp_4' <Predicate = (!icmp_ln1097)> <Delay = 4.29> <CoreType = "Generic">   --->   Core 0 '' <Latency = 0> <II = 1> <Delay = 1.00> <Generic> <Opcode : >
ST_19 : Operation 256 [1/1] (0.00ns)   --->   "%write_count_load_1 = load i8 %write_count"   --->   Operation 256 'load' 'write_count_load_1' <Predicate = (icmp_ln1097)> <Delay = 0.00>
ST_19 : Operation 257 [1/1] (0.00ns)   --->   "%tmp = partselect i7 @_ssdm_op_PartSelect.i7.i8.i32.i32, i8 %write_count_load_1, i32 1, i32 7"   --->   Operation 257 'partselect' 'tmp' <Predicate = (icmp_ln1097)> <Delay = 0.00>
ST_19 : Operation 258 [1/1] (0.81ns)   --->   "%icmp = icmp_ne  i7 %tmp, i7 0"   --->   Operation 258 'icmp' 'icmp' <Predicate = (icmp_ln1097)> <Delay = 0.81> <CoreInst = "Cmp">   --->   Core 9 'Cmp' <Latency = 0> <II = 1> <Delay = 0.84> <FuncUnit> <Opcode : 'icmp'> <InPorts = 2> <OutPorts = 1>
ST_19 : Operation 259 [1/1] (0.28ns)   --->   "%xor_ln1123 = xor i1 %icmp, i1 1" [/home/lab_726/boom/hls_boom/src/boom_core_merged.cpp:1123]   --->   Operation 259 'xor' 'xor_ln1123' <Predicate = (icmp_ln1097)> <Delay = 0.28> <CoreInst = "LogicGate">   --->   Core 74 'LogicGate' <Latency = 0> <II = 1> <Delay = 0.28> <FuncUnit> <Opcode : 'and' 'or' 'xor'> <InPorts = 2> <OutPorts = 1>
ST_19 : Operation 260 [1/1] (0.00ns)   --->   "%state_completion_writebacks_valid_0_load = load i1 %state_completion_writebacks_valid_0" [/home/lab_726/boom/hls_boom/src/boom_core_merged.cpp:1119]   --->   Operation 260 'load' 'state_completion_writebacks_valid_0_load' <Predicate = (icmp_ln1097)> <Delay = 0.00>
ST_19 : Operation 261 [1/1] (0.00ns)   --->   "%state_completion_writebacks_valid_1_load = load i1 %state_completion_writebacks_valid_1" [/home/lab_726/boom/hls_boom/src/boom_core_merged.cpp:1119]   --->   Operation 261 'load' 'state_completion_writebacks_valid_1_load' <Predicate = (icmp_ln1097)> <Delay = 0.00>
ST_19 : Operation 262 [1/1] (0.00ns)   --->   "%state_completion_writebacks_pdst_0_load = load i8 %state_completion_writebacks_pdst_0" [/home/lab_726/boom/hls_boom/src/boom_core_merged.cpp:1120]   --->   Operation 262 'load' 'state_completion_writebacks_pdst_0_load' <Predicate = (icmp_ln1097)> <Delay = 0.00>
ST_19 : Operation 263 [1/1] (0.00ns)   --->   "%state_completion_writebacks_pdst_1_load = load i8 %state_completion_writebacks_pdst_1" [/home/lab_726/boom/hls_boom/src/boom_core_merged.cpp:1120]   --->   Operation 263 'load' 'state_completion_writebacks_pdst_1_load' <Predicate = (icmp_ln1097)> <Delay = 0.00>
ST_19 : Operation 264 [1/1] (0.00ns)   --->   "%state_completion_writebacks_value_0_load = load i64 %state_completion_writebacks_value_0" [/home/lab_726/boom/hls_boom/src/boom_core_merged.cpp:1121]   --->   Operation 264 'load' 'state_completion_writebacks_value_0_load' <Predicate = (icmp_ln1097)> <Delay = 0.00>
ST_19 : Operation 265 [1/1] (0.00ns)   --->   "%state_completion_writebacks_value_1_load = load i64 %state_completion_writebacks_value_1" [/home/lab_726/boom/hls_boom/src/boom_core_merged.cpp:1121]   --->   Operation 265 'load' 'state_completion_writebacks_value_1_load' <Predicate = (icmp_ln1097)> <Delay = 0.00>
ST_19 : Operation 266 [1/1] (0.42ns)   --->   "%br_ln1107 = br void" [/home/lab_726/boom/hls_boom/src/boom_core_merged.cpp:1107]   --->   Operation 266 'br' 'br_ln1107' <Predicate = (icmp_ln1097)> <Delay = 0.42>

State 20 <SV = 16> <Delay = 4.67>
ST_20 : Operation 267 [1/1] (0.00ns)   --->   "%specloopname_ln1097 = specloopname void @_ssdm_op_SpecLoopName, void @empty_36" [/home/lab_726/boom/hls_boom/src/boom_core_merged.cpp:1097]   --->   Operation 267 'specloopname' 'specloopname_ln1097' <Predicate = true> <Delay = 0.00>
ST_20 : Operation 268 [1/2] (4.25ns)   --->   "%tmp_4 = call i1 @completion_is_valid, i1 %and_ln1098, i8 %zext_ln1098, i8 %zext_ln1098_1, i8 %phi_ln1098_3, i32 %phi_ln1098_4, i32 0, i1 %state_rob_entries_valid, i2 %state_rob_entries_uop_queue_rob_allocation_id, i1 %state_rob_entries_busy, i1 %state_rob_entries_memory_valid, i1 %state_rob_entries_memory_completed, i1 %state_rob_entries_is_load, i1 %state_rob_entries_memory_request_sent, i1 %state_rob_entries_memory_transaction_id" [/home/lab_726/boom/hls_boom/src/boom_core_merged.cpp:1098]   --->   Operation 268 'call' 'tmp_4' <Predicate = true> <Delay = 4.25> <CoreType = "Generic">   --->   Core 0 '' <Latency = 0> <II = 1> <Delay = 1.00> <Generic> <Opcode : >
ST_20 : Operation 269 [1/1] (0.42ns)   --->   "%br_ln1098 = br i1 %tmp_4, void %.split._crit_edge, void" [/home/lab_726/boom/hls_boom/src/boom_core_merged.cpp:1098]   --->   Operation 269 'br' 'br_ln1098' <Predicate = true> <Delay = 0.42>
ST_20 : Operation 270 [1/1] (0.00ns)   --->   "%trunc_ln603 = trunc i8 %phi_ln1098_3" [/home/lab_726/boom/hls_boom/src/boom_core_merged.cpp:603]   --->   Operation 270 'trunc' 'trunc_ln603' <Predicate = (tmp_4)> <Delay = 0.00>
ST_20 : Operation 271 [1/1] (0.78ns)   --->   "%precise_age_3 = sub i5 %trunc_ln603, i5 %state_rob_head_load" [/home/lab_726/boom/hls_boom/src/boom_core_merged.cpp:603]   --->   Operation 271 'sub' 'precise_age_3' <Predicate = (tmp_4)> <Delay = 0.78> <CoreInst = "Adder">   --->   Core 1 'Adder' <Latency = 0> <II = 1> <Delay = 1.08> <FuncUnit> <Opcode : 'add' 'sub'> <InPorts = 2> <OutPorts = 1>
ST_20 : Operation 272 [1/1] (0.00ns)   --->   "%zext_ln603 = zext i5 %precise_age_3" [/home/lab_726/boom/hls_boom/src/boom_core_merged.cpp:603]   --->   Operation 272 'zext' 'zext_ln603' <Predicate = (tmp_4)> <Delay = 0.00>
ST_20 : Operation 273 [1/1] (0.58ns)   --->   "%icmp_ln1100 = icmp_eq  i3 %select_ln1098_2, i3 5" [/home/lab_726/boom/hls_boom/src/boom_core_merged.cpp:1100]   --->   Operation 273 'icmp' 'icmp_ln1100' <Predicate = (tmp_4)> <Delay = 0.58> <CoreInst = "Cmp">   --->   Core 9 'Cmp' <Latency = 0> <II = 1> <Delay = 0.84> <FuncUnit> <Opcode : 'icmp'> <InPorts = 2> <OutPorts = 1>
ST_20 : Operation 274 [1/1] (0.42ns)   --->   "%br_ln1100 = br i1 %icmp_ln1100, void %.split._crit_edge, void" [/home/lab_726/boom/hls_boom/src/boom_core_merged.cpp:1100]   --->   Operation 274 'br' 'br_ln1100' <Predicate = (tmp_4)> <Delay = 0.42>
ST_20 : Operation 275 [1/1] (0.00ns) (grouped into LUT with out node select_ln1101)   --->   "%xor_ln1101 = xor i1 %precise_valid, i1 1" [/home/lab_726/boom/hls_boom/src/boom_core_merged.cpp:1101]   --->   Operation 275 'xor' 'xor_ln1101' <Predicate = (tmp_4 & icmp_ln1100)> <Delay = 0.00> <CoreInst = "LogicGate">   --->   Core 74 'LogicGate' <Latency = 0> <II = 1> <Delay = 0.28> <FuncUnit> <Opcode : 'and' 'or' 'xor'> <InPorts = 2> <OutPorts = 1>
ST_20 : Operation 276 [1/1] (0.84ns)   --->   "%icmp_ln1101 = icmp_ult  i8 %zext_ln603, i8 %precise_age" [/home/lab_726/boom/hls_boom/src/boom_core_merged.cpp:1101]   --->   Operation 276 'icmp' 'icmp_ln1101' <Predicate = (tmp_4 & icmp_ln1100)> <Delay = 0.84> <CoreInst = "Cmp">   --->   Core 9 'Cmp' <Latency = 0> <II = 1> <Delay = 0.84> <FuncUnit> <Opcode : 'icmp'> <InPorts = 2> <OutPorts = 1>
ST_20 : Operation 277 [1/1] (0.00ns) (grouped into LUT with out node select_ln1101)   --->   "%or_ln1100 = or i1 %icmp_ln1101, i1 %xor_ln1101" [/home/lab_726/boom/hls_boom/src/boom_core_merged.cpp:1100]   --->   Operation 277 'or' 'or_ln1100' <Predicate = (tmp_4 & icmp_ln1100)> <Delay = 0.00> <CoreInst = "LogicGate">   --->   Core 74 'LogicGate' <Latency = 0> <II = 1> <Delay = 0.28> <FuncUnit> <Opcode : 'and' 'or' 'xor'> <InPorts = 2> <OutPorts = 1>
ST_20 : Operation 278 [1/1] (0.00ns) (grouped into LUT with out node select_ln1101)   --->   "%trunc_ln1097 = trunc i8 %precise_age" [/home/lab_726/boom/hls_boom/src/boom_core_merged.cpp:1097]   --->   Operation 278 'trunc' 'trunc_ln1097' <Predicate = (tmp_4 & icmp_ln1100)> <Delay = 0.00>
ST_20 : Operation 279 [1/1] (0.41ns) (out node of the LUT)   --->   "%select_ln1101 = select i1 %or_ln1100, i5 %precise_age_3, i5 %trunc_ln1097" [/home/lab_726/boom/hls_boom/src/boom_core_merged.cpp:1101]   --->   Operation 279 'select' 'select_ln1101' <Predicate = (tmp_4 & icmp_ln1100)> <Delay = 0.41> <CoreInst = "Sel">   --->   Core 73 'Sel' <Latency = 0> <II = 1> <Delay = 0.42> <FuncUnit> <Opcode : 'select'> <InPorts = 3> <OutPorts = 1>
ST_20 : Operation 280 [1/1] (0.00ns)   --->   "%zext_ln1101 = zext i5 %select_ln1101" [/home/lab_726/boom/hls_boom/src/boom_core_merged.cpp:1101]   --->   Operation 280 'zext' 'zext_ln1101' <Predicate = (tmp_4 & icmp_ln1100)> <Delay = 0.00>
ST_20 : Operation 281 [1/1] (0.42ns)   --->   "%br_ln1101 = br void %.split._crit_edge" [/home/lab_726/boom/hls_boom/src/boom_core_merged.cpp:1101]   --->   Operation 281 'br' 'br_ln1101' <Predicate = (tmp_4 & icmp_ln1100)> <Delay = 0.42>

State 21 <SV = 17> <Delay = 0.00>
ST_21 : Operation 282 [1/1] (0.00ns)   --->   "%precise_age_2 = phi i8 %zext_ln1101, void, i8 %precise_age, void %.split_ifconv, i8 %precise_age, void"   --->   Operation 282 'phi' 'precise_age_2' <Predicate = true> <Delay = 0.00>
ST_21 : Operation 283 [1/1] (0.00ns)   --->   "%precise_valid_1 = phi i1 1, void, i1 %precise_valid, void %.split_ifconv, i1 %precise_valid, void"   --->   Operation 283 'phi' 'precise_valid_1' <Predicate = true> <Delay = 0.00>
ST_21 : Operation 284 [1/1] (0.00ns)   --->   "%br_ln0 = br void"   --->   Operation 284 'br' 'br_ln0' <Predicate = true> <Delay = 0.00>

State 22 <SV = 16> <Delay = 4.87>
ST_22 : Operation 285 [1/1] (0.00ns)   --->   "%i_31 = phi i2 0, void, i2 %add_ln1107, void %.split6._crit_edge" [/home/lab_726/boom/hls_boom/src/boom_core_merged.cpp:1132]   --->   Operation 285 'phi' 'i_31' <Predicate = (!icmp_ln1089)> <Delay = 0.00>
ST_22 : Operation 286 [1/1] (0.00ns)   --->   "%selected_port = phi i32 4294967295, void, i32 %selected_port_2, void %.split6._crit_edge"   --->   Operation 286 'phi' 'selected_port' <Predicate = (!icmp_ln1089)> <Delay = 0.00>
ST_22 : Operation 287 [1/1] (0.00ns)   --->   "%selected_age = phi i8 32, void, i8 %selected_age_2, void %.split6._crit_edge"   --->   Operation 287 'phi' 'selected_age' <Predicate = (!icmp_ln1089)> <Delay = 0.00>
ST_22 : Operation 288 [1/1] (0.00ns)   --->   "%selected_duplicate = phi i1 0, void, i1 %selected_duplicate_2, void %.split6._crit_edge"   --->   Operation 288 'phi' 'selected_duplicate' <Predicate = (!icmp_ln1089)> <Delay = 0.00>
ST_22 : Operation 289 [1/1] (0.00ns)   --->   "%zext_ln1107 = zext i2 %i_31" [/home/lab_726/boom/hls_boom/src/boom_core_merged.cpp:1107]   --->   Operation 289 'zext' 'zext_ln1107' <Predicate = (!icmp_ln1089)> <Delay = 0.00>
ST_22 : Operation 290 [1/1] (0.44ns)   --->   "%icmp_ln1107 = icmp_eq  i2 %i_31, i2 3" [/home/lab_726/boom/hls_boom/src/boom_core_merged.cpp:1107]   --->   Operation 290 'icmp' 'icmp_ln1107' <Predicate = (!icmp_ln1089)> <Delay = 0.44> <CoreInst = "Cmp">   --->   Core 9 'Cmp' <Latency = 0> <II = 1> <Delay = 0.84> <FuncUnit> <Opcode : 'icmp'> <InPorts = 2> <OutPorts = 1>
ST_22 : Operation 291 [1/1] (0.00ns)   --->   "%empty_102 = speclooptripcount i32 @_ssdm_op_SpecLoopTripCount, i64 3, i64 3, i64 3"   --->   Operation 291 'speclooptripcount' 'empty_102' <Predicate = (!icmp_ln1089)> <Delay = 0.00>
ST_22 : Operation 292 [1/1] (0.54ns)   --->   "%add_ln1107 = add i2 %i_31, i2 1" [/home/lab_726/boom/hls_boom/src/boom_core_merged.cpp:1107]   --->   Operation 292 'add' 'add_ln1107' <Predicate = (!icmp_ln1089)> <Delay = 0.54> <CoreInst = "Adder">   --->   Core 1 'Adder' <Latency = 0> <II = 1> <Delay = 1.08> <FuncUnit> <Opcode : 'add' 'sub'> <InPorts = 2> <OutPorts = 1>
ST_22 : Operation 293 [1/1] (0.00ns)   --->   "%br_ln1107 = br i1 %icmp_ln1107, void %.split6, void" [/home/lab_726/boom/hls_boom/src/boom_core_merged.cpp:1107]   --->   Operation 293 'br' 'br_ln1107' <Predicate = (!icmp_ln1089)> <Delay = 0.00>
ST_22 : Operation 294 [1/1] (0.00ns)   --->   "%specloopname_ln1107 = specloopname void @_ssdm_op_SpecLoopName, void @empty_33" [/home/lab_726/boom/hls_boom/src/boom_core_merged.cpp:1107]   --->   Operation 294 'specloopname' 'specloopname_ln1107' <Predicate = (!icmp_ln1089 & !icmp_ln1107)> <Delay = 0.00>
ST_22 : Operation 295 [1/1] (0.58ns)   --->   "%switch_ln1108 = switch i2 %i_31, void %branch80, i2 0, void %.split6346, i2 1, void %branch79" [/home/lab_726/boom/hls_boom/src/boom_core_merged.cpp:1108]   --->   Operation 295 'switch' 'switch_ln1108' <Predicate = (!icmp_ln1089 & !icmp_ln1107)> <Delay = 0.58>
ST_22 : Operation 296 [1/1] (0.47ns)   --->   "%br_ln1108 = br void %.split6346" [/home/lab_726/boom/hls_boom/src/boom_core_merged.cpp:1108]   --->   Operation 296 'br' 'br_ln1108' <Predicate = (!icmp_ln1089 & !icmp_ln1107 & i_31 == 1)> <Delay = 0.47>
ST_22 : Operation 297 [1/1] (0.47ns)   --->   "%br_ln1108 = br void %.split6346" [/home/lab_726/boom/hls_boom/src/boom_core_merged.cpp:1108]   --->   Operation 297 'br' 'br_ln1108' <Predicate = (!icmp_ln1089 & !icmp_ln1107 & i_31 != 0 & i_31 != 1)> <Delay = 0.47>
ST_22 : Operation 298 [1/1] (0.00ns)   --->   "%phi_ln1108 = phi i1 %ports_valid_1, void %branch79, i1 %ports_valid_2, void %branch80, i1 0, void %.split6"   --->   Operation 298 'phi' 'phi_ln1108' <Predicate = (!icmp_ln1089 & !icmp_ln1107)> <Delay = 0.00>
ST_22 : Operation 299 [1/1] (0.52ns)   --->   "%phi_ln1108_1 = mux i3 @_ssdm_op_Mux.ap_auto.4i3.i2, i3 0, i3 %ports_kind_1, i3 %ports_kind_2, i3 %ports_kind_2, i2 %i_31" [/home/lab_726/boom/hls_boom/src/boom_core_merged.cpp:1108]   --->   Operation 299 'mux' 'phi_ln1108_1' <Predicate = (!icmp_ln1089 & !icmp_ln1107)> <Delay = 0.52> <CoreInst = "Multiplexer">   --->   Core 76 'Multiplexer' <Latency = 0> <II = 1> <Delay = 0.52> <FuncUnit> <Opcode : 'mux'> <InPorts = 2> <OutPorts = 1>
ST_22 : Operation 300 [1/1] (0.00ns)   --->   "%zext_ln1108 = zext i3 %phi_ln1108_1" [/home/lab_726/boom/hls_boom/src/boom_core_merged.cpp:1108]   --->   Operation 300 'zext' 'zext_ln1108' <Predicate = (!icmp_ln1089 & !icmp_ln1107)> <Delay = 0.00>
ST_22 : Operation 301 [1/1] (0.52ns)   --->   "%phi_ln1108_2 = mux i2 @_ssdm_op_Mux.ap_auto.4i2.i2, i2 0, i2 %zext_ln688_2, i2 %ports_source_2, i2 %ports_source_2, i2 %i_31" [/home/lab_726/boom/hls_boom/src/boom_core_merged.cpp:1108]   --->   Operation 301 'mux' 'phi_ln1108_2' <Predicate = (!icmp_ln1089 & !icmp_ln1107)> <Delay = 0.52> <CoreInst = "Multiplexer">   --->   Core 76 'Multiplexer' <Latency = 0> <II = 1> <Delay = 0.52> <FuncUnit> <Opcode : 'mux'> <InPorts = 2> <OutPorts = 1>
ST_22 : Operation 302 [1/1] (0.00ns)   --->   "%zext_ln1108_1 = zext i2 %phi_ln1108_2" [/home/lab_726/boom/hls_boom/src/boom_core_merged.cpp:1108]   --->   Operation 302 'zext' 'zext_ln1108_1' <Predicate = (!icmp_ln1089 & !icmp_ln1107)> <Delay = 0.00>
ST_22 : Operation 303 [1/1] (0.52ns)   --->   "%phi_ln1108_3 = mux i8 @_ssdm_op_Mux.ap_auto.4i8.i2, i8 0, i8 %zext_ln638, i8 %zext_ln638_1, i8 %zext_ln638_1, i2 %i_31" [/home/lab_726/boom/hls_boom/src/boom_core_merged.cpp:1108]   --->   Operation 303 'mux' 'phi_ln1108_3' <Predicate = (!icmp_ln1089 & !icmp_ln1107)> <Delay = 0.52> <CoreInst = "Multiplexer">   --->   Core 76 'Multiplexer' <Latency = 0> <II = 1> <Delay = 0.52> <FuncUnit> <Opcode : 'mux'> <InPorts = 2> <OutPorts = 1>
ST_22 : Operation 304 [1/1] (0.52ns)   --->   "%phi_ln1108_4 = mux i32 @_ssdm_op_Mux.ap_auto.4i32.i2, i32 0, i32 %zext_ln688_3, i32 %zext_ln689_2, i32 %zext_ln689_2, i2 %i_31" [/home/lab_726/boom/hls_boom/src/boom_core_merged.cpp:1108]   --->   Operation 304 'mux' 'phi_ln1108_4' <Predicate = (!icmp_ln1089 & !icmp_ln1107)> <Delay = 0.52> <CoreInst = "Multiplexer">   --->   Core 76 'Multiplexer' <Latency = 0> <II = 1> <Delay = 0.52> <FuncUnit> <Opcode : 'mux'> <InPorts = 2> <OutPorts = 1>
ST_22 : Operation 305 [2/2] (4.29ns)   --->   "%tmp_5 = call i1 @completion_is_valid, i1 %phi_ln1108, i8 %zext_ln1108, i8 %zext_ln1108_1, i8 %phi_ln1108_3, i32 %phi_ln1108_4, i32 0, i1 %state_rob_entries_valid, i2 %state_rob_entries_uop_queue_rob_allocation_id, i1 %state_rob_entries_busy, i1 %state_rob_entries_memory_valid, i1 %state_rob_entries_memory_completed, i1 %state_rob_entries_is_load, i1 %state_rob_entries_memory_request_sent, i1 %state_rob_entries_memory_transaction_id" [/home/lab_726/boom/hls_boom/src/boom_core_merged.cpp:1108]   --->   Operation 305 'call' 'tmp_5' <Predicate = (!icmp_ln1089 & !icmp_ln1107)> <Delay = 4.29> <CoreType = "Generic">   --->   Core 0 '' <Latency = 0> <II = 1> <Delay = 1.00> <Generic> <Opcode : >
ST_22 : Operation 306 [1/1] (0.00ns)   --->   "%tmp_1 = bitselect i1 @_ssdm_op_BitSelect.i1.i32.i32, i32 %selected_port, i32 31" [/home/lab_726/boom/hls_boom/src/boom_core_merged.cpp:1134]   --->   Operation 306 'bitselect' 'tmp_1' <Predicate = (!icmp_ln1089 & icmp_ln1107)> <Delay = 0.00>
ST_22 : Operation 307 [1/1] (0.00ns)   --->   "%br_ln1134 = br i1 %tmp_1, void, void %.loopexit.loopexit" [/home/lab_726/boom/hls_boom/src/boom_core_merged.cpp:1134]   --->   Operation 307 'br' 'br_ln1134' <Predicate = (!icmp_ln1089 & icmp_ln1107)> <Delay = 0.00>
ST_22 : Operation 308 [1/1] (0.00ns)   --->   "%trunc_ln1135 = trunc i32 %selected_port" [/home/lab_726/boom/hls_boom/src/boom_core_merged.cpp:1135]   --->   Operation 308 'trunc' 'trunc_ln1135' <Predicate = (!icmp_ln1089 & icmp_ln1107 & !tmp_1)> <Delay = 0.00>
ST_22 : Operation 309 [1/1] (0.52ns)   --->   "%selected = mux i8 @_ssdm_op_Mux.ap_auto.4i8.i2, i8 0, i8 %zext_ln688_1, i8 %zext_ln689_1, i8 0, i2 %trunc_ln1135" [/home/lab_726/boom/hls_boom/src/boom_core_merged.cpp:1135]   --->   Operation 309 'mux' 'selected' <Predicate = (!icmp_ln1089 & icmp_ln1107 & !tmp_1)> <Delay = 0.52> <CoreInst = "Multiplexer">   --->   Core 76 'Multiplexer' <Latency = 0> <II = 1> <Delay = 0.52> <FuncUnit> <Opcode : 'mux'> <InPorts = 2> <OutPorts = 1>
ST_22 : Operation 310 [1/1] (0.52ns)   --->   "%tmp_9 = mux i8 @_ssdm_op_Mux.ap_auto.4i8.i2, i8 0, i8 %zext_ln688, i8 %zext_ln689, i8 0, i2 %trunc_ln1135" [/home/lab_726/boom/hls_boom/src/boom_core_merged.cpp:624]   --->   Operation 310 'mux' 'tmp_9' <Predicate = (!icmp_ln1089 & icmp_ln1107 & !tmp_1)> <Delay = 0.52> <CoreInst = "Multiplexer">   --->   Core 76 'Multiplexer' <Latency = 0> <II = 1> <Delay = 0.52> <FuncUnit> <Opcode : 'mux'> <InPorts = 2> <OutPorts = 1>
ST_22 : Operation 311 [1/1] (0.84ns)   --->   "%icmp_ln624 = icmp_eq  i8 %tmp_9, i8 2" [/home/lab_726/boom/hls_boom/src/boom_core_merged.cpp:624]   --->   Operation 311 'icmp' 'icmp_ln624' <Predicate = (!icmp_ln1089 & icmp_ln1107 & !tmp_1)> <Delay = 0.84> <CoreInst = "Cmp">   --->   Core 9 'Cmp' <Latency = 0> <II = 1> <Delay = 0.84> <FuncUnit> <Opcode : 'icmp'> <InPorts = 2> <OutPorts = 1>
ST_22 : Operation 312 [1/1] (0.00ns)   --->   "%br_ln624 = br i1 %icmp_ln624, void %.critedge48, void" [/home/lab_726/boom/hls_boom/src/boom_core_merged.cpp:624]   --->   Operation 312 'br' 'br_ln624' <Predicate = (!icmp_ln1089 & icmp_ln1107 & !tmp_1)> <Delay = 0.00>
ST_22 : Operation 313 [1/1] (0.52ns)   --->   "%tmp_s = mux i1 @_ssdm_op_Mux.ap_auto.4i1.i2, i1 0, i1 0, i1 0, i1 0, i2 %trunc_ln1135" [/home/lab_726/boom/hls_boom/src/boom_core_merged.cpp:624]   --->   Operation 313 'mux' 'tmp_s' <Predicate = (!icmp_ln1089 & icmp_ln1107 & !tmp_1 & icmp_ln624)> <Delay = 0.52> <CoreInst = "Multiplexer">   --->   Core 76 'Multiplexer' <Latency = 0> <II = 1> <Delay = 0.52> <FuncUnit> <Opcode : 'mux'> <InPorts = 2> <OutPorts = 1>
ST_22 : Operation 314 [1/1] (0.47ns)   --->   "%br_ln625 = br i1 %tmp_s, void %.critedge48, void %_ZN4boomL25completion_writes_integerERK16RobCompleteEvent.exit116" [/home/lab_726/boom/hls_boom/src/boom_core_merged.cpp:625]   --->   Operation 314 'br' 'br_ln625' <Predicate = (!icmp_ln1089 & icmp_ln1107 & !tmp_1 & icmp_ln624)> <Delay = 0.47>
ST_22 : Operation 315 [1/1] (0.52ns)   --->   "%tmp_11 = mux i1 @_ssdm_op_Mux.ap_auto.4i1.i2, i1 0, i1 %ports_writes_prf_1, i1 %ports_writes_prf_2, i1 0, i2 %trunc_ln1135" [/home/lab_726/boom/hls_boom/src/boom_core_merged.cpp:625]   --->   Operation 315 'mux' 'tmp_11' <Predicate = (!icmp_ln1089 & icmp_ln1107 & !tmp_1 & !tmp_s) | (!icmp_ln1089 & icmp_ln1107 & !tmp_1 & !icmp_ln624)> <Delay = 0.52> <CoreInst = "Multiplexer">   --->   Core 76 'Multiplexer' <Latency = 0> <II = 1> <Delay = 0.52> <FuncUnit> <Opcode : 'mux'> <InPorts = 2> <OutPorts = 1>
ST_22 : Operation 316 [1/1] (0.47ns)   --->   "%br_ln625 = br i1 %tmp_11, void %_ZN4boomL25completion_writes_integerERK16RobCompleteEvent.exit116, void" [/home/lab_726/boom/hls_boom/src/boom_core_merged.cpp:625]   --->   Operation 316 'br' 'br_ln625' <Predicate = (!icmp_ln1089 & icmp_ln1107 & !tmp_1 & !tmp_s) | (!icmp_ln1089 & icmp_ln1107 & !tmp_1 & !icmp_ln624)> <Delay = 0.47>
ST_22 : Operation 317 [1/1] (0.84ns)   --->   "%icmp_ln626 = icmp_eq  i8 %tmp_9, i8 4" [/home/lab_726/boom/hls_boom/src/boom_core_merged.cpp:626]   --->   Operation 317 'icmp' 'icmp_ln626' <Predicate = (!icmp_ln1089 & icmp_ln1107 & !tmp_1 & !tmp_s & tmp_11) | (!icmp_ln1089 & icmp_ln1107 & !tmp_1 & !icmp_ln624 & tmp_11)> <Delay = 0.84> <CoreInst = "Cmp">   --->   Core 9 'Cmp' <Latency = 0> <II = 1> <Delay = 0.84> <FuncUnit> <Opcode : 'icmp'> <InPorts = 2> <OutPorts = 1>
ST_22 : Operation 318 [1/1] (0.47ns)   --->   "%br_ln626 = br i1 %icmp_ln626, void %_ZN4boomL25completion_writes_integerERK16RobCompleteEvent.exit116, void" [/home/lab_726/boom/hls_boom/src/boom_core_merged.cpp:626]   --->   Operation 318 'br' 'br_ln626' <Predicate = (!icmp_ln1089 & icmp_ln1107 & !tmp_1 & !tmp_s & tmp_11) | (!icmp_ln1089 & icmp_ln1107 & !tmp_1 & !icmp_ln624 & tmp_11)> <Delay = 0.47>
ST_22 : Operation 319 [1/1] (0.52ns)   --->   "%tmp_12 = mux i1 @_ssdm_op_Mux.ap_auto.4i1.i2, i1 0, i1 0, i1 0, i1 0, i2 %trunc_ln1135" [/home/lab_726/boom/hls_boom/src/boom_core_merged.cpp:626]   --->   Operation 319 'mux' 'tmp_12' <Predicate = (!icmp_ln1089 & icmp_ln1107 & !tmp_1 & !tmp_s & tmp_11 & icmp_ln626) | (!icmp_ln1089 & icmp_ln1107 & !tmp_1 & !icmp_ln624 & tmp_11 & icmp_ln626)> <Delay = 0.52> <CoreInst = "Multiplexer">   --->   Core 76 'Multiplexer' <Latency = 0> <II = 1> <Delay = 0.52> <FuncUnit> <Opcode : 'mux'> <InPorts = 2> <OutPorts = 1>
ST_22 : Operation 320 [1/1] (0.47ns)   --->   "%br_ln0 = br void %_ZN4boomL25completion_writes_integerERK16RobCompleteEvent.exit116"   --->   Operation 320 'br' 'br_ln0' <Predicate = (!icmp_ln1089 & icmp_ln1107 & !tmp_1 & !tmp_s & tmp_11 & icmp_ln626) | (!icmp_ln1089 & icmp_ln1107 & !tmp_1 & !icmp_ln624 & tmp_11 & icmp_ln626)> <Delay = 0.47>
ST_22 : Operation 321 [1/1] (0.00ns)   --->   "%br_ln1195 = br void %.loopexit" [/home/lab_726/boom/hls_boom/src/boom_core_merged.cpp:1195]   --->   Operation 321 'br' 'br_ln1195' <Predicate = (icmp_ln1107 & tmp_1) | (icmp_ln1089)> <Delay = 0.00>

State 23 <SV = 17> <Delay = 4.67>
ST_23 : Operation 322 [1/2] (4.25ns)   --->   "%tmp_5 = call i1 @completion_is_valid, i1 %phi_ln1108, i8 %zext_ln1108, i8 %zext_ln1108_1, i8 %phi_ln1108_3, i32 %phi_ln1108_4, i32 0, i1 %state_rob_entries_valid, i2 %state_rob_entries_uop_queue_rob_allocation_id, i1 %state_rob_entries_busy, i1 %state_rob_entries_memory_valid, i1 %state_rob_entries_memory_completed, i1 %state_rob_entries_is_load, i1 %state_rob_entries_memory_request_sent, i1 %state_rob_entries_memory_transaction_id" [/home/lab_726/boom/hls_boom/src/boom_core_merged.cpp:1108]   --->   Operation 322 'call' 'tmp_5' <Predicate = true> <Delay = 4.25> <CoreType = "Generic">   --->   Core 0 '' <Latency = 0> <II = 1> <Delay = 1.00> <Generic> <Opcode : >
ST_23 : Operation 323 [1/1] (0.42ns)   --->   "%br_ln1108 = br i1 %tmp_5, void %.split6._crit_edge, void" [/home/lab_726/boom/hls_boom/src/boom_core_merged.cpp:1108]   --->   Operation 323 'br' 'br_ln1108' <Predicate = true> <Delay = 0.42>
ST_23 : Operation 324 [1/1] (0.00ns)   --->   "%exception_age_load_1 = load i8 %exception_age" [/home/lab_726/boom/hls_boom/src/boom_core_merged.cpp:1110]   --->   Operation 324 'load' 'exception_age_load_1' <Predicate = (tmp_5)> <Delay = 0.00>
ST_23 : Operation 325 [1/1] (0.00ns)   --->   "%valid_load_1 = load i1 %valid" [/home/lab_726/boom/hls_boom/src/boom_core_merged.cpp:1110]   --->   Operation 325 'load' 'valid_load_1' <Predicate = (tmp_5)> <Delay = 0.00>
ST_23 : Operation 326 [1/1] (0.00ns)   --->   "%trunc_ln603_1 = trunc i8 %phi_ln1108_3" [/home/lab_726/boom/hls_boom/src/boom_core_merged.cpp:603]   --->   Operation 326 'trunc' 'trunc_ln603_1' <Predicate = (tmp_5)> <Delay = 0.00>
ST_23 : Operation 327 [1/1] (0.78ns)   --->   "%age = sub i5 %trunc_ln603_1, i5 %state_rob_head_load" [/home/lab_726/boom/hls_boom/src/boom_core_merged.cpp:603]   --->   Operation 327 'sub' 'age' <Predicate = (tmp_5)> <Delay = 0.78> <CoreInst = "Adder">   --->   Core 1 'Adder' <Latency = 0> <II = 1> <Delay = 1.08> <FuncUnit> <Opcode : 'add' 'sub'> <InPorts = 2> <OutPorts = 1>
ST_23 : Operation 328 [1/1] (0.00ns)   --->   "%zext_ln603_1 = zext i5 %age" [/home/lab_726/boom/hls_boom/src/boom_core_merged.cpp:603]   --->   Operation 328 'zext' 'zext_ln603_1' <Predicate = (tmp_5)> <Delay = 0.00>
ST_23 : Operation 329 [1/1] (0.84ns)   --->   "%icmp_ln1110 = icmp_ugt  i8 %zext_ln603_1, i8 %exception_age_load_1" [/home/lab_726/boom/hls_boom/src/boom_core_merged.cpp:1110]   --->   Operation 329 'icmp' 'icmp_ln1110' <Predicate = (tmp_5)> <Delay = 0.84> <CoreInst = "Cmp">   --->   Core 9 'Cmp' <Latency = 0> <II = 1> <Delay = 0.84> <FuncUnit> <Opcode : 'icmp'> <InPorts = 2> <OutPorts = 1>
ST_23 : Operation 330 [1/1] (0.00ns) (grouped into LUT with out node or_ln1110)   --->   "%and_ln1110 = and i1 %valid_load_1, i1 %icmp_ln1110" [/home/lab_726/boom/hls_boom/src/boom_core_merged.cpp:1110]   --->   Operation 330 'and' 'and_ln1110' <Predicate = (tmp_5)> <Delay = 0.00> <CoreInst = "LogicGate">   --->   Core 74 'LogicGate' <Latency = 0> <II = 1> <Delay = 0.28> <FuncUnit> <Opcode : 'and' 'or' 'xor'> <InPorts = 2> <OutPorts = 1>
ST_23 : Operation 331 [1/1] (0.84ns)   --->   "%icmp_ln1111 = icmp_ugt  i8 %zext_ln603_1, i8 %precise_age" [/home/lab_726/boom/hls_boom/src/boom_core_merged.cpp:1111]   --->   Operation 331 'icmp' 'icmp_ln1111' <Predicate = (tmp_5)> <Delay = 0.84> <CoreInst = "Cmp">   --->   Core 9 'Cmp' <Latency = 0> <II = 1> <Delay = 0.84> <FuncUnit> <Opcode : 'icmp'> <InPorts = 2> <OutPorts = 1>
ST_23 : Operation 332 [1/1] (0.00ns) (grouped into LUT with out node or_ln1110)   --->   "%and_ln1111 = and i1 %precise_valid, i1 %icmp_ln1111" [/home/lab_726/boom/hls_boom/src/boom_core_merged.cpp:1111]   --->   Operation 332 'and' 'and_ln1111' <Predicate = (tmp_5)> <Delay = 0.00> <CoreInst = "LogicGate">   --->   Core 74 'LogicGate' <Latency = 0> <II = 1> <Delay = 0.28> <FuncUnit> <Opcode : 'and' 'or' 'xor'> <InPorts = 2> <OutPorts = 1>
ST_23 : Operation 333 [1/1] (0.28ns) (out node of the LUT)   --->   "%or_ln1110 = or i1 %and_ln1110, i1 %and_ln1111" [/home/lab_726/boom/hls_boom/src/boom_core_merged.cpp:1110]   --->   Operation 333 'or' 'or_ln1110' <Predicate = (tmp_5)> <Delay = 0.28> <CoreInst = "LogicGate">   --->   Core 74 'LogicGate' <Latency = 0> <II = 1> <Delay = 0.28> <FuncUnit> <Opcode : 'and' 'or' 'xor'> <InPorts = 2> <OutPorts = 1>
ST_23 : Operation 334 [1/1] (0.42ns)   --->   "%br_ln1110 = br i1 %or_ln1110, void %.critedge_ifconv, void %.split6._crit_edge" [/home/lab_726/boom/hls_boom/src/boom_core_merged.cpp:1110]   --->   Operation 334 'br' 'br_ln1110' <Predicate = (tmp_5)> <Delay = 0.42>
ST_23 : Operation 335 [1/1] (0.44ns)   --->   "%icmp_ln625 = icmp_eq  i2 %i_31, i2 1" [/home/lab_726/boom/hls_boom/src/boom_core_merged.cpp:625]   --->   Operation 335 'icmp' 'icmp_ln625' <Predicate = (tmp_5 & !or_ln1110)> <Delay = 0.44> <CoreInst = "Cmp">   --->   Core 9 'Cmp' <Latency = 0> <II = 1> <Delay = 0.84> <FuncUnit> <Opcode : 'icmp'> <InPorts = 2> <OutPorts = 1>
ST_23 : Operation 336 [1/1] (0.00ns) (grouped into LUT with out node and_ln625)   --->   "%select_ln625 = select i1 %icmp_ln625, i1 %ports_writes_prf_1, i1 %ports_writes_prf_2" [/home/lab_726/boom/hls_boom/src/boom_core_merged.cpp:625]   --->   Operation 336 'select' 'select_ln625' <Predicate = (tmp_5 & !or_ln1110)> <Delay = 0.00> <CoreInst = "Sel">   --->   Core 73 'Sel' <Latency = 0> <II = 1> <Delay = 0.42> <FuncUnit> <Opcode : 'select'> <InPorts = 3> <OutPorts = 1>
ST_23 : Operation 337 [1/1] (0.44ns)   --->   "%icmp_ln625_1 = icmp_ne  i2 %i_31, i2 0" [/home/lab_726/boom/hls_boom/src/boom_core_merged.cpp:625]   --->   Operation 337 'icmp' 'icmp_ln625_1' <Predicate = (tmp_5 & !or_ln1110)> <Delay = 0.44> <CoreInst = "Cmp">   --->   Core 9 'Cmp' <Latency = 0> <II = 1> <Delay = 0.84> <FuncUnit> <Opcode : 'icmp'> <InPorts = 2> <OutPorts = 1>
ST_23 : Operation 338 [1/1] (0.28ns) (out node of the LUT)   --->   "%and_ln625 = and i1 %select_ln625, i1 %icmp_ln625_1" [/home/lab_726/boom/hls_boom/src/boom_core_merged.cpp:625]   --->   Operation 338 'and' 'and_ln625' <Predicate = (tmp_5 & !or_ln1110)> <Delay = 0.28> <CoreInst = "LogicGate">   --->   Core 74 'LogicGate' <Latency = 0> <II = 1> <Delay = 0.28> <FuncUnit> <Opcode : 'and' 'or' 'xor'> <InPorts = 2> <OutPorts = 1>
ST_23 : Operation 339 [1/1] (0.42ns)   --->   "%br_ln625 = br i1 %and_ln625, void %.critedge36._crit_edge, void %_ZN4boomL25completion_writes_integerERK16RobCompleteEvent.exit.thread_ifconv" [/home/lab_726/boom/hls_boom/src/boom_core_merged.cpp:625]   --->   Operation 339 'br' 'br_ln625' <Predicate = (tmp_5 & !or_ln1110)> <Delay = 0.42>
ST_23 : Operation 340 [1/1] (0.20ns)   --->   "%select_ln1116 = select i1 %icmp_ln625, i3 %zext_ln688_5, i3 %ports_uop_rename_pdst_2" [/home/lab_726/boom/hls_boom/src/boom_core_merged.cpp:1116]   --->   Operation 340 'select' 'select_ln1116' <Predicate = (tmp_5 & !or_ln1110 & and_ln625)> <Delay = 0.20> <CoreInst = "Sel">   --->   Core 73 'Sel' <Latency = 0> <II = 1> <Delay = 0.42> <FuncUnit> <Opcode : 'select'> <InPorts = 3> <OutPorts = 1>
ST_23 : Operation 341 [1/1] (0.00ns)   --->   "%zext_ln1116 = zext i3 %select_ln1116" [/home/lab_726/boom/hls_boom/src/boom_core_merged.cpp:1116]   --->   Operation 341 'zext' 'zext_ln1116' <Predicate = (tmp_5 & !or_ln1110 & and_ln625)> <Delay = 0.00>
ST_23 : Operation 342 [1/1] (0.58ns)   --->   "%icmp_ln1116 = icmp_eq  i3 %select_ln1116, i3 0" [/home/lab_726/boom/hls_boom/src/boom_core_merged.cpp:1116]   --->   Operation 342 'icmp' 'icmp_ln1116' <Predicate = (tmp_5 & !or_ln1110 & and_ln625)> <Delay = 0.58> <CoreInst = "Cmp">   --->   Core 9 'Cmp' <Latency = 0> <II = 1> <Delay = 0.84> <FuncUnit> <Opcode : 'icmp'> <InPorts = 2> <OutPorts = 1>
ST_23 : Operation 343 [1/1] (0.00ns)   --->   "%br_ln1116 = br i1 %icmp_ln1116, void %.critedge38, void %.critedge45" [/home/lab_726/boom/hls_boom/src/boom_core_merged.cpp:1116]   --->   Operation 343 'br' 'br_ln1116' <Predicate = (tmp_5 & !or_ln1110 & and_ln625)> <Delay = 0.00>
ST_23 : Operation 344 [1/1] (0.42ns)   --->   "%select_ln1050 = select i1 %icmp_ln625, i64 %ports_value_1, i64 %ports_value_2" [/home/lab_726/boom/hls_boom/src/boom_core_merged.cpp:1050]   --->   Operation 344 'select' 'select_ln1050' <Predicate = (tmp_5 & !or_ln1110 & and_ln625 & !icmp_ln1116)> <Delay = 0.42> <CoreInst = "Sel">   --->   Core 73 'Sel' <Latency = 0> <II = 1> <Delay = 0.42> <FuncUnit> <Opcode : 'select'> <InPorts = 3> <OutPorts = 1>
ST_23 : Operation 345 [1/1] (0.42ns)   --->   "%br_ln1046 = br void" [/home/lab_726/boom/hls_boom/src/boom_core_merged.cpp:1046]   --->   Operation 345 'br' 'br_ln1046' <Predicate = (tmp_5 & !or_ln1110 & and_ln625 & !icmp_ln1116)> <Delay = 0.42>

State 24 <SV = 18> <Delay = 5.02>
ST_24 : Operation 346 [1/1] (0.00ns)   --->   "%i_30 = phi i2 0, void %.critedge38, i2 %add_ln1046, void" [/home/lab_726/boom/hls_boom/src/boom_core_merged.cpp:1047]   --->   Operation 346 'phi' 'i_30' <Predicate = true> <Delay = 0.00>
ST_24 : Operation 347 [1/1] (0.44ns)   --->   "%icmp_ln1046 = icmp_eq  i2 %i_30, i2 3" [/home/lab_726/boom/hls_boom/src/boom_core_merged.cpp:1046]   --->   Operation 347 'icmp' 'icmp_ln1046' <Predicate = true> <Delay = 0.44> <CoreInst = "Cmp">   --->   Core 9 'Cmp' <Latency = 0> <II = 1> <Delay = 0.84> <FuncUnit> <Opcode : 'icmp'> <InPorts = 2> <OutPorts = 1>
ST_24 : Operation 348 [1/1] (0.00ns)   --->   "%empty_103 = speclooptripcount i32 @_ssdm_op_SpecLoopTripCount, i64 1, i64 3, i64 2"   --->   Operation 348 'speclooptripcount' 'empty_103' <Predicate = true> <Delay = 0.00>
ST_24 : Operation 349 [1/1] (0.54ns)   --->   "%add_ln1046 = add i2 %i_30, i2 1" [/home/lab_726/boom/hls_boom/src/boom_core_merged.cpp:1046]   --->   Operation 349 'add' 'add_ln1046' <Predicate = true> <Delay = 0.54> <CoreInst = "Adder">   --->   Core 1 'Adder' <Latency = 0> <II = 1> <Delay = 1.08> <FuncUnit> <Opcode : 'add' 'sub'> <InPorts = 2> <OutPorts = 1>
ST_24 : Operation 350 [1/1] (0.00ns)   --->   "%br_ln1046 = br i1 %icmp_ln1046, void %.split2, void %_ZN4boomL15write_conflictsERK13BoomCoreStatePK16RobCompleteEventi.exit_ifconv.loopexit" [/home/lab_726/boom/hls_boom/src/boom_core_merged.cpp:1046]   --->   Operation 350 'br' 'br_ln1046' <Predicate = true> <Delay = 0.00>
ST_24 : Operation 351 [1/1] (0.00ns)   --->   "%specloopname_ln1046 = specloopname void @_ssdm_op_SpecLoopName, void @empty_46" [/home/lab_726/boom/hls_boom/src/boom_core_merged.cpp:1046]   --->   Operation 351 'specloopname' 'specloopname_ln1046' <Predicate = (!icmp_ln1046)> <Delay = 0.00>
ST_24 : Operation 352 [1/1] (0.44ns)   --->   "%icmp_ln1047 = icmp_eq  i2 %i_30, i2 %i_31" [/home/lab_726/boom/hls_boom/src/boom_core_merged.cpp:1047]   --->   Operation 352 'icmp' 'icmp_ln1047' <Predicate = (!icmp_ln1046)> <Delay = 0.44> <CoreInst = "Cmp">   --->   Core 9 'Cmp' <Latency = 0> <II = 1> <Delay = 0.84> <FuncUnit> <Opcode : 'icmp'> <InPorts = 2> <OutPorts = 1>
ST_24 : Operation 353 [1/1] (0.00ns)   --->   "%br_ln1047 = br i1 %icmp_ln1047, void, void %.critedge42" [/home/lab_726/boom/hls_boom/src/boom_core_merged.cpp:1047]   --->   Operation 353 'br' 'br_ln1047' <Predicate = (!icmp_ln1046)> <Delay = 0.00>
ST_24 : Operation 354 [1/1] (0.58ns)   --->   "%switch_ln1047 = switch i2 %i_30, void %branch76, i2 0, void %branch74, i2 1, void %branch75" [/home/lab_726/boom/hls_boom/src/boom_core_merged.cpp:1047]   --->   Operation 354 'switch' 'switch_ln1047' <Predicate = (!icmp_ln1046 & !icmp_ln1047)> <Delay = 0.58>
ST_24 : Operation 355 [1/1] (0.47ns)   --->   "%br_ln1047 = br void %branch74" [/home/lab_726/boom/hls_boom/src/boom_core_merged.cpp:1047]   --->   Operation 355 'br' 'br_ln1047' <Predicate = (!icmp_ln1046 & !icmp_ln1047 & i_30 == 1)> <Delay = 0.47>
ST_24 : Operation 356 [1/1] (0.47ns)   --->   "%br_ln1047 = br void %branch74" [/home/lab_726/boom/hls_boom/src/boom_core_merged.cpp:1047]   --->   Operation 356 'br' 'br_ln1047' <Predicate = (!icmp_ln1046 & !icmp_ln1047 & i_30 != 0 & i_30 != 1)> <Delay = 0.47>
ST_24 : Operation 357 [1/1] (0.00ns)   --->   "%phi_ln1047 = phi i1 %ports_valid_1, void %branch75, i1 %ports_valid_2, void %branch76, i1 0, void"   --->   Operation 357 'phi' 'phi_ln1047' <Predicate = (!icmp_ln1046 & !icmp_ln1047)> <Delay = 0.00>
ST_24 : Operation 358 [1/1] (0.52ns)   --->   "%phi_ln1047_1 = mux i3 @_ssdm_op_Mux.ap_auto.4i3.i2, i3 0, i3 %ports_kind_1, i3 %ports_kind_2, i3 %ports_kind_2, i2 %i_30" [/home/lab_726/boom/hls_boom/src/boom_core_merged.cpp:1047]   --->   Operation 358 'mux' 'phi_ln1047_1' <Predicate = (!icmp_ln1046 & !icmp_ln1047)> <Delay = 0.52> <CoreInst = "Multiplexer">   --->   Core 76 'Multiplexer' <Latency = 0> <II = 1> <Delay = 0.52> <FuncUnit> <Opcode : 'mux'> <InPorts = 2> <OutPorts = 1>
ST_24 : Operation 359 [1/1] (0.00ns)   --->   "%zext_ln1047 = zext i3 %phi_ln1047_1" [/home/lab_726/boom/hls_boom/src/boom_core_merged.cpp:1047]   --->   Operation 359 'zext' 'zext_ln1047' <Predicate = (!icmp_ln1046 & !icmp_ln1047)> <Delay = 0.00>
ST_24 : Operation 360 [1/1] (0.52ns)   --->   "%phi_ln1047_2 = mux i2 @_ssdm_op_Mux.ap_auto.4i2.i2, i2 0, i2 %zext_ln688_2, i2 %ports_source_2, i2 %ports_source_2, i2 %i_30" [/home/lab_726/boom/hls_boom/src/boom_core_merged.cpp:1047]   --->   Operation 360 'mux' 'phi_ln1047_2' <Predicate = (!icmp_ln1046 & !icmp_ln1047)> <Delay = 0.52> <CoreInst = "Multiplexer">   --->   Core 76 'Multiplexer' <Latency = 0> <II = 1> <Delay = 0.52> <FuncUnit> <Opcode : 'mux'> <InPorts = 2> <OutPorts = 1>
ST_24 : Operation 361 [1/1] (0.00ns)   --->   "%zext_ln1047_1 = zext i2 %phi_ln1047_2" [/home/lab_726/boom/hls_boom/src/boom_core_merged.cpp:1047]   --->   Operation 361 'zext' 'zext_ln1047_1' <Predicate = (!icmp_ln1046 & !icmp_ln1047)> <Delay = 0.00>
ST_24 : Operation 362 [1/1] (0.52ns)   --->   "%phi_ln1047_3 = mux i8 @_ssdm_op_Mux.ap_auto.4i8.i2, i8 0, i8 %zext_ln638, i8 %zext_ln638_1, i8 %zext_ln638_1, i2 %i_30" [/home/lab_726/boom/hls_boom/src/boom_core_merged.cpp:1047]   --->   Operation 362 'mux' 'phi_ln1047_3' <Predicate = (!icmp_ln1046 & !icmp_ln1047)> <Delay = 0.52> <CoreInst = "Multiplexer">   --->   Core 76 'Multiplexer' <Latency = 0> <II = 1> <Delay = 0.52> <FuncUnit> <Opcode : 'mux'> <InPorts = 2> <OutPorts = 1>
ST_24 : Operation 363 [1/1] (0.52ns)   --->   "%phi_ln1047_4 = mux i32 @_ssdm_op_Mux.ap_auto.4i32.i2, i32 0, i32 %zext_ln688_3, i32 %zext_ln689_2, i32 %zext_ln689_2, i2 %i_30" [/home/lab_726/boom/hls_boom/src/boom_core_merged.cpp:1047]   --->   Operation 363 'mux' 'phi_ln1047_4' <Predicate = (!icmp_ln1046 & !icmp_ln1047)> <Delay = 0.52> <CoreInst = "Multiplexer">   --->   Core 76 'Multiplexer' <Latency = 0> <II = 1> <Delay = 0.52> <FuncUnit> <Opcode : 'mux'> <InPorts = 2> <OutPorts = 1>
ST_24 : Operation 364 [2/2] (4.29ns)   --->   "%tmp_10 = call i1 @completion_is_valid, i1 %phi_ln1047, i8 %zext_ln1047, i8 %zext_ln1047_1, i8 %phi_ln1047_3, i32 %phi_ln1047_4, i32 0, i1 %state_rob_entries_valid, i2 %state_rob_entries_uop_queue_rob_allocation_id, i1 %state_rob_entries_busy, i1 %state_rob_entries_memory_valid, i1 %state_rob_entries_memory_completed, i1 %state_rob_entries_is_load, i1 %state_rob_entries_memory_request_sent, i1 %state_rob_entries_memory_transaction_id" [/home/lab_726/boom/hls_boom/src/boom_core_merged.cpp:1047]   --->   Operation 364 'call' 'tmp_10' <Predicate = (!icmp_ln1046 & !icmp_ln1047)> <Delay = 4.29> <CoreType = "Generic">   --->   Core 0 '' <Latency = 0> <II = 1> <Delay = 1.00> <Generic> <Opcode : >
ST_24 : Operation 365 [1/1] (0.42ns)   --->   "%br_ln0 = br void %_ZN4boomL15write_conflictsERK13BoomCoreStatePK16RobCompleteEventi.exit_ifconv"   --->   Operation 365 'br' 'br_ln0' <Predicate = (icmp_ln1046)> <Delay = 0.42>

State 25 <SV = 19> <Delay = 4.25>
ST_25 : Operation 366 [1/2] (4.25ns)   --->   "%tmp_10 = call i1 @completion_is_valid, i1 %phi_ln1047, i8 %zext_ln1047, i8 %zext_ln1047_1, i8 %phi_ln1047_3, i32 %phi_ln1047_4, i32 0, i1 %state_rob_entries_valid, i2 %state_rob_entries_uop_queue_rob_allocation_id, i1 %state_rob_entries_busy, i1 %state_rob_entries_memory_valid, i1 %state_rob_entries_memory_completed, i1 %state_rob_entries_is_load, i1 %state_rob_entries_memory_request_sent, i1 %state_rob_entries_memory_transaction_id" [/home/lab_726/boom/hls_boom/src/boom_core_merged.cpp:1047]   --->   Operation 366 'call' 'tmp_10' <Predicate = (!icmp_ln1116 & !icmp_ln1046 & !icmp_ln1047)> <Delay = 4.25> <CoreType = "Generic">   --->   Core 0 '' <Latency = 0> <II = 1> <Delay = 1.00> <Generic> <Opcode : >
ST_25 : Operation 367 [1/1] (0.00ns)   --->   "%br_ln1047 = br i1 %tmp_10, void %.critedge42, void %.critedge41" [/home/lab_726/boom/hls_boom/src/boom_core_merged.cpp:1047]   --->   Operation 367 'br' 'br_ln1047' <Predicate = (!icmp_ln1116 & !icmp_ln1046 & !icmp_ln1047)> <Delay = 0.00>
ST_25 : Operation 368 [1/1] (0.58ns)   --->   "%switch_ln625 = switch i2 %i_30, void %branch168, i2 0, void %.critedge42, i2 1, void %.critedge41685" [/home/lab_726/boom/hls_boom/src/boom_core_merged.cpp:625]   --->   Operation 368 'switch' 'switch_ln625' <Predicate = (!icmp_ln1116 & !icmp_ln1046 & !icmp_ln1047 & tmp_10)> <Delay = 0.58>
ST_25 : Operation 369 [1/1] (0.42ns)   --->   "%br_ln625 = br void %.critedge41685" [/home/lab_726/boom/hls_boom/src/boom_core_merged.cpp:625]   --->   Operation 369 'br' 'br_ln625' <Predicate = (!icmp_ln1116 & !icmp_ln1046 & !icmp_ln1047 & i_30 != 0 & i_30 != 1 & tmp_10)> <Delay = 0.42>
ST_25 : Operation 370 [1/1] (0.00ns)   --->   "%phi_ln625 = phi i1 %ports_writes_prf_2, void %branch168, i1 %ports_writes_prf_1, void %.critedge41"   --->   Operation 370 'phi' 'phi_ln625' <Predicate = (!icmp_ln1116 & !icmp_ln1046 & !icmp_ln1047 & i_30 != 0 & tmp_10)> <Delay = 0.00>
ST_25 : Operation 371 [1/1] (0.00ns)   --->   "%br_ln625 = br i1 %phi_ln625, void %.critedge42, void %_ZN4boomL25completion_writes_integerERK16RobCompleteEvent.exit20.i.thread" [/home/lab_726/boom/hls_boom/src/boom_core_merged.cpp:625]   --->   Operation 371 'br' 'br_ln625' <Predicate = (!icmp_ln1116 & !icmp_ln1046 & !icmp_ln1047 & i_30 != 0 & tmp_10)> <Delay = 0.00>
ST_25 : Operation 372 [1/1] (0.58ns)   --->   "%switch_ln1049 = switch i2 %i_30, void %branch156, i2 0, void %_ZN4boomL25completion_writes_integerERK16RobCompleteEvent.exit20.i.thread634, i2 1, void %branch155" [/home/lab_726/boom/hls_boom/src/boom_core_merged.cpp:1049]   --->   Operation 372 'switch' 'switch_ln1049' <Predicate = (!icmp_ln1116 & !icmp_ln1046 & !icmp_ln1047 & i_30 != 0 & tmp_10 & phi_ln625)> <Delay = 0.58>
ST_25 : Operation 373 [1/1] (0.47ns)   --->   "%br_ln1049 = br void %_ZN4boomL25completion_writes_integerERK16RobCompleteEvent.exit20.i.thread634" [/home/lab_726/boom/hls_boom/src/boom_core_merged.cpp:1049]   --->   Operation 373 'br' 'br_ln1049' <Predicate = (!icmp_ln1116 & !icmp_ln1046 & !icmp_ln1047 & i_30 == 1 & tmp_10 & phi_ln625)> <Delay = 0.47>
ST_25 : Operation 374 [1/1] (0.47ns)   --->   "%br_ln1049 = br void %_ZN4boomL25completion_writes_integerERK16RobCompleteEvent.exit20.i.thread634" [/home/lab_726/boom/hls_boom/src/boom_core_merged.cpp:1049]   --->   Operation 374 'br' 'br_ln1049' <Predicate = (!icmp_ln1116 & !icmp_ln1046 & !icmp_ln1047 & i_30 != 0 & i_30 != 1 & tmp_10 & phi_ln625)> <Delay = 0.47>
ST_25 : Operation 375 [1/1] (0.00ns) (grouped into LUT with out node icmp_ln1049)   --->   "%phi_ln1049 = phi i3 %zext_ln688_5, void %branch155, i3 %ports_uop_rename_pdst_2, void %branch156, i3 0, void %_ZN4boomL25completion_writes_integerERK16RobCompleteEvent.exit20.i.thread"   --->   Operation 375 'phi' 'phi_ln1049' <Predicate = (!icmp_ln1116 & !icmp_ln1046 & !icmp_ln1047 & i_30 != 0 & tmp_10 & phi_ln625)> <Delay = 0.00>
ST_25 : Operation 376 [1/1] (0.58ns) (out node of the LUT)   --->   "%icmp_ln1049 = icmp_eq  i3 %phi_ln1049, i3 %select_ln1116" [/home/lab_726/boom/hls_boom/src/boom_core_merged.cpp:1049]   --->   Operation 376 'icmp' 'icmp_ln1049' <Predicate = (!icmp_ln1116 & !icmp_ln1046 & !icmp_ln1047 & i_30 != 0 & tmp_10 & phi_ln625)> <Delay = 0.58> <CoreInst = "Cmp">   --->   Core 9 'Cmp' <Latency = 0> <II = 1> <Delay = 0.84> <FuncUnit> <Opcode : 'icmp'> <InPorts = 2> <OutPorts = 1>
ST_25 : Operation 377 [1/1] (0.00ns)   --->   "%br_ln1049 = br i1 %icmp_ln1049, void %_ZN4boomL25completion_writes_integerERK16RobCompleteEvent.exit20.i.thread._crit_edge, void" [/home/lab_726/boom/hls_boom/src/boom_core_merged.cpp:1049]   --->   Operation 377 'br' 'br_ln1049' <Predicate = (!icmp_ln1116 & !icmp_ln1046 & !icmp_ln1047 & i_30 != 0 & tmp_10 & phi_ln625)> <Delay = 0.00>
ST_25 : Operation 378 [1/1] (0.58ns)   --->   "%switch_ln1050 = switch i2 %i_30, void %branch180, i2 0, void %branch178, i2 1, void %branch179" [/home/lab_726/boom/hls_boom/src/boom_core_merged.cpp:1050]   --->   Operation 378 'switch' 'switch_ln1050' <Predicate = (!icmp_ln1116 & !icmp_ln1046 & !icmp_ln1047 & i_30 != 0 & tmp_10 & phi_ln625 & icmp_ln1049)> <Delay = 0.58>
ST_25 : Operation 379 [1/1] (0.47ns)   --->   "%br_ln1050 = br void %branch178" [/home/lab_726/boom/hls_boom/src/boom_core_merged.cpp:1050]   --->   Operation 379 'br' 'br_ln1050' <Predicate = (!icmp_ln1116 & !icmp_ln1046 & !icmp_ln1047 & i_30 == 1 & tmp_10 & phi_ln625 & icmp_ln1049)> <Delay = 0.47>
ST_25 : Operation 380 [1/1] (0.47ns)   --->   "%br_ln1050 = br void %branch178" [/home/lab_726/boom/hls_boom/src/boom_core_merged.cpp:1050]   --->   Operation 380 'br' 'br_ln1050' <Predicate = (!icmp_ln1116 & !icmp_ln1046 & !icmp_ln1047 & i_30 != 0 & i_30 != 1 & tmp_10 & phi_ln625 & icmp_ln1049)> <Delay = 0.47>
ST_25 : Operation 381 [1/1] (0.00ns) (grouped into LUT with out node icmp_ln1050)   --->   "%phi_ln1050 = phi i64 %ports_value_1, void %branch179, i64 %ports_value_2, void %branch180, i64 0, void"   --->   Operation 381 'phi' 'phi_ln1050' <Predicate = (!icmp_ln1116 & !icmp_ln1046 & !icmp_ln1047 & i_30 != 0 & tmp_10 & phi_ln625 & icmp_ln1049)> <Delay = 0.00>
ST_25 : Operation 382 [1/1] (1.13ns) (out node of the LUT)   --->   "%icmp_ln1050 = icmp_eq  i64 %phi_ln1050, i64 %select_ln1050" [/home/lab_726/boom/hls_boom/src/boom_core_merged.cpp:1050]   --->   Operation 382 'icmp' 'icmp_ln1050' <Predicate = (!icmp_ln1116 & !icmp_ln1046 & !icmp_ln1047 & i_30 != 0 & tmp_10 & phi_ln625 & icmp_ln1049)> <Delay = 1.13> <CoreInst = "Cmp">   --->   Core 9 'Cmp' <Latency = 0> <II = 1> <Delay = 0.84> <FuncUnit> <Opcode : 'icmp'> <InPorts = 2> <OutPorts = 1>
ST_25 : Operation 383 [1/1] (0.00ns)   --->   "%br_ln1049 = br i1 %icmp_ln1050, void %.critedge45.loopexit, void %_ZN4boomL25completion_writes_integerERK16RobCompleteEvent.exit20.i.thread._crit_edge" [/home/lab_726/boom/hls_boom/src/boom_core_merged.cpp:1049]   --->   Operation 383 'br' 'br_ln1049' <Predicate = (!icmp_ln1116 & !icmp_ln1046 & !icmp_ln1047 & i_30 != 0 & tmp_10 & phi_ln625 & icmp_ln1049)> <Delay = 0.00>
ST_25 : Operation 384 [1/1] (0.00ns)   --->   "%br_ln1051 = br void" [/home/lab_726/boom/hls_boom/src/boom_core_merged.cpp:1051]   --->   Operation 384 'br' 'br_ln1051' <Predicate = (!icmp_ln1116 & !icmp_ln1046 & !icmp_ln1047 & i_30 != 0 & tmp_10 & phi_ln625 & icmp_ln1050) | (!icmp_ln1116 & !icmp_ln1046 & !icmp_ln1047 & i_30 != 0 & tmp_10 & phi_ln625 & !icmp_ln1049)> <Delay = 0.00>
ST_25 : Operation 385 [1/1] (0.00ns)   --->   "%br_ln0 = br void %.critedge45"   --->   Operation 385 'br' 'br_ln0' <Predicate = (!icmp_ln1116 & !icmp_ln1046 & !icmp_ln1047 & i_30 != 0 & tmp_10 & phi_ln625 & icmp_ln1049 & !icmp_ln1050)> <Delay = 0.00>
ST_25 : Operation 386 [1/1] (0.00ns)   --->   "%br_ln1048 = br void" [/home/lab_726/boom/hls_boom/src/boom_core_merged.cpp:1048]   --->   Operation 386 'br' 'br_ln1048' <Predicate = (!icmp_ln1116 & !icmp_ln1046 & !phi_ln625) | (!icmp_ln1116 & !icmp_ln1046 & !tmp_10) | (!icmp_ln1116 & !icmp_ln1046 & i_30 == 0) | (!icmp_ln1116 & !icmp_ln1046 & icmp_ln1047)> <Delay = 0.00>
ST_25 : Operation 387 [1/1] (0.00ns)   --->   "%br_ln0 = br void"   --->   Operation 387 'br' 'br_ln0' <Predicate = (!icmp_ln1116 & !icmp_ln1046 & icmp_ln1050) | (!icmp_ln1116 & !icmp_ln1046 & !icmp_ln1049) | (!icmp_ln1116 & !icmp_ln1046 & !phi_ln625) | (!icmp_ln1116 & !icmp_ln1046 & !tmp_10) | (!icmp_ln1116 & !icmp_ln1046 & i_30 == 0) | (!icmp_ln1116 & !icmp_ln1046 & icmp_ln1047)> <Delay = 0.00>
ST_25 : Operation 388 [1/1] (0.42ns)   --->   "%br_ln1117 = br void %_ZN4boomL15write_conflictsERK13BoomCoreStatePK16RobCompleteEventi.exit_ifconv" [/home/lab_726/boom/hls_boom/src/boom_core_merged.cpp:1117]   --->   Operation 388 'br' 'br_ln1117' <Predicate = (!icmp_ln1046 & !icmp_ln1047 & i_30 != 0 & tmp_10 & phi_ln625 & icmp_ln1049 & !icmp_ln1050) | (icmp_ln1116)> <Delay = 0.42>
ST_25 : Operation 389 [1/1] (0.00ns)   --->   "%write_eligible_1 = phi i1 0, void %.critedge45, i1 1, void %_ZN4boomL15write_conflictsERK13BoomCoreStatePK16RobCompleteEventi.exit_ifconv.loopexit"   --->   Operation 389 'phi' 'write_eligible_1' <Predicate = (!icmp_ln1047 & i_30 != 0 & tmp_10 & phi_ln625 & icmp_ln1049 & !icmp_ln1050) | (icmp_ln1046) | (icmp_ln1116)> <Delay = 0.00>
ST_25 : Operation 390 [1/1] (0.42ns)   --->   "%select_ln1121_1 = select i1 %icmp_ln625, i64 %ports_value_1, i64 %ports_value_2" [/home/lab_726/boom/hls_boom/src/boom_core_merged.cpp:1121]   --->   Operation 390 'select' 'select_ln1121_1' <Predicate = (!icmp_ln1047 & i_30 != 0 & tmp_10 & phi_ln625 & icmp_ln1049 & !icmp_ln1050) | (icmp_ln1046) | (icmp_ln1116)> <Delay = 0.42> <CoreInst = "Sel">   --->   Core 73 'Sel' <Latency = 0> <II = 1> <Delay = 0.42> <FuncUnit> <Opcode : 'select'> <InPorts = 3> <OutPorts = 1>
ST_25 : Operation 391 [1/1] (0.42ns)   --->   "%br_ln1118 = br void" [/home/lab_726/boom/hls_boom/src/boom_core_merged.cpp:1118]   --->   Operation 391 'br' 'br_ln1118' <Predicate = (!icmp_ln1047 & i_30 != 0 & tmp_10 & phi_ln625 & icmp_ln1049 & !icmp_ln1050) | (icmp_ln1046) | (icmp_ln1116)> <Delay = 0.42>

State 26 <SV = 20> <Delay = 1.70>
ST_26 : Operation 392 [1/1] (0.00ns)   --->   "%w = phi i2 0, void %_ZN4boomL15write_conflictsERK13BoomCoreStatePK16RobCompleteEventi.exit_ifconv, i2 %add_ln1118, void %.split4_ifconv" [/home/lab_726/boom/hls_boom/src/boom_core_merged.cpp:1118]   --->   Operation 392 'phi' 'w' <Predicate = (and_ln625)> <Delay = 0.00>
ST_26 : Operation 393 [1/1] (0.00ns)   --->   "%duplicate_1 = phi i1 0, void %_ZN4boomL15write_conflictsERK13BoomCoreStatePK16RobCompleteEventi.exit_ifconv, i1 %duplicate, void %.split4_ifconv"   --->   Operation 393 'phi' 'duplicate_1' <Predicate = (and_ln625)> <Delay = 0.00>
ST_26 : Operation 394 [1/1] (0.44ns)   --->   "%icmp_ln1118 = icmp_eq  i2 %w, i2 2" [/home/lab_726/boom/hls_boom/src/boom_core_merged.cpp:1118]   --->   Operation 394 'icmp' 'icmp_ln1118' <Predicate = (and_ln625)> <Delay = 0.44> <CoreInst = "Cmp">   --->   Core 9 'Cmp' <Latency = 0> <II = 1> <Delay = 0.84> <FuncUnit> <Opcode : 'icmp'> <InPorts = 2> <OutPorts = 1>
ST_26 : Operation 395 [1/1] (0.00ns)   --->   "%empty_104 = speclooptripcount i32 @_ssdm_op_SpecLoopTripCount, i64 2, i64 2, i64 2"   --->   Operation 395 'speclooptripcount' 'empty_104' <Predicate = (and_ln625)> <Delay = 0.00>
ST_26 : Operation 396 [1/1] (0.54ns)   --->   "%add_ln1118 = add i2 %w, i2 1" [/home/lab_726/boom/hls_boom/src/boom_core_merged.cpp:1118]   --->   Operation 396 'add' 'add_ln1118' <Predicate = (and_ln625)> <Delay = 0.54> <CoreInst = "Adder">   --->   Core 1 'Adder' <Latency = 0> <II = 1> <Delay = 1.08> <FuncUnit> <Opcode : 'add' 'sub'> <InPorts = 2> <OutPorts = 1>
ST_26 : Operation 397 [1/1] (0.00ns)   --->   "%br_ln1118 = br i1 %icmp_ln1118, void %.split4_ifconv, void %.critedge36" [/home/lab_726/boom/hls_boom/src/boom_core_merged.cpp:1118]   --->   Operation 397 'br' 'br_ln1118' <Predicate = (and_ln625)> <Delay = 0.00>
ST_26 : Operation 398 [1/1] (0.00ns)   --->   "%specloopname_ln1112 = specloopname void @_ssdm_op_SpecLoopName, void @empty_34" [/home/lab_726/boom/hls_boom/src/boom_core_merged.cpp:1112]   --->   Operation 398 'specloopname' 'specloopname_ln1112' <Predicate = (and_ln625 & !icmp_ln1118)> <Delay = 0.00>
ST_26 : Operation 399 [1/1] (0.00ns)   --->   "%trunc_ln1119 = trunc i2 %w" [/home/lab_726/boom/hls_boom/src/boom_core_merged.cpp:1119]   --->   Operation 399 'trunc' 'trunc_ln1119' <Predicate = (and_ln625 & !icmp_ln1118)> <Delay = 0.00>
ST_26 : Operation 400 [1/1] (0.00ns) (grouped into LUT with out node duplicate)   --->   "%select_ln1119 = select i1 %trunc_ln1119, i1 %state_completion_writebacks_valid_1_load, i1 %state_completion_writebacks_valid_0_load" [/home/lab_726/boom/hls_boom/src/boom_core_merged.cpp:1119]   --->   Operation 400 'select' 'select_ln1119' <Predicate = (and_ln625 & !icmp_ln1118)> <Delay = 0.00> <CoreInst = "Sel">   --->   Core 73 'Sel' <Latency = 0> <II = 1> <Delay = 0.42> <FuncUnit> <Opcode : 'select'> <InPorts = 3> <OutPorts = 1>
ST_26 : Operation 401 [1/1] (0.00ns) (grouped into LUT with out node icmp_ln1120)   --->   "%select_ln1120 = select i1 %trunc_ln1119, i8 %state_completion_writebacks_pdst_1_load, i8 %state_completion_writebacks_pdst_0_load" [/home/lab_726/boom/hls_boom/src/boom_core_merged.cpp:1120]   --->   Operation 401 'select' 'select_ln1120' <Predicate = (and_ln625 & !icmp_ln1118)> <Delay = 0.00> <CoreInst = "Sel">   --->   Core 73 'Sel' <Latency = 0> <II = 1> <Delay = 0.42> <FuncUnit> <Opcode : 'select'> <InPorts = 3> <OutPorts = 1>
ST_26 : Operation 402 [1/1] (0.84ns) (out node of the LUT)   --->   "%icmp_ln1120 = icmp_eq  i8 %select_ln1120, i8 %zext_ln1116" [/home/lab_726/boom/hls_boom/src/boom_core_merged.cpp:1120]   --->   Operation 402 'icmp' 'icmp_ln1120' <Predicate = (and_ln625 & !icmp_ln1118)> <Delay = 0.84> <CoreInst = "Cmp">   --->   Core 9 'Cmp' <Latency = 0> <II = 1> <Delay = 0.84> <FuncUnit> <Opcode : 'icmp'> <InPorts = 2> <OutPorts = 1>
ST_26 : Operation 403 [1/1] (0.00ns) (grouped into LUT with out node icmp_ln1121)   --->   "%select_ln1121 = select i1 %trunc_ln1119, i64 %state_completion_writebacks_value_1_load, i64 %state_completion_writebacks_value_0_load" [/home/lab_726/boom/hls_boom/src/boom_core_merged.cpp:1121]   --->   Operation 403 'select' 'select_ln1121' <Predicate = (and_ln625 & !icmp_ln1118)> <Delay = 0.00> <CoreInst = "Sel">   --->   Core 73 'Sel' <Latency = 0> <II = 1> <Delay = 0.42> <FuncUnit> <Opcode : 'select'> <InPorts = 3> <OutPorts = 1>
ST_26 : Operation 404 [1/1] (1.13ns) (out node of the LUT)   --->   "%icmp_ln1121 = icmp_eq  i64 %select_ln1121, i64 %select_ln1121_1" [/home/lab_726/boom/hls_boom/src/boom_core_merged.cpp:1121]   --->   Operation 404 'icmp' 'icmp_ln1121' <Predicate = (and_ln625 & !icmp_ln1118)> <Delay = 1.13> <CoreInst = "Cmp">   --->   Core 9 'Cmp' <Latency = 0> <II = 1> <Delay = 0.84> <FuncUnit> <Opcode : 'icmp'> <InPorts = 2> <OutPorts = 1>
ST_26 : Operation 405 [1/1] (0.00ns) (grouped into LUT with out node duplicate)   --->   "%and_ln1119 = and i1 %icmp_ln1120, i1 %icmp_ln1121" [/home/lab_726/boom/hls_boom/src/boom_core_merged.cpp:1119]   --->   Operation 405 'and' 'and_ln1119' <Predicate = (and_ln625 & !icmp_ln1118)> <Delay = 0.00> <CoreInst = "LogicGate">   --->   Core 74 'LogicGate' <Latency = 0> <II = 1> <Delay = 0.28> <FuncUnit> <Opcode : 'and' 'or' 'xor'> <InPorts = 2> <OutPorts = 1>
ST_26 : Operation 406 [1/1] (0.00ns) (grouped into LUT with out node duplicate)   --->   "%and_ln1119_1 = and i1 %and_ln1119, i1 %select_ln1119" [/home/lab_726/boom/hls_boom/src/boom_core_merged.cpp:1119]   --->   Operation 406 'and' 'and_ln1119_1' <Predicate = (and_ln625 & !icmp_ln1118)> <Delay = 0.00> <CoreInst = "LogicGate">   --->   Core 74 'LogicGate' <Latency = 0> <II = 1> <Delay = 0.28> <FuncUnit> <Opcode : 'and' 'or' 'xor'> <InPorts = 2> <OutPorts = 1>
ST_26 : Operation 407 [1/1] (0.28ns) (out node of the LUT)   --->   "%duplicate = or i1 %and_ln1119_1, i1 %duplicate_1" [/home/lab_726/boom/hls_boom/src/boom_core_merged.cpp:1119]   --->   Operation 407 'or' 'duplicate' <Predicate = (and_ln625 & !icmp_ln1118)> <Delay = 0.28> <CoreInst = "LogicGate">   --->   Core 74 'LogicGate' <Latency = 0> <II = 1> <Delay = 0.28> <FuncUnit> <Opcode : 'and' 'or' 'xor'> <InPorts = 2> <OutPorts = 1>
ST_26 : Operation 408 [1/1] (0.00ns)   --->   "%br_ln0 = br void"   --->   Operation 408 'br' 'br_ln0' <Predicate = (and_ln625 & !icmp_ln1118)> <Delay = 0.00>
ST_26 : Operation 409 [1/1] (0.00ns) (grouped into LUT with out node write_eligible)   --->   "%or_ln1123 = or i1 %duplicate_1, i1 %xor_ln1123" [/home/lab_726/boom/hls_boom/src/boom_core_merged.cpp:1123]   --->   Operation 409 'or' 'or_ln1123' <Predicate = (and_ln625 & icmp_ln1118)> <Delay = 0.00> <CoreInst = "LogicGate">   --->   Core 74 'LogicGate' <Latency = 0> <II = 1> <Delay = 0.28> <FuncUnit> <Opcode : 'and' 'or' 'xor'> <InPorts = 2> <OutPorts = 1>
ST_26 : Operation 410 [1/1] (0.28ns) (out node of the LUT)   --->   "%write_eligible = and i1 %write_eligible_1, i1 %or_ln1123" [/home/lab_726/boom/hls_boom/src/boom_core_merged.cpp:1123]   --->   Operation 410 'and' 'write_eligible' <Predicate = (and_ln625 & icmp_ln1118)> <Delay = 0.28> <CoreInst = "LogicGate">   --->   Core 74 'LogicGate' <Latency = 0> <II = 1> <Delay = 0.28> <FuncUnit> <Opcode : 'and' 'or' 'xor'> <InPorts = 2> <OutPorts = 1>
ST_26 : Operation 411 [1/1] (0.42ns)   --->   "%br_ln1126 = br i1 %write_eligible, void %.split6._crit_edge, void %.critedge36._crit_edge" [/home/lab_726/boom/hls_boom/src/boom_core_merged.cpp:1126]   --->   Operation 411 'br' 'br_ln1126' <Predicate = (and_ln625 & icmp_ln1118)> <Delay = 0.42>
ST_26 : Operation 412 [1/1] (0.00ns)   --->   "%duplicate_24 = phi i1 %duplicate_1, void %.critedge36, i1 0, void %.critedge_ifconv"   --->   Operation 412 'phi' 'duplicate_24' <Predicate = (icmp_ln1118 & write_eligible) | (!and_ln625)> <Delay = 0.00>
ST_26 : Operation 413 [1/1] (0.00ns)   --->   "%tmp_16 = bitselect i1 @_ssdm_op_BitSelect.i1.i32.i32, i32 %selected_port, i32 31" [/home/lab_726/boom/hls_boom/src/boom_core_merged.cpp:1127]   --->   Operation 413 'bitselect' 'tmp_16' <Predicate = (icmp_ln1118 & write_eligible) | (!and_ln625)> <Delay = 0.00>
ST_26 : Operation 414 [1/1] (0.84ns)   --->   "%icmp_ln1127 = icmp_ult  i8 %zext_ln603_1, i8 %selected_age" [/home/lab_726/boom/hls_boom/src/boom_core_merged.cpp:1127]   --->   Operation 414 'icmp' 'icmp_ln1127' <Predicate = (icmp_ln1118 & write_eligible) | (!and_ln625)> <Delay = 0.84> <CoreInst = "Cmp">   --->   Core 9 'Cmp' <Latency = 0> <II = 1> <Delay = 0.84> <FuncUnit> <Opcode : 'icmp'> <InPorts = 2> <OutPorts = 1>
ST_26 : Operation 415 [1/1] (0.28ns)   --->   "%or_ln1127 = or i1 %tmp_16, i1 %icmp_ln1127" [/home/lab_726/boom/hls_boom/src/boom_core_merged.cpp:1127]   --->   Operation 415 'or' 'or_ln1127' <Predicate = (icmp_ln1118 & write_eligible) | (!and_ln625)> <Delay = 0.28> <CoreInst = "LogicGate">   --->   Core 74 'LogicGate' <Latency = 0> <II = 1> <Delay = 0.28> <FuncUnit> <Opcode : 'and' 'or' 'xor'> <InPorts = 2> <OutPorts = 1>
ST_26 : Operation 416 [1/1] (0.00ns)   --->   "%br_ln1127 = br i1 %or_ln1127, void, void %._crit_edge29" [/home/lab_726/boom/hls_boom/src/boom_core_merged.cpp:1127]   --->   Operation 416 'br' 'br_ln1127' <Predicate = (icmp_ln1118 & write_eligible) | (!and_ln625)> <Delay = 0.00>
ST_26 : Operation 417 [1/1] (0.84ns)   --->   "%icmp_ln1128 = icmp_eq  i8 %zext_ln603_1, i8 %selected_age" [/home/lab_726/boom/hls_boom/src/boom_core_merged.cpp:1128]   --->   Operation 417 'icmp' 'icmp_ln1128' <Predicate = (icmp_ln1118 & write_eligible & !or_ln1127) | (!and_ln625 & !or_ln1127)> <Delay = 0.84> <CoreInst = "Cmp">   --->   Core 9 'Cmp' <Latency = 0> <II = 1> <Delay = 0.84> <FuncUnit> <Opcode : 'icmp'> <InPorts = 2> <OutPorts = 1>
ST_26 : Operation 418 [1/1] (0.99ns)   --->   "%icmp_ln1128_1 = icmp_slt  i32 %zext_ln1107, i32 %selected_port" [/home/lab_726/boom/hls_boom/src/boom_core_merged.cpp:1128]   --->   Operation 418 'icmp' 'icmp_ln1128_1' <Predicate = (icmp_ln1118 & write_eligible & !or_ln1127) | (!and_ln625 & !or_ln1127)> <Delay = 0.99> <CoreInst = "Cmp">   --->   Core 9 'Cmp' <Latency = 0> <II = 1> <Delay = 0.84> <FuncUnit> <Opcode : 'icmp'> <InPorts = 2> <OutPorts = 1>
ST_26 : Operation 419 [1/1] (0.28ns)   --->   "%and_ln1128 = and i1 %icmp_ln1128, i1 %icmp_ln1128_1" [/home/lab_726/boom/hls_boom/src/boom_core_merged.cpp:1128]   --->   Operation 419 'and' 'and_ln1128' <Predicate = (icmp_ln1118 & write_eligible & !or_ln1127) | (!and_ln625 & !or_ln1127)> <Delay = 0.28> <CoreInst = "LogicGate">   --->   Core 74 'LogicGate' <Latency = 0> <II = 1> <Delay = 0.28> <FuncUnit> <Opcode : 'and' 'or' 'xor'> <InPorts = 2> <OutPorts = 1>
ST_26 : Operation 420 [1/1] (0.42ns)   --->   "%br_ln1128 = br i1 %and_ln1128, void %.split6._crit_edge, void %._crit_edge29" [/home/lab_726/boom/hls_boom/src/boom_core_merged.cpp:1128]   --->   Operation 420 'br' 'br_ln1128' <Predicate = (icmp_ln1118 & write_eligible & !or_ln1127) | (!and_ln625 & !or_ln1127)> <Delay = 0.42>
ST_26 : Operation 421 [1/1] (0.42ns)   --->   "%br_ln1132 = br void %.split6._crit_edge" [/home/lab_726/boom/hls_boom/src/boom_core_merged.cpp:1132]   --->   Operation 421 'br' 'br_ln1132' <Predicate = (icmp_ln1118 & write_eligible & and_ln1128) | (icmp_ln1118 & write_eligible & or_ln1127) | (!and_ln625 & and_ln1128) | (!and_ln625 & or_ln1127)> <Delay = 0.42>

State 27 <SV = 21> <Delay = 0.00>
ST_27 : Operation 422 [1/1] (0.00ns)   --->   "%selected_duplicate_2 = phi i1 %duplicate_24, void %._crit_edge29, i1 %selected_duplicate, void %.split6346, i1 %selected_duplicate, void, i1 %selected_duplicate, void %.critedge36, i1 %selected_duplicate, void"   --->   Operation 422 'phi' 'selected_duplicate_2' <Predicate = true> <Delay = 0.00>
ST_27 : Operation 423 [1/1] (0.00ns)   --->   "%selected_age_2 = phi i8 %zext_ln603_1, void %._crit_edge29, i8 %selected_age, void %.split6346, i8 %selected_age, void, i8 %selected_age, void %.critedge36, i8 %selected_age, void"   --->   Operation 423 'phi' 'selected_age_2' <Predicate = true> <Delay = 0.00>
ST_27 : Operation 424 [1/1] (0.00ns)   --->   "%selected_port_2 = phi i32 %zext_ln1107, void %._crit_edge29, i32 %selected_port, void %.split6346, i32 %selected_port, void, i32 %selected_port, void %.critedge36, i32 %selected_port, void"   --->   Operation 424 'phi' 'selected_port_2' <Predicate = true> <Delay = 0.00>
ST_27 : Operation 425 [1/1] (0.00ns)   --->   "%br_ln0 = br void"   --->   Operation 425 'br' 'br_ln0' <Predicate = true> <Delay = 0.00>

State 28 <SV = 17> <Delay = 4.29>
ST_28 : Operation 426 [1/1] (0.00ns)   --->   "%phi_ln1174 = phi i1 %tmp_12, void, i1 1, void, i1 1, void %.critedge48, i1 0, void" [/home/lab_726/boom/hls_boom/src/boom_core_merged.cpp:1174]   --->   Operation 426 'phi' 'phi_ln1174' <Predicate = true> <Delay = 0.00>
ST_28 : Operation 427 [1/1] (0.58ns)   --->   "%switch_ln1139 = switch i8 %selected, void %._crit_edge48, i8 0, void, i8 1, void %._crit_edge39" [/home/lab_726/boom/hls_boom/src/boom_core_merged.cpp:1139]   --->   Operation 427 'switch' 'switch_ln1139' <Predicate = true> <Delay = 0.58>
ST_28 : Operation 428 [2/2] (4.29ns)   --->   "%tmp_8 = call i1 @completion_is_valid, i1 %ports_valid_1, i8 %zext_ln688, i8 %zext_ln688_1, i8 %zext_ln638, i32 %zext_ln688_3, i32 0, i1 %state_rob_entries_valid, i2 %state_rob_entries_uop_queue_rob_allocation_id, i1 %state_rob_entries_busy, i1 %state_rob_entries_memory_valid, i1 %state_rob_entries_memory_completed, i1 %state_rob_entries_is_load, i1 %state_rob_entries_memory_request_sent, i1 %state_rob_entries_memory_transaction_id" [/home/lab_726/boom/hls_boom/src/boom_core_merged.cpp:634]   --->   Operation 428 'call' 'tmp_8' <Predicate = (selected == 1)> <Delay = 4.29> <CoreType = "Generic">   --->   Core 0 '' <Latency = 0> <II = 1> <Delay = 1.00> <Generic> <Opcode : >
ST_28 : Operation 429 [2/2] (4.29ns)   --->   "%tmp_6 = call i1 @completion_is_valid, i1 0, i8 0, i8 0, i8 0, i32 0, i32 0, i1 %state_rob_entries_valid, i2 %state_rob_entries_uop_queue_rob_allocation_id, i1 %state_rob_entries_busy, i1 %state_rob_entries_memory_valid, i1 %state_rob_entries_memory_completed, i1 %state_rob_entries_is_load, i1 %state_rob_entries_memory_request_sent, i1 %state_rob_entries_memory_transaction_id" [/home/lab_726/boom/hls_boom/src/boom_core_merged.cpp:634]   --->   Operation 429 'call' 'tmp_6' <Predicate = (selected == 0)> <Delay = 4.29> <CoreType = "Generic">   --->   Core 0 '' <Latency = 0> <II = 1> <Delay = 1.00> <Generic> <Opcode : >
ST_28 : Operation 430 [2/2] (4.29ns)   --->   "%tmp_7 = call i1 @completion_is_valid, i1 %ports_valid_2, i8 %zext_ln689, i8 %zext_ln689_1, i8 %zext_ln638_1, i32 %zext_ln689_2, i32 0, i1 %state_rob_entries_valid, i2 %state_rob_entries_uop_queue_rob_allocation_id, i1 %state_rob_entries_busy, i1 %state_rob_entries_memory_valid, i1 %state_rob_entries_memory_completed, i1 %state_rob_entries_is_load, i1 %state_rob_entries_memory_request_sent, i1 %state_rob_entries_memory_transaction_id" [/home/lab_726/boom/hls_boom/src/boom_core_merged.cpp:634]   --->   Operation 430 'call' 'tmp_7' <Predicate = (selected != 0 & selected != 1)> <Delay = 4.29> <CoreType = "Generic">   --->   Core 0 '' <Latency = 0> <II = 1> <Delay = 1.00> <Generic> <Opcode : >

State 29 <SV = 18> <Delay = 4.25>
ST_29 : Operation 431 [1/2] (4.25ns)   --->   "%tmp_8 = call i1 @completion_is_valid, i1 %ports_valid_1, i8 %zext_ln688, i8 %zext_ln688_1, i8 %zext_ln638, i32 %zext_ln688_3, i32 0, i1 %state_rob_entries_valid, i2 %state_rob_entries_uop_queue_rob_allocation_id, i1 %state_rob_entries_busy, i1 %state_rob_entries_memory_valid, i1 %state_rob_entries_memory_completed, i1 %state_rob_entries_is_load, i1 %state_rob_entries_memory_request_sent, i1 %state_rob_entries_memory_transaction_id" [/home/lab_726/boom/hls_boom/src/boom_core_merged.cpp:634]   --->   Operation 431 'call' 'tmp_8' <Predicate = true> <Delay = 4.25> <CoreType = "Generic">   --->   Core 0 '' <Latency = 0> <II = 1> <Delay = 1.00> <Generic> <Opcode : >
ST_29 : Operation 432 [1/1] (0.00ns)   --->   "%br_ln634 = br i1 %tmp_8, void %._crit_edge62, void %.critedge50" [/home/lab_726/boom/hls_boom/src/boom_core_merged.cpp:634]   --->   Operation 432 'br' 'br_ln634' <Predicate = true> <Delay = 0.00>
ST_29 : Operation 433 [1/1] (0.58ns)   --->   "%icmp_ln660_1 = icmp_eq  i3 %ports_kind_1, i3 4" [/home/lab_726/boom/hls_boom/src/boom_core_merged.cpp:660]   --->   Operation 433 'icmp' 'icmp_ln660_1' <Predicate = (tmp_8)> <Delay = 0.58> <CoreInst = "Cmp">   --->   Core 9 'Cmp' <Latency = 0> <II = 1> <Delay = 0.84> <FuncUnit> <Opcode : 'icmp'> <InPorts = 2> <OutPorts = 1>

State 30 <SV = 19> <Delay = 1.80>
ST_30 : Operation 434 [1/1] (0.00ns)   --->   "%zext_ln646_1 = zext i5 %index_5" [/home/lab_726/boom/hls_boom/src/boom_core_merged.cpp:646]   --->   Operation 434 'zext' 'zext_ln646_1' <Predicate = (!icmp_ln1089 & !tmp_1 & selected == 1 & tmp_8)> <Delay = 0.00>
ST_30 : Operation 435 [1/1] (0.00ns)   --->   "%state_rob_entries_busy_addr_5 = getelementptr i1 %state_rob_entries_busy, i64 0, i64 %zext_ln646_1" [/home/lab_726/boom/hls_boom/src/boom_core_merged.cpp:647]   --->   Operation 435 'getelementptr' 'state_rob_entries_busy_addr_5' <Predicate = (!icmp_ln1089 & !tmp_1 & selected == 1 & tmp_8)> <Delay = 0.00>
ST_30 : Operation 436 [1/1] (0.67ns)   --->   "%store_ln647 = store i1 0, i5 %state_rob_entries_busy_addr_5" [/home/lab_726/boom/hls_boom/src/boom_core_merged.cpp:647]   --->   Operation 436 'store' 'store_ln647' <Predicate = (!icmp_ln1089 & !tmp_1 & selected == 1 & tmp_8)> <Delay = 0.67> <CoreInst = "RAM">   --->   Core 83 'RAM' <Latency = 1> <II = 1> <Delay = 0.67> <Storage> <Opcode : 'load' 'store'> <Ports = 2> <Width = 1> <Depth = 32> <RAM>
ST_30 : Operation 437 [1/1] (0.00ns)   --->   "%br_ln660 = br i1 %icmp_ln660_1, void %._crit_edge46, void %._crit_edge47" [/home/lab_726/boom/hls_boom/src/boom_core_merged.cpp:660]   --->   Operation 437 'br' 'br_ln660' <Predicate = (!icmp_ln1089 & !tmp_1 & selected == 1 & tmp_8)> <Delay = 0.00>
ST_30 : Operation 438 [1/1] (0.00ns)   --->   "%state_rob_entries_memory_completed_addr = getelementptr i1 %state_rob_entries_memory_completed, i64 0, i64 %zext_ln646_1" [/home/lab_726/boom/hls_boom/src/boom_core_merged.cpp:661]   --->   Operation 438 'getelementptr' 'state_rob_entries_memory_completed_addr' <Predicate = (!icmp_ln1089 & !tmp_1 & selected == 1 & tmp_8 & icmp_ln660_1)> <Delay = 0.00>
ST_30 : Operation 439 [1/1] (0.67ns)   --->   "%store_ln661 = store i1 1, i5 %state_rob_entries_memory_completed_addr" [/home/lab_726/boom/hls_boom/src/boom_core_merged.cpp:661]   --->   Operation 439 'store' 'store_ln661' <Predicate = (!icmp_ln1089 & !tmp_1 & selected == 1 & tmp_8 & icmp_ln660_1)> <Delay = 0.67> <CoreInst = "RAM">   --->   Core 83 'RAM' <Latency = 1> <II = 1> <Delay = 0.67> <Storage> <Opcode : 'load' 'store'> <Ports = 2> <Width = 1> <Depth = 32> <RAM>
ST_30 : Operation 440 [1/1] (0.00ns)   --->   "%br_ln663 = br void %._crit_edge46" [/home/lab_726/boom/hls_boom/src/boom_core_merged.cpp:663]   --->   Operation 440 'br' 'br_ln663' <Predicate = (!icmp_ln1089 & !tmp_1 & selected == 1 & tmp_8 & icmp_ln660_1)> <Delay = 0.00>
ST_30 : Operation 441 [1/1] (0.00ns)   --->   "%store_ln1155 = store i1 0, i1 %state_completion_mem_execute_valid" [/home/lab_726/boom/hls_boom/src/boom_core_merged.cpp:1155]   --->   Operation 441 'store' 'store_ln1155' <Predicate = (!icmp_ln1089 & !tmp_1 & selected == 1 & tmp_8)> <Delay = 0.00>
ST_30 : Operation 442 [1/1] (0.00ns)   --->   "%store_ln1155 = store i3 0, i3 %state_completion_mem_execute_kind" [/home/lab_726/boom/hls_boom/src/boom_core_merged.cpp:1155]   --->   Operation 442 'store' 'store_ln1155' <Predicate = (!icmp_ln1089 & !tmp_1 & selected == 1 & tmp_8)> <Delay = 0.00>
ST_30 : Operation 443 [1/1] (0.00ns)   --->   "%store_ln1155 = store i1 0, i1 %state_completion_mem_execute_source" [/home/lab_726/boom/hls_boom/src/boom_core_merged.cpp:1155]   --->   Operation 443 'store' 'store_ln1155' <Predicate = (!icmp_ln1089 & !tmp_1 & selected == 1 & tmp_8)> <Delay = 0.00>
ST_30 : Operation 444 [1/1] (0.00ns)   --->   "%store_ln1155 = store i8 0, i8 %state_completion_mem_execute_uop_branch_br_mask" [/home/lab_726/boom/hls_boom/src/boom_core_merged.cpp:1155]   --->   Operation 444 'store' 'store_ln1155' <Predicate = (!icmp_ln1089 & !tmp_1 & selected == 1 & tmp_8)> <Delay = 0.00>
ST_30 : Operation 445 [1/1] (0.00ns)   --->   "%store_ln1155 = store i1 0, i1 %state_completion_mem_execute_uop_branch_br_tag" [/home/lab_726/boom/hls_boom/src/boom_core_merged.cpp:1155]   --->   Operation 445 'store' 'store_ln1155' <Predicate = (!icmp_ln1089 & !tmp_1 & selected == 1 & tmp_8)> <Delay = 0.00>
ST_30 : Operation 446 [1/1] (0.00ns)   --->   "%store_ln1155 = store i5 0, i5 %state_completion_mem_execute_uop_queue_rob_idx" [/home/lab_726/boom/hls_boom/src/boom_core_merged.cpp:1155]   --->   Operation 446 'store' 'store_ln1155' <Predicate = (!icmp_ln1089 & !tmp_1 & selected == 1 & tmp_8)> <Delay = 0.00>
ST_30 : Operation 447 [1/1] (0.00ns)   --->   "%store_ln1155 = store i2 0, i2 %state_completion_mem_execute_uop_queue_rob_allocation_id" [/home/lab_726/boom/hls_boom/src/boom_core_merged.cpp:1155]   --->   Operation 447 'store' 'store_ln1155' <Predicate = (!icmp_ln1089 & !tmp_1 & selected == 1 & tmp_8)> <Delay = 0.00>
ST_30 : Operation 448 [1/1] (0.00ns)   --->   "%store_ln1155 = store i2 0, i2 %state_completion_mem_execute_uop_rename_pdst" [/home/lab_726/boom/hls_boom/src/boom_core_merged.cpp:1155]   --->   Operation 448 'store' 'store_ln1155' <Predicate = (!icmp_ln1089 & !tmp_1 & selected == 1 & tmp_8)> <Delay = 0.00>
ST_30 : Operation 449 [1/1] (0.00ns)   --->   "%store_ln1155 = store i1 0, i1 %state_completion_mem_execute_writes_prf" [/home/lab_726/boom/hls_boom/src/boom_core_merged.cpp:1155]   --->   Operation 449 'store' 'store_ln1155' <Predicate = (!icmp_ln1089 & !tmp_1 & selected == 1 & tmp_8)> <Delay = 0.00>
ST_30 : Operation 450 [1/1] (0.00ns)   --->   "%store_ln1155 = store i1 0, i1 %state_completion_mem_execute_control_resolved" [/home/lab_726/boom/hls_boom/src/boom_core_merged.cpp:1155]   --->   Operation 450 'store' 'store_ln1155' <Predicate = (!icmp_ln1089 & !tmp_1 & selected == 1 & tmp_8)> <Delay = 0.00>
ST_30 : Operation 451 [1/1] (0.00ns)   --->   "%store_ln1155 = store i64 0, i64 %state_completion_mem_execute_value" [/home/lab_726/boom/hls_boom/src/boom_core_merged.cpp:1155]   --->   Operation 451 'store' 'store_ln1155' <Predicate = (!icmp_ln1089 & !tmp_1 & selected == 1 & tmp_8)> <Delay = 0.00>
ST_30 : Operation 452 [1/1] (0.00ns)   --->   "%store_ln1156 = store i1 0, i1 %state_completion_wakeup_sent_1" [/home/lab_726/boom/hls_boom/src/boom_core_merged.cpp:1156]   --->   Operation 452 'store' 'store_ln1156' <Predicate = (!icmp_ln1089 & !tmp_1 & selected == 1 & tmp_8)> <Delay = 0.00>
ST_30 : Operation 453 [1/1] (0.00ns)   --->   "%state_completion_completion_accepts_this_cycle_load_2 = load i8 %state_completion_completion_accepts_this_cycle" [/home/lab_726/boom/hls_boom/src/boom_core_merged.cpp:1168]   --->   Operation 453 'load' 'state_completion_completion_accepts_this_cycle_load_2' <Predicate = (!icmp_ln1089 & !tmp_1 & selected == 1 & tmp_8)> <Delay = 0.00>
ST_30 : Operation 454 [1/1] (0.76ns)   --->   "%add_ln1168_2 = add i8 %state_completion_completion_accepts_this_cycle_load_2, i8 1" [/home/lab_726/boom/hls_boom/src/boom_core_merged.cpp:1168]   --->   Operation 454 'add' 'add_ln1168_2' <Predicate = (!icmp_ln1089 & !tmp_1 & selected == 1 & tmp_8)> <Delay = 0.76> <CoreInst = "Adder">   --->   Core 1 'Adder' <Latency = 0> <II = 1> <Delay = 1.08> <FuncUnit> <Opcode : 'add' 'sub'> <InPorts = 2> <OutPorts = 1>
ST_30 : Operation 455 [1/1] (0.47ns)   --->   "%store_ln1168 = store i8 %add_ln1168_2, i8 %state_completion_completion_accepts_this_cycle" [/home/lab_726/boom/hls_boom/src/boom_core_merged.cpp:1168]   --->   Operation 455 'store' 'store_ln1168' <Predicate = (!icmp_ln1089 & !tmp_1 & selected == 1 & tmp_8)> <Delay = 0.47>
ST_30 : Operation 456 [1/1] (0.00ns)   --->   "%state_completion_total_completion_accepts_load_2 = load i64 %state_completion_total_completion_accepts" [/home/lab_726/boom/hls_boom/src/boom_core_merged.cpp:1169]   --->   Operation 456 'load' 'state_completion_total_completion_accepts_load_2' <Predicate = (!icmp_ln1089 & !tmp_1 & selected == 1 & tmp_8)> <Delay = 0.00>
ST_30 : Operation 457 [1/1] (1.08ns)   --->   "%add_ln1169_2 = add i64 %state_completion_total_completion_accepts_load_2, i64 1" [/home/lab_726/boom/hls_boom/src/boom_core_merged.cpp:1169]   --->   Operation 457 'add' 'add_ln1169_2' <Predicate = (!icmp_ln1089 & !tmp_1 & selected == 1 & tmp_8)> <Delay = 1.08> <CoreInst = "Adder">   --->   Core 1 'Adder' <Latency = 0> <II = 1> <Delay = 1.08> <FuncUnit> <Opcode : 'add' 'sub'> <InPorts = 2> <OutPorts = 1>
ST_30 : Operation 458 [1/1] (0.47ns)   --->   "%store_ln1169 = store i64 %add_ln1169_2, i64 %state_completion_total_completion_accepts" [/home/lab_726/boom/hls_boom/src/boom_core_merged.cpp:1169]   --->   Operation 458 'store' 'store_ln1169' <Predicate = (!icmp_ln1089 & !tmp_1 & selected == 1 & tmp_8)> <Delay = 0.47>
ST_30 : Operation 459 [1/1] (0.00ns)   --->   "%br_ln1170 = br void %_ZN4boomL25apply_completion_selectedER13BoomCoreStateRK16RobCompleteEventbb.exit245._crit_edge" [/home/lab_726/boom/hls_boom/src/boom_core_merged.cpp:1170]   --->   Operation 459 'br' 'br_ln1170' <Predicate = (!icmp_ln1089 & !tmp_1 & selected == 1 & tmp_8)> <Delay = 0.00>
ST_30 : Operation 460 [1/1] (0.67ns)   --->   "%store_ln647 = store i1 0, i1 0" [/home/lab_726/boom/hls_boom/src/boom_core_merged.cpp:647]   --->   Operation 460 'store' 'store_ln647' <Predicate = (!icmp_ln1089 & !tmp_1 & selected == 0 & tmp_6)> <Delay = 0.67> <CoreInst = "RAM">   --->   Core 83 'RAM' <Latency = 1> <II = 1> <Delay = 0.67> <Storage> <Opcode : 'load' 'store'> <Ports = 2> <Width = 1> <Depth = 32> <RAM>
ST_30 : Operation 461 [1/1] (0.00ns)   --->   "%store_ln1148 = store i1 0, i1 %state_completion_wakeup_sent_0" [/home/lab_726/boom/hls_boom/src/boom_core_merged.cpp:1148]   --->   Operation 461 'store' 'store_ln1148' <Predicate = (!icmp_ln1089 & !tmp_1 & selected == 0 & tmp_6)> <Delay = 0.00>
ST_30 : Operation 462 [1/1] (0.00ns)   --->   "%br_ln1170 = br void %_ZN4boomL25apply_completion_selectedER13BoomCoreStateRK16RobCompleteEventbb.exit245._crit_edge" [/home/lab_726/boom/hls_boom/src/boom_core_merged.cpp:1170]   --->   Operation 462 'br' 'br_ln1170' <Predicate = (!icmp_ln1089 & !tmp_1 & selected == 0 & tmp_6)> <Delay = 0.00>
ST_30 : Operation 463 [1/1] (0.00ns)   --->   "%zext_ln646 = zext i5 %index_4" [/home/lab_726/boom/hls_boom/src/boom_core_merged.cpp:646]   --->   Operation 463 'zext' 'zext_ln646' <Predicate = (!icmp_ln1089 & !tmp_1 & selected != 0 & selected != 1 & tmp_7)> <Delay = 0.00>
ST_30 : Operation 464 [1/1] (0.00ns)   --->   "%state_rob_entries_busy_addr_4 = getelementptr i1 %state_rob_entries_busy, i64 0, i64 %zext_ln646" [/home/lab_726/boom/hls_boom/src/boom_core_merged.cpp:647]   --->   Operation 464 'getelementptr' 'state_rob_entries_busy_addr_4' <Predicate = (!icmp_ln1089 & !tmp_1 & selected != 0 & selected != 1 & tmp_7)> <Delay = 0.00>
ST_30 : Operation 465 [1/1] (0.67ns)   --->   "%store_ln647 = store i1 0, i5 %state_rob_entries_busy_addr_4" [/home/lab_726/boom/hls_boom/src/boom_core_merged.cpp:647]   --->   Operation 465 'store' 'store_ln647' <Predicate = (!icmp_ln1089 & !tmp_1 & selected != 0 & selected != 1 & tmp_7)> <Delay = 0.67> <CoreInst = "RAM">   --->   Core 83 'RAM' <Latency = 1> <II = 1> <Delay = 0.67> <Storage> <Opcode : 'load' 'store'> <Ports = 2> <Width = 1> <Depth = 32> <RAM>
ST_30 : Operation 466 [1/1] (0.00ns)   --->   "%br_ln660 = br i1 %icmp_ln660, void %_ZN4boomL25apply_completion_selectedER13BoomCoreStateRK16RobCompleteEventbb.exit245, void %._crit_edge55" [/home/lab_726/boom/hls_boom/src/boom_core_merged.cpp:660]   --->   Operation 466 'br' 'br_ln660' <Predicate = (!icmp_ln1089 & !tmp_1 & selected != 0 & selected != 1 & tmp_7)> <Delay = 0.00>
ST_30 : Operation 467 [1/1] (0.00ns)   --->   "%state_rob_entries_memory_completed_addr_1 = getelementptr i1 %state_rob_entries_memory_completed, i64 0, i64 %zext_ln646" [/home/lab_726/boom/hls_boom/src/boom_core_merged.cpp:661]   --->   Operation 467 'getelementptr' 'state_rob_entries_memory_completed_addr_1' <Predicate = (!icmp_ln1089 & !tmp_1 & selected != 0 & selected != 1 & tmp_7 & icmp_ln660)> <Delay = 0.00>
ST_30 : Operation 468 [1/1] (0.67ns)   --->   "%store_ln661 = store i1 1, i5 %state_rob_entries_memory_completed_addr_1" [/home/lab_726/boom/hls_boom/src/boom_core_merged.cpp:661]   --->   Operation 468 'store' 'store_ln661' <Predicate = (!icmp_ln1089 & !tmp_1 & selected != 0 & selected != 1 & tmp_7 & icmp_ln660)> <Delay = 0.67> <CoreInst = "RAM">   --->   Core 83 'RAM' <Latency = 1> <II = 1> <Delay = 0.67> <Storage> <Opcode : 'load' 'store'> <Ports = 2> <Width = 1> <Depth = 32> <RAM>
ST_30 : Operation 469 [1/1] (0.00ns)   --->   "%br_ln663 = br void %_ZN4boomL25apply_completion_selectedER13BoomCoreStateRK16RobCompleteEventbb.exit245" [/home/lab_726/boom/hls_boom/src/boom_core_merged.cpp:663]   --->   Operation 469 'br' 'br_ln663' <Predicate = (!icmp_ln1089 & !tmp_1 & selected != 0 & selected != 1 & tmp_7 & icmp_ln660)> <Delay = 0.00>
ST_30 : Operation 470 [1/1] (0.00ns)   --->   "%store_ln1163 = store i1 0, i1 %state_completion_int_execute_valid" [/home/lab_726/boom/hls_boom/src/boom_core_merged.cpp:1163]   --->   Operation 470 'store' 'store_ln1163' <Predicate = (!icmp_ln1089 & !tmp_1 & selected != 0 & selected != 1 & tmp_7)> <Delay = 0.00>
ST_30 : Operation 471 [1/1] (0.00ns)   --->   "%store_ln1163 = store i3 0, i3 %state_completion_int_execute_kind" [/home/lab_726/boom/hls_boom/src/boom_core_merged.cpp:1163]   --->   Operation 471 'store' 'store_ln1163' <Predicate = (!icmp_ln1089 & !tmp_1 & selected != 0 & selected != 1 & tmp_7)> <Delay = 0.00>
ST_30 : Operation 472 [1/1] (0.00ns)   --->   "%store_ln1163 = store i2 0, i2 %state_completion_int_execute_source" [/home/lab_726/boom/hls_boom/src/boom_core_merged.cpp:1163]   --->   Operation 472 'store' 'store_ln1163' <Predicate = (!icmp_ln1089 & !tmp_1 & selected != 0 & selected != 1 & tmp_7)> <Delay = 0.00>
ST_30 : Operation 473 [1/1] (0.00ns)   --->   "%store_ln1163 = store i8 0, i8 %state_completion_int_execute_uop_branch_br_mask" [/home/lab_726/boom/hls_boom/src/boom_core_merged.cpp:1163]   --->   Operation 473 'store' 'store_ln1163' <Predicate = (!icmp_ln1089 & !tmp_1 & selected != 0 & selected != 1 & tmp_7)> <Delay = 0.00>
ST_30 : Operation 474 [1/1] (0.00ns)   --->   "%store_ln1163 = store i1 0, i1 %state_completion_int_execute_uop_branch_br_tag" [/home/lab_726/boom/hls_boom/src/boom_core_merged.cpp:1163]   --->   Operation 474 'store' 'store_ln1163' <Predicate = (!icmp_ln1089 & !tmp_1 & selected != 0 & selected != 1 & tmp_7)> <Delay = 0.00>
ST_30 : Operation 475 [1/1] (0.00ns)   --->   "%store_ln1163 = store i5 0, i5 %state_completion_int_execute_uop_queue_rob_idx" [/home/lab_726/boom/hls_boom/src/boom_core_merged.cpp:1163]   --->   Operation 475 'store' 'store_ln1163' <Predicate = (!icmp_ln1089 & !tmp_1 & selected != 0 & selected != 1 & tmp_7)> <Delay = 0.00>
ST_30 : Operation 476 [1/1] (0.00ns)   --->   "%store_ln1163 = store i2 0, i2 %state_completion_int_execute_uop_queue_rob_allocation_id" [/home/lab_726/boom/hls_boom/src/boom_core_merged.cpp:1163]   --->   Operation 476 'store' 'store_ln1163' <Predicate = (!icmp_ln1089 & !tmp_1 & selected != 0 & selected != 1 & tmp_7)> <Delay = 0.00>
ST_30 : Operation 477 [1/1] (0.00ns)   --->   "%store_ln1163 = store i3 0, i3 %state_completion_int_execute_uop_rename_pdst" [/home/lab_726/boom/hls_boom/src/boom_core_merged.cpp:1163]   --->   Operation 477 'store' 'store_ln1163' <Predicate = (!icmp_ln1089 & !tmp_1 & selected != 0 & selected != 1 & tmp_7)> <Delay = 0.00>
ST_30 : Operation 478 [1/1] (0.00ns)   --->   "%store_ln1163 = store i1 0, i1 %state_completion_int_execute_writes_prf" [/home/lab_726/boom/hls_boom/src/boom_core_merged.cpp:1163]   --->   Operation 478 'store' 'store_ln1163' <Predicate = (!icmp_ln1089 & !tmp_1 & selected != 0 & selected != 1 & tmp_7)> <Delay = 0.00>
ST_30 : Operation 479 [1/1] (0.00ns)   --->   "%store_ln1163 = store i1 0, i1 %state_completion_int_execute_control_resolved" [/home/lab_726/boom/hls_boom/src/boom_core_merged.cpp:1163]   --->   Operation 479 'store' 'store_ln1163' <Predicate = (!icmp_ln1089 & !tmp_1 & selected != 0 & selected != 1 & tmp_7)> <Delay = 0.00>
ST_30 : Operation 480 [1/1] (0.00ns)   --->   "%store_ln1163 = store i64 0, i64 %state_completion_int_execute_value" [/home/lab_726/boom/hls_boom/src/boom_core_merged.cpp:1163]   --->   Operation 480 'store' 'store_ln1163' <Predicate = (!icmp_ln1089 & !tmp_1 & selected != 0 & selected != 1 & tmp_7)> <Delay = 0.00>
ST_30 : Operation 481 [1/1] (0.00ns)   --->   "%store_ln1164 = store i1 0, i1 %state_completion_wakeup_sent_2" [/home/lab_726/boom/hls_boom/src/boom_core_merged.cpp:1164]   --->   Operation 481 'store' 'store_ln1164' <Predicate = (!icmp_ln1089 & !tmp_1 & selected != 0 & selected != 1 & tmp_7)> <Delay = 0.00>
ST_30 : Operation 482 [1/1] (0.00ns)   --->   "%state_completion_completion_accepts_this_cycle_load_1 = load i8 %state_completion_completion_accepts_this_cycle" [/home/lab_726/boom/hls_boom/src/boom_core_merged.cpp:1168]   --->   Operation 482 'load' 'state_completion_completion_accepts_this_cycle_load_1' <Predicate = (!icmp_ln1089 & !tmp_1 & selected != 0 & selected != 1 & tmp_7)> <Delay = 0.00>
ST_30 : Operation 483 [1/1] (0.76ns)   --->   "%add_ln1168_1 = add i8 %state_completion_completion_accepts_this_cycle_load_1, i8 1" [/home/lab_726/boom/hls_boom/src/boom_core_merged.cpp:1168]   --->   Operation 483 'add' 'add_ln1168_1' <Predicate = (!icmp_ln1089 & !tmp_1 & selected != 0 & selected != 1 & tmp_7)> <Delay = 0.76> <CoreInst = "Adder">   --->   Core 1 'Adder' <Latency = 0> <II = 1> <Delay = 1.08> <FuncUnit> <Opcode : 'add' 'sub'> <InPorts = 2> <OutPorts = 1>
ST_30 : Operation 484 [1/1] (0.47ns)   --->   "%store_ln1168 = store i8 %add_ln1168_1, i8 %state_completion_completion_accepts_this_cycle" [/home/lab_726/boom/hls_boom/src/boom_core_merged.cpp:1168]   --->   Operation 484 'store' 'store_ln1168' <Predicate = (!icmp_ln1089 & !tmp_1 & selected != 0 & selected != 1 & tmp_7)> <Delay = 0.47>
ST_30 : Operation 485 [1/1] (0.00ns)   --->   "%state_completion_total_completion_accepts_load_1 = load i64 %state_completion_total_completion_accepts" [/home/lab_726/boom/hls_boom/src/boom_core_merged.cpp:1169]   --->   Operation 485 'load' 'state_completion_total_completion_accepts_load_1' <Predicate = (!icmp_ln1089 & !tmp_1 & selected != 0 & selected != 1 & tmp_7)> <Delay = 0.00>
ST_30 : Operation 486 [1/1] (1.08ns)   --->   "%add_ln1169_1 = add i64 %state_completion_total_completion_accepts_load_1, i64 1" [/home/lab_726/boom/hls_boom/src/boom_core_merged.cpp:1169]   --->   Operation 486 'add' 'add_ln1169_1' <Predicate = (!icmp_ln1089 & !tmp_1 & selected != 0 & selected != 1 & tmp_7)> <Delay = 1.08> <CoreInst = "Adder">   --->   Core 1 'Adder' <Latency = 0> <II = 1> <Delay = 1.08> <FuncUnit> <Opcode : 'add' 'sub'> <InPorts = 2> <OutPorts = 1>
ST_30 : Operation 487 [1/1] (0.47ns)   --->   "%store_ln1169 = store i64 %add_ln1169_1, i64 %state_completion_total_completion_accepts" [/home/lab_726/boom/hls_boom/src/boom_core_merged.cpp:1169]   --->   Operation 487 'store' 'store_ln1169' <Predicate = (!icmp_ln1089 & !tmp_1 & selected != 0 & selected != 1 & tmp_7)> <Delay = 0.47>
ST_30 : Operation 488 [1/1] (0.00ns)   --->   "%br_ln1170 = br void %_ZN4boomL25apply_completion_selectedER13BoomCoreStateRK16RobCompleteEventbb.exit245._crit_edge" [/home/lab_726/boom/hls_boom/src/boom_core_merged.cpp:1170]   --->   Operation 488 'br' 'br_ln1170' <Predicate = (!icmp_ln1089 & !tmp_1 & selected != 0 & selected != 1 & tmp_7)> <Delay = 0.00>
ST_30 : Operation 489 [1/1] (0.00ns)   --->   "%state_completion_rob_completes_this_cycle_load = load i8 %state_completion_rob_completes_this_cycle" [/home/lab_726/boom/hls_boom/src/boom_core_merged.cpp:1171]   --->   Operation 489 'load' 'state_completion_rob_completes_this_cycle_load' <Predicate = (!icmp_ln1089 & !tmp_1 & selected != 0 & selected != 1 & tmp_7) | (!icmp_ln1089 & !tmp_1 & selected != 0 & selected == 1 & tmp_8) | (!icmp_ln1089 & !tmp_1 & selected == 0 & tmp_6)> <Delay = 0.00>
ST_30 : Operation 490 [1/1] (0.76ns)   --->   "%add_ln1171 = add i8 %state_completion_rob_completes_this_cycle_load, i8 1" [/home/lab_726/boom/hls_boom/src/boom_core_merged.cpp:1171]   --->   Operation 490 'add' 'add_ln1171' <Predicate = (!icmp_ln1089 & !tmp_1 & selected != 0 & selected != 1 & tmp_7) | (!icmp_ln1089 & !tmp_1 & selected != 0 & selected == 1 & tmp_8) | (!icmp_ln1089 & !tmp_1 & selected == 0 & tmp_6)> <Delay = 0.76> <CoreInst = "Adder">   --->   Core 1 'Adder' <Latency = 0> <II = 1> <Delay = 1.08> <FuncUnit> <Opcode : 'add' 'sub'> <InPorts = 2> <OutPorts = 1>
ST_30 : Operation 491 [1/1] (0.00ns)   --->   "%store_ln1171 = store i8 %add_ln1171, i8 %state_completion_rob_completes_this_cycle" [/home/lab_726/boom/hls_boom/src/boom_core_merged.cpp:1171]   --->   Operation 491 'store' 'store_ln1171' <Predicate = (!icmp_ln1089 & !tmp_1 & selected != 0 & selected != 1 & tmp_7) | (!icmp_ln1089 & !tmp_1 & selected != 0 & selected == 1 & tmp_8) | (!icmp_ln1089 & !tmp_1 & selected == 0 & tmp_6)> <Delay = 0.00>
ST_30 : Operation 492 [1/1] (0.00ns)   --->   "%state_completion_total_rob_completes_load = load i64 %state_completion_total_rob_completes" [/home/lab_726/boom/hls_boom/src/boom_core_merged.cpp:1172]   --->   Operation 492 'load' 'state_completion_total_rob_completes_load' <Predicate = (!icmp_ln1089 & !tmp_1 & selected != 0 & selected != 1 & tmp_7) | (!icmp_ln1089 & !tmp_1 & selected != 0 & selected == 1 & tmp_8) | (!icmp_ln1089 & !tmp_1 & selected == 0 & tmp_6)> <Delay = 0.00>
ST_30 : Operation 493 [1/1] (1.08ns)   --->   "%add_ln1172 = add i64 %state_completion_total_rob_completes_load, i64 1" [/home/lab_726/boom/hls_boom/src/boom_core_merged.cpp:1172]   --->   Operation 493 'add' 'add_ln1172' <Predicate = (!icmp_ln1089 & !tmp_1 & selected != 0 & selected != 1 & tmp_7) | (!icmp_ln1089 & !tmp_1 & selected != 0 & selected == 1 & tmp_8) | (!icmp_ln1089 & !tmp_1 & selected == 0 & tmp_6)> <Delay = 1.08> <CoreInst = "Adder">   --->   Core 1 'Adder' <Latency = 0> <II = 1> <Delay = 1.08> <FuncUnit> <Opcode : 'add' 'sub'> <InPorts = 2> <OutPorts = 1>
ST_30 : Operation 494 [1/1] (0.00ns)   --->   "%store_ln1172 = store i64 %add_ln1172, i64 %state_completion_total_rob_completes" [/home/lab_726/boom/hls_boom/src/boom_core_merged.cpp:1172]   --->   Operation 494 'store' 'store_ln1172' <Predicate = (!icmp_ln1089 & !tmp_1 & selected != 0 & selected != 1 & tmp_7) | (!icmp_ln1089 & !tmp_1 & selected != 0 & selected == 1 & tmp_8) | (!icmp_ln1089 & !tmp_1 & selected == 0 & tmp_6)> <Delay = 0.00>
ST_30 : Operation 495 [1/1] (0.28ns)   --->   "%or_ln1174 = or i1 %selected_duplicate, i1 %phi_ln1174" [/home/lab_726/boom/hls_boom/src/boom_core_merged.cpp:1174]   --->   Operation 495 'or' 'or_ln1174' <Predicate = (!icmp_ln1089 & !tmp_1 & selected != 0 & selected != 1 & tmp_7) | (!icmp_ln1089 & !tmp_1 & selected != 0 & selected == 1 & tmp_8) | (!icmp_ln1089 & !tmp_1 & selected == 0 & tmp_6)> <Delay = 0.28> <CoreInst = "LogicGate">   --->   Core 74 'LogicGate' <Latency = 0> <II = 1> <Delay = 0.28> <FuncUnit> <Opcode : 'and' 'or' 'xor'> <InPorts = 2> <OutPorts = 1>
ST_30 : Operation 496 [1/1] (0.00ns)   --->   "%br_ln1174 = br i1 %or_ln1174, void, void %._crit_edge59" [/home/lab_726/boom/hls_boom/src/boom_core_merged.cpp:1174]   --->   Operation 496 'br' 'br_ln1174' <Predicate = (!icmp_ln1089 & !tmp_1 & selected != 0 & selected != 1 & tmp_7) | (!icmp_ln1089 & !tmp_1 & selected != 0 & selected == 1 & tmp_8) | (!icmp_ln1089 & !tmp_1 & selected == 0 & tmp_6)> <Delay = 0.00>
ST_30 : Operation 497 [1/1] (0.00ns)   --->   "%br_ln1175 = br i1 %icmp, void, void" [/home/lab_726/boom/hls_boom/src/boom_core_merged.cpp:1175]   --->   Operation 497 'br' 'br_ln1175' <Predicate = (!icmp_ln1089 & !tmp_1 & selected != 0 & selected != 1 & tmp_7 & !or_ln1174) | (!icmp_ln1089 & !tmp_1 & selected != 0 & selected == 1 & tmp_8 & !or_ln1174) | (!icmp_ln1089 & !tmp_1 & selected == 0 & tmp_6 & !or_ln1174)> <Delay = 0.00>
ST_30 : Operation 498 [1/1] (0.00ns)   --->   "%write_count_load = load i8 %write_count" [/home/lab_726/boom/hls_boom/src/boom_core_merged.cpp:1179]   --->   Operation 498 'load' 'write_count_load' <Predicate = (!icmp_ln1089 & !tmp_1 & selected != 0 & selected != 1 & tmp_7 & !or_ln1174 & !icmp) | (!icmp_ln1089 & !tmp_1 & selected != 0 & selected == 1 & tmp_8 & !or_ln1174 & !icmp) | (!icmp_ln1089 & !tmp_1 & selected == 0 & tmp_6 & !or_ln1174 & !icmp)> <Delay = 0.00>
ST_30 : Operation 499 [1/1] (0.00ns)   --->   "%trunc_ln1179 = trunc i8 %write_count_load" [/home/lab_726/boom/hls_boom/src/boom_core_merged.cpp:1179]   --->   Operation 499 'trunc' 'trunc_ln1179' <Predicate = (!icmp_ln1089 & !tmp_1 & selected != 0 & selected != 1 & tmp_7 & !or_ln1174 & !icmp) | (!icmp_ln1089 & !tmp_1 & selected != 0 & selected == 1 & tmp_8 & !or_ln1174 & !icmp) | (!icmp_ln1089 & !tmp_1 & selected == 0 & tmp_6 & !or_ln1174 & !icmp)> <Delay = 0.00>
ST_30 : Operation 500 [1/1] (0.00ns)   --->   "%br_ln1179 = br i1 %trunc_ln1179, void %branch6, void %branch7" [/home/lab_726/boom/hls_boom/src/boom_core_merged.cpp:1179]   --->   Operation 500 'br' 'br_ln1179' <Predicate = (!icmp_ln1089 & !tmp_1 & selected != 0 & selected != 1 & tmp_7 & !or_ln1174 & !icmp) | (!icmp_ln1089 & !tmp_1 & selected != 0 & selected == 1 & tmp_8 & !or_ln1174 & !icmp) | (!icmp_ln1089 & !tmp_1 & selected == 0 & tmp_6 & !or_ln1174 & !icmp)> <Delay = 0.00>
ST_30 : Operation 501 [1/1] (0.42ns)   --->   "%store_ln1179 = store i1 1, i1 %state_completion_writebacks_valid_0" [/home/lab_726/boom/hls_boom/src/boom_core_merged.cpp:1179]   --->   Operation 501 'store' 'store_ln1179' <Predicate = (!icmp_ln1089 & !tmp_1 & selected != 0 & selected != 1 & tmp_7 & !or_ln1174 & !icmp & !trunc_ln1179) | (!icmp_ln1089 & !tmp_1 & selected != 0 & selected == 1 & tmp_8 & !or_ln1174 & !icmp & !trunc_ln1179) | (!icmp_ln1089 & !tmp_1 & selected == 0 & tmp_6 & !or_ln1174 & !icmp & !trunc_ln1179)> <Delay = 0.42>
ST_30 : Operation 502 [1/1] (0.00ns)   --->   "%br_ln1179 = br void" [/home/lab_726/boom/hls_boom/src/boom_core_merged.cpp:1179]   --->   Operation 502 'br' 'br_ln1179' <Predicate = (!icmp_ln1089 & !tmp_1 & selected != 0 & selected != 1 & tmp_7 & !or_ln1174 & !icmp & !trunc_ln1179) | (!icmp_ln1089 & !tmp_1 & selected != 0 & selected == 1 & tmp_8 & !or_ln1174 & !icmp & !trunc_ln1179) | (!icmp_ln1089 & !tmp_1 & selected == 0 & tmp_6 & !or_ln1174 & !icmp & !trunc_ln1179)> <Delay = 0.00>
ST_30 : Operation 503 [1/1] (0.42ns)   --->   "%store_ln1179 = store i1 1, i1 %state_completion_writebacks_valid_1" [/home/lab_726/boom/hls_boom/src/boom_core_merged.cpp:1179]   --->   Operation 503 'store' 'store_ln1179' <Predicate = (!icmp_ln1089 & !tmp_1 & selected != 0 & selected != 1 & tmp_7 & !or_ln1174 & !icmp & trunc_ln1179) | (!icmp_ln1089 & !tmp_1 & selected != 0 & selected == 1 & tmp_8 & !or_ln1174 & !icmp & trunc_ln1179) | (!icmp_ln1089 & !tmp_1 & selected == 0 & tmp_6 & !or_ln1174 & !icmp & trunc_ln1179)> <Delay = 0.42>
ST_30 : Operation 504 [1/1] (0.00ns)   --->   "%br_ln1179 = br void" [/home/lab_726/boom/hls_boom/src/boom_core_merged.cpp:1179]   --->   Operation 504 'br' 'br_ln1179' <Predicate = (!icmp_ln1089 & !tmp_1 & selected != 0 & selected != 1 & tmp_7 & !or_ln1174 & !icmp & trunc_ln1179) | (!icmp_ln1089 & !tmp_1 & selected != 0 & selected == 1 & tmp_8 & !or_ln1174 & !icmp & trunc_ln1179) | (!icmp_ln1089 & !tmp_1 & selected == 0 & tmp_6 & !or_ln1174 & !icmp & trunc_ln1179)> <Delay = 0.00>
ST_30 : Operation 505 [1/1] (0.52ns)   --->   "%tmp_13 = mux i8 @_ssdm_op_Mux.ap_auto.4i8.i2, i8 0, i8 %zext_ln688_4, i8 %zext_ln689_3, i8 0, i2 %trunc_ln1135" [/home/lab_726/boom/hls_boom/src/boom_core_merged.cpp:1180]   --->   Operation 505 'mux' 'tmp_13' <Predicate = (!icmp_ln1089 & !tmp_1 & selected != 0 & selected != 1 & tmp_7 & !or_ln1174 & !icmp) | (!icmp_ln1089 & !tmp_1 & selected != 0 & selected == 1 & tmp_8 & !or_ln1174 & !icmp) | (!icmp_ln1089 & !tmp_1 & selected == 0 & tmp_6 & !or_ln1174 & !icmp)> <Delay = 0.52> <CoreInst = "Multiplexer">   --->   Core 76 'Multiplexer' <Latency = 0> <II = 1> <Delay = 0.52> <FuncUnit> <Opcode : 'mux'> <InPorts = 2> <OutPorts = 1>
ST_30 : Operation 506 [1/1] (0.00ns)   --->   "%br_ln1180 = br i1 %trunc_ln1179, void %branch12, void %branch13" [/home/lab_726/boom/hls_boom/src/boom_core_merged.cpp:1180]   --->   Operation 506 'br' 'br_ln1180' <Predicate = (!icmp_ln1089 & !tmp_1 & selected != 0 & selected != 1 & tmp_7 & !or_ln1174 & !icmp) | (!icmp_ln1089 & !tmp_1 & selected != 0 & selected == 1 & tmp_8 & !or_ln1174 & !icmp) | (!icmp_ln1089 & !tmp_1 & selected == 0 & tmp_6 & !or_ln1174 & !icmp)> <Delay = 0.00>
ST_30 : Operation 507 [1/1] (0.42ns)   --->   "%store_ln1180 = store i8 %tmp_13, i8 %state_completion_writebacks_pdst_0" [/home/lab_726/boom/hls_boom/src/boom_core_merged.cpp:1180]   --->   Operation 507 'store' 'store_ln1180' <Predicate = (!icmp_ln1089 & !tmp_1 & selected != 0 & selected != 1 & tmp_7 & !or_ln1174 & !icmp & !trunc_ln1179) | (!icmp_ln1089 & !tmp_1 & selected != 0 & selected == 1 & tmp_8 & !or_ln1174 & !icmp & !trunc_ln1179) | (!icmp_ln1089 & !tmp_1 & selected == 0 & tmp_6 & !or_ln1174 & !icmp & !trunc_ln1179)> <Delay = 0.42>
ST_30 : Operation 508 [1/1] (0.00ns)   --->   "%br_ln1180 = br void" [/home/lab_726/boom/hls_boom/src/boom_core_merged.cpp:1180]   --->   Operation 508 'br' 'br_ln1180' <Predicate = (!icmp_ln1089 & !tmp_1 & selected != 0 & selected != 1 & tmp_7 & !or_ln1174 & !icmp & !trunc_ln1179) | (!icmp_ln1089 & !tmp_1 & selected != 0 & selected == 1 & tmp_8 & !or_ln1174 & !icmp & !trunc_ln1179) | (!icmp_ln1089 & !tmp_1 & selected == 0 & tmp_6 & !or_ln1174 & !icmp & !trunc_ln1179)> <Delay = 0.00>
ST_30 : Operation 509 [1/1] (0.42ns)   --->   "%store_ln1180 = store i8 %tmp_13, i8 %state_completion_writebacks_pdst_1" [/home/lab_726/boom/hls_boom/src/boom_core_merged.cpp:1180]   --->   Operation 509 'store' 'store_ln1180' <Predicate = (!icmp_ln1089 & !tmp_1 & selected != 0 & selected != 1 & tmp_7 & !or_ln1174 & !icmp & trunc_ln1179) | (!icmp_ln1089 & !tmp_1 & selected != 0 & selected == 1 & tmp_8 & !or_ln1174 & !icmp & trunc_ln1179) | (!icmp_ln1089 & !tmp_1 & selected == 0 & tmp_6 & !or_ln1174 & !icmp & trunc_ln1179)> <Delay = 0.42>
ST_30 : Operation 510 [1/1] (0.00ns)   --->   "%br_ln1180 = br void" [/home/lab_726/boom/hls_boom/src/boom_core_merged.cpp:1180]   --->   Operation 510 'br' 'br_ln1180' <Predicate = (!icmp_ln1089 & !tmp_1 & selected != 0 & selected != 1 & tmp_7 & !or_ln1174 & !icmp & trunc_ln1179) | (!icmp_ln1089 & !tmp_1 & selected != 0 & selected == 1 & tmp_8 & !or_ln1174 & !icmp & trunc_ln1179) | (!icmp_ln1089 & !tmp_1 & selected == 0 & tmp_6 & !or_ln1174 & !icmp & trunc_ln1179)> <Delay = 0.00>
ST_30 : Operation 511 [1/1] (0.52ns)   --->   "%tmp_14 = mux i64 @_ssdm_op_Mux.ap_auto.4i64.i2, i64 0, i64 %ports_value_1, i64 %ports_value_2, i64 0, i2 %trunc_ln1135" [/home/lab_726/boom/hls_boom/src/boom_core_merged.cpp:1181]   --->   Operation 511 'mux' 'tmp_14' <Predicate = (!icmp_ln1089 & !tmp_1 & selected != 0 & selected != 1 & tmp_7 & !or_ln1174 & !icmp) | (!icmp_ln1089 & !tmp_1 & selected != 0 & selected == 1 & tmp_8 & !or_ln1174 & !icmp) | (!icmp_ln1089 & !tmp_1 & selected == 0 & tmp_6 & !or_ln1174 & !icmp)> <Delay = 0.52> <CoreInst = "Multiplexer">   --->   Core 76 'Multiplexer' <Latency = 0> <II = 1> <Delay = 0.52> <FuncUnit> <Opcode : 'mux'> <InPorts = 2> <OutPorts = 1>
ST_30 : Operation 512 [1/1] (0.00ns)   --->   "%br_ln1181 = br i1 %trunc_ln1179, void %branch0, void %branch1" [/home/lab_726/boom/hls_boom/src/boom_core_merged.cpp:1181]   --->   Operation 512 'br' 'br_ln1181' <Predicate = (!icmp_ln1089 & !tmp_1 & selected != 0 & selected != 1 & tmp_7 & !or_ln1174 & !icmp) | (!icmp_ln1089 & !tmp_1 & selected != 0 & selected == 1 & tmp_8 & !or_ln1174 & !icmp) | (!icmp_ln1089 & !tmp_1 & selected == 0 & tmp_6 & !or_ln1174 & !icmp)> <Delay = 0.00>
ST_30 : Operation 513 [1/1] (0.42ns)   --->   "%store_ln1181 = store i64 %tmp_14, i64 %state_completion_writebacks_value_0" [/home/lab_726/boom/hls_boom/src/boom_core_merged.cpp:1181]   --->   Operation 513 'store' 'store_ln1181' <Predicate = (!icmp_ln1089 & !tmp_1 & selected != 0 & selected != 1 & tmp_7 & !or_ln1174 & !icmp & !trunc_ln1179) | (!icmp_ln1089 & !tmp_1 & selected != 0 & selected == 1 & tmp_8 & !or_ln1174 & !icmp & !trunc_ln1179) | (!icmp_ln1089 & !tmp_1 & selected == 0 & tmp_6 & !or_ln1174 & !icmp & !trunc_ln1179)> <Delay = 0.42>
ST_30 : Operation 514 [1/1] (0.00ns)   --->   "%br_ln1181 = br void" [/home/lab_726/boom/hls_boom/src/boom_core_merged.cpp:1181]   --->   Operation 514 'br' 'br_ln1181' <Predicate = (!icmp_ln1089 & !tmp_1 & selected != 0 & selected != 1 & tmp_7 & !or_ln1174 & !icmp & !trunc_ln1179) | (!icmp_ln1089 & !tmp_1 & selected != 0 & selected == 1 & tmp_8 & !or_ln1174 & !icmp & !trunc_ln1179) | (!icmp_ln1089 & !tmp_1 & selected == 0 & tmp_6 & !or_ln1174 & !icmp & !trunc_ln1179)> <Delay = 0.00>
ST_30 : Operation 515 [1/1] (0.42ns)   --->   "%store_ln1181 = store i64 %tmp_14, i64 %state_completion_writebacks_value_1" [/home/lab_726/boom/hls_boom/src/boom_core_merged.cpp:1181]   --->   Operation 515 'store' 'store_ln1181' <Predicate = (!icmp_ln1089 & !tmp_1 & selected != 0 & selected != 1 & tmp_7 & !or_ln1174 & !icmp & trunc_ln1179) | (!icmp_ln1089 & !tmp_1 & selected != 0 & selected == 1 & tmp_8 & !or_ln1174 & !icmp & trunc_ln1179) | (!icmp_ln1089 & !tmp_1 & selected == 0 & tmp_6 & !or_ln1174 & !icmp & trunc_ln1179)> <Delay = 0.42>
ST_30 : Operation 516 [1/1] (0.00ns)   --->   "%br_ln1181 = br void" [/home/lab_726/boom/hls_boom/src/boom_core_merged.cpp:1181]   --->   Operation 516 'br' 'br_ln1181' <Predicate = (!icmp_ln1089 & !tmp_1 & selected != 0 & selected != 1 & tmp_7 & !or_ln1174 & !icmp & trunc_ln1179) | (!icmp_ln1089 & !tmp_1 & selected != 0 & selected == 1 & tmp_8 & !or_ln1174 & !icmp & trunc_ln1179) | (!icmp_ln1089 & !tmp_1 & selected == 0 & tmp_6 & !or_ln1174 & !icmp & trunc_ln1179)> <Delay = 0.00>
ST_30 : Operation 517 [1/1] (0.00ns)   --->   "%write_count_load_2 = load i8 %write_count" [/home/lab_726/boom/hls_boom/src/boom_core_merged.cpp:1185]   --->   Operation 517 'load' 'write_count_load_2' <Predicate = (!icmp_ln1089 & !tmp_1 & selected != 0 & selected != 1 & tmp_7 & !or_ln1174 & !icmp) | (!icmp_ln1089 & !tmp_1 & selected != 0 & selected == 1 & tmp_8 & !or_ln1174 & !icmp) | (!icmp_ln1089 & !tmp_1 & selected == 0 & tmp_6 & !or_ln1174 & !icmp)> <Delay = 0.00>
ST_30 : Operation 518 [1/1] (0.76ns)   --->   "%write_count_1 = add i8 %write_count_load_2, i8 1" [/home/lab_726/boom/hls_boom/src/boom_core_merged.cpp:1185]   --->   Operation 518 'add' 'write_count_1' <Predicate = (!icmp_ln1089 & !tmp_1 & selected != 0 & selected != 1 & tmp_7 & !or_ln1174 & !icmp) | (!icmp_ln1089 & !tmp_1 & selected != 0 & selected == 1 & tmp_8 & !or_ln1174 & !icmp) | (!icmp_ln1089 & !tmp_1 & selected == 0 & tmp_6 & !or_ln1174 & !icmp)> <Delay = 0.76> <CoreInst = "Adder">   --->   Core 1 'Adder' <Latency = 0> <II = 1> <Delay = 1.08> <FuncUnit> <Opcode : 'add' 'sub'> <InPorts = 2> <OutPorts = 1>
ST_30 : Operation 519 [1/1] (0.00ns)   --->   "%state_completion_prf_writes_this_cycle_load = load i8 %state_completion_prf_writes_this_cycle" [/home/lab_726/boom/hls_boom/src/boom_core_merged.cpp:1186]   --->   Operation 519 'load' 'state_completion_prf_writes_this_cycle_load' <Predicate = (!icmp_ln1089 & !tmp_1 & selected != 0 & selected != 1 & tmp_7 & !or_ln1174 & !icmp) | (!icmp_ln1089 & !tmp_1 & selected != 0 & selected == 1 & tmp_8 & !or_ln1174 & !icmp) | (!icmp_ln1089 & !tmp_1 & selected == 0 & tmp_6 & !or_ln1174 & !icmp)> <Delay = 0.00>
ST_30 : Operation 520 [1/1] (0.76ns)   --->   "%add_ln1186 = add i8 %state_completion_prf_writes_this_cycle_load, i8 1" [/home/lab_726/boom/hls_boom/src/boom_core_merged.cpp:1186]   --->   Operation 520 'add' 'add_ln1186' <Predicate = (!icmp_ln1089 & !tmp_1 & selected != 0 & selected != 1 & tmp_7 & !or_ln1174 & !icmp) | (!icmp_ln1089 & !tmp_1 & selected != 0 & selected == 1 & tmp_8 & !or_ln1174 & !icmp) | (!icmp_ln1089 & !tmp_1 & selected == 0 & tmp_6 & !or_ln1174 & !icmp)> <Delay = 0.76> <CoreInst = "Adder">   --->   Core 1 'Adder' <Latency = 0> <II = 1> <Delay = 1.08> <FuncUnit> <Opcode : 'add' 'sub'> <InPorts = 2> <OutPorts = 1>
ST_30 : Operation 521 [1/1] (0.00ns)   --->   "%store_ln1186 = store i8 %add_ln1186, i8 %state_completion_prf_writes_this_cycle" [/home/lab_726/boom/hls_boom/src/boom_core_merged.cpp:1186]   --->   Operation 521 'store' 'store_ln1186' <Predicate = (!icmp_ln1089 & !tmp_1 & selected != 0 & selected != 1 & tmp_7 & !or_ln1174 & !icmp) | (!icmp_ln1089 & !tmp_1 & selected != 0 & selected == 1 & tmp_8 & !or_ln1174 & !icmp) | (!icmp_ln1089 & !tmp_1 & selected == 0 & tmp_6 & !or_ln1174 & !icmp)> <Delay = 0.00>
ST_30 : Operation 522 [1/1] (0.00ns)   --->   "%state_completion_total_prf_writes_load = load i64 %state_completion_total_prf_writes" [/home/lab_726/boom/hls_boom/src/boom_core_merged.cpp:1187]   --->   Operation 522 'load' 'state_completion_total_prf_writes_load' <Predicate = (!icmp_ln1089 & !tmp_1 & selected != 0 & selected != 1 & tmp_7 & !or_ln1174 & !icmp) | (!icmp_ln1089 & !tmp_1 & selected != 0 & selected == 1 & tmp_8 & !or_ln1174 & !icmp) | (!icmp_ln1089 & !tmp_1 & selected == 0 & tmp_6 & !or_ln1174 & !icmp)> <Delay = 0.00>
ST_30 : Operation 523 [1/1] (1.08ns)   --->   "%add_ln1187 = add i64 %state_completion_total_prf_writes_load, i64 1" [/home/lab_726/boom/hls_boom/src/boom_core_merged.cpp:1187]   --->   Operation 523 'add' 'add_ln1187' <Predicate = (!icmp_ln1089 & !tmp_1 & selected != 0 & selected != 1 & tmp_7 & !or_ln1174 & !icmp) | (!icmp_ln1089 & !tmp_1 & selected != 0 & selected == 1 & tmp_8 & !or_ln1174 & !icmp) | (!icmp_ln1089 & !tmp_1 & selected == 0 & tmp_6 & !or_ln1174 & !icmp)> <Delay = 1.08> <CoreInst = "Adder">   --->   Core 1 'Adder' <Latency = 0> <II = 1> <Delay = 1.08> <FuncUnit> <Opcode : 'add' 'sub'> <InPorts = 2> <OutPorts = 1>
ST_30 : Operation 524 [1/1] (0.00ns)   --->   "%store_ln1187 = store i64 %add_ln1187, i64 %state_completion_total_prf_writes" [/home/lab_726/boom/hls_boom/src/boom_core_merged.cpp:1187]   --->   Operation 524 'store' 'store_ln1187' <Predicate = (!icmp_ln1089 & !tmp_1 & selected != 0 & selected != 1 & tmp_7 & !or_ln1174 & !icmp) | (!icmp_ln1089 & !tmp_1 & selected != 0 & selected == 1 & tmp_8 & !or_ln1174 & !icmp) | (!icmp_ln1089 & !tmp_1 & selected == 0 & tmp_6 & !or_ln1174 & !icmp)> <Delay = 0.00>
ST_30 : Operation 525 [1/1] (0.42ns)   --->   "%store_ln1185 = store i8 %write_count_1, i8 %write_count" [/home/lab_726/boom/hls_boom/src/boom_core_merged.cpp:1185]   --->   Operation 525 'store' 'store_ln1185' <Predicate = (!icmp_ln1089 & !tmp_1 & selected != 0 & selected != 1 & tmp_7 & !or_ln1174 & !icmp) | (!icmp_ln1089 & !tmp_1 & selected != 0 & selected == 1 & tmp_8 & !or_ln1174 & !icmp) | (!icmp_ln1089 & !tmp_1 & selected == 0 & tmp_6 & !or_ln1174 & !icmp)> <Delay = 0.42>
ST_30 : Operation 526 [1/1] (0.00ns)   --->   "%br_ln0 = br void %._crit_edge59"   --->   Operation 526 'br' 'br_ln0' <Predicate = (!icmp_ln1089 & !tmp_1 & selected != 0 & selected != 1 & tmp_7 & !or_ln1174 & !icmp) | (!icmp_ln1089 & !tmp_1 & selected != 0 & selected == 1 & tmp_8 & !or_ln1174 & !icmp) | (!icmp_ln1089 & !tmp_1 & selected == 0 & tmp_6 & !or_ln1174 & !icmp)> <Delay = 0.00>
ST_30 : Operation 527 [1/1] (0.00ns)   --->   "%state_completion_dropped_writebacks_load = load i64 %state_completion_dropped_writebacks" [/home/lab_726/boom/hls_boom/src/boom_core_merged.cpp:1176]   --->   Operation 527 'load' 'state_completion_dropped_writebacks_load' <Predicate = (!icmp_ln1089 & !tmp_1 & selected != 0 & selected != 1 & tmp_7 & !or_ln1174 & icmp) | (!icmp_ln1089 & !tmp_1 & selected != 0 & selected == 1 & tmp_8 & !or_ln1174 & icmp) | (!icmp_ln1089 & !tmp_1 & selected == 0 & tmp_6 & !or_ln1174 & icmp)> <Delay = 0.00>
ST_30 : Operation 528 [1/1] (1.08ns)   --->   "%add_ln1176 = add i64 %state_completion_dropped_writebacks_load, i64 1" [/home/lab_726/boom/hls_boom/src/boom_core_merged.cpp:1176]   --->   Operation 528 'add' 'add_ln1176' <Predicate = (!icmp_ln1089 & !tmp_1 & selected != 0 & selected != 1 & tmp_7 & !or_ln1174 & icmp) | (!icmp_ln1089 & !tmp_1 & selected != 0 & selected == 1 & tmp_8 & !or_ln1174 & icmp) | (!icmp_ln1089 & !tmp_1 & selected == 0 & tmp_6 & !or_ln1174 & icmp)> <Delay = 1.08> <CoreInst = "Adder">   --->   Core 1 'Adder' <Latency = 0> <II = 1> <Delay = 1.08> <FuncUnit> <Opcode : 'add' 'sub'> <InPorts = 2> <OutPorts = 1>
ST_30 : Operation 529 [1/1] (0.00ns)   --->   "%store_ln1176 = store i64 %add_ln1176, i64 %state_completion_dropped_writebacks" [/home/lab_726/boom/hls_boom/src/boom_core_merged.cpp:1176]   --->   Operation 529 'store' 'store_ln1176' <Predicate = (!icmp_ln1089 & !tmp_1 & selected != 0 & selected != 1 & tmp_7 & !or_ln1174 & icmp) | (!icmp_ln1089 & !tmp_1 & selected != 0 & selected == 1 & tmp_8 & !or_ln1174 & icmp) | (!icmp_ln1089 & !tmp_1 & selected == 0 & tmp_6 & !or_ln1174 & icmp)> <Delay = 0.00>
ST_30 : Operation 530 [1/1] (0.00ns)   --->   "%br_ln1177 = br void %._crit_edge59" [/home/lab_726/boom/hls_boom/src/boom_core_merged.cpp:1177]   --->   Operation 530 'br' 'br_ln1177' <Predicate = (!icmp_ln1089 & !tmp_1 & selected != 0 & selected != 1 & tmp_7 & !or_ln1174 & icmp) | (!icmp_ln1089 & !tmp_1 & selected != 0 & selected == 1 & tmp_8 & !or_ln1174 & icmp) | (!icmp_ln1089 & !tmp_1 & selected == 0 & tmp_6 & !or_ln1174 & icmp)> <Delay = 0.00>
ST_30 : Operation 531 [1/1] (0.00ns) (grouped into LUT with out node or_ln1190)   --->   "%tmp_15 = mux i1 @_ssdm_op_Mux.ap_auto.4i1.i2, i1 0, i1 0, i1 0, i1 0, i2 %trunc_ln1135" [/home/lab_726/boom/hls_boom/src/boom_core_merged.cpp:1190]   --->   Operation 531 'mux' 'tmp_15' <Predicate = (!icmp_ln1089 & !tmp_1 & selected != 0 & selected != 1 & tmp_7) | (!icmp_ln1089 & !tmp_1 & selected != 0 & selected == 1 & tmp_8) | (!icmp_ln1089 & !tmp_1 & selected == 0 & tmp_6)> <Delay = 0.00> <CoreInst = "Multiplexer">   --->   Core 76 'Multiplexer' <Latency = 0> <II = 1> <Delay = 0.52> <FuncUnit> <Opcode : 'mux'> <InPorts = 2> <OutPorts = 1>
ST_30 : Operation 532 [1/1] (0.84ns)   --->   "%icmp_ln1191 = icmp_eq  i8 %tmp_9, i8 5" [/home/lab_726/boom/hls_boom/src/boom_core_merged.cpp:1191]   --->   Operation 532 'icmp' 'icmp_ln1191' <Predicate = (!icmp_ln1089 & !tmp_1 & selected != 0 & selected != 1 & tmp_7) | (!icmp_ln1089 & !tmp_1 & selected != 0 & selected == 1 & tmp_8) | (!icmp_ln1089 & !tmp_1 & selected == 0 & tmp_6)> <Delay = 0.84> <CoreInst = "Cmp">   --->   Core 9 'Cmp' <Latency = 0> <II = 1> <Delay = 0.84> <FuncUnit> <Opcode : 'icmp'> <InPorts = 2> <OutPorts = 1>
ST_30 : Operation 533 [1/1] (0.52ns) (out node of the LUT)   --->   "%or_ln1190 = or i1 %tmp_15, i1 %icmp_ln1191" [/home/lab_726/boom/hls_boom/src/boom_core_merged.cpp:1190]   --->   Operation 533 'or' 'or_ln1190' <Predicate = (!icmp_ln1089 & !tmp_1 & selected != 0 & selected != 1 & tmp_7) | (!icmp_ln1089 & !tmp_1 & selected != 0 & selected == 1 & tmp_8) | (!icmp_ln1089 & !tmp_1 & selected == 0 & tmp_6)> <Delay = 0.52> <CoreInst = "LogicGate">   --->   Core 74 'LogicGate' <Latency = 0> <II = 1> <Delay = 0.28> <FuncUnit> <Opcode : 'and' 'or' 'xor'> <InPorts = 2> <OutPorts = 1>
ST_30 : Operation 534 [1/1] (0.00ns)   --->   "%br_ln1190 = br i1 %or_ln1190, void %._crit_edge62, void %.loopexit.loopexit13" [/home/lab_726/boom/hls_boom/src/boom_core_merged.cpp:1190]   --->   Operation 534 'br' 'br_ln1190' <Predicate = (!icmp_ln1089 & !tmp_1 & selected != 0 & selected != 1 & tmp_7) | (!icmp_ln1089 & !tmp_1 & selected != 0 & selected == 1 & tmp_8) | (!icmp_ln1089 & !tmp_1 & selected == 0 & tmp_6)> <Delay = 0.00>
ST_30 : Operation 535 [1/1] (0.42ns)   --->   "%store_ln1089 = store i2 %service_2, i2 %service" [/home/lab_726/boom/hls_boom/src/boom_core_merged.cpp:1089]   --->   Operation 535 'store' 'store_ln1089' <Predicate = (!icmp_ln1089 & !tmp_1 & !or_ln1190) | (!icmp_ln1089 & !tmp_1 & selected != 0 & selected != 1 & !tmp_7) | (!icmp_ln1089 & !tmp_1 & selected != 0 & selected == 1 & !tmp_8) | (!icmp_ln1089 & !tmp_1 & selected == 0 & !tmp_6)> <Delay = 0.42>
ST_30 : Operation 536 [1/1] (0.00ns)   --->   "%br_ln0 = br void %_ZN4boomL24oldest_precise_exceptionERK13BoomCoreStatePK16RobCompleteEventRh.exit"   --->   Operation 536 'br' 'br_ln0' <Predicate = (!icmp_ln1089 & !tmp_1 & !or_ln1190) | (!icmp_ln1089 & !tmp_1 & selected != 0 & selected != 1 & !tmp_7) | (!icmp_ln1089 & !tmp_1 & selected != 0 & selected == 1 & !tmp_8) | (!icmp_ln1089 & !tmp_1 & selected == 0 & !tmp_6)> <Delay = 0.00>
ST_30 : Operation 537 [1/1] (0.00ns)   --->   "%br_ln0 = br void %.loopexit"   --->   Operation 537 'br' 'br_ln0' <Predicate = (!icmp_ln1089 & !tmp_1 & selected != 0 & selected != 1 & tmp_7 & or_ln1190) | (!icmp_ln1089 & !tmp_1 & selected != 0 & selected == 1 & tmp_8 & or_ln1190) | (!icmp_ln1089 & !tmp_1 & selected == 0 & tmp_6 & or_ln1190)> <Delay = 0.00>

State 31 <SV = 18> <Delay = 4.72>
ST_31 : Operation 538 [1/2] (4.25ns)   --->   "%tmp_6 = call i1 @completion_is_valid, i1 0, i8 0, i8 0, i8 0, i32 0, i32 0, i1 %state_rob_entries_valid, i2 %state_rob_entries_uop_queue_rob_allocation_id, i1 %state_rob_entries_busy, i1 %state_rob_entries_memory_valid, i1 %state_rob_entries_memory_completed, i1 %state_rob_entries_is_load, i1 %state_rob_entries_memory_request_sent, i1 %state_rob_entries_memory_transaction_id" [/home/lab_726/boom/hls_boom/src/boom_core_merged.cpp:634]   --->   Operation 538 'call' 'tmp_6' <Predicate = true> <Delay = 4.25> <CoreType = "Generic">   --->   Core 0 '' <Latency = 0> <II = 1> <Delay = 1.00> <Generic> <Opcode : >
ST_31 : Operation 539 [1/1] (0.00ns)   --->   "%br_ln634 = br i1 %tmp_6, void %._crit_edge62, void %_ZN4boomL25completion_writes_integerERK16RobCompleteEvent.exit.i134._crit_edge" [/home/lab_726/boom/hls_boom/src/boom_core_merged.cpp:634]   --->   Operation 539 'br' 'br_ln634' <Predicate = true> <Delay = 0.00>
ST_31 : Operation 540 [1/1] (0.00ns)   --->   "%state_completion_completion_accepts_this_cycle_load = load i8 %state_completion_completion_accepts_this_cycle" [/home/lab_726/boom/hls_boom/src/boom_core_merged.cpp:1168]   --->   Operation 540 'load' 'state_completion_completion_accepts_this_cycle_load' <Predicate = (tmp_6)> <Delay = 0.00>
ST_31 : Operation 541 [1/1] (0.76ns)   --->   "%add_ln1168 = add i8 %state_completion_completion_accepts_this_cycle_load, i8 1" [/home/lab_726/boom/hls_boom/src/boom_core_merged.cpp:1168]   --->   Operation 541 'add' 'add_ln1168' <Predicate = (tmp_6)> <Delay = 0.76> <CoreInst = "Adder">   --->   Core 1 'Adder' <Latency = 0> <II = 1> <Delay = 1.08> <FuncUnit> <Opcode : 'add' 'sub'> <InPorts = 2> <OutPorts = 1>
ST_31 : Operation 542 [1/1] (0.47ns)   --->   "%store_ln1168 = store i8 %add_ln1168, i8 %state_completion_completion_accepts_this_cycle" [/home/lab_726/boom/hls_boom/src/boom_core_merged.cpp:1168]   --->   Operation 542 'store' 'store_ln1168' <Predicate = (tmp_6)> <Delay = 0.47>
ST_31 : Operation 543 [1/1] (0.00ns)   --->   "%state_completion_total_completion_accepts_load = load i64 %state_completion_total_completion_accepts" [/home/lab_726/boom/hls_boom/src/boom_core_merged.cpp:1169]   --->   Operation 543 'load' 'state_completion_total_completion_accepts_load' <Predicate = (tmp_6)> <Delay = 0.00>
ST_31 : Operation 544 [1/1] (1.08ns)   --->   "%add_ln1169 = add i64 %state_completion_total_completion_accepts_load, i64 1" [/home/lab_726/boom/hls_boom/src/boom_core_merged.cpp:1169]   --->   Operation 544 'add' 'add_ln1169' <Predicate = (tmp_6)> <Delay = 1.08> <CoreInst = "Adder">   --->   Core 1 'Adder' <Latency = 0> <II = 1> <Delay = 1.08> <FuncUnit> <Opcode : 'add' 'sub'> <InPorts = 2> <OutPorts = 1>
ST_31 : Operation 545 [1/1] (0.47ns)   --->   "%store_ln1169 = store i64 %add_ln1169, i64 %state_completion_total_completion_accepts" [/home/lab_726/boom/hls_boom/src/boom_core_merged.cpp:1169]   --->   Operation 545 'store' 'store_ln1169' <Predicate = (tmp_6)> <Delay = 0.47>

State 32 <SV = 18> <Delay = 4.25>
ST_32 : Operation 546 [1/2] (4.25ns)   --->   "%tmp_7 = call i1 @completion_is_valid, i1 %ports_valid_2, i8 %zext_ln689, i8 %zext_ln689_1, i8 %zext_ln638_1, i32 %zext_ln689_2, i32 0, i1 %state_rob_entries_valid, i2 %state_rob_entries_uop_queue_rob_allocation_id, i1 %state_rob_entries_busy, i1 %state_rob_entries_memory_valid, i1 %state_rob_entries_memory_completed, i1 %state_rob_entries_is_load, i1 %state_rob_entries_memory_request_sent, i1 %state_rob_entries_memory_transaction_id" [/home/lab_726/boom/hls_boom/src/boom_core_merged.cpp:634]   --->   Operation 546 'call' 'tmp_7' <Predicate = true> <Delay = 4.25> <CoreType = "Generic">   --->   Core 0 '' <Latency = 0> <II = 1> <Delay = 1.00> <Generic> <Opcode : >
ST_32 : Operation 547 [1/1] (0.00ns)   --->   "%br_ln634 = br i1 %tmp_7, void %._crit_edge62, void %.critedge51" [/home/lab_726/boom/hls_boom/src/boom_core_merged.cpp:634]   --->   Operation 547 'br' 'br_ln634' <Predicate = true> <Delay = 0.00>
ST_32 : Operation 548 [1/1] (0.58ns)   --->   "%icmp_ln660 = icmp_eq  i3 %ports_kind_2, i3 4" [/home/lab_726/boom/hls_boom/src/boom_core_merged.cpp:660]   --->   Operation 548 'icmp' 'icmp_ln660' <Predicate = (tmp_7)> <Delay = 0.58> <CoreInst = "Cmp">   --->   Core 9 'Cmp' <Latency = 0> <II = 1> <Delay = 0.84> <FuncUnit> <Opcode : 'icmp'> <InPorts = 2> <OutPorts = 1>

State 33 <SV = 20> <Delay = 0.84>
ST_33 : Operation 549 [1/1] (0.00ns)   --->   "%call_ln1195 = call void @apply_writeback_ports, i1 %state_completion_writebacks_valid_0, i1 %state_completion_writebacks_valid_1, i8 %state_completion_writebacks_pdst_0, i8 %state_completion_writebacks_pdst_1, i64 %state_completion_duplicate_writebacks, i64 %state_completion_dropped_writebacks, i64 %state_completion_writebacks_value_0, i56 %state_int_rf, i64 %state_completion_writebacks_value_1" [/home/lab_726/boom/hls_boom/src/boom_core_merged.cpp:1195]   --->   Operation 549 'call' 'call_ln1195' <Predicate = (!state_completion_validation_fault_this_cycle_load)> <Delay = 0.00> <CoreType = "Generic">   --->   Core 0 '' <Latency = 0> <II = 1> <Delay = 1.00> <Generic> <Opcode : >
ST_33 : Operation 550 [1/1] (0.00ns)   --->   "%state_completion_completion_accepts_this_cycle_load_3 = load i8 %state_completion_completion_accepts_this_cycle" [/home/lab_726/boom/hls_boom/src/boom_core_merged.cpp:1196]   --->   Operation 550 'load' 'state_completion_completion_accepts_this_cycle_load_3' <Predicate = (!state_completion_validation_fault_this_cycle_load)> <Delay = 0.00>
ST_33 : Operation 551 [1/1] (0.00ns)   --->   "%state_completion_peak_completion_accepts_load = load i8 %state_completion_peak_completion_accepts" [/home/lab_726/boom/hls_boom/src/boom_core_merged.cpp:1196]   --->   Operation 551 'load' 'state_completion_peak_completion_accepts_load' <Predicate = (!state_completion_validation_fault_this_cycle_load)> <Delay = 0.00>
ST_33 : Operation 552 [1/1] (0.84ns)   --->   "%icmp_ln1196 = icmp_ugt  i8 %state_completion_completion_accepts_this_cycle_load_3, i8 %state_completion_peak_completion_accepts_load" [/home/lab_726/boom/hls_boom/src/boom_core_merged.cpp:1196]   --->   Operation 552 'icmp' 'icmp_ln1196' <Predicate = (!state_completion_validation_fault_this_cycle_load)> <Delay = 0.84> <CoreInst = "Cmp">   --->   Core 9 'Cmp' <Latency = 0> <II = 1> <Delay = 0.84> <FuncUnit> <Opcode : 'icmp'> <InPorts = 2> <OutPorts = 1>
ST_33 : Operation 553 [1/1] (0.00ns)   --->   "%br_ln1196 = br i1 %icmp_ln1196, void %.loopexit._crit_edge, void" [/home/lab_726/boom/hls_boom/src/boom_core_merged.cpp:1196]   --->   Operation 553 'br' 'br_ln1196' <Predicate = (!state_completion_validation_fault_this_cycle_load)> <Delay = 0.00>
ST_33 : Operation 554 [1/1] (0.00ns)   --->   "%store_ln1197 = store i8 %state_completion_completion_accepts_this_cycle_load_3, i8 %state_completion_peak_completion_accepts" [/home/lab_726/boom/hls_boom/src/boom_core_merged.cpp:1197]   --->   Operation 554 'store' 'store_ln1197' <Predicate = (!state_completion_validation_fault_this_cycle_load & icmp_ln1196)> <Delay = 0.00>
ST_33 : Operation 555 [1/1] (0.00ns)   --->   "%br_ln1197 = br void %.loopexit._crit_edge" [/home/lab_726/boom/hls_boom/src/boom_core_merged.cpp:1197]   --->   Operation 555 'br' 'br_ln1197' <Predicate = (!state_completion_validation_fault_this_cycle_load & icmp_ln1196)> <Delay = 0.00>
ST_33 : Operation 556 [1/1] (0.00ns)   --->   "%state_completion_rob_completes_this_cycle_load_1 = load i8 %state_completion_rob_completes_this_cycle" [/home/lab_726/boom/hls_boom/src/boom_core_merged.cpp:1198]   --->   Operation 556 'load' 'state_completion_rob_completes_this_cycle_load_1' <Predicate = (!state_completion_validation_fault_this_cycle_load)> <Delay = 0.00>
ST_33 : Operation 557 [1/1] (0.00ns)   --->   "%state_completion_peak_rob_completes_load = load i8 %state_completion_peak_rob_completes" [/home/lab_726/boom/hls_boom/src/boom_core_merged.cpp:1198]   --->   Operation 557 'load' 'state_completion_peak_rob_completes_load' <Predicate = (!state_completion_validation_fault_this_cycle_load)> <Delay = 0.00>
ST_33 : Operation 558 [1/1] (0.84ns)   --->   "%icmp_ln1198 = icmp_ugt  i8 %state_completion_rob_completes_this_cycle_load_1, i8 %state_completion_peak_rob_completes_load" [/home/lab_726/boom/hls_boom/src/boom_core_merged.cpp:1198]   --->   Operation 558 'icmp' 'icmp_ln1198' <Predicate = (!state_completion_validation_fault_this_cycle_load)> <Delay = 0.84> <CoreInst = "Cmp">   --->   Core 9 'Cmp' <Latency = 0> <II = 1> <Delay = 0.84> <FuncUnit> <Opcode : 'icmp'> <InPorts = 2> <OutPorts = 1>
ST_33 : Operation 559 [1/1] (0.00ns)   --->   "%br_ln1198 = br i1 %icmp_ln1198, void %._crit_edge63, void" [/home/lab_726/boom/hls_boom/src/boom_core_merged.cpp:1198]   --->   Operation 559 'br' 'br_ln1198' <Predicate = (!state_completion_validation_fault_this_cycle_load)> <Delay = 0.00>
ST_33 : Operation 560 [1/1] (0.00ns)   --->   "%store_ln1199 = store i8 %state_completion_rob_completes_this_cycle_load_1, i8 %state_completion_peak_rob_completes" [/home/lab_726/boom/hls_boom/src/boom_core_merged.cpp:1199]   --->   Operation 560 'store' 'store_ln1199' <Predicate = (!state_completion_validation_fault_this_cycle_load & icmp_ln1198)> <Delay = 0.00>
ST_33 : Operation 561 [1/1] (0.00ns)   --->   "%br_ln1199 = br void %._crit_edge63" [/home/lab_726/boom/hls_boom/src/boom_core_merged.cpp:1199]   --->   Operation 561 'br' 'br_ln1199' <Predicate = (!state_completion_validation_fault_this_cycle_load & icmp_ln1198)> <Delay = 0.00>
ST_33 : Operation 562 [1/1] (0.00ns)   --->   "%state_completion_prf_writes_this_cycle_load_1 = load i8 %state_completion_prf_writes_this_cycle" [/home/lab_726/boom/hls_boom/src/boom_core_merged.cpp:1200]   --->   Operation 562 'load' 'state_completion_prf_writes_this_cycle_load_1' <Predicate = (!state_completion_validation_fault_this_cycle_load)> <Delay = 0.00>
ST_33 : Operation 563 [1/1] (0.00ns)   --->   "%state_completion_peak_prf_writes_load = load i8 %state_completion_peak_prf_writes" [/home/lab_726/boom/hls_boom/src/boom_core_merged.cpp:1200]   --->   Operation 563 'load' 'state_completion_peak_prf_writes_load' <Predicate = (!state_completion_validation_fault_this_cycle_load)> <Delay = 0.00>
ST_33 : Operation 564 [1/1] (0.84ns)   --->   "%icmp_ln1200 = icmp_ugt  i8 %state_completion_prf_writes_this_cycle_load_1, i8 %state_completion_peak_prf_writes_load" [/home/lab_726/boom/hls_boom/src/boom_core_merged.cpp:1200]   --->   Operation 564 'icmp' 'icmp_ln1200' <Predicate = (!state_completion_validation_fault_this_cycle_load)> <Delay = 0.84> <CoreInst = "Cmp">   --->   Core 9 'Cmp' <Latency = 0> <II = 1> <Delay = 0.84> <FuncUnit> <Opcode : 'icmp'> <InPorts = 2> <OutPorts = 1>
ST_33 : Operation 565 [1/1] (0.00ns)   --->   "%br_ln1200 = br i1 %icmp_ln1200, void %._crit_edge, void" [/home/lab_726/boom/hls_boom/src/boom_core_merged.cpp:1200]   --->   Operation 565 'br' 'br_ln1200' <Predicate = (!state_completion_validation_fault_this_cycle_load)> <Delay = 0.00>
ST_33 : Operation 566 [1/1] (0.00ns)   --->   "%store_ln1201 = store i8 %state_completion_prf_writes_this_cycle_load_1, i8 %state_completion_peak_prf_writes" [/home/lab_726/boom/hls_boom/src/boom_core_merged.cpp:1201]   --->   Operation 566 'store' 'store_ln1201' <Predicate = (!state_completion_validation_fault_this_cycle_load & icmp_ln1200)> <Delay = 0.00>
ST_33 : Operation 567 [1/1] (0.00ns)   --->   "%br_ln1201 = br void %._crit_edge" [/home/lab_726/boom/hls_boom/src/boom_core_merged.cpp:1201]   --->   Operation 567 'br' 'br_ln1201' <Predicate = (!state_completion_validation_fault_this_cycle_load & icmp_ln1200)> <Delay = 0.00>
ST_33 : Operation 568 [1/1] (0.00ns)   --->   "%ret_ln1202 = ret" [/home/lab_726/boom/hls_boom/src/boom_core_merged.cpp:1202]   --->   Operation 568 'ret' 'ret_ln1202' <Predicate = true> <Delay = 0.00>


============================================================
+ Verbose Summary: Binding
============================================================
STG Binding: 
---------------- STG Properties BEGIN ----------------
- Is combinational: 0
- Is one-state seq: 0
- Is datapath-only: 0
- Is pipelined: 0
- Is top level: 0
Port [ Return ] is wired: 1; IO mode=ap_ctrl_hs:ce=0
Port [ state_completion_validation_fault_this_cycle]:  wired=1; compound=0; hidden=0; nouse=0; global=1; static=1; extern=0; dir=0; type=0; pingpong=0; private_global=0; IO mode=ap_none:ce=0
Port [ state_rob_head]:  wired=1; compound=0; hidden=0; nouse=0; global=1; static=1; extern=0; dir=0; type=0; pingpong=0; private_global=0; IO mode=ap_none:ce=0
Port [ state_rob_entries_valid]:  wired=1; compound=1; hidden=0; nouse=0; global=1; static=1; extern=0; dir=0; type=1; pingpong=0; private_global=0; MemPort=[13]; IO mode=ap_memory:ce=0
Port [ state_rob_entries_exception]:  wired=1; compound=1; hidden=0; nouse=0; global=1; static=1; extern=0; dir=0; type=1; pingpong=0; private_global=0; MemPort=[13]; IO mode=ap_memory:ce=0
Port [ state_rob_entries_uop_queue_rob_idx]:  wired=1; compound=1; hidden=0; nouse=0; global=1; static=1; extern=0; dir=0; type=1; pingpong=0; private_global=0; MemPort=[13]; IO mode=ap_memory:ce=0
Port [ state_completion_mem_execute_valid]:  wired=1; compound=0; hidden=0; nouse=0; global=1; static=1; extern=0; dir=2; type=0; pingpong=0; private_global=0; IO mode=ap_ovld:ce=0
Port [ state_completion_mem_execute_kind]:  wired=1; compound=0; hidden=0; nouse=0; global=1; static=1; extern=0; dir=2; type=0; pingpong=0; private_global=0; IO mode=ap_ovld:ce=0
Port [ state_completion_mem_execute_source]:  wired=1; compound=0; hidden=0; nouse=0; global=1; static=1; extern=0; dir=2; type=0; pingpong=0; private_global=0; IO mode=ap_ovld:ce=0
Port [ state_completion_mem_execute_uop_queue_rob_idx]:  wired=1; compound=0; hidden=0; nouse=0; global=1; static=1; extern=0; dir=2; type=0; pingpong=0; private_global=0; IO mode=ap_ovld:ce=0
Port [ state_completion_mem_execute_uop_queue_rob_allocation_id]:  wired=1; compound=0; hidden=0; nouse=0; global=1; static=1; extern=0; dir=2; type=0; pingpong=0; private_global=0; IO mode=ap_ovld:ce=0
Port [ state_rob_entries_uop_queue_rob_allocation_id]:  wired=1; compound=1; hidden=0; nouse=0; global=1; static=1; extern=0; dir=0; type=1; pingpong=0; private_global=0; MemPort=[13]; IO mode=ap_memory:ce=0
Port [ state_rob_entries_busy]:  wired=1; compound=1; hidden=0; nouse=0; global=1; static=1; extern=0; dir=2; type=1; pingpong=0; private_global=0; MemPort=[23]; IO mode=ap_memory:ce=0
Port [ state_rob_entries_memory_valid]:  wired=1; compound=1; hidden=0; nouse=0; global=1; static=1; extern=0; dir=0; type=1; pingpong=0; private_global=0; MemPort=[13]; IO mode=ap_memory:ce=0
Port [ state_rob_entries_memory_completed]:  wired=1; compound=1; hidden=0; nouse=0; global=1; static=1; extern=0; dir=2; type=1; pingpong=0; private_global=0; MemPort=[23]; IO mode=ap_memory:ce=0
Port [ state_rob_entries_is_load]:  wired=1; compound=1; hidden=0; nouse=0; global=1; static=1; extern=0; dir=0; type=1; pingpong=0; private_global=0; MemPort=[13]; IO mode=ap_memory:ce=0
Port [ state_rob_entries_memory_request_sent]:  wired=1; compound=1; hidden=0; nouse=0; global=1; static=1; extern=0; dir=0; type=1; pingpong=0; private_global=0; MemPort=[13]; IO mode=ap_memory:ce=0
Port [ state_rob_entries_memory_transaction_id]:  wired=1; compound=1; hidden=0; nouse=0; global=1; static=1; extern=0; dir=0; type=1; pingpong=0; private_global=0; MemPort=[13]; IO mode=ap_memory:ce=0
Port [ state_completion_dropped_completions]:  wired=1; compound=0; hidden=0; nouse=0; global=1; static=1; extern=0; dir=2; type=0; pingpong=0; private_global=0; IO mode=ap_ovld:ce=0
Port [ state_completion_mem_execute_uop_branch_br_mask]:  wired=1; compound=0; hidden=0; nouse=0; global=1; static=1; extern=0; dir=1; type=0; pingpong=0; private_global=0; IO mode=ap_vld:ce=0
Port [ state_completion_mem_execute_uop_branch_br_tag]:  wired=1; compound=0; hidden=0; nouse=0; global=1; static=1; extern=0; dir=1; type=0; pingpong=0; private_global=0; IO mode=ap_vld:ce=0
Port [ state_completion_mem_execute_uop_rename_pdst]:  wired=1; compound=0; hidden=0; nouse=0; global=1; static=1; extern=0; dir=2; type=0; pingpong=0; private_global=0; IO mode=ap_ovld:ce=0
Port [ state_completion_mem_execute_writes_prf]:  wired=1; compound=0; hidden=0; nouse=0; global=1; static=1; extern=0; dir=2; type=0; pingpong=0; private_global=0; IO mode=ap_ovld:ce=0
Port [ state_completion_mem_execute_control_resolved]:  wired=1; compound=0; hidden=0; nouse=0; global=1; static=1; extern=0; dir=1; type=0; pingpong=0; private_global=0; IO mode=ap_vld:ce=0
Port [ state_completion_mem_execute_value]:  wired=1; compound=0; hidden=0; nouse=0; global=1; static=1; extern=0; dir=2; type=0; pingpong=0; private_global=0; IO mode=ap_ovld:ce=0
Port [ state_completion_int_execute_valid]:  wired=1; compound=0; hidden=0; nouse=0; global=1; static=1; extern=0; dir=2; type=0; pingpong=0; private_global=0; IO mode=ap_ovld:ce=0
Port [ state_completion_int_execute_kind]:  wired=1; compound=0; hidden=0; nouse=0; global=1; static=1; extern=0; dir=2; type=0; pingpong=0; private_global=0; IO mode=ap_ovld:ce=0
Port [ state_completion_int_execute_source]:  wired=1; compound=0; hidden=0; nouse=0; global=1; static=1; extern=0; dir=2; type=0; pingpong=0; private_global=0; IO mode=ap_ovld:ce=0
Port [ state_completion_int_execute_uop_queue_rob_idx]:  wired=1; compound=0; hidden=0; nouse=0; global=1; static=1; extern=0; dir=2; type=0; pingpong=0; private_global=0; IO mode=ap_ovld:ce=0
Port [ state_completion_int_execute_uop_queue_rob_allocation_id]:  wired=1; compound=0; hidden=0; nouse=0; global=1; static=1; extern=0; dir=2; type=0; pingpong=0; private_global=0; IO mode=ap_ovld:ce=0
Port [ state_completion_int_execute_uop_branch_br_mask]:  wired=1; compound=0; hidden=0; nouse=0; global=1; static=1; extern=0; dir=1; type=0; pingpong=0; private_global=0; IO mode=ap_vld:ce=0
Port [ state_completion_int_execute_uop_branch_br_tag]:  wired=1; compound=0; hidden=0; nouse=0; global=1; static=1; extern=0; dir=1; type=0; pingpong=0; private_global=0; IO mode=ap_vld:ce=0
Port [ state_completion_int_execute_uop_rename_pdst]:  wired=1; compound=0; hidden=0; nouse=0; global=1; static=1; extern=0; dir=2; type=0; pingpong=0; private_global=0; IO mode=ap_ovld:ce=0
Port [ state_completion_int_execute_writes_prf]:  wired=1; compound=0; hidden=0; nouse=0; global=1; static=1; extern=0; dir=2; type=0; pingpong=0; private_global=0; IO mode=ap_ovld:ce=0
Port [ state_completion_int_execute_control_resolved]:  wired=1; compound=0; hidden=0; nouse=0; global=1; static=1; extern=0; dir=1; type=0; pingpong=0; private_global=0; IO mode=ap_vld:ce=0
Port [ state_completion_int_execute_value]:  wired=1; compound=0; hidden=0; nouse=0; global=1; static=1; extern=0; dir=2; type=0; pingpong=0; private_global=0; IO mode=ap_ovld:ce=0
Port [ state_completion_writebacks_valid_0]:  wired=1; compound=0; hidden=0; nouse=0; global=1; static=1; extern=0; dir=2; type=0; pingpong=0; private_global=0; IO mode=ap_ovld:ce=0
Port [ state_completion_writebacks_valid_1]:  wired=1; compound=0; hidden=0; nouse=0; global=1; static=1; extern=0; dir=2; type=0; pingpong=0; private_global=0; IO mode=ap_ovld:ce=0
Port [ state_completion_writebacks_pdst_0]:  wired=1; compound=0; hidden=0; nouse=0; global=1; static=1; extern=0; dir=2; type=0; pingpong=0; private_global=0; IO mode=ap_ovld:ce=0
Port [ state_completion_writebacks_pdst_1]:  wired=1; compound=0; hidden=0; nouse=0; global=1; static=1; extern=0; dir=2; type=0; pingpong=0; private_global=0; IO mode=ap_ovld:ce=0
Port [ state_completion_writebacks_value_0]:  wired=1; compound=0; hidden=0; nouse=0; global=1; static=1; extern=0; dir=2; type=0; pingpong=0; private_global=0; IO mode=ap_ovld:ce=0
Port [ state_completion_writebacks_value_1]:  wired=1; compound=0; hidden=0; nouse=0; global=1; static=1; extern=0; dir=2; type=0; pingpong=0; private_global=0; IO mode=ap_ovld:ce=0
Port [ state_completion_wakeup_sent_0]:  wired=1; compound=0; hidden=0; nouse=0; global=1; static=1; extern=0; dir=1; type=0; pingpong=0; private_global=0; IO mode=ap_vld:ce=0
Port [ state_completion_completion_accepts_this_cycle]:  wired=1; compound=0; hidden=0; nouse=0; global=1; static=1; extern=0; dir=2; type=0; pingpong=0; private_global=0; IO mode=ap_ovld:ce=0
Port [ state_completion_total_completion_accepts]:  wired=1; compound=0; hidden=0; nouse=0; global=1; static=1; extern=0; dir=2; type=0; pingpong=0; private_global=0; IO mode=ap_ovld:ce=0
Port [ state_completion_wakeup_sent_2]:  wired=1; compound=0; hidden=0; nouse=0; global=1; static=1; extern=0; dir=1; type=0; pingpong=0; private_global=0; IO mode=ap_vld:ce=0
Port [ state_completion_wakeup_sent_1]:  wired=1; compound=0; hidden=0; nouse=0; global=1; static=1; extern=0; dir=1; type=0; pingpong=0; private_global=0; IO mode=ap_vld:ce=0
Port [ state_completion_rob_completes_this_cycle]:  wired=1; compound=0; hidden=0; nouse=0; global=1; static=1; extern=0; dir=2; type=0; pingpong=0; private_global=0; IO mode=ap_ovld:ce=0
Port [ state_completion_total_rob_completes]:  wired=1; compound=0; hidden=0; nouse=0; global=1; static=1; extern=0; dir=2; type=0; pingpong=0; private_global=0; IO mode=ap_ovld:ce=0
Port [ state_completion_dropped_writebacks]:  wired=1; compound=0; hidden=0; nouse=0; global=1; static=1; extern=0; dir=2; type=0; pingpong=0; private_global=0; IO mode=ap_ovld:ce=0
Port [ state_completion_prf_writes_this_cycle]:  wired=1; compound=0; hidden=0; nouse=0; global=1; static=1; extern=0; dir=2; type=0; pingpong=0; private_global=0; IO mode=ap_ovld:ce=0
Port [ state_completion_total_prf_writes]:  wired=1; compound=0; hidden=0; nouse=0; global=1; static=1; extern=0; dir=2; type=0; pingpong=0; private_global=0; IO mode=ap_ovld:ce=0
Port [ state_completion_duplicate_writebacks]:  wired=1; compound=0; hidden=0; nouse=0; global=1; static=1; extern=0; dir=2; type=0; pingpong=0; private_global=0; IO mode=ap_ovld:ce=0
Port [ state_int_rf]:  wired=1; compound=1; hidden=0; nouse=0; global=1; static=1; extern=0; dir=1; type=1; pingpong=0; private_global=0; MemPort=[00]; IO mode=ap_memory:ce=0
Port [ state_completion_peak_completion_accepts]:  wired=1; compound=0; hidden=0; nouse=0; global=1; static=1; extern=0; dir=2; type=0; pingpong=0; private_global=0; IO mode=ap_ovld:ce=0
Port [ state_completion_peak_rob_completes]:  wired=1; compound=0; hidden=0; nouse=0; global=1; static=1; extern=0; dir=2; type=0; pingpong=0; private_global=0; IO mode=ap_ovld:ce=0
Port [ state_completion_peak_prf_writes]:  wired=1; compound=0; hidden=0; nouse=0; global=1; static=1; extern=0; dir=2; type=0; pingpong=0; private_global=0; IO mode=ap_ovld:ce=0
---------------- STG Properties END ------------------

---------------- Datapath Model BEGIN ----------------

<LifeTime>
<method=bitvector/>
i                                                             (alloca           ) [ 0110000000000000000000000000000000]
store_ln1079                                                  (store            ) [ 0000000000000000000000000000000000]
br_ln1079                                                     (br               ) [ 0000000000000000000000000000000000]
i_26                                                          (load             ) [ 0000000000000000000000000000000000]
icmp_ln1079                                                   (icmp             ) [ 0010000000000000000000000000000000]
empty                                                         (speclooptripcount) [ 0000000000000000000000000000000000]
add_ln1079                                                    (add              ) [ 0000000000000000000000000000000000]
br_ln1079                                                     (br               ) [ 0000000000000000000000000000000000]
specloopname_ln1079                                           (specloopname     ) [ 0000000000000000000000000000000000]
trunc_ln1080                                                  (trunc            ) [ 0010000000000000000000000000000000]
br_ln1080                                                     (br               ) [ 0000000000000000000000000000000000]
store_ln1080                                                  (store            ) [ 0000000000000000000000000000000000]
br_ln1080                                                     (br               ) [ 0000000000000000000000000000000000]
store_ln1080                                                  (store            ) [ 0000000000000000000000000000000000]
br_ln1080                                                     (br               ) [ 0000000000000000000000000000000000]
br_ln1080                                                     (br               ) [ 0000000000000000000000000000000000]
store_ln1080                                                  (store            ) [ 0000000000000000000000000000000000]
br_ln1080                                                     (br               ) [ 0000000000000000000000000000000000]
store_ln1080                                                  (store            ) [ 0000000000000000000000000000000000]
br_ln1080                                                     (br               ) [ 0000000000000000000000000000000000]
br_ln1080                                                     (br               ) [ 0000000000000000000000000000000000]
store_ln1080                                                  (store            ) [ 0000000000000000000000000000000000]
br_ln1080                                                     (br               ) [ 0000000000000000000000000000000000]
store_ln1080                                                  (store            ) [ 0000000000000000000000000000000000]
br_ln1080                                                     (br               ) [ 0000000000000000000000000000000000]
store_ln1079                                                  (store            ) [ 0000000000000000000000000000000000]
br_ln0                                                        (br               ) [ 0000000000000000000000000000000000]
state_completion_validation_fault_this_cycle_load             (load             ) [ 0011111111111111111111111111111111]
br_ln1081                                                     (br               ) [ 0000000000000000000000000000000000]
i_13                                                          (alloca           ) [ 0011111000000000000000000000000000]
exception_age                                                 (alloca           ) [ 0011111111111111111111111111111110]
valid                                                         (alloca           ) [ 0011111111111111111111111111111110]
state_rob_head_load                                           (load             ) [ 0001111111111111111111111111111110]
store_ln717                                                   (store            ) [ 0000000000000000000000000000000000]
store_ln717                                                   (store            ) [ 0000000000000000000000000000000000]
store_ln717                                                   (store            ) [ 0000000000000000000000000000000000]
br_ln717                                                      (br               ) [ 0000000000000000000000000000000000]
i_27                                                          (load             ) [ 0000111000000000000000000000000000]
zext_ln717                                                    (zext             ) [ 0000110000000000000000000000000000]
icmp_ln717                                                    (icmp             ) [ 0001111000000000000000000000000000]
empty_99                                                      (speclooptripcount) [ 0000000000000000000000000000000000]
add_ln717                                                     (add              ) [ 0000111000000000000000000000000000]
br_ln717                                                      (br               ) [ 0000000000000000000000000000000000]
state_rob_entries_valid_addr                                  (getelementptr    ) [ 0000100000000000000000000000000000]
service                                                       (alloca           ) [ 0001111111111111111111111111111110]
write_count                                                   (alloca           ) [ 0001111111111111111111111111111110]
store_ln1089                                                  (store            ) [ 0000000000000000000000000000000000]
store_ln1089                                                  (store            ) [ 0000000000000000000000000000000000]
br_ln1089                                                     (br               ) [ 0000000000000000000000000000000000]
specloopname_ln1078                                           (specloopname     ) [ 0000000000000000000000000000000000]
state_rob_entries_valid_load                                  (load             ) [ 0001111000000000000000000000000000]
br_ln719                                                      (br               ) [ 0000000000000000000000000000000000]
state_rob_entries_exception_addr                              (getelementptr    ) [ 0000010000000000000000000000000000]
state_rob_entries_exception_load                              (load             ) [ 0001111000000000000000000000000000]
br_ln719                                                      (br               ) [ 0000000000000000000000000000000000]
state_rob_entries_uop_queue_rob_idx_addr                      (getelementptr    ) [ 0001101000000000000000000000000000]
state_rob_entries_uop_queue_rob_idx_load                      (load             ) [ 0000000000000000000000000000000000]
zext_ln720                                                    (zext             ) [ 0000000000000000000000000000000000]
icmp_ln720                                                    (icmp             ) [ 0001111000000000000000000000000000]
br_ln719                                                      (br               ) [ 0000000000000000000000000000000000]
br_ln720                                                      (br               ) [ 0000000000000000000000000000000000]
exception_age_load                                            (load             ) [ 0000000000000000000000000000000000]
valid_load                                                    (load             ) [ 0000000000000000000000000000000000]
trunc_ln721                                                   (trunc            ) [ 0000000000000000000000000000000000]
exception_age_2                                               (sub              ) [ 0000000000000000000000000000000000]
zext_ln721                                                    (zext             ) [ 0000000000000000000000000000000000]
xor_ln722                                                     (xor              ) [ 0000000000000000000000000000000000]
icmp_ln722                                                    (icmp             ) [ 0000000000000000000000000000000000]
or_ln722                                                      (or               ) [ 0000000000000000000000000000000000]
trunc_ln717                                                   (trunc            ) [ 0000000000000000000000000000000000]
select_ln722                                                  (select           ) [ 0000000000000000000000000000000000]
zext_ln722                                                    (zext             ) [ 0000000000000000000000000000000000]
store_ln722                                                   (store            ) [ 0000000000000000000000000000000000]
store_ln722                                                   (store            ) [ 0000000000000000000000000000000000]
br_ln722                                                      (br               ) [ 0000000000000000000000000000000000]
store_ln717                                                   (store            ) [ 0000000000000000000000000000000000]
br_ln0                                                        (br               ) [ 0000000000000000000000000000000000]
service_1                                                     (load             ) [ 0000000000000000000000000000000000]
icmp_ln1089                                                   (icmp             ) [ 0000000111111111111111111111111110]
empty_100                                                     (speclooptripcount) [ 0000000000000000000000000000000000]
service_2                                                     (add              ) [ 0000000011111111111111111111111110]
br_ln1089                                                     (br               ) [ 0000000000000000000000000000000000]
specloopname_ln1089                                           (specloopname     ) [ 0000000000000000000000000000000000]
state_completion_mem_execute_valid_load                       (load             ) [ 0000000111111111111111111111111110]
br_ln971                                                      (br               ) [ 0000000000000000000000000000000000]
state_completion_mem_execute_kind_load                        (load             ) [ 0000000000000000000000000000000000]
zext_ln972                                                    (zext             ) [ 0000000010000000000000000000000000]
state_completion_mem_execute_source_load                      (load             ) [ 0000000000000000000000000000000000]
zext_ln972_1                                                  (zext             ) [ 0000000010000000000000000000000000]
index                                                         (load             ) [ 0000000011000000000000000000000000]
zext_ln972_2                                                  (zext             ) [ 0000000010000000000000000000000000]
state_completion_mem_execute_uop_queue_rob_allocation_id_load (load             ) [ 0000000011110000000000000000000000]
zext_ln972_3                                                  (zext             ) [ 0000000010000000000000000000000000]
tmp_2                                                         (call             ) [ 0000000111111111111111111111111110]
br_ln971                                                      (br               ) [ 0000000000000000000000000000000000]
zext_ln577                                                    (zext             ) [ 0000000000110000000000000000000000]
state_rob_entries_valid_addr_4                                (getelementptr    ) [ 0000000000100000000000000000000000]
state_rob_entries_valid_load_1                                (load             ) [ 0000000111111111111111111111111110]
br_ln577                                                      (br               ) [ 0000000000000000000000000000000000]
state_rob_entries_uop_queue_rob_allocation_id_addr_3          (getelementptr    ) [ 0000000000010000000000000000000000]
state_rob_entries_uop_queue_rob_allocation_id_load            (load             ) [ 0000000000000000000000000000000000]
icmp_ln578                                                    (icmp             ) [ 0000000111111111111111111111111110]
br_ln973                                                      (br               ) [ 0000000000000000000000000000000000]
state_rob_entries_busy_addr_3                                 (getelementptr    ) [ 0000000111101111111111111111111110]
state_rob_entries_busy_load                                   (load             ) [ 0000000111111111111111111111111110]
br_ln973                                                      (br               ) [ 0000000000000000000000000000000000]
state_completion_dropped_completions_load                     (load             ) [ 0000000000000000000000000000000000]
add_ln975                                                     (add              ) [ 0000000000000000000000000000000000]
store_ln975                                                   (store            ) [ 0000000000000000000000000000000000]
br_ln975                                                      (br               ) [ 0000000000000000000000000000000000]
store_ln976                                                   (store            ) [ 0000000000000000000000000000000000]
store_ln976                                                   (store            ) [ 0000000000000000000000000000000000]
store_ln976                                                   (store            ) [ 0000000000000000000000000000000000]
store_ln976                                                   (store            ) [ 0000000000000000000000000000000000]
store_ln976                                                   (store            ) [ 0000000000000000000000000000000000]
store_ln976                                                   (store            ) [ 0000000000000000000000000000000000]
store_ln976                                                   (store            ) [ 0000000000000000000000000000000000]
store_ln976                                                   (store            ) [ 0000000000000000000000000000000000]
store_ln976                                                   (store            ) [ 0000000000000000000000000000000000]
store_ln976                                                   (store            ) [ 0000000000000000000000000000000000]
store_ln976                                                   (store            ) [ 0000000000000000000000000000000000]
br_ln977                                                      (br               ) [ 0000000000000000000000000000000000]
state_completion_int_execute_valid_load                       (load             ) [ 0000000111111111111111111111111110]
br_ln978                                                      (br               ) [ 0000000000000000000000000000000000]
state_completion_int_execute_kind_load                        (load             ) [ 0000000000000000000000000000000000]
zext_ln979                                                    (zext             ) [ 0000000000000010000000000000000000]
state_completion_int_execute_source_load                      (load             ) [ 0000000000000000000000000000000000]
zext_ln979_1                                                  (zext             ) [ 0000000000000010000000000000000000]
index_1                                                       (load             ) [ 0000000000000011000000000000000000]
zext_ln979_2                                                  (zext             ) [ 0000000000000010000000000000000000]
state_completion_int_execute_uop_queue_rob_allocation_id_load (load             ) [ 0000000000000011110000000000000000]
zext_ln979_3                                                  (zext             ) [ 0000000000000010000000000000000000]
tmp_3                                                         (call             ) [ 0000000111111111111111111111111110]
br_ln978                                                      (br               ) [ 0000000000000000000000000000000000]
zext_ln577_1                                                  (zext             ) [ 0000000000000000110000000000000000]
state_rob_entries_valid_addr_5                                (getelementptr    ) [ 0000000000000000100000000000000000]
state_rob_entries_valid_load_2                                (load             ) [ 0000000111111111111111111111111110]
br_ln577                                                      (br               ) [ 0000000000000000000000000000000000]
state_rob_entries_uop_queue_rob_allocation_id_addr            (getelementptr    ) [ 0000000000000000010000000000000000]
state_rob_entries_uop_queue_rob_allocation_id_load_1          (load             ) [ 0000000000000000000000000000000000]
icmp_ln578_1                                                  (icmp             ) [ 0000000111111111111111111111111110]
br_ln980                                                      (br               ) [ 0000000000000000000000000000000000]
state_rob_entries_busy_addr                                   (getelementptr    ) [ 0000000111111111101111111111111110]
state_rob_entries_busy_load_2                                 (load             ) [ 0000000111111111111111111111111110]
br_ln980                                                      (br               ) [ 0000000000000000000000000000000000]
state_completion_dropped_completions_load_1                   (load             ) [ 0000000000000000000000000000000000]
add_ln982                                                     (add              ) [ 0000000000000000000000000000000000]
store_ln982                                                   (store            ) [ 0000000000000000000000000000000000]
br_ln982                                                      (br               ) [ 0000000000000000000000000000000000]
store_ln983                                                   (store            ) [ 0000000000000000000000000000000000]
store_ln983                                                   (store            ) [ 0000000000000000000000000000000000]
store_ln983                                                   (store            ) [ 0000000000000000000000000000000000]
store_ln983                                                   (store            ) [ 0000000000000000000000000000000000]
store_ln983                                                   (store            ) [ 0000000000000000000000000000000000]
store_ln983                                                   (store            ) [ 0000000000000000000000000000000000]
store_ln983                                                   (store            ) [ 0000000000000000000000000000000000]
store_ln983                                                   (store            ) [ 0000000000000000000000000000000000]
store_ln983                                                   (store            ) [ 0000000000000000000000000000000000]
store_ln983                                                   (store            ) [ 0000000000000000000000000000000000]
store_ln983                                                   (store            ) [ 0000000000000000000000000000000000]
br_ln984                                                      (br               ) [ 0000000000000000000000000000000000]
ports_valid_1                                                 (load             ) [ 0000000100000000000111111111111110]
ports_kind_1                                                  (load             ) [ 0000000100000000000111111111111110]
zext_ln688                                                    (zext             ) [ 0000000100000000000111111111111110]
ports_source_1                                                (load             ) [ 0000000000000000000000000000000000]
zext_ln688_1                                                  (zext             ) [ 0000000100000000000111111111111110]
zext_ln688_2                                                  (zext             ) [ 0000000100000000000111111111111110]
index_5                                                       (load             ) [ 0000000100000000000111111111111110]
zext_ln638                                                    (zext             ) [ 0000000100000000000111111111111110]
ports_uop_queue_rob_allocation_id_1                           (load             ) [ 0000000000000000000000000000000000]
zext_ln688_3                                                  (zext             ) [ 0000000100000000000111111111111110]
ports_uop_rename_pdst_1                                       (load             ) [ 0000000000000000000000000000000000]
zext_ln688_4                                                  (zext             ) [ 0000000100000000000111111111111110]
zext_ln688_5                                                  (zext             ) [ 0000000100000000000111111111111110]
ports_writes_prf_1                                            (load             ) [ 0000000100000000000111111111111110]
ports_value_1                                                 (load             ) [ 0000000100000000000111111111111110]
ports_valid_2                                                 (load             ) [ 0000000100000000000111111111111110]
ports_kind_2                                                  (load             ) [ 0000000100000000000111111111111110]
zext_ln689                                                    (zext             ) [ 0000000100000000000111111111111110]
ports_source_2                                                (load             ) [ 0000000100000000000111111111111110]
zext_ln689_1                                                  (zext             ) [ 0000000100000000000111111111111110]
index_4                                                       (load             ) [ 0000000100000000000111111111111110]
zext_ln638_1                                                  (zext             ) [ 0000000100000000000111111111111110]
ports_uop_queue_rob_allocation_id_2                           (load             ) [ 0000000000000000000000000000000000]
zext_ln689_2                                                  (zext             ) [ 0000000100000000000111111111111110]
ports_uop_rename_pdst_2                                       (load             ) [ 0000000100000000000111111111111110]
zext_ln689_3                                                  (zext             ) [ 0000000100000000000111111111111110]
ports_writes_prf_2                                            (load             ) [ 0000000100000000000111111111111110]
ports_value_2                                                 (load             ) [ 0000000100000000000111111111111110]
br_ln1097                                                     (br               ) [ 0000000111111111111111111111111110]
i_28                                                          (phi              ) [ 0000000000000000000100000000000000]
precise_valid                                                 (phi              ) [ 0000000100000000000111111111111110]
precise_age                                                   (phi              ) [ 0000000100000000000111111111111110]
icmp_ln1097                                                   (icmp             ) [ 0000000111111111111111111111111110]
empty_101                                                     (speclooptripcount) [ 0000000000000000000000000000000000]
add_ln1097                                                    (add              ) [ 0000000111111111111111111111111110]
br_ln1097                                                     (br               ) [ 0000000000000000000000000000000000]
icmp_ln1098                                                   (icmp             ) [ 0000000000000000000000000000000000]
select_ln1098                                                 (select           ) [ 0000000000000000000000000000000000]
icmp_ln1098_1                                                 (icmp             ) [ 0000000000000000000000000000000000]
and_ln1098                                                    (and              ) [ 0000000000000000000010000000000000]
select_ln1098_1                                               (select           ) [ 0000000000000000000000000000000000]
icmp_ln1098_2                                                 (icmp             ) [ 0000000000000000000000000000000000]
select_ln1098_2                                               (select           ) [ 0000000000000000000010000000000000]
zext_ln1098                                                   (zext             ) [ 0000000000000000000010000000000000]
select_ln1098_3                                               (select           ) [ 0000000000000000000000000000000000]
select_ln1098_4                                               (select           ) [ 0000000000000000000000000000000000]
zext_ln1098_1                                                 (zext             ) [ 0000000000000000000010000000000000]
phi_ln1098_3                                                  (mux              ) [ 0000000000000000000010000000000000]
phi_ln1098_4                                                  (mux              ) [ 0000000000000000000010000000000000]
write_count_load_1                                            (load             ) [ 0000000000000000000000000000000000]
tmp                                                           (partselect       ) [ 0000000000000000000000000000000000]
icmp                                                          (icmp             ) [ 0000000100000000000000111111111110]
xor_ln1123                                                    (xor              ) [ 0000000100000000000000111111111110]
state_completion_writebacks_valid_0_load                      (load             ) [ 0000000100000000000000111111111110]
state_completion_writebacks_valid_1_load                      (load             ) [ 0000000100000000000000111111111110]
state_completion_writebacks_pdst_0_load                       (load             ) [ 0000000100000000000000111111111110]
state_completion_writebacks_pdst_1_load                       (load             ) [ 0000000100000000000000111111111110]
state_completion_writebacks_value_0_load                      (load             ) [ 0000000100000000000000111111111110]
state_completion_writebacks_value_1_load                      (load             ) [ 0000000100000000000000111111111110]
br_ln1107                                                     (br               ) [ 0000000111111111111111111111111110]
specloopname_ln1097                                           (specloopname     ) [ 0000000000000000000000000000000000]
tmp_4                                                         (call             ) [ 0000000111111111111111111111111110]
br_ln1098                                                     (br               ) [ 0000000111111111111111111111111110]
trunc_ln603                                                   (trunc            ) [ 0000000000000000000000000000000000]
precise_age_3                                                 (sub              ) [ 0000000000000000000000000000000000]
zext_ln603                                                    (zext             ) [ 0000000000000000000000000000000000]
icmp_ln1100                                                   (icmp             ) [ 0000000111111111111111111111111110]
br_ln1100                                                     (br               ) [ 0000000111111111111111111111111110]
xor_ln1101                                                    (xor              ) [ 0000000000000000000000000000000000]
icmp_ln1101                                                   (icmp             ) [ 0000000000000000000000000000000000]
or_ln1100                                                     (or               ) [ 0000000000000000000000000000000000]
trunc_ln1097                                                  (trunc            ) [ 0000000000000000000000000000000000]
select_ln1101                                                 (select           ) [ 0000000000000000000000000000000000]
zext_ln1101                                                   (zext             ) [ 0000000111111111111111111111111110]
br_ln1101                                                     (br               ) [ 0000000111111111111111111111111110]
precise_age_2                                                 (phi              ) [ 0000000111111111111101111111111110]
precise_valid_1                                               (phi              ) [ 0000000111111111111101111111111110]
br_ln0                                                        (br               ) [ 0000000111111111111111111111111110]
i_31                                                          (phi              ) [ 0000000100000000000000111100111110]
selected_port                                                 (phi              ) [ 0000000100000000000000111111111110]
selected_age                                                  (phi              ) [ 0000000100000000000000111111111110]
selected_duplicate                                            (phi              ) [ 0000000100000000000000111111111110]
zext_ln1107                                                   (zext             ) [ 0000000000000000000000011111000000]
icmp_ln1107                                                   (icmp             ) [ 0000000111111111111111111111111110]
empty_102                                                     (speclooptripcount) [ 0000000000000000000000000000000000]
add_ln1107                                                    (add              ) [ 0000000111111111111111111111111110]
br_ln1107                                                     (br               ) [ 0000000000000000000000000000000000]
specloopname_ln1107                                           (specloopname     ) [ 0000000000000000000000000000000000]
switch_ln1108                                                 (switch           ) [ 0000000000000000000000000000000000]
br_ln1108                                                     (br               ) [ 0000000000000000000000000000000000]
br_ln1108                                                     (br               ) [ 0000000000000000000000000000000000]
phi_ln1108                                                    (phi              ) [ 0000000111111111111111111111111110]
phi_ln1108_1                                                  (mux              ) [ 0000000000000000000000000000000000]
zext_ln1108                                                   (zext             ) [ 0000000000000000000000010000000000]
phi_ln1108_2                                                  (mux              ) [ 0000000000000000000000000000000000]
zext_ln1108_1                                                 (zext             ) [ 0000000000000000000000010000000000]
phi_ln1108_3                                                  (mux              ) [ 0000000000000000000000010000000000]
phi_ln1108_4                                                  (mux              ) [ 0000000000000000000000010000000000]
tmp_1                                                         (bitselect        ) [ 0000000111111111111111111111111110]
br_ln1134                                                     (br               ) [ 0000000000000000000000000000000000]
trunc_ln1135                                                  (trunc            ) [ 0000000000000000000000000000111110]
selected                                                      (mux              ) [ 0000000000000000000000000000111110]
tmp_9                                                         (mux              ) [ 0000000000000000000000000000111110]
icmp_ln624                                                    (icmp             ) [ 0000000111111111111111111111111110]
br_ln624                                                      (br               ) [ 0000000000000000000000000000000000]
tmp_s                                                         (mux              ) [ 0000000111111111111111111111111110]
br_ln625                                                      (br               ) [ 0000000111111111111111111111111110]
tmp_11                                                        (mux              ) [ 0000000111111111111111111111111110]
br_ln625                                                      (br               ) [ 0000000111111111111111111111111110]
icmp_ln626                                                    (icmp             ) [ 0000000111111111111111111111111110]
br_ln626                                                      (br               ) [ 0000000111111111111111111111111110]
tmp_12                                                        (mux              ) [ 0000000111111111111111111111111110]
br_ln0                                                        (br               ) [ 0000000111111111111111111111111110]
br_ln1195                                                     (br               ) [ 0000000000000000000000000000000000]
tmp_5                                                         (call             ) [ 0000000111111111111111111111111110]
br_ln1108                                                     (br               ) [ 0000000111111111111111111111111110]
exception_age_load_1                                          (load             ) [ 0000000000000000000000000000000000]
valid_load_1                                                  (load             ) [ 0000000000000000000000000000000000]
trunc_ln603_1                                                 (trunc            ) [ 0000000000000000000000000000000000]
age                                                           (sub              ) [ 0000000000000000000000000000000000]
zext_ln603_1                                                  (zext             ) [ 0000000111111111111111111111111110]
icmp_ln1110                                                   (icmp             ) [ 0000000000000000000000000000000000]
and_ln1110                                                    (and              ) [ 0000000000000000000000000000000000]
icmp_ln1111                                                   (icmp             ) [ 0000000000000000000000000000000000]
and_ln1111                                                    (and              ) [ 0000000000000000000000000000000000]
or_ln1110                                                     (or               ) [ 0000000111111111111111111111111110]
br_ln1110                                                     (br               ) [ 0000000111111111111111111111111110]
icmp_ln625                                                    (icmp             ) [ 0000000000000000000000001100000000]
select_ln625                                                  (select           ) [ 0000000000000000000000000000000000]
icmp_ln625_1                                                  (icmp             ) [ 0000000000000000000000000000000000]
and_ln625                                                     (and              ) [ 0000000111111111111111111111111110]
br_ln625                                                      (br               ) [ 0000000111111111111111111111111110]
select_ln1116                                                 (select           ) [ 0000000000000000000000001100000000]
zext_ln1116                                                   (zext             ) [ 0000000000000000000000001110000000]
icmp_ln1116                                                   (icmp             ) [ 0000000111111111111111111111111110]
br_ln1116                                                     (br               ) [ 0000000000000000000000000000000000]
select_ln1050                                                 (select           ) [ 0000000000000000000000001100000000]
br_ln1046                                                     (br               ) [ 0000000111111111111111111111111110]
i_30                                                          (phi              ) [ 0000000000000000000000001100000000]
icmp_ln1046                                                   (icmp             ) [ 0000000111111111111111111111111110]
empty_103                                                     (speclooptripcount) [ 0000000000000000000000000000000000]
add_ln1046                                                    (add              ) [ 0000000111111111111111111111111110]
br_ln1046                                                     (br               ) [ 0000000000000000000000000000000000]
specloopname_ln1046                                           (specloopname     ) [ 0000000000000000000000000000000000]
icmp_ln1047                                                   (icmp             ) [ 0000000111111111111111111111111110]
br_ln1047                                                     (br               ) [ 0000000000000000000000000000000000]
switch_ln1047                                                 (switch           ) [ 0000000000000000000000000000000000]
br_ln1047                                                     (br               ) [ 0000000000000000000000000000000000]
br_ln1047                                                     (br               ) [ 0000000000000000000000000000000000]
phi_ln1047                                                    (phi              ) [ 0000000111111111111111111111111110]
phi_ln1047_1                                                  (mux              ) [ 0000000000000000000000000000000000]
zext_ln1047                                                   (zext             ) [ 0000000111111111111111110111111110]
phi_ln1047_2                                                  (mux              ) [ 0000000000000000000000000000000000]
zext_ln1047_1                                                 (zext             ) [ 0000000111111111111111110111111110]
phi_ln1047_3                                                  (mux              ) [ 0000000111111111111111110111111110]
phi_ln1047_4                                                  (mux              ) [ 0000000111111111111111110111111110]
br_ln0                                                        (br               ) [ 0000000111111111111111111111111110]
tmp_10                                                        (call             ) [ 0000000111111111111111111111111110]
br_ln1047                                                     (br               ) [ 0000000000000000000000000000000000]
switch_ln625                                                  (switch           ) [ 0000000000000000000000000000000000]
br_ln625                                                      (br               ) [ 0000000000000000000000000000000000]
phi_ln625                                                     (phi              ) [ 0000000111111111111111111111111110]
br_ln625                                                      (br               ) [ 0000000000000000000000000000000000]
switch_ln1049                                                 (switch           ) [ 0000000000000000000000000000000000]
br_ln1049                                                     (br               ) [ 0000000000000000000000000000000000]
br_ln1049                                                     (br               ) [ 0000000000000000000000000000000000]
phi_ln1049                                                    (phi              ) [ 0000000000000000000000000100000000]
icmp_ln1049                                                   (icmp             ) [ 0000000111111111111111111111111110]
br_ln1049                                                     (br               ) [ 0000000000000000000000000000000000]
switch_ln1050                                                 (switch           ) [ 0000000000000000000000000000000000]
br_ln1050                                                     (br               ) [ 0000000000000000000000000000000000]
br_ln1050                                                     (br               ) [ 0000000000000000000000000000000000]
phi_ln1050                                                    (phi              ) [ 0000000000000000000000000100000000]
icmp_ln1050                                                   (icmp             ) [ 0000000111111111111111111111111110]
br_ln1049                                                     (br               ) [ 0000000000000000000000000000000000]
br_ln1051                                                     (br               ) [ 0000000000000000000000000000000000]
br_ln0                                                        (br               ) [ 0000000000000000000000000000000000]
br_ln1048                                                     (br               ) [ 0000000000000000000000000000000000]
br_ln0                                                        (br               ) [ 0000000111111111111111111111111110]
br_ln1117                                                     (br               ) [ 0000000000000000000000000000000000]
write_eligible_1                                              (phi              ) [ 0000000111111111111111110111111110]
select_ln1121_1                                               (select           ) [ 0000000111111111111111110011111110]
br_ln1118                                                     (br               ) [ 0000000111111111111111111111111110]
w                                                             (phi              ) [ 0000000000000000000000000010000000]
duplicate_1                                                   (phi              ) [ 0000000000000000000000000010000000]
icmp_ln1118                                                   (icmp             ) [ 0000000111111111111111111111111110]
empty_104                                                     (speclooptripcount) [ 0000000000000000000000000000000000]
add_ln1118                                                    (add              ) [ 0000000111111111111111111111111110]
br_ln1118                                                     (br               ) [ 0000000000000000000000000000000000]
specloopname_ln1112                                           (specloopname     ) [ 0000000000000000000000000000000000]
trunc_ln1119                                                  (trunc            ) [ 0000000000000000000000000000000000]
select_ln1119                                                 (select           ) [ 0000000000000000000000000000000000]
select_ln1120                                                 (select           ) [ 0000000000000000000000000000000000]
icmp_ln1120                                                   (icmp             ) [ 0000000000000000000000000000000000]
select_ln1121                                                 (select           ) [ 0000000000000000000000000000000000]
icmp_ln1121                                                   (icmp             ) [ 0000000000000000000000000000000000]
and_ln1119                                                    (and              ) [ 0000000000000000000000000000000000]
and_ln1119_1                                                  (and              ) [ 0000000000000000000000000000000000]
duplicate                                                     (or               ) [ 0000000111111111111111111111111110]
br_ln0                                                        (br               ) [ 0000000111111111111111111111111110]
or_ln1123                                                     (or               ) [ 0000000000000000000000000000000000]
write_eligible                                                (and              ) [ 0000000111111111111111111111111110]
br_ln1126                                                     (br               ) [ 0000000111111111111111111111111110]
duplicate_24                                                  (phi              ) [ 0000000111111111111111111111111110]
tmp_16                                                        (bitselect        ) [ 0000000000000000000000000000000000]
icmp_ln1127                                                   (icmp             ) [ 0000000000000000000000000000000000]
or_ln1127                                                     (or               ) [ 0000000111111111111111111111111110]
br_ln1127                                                     (br               ) [ 0000000000000000000000000000000000]
icmp_ln1128                                                   (icmp             ) [ 0000000000000000000000000000000000]
icmp_ln1128_1                                                 (icmp             ) [ 0000000000000000000000000000000000]
and_ln1128                                                    (and              ) [ 0000000111111111111111111111111110]
br_ln1128                                                     (br               ) [ 0000000111111111111111111111111110]
br_ln1132                                                     (br               ) [ 0000000111111111111111111111111110]
selected_duplicate_2                                          (phi              ) [ 0000000111111111111111100001111110]
selected_age_2                                                (phi              ) [ 0000000111111111111111100001111110]
selected_port_2                                               (phi              ) [ 0000000111111111111111100001111110]
br_ln0                                                        (br               ) [ 0000000111111111111111111111111110]
phi_ln1174                                                    (phi              ) [ 0000000000000000000000000000111110]
switch_ln1139                                                 (switch           ) [ 0000000000000000000000000000000000]
tmp_8                                                         (call             ) [ 0000000111111111111111111111111110]
br_ln634                                                      (br               ) [ 0000000000000000000000000000000000]
icmp_ln660_1                                                  (icmp             ) [ 0000000111111111111111111111101110]
zext_ln646_1                                                  (zext             ) [ 0000000000000000000000000000000000]
state_rob_entries_busy_addr_5                                 (getelementptr    ) [ 0000000000000000000000000000000000]
store_ln647                                                   (store            ) [ 0000000000000000000000000000000000]
br_ln660                                                      (br               ) [ 0000000000000000000000000000000000]
state_rob_entries_memory_completed_addr                       (getelementptr    ) [ 0000000000000000000000000000000000]
store_ln661                                                   (store            ) [ 0000000000000000000000000000000000]
br_ln663                                                      (br               ) [ 0000000000000000000000000000000000]
store_ln1155                                                  (store            ) [ 0000000000000000000000000000000000]
store_ln1155                                                  (store            ) [ 0000000000000000000000000000000000]
store_ln1155                                                  (store            ) [ 0000000000000000000000000000000000]
store_ln1155                                                  (store            ) [ 0000000000000000000000000000000000]
store_ln1155                                                  (store            ) [ 0000000000000000000000000000000000]
store_ln1155                                                  (store            ) [ 0000000000000000000000000000000000]
store_ln1155                                                  (store            ) [ 0000000000000000000000000000000000]
store_ln1155                                                  (store            ) [ 0000000000000000000000000000000000]
store_ln1155                                                  (store            ) [ 0000000000000000000000000000000000]
store_ln1155                                                  (store            ) [ 0000000000000000000000000000000000]
store_ln1155                                                  (store            ) [ 0000000000000000000000000000000000]
store_ln1156                                                  (store            ) [ 0000000000000000000000000000000000]
state_completion_completion_accepts_this_cycle_load_2         (load             ) [ 0000000000000000000000000000000000]
add_ln1168_2                                                  (add              ) [ 0000000000000000000000000000000000]
store_ln1168                                                  (store            ) [ 0000000000000000000000000000000000]
state_completion_total_completion_accepts_load_2              (load             ) [ 0000000000000000000000000000000000]
add_ln1169_2                                                  (add              ) [ 0000000000000000000000000000000000]
store_ln1169                                                  (store            ) [ 0000000000000000000000000000000000]
br_ln1170                                                     (br               ) [ 0000000000000000000000000000000000]
store_ln647                                                   (store            ) [ 0000000000000000000000000000000000]
store_ln1148                                                  (store            ) [ 0000000000000000000000000000000000]
br_ln1170                                                     (br               ) [ 0000000000000000000000000000000000]
zext_ln646                                                    (zext             ) [ 0000000000000000000000000000000000]
state_rob_entries_busy_addr_4                                 (getelementptr    ) [ 0000000000000000000000000000000000]
store_ln647                                                   (store            ) [ 0000000000000000000000000000000000]
br_ln660                                                      (br               ) [ 0000000000000000000000000000000000]
state_rob_entries_memory_completed_addr_1                     (getelementptr    ) [ 0000000000000000000000000000000000]
store_ln661                                                   (store            ) [ 0000000000000000000000000000000000]
br_ln663                                                      (br               ) [ 0000000000000000000000000000000000]
store_ln1163                                                  (store            ) [ 0000000000000000000000000000000000]
store_ln1163                                                  (store            ) [ 0000000000000000000000000000000000]
store_ln1163                                                  (store            ) [ 0000000000000000000000000000000000]
store_ln1163                                                  (store            ) [ 0000000000000000000000000000000000]
store_ln1163                                                  (store            ) [ 0000000000000000000000000000000000]
store_ln1163                                                  (store            ) [ 0000000000000000000000000000000000]
store_ln1163                                                  (store            ) [ 0000000000000000000000000000000000]
store_ln1163                                                  (store            ) [ 0000000000000000000000000000000000]
store_ln1163                                                  (store            ) [ 0000000000000000000000000000000000]
store_ln1163                                                  (store            ) [ 0000000000000000000000000000000000]
store_ln1163                                                  (store            ) [ 0000000000000000000000000000000000]
store_ln1164                                                  (store            ) [ 0000000000000000000000000000000000]
state_completion_completion_accepts_this_cycle_load_1         (load             ) [ 0000000000000000000000000000000000]
add_ln1168_1                                                  (add              ) [ 0000000000000000000000000000000000]
store_ln1168                                                  (store            ) [ 0000000000000000000000000000000000]
state_completion_total_completion_accepts_load_1              (load             ) [ 0000000000000000000000000000000000]
add_ln1169_1                                                  (add              ) [ 0000000000000000000000000000000000]
store_ln1169                                                  (store            ) [ 0000000000000000000000000000000000]
br_ln1170                                                     (br               ) [ 0000000000000000000000000000000000]
state_completion_rob_completes_this_cycle_load                (load             ) [ 0000000000000000000000000000000000]
add_ln1171                                                    (add              ) [ 0000000000000000000000000000000000]
store_ln1171                                                  (store            ) [ 0000000000000000000000000000000000]
state_completion_total_rob_completes_load                     (load             ) [ 0000000000000000000000000000000000]
add_ln1172                                                    (add              ) [ 0000000000000000000000000000000000]
store_ln1172                                                  (store            ) [ 0000000000000000000000000000000000]
or_ln1174                                                     (or               ) [ 0000000111111111111111111111111110]
br_ln1174                                                     (br               ) [ 0000000000000000000000000000000000]
br_ln1175                                                     (br               ) [ 0000000000000000000000000000000000]
write_count_load                                              (load             ) [ 0000000000000000000000000000000000]
trunc_ln1179                                                  (trunc            ) [ 0000000111111111111111111111111110]
br_ln1179                                                     (br               ) [ 0000000000000000000000000000000000]
store_ln1179                                                  (store            ) [ 0000000000000000000000000000000000]
br_ln1179                                                     (br               ) [ 0000000000000000000000000000000000]
store_ln1179                                                  (store            ) [ 0000000000000000000000000000000000]
br_ln1179                                                     (br               ) [ 0000000000000000000000000000000000]
tmp_13                                                        (mux              ) [ 0000000000000000000000000000000000]
br_ln1180                                                     (br               ) [ 0000000000000000000000000000000000]
store_ln1180                                                  (store            ) [ 0000000000000000000000000000000000]
br_ln1180                                                     (br               ) [ 0000000000000000000000000000000000]
store_ln1180                                                  (store            ) [ 0000000000000000000000000000000000]
br_ln1180                                                     (br               ) [ 0000000000000000000000000000000000]
tmp_14                                                        (mux              ) [ 0000000000000000000000000000000000]
br_ln1181                                                     (br               ) [ 0000000000000000000000000000000000]
store_ln1181                                                  (store            ) [ 0000000000000000000000000000000000]
br_ln1181                                                     (br               ) [ 0000000000000000000000000000000000]
store_ln1181                                                  (store            ) [ 0000000000000000000000000000000000]
br_ln1181                                                     (br               ) [ 0000000000000000000000000000000000]
write_count_load_2                                            (load             ) [ 0000000000000000000000000000000000]
write_count_1                                                 (add              ) [ 0000000000000000000000000000000000]
state_completion_prf_writes_this_cycle_load                   (load             ) [ 0000000000000000000000000000000000]
add_ln1186                                                    (add              ) [ 0000000000000000000000000000000000]
store_ln1186                                                  (store            ) [ 0000000000000000000000000000000000]
state_completion_total_prf_writes_load                        (load             ) [ 0000000000000000000000000000000000]
add_ln1187                                                    (add              ) [ 0000000000000000000000000000000000]
store_ln1187                                                  (store            ) [ 0000000000000000000000000000000000]
store_ln1185                                                  (store            ) [ 0000000000000000000000000000000000]
br_ln0                                                        (br               ) [ 0000000000000000000000000000000000]
state_completion_dropped_writebacks_load                      (load             ) [ 0000000000000000000000000000000000]
add_ln1176                                                    (add              ) [ 0000000000000000000000000000000000]
store_ln1176                                                  (store            ) [ 0000000000000000000000000000000000]
br_ln1177                                                     (br               ) [ 0000000000000000000000000000000000]
tmp_15                                                        (mux              ) [ 0000000000000000000000000000000000]
icmp_ln1191                                                   (icmp             ) [ 0000000000000000000000000000000000]
or_ln1190                                                     (or               ) [ 0000000111111111111111111111111110]
br_ln1190                                                     (br               ) [ 0000000000000000000000000000000000]
store_ln1089                                                  (store            ) [ 0000000000000000000000000000000000]
br_ln0                                                        (br               ) [ 0000000000000000000000000000000000]
br_ln0                                                        (br               ) [ 0000000000000000000000000000000000]
tmp_6                                                         (call             ) [ 0000000111111111111111111111111110]
br_ln634                                                      (br               ) [ 0000000000000000000000000000000000]
state_completion_completion_accepts_this_cycle_load           (load             ) [ 0000000000000000000000000000000000]
add_ln1168                                                    (add              ) [ 0000000000000000000000000000000000]
store_ln1168                                                  (store            ) [ 0000000000000000000000000000000000]
state_completion_total_completion_accepts_load                (load             ) [ 0000000000000000000000000000000000]
add_ln1169                                                    (add              ) [ 0000000000000000000000000000000000]
store_ln1169                                                  (store            ) [ 0000000000000000000000000000000000]
tmp_7                                                         (call             ) [ 0000000111111111111111111111111110]
br_ln634                                                      (br               ) [ 0000000000000000000000000000000000]
icmp_ln660                                                    (icmp             ) [ 0000000111111111111111111111111100]
call_ln1195                                                   (call             ) [ 0000000000000000000000000000000000]
state_completion_completion_accepts_this_cycle_load_3         (load             ) [ 0000000000000000000000000000000000]
state_completion_peak_completion_accepts_load                 (load             ) [ 0000000000000000000000000000000000]
icmp_ln1196                                                   (icmp             ) [ 0000000000000000000000000000000001]
br_ln1196                                                     (br               ) [ 0000000000000000000000000000000000]
store_ln1197                                                  (store            ) [ 0000000000000000000000000000000000]
br_ln1197                                                     (br               ) [ 0000000000000000000000000000000000]
state_completion_rob_completes_this_cycle_load_1              (load             ) [ 0000000000000000000000000000000000]
state_completion_peak_rob_completes_load                      (load             ) [ 0000000000000000000000000000000000]
icmp_ln1198                                                   (icmp             ) [ 0000000000000000000000000000000001]
br_ln1198                                                     (br               ) [ 0000000000000000000000000000000000]
store_ln1199                                                  (store            ) [ 0000000000000000000000000000000000]
br_ln1199                                                     (br               ) [ 0000000000000000000000000000000000]
state_completion_prf_writes_this_cycle_load_1                 (load             ) [ 0000000000000000000000000000000000]
state_completion_peak_prf_writes_load                         (load             ) [ 0000000000000000000000000000000000]
icmp_ln1200                                                   (icmp             ) [ 0000000000000000000000000000000001]
br_ln1200                                                     (br               ) [ 0000000000000000000000000000000000]
store_ln1201                                                  (store            ) [ 0000000000000000000000000000000000]
br_ln1201                                                     (br               ) [ 0000000000000000000000000000000000]
ret_ln1202                                                    (ret              ) [ 0000000000000000000000000000000000]
</LifeTime>

<model>

<comp_list>
<comp id="0" class="1000" name="state_completion_validation_fault_this_cycle">
<pin_list>
<pin id="1" dir="1" index="0" bw="1" slack="0"/>
</pin_list>
<bind>
<StgValue><ssdm name="state_completion_validation_fault_this_cycle"/></StgValue>
</bind>
</comp>

<comp id="2" class="1000" name="state_rob_head">
<pin_list>
<pin id="3" dir="1" index="0" bw="1" slack="0"/>
</pin_list>
<bind>
<StgValue><ssdm name="state_rob_head"/></StgValue>
</bind>
</comp>

<comp id="4" class="1000" name="state_rob_entries_valid">
<pin_list>
<pin id="5" dir="1" index="0" bw="1" slack="0"/>
</pin_list>
<bind>
<StgValue><ssdm name="state_rob_entries_valid"/><MemPortTyVec>1 3 </MemPortTyVec>
</StgValue>
</bind>
</comp>

<comp id="6" class="1000" name="state_rob_entries_exception">
<pin_list>
<pin id="7" dir="1" index="0" bw="1" slack="0"/>
</pin_list>
<bind>
<StgValue><ssdm name="state_rob_entries_exception"/><MemPortTyVec>1 3 </MemPortTyVec>
</StgValue>
</bind>
</comp>

<comp id="8" class="1000" name="state_rob_entries_uop_queue_rob_idx">
<pin_list>
<pin id="9" dir="1" index="0" bw="1" slack="0"/>
</pin_list>
<bind>
<StgValue><ssdm name="state_rob_entries_uop_queue_rob_idx"/><MemPortTyVec>1 3 </MemPortTyVec>
</StgValue>
</bind>
</comp>

<comp id="10" class="1000" name="state_completion_mem_execute_valid">
<pin_list>
<pin id="11" dir="1" index="0" bw="1" slack="0"/>
</pin_list>
<bind>
<StgValue><ssdm name="state_completion_mem_execute_valid"/></StgValue>
</bind>
</comp>

<comp id="12" class="1000" name="state_completion_mem_execute_kind">
<pin_list>
<pin id="13" dir="1" index="0" bw="1" slack="0"/>
</pin_list>
<bind>
<StgValue><ssdm name="state_completion_mem_execute_kind"/></StgValue>
</bind>
</comp>

<comp id="14" class="1000" name="state_completion_mem_execute_source">
<pin_list>
<pin id="15" dir="1" index="0" bw="1" slack="0"/>
</pin_list>
<bind>
<StgValue><ssdm name="state_completion_mem_execute_source"/></StgValue>
</bind>
</comp>

<comp id="16" class="1000" name="state_completion_mem_execute_uop_queue_rob_idx">
<pin_list>
<pin id="17" dir="1" index="0" bw="1" slack="0"/>
</pin_list>
<bind>
<StgValue><ssdm name="state_completion_mem_execute_uop_queue_rob_idx"/></StgValue>
</bind>
</comp>

<comp id="18" class="1000" name="state_completion_mem_execute_uop_queue_rob_allocation_id">
<pin_list>
<pin id="19" dir="1" index="0" bw="1" slack="0"/>
</pin_list>
<bind>
<StgValue><ssdm name="state_completion_mem_execute_uop_queue_rob_allocation_id"/></StgValue>
</bind>
</comp>

<comp id="20" class="1000" name="state_rob_entries_uop_queue_rob_allocation_id">
<pin_list>
<pin id="21" dir="1" index="0" bw="1" slack="0"/>
</pin_list>
<bind>
<StgValue><ssdm name="state_rob_entries_uop_queue_rob_allocation_id"/><MemPortTyVec>1 3 </MemPortTyVec>
</StgValue>
</bind>
</comp>

<comp id="22" class="1000" name="state_rob_entries_busy">
<pin_list>
<pin id="23" dir="1" index="0" bw="1" slack="0"/>
</pin_list>
<bind>
<StgValue><ssdm name="state_rob_entries_busy"/><MemPortTyVec>2 3 </MemPortTyVec>
</StgValue>
</bind>
</comp>

<comp id="24" class="1000" name="state_rob_entries_memory_valid">
<pin_list>
<pin id="25" dir="1" index="0" bw="1" slack="0"/>
</pin_list>
<bind>
<StgValue><ssdm name="state_rob_entries_memory_valid"/><MemPortTyVec>1 3 </MemPortTyVec>
</StgValue>
</bind>
</comp>

<comp id="26" class="1000" name="state_rob_entries_memory_completed">
<pin_list>
<pin id="27" dir="1" index="0" bw="1" slack="0"/>
</pin_list>
<bind>
<StgValue><ssdm name="state_rob_entries_memory_completed"/><MemPortTyVec>2 3 </MemPortTyVec>
</StgValue>
</bind>
</comp>

<comp id="28" class="1000" name="state_rob_entries_is_load">
<pin_list>
<pin id="29" dir="1" index="0" bw="1" slack="0"/>
</pin_list>
<bind>
<StgValue><ssdm name="state_rob_entries_is_load"/><MemPortTyVec>1 3 </MemPortTyVec>
</StgValue>
</bind>
</comp>

<comp id="30" class="1000" name="state_rob_entries_memory_request_sent">
<pin_list>
<pin id="31" dir="1" index="0" bw="1" slack="0"/>
</pin_list>
<bind>
<StgValue><ssdm name="state_rob_entries_memory_request_sent"/><MemPortTyVec>1 3 </MemPortTyVec>
</StgValue>
</bind>
</comp>

<comp id="32" class="1000" name="state_rob_entries_memory_transaction_id">
<pin_list>
<pin id="33" dir="1" index="0" bw="1" slack="0"/>
</pin_list>
<bind>
<StgValue><ssdm name="state_rob_entries_memory_transaction_id"/><MemPortTyVec>1 3 </MemPortTyVec>
</StgValue>
</bind>
</comp>

<comp id="34" class="1000" name="state_completion_dropped_completions">
<pin_list>
<pin id="35" dir="1" index="0" bw="1" slack="0"/>
</pin_list>
<bind>
<StgValue><ssdm name="state_completion_dropped_completions"/></StgValue>
</bind>
</comp>

<comp id="36" class="1000" name="state_completion_mem_execute_uop_branch_br_mask">
<pin_list>
<pin id="37" dir="1" index="0" bw="1" slack="0"/>
</pin_list>
<bind>
<StgValue><ssdm name="state_completion_mem_execute_uop_branch_br_mask"/></StgValue>
</bind>
</comp>

<comp id="38" class="1000" name="state_completion_mem_execute_uop_branch_br_tag">
<pin_list>
<pin id="39" dir="1" index="0" bw="1" slack="0"/>
</pin_list>
<bind>
<StgValue><ssdm name="state_completion_mem_execute_uop_branch_br_tag"/></StgValue>
</bind>
</comp>

<comp id="40" class="1000" name="state_completion_mem_execute_uop_rename_pdst">
<pin_list>
<pin id="41" dir="1" index="0" bw="1" slack="0"/>
</pin_list>
<bind>
<StgValue><ssdm name="state_completion_mem_execute_uop_rename_pdst"/></StgValue>
</bind>
</comp>

<comp id="42" class="1000" name="state_completion_mem_execute_writes_prf">
<pin_list>
<pin id="43" dir="1" index="0" bw="1" slack="0"/>
</pin_list>
<bind>
<StgValue><ssdm name="state_completion_mem_execute_writes_prf"/></StgValue>
</bind>
</comp>

<comp id="44" class="1000" name="state_completion_mem_execute_control_resolved">
<pin_list>
<pin id="45" dir="1" index="0" bw="1" slack="0"/>
</pin_list>
<bind>
<StgValue><ssdm name="state_completion_mem_execute_control_resolved"/></StgValue>
</bind>
</comp>

<comp id="46" class="1000" name="state_completion_mem_execute_value">
<pin_list>
<pin id="47" dir="1" index="0" bw="1" slack="0"/>
</pin_list>
<bind>
<StgValue><ssdm name="state_completion_mem_execute_value"/></StgValue>
</bind>
</comp>

<comp id="48" class="1000" name="state_completion_int_execute_valid">
<pin_list>
<pin id="49" dir="1" index="0" bw="1" slack="0"/>
</pin_list>
<bind>
<StgValue><ssdm name="state_completion_int_execute_valid"/></StgValue>
</bind>
</comp>

<comp id="50" class="1000" name="state_completion_int_execute_kind">
<pin_list>
<pin id="51" dir="1" index="0" bw="1" slack="0"/>
</pin_list>
<bind>
<StgValue><ssdm name="state_completion_int_execute_kind"/></StgValue>
</bind>
</comp>

<comp id="52" class="1000" name="state_completion_int_execute_source">
<pin_list>
<pin id="53" dir="1" index="0" bw="1" slack="0"/>
</pin_list>
<bind>
<StgValue><ssdm name="state_completion_int_execute_source"/></StgValue>
</bind>
</comp>

<comp id="54" class="1000" name="state_completion_int_execute_uop_queue_rob_idx">
<pin_list>
<pin id="55" dir="1" index="0" bw="1" slack="0"/>
</pin_list>
<bind>
<StgValue><ssdm name="state_completion_int_execute_uop_queue_rob_idx"/></StgValue>
</bind>
</comp>

<comp id="56" class="1000" name="state_completion_int_execute_uop_queue_rob_allocation_id">
<pin_list>
<pin id="57" dir="1" index="0" bw="1" slack="0"/>
</pin_list>
<bind>
<StgValue><ssdm name="state_completion_int_execute_uop_queue_rob_allocation_id"/></StgValue>
</bind>
</comp>

<comp id="58" class="1000" name="state_completion_int_execute_uop_branch_br_mask">
<pin_list>
<pin id="59" dir="1" index="0" bw="1" slack="0"/>
</pin_list>
<bind>
<StgValue><ssdm name="state_completion_int_execute_uop_branch_br_mask"/></StgValue>
</bind>
</comp>

<comp id="60" class="1000" name="state_completion_int_execute_uop_branch_br_tag">
<pin_list>
<pin id="61" dir="1" index="0" bw="1" slack="0"/>
</pin_list>
<bind>
<StgValue><ssdm name="state_completion_int_execute_uop_branch_br_tag"/></StgValue>
</bind>
</comp>

<comp id="62" class="1000" name="state_completion_int_execute_uop_rename_pdst">
<pin_list>
<pin id="63" dir="1" index="0" bw="1" slack="0"/>
</pin_list>
<bind>
<StgValue><ssdm name="state_completion_int_execute_uop_rename_pdst"/></StgValue>
</bind>
</comp>

<comp id="64" class="1000" name="state_completion_int_execute_writes_prf">
<pin_list>
<pin id="65" dir="1" index="0" bw="1" slack="0"/>
</pin_list>
<bind>
<StgValue><ssdm name="state_completion_int_execute_writes_prf"/></StgValue>
</bind>
</comp>

<comp id="66" class="1000" name="state_completion_int_execute_control_resolved">
<pin_list>
<pin id="67" dir="1" index="0" bw="1" slack="0"/>
</pin_list>
<bind>
<StgValue><ssdm name="state_completion_int_execute_control_resolved"/></StgValue>
</bind>
</comp>

<comp id="68" class="1000" name="state_completion_int_execute_value">
<pin_list>
<pin id="69" dir="1" index="0" bw="1" slack="0"/>
</pin_list>
<bind>
<StgValue><ssdm name="state_completion_int_execute_value"/></StgValue>
</bind>
</comp>

<comp id="70" class="1000" name="state_completion_writebacks_valid_0">
<pin_list>
<pin id="71" dir="1" index="0" bw="1" slack="0"/>
</pin_list>
<bind>
<StgValue><ssdm name="state_completion_writebacks_valid_0"/></StgValue>
</bind>
</comp>

<comp id="72" class="1000" name="state_completion_writebacks_valid_1">
<pin_list>
<pin id="73" dir="1" index="0" bw="1" slack="0"/>
</pin_list>
<bind>
<StgValue><ssdm name="state_completion_writebacks_valid_1"/></StgValue>
</bind>
</comp>

<comp id="74" class="1000" name="state_completion_writebacks_pdst_0">
<pin_list>
<pin id="75" dir="1" index="0" bw="1" slack="0"/>
</pin_list>
<bind>
<StgValue><ssdm name="state_completion_writebacks_pdst_0"/></StgValue>
</bind>
</comp>

<comp id="76" class="1000" name="state_completion_writebacks_pdst_1">
<pin_list>
<pin id="77" dir="1" index="0" bw="1" slack="0"/>
</pin_list>
<bind>
<StgValue><ssdm name="state_completion_writebacks_pdst_1"/></StgValue>
</bind>
</comp>

<comp id="78" class="1000" name="state_completion_writebacks_value_0">
<pin_list>
<pin id="79" dir="1" index="0" bw="1" slack="0"/>
</pin_list>
<bind>
<StgValue><ssdm name="state_completion_writebacks_value_0"/></StgValue>
</bind>
</comp>

<comp id="80" class="1000" name="state_completion_writebacks_value_1">
<pin_list>
<pin id="81" dir="1" index="0" bw="1" slack="0"/>
</pin_list>
<bind>
<StgValue><ssdm name="state_completion_writebacks_value_1"/></StgValue>
</bind>
</comp>

<comp id="82" class="1000" name="state_completion_wakeup_sent_0">
<pin_list>
<pin id="83" dir="1" index="0" bw="1" slack="0"/>
</pin_list>
<bind>
<StgValue><ssdm name="state_completion_wakeup_sent_0"/></StgValue>
</bind>
</comp>

<comp id="84" class="1000" name="state_completion_completion_accepts_this_cycle">
<pin_list>
<pin id="85" dir="1" index="0" bw="1" slack="0"/>
</pin_list>
<bind>
<StgValue><ssdm name="state_completion_completion_accepts_this_cycle"/></StgValue>
</bind>
</comp>

<comp id="86" class="1000" name="state_completion_total_completion_accepts">
<pin_list>
<pin id="87" dir="1" index="0" bw="1" slack="0"/>
</pin_list>
<bind>
<StgValue><ssdm name="state_completion_total_completion_accepts"/></StgValue>
</bind>
</comp>

<comp id="88" class="1000" name="state_completion_wakeup_sent_2">
<pin_list>
<pin id="89" dir="1" index="0" bw="1" slack="0"/>
</pin_list>
<bind>
<StgValue><ssdm name="state_completion_wakeup_sent_2"/></StgValue>
</bind>
</comp>

<comp id="90" class="1000" name="state_completion_wakeup_sent_1">
<pin_list>
<pin id="91" dir="1" index="0" bw="1" slack="0"/>
</pin_list>
<bind>
<StgValue><ssdm name="state_completion_wakeup_sent_1"/></StgValue>
</bind>
</comp>

<comp id="92" class="1000" name="state_completion_rob_completes_this_cycle">
<pin_list>
<pin id="93" dir="1" index="0" bw="1" slack="0"/>
</pin_list>
<bind>
<StgValue><ssdm name="state_completion_rob_completes_this_cycle"/></StgValue>
</bind>
</comp>

<comp id="94" class="1000" name="state_completion_total_rob_completes">
<pin_list>
<pin id="95" dir="1" index="0" bw="1" slack="0"/>
</pin_list>
<bind>
<StgValue><ssdm name="state_completion_total_rob_completes"/></StgValue>
</bind>
</comp>

<comp id="96" class="1000" name="state_completion_dropped_writebacks">
<pin_list>
<pin id="97" dir="1" index="0" bw="1" slack="0"/>
</pin_list>
<bind>
<StgValue><ssdm name="state_completion_dropped_writebacks"/></StgValue>
</bind>
</comp>

<comp id="98" class="1000" name="state_completion_prf_writes_this_cycle">
<pin_list>
<pin id="99" dir="1" index="0" bw="1" slack="0"/>
</pin_list>
<bind>
<StgValue><ssdm name="state_completion_prf_writes_this_cycle"/></StgValue>
</bind>
</comp>

<comp id="100" class="1000" name="state_completion_total_prf_writes">
<pin_list>
<pin id="101" dir="1" index="0" bw="1" slack="0"/>
</pin_list>
<bind>
<StgValue><ssdm name="state_completion_total_prf_writes"/></StgValue>
</bind>
</comp>

<comp id="102" class="1000" name="state_completion_duplicate_writebacks">
<pin_list>
<pin id="103" dir="1" index="0" bw="1" slack="0"/>
</pin_list>
<bind>
<StgValue><ssdm name="state_completion_duplicate_writebacks"/></StgValue>
</bind>
</comp>

<comp id="104" class="1000" name="state_int_rf">
<pin_list>
<pin id="105" dir="1" index="0" bw="1" slack="0"/>
</pin_list>
<bind>
<StgValue><ssdm name="state_int_rf"/><MemPortTyVec>0 0 </MemPortTyVec>
</StgValue>
</bind>
</comp>

<comp id="106" class="1000" name="state_completion_peak_completion_accepts">
<pin_list>
<pin id="107" dir="1" index="0" bw="1" slack="0"/>
</pin_list>
<bind>
<StgValue><ssdm name="state_completion_peak_completion_accepts"/></StgValue>
</bind>
</comp>

<comp id="108" class="1000" name="state_completion_peak_rob_completes">
<pin_list>
<pin id="109" dir="1" index="0" bw="1" slack="0"/>
</pin_list>
<bind>
<StgValue><ssdm name="state_completion_peak_rob_completes"/></StgValue>
</bind>
</comp>

<comp id="110" class="1000" name="state_completion_peak_prf_writes">
<pin_list>
<pin id="111" dir="1" index="0" bw="1" slack="0"/>
</pin_list>
<bind>
<StgValue><ssdm name="state_completion_peak_prf_writes"/></StgValue>
</bind>
</comp>

<comp id="112" class="1001" name="const_112">
<pin_list>
<pin id="113" dir="1" index="0" bw="1" slack="0"/>
</pin_list>
<bind>
<StgValue><ssdm name=""/></StgValue>
</bind>
</comp>

<comp id="114" class="1001" name="const_114">
<pin_list>
<pin id="115" dir="1" index="0" bw="1" slack="0"/>
</pin_list>
<bind>
<StgValue><ssdm name=""/></StgValue>
</bind>
</comp>

<comp id="116" class="1001" name="const_116">
<pin_list>
<pin id="117" dir="1" index="0" bw="1" slack="0"/>
</pin_list>
<bind>
<StgValue><ssdm name=""/></StgValue>
</bind>
</comp>

<comp id="118" class="1001" name="const_118">
<pin_list>
<pin id="119" dir="1" index="0" bw="1" slack="2147483647"/>
</pin_list>
<bind>
<StgValue><ssdm name="_ssdm_op_SpecLoopTripCount"/></StgValue>
</bind>
</comp>

<comp id="120" class="1001" name="const_120">
<pin_list>
<pin id="121" dir="1" index="0" bw="1" slack="2147483647"/>
</pin_list>
<bind>
<StgValue><ssdm name=""/></StgValue>
</bind>
</comp>

<comp id="122" class="1001" name="const_122">
<pin_list>
<pin id="123" dir="1" index="0" bw="1" slack="0"/>
</pin_list>
<bind>
<StgValue><ssdm name=""/></StgValue>
</bind>
</comp>

<comp id="124" class="1001" name="const_124">
<pin_list>
<pin id="125" dir="1" index="0" bw="1" slack="2147483647"/>
</pin_list>
<bind>
<StgValue><ssdm name="_ssdm_op_SpecLoopName"/></StgValue>
</bind>
</comp>

<comp id="126" class="1001" name="const_126">
<pin_list>
<pin id="127" dir="1" index="0" bw="1" slack="2147483647"/>
</pin_list>
<bind>
<StgValue><ssdm name="empty_2"/></StgValue>
</bind>
</comp>

<comp id="128" class="1001" name="const_128">
<pin_list>
<pin id="129" dir="1" index="0" bw="1" slack="0"/>
</pin_list>
<bind>
<StgValue><ssdm name=""/></StgValue>
</bind>
</comp>

<comp id="130" class="1001" name="const_130">
<pin_list>
<pin id="131" dir="1" index="0" bw="1" slack="0"/>
</pin_list>
<bind>
<StgValue><ssdm name=""/></StgValue>
</bind>
</comp>

<comp id="132" class="1001" name="const_132">
<pin_list>
<pin id="133" dir="1" index="0" bw="1" slack="0"/>
</pin_list>
<bind>
<StgValue><ssdm name=""/></StgValue>
</bind>
</comp>

<comp id="134" class="1001" name="const_134">
<pin_list>
<pin id="135" dir="1" index="0" bw="1" slack="0"/>
</pin_list>
<bind>
<StgValue><ssdm name=""/></StgValue>
</bind>
</comp>

<comp id="136" class="1001" name="const_136">
<pin_list>
<pin id="137" dir="1" index="0" bw="1" slack="0"/>
</pin_list>
<bind>
<StgValue><ssdm name=""/></StgValue>
</bind>
</comp>

<comp id="138" class="1001" name="const_138">
<pin_list>
<pin id="139" dir="1" index="0" bw="1" slack="0"/>
</pin_list>
<bind>
<StgValue><ssdm name=""/></StgValue>
</bind>
</comp>

<comp id="140" class="1001" name="const_140">
<pin_list>
<pin id="141" dir="1" index="0" bw="1" slack="2147483647"/>
</pin_list>
<bind>
<StgValue><ssdm name=""/></StgValue>
</bind>
</comp>

<comp id="142" class="1001" name="const_142">
<pin_list>
<pin id="143" dir="1" index="0" bw="1" slack="0"/>
</pin_list>
<bind>
<StgValue><ssdm name=""/></StgValue>
</bind>
</comp>

<comp id="144" class="1001" name="const_144">
<pin_list>
<pin id="145" dir="1" index="0" bw="1" slack="2147483647"/>
</pin_list>
<bind>
<StgValue><ssdm name="empty_15"/></StgValue>
</bind>
</comp>

<comp id="146" class="1001" name="const_146">
<pin_list>
<pin id="147" dir="1" index="0" bw="1" slack="0"/>
</pin_list>
<bind>
<StgValue><ssdm name=""/></StgValue>
</bind>
</comp>

<comp id="148" class="1001" name="const_148">
<pin_list>
<pin id="149" dir="1" index="0" bw="1" slack="0"/>
</pin_list>
<bind>
<StgValue><ssdm name=""/></StgValue>
</bind>
</comp>

<comp id="150" class="1001" name="const_150">
<pin_list>
<pin id="151" dir="1" index="0" bw="1" slack="0"/>
</pin_list>
<bind>
<StgValue><ssdm name=""/></StgValue>
</bind>
</comp>

<comp id="152" class="1001" name="const_152">
<pin_list>
<pin id="153" dir="1" index="0" bw="1" slack="2147483647"/>
</pin_list>
<bind>
<StgValue><ssdm name=""/></StgValue>
</bind>
</comp>

<comp id="154" class="1001" name="const_154">
<pin_list>
<pin id="155" dir="1" index="0" bw="1" slack="2147483647"/>
</pin_list>
<bind>
<StgValue><ssdm name="empty_45"/></StgValue>
</bind>
</comp>

<comp id="156" class="1001" name="const_156">
<pin_list>
<pin id="157" dir="1" index="0" bw="1" slack="0"/>
</pin_list>
<bind>
<StgValue><ssdm name="completion_is_valid"/></StgValue>
</bind>
</comp>

<comp id="158" class="1001" name="const_158">
<pin_list>
<pin id="159" dir="1" index="0" bw="1" slack="0"/>
</pin_list>
<bind>
<StgValue><ssdm name=""/></StgValue>
</bind>
</comp>

<comp id="160" class="1001" name="const_160">
<pin_list>
<pin id="161" dir="1" index="0" bw="1" slack="0"/>
</pin_list>
<bind>
<StgValue><ssdm name=""/></StgValue>
</bind>
</comp>

<comp id="162" class="1001" name="const_162">
<pin_list>
<pin id="163" dir="1" index="0" bw="1" slack="0"/>
</pin_list>
<bind>
<StgValue><ssdm name=""/></StgValue>
</bind>
</comp>

<comp id="164" class="1001" name="const_164">
<pin_list>
<pin id="165" dir="1" index="0" bw="1" slack="0"/>
</pin_list>
<bind>
<StgValue><ssdm name="_ssdm_op_Mux.ap_auto.4i8.i2"/></StgValue>
</bind>
</comp>

<comp id="166" class="1001" name="const_166">
<pin_list>
<pin id="167" dir="1" index="0" bw="1" slack="0"/>
</pin_list>
<bind>
<StgValue><ssdm name="_ssdm_op_Mux.ap_auto.4i32.i2"/></StgValue>
</bind>
</comp>

<comp id="168" class="1001" name="const_168">
<pin_list>
<pin id="169" dir="1" index="0" bw="1" slack="0"/>
</pin_list>
<bind>
<StgValue><ssdm name="_ssdm_op_PartSelect.i7.i8.i32.i32"/></StgValue>
</bind>
</comp>

<comp id="170" class="1001" name="const_170">
<pin_list>
<pin id="171" dir="1" index="0" bw="1" slack="0"/>
</pin_list>
<bind>
<StgValue><ssdm name=""/></StgValue>
</bind>
</comp>

<comp id="172" class="1001" name="const_172">
<pin_list>
<pin id="173" dir="1" index="0" bw="1" slack="0"/>
</pin_list>
<bind>
<StgValue><ssdm name=""/></StgValue>
</bind>
</comp>

<comp id="174" class="1001" name="const_174">
<pin_list>
<pin id="175" dir="1" index="0" bw="1" slack="2147483647"/>
</pin_list>
<bind>
<StgValue><ssdm name="empty_36"/></StgValue>
</bind>
</comp>

<comp id="176" class="1001" name="const_176">
<pin_list>
<pin id="177" dir="1" index="0" bw="1" slack="0"/>
</pin_list>
<bind>
<StgValue><ssdm name=""/></StgValue>
</bind>
</comp>

<comp id="178" class="1001" name="const_178">
<pin_list>
<pin id="179" dir="1" index="0" bw="1" slack="1"/>
</pin_list>
<bind>
<StgValue><ssdm name=""/></StgValue>
</bind>
</comp>

<comp id="180" class="1001" name="const_180">
<pin_list>
<pin id="181" dir="1" index="0" bw="1" slack="2147483647"/>
</pin_list>
<bind>
<StgValue><ssdm name="empty_33"/></StgValue>
</bind>
</comp>

<comp id="182" class="1001" name="const_182">
<pin_list>
<pin id="183" dir="1" index="0" bw="1" slack="0"/>
</pin_list>
<bind>
<StgValue><ssdm name="_ssdm_op_Mux.ap_auto.4i3.i2"/></StgValue>
</bind>
</comp>

<comp id="184" class="1001" name="const_184">
<pin_list>
<pin id="185" dir="1" index="0" bw="1" slack="0"/>
</pin_list>
<bind>
<StgValue><ssdm name="_ssdm_op_Mux.ap_auto.4i2.i2"/></StgValue>
</bind>
</comp>

<comp id="186" class="1001" name="const_186">
<pin_list>
<pin id="187" dir="1" index="0" bw="1" slack="0"/>
</pin_list>
<bind>
<StgValue><ssdm name="_ssdm_op_BitSelect.i1.i32.i32"/></StgValue>
</bind>
</comp>

<comp id="188" class="1001" name="const_188">
<pin_list>
<pin id="189" dir="1" index="0" bw="1" slack="0"/>
</pin_list>
<bind>
<StgValue><ssdm name=""/></StgValue>
</bind>
</comp>

<comp id="190" class="1001" name="const_190">
<pin_list>
<pin id="191" dir="1" index="0" bw="1" slack="0"/>
</pin_list>
<bind>
<StgValue><ssdm name=""/></StgValue>
</bind>
</comp>

<comp id="192" class="1001" name="const_192">
<pin_list>
<pin id="193" dir="1" index="0" bw="1" slack="0"/>
</pin_list>
<bind>
<StgValue><ssdm name="_ssdm_op_Mux.ap_auto.4i1.i2"/></StgValue>
</bind>
</comp>

<comp id="194" class="1001" name="const_194">
<pin_list>
<pin id="195" dir="1" index="0" bw="1" slack="0"/>
</pin_list>
<bind>
<StgValue><ssdm name=""/></StgValue>
</bind>
</comp>

<comp id="196" class="1001" name="const_196">
<pin_list>
<pin id="197" dir="1" index="0" bw="1" slack="2147483647"/>
</pin_list>
<bind>
<StgValue><ssdm name="empty_46"/></StgValue>
</bind>
</comp>

<comp id="198" class="1001" name="const_198">
<pin_list>
<pin id="199" dir="1" index="0" bw="1" slack="2147483647"/>
</pin_list>
<bind>
<StgValue><ssdm name="empty_34"/></StgValue>
</bind>
</comp>

<comp id="200" class="1001" name="const_200">
<pin_list>
<pin id="201" dir="1" index="0" bw="1" slack="0"/>
</pin_list>
<bind>
<StgValue><ssdm name=""/></StgValue>
</bind>
</comp>

<comp id="202" class="1001" name="const_202">
<pin_list>
<pin id="203" dir="1" index="0" bw="1" slack="0"/>
</pin_list>
<bind>
<StgValue><ssdm name=""/></StgValue>
</bind>
</comp>

<comp id="204" class="1001" name="const_204">
<pin_list>
<pin id="205" dir="1" index="0" bw="1" slack="0"/>
</pin_list>
<bind>
<StgValue><ssdm name=""/></StgValue>
</bind>
</comp>

<comp id="206" class="1001" name="const_206">
<pin_list>
<pin id="207" dir="1" index="0" bw="1" slack="0"/>
</pin_list>
<bind>
<StgValue><ssdm name="_ssdm_op_Mux.ap_auto.4i64.i2"/></StgValue>
</bind>
</comp>

<comp id="208" class="1001" name="const_208">
<pin_list>
<pin id="209" dir="1" index="0" bw="1" slack="0"/>
</pin_list>
<bind>
<StgValue><ssdm name=""/></StgValue>
</bind>
</comp>

<comp id="210" class="1001" name="const_210">
<pin_list>
<pin id="211" dir="1" index="0" bw="1" slack="0"/>
</pin_list>
<bind>
<StgValue><ssdm name="apply_writeback_ports"/></StgValue>
</bind>
</comp>

<comp id="212" class="1004" name="i_fu_212">
<pin_list>
<pin id="213" dir="0" index="0" bw="1" slack="0"/>
<pin id="214" dir="1" index="1" bw="2" slack="0"/>
</pin_list>
<bind>
<opcode="alloca(26) " fcode="alloca"/>
<opset="i/1 "/>
</bind>
</comp>

<comp id="216" class="1004" name="i_13_fu_216">
<pin_list>
<pin id="217" dir="0" index="0" bw="1" slack="0"/>
<pin id="218" dir="1" index="1" bw="6" slack="0"/>
</pin_list>
<bind>
<opcode="alloca(26) " fcode="alloca"/>
<opset="i_13/2 "/>
</bind>
</comp>

<comp id="220" class="1004" name="exception_age_fu_220">
<pin_list>
<pin id="221" dir="0" index="0" bw="1" slack="0"/>
<pin id="222" dir="1" index="1" bw="8" slack="0"/>
</pin_list>
<bind>
<opcode="alloca(26) " fcode="alloca"/>
<opset="exception_age/2 "/>
</bind>
</comp>

<comp id="224" class="1004" name="valid_fu_224">
<pin_list>
<pin id="225" dir="0" index="0" bw="1" slack="0"/>
<pin id="226" dir="1" index="1" bw="1" slack="0"/>
</pin_list>
<bind>
<opcode="alloca(26) " fcode="alloca"/>
<opset="valid/2 "/>
</bind>
</comp>

<comp id="228" class="1004" name="service_fu_228">
<pin_list>
<pin id="229" dir="0" index="0" bw="1" slack="0"/>
<pin id="230" dir="1" index="1" bw="2" slack="0"/>
</pin_list>
<bind>
<opcode="alloca(26) " fcode="alloca"/>
<opset="service/3 "/>
</bind>
</comp>

<comp id="232" class="1004" name="write_count_fu_232">
<pin_list>
<pin id="233" dir="0" index="0" bw="1" slack="0"/>
<pin id="234" dir="1" index="1" bw="8" slack="0"/>
</pin_list>
<bind>
<opcode="alloca(26) " fcode="alloca"/>
<opset="write_count/3 "/>
</bind>
</comp>

<comp id="236" class="1004" name="state_rob_entries_valid_addr_gep_fu_236">
<pin_list>
<pin id="237" dir="0" index="0" bw="1" slack="0"/>
<pin id="238" dir="0" index="1" bw="1" slack="0"/>
<pin id="239" dir="0" index="2" bw="6" slack="0"/>
<pin id="240" dir="1" index="3" bw="5" slack="0"/>
</pin_list>
<bind>
<opcode="getelementptr(29) " fcode="getelementptr"/>
<opset="state_rob_entries_valid_addr/3 "/>
</bind>
</comp>

<comp id="243" class="1004" name="grp_access_fu_243">
<pin_list>
<pin id="244" dir="0" index="0" bw="5" slack="0"/>
<pin id="245" dir="0" index="1" bw="1" slack="2147483647"/>
<pin id="246" dir="0" index="2" bw="0" slack="2147483647"/>
<pin id="247" dir="1" index="3" bw="1" slack="2"/>
</pin_list>
<bind>
<opcode="load(27) " fcode="load"/>
<opset="state_rob_entries_valid_load/3 state_rob_entries_valid_load_1/9 state_rob_entries_valid_load_2/15 "/>
</bind>
</comp>

<comp id="249" class="1004" name="state_rob_entries_exception_addr_gep_fu_249">
<pin_list>
<pin id="250" dir="0" index="0" bw="1" slack="0"/>
<pin id="251" dir="0" index="1" bw="1" slack="0"/>
<pin id="252" dir="0" index="2" bw="6" slack="1"/>
<pin id="253" dir="1" index="3" bw="5" slack="0"/>
</pin_list>
<bind>
<opcode="getelementptr(29) " fcode="getelementptr"/>
<opset="state_rob_entries_exception_addr/4 "/>
</bind>
</comp>

<comp id="256" class="1004" name="grp_access_fu_256">
<pin_list>
<pin id="257" dir="0" index="0" bw="5" slack="0"/>
<pin id="258" dir="0" index="1" bw="1" slack="2147483647"/>
<pin id="259" dir="0" index="2" bw="0" slack="2147483647"/>
<pin id="260" dir="1" index="3" bw="1" slack="1"/>
</pin_list>
<bind>
<opcode="load(27) " fcode="load"/>
<opset="state_rob_entries_exception_load/4 "/>
</bind>
</comp>

<comp id="262" class="1004" name="state_rob_entries_uop_queue_rob_idx_addr_gep_fu_262">
<pin_list>
<pin id="263" dir="0" index="0" bw="5" slack="0"/>
<pin id="264" dir="0" index="1" bw="1" slack="0"/>
<pin id="265" dir="0" index="2" bw="6" slack="2"/>
<pin id="266" dir="1" index="3" bw="5" slack="0"/>
</pin_list>
<bind>
<opcode="getelementptr(29) " fcode="getelementptr"/>
<opset="state_rob_entries_uop_queue_rob_idx_addr/5 "/>
</bind>
</comp>

<comp id="269" class="1004" name="grp_access_fu_269">
<pin_list>
<pin id="270" dir="0" index="0" bw="5" slack="0"/>
<pin id="271" dir="0" index="1" bw="5" slack="2147483647"/>
<pin id="272" dir="0" index="2" bw="0" slack="2147483647"/>
<pin id="273" dir="1" index="3" bw="5" slack="0"/>
</pin_list>
<bind>
<opcode="load(27) " fcode="load"/>
<opset="state_rob_entries_uop_queue_rob_idx_load/5 "/>
</bind>
</comp>

<comp id="275" class="1004" name="state_rob_entries_valid_addr_4_gep_fu_275">
<pin_list>
<pin id="276" dir="0" index="0" bw="1" slack="0"/>
<pin id="277" dir="0" index="1" bw="1" slack="0"/>
<pin id="278" dir="0" index="2" bw="5" slack="0"/>
<pin id="279" dir="1" index="3" bw="5" slack="0"/>
</pin_list>
<bind>
<opcode="getelementptr(29) " fcode="getelementptr"/>
<opset="state_rob_entries_valid_addr_4/9 "/>
</bind>
</comp>

<comp id="283" class="1004" name="state_rob_entries_uop_queue_rob_allocation_id_addr_3_gep_fu_283">
<pin_list>
<pin id="284" dir="0" index="0" bw="2" slack="0"/>
<pin id="285" dir="0" index="1" bw="1" slack="0"/>
<pin id="286" dir="0" index="2" bw="5" slack="1"/>
<pin id="287" dir="1" index="3" bw="5" slack="0"/>
</pin_list>
<bind>
<opcode="getelementptr(29) " fcode="getelementptr"/>
<opset="state_rob_entries_uop_queue_rob_allocation_id_addr_3/10 "/>
</bind>
</comp>

<comp id="290" class="1004" name="grp_access_fu_290">
<pin_list>
<pin id="291" dir="0" index="0" bw="5" slack="0"/>
<pin id="292" dir="0" index="1" bw="2" slack="2147483647"/>
<pin id="293" dir="0" index="2" bw="0" slack="2147483647"/>
<pin id="294" dir="1" index="3" bw="2" slack="0"/>
</pin_list>
<bind>
<opcode="load(27) " fcode="load"/>
<opset="state_rob_entries_uop_queue_rob_allocation_id_load/10 state_rob_entries_uop_queue_rob_allocation_id_load_1/16 "/>
</bind>
</comp>

<comp id="296" class="1004" name="state_rob_entries_busy_addr_3_gep_fu_296">
<pin_list>
<pin id="297" dir="0" index="0" bw="1" slack="0"/>
<pin id="298" dir="0" index="1" bw="1" slack="0"/>
<pin id="299" dir="0" index="2" bw="5" slack="2"/>
<pin id="300" dir="1" index="3" bw="5" slack="0"/>
</pin_list>
<bind>
<opcode="getelementptr(29) " fcode="getelementptr"/>
<opset="state_rob_entries_busy_addr_3/11 "/>
</bind>
</comp>

<comp id="303" class="1004" name="grp_access_fu_303">
<pin_list>
<pin id="304" dir="0" index="0" bw="5" slack="0"/>
<pin id="305" dir="0" index="1" bw="1" slack="0"/>
<pin id="306" dir="0" index="2" bw="0" slack="2147483647"/>
<pin id="307" dir="1" index="3" bw="1" slack="2147483647"/>
</pin_list>
<bind>
<opcode="load(27) store(28) " fcode="store"/>
<opset="state_rob_entries_busy_load/11 state_rob_entries_busy_load_2/17 store_ln647/30 store_ln647/30 store_ln647/30 "/>
</bind>
</comp>

<comp id="309" class="1004" name="state_rob_entries_valid_addr_5_gep_fu_309">
<pin_list>
<pin id="310" dir="0" index="0" bw="1" slack="0"/>
<pin id="311" dir="0" index="1" bw="1" slack="0"/>
<pin id="312" dir="0" index="2" bw="5" slack="0"/>
<pin id="313" dir="1" index="3" bw="5" slack="0"/>
</pin_list>
<bind>
<opcode="getelementptr(29) " fcode="getelementptr"/>
<opset="state_rob_entries_valid_addr_5/15 "/>
</bind>
</comp>

<comp id="317" class="1004" name="state_rob_entries_uop_queue_rob_allocation_id_addr_gep_fu_317">
<pin_list>
<pin id="318" dir="0" index="0" bw="2" slack="0"/>
<pin id="319" dir="0" index="1" bw="1" slack="0"/>
<pin id="320" dir="0" index="2" bw="5" slack="1"/>
<pin id="321" dir="1" index="3" bw="5" slack="0"/>
</pin_list>
<bind>
<opcode="getelementptr(29) " fcode="getelementptr"/>
<opset="state_rob_entries_uop_queue_rob_allocation_id_addr/16 "/>
</bind>
</comp>

<comp id="325" class="1004" name="state_rob_entries_busy_addr_gep_fu_325">
<pin_list>
<pin id="326" dir="0" index="0" bw="1" slack="0"/>
<pin id="327" dir="0" index="1" bw="1" slack="0"/>
<pin id="328" dir="0" index="2" bw="5" slack="2"/>
<pin id="329" dir="1" index="3" bw="5" slack="0"/>
</pin_list>
<bind>
<opcode="getelementptr(29) " fcode="getelementptr"/>
<opset="state_rob_entries_busy_addr/17 "/>
</bind>
</comp>

<comp id="333" class="1004" name="state_rob_entries_busy_addr_5_gep_fu_333">
<pin_list>
<pin id="334" dir="0" index="0" bw="1" slack="0"/>
<pin id="335" dir="0" index="1" bw="1" slack="0"/>
<pin id="336" dir="0" index="2" bw="5" slack="0"/>
<pin id="337" dir="1" index="3" bw="5" slack="0"/>
</pin_list>
<bind>
<opcode="getelementptr(29) " fcode="getelementptr"/>
<opset="state_rob_entries_busy_addr_5/30 "/>
</bind>
</comp>

<comp id="342" class="1004" name="state_rob_entries_memory_completed_addr_gep_fu_342">
<pin_list>
<pin id="343" dir="0" index="0" bw="1" slack="0"/>
<pin id="344" dir="0" index="1" bw="1" slack="0"/>
<pin id="345" dir="0" index="2" bw="5" slack="0"/>
<pin id="346" dir="1" index="3" bw="5" slack="0"/>
</pin_list>
<bind>
<opcode="getelementptr(29) " fcode="getelementptr"/>
<opset="state_rob_entries_memory_completed_addr/30 "/>
</bind>
</comp>

<comp id="349" class="1004" name="grp_access_fu_349">
<pin_list>
<pin id="350" dir="0" index="0" bw="5" slack="0"/>
<pin id="351" dir="0" index="1" bw="1" slack="0"/>
<pin id="352" dir="0" index="2" bw="0" slack="2147483647"/>
<pin id="353" dir="1" index="3" bw="1" slack="2147483647"/>
</pin_list>
<bind>
<opcode="store(28) " fcode="store"/>
<opset="store_ln661/30 store_ln661/30 "/>
</bind>
</comp>

<comp id="357" class="1004" name="state_rob_entries_busy_addr_4_gep_fu_357">
<pin_list>
<pin id="358" dir="0" index="0" bw="1" slack="0"/>
<pin id="359" dir="0" index="1" bw="1" slack="0"/>
<pin id="360" dir="0" index="2" bw="5" slack="0"/>
<pin id="361" dir="1" index="3" bw="5" slack="0"/>
</pin_list>
<bind>
<opcode="getelementptr(29) " fcode="getelementptr"/>
<opset="state_rob_entries_busy_addr_4/30 "/>
</bind>
</comp>

<comp id="365" class="1004" name="state_rob_entries_memory_completed_addr_1_gep_fu_365">
<pin_list>
<pin id="366" dir="0" index="0" bw="1" slack="0"/>
<pin id="367" dir="0" index="1" bw="1" slack="0"/>
<pin id="368" dir="0" index="2" bw="5" slack="0"/>
<pin id="369" dir="1" index="3" bw="5" slack="0"/>
</pin_list>
<bind>
<opcode="getelementptr(29) " fcode="getelementptr"/>
<opset="state_rob_entries_memory_completed_addr_1/30 "/>
</bind>
</comp>

<comp id="373" class="1005" name="i_28_reg_373">
<pin_list>
<pin id="374" dir="0" index="0" bw="2" slack="1"/>
<pin id="375" dir="1" index="1" bw="2" slack="1"/>
</pin_list>
<bind>
<opset="i_28 (phireg) "/>
</bind>
</comp>

<comp id="377" class="1004" name="i_28_phi_fu_377">
<pin_list>
<pin id="378" dir="0" index="0" bw="1" slack="1"/>
<pin id="379" dir="0" index="1" bw="0" slack="2147483647"/>
<pin id="380" dir="0" index="2" bw="2" slack="0"/>
<pin id="381" dir="0" index="3" bw="0" slack="2147483647"/>
<pin id="382" dir="1" index="4" bw="2" slack="0"/>
</pin_list>
<bind>
<opcode="phi(47) " fcode="phi"/>
<opset="i_28/19 "/>
</bind>
</comp>

<comp id="384" class="1005" name="precise_valid_reg_384">
<pin_list>
<pin id="385" dir="0" index="0" bw="1" slack="1"/>
<pin id="386" dir="1" index="1" bw="1" slack="1"/>
</pin_list>
<bind>
<opset="precise_valid (phireg) "/>
</bind>
</comp>

<comp id="388" class="1004" name="precise_valid_phi_fu_388">
<pin_list>
<pin id="389" dir="0" index="0" bw="1" slack="1"/>
<pin id="390" dir="0" index="1" bw="0" slack="2147483647"/>
<pin id="391" dir="0" index="2" bw="1" slack="1"/>
<pin id="392" dir="0" index="3" bw="0" slack="2147483647"/>
<pin id="393" dir="1" index="4" bw="1" slack="1"/>
</pin_list>
<bind>
<opcode="phi(47) " fcode="phi"/>
<opset="precise_valid/19 "/>
</bind>
</comp>

<comp id="396" class="1005" name="precise_age_reg_396">
<pin_list>
<pin id="397" dir="0" index="0" bw="8" slack="1"/>
<pin id="398" dir="1" index="1" bw="8" slack="1"/>
</pin_list>
<bind>
<opset="precise_age (phireg) "/>
</bind>
</comp>

<comp id="400" class="1004" name="precise_age_phi_fu_400">
<pin_list>
<pin id="401" dir="0" index="0" bw="7" slack="1"/>
<pin id="402" dir="0" index="1" bw="0" slack="2147483647"/>
<pin id="403" dir="0" index="2" bw="8" slack="1"/>
<pin id="404" dir="0" index="3" bw="0" slack="2147483647"/>
<pin id="405" dir="1" index="4" bw="8" slack="1"/>
</pin_list>
<bind>
<opcode="phi(47) " fcode="phi"/>
<opset="precise_age/19 "/>
</bind>
</comp>

<comp id="408" class="1005" name="precise_age_2_reg_408">
<pin_list>
<pin id="409" dir="0" index="0" bw="8" slack="1"/>
<pin id="410" dir="1" index="1" bw="8" slack="1"/>
</pin_list>
<bind>
<opset="precise_age_2 (phireg) "/>
</bind>
</comp>

<comp id="412" class="1004" name="precise_age_2_phi_fu_412">
<pin_list>
<pin id="413" dir="0" index="0" bw="5" slack="1"/>
<pin id="414" dir="0" index="1" bw="0" slack="2147483647"/>
<pin id="415" dir="0" index="2" bw="8" slack="2"/>
<pin id="416" dir="0" index="3" bw="0" slack="2147483647"/>
<pin id="417" dir="0" index="4" bw="8" slack="2"/>
<pin id="418" dir="0" index="5" bw="0" slack="2147483647"/>
<pin id="419" dir="1" index="6" bw="8" slack="1"/>
</pin_list>
<bind>
<opcode="phi(47) " fcode="phi"/>
<opset="precise_age_2/21 "/>
</bind>
</comp>

<comp id="423" class="1005" name="precise_valid_1_reg_423">
<pin_list>
<pin id="424" dir="0" index="0" bw="1" slack="1"/>
<pin id="425" dir="1" index="1" bw="1" slack="1"/>
</pin_list>
<bind>
<opset="precise_valid_1 (phireg) "/>
</bind>
</comp>

<comp id="428" class="1004" name="precise_valid_1_phi_fu_428">
<pin_list>
<pin id="429" dir="0" index="0" bw="1" slack="1"/>
<pin id="430" dir="0" index="1" bw="0" slack="2147483647"/>
<pin id="431" dir="0" index="2" bw="1" slack="2"/>
<pin id="432" dir="0" index="3" bw="0" slack="2147483647"/>
<pin id="433" dir="0" index="4" bw="1" slack="2"/>
<pin id="434" dir="0" index="5" bw="0" slack="2147483647"/>
<pin id="435" dir="1" index="6" bw="1" slack="1"/>
</pin_list>
<bind>
<opcode="phi(47) " fcode="phi"/>
<opset="precise_valid_1/21 "/>
</bind>
</comp>

<comp id="440" class="1005" name="i_31_reg_440">
<pin_list>
<pin id="441" dir="0" index="0" bw="2" slack="1"/>
<pin id="442" dir="1" index="1" bw="2" slack="1"/>
</pin_list>
<bind>
<opset="i_31 (phireg) "/>
</bind>
</comp>

<comp id="444" class="1004" name="i_31_phi_fu_444">
<pin_list>
<pin id="445" dir="0" index="0" bw="1" slack="1"/>
<pin id="446" dir="0" index="1" bw="0" slack="2147483647"/>
<pin id="447" dir="0" index="2" bw="2" slack="0"/>
<pin id="448" dir="0" index="3" bw="0" slack="2147483647"/>
<pin id="449" dir="1" index="4" bw="2" slack="0"/>
</pin_list>
<bind>
<opcode="phi(47) " fcode="phi"/>
<opset="i_31/22 "/>
</bind>
</comp>

<comp id="452" class="1005" name="selected_port_reg_452">
<pin_list>
<pin id="453" dir="0" index="0" bw="32" slack="1"/>
<pin id="454" dir="1" index="1" bw="32" slack="1"/>
</pin_list>
<bind>
<opset="selected_port (phireg) "/>
</bind>
</comp>

<comp id="456" class="1004" name="selected_port_phi_fu_456">
<pin_list>
<pin id="457" dir="0" index="0" bw="1" slack="1"/>
<pin id="458" dir="0" index="1" bw="0" slack="2147483647"/>
<pin id="459" dir="0" index="2" bw="32" slack="1"/>
<pin id="460" dir="0" index="3" bw="0" slack="2147483647"/>
<pin id="461" dir="1" index="4" bw="32" slack="0"/>
</pin_list>
<bind>
<opcode="phi(47) " fcode="phi"/>
<opset="selected_port/22 "/>
</bind>
</comp>

<comp id="464" class="1005" name="selected_age_reg_464">
<pin_list>
<pin id="465" dir="0" index="0" bw="8" slack="1"/>
<pin id="466" dir="1" index="1" bw="8" slack="1"/>
</pin_list>
<bind>
<opset="selected_age (phireg) "/>
</bind>
</comp>

<comp id="468" class="1004" name="selected_age_phi_fu_468">
<pin_list>
<pin id="469" dir="0" index="0" bw="7" slack="1"/>
<pin id="470" dir="0" index="1" bw="0" slack="2147483647"/>
<pin id="471" dir="0" index="2" bw="8" slack="1"/>
<pin id="472" dir="0" index="3" bw="0" slack="2147483647"/>
<pin id="473" dir="1" index="4" bw="8" slack="4"/>
</pin_list>
<bind>
<opcode="phi(47) " fcode="phi"/>
<opset="selected_age/22 "/>
</bind>
</comp>

<comp id="476" class="1005" name="selected_duplicate_reg_476">
<pin_list>
<pin id="477" dir="0" index="0" bw="1" slack="1"/>
<pin id="478" dir="1" index="1" bw="1" slack="1"/>
</pin_list>
<bind>
<opset="selected_duplicate (phireg) "/>
</bind>
</comp>

<comp id="480" class="1004" name="selected_duplicate_phi_fu_480">
<pin_list>
<pin id="481" dir="0" index="0" bw="1" slack="1"/>
<pin id="482" dir="0" index="1" bw="0" slack="2147483647"/>
<pin id="483" dir="0" index="2" bw="1" slack="1"/>
<pin id="484" dir="0" index="3" bw="0" slack="2147483647"/>
<pin id="485" dir="1" index="4" bw="1" slack="3"/>
</pin_list>
<bind>
<opcode="phi(47) " fcode="phi"/>
<opset="selected_duplicate/22 "/>
</bind>
</comp>

<comp id="488" class="1005" name="phi_ln1108_reg_488">
<pin_list>
<pin id="489" dir="0" index="0" bw="1" slack="1"/>
<pin id="490" dir="1" index="1" bw="1" slack="2147483647"/>
</pin_list>
<bind>
<opset="phi_ln1108 (phireg) "/>
</bind>
</comp>

<comp id="491" class="1004" name="phi_ln1108_phi_fu_491">
<pin_list>
<pin id="492" dir="0" index="0" bw="1" slack="2"/>
<pin id="493" dir="0" index="1" bw="0" slack="2147483647"/>
<pin id="494" dir="0" index="2" bw="1" slack="2"/>
<pin id="495" dir="0" index="3" bw="0" slack="2147483647"/>
<pin id="496" dir="0" index="4" bw="1" slack="0"/>
<pin id="497" dir="0" index="5" bw="0" slack="2147483647"/>
<pin id="498" dir="1" index="6" bw="1" slack="0"/>
</pin_list>
<bind>
<opcode="phi(47) " fcode="phi"/>
<opset="phi_ln1108/22 "/>
</bind>
</comp>

<comp id="501" class="1005" name="i_30_reg_501">
<pin_list>
<pin id="502" dir="0" index="0" bw="2" slack="1"/>
<pin id="503" dir="1" index="1" bw="2" slack="1"/>
</pin_list>
<bind>
<opset="i_30 (phireg) "/>
</bind>
</comp>

<comp id="505" class="1004" name="i_30_phi_fu_505">
<pin_list>
<pin id="506" dir="0" index="0" bw="1" slack="1"/>
<pin id="507" dir="0" index="1" bw="0" slack="2147483647"/>
<pin id="508" dir="0" index="2" bw="2" slack="0"/>
<pin id="509" dir="0" index="3" bw="0" slack="2147483647"/>
<pin id="510" dir="1" index="4" bw="2" slack="0"/>
</pin_list>
<bind>
<opcode="phi(47) " fcode="phi"/>
<opset="i_30/24 "/>
</bind>
</comp>

<comp id="513" class="1005" name="phi_ln1047_reg_513">
<pin_list>
<pin id="514" dir="0" index="0" bw="1" slack="1"/>
<pin id="515" dir="1" index="1" bw="1" slack="2147483647"/>
</pin_list>
<bind>
<opset="phi_ln1047 (phireg) "/>
</bind>
</comp>

<comp id="516" class="1004" name="phi_ln1047_phi_fu_516">
<pin_list>
<pin id="517" dir="0" index="0" bw="1" slack="4"/>
<pin id="518" dir="0" index="1" bw="0" slack="2147483647"/>
<pin id="519" dir="0" index="2" bw="1" slack="4"/>
<pin id="520" dir="0" index="3" bw="0" slack="2147483647"/>
<pin id="521" dir="0" index="4" bw="1" slack="0"/>
<pin id="522" dir="0" index="5" bw="0" slack="2147483647"/>
<pin id="523" dir="1" index="6" bw="1" slack="0"/>
</pin_list>
<bind>
<opcode="phi(47) " fcode="phi"/>
<opset="phi_ln1047/24 "/>
</bind>
</comp>

<comp id="526" class="1005" name="phi_ln625_reg_526">
<pin_list>
<pin id="527" dir="0" index="0" bw="1" slack="2147483647"/>
<pin id="528" dir="1" index="1" bw="1" slack="2147483647"/>
</pin_list>
<bind>
<opset="phi_ln625 (phireg) "/>
</bind>
</comp>

<comp id="529" class="1004" name="phi_ln625_phi_fu_529">
<pin_list>
<pin id="530" dir="0" index="0" bw="1" slack="5"/>
<pin id="531" dir="0" index="1" bw="0" slack="2147483647"/>
<pin id="532" dir="0" index="2" bw="1" slack="2147483647"/>
<pin id="533" dir="0" index="3" bw="0" slack="2147483647"/>
<pin id="534" dir="1" index="4" bw="1" slack="2147483647"/>
</pin_list>
<bind>
<opcode="phi(47) " fcode="phi"/>
<opset="phi_ln625/25 "/>
</bind>
</comp>

<comp id="535" class="1005" name="phi_ln1049_reg_535">
<pin_list>
<pin id="536" dir="0" index="0" bw="3" slack="2147483647"/>
<pin id="537" dir="1" index="1" bw="3" slack="2147483647"/>
</pin_list>
<bind>
<opset="phi_ln1049 (phireg) "/>
</bind>
</comp>

<comp id="538" class="1004" name="phi_ln1049_phi_fu_538">
<pin_list>
<pin id="539" dir="0" index="0" bw="2" slack="5"/>
<pin id="540" dir="0" index="1" bw="0" slack="2147483647"/>
<pin id="541" dir="0" index="2" bw="3" slack="5"/>
<pin id="542" dir="0" index="3" bw="0" slack="2147483647"/>
<pin id="543" dir="0" index="4" bw="1" slack="0"/>
<pin id="544" dir="0" index="5" bw="0" slack="2147483647"/>
<pin id="545" dir="1" index="6" bw="3" slack="0"/>
</pin_list>
<bind>
<opcode="phi(47) " fcode="phi"/>
<opset="phi_ln1049/25 "/>
</bind>
</comp>

<comp id="547" class="1005" name="phi_ln1050_reg_547">
<pin_list>
<pin id="548" dir="0" index="0" bw="64" slack="2147483647"/>
<pin id="549" dir="1" index="1" bw="64" slack="2147483647"/>
</pin_list>
<bind>
<opset="phi_ln1050 (phireg) "/>
</bind>
</comp>

<comp id="550" class="1004" name="phi_ln1050_phi_fu_550">
<pin_list>
<pin id="551" dir="0" index="0" bw="64" slack="2147483647"/>
<pin id="552" dir="0" index="1" bw="0" slack="2147483647"/>
<pin id="553" dir="0" index="2" bw="64" slack="5"/>
<pin id="554" dir="0" index="3" bw="0" slack="2147483647"/>
<pin id="555" dir="0" index="4" bw="1" slack="0"/>
<pin id="556" dir="0" index="5" bw="0" slack="2147483647"/>
<pin id="557" dir="1" index="6" bw="64" slack="0"/>
</pin_list>
<bind>
<opcode="phi(47) " fcode="phi"/>
<opset="phi_ln1050/25 "/>
</bind>
</comp>

<comp id="559" class="1005" name="write_eligible_1_reg_559">
<pin_list>
<pin id="560" dir="0" index="0" bw="1" slack="1"/>
<pin id="561" dir="1" index="1" bw="1" slack="1"/>
</pin_list>
<bind>
<opset="write_eligible_1 (phireg) "/>
</bind>
</comp>

<comp id="563" class="1004" name="write_eligible_1_phi_fu_563">
<pin_list>
<pin id="564" dir="0" index="0" bw="1" slack="0"/>
<pin id="565" dir="0" index="1" bw="0" slack="2147483647"/>
<pin id="566" dir="0" index="2" bw="1" slack="1"/>
<pin id="567" dir="0" index="3" bw="0" slack="2147483647"/>
<pin id="568" dir="1" index="4" bw="1" slack="1"/>
</pin_list>
<bind>
<opcode="phi(47) " fcode="phi"/>
<opset="write_eligible_1/25 "/>
</bind>
</comp>

<comp id="572" class="1005" name="w_reg_572">
<pin_list>
<pin id="573" dir="0" index="0" bw="2" slack="1"/>
<pin id="574" dir="1" index="1" bw="2" slack="1"/>
</pin_list>
<bind>
<opset="w (phireg) "/>
</bind>
</comp>

<comp id="576" class="1004" name="w_phi_fu_576">
<pin_list>
<pin id="577" dir="0" index="0" bw="1" slack="1"/>
<pin id="578" dir="0" index="1" bw="0" slack="2147483647"/>
<pin id="579" dir="0" index="2" bw="2" slack="0"/>
<pin id="580" dir="0" index="3" bw="0" slack="2147483647"/>
<pin id="581" dir="1" index="4" bw="2" slack="0"/>
</pin_list>
<bind>
<opcode="phi(47) " fcode="phi"/>
<opset="w/26 "/>
</bind>
</comp>

<comp id="583" class="1005" name="duplicate_1_reg_583">
<pin_list>
<pin id="584" dir="0" index="0" bw="1" slack="1"/>
<pin id="585" dir="1" index="1" bw="1" slack="1"/>
</pin_list>
<bind>
<opset="duplicate_1 (phireg) "/>
</bind>
</comp>

<comp id="587" class="1004" name="duplicate_1_phi_fu_587">
<pin_list>
<pin id="588" dir="0" index="0" bw="1" slack="1"/>
<pin id="589" dir="0" index="1" bw="0" slack="2147483647"/>
<pin id="590" dir="0" index="2" bw="1" slack="0"/>
<pin id="591" dir="0" index="3" bw="0" slack="2147483647"/>
<pin id="592" dir="1" index="4" bw="1" slack="0"/>
</pin_list>
<bind>
<opcode="phi(47) " fcode="phi"/>
<opset="duplicate_1/26 "/>
</bind>
</comp>

<comp id="594" class="1005" name="duplicate_24_reg_594">
<pin_list>
<pin id="595" dir="0" index="0" bw="1" slack="1"/>
<pin id="596" dir="1" index="1" bw="1" slack="1"/>
</pin_list>
<bind>
<opset="duplicate_24 (phireg) "/>
</bind>
</comp>

<comp id="598" class="1004" name="duplicate_24_phi_fu_598">
<pin_list>
<pin id="599" dir="0" index="0" bw="1" slack="0"/>
<pin id="600" dir="0" index="1" bw="0" slack="2147483647"/>
<pin id="601" dir="0" index="2" bw="1" slack="3"/>
<pin id="602" dir="0" index="3" bw="0" slack="2147483647"/>
<pin id="603" dir="1" index="4" bw="1" slack="1"/>
</pin_list>
<bind>
<opcode="phi(47) " fcode="phi"/>
<opset="duplicate_24/26 "/>
</bind>
</comp>

<comp id="607" class="1005" name="selected_duplicate_2_reg_607">
<pin_list>
<pin id="608" dir="0" index="0" bw="1" slack="1"/>
<pin id="609" dir="1" index="1" bw="1" slack="1"/>
</pin_list>
<bind>
<opset="selected_duplicate_2 (phireg) "/>
</bind>
</comp>

<comp id="611" class="1004" name="selected_duplicate_2_phi_fu_611">
<pin_list>
<pin id="612" dir="0" index="0" bw="1" slack="1"/>
<pin id="613" dir="0" index="1" bw="0" slack="2147483647"/>
<pin id="614" dir="0" index="2" bw="1" slack="5"/>
<pin id="615" dir="0" index="3" bw="0" slack="2147483647"/>
<pin id="616" dir="0" index="4" bw="1" slack="5"/>
<pin id="617" dir="0" index="5" bw="0" slack="2147483647"/>
<pin id="618" dir="0" index="6" bw="1" slack="5"/>
<pin id="619" dir="0" index="7" bw="0" slack="2147483647"/>
<pin id="620" dir="0" index="8" bw="1" slack="5"/>
<pin id="621" dir="0" index="9" bw="0" slack="2147483647"/>
<pin id="622" dir="1" index="10" bw="1" slack="1"/>
</pin_list>
<bind>
<opcode="phi(47) " fcode="phi"/>
<opset="selected_duplicate_2/27 "/>
</bind>
</comp>

<comp id="629" class="1005" name="selected_age_2_reg_629">
<pin_list>
<pin id="630" dir="0" index="0" bw="8" slack="1"/>
<pin id="631" dir="1" index="1" bw="8" slack="1"/>
</pin_list>
<bind>
<opset="selected_age_2 (phireg) "/>
</bind>
</comp>

<comp id="633" class="1004" name="selected_age_2_phi_fu_633">
<pin_list>
<pin id="634" dir="0" index="0" bw="5" slack="4"/>
<pin id="635" dir="0" index="1" bw="0" slack="2147483647"/>
<pin id="636" dir="0" index="2" bw="8" slack="5"/>
<pin id="637" dir="0" index="3" bw="0" slack="2147483647"/>
<pin id="638" dir="0" index="4" bw="8" slack="5"/>
<pin id="639" dir="0" index="5" bw="0" slack="2147483647"/>
<pin id="640" dir="0" index="6" bw="8" slack="5"/>
<pin id="641" dir="0" index="7" bw="0" slack="2147483647"/>
<pin id="642" dir="0" index="8" bw="8" slack="5"/>
<pin id="643" dir="0" index="9" bw="0" slack="2147483647"/>
<pin id="644" dir="1" index="10" bw="8" slack="1"/>
</pin_list>
<bind>
<opcode="phi(47) " fcode="phi"/>
<opset="selected_age_2/27 "/>
</bind>
</comp>

<comp id="650" class="1005" name="selected_port_2_reg_650">
<pin_list>
<pin id="651" dir="0" index="0" bw="32" slack="1"/>
<pin id="652" dir="1" index="1" bw="32" slack="1"/>
</pin_list>
<bind>
<opset="selected_port_2 (phireg) "/>
</bind>
</comp>

<comp id="654" class="1004" name="selected_port_2_phi_fu_654">
<pin_list>
<pin id="655" dir="0" index="0" bw="2" slack="5"/>
<pin id="656" dir="0" index="1" bw="0" slack="2147483647"/>
<pin id="657" dir="0" index="2" bw="32" slack="5"/>
<pin id="658" dir="0" index="3" bw="0" slack="2147483647"/>
<pin id="659" dir="0" index="4" bw="32" slack="5"/>
<pin id="660" dir="0" index="5" bw="0" slack="2147483647"/>
<pin id="661" dir="0" index="6" bw="32" slack="5"/>
<pin id="662" dir="0" index="7" bw="0" slack="2147483647"/>
<pin id="663" dir="0" index="8" bw="32" slack="5"/>
<pin id="664" dir="0" index="9" bw="0" slack="2147483647"/>
<pin id="665" dir="1" index="10" bw="32" slack="1"/>
</pin_list>
<bind>
<opcode="phi(47) " fcode="phi"/>
<opset="selected_port_2/27 "/>
</bind>
</comp>

<comp id="671" class="1005" name="phi_ln1174_reg_671">
<pin_list>
<pin id="672" dir="0" index="0" bw="1" slack="1"/>
<pin id="673" dir="1" index="1" bw="1" slack="1"/>
</pin_list>
<bind>
<opset="phi_ln1174 (phireg) "/>
</bind>
</comp>

<comp id="676" class="1004" name="phi_ln1174_phi_fu_676">
<pin_list>
<pin id="677" dir="0" index="0" bw="1" slack="1"/>
<pin id="678" dir="0" index="1" bw="0" slack="2147483647"/>
<pin id="679" dir="0" index="2" bw="1" slack="1"/>
<pin id="680" dir="0" index="3" bw="0" slack="2147483647"/>
<pin id="681" dir="0" index="4" bw="1" slack="1"/>
<pin id="682" dir="0" index="5" bw="0" slack="2147483647"/>
<pin id="683" dir="0" index="6" bw="1" slack="1"/>
<pin id="684" dir="0" index="7" bw="0" slack="2147483647"/>
<pin id="685" dir="1" index="8" bw="1" slack="2"/>
</pin_list>
<bind>
<opcode="phi(47) " fcode="phi"/>
<opset="phi_ln1174/28 "/>
</bind>
</comp>

<comp id="690" class="1004" name="grp_completion_is_valid_fu_690">
<pin_list>
<pin id="691" dir="0" index="0" bw="1" slack="0"/>
<pin id="692" dir="0" index="1" bw="1" slack="0"/>
<pin id="693" dir="0" index="2" bw="3" slack="0"/>
<pin id="694" dir="0" index="3" bw="2" slack="0"/>
<pin id="695" dir="0" index="4" bw="8" slack="0"/>
<pin id="696" dir="0" index="5" bw="32" slack="0"/>
<pin id="697" dir="0" index="6" bw="1" slack="0"/>
<pin id="698" dir="0" index="7" bw="1" slack="0"/>
<pin id="699" dir="0" index="8" bw="2" slack="0"/>
<pin id="700" dir="0" index="9" bw="1" slack="0"/>
<pin id="701" dir="0" index="10" bw="1" slack="0"/>
<pin id="702" dir="0" index="11" bw="1" slack="0"/>
<pin id="703" dir="0" index="12" bw="1" slack="0"/>
<pin id="704" dir="0" index="13" bw="1" slack="0"/>
<pin id="705" dir="0" index="14" bw="1" slack="0"/>
<pin id="706" dir="1" index="15" bw="1" slack="1"/>
</pin_list>
<bind>
<opcode="call(48) " fcode="call"/>
<opset="tmp_2/7 tmp_3/13 tmp_4/19 tmp_5/22 tmp_10/24 tmp_8/28 tmp_6/28 tmp_7/28 "/>
</bind>
</comp>

<comp id="725" class="1004" name="call_ln1195_apply_writeback_ports_fu_725">
<pin_list>
<pin id="726" dir="0" index="0" bw="0" slack="0"/>
<pin id="727" dir="0" index="1" bw="1" slack="0"/>
<pin id="728" dir="0" index="2" bw="1" slack="0"/>
<pin id="729" dir="0" index="3" bw="8" slack="0"/>
<pin id="730" dir="0" index="4" bw="8" slack="0"/>
<pin id="731" dir="0" index="5" bw="64" slack="0"/>
<pin id="732" dir="0" index="6" bw="64" slack="0"/>
<pin id="733" dir="0" index="7" bw="64" slack="0"/>
<pin id="734" dir="0" index="8" bw="56" slack="0"/>
<pin id="735" dir="0" index="9" bw="64" slack="0"/>
<pin id="736" dir="1" index="10" bw="0" slack="2147483647"/>
</pin_list>
<bind>
<opcode="call(48) " fcode="call"/>
<opset="call_ln1195/33 "/>
</bind>
</comp>

<comp id="747" class="1004" name="grp_load_fu_747">
<pin_list>
<pin id="748" dir="0" index="0" bw="8" slack="4"/>
<pin id="749" dir="1" index="1" bw="8" slack="0"/>
</pin_list>
<bind>
<opcode="load(27) " fcode="load"/>
<opset="exception_age_load/6 exception_age_load_1/23 "/>
</bind>
</comp>

<comp id="750" class="1004" name="grp_load_fu_750">
<pin_list>
<pin id="751" dir="0" index="0" bw="1" slack="4"/>
<pin id="752" dir="1" index="1" bw="1" slack="0"/>
</pin_list>
<bind>
<opcode="load(27) " fcode="load"/>
<opset="valid_load/6 valid_load_1/23 "/>
</bind>
</comp>

<comp id="753" class="1004" name="grp_load_fu_753">
<pin_list>
<pin id="754" dir="0" index="0" bw="1" slack="0"/>
<pin id="755" dir="1" index="1" bw="1" slack="1"/>
</pin_list>
<bind>
<opcode="load(27) " fcode="load"/>
<opset="state_completion_mem_execute_valid_load/7 ports_valid_1/18 "/>
</bind>
</comp>

<comp id="757" class="1004" name="grp_load_fu_757">
<pin_list>
<pin id="758" dir="0" index="0" bw="3" slack="0"/>
<pin id="759" dir="1" index="1" bw="3" slack="0"/>
</pin_list>
<bind>
<opcode="load(27) " fcode="load"/>
<opset="state_completion_mem_execute_kind_load/7 ports_kind_1/18 "/>
</bind>
</comp>

<comp id="761" class="1004" name="grp_load_fu_761">
<pin_list>
<pin id="762" dir="0" index="0" bw="1" slack="0"/>
<pin id="763" dir="1" index="1" bw="1" slack="0"/>
</pin_list>
<bind>
<opcode="load(27) " fcode="load"/>
<opset="state_completion_mem_execute_source_load/7 ports_source_1/18 "/>
</bind>
</comp>

<comp id="765" class="1004" name="grp_load_fu_765">
<pin_list>
<pin id="766" dir="0" index="0" bw="5" slack="0"/>
<pin id="767" dir="1" index="1" bw="5" slack="0"/>
</pin_list>
<bind>
<opcode="load(27) " fcode="load"/>
<opset="index/7 index_5/18 "/>
</bind>
</comp>

<comp id="769" class="1004" name="grp_load_fu_769">
<pin_list>
<pin id="770" dir="0" index="0" bw="2" slack="0"/>
<pin id="771" dir="1" index="1" bw="2" slack="0"/>
</pin_list>
<bind>
<opcode="load(27) " fcode="load"/>
<opset="state_completion_mem_execute_uop_queue_rob_allocation_id_load/7 ports_uop_queue_rob_allocation_id_1/18 "/>
</bind>
</comp>

<comp id="773" class="1004" name="grp_load_fu_773">
<pin_list>
<pin id="774" dir="0" index="0" bw="64" slack="0"/>
<pin id="775" dir="1" index="1" bw="64" slack="0"/>
</pin_list>
<bind>
<opcode="load(27) " fcode="load"/>
<opset="state_completion_dropped_completions_load/12 state_completion_dropped_completions_load_1/18 "/>
</bind>
</comp>

<comp id="777" class="1004" name="grp_fu_777">
<pin_list>
<pin id="778" dir="0" index="0" bw="64" slack="0"/>
<pin id="779" dir="0" index="1" bw="1" slack="0"/>
<pin id="780" dir="1" index="2" bw="64" slack="0"/>
</pin_list>
<bind>
<opcode="add(8) " fcode="add"/>
<opset="add_ln975/12 add_ln982/18 "/>
</bind>
</comp>

<comp id="783" class="1004" name="grp_load_fu_783">
<pin_list>
<pin id="784" dir="0" index="0" bw="1" slack="0"/>
<pin id="785" dir="1" index="1" bw="1" slack="1"/>
</pin_list>
<bind>
<opcode="load(27) " fcode="load"/>
<opset="state_completion_int_execute_valid_load/12 ports_valid_2/18 "/>
</bind>
</comp>

<comp id="787" class="1004" name="grp_load_fu_787">
<pin_list>
<pin id="788" dir="0" index="0" bw="3" slack="0"/>
<pin id="789" dir="1" index="1" bw="3" slack="0"/>
</pin_list>
<bind>
<opcode="load(27) " fcode="load"/>
<opset="state_completion_int_execute_kind_load/13 ports_kind_2/18 "/>
</bind>
</comp>

<comp id="791" class="1004" name="grp_load_fu_791">
<pin_list>
<pin id="792" dir="0" index="0" bw="2" slack="0"/>
<pin id="793" dir="1" index="1" bw="2" slack="0"/>
</pin_list>
<bind>
<opcode="load(27) " fcode="load"/>
<opset="state_completion_int_execute_source_load/13 ports_source_2/18 "/>
</bind>
</comp>

<comp id="795" class="1004" name="grp_load_fu_795">
<pin_list>
<pin id="796" dir="0" index="0" bw="5" slack="0"/>
<pin id="797" dir="1" index="1" bw="5" slack="0"/>
</pin_list>
<bind>
<opcode="load(27) " fcode="load"/>
<opset="index_1/13 index_4/18 "/>
</bind>
</comp>

<comp id="799" class="1004" name="grp_load_fu_799">
<pin_list>
<pin id="800" dir="0" index="0" bw="2" slack="0"/>
<pin id="801" dir="1" index="1" bw="2" slack="0"/>
</pin_list>
<bind>
<opcode="load(27) " fcode="load"/>
<opset="state_completion_int_execute_uop_queue_rob_allocation_id_load/13 ports_uop_queue_rob_allocation_id_2/18 "/>
</bind>
</comp>

<comp id="803" class="1004" name="grp_load_fu_803">
<pin_list>
<pin id="804" dir="0" index="0" bw="8" slack="13"/>
<pin id="805" dir="1" index="1" bw="8" slack="0"/>
</pin_list>
<bind>
<opcode="load(27) " fcode="load"/>
<opset="write_count_load_1/19 write_count_load/30 "/>
</bind>
</comp>

<comp id="806" class="1004" name="grp_fu_806">
<pin_list>
<pin id="807" dir="0" index="0" bw="1" slack="0"/>
<pin id="808" dir="0" index="1" bw="32" slack="0"/>
<pin id="809" dir="0" index="2" bw="6" slack="0"/>
<pin id="810" dir="1" index="3" bw="1" slack="0"/>
</pin_list>
<bind>
<opcode="bitselect(1000) " fcode="bitselect"/>
<opset="tmp_1/22 tmp_16/26 "/>
</bind>
</comp>

<comp id="815" class="1004" name="grp_fu_815">
<pin_list>
<pin id="816" dir="0" index="0" bw="1" slack="0"/>
<pin id="817" dir="0" index="1" bw="64" slack="2147483647"/>
<pin id="818" dir="0" index="2" bw="64" slack="3"/>
<pin id="819" dir="1" index="3" bw="64" slack="1"/>
</pin_list>
<bind>
<opcode="select(49) " fcode="select"/>
<opset="select_ln1050/23 select_ln1121_1/25 "/>
</bind>
</comp>

<comp id="820" class="1004" name="grp_load_fu_820">
<pin_list>
<pin id="821" dir="0" index="0" bw="8" slack="0"/>
<pin id="822" dir="1" index="1" bw="8" slack="0"/>
</pin_list>
<bind>
<opcode="load(27) " fcode="load"/>
<opset="state_completion_completion_accepts_this_cycle_load_2/30 state_completion_completion_accepts_this_cycle_load_1/30 state_completion_completion_accepts_this_cycle_load/31 state_completion_completion_accepts_this_cycle_load_3/33 "/>
</bind>
</comp>

<comp id="824" class="1004" name="grp_fu_824">
<pin_list>
<pin id="825" dir="0" index="0" bw="8" slack="0"/>
<pin id="826" dir="0" index="1" bw="1" slack="0"/>
<pin id="827" dir="1" index="2" bw="8" slack="0"/>
</pin_list>
<bind>
<opcode="add(8) " fcode="add"/>
<opset="add_ln1168_2/30 add_ln1168_1/30 add_ln1168/31 "/>
</bind>
</comp>

<comp id="830" class="1004" name="grp_load_fu_830">
<pin_list>
<pin id="831" dir="0" index="0" bw="64" slack="0"/>
<pin id="832" dir="1" index="1" bw="64" slack="0"/>
</pin_list>
<bind>
<opcode="load(27) " fcode="load"/>
<opset="state_completion_total_completion_accepts_load_2/30 state_completion_total_completion_accepts_load_1/30 state_completion_total_completion_accepts_load/31 "/>
</bind>
</comp>

<comp id="834" class="1004" name="grp_fu_834">
<pin_list>
<pin id="835" dir="0" index="0" bw="64" slack="0"/>
<pin id="836" dir="0" index="1" bw="1" slack="0"/>
<pin id="837" dir="1" index="2" bw="64" slack="0"/>
</pin_list>
<bind>
<opcode="add(8) " fcode="add"/>
<opset="add_ln1169_2/30 add_ln1169_1/30 add_ln1169/31 "/>
</bind>
</comp>

<comp id="840" class="1004" name="grp_load_fu_840">
<pin_list>
<pin id="841" dir="0" index="0" bw="8" slack="0"/>
<pin id="842" dir="1" index="1" bw="8" slack="0"/>
</pin_list>
<bind>
<opcode="load(27) " fcode="load"/>
<opset="state_completion_rob_completes_this_cycle_load/30 state_completion_rob_completes_this_cycle_load_1/33 "/>
</bind>
</comp>

<comp id="844" class="1004" name="grp_load_fu_844">
<pin_list>
<pin id="845" dir="0" index="0" bw="8" slack="0"/>
<pin id="846" dir="1" index="1" bw="8" slack="0"/>
</pin_list>
<bind>
<opcode="load(27) " fcode="load"/>
<opset="state_completion_prf_writes_this_cycle_load/30 state_completion_prf_writes_this_cycle_load_1/33 "/>
</bind>
</comp>

<comp id="848" class="1005" name="reg_848">
<pin_list>
<pin id="849" dir="0" index="0" bw="5" slack="2"/>
<pin id="850" dir="1" index="1" bw="5" slack="2"/>
</pin_list>
<bind>
<opset="index index_5 "/>
</bind>
</comp>

<comp id="852" class="1005" name="reg_852">
<pin_list>
<pin id="853" dir="0" index="0" bw="5" slack="2"/>
<pin id="854" dir="1" index="1" bw="5" slack="2"/>
</pin_list>
<bind>
<opset="index_1 index_4 "/>
</bind>
</comp>

<comp id="856" class="1005" name="reg_856">
<pin_list>
<pin id="857" dir="0" index="0" bw="64" slack="1"/>
<pin id="858" dir="1" index="1" bw="64" slack="1"/>
</pin_list>
<bind>
<opset="select_ln1050 select_ln1121_1 "/>
</bind>
</comp>

<comp id="860" class="1004" name="store_ln1079_store_fu_860">
<pin_list>
<pin id="861" dir="0" index="0" bw="1" slack="0"/>
<pin id="862" dir="0" index="1" bw="2" slack="0"/>
<pin id="863" dir="1" index="2" bw="0" slack="2147483647"/>
</pin_list>
<bind>
<opcode="store(28) " fcode="store"/>
<opset="store_ln1079/1 "/>
</bind>
</comp>

<comp id="865" class="1004" name="i_26_load_fu_865">
<pin_list>
<pin id="866" dir="0" index="0" bw="2" slack="1"/>
<pin id="867" dir="1" index="1" bw="2" slack="0"/>
</pin_list>
<bind>
<opcode="load(27) " fcode="load"/>
<opset="i_26/2 "/>
</bind>
</comp>

<comp id="868" class="1004" name="icmp_ln1079_fu_868">
<pin_list>
<pin id="869" dir="0" index="0" bw="2" slack="0"/>
<pin id="870" dir="0" index="1" bw="2" slack="0"/>
<pin id="871" dir="1" index="2" bw="1" slack="2147483647"/>
</pin_list>
<bind>
<opcode="icmp(45) " fcode="icmp"/>
<opset="icmp_ln1079/2 "/>
</bind>
</comp>

<comp id="874" class="1004" name="add_ln1079_fu_874">
<pin_list>
<pin id="875" dir="0" index="0" bw="2" slack="0"/>
<pin id="876" dir="0" index="1" bw="1" slack="0"/>
<pin id="877" dir="1" index="2" bw="2" slack="0"/>
</pin_list>
<bind>
<opcode="add(8) " fcode="add"/>
<opset="add_ln1079/2 "/>
</bind>
</comp>

<comp id="880" class="1004" name="trunc_ln1080_fu_880">
<pin_list>
<pin id="881" dir="0" index="0" bw="2" slack="0"/>
<pin id="882" dir="1" index="1" bw="1" slack="2147483647"/>
</pin_list>
<bind>
<opcode="trunc(33) " fcode="trunc"/>
<opset="trunc_ln1080/2 "/>
</bind>
</comp>

<comp id="884" class="1004" name="store_ln1080_store_fu_884">
<pin_list>
<pin id="885" dir="0" index="0" bw="1" slack="0"/>
<pin id="886" dir="0" index="1" bw="1" slack="0"/>
<pin id="887" dir="1" index="2" bw="0" slack="2147483647"/>
</pin_list>
<bind>
<opcode="store(28) " fcode="store"/>
<opset="store_ln1080/2 "/>
</bind>
</comp>

<comp id="890" class="1004" name="store_ln1080_store_fu_890">
<pin_list>
<pin id="891" dir="0" index="0" bw="1" slack="0"/>
<pin id="892" dir="0" index="1" bw="1" slack="0"/>
<pin id="893" dir="1" index="2" bw="0" slack="2147483647"/>
</pin_list>
<bind>
<opcode="store(28) " fcode="store"/>
<opset="store_ln1080/2 "/>
</bind>
</comp>

<comp id="896" class="1004" name="store_ln1080_store_fu_896">
<pin_list>
<pin id="897" dir="0" index="0" bw="1" slack="0"/>
<pin id="898" dir="0" index="1" bw="8" slack="0"/>
<pin id="899" dir="1" index="2" bw="0" slack="2147483647"/>
</pin_list>
<bind>
<opcode="store(28) " fcode="store"/>
<opset="store_ln1080/2 "/>
</bind>
</comp>

<comp id="902" class="1004" name="store_ln1080_store_fu_902">
<pin_list>
<pin id="903" dir="0" index="0" bw="1" slack="0"/>
<pin id="904" dir="0" index="1" bw="8" slack="0"/>
<pin id="905" dir="1" index="2" bw="0" slack="2147483647"/>
</pin_list>
<bind>
<opcode="store(28) " fcode="store"/>
<opset="store_ln1080/2 "/>
</bind>
</comp>

<comp id="908" class="1004" name="store_ln1080_store_fu_908">
<pin_list>
<pin id="909" dir="0" index="0" bw="1" slack="0"/>
<pin id="910" dir="0" index="1" bw="64" slack="0"/>
<pin id="911" dir="1" index="2" bw="0" slack="2147483647"/>
</pin_list>
<bind>
<opcode="store(28) " fcode="store"/>
<opset="store_ln1080/2 "/>
</bind>
</comp>

<comp id="914" class="1004" name="store_ln1080_store_fu_914">
<pin_list>
<pin id="915" dir="0" index="0" bw="1" slack="0"/>
<pin id="916" dir="0" index="1" bw="64" slack="0"/>
<pin id="917" dir="1" index="2" bw="0" slack="2147483647"/>
</pin_list>
<bind>
<opcode="store(28) " fcode="store"/>
<opset="store_ln1080/2 "/>
</bind>
</comp>

<comp id="920" class="1004" name="store_ln1079_store_fu_920">
<pin_list>
<pin id="921" dir="0" index="0" bw="2" slack="0"/>
<pin id="922" dir="0" index="1" bw="2" slack="1"/>
<pin id="923" dir="1" index="2" bw="0" slack="2147483647"/>
</pin_list>
<bind>
<opcode="store(28) " fcode="store"/>
<opset="store_ln1079/2 "/>
</bind>
</comp>

<comp id="925" class="1004" name="state_completion_validation_fault_this_cycle_load_load_fu_925">
<pin_list>
<pin id="926" dir="0" index="0" bw="1" slack="0"/>
<pin id="927" dir="1" index="1" bw="1" slack="19"/>
</pin_list>
<bind>
<opcode="load(27) " fcode="load"/>
<opset="state_completion_validation_fault_this_cycle_load/2 "/>
</bind>
</comp>

<comp id="929" class="1004" name="state_rob_head_load_load_fu_929">
<pin_list>
<pin id="930" dir="0" index="0" bw="5" slack="0"/>
<pin id="931" dir="1" index="1" bw="5" slack="2147483647"/>
</pin_list>
<bind>
<opcode="load(27) " fcode="load"/>
<opset="state_rob_head_load/2 "/>
</bind>
</comp>

<comp id="933" class="1004" name="store_ln717_store_fu_933">
<pin_list>
<pin id="934" dir="0" index="0" bw="1" slack="0"/>
<pin id="935" dir="0" index="1" bw="1" slack="0"/>
<pin id="936" dir="1" index="2" bw="0" slack="2147483647"/>
</pin_list>
<bind>
<opcode="store(28) " fcode="store"/>
<opset="store_ln717/2 "/>
</bind>
</comp>

<comp id="938" class="1004" name="store_ln717_store_fu_938">
<pin_list>
<pin id="939" dir="0" index="0" bw="7" slack="0"/>
<pin id="940" dir="0" index="1" bw="8" slack="0"/>
<pin id="941" dir="1" index="2" bw="0" slack="2147483647"/>
</pin_list>
<bind>
<opcode="store(28) " fcode="store"/>
<opset="store_ln717/2 "/>
</bind>
</comp>

<comp id="943" class="1004" name="store_ln717_store_fu_943">
<pin_list>
<pin id="944" dir="0" index="0" bw="1" slack="0"/>
<pin id="945" dir="0" index="1" bw="6" slack="0"/>
<pin id="946" dir="1" index="2" bw="0" slack="2147483647"/>
</pin_list>
<bind>
<opcode="store(28) " fcode="store"/>
<opset="store_ln717/2 "/>
</bind>
</comp>

<comp id="948" class="1004" name="i_27_load_fu_948">
<pin_list>
<pin id="949" dir="0" index="0" bw="6" slack="1"/>
<pin id="950" dir="1" index="1" bw="6" slack="0"/>
</pin_list>
<bind>
<opcode="load(27) " fcode="load"/>
<opset="i_27/3 "/>
</bind>
</comp>

<comp id="951" class="1004" name="zext_ln717_fu_951">
<pin_list>
<pin id="952" dir="0" index="0" bw="6" slack="0"/>
<pin id="953" dir="1" index="1" bw="64" slack="0"/>
</pin_list>
<bind>
<opcode="zext(34) " fcode="zext"/>
<opset="zext_ln717/3 "/>
</bind>
</comp>

<comp id="956" class="1004" name="icmp_ln717_fu_956">
<pin_list>
<pin id="957" dir="0" index="0" bw="6" slack="0"/>
<pin id="958" dir="0" index="1" bw="6" slack="0"/>
<pin id="959" dir="1" index="2" bw="1" slack="2147483647"/>
</pin_list>
<bind>
<opcode="icmp(45) " fcode="icmp"/>
<opset="icmp_ln717/3 "/>
</bind>
</comp>

<comp id="962" class="1004" name="add_ln717_fu_962">
<pin_list>
<pin id="963" dir="0" index="0" bw="6" slack="0"/>
<pin id="964" dir="0" index="1" bw="1" slack="0"/>
<pin id="965" dir="1" index="2" bw="6" slack="3"/>
</pin_list>
<bind>
<opcode="add(8) " fcode="add"/>
<opset="add_ln717/3 "/>
</bind>
</comp>

<comp id="968" class="1004" name="store_ln1089_store_fu_968">
<pin_list>
<pin id="969" dir="0" index="0" bw="1" slack="0"/>
<pin id="970" dir="0" index="1" bw="8" slack="0"/>
<pin id="971" dir="1" index="2" bw="0" slack="2147483647"/>
</pin_list>
<bind>
<opcode="store(28) " fcode="store"/>
<opset="store_ln1089/3 "/>
</bind>
</comp>

<comp id="973" class="1004" name="store_ln1089_store_fu_973">
<pin_list>
<pin id="974" dir="0" index="0" bw="1" slack="0"/>
<pin id="975" dir="0" index="1" bw="2" slack="0"/>
<pin id="976" dir="1" index="2" bw="0" slack="2147483647"/>
</pin_list>
<bind>
<opcode="store(28) " fcode="store"/>
<opset="store_ln1089/3 "/>
</bind>
</comp>

<comp id="978" class="1004" name="zext_ln720_fu_978">
<pin_list>
<pin id="979" dir="0" index="0" bw="5" slack="0"/>
<pin id="980" dir="1" index="1" bw="6" slack="0"/>
</pin_list>
<bind>
<opcode="zext(34) " fcode="zext"/>
<opset="zext_ln720/6 "/>
</bind>
</comp>

<comp id="982" class="1004" name="icmp_ln720_fu_982">
<pin_list>
<pin id="983" dir="0" index="0" bw="5" slack="0"/>
<pin id="984" dir="0" index="1" bw="6" slack="2147483647"/>
<pin id="985" dir="1" index="2" bw="1" slack="2147483647"/>
</pin_list>
<bind>
<opcode="icmp(45) " fcode="icmp"/>
<opset="icmp_ln720/6 "/>
</bind>
</comp>

<comp id="987" class="1004" name="trunc_ln721_fu_987">
<pin_list>
<pin id="988" dir="0" index="0" bw="6" slack="2147483647"/>
<pin id="989" dir="1" index="1" bw="5" slack="0"/>
</pin_list>
<bind>
<opcode="trunc(33) " fcode="trunc"/>
<opset="trunc_ln721/6 "/>
</bind>
</comp>

<comp id="990" class="1004" name="exception_age_2_fu_990">
<pin_list>
<pin id="991" dir="0" index="0" bw="5" slack="0"/>
<pin id="992" dir="0" index="1" bw="5" slack="2147483647"/>
<pin id="993" dir="1" index="2" bw="5" slack="0"/>
</pin_list>
<bind>
<opcode="sub(10) " fcode="sub"/>
<opset="exception_age_2/6 "/>
</bind>
</comp>

<comp id="995" class="1004" name="zext_ln721_fu_995">
<pin_list>
<pin id="996" dir="0" index="0" bw="5" slack="0"/>
<pin id="997" dir="1" index="1" bw="8" slack="0"/>
</pin_list>
<bind>
<opcode="zext(34) " fcode="zext"/>
<opset="zext_ln721/6 "/>
</bind>
</comp>

<comp id="999" class="1004" name="xor_ln722_fu_999">
<pin_list>
<pin id="1000" dir="0" index="0" bw="1" slack="0"/>
<pin id="1001" dir="0" index="1" bw="1" slack="0"/>
<pin id="1002" dir="1" index="2" bw="1" slack="0"/>
</pin_list>
<bind>
<opcode="xor(25) " fcode="xor"/>
<opset="xor_ln722/6 "/>
</bind>
</comp>

<comp id="1005" class="1004" name="icmp_ln722_fu_1005">
<pin_list>
<pin id="1006" dir="0" index="0" bw="5" slack="0"/>
<pin id="1007" dir="0" index="1" bw="8" slack="0"/>
<pin id="1008" dir="1" index="2" bw="1" slack="0"/>
</pin_list>
<bind>
<opcode="icmp(45) " fcode="icmp"/>
<opset="icmp_ln722/6 "/>
</bind>
</comp>

<comp id="1011" class="1004" name="or_ln722_fu_1011">
<pin_list>
<pin id="1012" dir="0" index="0" bw="1" slack="0"/>
<pin id="1013" dir="0" index="1" bw="1" slack="0"/>
<pin id="1014" dir="1" index="2" bw="1" slack="0"/>
</pin_list>
<bind>
<opcode="or(24) " fcode="or"/>
<opset="or_ln722/6 "/>
</bind>
</comp>

<comp id="1017" class="1004" name="trunc_ln717_fu_1017">
<pin_list>
<pin id="1018" dir="0" index="0" bw="8" slack="0"/>
<pin id="1019" dir="1" index="1" bw="5" slack="0"/>
</pin_list>
<bind>
<opcode="trunc(33) " fcode="trunc"/>
<opset="trunc_ln717/6 "/>
</bind>
</comp>

<comp id="1021" class="1004" name="select_ln722_fu_1021">
<pin_list>
<pin id="1022" dir="0" index="0" bw="1" slack="0"/>
<pin id="1023" dir="0" index="1" bw="5" slack="0"/>
<pin id="1024" dir="0" index="2" bw="5" slack="0"/>
<pin id="1025" dir="1" index="3" bw="5" slack="0"/>
</pin_list>
<bind>
<opcode="select(49) " fcode="select"/>
<opset="select_ln722/6 "/>
</bind>
</comp>

<comp id="1029" class="1004" name="zext_ln722_fu_1029">
<pin_list>
<pin id="1030" dir="0" index="0" bw="5" slack="0"/>
<pin id="1031" dir="1" index="1" bw="8" slack="0"/>
</pin_list>
<bind>
<opcode="zext(34) " fcode="zext"/>
<opset="zext_ln722/6 "/>
</bind>
</comp>

<comp id="1033" class="1004" name="store_ln722_store_fu_1033">
<pin_list>
<pin id="1034" dir="0" index="0" bw="1" slack="0"/>
<pin id="1035" dir="0" index="1" bw="1" slack="4"/>
<pin id="1036" dir="1" index="2" bw="0" slack="2147483647"/>
</pin_list>
<bind>
<opcode="store(28) " fcode="store"/>
<opset="store_ln722/6 "/>
</bind>
</comp>

<comp id="1038" class="1004" name="store_ln722_store_fu_1038">
<pin_list>
<pin id="1039" dir="0" index="0" bw="5" slack="0"/>
<pin id="1040" dir="0" index="1" bw="8" slack="4"/>
<pin id="1041" dir="1" index="2" bw="0" slack="2147483647"/>
</pin_list>
<bind>
<opcode="store(28) " fcode="store"/>
<opset="store_ln722/6 "/>
</bind>
</comp>

<comp id="1043" class="1004" name="store_ln717_store_fu_1043">
<pin_list>
<pin id="1044" dir="0" index="0" bw="6" slack="3"/>
<pin id="1045" dir="0" index="1" bw="6" slack="4"/>
<pin id="1046" dir="1" index="2" bw="0" slack="2147483647"/>
</pin_list>
<bind>
<opcode="store(28) " fcode="store"/>
<opset="store_ln717/6 "/>
</bind>
</comp>

<comp id="1047" class="1004" name="service_1_load_fu_1047">
<pin_list>
<pin id="1048" dir="0" index="0" bw="2" slack="1"/>
<pin id="1049" dir="1" index="1" bw="2" slack="0"/>
</pin_list>
<bind>
<opcode="load(27) " fcode="load"/>
<opset="service_1/7 "/>
</bind>
</comp>

<comp id="1050" class="1004" name="icmp_ln1089_fu_1050">
<pin_list>
<pin id="1051" dir="0" index="0" bw="2" slack="0"/>
<pin id="1052" dir="0" index="1" bw="1" slack="0"/>
<pin id="1053" dir="1" index="2" bw="1" slack="13"/>
</pin_list>
<bind>
<opcode="icmp(45) " fcode="icmp"/>
<opset="icmp_ln1089/7 "/>
</bind>
</comp>

<comp id="1056" class="1004" name="service_2_fu_1056">
<pin_list>
<pin id="1057" dir="0" index="0" bw="2" slack="0"/>
<pin id="1058" dir="0" index="1" bw="1" slack="0"/>
<pin id="1059" dir="1" index="2" bw="2" slack="16"/>
</pin_list>
<bind>
<opcode="add(8) " fcode="add"/>
<opset="service_2/7 "/>
</bind>
</comp>

<comp id="1062" class="1004" name="zext_ln972_fu_1062">
<pin_list>
<pin id="1063" dir="0" index="0" bw="3" slack="0"/>
<pin id="1064" dir="1" index="1" bw="8" slack="0"/>
</pin_list>
<bind>
<opcode="zext(34) " fcode="zext"/>
<opset="zext_ln972/7 "/>
</bind>
</comp>

<comp id="1067" class="1004" name="zext_ln972_1_fu_1067">
<pin_list>
<pin id="1068" dir="0" index="0" bw="1" slack="0"/>
<pin id="1069" dir="1" index="1" bw="8" slack="0"/>
</pin_list>
<bind>
<opcode="zext(34) " fcode="zext"/>
<opset="zext_ln972_1/7 "/>
</bind>
</comp>

<comp id="1072" class="1004" name="zext_ln972_2_fu_1072">
<pin_list>
<pin id="1073" dir="0" index="0" bw="5" slack="0"/>
<pin id="1074" dir="1" index="1" bw="8" slack="0"/>
</pin_list>
<bind>
<opcode="zext(34) " fcode="zext"/>
<opset="zext_ln972_2/7 "/>
</bind>
</comp>

<comp id="1077" class="1004" name="zext_ln972_3_fu_1077">
<pin_list>
<pin id="1078" dir="0" index="0" bw="2" slack="0"/>
<pin id="1079" dir="1" index="1" bw="32" slack="0"/>
</pin_list>
<bind>
<opcode="zext(34) " fcode="zext"/>
<opset="zext_ln972_3/7 "/>
</bind>
</comp>

<comp id="1082" class="1004" name="zext_ln577_fu_1082">
<pin_list>
<pin id="1083" dir="0" index="0" bw="5" slack="2"/>
<pin id="1084" dir="1" index="1" bw="64" slack="0"/>
</pin_list>
<bind>
<opcode="zext(34) " fcode="zext"/>
<opset="zext_ln577/9 "/>
</bind>
</comp>

<comp id="1087" class="1004" name="icmp_ln578_fu_1087">
<pin_list>
<pin id="1088" dir="0" index="0" bw="2" slack="0"/>
<pin id="1089" dir="0" index="1" bw="2" slack="4"/>
<pin id="1090" dir="1" index="2" bw="1" slack="1"/>
</pin_list>
<bind>
<opcode="icmp(45) " fcode="icmp"/>
<opset="icmp_ln578/11 "/>
</bind>
</comp>

<comp id="1092" class="1004" name="store_ln975_store_fu_1092">
<pin_list>
<pin id="1093" dir="0" index="0" bw="64" slack="0"/>
<pin id="1094" dir="0" index="1" bw="64" slack="0"/>
<pin id="1095" dir="1" index="2" bw="0" slack="2147483647"/>
</pin_list>
<bind>
<opcode="store(28) " fcode="store"/>
<opset="store_ln975/12 "/>
</bind>
</comp>

<comp id="1098" class="1004" name="store_ln976_store_fu_1098">
<pin_list>
<pin id="1099" dir="0" index="0" bw="1" slack="0"/>
<pin id="1100" dir="0" index="1" bw="1" slack="0"/>
<pin id="1101" dir="1" index="2" bw="0" slack="2147483647"/>
</pin_list>
<bind>
<opcode="store(28) " fcode="store"/>
<opset="store_ln976/12 "/>
</bind>
</comp>

<comp id="1104" class="1004" name="store_ln976_store_fu_1104">
<pin_list>
<pin id="1105" dir="0" index="0" bw="1" slack="0"/>
<pin id="1106" dir="0" index="1" bw="3" slack="0"/>
<pin id="1107" dir="1" index="2" bw="0" slack="2147483647"/>
</pin_list>
<bind>
<opcode="store(28) " fcode="store"/>
<opset="store_ln976/12 "/>
</bind>
</comp>

<comp id="1110" class="1004" name="store_ln976_store_fu_1110">
<pin_list>
<pin id="1111" dir="0" index="0" bw="1" slack="0"/>
<pin id="1112" dir="0" index="1" bw="1" slack="0"/>
<pin id="1113" dir="1" index="2" bw="0" slack="2147483647"/>
</pin_list>
<bind>
<opcode="store(28) " fcode="store"/>
<opset="store_ln976/12 "/>
</bind>
</comp>

<comp id="1116" class="1004" name="store_ln976_store_fu_1116">
<pin_list>
<pin id="1117" dir="0" index="0" bw="1" slack="0"/>
<pin id="1118" dir="0" index="1" bw="8" slack="0"/>
<pin id="1119" dir="1" index="2" bw="0" slack="2147483647"/>
</pin_list>
<bind>
<opcode="store(28) " fcode="store"/>
<opset="store_ln976/12 "/>
</bind>
</comp>

<comp id="1122" class="1004" name="store_ln976_store_fu_1122">
<pin_list>
<pin id="1123" dir="0" index="0" bw="1" slack="0"/>
<pin id="1124" dir="0" index="1" bw="1" slack="0"/>
<pin id="1125" dir="1" index="2" bw="0" slack="2147483647"/>
</pin_list>
<bind>
<opcode="store(28) " fcode="store"/>
<opset="store_ln976/12 "/>
</bind>
</comp>

<comp id="1128" class="1004" name="store_ln976_store_fu_1128">
<pin_list>
<pin id="1129" dir="0" index="0" bw="1" slack="0"/>
<pin id="1130" dir="0" index="1" bw="5" slack="0"/>
<pin id="1131" dir="1" index="2" bw="0" slack="2147483647"/>
</pin_list>
<bind>
<opcode="store(28) " fcode="store"/>
<opset="store_ln976/12 "/>
</bind>
</comp>

<comp id="1134" class="1004" name="store_ln976_store_fu_1134">
<pin_list>
<pin id="1135" dir="0" index="0" bw="1" slack="0"/>
<pin id="1136" dir="0" index="1" bw="2" slack="0"/>
<pin id="1137" dir="1" index="2" bw="0" slack="2147483647"/>
</pin_list>
<bind>
<opcode="store(28) " fcode="store"/>
<opset="store_ln976/12 "/>
</bind>
</comp>

<comp id="1140" class="1004" name="store_ln976_store_fu_1140">
<pin_list>
<pin id="1141" dir="0" index="0" bw="1" slack="0"/>
<pin id="1142" dir="0" index="1" bw="2" slack="0"/>
<pin id="1143" dir="1" index="2" bw="0" slack="2147483647"/>
</pin_list>
<bind>
<opcode="store(28) " fcode="store"/>
<opset="store_ln976/12 "/>
</bind>
</comp>

<comp id="1146" class="1004" name="store_ln976_store_fu_1146">
<pin_list>
<pin id="1147" dir="0" index="0" bw="1" slack="0"/>
<pin id="1148" dir="0" index="1" bw="1" slack="0"/>
<pin id="1149" dir="1" index="2" bw="0" slack="2147483647"/>
</pin_list>
<bind>
<opcode="store(28) " fcode="store"/>
<opset="store_ln976/12 "/>
</bind>
</comp>

<comp id="1152" class="1004" name="store_ln976_store_fu_1152">
<pin_list>
<pin id="1153" dir="0" index="0" bw="1" slack="0"/>
<pin id="1154" dir="0" index="1" bw="1" slack="0"/>
<pin id="1155" dir="1" index="2" bw="0" slack="2147483647"/>
</pin_list>
<bind>
<opcode="store(28) " fcode="store"/>
<opset="store_ln976/12 "/>
</bind>
</comp>

<comp id="1158" class="1004" name="store_ln976_store_fu_1158">
<pin_list>
<pin id="1159" dir="0" index="0" bw="1" slack="0"/>
<pin id="1160" dir="0" index="1" bw="64" slack="0"/>
<pin id="1161" dir="1" index="2" bw="0" slack="2147483647"/>
</pin_list>
<bind>
<opcode="store(28) " fcode="store"/>
<opset="store_ln976/12 "/>
</bind>
</comp>

<comp id="1164" class="1004" name="zext_ln979_fu_1164">
<pin_list>
<pin id="1165" dir="0" index="0" bw="3" slack="0"/>
<pin id="1166" dir="1" index="1" bw="8" slack="0"/>
</pin_list>
<bind>
<opcode="zext(34) " fcode="zext"/>
<opset="zext_ln979/13 "/>
</bind>
</comp>

<comp id="1169" class="1004" name="zext_ln979_1_fu_1169">
<pin_list>
<pin id="1170" dir="0" index="0" bw="2" slack="0"/>
<pin id="1171" dir="1" index="1" bw="8" slack="0"/>
</pin_list>
<bind>
<opcode="zext(34) " fcode="zext"/>
<opset="zext_ln979_1/13 "/>
</bind>
</comp>

<comp id="1174" class="1004" name="zext_ln979_2_fu_1174">
<pin_list>
<pin id="1175" dir="0" index="0" bw="5" slack="0"/>
<pin id="1176" dir="1" index="1" bw="8" slack="0"/>
</pin_list>
<bind>
<opcode="zext(34) " fcode="zext"/>
<opset="zext_ln979_2/13 "/>
</bind>
</comp>

<comp id="1179" class="1004" name="zext_ln979_3_fu_1179">
<pin_list>
<pin id="1180" dir="0" index="0" bw="2" slack="0"/>
<pin id="1181" dir="1" index="1" bw="32" slack="0"/>
</pin_list>
<bind>
<opcode="zext(34) " fcode="zext"/>
<opset="zext_ln979_3/13 "/>
</bind>
</comp>

<comp id="1184" class="1004" name="zext_ln577_1_fu_1184">
<pin_list>
<pin id="1185" dir="0" index="0" bw="5" slack="2"/>
<pin id="1186" dir="1" index="1" bw="64" slack="0"/>
</pin_list>
<bind>
<opcode="zext(34) " fcode="zext"/>
<opset="zext_ln577_1/15 "/>
</bind>
</comp>

<comp id="1189" class="1004" name="icmp_ln578_1_fu_1189">
<pin_list>
<pin id="1190" dir="0" index="0" bw="2" slack="0"/>
<pin id="1191" dir="0" index="1" bw="2" slack="4"/>
<pin id="1192" dir="1" index="2" bw="1" slack="1"/>
</pin_list>
<bind>
<opcode="icmp(45) " fcode="icmp"/>
<opset="icmp_ln578_1/17 "/>
</bind>
</comp>

<comp id="1194" class="1004" name="store_ln982_store_fu_1194">
<pin_list>
<pin id="1195" dir="0" index="0" bw="64" slack="0"/>
<pin id="1196" dir="0" index="1" bw="64" slack="0"/>
<pin id="1197" dir="1" index="2" bw="0" slack="2147483647"/>
</pin_list>
<bind>
<opcode="store(28) " fcode="store"/>
<opset="store_ln982/18 "/>
</bind>
</comp>

<comp id="1200" class="1004" name="store_ln983_store_fu_1200">
<pin_list>
<pin id="1201" dir="0" index="0" bw="1" slack="0"/>
<pin id="1202" dir="0" index="1" bw="1" slack="0"/>
<pin id="1203" dir="1" index="2" bw="0" slack="2147483647"/>
</pin_list>
<bind>
<opcode="store(28) " fcode="store"/>
<opset="store_ln983/18 "/>
</bind>
</comp>

<comp id="1206" class="1004" name="store_ln983_store_fu_1206">
<pin_list>
<pin id="1207" dir="0" index="0" bw="1" slack="0"/>
<pin id="1208" dir="0" index="1" bw="3" slack="0"/>
<pin id="1209" dir="1" index="2" bw="0" slack="2147483647"/>
</pin_list>
<bind>
<opcode="store(28) " fcode="store"/>
<opset="store_ln983/18 "/>
</bind>
</comp>

<comp id="1212" class="1004" name="store_ln983_store_fu_1212">
<pin_list>
<pin id="1213" dir="0" index="0" bw="1" slack="0"/>
<pin id="1214" dir="0" index="1" bw="2" slack="0"/>
<pin id="1215" dir="1" index="2" bw="0" slack="2147483647"/>
</pin_list>
<bind>
<opcode="store(28) " fcode="store"/>
<opset="store_ln983/18 "/>
</bind>
</comp>

<comp id="1218" class="1004" name="store_ln983_store_fu_1218">
<pin_list>
<pin id="1219" dir="0" index="0" bw="1" slack="0"/>
<pin id="1220" dir="0" index="1" bw="8" slack="0"/>
<pin id="1221" dir="1" index="2" bw="0" slack="2147483647"/>
</pin_list>
<bind>
<opcode="store(28) " fcode="store"/>
<opset="store_ln983/18 "/>
</bind>
</comp>

<comp id="1224" class="1004" name="store_ln983_store_fu_1224">
<pin_list>
<pin id="1225" dir="0" index="0" bw="1" slack="0"/>
<pin id="1226" dir="0" index="1" bw="1" slack="0"/>
<pin id="1227" dir="1" index="2" bw="0" slack="2147483647"/>
</pin_list>
<bind>
<opcode="store(28) " fcode="store"/>
<opset="store_ln983/18 "/>
</bind>
</comp>

<comp id="1230" class="1004" name="store_ln983_store_fu_1230">
<pin_list>
<pin id="1231" dir="0" index="0" bw="1" slack="0"/>
<pin id="1232" dir="0" index="1" bw="5" slack="0"/>
<pin id="1233" dir="1" index="2" bw="0" slack="2147483647"/>
</pin_list>
<bind>
<opcode="store(28) " fcode="store"/>
<opset="store_ln983/18 "/>
</bind>
</comp>

<comp id="1236" class="1004" name="store_ln983_store_fu_1236">
<pin_list>
<pin id="1237" dir="0" index="0" bw="1" slack="0"/>
<pin id="1238" dir="0" index="1" bw="2" slack="0"/>
<pin id="1239" dir="1" index="2" bw="0" slack="2147483647"/>
</pin_list>
<bind>
<opcode="store(28) " fcode="store"/>
<opset="store_ln983/18 "/>
</bind>
</comp>

<comp id="1242" class="1004" name="store_ln983_store_fu_1242">
<pin_list>
<pin id="1243" dir="0" index="0" bw="1" slack="0"/>
<pin id="1244" dir="0" index="1" bw="3" slack="0"/>
<pin id="1245" dir="1" index="2" bw="0" slack="2147483647"/>
</pin_list>
<bind>
<opcode="store(28) " fcode="store"/>
<opset="store_ln983/18 "/>
</bind>
</comp>

<comp id="1248" class="1004" name="store_ln983_store_fu_1248">
<pin_list>
<pin id="1249" dir="0" index="0" bw="1" slack="0"/>
<pin id="1250" dir="0" index="1" bw="1" slack="0"/>
<pin id="1251" dir="1" index="2" bw="0" slack="2147483647"/>
</pin_list>
<bind>
<opcode="store(28) " fcode="store"/>
<opset="store_ln983/18 "/>
</bind>
</comp>

<comp id="1254" class="1004" name="store_ln983_store_fu_1254">
<pin_list>
<pin id="1255" dir="0" index="0" bw="1" slack="0"/>
<pin id="1256" dir="0" index="1" bw="1" slack="0"/>
<pin id="1257" dir="1" index="2" bw="0" slack="2147483647"/>
</pin_list>
<bind>
<opcode="store(28) " fcode="store"/>
<opset="store_ln983/18 "/>
</bind>
</comp>

<comp id="1260" class="1004" name="store_ln983_store_fu_1260">
<pin_list>
<pin id="1261" dir="0" index="0" bw="1" slack="0"/>
<pin id="1262" dir="0" index="1" bw="64" slack="0"/>
<pin id="1263" dir="1" index="2" bw="0" slack="2147483647"/>
</pin_list>
<bind>
<opcode="store(28) " fcode="store"/>
<opset="store_ln983/18 "/>
</bind>
</comp>

<comp id="1266" class="1004" name="zext_ln688_fu_1266">
<pin_list>
<pin id="1267" dir="0" index="0" bw="3" slack="0"/>
<pin id="1268" dir="1" index="1" bw="8" slack="2"/>
</pin_list>
<bind>
<opcode="zext(34) " fcode="zext"/>
<opset="zext_ln688/18 "/>
</bind>
</comp>

<comp id="1270" class="1004" name="zext_ln688_1_fu_1270">
<pin_list>
<pin id="1271" dir="0" index="0" bw="1" slack="0"/>
<pin id="1272" dir="1" index="1" bw="8" slack="2"/>
</pin_list>
<bind>
<opcode="zext(34) " fcode="zext"/>
<opset="zext_ln688_1/18 "/>
</bind>
</comp>

<comp id="1274" class="1004" name="zext_ln688_2_fu_1274">
<pin_list>
<pin id="1275" dir="0" index="0" bw="1" slack="0"/>
<pin id="1276" dir="1" index="1" bw="2" slack="1"/>
</pin_list>
<bind>
<opcode="zext(34) " fcode="zext"/>
<opset="zext_ln688_2/18 "/>
</bind>
</comp>

<comp id="1278" class="1004" name="zext_ln638_fu_1278">
<pin_list>
<pin id="1279" dir="0" index="0" bw="5" slack="0"/>
<pin id="1280" dir="1" index="1" bw="8" slack="1"/>
</pin_list>
<bind>
<opcode="zext(34) " fcode="zext"/>
<opset="zext_ln638/18 "/>
</bind>
</comp>

<comp id="1282" class="1004" name="zext_ln688_3_fu_1282">
<pin_list>
<pin id="1283" dir="0" index="0" bw="2" slack="0"/>
<pin id="1284" dir="1" index="1" bw="32" slack="1"/>
</pin_list>
<bind>
<opcode="zext(34) " fcode="zext"/>
<opset="zext_ln688_3/18 "/>
</bind>
</comp>

<comp id="1286" class="1004" name="ports_uop_rename_pdst_1_load_fu_1286">
<pin_list>
<pin id="1287" dir="0" index="0" bw="2" slack="0"/>
<pin id="1288" dir="1" index="1" bw="2" slack="0"/>
</pin_list>
<bind>
<opcode="load(27) " fcode="load"/>
<opset="ports_uop_rename_pdst_1/18 "/>
</bind>
</comp>

<comp id="1290" class="1004" name="zext_ln688_4_fu_1290">
<pin_list>
<pin id="1291" dir="0" index="0" bw="2" slack="0"/>
<pin id="1292" dir="1" index="1" bw="8" slack="5"/>
</pin_list>
<bind>
<opcode="zext(34) " fcode="zext"/>
<opset="zext_ln688_4/18 "/>
</bind>
</comp>

<comp id="1294" class="1004" name="zext_ln688_5_fu_1294">
<pin_list>
<pin id="1295" dir="0" index="0" bw="2" slack="0"/>
<pin id="1296" dir="1" index="1" bw="3" slack="3"/>
</pin_list>
<bind>
<opcode="zext(34) " fcode="zext"/>
<opset="zext_ln688_5/18 "/>
</bind>
</comp>

<comp id="1298" class="1004" name="ports_writes_prf_1_load_fu_1298">
<pin_list>
<pin id="1299" dir="0" index="0" bw="1" slack="0"/>
<pin id="1300" dir="1" index="1" bw="1" slack="2147483647"/>
</pin_list>
<bind>
<opcode="load(27) " fcode="load"/>
<opset="ports_writes_prf_1/18 "/>
</bind>
</comp>

<comp id="1302" class="1004" name="ports_value_1_load_fu_1302">
<pin_list>
<pin id="1303" dir="0" index="0" bw="64" slack="0"/>
<pin id="1304" dir="1" index="1" bw="64" slack="2147483647"/>
</pin_list>
<bind>
<opcode="load(27) " fcode="load"/>
<opset="ports_value_1/18 "/>
</bind>
</comp>

<comp id="1306" class="1004" name="zext_ln689_fu_1306">
<pin_list>
<pin id="1307" dir="0" index="0" bw="3" slack="0"/>
<pin id="1308" dir="1" index="1" bw="8" slack="2"/>
</pin_list>
<bind>
<opcode="zext(34) " fcode="zext"/>
<opset="zext_ln689/18 "/>
</bind>
</comp>

<comp id="1310" class="1004" name="zext_ln689_1_fu_1310">
<pin_list>
<pin id="1311" dir="0" index="0" bw="2" slack="0"/>
<pin id="1312" dir="1" index="1" bw="8" slack="2"/>
</pin_list>
<bind>
<opcode="zext(34) " fcode="zext"/>
<opset="zext_ln689_1/18 "/>
</bind>
</comp>

<comp id="1314" class="1004" name="zext_ln638_1_fu_1314">
<pin_list>
<pin id="1315" dir="0" index="0" bw="5" slack="0"/>
<pin id="1316" dir="1" index="1" bw="8" slack="1"/>
</pin_list>
<bind>
<opcode="zext(34) " fcode="zext"/>
<opset="zext_ln638_1/18 "/>
</bind>
</comp>

<comp id="1318" class="1004" name="zext_ln689_2_fu_1318">
<pin_list>
<pin id="1319" dir="0" index="0" bw="2" slack="0"/>
<pin id="1320" dir="1" index="1" bw="32" slack="1"/>
</pin_list>
<bind>
<opcode="zext(34) " fcode="zext"/>
<opset="zext_ln689_2/18 "/>
</bind>
</comp>

<comp id="1322" class="1004" name="ports_uop_rename_pdst_2_load_fu_1322">
<pin_list>
<pin id="1323" dir="0" index="0" bw="3" slack="0"/>
<pin id="1324" dir="1" index="1" bw="3" slack="0"/>
</pin_list>
<bind>
<opcode="load(27) " fcode="load"/>
<opset="ports_uop_rename_pdst_2/18 "/>
</bind>
</comp>

<comp id="1326" class="1004" name="zext_ln689_3_fu_1326">
<pin_list>
<pin id="1327" dir="0" index="0" bw="3" slack="0"/>
<pin id="1328" dir="1" index="1" bw="8" slack="5"/>
</pin_list>
<bind>
<opcode="zext(34) " fcode="zext"/>
<opset="zext_ln689_3/18 "/>
</bind>
</comp>

<comp id="1330" class="1004" name="ports_writes_prf_2_load_fu_1330">
<pin_list>
<pin id="1331" dir="0" index="0" bw="1" slack="0"/>
<pin id="1332" dir="1" index="1" bw="1" slack="2"/>
</pin_list>
<bind>
<opcode="load(27) " fcode="load"/>
<opset="ports_writes_prf_2/18 "/>
</bind>
</comp>

<comp id="1334" class="1004" name="ports_value_2_load_fu_1334">
<pin_list>
<pin id="1335" dir="0" index="0" bw="64" slack="0"/>
<pin id="1336" dir="1" index="1" bw="64" slack="3"/>
</pin_list>
<bind>
<opcode="load(27) " fcode="load"/>
<opset="ports_value_2/18 "/>
</bind>
</comp>

<comp id="1338" class="1004" name="icmp_ln1097_fu_1338">
<pin_list>
<pin id="1339" dir="0" index="0" bw="2" slack="0"/>
<pin id="1340" dir="0" index="1" bw="1" slack="0"/>
<pin id="1341" dir="1" index="2" bw="1" slack="2147483647"/>
</pin_list>
<bind>
<opcode="icmp(45) " fcode="icmp"/>
<opset="icmp_ln1097/19 "/>
</bind>
</comp>

<comp id="1344" class="1004" name="add_ln1097_fu_1344">
<pin_list>
<pin id="1345" dir="0" index="0" bw="2" slack="0"/>
<pin id="1346" dir="0" index="1" bw="1" slack="0"/>
<pin id="1347" dir="1" index="2" bw="2" slack="0"/>
</pin_list>
<bind>
<opcode="add(8) " fcode="add"/>
<opset="add_ln1097/19 "/>
</bind>
</comp>

<comp id="1350" class="1004" name="icmp_ln1098_fu_1350">
<pin_list>
<pin id="1351" dir="0" index="0" bw="2" slack="0"/>
<pin id="1352" dir="0" index="1" bw="1" slack="0"/>
<pin id="1353" dir="1" index="2" bw="1" slack="0"/>
</pin_list>
<bind>
<opcode="icmp(45) " fcode="icmp"/>
<opset="icmp_ln1098/19 "/>
</bind>
</comp>

<comp id="1356" class="1004" name="select_ln1098_fu_1356">
<pin_list>
<pin id="1357" dir="0" index="0" bw="1" slack="0"/>
<pin id="1358" dir="0" index="1" bw="1" slack="1"/>
<pin id="1359" dir="0" index="2" bw="1" slack="1"/>
<pin id="1360" dir="1" index="3" bw="1" slack="0"/>
</pin_list>
<bind>
<opcode="select(49) " fcode="select"/>
<opset="select_ln1098/19 "/>
</bind>
</comp>

<comp id="1362" class="1004" name="icmp_ln1098_1_fu_1362">
<pin_list>
<pin id="1363" dir="0" index="0" bw="2" slack="0"/>
<pin id="1364" dir="0" index="1" bw="1" slack="0"/>
<pin id="1365" dir="1" index="2" bw="1" slack="0"/>
</pin_list>
<bind>
<opcode="icmp(45) " fcode="icmp"/>
<opset="icmp_ln1098_1/19 "/>
</bind>
</comp>

<comp id="1368" class="1004" name="and_ln1098_fu_1368">
<pin_list>
<pin id="1369" dir="0" index="0" bw="1" slack="0"/>
<pin id="1370" dir="0" index="1" bw="1" slack="0"/>
<pin id="1371" dir="1" index="2" bw="1" slack="0"/>
</pin_list>
<bind>
<opcode="and(23) " fcode="and"/>
<opset="and_ln1098/19 "/>
</bind>
</comp>

<comp id="1375" class="1004" name="select_ln1098_1_fu_1375">
<pin_list>
<pin id="1376" dir="0" index="0" bw="1" slack="0"/>
<pin id="1377" dir="0" index="1" bw="3" slack="1"/>
<pin id="1378" dir="0" index="2" bw="3" slack="1"/>
<pin id="1379" dir="1" index="3" bw="3" slack="0"/>
</pin_list>
<bind>
<opcode="select(49) " fcode="select"/>
<opset="select_ln1098_1/19 "/>
</bind>
</comp>

<comp id="1381" class="1004" name="icmp_ln1098_2_fu_1381">
<pin_list>
<pin id="1382" dir="0" index="0" bw="2" slack="0"/>
<pin id="1383" dir="0" index="1" bw="1" slack="0"/>
<pin id="1384" dir="1" index="2" bw="1" slack="0"/>
</pin_list>
<bind>
<opcode="icmp(45) " fcode="icmp"/>
<opset="icmp_ln1098_2/19 "/>
</bind>
</comp>

<comp id="1387" class="1004" name="select_ln1098_2_fu_1387">
<pin_list>
<pin id="1388" dir="0" index="0" bw="1" slack="0"/>
<pin id="1389" dir="0" index="1" bw="1" slack="0"/>
<pin id="1390" dir="0" index="2" bw="3" slack="0"/>
<pin id="1391" dir="1" index="3" bw="3" slack="0"/>
</pin_list>
<bind>
<opcode="select(49) " fcode="select"/>
<opset="select_ln1098_2/19 "/>
</bind>
</comp>

<comp id="1395" class="1004" name="zext_ln1098_fu_1395">
<pin_list>
<pin id="1396" dir="0" index="0" bw="3" slack="0"/>
<pin id="1397" dir="1" index="1" bw="8" slack="0"/>
</pin_list>
<bind>
<opcode="zext(34) " fcode="zext"/>
<opset="zext_ln1098/19 "/>
</bind>
</comp>

<comp id="1400" class="1004" name="select_ln1098_3_fu_1400">
<pin_list>
<pin id="1401" dir="0" index="0" bw="1" slack="0"/>
<pin id="1402" dir="0" index="1" bw="1" slack="1"/>
<pin id="1403" dir="0" index="2" bw="2" slack="1"/>
<pin id="1404" dir="1" index="3" bw="2" slack="0"/>
</pin_list>
<bind>
<opcode="select(49) " fcode="select"/>
<opset="select_ln1098_3/19 "/>
</bind>
</comp>

<comp id="1406" class="1004" name="select_ln1098_4_fu_1406">
<pin_list>
<pin id="1407" dir="0" index="0" bw="1" slack="0"/>
<pin id="1408" dir="0" index="1" bw="1" slack="0"/>
<pin id="1409" dir="0" index="2" bw="2" slack="0"/>
<pin id="1410" dir="1" index="3" bw="2" slack="0"/>
</pin_list>
<bind>
<opcode="select(49) " fcode="select"/>
<opset="select_ln1098_4/19 "/>
</bind>
</comp>

<comp id="1414" class="1004" name="zext_ln1098_1_fu_1414">
<pin_list>
<pin id="1415" dir="0" index="0" bw="2" slack="0"/>
<pin id="1416" dir="1" index="1" bw="8" slack="0"/>
</pin_list>
<bind>
<opcode="zext(34) " fcode="zext"/>
<opset="zext_ln1098_1/19 "/>
</bind>
</comp>

<comp id="1419" class="1004" name="phi_ln1098_3_fu_1419">
<pin_list>
<pin id="1420" dir="0" index="0" bw="8" slack="0"/>
<pin id="1421" dir="0" index="1" bw="1" slack="0"/>
<pin id="1422" dir="0" index="2" bw="5" slack="1"/>
<pin id="1423" dir="0" index="3" bw="5" slack="1"/>
<pin id="1424" dir="0" index="4" bw="5" slack="1"/>
<pin id="1425" dir="0" index="5" bw="2" slack="0"/>
<pin id="1426" dir="1" index="6" bw="8" slack="0"/>
</pin_list>
<bind>
<opcode="mux(1196) " fcode="mux"/>
<opset="phi_ln1098_3/19 "/>
</bind>
</comp>

<comp id="1431" class="1004" name="phi_ln1098_4_fu_1431">
<pin_list>
<pin id="1432" dir="0" index="0" bw="32" slack="0"/>
<pin id="1433" dir="0" index="1" bw="1" slack="0"/>
<pin id="1434" dir="0" index="2" bw="2" slack="1"/>
<pin id="1435" dir="0" index="3" bw="2" slack="1"/>
<pin id="1436" dir="0" index="4" bw="2" slack="1"/>
<pin id="1437" dir="0" index="5" bw="2" slack="0"/>
<pin id="1438" dir="1" index="6" bw="32" slack="0"/>
</pin_list>
<bind>
<opcode="mux(1196) " fcode="mux"/>
<opset="phi_ln1098_4/19 "/>
</bind>
</comp>

<comp id="1443" class="1004" name="tmp_fu_1443">
<pin_list>
<pin id="1444" dir="0" index="0" bw="7" slack="0"/>
<pin id="1445" dir="0" index="1" bw="8" slack="0"/>
<pin id="1446" dir="0" index="2" bw="1" slack="0"/>
<pin id="1447" dir="0" index="3" bw="4" slack="0"/>
<pin id="1448" dir="1" index="4" bw="7" slack="0"/>
</pin_list>
<bind>
<opcode="partselect(1002) " fcode="partselect"/>
<opset="tmp/19 "/>
</bind>
</comp>

<comp id="1453" class="1004" name="icmp_fu_1453">
<pin_list>
<pin id="1454" dir="0" index="0" bw="7" slack="0"/>
<pin id="1455" dir="0" index="1" bw="1" slack="0"/>
<pin id="1456" dir="1" index="2" bw="1" slack="0"/>
</pin_list>
<bind>
<opcode="icmp(45) " fcode="icmp"/>
<opset="icmp/19 "/>
</bind>
</comp>

<comp id="1459" class="1004" name="xor_ln1123_fu_1459">
<pin_list>
<pin id="1460" dir="0" index="0" bw="1" slack="0"/>
<pin id="1461" dir="0" index="1" bw="1" slack="0"/>
<pin id="1462" dir="1" index="2" bw="1" slack="5"/>
</pin_list>
<bind>
<opcode="xor(25) " fcode="xor"/>
<opset="xor_ln1123/19 "/>
</bind>
</comp>

<comp id="1465" class="1004" name="state_completion_writebacks_valid_0_load_load_fu_1465">
<pin_list>
<pin id="1466" dir="0" index="0" bw="1" slack="0"/>
<pin id="1467" dir="1" index="1" bw="1" slack="2147483647"/>
</pin_list>
<bind>
<opcode="load(27) " fcode="load"/>
<opset="state_completion_writebacks_valid_0_load/19 "/>
</bind>
</comp>

<comp id="1469" class="1004" name="state_completion_writebacks_valid_1_load_load_fu_1469">
<pin_list>
<pin id="1470" dir="0" index="0" bw="1" slack="0"/>
<pin id="1471" dir="1" index="1" bw="1" slack="2147483647"/>
</pin_list>
<bind>
<opcode="load(27) " fcode="load"/>
<opset="state_completion_writebacks_valid_1_load/19 "/>
</bind>
</comp>

<comp id="1473" class="1004" name="state_completion_writebacks_pdst_0_load_load_fu_1473">
<pin_list>
<pin id="1474" dir="0" index="0" bw="8" slack="0"/>
<pin id="1475" dir="1" index="1" bw="8" slack="2147483647"/>
</pin_list>
<bind>
<opcode="load(27) " fcode="load"/>
<opset="state_completion_writebacks_pdst_0_load/19 "/>
</bind>
</comp>

<comp id="1477" class="1004" name="state_completion_writebacks_pdst_1_load_load_fu_1477">
<pin_list>
<pin id="1478" dir="0" index="0" bw="8" slack="0"/>
<pin id="1479" dir="1" index="1" bw="8" slack="2147483647"/>
</pin_list>
<bind>
<opcode="load(27) " fcode="load"/>
<opset="state_completion_writebacks_pdst_1_load/19 "/>
</bind>
</comp>

<comp id="1481" class="1004" name="state_completion_writebacks_value_0_load_load_fu_1481">
<pin_list>
<pin id="1482" dir="0" index="0" bw="64" slack="0"/>
<pin id="1483" dir="1" index="1" bw="64" slack="2147483647"/>
</pin_list>
<bind>
<opcode="load(27) " fcode="load"/>
<opset="state_completion_writebacks_value_0_load/19 "/>
</bind>
</comp>

<comp id="1485" class="1004" name="state_completion_writebacks_value_1_load_load_fu_1485">
<pin_list>
<pin id="1486" dir="0" index="0" bw="64" slack="0"/>
<pin id="1487" dir="1" index="1" bw="64" slack="2147483647"/>
</pin_list>
<bind>
<opcode="load(27) " fcode="load"/>
<opset="state_completion_writebacks_value_1_load/19 "/>
</bind>
</comp>

<comp id="1489" class="1004" name="trunc_ln603_fu_1489">
<pin_list>
<pin id="1490" dir="0" index="0" bw="8" slack="1"/>
<pin id="1491" dir="1" index="1" bw="5" slack="0"/>
</pin_list>
<bind>
<opcode="trunc(33) " fcode="trunc"/>
<opset="trunc_ln603/20 "/>
</bind>
</comp>

<comp id="1492" class="1004" name="precise_age_3_fu_1492">
<pin_list>
<pin id="1493" dir="0" index="0" bw="5" slack="0"/>
<pin id="1494" dir="0" index="1" bw="5" slack="2147483647"/>
<pin id="1495" dir="1" index="2" bw="5" slack="0"/>
</pin_list>
<bind>
<opcode="sub(10) " fcode="sub"/>
<opset="precise_age_3/20 "/>
</bind>
</comp>

<comp id="1497" class="1004" name="zext_ln603_fu_1497">
<pin_list>
<pin id="1498" dir="0" index="0" bw="5" slack="0"/>
<pin id="1499" dir="1" index="1" bw="8" slack="0"/>
</pin_list>
<bind>
<opcode="zext(34) " fcode="zext"/>
<opset="zext_ln603/20 "/>
</bind>
</comp>

<comp id="1501" class="1004" name="icmp_ln1100_fu_1501">
<pin_list>
<pin id="1502" dir="0" index="0" bw="3" slack="1"/>
<pin id="1503" dir="0" index="1" bw="3" slack="0"/>
<pin id="1504" dir="1" index="2" bw="1" slack="2147483647"/>
</pin_list>
<bind>
<opcode="icmp(45) " fcode="icmp"/>
<opset="icmp_ln1100/20 "/>
</bind>
</comp>

<comp id="1506" class="1004" name="xor_ln1101_fu_1506">
<pin_list>
<pin id="1507" dir="0" index="0" bw="1" slack="1"/>
<pin id="1508" dir="0" index="1" bw="1" slack="0"/>
<pin id="1509" dir="1" index="2" bw="1" slack="0"/>
</pin_list>
<bind>
<opcode="xor(25) " fcode="xor"/>
<opset="xor_ln1101/20 "/>
</bind>
</comp>

<comp id="1512" class="1004" name="icmp_ln1101_fu_1512">
<pin_list>
<pin id="1513" dir="0" index="0" bw="5" slack="0"/>
<pin id="1514" dir="0" index="1" bw="8" slack="1"/>
<pin id="1515" dir="1" index="2" bw="1" slack="0"/>
</pin_list>
<bind>
<opcode="icmp(45) " fcode="icmp"/>
<opset="icmp_ln1101/20 "/>
</bind>
</comp>

<comp id="1518" class="1004" name="or_ln1100_fu_1518">
<pin_list>
<pin id="1519" dir="0" index="0" bw="1" slack="0"/>
<pin id="1520" dir="0" index="1" bw="1" slack="0"/>
<pin id="1521" dir="1" index="2" bw="1" slack="0"/>
</pin_list>
<bind>
<opcode="or(24) " fcode="or"/>
<opset="or_ln1100/20 "/>
</bind>
</comp>

<comp id="1524" class="1004" name="trunc_ln1097_fu_1524">
<pin_list>
<pin id="1525" dir="0" index="0" bw="8" slack="1"/>
<pin id="1526" dir="1" index="1" bw="5" slack="0"/>
</pin_list>
<bind>
<opcode="trunc(33) " fcode="trunc"/>
<opset="trunc_ln1097/20 "/>
</bind>
</comp>

<comp id="1528" class="1004" name="select_ln1101_fu_1528">
<pin_list>
<pin id="1529" dir="0" index="0" bw="1" slack="0"/>
<pin id="1530" dir="0" index="1" bw="5" slack="0"/>
<pin id="1531" dir="0" index="2" bw="5" slack="0"/>
<pin id="1532" dir="1" index="3" bw="5" slack="0"/>
</pin_list>
<bind>
<opcode="select(49) " fcode="select"/>
<opset="select_ln1101/20 "/>
</bind>
</comp>

<comp id="1536" class="1004" name="zext_ln1101_fu_1536">
<pin_list>
<pin id="1537" dir="0" index="0" bw="5" slack="0"/>
<pin id="1538" dir="1" index="1" bw="8" slack="1"/>
</pin_list>
<bind>
<opcode="zext(34) " fcode="zext"/>
<opset="zext_ln1101/20 "/>
</bind>
</comp>

<comp id="1540" class="1004" name="zext_ln1107_fu_1540">
<pin_list>
<pin id="1541" dir="0" index="0" bw="2" slack="0"/>
<pin id="1542" dir="1" index="1" bw="32" slack="4"/>
</pin_list>
<bind>
<opcode="zext(34) " fcode="zext"/>
<opset="zext_ln1107/22 "/>
</bind>
</comp>

<comp id="1544" class="1004" name="icmp_ln1107_fu_1544">
<pin_list>
<pin id="1545" dir="0" index="0" bw="2" slack="0"/>
<pin id="1546" dir="0" index="1" bw="1" slack="0"/>
<pin id="1547" dir="1" index="2" bw="1" slack="2147483647"/>
</pin_list>
<bind>
<opcode="icmp(45) " fcode="icmp"/>
<opset="icmp_ln1107/22 "/>
</bind>
</comp>

<comp id="1550" class="1004" name="add_ln1107_fu_1550">
<pin_list>
<pin id="1551" dir="0" index="0" bw="2" slack="0"/>
<pin id="1552" dir="0" index="1" bw="1" slack="0"/>
<pin id="1553" dir="1" index="2" bw="2" slack="0"/>
</pin_list>
<bind>
<opcode="add(8) " fcode="add"/>
<opset="add_ln1107/22 "/>
</bind>
</comp>

<comp id="1556" class="1004" name="phi_ln1108_1_fu_1556">
<pin_list>
<pin id="1557" dir="0" index="0" bw="3" slack="0"/>
<pin id="1558" dir="0" index="1" bw="1" slack="0"/>
<pin id="1559" dir="0" index="2" bw="3" slack="2"/>
<pin id="1560" dir="0" index="3" bw="3" slack="2"/>
<pin id="1561" dir="0" index="4" bw="3" slack="2"/>
<pin id="1562" dir="0" index="5" bw="2" slack="0"/>
<pin id="1563" dir="1" index="6" bw="3" slack="0"/>
</pin_list>
<bind>
<opcode="mux(1196) " fcode="mux"/>
<opset="phi_ln1108_1/22 "/>
</bind>
</comp>

<comp id="1567" class="1004" name="zext_ln1108_fu_1567">
<pin_list>
<pin id="1568" dir="0" index="0" bw="3" slack="0"/>
<pin id="1569" dir="1" index="1" bw="8" slack="0"/>
</pin_list>
<bind>
<opcode="zext(34) " fcode="zext"/>
<opset="zext_ln1108/22 "/>
</bind>
</comp>

<comp id="1572" class="1004" name="phi_ln1108_2_fu_1572">
<pin_list>
<pin id="1573" dir="0" index="0" bw="2" slack="0"/>
<pin id="1574" dir="0" index="1" bw="1" slack="0"/>
<pin id="1575" dir="0" index="2" bw="1" slack="2"/>
<pin id="1576" dir="0" index="3" bw="2" slack="2"/>
<pin id="1577" dir="0" index="4" bw="2" slack="2"/>
<pin id="1578" dir="0" index="5" bw="2" slack="0"/>
<pin id="1579" dir="1" index="6" bw="2" slack="0"/>
</pin_list>
<bind>
<opcode="mux(1196) " fcode="mux"/>
<opset="phi_ln1108_2/22 "/>
</bind>
</comp>

<comp id="1583" class="1004" name="zext_ln1108_1_fu_1583">
<pin_list>
<pin id="1584" dir="0" index="0" bw="2" slack="0"/>
<pin id="1585" dir="1" index="1" bw="8" slack="0"/>
</pin_list>
<bind>
<opcode="zext(34) " fcode="zext"/>
<opset="zext_ln1108_1/22 "/>
</bind>
</comp>

<comp id="1588" class="1004" name="phi_ln1108_3_fu_1588">
<pin_list>
<pin id="1589" dir="0" index="0" bw="8" slack="0"/>
<pin id="1590" dir="0" index="1" bw="1" slack="0"/>
<pin id="1591" dir="0" index="2" bw="5" slack="2"/>
<pin id="1592" dir="0" index="3" bw="5" slack="2"/>
<pin id="1593" dir="0" index="4" bw="5" slack="2"/>
<pin id="1594" dir="0" index="5" bw="2" slack="0"/>
<pin id="1595" dir="1" index="6" bw="8" slack="0"/>
</pin_list>
<bind>
<opcode="mux(1196) " fcode="mux"/>
<opset="phi_ln1108_3/22 "/>
</bind>
</comp>

<comp id="1600" class="1004" name="phi_ln1108_4_fu_1600">
<pin_list>
<pin id="1601" dir="0" index="0" bw="32" slack="0"/>
<pin id="1602" dir="0" index="1" bw="1" slack="0"/>
<pin id="1603" dir="0" index="2" bw="2" slack="2"/>
<pin id="1604" dir="0" index="3" bw="2" slack="2"/>
<pin id="1605" dir="0" index="4" bw="2" slack="2"/>
<pin id="1606" dir="0" index="5" bw="2" slack="0"/>
<pin id="1607" dir="1" index="6" bw="32" slack="0"/>
</pin_list>
<bind>
<opcode="mux(1196) " fcode="mux"/>
<opset="phi_ln1108_4/22 "/>
</bind>
</comp>

<comp id="1612" class="1004" name="trunc_ln1135_fu_1612">
<pin_list>
<pin id="1613" dir="0" index="0" bw="32" slack="0"/>
<pin id="1614" dir="1" index="1" bw="2" slack="0"/>
</pin_list>
<bind>
<opcode="trunc(33) " fcode="trunc"/>
<opset="trunc_ln1135/22 "/>
</bind>
</comp>

<comp id="1616" class="1004" name="selected_fu_1616">
<pin_list>
<pin id="1617" dir="0" index="0" bw="8" slack="0"/>
<pin id="1618" dir="0" index="1" bw="1" slack="0"/>
<pin id="1619" dir="0" index="2" bw="1" slack="2"/>
<pin id="1620" dir="0" index="3" bw="2" slack="2"/>
<pin id="1621" dir="0" index="4" bw="1" slack="0"/>
<pin id="1622" dir="0" index="5" bw="2" slack="0"/>
<pin id="1623" dir="1" index="6" bw="8" slack="1"/>
</pin_list>
<bind>
<opcode="mux(1196) " fcode="mux"/>
<opset="selected/22 "/>
</bind>
</comp>

<comp id="1628" class="1004" name="tmp_9_fu_1628">
<pin_list>
<pin id="1629" dir="0" index="0" bw="8" slack="0"/>
<pin id="1630" dir="0" index="1" bw="1" slack="0"/>
<pin id="1631" dir="0" index="2" bw="3" slack="2"/>
<pin id="1632" dir="0" index="3" bw="3" slack="2"/>
<pin id="1633" dir="0" index="4" bw="1" slack="0"/>
<pin id="1634" dir="0" index="5" bw="2" slack="0"/>
<pin id="1635" dir="1" index="6" bw="8" slack="0"/>
</pin_list>
<bind>
<opcode="mux(1196) " fcode="mux"/>
<opset="tmp_9/22 "/>
</bind>
</comp>

<comp id="1640" class="1004" name="icmp_ln624_fu_1640">
<pin_list>
<pin id="1641" dir="0" index="0" bw="8" slack="0"/>
<pin id="1642" dir="0" index="1" bw="3" slack="0"/>
<pin id="1643" dir="1" index="2" bw="1" slack="2147483647"/>
</pin_list>
<bind>
<opcode="icmp(45) " fcode="icmp"/>
<opset="icmp_ln624/22 "/>
</bind>
</comp>

<comp id="1646" class="1004" name="tmp_s_fu_1646">
<pin_list>
<pin id="1647" dir="0" index="0" bw="1" slack="0"/>
<pin id="1648" dir="0" index="1" bw="1" slack="0"/>
<pin id="1649" dir="0" index="2" bw="1" slack="0"/>
<pin id="1650" dir="0" index="3" bw="1" slack="0"/>
<pin id="1651" dir="0" index="4" bw="1" slack="0"/>
<pin id="1652" dir="0" index="5" bw="2" slack="0"/>
<pin id="1653" dir="1" index="6" bw="1" slack="2147483647"/>
</pin_list>
<bind>
<opcode="mux(1196) " fcode="mux"/>
<opset="tmp_s/22 "/>
</bind>
</comp>

<comp id="1660" class="1004" name="tmp_11_fu_1660">
<pin_list>
<pin id="1661" dir="0" index="0" bw="1" slack="0"/>
<pin id="1662" dir="0" index="1" bw="1" slack="0"/>
<pin id="1663" dir="0" index="2" bw="1" slack="2147483647"/>
<pin id="1664" dir="0" index="3" bw="1" slack="2"/>
<pin id="1665" dir="0" index="4" bw="1" slack="0"/>
<pin id="1666" dir="0" index="5" bw="2" slack="0"/>
<pin id="1667" dir="1" index="6" bw="1" slack="2147483647"/>
</pin_list>
<bind>
<opcode="mux(1196) " fcode="mux"/>
<opset="tmp_11/22 "/>
</bind>
</comp>

<comp id="1672" class="1004" name="icmp_ln626_fu_1672">
<pin_list>
<pin id="1673" dir="0" index="0" bw="8" slack="0"/>
<pin id="1674" dir="0" index="1" bw="4" slack="0"/>
<pin id="1675" dir="1" index="2" bw="1" slack="2147483647"/>
</pin_list>
<bind>
<opcode="icmp(45) " fcode="icmp"/>
<opset="icmp_ln626/22 "/>
</bind>
</comp>

<comp id="1678" class="1004" name="tmp_12_fu_1678">
<pin_list>
<pin id="1679" dir="0" index="0" bw="1" slack="0"/>
<pin id="1680" dir="0" index="1" bw="1" slack="0"/>
<pin id="1681" dir="0" index="2" bw="1" slack="0"/>
<pin id="1682" dir="0" index="3" bw="1" slack="0"/>
<pin id="1683" dir="0" index="4" bw="1" slack="0"/>
<pin id="1684" dir="0" index="5" bw="2" slack="0"/>
<pin id="1685" dir="1" index="6" bw="1" slack="1"/>
</pin_list>
<bind>
<opcode="mux(1196) " fcode="mux"/>
<opset="tmp_12/22 "/>
</bind>
</comp>

<comp id="1692" class="1004" name="trunc_ln603_1_fu_1692">
<pin_list>
<pin id="1693" dir="0" index="0" bw="8" slack="1"/>
<pin id="1694" dir="1" index="1" bw="5" slack="0"/>
</pin_list>
<bind>
<opcode="trunc(33) " fcode="trunc"/>
<opset="trunc_ln603_1/23 "/>
</bind>
</comp>

<comp id="1695" class="1004" name="age_fu_1695">
<pin_list>
<pin id="1696" dir="0" index="0" bw="5" slack="0"/>
<pin id="1697" dir="0" index="1" bw="5" slack="2147483647"/>
<pin id="1698" dir="1" index="2" bw="5" slack="0"/>
</pin_list>
<bind>
<opcode="sub(10) " fcode="sub"/>
<opset="age/23 "/>
</bind>
</comp>

<comp id="1700" class="1004" name="zext_ln603_1_fu_1700">
<pin_list>
<pin id="1701" dir="0" index="0" bw="5" slack="0"/>
<pin id="1702" dir="1" index="1" bw="8" slack="0"/>
</pin_list>
<bind>
<opcode="zext(34) " fcode="zext"/>
<opset="zext_ln603_1/23 "/>
</bind>
</comp>

<comp id="1704" class="1004" name="icmp_ln1110_fu_1704">
<pin_list>
<pin id="1705" dir="0" index="0" bw="5" slack="0"/>
<pin id="1706" dir="0" index="1" bw="8" slack="0"/>
<pin id="1707" dir="1" index="2" bw="1" slack="0"/>
</pin_list>
<bind>
<opcode="icmp(45) " fcode="icmp"/>
<opset="icmp_ln1110/23 "/>
</bind>
</comp>

<comp id="1710" class="1004" name="and_ln1110_fu_1710">
<pin_list>
<pin id="1711" dir="0" index="0" bw="1" slack="0"/>
<pin id="1712" dir="0" index="1" bw="1" slack="0"/>
<pin id="1713" dir="1" index="2" bw="1" slack="0"/>
</pin_list>
<bind>
<opcode="and(23) " fcode="and"/>
<opset="and_ln1110/23 "/>
</bind>
</comp>

<comp id="1716" class="1004" name="icmp_ln1111_fu_1716">
<pin_list>
<pin id="1717" dir="0" index="0" bw="5" slack="0"/>
<pin id="1718" dir="0" index="1" bw="8" slack="2"/>
<pin id="1719" dir="1" index="2" bw="1" slack="0"/>
</pin_list>
<bind>
<opcode="icmp(45) " fcode="icmp"/>
<opset="icmp_ln1111/23 "/>
</bind>
</comp>

<comp id="1722" class="1004" name="and_ln1111_fu_1722">
<pin_list>
<pin id="1723" dir="0" index="0" bw="1" slack="2"/>
<pin id="1724" dir="0" index="1" bw="1" slack="0"/>
<pin id="1725" dir="1" index="2" bw="1" slack="0"/>
</pin_list>
<bind>
<opcode="and(23) " fcode="and"/>
<opset="and_ln1111/23 "/>
</bind>
</comp>

<comp id="1728" class="1004" name="or_ln1110_fu_1728">
<pin_list>
<pin id="1729" dir="0" index="0" bw="1" slack="0"/>
<pin id="1730" dir="0" index="1" bw="1" slack="0"/>
<pin id="1731" dir="1" index="2" bw="1" slack="2147483647"/>
</pin_list>
<bind>
<opcode="or(24) " fcode="or"/>
<opset="or_ln1110/23 "/>
</bind>
</comp>

<comp id="1734" class="1004" name="icmp_ln625_fu_1734">
<pin_list>
<pin id="1735" dir="0" index="0" bw="2" slack="1"/>
<pin id="1736" dir="0" index="1" bw="1" slack="0"/>
<pin id="1737" dir="1" index="2" bw="1" slack="0"/>
</pin_list>
<bind>
<opcode="icmp(45) " fcode="icmp"/>
<opset="icmp_ln625/23 "/>
</bind>
</comp>

<comp id="1741" class="1004" name="select_ln625_fu_1741">
<pin_list>
<pin id="1742" dir="0" index="0" bw="1" slack="0"/>
<pin id="1743" dir="0" index="1" bw="1" slack="2147483647"/>
<pin id="1744" dir="0" index="2" bw="1" slack="3"/>
<pin id="1745" dir="1" index="3" bw="1" slack="0"/>
</pin_list>
<bind>
<opcode="select(49) " fcode="select"/>
<opset="select_ln625/23 "/>
</bind>
</comp>

<comp id="1747" class="1004" name="icmp_ln625_1_fu_1747">
<pin_list>
<pin id="1748" dir="0" index="0" bw="2" slack="1"/>
<pin id="1749" dir="0" index="1" bw="1" slack="0"/>
<pin id="1750" dir="1" index="2" bw="1" slack="0"/>
</pin_list>
<bind>
<opcode="icmp(45) " fcode="icmp"/>
<opset="icmp_ln625_1/23 "/>
</bind>
</comp>

<comp id="1753" class="1004" name="and_ln625_fu_1753">
<pin_list>
<pin id="1754" dir="0" index="0" bw="1" slack="0"/>
<pin id="1755" dir="0" index="1" bw="1" slack="0"/>
<pin id="1756" dir="1" index="2" bw="1" slack="3"/>
</pin_list>
<bind>
<opcode="and(23) " fcode="and"/>
<opset="and_ln625/23 "/>
</bind>
</comp>

<comp id="1759" class="1004" name="select_ln1116_fu_1759">
<pin_list>
<pin id="1760" dir="0" index="0" bw="1" slack="0"/>
<pin id="1761" dir="0" index="1" bw="2" slack="3"/>
<pin id="1762" dir="0" index="2" bw="3" slack="3"/>
<pin id="1763" dir="1" index="3" bw="3" slack="0"/>
</pin_list>
<bind>
<opcode="select(49) " fcode="select"/>
<opset="select_ln1116/23 "/>
</bind>
</comp>

<comp id="1765" class="1004" name="zext_ln1116_fu_1765">
<pin_list>
<pin id="1766" dir="0" index="0" bw="3" slack="0"/>
<pin id="1767" dir="1" index="1" bw="8" slack="3"/>
</pin_list>
<bind>
<opcode="zext(34) " fcode="zext"/>
<opset="zext_ln1116/23 "/>
</bind>
</comp>

<comp id="1769" class="1004" name="icmp_ln1116_fu_1769">
<pin_list>
<pin id="1770" dir="0" index="0" bw="3" slack="0"/>
<pin id="1771" dir="0" index="1" bw="1" slack="0"/>
<pin id="1772" dir="1" index="2" bw="1" slack="2"/>
</pin_list>
<bind>
<opcode="icmp(45) " fcode="icmp"/>
<opset="icmp_ln1116/23 "/>
</bind>
</comp>

<comp id="1775" class="1004" name="icmp_ln1046_fu_1775">
<pin_list>
<pin id="1776" dir="0" index="0" bw="2" slack="0"/>
<pin id="1777" dir="0" index="1" bw="1" slack="0"/>
<pin id="1778" dir="1" index="2" bw="1" slack="1"/>
</pin_list>
<bind>
<opcode="icmp(45) " fcode="icmp"/>
<opset="icmp_ln1046/24 "/>
</bind>
</comp>

<comp id="1781" class="1004" name="add_ln1046_fu_1781">
<pin_list>
<pin id="1782" dir="0" index="0" bw="2" slack="0"/>
<pin id="1783" dir="0" index="1" bw="1" slack="0"/>
<pin id="1784" dir="1" index="2" bw="2" slack="0"/>
</pin_list>
<bind>
<opcode="add(8) " fcode="add"/>
<opset="add_ln1046/24 "/>
</bind>
</comp>

<comp id="1787" class="1004" name="icmp_ln1047_fu_1787">
<pin_list>
<pin id="1788" dir="0" index="0" bw="2" slack="0"/>
<pin id="1789" dir="0" index="1" bw="2" slack="2"/>
<pin id="1790" dir="1" index="2" bw="1" slack="1"/>
</pin_list>
<bind>
<opcode="icmp(45) " fcode="icmp"/>
<opset="icmp_ln1047/24 "/>
</bind>
</comp>

<comp id="1793" class="1004" name="phi_ln1047_1_fu_1793">
<pin_list>
<pin id="1794" dir="0" index="0" bw="3" slack="0"/>
<pin id="1795" dir="0" index="1" bw="1" slack="0"/>
<pin id="1796" dir="0" index="2" bw="3" slack="4"/>
<pin id="1797" dir="0" index="3" bw="3" slack="4"/>
<pin id="1798" dir="0" index="4" bw="3" slack="4"/>
<pin id="1799" dir="0" index="5" bw="2" slack="0"/>
<pin id="1800" dir="1" index="6" bw="3" slack="0"/>
</pin_list>
<bind>
<opcode="mux(1196) " fcode="mux"/>
<opset="phi_ln1047_1/24 "/>
</bind>
</comp>

<comp id="1804" class="1004" name="zext_ln1047_fu_1804">
<pin_list>
<pin id="1805" dir="0" index="0" bw="3" slack="0"/>
<pin id="1806" dir="1" index="1" bw="8" slack="0"/>
</pin_list>
<bind>
<opcode="zext(34) " fcode="zext"/>
<opset="zext_ln1047/24 "/>
</bind>
</comp>

<comp id="1809" class="1004" name="phi_ln1047_2_fu_1809">
<pin_list>
<pin id="1810" dir="0" index="0" bw="2" slack="0"/>
<pin id="1811" dir="0" index="1" bw="1" slack="0"/>
<pin id="1812" dir="0" index="2" bw="1" slack="4"/>
<pin id="1813" dir="0" index="3" bw="2" slack="4"/>
<pin id="1814" dir="0" index="4" bw="2" slack="4"/>
<pin id="1815" dir="0" index="5" bw="2" slack="0"/>
<pin id="1816" dir="1" index="6" bw="2" slack="0"/>
</pin_list>
<bind>
<opcode="mux(1196) " fcode="mux"/>
<opset="phi_ln1047_2/24 "/>
</bind>
</comp>

<comp id="1820" class="1004" name="zext_ln1047_1_fu_1820">
<pin_list>
<pin id="1821" dir="0" index="0" bw="2" slack="0"/>
<pin id="1822" dir="1" index="1" bw="8" slack="0"/>
</pin_list>
<bind>
<opcode="zext(34) " fcode="zext"/>
<opset="zext_ln1047_1/24 "/>
</bind>
</comp>

<comp id="1825" class="1004" name="phi_ln1047_3_fu_1825">
<pin_list>
<pin id="1826" dir="0" index="0" bw="8" slack="0"/>
<pin id="1827" dir="0" index="1" bw="1" slack="0"/>
<pin id="1828" dir="0" index="2" bw="5" slack="4"/>
<pin id="1829" dir="0" index="3" bw="5" slack="4"/>
<pin id="1830" dir="0" index="4" bw="5" slack="4"/>
<pin id="1831" dir="0" index="5" bw="2" slack="0"/>
<pin id="1832" dir="1" index="6" bw="8" slack="0"/>
</pin_list>
<bind>
<opcode="mux(1196) " fcode="mux"/>
<opset="phi_ln1047_3/24 "/>
</bind>
</comp>

<comp id="1837" class="1004" name="phi_ln1047_4_fu_1837">
<pin_list>
<pin id="1838" dir="0" index="0" bw="32" slack="0"/>
<pin id="1839" dir="0" index="1" bw="1" slack="0"/>
<pin id="1840" dir="0" index="2" bw="2" slack="4"/>
<pin id="1841" dir="0" index="3" bw="2" slack="4"/>
<pin id="1842" dir="0" index="4" bw="2" slack="4"/>
<pin id="1843" dir="0" index="5" bw="2" slack="0"/>
<pin id="1844" dir="1" index="6" bw="32" slack="0"/>
</pin_list>
<bind>
<opcode="mux(1196) " fcode="mux"/>
<opset="phi_ln1047_4/24 "/>
</bind>
</comp>

<comp id="1849" class="1004" name="icmp_ln1049_fu_1849">
<pin_list>
<pin id="1850" dir="0" index="0" bw="3" slack="0"/>
<pin id="1851" dir="0" index="1" bw="3" slack="2"/>
<pin id="1852" dir="1" index="2" bw="1" slack="2147483647"/>
</pin_list>
<bind>
<opcode="icmp(45) " fcode="icmp"/>
<opset="icmp_ln1049/25 "/>
</bind>
</comp>

<comp id="1854" class="1004" name="icmp_ln1050_fu_1854">
<pin_list>
<pin id="1855" dir="0" index="0" bw="64" slack="0"/>
<pin id="1856" dir="0" index="1" bw="64" slack="2"/>
<pin id="1857" dir="1" index="2" bw="1" slack="2147483647"/>
</pin_list>
<bind>
<opcode="icmp(45) " fcode="icmp"/>
<opset="icmp_ln1050/25 "/>
</bind>
</comp>

<comp id="1860" class="1004" name="icmp_ln1118_fu_1860">
<pin_list>
<pin id="1861" dir="0" index="0" bw="2" slack="0"/>
<pin id="1862" dir="0" index="1" bw="2" slack="0"/>
<pin id="1863" dir="1" index="2" bw="1" slack="2147483647"/>
</pin_list>
<bind>
<opcode="icmp(45) " fcode="icmp"/>
<opset="icmp_ln1118/26 "/>
</bind>
</comp>

<comp id="1866" class="1004" name="add_ln1118_fu_1866">
<pin_list>
<pin id="1867" dir="0" index="0" bw="2" slack="0"/>
<pin id="1868" dir="0" index="1" bw="1" slack="0"/>
<pin id="1869" dir="1" index="2" bw="2" slack="0"/>
</pin_list>
<bind>
<opcode="add(8) " fcode="add"/>
<opset="add_ln1118/26 "/>
</bind>
</comp>

<comp id="1872" class="1004" name="trunc_ln1119_fu_1872">
<pin_list>
<pin id="1873" dir="0" index="0" bw="2" slack="0"/>
<pin id="1874" dir="1" index="1" bw="1" slack="0"/>
</pin_list>
<bind>
<opcode="trunc(33) " fcode="trunc"/>
<opset="trunc_ln1119/26 "/>
</bind>
</comp>

<comp id="1876" class="1004" name="select_ln1119_fu_1876">
<pin_list>
<pin id="1877" dir="0" index="0" bw="1" slack="0"/>
<pin id="1878" dir="0" index="1" bw="1" slack="2147483647"/>
<pin id="1879" dir="0" index="2" bw="1" slack="2147483647"/>
<pin id="1880" dir="1" index="3" bw="1" slack="0"/>
</pin_list>
<bind>
<opcode="select(49) " fcode="select"/>
<opset="select_ln1119/26 "/>
</bind>
</comp>

<comp id="1882" class="1004" name="select_ln1120_fu_1882">
<pin_list>
<pin id="1883" dir="0" index="0" bw="1" slack="0"/>
<pin id="1884" dir="0" index="1" bw="8" slack="2147483647"/>
<pin id="1885" dir="0" index="2" bw="8" slack="2147483647"/>
<pin id="1886" dir="1" index="3" bw="8" slack="0"/>
</pin_list>
<bind>
<opcode="select(49) " fcode="select"/>
<opset="select_ln1120/26 "/>
</bind>
</comp>

<comp id="1888" class="1004" name="icmp_ln1120_fu_1888">
<pin_list>
<pin id="1889" dir="0" index="0" bw="8" slack="0"/>
<pin id="1890" dir="0" index="1" bw="3" slack="3"/>
<pin id="1891" dir="1" index="2" bw="1" slack="0"/>
</pin_list>
<bind>
<opcode="icmp(45) " fcode="icmp"/>
<opset="icmp_ln1120/26 "/>
</bind>
</comp>

<comp id="1893" class="1004" name="select_ln1121_fu_1893">
<pin_list>
<pin id="1894" dir="0" index="0" bw="1" slack="0"/>
<pin id="1895" dir="0" index="1" bw="64" slack="2147483647"/>
<pin id="1896" dir="0" index="2" bw="64" slack="2147483647"/>
<pin id="1897" dir="1" index="3" bw="64" slack="0"/>
</pin_list>
<bind>
<opcode="select(49) " fcode="select"/>
<opset="select_ln1121/26 "/>
</bind>
</comp>

<comp id="1899" class="1004" name="icmp_ln1121_fu_1899">
<pin_list>
<pin id="1900" dir="0" index="0" bw="64" slack="0"/>
<pin id="1901" dir="0" index="1" bw="64" slack="1"/>
<pin id="1902" dir="1" index="2" bw="1" slack="0"/>
</pin_list>
<bind>
<opcode="icmp(45) " fcode="icmp"/>
<opset="icmp_ln1121/26 "/>
</bind>
</comp>

<comp id="1905" class="1004" name="and_ln1119_fu_1905">
<pin_list>
<pin id="1906" dir="0" index="0" bw="1" slack="0"/>
<pin id="1907" dir="0" index="1" bw="1" slack="0"/>
<pin id="1908" dir="1" index="2" bw="1" slack="0"/>
</pin_list>
<bind>
<opcode="and(23) " fcode="and"/>
<opset="and_ln1119/26 "/>
</bind>
</comp>

<comp id="1911" class="1004" name="and_ln1119_1_fu_1911">
<pin_list>
<pin id="1912" dir="0" index="0" bw="1" slack="0"/>
<pin id="1913" dir="0" index="1" bw="1" slack="0"/>
<pin id="1914" dir="1" index="2" bw="1" slack="0"/>
</pin_list>
<bind>
<opcode="and(23) " fcode="and"/>
<opset="and_ln1119_1/26 "/>
</bind>
</comp>

<comp id="1917" class="1004" name="duplicate_fu_1917">
<pin_list>
<pin id="1918" dir="0" index="0" bw="1" slack="0"/>
<pin id="1919" dir="0" index="1" bw="1" slack="0"/>
<pin id="1920" dir="1" index="2" bw="1" slack="0"/>
</pin_list>
<bind>
<opcode="or(24) " fcode="or"/>
<opset="duplicate/26 "/>
</bind>
</comp>

<comp id="1923" class="1004" name="or_ln1123_fu_1923">
<pin_list>
<pin id="1924" dir="0" index="0" bw="1" slack="0"/>
<pin id="1925" dir="0" index="1" bw="1" slack="5"/>
<pin id="1926" dir="1" index="2" bw="1" slack="0"/>
</pin_list>
<bind>
<opcode="or(24) " fcode="or"/>
<opset="or_ln1123/26 "/>
</bind>
</comp>

<comp id="1928" class="1004" name="write_eligible_fu_1928">
<pin_list>
<pin id="1929" dir="0" index="0" bw="1" slack="1"/>
<pin id="1930" dir="0" index="1" bw="1" slack="0"/>
<pin id="1931" dir="1" index="2" bw="1" slack="2147483647"/>
</pin_list>
<bind>
<opcode="and(23) " fcode="and"/>
<opset="write_eligible/26 "/>
</bind>
</comp>

<comp id="1934" class="1004" name="icmp_ln1127_fu_1934">
<pin_list>
<pin id="1935" dir="0" index="0" bw="5" slack="3"/>
<pin id="1936" dir="0" index="1" bw="8" slack="4"/>
<pin id="1937" dir="1" index="2" bw="1" slack="0"/>
</pin_list>
<bind>
<opcode="icmp(45) " fcode="icmp"/>
<opset="icmp_ln1127/26 "/>
</bind>
</comp>

<comp id="1939" class="1004" name="or_ln1127_fu_1939">
<pin_list>
<pin id="1940" dir="0" index="0" bw="1" slack="0"/>
<pin id="1941" dir="0" index="1" bw="1" slack="0"/>
<pin id="1942" dir="1" index="2" bw="1" slack="2147483647"/>
</pin_list>
<bind>
<opcode="or(24) " fcode="or"/>
<opset="or_ln1127/26 "/>
</bind>
</comp>

<comp id="1945" class="1004" name="icmp_ln1128_fu_1945">
<pin_list>
<pin id="1946" dir="0" index="0" bw="5" slack="3"/>
<pin id="1947" dir="0" index="1" bw="8" slack="4"/>
<pin id="1948" dir="1" index="2" bw="1" slack="0"/>
</pin_list>
<bind>
<opcode="icmp(45) " fcode="icmp"/>
<opset="icmp_ln1128/26 "/>
</bind>
</comp>

<comp id="1950" class="1004" name="icmp_ln1128_1_fu_1950">
<pin_list>
<pin id="1951" dir="0" index="0" bw="2" slack="4"/>
<pin id="1952" dir="0" index="1" bw="32" slack="4"/>
<pin id="1953" dir="1" index="2" bw="1" slack="0"/>
</pin_list>
<bind>
<opcode="icmp(45) " fcode="icmp"/>
<opset="icmp_ln1128_1/26 "/>
</bind>
</comp>

<comp id="1955" class="1004" name="and_ln1128_fu_1955">
<pin_list>
<pin id="1956" dir="0" index="0" bw="1" slack="0"/>
<pin id="1957" dir="0" index="1" bw="1" slack="0"/>
<pin id="1958" dir="1" index="2" bw="1" slack="2147483647"/>
</pin_list>
<bind>
<opcode="and(23) " fcode="and"/>
<opset="and_ln1128/26 "/>
</bind>
</comp>

<comp id="1961" class="1004" name="icmp_ln660_1_fu_1961">
<pin_list>
<pin id="1962" dir="0" index="0" bw="3" slack="4"/>
<pin id="1963" dir="0" index="1" bw="3" slack="0"/>
<pin id="1964" dir="1" index="2" bw="1" slack="1"/>
</pin_list>
<bind>
<opcode="icmp(45) " fcode="icmp"/>
<opset="icmp_ln660_1/29 "/>
</bind>
</comp>

<comp id="1966" class="1004" name="zext_ln646_1_fu_1966">
<pin_list>
<pin id="1967" dir="0" index="0" bw="5" slack="5"/>
<pin id="1968" dir="1" index="1" bw="64" slack="0"/>
</pin_list>
<bind>
<opcode="zext(34) " fcode="zext"/>
<opset="zext_ln646_1/30 "/>
</bind>
</comp>

<comp id="1972" class="1004" name="store_ln1155_store_fu_1972">
<pin_list>
<pin id="1973" dir="0" index="0" bw="1" slack="0"/>
<pin id="1974" dir="0" index="1" bw="1" slack="0"/>
<pin id="1975" dir="1" index="2" bw="0" slack="2147483647"/>
</pin_list>
<bind>
<opcode="store(28) " fcode="store"/>
<opset="store_ln1155/30 "/>
</bind>
</comp>

<comp id="1978" class="1004" name="store_ln1155_store_fu_1978">
<pin_list>
<pin id="1979" dir="0" index="0" bw="1" slack="0"/>
<pin id="1980" dir="0" index="1" bw="3" slack="0"/>
<pin id="1981" dir="1" index="2" bw="0" slack="2147483647"/>
</pin_list>
<bind>
<opcode="store(28) " fcode="store"/>
<opset="store_ln1155/30 "/>
</bind>
</comp>

<comp id="1984" class="1004" name="store_ln1155_store_fu_1984">
<pin_list>
<pin id="1985" dir="0" index="0" bw="1" slack="0"/>
<pin id="1986" dir="0" index="1" bw="1" slack="0"/>
<pin id="1987" dir="1" index="2" bw="0" slack="2147483647"/>
</pin_list>
<bind>
<opcode="store(28) " fcode="store"/>
<opset="store_ln1155/30 "/>
</bind>
</comp>

<comp id="1990" class="1004" name="store_ln1155_store_fu_1990">
<pin_list>
<pin id="1991" dir="0" index="0" bw="1" slack="0"/>
<pin id="1992" dir="0" index="1" bw="8" slack="0"/>
<pin id="1993" dir="1" index="2" bw="0" slack="2147483647"/>
</pin_list>
<bind>
<opcode="store(28) " fcode="store"/>
<opset="store_ln1155/30 "/>
</bind>
</comp>

<comp id="1996" class="1004" name="store_ln1155_store_fu_1996">
<pin_list>
<pin id="1997" dir="0" index="0" bw="1" slack="0"/>
<pin id="1998" dir="0" index="1" bw="1" slack="0"/>
<pin id="1999" dir="1" index="2" bw="0" slack="2147483647"/>
</pin_list>
<bind>
<opcode="store(28) " fcode="store"/>
<opset="store_ln1155/30 "/>
</bind>
</comp>

<comp id="2002" class="1004" name="store_ln1155_store_fu_2002">
<pin_list>
<pin id="2003" dir="0" index="0" bw="1" slack="0"/>
<pin id="2004" dir="0" index="1" bw="5" slack="0"/>
<pin id="2005" dir="1" index="2" bw="0" slack="2147483647"/>
</pin_list>
<bind>
<opcode="store(28) " fcode="store"/>
<opset="store_ln1155/30 "/>
</bind>
</comp>

<comp id="2008" class="1004" name="store_ln1155_store_fu_2008">
<pin_list>
<pin id="2009" dir="0" index="0" bw="1" slack="0"/>
<pin id="2010" dir="0" index="1" bw="2" slack="0"/>
<pin id="2011" dir="1" index="2" bw="0" slack="2147483647"/>
</pin_list>
<bind>
<opcode="store(28) " fcode="store"/>
<opset="store_ln1155/30 "/>
</bind>
</comp>

<comp id="2014" class="1004" name="store_ln1155_store_fu_2014">
<pin_list>
<pin id="2015" dir="0" index="0" bw="1" slack="0"/>
<pin id="2016" dir="0" index="1" bw="2" slack="0"/>
<pin id="2017" dir="1" index="2" bw="0" slack="2147483647"/>
</pin_list>
<bind>
<opcode="store(28) " fcode="store"/>
<opset="store_ln1155/30 "/>
</bind>
</comp>

<comp id="2020" class="1004" name="store_ln1155_store_fu_2020">
<pin_list>
<pin id="2021" dir="0" index="0" bw="1" slack="0"/>
<pin id="2022" dir="0" index="1" bw="1" slack="0"/>
<pin id="2023" dir="1" index="2" bw="0" slack="2147483647"/>
</pin_list>
<bind>
<opcode="store(28) " fcode="store"/>
<opset="store_ln1155/30 "/>
</bind>
</comp>

<comp id="2026" class="1004" name="store_ln1155_store_fu_2026">
<pin_list>
<pin id="2027" dir="0" index="0" bw="1" slack="0"/>
<pin id="2028" dir="0" index="1" bw="1" slack="0"/>
<pin id="2029" dir="1" index="2" bw="0" slack="2147483647"/>
</pin_list>
<bind>
<opcode="store(28) " fcode="store"/>
<opset="store_ln1155/30 "/>
</bind>
</comp>

<comp id="2032" class="1004" name="store_ln1155_store_fu_2032">
<pin_list>
<pin id="2033" dir="0" index="0" bw="1" slack="0"/>
<pin id="2034" dir="0" index="1" bw="64" slack="0"/>
<pin id="2035" dir="1" index="2" bw="0" slack="2147483647"/>
</pin_list>
<bind>
<opcode="store(28) " fcode="store"/>
<opset="store_ln1155/30 "/>
</bind>
</comp>

<comp id="2038" class="1004" name="store_ln1156_store_fu_2038">
<pin_list>
<pin id="2039" dir="0" index="0" bw="1" slack="0"/>
<pin id="2040" dir="0" index="1" bw="1" slack="0"/>
<pin id="2041" dir="1" index="2" bw="0" slack="2147483647"/>
</pin_list>
<bind>
<opcode="store(28) " fcode="store"/>
<opset="store_ln1156/30 "/>
</bind>
</comp>

<comp id="2044" class="1004" name="store_ln1168_store_fu_2044">
<pin_list>
<pin id="2045" dir="0" index="0" bw="8" slack="0"/>
<pin id="2046" dir="0" index="1" bw="8" slack="0"/>
<pin id="2047" dir="1" index="2" bw="0" slack="2147483647"/>
</pin_list>
<bind>
<opcode="store(28) " fcode="store"/>
<opset="store_ln1168/30 "/>
</bind>
</comp>

<comp id="2050" class="1004" name="store_ln1169_store_fu_2050">
<pin_list>
<pin id="2051" dir="0" index="0" bw="64" slack="0"/>
<pin id="2052" dir="0" index="1" bw="64" slack="0"/>
<pin id="2053" dir="1" index="2" bw="0" slack="2147483647"/>
</pin_list>
<bind>
<opcode="store(28) " fcode="store"/>
<opset="store_ln1169/30 "/>
</bind>
</comp>

<comp id="2056" class="1004" name="store_ln1148_store_fu_2056">
<pin_list>
<pin id="2057" dir="0" index="0" bw="1" slack="0"/>
<pin id="2058" dir="0" index="1" bw="1" slack="0"/>
<pin id="2059" dir="1" index="2" bw="0" slack="2147483647"/>
</pin_list>
<bind>
<opcode="store(28) " fcode="store"/>
<opset="store_ln1148/30 "/>
</bind>
</comp>

<comp id="2062" class="1004" name="zext_ln646_fu_2062">
<pin_list>
<pin id="2063" dir="0" index="0" bw="5" slack="5"/>
<pin id="2064" dir="1" index="1" bw="64" slack="0"/>
</pin_list>
<bind>
<opcode="zext(34) " fcode="zext"/>
<opset="zext_ln646/30 "/>
</bind>
</comp>

<comp id="2068" class="1004" name="store_ln1163_store_fu_2068">
<pin_list>
<pin id="2069" dir="0" index="0" bw="1" slack="0"/>
<pin id="2070" dir="0" index="1" bw="1" slack="0"/>
<pin id="2071" dir="1" index="2" bw="0" slack="2147483647"/>
</pin_list>
<bind>
<opcode="store(28) " fcode="store"/>
<opset="store_ln1163/30 "/>
</bind>
</comp>

<comp id="2074" class="1004" name="store_ln1163_store_fu_2074">
<pin_list>
<pin id="2075" dir="0" index="0" bw="1" slack="0"/>
<pin id="2076" dir="0" index="1" bw="3" slack="0"/>
<pin id="2077" dir="1" index="2" bw="0" slack="2147483647"/>
</pin_list>
<bind>
<opcode="store(28) " fcode="store"/>
<opset="store_ln1163/30 "/>
</bind>
</comp>

<comp id="2080" class="1004" name="store_ln1163_store_fu_2080">
<pin_list>
<pin id="2081" dir="0" index="0" bw="1" slack="0"/>
<pin id="2082" dir="0" index="1" bw="2" slack="0"/>
<pin id="2083" dir="1" index="2" bw="0" slack="2147483647"/>
</pin_list>
<bind>
<opcode="store(28) " fcode="store"/>
<opset="store_ln1163/30 "/>
</bind>
</comp>

<comp id="2086" class="1004" name="store_ln1163_store_fu_2086">
<pin_list>
<pin id="2087" dir="0" index="0" bw="1" slack="0"/>
<pin id="2088" dir="0" index="1" bw="8" slack="0"/>
<pin id="2089" dir="1" index="2" bw="0" slack="2147483647"/>
</pin_list>
<bind>
<opcode="store(28) " fcode="store"/>
<opset="store_ln1163/30 "/>
</bind>
</comp>

<comp id="2092" class="1004" name="store_ln1163_store_fu_2092">
<pin_list>
<pin id="2093" dir="0" index="0" bw="1" slack="0"/>
<pin id="2094" dir="0" index="1" bw="1" slack="0"/>
<pin id="2095" dir="1" index="2" bw="0" slack="2147483647"/>
</pin_list>
<bind>
<opcode="store(28) " fcode="store"/>
<opset="store_ln1163/30 "/>
</bind>
</comp>

<comp id="2098" class="1004" name="store_ln1163_store_fu_2098">
<pin_list>
<pin id="2099" dir="0" index="0" bw="1" slack="0"/>
<pin id="2100" dir="0" index="1" bw="5" slack="0"/>
<pin id="2101" dir="1" index="2" bw="0" slack="2147483647"/>
</pin_list>
<bind>
<opcode="store(28) " fcode="store"/>
<opset="store_ln1163/30 "/>
</bind>
</comp>

<comp id="2104" class="1004" name="store_ln1163_store_fu_2104">
<pin_list>
<pin id="2105" dir="0" index="0" bw="1" slack="0"/>
<pin id="2106" dir="0" index="1" bw="2" slack="0"/>
<pin id="2107" dir="1" index="2" bw="0" slack="2147483647"/>
</pin_list>
<bind>
<opcode="store(28) " fcode="store"/>
<opset="store_ln1163/30 "/>
</bind>
</comp>

<comp id="2110" class="1004" name="store_ln1163_store_fu_2110">
<pin_list>
<pin id="2111" dir="0" index="0" bw="1" slack="0"/>
<pin id="2112" dir="0" index="1" bw="3" slack="0"/>
<pin id="2113" dir="1" index="2" bw="0" slack="2147483647"/>
</pin_list>
<bind>
<opcode="store(28) " fcode="store"/>
<opset="store_ln1163/30 "/>
</bind>
</comp>

<comp id="2116" class="1004" name="store_ln1163_store_fu_2116">
<pin_list>
<pin id="2117" dir="0" index="0" bw="1" slack="0"/>
<pin id="2118" dir="0" index="1" bw="1" slack="0"/>
<pin id="2119" dir="1" index="2" bw="0" slack="2147483647"/>
</pin_list>
<bind>
<opcode="store(28) " fcode="store"/>
<opset="store_ln1163/30 "/>
</bind>
</comp>

<comp id="2122" class="1004" name="store_ln1163_store_fu_2122">
<pin_list>
<pin id="2123" dir="0" index="0" bw="1" slack="0"/>
<pin id="2124" dir="0" index="1" bw="1" slack="0"/>
<pin id="2125" dir="1" index="2" bw="0" slack="2147483647"/>
</pin_list>
<bind>
<opcode="store(28) " fcode="store"/>
<opset="store_ln1163/30 "/>
</bind>
</comp>

<comp id="2128" class="1004" name="store_ln1163_store_fu_2128">
<pin_list>
<pin id="2129" dir="0" index="0" bw="1" slack="0"/>
<pin id="2130" dir="0" index="1" bw="64" slack="0"/>
<pin id="2131" dir="1" index="2" bw="0" slack="2147483647"/>
</pin_list>
<bind>
<opcode="store(28) " fcode="store"/>
<opset="store_ln1163/30 "/>
</bind>
</comp>

<comp id="2134" class="1004" name="store_ln1164_store_fu_2134">
<pin_list>
<pin id="2135" dir="0" index="0" bw="1" slack="0"/>
<pin id="2136" dir="0" index="1" bw="1" slack="0"/>
<pin id="2137" dir="1" index="2" bw="0" slack="2147483647"/>
</pin_list>
<bind>
<opcode="store(28) " fcode="store"/>
<opset="store_ln1164/30 "/>
</bind>
</comp>

<comp id="2140" class="1004" name="store_ln1168_store_fu_2140">
<pin_list>
<pin id="2141" dir="0" index="0" bw="8" slack="0"/>
<pin id="2142" dir="0" index="1" bw="8" slack="0"/>
<pin id="2143" dir="1" index="2" bw="0" slack="2147483647"/>
</pin_list>
<bind>
<opcode="store(28) " fcode="store"/>
<opset="store_ln1168/30 "/>
</bind>
</comp>

<comp id="2146" class="1004" name="store_ln1169_store_fu_2146">
<pin_list>
<pin id="2147" dir="0" index="0" bw="64" slack="0"/>
<pin id="2148" dir="0" index="1" bw="64" slack="0"/>
<pin id="2149" dir="1" index="2" bw="0" slack="2147483647"/>
</pin_list>
<bind>
<opcode="store(28) " fcode="store"/>
<opset="store_ln1169/30 "/>
</bind>
</comp>

<comp id="2152" class="1004" name="add_ln1171_fu_2152">
<pin_list>
<pin id="2153" dir="0" index="0" bw="8" slack="0"/>
<pin id="2154" dir="0" index="1" bw="1" slack="0"/>
<pin id="2155" dir="1" index="2" bw="8" slack="0"/>
</pin_list>
<bind>
<opcode="add(8) " fcode="add"/>
<opset="add_ln1171/30 "/>
</bind>
</comp>

<comp id="2158" class="1004" name="store_ln1171_store_fu_2158">
<pin_list>
<pin id="2159" dir="0" index="0" bw="8" slack="0"/>
<pin id="2160" dir="0" index="1" bw="8" slack="0"/>
<pin id="2161" dir="1" index="2" bw="0" slack="2147483647"/>
</pin_list>
<bind>
<opcode="store(28) " fcode="store"/>
<opset="store_ln1171/30 "/>
</bind>
</comp>

<comp id="2164" class="1004" name="state_completion_total_rob_completes_load_load_fu_2164">
<pin_list>
<pin id="2165" dir="0" index="0" bw="64" slack="0"/>
<pin id="2166" dir="1" index="1" bw="64" slack="0"/>
</pin_list>
<bind>
<opcode="load(27) " fcode="load"/>
<opset="state_completion_total_rob_completes_load/30 "/>
</bind>
</comp>

<comp id="2168" class="1004" name="add_ln1172_fu_2168">
<pin_list>
<pin id="2169" dir="0" index="0" bw="64" slack="0"/>
<pin id="2170" dir="0" index="1" bw="1" slack="0"/>
<pin id="2171" dir="1" index="2" bw="64" slack="0"/>
</pin_list>
<bind>
<opcode="add(8) " fcode="add"/>
<opset="add_ln1172/30 "/>
</bind>
</comp>

<comp id="2174" class="1004" name="store_ln1172_store_fu_2174">
<pin_list>
<pin id="2175" dir="0" index="0" bw="64" slack="0"/>
<pin id="2176" dir="0" index="1" bw="64" slack="0"/>
<pin id="2177" dir="1" index="2" bw="0" slack="2147483647"/>
</pin_list>
<bind>
<opcode="store(28) " fcode="store"/>
<opset="store_ln1172/30 "/>
</bind>
</comp>

<comp id="2180" class="1004" name="or_ln1174_fu_2180">
<pin_list>
<pin id="2181" dir="0" index="0" bw="1" slack="3"/>
<pin id="2182" dir="0" index="1" bw="1" slack="2"/>
<pin id="2183" dir="1" index="2" bw="1" slack="2147483647"/>
</pin_list>
<bind>
<opcode="or(24) " fcode="or"/>
<opset="or_ln1174/30 "/>
</bind>
</comp>

<comp id="2186" class="1004" name="trunc_ln1179_fu_2186">
<pin_list>
<pin id="2187" dir="0" index="0" bw="8" slack="0"/>
<pin id="2188" dir="1" index="1" bw="1" slack="2147483647"/>
</pin_list>
<bind>
<opcode="trunc(33) " fcode="trunc"/>
<opset="trunc_ln1179/30 "/>
</bind>
</comp>

<comp id="2190" class="1004" name="store_ln1179_store_fu_2190">
<pin_list>
<pin id="2191" dir="0" index="0" bw="1" slack="0"/>
<pin id="2192" dir="0" index="1" bw="1" slack="0"/>
<pin id="2193" dir="1" index="2" bw="0" slack="2147483647"/>
</pin_list>
<bind>
<opcode="store(28) " fcode="store"/>
<opset="store_ln1179/30 "/>
</bind>
</comp>

<comp id="2196" class="1004" name="store_ln1179_store_fu_2196">
<pin_list>
<pin id="2197" dir="0" index="0" bw="1" slack="0"/>
<pin id="2198" dir="0" index="1" bw="1" slack="0"/>
<pin id="2199" dir="1" index="2" bw="0" slack="2147483647"/>
</pin_list>
<bind>
<opcode="store(28) " fcode="store"/>
<opset="store_ln1179/30 "/>
</bind>
</comp>

<comp id="2202" class="1004" name="tmp_13_fu_2202">
<pin_list>
<pin id="2203" dir="0" index="0" bw="8" slack="0"/>
<pin id="2204" dir="0" index="1" bw="1" slack="0"/>
<pin id="2205" dir="0" index="2" bw="2" slack="5"/>
<pin id="2206" dir="0" index="3" bw="3" slack="5"/>
<pin id="2207" dir="0" index="4" bw="1" slack="0"/>
<pin id="2208" dir="0" index="5" bw="2" slack="3"/>
<pin id="2209" dir="1" index="6" bw="8" slack="0"/>
</pin_list>
<bind>
<opcode="mux(1196) " fcode="mux"/>
<opset="tmp_13/30 "/>
</bind>
</comp>

<comp id="2213" class="1004" name="store_ln1180_store_fu_2213">
<pin_list>
<pin id="2214" dir="0" index="0" bw="8" slack="0"/>
<pin id="2215" dir="0" index="1" bw="8" slack="0"/>
<pin id="2216" dir="1" index="2" bw="0" slack="2147483647"/>
</pin_list>
<bind>
<opcode="store(28) " fcode="store"/>
<opset="store_ln1180/30 "/>
</bind>
</comp>

<comp id="2219" class="1004" name="store_ln1180_store_fu_2219">
<pin_list>
<pin id="2220" dir="0" index="0" bw="8" slack="0"/>
<pin id="2221" dir="0" index="1" bw="8" slack="0"/>
<pin id="2222" dir="1" index="2" bw="0" slack="2147483647"/>
</pin_list>
<bind>
<opcode="store(28) " fcode="store"/>
<opset="store_ln1180/30 "/>
</bind>
</comp>

<comp id="2225" class="1004" name="tmp_14_fu_2225">
<pin_list>
<pin id="2226" dir="0" index="0" bw="64" slack="0"/>
<pin id="2227" dir="0" index="1" bw="1" slack="0"/>
<pin id="2228" dir="0" index="2" bw="64" slack="2147483647"/>
<pin id="2229" dir="0" index="3" bw="64" slack="5"/>
<pin id="2230" dir="0" index="4" bw="1" slack="0"/>
<pin id="2231" dir="0" index="5" bw="2" slack="3"/>
<pin id="2232" dir="1" index="6" bw="64" slack="0"/>
</pin_list>
<bind>
<opcode="mux(1196) " fcode="mux"/>
<opset="tmp_14/30 "/>
</bind>
</comp>

<comp id="2236" class="1004" name="store_ln1181_store_fu_2236">
<pin_list>
<pin id="2237" dir="0" index="0" bw="64" slack="0"/>
<pin id="2238" dir="0" index="1" bw="64" slack="0"/>
<pin id="2239" dir="1" index="2" bw="0" slack="2147483647"/>
</pin_list>
<bind>
<opcode="store(28) " fcode="store"/>
<opset="store_ln1181/30 "/>
</bind>
</comp>

<comp id="2242" class="1004" name="store_ln1181_store_fu_2242">
<pin_list>
<pin id="2243" dir="0" index="0" bw="64" slack="0"/>
<pin id="2244" dir="0" index="1" bw="64" slack="0"/>
<pin id="2245" dir="1" index="2" bw="0" slack="2147483647"/>
</pin_list>
<bind>
<opcode="store(28) " fcode="store"/>
<opset="store_ln1181/30 "/>
</bind>
</comp>

<comp id="2248" class="1004" name="write_count_load_2_load_fu_2248">
<pin_list>
<pin id="2249" dir="0" index="0" bw="8" slack="17"/>
<pin id="2250" dir="1" index="1" bw="8" slack="0"/>
</pin_list>
<bind>
<opcode="load(27) " fcode="load"/>
<opset="write_count_load_2/30 "/>
</bind>
</comp>

<comp id="2251" class="1004" name="write_count_1_fu_2251">
<pin_list>
<pin id="2252" dir="0" index="0" bw="8" slack="0"/>
<pin id="2253" dir="0" index="1" bw="1" slack="0"/>
<pin id="2254" dir="1" index="2" bw="8" slack="0"/>
</pin_list>
<bind>
<opcode="add(8) " fcode="add"/>
<opset="write_count_1/30 "/>
</bind>
</comp>

<comp id="2257" class="1004" name="add_ln1186_fu_2257">
<pin_list>
<pin id="2258" dir="0" index="0" bw="8" slack="0"/>
<pin id="2259" dir="0" index="1" bw="1" slack="0"/>
<pin id="2260" dir="1" index="2" bw="8" slack="0"/>
</pin_list>
<bind>
<opcode="add(8) " fcode="add"/>
<opset="add_ln1186/30 "/>
</bind>
</comp>

<comp id="2263" class="1004" name="store_ln1186_store_fu_2263">
<pin_list>
<pin id="2264" dir="0" index="0" bw="8" slack="0"/>
<pin id="2265" dir="0" index="1" bw="8" slack="0"/>
<pin id="2266" dir="1" index="2" bw="0" slack="2147483647"/>
</pin_list>
<bind>
<opcode="store(28) " fcode="store"/>
<opset="store_ln1186/30 "/>
</bind>
</comp>

<comp id="2269" class="1004" name="state_completion_total_prf_writes_load_load_fu_2269">
<pin_list>
<pin id="2270" dir="0" index="0" bw="64" slack="0"/>
<pin id="2271" dir="1" index="1" bw="64" slack="0"/>
</pin_list>
<bind>
<opcode="load(27) " fcode="load"/>
<opset="state_completion_total_prf_writes_load/30 "/>
</bind>
</comp>

<comp id="2273" class="1004" name="add_ln1187_fu_2273">
<pin_list>
<pin id="2274" dir="0" index="0" bw="64" slack="0"/>
<pin id="2275" dir="0" index="1" bw="1" slack="0"/>
<pin id="2276" dir="1" index="2" bw="64" slack="0"/>
</pin_list>
<bind>
<opcode="add(8) " fcode="add"/>
<opset="add_ln1187/30 "/>
</bind>
</comp>

<comp id="2279" class="1004" name="store_ln1187_store_fu_2279">
<pin_list>
<pin id="2280" dir="0" index="0" bw="64" slack="0"/>
<pin id="2281" dir="0" index="1" bw="64" slack="0"/>
<pin id="2282" dir="1" index="2" bw="0" slack="2147483647"/>
</pin_list>
<bind>
<opcode="store(28) " fcode="store"/>
<opset="store_ln1187/30 "/>
</bind>
</comp>

<comp id="2285" class="1004" name="store_ln1185_store_fu_2285">
<pin_list>
<pin id="2286" dir="0" index="0" bw="8" slack="0"/>
<pin id="2287" dir="0" index="1" bw="8" slack="17"/>
<pin id="2288" dir="1" index="2" bw="0" slack="2147483647"/>
</pin_list>
<bind>
<opcode="store(28) " fcode="store"/>
<opset="store_ln1185/30 "/>
</bind>
</comp>

<comp id="2290" class="1004" name="state_completion_dropped_writebacks_load_load_fu_2290">
<pin_list>
<pin id="2291" dir="0" index="0" bw="64" slack="0"/>
<pin id="2292" dir="1" index="1" bw="64" slack="0"/>
</pin_list>
<bind>
<opcode="load(27) " fcode="load"/>
<opset="state_completion_dropped_writebacks_load/30 "/>
</bind>
</comp>

<comp id="2294" class="1004" name="add_ln1176_fu_2294">
<pin_list>
<pin id="2295" dir="0" index="0" bw="64" slack="0"/>
<pin id="2296" dir="0" index="1" bw="1" slack="0"/>
<pin id="2297" dir="1" index="2" bw="64" slack="0"/>
</pin_list>
<bind>
<opcode="add(8) " fcode="add"/>
<opset="add_ln1176/30 "/>
</bind>
</comp>

<comp id="2300" class="1004" name="store_ln1176_store_fu_2300">
<pin_list>
<pin id="2301" dir="0" index="0" bw="64" slack="0"/>
<pin id="2302" dir="0" index="1" bw="64" slack="0"/>
<pin id="2303" dir="1" index="2" bw="0" slack="2147483647"/>
</pin_list>
<bind>
<opcode="store(28) " fcode="store"/>
<opset="store_ln1176/30 "/>
</bind>
</comp>

<comp id="2306" class="1004" name="tmp_15_fu_2306">
<pin_list>
<pin id="2307" dir="0" index="0" bw="1" slack="0"/>
<pin id="2308" dir="0" index="1" bw="1" slack="0"/>
<pin id="2309" dir="0" index="2" bw="1" slack="0"/>
<pin id="2310" dir="0" index="3" bw="1" slack="0"/>
<pin id="2311" dir="0" index="4" bw="1" slack="0"/>
<pin id="2312" dir="0" index="5" bw="2" slack="3"/>
<pin id="2313" dir="1" index="6" bw="1" slack="0"/>
</pin_list>
<bind>
<opcode="mux(1196) " fcode="mux"/>
<opset="tmp_15/30 "/>
</bind>
</comp>

<comp id="2319" class="1004" name="icmp_ln1191_fu_2319">
<pin_list>
<pin id="2320" dir="0" index="0" bw="8" slack="3"/>
<pin id="2321" dir="0" index="1" bw="4" slack="0"/>
<pin id="2322" dir="1" index="2" bw="1" slack="0"/>
</pin_list>
<bind>
<opcode="icmp(45) " fcode="icmp"/>
<opset="icmp_ln1191/30 "/>
</bind>
</comp>

<comp id="2324" class="1004" name="or_ln1190_fu_2324">
<pin_list>
<pin id="2325" dir="0" index="0" bw="1" slack="0"/>
<pin id="2326" dir="0" index="1" bw="1" slack="0"/>
<pin id="2327" dir="1" index="2" bw="1" slack="2147483647"/>
</pin_list>
<bind>
<opcode="or(24) " fcode="or"/>
<opset="or_ln1190/30 "/>
</bind>
</comp>

<comp id="2330" class="1004" name="store_ln1089_store_fu_2330">
<pin_list>
<pin id="2331" dir="0" index="0" bw="2" slack="16"/>
<pin id="2332" dir="0" index="1" bw="2" slack="17"/>
<pin id="2333" dir="1" index="2" bw="0" slack="2147483647"/>
</pin_list>
<bind>
<opcode="store(28) " fcode="store"/>
<opset="store_ln1089/30 "/>
</bind>
</comp>

<comp id="2334" class="1004" name="store_ln1168_store_fu_2334">
<pin_list>
<pin id="2335" dir="0" index="0" bw="8" slack="0"/>
<pin id="2336" dir="0" index="1" bw="8" slack="0"/>
<pin id="2337" dir="1" index="2" bw="0" slack="2147483647"/>
</pin_list>
<bind>
<opcode="store(28) " fcode="store"/>
<opset="store_ln1168/31 "/>
</bind>
</comp>

<comp id="2340" class="1004" name="store_ln1169_store_fu_2340">
<pin_list>
<pin id="2341" dir="0" index="0" bw="64" slack="0"/>
<pin id="2342" dir="0" index="1" bw="64" slack="0"/>
<pin id="2343" dir="1" index="2" bw="0" slack="2147483647"/>
</pin_list>
<bind>
<opcode="store(28) " fcode="store"/>
<opset="store_ln1169/31 "/>
</bind>
</comp>

<comp id="2346" class="1004" name="icmp_ln660_fu_2346">
<pin_list>
<pin id="2347" dir="0" index="0" bw="3" slack="4"/>
<pin id="2348" dir="0" index="1" bw="3" slack="0"/>
<pin id="2349" dir="1" index="2" bw="1" slack="1"/>
</pin_list>
<bind>
<opcode="icmp(45) " fcode="icmp"/>
<opset="icmp_ln660/32 "/>
</bind>
</comp>

<comp id="2351" class="1004" name="state_completion_peak_completion_accepts_load_load_fu_2351">
<pin_list>
<pin id="2352" dir="0" index="0" bw="8" slack="0"/>
<pin id="2353" dir="1" index="1" bw="8" slack="0"/>
</pin_list>
<bind>
<opcode="load(27) " fcode="load"/>
<opset="state_completion_peak_completion_accepts_load/33 "/>
</bind>
</comp>

<comp id="2355" class="1004" name="icmp_ln1196_fu_2355">
<pin_list>
<pin id="2356" dir="0" index="0" bw="8" slack="0"/>
<pin id="2357" dir="0" index="1" bw="8" slack="0"/>
<pin id="2358" dir="1" index="2" bw="1" slack="2147483647"/>
</pin_list>
<bind>
<opcode="icmp(45) " fcode="icmp"/>
<opset="icmp_ln1196/33 "/>
</bind>
</comp>

<comp id="2361" class="1004" name="store_ln1197_store_fu_2361">
<pin_list>
<pin id="2362" dir="0" index="0" bw="8" slack="0"/>
<pin id="2363" dir="0" index="1" bw="8" slack="0"/>
<pin id="2364" dir="1" index="2" bw="0" slack="2147483647"/>
</pin_list>
<bind>
<opcode="store(28) " fcode="store"/>
<opset="store_ln1197/33 "/>
</bind>
</comp>

<comp id="2367" class="1004" name="state_completion_peak_rob_completes_load_load_fu_2367">
<pin_list>
<pin id="2368" dir="0" index="0" bw="8" slack="0"/>
<pin id="2369" dir="1" index="1" bw="8" slack="0"/>
</pin_list>
<bind>
<opcode="load(27) " fcode="load"/>
<opset="state_completion_peak_rob_completes_load/33 "/>
</bind>
</comp>

<comp id="2371" class="1004" name="icmp_ln1198_fu_2371">
<pin_list>
<pin id="2372" dir="0" index="0" bw="8" slack="0"/>
<pin id="2373" dir="0" index="1" bw="8" slack="0"/>
<pin id="2374" dir="1" index="2" bw="1" slack="2147483647"/>
</pin_list>
<bind>
<opcode="icmp(45) " fcode="icmp"/>
<opset="icmp_ln1198/33 "/>
</bind>
</comp>

<comp id="2377" class="1004" name="store_ln1199_store_fu_2377">
<pin_list>
<pin id="2378" dir="0" index="0" bw="8" slack="0"/>
<pin id="2379" dir="0" index="1" bw="8" slack="0"/>
<pin id="2380" dir="1" index="2" bw="0" slack="2147483647"/>
</pin_list>
<bind>
<opcode="store(28) " fcode="store"/>
<opset="store_ln1199/33 "/>
</bind>
</comp>

<comp id="2383" class="1004" name="state_completion_peak_prf_writes_load_load_fu_2383">
<pin_list>
<pin id="2384" dir="0" index="0" bw="8" slack="0"/>
<pin id="2385" dir="1" index="1" bw="8" slack="0"/>
</pin_list>
<bind>
<opcode="load(27) " fcode="load"/>
<opset="state_completion_peak_prf_writes_load/33 "/>
</bind>
</comp>

<comp id="2387" class="1004" name="icmp_ln1200_fu_2387">
<pin_list>
<pin id="2388" dir="0" index="0" bw="8" slack="0"/>
<pin id="2389" dir="0" index="1" bw="8" slack="0"/>
<pin id="2390" dir="1" index="2" bw="1" slack="2147483647"/>
</pin_list>
<bind>
<opcode="icmp(45) " fcode="icmp"/>
<opset="icmp_ln1200/33 "/>
</bind>
</comp>

<comp id="2393" class="1004" name="store_ln1201_store_fu_2393">
<pin_list>
<pin id="2394" dir="0" index="0" bw="8" slack="0"/>
<pin id="2395" dir="0" index="1" bw="8" slack="0"/>
<pin id="2396" dir="1" index="2" bw="0" slack="2147483647"/>
</pin_list>
<bind>
<opcode="store(28) " fcode="store"/>
<opset="store_ln1201/33 "/>
</bind>
</comp>

<comp id="2399" class="1005" name="i_reg_2399">
<pin_list>
<pin id="2400" dir="0" index="0" bw="2" slack="0"/>
<pin id="2401" dir="1" index="1" bw="2" slack="0"/>
</pin_list>
<bind>
<opset="i "/>
</bind>
</comp>

<comp id="2412" class="1005" name="state_completion_validation_fault_this_cycle_load_reg_2412">
<pin_list>
<pin id="2413" dir="0" index="0" bw="1" slack="19"/>
<pin id="2414" dir="1" index="1" bw="1" slack="2147483647"/>
</pin_list>
<bind>
<opset="state_completion_validation_fault_this_cycle_load "/>
</bind>
</comp>

<comp id="2416" class="1005" name="i_13_reg_2416">
<pin_list>
<pin id="2417" dir="0" index="0" bw="6" slack="0"/>
<pin id="2418" dir="1" index="1" bw="6" slack="0"/>
</pin_list>
<bind>
<opset="i_13 "/>
</bind>
</comp>

<comp id="2423" class="1005" name="exception_age_reg_2423">
<pin_list>
<pin id="2424" dir="0" index="0" bw="8" slack="0"/>
<pin id="2425" dir="1" index="1" bw="8" slack="0"/>
</pin_list>
<bind>
<opset="exception_age "/>
</bind>
</comp>

<comp id="2430" class="1005" name="valid_reg_2430">
<pin_list>
<pin id="2431" dir="0" index="0" bw="1" slack="0"/>
<pin id="2432" dir="1" index="1" bw="1" slack="0"/>
</pin_list>
<bind>
<opset="valid "/>
</bind>
</comp>

<comp id="2443" class="1005" name="zext_ln717_reg_2443">
<pin_list>
<pin id="2444" dir="0" index="0" bw="64" slack="1"/>
<pin id="2445" dir="1" index="1" bw="64" slack="1"/>
</pin_list>
<bind>
<opset="zext_ln717 "/>
</bind>
</comp>

<comp id="2452" class="1005" name="add_ln717_reg_2452">
<pin_list>
<pin id="2453" dir="0" index="0" bw="6" slack="3"/>
<pin id="2454" dir="1" index="1" bw="6" slack="3"/>
</pin_list>
<bind>
<opset="add_ln717 "/>
</bind>
</comp>

<comp id="2457" class="1005" name="state_rob_entries_valid_addr_reg_2457">
<pin_list>
<pin id="2458" dir="0" index="0" bw="5" slack="1"/>
<pin id="2459" dir="1" index="1" bw="5" slack="1"/>
</pin_list>
<bind>
<opset="state_rob_entries_valid_addr "/>
</bind>
</comp>

<comp id="2462" class="1005" name="service_reg_2462">
<pin_list>
<pin id="2463" dir="0" index="0" bw="2" slack="0"/>
<pin id="2464" dir="1" index="1" bw="2" slack="0"/>
</pin_list>
<bind>
<opset="service "/>
</bind>
</comp>

<comp id="2469" class="1005" name="write_count_reg_2469">
<pin_list>
<pin id="2470" dir="0" index="0" bw="8" slack="0"/>
<pin id="2471" dir="1" index="1" bw="8" slack="0"/>
</pin_list>
<bind>
<opset="write_count "/>
</bind>
</comp>

<comp id="2477" class="1005" name="state_rob_entries_valid_load_reg_2477">
<pin_list>
<pin id="2478" dir="0" index="0" bw="1" slack="2"/>
<pin id="2479" dir="1" index="1" bw="1" slack="2147483647"/>
</pin_list>
<bind>
<opset="state_rob_entries_valid_load "/>
</bind>
</comp>

<comp id="2481" class="1005" name="state_rob_entries_exception_addr_reg_2481">
<pin_list>
<pin id="2482" dir="0" index="0" bw="5" slack="1"/>
<pin id="2483" dir="1" index="1" bw="5" slack="1"/>
</pin_list>
<bind>
<opset="state_rob_entries_exception_addr "/>
</bind>
</comp>

<comp id="2486" class="1005" name="state_rob_entries_exception_load_reg_2486">
<pin_list>
<pin id="2487" dir="0" index="0" bw="1" slack="1"/>
<pin id="2488" dir="1" index="1" bw="1" slack="2147483647"/>
</pin_list>
<bind>
<opset="state_rob_entries_exception_load "/>
</bind>
</comp>

<comp id="2490" class="1005" name="state_rob_entries_uop_queue_rob_idx_addr_reg_2490">
<pin_list>
<pin id="2491" dir="0" index="0" bw="5" slack="1"/>
<pin id="2492" dir="1" index="1" bw="5" slack="1"/>
</pin_list>
<bind>
<opset="state_rob_entries_uop_queue_rob_idx_addr "/>
</bind>
</comp>

<comp id="2498" class="1005" name="icmp_ln1089_reg_2498">
<pin_list>
<pin id="2499" dir="0" index="0" bw="1" slack="13"/>
<pin id="2500" dir="1" index="1" bw="1" slack="2147483647"/>
</pin_list>
<bind>
<opset="icmp_ln1089 "/>
</bind>
</comp>

<comp id="2502" class="1005" name="service_2_reg_2502">
<pin_list>
<pin id="2503" dir="0" index="0" bw="2" slack="16"/>
<pin id="2504" dir="1" index="1" bw="2" slack="16"/>
</pin_list>
<bind>
<opset="service_2 "/>
</bind>
</comp>

<comp id="2507" class="1005" name="state_completion_mem_execute_valid_load_reg_2507">
<pin_list>
<pin id="2508" dir="0" index="0" bw="1" slack="5"/>
<pin id="2509" dir="1" index="1" bw="1" slack="2147483647"/>
</pin_list>
<bind>
<opset="state_completion_mem_execute_valid_load "/>
</bind>
</comp>

<comp id="2511" class="1005" name="zext_ln972_reg_2511">
<pin_list>
<pin id="2512" dir="0" index="0" bw="8" slack="1"/>
<pin id="2513" dir="1" index="1" bw="8" slack="1"/>
</pin_list>
<bind>
<opset="zext_ln972 "/>
</bind>
</comp>

<comp id="2516" class="1005" name="zext_ln972_1_reg_2516">
<pin_list>
<pin id="2517" dir="0" index="0" bw="8" slack="1"/>
<pin id="2518" dir="1" index="1" bw="8" slack="1"/>
</pin_list>
<bind>
<opset="zext_ln972_1 "/>
</bind>
</comp>

<comp id="2521" class="1005" name="zext_ln972_2_reg_2521">
<pin_list>
<pin id="2522" dir="0" index="0" bw="8" slack="1"/>
<pin id="2523" dir="1" index="1" bw="8" slack="1"/>
</pin_list>
<bind>
<opset="zext_ln972_2 "/>
</bind>
</comp>

<comp id="2526" class="1005" name="state_completion_mem_execute_uop_queue_rob_allocation_id_load_reg_2526">
<pin_list>
<pin id="2527" dir="0" index="0" bw="2" slack="4"/>
<pin id="2528" dir="1" index="1" bw="2" slack="4"/>
</pin_list>
<bind>
<opset="state_completion_mem_execute_uop_queue_rob_allocation_id_load "/>
</bind>
</comp>

<comp id="2531" class="1005" name="zext_ln972_3_reg_2531">
<pin_list>
<pin id="2532" dir="0" index="0" bw="32" slack="1"/>
<pin id="2533" dir="1" index="1" bw="32" slack="1"/>
</pin_list>
<bind>
<opset="zext_ln972_3 "/>
</bind>
</comp>

<comp id="2536" class="1005" name="tmp_2_reg_2536">
<pin_list>
<pin id="2537" dir="0" index="0" bw="1" slack="4"/>
<pin id="2538" dir="1" index="1" bw="1" slack="2147483647"/>
</pin_list>
<bind>
<opset="tmp_2 "/>
</bind>
</comp>

<comp id="2540" class="1005" name="zext_ln577_reg_2540">
<pin_list>
<pin id="2541" dir="0" index="0" bw="64" slack="1"/>
<pin id="2542" dir="1" index="1" bw="64" slack="1"/>
</pin_list>
<bind>
<opset="zext_ln577 "/>
</bind>
</comp>

<comp id="2546" class="1005" name="state_rob_entries_valid_addr_4_reg_2546">
<pin_list>
<pin id="2547" dir="0" index="0" bw="5" slack="1"/>
<pin id="2548" dir="1" index="1" bw="5" slack="1"/>
</pin_list>
<bind>
<opset="state_rob_entries_valid_addr_4 "/>
</bind>
</comp>

<comp id="2551" class="1005" name="state_rob_entries_valid_load_1_reg_2551">
<pin_list>
<pin id="2552" dir="0" index="0" bw="1" slack="2"/>
<pin id="2553" dir="1" index="1" bw="1" slack="2147483647"/>
</pin_list>
<bind>
<opset="state_rob_entries_valid_load_1 "/>
</bind>
</comp>

<comp id="2555" class="1005" name="state_rob_entries_uop_queue_rob_allocation_id_addr_3_reg_2555">
<pin_list>
<pin id="2556" dir="0" index="0" bw="5" slack="1"/>
<pin id="2557" dir="1" index="1" bw="5" slack="1"/>
</pin_list>
<bind>
<opset="state_rob_entries_uop_queue_rob_allocation_id_addr_3 "/>
</bind>
</comp>

<comp id="2560" class="1005" name="icmp_ln578_reg_2560">
<pin_list>
<pin id="2561" dir="0" index="0" bw="1" slack="1"/>
<pin id="2562" dir="1" index="1" bw="1" slack="2147483647"/>
</pin_list>
<bind>
<opset="icmp_ln578 "/>
</bind>
</comp>

<comp id="2564" class="1005" name="state_rob_entries_busy_addr_3_reg_2564">
<pin_list>
<pin id="2565" dir="0" index="0" bw="5" slack="1"/>
<pin id="2566" dir="1" index="1" bw="5" slack="1"/>
</pin_list>
<bind>
<opset="state_rob_entries_busy_addr_3 "/>
</bind>
</comp>

<comp id="2572" class="1005" name="state_completion_int_execute_valid_load_reg_2572">
<pin_list>
<pin id="2573" dir="0" index="0" bw="1" slack="6"/>
<pin id="2574" dir="1" index="1" bw="1" slack="2147483647"/>
</pin_list>
<bind>
<opset="state_completion_int_execute_valid_load "/>
</bind>
</comp>

<comp id="2576" class="1005" name="zext_ln979_reg_2576">
<pin_list>
<pin id="2577" dir="0" index="0" bw="8" slack="1"/>
<pin id="2578" dir="1" index="1" bw="8" slack="1"/>
</pin_list>
<bind>
<opset="zext_ln979 "/>
</bind>
</comp>

<comp id="2581" class="1005" name="zext_ln979_1_reg_2581">
<pin_list>
<pin id="2582" dir="0" index="0" bw="8" slack="1"/>
<pin id="2583" dir="1" index="1" bw="8" slack="1"/>
</pin_list>
<bind>
<opset="zext_ln979_1 "/>
</bind>
</comp>

<comp id="2586" class="1005" name="zext_ln979_2_reg_2586">
<pin_list>
<pin id="2587" dir="0" index="0" bw="8" slack="1"/>
<pin id="2588" dir="1" index="1" bw="8" slack="1"/>
</pin_list>
<bind>
<opset="zext_ln979_2 "/>
</bind>
</comp>

<comp id="2591" class="1005" name="state_completion_int_execute_uop_queue_rob_allocation_id_load_reg_2591">
<pin_list>
<pin id="2592" dir="0" index="0" bw="2" slack="4"/>
<pin id="2593" dir="1" index="1" bw="2" slack="4"/>
</pin_list>
<bind>
<opset="state_completion_int_execute_uop_queue_rob_allocation_id_load "/>
</bind>
</comp>

<comp id="2596" class="1005" name="zext_ln979_3_reg_2596">
<pin_list>
<pin id="2597" dir="0" index="0" bw="32" slack="1"/>
<pin id="2598" dir="1" index="1" bw="32" slack="1"/>
</pin_list>
<bind>
<opset="zext_ln979_3 "/>
</bind>
</comp>

<comp id="2601" class="1005" name="tmp_3_reg_2601">
<pin_list>
<pin id="2602" dir="0" index="0" bw="1" slack="4"/>
<pin id="2603" dir="1" index="1" bw="1" slack="2147483647"/>
</pin_list>
<bind>
<opset="tmp_3 "/>
</bind>
</comp>

<comp id="2605" class="1005" name="zext_ln577_1_reg_2605">
<pin_list>
<pin id="2606" dir="0" index="0" bw="64" slack="1"/>
<pin id="2607" dir="1" index="1" bw="64" slack="1"/>
</pin_list>
<bind>
<opset="zext_ln577_1 "/>
</bind>
</comp>

<comp id="2611" class="1005" name="state_rob_entries_valid_addr_5_reg_2611">
<pin_list>
<pin id="2612" dir="0" index="0" bw="5" slack="1"/>
<pin id="2613" dir="1" index="1" bw="5" slack="1"/>
</pin_list>
<bind>
<opset="state_rob_entries_valid_addr_5 "/>
</bind>
</comp>

<comp id="2616" class="1005" name="state_rob_entries_valid_load_2_reg_2616">
<pin_list>
<pin id="2617" dir="0" index="0" bw="1" slack="2"/>
<pin id="2618" dir="1" index="1" bw="1" slack="2147483647"/>
</pin_list>
<bind>
<opset="state_rob_entries_valid_load_2 "/>
</bind>
</comp>

<comp id="2620" class="1005" name="state_rob_entries_uop_queue_rob_allocation_id_addr_reg_2620">
<pin_list>
<pin id="2621" dir="0" index="0" bw="5" slack="1"/>
<pin id="2622" dir="1" index="1" bw="5" slack="1"/>
</pin_list>
<bind>
<opset="state_rob_entries_uop_queue_rob_allocation_id_addr "/>
</bind>
</comp>

<comp id="2625" class="1005" name="icmp_ln578_1_reg_2625">
<pin_list>
<pin id="2626" dir="0" index="0" bw="1" slack="1"/>
<pin id="2627" dir="1" index="1" bw="1" slack="2147483647"/>
</pin_list>
<bind>
<opset="icmp_ln578_1 "/>
</bind>
</comp>

<comp id="2629" class="1005" name="state_rob_entries_busy_addr_reg_2629">
<pin_list>
<pin id="2630" dir="0" index="0" bw="5" slack="1"/>
<pin id="2631" dir="1" index="1" bw="5" slack="1"/>
</pin_list>
<bind>
<opset="state_rob_entries_busy_addr "/>
</bind>
</comp>

<comp id="2637" class="1005" name="ports_valid_1_reg_2637">
<pin_list>
<pin id="2638" dir="0" index="0" bw="1" slack="1"/>
<pin id="2639" dir="1" index="1" bw="1" slack="1"/>
</pin_list>
<bind>
<opset="ports_valid_1 "/>
</bind>
</comp>

<comp id="2645" class="1005" name="ports_kind_1_reg_2645">
<pin_list>
<pin id="2646" dir="0" index="0" bw="3" slack="1"/>
<pin id="2647" dir="1" index="1" bw="3" slack="1"/>
</pin_list>
<bind>
<opset="ports_kind_1 "/>
</bind>
</comp>

<comp id="2653" class="1005" name="zext_ln688_reg_2653">
<pin_list>
<pin id="2654" dir="0" index="0" bw="8" slack="2"/>
<pin id="2655" dir="1" index="1" bw="8" slack="2"/>
</pin_list>
<bind>
<opset="zext_ln688 "/>
</bind>
</comp>

<comp id="2659" class="1005" name="zext_ln688_1_reg_2659">
<pin_list>
<pin id="2660" dir="0" index="0" bw="8" slack="2"/>
<pin id="2661" dir="1" index="1" bw="8" slack="2"/>
</pin_list>
<bind>
<opset="zext_ln688_1 "/>
</bind>
</comp>

<comp id="2665" class="1005" name="zext_ln688_2_reg_2665">
<pin_list>
<pin id="2666" dir="0" index="0" bw="2" slack="1"/>
<pin id="2667" dir="1" index="1" bw="2" slack="1"/>
</pin_list>
<bind>
<opset="zext_ln688_2 "/>
</bind>
</comp>

<comp id="2672" class="1005" name="zext_ln638_reg_2672">
<pin_list>
<pin id="2673" dir="0" index="0" bw="8" slack="1"/>
<pin id="2674" dir="1" index="1" bw="8" slack="1"/>
</pin_list>
<bind>
<opset="zext_ln638 "/>
</bind>
</comp>

<comp id="2680" class="1005" name="zext_ln688_3_reg_2680">
<pin_list>
<pin id="2681" dir="0" index="0" bw="32" slack="1"/>
<pin id="2682" dir="1" index="1" bw="32" slack="1"/>
</pin_list>
<bind>
<opset="zext_ln688_3 "/>
</bind>
</comp>

<comp id="2688" class="1005" name="zext_ln688_4_reg_2688">
<pin_list>
<pin id="2689" dir="0" index="0" bw="8" slack="5"/>
<pin id="2690" dir="1" index="1" bw="8" slack="5"/>
</pin_list>
<bind>
<opset="zext_ln688_4 "/>
</bind>
</comp>

<comp id="2693" class="1005" name="zext_ln688_5_reg_2693">
<pin_list>
<pin id="2694" dir="0" index="0" bw="3" slack="3"/>
<pin id="2695" dir="1" index="1" bw="3" slack="3"/>
</pin_list>
<bind>
<opset="zext_ln688_5 "/>
</bind>
</comp>

<comp id="2705" class="1005" name="ports_valid_2_reg_2705">
<pin_list>
<pin id="2706" dir="0" index="0" bw="1" slack="1"/>
<pin id="2707" dir="1" index="1" bw="1" slack="1"/>
</pin_list>
<bind>
<opset="ports_valid_2 "/>
</bind>
</comp>

<comp id="2713" class="1005" name="ports_kind_2_reg_2713">
<pin_list>
<pin id="2714" dir="0" index="0" bw="3" slack="1"/>
<pin id="2715" dir="1" index="1" bw="3" slack="1"/>
</pin_list>
<bind>
<opset="ports_kind_2 "/>
</bind>
</comp>

<comp id="2723" class="1005" name="zext_ln689_reg_2723">
<pin_list>
<pin id="2724" dir="0" index="0" bw="8" slack="2"/>
<pin id="2725" dir="1" index="1" bw="8" slack="2"/>
</pin_list>
<bind>
<opset="zext_ln689 "/>
</bind>
</comp>

<comp id="2729" class="1005" name="ports_source_2_reg_2729">
<pin_list>
<pin id="2730" dir="0" index="0" bw="2" slack="1"/>
<pin id="2731" dir="1" index="1" bw="2" slack="1"/>
</pin_list>
<bind>
<opset="ports_source_2 "/>
</bind>
</comp>

<comp id="2738" class="1005" name="zext_ln689_1_reg_2738">
<pin_list>
<pin id="2739" dir="0" index="0" bw="8" slack="2"/>
<pin id="2740" dir="1" index="1" bw="8" slack="2"/>
</pin_list>
<bind>
<opset="zext_ln689_1 "/>
</bind>
</comp>

<comp id="2744" class="1005" name="zext_ln638_1_reg_2744">
<pin_list>
<pin id="2745" dir="0" index="0" bw="8" slack="1"/>
<pin id="2746" dir="1" index="1" bw="8" slack="1"/>
</pin_list>
<bind>
<opset="zext_ln638_1 "/>
</bind>
</comp>

<comp id="2755" class="1005" name="zext_ln689_2_reg_2755">
<pin_list>
<pin id="2756" dir="0" index="0" bw="32" slack="1"/>
<pin id="2757" dir="1" index="1" bw="32" slack="1"/>
</pin_list>
<bind>
<opset="zext_ln689_2 "/>
</bind>
</comp>

<comp id="2766" class="1005" name="ports_uop_rename_pdst_2_reg_2766">
<pin_list>
<pin id="2767" dir="0" index="0" bw="3" slack="3"/>
<pin id="2768" dir="1" index="1" bw="3" slack="3"/>
</pin_list>
<bind>
<opset="ports_uop_rename_pdst_2 "/>
</bind>
</comp>

<comp id="2772" class="1005" name="zext_ln689_3_reg_2772">
<pin_list>
<pin id="2773" dir="0" index="0" bw="8" slack="5"/>
<pin id="2774" dir="1" index="1" bw="8" slack="5"/>
</pin_list>
<bind>
<opset="zext_ln689_3 "/>
</bind>
</comp>

<comp id="2777" class="1005" name="ports_writes_prf_2_reg_2777">
<pin_list>
<pin id="2778" dir="0" index="0" bw="1" slack="2"/>
<pin id="2779" dir="1" index="1" bw="1" slack="2"/>
</pin_list>
<bind>
<opset="ports_writes_prf_2 "/>
</bind>
</comp>

<comp id="2784" class="1005" name="ports_value_2_reg_2784">
<pin_list>
<pin id="2785" dir="0" index="0" bw="64" slack="3"/>
<pin id="2786" dir="1" index="1" bw="64" slack="3"/>
</pin_list>
<bind>
<opset="ports_value_2 "/>
</bind>
</comp>

<comp id="2794" class="1005" name="add_ln1097_reg_2794">
<pin_list>
<pin id="2795" dir="0" index="0" bw="2" slack="0"/>
<pin id="2796" dir="1" index="1" bw="2" slack="0"/>
</pin_list>
<bind>
<opset="add_ln1097 "/>
</bind>
</comp>

<comp id="2799" class="1005" name="and_ln1098_reg_2799">
<pin_list>
<pin id="2800" dir="0" index="0" bw="1" slack="1"/>
<pin id="2801" dir="1" index="1" bw="1" slack="1"/>
</pin_list>
<bind>
<opset="and_ln1098 "/>
</bind>
</comp>

<comp id="2804" class="1005" name="select_ln1098_2_reg_2804">
<pin_list>
<pin id="2805" dir="0" index="0" bw="3" slack="1"/>
<pin id="2806" dir="1" index="1" bw="3" slack="1"/>
</pin_list>
<bind>
<opset="select_ln1098_2 "/>
</bind>
</comp>

<comp id="2809" class="1005" name="zext_ln1098_reg_2809">
<pin_list>
<pin id="2810" dir="0" index="0" bw="8" slack="1"/>
<pin id="2811" dir="1" index="1" bw="8" slack="1"/>
</pin_list>
<bind>
<opset="zext_ln1098 "/>
</bind>
</comp>

<comp id="2814" class="1005" name="zext_ln1098_1_reg_2814">
<pin_list>
<pin id="2815" dir="0" index="0" bw="8" slack="1"/>
<pin id="2816" dir="1" index="1" bw="8" slack="1"/>
</pin_list>
<bind>
<opset="zext_ln1098_1 "/>
</bind>
</comp>

<comp id="2819" class="1005" name="phi_ln1098_3_reg_2819">
<pin_list>
<pin id="2820" dir="0" index="0" bw="8" slack="1"/>
<pin id="2821" dir="1" index="1" bw="8" slack="1"/>
</pin_list>
<bind>
<opset="phi_ln1098_3 "/>
</bind>
</comp>

<comp id="2825" class="1005" name="phi_ln1098_4_reg_2825">
<pin_list>
<pin id="2826" dir="0" index="0" bw="32" slack="1"/>
<pin id="2827" dir="1" index="1" bw="32" slack="1"/>
</pin_list>
<bind>
<opset="phi_ln1098_4 "/>
</bind>
</comp>

<comp id="2830" class="1005" name="icmp_reg_2830">
<pin_list>
<pin id="2831" dir="0" index="0" bw="1" slack="4"/>
<pin id="2832" dir="1" index="1" bw="1" slack="2147483647"/>
</pin_list>
<bind>
<opset="icmp "/>
</bind>
</comp>

<comp id="2834" class="1005" name="xor_ln1123_reg_2834">
<pin_list>
<pin id="2835" dir="0" index="0" bw="1" slack="5"/>
<pin id="2836" dir="1" index="1" bw="1" slack="5"/>
</pin_list>
<bind>
<opset="xor_ln1123 "/>
</bind>
</comp>

<comp id="2863" class="1005" name="zext_ln1101_reg_2863">
<pin_list>
<pin id="2864" dir="0" index="0" bw="8" slack="1"/>
<pin id="2865" dir="1" index="1" bw="8" slack="1"/>
</pin_list>
<bind>
<opset="zext_ln1101 "/>
</bind>
</comp>

<comp id="2868" class="1005" name="zext_ln1107_reg_2868">
<pin_list>
<pin id="2869" dir="0" index="0" bw="32" slack="4"/>
<pin id="2870" dir="1" index="1" bw="32" slack="4"/>
</pin_list>
<bind>
<opset="zext_ln1107 "/>
</bind>
</comp>

<comp id="2877" class="1005" name="add_ln1107_reg_2877">
<pin_list>
<pin id="2878" dir="0" index="0" bw="2" slack="0"/>
<pin id="2879" dir="1" index="1" bw="2" slack="0"/>
</pin_list>
<bind>
<opset="add_ln1107 "/>
</bind>
</comp>

<comp id="2882" class="1005" name="zext_ln1108_reg_2882">
<pin_list>
<pin id="2883" dir="0" index="0" bw="8" slack="1"/>
<pin id="2884" dir="1" index="1" bw="8" slack="1"/>
</pin_list>
<bind>
<opset="zext_ln1108 "/>
</bind>
</comp>

<comp id="2887" class="1005" name="zext_ln1108_1_reg_2887">
<pin_list>
<pin id="2888" dir="0" index="0" bw="8" slack="1"/>
<pin id="2889" dir="1" index="1" bw="8" slack="1"/>
</pin_list>
<bind>
<opset="zext_ln1108_1 "/>
</bind>
</comp>

<comp id="2892" class="1005" name="phi_ln1108_3_reg_2892">
<pin_list>
<pin id="2893" dir="0" index="0" bw="8" slack="1"/>
<pin id="2894" dir="1" index="1" bw="8" slack="1"/>
</pin_list>
<bind>
<opset="phi_ln1108_3 "/>
</bind>
</comp>

<comp id="2898" class="1005" name="phi_ln1108_4_reg_2898">
<pin_list>
<pin id="2899" dir="0" index="0" bw="32" slack="1"/>
<pin id="2900" dir="1" index="1" bw="32" slack="1"/>
</pin_list>
<bind>
<opset="phi_ln1108_4 "/>
</bind>
</comp>

<comp id="2903" class="1005" name="tmp_1_reg_2903">
<pin_list>
<pin id="2904" dir="0" index="0" bw="1" slack="3"/>
<pin id="2905" dir="1" index="1" bw="1" slack="2147483647"/>
</pin_list>
<bind>
<opset="tmp_1 "/>
</bind>
</comp>

<comp id="2907" class="1005" name="trunc_ln1135_reg_2907">
<pin_list>
<pin id="2908" dir="0" index="0" bw="2" slack="3"/>
<pin id="2909" dir="1" index="1" bw="2" slack="3"/>
</pin_list>
<bind>
<opset="trunc_ln1135 "/>
</bind>
</comp>

<comp id="2914" class="1005" name="selected_reg_2914">
<pin_list>
<pin id="2915" dir="0" index="0" bw="8" slack="1"/>
<pin id="2916" dir="1" index="1" bw="8" slack="2147483647"/>
</pin_list>
<bind>
<opset="selected "/>
</bind>
</comp>

<comp id="2918" class="1005" name="tmp_9_reg_2918">
<pin_list>
<pin id="2919" dir="0" index="0" bw="8" slack="3"/>
<pin id="2920" dir="1" index="1" bw="8" slack="3"/>
</pin_list>
<bind>
<opset="tmp_9 "/>
</bind>
</comp>

<comp id="2935" class="1005" name="tmp_12_reg_2935">
<pin_list>
<pin id="2936" dir="0" index="0" bw="1" slack="1"/>
<pin id="2937" dir="1" index="1" bw="1" slack="1"/>
</pin_list>
<bind>
<opset="tmp_12 "/>
</bind>
</comp>

<comp id="2943" class="1005" name="zext_ln603_1_reg_2943">
<pin_list>
<pin id="2944" dir="0" index="0" bw="8" slack="3"/>
<pin id="2945" dir="1" index="1" bw="8" slack="3"/>
</pin_list>
<bind>
<opset="zext_ln603_1 "/>
</bind>
</comp>

<comp id="2953" class="1005" name="icmp_ln625_reg_2953">
<pin_list>
<pin id="2954" dir="0" index="0" bw="1" slack="2"/>
<pin id="2955" dir="1" index="1" bw="1" slack="2"/>
</pin_list>
<bind>
<opset="icmp_ln625 "/>
</bind>
</comp>

<comp id="2958" class="1005" name="and_ln625_reg_2958">
<pin_list>
<pin id="2959" dir="0" index="0" bw="1" slack="3"/>
<pin id="2960" dir="1" index="1" bw="1" slack="2147483647"/>
</pin_list>
<bind>
<opset="and_ln625 "/>
</bind>
</comp>

<comp id="2962" class="1005" name="select_ln1116_reg_2962">
<pin_list>
<pin id="2963" dir="0" index="0" bw="3" slack="2"/>
<pin id="2964" dir="1" index="1" bw="3" slack="2"/>
</pin_list>
<bind>
<opset="select_ln1116 "/>
</bind>
</comp>

<comp id="2967" class="1005" name="zext_ln1116_reg_2967">
<pin_list>
<pin id="2968" dir="0" index="0" bw="8" slack="3"/>
<pin id="2969" dir="1" index="1" bw="8" slack="3"/>
</pin_list>
<bind>
<opset="zext_ln1116 "/>
</bind>
</comp>

<comp id="2972" class="1005" name="icmp_ln1116_reg_2972">
<pin_list>
<pin id="2973" dir="0" index="0" bw="1" slack="2"/>
<pin id="2974" dir="1" index="1" bw="1" slack="2147483647"/>
</pin_list>
<bind>
<opset="icmp_ln1116 "/>
</bind>
</comp>

<comp id="2976" class="1005" name="icmp_ln1046_reg_2976">
<pin_list>
<pin id="2977" dir="0" index="0" bw="1" slack="1"/>
<pin id="2978" dir="1" index="1" bw="1" slack="2147483647"/>
</pin_list>
<bind>
<opset="icmp_ln1046 "/>
</bind>
</comp>

<comp id="2980" class="1005" name="add_ln1046_reg_2980">
<pin_list>
<pin id="2981" dir="0" index="0" bw="2" slack="0"/>
<pin id="2982" dir="1" index="1" bw="2" slack="0"/>
</pin_list>
<bind>
<opset="add_ln1046 "/>
</bind>
</comp>

<comp id="2985" class="1005" name="icmp_ln1047_reg_2985">
<pin_list>
<pin id="2986" dir="0" index="0" bw="1" slack="1"/>
<pin id="2987" dir="1" index="1" bw="1" slack="2147483647"/>
</pin_list>
<bind>
<opset="icmp_ln1047 "/>
</bind>
</comp>

<comp id="2989" class="1005" name="zext_ln1047_reg_2989">
<pin_list>
<pin id="2990" dir="0" index="0" bw="8" slack="1"/>
<pin id="2991" dir="1" index="1" bw="8" slack="1"/>
</pin_list>
<bind>
<opset="zext_ln1047 "/>
</bind>
</comp>

<comp id="2994" class="1005" name="zext_ln1047_1_reg_2994">
<pin_list>
<pin id="2995" dir="0" index="0" bw="8" slack="1"/>
<pin id="2996" dir="1" index="1" bw="8" slack="1"/>
</pin_list>
<bind>
<opset="zext_ln1047_1 "/>
</bind>
</comp>

<comp id="2999" class="1005" name="phi_ln1047_3_reg_2999">
<pin_list>
<pin id="3000" dir="0" index="0" bw="8" slack="1"/>
<pin id="3001" dir="1" index="1" bw="8" slack="1"/>
</pin_list>
<bind>
<opset="phi_ln1047_3 "/>
</bind>
</comp>

<comp id="3004" class="1005" name="phi_ln1047_4_reg_3004">
<pin_list>
<pin id="3005" dir="0" index="0" bw="32" slack="1"/>
<pin id="3006" dir="1" index="1" bw="32" slack="1"/>
</pin_list>
<bind>
<opset="phi_ln1047_4 "/>
</bind>
</comp>

<comp id="3021" class="1005" name="add_ln1118_reg_3021">
<pin_list>
<pin id="3022" dir="0" index="0" bw="2" slack="0"/>
<pin id="3023" dir="1" index="1" bw="2" slack="0"/>
</pin_list>
<bind>
<opset="add_ln1118 "/>
</bind>
</comp>

<comp id="3026" class="1005" name="duplicate_reg_3026">
<pin_list>
<pin id="3027" dir="0" index="0" bw="1" slack="0"/>
<pin id="3028" dir="1" index="1" bw="1" slack="0"/>
</pin_list>
<bind>
<opset="duplicate "/>
</bind>
</comp>

<comp id="3040" class="1005" name="tmp_8_reg_3040">
<pin_list>
<pin id="3041" dir="0" index="0" bw="1" slack="1"/>
<pin id="3042" dir="1" index="1" bw="1" slack="2147483647"/>
</pin_list>
<bind>
<opset="tmp_8 "/>
</bind>
</comp>

<comp id="3044" class="1005" name="icmp_ln660_1_reg_3044">
<pin_list>
<pin id="3045" dir="0" index="0" bw="1" slack="1"/>
<pin id="3046" dir="1" index="1" bw="1" slack="2147483647"/>
</pin_list>
<bind>
<opset="icmp_ln660_1 "/>
</bind>
</comp>

<comp id="3057" class="1005" name="tmp_6_reg_3057">
<pin_list>
<pin id="3058" dir="0" index="0" bw="1" slack="1"/>
<pin id="3059" dir="1" index="1" bw="1" slack="2147483647"/>
</pin_list>
<bind>
<opset="tmp_6 "/>
</bind>
</comp>

<comp id="3061" class="1005" name="tmp_7_reg_3061">
<pin_list>
<pin id="3062" dir="0" index="0" bw="1" slack="1"/>
<pin id="3063" dir="1" index="1" bw="1" slack="2147483647"/>
</pin_list>
<bind>
<opset="tmp_7 "/>
</bind>
</comp>

<comp id="3065" class="1005" name="icmp_ln660_reg_3065">
<pin_list>
<pin id="3066" dir="0" index="0" bw="1" slack="1"/>
<pin id="3067" dir="1" index="1" bw="1" slack="2147483647"/>
</pin_list>
<bind>
<opset="icmp_ln660 "/>
</bind>
</comp>

</comp_list>

<net_list>
<net id="215"><net_src comp="112" pin="0"/><net_sink comp="212" pin=0"/></net>

<net id="219"><net_src comp="112" pin="0"/><net_sink comp="216" pin=0"/></net>

<net id="223"><net_src comp="112" pin="0"/><net_sink comp="220" pin=0"/></net>

<net id="227"><net_src comp="112" pin="0"/><net_sink comp="224" pin=0"/></net>

<net id="231"><net_src comp="112" pin="0"/><net_sink comp="228" pin=0"/></net>

<net id="235"><net_src comp="112" pin="0"/><net_sink comp="232" pin=0"/></net>

<net id="241"><net_src comp="4" pin="0"/><net_sink comp="236" pin=0"/></net>

<net id="242"><net_src comp="132" pin="0"/><net_sink comp="236" pin=1"/></net>

<net id="248"><net_src comp="236" pin="3"/><net_sink comp="243" pin=0"/></net>

<net id="254"><net_src comp="6" pin="0"/><net_sink comp="249" pin=0"/></net>

<net id="255"><net_src comp="132" pin="0"/><net_sink comp="249" pin=1"/></net>

<net id="261"><net_src comp="249" pin="3"/><net_sink comp="256" pin=0"/></net>

<net id="267"><net_src comp="8" pin="0"/><net_sink comp="262" pin=0"/></net>

<net id="268"><net_src comp="132" pin="0"/><net_sink comp="262" pin=1"/></net>

<net id="274"><net_src comp="262" pin="3"/><net_sink comp="269" pin=0"/></net>

<net id="280"><net_src comp="4" pin="0"/><net_sink comp="275" pin=0"/></net>

<net id="281"><net_src comp="132" pin="0"/><net_sink comp="275" pin=1"/></net>

<net id="282"><net_src comp="275" pin="3"/><net_sink comp="243" pin=0"/></net>

<net id="288"><net_src comp="20" pin="0"/><net_sink comp="283" pin=0"/></net>

<net id="289"><net_src comp="132" pin="0"/><net_sink comp="283" pin=1"/></net>

<net id="295"><net_src comp="283" pin="3"/><net_sink comp="290" pin=0"/></net>

<net id="301"><net_src comp="22" pin="0"/><net_sink comp="296" pin=0"/></net>

<net id="302"><net_src comp="132" pin="0"/><net_sink comp="296" pin=1"/></net>

<net id="308"><net_src comp="296" pin="3"/><net_sink comp="303" pin=0"/></net>

<net id="314"><net_src comp="4" pin="0"/><net_sink comp="309" pin=0"/></net>

<net id="315"><net_src comp="132" pin="0"/><net_sink comp="309" pin=1"/></net>

<net id="316"><net_src comp="309" pin="3"/><net_sink comp="243" pin=0"/></net>

<net id="322"><net_src comp="20" pin="0"/><net_sink comp="317" pin=0"/></net>

<net id="323"><net_src comp="132" pin="0"/><net_sink comp="317" pin=1"/></net>

<net id="324"><net_src comp="317" pin="3"/><net_sink comp="290" pin=0"/></net>

<net id="330"><net_src comp="22" pin="0"/><net_sink comp="325" pin=0"/></net>

<net id="331"><net_src comp="132" pin="0"/><net_sink comp="325" pin=1"/></net>

<net id="332"><net_src comp="325" pin="3"/><net_sink comp="303" pin=0"/></net>

<net id="338"><net_src comp="22" pin="0"/><net_sink comp="333" pin=0"/></net>

<net id="339"><net_src comp="132" pin="0"/><net_sink comp="333" pin=1"/></net>

<net id="340"><net_src comp="128" pin="0"/><net_sink comp="303" pin=1"/></net>

<net id="341"><net_src comp="333" pin="3"/><net_sink comp="303" pin=0"/></net>

<net id="347"><net_src comp="26" pin="0"/><net_sink comp="342" pin=0"/></net>

<net id="348"><net_src comp="132" pin="0"/><net_sink comp="342" pin=1"/></net>

<net id="354"><net_src comp="146" pin="0"/><net_sink comp="349" pin=1"/></net>

<net id="355"><net_src comp="342" pin="3"/><net_sink comp="349" pin=0"/></net>

<net id="356"><net_src comp="204" pin="0"/><net_sink comp="303" pin=0"/></net>

<net id="362"><net_src comp="22" pin="0"/><net_sink comp="357" pin=0"/></net>

<net id="363"><net_src comp="132" pin="0"/><net_sink comp="357" pin=1"/></net>

<net id="364"><net_src comp="357" pin="3"/><net_sink comp="303" pin=0"/></net>

<net id="370"><net_src comp="26" pin="0"/><net_sink comp="365" pin=0"/></net>

<net id="371"><net_src comp="132" pin="0"/><net_sink comp="365" pin=1"/></net>

<net id="372"><net_src comp="365" pin="3"/><net_sink comp="349" pin=0"/></net>

<net id="376"><net_src comp="114" pin="0"/><net_sink comp="373" pin=0"/></net>

<net id="383"><net_src comp="373" pin="1"/><net_sink comp="377" pin=0"/></net>

<net id="387"><net_src comp="128" pin="0"/><net_sink comp="384" pin=0"/></net>

<net id="394"><net_src comp="384" pin="1"/><net_sink comp="388" pin=0"/></net>

<net id="395"><net_src comp="388" pin="4"/><net_sink comp="384" pin=0"/></net>

<net id="399"><net_src comp="134" pin="0"/><net_sink comp="396" pin=0"/></net>

<net id="406"><net_src comp="396" pin="1"/><net_sink comp="400" pin=0"/></net>

<net id="407"><net_src comp="400" pin="4"/><net_sink comp="396" pin=0"/></net>

<net id="411"><net_src comp="408" pin="1"/><net_sink comp="400" pin=2"/></net>

<net id="420"><net_src comp="396" pin="1"/><net_sink comp="412" pin=2"/></net>

<net id="421"><net_src comp="396" pin="1"/><net_sink comp="412" pin=4"/></net>

<net id="422"><net_src comp="412" pin="6"/><net_sink comp="408" pin=0"/></net>

<net id="426"><net_src comp="146" pin="0"/><net_sink comp="423" pin=0"/></net>

<net id="427"><net_src comp="423" pin="1"/><net_sink comp="388" pin=2"/></net>

<net id="436"><net_src comp="423" pin="1"/><net_sink comp="428" pin=0"/></net>

<net id="437"><net_src comp="384" pin="1"/><net_sink comp="428" pin=2"/></net>

<net id="438"><net_src comp="384" pin="1"/><net_sink comp="428" pin=4"/></net>

<net id="439"><net_src comp="428" pin="6"/><net_sink comp="423" pin=0"/></net>

<net id="443"><net_src comp="114" pin="0"/><net_sink comp="440" pin=0"/></net>

<net id="450"><net_src comp="440" pin="1"/><net_sink comp="444" pin=0"/></net>

<net id="451"><net_src comp="444" pin="4"/><net_sink comp="440" pin=0"/></net>

<net id="455"><net_src comp="178" pin="0"/><net_sink comp="452" pin=0"/></net>

<net id="462"><net_src comp="452" pin="1"/><net_sink comp="456" pin=0"/></net>

<net id="463"><net_src comp="456" pin="4"/><net_sink comp="452" pin=0"/></net>

<net id="467"><net_src comp="134" pin="0"/><net_sink comp="464" pin=0"/></net>

<net id="474"><net_src comp="464" pin="1"/><net_sink comp="468" pin=0"/></net>

<net id="475"><net_src comp="468" pin="4"/><net_sink comp="464" pin=0"/></net>

<net id="479"><net_src comp="128" pin="0"/><net_sink comp="476" pin=0"/></net>

<net id="486"><net_src comp="476" pin="1"/><net_sink comp="480" pin=0"/></net>

<net id="487"><net_src comp="480" pin="4"/><net_sink comp="476" pin=0"/></net>

<net id="499"><net_src comp="128" pin="0"/><net_sink comp="491" pin=4"/></net>

<net id="500"><net_src comp="491" pin="6"/><net_sink comp="488" pin=0"/></net>

<net id="504"><net_src comp="114" pin="0"/><net_sink comp="501" pin=0"/></net>

<net id="511"><net_src comp="501" pin="1"/><net_sink comp="505" pin=0"/></net>

<net id="512"><net_src comp="505" pin="4"/><net_sink comp="501" pin=0"/></net>

<net id="524"><net_src comp="128" pin="0"/><net_sink comp="516" pin=4"/></net>

<net id="525"><net_src comp="516" pin="6"/><net_sink comp="513" pin=0"/></net>

<net id="546"><net_src comp="160" pin="0"/><net_sink comp="538" pin=4"/></net>

<net id="558"><net_src comp="132" pin="0"/><net_sink comp="550" pin=4"/></net>

<net id="562"><net_src comp="146" pin="0"/><net_sink comp="559" pin=0"/></net>

<net id="569"><net_src comp="128" pin="0"/><net_sink comp="563" pin=0"/></net>

<net id="570"><net_src comp="559" pin="1"/><net_sink comp="563" pin=2"/></net>

<net id="571"><net_src comp="563" pin="4"/><net_sink comp="559" pin=0"/></net>

<net id="575"><net_src comp="114" pin="0"/><net_sink comp="572" pin=0"/></net>

<net id="582"><net_src comp="572" pin="1"/><net_sink comp="576" pin=0"/></net>

<net id="586"><net_src comp="128" pin="0"/><net_sink comp="583" pin=0"/></net>

<net id="593"><net_src comp="583" pin="1"/><net_sink comp="587" pin=0"/></net>

<net id="597"><net_src comp="128" pin="0"/><net_sink comp="594" pin=0"/></net>

<net id="604"><net_src comp="587" pin="4"/><net_sink comp="598" pin=0"/></net>

<net id="605"><net_src comp="594" pin="1"/><net_sink comp="598" pin=2"/></net>

<net id="606"><net_src comp="598" pin="4"/><net_sink comp="594" pin=0"/></net>

<net id="610"><net_src comp="607" pin="1"/><net_sink comp="480" pin=2"/></net>

<net id="623"><net_src comp="594" pin="1"/><net_sink comp="611" pin=0"/></net>

<net id="624"><net_src comp="476" pin="1"/><net_sink comp="611" pin=2"/></net>

<net id="625"><net_src comp="476" pin="1"/><net_sink comp="611" pin=4"/></net>

<net id="626"><net_src comp="476" pin="1"/><net_sink comp="611" pin=6"/></net>

<net id="627"><net_src comp="476" pin="1"/><net_sink comp="611" pin=8"/></net>

<net id="628"><net_src comp="611" pin="10"/><net_sink comp="607" pin=0"/></net>

<net id="632"><net_src comp="629" pin="1"/><net_sink comp="468" pin=2"/></net>

<net id="645"><net_src comp="464" pin="1"/><net_sink comp="633" pin=2"/></net>

<net id="646"><net_src comp="464" pin="1"/><net_sink comp="633" pin=4"/></net>

<net id="647"><net_src comp="464" pin="1"/><net_sink comp="633" pin=6"/></net>

<net id="648"><net_src comp="464" pin="1"/><net_sink comp="633" pin=8"/></net>

<net id="649"><net_src comp="633" pin="10"/><net_sink comp="629" pin=0"/></net>

<net id="653"><net_src comp="650" pin="1"/><net_sink comp="456" pin=2"/></net>

<net id="666"><net_src comp="452" pin="1"/><net_sink comp="654" pin=2"/></net>

<net id="667"><net_src comp="452" pin="1"/><net_sink comp="654" pin=4"/></net>

<net id="668"><net_src comp="452" pin="1"/><net_sink comp="654" pin=6"/></net>

<net id="669"><net_src comp="452" pin="1"/><net_sink comp="654" pin=8"/></net>

<net id="670"><net_src comp="654" pin="10"/><net_sink comp="650" pin=0"/></net>

<net id="674"><net_src comp="146" pin="0"/><net_sink comp="671" pin=0"/></net>

<net id="675"><net_src comp="128" pin="0"/><net_sink comp="671" pin=0"/></net>

<net id="686"><net_src comp="671" pin="1"/><net_sink comp="676" pin=2"/></net>

<net id="687"><net_src comp="671" pin="1"/><net_sink comp="676" pin=4"/></net>

<net id="688"><net_src comp="671" pin="1"/><net_sink comp="676" pin=6"/></net>

<net id="689"><net_src comp="676" pin="8"/><net_sink comp="671" pin=0"/></net>

<net id="707"><net_src comp="156" pin="0"/><net_sink comp="690" pin=0"/></net>

<net id="708"><net_src comp="146" pin="0"/><net_sink comp="690" pin=1"/></net>

<net id="709"><net_src comp="158" pin="0"/><net_sink comp="690" pin=6"/></net>

<net id="710"><net_src comp="4" pin="0"/><net_sink comp="690" pin=7"/></net>

<net id="711"><net_src comp="20" pin="0"/><net_sink comp="690" pin=8"/></net>

<net id="712"><net_src comp="22" pin="0"/><net_sink comp="690" pin=9"/></net>

<net id="713"><net_src comp="24" pin="0"/><net_sink comp="690" pin=10"/></net>

<net id="714"><net_src comp="26" pin="0"/><net_sink comp="690" pin=11"/></net>

<net id="715"><net_src comp="28" pin="0"/><net_sink comp="690" pin=12"/></net>

<net id="716"><net_src comp="30" pin="0"/><net_sink comp="690" pin=13"/></net>

<net id="717"><net_src comp="32" pin="0"/><net_sink comp="690" pin=14"/></net>

<net id="718"><net_src comp="491" pin="6"/><net_sink comp="690" pin=1"/></net>

<net id="719"><net_src comp="516" pin="6"/><net_sink comp="690" pin=1"/></net>

<net id="720"><net_src comp="128" pin="0"/><net_sink comp="690" pin=1"/></net>

<net id="721"><net_src comp="130" pin="0"/><net_sink comp="690" pin=2"/></net>

<net id="722"><net_src comp="130" pin="0"/><net_sink comp="690" pin=3"/></net>

<net id="723"><net_src comp="130" pin="0"/><net_sink comp="690" pin=4"/></net>

<net id="724"><net_src comp="158" pin="0"/><net_sink comp="690" pin=5"/></net>

<net id="737"><net_src comp="210" pin="0"/><net_sink comp="725" pin=0"/></net>

<net id="738"><net_src comp="70" pin="0"/><net_sink comp="725" pin=1"/></net>

<net id="739"><net_src comp="72" pin="0"/><net_sink comp="725" pin=2"/></net>

<net id="740"><net_src comp="74" pin="0"/><net_sink comp="725" pin=3"/></net>

<net id="741"><net_src comp="76" pin="0"/><net_sink comp="725" pin=4"/></net>

<net id="742"><net_src comp="102" pin="0"/><net_sink comp="725" pin=5"/></net>

<net id="743"><net_src comp="96" pin="0"/><net_sink comp="725" pin=6"/></net>

<net id="744"><net_src comp="78" pin="0"/><net_sink comp="725" pin=7"/></net>

<net id="745"><net_src comp="104" pin="0"/><net_sink comp="725" pin=8"/></net>

<net id="746"><net_src comp="80" pin="0"/><net_sink comp="725" pin=9"/></net>

<net id="756"><net_src comp="10" pin="0"/><net_sink comp="753" pin=0"/></net>

<net id="760"><net_src comp="12" pin="0"/><net_sink comp="757" pin=0"/></net>

<net id="764"><net_src comp="14" pin="0"/><net_sink comp="761" pin=0"/></net>

<net id="768"><net_src comp="16" pin="0"/><net_sink comp="765" pin=0"/></net>

<net id="772"><net_src comp="18" pin="0"/><net_sink comp="769" pin=0"/></net>

<net id="776"><net_src comp="34" pin="0"/><net_sink comp="773" pin=0"/></net>

<net id="781"><net_src comp="773" pin="1"/><net_sink comp="777" pin=0"/></net>

<net id="782"><net_src comp="150" pin="0"/><net_sink comp="777" pin=1"/></net>

<net id="786"><net_src comp="48" pin="0"/><net_sink comp="783" pin=0"/></net>

<net id="790"><net_src comp="50" pin="0"/><net_sink comp="787" pin=0"/></net>

<net id="794"><net_src comp="52" pin="0"/><net_sink comp="791" pin=0"/></net>

<net id="798"><net_src comp="54" pin="0"/><net_sink comp="795" pin=0"/></net>

<net id="802"><net_src comp="56" pin="0"/><net_sink comp="799" pin=0"/></net>

<net id="811"><net_src comp="186" pin="0"/><net_sink comp="806" pin=0"/></net>

<net id="812"><net_src comp="456" pin="4"/><net_sink comp="806" pin=1"/></net>

<net id="813"><net_src comp="188" pin="0"/><net_sink comp="806" pin=2"/></net>

<net id="814"><net_src comp="452" pin="1"/><net_sink comp="806" pin=1"/></net>

<net id="823"><net_src comp="84" pin="0"/><net_sink comp="820" pin=0"/></net>

<net id="828"><net_src comp="820" pin="1"/><net_sink comp="824" pin=0"/></net>

<net id="829"><net_src comp="200" pin="0"/><net_sink comp="824" pin=1"/></net>

<net id="833"><net_src comp="86" pin="0"/><net_sink comp="830" pin=0"/></net>

<net id="838"><net_src comp="830" pin="1"/><net_sink comp="834" pin=0"/></net>

<net id="839"><net_src comp="150" pin="0"/><net_sink comp="834" pin=1"/></net>

<net id="843"><net_src comp="92" pin="0"/><net_sink comp="840" pin=0"/></net>

<net id="847"><net_src comp="98" pin="0"/><net_sink comp="844" pin=0"/></net>

<net id="851"><net_src comp="765" pin="1"/><net_sink comp="848" pin=0"/></net>

<net id="855"><net_src comp="795" pin="1"/><net_sink comp="852" pin=0"/></net>

<net id="859"><net_src comp="815" pin="3"/><net_sink comp="856" pin=0"/></net>

<net id="864"><net_src comp="114" pin="0"/><net_sink comp="860" pin=0"/></net>

<net id="872"><net_src comp="865" pin="1"/><net_sink comp="868" pin=0"/></net>

<net id="873"><net_src comp="116" pin="0"/><net_sink comp="868" pin=1"/></net>

<net id="878"><net_src comp="865" pin="1"/><net_sink comp="874" pin=0"/></net>

<net id="879"><net_src comp="122" pin="0"/><net_sink comp="874" pin=1"/></net>

<net id="883"><net_src comp="865" pin="1"/><net_sink comp="880" pin=0"/></net>

<net id="888"><net_src comp="128" pin="0"/><net_sink comp="884" pin=0"/></net>

<net id="889"><net_src comp="70" pin="0"/><net_sink comp="884" pin=1"/></net>

<net id="894"><net_src comp="128" pin="0"/><net_sink comp="890" pin=0"/></net>

<net id="895"><net_src comp="72" pin="0"/><net_sink comp="890" pin=1"/></net>

<net id="900"><net_src comp="130" pin="0"/><net_sink comp="896" pin=0"/></net>

<net id="901"><net_src comp="74" pin="0"/><net_sink comp="896" pin=1"/></net>

<net id="906"><net_src comp="130" pin="0"/><net_sink comp="902" pin=0"/></net>

<net id="907"><net_src comp="76" pin="0"/><net_sink comp="902" pin=1"/></net>

<net id="912"><net_src comp="132" pin="0"/><net_sink comp="908" pin=0"/></net>

<net id="913"><net_src comp="78" pin="0"/><net_sink comp="908" pin=1"/></net>

<net id="918"><net_src comp="132" pin="0"/><net_sink comp="914" pin=0"/></net>

<net id="919"><net_src comp="80" pin="0"/><net_sink comp="914" pin=1"/></net>

<net id="924"><net_src comp="874" pin="2"/><net_sink comp="920" pin=0"/></net>

<net id="928"><net_src comp="0" pin="0"/><net_sink comp="925" pin=0"/></net>

<net id="932"><net_src comp="2" pin="0"/><net_sink comp="929" pin=0"/></net>

<net id="937"><net_src comp="128" pin="0"/><net_sink comp="933" pin=0"/></net>

<net id="942"><net_src comp="134" pin="0"/><net_sink comp="938" pin=0"/></net>

<net id="947"><net_src comp="136" pin="0"/><net_sink comp="943" pin=0"/></net>

<net id="954"><net_src comp="948" pin="1"/><net_sink comp="951" pin=0"/></net>

<net id="955"><net_src comp="951" pin="1"/><net_sink comp="236" pin=2"/></net>

<net id="960"><net_src comp="948" pin="1"/><net_sink comp="956" pin=0"/></net>

<net id="961"><net_src comp="138" pin="0"/><net_sink comp="956" pin=1"/></net>

<net id="966"><net_src comp="948" pin="1"/><net_sink comp="962" pin=0"/></net>

<net id="967"><net_src comp="142" pin="0"/><net_sink comp="962" pin=1"/></net>

<net id="972"><net_src comp="130" pin="0"/><net_sink comp="968" pin=0"/></net>

<net id="977"><net_src comp="114" pin="0"/><net_sink comp="973" pin=0"/></net>

<net id="981"><net_src comp="269" pin="3"/><net_sink comp="978" pin=0"/></net>

<net id="986"><net_src comp="978" pin="1"/><net_sink comp="982" pin=0"/></net>

<net id="994"><net_src comp="987" pin="1"/><net_sink comp="990" pin=0"/></net>

<net id="998"><net_src comp="990" pin="2"/><net_sink comp="995" pin=0"/></net>

<net id="1003"><net_src comp="750" pin="1"/><net_sink comp="999" pin=0"/></net>

<net id="1004"><net_src comp="146" pin="0"/><net_sink comp="999" pin=1"/></net>

<net id="1009"><net_src comp="995" pin="1"/><net_sink comp="1005" pin=0"/></net>

<net id="1010"><net_src comp="747" pin="1"/><net_sink comp="1005" pin=1"/></net>

<net id="1015"><net_src comp="1005" pin="2"/><net_sink comp="1011" pin=0"/></net>

<net id="1016"><net_src comp="999" pin="2"/><net_sink comp="1011" pin=1"/></net>

<net id="1020"><net_src comp="747" pin="1"/><net_sink comp="1017" pin=0"/></net>

<net id="1026"><net_src comp="1011" pin="2"/><net_sink comp="1021" pin=0"/></net>

<net id="1027"><net_src comp="990" pin="2"/><net_sink comp="1021" pin=1"/></net>

<net id="1028"><net_src comp="1017" pin="1"/><net_sink comp="1021" pin=2"/></net>

<net id="1032"><net_src comp="1021" pin="3"/><net_sink comp="1029" pin=0"/></net>

<net id="1037"><net_src comp="146" pin="0"/><net_sink comp="1033" pin=0"/></net>

<net id="1042"><net_src comp="1029" pin="1"/><net_sink comp="1038" pin=0"/></net>

<net id="1054"><net_src comp="1047" pin="1"/><net_sink comp="1050" pin=0"/></net>

<net id="1055"><net_src comp="148" pin="0"/><net_sink comp="1050" pin=1"/></net>

<net id="1060"><net_src comp="1047" pin="1"/><net_sink comp="1056" pin=0"/></net>

<net id="1061"><net_src comp="122" pin="0"/><net_sink comp="1056" pin=1"/></net>

<net id="1065"><net_src comp="757" pin="1"/><net_sink comp="1062" pin=0"/></net>

<net id="1066"><net_src comp="1062" pin="1"/><net_sink comp="690" pin=2"/></net>

<net id="1070"><net_src comp="761" pin="1"/><net_sink comp="1067" pin=0"/></net>

<net id="1071"><net_src comp="1067" pin="1"/><net_sink comp="690" pin=3"/></net>

<net id="1075"><net_src comp="765" pin="1"/><net_sink comp="1072" pin=0"/></net>

<net id="1076"><net_src comp="1072" pin="1"/><net_sink comp="690" pin=4"/></net>

<net id="1080"><net_src comp="769" pin="1"/><net_sink comp="1077" pin=0"/></net>

<net id="1081"><net_src comp="1077" pin="1"/><net_sink comp="690" pin=5"/></net>

<net id="1085"><net_src comp="848" pin="1"/><net_sink comp="1082" pin=0"/></net>

<net id="1086"><net_src comp="1082" pin="1"/><net_sink comp="275" pin=2"/></net>

<net id="1091"><net_src comp="290" pin="3"/><net_sink comp="1087" pin=0"/></net>

<net id="1096"><net_src comp="777" pin="2"/><net_sink comp="1092" pin=0"/></net>

<net id="1097"><net_src comp="34" pin="0"/><net_sink comp="1092" pin=1"/></net>

<net id="1102"><net_src comp="128" pin="0"/><net_sink comp="1098" pin=0"/></net>

<net id="1103"><net_src comp="10" pin="0"/><net_sink comp="1098" pin=1"/></net>

<net id="1108"><net_src comp="160" pin="0"/><net_sink comp="1104" pin=0"/></net>

<net id="1109"><net_src comp="12" pin="0"/><net_sink comp="1104" pin=1"/></net>

<net id="1114"><net_src comp="128" pin="0"/><net_sink comp="1110" pin=0"/></net>

<net id="1115"><net_src comp="14" pin="0"/><net_sink comp="1110" pin=1"/></net>

<net id="1120"><net_src comp="130" pin="0"/><net_sink comp="1116" pin=0"/></net>

<net id="1121"><net_src comp="36" pin="0"/><net_sink comp="1116" pin=1"/></net>

<net id="1126"><net_src comp="128" pin="0"/><net_sink comp="1122" pin=0"/></net>

<net id="1127"><net_src comp="38" pin="0"/><net_sink comp="1122" pin=1"/></net>

<net id="1132"><net_src comp="162" pin="0"/><net_sink comp="1128" pin=0"/></net>

<net id="1133"><net_src comp="16" pin="0"/><net_sink comp="1128" pin=1"/></net>

<net id="1138"><net_src comp="114" pin="0"/><net_sink comp="1134" pin=0"/></net>

<net id="1139"><net_src comp="18" pin="0"/><net_sink comp="1134" pin=1"/></net>

<net id="1144"><net_src comp="114" pin="0"/><net_sink comp="1140" pin=0"/></net>

<net id="1145"><net_src comp="40" pin="0"/><net_sink comp="1140" pin=1"/></net>

<net id="1150"><net_src comp="128" pin="0"/><net_sink comp="1146" pin=0"/></net>

<net id="1151"><net_src comp="42" pin="0"/><net_sink comp="1146" pin=1"/></net>

<net id="1156"><net_src comp="128" pin="0"/><net_sink comp="1152" pin=0"/></net>

<net id="1157"><net_src comp="44" pin="0"/><net_sink comp="1152" pin=1"/></net>

<net id="1162"><net_src comp="132" pin="0"/><net_sink comp="1158" pin=0"/></net>

<net id="1163"><net_src comp="46" pin="0"/><net_sink comp="1158" pin=1"/></net>

<net id="1167"><net_src comp="787" pin="1"/><net_sink comp="1164" pin=0"/></net>

<net id="1168"><net_src comp="1164" pin="1"/><net_sink comp="690" pin=2"/></net>

<net id="1172"><net_src comp="791" pin="1"/><net_sink comp="1169" pin=0"/></net>

<net id="1173"><net_src comp="1169" pin="1"/><net_sink comp="690" pin=3"/></net>

<net id="1177"><net_src comp="795" pin="1"/><net_sink comp="1174" pin=0"/></net>

<net id="1178"><net_src comp="1174" pin="1"/><net_sink comp="690" pin=4"/></net>

<net id="1182"><net_src comp="799" pin="1"/><net_sink comp="1179" pin=0"/></net>

<net id="1183"><net_src comp="1179" pin="1"/><net_sink comp="690" pin=5"/></net>

<net id="1187"><net_src comp="852" pin="1"/><net_sink comp="1184" pin=0"/></net>

<net id="1188"><net_src comp="1184" pin="1"/><net_sink comp="309" pin=2"/></net>

<net id="1193"><net_src comp="290" pin="3"/><net_sink comp="1189" pin=0"/></net>

<net id="1198"><net_src comp="777" pin="2"/><net_sink comp="1194" pin=0"/></net>

<net id="1199"><net_src comp="34" pin="0"/><net_sink comp="1194" pin=1"/></net>

<net id="1204"><net_src comp="128" pin="0"/><net_sink comp="1200" pin=0"/></net>

<net id="1205"><net_src comp="48" pin="0"/><net_sink comp="1200" pin=1"/></net>

<net id="1210"><net_src comp="160" pin="0"/><net_sink comp="1206" pin=0"/></net>

<net id="1211"><net_src comp="50" pin="0"/><net_sink comp="1206" pin=1"/></net>

<net id="1216"><net_src comp="114" pin="0"/><net_sink comp="1212" pin=0"/></net>

<net id="1217"><net_src comp="52" pin="0"/><net_sink comp="1212" pin=1"/></net>

<net id="1222"><net_src comp="130" pin="0"/><net_sink comp="1218" pin=0"/></net>

<net id="1223"><net_src comp="58" pin="0"/><net_sink comp="1218" pin=1"/></net>

<net id="1228"><net_src comp="128" pin="0"/><net_sink comp="1224" pin=0"/></net>

<net id="1229"><net_src comp="60" pin="0"/><net_sink comp="1224" pin=1"/></net>

<net id="1234"><net_src comp="162" pin="0"/><net_sink comp="1230" pin=0"/></net>

<net id="1235"><net_src comp="54" pin="0"/><net_sink comp="1230" pin=1"/></net>

<net id="1240"><net_src comp="114" pin="0"/><net_sink comp="1236" pin=0"/></net>

<net id="1241"><net_src comp="56" pin="0"/><net_sink comp="1236" pin=1"/></net>

<net id="1246"><net_src comp="160" pin="0"/><net_sink comp="1242" pin=0"/></net>

<net id="1247"><net_src comp="62" pin="0"/><net_sink comp="1242" pin=1"/></net>

<net id="1252"><net_src comp="128" pin="0"/><net_sink comp="1248" pin=0"/></net>

<net id="1253"><net_src comp="64" pin="0"/><net_sink comp="1248" pin=1"/></net>

<net id="1258"><net_src comp="128" pin="0"/><net_sink comp="1254" pin=0"/></net>

<net id="1259"><net_src comp="66" pin="0"/><net_sink comp="1254" pin=1"/></net>

<net id="1264"><net_src comp="132" pin="0"/><net_sink comp="1260" pin=0"/></net>

<net id="1265"><net_src comp="68" pin="0"/><net_sink comp="1260" pin=1"/></net>

<net id="1269"><net_src comp="757" pin="1"/><net_sink comp="1266" pin=0"/></net>

<net id="1273"><net_src comp="761" pin="1"/><net_sink comp="1270" pin=0"/></net>

<net id="1277"><net_src comp="761" pin="1"/><net_sink comp="1274" pin=0"/></net>

<net id="1281"><net_src comp="765" pin="1"/><net_sink comp="1278" pin=0"/></net>

<net id="1285"><net_src comp="769" pin="1"/><net_sink comp="1282" pin=0"/></net>

<net id="1289"><net_src comp="40" pin="0"/><net_sink comp="1286" pin=0"/></net>

<net id="1293"><net_src comp="1286" pin="1"/><net_sink comp="1290" pin=0"/></net>

<net id="1297"><net_src comp="1286" pin="1"/><net_sink comp="1294" pin=0"/></net>

<net id="1301"><net_src comp="42" pin="0"/><net_sink comp="1298" pin=0"/></net>

<net id="1305"><net_src comp="46" pin="0"/><net_sink comp="1302" pin=0"/></net>

<net id="1309"><net_src comp="787" pin="1"/><net_sink comp="1306" pin=0"/></net>

<net id="1313"><net_src comp="791" pin="1"/><net_sink comp="1310" pin=0"/></net>

<net id="1317"><net_src comp="795" pin="1"/><net_sink comp="1314" pin=0"/></net>

<net id="1321"><net_src comp="799" pin="1"/><net_sink comp="1318" pin=0"/></net>

<net id="1325"><net_src comp="62" pin="0"/><net_sink comp="1322" pin=0"/></net>

<net id="1329"><net_src comp="1322" pin="1"/><net_sink comp="1326" pin=0"/></net>

<net id="1333"><net_src comp="64" pin="0"/><net_sink comp="1330" pin=0"/></net>

<net id="1337"><net_src comp="68" pin="0"/><net_sink comp="1334" pin=0"/></net>

<net id="1342"><net_src comp="377" pin="4"/><net_sink comp="1338" pin=0"/></net>

<net id="1343"><net_src comp="148" pin="0"/><net_sink comp="1338" pin=1"/></net>

<net id="1348"><net_src comp="377" pin="4"/><net_sink comp="1344" pin=0"/></net>

<net id="1349"><net_src comp="122" pin="0"/><net_sink comp="1344" pin=1"/></net>

<net id="1354"><net_src comp="377" pin="4"/><net_sink comp="1350" pin=0"/></net>

<net id="1355"><net_src comp="122" pin="0"/><net_sink comp="1350" pin=1"/></net>

<net id="1361"><net_src comp="1350" pin="2"/><net_sink comp="1356" pin=0"/></net>

<net id="1366"><net_src comp="377" pin="4"/><net_sink comp="1362" pin=0"/></net>

<net id="1367"><net_src comp="114" pin="0"/><net_sink comp="1362" pin=1"/></net>

<net id="1372"><net_src comp="1356" pin="3"/><net_sink comp="1368" pin=0"/></net>

<net id="1373"><net_src comp="1362" pin="2"/><net_sink comp="1368" pin=1"/></net>

<net id="1374"><net_src comp="1368" pin="2"/><net_sink comp="690" pin=1"/></net>

<net id="1380"><net_src comp="1350" pin="2"/><net_sink comp="1375" pin=0"/></net>

<net id="1385"><net_src comp="377" pin="4"/><net_sink comp="1381" pin=0"/></net>

<net id="1386"><net_src comp="114" pin="0"/><net_sink comp="1381" pin=1"/></net>

<net id="1392"><net_src comp="1381" pin="2"/><net_sink comp="1387" pin=0"/></net>

<net id="1393"><net_src comp="160" pin="0"/><net_sink comp="1387" pin=1"/></net>

<net id="1394"><net_src comp="1375" pin="3"/><net_sink comp="1387" pin=2"/></net>

<net id="1398"><net_src comp="1387" pin="3"/><net_sink comp="1395" pin=0"/></net>

<net id="1399"><net_src comp="1395" pin="1"/><net_sink comp="690" pin=2"/></net>

<net id="1405"><net_src comp="1350" pin="2"/><net_sink comp="1400" pin=0"/></net>

<net id="1411"><net_src comp="1381" pin="2"/><net_sink comp="1406" pin=0"/></net>

<net id="1412"><net_src comp="114" pin="0"/><net_sink comp="1406" pin=1"/></net>

<net id="1413"><net_src comp="1400" pin="3"/><net_sink comp="1406" pin=2"/></net>

<net id="1417"><net_src comp="1406" pin="3"/><net_sink comp="1414" pin=0"/></net>

<net id="1418"><net_src comp="1414" pin="1"/><net_sink comp="690" pin=3"/></net>

<net id="1427"><net_src comp="164" pin="0"/><net_sink comp="1419" pin=0"/></net>

<net id="1428"><net_src comp="130" pin="0"/><net_sink comp="1419" pin=1"/></net>

<net id="1429"><net_src comp="377" pin="4"/><net_sink comp="1419" pin=5"/></net>

<net id="1430"><net_src comp="1419" pin="6"/><net_sink comp="690" pin=4"/></net>

<net id="1439"><net_src comp="166" pin="0"/><net_sink comp="1431" pin=0"/></net>

<net id="1440"><net_src comp="158" pin="0"/><net_sink comp="1431" pin=1"/></net>

<net id="1441"><net_src comp="377" pin="4"/><net_sink comp="1431" pin=5"/></net>

<net id="1442"><net_src comp="1431" pin="6"/><net_sink comp="690" pin=5"/></net>

<net id="1449"><net_src comp="168" pin="0"/><net_sink comp="1443" pin=0"/></net>

<net id="1450"><net_src comp="803" pin="1"/><net_sink comp="1443" pin=1"/></net>

<net id="1451"><net_src comp="112" pin="0"/><net_sink comp="1443" pin=2"/></net>

<net id="1452"><net_src comp="170" pin="0"/><net_sink comp="1443" pin=3"/></net>

<net id="1457"><net_src comp="1443" pin="4"/><net_sink comp="1453" pin=0"/></net>

<net id="1458"><net_src comp="172" pin="0"/><net_sink comp="1453" pin=1"/></net>

<net id="1463"><net_src comp="1453" pin="2"/><net_sink comp="1459" pin=0"/></net>

<net id="1464"><net_src comp="146" pin="0"/><net_sink comp="1459" pin=1"/></net>

<net id="1468"><net_src comp="70" pin="0"/><net_sink comp="1465" pin=0"/></net>

<net id="1472"><net_src comp="72" pin="0"/><net_sink comp="1469" pin=0"/></net>

<net id="1476"><net_src comp="74" pin="0"/><net_sink comp="1473" pin=0"/></net>

<net id="1480"><net_src comp="76" pin="0"/><net_sink comp="1477" pin=0"/></net>

<net id="1484"><net_src comp="78" pin="0"/><net_sink comp="1481" pin=0"/></net>

<net id="1488"><net_src comp="80" pin="0"/><net_sink comp="1485" pin=0"/></net>

<net id="1496"><net_src comp="1489" pin="1"/><net_sink comp="1492" pin=0"/></net>

<net id="1500"><net_src comp="1492" pin="2"/><net_sink comp="1497" pin=0"/></net>

<net id="1505"><net_src comp="176" pin="0"/><net_sink comp="1501" pin=1"/></net>

<net id="1510"><net_src comp="384" pin="1"/><net_sink comp="1506" pin=0"/></net>

<net id="1511"><net_src comp="146" pin="0"/><net_sink comp="1506" pin=1"/></net>

<net id="1516"><net_src comp="1497" pin="1"/><net_sink comp="1512" pin=0"/></net>

<net id="1517"><net_src comp="396" pin="1"/><net_sink comp="1512" pin=1"/></net>

<net id="1522"><net_src comp="1512" pin="2"/><net_sink comp="1518" pin=0"/></net>

<net id="1523"><net_src comp="1506" pin="2"/><net_sink comp="1518" pin=1"/></net>

<net id="1527"><net_src comp="396" pin="1"/><net_sink comp="1524" pin=0"/></net>

<net id="1533"><net_src comp="1518" pin="2"/><net_sink comp="1528" pin=0"/></net>

<net id="1534"><net_src comp="1492" pin="2"/><net_sink comp="1528" pin=1"/></net>

<net id="1535"><net_src comp="1524" pin="1"/><net_sink comp="1528" pin=2"/></net>

<net id="1539"><net_src comp="1528" pin="3"/><net_sink comp="1536" pin=0"/></net>

<net id="1543"><net_src comp="444" pin="4"/><net_sink comp="1540" pin=0"/></net>

<net id="1548"><net_src comp="444" pin="4"/><net_sink comp="1544" pin=0"/></net>

<net id="1549"><net_src comp="148" pin="0"/><net_sink comp="1544" pin=1"/></net>

<net id="1554"><net_src comp="444" pin="4"/><net_sink comp="1550" pin=0"/></net>

<net id="1555"><net_src comp="122" pin="0"/><net_sink comp="1550" pin=1"/></net>

<net id="1564"><net_src comp="182" pin="0"/><net_sink comp="1556" pin=0"/></net>

<net id="1565"><net_src comp="160" pin="0"/><net_sink comp="1556" pin=1"/></net>

<net id="1566"><net_src comp="444" pin="4"/><net_sink comp="1556" pin=5"/></net>

<net id="1570"><net_src comp="1556" pin="6"/><net_sink comp="1567" pin=0"/></net>

<net id="1571"><net_src comp="1567" pin="1"/><net_sink comp="690" pin=2"/></net>

<net id="1580"><net_src comp="184" pin="0"/><net_sink comp="1572" pin=0"/></net>

<net id="1581"><net_src comp="114" pin="0"/><net_sink comp="1572" pin=1"/></net>

<net id="1582"><net_src comp="444" pin="4"/><net_sink comp="1572" pin=5"/></net>

<net id="1586"><net_src comp="1572" pin="6"/><net_sink comp="1583" pin=0"/></net>

<net id="1587"><net_src comp="1583" pin="1"/><net_sink comp="690" pin=3"/></net>

<net id="1596"><net_src comp="164" pin="0"/><net_sink comp="1588" pin=0"/></net>

<net id="1597"><net_src comp="130" pin="0"/><net_sink comp="1588" pin=1"/></net>

<net id="1598"><net_src comp="444" pin="4"/><net_sink comp="1588" pin=5"/></net>

<net id="1599"><net_src comp="1588" pin="6"/><net_sink comp="690" pin=4"/></net>

<net id="1608"><net_src comp="166" pin="0"/><net_sink comp="1600" pin=0"/></net>

<net id="1609"><net_src comp="158" pin="0"/><net_sink comp="1600" pin=1"/></net>

<net id="1610"><net_src comp="444" pin="4"/><net_sink comp="1600" pin=5"/></net>

<net id="1611"><net_src comp="1600" pin="6"/><net_sink comp="690" pin=5"/></net>

<net id="1615"><net_src comp="456" pin="4"/><net_sink comp="1612" pin=0"/></net>

<net id="1624"><net_src comp="164" pin="0"/><net_sink comp="1616" pin=0"/></net>

<net id="1625"><net_src comp="130" pin="0"/><net_sink comp="1616" pin=1"/></net>

<net id="1626"><net_src comp="130" pin="0"/><net_sink comp="1616" pin=4"/></net>

<net id="1627"><net_src comp="1612" pin="1"/><net_sink comp="1616" pin=5"/></net>

<net id="1636"><net_src comp="164" pin="0"/><net_sink comp="1628" pin=0"/></net>

<net id="1637"><net_src comp="130" pin="0"/><net_sink comp="1628" pin=1"/></net>

<net id="1638"><net_src comp="130" pin="0"/><net_sink comp="1628" pin=4"/></net>

<net id="1639"><net_src comp="1612" pin="1"/><net_sink comp="1628" pin=5"/></net>

<net id="1644"><net_src comp="1628" pin="6"/><net_sink comp="1640" pin=0"/></net>

<net id="1645"><net_src comp="190" pin="0"/><net_sink comp="1640" pin=1"/></net>

<net id="1654"><net_src comp="192" pin="0"/><net_sink comp="1646" pin=0"/></net>

<net id="1655"><net_src comp="128" pin="0"/><net_sink comp="1646" pin=1"/></net>

<net id="1656"><net_src comp="128" pin="0"/><net_sink comp="1646" pin=2"/></net>

<net id="1657"><net_src comp="128" pin="0"/><net_sink comp="1646" pin=3"/></net>

<net id="1658"><net_src comp="128" pin="0"/><net_sink comp="1646" pin=4"/></net>

<net id="1659"><net_src comp="1612" pin="1"/><net_sink comp="1646" pin=5"/></net>

<net id="1668"><net_src comp="192" pin="0"/><net_sink comp="1660" pin=0"/></net>

<net id="1669"><net_src comp="128" pin="0"/><net_sink comp="1660" pin=1"/></net>

<net id="1670"><net_src comp="128" pin="0"/><net_sink comp="1660" pin=4"/></net>

<net id="1671"><net_src comp="1612" pin="1"/><net_sink comp="1660" pin=5"/></net>

<net id="1676"><net_src comp="1628" pin="6"/><net_sink comp="1672" pin=0"/></net>

<net id="1677"><net_src comp="194" pin="0"/><net_sink comp="1672" pin=1"/></net>

<net id="1686"><net_src comp="192" pin="0"/><net_sink comp="1678" pin=0"/></net>

<net id="1687"><net_src comp="128" pin="0"/><net_sink comp="1678" pin=1"/></net>

<net id="1688"><net_src comp="128" pin="0"/><net_sink comp="1678" pin=2"/></net>

<net id="1689"><net_src comp="128" pin="0"/><net_sink comp="1678" pin=3"/></net>

<net id="1690"><net_src comp="128" pin="0"/><net_sink comp="1678" pin=4"/></net>

<net id="1691"><net_src comp="1612" pin="1"/><net_sink comp="1678" pin=5"/></net>

<net id="1699"><net_src comp="1692" pin="1"/><net_sink comp="1695" pin=0"/></net>

<net id="1703"><net_src comp="1695" pin="2"/><net_sink comp="1700" pin=0"/></net>

<net id="1708"><net_src comp="1700" pin="1"/><net_sink comp="1704" pin=0"/></net>

<net id="1709"><net_src comp="747" pin="1"/><net_sink comp="1704" pin=1"/></net>

<net id="1714"><net_src comp="750" pin="1"/><net_sink comp="1710" pin=0"/></net>

<net id="1715"><net_src comp="1704" pin="2"/><net_sink comp="1710" pin=1"/></net>

<net id="1720"><net_src comp="1700" pin="1"/><net_sink comp="1716" pin=0"/></net>

<net id="1721"><net_src comp="396" pin="1"/><net_sink comp="1716" pin=1"/></net>

<net id="1726"><net_src comp="384" pin="1"/><net_sink comp="1722" pin=0"/></net>

<net id="1727"><net_src comp="1716" pin="2"/><net_sink comp="1722" pin=1"/></net>

<net id="1732"><net_src comp="1710" pin="2"/><net_sink comp="1728" pin=0"/></net>

<net id="1733"><net_src comp="1722" pin="2"/><net_sink comp="1728" pin=1"/></net>

<net id="1738"><net_src comp="440" pin="1"/><net_sink comp="1734" pin=0"/></net>

<net id="1739"><net_src comp="122" pin="0"/><net_sink comp="1734" pin=1"/></net>

<net id="1740"><net_src comp="1734" pin="2"/><net_sink comp="815" pin=0"/></net>

<net id="1746"><net_src comp="1734" pin="2"/><net_sink comp="1741" pin=0"/></net>

<net id="1751"><net_src comp="440" pin="1"/><net_sink comp="1747" pin=0"/></net>

<net id="1752"><net_src comp="114" pin="0"/><net_sink comp="1747" pin=1"/></net>

<net id="1757"><net_src comp="1741" pin="3"/><net_sink comp="1753" pin=0"/></net>

<net id="1758"><net_src comp="1747" pin="2"/><net_sink comp="1753" pin=1"/></net>

<net id="1764"><net_src comp="1734" pin="2"/><net_sink comp="1759" pin=0"/></net>

<net id="1768"><net_src comp="1759" pin="3"/><net_sink comp="1765" pin=0"/></net>

<net id="1773"><net_src comp="1759" pin="3"/><net_sink comp="1769" pin=0"/></net>

<net id="1774"><net_src comp="160" pin="0"/><net_sink comp="1769" pin=1"/></net>

<net id="1779"><net_src comp="505" pin="4"/><net_sink comp="1775" pin=0"/></net>

<net id="1780"><net_src comp="148" pin="0"/><net_sink comp="1775" pin=1"/></net>

<net id="1785"><net_src comp="505" pin="4"/><net_sink comp="1781" pin=0"/></net>

<net id="1786"><net_src comp="122" pin="0"/><net_sink comp="1781" pin=1"/></net>

<net id="1791"><net_src comp="505" pin="4"/><net_sink comp="1787" pin=0"/></net>

<net id="1792"><net_src comp="440" pin="1"/><net_sink comp="1787" pin=1"/></net>

<net id="1801"><net_src comp="182" pin="0"/><net_sink comp="1793" pin=0"/></net>

<net id="1802"><net_src comp="160" pin="0"/><net_sink comp="1793" pin=1"/></net>

<net id="1803"><net_src comp="505" pin="4"/><net_sink comp="1793" pin=5"/></net>

<net id="1807"><net_src comp="1793" pin="6"/><net_sink comp="1804" pin=0"/></net>

<net id="1808"><net_src comp="1804" pin="1"/><net_sink comp="690" pin=2"/></net>

<net id="1817"><net_src comp="184" pin="0"/><net_sink comp="1809" pin=0"/></net>

<net id="1818"><net_src comp="114" pin="0"/><net_sink comp="1809" pin=1"/></net>

<net id="1819"><net_src comp="505" pin="4"/><net_sink comp="1809" pin=5"/></net>

<net id="1823"><net_src comp="1809" pin="6"/><net_sink comp="1820" pin=0"/></net>

<net id="1824"><net_src comp="1820" pin="1"/><net_sink comp="690" pin=3"/></net>

<net id="1833"><net_src comp="164" pin="0"/><net_sink comp="1825" pin=0"/></net>

<net id="1834"><net_src comp="130" pin="0"/><net_sink comp="1825" pin=1"/></net>

<net id="1835"><net_src comp="505" pin="4"/><net_sink comp="1825" pin=5"/></net>

<net id="1836"><net_src comp="1825" pin="6"/><net_sink comp="690" pin=4"/></net>

<net id="1845"><net_src comp="166" pin="0"/><net_sink comp="1837" pin=0"/></net>

<net id="1846"><net_src comp="158" pin="0"/><net_sink comp="1837" pin=1"/></net>

<net id="1847"><net_src comp="505" pin="4"/><net_sink comp="1837" pin=5"/></net>

<net id="1848"><net_src comp="1837" pin="6"/><net_sink comp="690" pin=5"/></net>

<net id="1853"><net_src comp="538" pin="6"/><net_sink comp="1849" pin=0"/></net>

<net id="1858"><net_src comp="550" pin="6"/><net_sink comp="1854" pin=0"/></net>

<net id="1859"><net_src comp="856" pin="1"/><net_sink comp="1854" pin=1"/></net>

<net id="1864"><net_src comp="576" pin="4"/><net_sink comp="1860" pin=0"/></net>

<net id="1865"><net_src comp="116" pin="0"/><net_sink comp="1860" pin=1"/></net>

<net id="1870"><net_src comp="576" pin="4"/><net_sink comp="1866" pin=0"/></net>

<net id="1871"><net_src comp="122" pin="0"/><net_sink comp="1866" pin=1"/></net>

<net id="1875"><net_src comp="576" pin="4"/><net_sink comp="1872" pin=0"/></net>

<net id="1881"><net_src comp="1872" pin="1"/><net_sink comp="1876" pin=0"/></net>

<net id="1887"><net_src comp="1872" pin="1"/><net_sink comp="1882" pin=0"/></net>

<net id="1892"><net_src comp="1882" pin="3"/><net_sink comp="1888" pin=0"/></net>

<net id="1898"><net_src comp="1872" pin="1"/><net_sink comp="1893" pin=0"/></net>

<net id="1903"><net_src comp="1893" pin="3"/><net_sink comp="1899" pin=0"/></net>

<net id="1904"><net_src comp="856" pin="1"/><net_sink comp="1899" pin=1"/></net>

<net id="1909"><net_src comp="1888" pin="2"/><net_sink comp="1905" pin=0"/></net>

<net id="1910"><net_src comp="1899" pin="2"/><net_sink comp="1905" pin=1"/></net>

<net id="1915"><net_src comp="1905" pin="2"/><net_sink comp="1911" pin=0"/></net>

<net id="1916"><net_src comp="1876" pin="3"/><net_sink comp="1911" pin=1"/></net>

<net id="1921"><net_src comp="1911" pin="2"/><net_sink comp="1917" pin=0"/></net>

<net id="1922"><net_src comp="587" pin="4"/><net_sink comp="1917" pin=1"/></net>

<net id="1927"><net_src comp="587" pin="4"/><net_sink comp="1923" pin=0"/></net>

<net id="1932"><net_src comp="559" pin="1"/><net_sink comp="1928" pin=0"/></net>

<net id="1933"><net_src comp="1923" pin="2"/><net_sink comp="1928" pin=1"/></net>

<net id="1938"><net_src comp="464" pin="1"/><net_sink comp="1934" pin=1"/></net>

<net id="1943"><net_src comp="806" pin="3"/><net_sink comp="1939" pin=0"/></net>

<net id="1944"><net_src comp="1934" pin="2"/><net_sink comp="1939" pin=1"/></net>

<net id="1949"><net_src comp="464" pin="1"/><net_sink comp="1945" pin=1"/></net>

<net id="1954"><net_src comp="452" pin="1"/><net_sink comp="1950" pin=1"/></net>

<net id="1959"><net_src comp="1945" pin="2"/><net_sink comp="1955" pin=0"/></net>

<net id="1960"><net_src comp="1950" pin="2"/><net_sink comp="1955" pin=1"/></net>

<net id="1965"><net_src comp="202" pin="0"/><net_sink comp="1961" pin=1"/></net>

<net id="1969"><net_src comp="848" pin="1"/><net_sink comp="1966" pin=0"/></net>

<net id="1970"><net_src comp="1966" pin="1"/><net_sink comp="333" pin=2"/></net>

<net id="1971"><net_src comp="1966" pin="1"/><net_sink comp="342" pin=2"/></net>

<net id="1976"><net_src comp="128" pin="0"/><net_sink comp="1972" pin=0"/></net>

<net id="1977"><net_src comp="10" pin="0"/><net_sink comp="1972" pin=1"/></net>

<net id="1982"><net_src comp="160" pin="0"/><net_sink comp="1978" pin=0"/></net>

<net id="1983"><net_src comp="12" pin="0"/><net_sink comp="1978" pin=1"/></net>

<net id="1988"><net_src comp="128" pin="0"/><net_sink comp="1984" pin=0"/></net>

<net id="1989"><net_src comp="14" pin="0"/><net_sink comp="1984" pin=1"/></net>

<net id="1994"><net_src comp="130" pin="0"/><net_sink comp="1990" pin=0"/></net>

<net id="1995"><net_src comp="36" pin="0"/><net_sink comp="1990" pin=1"/></net>

<net id="2000"><net_src comp="128" pin="0"/><net_sink comp="1996" pin=0"/></net>

<net id="2001"><net_src comp="38" pin="0"/><net_sink comp="1996" pin=1"/></net>

<net id="2006"><net_src comp="162" pin="0"/><net_sink comp="2002" pin=0"/></net>

<net id="2007"><net_src comp="16" pin="0"/><net_sink comp="2002" pin=1"/></net>

<net id="2012"><net_src comp="114" pin="0"/><net_sink comp="2008" pin=0"/></net>

<net id="2013"><net_src comp="18" pin="0"/><net_sink comp="2008" pin=1"/></net>

<net id="2018"><net_src comp="114" pin="0"/><net_sink comp="2014" pin=0"/></net>

<net id="2019"><net_src comp="40" pin="0"/><net_sink comp="2014" pin=1"/></net>

<net id="2024"><net_src comp="128" pin="0"/><net_sink comp="2020" pin=0"/></net>

<net id="2025"><net_src comp="42" pin="0"/><net_sink comp="2020" pin=1"/></net>

<net id="2030"><net_src comp="128" pin="0"/><net_sink comp="2026" pin=0"/></net>

<net id="2031"><net_src comp="44" pin="0"/><net_sink comp="2026" pin=1"/></net>

<net id="2036"><net_src comp="132" pin="0"/><net_sink comp="2032" pin=0"/></net>

<net id="2037"><net_src comp="46" pin="0"/><net_sink comp="2032" pin=1"/></net>

<net id="2042"><net_src comp="128" pin="0"/><net_sink comp="2038" pin=0"/></net>

<net id="2043"><net_src comp="90" pin="0"/><net_sink comp="2038" pin=1"/></net>

<net id="2048"><net_src comp="824" pin="2"/><net_sink comp="2044" pin=0"/></net>

<net id="2049"><net_src comp="84" pin="0"/><net_sink comp="2044" pin=1"/></net>

<net id="2054"><net_src comp="834" pin="2"/><net_sink comp="2050" pin=0"/></net>

<net id="2055"><net_src comp="86" pin="0"/><net_sink comp="2050" pin=1"/></net>

<net id="2060"><net_src comp="128" pin="0"/><net_sink comp="2056" pin=0"/></net>

<net id="2061"><net_src comp="82" pin="0"/><net_sink comp="2056" pin=1"/></net>

<net id="2065"><net_src comp="852" pin="1"/><net_sink comp="2062" pin=0"/></net>

<net id="2066"><net_src comp="2062" pin="1"/><net_sink comp="357" pin=2"/></net>

<net id="2067"><net_src comp="2062" pin="1"/><net_sink comp="365" pin=2"/></net>

<net id="2072"><net_src comp="128" pin="0"/><net_sink comp="2068" pin=0"/></net>

<net id="2073"><net_src comp="48" pin="0"/><net_sink comp="2068" pin=1"/></net>

<net id="2078"><net_src comp="160" pin="0"/><net_sink comp="2074" pin=0"/></net>

<net id="2079"><net_src comp="50" pin="0"/><net_sink comp="2074" pin=1"/></net>

<net id="2084"><net_src comp="114" pin="0"/><net_sink comp="2080" pin=0"/></net>

<net id="2085"><net_src comp="52" pin="0"/><net_sink comp="2080" pin=1"/></net>

<net id="2090"><net_src comp="130" pin="0"/><net_sink comp="2086" pin=0"/></net>

<net id="2091"><net_src comp="58" pin="0"/><net_sink comp="2086" pin=1"/></net>

<net id="2096"><net_src comp="128" pin="0"/><net_sink comp="2092" pin=0"/></net>

<net id="2097"><net_src comp="60" pin="0"/><net_sink comp="2092" pin=1"/></net>

<net id="2102"><net_src comp="162" pin="0"/><net_sink comp="2098" pin=0"/></net>

<net id="2103"><net_src comp="54" pin="0"/><net_sink comp="2098" pin=1"/></net>

<net id="2108"><net_src comp="114" pin="0"/><net_sink comp="2104" pin=0"/></net>

<net id="2109"><net_src comp="56" pin="0"/><net_sink comp="2104" pin=1"/></net>

<net id="2114"><net_src comp="160" pin="0"/><net_sink comp="2110" pin=0"/></net>

<net id="2115"><net_src comp="62" pin="0"/><net_sink comp="2110" pin=1"/></net>

<net id="2120"><net_src comp="128" pin="0"/><net_sink comp="2116" pin=0"/></net>

<net id="2121"><net_src comp="64" pin="0"/><net_sink comp="2116" pin=1"/></net>

<net id="2126"><net_src comp="128" pin="0"/><net_sink comp="2122" pin=0"/></net>

<net id="2127"><net_src comp="66" pin="0"/><net_sink comp="2122" pin=1"/></net>

<net id="2132"><net_src comp="132" pin="0"/><net_sink comp="2128" pin=0"/></net>

<net id="2133"><net_src comp="68" pin="0"/><net_sink comp="2128" pin=1"/></net>

<net id="2138"><net_src comp="128" pin="0"/><net_sink comp="2134" pin=0"/></net>

<net id="2139"><net_src comp="88" pin="0"/><net_sink comp="2134" pin=1"/></net>

<net id="2144"><net_src comp="824" pin="2"/><net_sink comp="2140" pin=0"/></net>

<net id="2145"><net_src comp="84" pin="0"/><net_sink comp="2140" pin=1"/></net>

<net id="2150"><net_src comp="834" pin="2"/><net_sink comp="2146" pin=0"/></net>

<net id="2151"><net_src comp="86" pin="0"/><net_sink comp="2146" pin=1"/></net>

<net id="2156"><net_src comp="840" pin="1"/><net_sink comp="2152" pin=0"/></net>

<net id="2157"><net_src comp="200" pin="0"/><net_sink comp="2152" pin=1"/></net>

<net id="2162"><net_src comp="2152" pin="2"/><net_sink comp="2158" pin=0"/></net>

<net id="2163"><net_src comp="92" pin="0"/><net_sink comp="2158" pin=1"/></net>

<net id="2167"><net_src comp="94" pin="0"/><net_sink comp="2164" pin=0"/></net>

<net id="2172"><net_src comp="2164" pin="1"/><net_sink comp="2168" pin=0"/></net>

<net id="2173"><net_src comp="150" pin="0"/><net_sink comp="2168" pin=1"/></net>

<net id="2178"><net_src comp="2168" pin="2"/><net_sink comp="2174" pin=0"/></net>

<net id="2179"><net_src comp="94" pin="0"/><net_sink comp="2174" pin=1"/></net>

<net id="2184"><net_src comp="476" pin="1"/><net_sink comp="2180" pin=0"/></net>

<net id="2185"><net_src comp="671" pin="1"/><net_sink comp="2180" pin=1"/></net>

<net id="2189"><net_src comp="803" pin="1"/><net_sink comp="2186" pin=0"/></net>

<net id="2194"><net_src comp="146" pin="0"/><net_sink comp="2190" pin=0"/></net>

<net id="2195"><net_src comp="70" pin="0"/><net_sink comp="2190" pin=1"/></net>

<net id="2200"><net_src comp="146" pin="0"/><net_sink comp="2196" pin=0"/></net>

<net id="2201"><net_src comp="72" pin="0"/><net_sink comp="2196" pin=1"/></net>

<net id="2210"><net_src comp="164" pin="0"/><net_sink comp="2202" pin=0"/></net>

<net id="2211"><net_src comp="130" pin="0"/><net_sink comp="2202" pin=1"/></net>

<net id="2212"><net_src comp="130" pin="0"/><net_sink comp="2202" pin=4"/></net>

<net id="2217"><net_src comp="2202" pin="6"/><net_sink comp="2213" pin=0"/></net>

<net id="2218"><net_src comp="74" pin="0"/><net_sink comp="2213" pin=1"/></net>

<net id="2223"><net_src comp="2202" pin="6"/><net_sink comp="2219" pin=0"/></net>

<net id="2224"><net_src comp="76" pin="0"/><net_sink comp="2219" pin=1"/></net>

<net id="2233"><net_src comp="206" pin="0"/><net_sink comp="2225" pin=0"/></net>

<net id="2234"><net_src comp="132" pin="0"/><net_sink comp="2225" pin=1"/></net>

<net id="2235"><net_src comp="132" pin="0"/><net_sink comp="2225" pin=4"/></net>

<net id="2240"><net_src comp="2225" pin="6"/><net_sink comp="2236" pin=0"/></net>

<net id="2241"><net_src comp="78" pin="0"/><net_sink comp="2236" pin=1"/></net>

<net id="2246"><net_src comp="2225" pin="6"/><net_sink comp="2242" pin=0"/></net>

<net id="2247"><net_src comp="80" pin="0"/><net_sink comp="2242" pin=1"/></net>

<net id="2255"><net_src comp="2248" pin="1"/><net_sink comp="2251" pin=0"/></net>

<net id="2256"><net_src comp="200" pin="0"/><net_sink comp="2251" pin=1"/></net>

<net id="2261"><net_src comp="844" pin="1"/><net_sink comp="2257" pin=0"/></net>

<net id="2262"><net_src comp="200" pin="0"/><net_sink comp="2257" pin=1"/></net>

<net id="2267"><net_src comp="2257" pin="2"/><net_sink comp="2263" pin=0"/></net>

<net id="2268"><net_src comp="98" pin="0"/><net_sink comp="2263" pin=1"/></net>

<net id="2272"><net_src comp="100" pin="0"/><net_sink comp="2269" pin=0"/></net>

<net id="2277"><net_src comp="2269" pin="1"/><net_sink comp="2273" pin=0"/></net>

<net id="2278"><net_src comp="150" pin="0"/><net_sink comp="2273" pin=1"/></net>

<net id="2283"><net_src comp="2273" pin="2"/><net_sink comp="2279" pin=0"/></net>

<net id="2284"><net_src comp="100" pin="0"/><net_sink comp="2279" pin=1"/></net>

<net id="2289"><net_src comp="2251" pin="2"/><net_sink comp="2285" pin=0"/></net>

<net id="2293"><net_src comp="96" pin="0"/><net_sink comp="2290" pin=0"/></net>

<net id="2298"><net_src comp="2290" pin="1"/><net_sink comp="2294" pin=0"/></net>

<net id="2299"><net_src comp="150" pin="0"/><net_sink comp="2294" pin=1"/></net>

<net id="2304"><net_src comp="2294" pin="2"/><net_sink comp="2300" pin=0"/></net>

<net id="2305"><net_src comp="96" pin="0"/><net_sink comp="2300" pin=1"/></net>

<net id="2314"><net_src comp="192" pin="0"/><net_sink comp="2306" pin=0"/></net>

<net id="2315"><net_src comp="128" pin="0"/><net_sink comp="2306" pin=1"/></net>

<net id="2316"><net_src comp="128" pin="0"/><net_sink comp="2306" pin=2"/></net>

<net id="2317"><net_src comp="128" pin="0"/><net_sink comp="2306" pin=3"/></net>

<net id="2318"><net_src comp="128" pin="0"/><net_sink comp="2306" pin=4"/></net>

<net id="2323"><net_src comp="208" pin="0"/><net_sink comp="2319" pin=1"/></net>

<net id="2328"><net_src comp="2306" pin="6"/><net_sink comp="2324" pin=0"/></net>

<net id="2329"><net_src comp="2319" pin="2"/><net_sink comp="2324" pin=1"/></net>

<net id="2338"><net_src comp="824" pin="2"/><net_sink comp="2334" pin=0"/></net>

<net id="2339"><net_src comp="84" pin="0"/><net_sink comp="2334" pin=1"/></net>

<net id="2344"><net_src comp="834" pin="2"/><net_sink comp="2340" pin=0"/></net>

<net id="2345"><net_src comp="86" pin="0"/><net_sink comp="2340" pin=1"/></net>

<net id="2350"><net_src comp="202" pin="0"/><net_sink comp="2346" pin=1"/></net>

<net id="2354"><net_src comp="106" pin="0"/><net_sink comp="2351" pin=0"/></net>

<net id="2359"><net_src comp="820" pin="1"/><net_sink comp="2355" pin=0"/></net>

<net id="2360"><net_src comp="2351" pin="1"/><net_sink comp="2355" pin=1"/></net>

<net id="2365"><net_src comp="820" pin="1"/><net_sink comp="2361" pin=0"/></net>

<net id="2366"><net_src comp="106" pin="0"/><net_sink comp="2361" pin=1"/></net>

<net id="2370"><net_src comp="108" pin="0"/><net_sink comp="2367" pin=0"/></net>

<net id="2375"><net_src comp="840" pin="1"/><net_sink comp="2371" pin=0"/></net>

<net id="2376"><net_src comp="2367" pin="1"/><net_sink comp="2371" pin=1"/></net>

<net id="2381"><net_src comp="840" pin="1"/><net_sink comp="2377" pin=0"/></net>

<net id="2382"><net_src comp="108" pin="0"/><net_sink comp="2377" pin=1"/></net>

<net id="2386"><net_src comp="110" pin="0"/><net_sink comp="2383" pin=0"/></net>

<net id="2391"><net_src comp="844" pin="1"/><net_sink comp="2387" pin=0"/></net>

<net id="2392"><net_src comp="2383" pin="1"/><net_sink comp="2387" pin=1"/></net>

<net id="2397"><net_src comp="844" pin="1"/><net_sink comp="2393" pin=0"/></net>

<net id="2398"><net_src comp="110" pin="0"/><net_sink comp="2393" pin=1"/></net>

<net id="2402"><net_src comp="212" pin="1"/><net_sink comp="2399" pin=0"/></net>

<net id="2403"><net_src comp="2399" pin="1"/><net_sink comp="860" pin=1"/></net>

<net id="2404"><net_src comp="2399" pin="1"/><net_sink comp="865" pin=0"/></net>

<net id="2405"><net_src comp="2399" pin="1"/><net_sink comp="920" pin=1"/></net>

<net id="2415"><net_src comp="925" pin="1"/><net_sink comp="2412" pin=0"/></net>

<net id="2419"><net_src comp="216" pin="1"/><net_sink comp="2416" pin=0"/></net>

<net id="2420"><net_src comp="2416" pin="1"/><net_sink comp="943" pin=1"/></net>

<net id="2421"><net_src comp="2416" pin="1"/><net_sink comp="948" pin=0"/></net>

<net id="2422"><net_src comp="2416" pin="1"/><net_sink comp="1043" pin=1"/></net>

<net id="2426"><net_src comp="220" pin="1"/><net_sink comp="2423" pin=0"/></net>

<net id="2427"><net_src comp="2423" pin="1"/><net_sink comp="938" pin=1"/></net>

<net id="2428"><net_src comp="2423" pin="1"/><net_sink comp="747" pin=0"/></net>

<net id="2429"><net_src comp="2423" pin="1"/><net_sink comp="1038" pin=1"/></net>

<net id="2433"><net_src comp="224" pin="1"/><net_sink comp="2430" pin=0"/></net>

<net id="2434"><net_src comp="2430" pin="1"/><net_sink comp="933" pin=1"/></net>

<net id="2435"><net_src comp="2430" pin="1"/><net_sink comp="750" pin=0"/></net>

<net id="2436"><net_src comp="2430" pin="1"/><net_sink comp="1033" pin=1"/></net>

<net id="2446"><net_src comp="951" pin="1"/><net_sink comp="2443" pin=0"/></net>

<net id="2447"><net_src comp="2443" pin="1"/><net_sink comp="249" pin=2"/></net>

<net id="2448"><net_src comp="2443" pin="1"/><net_sink comp="262" pin=2"/></net>

<net id="2455"><net_src comp="962" pin="2"/><net_sink comp="2452" pin=0"/></net>

<net id="2456"><net_src comp="2452" pin="1"/><net_sink comp="1043" pin=0"/></net>

<net id="2460"><net_src comp="236" pin="3"/><net_sink comp="2457" pin=0"/></net>

<net id="2461"><net_src comp="2457" pin="1"/><net_sink comp="243" pin=0"/></net>

<net id="2465"><net_src comp="228" pin="1"/><net_sink comp="2462" pin=0"/></net>

<net id="2466"><net_src comp="2462" pin="1"/><net_sink comp="973" pin=1"/></net>

<net id="2467"><net_src comp="2462" pin="1"/><net_sink comp="1047" pin=0"/></net>

<net id="2468"><net_src comp="2462" pin="1"/><net_sink comp="2330" pin=1"/></net>

<net id="2472"><net_src comp="232" pin="1"/><net_sink comp="2469" pin=0"/></net>

<net id="2473"><net_src comp="2469" pin="1"/><net_sink comp="968" pin=1"/></net>

<net id="2474"><net_src comp="2469" pin="1"/><net_sink comp="803" pin=0"/></net>

<net id="2475"><net_src comp="2469" pin="1"/><net_sink comp="2248" pin=0"/></net>

<net id="2476"><net_src comp="2469" pin="1"/><net_sink comp="2285" pin=1"/></net>

<net id="2480"><net_src comp="243" pin="3"/><net_sink comp="2477" pin=0"/></net>

<net id="2484"><net_src comp="249" pin="3"/><net_sink comp="2481" pin=0"/></net>

<net id="2485"><net_src comp="2481" pin="1"/><net_sink comp="256" pin=0"/></net>

<net id="2489"><net_src comp="256" pin="3"/><net_sink comp="2486" pin=0"/></net>

<net id="2493"><net_src comp="262" pin="3"/><net_sink comp="2490" pin=0"/></net>

<net id="2494"><net_src comp="2490" pin="1"/><net_sink comp="269" pin=0"/></net>

<net id="2501"><net_src comp="1050" pin="2"/><net_sink comp="2498" pin=0"/></net>

<net id="2505"><net_src comp="1056" pin="2"/><net_sink comp="2502" pin=0"/></net>

<net id="2506"><net_src comp="2502" pin="1"/><net_sink comp="2330" pin=0"/></net>

<net id="2510"><net_src comp="753" pin="1"/><net_sink comp="2507" pin=0"/></net>

<net id="2514"><net_src comp="1062" pin="1"/><net_sink comp="2511" pin=0"/></net>

<net id="2515"><net_src comp="2511" pin="1"/><net_sink comp="690" pin=2"/></net>

<net id="2519"><net_src comp="1067" pin="1"/><net_sink comp="2516" pin=0"/></net>

<net id="2520"><net_src comp="2516" pin="1"/><net_sink comp="690" pin=3"/></net>

<net id="2524"><net_src comp="1072" pin="1"/><net_sink comp="2521" pin=0"/></net>

<net id="2525"><net_src comp="2521" pin="1"/><net_sink comp="690" pin=4"/></net>

<net id="2529"><net_src comp="769" pin="1"/><net_sink comp="2526" pin=0"/></net>

<net id="2530"><net_src comp="2526" pin="1"/><net_sink comp="1087" pin=1"/></net>

<net id="2534"><net_src comp="1077" pin="1"/><net_sink comp="2531" pin=0"/></net>

<net id="2535"><net_src comp="2531" pin="1"/><net_sink comp="690" pin=5"/></net>

<net id="2539"><net_src comp="690" pin="15"/><net_sink comp="2536" pin=0"/></net>

<net id="2543"><net_src comp="1082" pin="1"/><net_sink comp="2540" pin=0"/></net>

<net id="2544"><net_src comp="2540" pin="1"/><net_sink comp="283" pin=2"/></net>

<net id="2545"><net_src comp="2540" pin="1"/><net_sink comp="296" pin=2"/></net>

<net id="2549"><net_src comp="275" pin="3"/><net_sink comp="2546" pin=0"/></net>

<net id="2550"><net_src comp="2546" pin="1"/><net_sink comp="243" pin=0"/></net>

<net id="2554"><net_src comp="243" pin="3"/><net_sink comp="2551" pin=0"/></net>

<net id="2558"><net_src comp="283" pin="3"/><net_sink comp="2555" pin=0"/></net>

<net id="2559"><net_src comp="2555" pin="1"/><net_sink comp="290" pin=0"/></net>

<net id="2563"><net_src comp="1087" pin="2"/><net_sink comp="2560" pin=0"/></net>

<net id="2567"><net_src comp="296" pin="3"/><net_sink comp="2564" pin=0"/></net>

<net id="2568"><net_src comp="2564" pin="1"/><net_sink comp="303" pin=0"/></net>

<net id="2575"><net_src comp="783" pin="1"/><net_sink comp="2572" pin=0"/></net>

<net id="2579"><net_src comp="1164" pin="1"/><net_sink comp="2576" pin=0"/></net>

<net id="2580"><net_src comp="2576" pin="1"/><net_sink comp="690" pin=2"/></net>

<net id="2584"><net_src comp="1169" pin="1"/><net_sink comp="2581" pin=0"/></net>

<net id="2585"><net_src comp="2581" pin="1"/><net_sink comp="690" pin=3"/></net>

<net id="2589"><net_src comp="1174" pin="1"/><net_sink comp="2586" pin=0"/></net>

<net id="2590"><net_src comp="2586" pin="1"/><net_sink comp="690" pin=4"/></net>

<net id="2594"><net_src comp="799" pin="1"/><net_sink comp="2591" pin=0"/></net>

<net id="2595"><net_src comp="2591" pin="1"/><net_sink comp="1189" pin=1"/></net>

<net id="2599"><net_src comp="1179" pin="1"/><net_sink comp="2596" pin=0"/></net>

<net id="2600"><net_src comp="2596" pin="1"/><net_sink comp="690" pin=5"/></net>

<net id="2604"><net_src comp="690" pin="15"/><net_sink comp="2601" pin=0"/></net>

<net id="2608"><net_src comp="1184" pin="1"/><net_sink comp="2605" pin=0"/></net>

<net id="2609"><net_src comp="2605" pin="1"/><net_sink comp="317" pin=2"/></net>

<net id="2610"><net_src comp="2605" pin="1"/><net_sink comp="325" pin=2"/></net>

<net id="2614"><net_src comp="309" pin="3"/><net_sink comp="2611" pin=0"/></net>

<net id="2615"><net_src comp="2611" pin="1"/><net_sink comp="243" pin=0"/></net>

<net id="2619"><net_src comp="243" pin="3"/><net_sink comp="2616" pin=0"/></net>

<net id="2623"><net_src comp="317" pin="3"/><net_sink comp="2620" pin=0"/></net>

<net id="2624"><net_src comp="2620" pin="1"/><net_sink comp="290" pin=0"/></net>

<net id="2628"><net_src comp="1189" pin="2"/><net_sink comp="2625" pin=0"/></net>

<net id="2632"><net_src comp="325" pin="3"/><net_sink comp="2629" pin=0"/></net>

<net id="2633"><net_src comp="2629" pin="1"/><net_sink comp="303" pin=0"/></net>

<net id="2640"><net_src comp="753" pin="1"/><net_sink comp="2637" pin=0"/></net>

<net id="2641"><net_src comp="2637" pin="1"/><net_sink comp="1356" pin=1"/></net>

<net id="2642"><net_src comp="2637" pin="1"/><net_sink comp="491" pin=0"/></net>

<net id="2643"><net_src comp="2637" pin="1"/><net_sink comp="516" pin=0"/></net>

<net id="2644"><net_src comp="2637" pin="1"/><net_sink comp="690" pin=1"/></net>

<net id="2648"><net_src comp="757" pin="1"/><net_sink comp="2645" pin=0"/></net>

<net id="2649"><net_src comp="2645" pin="1"/><net_sink comp="1375" pin=1"/></net>

<net id="2650"><net_src comp="2645" pin="1"/><net_sink comp="1556" pin=2"/></net>

<net id="2651"><net_src comp="2645" pin="1"/><net_sink comp="1793" pin=2"/></net>

<net id="2652"><net_src comp="2645" pin="1"/><net_sink comp="1961" pin=0"/></net>

<net id="2656"><net_src comp="1266" pin="1"/><net_sink comp="2653" pin=0"/></net>

<net id="2657"><net_src comp="2653" pin="1"/><net_sink comp="1628" pin=2"/></net>

<net id="2658"><net_src comp="2653" pin="1"/><net_sink comp="690" pin=2"/></net>

<net id="2662"><net_src comp="1270" pin="1"/><net_sink comp="2659" pin=0"/></net>

<net id="2663"><net_src comp="2659" pin="1"/><net_sink comp="1616" pin=2"/></net>

<net id="2664"><net_src comp="2659" pin="1"/><net_sink comp="690" pin=3"/></net>

<net id="2668"><net_src comp="1274" pin="1"/><net_sink comp="2665" pin=0"/></net>

<net id="2669"><net_src comp="2665" pin="1"/><net_sink comp="1400" pin=1"/></net>

<net id="2670"><net_src comp="2665" pin="1"/><net_sink comp="1572" pin=2"/></net>

<net id="2671"><net_src comp="2665" pin="1"/><net_sink comp="1809" pin=2"/></net>

<net id="2675"><net_src comp="1278" pin="1"/><net_sink comp="2672" pin=0"/></net>

<net id="2676"><net_src comp="2672" pin="1"/><net_sink comp="1419" pin=2"/></net>

<net id="2677"><net_src comp="2672" pin="1"/><net_sink comp="1588" pin=2"/></net>

<net id="2678"><net_src comp="2672" pin="1"/><net_sink comp="1825" pin=2"/></net>

<net id="2679"><net_src comp="2672" pin="1"/><net_sink comp="690" pin=4"/></net>

<net id="2683"><net_src comp="1282" pin="1"/><net_sink comp="2680" pin=0"/></net>

<net id="2684"><net_src comp="2680" pin="1"/><net_sink comp="1431" pin=2"/></net>

<net id="2685"><net_src comp="2680" pin="1"/><net_sink comp="1600" pin=2"/></net>

<net id="2686"><net_src comp="2680" pin="1"/><net_sink comp="1837" pin=2"/></net>

<net id="2687"><net_src comp="2680" pin="1"/><net_sink comp="690" pin=5"/></net>

<net id="2691"><net_src comp="1290" pin="1"/><net_sink comp="2688" pin=0"/></net>

<net id="2692"><net_src comp="2688" pin="1"/><net_sink comp="2202" pin=2"/></net>

<net id="2696"><net_src comp="1294" pin="1"/><net_sink comp="2693" pin=0"/></net>

<net id="2697"><net_src comp="2693" pin="1"/><net_sink comp="1759" pin=1"/></net>

<net id="2698"><net_src comp="2693" pin="1"/><net_sink comp="538" pin=0"/></net>

<net id="2708"><net_src comp="783" pin="1"/><net_sink comp="2705" pin=0"/></net>

<net id="2709"><net_src comp="2705" pin="1"/><net_sink comp="1356" pin=2"/></net>

<net id="2710"><net_src comp="2705" pin="1"/><net_sink comp="491" pin=2"/></net>

<net id="2711"><net_src comp="2705" pin="1"/><net_sink comp="516" pin=2"/></net>

<net id="2712"><net_src comp="2705" pin="1"/><net_sink comp="690" pin=1"/></net>

<net id="2716"><net_src comp="787" pin="1"/><net_sink comp="2713" pin=0"/></net>

<net id="2717"><net_src comp="2713" pin="1"/><net_sink comp="1375" pin=2"/></net>

<net id="2718"><net_src comp="2713" pin="1"/><net_sink comp="1556" pin=3"/></net>

<net id="2719"><net_src comp="2713" pin="1"/><net_sink comp="1556" pin=4"/></net>

<net id="2720"><net_src comp="2713" pin="1"/><net_sink comp="1793" pin=3"/></net>

<net id="2721"><net_src comp="2713" pin="1"/><net_sink comp="1793" pin=4"/></net>

<net id="2722"><net_src comp="2713" pin="1"/><net_sink comp="2346" pin=0"/></net>

<net id="2726"><net_src comp="1306" pin="1"/><net_sink comp="2723" pin=0"/></net>

<net id="2727"><net_src comp="2723" pin="1"/><net_sink comp="1628" pin=3"/></net>

<net id="2728"><net_src comp="2723" pin="1"/><net_sink comp="690" pin=2"/></net>

<net id="2732"><net_src comp="791" pin="1"/><net_sink comp="2729" pin=0"/></net>

<net id="2733"><net_src comp="2729" pin="1"/><net_sink comp="1400" pin=2"/></net>

<net id="2734"><net_src comp="2729" pin="1"/><net_sink comp="1572" pin=3"/></net>

<net id="2735"><net_src comp="2729" pin="1"/><net_sink comp="1572" pin=4"/></net>

<net id="2736"><net_src comp="2729" pin="1"/><net_sink comp="1809" pin=3"/></net>

<net id="2737"><net_src comp="2729" pin="1"/><net_sink comp="1809" pin=4"/></net>

<net id="2741"><net_src comp="1310" pin="1"/><net_sink comp="2738" pin=0"/></net>

<net id="2742"><net_src comp="2738" pin="1"/><net_sink comp="1616" pin=3"/></net>

<net id="2743"><net_src comp="2738" pin="1"/><net_sink comp="690" pin=3"/></net>

<net id="2747"><net_src comp="1314" pin="1"/><net_sink comp="2744" pin=0"/></net>

<net id="2748"><net_src comp="2744" pin="1"/><net_sink comp="1419" pin=3"/></net>

<net id="2749"><net_src comp="2744" pin="1"/><net_sink comp="1419" pin=4"/></net>

<net id="2750"><net_src comp="2744" pin="1"/><net_sink comp="1588" pin=3"/></net>

<net id="2751"><net_src comp="2744" pin="1"/><net_sink comp="1588" pin=4"/></net>

<net id="2752"><net_src comp="2744" pin="1"/><net_sink comp="1825" pin=3"/></net>

<net id="2753"><net_src comp="2744" pin="1"/><net_sink comp="1825" pin=4"/></net>

<net id="2754"><net_src comp="2744" pin="1"/><net_sink comp="690" pin=4"/></net>

<net id="2758"><net_src comp="1318" pin="1"/><net_sink comp="2755" pin=0"/></net>

<net id="2759"><net_src comp="2755" pin="1"/><net_sink comp="1431" pin=3"/></net>

<net id="2760"><net_src comp="2755" pin="1"/><net_sink comp="1431" pin=4"/></net>

<net id="2761"><net_src comp="2755" pin="1"/><net_sink comp="1600" pin=3"/></net>

<net id="2762"><net_src comp="2755" pin="1"/><net_sink comp="1600" pin=4"/></net>

<net id="2763"><net_src comp="2755" pin="1"/><net_sink comp="1837" pin=3"/></net>

<net id="2764"><net_src comp="2755" pin="1"/><net_sink comp="1837" pin=4"/></net>

<net id="2765"><net_src comp="2755" pin="1"/><net_sink comp="690" pin=5"/></net>

<net id="2769"><net_src comp="1322" pin="1"/><net_sink comp="2766" pin=0"/></net>

<net id="2770"><net_src comp="2766" pin="1"/><net_sink comp="1759" pin=2"/></net>

<net id="2771"><net_src comp="2766" pin="1"/><net_sink comp="538" pin=2"/></net>

<net id="2775"><net_src comp="1326" pin="1"/><net_sink comp="2772" pin=0"/></net>

<net id="2776"><net_src comp="2772" pin="1"/><net_sink comp="2202" pin=3"/></net>

<net id="2780"><net_src comp="1330" pin="1"/><net_sink comp="2777" pin=0"/></net>

<net id="2781"><net_src comp="2777" pin="1"/><net_sink comp="1660" pin=3"/></net>

<net id="2782"><net_src comp="2777" pin="1"/><net_sink comp="1741" pin=2"/></net>

<net id="2783"><net_src comp="2777" pin="1"/><net_sink comp="529" pin=0"/></net>

<net id="2787"><net_src comp="1334" pin="1"/><net_sink comp="2784" pin=0"/></net>

<net id="2788"><net_src comp="2784" pin="1"/><net_sink comp="815" pin=2"/></net>

<net id="2789"><net_src comp="2784" pin="1"/><net_sink comp="550" pin=2"/></net>

<net id="2790"><net_src comp="2784" pin="1"/><net_sink comp="2225" pin=3"/></net>

<net id="2797"><net_src comp="1344" pin="2"/><net_sink comp="2794" pin=0"/></net>

<net id="2798"><net_src comp="2794" pin="1"/><net_sink comp="377" pin=2"/></net>

<net id="2802"><net_src comp="1368" pin="2"/><net_sink comp="2799" pin=0"/></net>

<net id="2803"><net_src comp="2799" pin="1"/><net_sink comp="690" pin=1"/></net>

<net id="2807"><net_src comp="1387" pin="3"/><net_sink comp="2804" pin=0"/></net>

<net id="2808"><net_src comp="2804" pin="1"/><net_sink comp="1501" pin=0"/></net>

<net id="2812"><net_src comp="1395" pin="1"/><net_sink comp="2809" pin=0"/></net>

<net id="2813"><net_src comp="2809" pin="1"/><net_sink comp="690" pin=2"/></net>

<net id="2817"><net_src comp="1414" pin="1"/><net_sink comp="2814" pin=0"/></net>

<net id="2818"><net_src comp="2814" pin="1"/><net_sink comp="690" pin=3"/></net>

<net id="2822"><net_src comp="1419" pin="6"/><net_sink comp="2819" pin=0"/></net>

<net id="2823"><net_src comp="2819" pin="1"/><net_sink comp="690" pin=4"/></net>

<net id="2824"><net_src comp="2819" pin="1"/><net_sink comp="1489" pin=0"/></net>

<net id="2828"><net_src comp="1431" pin="6"/><net_sink comp="2825" pin=0"/></net>

<net id="2829"><net_src comp="2825" pin="1"/><net_sink comp="690" pin=5"/></net>

<net id="2833"><net_src comp="1453" pin="2"/><net_sink comp="2830" pin=0"/></net>

<net id="2837"><net_src comp="1459" pin="2"/><net_sink comp="2834" pin=0"/></net>

<net id="2838"><net_src comp="2834" pin="1"/><net_sink comp="1923" pin=1"/></net>

<net id="2866"><net_src comp="1536" pin="1"/><net_sink comp="2863" pin=0"/></net>

<net id="2867"><net_src comp="2863" pin="1"/><net_sink comp="412" pin=0"/></net>

<net id="2871"><net_src comp="1540" pin="1"/><net_sink comp="2868" pin=0"/></net>

<net id="2872"><net_src comp="2868" pin="1"/><net_sink comp="1950" pin=0"/></net>

<net id="2873"><net_src comp="2868" pin="1"/><net_sink comp="654" pin=0"/></net>

<net id="2880"><net_src comp="1550" pin="2"/><net_sink comp="2877" pin=0"/></net>

<net id="2881"><net_src comp="2877" pin="1"/><net_sink comp="444" pin=2"/></net>

<net id="2885"><net_src comp="1567" pin="1"/><net_sink comp="2882" pin=0"/></net>

<net id="2886"><net_src comp="2882" pin="1"/><net_sink comp="690" pin=2"/></net>

<net id="2890"><net_src comp="1583" pin="1"/><net_sink comp="2887" pin=0"/></net>

<net id="2891"><net_src comp="2887" pin="1"/><net_sink comp="690" pin=3"/></net>

<net id="2895"><net_src comp="1588" pin="6"/><net_sink comp="2892" pin=0"/></net>

<net id="2896"><net_src comp="2892" pin="1"/><net_sink comp="690" pin=4"/></net>

<net id="2897"><net_src comp="2892" pin="1"/><net_sink comp="1692" pin=0"/></net>

<net id="2901"><net_src comp="1600" pin="6"/><net_sink comp="2898" pin=0"/></net>

<net id="2902"><net_src comp="2898" pin="1"/><net_sink comp="690" pin=5"/></net>

<net id="2906"><net_src comp="806" pin="3"/><net_sink comp="2903" pin=0"/></net>

<net id="2910"><net_src comp="1612" pin="1"/><net_sink comp="2907" pin=0"/></net>

<net id="2911"><net_src comp="2907" pin="1"/><net_sink comp="2202" pin=5"/></net>

<net id="2912"><net_src comp="2907" pin="1"/><net_sink comp="2225" pin=5"/></net>

<net id="2913"><net_src comp="2907" pin="1"/><net_sink comp="2306" pin=5"/></net>

<net id="2917"><net_src comp="1616" pin="6"/><net_sink comp="2914" pin=0"/></net>

<net id="2921"><net_src comp="1628" pin="6"/><net_sink comp="2918" pin=0"/></net>

<net id="2922"><net_src comp="2918" pin="1"/><net_sink comp="2319" pin=0"/></net>

<net id="2938"><net_src comp="1678" pin="6"/><net_sink comp="2935" pin=0"/></net>

<net id="2939"><net_src comp="2935" pin="1"/><net_sink comp="676" pin=0"/></net>

<net id="2946"><net_src comp="1700" pin="1"/><net_sink comp="2943" pin=0"/></net>

<net id="2947"><net_src comp="2943" pin="1"/><net_sink comp="1934" pin=0"/></net>

<net id="2948"><net_src comp="2943" pin="1"/><net_sink comp="1945" pin=0"/></net>

<net id="2949"><net_src comp="2943" pin="1"/><net_sink comp="633" pin=0"/></net>

<net id="2956"><net_src comp="1734" pin="2"/><net_sink comp="2953" pin=0"/></net>

<net id="2957"><net_src comp="2953" pin="1"/><net_sink comp="815" pin=0"/></net>

<net id="2961"><net_src comp="1753" pin="2"/><net_sink comp="2958" pin=0"/></net>

<net id="2965"><net_src comp="1759" pin="3"/><net_sink comp="2962" pin=0"/></net>

<net id="2966"><net_src comp="2962" pin="1"/><net_sink comp="1849" pin=1"/></net>

<net id="2970"><net_src comp="1765" pin="1"/><net_sink comp="2967" pin=0"/></net>

<net id="2971"><net_src comp="2967" pin="1"/><net_sink comp="1888" pin=1"/></net>

<net id="2975"><net_src comp="1769" pin="2"/><net_sink comp="2972" pin=0"/></net>

<net id="2979"><net_src comp="1775" pin="2"/><net_sink comp="2976" pin=0"/></net>

<net id="2983"><net_src comp="1781" pin="2"/><net_sink comp="2980" pin=0"/></net>

<net id="2984"><net_src comp="2980" pin="1"/><net_sink comp="505" pin=2"/></net>

<net id="2988"><net_src comp="1787" pin="2"/><net_sink comp="2985" pin=0"/></net>

<net id="2992"><net_src comp="1804" pin="1"/><net_sink comp="2989" pin=0"/></net>

<net id="2993"><net_src comp="2989" pin="1"/><net_sink comp="690" pin=2"/></net>

<net id="2997"><net_src comp="1820" pin="1"/><net_sink comp="2994" pin=0"/></net>

<net id="2998"><net_src comp="2994" pin="1"/><net_sink comp="690" pin=3"/></net>

<net id="3002"><net_src comp="1825" pin="6"/><net_sink comp="2999" pin=0"/></net>

<net id="3003"><net_src comp="2999" pin="1"/><net_sink comp="690" pin=4"/></net>

<net id="3007"><net_src comp="1837" pin="6"/><net_sink comp="3004" pin=0"/></net>

<net id="3008"><net_src comp="3004" pin="1"/><net_sink comp="690" pin=5"/></net>

<net id="3024"><net_src comp="1866" pin="2"/><net_sink comp="3021" pin=0"/></net>

<net id="3025"><net_src comp="3021" pin="1"/><net_sink comp="576" pin=2"/></net>

<net id="3029"><net_src comp="1917" pin="2"/><net_sink comp="3026" pin=0"/></net>

<net id="3030"><net_src comp="3026" pin="1"/><net_sink comp="587" pin=2"/></net>

<net id="3043"><net_src comp="690" pin="15"/><net_sink comp="3040" pin=0"/></net>

<net id="3047"><net_src comp="1961" pin="2"/><net_sink comp="3044" pin=0"/></net>

<net id="3060"><net_src comp="690" pin="15"/><net_sink comp="3057" pin=0"/></net>

<net id="3064"><net_src comp="690" pin="15"/><net_sink comp="3061" pin=0"/></net>

<net id="3068"><net_src comp="2346" pin="2"/><net_sink comp="3065" pin=0"/></net>

</net_list>

</model> 
---------------- Datapath Model END ------------------

* FSMD analyzer results:
  - Output states:
	Port: state_completion_mem_execute_valid | {12 30 }
	Port: state_completion_mem_execute_kind | {12 30 }
	Port: state_completion_mem_execute_source | {12 30 }
	Port: state_completion_mem_execute_uop_queue_rob_idx | {12 30 }
	Port: state_completion_mem_execute_uop_queue_rob_allocation_id | {12 30 }
	Port: state_rob_entries_busy | {30 }
	Port: state_rob_entries_memory_completed | {30 }
	Port: state_completion_dropped_completions | {12 18 }
	Port: state_completion_mem_execute_uop_branch_br_mask | {12 30 }
	Port: state_completion_mem_execute_uop_branch_br_tag | {12 30 }
	Port: state_completion_mem_execute_uop_rename_pdst | {12 30 }
	Port: state_completion_mem_execute_writes_prf | {12 30 }
	Port: state_completion_mem_execute_control_resolved | {12 30 }
	Port: state_completion_mem_execute_value | {12 30 }
	Port: state_completion_int_execute_valid | {18 30 }
	Port: state_completion_int_execute_kind | {18 30 }
	Port: state_completion_int_execute_source | {18 30 }
	Port: state_completion_int_execute_uop_queue_rob_idx | {18 30 }
	Port: state_completion_int_execute_uop_queue_rob_allocation_id | {18 30 }
	Port: state_completion_int_execute_uop_branch_br_mask | {18 30 }
	Port: state_completion_int_execute_uop_branch_br_tag | {18 30 }
	Port: state_completion_int_execute_uop_rename_pdst | {18 30 }
	Port: state_completion_int_execute_writes_prf | {18 30 }
	Port: state_completion_int_execute_control_resolved | {18 30 }
	Port: state_completion_int_execute_value | {18 30 }
	Port: state_completion_writebacks_valid_0 | {2 30 }
	Port: state_completion_writebacks_valid_1 | {2 30 }
	Port: state_completion_writebacks_pdst_0 | {2 30 }
	Port: state_completion_writebacks_pdst_1 | {2 30 }
	Port: state_completion_writebacks_value_0 | {2 30 }
	Port: state_completion_writebacks_value_1 | {2 30 }
	Port: state_completion_wakeup_sent_0 | {30 }
	Port: state_completion_completion_accepts_this_cycle | {30 31 }
	Port: state_completion_total_completion_accepts | {30 31 }
	Port: state_completion_wakeup_sent_2 | {30 }
	Port: state_completion_wakeup_sent_1 | {30 }
	Port: state_completion_rob_completes_this_cycle | {30 }
	Port: state_completion_total_rob_completes | {30 }
	Port: state_completion_dropped_writebacks | {30 33 }
	Port: state_completion_prf_writes_this_cycle | {30 }
	Port: state_completion_total_prf_writes | {30 }
	Port: state_completion_duplicate_writebacks | {33 }
	Port: state_int_rf | {33 }
	Port: state_completion_peak_completion_accepts | {33 }
	Port: state_completion_peak_rob_completes | {33 }
	Port: state_completion_peak_prf_writes | {33 }
 - Input state : 
	Port: service_pending : state_completion_validation_fault_this_cycle | {2 }
	Port: service_pending : state_rob_head | {2 }
	Port: service_pending : state_rob_entries_valid | {3 4 7 8 9 10 13 14 15 16 19 20 22 23 24 25 28 29 31 32 }
	Port: service_pending : state_rob_entries_exception | {4 5 }
	Port: service_pending : state_rob_entries_uop_queue_rob_idx | {5 6 }
	Port: service_pending : state_completion_mem_execute_valid | {7 18 }
	Port: service_pending : state_completion_mem_execute_kind | {7 18 }
	Port: service_pending : state_completion_mem_execute_source | {7 18 }
	Port: service_pending : state_completion_mem_execute_uop_queue_rob_idx | {7 18 }
	Port: service_pending : state_completion_mem_execute_uop_queue_rob_allocation_id | {7 18 }
	Port: service_pending : state_rob_entries_uop_queue_rob_allocation_id | {7 8 10 11 13 14 16 17 19 20 22 23 24 25 28 29 31 32 }
	Port: service_pending : state_rob_entries_busy | {7 8 11 12 13 14 17 18 19 20 22 23 24 25 28 29 31 32 }
	Port: service_pending : state_rob_entries_memory_valid | {7 8 13 14 19 20 22 23 24 25 28 29 31 32 }
	Port: service_pending : state_rob_entries_memory_completed | {7 8 13 14 19 20 22 23 24 25 28 29 31 32 }
	Port: service_pending : state_rob_entries_is_load | {7 8 13 14 19 20 22 23 24 25 28 29 31 32 }
	Port: service_pending : state_rob_entries_memory_request_sent | {7 8 13 14 19 20 22 23 24 25 28 29 31 32 }
	Port: service_pending : state_rob_entries_memory_transaction_id | {7 8 13 14 19 20 22 23 24 25 28 29 31 32 }
	Port: service_pending : state_completion_dropped_completions | {12 18 }
	Port: service_pending : state_completion_mem_execute_uop_rename_pdst | {18 }
	Port: service_pending : state_completion_mem_execute_writes_prf | {18 }
	Port: service_pending : state_completion_mem_execute_value | {18 }
	Port: service_pending : state_completion_int_execute_valid | {12 18 }
	Port: service_pending : state_completion_int_execute_kind | {13 18 }
	Port: service_pending : state_completion_int_execute_source | {13 18 }
	Port: service_pending : state_completion_int_execute_uop_queue_rob_idx | {13 18 }
	Port: service_pending : state_completion_int_execute_uop_queue_rob_allocation_id | {13 18 }
	Port: service_pending : state_completion_int_execute_uop_rename_pdst | {18 }
	Port: service_pending : state_completion_int_execute_writes_prf | {18 }
	Port: service_pending : state_completion_int_execute_value | {18 }
	Port: service_pending : state_completion_writebacks_valid_0 | {19 33 }
	Port: service_pending : state_completion_writebacks_valid_1 | {19 33 }
	Port: service_pending : state_completion_writebacks_pdst_0 | {19 33 }
	Port: service_pending : state_completion_writebacks_pdst_1 | {19 33 }
	Port: service_pending : state_completion_writebacks_value_0 | {19 33 }
	Port: service_pending : state_completion_writebacks_value_1 | {19 33 }
	Port: service_pending : state_completion_completion_accepts_this_cycle | {30 31 33 }
	Port: service_pending : state_completion_total_completion_accepts | {30 31 }
	Port: service_pending : state_completion_rob_completes_this_cycle | {30 33 }
	Port: service_pending : state_completion_total_rob_completes | {30 }
	Port: service_pending : state_completion_dropped_writebacks | {30 33 }
	Port: service_pending : state_completion_prf_writes_this_cycle | {30 33 }
	Port: service_pending : state_completion_total_prf_writes | {30 }
	Port: service_pending : state_completion_duplicate_writebacks | {33 }
	Port: service_pending : state_completion_peak_completion_accepts | {33 }
	Port: service_pending : state_completion_peak_rob_completes | {33 }
	Port: service_pending : state_completion_peak_prf_writes | {33 }
  - Chain level:
	State 1
		store_ln1079 : 1
	State 2
		icmp_ln1079 : 1
		add_ln1079 : 1
		br_ln1079 : 2
		trunc_ln1080 : 1
		br_ln1080 : 2
		br_ln1080 : 2
		br_ln1080 : 2
		store_ln1079 : 2
		br_ln1081 : 1
		store_ln717 : 1
		store_ln717 : 1
		store_ln717 : 1
	State 3
		zext_ln717 : 1
		icmp_ln717 : 1
		add_ln717 : 1
		br_ln717 : 2
		state_rob_entries_valid_addr : 2
		state_rob_entries_valid_load : 3
		store_ln1089 : 1
		store_ln1089 : 1
	State 4
		br_ln719 : 1
		state_rob_entries_exception_load : 1
	State 5
		br_ln719 : 1
		state_rob_entries_uop_queue_rob_idx_load : 1
	State 6
		zext_ln720 : 1
		icmp_ln720 : 2
		br_ln719 : 3
		exception_age_2 : 1
		zext_ln721 : 2
		xor_ln722 : 1
		icmp_ln722 : 3
		or_ln722 : 4
		trunc_ln717 : 1
		select_ln722 : 4
		zext_ln722 : 5
		store_ln722 : 6
	State 7
		icmp_ln1089 : 1
		service_2 : 1
		br_ln1089 : 2
		br_ln971 : 1
		zext_ln972 : 1
		zext_ln972_1 : 1
		zext_ln972_2 : 1
		zext_ln972_3 : 1
		tmp_2 : 2
	State 8
		br_ln971 : 1
	State 9
		state_rob_entries_valid_addr_4 : 1
		state_rob_entries_valid_load_1 : 2
	State 10
		br_ln577 : 1
		state_rob_entries_uop_queue_rob_allocation_id_load : 1
	State 11
		icmp_ln578 : 1
		br_ln973 : 2
		state_rob_entries_busy_load : 1
	State 12
		br_ln973 : 1
		add_ln975 : 1
		store_ln975 : 2
		br_ln978 : 1
	State 13
		zext_ln979 : 1
		zext_ln979_1 : 1
		zext_ln979_2 : 1
		zext_ln979_3 : 1
		tmp_3 : 2
	State 14
		br_ln978 : 1
	State 15
		state_rob_entries_valid_addr_5 : 1
		state_rob_entries_valid_load_2 : 2
	State 16
		br_ln577 : 1
		state_rob_entries_uop_queue_rob_allocation_id_load_1 : 1
	State 17
		icmp_ln578_1 : 1
		br_ln980 : 2
		state_rob_entries_busy_load_2 : 1
	State 18
		br_ln980 : 1
		add_ln982 : 1
		store_ln982 : 2
		zext_ln688 : 1
		zext_ln688_1 : 1
		zext_ln688_2 : 1
		zext_ln638 : 1
		zext_ln688_3 : 1
		zext_ln688_4 : 1
		zext_ln688_5 : 1
		zext_ln689 : 1
		zext_ln689_1 : 1
		zext_ln638_1 : 1
		zext_ln689_2 : 1
		zext_ln689_3 : 1
	State 19
		icmp_ln1097 : 1
		add_ln1097 : 1
		br_ln1097 : 2
		icmp_ln1098 : 1
		select_ln1098 : 2
		icmp_ln1098_1 : 1
		and_ln1098 : 3
		select_ln1098_1 : 2
		icmp_ln1098_2 : 1
		select_ln1098_2 : 3
		zext_ln1098 : 4
		select_ln1098_3 : 2
		select_ln1098_4 : 3
		zext_ln1098_1 : 4
		phi_ln1098_3 : 1
		phi_ln1098_4 : 1
		tmp_4 : 5
		tmp : 1
		icmp : 2
		xor_ln1123 : 3
	State 20
		br_ln1098 : 1
		precise_age_3 : 1
		zext_ln603 : 2
		br_ln1100 : 1
		icmp_ln1101 : 3
		or_ln1100 : 4
		select_ln1101 : 4
		zext_ln1101 : 5
	State 21
	State 22
		zext_ln1107 : 1
		icmp_ln1107 : 1
		add_ln1107 : 1
		br_ln1107 : 2
		switch_ln1108 : 1
		phi_ln1108 : 2
		phi_ln1108_1 : 1
		zext_ln1108 : 2
		phi_ln1108_2 : 1
		zext_ln1108_1 : 2
		phi_ln1108_3 : 1
		phi_ln1108_4 : 1
		tmp_5 : 3
		tmp_1 : 1
		br_ln1134 : 2
		trunc_ln1135 : 1
		selected : 2
		tmp_9 : 2
		icmp_ln624 : 3
		br_ln624 : 4
		tmp_s : 2
		br_ln625 : 3
		tmp_11 : 2
		br_ln625 : 3
		icmp_ln626 : 3
		br_ln626 : 4
		tmp_12 : 2
	State 23
		br_ln1108 : 1
		age : 1
		zext_ln603_1 : 2
		icmp_ln1110 : 3
		and_ln1110 : 4
		icmp_ln1111 : 3
		and_ln1111 : 4
		or_ln1110 : 4
		br_ln1110 : 4
		select_ln625 : 1
		and_ln625 : 2
		br_ln625 : 2
		select_ln1116 : 1
		zext_ln1116 : 2
		icmp_ln1116 : 2
		br_ln1116 : 3
		select_ln1050 : 1
	State 24
		icmp_ln1046 : 1
		add_ln1046 : 1
		br_ln1046 : 2
		icmp_ln1047 : 1
		br_ln1047 : 2
		switch_ln1047 : 1
		phi_ln1047 : 2
		phi_ln1047_1 : 1
		zext_ln1047 : 2
		phi_ln1047_2 : 1
		zext_ln1047_1 : 2
		phi_ln1047_3 : 1
		phi_ln1047_4 : 1
		tmp_10 : 3
	State 25
		br_ln1047 : 1
		phi_ln625 : 1
		br_ln625 : 2
		phi_ln1049 : 1
		icmp_ln1049 : 2
		br_ln1049 : 3
		phi_ln1050 : 1
		icmp_ln1050 : 2
		br_ln1049 : 3
		write_eligible_1 : 1
	State 26
		icmp_ln1118 : 1
		add_ln1118 : 1
		br_ln1118 : 2
		trunc_ln1119 : 1
		select_ln1119 : 2
		select_ln1120 : 2
		icmp_ln1120 : 3
		select_ln1121 : 2
		icmp_ln1121 : 3
		and_ln1119 : 4
		and_ln1119_1 : 4
		duplicate : 4
		or_ln1123 : 1
		write_eligible : 1
		br_ln1126 : 1
		duplicate_24 : 2
		or_ln1127 : 1
		br_ln1127 : 1
		and_ln1128 : 1
		br_ln1128 : 1
	State 27
	State 28
	State 29
		br_ln634 : 1
	State 30
		state_rob_entries_busy_addr_5 : 1
		store_ln647 : 2
		state_rob_entries_memory_completed_addr : 1
		store_ln661 : 2
		add_ln1168_2 : 1
		store_ln1168 : 2
		add_ln1169_2 : 1
		store_ln1169 : 2
		state_rob_entries_busy_addr_4 : 1
		store_ln647 : 2
		state_rob_entries_memory_completed_addr_1 : 1
		store_ln661 : 2
		add_ln1168_1 : 1
		store_ln1168 : 2
		add_ln1169_1 : 1
		store_ln1169 : 2
		add_ln1171 : 1
		store_ln1171 : 2
		add_ln1172 : 1
		store_ln1172 : 2
		trunc_ln1179 : 1
		br_ln1179 : 2
		br_ln1180 : 2
		store_ln1180 : 1
		store_ln1180 : 1
		br_ln1181 : 2
		store_ln1181 : 1
		store_ln1181 : 1
		write_count_1 : 1
		add_ln1186 : 1
		store_ln1186 : 2
		add_ln1187 : 1
		store_ln1187 : 2
		store_ln1185 : 2
		add_ln1176 : 1
		store_ln1176 : 2
		or_ln1190 : 1
		br_ln1190 : 1
	State 31
		br_ln634 : 1
		add_ln1168 : 1
		store_ln1168 : 2
		add_ln1169 : 1
		store_ln1169 : 2
	State 32
		br_ln634 : 1
	State 33
		icmp_ln1196 : 1
		br_ln1196 : 2
		store_ln1197 : 1
		icmp_ln1198 : 1
		br_ln1198 : 2
		store_ln1199 : 1
		icmp_ln1200 : 1
		br_ln1200 : 2
		store_ln1201 : 1


============================================================
+ Verbose Summary: Datapath Resource usage 
============================================================

* Functional unit list:
|----------|------------------------------------------|---------|---------|---------|
| Operation|              Functional Unit             |  Delay  |    FF   |   LUT   |
|----------|------------------------------------------|---------|---------|---------|
|          |                grp_fu_777                |    0    |    0    |    71   |
|          |                grp_fu_824                |    0    |    0    |    15   |
|          |                grp_fu_834                |    0    |    0    |    71   |
|          |             add_ln1079_fu_874            |    0    |    0    |    9    |
|          |             add_ln717_fu_962             |    0    |    0    |    13   |
|          |             service_2_fu_1056            |    0    |    0    |    9    |
|          |            add_ln1097_fu_1344            |    0    |    0    |    9    |
|    add   |            add_ln1107_fu_1550            |    0    |    0    |    9    |
|          |            add_ln1046_fu_1781            |    0    |    0    |    9    |
|          |            add_ln1118_fu_1866            |    0    |    0    |    9    |
|          |            add_ln1171_fu_2152            |    0    |    0    |    15   |
|          |            add_ln1172_fu_2168            |    0    |    0    |    71   |
|          |           write_count_1_fu_2251          |    0    |    0    |    15   |
|          |            add_ln1186_fu_2257            |    0    |    0    |    15   |
|          |            add_ln1187_fu_2273            |    0    |    0    |    71   |
|          |            add_ln1176_fu_2294            |    0    |    0    |    71   |
|----------|------------------------------------------|---------|---------|---------|
|   call   |      grp_completion_is_valid_fu_690      |  3.416  |    41   |   243   |
|          | call_ln1195_apply_writeback_ports_fu_725 |    0    |    0    |   157   |
|----------|------------------------------------------|---------|---------|---------|
|          |            icmp_ln1079_fu_868            |    0    |    0    |    8    |
|          |             icmp_ln717_fu_956            |    0    |    0    |    10   |
|          |             icmp_ln720_fu_982            |    0    |    0    |    10   |
|          |            icmp_ln722_fu_1005            |    0    |    0    |    11   |
|          |            icmp_ln1089_fu_1050           |    0    |    0    |    8    |
|          |            icmp_ln578_fu_1087            |    0    |    0    |    8    |
|          |           icmp_ln578_1_fu_1189           |    0    |    0    |    8    |
|          |            icmp_ln1097_fu_1338           |    0    |    0    |    8    |
|          |            icmp_ln1098_fu_1350           |    0    |    0    |    8    |
|          |           icmp_ln1098_1_fu_1362          |    0    |    0    |    8    |
|          |           icmp_ln1098_2_fu_1381          |    0    |    0    |    8    |
|          |               icmp_fu_1453               |    0    |    0    |    10   |
|          |            icmp_ln1100_fu_1501           |    0    |    0    |    8    |
|          |            icmp_ln1101_fu_1512           |    0    |    0    |    11   |
|          |            icmp_ln1107_fu_1544           |    0    |    0    |    8    |
|          |            icmp_ln624_fu_1640            |    0    |    0    |    11   |
|          |            icmp_ln626_fu_1672            |    0    |    0    |    11   |
|          |            icmp_ln1110_fu_1704           |    0    |    0    |    11   |
|   icmp   |            icmp_ln1111_fu_1716           |    0    |    0    |    11   |
|          |            icmp_ln625_fu_1734            |    0    |    0    |    8    |
|          |           icmp_ln625_1_fu_1747           |    0    |    0    |    8    |
|          |            icmp_ln1116_fu_1769           |    0    |    0    |    8    |
|          |            icmp_ln1046_fu_1775           |    0    |    0    |    8    |
|          |            icmp_ln1047_fu_1787           |    0    |    0    |    8    |
|          |            icmp_ln1049_fu_1849           |    0    |    0    |    8    |
|          |            icmp_ln1050_fu_1854           |    0    |    0    |    29   |
|          |            icmp_ln1118_fu_1860           |    0    |    0    |    8    |
|          |            icmp_ln1120_fu_1888           |    0    |    0    |    11   |
|          |            icmp_ln1121_fu_1899           |    0    |    0    |    29   |
|          |            icmp_ln1127_fu_1934           |    0    |    0    |    11   |
|          |            icmp_ln1128_fu_1945           |    0    |    0    |    11   |
|          |           icmp_ln1128_1_fu_1950          |    0    |    0    |    20   |
|          |           icmp_ln660_1_fu_1961           |    0    |    0    |    8    |
|          |            icmp_ln1191_fu_2319           |    0    |    0    |    11   |
|          |            icmp_ln660_fu_2346            |    0    |    0    |    8    |
|          |            icmp_ln1196_fu_2355           |    0    |    0    |    11   |
|          |            icmp_ln1198_fu_2371           |    0    |    0    |    11   |
|          |            icmp_ln1200_fu_2387           |    0    |    0    |    11   |
|----------|------------------------------------------|---------|---------|---------|
|          |           phi_ln1098_3_fu_1419           |    0    |    0    |    20   |
|          |           phi_ln1098_4_fu_1431           |    0    |    0    |    20   |
|          |           phi_ln1108_1_fu_1556           |    0    |    0    |    20   |
|          |           phi_ln1108_2_fu_1572           |    0    |    0    |    20   |
|          |           phi_ln1108_3_fu_1588           |    0    |    0    |    20   |
|          |           phi_ln1108_4_fu_1600           |    0    |    0    |    20   |
|          |             selected_fu_1616             |    0    |    0    |    20   |
|          |               tmp_9_fu_1628              |    0    |    0    |    20   |
|    mux   |               tmp_s_fu_1646              |    0    |    0    |    20   |
|          |              tmp_11_fu_1660              |    0    |    0    |    20   |
|          |              tmp_12_fu_1678              |    0    |    0    |    20   |
|          |           phi_ln1047_1_fu_1793           |    0    |    0    |    20   |
|          |           phi_ln1047_2_fu_1809           |    0    |    0    |    20   |
|          |           phi_ln1047_3_fu_1825           |    0    |    0    |    20   |
|          |           phi_ln1047_4_fu_1837           |    0    |    0    |    20   |
|          |              tmp_13_fu_2202              |    0    |    0    |    20   |
|          |              tmp_14_fu_2225              |    0    |    0    |    20   |
|          |              tmp_15_fu_2306              |    0    |    0    |    20   |
|----------|------------------------------------------|---------|---------|---------|
|          |                grp_fu_815                |    0    |    0    |    64   |
|          |           select_ln722_fu_1021           |    0    |    0    |    5    |
|          |           select_ln1098_fu_1356          |    0    |    0    |    2    |
|          |          select_ln1098_1_fu_1375         |    0    |    0    |    3    |
|          |          select_ln1098_2_fu_1387         |    0    |    0    |    3    |
|          |          select_ln1098_3_fu_1400         |    0    |    0    |    2    |
|  select  |          select_ln1098_4_fu_1406         |    0    |    0    |    2    |
|          |           select_ln1101_fu_1528          |    0    |    0    |    5    |
|          |           select_ln625_fu_1741           |    0    |    0    |    2    |
|          |           select_ln1116_fu_1759          |    0    |    0    |    3    |
|          |           select_ln1119_fu_1876          |    0    |    0    |    2    |
|          |           select_ln1120_fu_1882          |    0    |    0    |    8    |
|          |           select_ln1121_fu_1893          |    0    |    0    |    64   |
|----------|------------------------------------------|---------|---------|---------|
|          |          exception_age_2_fu_990          |    0    |    0    |    12   |
|    sub   |           precise_age_3_fu_1492          |    0    |    0    |    12   |
|          |                age_fu_1695               |    0    |    0    |    12   |
|----------|------------------------------------------|---------|---------|---------|
|          |             or_ln722_fu_1011             |    0    |    0    |    2    |
|          |             or_ln1100_fu_1518            |    0    |    0    |    2    |
|          |             or_ln1110_fu_1728            |    0    |    0    |    2    |
|    or    |             duplicate_fu_1917            |    0    |    0    |    2    |
|          |             or_ln1123_fu_1923            |    0    |    0    |    2    |
|          |             or_ln1127_fu_1939            |    0    |    0    |    2    |
|          |             or_ln1174_fu_2180            |    0    |    0    |    2    |
|          |             or_ln1190_fu_2324            |    0    |    0    |    2    |
|----------|------------------------------------------|---------|---------|---------|
|          |            and_ln1098_fu_1368            |    0    |    0    |    2    |
|          |            and_ln1110_fu_1710            |    0    |    0    |    2    |
|          |            and_ln1111_fu_1722            |    0    |    0    |    2    |
|    and   |             and_ln625_fu_1753            |    0    |    0    |    2    |
|          |            and_ln1119_fu_1905            |    0    |    0    |    2    |
|          |           and_ln1119_1_fu_1911           |    0    |    0    |    2    |
|          |          write_eligible_fu_1928          |    0    |    0    |    2    |
|          |            and_ln1128_fu_1955            |    0    |    0    |    2    |
|----------|------------------------------------------|---------|---------|---------|
|          |             xor_ln722_fu_999             |    0    |    0    |    2    |
|    xor   |            xor_ln1123_fu_1459            |    0    |    0    |    2    |
|          |            xor_ln1101_fu_1506            |    0    |    0    |    2    |
|----------|------------------------------------------|---------|---------|---------|
| bitselect|                grp_fu_806                |    0    |    0    |    0    |
|----------|------------------------------------------|---------|---------|---------|
|          |            trunc_ln1080_fu_880           |    0    |    0    |    0    |
|          |            trunc_ln721_fu_987            |    0    |    0    |    0    |
|          |            trunc_ln717_fu_1017           |    0    |    0    |    0    |
|          |            trunc_ln603_fu_1489           |    0    |    0    |    0    |
|   trunc  |           trunc_ln1097_fu_1524           |    0    |    0    |    0    |
|          |           trunc_ln1135_fu_1612           |    0    |    0    |    0    |
|          |           trunc_ln603_1_fu_1692          |    0    |    0    |    0    |
|          |           trunc_ln1119_fu_1872           |    0    |    0    |    0    |
|          |           trunc_ln1179_fu_2186           |    0    |    0    |    0    |
|----------|------------------------------------------|---------|---------|---------|
|          |             zext_ln717_fu_951            |    0    |    0    |    0    |
|          |             zext_ln720_fu_978            |    0    |    0    |    0    |
|          |             zext_ln721_fu_995            |    0    |    0    |    0    |
|          |            zext_ln722_fu_1029            |    0    |    0    |    0    |
|          |            zext_ln972_fu_1062            |    0    |    0    |    0    |
|          |           zext_ln972_1_fu_1067           |    0    |    0    |    0    |
|          |           zext_ln972_2_fu_1072           |    0    |    0    |    0    |
|          |           zext_ln972_3_fu_1077           |    0    |    0    |    0    |
|          |            zext_ln577_fu_1082            |    0    |    0    |    0    |
|          |            zext_ln979_fu_1164            |    0    |    0    |    0    |
|          |           zext_ln979_1_fu_1169           |    0    |    0    |    0    |
|          |           zext_ln979_2_fu_1174           |    0    |    0    |    0    |
|          |           zext_ln979_3_fu_1179           |    0    |    0    |    0    |
|          |           zext_ln577_1_fu_1184           |    0    |    0    |    0    |
|          |            zext_ln688_fu_1266            |    0    |    0    |    0    |
|          |           zext_ln688_1_fu_1270           |    0    |    0    |    0    |
|          |           zext_ln688_2_fu_1274           |    0    |    0    |    0    |
|          |            zext_ln638_fu_1278            |    0    |    0    |    0    |
|          |           zext_ln688_3_fu_1282           |    0    |    0    |    0    |
|   zext   |           zext_ln688_4_fu_1290           |    0    |    0    |    0    |
|          |           zext_ln688_5_fu_1294           |    0    |    0    |    0    |
|          |            zext_ln689_fu_1306            |    0    |    0    |    0    |
|          |           zext_ln689_1_fu_1310           |    0    |    0    |    0    |
|          |           zext_ln638_1_fu_1314           |    0    |    0    |    0    |
|          |           zext_ln689_2_fu_1318           |    0    |    0    |    0    |
|          |           zext_ln689_3_fu_1326           |    0    |    0    |    0    |
|          |            zext_ln1098_fu_1395           |    0    |    0    |    0    |
|          |           zext_ln1098_1_fu_1414          |    0    |    0    |    0    |
|          |            zext_ln603_fu_1497            |    0    |    0    |    0    |
|          |            zext_ln1101_fu_1536           |    0    |    0    |    0    |
|          |            zext_ln1107_fu_1540           |    0    |    0    |    0    |
|          |            zext_ln1108_fu_1567           |    0    |    0    |    0    |
|          |           zext_ln1108_1_fu_1583          |    0    |    0    |    0    |
|          |           zext_ln603_1_fu_1700           |    0    |    0    |    0    |
|          |            zext_ln1116_fu_1765           |    0    |    0    |    0    |
|          |            zext_ln1047_fu_1804           |    0    |    0    |    0    |
|          |           zext_ln1047_1_fu_1820          |    0    |    0    |    0    |
|          |           zext_ln646_1_fu_1966           |    0    |    0    |    0    |
|          |            zext_ln646_fu_2062            |    0    |    0    |    0    |
|----------|------------------------------------------|---------|---------|---------|
|partselect|                tmp_fu_1443               |    0    |    0    |    0    |
|----------|------------------------------------------|---------|---------|---------|
|   Total  |                                          |  3.416  |    41   |   1884  |
|----------|------------------------------------------|---------|---------|---------|

Memories:
N/A

* Register list:
+----------------------------------------------------------------------+--------+
|                                                                      |   FF   |
+----------------------------------------------------------------------+--------+
|                          add_ln1046_reg_2980                         |    2   |
|                          add_ln1097_reg_2794                         |    2   |
|                          add_ln1107_reg_2877                         |    2   |
|                          add_ln1118_reg_3021                         |    2   |
|                          add_ln717_reg_2452                          |    6   |
|                          and_ln1098_reg_2799                         |    1   |
|                          and_ln625_reg_2958                          |    1   |
|                          duplicate_1_reg_583                         |    1   |
|                         duplicate_24_reg_594                         |    1   |
|                          duplicate_reg_3026                          |    1   |
|                        exception_age_reg_2423                        |    8   |
|                             i_13_reg_2416                            |    6   |
|                             i_28_reg_373                             |    2   |
|                             i_30_reg_501                             |    2   |
|                             i_31_reg_440                             |    2   |
|                              i_reg_2399                              |    2   |
|                         icmp_ln1046_reg_2976                         |    1   |
|                         icmp_ln1047_reg_2985                         |    1   |
|                         icmp_ln1089_reg_2498                         |    1   |
|                         icmp_ln1116_reg_2972                         |    1   |
|                         icmp_ln578_1_reg_2625                        |    1   |
|                          icmp_ln578_reg_2560                         |    1   |
|                          icmp_ln625_reg_2953                         |    1   |
|                         icmp_ln660_1_reg_3044                        |    1   |
|                          icmp_ln660_reg_3065                         |    1   |
|                             icmp_reg_2830                            |    1   |
|                         phi_ln1047_3_reg_2999                        |    8   |
|                         phi_ln1047_4_reg_3004                        |   32   |
|                          phi_ln1047_reg_513                          |    1   |
|                          phi_ln1049_reg_535                          |    3   |
|                          phi_ln1050_reg_547                          |   64   |
|                         phi_ln1098_3_reg_2819                        |    8   |
|                         phi_ln1098_4_reg_2825                        |   32   |
|                         phi_ln1108_3_reg_2892                        |    8   |
|                         phi_ln1108_4_reg_2898                        |   32   |
|                          phi_ln1108_reg_488                          |    1   |
|                          phi_ln1174_reg_671                          |    1   |
|                           phi_ln625_reg_526                          |    1   |
|                         ports_kind_1_reg_2645                        |    3   |
|                         ports_kind_2_reg_2713                        |    3   |
|                        ports_source_2_reg_2729                       |    2   |
|                   ports_uop_rename_pdst_2_reg_2766                   |    3   |
|                        ports_valid_1_reg_2637                        |    1   |
|                        ports_valid_2_reg_2705                        |    1   |
|                        ports_value_2_reg_2784                        |   64   |
|                      ports_writes_prf_2_reg_2777                     |    1   |
|                         precise_age_2_reg_408                        |    8   |
|                          precise_age_reg_396                         |    8   |
|                        precise_valid_1_reg_423                       |    1   |
|                         precise_valid_reg_384                        |    1   |
|                                reg_848                               |    5   |
|                                reg_852                               |    5   |
|                                reg_856                               |   64   |
|                       select_ln1098_2_reg_2804                       |    3   |
|                        select_ln1116_reg_2962                        |    3   |
|                        selected_age_2_reg_629                        |    8   |
|                         selected_age_reg_464                         |    8   |
|                     selected_duplicate_2_reg_607                     |    1   |
|                      selected_duplicate_reg_476                      |    1   |
|                        selected_port_2_reg_650                       |   32   |
|                         selected_port_reg_452                        |   32   |
|                           selected_reg_2914                          |    8   |
|                          service_2_reg_2502                          |    2   |
|                           service_reg_2462                           |    2   |
|state_completion_int_execute_uop_queue_rob_allocation_id_load_reg_2591|    2   |
|           state_completion_int_execute_valid_load_reg_2572           |    1   |
|state_completion_mem_execute_uop_queue_rob_allocation_id_load_reg_2526|    2   |
|           state_completion_mem_execute_valid_load_reg_2507           |    1   |
|      state_completion_validation_fault_this_cycle_load_reg_2412      |    1   |
|                state_rob_entries_busy_addr_3_reg_2564                |    5   |
|                 state_rob_entries_busy_addr_reg_2629                 |    5   |
|               state_rob_entries_exception_addr_reg_2481              |    5   |
|               state_rob_entries_exception_load_reg_2486              |    1   |
|     state_rob_entries_uop_queue_rob_allocation_id_addr_3_reg_2555    |    5   |
|      state_rob_entries_uop_queue_rob_allocation_id_addr_reg_2620     |    5   |
|           state_rob_entries_uop_queue_rob_idx_addr_reg_2490          |    5   |
|                state_rob_entries_valid_addr_4_reg_2546               |    5   |
|                state_rob_entries_valid_addr_5_reg_2611               |    5   |
|                 state_rob_entries_valid_addr_reg_2457                |    5   |
|                state_rob_entries_valid_load_1_reg_2551               |    1   |
|                state_rob_entries_valid_load_2_reg_2616               |    1   |
|                 state_rob_entries_valid_load_reg_2477                |    1   |
|                            tmp_12_reg_2935                           |    1   |
|                            tmp_1_reg_2903                            |    1   |
|                            tmp_2_reg_2536                            |    1   |
|                            tmp_3_reg_2601                            |    1   |
|                            tmp_6_reg_3057                            |    1   |
|                            tmp_7_reg_3061                            |    1   |
|                            tmp_8_reg_3040                            |    1   |
|                            tmp_9_reg_2918                            |    8   |
|                         trunc_ln1135_reg_2907                        |    2   |
|                            valid_reg_2430                            |    1   |
|                               w_reg_572                              |    2   |
|                         write_count_reg_2469                         |    8   |
|                       write_eligible_1_reg_559                       |    1   |
|                          xor_ln1123_reg_2834                         |    1   |
|                        zext_ln1047_1_reg_2994                        |    8   |
|                         zext_ln1047_reg_2989                         |    8   |
|                        zext_ln1098_1_reg_2814                        |    8   |
|                         zext_ln1098_reg_2809                         |    8   |
|                         zext_ln1101_reg_2863                         |    8   |
|                         zext_ln1107_reg_2868                         |   32   |
|                        zext_ln1108_1_reg_2887                        |    8   |
|                         zext_ln1108_reg_2882                         |    8   |
|                         zext_ln1116_reg_2967                         |    8   |
|                         zext_ln577_1_reg_2605                        |   64   |
|                          zext_ln577_reg_2540                         |   64   |
|                         zext_ln603_1_reg_2943                        |    8   |
|                         zext_ln638_1_reg_2744                        |    8   |
|                          zext_ln638_reg_2672                         |    8   |
|                         zext_ln688_1_reg_2659                        |    8   |
|                         zext_ln688_2_reg_2665                        |    2   |
|                         zext_ln688_3_reg_2680                        |   32   |
|                         zext_ln688_4_reg_2688                        |    8   |
|                         zext_ln688_5_reg_2693                        |    3   |
|                          zext_ln688_reg_2653                         |    8   |
|                         zext_ln689_1_reg_2738                        |    8   |
|                         zext_ln689_2_reg_2755                        |   32   |
|                         zext_ln689_3_reg_2772                        |    8   |
|                          zext_ln689_reg_2723                         |    8   |
|                          zext_ln717_reg_2443                         |   64   |
|                         zext_ln972_1_reg_2516                        |    8   |
|                         zext_ln972_2_reg_2521                        |    8   |
|                         zext_ln972_3_reg_2531                        |   32   |
|                          zext_ln972_reg_2511                         |    8   |
|                         zext_ln979_1_reg_2581                        |    8   |
|                         zext_ln979_2_reg_2586                        |    8   |
|                         zext_ln979_3_reg_2596                        |   32   |
|                          zext_ln979_reg_2576                         |    8   |
+----------------------------------------------------------------------+--------+
|                                 Total                                |  1139  |
+----------------------------------------------------------------------+--------+

* Multiplexer (MUX) list: 
|--------------------------------|------|------|------|--------||---------||---------|
|              Comp              |  Pin | Size |  BW  | S x BW ||  Delay  ||   LUT   |
|--------------------------------|------|------|------|--------||---------||---------|
|        grp_access_fu_243       |  p0  |   6  |   5  |   30   ||    31   |
|        grp_access_fu_256       |  p0  |   2  |   5  |   10   ||    9    |
|        grp_access_fu_269       |  p0  |   2  |   5  |   10   ||    9    |
|        grp_access_fu_290       |  p0  |   4  |   5  |   20   ||    20   |
|        grp_access_fu_303       |  p0  |   7  |   5  |   35   ||    37   |
|        grp_access_fu_349       |  p0  |   2  |   5  |   10   ||    9    |
|      precise_valid_reg_384     |  p0  |   2  |   1  |    2   ||    9    |
|       precise_age_reg_396      |  p0  |   2  |   8  |   16   ||    9    |
|     precise_valid_1_reg_423    |  p0  |   2  |   1  |    2   ||    9    |
|          i_31_reg_440          |  p0  |   2  |   2  |    4   ||    9    |
|      selected_port_reg_452     |  p0  |   2  |  32  |   64   ||    9    |
|      selected_age_reg_464      |  p0  |   2  |   8  |   16   ||    9    |
|   selected_duplicate_reg_476   |  p0  |   2  |   1  |    2   ||    9    |
|          i_30_reg_501          |  p0  |   2  |   2  |    4   ||    9    |
|    write_eligible_1_reg_559    |  p0  |   2  |   1  |    2   ||    9    |
|      duplicate_24_reg_594      |  p0  |   2  |   1  |    2   ||    9    |
|       phi_ln1174_reg_671       |  p0  |   3  |   1  |    3   ||    9    |
| grp_completion_is_valid_fu_690 |  p1  |   8  |   1  |    8   ||    37   |
| grp_completion_is_valid_fu_690 |  p2  |  13  |   3  |   39   ||    65   |
| grp_completion_is_valid_fu_690 |  p3  |  13  |   2  |   26   ||    65   |
| grp_completion_is_valid_fu_690 |  p4  |  13  |   8  |   104  ||    65   |
| grp_completion_is_valid_fu_690 |  p5  |  13  |  32  |   416  ||    65   |
|           grp_fu_806           |  p1  |   2  |  32  |   64   ||    9    |
|           grp_fu_815           |  p0  |   2  |   1  |    2   ||    9    |
|--------------------------------|------|------|------|--------||---------||---------|
|              Total             |      |      |      |   891  ||  12.08  ||   529   |
|--------------------------------|------|------|------|--------||---------||---------|



* Summary:
+-----------+--------+--------+--------+
|           |  Delay |   FF   |   LUT  |
+-----------+--------+--------+--------+
|  Function |    3   |   41   |  1884  |
|   Memory  |    -   |    -   |    -   |
|Multiplexer|   12   |    -   |   529  |
|  Register |    -   |  1139  |    -   |
+-----------+--------+--------+--------+
|   Total   |   15   |  1180  |  2413  |
+-----------+--------+--------+--------+
