
****** Vitis HLS - High-Level Synthesis from C, C++ and OpenCL v2021.2 (64-bit)
  **** SW Build 3367213 on Tue Oct 19 02:47:39 MDT 2021
  **** IP Build 3369179 on Thu Oct 21 08:25:16 MDT 2021
    ** Copyright 1986-2021 Xilinx, Inc. All Rights Reserved.

source /home/lab_726/Xilinx/Vitis_HLS/2021.2/scripts/vitis_hls/hls.tcl -notrace
INFO: [HLS 200-10] Running '/home/lab_726/Xilinx/Vitis_HLS/2021.2/bin/unwrapped/lnx64.o/vitis_hls'
INFO: [HLS 200-10] For user 'lab_726' on host '726' (Linux_x86_64 version 6.8.0-136-generic) on Tue Aug 11 19:00:22 CST 2026
INFO: [HLS 200-10] On os Ubuntu 22.04.5 LTS
INFO: [HLS 200-10] In directory '/home/lab_726/boom/hls_boom/build/gate5_1_frontend/repair/r4/w4_rtl'
Sourcing Tcl script '/home/lab_726/boom/hls_boom/build/gate5_1_frontend/repair/r4/w4_rtl/run_hls.tcl'
INFO: [HLS 200-1510] Running: open_project -reset hls_project
INFO: [HLS 200-10] Creating and opening project '/home/lab_726/boom/hls_boom/build/gate5_1_frontend/repair/r4/w4_rtl/hls_project'.
INFO: [HLS 200-1510] Running: set_top synth_w4d_oracle_top
INFO: [HLS 200-1510] Running: add_files -cflags -std=c++11 -I/home/lab_726/boom/hls_boom/include /home/lab_726/boom/hls_boom/src/boom_core_merged.cpp
INFO: [HLS 200-10] Adding design file '/home/lab_726/boom/hls_boom/src/boom_core_merged.cpp' to the project
INFO: [HLS 200-1510] Running: open_solution -reset solution_w4_rtl
INFO: [HLS 200-10] Creating and opening solution '/home/lab_726/boom/hls_boom/build/gate5_1_frontend/repair/r4/w4_rtl/hls_project/solution_w4_rtl'.
INFO: [HLS 200-10] Cleaning up the solution database.
WARNING: [HLS 200-40] No /home/lab_726/boom/hls_boom/build/gate5_1_frontend/repair/r4/w4_rtl/hls_project/solution_w4_rtl/solution_w4_rtl.aps file found.
INFO: [HLS 200-1505] Using default flow_target 'vivado'
Resolution: For help on HLS 200-1505 see www.xilinx.com/cgi-bin/docs/rdoc?v=2021.2;t=hls+guidance;d=200-1505.html
INFO: [HLS 200-1510] Running: set_part xczu7ev-ffvc1156-2-e
INFO: [HLS 200-1611] Setting target device to 'xczu7ev-ffvc1156-2-e'
INFO: [HLS 200-1510] Running: create_clock -period 10 -name default
INFO: [SYN 201-201] Setting up clock 'default' with a period of 10ns.
INFO: [HLS 200-1510] Running: config_compile -pipeline_loops 0
INFO: [XFORM 203-1171] Pipeline the innermost loop with trip count more than 0 or its parent loop when its trip count is less than or equal 0.
INFO: [HLS 200-1510] Running: csynth_design
INFO: [HLS 200-111] Finished File checks and directory preparation: CPU user time: 0 seconds. CPU system time: 0 seconds. Elapsed time: 0.01 seconds; current allocated memory: 1.321 GB.
INFO: [HLS 200-10] Analyzing design file '/home/lab_726/boom/hls_boom/src/boom_core_merged.cpp' ...
INFO: [HLS 200-111] Finished Source Code Analysis and Preprocessing: CPU user time: 2.5 seconds. CPU system time: 0.28 seconds. Elapsed time: 2.23 seconds; current allocated memory: 419.168 MB.
INFO: [HLS 200-777] Using interface defaults for 'Vivado' flow target.
INFO: [HLS 214-284] Auto array partition mode is set into default.
INFO: [HLS 214-131] Inlining function 'boom::completion_from_execute(ExecuteState::AluResult const&, CompletionSourceId, RobCompleteEvent&)' into 'boom::capture_execute_events(BoomCoreState&)' (/home/lab_726/boom/hls_boom/src/boom_core_merged.cpp:1025:9)
INFO: [HLS 214-131] Inlining function 'boom::completion_from_execute(ExecuteState::AluResult const&, CompletionSourceId, RobCompleteEvent&)' into 'boom::capture_execute_events(BoomCoreState&)' (/home/lab_726/boom/hls_boom/src/boom_core_merged.cpp:1041:9)
INFO: [HLS 214-131] Inlining function 'boom::build_rob_complete_ports(BoomCoreState const&, RobCompleteEvent*)' into 'boom::resolve_oldest_pending_branch(BoomCoreState&)' (/home/lab_726/boom/hls_boom/src/boom_core_merged.cpp:1092:5)
INFO: [HLS 214-131] Inlining function 'boom::mark_control_resolved(BoomCoreState&, CompletionSourceId)' into 'boom::resolve_oldest_pending_branch(BoomCoreState&)' (/home/lab_726/boom/hls_boom/src/boom_core_merged.cpp:1109:5)
INFO: [HLS 214-131] Inlining function 'boom::completion_writes_integer(RobCompleteEvent const&)' into 'boom::raise_writeback_validation_fault(BoomCoreState&, RobCompleteEvent const*, unsigned char)' (/home/lab_726/boom/hls_boom/src/boom_core_merged.cpp:840:14)
INFO: [HLS 214-131] Inlining function 'boom::clear_pending_pdst(BoomCoreState&, unsigned char)' into 'boom::raise_writeback_validation_fault(BoomCoreState&, RobCompleteEvent const*, unsigned char)' (/home/lab_726/boom/hls_boom/src/boom_core_merged.cpp:876:5)
INFO: [HLS 214-131] Inlining function 'boom::completion_writes_integer(RobCompleteEvent const&)' into 'boom::raise_writeback_validation_fault(BoomCoreState&, RobCompleteEvent const*, unsigned char)' (/home/lab_726/boom/hls_boom/src/boom_core_merged.cpp:854:14)
INFO: [HLS 214-131] Inlining function 'boom::build_rob_complete_ports(BoomCoreState const&, RobCompleteEvent*)' into 'boom::validate_surviving_writers(BoomCoreState&)' (/home/lab_726/boom/hls_boom/src/boom_core_merged.cpp:1115:5)
INFO: [HLS 214-131] Inlining function 'boom::result_can_forward(BoomCoreState const&, RobCompleteEvent const&)' into 'boom::validate_surviving_writers(BoomCoreState&)' (/home/lab_726/boom/hls_boom/src/boom_core_merged.cpp:1117:14)
INFO: [HLS 214-131] Inlining function 'boom::result_can_forward(BoomCoreState const&, RobCompleteEvent const&)' into 'boom::validate_surviving_writers(BoomCoreState&)' (/home/lab_726/boom/hls_boom/src/boom_core_merged.cpp:1119:18)
INFO: [HLS 214-131] Inlining function 'boom::raise_writeback_validation_fault(BoomCoreState&, RobCompleteEvent const*, unsigned char)' into 'boom::validate_surviving_writers(BoomCoreState&)' (/home/lab_726/boom/hls_boom/src/boom_core_merged.cpp:1122:13)
INFO: [HLS 214-131] Inlining function 'boom::build_rob_complete_ports(BoomCoreState const&, RobCompleteEvent*)' into 'boom::build_wakeup_bypass_ports(BoomCoreState&)' (/home/lab_726/boom/hls_boom/src/boom_core_merged.cpp:882:5)
INFO: [HLS 214-131] Inlining function 'boom::result_can_forward(BoomCoreState const&, RobCompleteEvent const&)' into 'boom::build_wakeup_bypass_ports(BoomCoreState&)' (/home/lab_726/boom/hls_boom/src/boom_core_merged.cpp:895:21)
INFO: [HLS 214-131] Inlining function 'boom::oldest_precise_exception(BoomCoreState const&, RobCompleteEvent const*, unsigned char&)' into 'boom::build_wakeup_bypass_ports(BoomCoreState&)' (/home/lab_726/boom/hls_boom/src/boom_core_merged.cpp:899:28)
INFO: [HLS 214-131] Inlining function 'boom::raise_writeback_validation_fault(BoomCoreState&, RobCompleteEvent const*, unsigned char)' into 'boom::build_wakeup_bypass_ports(BoomCoreState&)' (/home/lab_726/boom/hls_boom/src/boom_core_merged.cpp:939:9)
INFO: [HLS 214-131] Inlining function 'boom::completion_writes_integer(RobCompleteEvent const&)' into 'boom::write_conflicts(BoomCoreState const&, RobCompleteEvent const*, int)' (/home/lab_726/boom/hls_boom/src/boom_core_merged.cpp:1133:7)
INFO: [HLS 214-131] Inlining function 'boom::completion_writes_integer(RobCompleteEvent const&)' into 'boom::write_conflicts(BoomCoreState const&, RobCompleteEvent const*, int)' (/home/lab_726/boom/hls_boom/src/boom_core_merged.cpp:1136:14)
INFO: [HLS 214-131] Inlining function 'boom::completion_writes_integer(RobCompleteEvent const&)' into 'boom::apply_completion_selected(BoomCoreState&, RobCompleteEvent const&, bool, bool)' (/home/lab_726/boom/hls_boom/src/boom_core_merged.cpp:724:27)
INFO: [HLS 214-131] Inlining function 'boom::prf_seed(BoomCoreState&, unsigned char, unsigned long)' into 'boom::apply_completion_selected(BoomCoreState&, RobCompleteEvent const&, bool, bool)' (/home/lab_726/boom/hls_boom/src/boom_core_merged.cpp:743:9)
INFO: [HLS 214-131] Inlining function 'boom::build_rob_complete_ports(BoomCoreState const&, RobCompleteEvent*)' into 'boom::service_pending(BoomCoreState&)' (/home/lab_726/boom/hls_boom/src/boom_core_merged.cpp:1175:9)
INFO: [HLS 214-131] Inlining function 'boom::oldest_precise_exception(BoomCoreState const&, RobCompleteEvent const*, unsigned char&)' into 'boom::service_pending(BoomCoreState&)' (/home/lab_726/boom/hls_boom/src/boom_core_merged.cpp:1176:27)
INFO: [HLS 214-131] Inlining function 'boom::discard_invalid_pending(BoomCoreState&)' into 'boom::service_pending(BoomCoreState&)' (/home/lab_726/boom/hls_boom/src/boom_core_merged.cpp:1181:9)
INFO: [HLS 214-131] Inlining function 'boom::build_rob_complete_ports(BoomCoreState const&, RobCompleteEvent*)' into 'boom::service_pending(BoomCoreState&)' (/home/lab_726/boom/hls_boom/src/boom_core_merged.cpp:1183:9)
INFO: [HLS 214-131] Inlining function 'boom::completion_writes_integer(RobCompleteEvent const&)' into 'boom::service_pending(BoomCoreState&)' (/home/lab_726/boom/hls_boom/src/boom_core_merged.cpp:1205:37)
INFO: [HLS 214-131] Inlining function 'boom::write_conflicts(BoomCoreState const&, RobCompleteEvent const*, int)' into 'boom::service_pending(BoomCoreState&)' (/home/lab_726/boom/hls_boom/src/boom_core_merged.cpp:1207:54)
INFO: [HLS 214-131] Inlining function 'boom::completion_writes_integer(RobCompleteEvent const&)' into 'boom::service_pending(BoomCoreState&)' (/home/lab_726/boom/hls_boom/src/boom_core_merged.cpp:1228:27)
INFO: [HLS 214-131] Inlining function 'boom::apply_completion_selected(BoomCoreState&, RobCompleteEvent const&, bool, bool)' into 'boom::service_pending(BoomCoreState&)' (/home/lab_726/boom/hls_boom/src/boom_core_merged.cpp:1235:24)
INFO: [HLS 214-131] Inlining function 'boom::apply_completion_selected(BoomCoreState&, RobCompleteEvent const&, bool, bool)' into 'boom::service_pending(BoomCoreState&)' (/home/lab_726/boom/hls_boom/src/boom_core_merged.cpp:1244:24)
INFO: [HLS 214-131] Inlining function 'boom::apply_completion_selected(BoomCoreState&, RobCompleteEvent const&, bool, bool)' into 'boom::service_pending(BoomCoreState&)' (/home/lab_726/boom/hls_boom/src/boom_core_merged.cpp:1252:24)
INFO: [HLS 214-131] Inlining function 'boom::capture_execute_events(BoomCoreState&)' into 'boom::begin_completion_cycle(BoomCoreState&)' (/home/lab_726/boom/hls_boom/src/boom_core_merged.cpp:1301:5)
INFO: [HLS 214-131] Inlining function 'boom::resolve_oldest_pending_branch(BoomCoreState&)' into 'boom::begin_completion_cycle(BoomCoreState&)' (/home/lab_726/boom/hls_boom/src/boom_core_merged.cpp:1302:5)
INFO: [HLS 214-131] Inlining function 'boom::validate_surviving_writers(BoomCoreState&)' into 'boom::begin_completion_cycle(BoomCoreState&)' (/home/lab_726/boom/hls_boom/src/boom_core_merged.cpp:1303:5)
INFO: [HLS 214-131] Inlining function 'boom::build_wakeup_bypass_ports(BoomCoreState&)' into 'boom::begin_completion_cycle(BoomCoreState&)' (/home/lab_726/boom/hls_boom/src/boom_core_merged.cpp:1304:5)
INFO: [HLS 214-131] Inlining function 'w4d_oracle_owner(BoomCoreState&, unsigned char, unsigned int, unsigned char)' into 'synth_w4d_oracle_top(unsigned char, unsigned long*)' (/home/lab_726/boom/hls_boom/src/boom_core_merged.cpp:4461:9)
INFO: [HLS 214-131] Inlining function 'w4d_oracle_owner(BoomCoreState&, unsigned char, unsigned int, unsigned char)' into 'synth_w4d_oracle_top(unsigned char, unsigned long*)' (/home/lab_726/boom/hls_boom/src/boom_core_merged.cpp:4462:9)
INFO: [HLS 214-131] Inlining function 'w4d_oracle_result(BoomCoreState const&, unsigned char, unsigned long)' into 'synth_w4d_oracle_top(unsigned char, unsigned long*)' (/home/lab_726/boom/hls_boom/src/boom_core_merged.cpp:4463:40)
INFO: [HLS 214-131] Inlining function 'w4d_oracle_result(BoomCoreState const&, unsigned char, unsigned long)' into 'synth_w4d_oracle_top(unsigned char, unsigned long*)' (/home/lab_726/boom/hls_boom/src/boom_core_merged.cpp:4464:40)
INFO: [HLS 214-131] Inlining function 'w4d_oracle_owner(BoomCoreState&, unsigned char, unsigned int, unsigned char)' into 'synth_w4d_oracle_top(unsigned char, unsigned long*)' (/home/lab_726/boom/hls_boom/src/boom_core_merged.cpp:4466:9)
INFO: [HLS 214-131] Inlining function 'w4d_oracle_owner(BoomCoreState&, unsigned char, unsigned int, unsigned char)' into 'synth_w4d_oracle_top(unsigned char, unsigned long*)' (/home/lab_726/boom/hls_boom/src/boom_core_merged.cpp:4467:9)
INFO: [HLS 214-131] Inlining function 'w4d_oracle_result(BoomCoreState const&, unsigned char, unsigned long)' into 'synth_w4d_oracle_top(unsigned char, unsigned long*)' (/home/lab_726/boom/hls_boom/src/boom_core_merged.cpp:4469:40)
INFO: [HLS 214-131] Inlining function 'w4d_oracle_result(BoomCoreState const&, unsigned char, unsigned long)' into 'synth_w4d_oracle_top(unsigned char, unsigned long*)' (/home/lab_726/boom/hls_boom/src/boom_core_merged.cpp:4470:40)
INFO: [HLS 214-131] Inlining function 'w4d_oracle_owner(BoomCoreState&, unsigned char, unsigned int, unsigned char)' into 'synth_w4d_oracle_top(unsigned char, unsigned long*)' (/home/lab_726/boom/hls_boom/src/boom_core_merged.cpp:4472:9)
INFO: [HLS 214-131] Inlining function 'w4d_oracle_owner(BoomCoreState&, unsigned char, unsigned int, unsigned char)' into 'synth_w4d_oracle_top(unsigned char, unsigned long*)' (/home/lab_726/boom/hls_boom/src/boom_core_merged.cpp:4473:9)
INFO: [HLS 214-131] Inlining function 'w4d_oracle_result(BoomCoreState const&, unsigned char, unsigned long)' into 'synth_w4d_oracle_top(unsigned char, unsigned long*)' (/home/lab_726/boom/hls_boom/src/boom_core_merged.cpp:4476:40)
INFO: [HLS 214-131] Inlining function 'w4d_oracle_result(BoomCoreState const&, unsigned char, unsigned long)' into 'synth_w4d_oracle_top(unsigned char, unsigned long*)' (/home/lab_726/boom/hls_boom/src/boom_core_merged.cpp:4479:40)
INFO: [HLS 214-131] Inlining function 'w4d_oracle_owner(BoomCoreState&, unsigned char, unsigned int, unsigned char)' into 'synth_w4d_oracle_top(unsigned char, unsigned long*)' (/home/lab_726/boom/hls_boom/src/boom_core_merged.cpp:4481:9)
INFO: [HLS 214-131] Inlining function 'w4d_oracle_owner(BoomCoreState&, unsigned char, unsigned int, unsigned char)' into 'synth_w4d_oracle_top(unsigned char, unsigned long*)' (/home/lab_726/boom/hls_boom/src/boom_core_merged.cpp:4482:9)
INFO: [HLS 214-131] Inlining function 'w4d_oracle_owner(BoomCoreState&, unsigned char, unsigned int, unsigned char)' into 'synth_w4d_oracle_top(unsigned char, unsigned long*)' (/home/lab_726/boom/hls_boom/src/boom_core_merged.cpp:4483:9)
INFO: [HLS 214-131] Inlining function 'w4d_oracle_result(BoomCoreState const&, unsigned char, unsigned long)' into 'synth_w4d_oracle_top(unsigned char, unsigned long*)' (/home/lab_726/boom/hls_boom/src/boom_core_merged.cpp:4490:40)
INFO: [HLS 214-131] Inlining function 'w4d_oracle_result(BoomCoreState const&, unsigned char, unsigned long)' into 'synth_w4d_oracle_top(unsigned char, unsigned long*)' (/home/lab_726/boom/hls_boom/src/boom_core_merged.cpp:4491:40)
INFO: [HLS 214-131] Inlining function 'w4d_oracle_owner(BoomCoreState&, unsigned char, unsigned int, unsigned char)' into 'synth_w4d_oracle_top(unsigned char, unsigned long*)' (/home/lab_726/boom/hls_boom/src/boom_core_merged.cpp:4493:9)
INFO: [HLS 214-131] Inlining function 'w4d_oracle_owner(BoomCoreState&, unsigned char, unsigned int, unsigned char)' into 'synth_w4d_oracle_top(unsigned char, unsigned long*)' (/home/lab_726/boom/hls_boom/src/boom_core_merged.cpp:4494:9)
INFO: [HLS 214-131] Inlining function 'w4d_oracle_owner(BoomCoreState&, unsigned char, unsigned int, unsigned char)' into 'synth_w4d_oracle_top(unsigned char, unsigned long*)' (/home/lab_726/boom/hls_boom/src/boom_core_merged.cpp:4495:9)
INFO: [HLS 214-131] Inlining function 'w4d_oracle_result(BoomCoreState const&, unsigned char, unsigned long)' into 'synth_w4d_oracle_top(unsigned char, unsigned long*)' (/home/lab_726/boom/hls_boom/src/boom_core_merged.cpp:4506:40)
INFO: [HLS 214-131] Inlining function 'w4d_oracle_result(BoomCoreState const&, unsigned char, unsigned long)' into 'synth_w4d_oracle_top(unsigned char, unsigned long*)' (/home/lab_726/boom/hls_boom/src/boom_core_merged.cpp:4510:40)
INFO: [HLS 214-131] Inlining function 'w4d_oracle_owner(BoomCoreState&, unsigned char, unsigned int, unsigned char)' into 'synth_w4d_oracle_top(unsigned char, unsigned long*)' (/home/lab_726/boom/hls_boom/src/boom_core_merged.cpp:4513:9)
INFO: [HLS 214-131] Inlining function 'w4d_oracle_owner(BoomCoreState&, unsigned char, unsigned int, unsigned char)' into 'synth_w4d_oracle_top(unsigned char, unsigned long*)' (/home/lab_726/boom/hls_boom/src/boom_core_merged.cpp:4514:9)
INFO: [HLS 214-131] Inlining function 'w4d_oracle_owner(BoomCoreState&, unsigned char, unsigned int, unsigned char)' into 'synth_w4d_oracle_top(unsigned char, unsigned long*)' (/home/lab_726/boom/hls_boom/src/boom_core_merged.cpp:4515:9)
INFO: [HLS 214-131] Inlining function 'w4d_oracle_result(BoomCoreState const&, unsigned char, unsigned long)' into 'synth_w4d_oracle_top(unsigned char, unsigned long*)' (/home/lab_726/boom/hls_boom/src/boom_core_merged.cpp:4522:40)
INFO: [HLS 214-131] Inlining function 'w4d_oracle_result(BoomCoreState const&, unsigned char, unsigned long)' into 'synth_w4d_oracle_top(unsigned char, unsigned long*)' (/home/lab_726/boom/hls_boom/src/boom_core_merged.cpp:4523:40)
INFO: [HLS 214-131] Inlining function 'w4d_oracle_owner(BoomCoreState&, unsigned char, unsigned int, unsigned char)' into 'synth_w4d_oracle_top(unsigned char, unsigned long*)' (/home/lab_726/boom/hls_boom/src/boom_core_merged.cpp:4525:9)
INFO: [HLS 214-131] Inlining function 'w4d_oracle_owner(BoomCoreState&, unsigned char, unsigned int, unsigned char)' into 'synth_w4d_oracle_top(unsigned char, unsigned long*)' (/home/lab_726/boom/hls_boom/src/boom_core_merged.cpp:4526:9)
INFO: [HLS 214-131] Inlining function 'w4d_oracle_owner(BoomCoreState&, unsigned char, unsigned int, unsigned char)' into 'synth_w4d_oracle_top(unsigned char, unsigned long*)' (/home/lab_726/boom/hls_boom/src/boom_core_merged.cpp:4527:9)
INFO: [HLS 214-131] Inlining function 'w4d_oracle_result(BoomCoreState const&, unsigned char, unsigned long)' into 'synth_w4d_oracle_top(unsigned char, unsigned long*)' (/home/lab_726/boom/hls_boom/src/boom_core_merged.cpp:4534:40)
INFO: [HLS 214-131] Inlining function 'w4d_oracle_result(BoomCoreState const&, unsigned char, unsigned long)' into 'synth_w4d_oracle_top(unsigned char, unsigned long*)' (/home/lab_726/boom/hls_boom/src/boom_core_merged.cpp:4535:40)
INFO: [HLS 214-131] Inlining function 'w4d_oracle_owner(BoomCoreState&, unsigned char, unsigned int, unsigned char)' into 'synth_w4d_oracle_top(unsigned char, unsigned long*)' (/home/lab_726/boom/hls_boom/src/boom_core_merged.cpp:4539:9)
INFO: [HLS 214-131] Inlining function 'w4d_oracle_owner(BoomCoreState&, unsigned char, unsigned int, unsigned char)' into 'synth_w4d_oracle_top(unsigned char, unsigned long*)' (/home/lab_726/boom/hls_boom/src/boom_core_merged.cpp:4540:9)
INFO: [HLS 214-131] Inlining function 'w4d_oracle_result(BoomCoreState const&, unsigned char, unsigned long)' into 'synth_w4d_oracle_top(unsigned char, unsigned long*)' (/home/lab_726/boom/hls_boom/src/boom_core_merged.cpp:4550:44)
INFO: [HLS 214-131] Inlining function 'w4d_oracle_result(BoomCoreState const&, unsigned char, unsigned long)' into 'synth_w4d_oracle_top(unsigned char, unsigned long*)' (/home/lab_726/boom/hls_boom/src/boom_core_merged.cpp:4554:40)
INFO: [HLS 214-131] Inlining function 'w4d_oracle_owner(BoomCoreState&, unsigned char, unsigned int, unsigned char)' into 'synth_w4d_oracle_top(unsigned char, unsigned long*)' (/home/lab_726/boom/hls_boom/src/boom_core_merged.cpp:4567:9)
INFO: [HLS 214-131] Inlining function 'w4d_oracle_owner(BoomCoreState&, unsigned char, unsigned int, unsigned char)' into 'synth_w4d_oracle_top(unsigned char, unsigned long*)' (/home/lab_726/boom/hls_boom/src/boom_core_merged.cpp:4568:9)
INFO: [HLS 214-131] Inlining function 'w4d_oracle_result(BoomCoreState const&, unsigned char, unsigned long)' into 'synth_w4d_oracle_top(unsigned char, unsigned long*)' (/home/lab_726/boom/hls_boom/src/boom_core_merged.cpp:4569:40)
INFO: [HLS 214-131] Inlining function 'w4d_oracle_result(BoomCoreState const&, unsigned char, unsigned long)' into 'synth_w4d_oracle_top(unsigned char, unsigned long*)' (/home/lab_726/boom/hls_boom/src/boom_core_merged.cpp:4570:40)
INFO: [HLS 214-131] Inlining function 'w4d_oracle_owner(BoomCoreState&, unsigned char, unsigned int, unsigned char)' into 'synth_w4d_oracle_top(unsigned char, unsigned long*)' (/home/lab_726/boom/hls_boom/src/boom_core_merged.cpp:4572:9)
INFO: [HLS 214-131] Inlining function 'w4d_oracle_owner(BoomCoreState&, unsigned char, unsigned int, unsigned char)' into 'synth_w4d_oracle_top(unsigned char, unsigned long*)' (/home/lab_726/boom/hls_boom/src/boom_core_merged.cpp:4573:9)
INFO: [HLS 214-131] Inlining function 'w4d_oracle_result(BoomCoreState const&, unsigned char, unsigned long)' into 'synth_w4d_oracle_top(unsigned char, unsigned long*)' (/home/lab_726/boom/hls_boom/src/boom_core_merged.cpp:4574:40)
INFO: [HLS 214-131] Inlining function 'w4d_oracle_result(BoomCoreState const&, unsigned char, unsigned long)' into 'synth_w4d_oracle_top(unsigned char, unsigned long*)' (/home/lab_726/boom/hls_boom/src/boom_core_merged.cpp:4575:40)
INFO: [HLS 214-131] Inlining function 'w4d_oracle_owner(BoomCoreState&, unsigned char, unsigned int, unsigned char)' into 'synth_w4d_oracle_top(unsigned char, unsigned long*)' (/home/lab_726/boom/hls_boom/src/boom_core_merged.cpp:4578:9)
INFO: [HLS 214-131] Inlining function 'w4d_oracle_owner(BoomCoreState&, unsigned char, unsigned int, unsigned char)' into 'synth_w4d_oracle_top(unsigned char, unsigned long*)' (/home/lab_726/boom/hls_boom/src/boom_core_merged.cpp:4579:9)
INFO: [HLS 214-131] Inlining function 'w4d_oracle_owner(BoomCoreState&, unsigned char, unsigned int, unsigned char)' into 'synth_w4d_oracle_top(unsigned char, unsigned long*)' (/home/lab_726/boom/hls_boom/src/boom_core_merged.cpp:4580:9)
INFO: [HLS 214-131] Inlining function 'w4d_oracle_owner(BoomCoreState&, unsigned char, unsigned int, unsigned char)' into 'synth_w4d_oracle_top(unsigned char, unsigned long*)' (/home/lab_726/boom/hls_boom/src/boom_core_merged.cpp:4581:9)
INFO: [HLS 214-131] Inlining function 'w4d_oracle_result(BoomCoreState const&, unsigned char, unsigned long)' into 'synth_w4d_oracle_top(unsigned char, unsigned long*)' (/home/lab_726/boom/hls_boom/src/boom_core_merged.cpp:4588:40)
INFO: [HLS 214-131] Inlining function 'w4d_oracle_result(BoomCoreState const&, unsigned char, unsigned long)' into 'synth_w4d_oracle_top(unsigned char, unsigned long*)' (/home/lab_726/boom/hls_boom/src/boom_core_merged.cpp:4589:40)
INFO: [HLS 214-131] Inlining function 'boom::completion_from_load_response(BoomCoreState const&, DmemResponse const&, RobCompleteEvent&)' into 'synth_w4d_oracle_top(unsigned char, unsigned long*)' (/home/lab_726/boom/hls_boom/src/boom_core_merged.cpp:4612:9)
INFO: [HLS 214-131] Inlining function 'boom::prf_read(BoomCoreState const&, unsigned char)' into 'synth_w4d_oracle_top(unsigned char, unsigned long*)' (/home/lab_726/boom/hls_boom/src/boom_core_merged.cpp:4620:29)
INFO: [HLS 214-131] Inlining function 'boom::bypass_lookup(BoomCoreState const&, unsigned char, unsigned long&, bool&)' into 'synth_w4d_oracle_top(unsigned char, unsigned long*)' (/home/lab_726/boom/hls_boom/src/boom_core_merged.cpp:4674:29)
INFO: [HLS 214-131] Inlining function 'boom::wakeup_lookup(BoomCoreState const&, unsigned char, unsigned long&, bool&)' into 'synth_w4d_oracle_top(unsigned char, unsigned long*)' (/home/lab_726/boom/hls_boom/src/boom_core_merged.cpp:4671:29)
INFO: [HLS 214-131] Inlining function 'boom::prf_read(BoomCoreState const&, unsigned char)' into 'synth_w4d_oracle_top(unsigned char, unsigned long*)' (/home/lab_726/boom/hls_boom/src/boom_core_merged.cpp:4667:26)
INFO: [HLS 214-131] Inlining function 'boom::prf_read(BoomCoreState const&, unsigned char)' into 'synth_w4d_oracle_top(unsigned char, unsigned long*)' (/home/lab_726/boom/hls_boom/src/boom_core_merged.cpp:4666:26)
INFO: [HLS 214-131] Inlining function 'boom::prf_read(BoomCoreState const&, unsigned char)' into 'synth_w4d_oracle_top(unsigned char, unsigned long*)' (/home/lab_726/boom/hls_boom/src/boom_core_merged.cpp:4665:26)
INFO: [HLS 214-131] Inlining function 'boom::prf_read(BoomCoreState const&, unsigned char)' into 'synth_w4d_oracle_top(unsigned char, unsigned long*)' (/home/lab_726/boom/hls_boom/src/boom_core_merged.cpp:4660:26)
INFO: [HLS 214-131] Inlining function 'boom::prf_read(BoomCoreState const&, unsigned char)' into 'synth_w4d_oracle_top(unsigned char, unsigned long*)' (/home/lab_726/boom/hls_boom/src/boom_core_merged.cpp:4657:26)
INFO: [HLS 214-131] Inlining function 'boom::prf_read(BoomCoreState const&, unsigned char)' into 'synth_w4d_oracle_top(unsigned char, unsigned long*)' (/home/lab_726/boom/hls_boom/src/boom_core_merged.cpp:4656:26)
INFO: [HLS 214-131] Inlining function 'boom::prf_read(BoomCoreState const&, unsigned char)' into 'synth_w4d_oracle_top(unsigned char, unsigned long*)' (/home/lab_726/boom/hls_boom/src/boom_core_merged.cpp:4655:26)
INFO: [HLS 214-131] Inlining function 'boom::prf_read(BoomCoreState const&, unsigned char)' into 'synth_w4d_oracle_top(unsigned char, unsigned long*)' (/home/lab_726/boom/hls_boom/src/boom_core_merged.cpp:4654:26)
INFO: [HLS 214-131] Inlining function 'boom::prf_read(BoomCoreState const&, unsigned char)' into 'synth_w4d_oracle_top(unsigned char, unsigned long*)' (/home/lab_726/boom/hls_boom/src/boom_core_merged.cpp:4653:26)
INFO: [HLS 214-131] Inlining function 'boom::prf_read(BoomCoreState const&, unsigned char)' into 'synth_w4d_oracle_top(unsigned char, unsigned long*)' (/home/lab_726/boom/hls_boom/src/boom_core_merged.cpp:4652:26)
INFO: [HLS 214-131] Inlining function 'boom::prf_read(BoomCoreState const&, unsigned char)' into 'synth_w4d_oracle_top(unsigned char, unsigned long*)' (/home/lab_726/boom/hls_boom/src/boom_core_merged.cpp:4621:29)
INFO: [HLS 214-131] Inlining function 'boom::prf_read(BoomCoreState const&, unsigned char)' into 'synth_w4d_oracle_top(unsigned char, unsigned long*)' (/home/lab_726/boom/hls_boom/src/boom_core_merged.cpp:4623:29)
INFO: [HLS 214-131] Inlining function 'boom::prf_read(BoomCoreState const&, unsigned char)' into 'synth_w4d_oracle_top(unsigned char, unsigned long*)' (/home/lab_726/boom/hls_boom/src/boom_core_merged.cpp:4622:29)
INFO: [HLS 214-178] Inlining function 'MicroOp::MicroOp() (.26.32.38.44.50.56.62.68)' into 'FrontendState::FrontendState() (.1673.1679.1685.1691.1697.1703.1709.1715.1721)' (/home/lab_726/boom/hls_boom/include/boom_state.hpp:31:0)
INFO: [HLS 214-178] Inlining function 'MicroOp::MicroOp() (.26.32.38.44.50.56.62.68)' into 'DecodeState::DecodeState() (.1619.1625.1631.1637.1643.1649.1655.1661.1667)' (/home/lab_726/boom/hls_boom/include/boom_state.hpp:37:0)
INFO: [HLS 214-178] Inlining function 'MicroOp::MicroOp() (.26.32.38.44.50.56.62.68)' into 'RenameDispatchPacket::RenameDispatchPacket() (.1511.1520.1529.1538.1547.1556.1565.1574.1583)' (/home/lab_726/boom/hls_boom/include/boom_state.hpp:78:0)
INFO: [HLS 214-178] Inlining function 'RenameMapTableState::RenameMapTableState() (.1607)' into 'RenameState::RenameState() (.1502.1508.1517.1526.1535.1544.1553.1562.1571.1580.1589.1598.1604.1613)' (/home/lab_726/boom/hls_boom/include/boom_state.hpp:81:0)
INFO: [HLS 214-178] Inlining function 'RenameFreeListState::RenameFreeListState() (.1592)' into 'RenameState::RenameState() (.1502.1508.1517.1526.1535.1544.1553.1562.1571.1580.1589.1598.1604.1613)' (/home/lab_726/boom/hls_boom/include/boom_state.hpp:81:0)
INFO: [HLS 214-178] Inlining function 'RenameDispatchPacket::RenameDispatchPacket() (.1511.1520.1529.1538.1547.1556.1565.1574.1583)' into 'RenameState::RenameState() (.1502.1508.1517.1526.1535.1544.1553.1562.1571.1580.1589.1598.1604.1613)' (/home/lab_726/boom/hls_boom/include/boom_state.hpp:81:0)
INFO: [HLS 214-178] Inlining function 'MicroOp::MicroOp() (.26.32.38.44.50.56.62.68)' into 'IssueSlotEntry::IssueSlotEntry() (.20)' (/home/lab_726/boom/hls_boom/include/boom_types.hpp:179:0)
INFO: [HLS 214-178] Inlining function 'IssueSlotEntry::IssueSlotEntry() (.20)' into 'IssueQueueState::IssueQueueState() (.1415.1424.1433.1442.1451.1460.1469.1478.1487.1496)' (/home/lab_726/boom/hls_boom/include/boom_state.hpp:90:0)
INFO: [HLS 214-178] Inlining function 'MicroOp::MicroOp() (.26.32.38.44.50.56.62.68)' into 'IssueGrant::IssueGrant() (.1334.1343.1352.1361.1370.1379.1388.1397.1406)' (/home/lab_726/boom/hls_boom/include/boom_types.hpp:155:0)
INFO: [HLS 214-178] Inlining function 'IssueGrant::IssueGrant() (.1334.1343.1352.1361.1370.1379.1388.1397.1406)' into 'IssueState::IssueState() (.1277.1283.1289.1295.1301.1307.1313.1319.1325.1331.1340.1349.1358.1367.1376.1385.1394.1403.1412.1421.1430.1439.1448.1457.1466.1475.1484.1493)' (/home/lab_726/boom/hls_boom/include/boom_state.hpp:109:0)
INFO: [HLS 214-178] Inlining function 'MicroOp::MicroOp() (.26.32.38.44.50.56.62.68)' into 'IssueState::IssueState() (.1277.1283.1289.1295.1301.1307.1313.1319.1325.1331.1340.1349.1358.1367.1376.1385.1394.1403.1412.1421.1430.1439.1448.1457.1466.1475.1484.1493)' (/home/lab_726/boom/hls_boom/include/boom_state.hpp:109:0)
INFO: [HLS 214-178] Inlining function 'MicroOp::MicroOp() (.26.32.38.44.50.56.62.68)' into 'ExecuteState::AluResult::AluResult() (.381.384.406.414.422.430.598.606.614.622.630.638.646.654.662.670.678.686.694.702.710.718.726.734.742.750.758)' (/home/lab_726/boom/hls_boom/include/boom_state.hpp:142:0)
INFO: [HLS 214-178] Inlining function 'boom::divider_reset(boom::DividerState&) (.104)' into 'boom::DividerState::DividerState() (.101)' (/home/lab_726/boom/hls_boom/src/boom_core_merged.cpp:1806:0)
INFO: [HLS 214-178] Inlining function 'boom::DividerState::DividerState() (.101)' into 'DividerExecutionState::DividerExecutionState() (.71)' (/home/lab_726/boom/hls_boom/include/boom_state.hpp:128:0)
INFO: [HLS 214-178] Inlining function 'MicroOp::MicroOp() (.26.32.38.44.50.56.62.68)' into 'DividerExecutionState::DividerExecutionState() (.71)' (/home/lab_726/boom/hls_boom/include/boom_state.hpp:128:0)
INFO: [HLS 214-178] Inlining function 'ExecuteState::AluResult::AluResult() (.381.384.406.414.422.430.598.606.614.622.630.638.646.654.662.670.678.686.694.702.710.718.726.734.742.750.758)' into 'ExecuteState::ExecuteState() (.1157.1163.1169.1175.1181.1187.1193.1199.1205.1211.1217.1223.1229.1235.1241.1247.1253.1259.1265.1271)' (/home/lab_726/boom/hls_boom/include/boom_state.hpp:146:0)
INFO: [HLS 214-178] Inlining function 'MicroOp::MicroOp() (.26.32.38.44.50.56.62.68)' into 'RobEntry::RobEntry() (.1079.1088.1097.1106.1115.1124.1133.1142.1151)' (/home/lab_726/boom/hls_boom/include/boom_types.hpp:170:0)
INFO: [HLS 214-178] Inlining function 'CommitEntry::CommitEntry() (.1070)' into 'RobInternalState::RobInternalState() (.1061.1067.1076.1085.1094.1103.1112.1121.1130.1139.1148)' (/home/lab_726/boom/hls_boom/include/boom_state.hpp:160:0)
INFO: [HLS 214-178] Inlining function 'StoreQueueEntry::StoreQueueEntry() (.107)' into 'LsuState::LsuState() (.1037.1043.1049)' (/home/lab_726/boom/hls_boom/include/boom_state.hpp:203:0)
INFO: [HLS 214-178] Inlining function 'LoadQueueEntry::LoadQueueEntry() (.110)' into 'LsuState::LsuState() (.1037.1043.1049)' (/home/lab_726/boom/hls_boom/include/boom_state.hpp:203:0)
INFO: [HLS 214-178] Inlining function 'MicroOp::MicroOp() (.26.32.38.44.50.56.62.68)' into 'RobCompleteEvent::RobCompleteEvent() (.122.125.315.339.347.355.363.371.438.470.478.502.510.518.526.541.565.573.581)' (/home/lab_726/boom/hls_boom/include/boom_types.hpp:108:0)
INFO: [HLS 214-178] Inlining function 'WritebackEvent::WritebackEvent() (.869)' into 'CompletionPendingState::CompletionPendingState() (.848.854.860.866.875.881.887.893.899.905.911.917.923.929.935.941.947.953.959.965.971.977.983.989.995.1001.1007.1013.1019.1025.1031)' (/home/lab_726/boom/hls_boom/include/boom_state.hpp:243:0)
INFO: [HLS 214-178] Inlining function 'WakeupEvent::WakeupEvent() (.539)' into 'CompletionPendingState::CompletionPendingState() (.848.854.860.866.875.881.887.893.899.905.911.917.923.929.935.941.947.953.959.965.971.977.983.989.995.1001.1007.1013.1019.1025.1031)' (/home/lab_726/boom/hls_boom/include/boom_state.hpp:243:0)
INFO: [HLS 214-178] Inlining function 'BypassEvent::BypassEvent() (.536)' into 'CompletionPendingState::CompletionPendingState() (.848.854.860.866.875.881.887.893.899.905.911.917.923.929.935.941.947.953.959.965.971.977.983.989.995.1001.1007.1013.1019.1025.1031)' (/home/lab_726/boom/hls_boom/include/boom_state.hpp:243:0)
INFO: [HLS 214-178] Inlining function 'MicroOp::MicroOp() (.26.32.38.44.50.56.62.68)' into 'BranchUpdate::BranchUpdate() (.788.794.800.806.812.818.824.830.836)' (/home/lab_726/boom/hls_boom/include/boom_types.hpp:188:0)
INFO: [HLS 214-178] Inlining function 'CsrState::CsrState() (.1055)' into 'BoomCoreState::BoomCoreState()' (/home/lab_726/boom/hls_boom/include/boom_state.hpp:276:0)
INFO: [HLS 214-178] Inlining function 'LsuState::LsuState() (.1037.1043.1049)' into 'BoomCoreState::BoomCoreState()' (/home/lab_726/boom/hls_boom/include/boom_state.hpp:276:0)
INFO: [HLS 214-178] Inlining function 'BranchRecoveryState::BranchRecoveryState() (.842)' into 'BoomCoreState::BoomCoreState()' (/home/lab_726/boom/hls_boom/include/boom_state.hpp:276:0)
INFO: [HLS 214-178] Inlining function 'BranchUpdate::BranchUpdate() (.788.794.800.806.812.818.824.830.836)' into 'BoomCoreState::BoomCoreState()' (/home/lab_726/boom/hls_boom/include/boom_state.hpp:276:0)
INFO: [HLS 214-178] Inlining function 'FrontendRedirect::FrontendRedirect() (.782)' into 'BoomCoreState::BoomCoreState()' (/home/lab_726/boom/hls_boom/include/boom_state.hpp:276:0)
INFO: [HLS 214-178] Inlining function 'boom::completion_has_rob_owner(BoomCoreState const&, RobCompleteEvent const&) (.116.131.152.176.200.224.248.272.296)' into 'boom::completion_is_valid(BoomCoreState const&, RobCompleteEvent const&) (.113.146.316.440.479)' (/home/lab_726/boom/hls_boom/src/boom_core_merged.cpp:671:0)
INFO: [HLS 214-178] Inlining function 'IssueSlotEntry::IssueSlotEntry() (.20)' into 'boom::compact_issue_queue(IssueQueueState&)' (/home/lab_726/boom/hls_boom/src/boom_core_merged.cpp:2212:0)
INFO: [HLS 214-178] Inlining function 'boom::killed_by_mask(MicroOp const&, unsigned char)' into 'boom::kill_issue_state(BoomCoreState&, unsigned char)' (/home/lab_726/boom/hls_boom/src/boom_core_merged.cpp:2225:0)
INFO: [HLS 214-178] Inlining function 'boom::killed_by_mask(MicroOp const&, unsigned char)' into 'boom::kill_execute_state(BoomCoreState&, unsigned char)' (/home/lab_726/boom/hls_boom/src/boom_core_merged.cpp:2242:0)
INFO: [HLS 214-178] Inlining function 'boom::divider_reset(boom::DividerState&) (.104)' into 'boom::kill_execute_state(BoomCoreState&, unsigned char)' (/home/lab_726/boom/hls_boom/src/boom_core_merged.cpp:2242:0)
INFO: [HLS 214-178] Inlining function 'LoadQueueEntry::LoadQueueEntry() (.110)' into 'boom::kill_lsu_state(BoomCoreState&, unsigned char)' (/home/lab_726/boom/hls_boom/src/boom_core_merged.cpp:2272:0)
INFO: [HLS 214-178] Inlining function 'StoreQueueEntry::StoreQueueEntry() (.107)' into 'boom::kill_lsu_state(BoomCoreState&, unsigned char)' (/home/lab_726/boom/hls_boom/src/boom_core_merged.cpp:2272:0)
INFO: [HLS 214-178] Inlining function 'boom::killed_by_mask(MicroOp const&, unsigned char)' into 'boom::kill_rob_younger_than(BoomCoreState&, unsigned char, unsigned char)' (/home/lab_726/boom/hls_boom/src/boom_core_merged.cpp:2314:0)
INFO: [HLS 214-178] Inlining function 'boom::branch_free_list_contains(RenameFreeListState const&, unsigned char)' into 'boom::branch_free_preg_unique(RenameFreeListState&, unsigned char)' (/home/lab_726/boom/hls_boom/src/boom_core_merged.cpp:2160:0)
INFO: [HLS 214-178] Inlining function 'boom::preg_in_map(RenameMapTableState const&, unsigned char)' into 'boom::rollback_free_list(BoomCoreState&, unsigned char)' (/home/lab_726/boom/hls_boom/src/boom_core_merged.cpp:2353:0)
INFO: [HLS 214-178] Inlining function 'boom::branch_free_preg_unique(RenameFreeListState&, unsigned char)' into 'boom::rollback_free_list(BoomCoreState&, unsigned char)' (/home/lab_726/boom/hls_boom/src/boom_core_merged.cpp:2353:0)
INFO: [HLS 214-178] Inlining function 'boom::branch_tag_bit(unsigned char)' into 'boom::prune_recovered_tags(BoomCoreState&, unsigned char, unsigned char)' (/home/lab_726/boom/hls_boom/src/boom_core_merged.cpp:2372:0)
INFO: [HLS 214-178] Inlining function 'boom::branch_clear_alloc_list(BranchRecoveryState&, unsigned char)' into 'boom::prune_recovered_tags(BoomCoreState&, unsigned char, unsigned char)' (/home/lab_726/boom/hls_boom/src/boom_core_merged.cpp:2372:0)
INFO: [HLS 214-178] Inlining function 'boom::clear_resolved_mask(MicroOp&, unsigned char)' into 'boom::clear_resolved_masks_in_state(BoomCoreState&, unsigned char)' (/home/lab_726/boom/hls_boom/src/boom_core_merged.cpp:2184:0)
INFO: [HLS 214-178] Inlining function 'boom::killed_by_mask(MicroOp const&, unsigned char)' into 'boom::recover_mispredict(BoomCoreState&, BranchUpdate const&)' (/home/lab_726/boom/hls_boom/src/boom_core_merged.cpp:2385:0)
INFO: [HLS 214-178] Inlining function 'boom::restore_map_snapshot(BoomCoreState&, unsigned char)' into 'boom::recover_mispredict(BoomCoreState&, BranchUpdate const&)' (/home/lab_726/boom/hls_boom/src/boom_core_merged.cpp:2385:0)
INFO: [HLS 214-178] Inlining function 'boom::rollback_free_list(BoomCoreState&, unsigned char)' into 'boom::recover_mispredict(BoomCoreState&, BranchUpdate const&)' (/home/lab_726/boom/hls_boom/src/boom_core_merged.cpp:2385:0)
INFO: [HLS 214-178] Inlining function 'boom::prune_recovered_tags(BoomCoreState&, unsigned char, unsigned char)' into 'boom::recover_mispredict(BoomCoreState&, BranchUpdate const&)' (/home/lab_726/boom/hls_boom/src/boom_core_merged.cpp:2385:0)
INFO: [HLS 214-178] Inlining function 'boom::rebuild_busy_after_recovery(BoomCoreState&)' into 'boom::recover_mispredict(BoomCoreState&, BranchUpdate const&)' (/home/lab_726/boom/hls_boom/src/boom_core_merged.cpp:2385:0)
INFO: [HLS 214-178] Inlining function 'boom::branch_tag_bit(unsigned char)' into 'boom::release_tag(BoomCoreState&, unsigned char)' (/home/lab_726/boom/hls_boom/src/boom_core_merged.cpp:2174:0)
INFO: [HLS 214-178] Inlining function 'boom::branch_clear_alloc_list(BranchRecoveryState&, unsigned char)' into 'boom::release_tag(BoomCoreState&, unsigned char)' (/home/lab_726/boom/hls_boom/src/boom_core_merged.cpp:2174:0)
INFO: [HLS 214-178] Inlining function 'boom::release_tag(BoomCoreState&, unsigned char)' into 'boom::release_resolved_branch(BoomCoreState&, unsigned char, unsigned char)' (/home/lab_726/boom/hls_boom/src/boom_core_merged.cpp:2414:0)
INFO: [HLS 214-178] Inlining function 'boom::branch_tag_bit(unsigned char)' into 'boom::branch_complete_event(BoomCoreState&, MicroOp const&, bool, unsigned long)' (/home/lab_726/boom/hls_boom/src/boom_core_merged.cpp:2420:0)
INFO: [HLS 214-178] Inlining function 'boom::release_resolved_branch(BoomCoreState&, unsigned char, unsigned char)' into 'boom::branch_complete_event(BoomCoreState&, MicroOp const&, bool, unsigned long)' (/home/lab_726/boom/hls_boom/src/boom_core_merged.cpp:2420:0)
INFO: [HLS 214-178] Inlining function 'boom::enqueue_store(BoomCoreState&, MicroOp const&, unsigned long, unsigned long, unsigned char, unsigned char, RobEntry&) (.144.161.185.209.233.257.281.305)' into 'boom::lsu_accept_completion(BoomCoreState&, MicroOp const&, bool, bool, bool, unsigned long, unsigned long, unsigned char, unsigned char)' (/home/lab_726/boom/hls_boom/src/boom_core_merged.cpp:2549:0)
INFO: [HLS 214-178] Inlining function 'boom::enqueue_load(BoomCoreState&, MicroOp const&, bool, unsigned long, unsigned char, unsigned char, RobEntry&) (.141.158.182.206.230.254.278.302)' into 'boom::lsu_accept_completion(BoomCoreState&, MicroOp const&, bool, bool, bool, unsigned long, unsigned long, unsigned char, unsigned char)' (/home/lab_726/boom/hls_boom/src/boom_core_merged.cpp:2549:0)
INFO: [HLS 214-178] Inlining function 'LoadQueueEntry::LoadQueueEntry() (.110)' into 'boom::reclaim_ldq(BoomCoreState&, unsigned char, unsigned int)' (/home/lab_726/boom/hls_boom/src/boom_core_merged.cpp:2565:0)
INFO: [HLS 214-178] Inlining function 'boom::completion_age(BoomCoreState const&, RobCompleteEvent const&)' into 'boom::service_pending(BoomCoreState&)' (/home/lab_726/boom/hls_boom/src/boom_core_merged.cpp:1166:0)
INFO: [HLS 214-178] Inlining function 'boom::completion_has_rob_owner(BoomCoreState const&, RobCompleteEvent const&) (.116.131.152.176.200.224.248.272.296)' into 'boom::service_pending(BoomCoreState&)' (/home/lab_726/boom/hls_boom/src/boom_core_merged.cpp:1166:0)
INFO: [HLS 214-178] Inlining function 'boom::lsu_finish_load_response(BoomCoreState&, unsigned char, unsigned int, unsigned int)' into 'boom::service_pending(BoomCoreState&)' (/home/lab_726/boom/hls_boom/src/boom_core_merged.cpp:1166:0)
INFO: [HLS 214-178] Inlining function 'boom::is_branch(MicroOp const&)' into 'boom::begin_completion_cycle(BoomCoreState&)' (/home/lab_726/boom/hls_boom/src/boom_core_merged.cpp:1295:0)
INFO: [HLS 214-178] Inlining function 'boom::completion_age(BoomCoreState const&, RobCompleteEvent const&)' into 'boom::begin_completion_cycle(BoomCoreState&)' (/home/lab_726/boom/hls_boom/src/boom_core_merged.cpp:1295:0)
INFO: [HLS 214-178] Inlining function 'WakeupEvent::WakeupEvent() (.539)' into 'boom::begin_completion_cycle(BoomCoreState&)' (/home/lab_726/boom/hls_boom/src/boom_core_merged.cpp:1295:0)
INFO: [HLS 214-178] Inlining function 'BypassEvent::BypassEvent() (.536)' into 'boom::begin_completion_cycle(BoomCoreState&)' (/home/lab_726/boom/hls_boom/src/boom_core_merged.cpp:1295:0)
INFO: [HLS 214-178] Inlining function 'boom::sign_extend(unsigned long, unsigned char)' into 'boom::load_value(unsigned long, unsigned long, unsigned char, bool)' (/home/lab_726/boom/hls_boom/src/boom_core_merged.cpp:573:0)
INFO: [HLS 214-178] Inlining function 'boom::completion_service_execute(BoomCoreState&)' into 'synth_w4d_oracle_top(unsigned char, unsigned long*)' (/home/lab_726/boom/hls_boom/src/boom_core_merged.cpp:4445:0)
INFO: [HLS 214-178] Inlining function 'DmemResponse::DmemResponse()' into 'synth_w4d_oracle_top(unsigned char, unsigned long*)' (/home/lab_726/boom/hls_boom/src/boom_core_merged.cpp:4445:0)
INFO: [HLS 214-178] Inlining function 'boom::load_value(unsigned long, unsigned long, unsigned char, bool)' into 'synth_w4d_oracle_top(unsigned char, unsigned long*)' (/home/lab_726/boom/hls_boom/src/boom_core_merged.cpp:4445:0)
INFO: [HLS 214-270] Starting automatic array partition analysis...
INFO: [HLS 200-111] Finished Compiling Optimization and Transform: CPU user time: 167.52 seconds. CPU system time: 1.23 seconds. Elapsed time: 168.78 seconds; current allocated memory: 599.703 MB.
INFO: [HLS 200-111] Finished Checking Pragmas: CPU user time: 0.02 seconds. CPU system time: 0 seconds. Elapsed time: 0.02 seconds; current allocated memory: 599.703 MB.
INFO: [HLS 200-10] Starting code transformations ...
INFO: [HLS 200-111] Finished Standard Transforms: CPU user time: 126.11 seconds. CPU system time: 1.52 seconds. Elapsed time: 127.64 seconds; current allocated memory: 3.850 GB.
INFO: [HLS 200-10] Checking synthesizability ...
INFO: [HLS 200-111] Finished Checking Synthesizability: CPU user time: 1.44 seconds. CPU system time: 0.01 seconds. Elapsed time: 1.44 seconds; current allocated memory: 3.602 GB.
INFO: [XFORM 203-102] Partitioning array 'state.rename.dispatch_packets.valid' automatically.
INFO: [XFORM 203-102] Partitioning array 'state.rename.dispatch_packets.uop.branch.br_mask' automatically.
INFO: [XFORM 203-102] Partitioning array 'state.decode.dec_uops.branch.br_mask' automatically.
INFO: [XFORM 203-102] Automatically partitioning small array 'state.issue.issued_valids' completely based on array size.
INFO: [XFORM 203-102] Automatically partitioning small array 'state.issue.issued_uops.branch.br_mask' completely based on array size.
INFO: [XFORM 203-102] Automatically partitioning small array 'state.execute.alu_results.valid' completely based on array size.
INFO: [XFORM 203-102] Automatically partitioning small array 'state.execute.alu_results.uop.uopc' completely based on array size.
INFO: [XFORM 203-102] Automatically partitioning small array 'state.execute.alu_results.uop.rename.stale_pdst' completely based on array size.
INFO: [XFORM 203-102] Automatically partitioning small array 'state.execute.alu_results.uop.rename.prs3_busy' completely based on array size.
INFO: [XFORM 203-102] Automatically partitioning small array 'state.execute.alu_results.uop.rename.prs3' completely based on array size.
INFO: [XFORM 203-102] Automatically partitioning small array 'state.execute.alu_results.uop.rename.prs2_busy' completely based on array size.
INFO: [XFORM 203-102] Automatically partitioning small array 'state.execute.alu_results.uop.rename.prs2' completely based on array size.
INFO: [XFORM 203-102] Automatically partitioning small array 'state.execute.alu_results.uop.rename.prs1_busy' completely based on array size.
INFO: [XFORM 203-102] Automatically partitioning small array 'state.execute.alu_results.uop.rename.prs1' completely based on array size.
INFO: [XFORM 203-102] Automatically partitioning small array 'state.execute.alu_results.uop.rename.ppred_busy' completely based on array size.
INFO: [XFORM 203-102] Automatically partitioning small array 'state.execute.alu_results.uop.rename.ppred' completely based on array size.
INFO: [XFORM 203-102] Automatically partitioning small array 'state.execute.alu_results.uop.rename.pdst' completely based on array size.
INFO: [XFORM 203-102] Automatically partitioning small array 'state.execute.alu_results.uop.rename.lrs3' completely based on array size.
INFO: [XFORM 203-102] Automatically partitioning small array 'state.execute.alu_results.uop.rename.lrs2_rtype' completely based on array size.
INFO: [XFORM 203-102] Automatically partitioning small array 'state.execute.alu_results.uop.rename.lrs2' completely based on array size.
INFO: [XFORM 203-102] Automatically partitioning small array 'state.execute.alu_results.uop.rename.lrs1_rtype' completely based on array size.
INFO: [XFORM 203-102] Automatically partitioning small array 'state.execute.alu_results.uop.rename.lrs1' completely based on array size.
INFO: [XFORM 203-102] Automatically partitioning small array 'state.execute.alu_results.uop.rename.ldst' completely based on array size.
INFO: [XFORM 203-102] Automatically partitioning small array 'state.execute.alu_results.uop.rename.frs3_en' completely based on array size.
INFO: [XFORM 203-102] Automatically partitioning small array 'state.execute.alu_results.uop.rename.fp_val' completely based on array size.
INFO: [XFORM 203-102] Automatically partitioning small array 'state.execute.alu_results.uop.rename.fp_single' completely based on array size.
INFO: [XFORM 203-102] Automatically partitioning small array 'state.execute.alu_results.uop.rename.dst_rtype' completely based on array size.
INFO: [XFORM 203-102] Automatically partitioning small array 'state.execute.alu_results.uop.queue.stq_idx' completely based on array size.
INFO: [XFORM 203-102] Automatically partitioning small array 'state.execute.alu_results.uop.queue.rxq_idx' completely based on array size.
INFO: [XFORM 203-102] Automatically partitioning small array 'state.execute.alu_results.uop.queue.rob_idx' completely based on array size.
INFO: [XFORM 203-102] Automatically partitioning small array 'state.execute.alu_results.uop.queue.rob_allocation_id' completely based on array size.
INFO: [XFORM 203-102] Automatically partitioning small array 'state.execute.alu_results.uop.queue.ldq_idx' completely based on array size.
INFO: [XFORM 203-102] Automatically partitioning small array 'state.execute.alu_results.uop.mem.uses_stq' completely based on array size.
INFO: [XFORM 203-102] Automatically partitioning small array 'state.execute.alu_results.uop.mem.uses_ldq' completely based on array size.
INFO: [XFORM 203-102] Automatically partitioning small array 'state.execute.alu_results.uop.mem.mem_size' completely based on array size.
INFO: [XFORM 203-102] Automatically partitioning small array 'state.execute.alu_results.uop.mem.mem_signed' completely based on array size.
INFO: [XFORM 203-102] Automatically partitioning small array 'state.execute.alu_results.uop.mem.mem_cmd' completely based on array size.
INFO: [XFORM 203-102] Automatically partitioning small array 'state.execute.alu_results.uop.mem.ldst_val' completely based on array size.
INFO: [XFORM 203-102] Automatically partitioning small array 'state.execute.alu_results.uop.mem.ldst_is_rs1' completely based on array size.
INFO: [XFORM 203-102] Automatically partitioning small array 'state.execute.alu_results.uop.mem.is_fencei' completely based on array size.
INFO: [XFORM 203-102] Automatically partitioning small array 'state.execute.alu_results.uop.mem.is_fence' completely based on array size.
INFO: [XFORM 203-102] Automatically partitioning small array 'state.execute.alu_results.uop.mem.is_amo' completely based on array size.
INFO: [XFORM 203-102] Automatically partitioning small array 'state.execute.alu_results.uop.iw_state' completely based on array size.
INFO: [XFORM 203-102] Automatically partitioning small array 'state.execute.alu_results.uop.iw_p2_poisoned' completely based on array size.
INFO: [XFORM 203-102] Automatically partitioning small array 'state.execute.alu_results.uop.iw_p1_poisoned' completely based on array size.
INFO: [XFORM 203-102] Automatically partitioning small array 'state.execute.alu_results.uop.is_unique' completely based on array size.
INFO: [XFORM 203-102] Automatically partitioning small array 'state.execute.alu_results.uop.is_sys_pc2epc' completely based on array size.
INFO: [XFORM 203-102] Automatically partitioning small array 'state.execute.alu_results.uop.is_rvc' completely based on array size.
INFO: [XFORM 203-102] Automatically partitioning small array 'state.execute.alu_results.uop.iq_type' completely based on array size.
INFO: [XFORM 203-102] Automatically partitioning small array 'state.execute.alu_results.uop.inst' completely based on array size.
INFO: [XFORM 203-102] Automatically partitioning small array 'state.execute.alu_results.uop.imm_packed' completely based on array size.
INFO: [XFORM 203-102] Automatically partitioning small array 'state.execute.alu_results.uop.fu_code' completely based on array size.
INFO: [XFORM 203-102] Automatically partitioning small array 'state.execute.alu_results.uop.flush_on_commit' completely based on array size.
INFO: [XFORM 203-102] Automatically partitioning small array 'state.execute.alu_results.uop.exception' completely based on array size.
INFO: [XFORM 203-102] Automatically partitioning small array 'state.execute.alu_results.uop.exc_cause' completely based on array size.
INFO: [XFORM 203-102] Automatically partitioning small array 'state.execute.alu_results.uop.exc.xcpt_pf_if' completely based on array size.
INFO: [XFORM 203-102] Automatically partitioning small array 'state.execute.alu_results.uop.exc.xcpt_ma_if' completely based on array size.
INFO: [XFORM 203-102] Automatically partitioning small array 'state.execute.alu_results.uop.exc.xcpt_ae_if' completely based on array size.
INFO: [XFORM 203-102] Automatically partitioning small array 'state.execute.alu_results.uop.exc.exception' completely based on array size.
INFO: [XFORM 203-102] Automatically partitioning small array 'state.execute.alu_results.uop.exc.exc_cause' completely based on array size.
INFO: [XFORM 203-102] Automatically partitioning small array 'state.execute.alu_results.uop.exc.bp_xcpt_if' completely based on array size.
INFO: [XFORM 203-102] Automatically partitioning small array 'state.execute.alu_results.uop.exc.bp_debug_if' completely based on array size.
INFO: [XFORM 203-102] Automatically partitioning small array 'state.execute.alu_results.uop.debug_pc' completely based on array size.
INFO: [XFORM 203-102] Automatically partitioning small array 'state.execute.alu_results.uop.debug_inst' completely based on array size.
INFO: [XFORM 203-102] Automatically partitioning small array 'state.execute.alu_results.uop.debug.debug_tsrc' completely based on array size.
INFO: [XFORM 203-102] Automatically partitioning small array 'state.execute.alu_results.uop.debug.debug_pc' completely based on array size.
INFO: [XFORM 203-102] Automatically partitioning small array 'state.execute.alu_results.uop.debug.debug_inst' completely based on array size.
INFO: [XFORM 203-102] Automatically partitioning small array 'state.execute.alu_results.uop.debug.debug_fsrc' completely based on array size.
INFO: [XFORM 203-102] Automatically partitioning small array 'state.execute.alu_results.uop.ctrl.op_fcn' completely based on array size.
INFO: [XFORM 203-102] Automatically partitioning small array 'state.execute.alu_results.uop.ctrl.op2_sel' completely based on array size.
INFO: [XFORM 203-102] Automatically partitioning small array 'state.execute.alu_results.uop.ctrl.op1_sel' completely based on array size.
INFO: [XFORM 203-102] Automatically partitioning small array 'state.execute.alu_results.uop.ctrl.is_std' completely based on array size.
INFO: [XFORM 203-102] Automatically partitioning small array 'state.execute.alu_results.uop.ctrl.is_sta' completely based on array size.
INFO: [XFORM 203-102] Automatically partitioning small array 'state.execute.alu_results.uop.ctrl.is_load' completely based on array size.
INFO: [XFORM 203-102] Automatically partitioning small array 'state.execute.alu_results.uop.ctrl.imm_sel' completely based on array size.
INFO: [XFORM 203-102] Automatically partitioning small array 'state.execute.alu_results.uop.ctrl.fcn_dw' completely based on array size.
INFO: [XFORM 203-102] Automatically partitioning small array 'state.execute.alu_results.uop.ctrl.csr_cmd' completely based on array size.
INFO: [XFORM 203-102] Automatically partitioning small array 'state.execute.alu_results.uop.ctrl.br_type' completely based on array size.
INFO: [XFORM 203-102] Automatically partitioning small array 'state.execute.alu_results.uop.csr_addr' completely based on array size.
INFO: [XFORM 203-102] Automatically partitioning small array 'state.execute.alu_results.uop.bypassable' completely based on array size.
INFO: [XFORM 203-102] Automatically partitioning small array 'state.execute.alu_results.uop.branch.taken' completely based on array size.
INFO: [XFORM 203-102] Automatically partitioning small array 'state.execute.alu_results.uop.branch.pc_lob' completely based on array size.
INFO: [XFORM 203-102] Automatically partitioning small array 'state.execute.alu_results.uop.branch.is_sfb' completely based on array size.
INFO: [XFORM 203-102] Automatically partitioning small array 'state.execute.alu_results.uop.branch.is_jalr' completely based on array size.
INFO: [XFORM 203-102] Automatically partitioning small array 'state.execute.alu_results.uop.branch.is_jal' completely based on array size.
INFO: [XFORM 203-102] Automatically partitioning small array 'state.execute.alu_results.uop.branch.is_br' completely based on array size.
INFO: [XFORM 203-102] Automatically partitioning small array 'state.execute.alu_results.uop.branch.ftq_idx' completely based on array size.
INFO: [XFORM 203-102] Automatically partitioning small array 'state.execute.alu_results.uop.branch.edge_inst' completely based on array size.
INFO: [XFORM 203-102] Automatically partitioning small array 'state.execute.alu_results.uop.branch.br_tag' completely based on array size.
INFO: [XFORM 203-102] Automatically partitioning small array 'state.execute.alu_results.uop.branch.br_mask' completely based on array size.
INFO: [XFORM 203-102] Automatically partitioning small array 'state.execute.alu_results.store_data' completely based on array size.
INFO: [XFORM 203-102] Automatically partitioning small array 'state.execute.alu_results.signed_load' completely based on array size.
INFO: [XFORM 203-102] Automatically partitioning small array 'state.execute.alu_results.result' completely based on array size.
INFO: [XFORM 203-102] Automatically partitioning small array 'state.execute.alu_results.redirect_pc' completely based on array size.
INFO: [XFORM 203-102] Automatically partitioning small array 'state.execute.alu_results.mispredict' completely based on array size.
INFO: [XFORM 203-102] Automatically partitioning small array 'state.execute.alu_results.memory_valid' completely based on array size.
INFO: [XFORM 203-102] Automatically partitioning small array 'state.execute.alu_results.memory_size' completely based on array size.
INFO: [XFORM 203-102] Automatically partitioning small array 'state.execute.alu_results.memory_mask' completely based on array size.
INFO: [XFORM 203-102] Automatically partitioning small array 'state.execute.alu_results.memory_address' completely based on array size.
INFO: [XFORM 203-102] Automatically partitioning small array 'state.execute.alu_results.is_store' completely based on array size.
INFO: [XFORM 203-102] Automatically partitioning small array 'state.execute.alu_results.is_load' completely based on array size.
INFO: [XFORM 203-102] Automatically partitioning small array 'state.execute.alu_results.exception' completely based on array size.
INFO: [XFORM 203-102] Automatically partitioning small array 'state.execute.alu_results.exc_cause' completely based on array size.
INFO: [XFORM 203-102] Automatically partitioning small array 'state.completion.writebacks.value' completely based on array size.
INFO: [XFORM 203-102] Automatically partitioning small array 'state.completion.writebacks.valid' completely based on array size.
INFO: [XFORM 203-102] Automatically partitioning small array 'state.completion.writebacks.pdst' completely based on array size.
INFO: [XFORM 203-102] Automatically partitioning small array 'state.completion.wakeups.value' completely based on array size.
INFO: [XFORM 203-102] Automatically partitioning small array 'state.completion.wakeups.valid' completely based on array size.
INFO: [XFORM 203-102] Automatically partitioning small array 'state.completion.wakeups.pdst' completely based on array size.
INFO: [XFORM 203-102] Automatically partitioning small array 'state.completion.wakeups.branch_mask' completely based on array size.
INFO: [XFORM 203-102] Automatically partitioning small array 'state.completion.wakeup_sent' completely based on array size.
INFO: [XFORM 203-102] Automatically partitioning small array 'state.completion.bypass.value' completely based on array size.
INFO: [XFORM 203-102] Automatically partitioning small array 'state.completion.bypass.valid' completely based on array size.
INFO: [XFORM 203-102] Automatically partitioning small array 'state.completion.bypass.pdst' completely based on array size.
INFO: [XFORM 203-102] Automatically partitioning small array 'state.completion.bypass.branch_mask' completely based on array size.
INFO: [XFORM 203-102] Automatically partitioning small array 'initial.valid' (/home/lab_726/boom/hls_boom/src/boom_core_merged.cpp:1174) completely based on array size.
INFO: [XFORM 203-102] Automatically partitioning small array 'initial.kind' (/home/lab_726/boom/hls_boom/src/boom_core_merged.cpp:1174) completely based on array size.
INFO: [XFORM 203-102] Automatically partitioning small array 'initial.source' (/home/lab_726/boom/hls_boom/src/boom_core_merged.cpp:1174) completely based on array size.
INFO: [XFORM 203-102] Automatically partitioning small array 'initial.uop.queue.rob_idx' (/home/lab_726/boom/hls_boom/src/boom_core_merged.cpp:1174) completely based on array size.
INFO: [XFORM 203-102] Automatically partitioning small array 'initial.uop.queue.rob_allocation_id' (/home/lab_726/boom/hls_boom/src/boom_core_merged.cpp:1174) completely based on array size.
INFO: [XFORM 203-102] Automatically partitioning small array 'initial.exception' (/home/lab_726/boom/hls_boom/src/boom_core_merged.cpp:1174) completely based on array size.
INFO: [XFORM 203-102] Automatically partitioning small array 'initial.transaction_id' (/home/lab_726/boom/hls_boom/src/boom_core_merged.cpp:1174) completely based on array size.
INFO: [XFORM 203-102] Automatically partitioning small array 'ports.valid.1' (/home/lab_726/boom/hls_boom/src/boom_core_merged.cpp:1182) completely based on array size.
INFO: [XFORM 203-102] Automatically partitioning small array 'ports.kind.1' (/home/lab_726/boom/hls_boom/src/boom_core_merged.cpp:1182) completely based on array size.
INFO: [XFORM 203-102] Automatically partitioning small array 'ports.source.1' (/home/lab_726/boom/hls_boom/src/boom_core_merged.cpp:1182) completely based on array size.
INFO: [XFORM 203-102] Automatically partitioning small array 'ports.uop.queue.rob_idx.1' (/home/lab_726/boom/hls_boom/src/boom_core_merged.cpp:1182) completely based on array size.
INFO: [XFORM 203-102] Automatically partitioning small array 'ports.uop.queue.rob_allocation_id.1' (/home/lab_726/boom/hls_boom/src/boom_core_merged.cpp:1182) completely based on array size.
INFO: [XFORM 203-102] Automatically partitioning small array 'ports.uop.rename.pdst' (/home/lab_726/boom/hls_boom/src/boom_core_merged.cpp:1182) completely based on array size.
INFO: [XFORM 203-102] Automatically partitioning small array 'ports.writes_prf' (/home/lab_726/boom/hls_boom/src/boom_core_merged.cpp:1182) completely based on array size.
INFO: [XFORM 203-102] Automatically partitioning small array 'ports.value' (/home/lab_726/boom/hls_boom/src/boom_core_merged.cpp:1182) completely based on array size.
INFO: [XFORM 203-102] Automatically partitioning small array 'ports.exception.1' (/home/lab_726/boom/hls_boom/src/boom_core_merged.cpp:1182) completely based on array size.
INFO: [XFORM 203-102] Automatically partitioning small array 'ports.is_load' (/home/lab_726/boom/hls_boom/src/boom_core_merged.cpp:1182) completely based on array size.
INFO: [XFORM 203-102] Automatically partitioning small array 'ports.transaction_id.1' (/home/lab_726/boom/hls_boom/src/boom_core_merged.cpp:1182) completely based on array size.
INFO: [XFORM 203-102] Automatically partitioning small array 'ports.valid' (/home/lab_726/boom/hls_boom/src/boom_core_merged.cpp:881) completely based on array size.
INFO: [XFORM 203-102] Automatically partitioning small array 'ports.kind' (/home/lab_726/boom/hls_boom/src/boom_core_merged.cpp:881) completely based on array size.
INFO: [XFORM 203-102] Automatically partitioning small array 'ports.source' (/home/lab_726/boom/hls_boom/src/boom_core_merged.cpp:881) completely based on array size.
INFO: [XFORM 203-102] Automatically partitioning small array 'ports.uop.branch.br_mask' (/home/lab_726/boom/hls_boom/src/boom_core_merged.cpp:881) completely based on array size.
INFO: [XFORM 203-102] Automatically partitioning small array 'ports.uop.queue.rob_idx' (/home/lab_726/boom/hls_boom/src/boom_core_merged.cpp:881) completely based on array size.
INFO: [XFORM 203-102] Automatically partitioning small array 'ports.uop.queue.rob_allocation_id' (/home/lab_726/boom/hls_boom/src/boom_core_merged.cpp:881) completely based on array size.
INFO: [XFORM 203-102] Automatically partitioning small array 'ports.uop.rename.pdst' (/home/lab_726/boom/hls_boom/src/boom_core_merged.cpp:881) completely based on array size.
INFO: [XFORM 203-102] Automatically partitioning small array 'ports.writes_prf' (/home/lab_726/boom/hls_boom/src/boom_core_merged.cpp:881) completely based on array size.
INFO: [XFORM 203-102] Automatically partitioning small array 'ports.value' (/home/lab_726/boom/hls_boom/src/boom_core_merged.cpp:881) completely based on array size.
INFO: [XFORM 203-102] Automatically partitioning small array 'ports.exception' (/home/lab_726/boom/hls_boom/src/boom_core_merged.cpp:881) completely based on array size.
INFO: [XFORM 203-102] Automatically partitioning small array 'ports.is_load' (/home/lab_726/boom/hls_boom/src/boom_core_merged.cpp:881) completely based on array size.
INFO: [XFORM 203-102] Automatically partitioning small array 'ports.transaction_id' (/home/lab_726/boom/hls_boom/src/boom_core_merged.cpp:881) completely based on array size.
INFO: [XFORM 203-102] Automatically partitioning small array 'usable' (/home/lab_726/boom/hls_boom/src/boom_core_merged.cpp:893) completely based on array size.
INFO: [XFORM 203-102] Automatically partitioning small array 'ports.valid.2' (/home/lab_726/boom/hls_boom/src/boom_core_merged.cpp:1114) completely based on array size.
INFO: [XFORM 203-102] Automatically partitioning small array 'ports.kind.2' (/home/lab_726/boom/hls_boom/src/boom_core_merged.cpp:1114) completely based on array size.
INFO: [XFORM 203-102] Automatically partitioning small array 'ports.source.2' (/home/lab_726/boom/hls_boom/src/boom_core_merged.cpp:1114) completely based on array size.
INFO: [XFORM 203-102] Automatically partitioning small array 'ports.uop.queue.rob_idx.2' (/home/lab_726/boom/hls_boom/src/boom_core_merged.cpp:1114) completely based on array size.
INFO: [XFORM 203-102] Automatically partitioning small array 'ports.uop.queue.rob_allocation_id.2' (/home/lab_726/boom/hls_boom/src/boom_core_merged.cpp:1114) completely based on array size.
INFO: [XFORM 203-102] Automatically partitioning small array 'ports.uop.rename.pdst.1' (/home/lab_726/boom/hls_boom/src/boom_core_merged.cpp:1114) completely based on array size.
INFO: [XFORM 203-102] Automatically partitioning small array 'ports.writes_prf.1' (/home/lab_726/boom/hls_boom/src/boom_core_merged.cpp:1114) completely based on array size.
INFO: [XFORM 203-102] Automatically partitioning small array 'ports.value.1' (/home/lab_726/boom/hls_boom/src/boom_core_merged.cpp:1114) completely based on array size.
INFO: [XFORM 203-102] Automatically partitioning small array 'ports.exception.2' (/home/lab_726/boom/hls_boom/src/boom_core_merged.cpp:1114) completely based on array size.
INFO: [XFORM 203-102] Automatically partitioning small array 'ports.is_load.1' (/home/lab_726/boom/hls_boom/src/boom_core_merged.cpp:1114) completely based on array size.
INFO: [XFORM 203-102] Automatically partitioning small array 'ports.transaction_id.2' (/home/lab_726/boom/hls_boom/src/boom_core_merged.cpp:1114) completely based on array size.
INFO: [XFORM 203-102] Automatically partitioning small array 'ports.valid.3' (/home/lab_726/boom/hls_boom/src/boom_core_merged.cpp:1091) completely based on array size.
INFO: [XFORM 203-102] Automatically partitioning small array 'ports.kind.3' (/home/lab_726/boom/hls_boom/src/boom_core_merged.cpp:1091) completely based on array size.
INFO: [XFORM 203-102] Automatically partitioning small array 'ports.source.3' (/home/lab_726/boom/hls_boom/src/boom_core_merged.cpp:1091) completely based on array size.
INFO: [XFORM 203-102] Automatically partitioning small array 'ports.uop.branch.br_mask.1' (/home/lab_726/boom/hls_boom/src/boom_core_merged.cpp:1091) completely based on array size.
INFO: [XFORM 203-102] Automatically partitioning small array 'ports.uop.branch.br_tag' (/home/lab_726/boom/hls_boom/src/boom_core_merged.cpp:1091) completely based on array size.
INFO: [XFORM 203-102] Automatically partitioning small array 'ports.uop.queue.rob_idx.3' (/home/lab_726/boom/hls_boom/src/boom_core_merged.cpp:1091) completely based on array size.
INFO: [XFORM 203-102] Automatically partitioning small array 'ports.uop.queue.rob_allocation_id.3' (/home/lab_726/boom/hls_boom/src/boom_core_merged.cpp:1091) completely based on array size.
INFO: [XFORM 203-102] Automatically partitioning small array 'ports.mispredict' (/home/lab_726/boom/hls_boom/src/boom_core_merged.cpp:1091) completely based on array size.
INFO: [XFORM 203-102] Automatically partitioning small array 'ports.control_resolved' (/home/lab_726/boom/hls_boom/src/boom_core_merged.cpp:1091) completely based on array size.
INFO: [XFORM 203-102] Automatically partitioning small array 'ports.redirect_pc' (/home/lab_726/boom/hls_boom/src/boom_core_merged.cpp:1091) completely based on array size.
INFO: [XFORM 203-102] Automatically partitioning small array 'ports.transaction_id.3' (/home/lab_726/boom/hls_boom/src/boom_core_merged.cpp:1091) completely based on array size.
INFO: [XFORM 203-101] Partitioning array 'state.issue.issued_valids' in dimension 1 completely.
INFO: [XFORM 203-101] Partitioning array 'state.issue.issued_uops.branch.br_mask' in dimension 1 completely.
INFO: [XFORM 203-101] Partitioning array 'state.execute.alu_results.valid' in dimension 1 completely.
INFO: [XFORM 203-101] Partitioning array 'state.execute.alu_results.uop.uopc' in dimension 1 completely.
INFO: [XFORM 203-101] Partitioning array 'state.execute.alu_results.uop.rename.stale_pdst' in dimension 1 completely.
INFO: [XFORM 203-101] Partitioning array 'state.execute.alu_results.uop.rename.prs3_busy' in dimension 1 completely.
INFO: [XFORM 203-101] Partitioning array 'state.execute.alu_results.uop.rename.prs3' in dimension 1 completely.
INFO: [XFORM 203-101] Partitioning array 'state.execute.alu_results.uop.rename.prs2_busy' in dimension 1 completely.
INFO: [XFORM 203-101] Partitioning array 'state.execute.alu_results.uop.rename.prs2' in dimension 1 completely.
INFO: [XFORM 203-101] Partitioning array 'state.execute.alu_results.uop.rename.prs1_busy' in dimension 1 completely.
INFO: [XFORM 203-101] Partitioning array 'state.execute.alu_results.uop.rename.prs1' in dimension 1 completely.
INFO: [XFORM 203-101] Partitioning array 'state.execute.alu_results.uop.rename.ppred_busy' in dimension 1 completely.
INFO: [XFORM 203-101] Partitioning array 'state.execute.alu_results.uop.rename.ppred' in dimension 1 completely.
INFO: [XFORM 203-101] Partitioning array 'state.execute.alu_results.uop.rename.pdst' in dimension 1 completely.
INFO: [XFORM 203-101] Partitioning array 'state.execute.alu_results.uop.rename.lrs3' in dimension 1 completely.
INFO: [XFORM 203-101] Partitioning array 'state.execute.alu_results.uop.rename.lrs2_rtype' in dimension 1 completely.
INFO: [XFORM 203-101] Partitioning array 'state.execute.alu_results.uop.rename.lrs2' in dimension 1 completely.
INFO: [XFORM 203-101] Partitioning array 'state.execute.alu_results.uop.rename.lrs1_rtype' in dimension 1 completely.
INFO: [XFORM 203-101] Partitioning array 'state.execute.alu_results.uop.rename.lrs1' in dimension 1 completely.
INFO: [XFORM 203-101] Partitioning array 'state.execute.alu_results.uop.rename.ldst' in dimension 1 completely.
INFO: [XFORM 203-101] Partitioning array 'state.execute.alu_results.uop.rename.frs3_en' in dimension 1 completely.
INFO: [XFORM 203-101] Partitioning array 'state.execute.alu_results.uop.rename.fp_val' in dimension 1 completely.
INFO: [XFORM 203-101] Partitioning array 'state.execute.alu_results.uop.rename.fp_single' in dimension 1 completely.
INFO: [XFORM 203-101] Partitioning array 'state.execute.alu_results.uop.rename.dst_rtype' in dimension 1 completely.
INFO: [XFORM 203-101] Partitioning array 'state.execute.alu_results.uop.queue.stq_idx' in dimension 1 completely.
INFO: [XFORM 203-101] Partitioning array 'state.execute.alu_results.uop.queue.rxq_idx' in dimension 1 completely.
INFO: [XFORM 203-101] Partitioning array 'state.execute.alu_results.uop.queue.rob_idx' in dimension 1 completely.
INFO: [XFORM 203-101] Partitioning array 'state.execute.alu_results.uop.queue.rob_allocation_id' in dimension 1 completely.
INFO: [XFORM 203-101] Partitioning array 'state.execute.alu_results.uop.queue.ldq_idx' in dimension 1 completely.
INFO: [XFORM 203-101] Partitioning array 'state.execute.alu_results.uop.mem.uses_stq' in dimension 1 completely.
INFO: [XFORM 203-101] Partitioning array 'state.execute.alu_results.uop.mem.uses_ldq' in dimension 1 completely.
INFO: [XFORM 203-101] Partitioning array 'state.execute.alu_results.uop.mem.mem_size' in dimension 1 completely.
INFO: [XFORM 203-101] Partitioning array 'state.execute.alu_results.uop.mem.mem_signed' in dimension 1 completely.
INFO: [XFORM 203-101] Partitioning array 'state.execute.alu_results.uop.mem.mem_cmd' in dimension 1 completely.
INFO: [XFORM 203-101] Partitioning array 'state.execute.alu_results.uop.mem.ldst_val' in dimension 1 completely.
INFO: [XFORM 203-101] Partitioning array 'state.execute.alu_results.uop.mem.ldst_is_rs1' in dimension 1 completely.
INFO: [XFORM 203-101] Partitioning array 'state.execute.alu_results.uop.mem.is_fencei' in dimension 1 completely.
INFO: [XFORM 203-101] Partitioning array 'state.execute.alu_results.uop.mem.is_fence' in dimension 1 completely.
INFO: [XFORM 203-101] Partitioning array 'state.execute.alu_results.uop.mem.is_amo' in dimension 1 completely.
INFO: [XFORM 203-101] Partitioning array 'state.execute.alu_results.uop.iw_state' in dimension 1 completely.
INFO: [XFORM 203-101] Partitioning array 'state.execute.alu_results.uop.iw_p2_poisoned' in dimension 1 completely.
INFO: [XFORM 203-101] Partitioning array 'state.execute.alu_results.uop.iw_p1_poisoned' in dimension 1 completely.
INFO: [XFORM 203-101] Partitioning array 'state.execute.alu_results.uop.is_unique' in dimension 1 completely.
INFO: [XFORM 203-101] Partitioning array 'state.execute.alu_results.uop.is_sys_pc2epc' in dimension 1 completely.
INFO: [XFORM 203-101] Partitioning array 'state.execute.alu_results.uop.is_rvc' in dimension 1 completely.
INFO: [XFORM 203-101] Partitioning array 'state.execute.alu_results.uop.iq_type' in dimension 1 completely.
INFO: [XFORM 203-101] Partitioning array 'state.execute.alu_results.uop.inst' in dimension 1 completely.
INFO: [XFORM 203-101] Partitioning array 'state.execute.alu_results.uop.imm_packed' in dimension 1 completely.
INFO: [XFORM 203-101] Partitioning array 'state.execute.alu_results.uop.fu_code' in dimension 1 completely.
INFO: [XFORM 203-101] Partitioning array 'state.execute.alu_results.uop.flush_on_commit' in dimension 1 completely.
INFO: [XFORM 203-101] Partitioning array 'state.execute.alu_results.uop.exception' in dimension 1 completely.
INFO: [XFORM 203-101] Partitioning array 'state.execute.alu_results.uop.exc_cause' in dimension 1 completely.
INFO: [XFORM 203-101] Partitioning array 'state.execute.alu_results.uop.exc.xcpt_pf_if' in dimension 1 completely.
INFO: [XFORM 203-101] Partitioning array 'state.execute.alu_results.uop.exc.xcpt_ma_if' in dimension 1 completely.
INFO: [XFORM 203-101] Partitioning array 'state.execute.alu_results.uop.exc.xcpt_ae_if' in dimension 1 completely.
INFO: [XFORM 203-101] Partitioning array 'state.execute.alu_results.uop.exc.exception' in dimension 1 completely.
INFO: [XFORM 203-101] Partitioning array 'state.execute.alu_results.uop.exc.exc_cause' in dimension 1 completely.
INFO: [XFORM 203-101] Partitioning array 'state.execute.alu_results.uop.exc.bp_xcpt_if' in dimension 1 completely.
INFO: [XFORM 203-101] Partitioning array 'state.execute.alu_results.uop.exc.bp_debug_if' in dimension 1 completely.
INFO: [XFORM 203-101] Partitioning array 'state.execute.alu_results.uop.debug_pc' in dimension 1 completely.
INFO: [XFORM 203-101] Partitioning array 'state.execute.alu_results.uop.debug_inst' in dimension 1 completely.
INFO: [XFORM 203-101] Partitioning array 'state.execute.alu_results.uop.debug.debug_tsrc' in dimension 1 completely.
INFO: [XFORM 203-101] Partitioning array 'state.execute.alu_results.uop.debug.debug_pc' in dimension 1 completely.
INFO: [XFORM 203-101] Partitioning array 'state.execute.alu_results.uop.debug.debug_inst' in dimension 1 completely.
INFO: [XFORM 203-101] Partitioning array 'state.execute.alu_results.uop.debug.debug_fsrc' in dimension 1 completely.
INFO: [XFORM 203-101] Partitioning array 'state.execute.alu_results.uop.ctrl.op_fcn' in dimension 1 completely.
INFO: [XFORM 203-101] Partitioning array 'state.execute.alu_results.uop.ctrl.op2_sel' in dimension 1 completely.
INFO: [XFORM 203-101] Partitioning array 'state.execute.alu_results.uop.ctrl.op1_sel' in dimension 1 completely.
INFO: [XFORM 203-101] Partitioning array 'state.execute.alu_results.uop.ctrl.is_std' in dimension 1 completely.
INFO: [XFORM 203-101] Partitioning array 'state.execute.alu_results.uop.ctrl.is_sta' in dimension 1 completely.
INFO: [XFORM 203-101] Partitioning array 'state.execute.alu_results.uop.ctrl.is_load' in dimension 1 completely.
INFO: [XFORM 203-101] Partitioning array 'state.execute.alu_results.uop.ctrl.imm_sel' in dimension 1 completely.
INFO: [XFORM 203-101] Partitioning array 'state.execute.alu_results.uop.ctrl.fcn_dw' in dimension 1 completely.
INFO: [XFORM 203-101] Partitioning array 'state.execute.alu_results.uop.ctrl.csr_cmd' in dimension 1 completely.
INFO: [XFORM 203-101] Partitioning array 'state.execute.alu_results.uop.ctrl.br_type' in dimension 1 completely.
INFO: [XFORM 203-101] Partitioning array 'state.execute.alu_results.uop.csr_addr' in dimension 1 completely.
INFO: [XFORM 203-101] Partitioning array 'state.execute.alu_results.uop.bypassable' in dimension 1 completely.
INFO: [XFORM 203-101] Partitioning array 'state.execute.alu_results.uop.branch.taken' in dimension 1 completely.
INFO: [XFORM 203-101] Partitioning array 'state.execute.alu_results.uop.branch.pc_lob' in dimension 1 completely.
INFO: [XFORM 203-101] Partitioning array 'state.execute.alu_results.uop.branch.is_sfb' in dimension 1 completely.
INFO: [XFORM 203-101] Partitioning array 'state.execute.alu_results.uop.branch.is_jalr' in dimension 1 completely.
INFO: [XFORM 203-101] Partitioning array 'state.execute.alu_results.uop.branch.is_jal' in dimension 1 completely.
INFO: [XFORM 203-101] Partitioning array 'state.execute.alu_results.uop.branch.is_br' in dimension 1 completely.
INFO: [XFORM 203-101] Partitioning array 'state.execute.alu_results.uop.branch.ftq_idx' in dimension 1 completely.
INFO: [XFORM 203-101] Partitioning array 'state.execute.alu_results.uop.branch.edge_inst' in dimension 1 completely.
INFO: [XFORM 203-101] Partitioning array 'state.execute.alu_results.uop.branch.br_tag' in dimension 1 completely.
INFO: [XFORM 203-101] Partitioning array 'state.execute.alu_results.uop.branch.br_mask' in dimension 1 completely.
INFO: [XFORM 203-101] Partitioning array 'state.execute.alu_results.store_data' in dimension 1 completely.
INFO: [XFORM 203-101] Partitioning array 'state.execute.alu_results.signed_load' in dimension 1 completely.
INFO: [XFORM 203-101] Partitioning array 'state.execute.alu_results.result' in dimension 1 completely.
INFO: [XFORM 203-101] Partitioning array 'state.execute.alu_results.redirect_pc' in dimension 1 completely.
INFO: [XFORM 203-101] Partitioning array 'state.execute.alu_results.mispredict' in dimension 1 completely.
INFO: [XFORM 203-101] Partitioning array 'state.execute.alu_results.memory_valid' in dimension 1 completely.
INFO: [XFORM 203-101] Partitioning array 'state.execute.alu_results.memory_size' in dimension 1 completely.
INFO: [XFORM 203-101] Partitioning array 'state.execute.alu_results.memory_mask' in dimension 1 completely.
INFO: [XFORM 203-101] Partitioning array 'state.execute.alu_results.memory_address' in dimension 1 completely.
INFO: [XFORM 203-101] Partitioning array 'state.execute.alu_results.is_store' in dimension 1 completely.
INFO: [XFORM 203-101] Partitioning array 'state.execute.alu_results.is_load' in dimension 1 completely.
INFO: [XFORM 203-101] Partitioning array 'state.execute.alu_results.exception' in dimension 1 completely.
INFO: [XFORM 203-101] Partitioning array 'state.execute.alu_results.exc_cause' in dimension 1 completely.
INFO: [XFORM 203-101] Partitioning array 'state.completion.writebacks.value' in dimension 1 completely.
INFO: [XFORM 203-101] Partitioning array 'state.completion.writebacks.valid' in dimension 1 completely.
INFO: [XFORM 203-101] Partitioning array 'state.completion.writebacks.pdst' in dimension 1 completely.
INFO: [XFORM 203-101] Partitioning array 'state.completion.wakeups.value' in dimension 1 completely.
INFO: [XFORM 203-101] Partitioning array 'state.completion.wakeups.valid' in dimension 1 completely.
INFO: [XFORM 203-101] Partitioning array 'state.completion.wakeups.pdst' in dimension 1 completely.
INFO: [XFORM 203-101] Partitioning array 'state.completion.wakeups.branch_mask' in dimension 1 completely.
INFO: [XFORM 203-101] Partitioning array 'state.completion.wakeup_sent' in dimension 1 completely.
INFO: [XFORM 203-101] Partitioning array 'state.completion.bypass.value' in dimension 1 completely.
INFO: [XFORM 203-101] Partitioning array 'state.completion.bypass.valid' in dimension 1 completely.
INFO: [XFORM 203-101] Partitioning array 'state.completion.bypass.pdst' in dimension 1 completely.
INFO: [XFORM 203-101] Partitioning array 'state.completion.bypass.branch_mask' in dimension 1 completely.
INFO: [XFORM 203-101] Partitioning array 'initial.valid' (/home/lab_726/boom/hls_boom/src/boom_core_merged.cpp:1174) in dimension 1 completely.
INFO: [XFORM 203-101] Partitioning array 'initial.kind' (/home/lab_726/boom/hls_boom/src/boom_core_merged.cpp:1174) in dimension 1 completely.
INFO: [XFORM 203-101] Partitioning array 'initial.source' (/home/lab_726/boom/hls_boom/src/boom_core_merged.cpp:1174) in dimension 1 completely.
INFO: [XFORM 203-101] Partitioning array 'initial.uop.queue.rob_idx' (/home/lab_726/boom/hls_boom/src/boom_core_merged.cpp:1174) in dimension 1 completely.
INFO: [XFORM 203-101] Partitioning array 'initial.uop.queue.rob_allocation_id' (/home/lab_726/boom/hls_boom/src/boom_core_merged.cpp:1174) in dimension 1 completely.
INFO: [XFORM 203-101] Partitioning array 'initial.exception' (/home/lab_726/boom/hls_boom/src/boom_core_merged.cpp:1174) in dimension 1 completely.
INFO: [XFORM 203-101] Partitioning array 'initial.transaction_id' (/home/lab_726/boom/hls_boom/src/boom_core_merged.cpp:1174) in dimension 1 completely.
INFO: [XFORM 203-101] Partitioning array 'ports.valid.1' (/home/lab_726/boom/hls_boom/src/boom_core_merged.cpp:1182) in dimension 1 completely.
INFO: [XFORM 203-101] Partitioning array 'ports.kind.1' (/home/lab_726/boom/hls_boom/src/boom_core_merged.cpp:1182) in dimension 1 completely.
INFO: [XFORM 203-101] Partitioning array 'ports.source.1' (/home/lab_726/boom/hls_boom/src/boom_core_merged.cpp:1182) in dimension 1 completely.
INFO: [XFORM 203-101] Partitioning array 'ports.uop.queue.rob_idx.1' (/home/lab_726/boom/hls_boom/src/boom_core_merged.cpp:1182) in dimension 1 completely.
INFO: [XFORM 203-101] Partitioning array 'ports.uop.queue.rob_allocation_id.1' (/home/lab_726/boom/hls_boom/src/boom_core_merged.cpp:1182) in dimension 1 completely.
INFO: [XFORM 203-101] Partitioning array 'ports.uop.rename.pdst' (/home/lab_726/boom/hls_boom/src/boom_core_merged.cpp:1182) in dimension 1 completely.
INFO: [XFORM 203-101] Partitioning array 'ports.writes_prf' (/home/lab_726/boom/hls_boom/src/boom_core_merged.cpp:1182) in dimension 1 completely.
INFO: [XFORM 203-101] Partitioning array 'ports.value' (/home/lab_726/boom/hls_boom/src/boom_core_merged.cpp:1182) in dimension 1 completely.
INFO: [XFORM 203-101] Partitioning array 'ports.exception.1' (/home/lab_726/boom/hls_boom/src/boom_core_merged.cpp:1182) in dimension 1 completely.
INFO: [XFORM 203-101] Partitioning array 'ports.is_load' (/home/lab_726/boom/hls_boom/src/boom_core_merged.cpp:1182) in dimension 1 completely.
INFO: [XFORM 203-101] Partitioning array 'ports.transaction_id.1' (/home/lab_726/boom/hls_boom/src/boom_core_merged.cpp:1182) in dimension 1 completely.
INFO: [XFORM 203-101] Partitioning array 'ports.valid' (/home/lab_726/boom/hls_boom/src/boom_core_merged.cpp:881) in dimension 1 completely.
INFO: [XFORM 203-101] Partitioning array 'ports.kind' (/home/lab_726/boom/hls_boom/src/boom_core_merged.cpp:881) in dimension 1 completely.
INFO: [XFORM 203-101] Partitioning array 'ports.source' (/home/lab_726/boom/hls_boom/src/boom_core_merged.cpp:881) in dimension 1 completely.
INFO: [XFORM 203-101] Partitioning array 'ports.uop.branch.br_mask' (/home/lab_726/boom/hls_boom/src/boom_core_merged.cpp:881) in dimension 1 completely.
INFO: [XFORM 203-101] Partitioning array 'ports.uop.queue.rob_idx' (/home/lab_726/boom/hls_boom/src/boom_core_merged.cpp:881) in dimension 1 completely.
INFO: [XFORM 203-101] Partitioning array 'ports.uop.queue.rob_allocation_id' (/home/lab_726/boom/hls_boom/src/boom_core_merged.cpp:881) in dimension 1 completely.
INFO: [XFORM 203-101] Partitioning array 'ports.uop.rename.pdst' (/home/lab_726/boom/hls_boom/src/boom_core_merged.cpp:881) in dimension 1 completely.
INFO: [XFORM 203-101] Partitioning array 'ports.writes_prf' (/home/lab_726/boom/hls_boom/src/boom_core_merged.cpp:881) in dimension 1 completely.
INFO: [XFORM 203-101] Partitioning array 'ports.value' (/home/lab_726/boom/hls_boom/src/boom_core_merged.cpp:881) in dimension 1 completely.
INFO: [XFORM 203-101] Partitioning array 'ports.exception' (/home/lab_726/boom/hls_boom/src/boom_core_merged.cpp:881) in dimension 1 completely.
INFO: [XFORM 203-101] Partitioning array 'ports.is_load' (/home/lab_726/boom/hls_boom/src/boom_core_merged.cpp:881) in dimension 1 completely.
INFO: [XFORM 203-101] Partitioning array 'ports.transaction_id' (/home/lab_726/boom/hls_boom/src/boom_core_merged.cpp:881) in dimension 1 completely.
INFO: [XFORM 203-101] Partitioning array 'usable' (/home/lab_726/boom/hls_boom/src/boom_core_merged.cpp:893) in dimension 1 completely.
INFO: [XFORM 203-101] Partitioning array 'ports.valid.2' (/home/lab_726/boom/hls_boom/src/boom_core_merged.cpp:1114) in dimension 1 completely.
INFO: [XFORM 203-101] Partitioning array 'ports.kind.2' (/home/lab_726/boom/hls_boom/src/boom_core_merged.cpp:1114) in dimension 1 completely.
INFO: [XFORM 203-101] Partitioning array 'ports.source.2' (/home/lab_726/boom/hls_boom/src/boom_core_merged.cpp:1114) in dimension 1 completely.
INFO: [XFORM 203-101] Partitioning array 'ports.uop.queue.rob_idx.2' (/home/lab_726/boom/hls_boom/src/boom_core_merged.cpp:1114) in dimension 1 completely.
INFO: [XFORM 203-101] Partitioning array 'ports.uop.queue.rob_allocation_id.2' (/home/lab_726/boom/hls_boom/src/boom_core_merged.cpp:1114) in dimension 1 completely.
INFO: [XFORM 203-101] Partitioning array 'ports.uop.rename.pdst.1' (/home/lab_726/boom/hls_boom/src/boom_core_merged.cpp:1114) in dimension 1 completely.
INFO: [XFORM 203-101] Partitioning array 'ports.writes_prf.1' (/home/lab_726/boom/hls_boom/src/boom_core_merged.cpp:1114) in dimension 1 completely.
INFO: [XFORM 203-101] Partitioning array 'ports.value.1' (/home/lab_726/boom/hls_boom/src/boom_core_merged.cpp:1114) in dimension 1 completely.
INFO: [XFORM 203-101] Partitioning array 'ports.exception.2' (/home/lab_726/boom/hls_boom/src/boom_core_merged.cpp:1114) in dimension 1 completely.
INFO: [XFORM 203-101] Partitioning array 'ports.is_load.1' (/home/lab_726/boom/hls_boom/src/boom_core_merged.cpp:1114) in dimension 1 completely.
INFO: [XFORM 203-101] Partitioning array 'ports.transaction_id.2' (/home/lab_726/boom/hls_boom/src/boom_core_merged.cpp:1114) in dimension 1 completely.
INFO: [XFORM 203-101] Partitioning array 'ports.valid.3' (/home/lab_726/boom/hls_boom/src/boom_core_merged.cpp:1091) in dimension 1 completely.
INFO: [XFORM 203-101] Partitioning array 'ports.kind.3' (/home/lab_726/boom/hls_boom/src/boom_core_merged.cpp:1091) in dimension 1 completely.
INFO: [XFORM 203-101] Partitioning array 'ports.source.3' (/home/lab_726/boom/hls_boom/src/boom_core_merged.cpp:1091) in dimension 1 completely.
INFO: [XFORM 203-101] Partitioning array 'ports.uop.branch.br_mask.1' (/home/lab_726/boom/hls_boom/src/boom_core_merged.cpp:1091) in dimension 1 completely.
INFO: [XFORM 203-101] Partitioning array 'ports.uop.branch.br_tag' (/home/lab_726/boom/hls_boom/src/boom_core_merged.cpp:1091) in dimension 1 completely.
INFO: [XFORM 203-101] Partitioning array 'ports.uop.queue.rob_idx.3' (/home/lab_726/boom/hls_boom/src/boom_core_merged.cpp:1091) in dimension 1 completely.
INFO: [XFORM 203-101] Partitioning array 'ports.uop.queue.rob_allocation_id.3' (/home/lab_726/boom/hls_boom/src/boom_core_merged.cpp:1091) in dimension 1 completely.
INFO: [XFORM 203-101] Partitioning array 'ports.mispredict' (/home/lab_726/boom/hls_boom/src/boom_core_merged.cpp:1091) in dimension 1 completely.
INFO: [XFORM 203-101] Partitioning array 'ports.control_resolved' (/home/lab_726/boom/hls_boom/src/boom_core_merged.cpp:1091) in dimension 1 completely.
INFO: [XFORM 203-101] Partitioning array 'ports.redirect_pc' (/home/lab_726/boom/hls_boom/src/boom_core_merged.cpp:1091) in dimension 1 completely.
INFO: [XFORM 203-101] Partitioning array 'ports.transaction_id.3' (/home/lab_726/boom/hls_boom/src/boom_core_merged.cpp:1091) in dimension 1 completely.
INFO: [XFORM 203-401] Performing if-conversion on hyperblock from (/home/lab_726/boom/hls_boom/src/boom_core_merged.cpp:632:10) in function 'synth_w4d_oracle_top'... converting 4 basic blocks.
INFO: [XFORM 203-401] Performing if-conversion on hyperblock from (/home/lab_726/boom/hls_boom/src/boom_core_merged.cpp:4669:10) in function 'synth_w4d_oracle_top'... converting 6 basic blocks.
INFO: [XFORM 203-401] Performing if-conversion on hyperblock from (/home/lab_726/boom/hls_boom/src/boom_core_merged.cpp:4669:10) in function 'synth_w4d_oracle_top'... converting 6 basic blocks.
INFO: [XFORM 203-401] Performing if-conversion on hyperblock from (/home/lab_726/boom/hls_boom/src/boom_core_merged.cpp:4422:11) to (/home/lab_726/boom/hls_boom/src/boom_core_merged.cpp:623:42) in function 'synth_w4d_oracle_top'... converting 5 basic blocks.
INFO: [XFORM 203-401] Performing if-conversion on hyperblock from (/home/lab_726/boom/hls_boom/src/boom_core_merged.cpp:1364:52) to (/home/lab_726/boom/hls_boom/src/boom_core_merged.cpp:4624:66) in function 'synth_w4d_oracle_top'... converting 9 basic blocks.
INFO: [XFORM 203-401] Performing if-conversion on hyperblock from (/home/lab_726/boom/hls_boom/src/boom_core_merged.cpp:641:17) to (/home/lab_726/boom/hls_boom/src/boom_core_merged.cpp:660:1) in function 'synth_w4d_oracle_top'... converting 4 basic blocks.
INFO: [XFORM 203-401] Performing if-conversion on hyperblock from (/home/lab_726/boom/hls_boom/src/boom_core_merged.cpp:1188:37) to (/home/lab_726/boom/hls_boom/src/boom_core_merged.cpp:1189:17) in function 'boom::service_pending'... converting 19 basic blocks.
INFO: [XFORM 203-401] Performing if-conversion on hyperblock from (/home/lab_726/boom/hls_boom/src/boom_core_merged.cpp:712:73) to (/home/lab_726/boom/hls_boom/src/boom_core_merged.cpp:713:26) in function 'boom::service_pending'... converting 4 basic blocks.
INFO: [XFORM 203-401] Performing if-conversion on hyperblock from (/home/lab_726/boom/hls_boom/src/boom_core_merged.cpp:714:59) to (/home/lab_726/boom/hls_boom/src/boom_core_merged.cpp:1135:13) in function 'boom::service_pending'... converting 4 basic blocks.
INFO: [XFORM 203-401] Performing if-conversion on hyperblock from (/home/lab_726/boom/hls_boom/src/boom_core_merged.cpp:1203:18) in function 'boom::service_pending'... converting 4 basic blocks.
INFO: [XFORM 203-401] Performing if-conversion on hyperblock from (/home/lab_726/boom/hls_boom/src/boom_core_merged.cpp:713:35) to (/home/lab_726/boom/hls_boom/src/boom_core_merged.cpp:713:46) in function 'boom::service_pending'... converting 4 basic blocks.
INFO: [XFORM 203-401] Performing if-conversion on hyperblock from (/home/lab_726/boom/hls_boom/src/boom_core_merged.cpp:712:73) to (/home/lab_726/boom/hls_boom/src/boom_core_merged.cpp:713:26) in function 'boom::service_pending'... converting 4 basic blocks.
INFO: [XFORM 203-401] Performing if-conversion on hyperblock from (/home/lab_726/boom/hls_boom/src/boom_core_merged.cpp:714:59) to (/home/lab_726/boom/hls_boom/src/boom_core_merged.cpp:1206:17) in function 'boom::service_pending'... converting 4 basic blocks.
INFO: [XFORM 203-401] Performing if-conversion on hyperblock from (/home/lab_726/boom/hls_boom/src/boom_core_merged.cpp:1207:41) to (/home/lab_726/boom/hls_boom/src/boom_core_merged.cpp:1207:51) in function 'boom::service_pending'... converting 4 basic blocks.
INFO: [XFORM 203-401] Performing if-conversion on hyperblock from (/home/lab_726/boom/hls_boom/src/boom_core_merged.cpp:1204:18) to (/home/lab_726/boom/hls_boom/src/boom_core_merged.cpp:1209:36) in function 'boom::service_pending'... converting 4 basic blocks.
INFO: [XFORM 203-401] Performing if-conversion on hyperblock from (/home/lab_726/boom/hls_boom/src/boom_core_merged.cpp:712:73) to (/home/lab_726/boom/hls_boom/src/boom_core_merged.cpp:713:26) in function 'boom::service_pending'... converting 4 basic blocks.
INFO: [XFORM 203-401] Performing if-conversion on hyperblock from (/home/lab_726/boom/hls_boom/src/boom_core_merged.cpp:714:59) to (/home/lab_726/boom/hls_boom/src/boom_core_merged.cpp:1133:6) in function 'boom::service_pending'... converting 4 basic blocks.
INFO: [XFORM 203-401] Performing if-conversion on hyperblock from (/home/lab_726/boom/hls_boom/src/boom_core_merged.cpp:1138:48) to (/home/lab_726/boom/hls_boom/src/boom_core_merged.cpp:1134:24) in function 'boom::service_pending'... converting 4 basic blocks.
INFO: [XFORM 203-401] Performing if-conversion on hyperblock from (/home/lab_726/boom/hls_boom/src/boom_core_merged.cpp:2583:10) in function 'boom::service_pending'... converting 4 basic blocks.
INFO: [XFORM 203-401] Performing if-conversion on hyperblock from (/home/lab_726/boom/hls_boom/src/boom_core_merged.cpp:1226:60) to (/home/lab_726/boom/hls_boom/src/boom_core_merged.cpp:1230:13) in function 'boom::service_pending'... converting 6 basic blocks.
INFO: [XFORM 203-401] Performing if-conversion on hyperblock from (/home/lab_726/boom/hls_boom/src/boom_core_merged.cpp:672:22) to (/home/lab_726/boom/hls_boom/src/boom_core_merged.cpp:687:1) in function 'boom::completion_is_valid'... converting 14 basic blocks.
INFO: [XFORM 203-401] Performing if-conversion on hyperblock from (/home/lab_726/boom/hls_boom/src/boom_core_merged.cpp:1097:60) to (/home/lab_726/boom/hls_boom/src/boom_core_merged.cpp:1096:13) in function 'boom::begin_completion_cycle'... converting 4 basic blocks.
INFO: [XFORM 203-401] Performing if-conversion on hyperblock from (/home/lab_726/boom/hls_boom/src/boom_core_merged.cpp:784:52) to (/home/lab_726/boom/hls_boom/src/boom_core_merged.cpp:784:63) in function 'boom::begin_completion_cycle'... converting 4 basic blocks.
INFO: [XFORM 203-401] Performing if-conversion on hyperblock from (/home/lab_726/boom/hls_boom/src/boom_core_merged.cpp:785:16) to (/home/lab_726/boom/hls_boom/src/boom_core_merged.cpp:785:26) in function 'boom::begin_completion_cycle'... converting 4 basic blocks.
INFO: [XFORM 203-401] Performing if-conversion on hyperblock from (/home/lab_726/boom/hls_boom/src/boom_core_merged.cpp:785:46) to (/home/lab_726/boom/hls_boom/src/boom_core_merged.cpp:785:56) in function 'boom::begin_completion_cycle'... converting 4 basic blocks.
INFO: [XFORM 203-401] Performing if-conversion on hyperblock from (/home/lab_726/boom/hls_boom/src/boom_core_merged.cpp:1121:26) to (/home/lab_726/boom/hls_boom/src/boom_core_merged.cpp:1118:45) in function 'boom::begin_completion_cycle'... converting 4 basic blocks.
INFO: [XFORM 203-401] Performing if-conversion on hyperblock from (/home/lab_726/boom/hls_boom/src/boom_core_merged.cpp:713:35) to (/home/lab_726/boom/hls_boom/src/boom_core_merged.cpp:713:46) in function 'boom::begin_completion_cycle'... converting 4 basic blocks.
INFO: [XFORM 203-401] Performing if-conversion on hyperblock from (/home/lab_726/boom/hls_boom/src/boom_core_merged.cpp:714:59) to (/home/lab_726/boom/hls_boom/src/boom_core_merged.cpp:840:50) in function 'boom::begin_completion_cycle'... converting 4 basic blocks.
INFO: [XFORM 203-401] Performing if-conversion on hyperblock from (/home/lab_726/boom/hls_boom/src/boom_core_merged.cpp:841:33) to (/home/lab_726/boom/hls_boom/src/boom_core_merged.cpp:839:13) in function 'boom::begin_completion_cycle'... converting 4 basic blocks.
INFO: [XFORM 203-401] Performing if-conversion on hyperblock from (/home/lab_726/boom/hls_boom/src/boom_core_merged.cpp:713:35) to (/home/lab_726/boom/hls_boom/src/boom_core_merged.cpp:713:46) in function 'boom::begin_completion_cycle'... converting 4 basic blocks.
INFO: [XFORM 203-401] Performing if-conversion on hyperblock from (/home/lab_726/boom/hls_boom/src/boom_core_merged.cpp:714:59) to (/home/lab_726/boom/hls_boom/src/boom_core_merged.cpp:854:50) in function 'boom::begin_completion_cycle'... converting 4 basic blocks.
INFO: [XFORM 203-401] Performing if-conversion on hyperblock from (/home/lab_726/boom/hls_boom/src/boom_core_merged.cpp:855:33) to (/home/lab_726/boom/hls_boom/src/boom_core_merged.cpp:853:13) in function 'boom::begin_completion_cycle'... converting 4 basic blocks.
INFO: [XFORM 203-401] Performing if-conversion on hyperblock from (/home/lab_726/boom/hls_boom/src/boom_core_merged.cpp:784:52) to (/home/lab_726/boom/hls_boom/src/boom_core_merged.cpp:784:63) in function 'boom::begin_completion_cycle'... converting 4 basic blocks.
INFO: [XFORM 203-401] Performing if-conversion on hyperblock from (/home/lab_726/boom/hls_boom/src/boom_core_merged.cpp:895:19) to (/home/lab_726/boom/hls_boom/src/boom_core_merged.cpp:896:13) in function 'boom::begin_completion_cycle'... converting 5 basic blocks.
INFO: [XFORM 203-401] Performing if-conversion on hyperblock from (/home/lab_726/boom/hls_boom/src/boom_core_merged.cpp:785:46) to (/home/lab_726/boom/hls_boom/src/boom_core_merged.cpp:896:13) in function 'boom::begin_completion_cycle'... converting 8 basic blocks.
INFO: [XFORM 203-401] Performing if-conversion on hyperblock from (/home/lab_726/boom/hls_boom/src/boom_core_merged.cpp:691:39) to (/home/lab_726/boom/hls_boom/src/boom_core_merged.cpp:902:17) in function 'boom::begin_completion_cycle'... converting 4 basic blocks.
INFO: [XFORM 203-401] Performing if-conversion on hyperblock from (/home/lab_726/boom/hls_boom/src/boom_core_merged.cpp:903:27) to (/home/lab_726/boom/hls_boom/src/boom_core_merged.cpp:903:17) in function 'boom::begin_completion_cycle'... converting 5 basic blocks.
INFO: [XFORM 203-401] Performing if-conversion on hyperblock from (/home/lab_726/boom/hls_boom/src/boom_core_merged.cpp:906:32) to (/home/lab_726/boom/hls_boom/src/boom_core_merged.cpp:907:13) in function 'boom::begin_completion_cycle'... converting 13 basic blocks.
INFO: [XFORM 203-401] Performing if-conversion on hyperblock from (/home/lab_726/boom/hls_boom/src/boom_core_merged.cpp:691:39) to (/home/lab_726/boom/hls_boom/src/boom_core_merged.cpp:917:17) in function 'boom::begin_completion_cycle'... converting 4 basic blocks.
INFO: [XFORM 203-401] Performing if-conversion on hyperblock from (/home/lab_726/boom/hls_boom/src/boom_core_merged.cpp:918:27) to (/home/lab_726/boom/hls_boom/src/boom_core_merged.cpp:918:17) in function 'boom::begin_completion_cycle'... converting 5 basic blocks.
INFO: [XFORM 203-401] Performing if-conversion on hyperblock from (/home/lab_726/boom/hls_boom/src/boom_core_merged.cpp:927:27) to (/home/lab_726/boom/hls_boom/src/boom_core_merged.cpp:931:13) in function 'boom::begin_completion_cycle'... converting 9 basic blocks.
INFO: [XFORM 203-401] Performing if-conversion on hyperblock from (/home/lab_726/boom/hls_boom/src/boom_core_merged.cpp:924:51) to (/home/lab_726/boom/hls_boom/src/boom_core_merged.cpp:923:44) in function 'boom::begin_completion_cycle'... converting 9 basic blocks.
INFO: [XFORM 203-401] Performing if-conversion on hyperblock from (/home/lab_726/boom/hls_boom/src/boom_core_merged.cpp:713:35) to (/home/lab_726/boom/hls_boom/src/boom_core_merged.cpp:713:46) in function 'boom::begin_completion_cycle'... converting 4 basic blocks.
INFO: [XFORM 203-401] Performing if-conversion on hyperblock from (/home/lab_726/boom/hls_boom/src/boom_core_merged.cpp:841:33) to (/home/lab_726/boom/hls_boom/src/boom_core_merged.cpp:839:13) in function 'boom::begin_completion_cycle'... converting 4 basic blocks.
INFO: [XFORM 203-401] Performing if-conversion on hyperblock from (/home/lab_726/boom/hls_boom/src/boom_core_merged.cpp:713:35) to (/home/lab_726/boom/hls_boom/src/boom_core_merged.cpp:713:46) in function 'boom::begin_completion_cycle'... converting 4 basic blocks.
INFO: [XFORM 203-401] Performing if-conversion on hyperblock from (/home/lab_726/boom/hls_boom/src/boom_core_merged.cpp:855:33) to (/home/lab_726/boom/hls_boom/src/boom_core_merged.cpp:853:13) in function 'boom::begin_completion_cycle'... converting 4 basic blocks.
INFO: [XFORM 203-401] Performing if-conversion on hyperblock from (/home/lab_726/boom/hls_boom/src/boom_core_merged.cpp:951:40) to (/home/lab_726/boom/hls_boom/src/boom_core_merged.cpp:951:21) in function 'boom::begin_completion_cycle'... converting 4 basic blocks.
INFO: [XFORM 203-401] Performing if-conversion on hyperblock from (/home/lab_726/boom/hls_boom/src/boom_core_merged.cpp:952:30) to (/home/lab_726/boom/hls_boom/src/boom_core_merged.cpp:952:22) in function 'boom::begin_completion_cycle'... converting 4 basic blocks.
INFO: [XFORM 203-401] Performing if-conversion on hyperblock from (/home/lab_726/boom/hls_boom/src/boom_core_merged.cpp:586:14) to (/home/lab_726/boom/hls_boom/src/boom_core_merged.cpp:1029:5) in function 'boom::begin_completion_cycle'... converting 3 basic blocks.
INFO: [XFORM 203-11] Balancing expressions in function 'synth_w4d_oracle_top' (/home/lab_726/boom/hls_boom/src/boom_core_merged.cpp:4445)...58 expression(s) balanced.
INFO: [XFORM 203-11] Balancing expressions in function 'boom::service_pending' (/home/lab_726/boom/hls_boom/src/boom_core_merged.cpp:665:22)...6 expression(s) balanced.
INFO: [XFORM 203-11] Balancing expressions in function 'boom::completion_is_valid' (/home/lab_726/boom/hls_boom/src/boom_core_merged.cpp:665:1)...8 expression(s) balanced.
INFO: [HLS 200-111] Finished Loop, function and other optimizations: CPU user time: 5.34 seconds. CPU system time: 0.04 seconds. Elapsed time: 5.37 seconds; current allocated memory: 3.602 GB.
INFO: [HLS 200-472] Inferring partial write operation for 'state.rename.int_map_table.map_table' (/home/lab_726/boom/hls_boom/include/boom_state.hpp:45:21)
INFO: [HLS 200-472] Inferring partial write operation for 'state.rename.int_map_table.committed_map_table' (/home/lab_726/boom/hls_boom/include/boom_state.hpp:45:47)
INFO: [HLS 200-472] Inferring partial write operation for 'state.rename.int_map_table.br_snapshots' (/home/lab_726/boom/hls_boom/include/boom_state.hpp:46:68)
INFO: [HLS 200-472] Inferring partial write operation for 'state.rename.int_free_list.free_list' (/home/lab_726/boom/hls_boom/include/boom_state.hpp:54:65)
INFO: [HLS 200-472] Inferring partial write operation for 'state.rename.int_free_list.free_list' (/home/lab_726/boom/hls_boom/include/boom_state.hpp:55:21)
INFO: [HLS 200-472] Inferring partial write operation for 'state.issue.alu_iq.entries.valid' (/home/lab_726/boom/hls_boom/include/boom_types.hpp:177:24)
INFO: [HLS 200-472] Inferring partial write operation for 'state.issue.alu_iq.entries.request' (/home/lab_726/boom/hls_boom/include/boom_types.hpp:177:38)
INFO: [HLS 200-472] Inferring partial write operation for 'state.issue.alu_iq.entries.granted' (/home/lab_726/boom/hls_boom/include/boom_types.hpp:177:54)
INFO: [HLS 200-472] Inferring partial write operation for 'state.issue.alu_iq.entries.killed' (/home/lab_726/boom/hls_boom/include/boom_types.hpp:177:70)
INFO: [HLS 200-472] Inferring partial write operation for 'state.issue.alu_iq.entries.pdst_busy' (/home/lab_726/boom/hls_boom/include/boom_types.hpp:178:9)
INFO: [HLS 200-472] Inferring partial write operation for 'state.issue.alu_iq.entries.prs1_busy' (/home/lab_726/boom/hls_boom/include/boom_types.hpp:178:27)
INFO: [HLS 200-472] Inferring partial write operation for 'state.issue.alu_iq.entries.prs2_busy' (/home/lab_726/boom/hls_boom/include/boom_types.hpp:178:45)
INFO: [HLS 200-472] Inferring partial write operation for 'state.issue.alu_iq.entries.prs3_busy' (/home/lab_726/boom/hls_boom/include/boom_types.hpp:178:63)
INFO: [HLS 200-472] Inferring partial write operation for 'state.issue.alu_iq.entries.uop.uopc' (/home/lab_726/boom/hls_boom/include/boom_types.hpp:82:21)
INFO: [HLS 200-472] Inferring partial write operation for 'state.issue.alu_iq.entries.uop.inst' (/home/lab_726/boom/hls_boom/include/boom_types.hpp:82:29)
INFO: [HLS 200-472] Inferring partial write operation for 'state.issue.alu_iq.entries.uop.debug_inst' (/home/lab_726/boom/hls_boom/include/boom_types.hpp:82:43)
INFO: [HLS 200-472] Inferring partial write operation for 'state.issue.alu_iq.entries.uop.is_rvc' (/home/lab_726/boom/hls_boom/include/boom_types.hpp:82:53)
INFO: [HLS 200-472] Inferring partial write operation for 'state.issue.alu_iq.entries.uop.debug_pc' (/home/lab_726/boom/hls_boom/include/boom_types.hpp:82:69)
INFO: [HLS 200-472] Inferring partial write operation for 'state.issue.alu_iq.entries.uop.iq_type' (/home/lab_726/boom/hls_boom/include/boom_types.hpp:82:80)
INFO: [HLS 200-472] Inferring partial write operation for 'state.issue.alu_iq.entries.uop.fu_code' (/home/lab_726/boom/hls_boom/include/boom_types.hpp:82:91)
INFO: [HLS 200-472] Inferring partial write operation for 'state.issue.alu_iq.entries.uop.ctrl.br_type' (/home/lab_726/boom/hls_boom/include/boom_types.hpp:83:13)
INFO: [HLS 200-472] Inferring partial write operation for 'state.issue.alu_iq.entries.uop.iw_state' (/home/lab_726/boom/hls_boom/include/boom_types.hpp:83:26)
INFO: [HLS 200-472] Inferring partial write operation for 'state.issue.alu_iq.entries.uop.iw_p2_poisoned' (/home/lab_726/boom/hls_boom/include/boom_types.hpp:83:59)
INFO: [HLS 200-472] Inferring partial write operation for 'state.issue.alu_iq.entries.uop.iw_p1_poisoned' (/home/lab_726/boom/hls_boom/include/boom_types.hpp:83:44)
INFO: [HLS 200-472] Inferring partial write operation for 'state.issue.alu_iq.entries.uop.branch.br_mask' (/home/lab_726/boom/hls_boom/include/boom_types.hpp:83:73)
INFO: [HLS 200-472] Inferring partial write operation for 'state.issue.alu_iq.entries.uop.imm_packed' (/home/lab_726/boom/hls_boom/include/boom_types.hpp:83:88)
INFO: [HLS 200-472] Inferring partial write operation for 'state.issue.alu_iq.entries.uop.csr_addr' (/home/lab_726/boom/hls_boom/include/boom_types.hpp:83:100)
INFO: [HLS 200-472] Inferring partial write operation for 'state.issue.alu_iq.entries.uop.queue.rob_idx' (/home/lab_726/boom/hls_boom/include/boom_types.hpp:84:14)
INFO: [HLS 200-472] Inferring partial write operation for 'state.issue.alu_iq.entries.uop.rename.ldst' (/home/lab_726/boom/hls_boom/include/boom_types.hpp:84:25)
INFO: [HLS 200-472] Inferring partial write operation for 'state.issue.alu_iq.entries.uop.exception' (/home/lab_726/boom/hls_boom/include/boom_types.hpp:84:39)
INFO: [HLS 200-472] Inferring partial write operation for 'state.issue.alu_iq.entries.uop.exc_cause' (/home/lab_726/boom/hls_boom/include/boom_types.hpp:84:56)
INFO: [HLS 200-472] Inferring partial write operation for 'state.issue.alu_iq.entries.uop.bypassable' (/home/lab_726/boom/hls_boom/include/boom_types.hpp:84:70)
INFO: [HLS 200-472] Inferring partial write operation for 'state.issue.alu_iq.entries.uop.mem.mem_cmd' (/home/lab_726/boom/hls_boom/include/boom_types.hpp:84:81)
INFO: [HLS 200-472] Inferring partial write operation for 'state.issue.alu_iq.entries.uop.flush_on_commit' (/home/lab_726/boom/hls_boom/include/boom_types.hpp:85:48)
INFO: [HLS 200-472] Inferring partial write operation for 'state.issue.alu_iq.entries.uop.is_unique' (/home/lab_726/boom/hls_boom/include/boom_types.hpp:85:32)
INFO: [HLS 200-472] Inferring partial write operation for 'state.issue.alu_iq.entries.uop.is_sys_pc2epc' (/home/lab_726/boom/hls_boom/include/boom_types.hpp:85:22)
INFO: [HLS 200-472] Inferring partial write operation for 'state.issue.alu_iq.entries.uop.exc.exception' (/home/lab_726/boom/hls_boom/include/boom_types.hpp:85:59)
INFO: [HLS 200-472] Inferring partial write operation for 'state.issue.alu_iq.entries.uop.debug.debug_fsrc' (/home/lab_726/boom/hls_boom/include/boom_types.hpp:85:69)
INFO: [HLS 200-472] Inferring partial write operation for 'state.issue.alu_iq.entries.prs1_data' (/home/lab_726/boom/hls_boom/include/boom_types.hpp:179:16)
INFO: [HLS 200-472] Inferring partial write operation for 'state.issue.alu_iq.entries.prs2_data' (/home/lab_726/boom/hls_boom/include/boom_types.hpp:179:30)
INFO: [HLS 200-472] Inferring partial write operation for 'state.issue.alu_iq.entries.prs3_data' (/home/lab_726/boom/hls_boom/include/boom_types.hpp:179:44)
INFO: [HLS 200-472] Inferring partial write operation for 'state.issue.alu_iq.entries.valid' (/home/lab_726/boom/hls_boom/include/boom_state.hpp:91:60)
INFO: [HLS 200-472] Inferring partial write operation for 'state.rob.entries.valid' (/home/lab_726/boom/hls_boom/include/boom_types.hpp:166:18)
INFO: [HLS 200-472] Inferring partial write operation for 'state.rob.entries.busy' (/home/lab_726/boom/hls_boom/include/boom_types.hpp:166:32)
INFO: [HLS 200-472] Inferring partial write operation for 'state.rob.entries.exception' (/home/lab_726/boom/hls_boom/include/boom_types.hpp:166:60)
INFO: [HLS 200-472] Inferring partial write operation for 'state.rob.entries.uop.branch.br_mask' (/home/lab_726/boom/hls_boom/include/boom_types.hpp:83:73)
INFO: [HLS 200-472] Inferring partial write operation for 'state.rob.entries.uop.queue.rob_idx' (/home/lab_726/boom/hls_boom/include/boom_types.hpp:84:14)
INFO: [HLS 200-472] Inferring partial write operation for 'state.rob.entries.uop.rename.pdst' (/home/lab_726/boom/hls_boom/include/boom_types.hpp:84:25)
INFO: [HLS 200-472] Inferring partial write operation for 'state.rob.entries.memory_valid' (/home/lab_726/boom/hls_boom/include/boom_types.hpp:168:9)
INFO: [HLS 200-472] Inferring partial write operation for 'state.rob.entries.is_load' (/home/lab_726/boom/hls_boom/include/boom_types.hpp:168:30)
INFO: [HLS 200-472] Inferring partial write operation for 'state.rob.entries.signed_load' (/home/lab_726/boom/hls_boom/include/boom_types.hpp:168:63)
INFO: [HLS 200-472] Inferring partial write operation for 'state.rob.entries.memory_request_sent' (/home/lab_726/boom/hls_boom/include/boom_types.hpp:169:9)
INFO: [HLS 200-472] Inferring partial write operation for 'state.rob.entries.memory_completed' (/home/lab_726/boom/hls_boom/include/boom_types.hpp:169:37)
INFO: [HLS 200-472] Inferring partial write operation for 'state.rob.entries.memory_address' (/home/lab_726/boom/hls_boom/include/boom_types.hpp:169:62)
INFO: [HLS 200-472] Inferring partial write operation for 'state.rob.entries.memory_mask' (/home/lab_726/boom/hls_boom/include/boom_types.hpp:170:25)
INFO: [HLS 200-472] Inferring partial write operation for 'state.rob.entries.memory_size' (/home/lab_726/boom/hls_boom/include/boom_types.hpp:170:41)
INFO: [HLS 200-472] Inferring partial write operation for 'state.rob.entries.memory_transaction_id' (/home/lab_726/boom/hls_boom/include/boom_types.hpp:170:57)
INFO: [HLS 200-472] Inferring partial write operation for 'state.rob.entries.valid' (/home/lab_726/boom/hls_boom/include/boom_state.hpp:161:62)
INFO: [HLS 200-472] Inferring partial write operation for 'state.lsu.stq.valid' (/home/lab_726/boom/hls_boom/include/boom_state.hpp:177:25)
INFO: [HLS 200-472] Inferring partial write operation for 'state.lsu.stq.address_valid' (/home/lab_726/boom/hls_boom/include/boom_state.hpp:177:39)
INFO: [HLS 200-472] Inferring partial write operation for 'state.lsu.stq.data_valid' (/home/lab_726/boom/hls_boom/include/boom_state.hpp:177:61)
INFO: [HLS 200-472] Inferring partial write operation for 'state.lsu.stq.committed' (/home/lab_726/boom/hls_boom/include/boom_state.hpp:177:80)
INFO: [HLS 200-472] Inferring partial write operation for 'state.lsu.stq.issued_to_memory' (/home/lab_726/boom/hls_boom/include/boom_state.hpp:178:9)
INFO: [HLS 200-472] Inferring partial write operation for 'state.lsu.stq.completed' (/home/lab_726/boom/hls_boom/include/boom_state.hpp:178:34)
INFO: [HLS 200-472] Inferring partial write operation for 'state.lsu.stq.killed' (/home/lab_726/boom/hls_boom/include/boom_state.hpp:178:52)
INFO: [HLS 200-472] Inferring partial write operation for 'state.lsu.stq.rob_idx' (/home/lab_726/boom/hls_boom/include/boom_state.hpp:178:67)
INFO: [HLS 200-472] Inferring partial write operation for 'state.lsu.stq.mask' (/home/lab_726/boom/hls_boom/include/boom_state.hpp:178:79)
INFO: [HLS 200-472] Inferring partial write operation for 'state.lsu.stq.size' (/home/lab_726/boom/hls_boom/include/boom_state.hpp:179:9)
INFO: [HLS 200-472] Inferring partial write operation for 'state.lsu.stq.branch_mask' (/home/lab_726/boom/hls_boom/include/boom_state.hpp:179:18)
INFO: [HLS 200-472] Inferring partial write operation for 'state.lsu.stq.rob_allocation_id' (/home/lab_726/boom/hls_boom/include/boom_state.hpp:179:34)
INFO: [HLS 200-472] Inferring partial write operation for 'state.lsu.stq.address' (/home/lab_726/boom/hls_boom/include/boom_state.hpp:179:56)
INFO: [HLS 200-472] Inferring partial write operation for 'state.lsu.stq.data' (/home/lab_726/boom/hls_boom/include/boom_state.hpp:179:68)
INFO: [HLS 200-472] Inferring partial write operation for 'state.lsu.ldq.valid' (/home/lab_726/boom/hls_boom/include/boom_state.hpp:187:24)
INFO: [HLS 200-472] Inferring partial write operation for 'state.lsu.ldq.signed_load' (/home/lab_726/boom/hls_boom/include/boom_state.hpp:187:38)
INFO: [HLS 200-472] Inferring partial write operation for 'state.lsu.ldq.response_pending' (/home/lab_726/boom/hls_boom/include/boom_state.hpp:187:58)
INFO: [HLS 200-472] Inferring partial write operation for 'state.lsu.ldq.completed' (/home/lab_726/boom/hls_boom/include/boom_state.hpp:188:9)
INFO: [HLS 200-472] Inferring partial write operation for 'state.lsu.ldq.killed' (/home/lab_726/boom/hls_boom/include/boom_state.hpp:188:27)
INFO: [HLS 200-472] Inferring partial write operation for 'state.lsu.ldq.rob_idx' (/home/lab_726/boom/hls_boom/include/boom_state.hpp:188:42)
INFO: [HLS 200-472] Inferring partial write operation for 'state.lsu.ldq.size' (/home/lab_726/boom/hls_boom/include/boom_state.hpp:188:54)
INFO: [HLS 200-472] Inferring partial write operation for 'state.lsu.ldq.branch_mask' (/home/lab_726/boom/hls_boom/include/boom_state.hpp:188:63)
INFO: [HLS 200-472] Inferring partial write operation for 'state.lsu.ldq.transaction_id' (/home/lab_726/boom/hls_boom/include/boom_state.hpp:189:9)
INFO: [HLS 200-472] Inferring partial write operation for 'state.lsu.ldq.rob_allocation_id' (/home/lab_726/boom/hls_boom/include/boom_state.hpp:189:28)
INFO: [HLS 200-472] Inferring partial write operation for 'state.lsu.ldq.address' (/home/lab_726/boom/hls_boom/include/boom_state.hpp:189:50)
INFO: [HLS 200-472] Inferring partial write operation for 'state.lsu.ldq.result' (/home/lab_726/boom/hls_boom/include/boom_state.hpp:189:62)
INFO: [HLS 200-472] Inferring partial write operation for 'state.branch_state.tag_valid' (/home/lab_726/boom/hls_boom/include/boom_state.hpp:68:25)
INFO: [HLS 200-472] Inferring partial write operation for 'state.branch_state.snapshot_valid' (/home/lab_726/boom/hls_boom/include/boom_state.hpp:68:50)
INFO: [HLS 200-472] Inferring partial write operation for 'state.branch_state.br_alloc_lists' (/home/lab_726/boom/hls_boom/include/boom_state.hpp:69:75)
INFO: [HLS 200-472] Inferring partial write operation for 'state.int_rf_bank0' (/home/lab_726/boom/hls_boom/include/boom_state.hpp:278:28)
INFO: [HLS 200-472] Inferring partial write operation for 'state.int_rf_bank1' (/home/lab_726/boom/hls_boom/include/boom_state.hpp:279:28)
INFO: [HLS 200-472] Inferring partial write operation for 'state.int_rf_bank0' (/home/lab_726/boom/hls_boom/include/boom_state.hpp:282:24)
INFO: [HLS 200-472] Inferring partial write operation for 'state.int_rf_bank1' (/home/lab_726/boom/hls_boom/include/boom_state.hpp:282:43)
INFO: [HLS 200-472] Inferring partial write operation for 'state.rename.int_map_table.map_table' (/home/lab_726/boom/hls_boom/src/boom_core_merged.cpp:4457:15)
INFO: [HLS 200-472] Inferring partial write operation for 'state.rob.entries.exception' (/home/lab_726/boom/hls_boom/src/boom_core_merged.cpp:4422:11)
INFO: [HLS 200-472] Inferring partial write operation for 'state.rob.entries.valid' (/home/lab_726/boom/hls_boom/src/boom_core_merged.cpp:4423:17)
INFO: [HLS 200-472] Inferring partial write operation for 'state.rob.entries.busy' (/home/lab_726/boom/hls_boom/src/boom_core_merged.cpp:4424:16)
INFO: [HLS 200-472] Inferring partial write operation for 'state.rob.entries.uop.queue.rob_idx' (/home/lab_726/boom/hls_boom/src/boom_core_merged.cpp:4426:29)
INFO: [HLS 200-472] Inferring partial write operation for 'state.rob.entries.uop.queue.rob_allocation_id' (/home/lab_726/boom/hls_boom/src/boom_core_merged.cpp:4427:39)
INFO: [HLS 200-472] Inferring partial write operation for 'state.rob.entries.uop.rename.pdst' (/home/lab_726/boom/hls_boom/src/boom_core_merged.cpp:4428:27)
INFO: [HLS 200-472] Inferring partial write operation for 'state.rob.entries.uop.rename.dst_rtype' (/home/lab_726/boom/hls_boom/src/boom_core_merged.cpp:4429:32)
INFO: [HLS 200-472] Inferring partial write operation for 'state.branch_state.tag_valid' (/home/lab_726/boom/hls_boom/src/boom_core_merged.cpp:4475:41)
INFO: [HLS 200-472] Inferring partial write operation for 'state.branch_state.tag_valid' (/home/lab_726/boom/hls_boom/src/boom_core_merged.cpp:4498:41)
INFO: [HLS 200-472] Inferring partial write operation for 'state.branch_state.snapshot_valid' (/home/lab_726/boom/hls_boom/src/boom_core_merged.cpp:4499:46)
INFO: [HLS 200-472] Inferring partial write operation for 'state.branch_state.tag_valid' (/home/lab_726/boom/hls_boom/src/boom_core_merged.cpp:4557:45)
INFO: [HLS 200-472] Inferring partial write operation for 'state.rob.entries.memory_request_sent' (/home/lab_726/boom/hls_boom/src/boom_core_merged.cpp:4591:69)
INFO: [HLS 200-472] Inferring partial write operation for 'state.rob.entries.memory_valid' (/home/lab_726/boom/hls_boom/src/boom_core_merged.cpp:4591:42)
INFO: [HLS 200-472] Inferring partial write operation for 'state.rob.entries.is_load' (/home/lab_726/boom/hls_boom/src/boom_core_merged.cpp:4591:22)
INFO: [HLS 200-472] Inferring partial write operation for 'state.rob.entries.memory_size' (/home/lab_726/boom/hls_boom/src/boom_core_merged.cpp:4592:26)
INFO: [HLS 200-472] Inferring partial write operation for 'state.rob.entries.memory_mask' (/home/lab_726/boom/hls_boom/src/boom_core_merged.cpp:4592:48)
INFO: [HLS 200-472] Inferring partial write operation for 'state.rob.entries.memory_transaction_id' (/home/lab_726/boom/hls_boom/src/boom_core_merged.cpp:4592:83)
INFO: [HLS 200-472] Inferring partial write operation for 'state.lsu.ldq.valid' (/home/lab_726/boom/hls_boom/src/boom_core_merged.cpp:4597:81)
INFO: [HLS 200-472] Inferring partial write operation for 'state.lsu.ldq.rob_idx' (/home/lab_726/boom/hls_boom/src/boom_core_merged.cpp:4598:34)
INFO: [HLS 200-472] Inferring partial write operation for 'state.lsu.ldq.rob_allocation_id' (/home/lab_726/boom/hls_boom/src/boom_core_merged.cpp:4598:74)
INFO: [HLS 200-472] Inferring partial write operation for 'state.rob.entries.busy' (/home/lab_726/boom/hls_boom/src/boom_core_merged.cpp:735:35)
INFO: [HLS 200-472] Inferring partial write operation for 'state.rob.entries.memory_completed' (/home/lab_726/boom/hls_boom/src/boom_core_merged.cpp:749:32)
INFO: [HLS 200-472] Inferring partial write operation for 'state.rename.int_map_table.map_table' (/home/lab_726/boom/hls_boom/src/boom_core_merged.cpp:2346:69)
INFO: [HLS 200-472] Inferring partial write operation for 'state.rename.int_map_table.map_table' (/home/lab_726/boom/hls_boom/src/boom_core_merged.cpp:2348:69)
INFO: [HLS 200-472] Inferring partial write operation for 'state.rename.int_map_table.map_table' (/home/lab_726/boom/hls_boom/src/boom_core_merged.cpp:2350:21)
INFO: [HLS 200-472] Inferring partial write operation for 'state.rename.int_free_list.free_list' (/home/lab_726/boom/hls_boom/src/boom_core_merged.cpp:2164:27)
INFO: [HLS 200-472] Inferring partial write operation for 'state.branch_state.br_alloc_lists' (/home/lab_726/boom/hls_boom/src/boom_core_merged.cpp:2367:68)
INFO: [HLS 200-472] Inferring partial write operation for 'state.branch_state.tag_valid' (/home/lab_726/boom/hls_boom/src/boom_core_merged.cpp:2377:29)
INFO: [HLS 200-472] Inferring partial write operation for 'state.branch_state.snapshot_valid' (/home/lab_726/boom/hls_boom/src/boom_core_merged.cpp:2378:34)
INFO: [HLS 200-472] Inferring partial write operation for 'state.branch_state.br_alloc_lists' (/home/lab_726/boom/hls_boom/src/boom_core_merged.cpp:2171:75)
INFO: [HLS 200-472] Inferring partial write operation for 'compacted.valid' (/home/lab_726/boom/hls_boom/include/boom_state.hpp:187:24)
INFO: [HLS 200-472] Inferring partial write operation for 'compacted.signed_load' (/home/lab_726/boom/hls_boom/include/boom_state.hpp:187:38)
INFO: [HLS 200-472] Inferring partial write operation for 'compacted.response_pending' (/home/lab_726/boom/hls_boom/include/boom_state.hpp:187:58)
INFO: [HLS 200-472] Inferring partial write operation for 'compacted.completed' (/home/lab_726/boom/hls_boom/include/boom_state.hpp:188:9)
INFO: [HLS 200-472] Inferring partial write operation for 'compacted.killed' (/home/lab_726/boom/hls_boom/include/boom_state.hpp:188:27)
INFO: [HLS 200-472] Inferring partial write operation for 'compacted.rob_idx' (/home/lab_726/boom/hls_boom/include/boom_state.hpp:188:42)
INFO: [HLS 200-472] Inferring partial write operation for 'compacted.size' (/home/lab_726/boom/hls_boom/include/boom_state.hpp:188:54)
INFO: [HLS 200-472] Inferring partial write operation for 'compacted.branch_mask' (/home/lab_726/boom/hls_boom/include/boom_state.hpp:188:63)
INFO: [HLS 200-472] Inferring partial write operation for 'compacted.transaction_id' (/home/lab_726/boom/hls_boom/include/boom_state.hpp:189:9)
INFO: [HLS 200-472] Inferring partial write operation for 'compacted.rob_allocation_id' (/home/lab_726/boom/hls_boom/include/boom_state.hpp:189:28)
INFO: [HLS 200-472] Inferring partial write operation for 'compacted.address' (/home/lab_726/boom/hls_boom/include/boom_state.hpp:189:50)
INFO: [HLS 200-472] Inferring partial write operation for 'compacted.result' (/home/lab_726/boom/hls_boom/include/boom_state.hpp:189:62)
INFO: [HLS 200-472] Inferring partial write operation for 'compacted.valid' (/home/lab_726/boom/hls_boom/src/boom_core_merged.cpp:2570:83)
INFO: [HLS 200-472] Inferring partial write operation for 'compacted.valid' (/home/lab_726/boom/hls_boom/src/boom_core_merged.cpp:2571:64)
INFO: [HLS 200-472] Inferring partial write operation for 'state.lsu.ldq.valid' (/home/lab_726/boom/hls_boom/src/boom_core_merged.cpp:2572:64)
INFO: [HLS 200-472] Inferring partial write operation for 'state.rob.entries.memory_valid' (/home/lab_726/boom/hls_boom/src/boom_core_merged.cpp:2519:24)
INFO: [HLS 200-472] Inferring partial write operation for 'state.rob.entries.is_load' (/home/lab_726/boom/hls_boom/src/boom_core_merged.cpp:2521:19)
INFO: [HLS 200-472] Inferring partial write operation for 'state.rob.entries.memory_completed' (/home/lab_726/boom/hls_boom/src/boom_core_merged.cpp:2522:28)
INFO: [HLS 200-472] Inferring partial write operation for 'state.rob.entries.memory_address' (/home/lab_726/boom/hls_boom/src/boom_core_merged.cpp:2523:26)
INFO: [HLS 200-472] Inferring partial write operation for 'state.rob.entries.memory_mask' (/home/lab_726/boom/hls_boom/src/boom_core_merged.cpp:2525:23)
INFO: [HLS 200-472] Inferring partial write operation for 'state.rob.entries.memory_size' (/home/lab_726/boom/hls_boom/src/boom_core_merged.cpp:2526:23)
INFO: [HLS 200-472] Inferring partial write operation for 'state.lsu.stq.valid' (/home/lab_726/boom/hls_boom/src/boom_core_merged.cpp:2531:19)
INFO: [HLS 200-472] Inferring partial write operation for 'state.lsu.stq.rob_idx' (/home/lab_726/boom/hls_boom/src/boom_core_merged.cpp:2532:21)
INFO: [HLS 200-472] Inferring partial write operation for 'state.lsu.stq.rob_allocation_id' (/home/lab_726/boom/hls_boom/src/boom_core_merged.cpp:2533:31)
INFO: [HLS 200-472] Inferring partial write operation for 'state.lsu.stq.address_valid' (/home/lab_726/boom/hls_boom/src/boom_core_merged.cpp:2534:27)
INFO: [HLS 200-472] Inferring partial write operation for 'state.lsu.stq.address' (/home/lab_726/boom/hls_boom/src/boom_core_merged.cpp:2535:21)
INFO: [HLS 200-472] Inferring partial write operation for 'state.lsu.stq.data_valid' (/home/lab_726/boom/hls_boom/src/boom_core_merged.cpp:2536:24)
INFO: [HLS 200-472] Inferring partial write operation for 'state.lsu.stq.data' (/home/lab_726/boom/hls_boom/src/boom_core_merged.cpp:2537:18)
INFO: [HLS 200-472] Inferring partial write operation for 'state.lsu.stq.mask' (/home/lab_726/boom/hls_boom/src/boom_core_merged.cpp:2538:18)
INFO: [HLS 200-472] Inferring partial write operation for 'state.lsu.stq.size' (/home/lab_726/boom/hls_boom/src/boom_core_merged.cpp:2539:18)
INFO: [HLS 200-472] Inferring partial write operation for 'state.lsu.stq.branch_mask' (/home/lab_726/boom/hls_boom/src/boom_core_merged.cpp:2540:25)
INFO: [HLS 200-472] Inferring partial write operation for 'state.rob.entries.memory_valid' (/home/lab_726/boom/hls_boom/src/boom_core_merged.cpp:2612:24)
INFO: [HLS 200-472] Inferring partial write operation for 'state.rob.entries.is_load' (/home/lab_726/boom/hls_boom/src/boom_core_merged.cpp:2613:19)
INFO: [HLS 200-472] Inferring partial write operation for 'state.rob.entries.signed_load' (/home/lab_726/boom/hls_boom/src/boom_core_merged.cpp:2615:23)
INFO: [HLS 200-472] Inferring partial write operation for 'state.rob.entries.memory_address' (/home/lab_726/boom/hls_boom/src/boom_core_merged.cpp:2616:26)
INFO: [HLS 200-472] Inferring partial write operation for 'state.rob.entries.memory_mask' (/home/lab_726/boom/hls_boom/src/boom_core_merged.cpp:2617:23)
INFO: [HLS 200-472] Inferring partial write operation for 'state.rob.entries.memory_size' (/home/lab_726/boom/hls_boom/src/boom_core_merged.cpp:2618:23)
INFO: [HLS 200-472] Inferring partial write operation for 'state.lsu.ldq.valid' (/home/lab_726/boom/hls_boom/src/boom_core_merged.cpp:2623:19)
INFO: [HLS 200-472] Inferring partial write operation for 'state.lsu.ldq.rob_idx' (/home/lab_726/boom/hls_boom/src/boom_core_merged.cpp:2624:21)
INFO: [HLS 200-472] Inferring partial write operation for 'state.lsu.ldq.rob_allocation_id' (/home/lab_726/boom/hls_boom/src/boom_core_merged.cpp:2625:31)
INFO: [HLS 200-472] Inferring partial write operation for 'state.lsu.ldq.address' (/home/lab_726/boom/hls_boom/src/boom_core_merged.cpp:2626:21)
INFO: [HLS 200-472] Inferring partial write operation for 'state.lsu.ldq.size' (/home/lab_726/boom/hls_boom/src/boom_core_merged.cpp:2627:18)
INFO: [HLS 200-472] Inferring partial write operation for 'state.lsu.ldq.signed_load' (/home/lab_726/boom/hls_boom/src/boom_core_merged.cpp:2628:25)
INFO: [HLS 200-472] Inferring partial write operation for 'state.lsu.ldq.branch_mask' (/home/lab_726/boom/hls_boom/src/boom_core_merged.cpp:2629:25)
INFO: [HLS 200-472] Inferring partial write operation for 'state.rob.entries.valid' (/home/lab_726/boom/hls_boom/src/boom_core_merged.cpp:2323:19)
INFO: [HLS 200-472] Inferring partial write operation for 'state.rob.entries.valid' (/home/lab_726/boom/hls_boom/src/boom_core_merged.cpp:2325:19)
INFO: [HLS 200-472] Inferring partial write operation for 'new_ldq.valid' (/home/lab_726/boom/hls_boom/include/boom_state.hpp:187:24)
INFO: [HLS 200-472] Inferring partial write operation for 'new_ldq.signed_load' (/home/lab_726/boom/hls_boom/include/boom_state.hpp:187:38)
INFO: [HLS 200-472] Inferring partial write operation for 'new_ldq.response_pending' (/home/lab_726/boom/hls_boom/include/boom_state.hpp:187:58)
INFO: [HLS 200-472] Inferring partial write operation for 'new_ldq.completed' (/home/lab_726/boom/hls_boom/include/boom_state.hpp:188:9)
INFO: [HLS 200-472] Inferring partial write operation for 'new_ldq.killed' (/home/lab_726/boom/hls_boom/include/boom_state.hpp:188:27)
INFO: [HLS 200-472] Inferring partial write operation for 'new_ldq.rob_idx' (/home/lab_726/boom/hls_boom/include/boom_state.hpp:188:42)
INFO: [HLS 200-472] Inferring partial write operation for 'new_ldq.size' (/home/lab_726/boom/hls_boom/include/boom_state.hpp:188:54)
INFO: [HLS 200-472] Inferring partial write operation for 'new_ldq.branch_mask' (/home/lab_726/boom/hls_boom/include/boom_state.hpp:188:63)
INFO: [HLS 200-472] Inferring partial write operation for 'new_ldq.transaction_id' (/home/lab_726/boom/hls_boom/include/boom_state.hpp:189:9)
INFO: [HLS 200-472] Inferring partial write operation for 'new_ldq.rob_allocation_id' (/home/lab_726/boom/hls_boom/include/boom_state.hpp:189:28)
INFO: [HLS 200-472] Inferring partial write operation for 'new_ldq.address' (/home/lab_726/boom/hls_boom/include/boom_state.hpp:189:50)
INFO: [HLS 200-472] Inferring partial write operation for 'new_ldq.result' (/home/lab_726/boom/hls_boom/include/boom_state.hpp:189:62)
INFO: [HLS 200-472] Inferring partial write operation for 'new_stq.valid' (/home/lab_726/boom/hls_boom/include/boom_state.hpp:177:25)
INFO: [HLS 200-472] Inferring partial write operation for 'new_stq.address_valid' (/home/lab_726/boom/hls_boom/include/boom_state.hpp:177:39)
INFO: [HLS 200-472] Inferring partial write operation for 'new_stq.data_valid' (/home/lab_726/boom/hls_boom/include/boom_state.hpp:177:61)
INFO: [HLS 200-472] Inferring partial write operation for 'new_stq.committed' (/home/lab_726/boom/hls_boom/include/boom_state.hpp:177:80)
INFO: [HLS 200-472] Inferring partial write operation for 'new_stq.issued_to_memory' (/home/lab_726/boom/hls_boom/include/boom_state.hpp:178:9)
INFO: [HLS 200-472] Inferring partial write operation for 'new_stq.completed' (/home/lab_726/boom/hls_boom/include/boom_state.hpp:178:34)
INFO: [HLS 200-472] Inferring partial write operation for 'new_stq.killed' (/home/lab_726/boom/hls_boom/include/boom_state.hpp:178:52)
INFO: [HLS 200-472] Inferring partial write operation for 'new_stq.rob_idx' (/home/lab_726/boom/hls_boom/include/boom_state.hpp:178:67)
INFO: [HLS 200-472] Inferring partial write operation for 'new_stq.mask' (/home/lab_726/boom/hls_boom/include/boom_state.hpp:178:79)
INFO: [HLS 200-472] Inferring partial write operation for 'new_stq.size' (/home/lab_726/boom/hls_boom/include/boom_state.hpp:179:9)
INFO: [HLS 200-472] Inferring partial write operation for 'new_stq.branch_mask' (/home/lab_726/boom/hls_boom/include/boom_state.hpp:179:18)
INFO: [HLS 200-472] Inferring partial write operation for 'new_stq.rob_allocation_id' (/home/lab_726/boom/hls_boom/include/boom_state.hpp:179:34)
INFO: [HLS 200-472] Inferring partial write operation for 'new_stq.address' (/home/lab_726/boom/hls_boom/include/boom_state.hpp:179:56)
INFO: [HLS 200-472] Inferring partial write operation for 'new_stq.data' (/home/lab_726/boom/hls_boom/include/boom_state.hpp:179:68)
INFO: [HLS 200-472] Inferring partial write operation for 'state.lsu.ldq.valid' (/home/lab_726/boom/hls_boom/src/boom_core_merged.cpp:2289:15)
INFO: [HLS 200-472] Inferring partial write operation for 'new_ldq.valid' (/home/lab_726/boom/hls_boom/src/boom_core_merged.cpp:2291:27)
INFO: [HLS 200-472] Inferring partial write operation for 'state.lsu.stq.valid' (/home/lab_726/boom/hls_boom/src/boom_core_merged.cpp:2297:15)
INFO: [HLS 200-472] Inferring partial write operation for 'new_stq.valid' (/home/lab_726/boom/hls_boom/src/boom_core_merged.cpp:2299:27)
INFO: [HLS 200-472] Inferring partial write operation for 'new_ldq.valid' (/home/lab_726/boom/hls_boom/src/boom_core_merged.cpp:2302:60)
INFO: [HLS 200-472] Inferring partial write operation for 'new_stq.valid' (/home/lab_726/boom/hls_boom/src/boom_core_merged.cpp:2303:60)
INFO: [HLS 200-472] Inferring partial write operation for 'state.lsu.ldq.valid' (/home/lab_726/boom/hls_boom/src/boom_core_merged.cpp:2304:59)
INFO: [HLS 200-472] Inferring partial write operation for 'state.lsu.stq.valid' (/home/lab_726/boom/hls_boom/src/boom_core_merged.cpp:2305:59)
INFO: [HLS 200-472] Inferring partial write operation for 'state.issue.alu_iq.entries.valid' (/home/lab_726/boom/hls_boom/src/boom_core_merged.cpp:2229:24)
INFO: [HLS 200-472] Inferring partial write operation for 'state.issue.alu_iq.entries.killed' (/home/lab_726/boom/hls_boom/src/boom_core_merged.cpp:2230:25)
INFO: [HLS 200-472] Inferring partial write operation for 'temp.valid' (/home/lab_726/boom/hls_boom/include/boom_types.hpp:177:24)
INFO: [HLS 200-472] Inferring partial write operation for 'temp.request' (/home/lab_726/boom/hls_boom/include/boom_types.hpp:177:38)
INFO: [HLS 200-472] Inferring partial write operation for 'temp.granted' (/home/lab_726/boom/hls_boom/include/boom_types.hpp:177:54)
INFO: [HLS 200-472] Inferring partial write operation for 'temp.killed' (/home/lab_726/boom/hls_boom/include/boom_types.hpp:177:70)
INFO: [HLS 200-472] Inferring partial write operation for 'temp.pdst_busy' (/home/lab_726/boom/hls_boom/include/boom_types.hpp:178:9)
INFO: [HLS 200-472] Inferring partial write operation for 'temp.prs1_busy' (/home/lab_726/boom/hls_boom/include/boom_types.hpp:178:27)
INFO: [HLS 200-472] Inferring partial write operation for 'temp.prs2_busy' (/home/lab_726/boom/hls_boom/include/boom_types.hpp:178:45)
INFO: [HLS 200-472] Inferring partial write operation for 'temp.prs3_busy' (/home/lab_726/boom/hls_boom/include/boom_types.hpp:178:63)
INFO: [HLS 200-472] Inferring partial write operation for 'temp.uop.uopc' (/home/lab_726/boom/hls_boom/include/boom_types.hpp:82:21)
INFO: [HLS 200-472] Inferring partial write operation for 'temp.uop.inst' (/home/lab_726/boom/hls_boom/include/boom_types.hpp:82:29)
INFO: [HLS 200-472] Inferring partial write operation for 'temp.uop.debug_inst' (/home/lab_726/boom/hls_boom/include/boom_types.hpp:82:43)
INFO: [HLS 200-472] Inferring partial write operation for 'temp.uop.is_rvc' (/home/lab_726/boom/hls_boom/include/boom_types.hpp:82:53)
INFO: [HLS 200-472] Inferring partial write operation for 'temp.uop.debug_pc' (/home/lab_726/boom/hls_boom/include/boom_types.hpp:82:69)
INFO: [HLS 200-472] Inferring partial write operation for 'temp.uop.iq_type' (/home/lab_726/boom/hls_boom/include/boom_types.hpp:82:80)
INFO: [HLS 200-472] Inferring partial write operation for 'temp.uop.fu_code' (/home/lab_726/boom/hls_boom/include/boom_types.hpp:82:91)
INFO: [HLS 200-472] Inferring partial write operation for 'temp.uop.ctrl.br_type' (/home/lab_726/boom/hls_boom/include/boom_types.hpp:83:13)
INFO: [HLS 200-472] Inferring partial write operation for 'temp.uop.iw_state' (/home/lab_726/boom/hls_boom/include/boom_types.hpp:83:26)
INFO: [HLS 200-472] Inferring partial write operation for 'temp.uop.iw_p2_poisoned' (/home/lab_726/boom/hls_boom/include/boom_types.hpp:83:59)
INFO: [HLS 200-472] Inferring partial write operation for 'temp.uop.iw_p1_poisoned' (/home/lab_726/boom/hls_boom/include/boom_types.hpp:83:44)
INFO: [HLS 200-472] Inferring partial write operation for 'temp.uop.branch.br_mask' (/home/lab_726/boom/hls_boom/include/boom_types.hpp:83:73)
INFO: [HLS 200-472] Inferring partial write operation for 'temp.uop.imm_packed' (/home/lab_726/boom/hls_boom/include/boom_types.hpp:83:88)
INFO: [HLS 200-472] Inferring partial write operation for 'temp.uop.csr_addr' (/home/lab_726/boom/hls_boom/include/boom_types.hpp:83:100)
INFO: [HLS 200-472] Inferring partial write operation for 'temp.uop.queue.rob_idx' (/home/lab_726/boom/hls_boom/include/boom_types.hpp:84:14)
INFO: [HLS 200-472] Inferring partial write operation for 'temp.uop.rename.ldst' (/home/lab_726/boom/hls_boom/include/boom_types.hpp:84:25)
INFO: [HLS 200-472] Inferring partial write operation for 'temp.uop.exception' (/home/lab_726/boom/hls_boom/include/boom_types.hpp:84:39)
INFO: [HLS 200-472] Inferring partial write operation for 'temp.uop.exc_cause' (/home/lab_726/boom/hls_boom/include/boom_types.hpp:84:56)
INFO: [HLS 200-472] Inferring partial write operation for 'temp.uop.bypassable' (/home/lab_726/boom/hls_boom/include/boom_types.hpp:84:70)
INFO: [HLS 200-472] Inferring partial write operation for 'temp.uop.mem.mem_cmd' (/home/lab_726/boom/hls_boom/include/boom_types.hpp:84:81)
INFO: [HLS 200-472] Inferring partial write operation for 'temp.uop.flush_on_commit' (/home/lab_726/boom/hls_boom/include/boom_types.hpp:85:48)
INFO: [HLS 200-472] Inferring partial write operation for 'temp.uop.is_unique' (/home/lab_726/boom/hls_boom/include/boom_types.hpp:85:32)
INFO: [HLS 200-472] Inferring partial write operation for 'temp.uop.is_sys_pc2epc' (/home/lab_726/boom/hls_boom/include/boom_types.hpp:85:22)
INFO: [HLS 200-472] Inferring partial write operation for 'temp.uop.exc.exception' (/home/lab_726/boom/hls_boom/include/boom_types.hpp:85:59)
INFO: [HLS 200-472] Inferring partial write operation for 'temp.uop.debug.debug_fsrc' (/home/lab_726/boom/hls_boom/include/boom_types.hpp:85:69)
INFO: [HLS 200-472] Inferring partial write operation for 'temp.prs1_data' (/home/lab_726/boom/hls_boom/include/boom_types.hpp:179:16)
INFO: [HLS 200-472] Inferring partial write operation for 'temp.prs2_data' (/home/lab_726/boom/hls_boom/include/boom_types.hpp:179:30)
INFO: [HLS 200-472] Inferring partial write operation for 'temp.prs3_data' (/home/lab_726/boom/hls_boom/include/boom_types.hpp:179:44)
INFO: [HLS 200-472] Inferring partial write operation for 'temp.valid' (/home/lab_726/boom/hls_boom/src/boom_core_merged.cpp:2216:69)
INFO: [HLS 200-472] Inferring partial write operation for 'temp.valid' (/home/lab_726/boom/hls_boom/src/boom_core_merged.cpp:2218:56)
INFO: [HLS 200-472] Inferring partial write operation for 'state.issue.alu_iq.entries.valid' (/home/lab_726/boom/hls_boom/src/boom_core_merged.cpp:2219:62)
INFO: [HLS 200-472] Inferring partial write operation for 'state.issue.alu_iq.entries.uop.branch.br_mask' (/home/lab_726/boom/hls_boom/src/boom_core_merged.cpp:2142:24)
INFO: [HLS 200-472] Inferring partial write operation for 'state.lsu.ldq.branch_mask' (/home/lab_726/boom/hls_boom/src/boom_core_merged.cpp:2208:77)
INFO: [HLS 200-472] Inferring partial write operation for 'state.lsu.stq.branch_mask' (/home/lab_726/boom/hls_boom/src/boom_core_merged.cpp:2209:77)
INFO: [HLS 200-472] Inferring partial write operation for 'state.branch_state.tag_valid' (/home/lab_726/boom/hls_boom/src/boom_core_merged.cpp:2178:39)
INFO: [HLS 200-472] Inferring partial write operation for 'state.branch_state.snapshot_valid' (/home/lab_726/boom/hls_boom/src/boom_core_merged.cpp:2179:44)
INFO: [HLS 200-472] Inferring partial write operation for 'state.rob.entries.busy' (/home/lab_726/boom/hls_boom/src/boom_core_merged.cpp:857:20)
INFO: [HLS 200-472] Inferring partial write operation for 'state.rob.entries.exception' (/home/lab_726/boom/hls_boom/src/boom_core_merged.cpp:858:25)
INFO: [HLS 200-472] Inferring partial write operation for 'state.int_rf_bank0' (/home/lab_726/boom/hls_boom/src/boom_core_merged.cpp:1155:34)
INFO: [HLS 200-472] Inferring partial write operation for 'state.int_rf_bank1' (/home/lab_726/boom/hls_boom/src/boom_core_merged.cpp:1160:34)
INFO: [HLS 200-111] Finished Architecture Synthesis: CPU user time: 4.34 seconds. CPU system time: 0.03 seconds. Elapsed time: 4.38 seconds; current allocated memory: 3.602 GB.
INFO: [HLS 200-10] Starting hardware synthesis ...
INFO: [HLS 200-10] Synthesizing 'synth_w4d_oracle_top' ...
INFO: [HLS 200-10] ----------------------------------------------------------------
INFO: [HLS 200-42] -- Implementing module 'completion_is_valid'
INFO: [HLS 200-10] ----------------------------------------------------------------
INFO: [SCHED 204-11] Starting scheduling ...
INFO: [SCHED 204-11] Finished scheduling.
INFO: [HLS 200-111] Finished Scheduling: CPU user time: 2.53 seconds. CPU system time: 0.05 seconds. Elapsed time: 2.62 seconds; current allocated memory: 3.602 GB.
INFO: [BIND 205-100] Starting micro-architecture generation ...
INFO: [BIND 205-101] Performing variable lifetime analysis.
INFO: [BIND 205-101] Exploring resource sharing.
INFO: [BIND 205-101] Binding ...
INFO: [BIND 205-100] Finished micro-architecture generation.
INFO: [HLS 200-111] Finished Binding: CPU user time: 0.05 seconds. CPU system time: 0 seconds. Elapsed time: 0.04 seconds; current allocated memory: 3.602 GB.
INFO: [HLS 200-10] ----------------------------------------------------------------
INFO: [HLS 200-42] -- Implementing module 'clear_resolved_masks_in_state'
INFO: [HLS 200-10] ----------------------------------------------------------------
INFO: [SCHED 204-11] Starting scheduling ...
INFO: [SCHED 204-11] Finished scheduling.
INFO: [HLS 200-111] Finished Scheduling: CPU user time: 0.11 seconds. CPU system time: 0.01 seconds. Elapsed time: 0.1 seconds; current allocated memory: 3.602 GB.
INFO: [BIND 205-100] Starting micro-architecture generation ...
INFO: [BIND 205-101] Performing variable lifetime analysis.
INFO: [BIND 205-101] Exploring resource sharing.
INFO: [BIND 205-101] Binding ...
INFO: [BIND 205-100] Finished micro-architecture generation.
INFO: [HLS 200-111] Finished Binding: CPU user time: 0.06 seconds. CPU system time: 0 seconds. Elapsed time: 0.05 seconds; current allocated memory: 3.602 GB.
INFO: [HLS 200-10] ----------------------------------------------------------------
INFO: [HLS 200-42] -- Implementing module 'compact_issue_queue'
INFO: [HLS 200-10] ----------------------------------------------------------------
INFO: [SCHED 204-11] Starting scheduling ...
INFO: [SCHED 204-11] Finished scheduling.
INFO: [HLS 200-111] Finished Scheduling: CPU user time: 0.35 seconds. CPU system time: 0 seconds. Elapsed time: 0.35 seconds; current allocated memory: 3.602 GB.
INFO: [BIND 205-100] Starting micro-architecture generation ...
INFO: [BIND 205-101] Performing variable lifetime analysis.
INFO: [BIND 205-101] Exploring resource sharing.
INFO: [BIND 205-101] Binding ...
INFO: [BIND 205-100] Finished micro-architecture generation.
INFO: [HLS 200-111] Finished Binding: CPU user time: 0.16 seconds. CPU system time: 0 seconds. Elapsed time: 0.16 seconds; current allocated memory: 3.602 GB.
INFO: [HLS 200-10] ----------------------------------------------------------------
INFO: [HLS 200-42] -- Implementing module 'kill_issue_state'
INFO: [HLS 200-10] ----------------------------------------------------------------
INFO: [SCHED 204-11] Starting scheduling ...
INFO: [SCHED 204-11] Finished scheduling.
INFO: [HLS 200-111] Finished Scheduling: CPU user time: 0.15 seconds. CPU system time: 0.01 seconds. Elapsed time: 0.16 seconds; current allocated memory: 3.602 GB.
INFO: [BIND 205-100] Starting micro-architecture generation ...
INFO: [BIND 205-101] Performing variable lifetime analysis.
INFO: [BIND 205-101] Exploring resource sharing.
INFO: [BIND 205-101] Binding ...
INFO: [BIND 205-100] Finished micro-architecture generation.
INFO: [HLS 200-111] Finished Binding: CPU user time: 0.05 seconds. CPU system time: 0 seconds. Elapsed time: 0.05 seconds; current allocated memory: 3.602 GB.
INFO: [HLS 200-10] ----------------------------------------------------------------
INFO: [HLS 200-42] -- Implementing module 'kill_execute_state'
INFO: [HLS 200-10] ----------------------------------------------------------------
INFO: [SCHED 204-11] Starting scheduling ...
INFO: [SCHED 204-11] Finished scheduling.
INFO: [HLS 200-111] Finished Scheduling: CPU user time: 0.1 seconds. CPU system time: 0 seconds. Elapsed time: 0.1 seconds; current allocated memory: 3.602 GB.
INFO: [BIND 205-100] Starting micro-architecture generation ...
INFO: [BIND 205-101] Performing variable lifetime analysis.
INFO: [BIND 205-101] Exploring resource sharing.
INFO: [BIND 205-101] Binding ...
INFO: [BIND 205-100] Finished micro-architecture generation.
INFO: [HLS 200-111] Finished Binding: CPU user time: 0.04 seconds. CPU system time: 0 seconds. Elapsed time: 0.04 seconds; current allocated memory: 3.602 GB.
INFO: [HLS 200-10] ----------------------------------------------------------------
INFO: [HLS 200-42] -- Implementing module 'kill_lsu_state'
INFO: [HLS 200-10] ----------------------------------------------------------------
INFO: [SCHED 204-11] Starting scheduling ...
INFO: [SCHED 204-11] Finished scheduling.
INFO: [HLS 200-111] Finished Scheduling: CPU user time: 0.16 seconds. CPU system time: 0.01 seconds. Elapsed time: 0.16 seconds; current allocated memory: 3.602 GB.
INFO: [BIND 205-100] Starting micro-architecture generation ...
INFO: [BIND 205-101] Performing variable lifetime analysis.
INFO: [BIND 205-101] Exploring resource sharing.
INFO: [BIND 205-101] Binding ...
INFO: [BIND 205-100] Finished micro-architecture generation.
INFO: [HLS 200-111] Finished Binding: CPU user time: 0.09 seconds. CPU system time: 0 seconds. Elapsed time: 0.09 seconds; current allocated memory: 3.602 GB.
INFO: [HLS 200-10] ----------------------------------------------------------------
INFO: [HLS 200-42] -- Implementing module 'kill_rob_younger_than'
INFO: [HLS 200-10] ----------------------------------------------------------------
INFO: [SCHED 204-11] Starting scheduling ...
INFO: [SCHED 204-11] Finished scheduling.
INFO: [HLS 200-111] Finished Scheduling: CPU user time: 0.11 seconds. CPU system time: 0 seconds. Elapsed time: 0.11 seconds; current allocated memory: 3.602 GB.
INFO: [BIND 205-100] Starting micro-architecture generation ...
INFO: [BIND 205-101] Performing variable lifetime analysis.
INFO: [BIND 205-101] Exploring resource sharing.
INFO: [BIND 205-101] Binding ...
INFO: [BIND 205-100] Finished micro-architecture generation.
INFO: [HLS 200-111] Finished Binding: CPU user time: 0.03 seconds. CPU system time: 0 seconds. Elapsed time: 0.03 seconds; current allocated memory: 3.602 GB.
INFO: [HLS 200-10] ----------------------------------------------------------------
INFO: [HLS 200-42] -- Implementing module 'recover_mispredict'
INFO: [HLS 200-10] ----------------------------------------------------------------
INFO: [SCHED 204-11] Starting scheduling ...
INFO: [SCHED 204-11] Finished scheduling.
INFO: [HLS 200-111] Finished Scheduling: CPU user time: 0.09 seconds. CPU system time: 0 seconds. Elapsed time: 0.09 seconds; current allocated memory: 3.602 GB.
INFO: [BIND 205-100] Starting micro-architecture generation ...
INFO: [BIND 205-101] Performing variable lifetime analysis.
INFO: [BIND 205-101] Exploring resource sharing.
INFO: [BIND 205-101] Binding ...
INFO: [BIND 205-100] Finished micro-architecture generation.
INFO: [HLS 200-111] Finished Binding: CPU user time: 0.15 seconds. CPU system time: 0 seconds. Elapsed time: 0.15 seconds; current allocated memory: 3.602 GB.
INFO: [HLS 200-10] ----------------------------------------------------------------
INFO: [HLS 200-42] -- Implementing module 'branch_complete_event'
INFO: [HLS 200-10] ----------------------------------------------------------------
INFO: [SCHED 204-11] Starting scheduling ...
INFO: [SCHED 204-11] Finished scheduling.
INFO: [HLS 200-111] Finished Scheduling: CPU user time: 0.25 seconds. CPU system time: 0 seconds. Elapsed time: 0.26 seconds; current allocated memory: 3.602 GB.
INFO: [BIND 205-100] Starting micro-architecture generation ...
INFO: [BIND 205-101] Performing variable lifetime analysis.
INFO: [BIND 205-101] Exploring resource sharing.
INFO: [BIND 205-101] Binding ...
INFO: [BIND 205-100] Finished micro-architecture generation.
INFO: [HLS 200-111] Finished Binding: CPU user time: 0.12 seconds. CPU system time: 0 seconds. Elapsed time: 0.12 seconds; current allocated memory: 3.602 GB.
INFO: [HLS 200-10] ----------------------------------------------------------------
INFO: [HLS 200-42] -- Implementing module 'lsu_accept_completion'
INFO: [HLS 200-10] ----------------------------------------------------------------
INFO: [SCHED 204-11] Starting scheduling ...
INFO: [SCHED 204-11] Finished scheduling.
INFO: [HLS 200-111] Finished Scheduling: CPU user time: 0.29 seconds. CPU system time: 0.01 seconds. Elapsed time: 0.28 seconds; current allocated memory: 3.602 GB.
INFO: [BIND 205-100] Starting micro-architecture generation ...
INFO: [BIND 205-101] Performing variable lifetime analysis.
INFO: [BIND 205-101] Exploring resource sharing.
INFO: [BIND 205-101] Binding ...
INFO: [BIND 205-100] Finished micro-architecture generation.
INFO: [HLS 200-111] Finished Binding: CPU user time: 0.03 seconds. CPU system time: 0 seconds. Elapsed time: 0.04 seconds; current allocated memory: 3.602 GB.
INFO: [HLS 200-10] ----------------------------------------------------------------
INFO: [HLS 200-42] -- Implementing module 'reclaim_ldq'
INFO: [HLS 200-10] ----------------------------------------------------------------
INFO: [SCHED 204-11] Starting scheduling ...
INFO: [SCHED 204-11] Finished scheduling.
INFO: [HLS 200-111] Finished Scheduling: CPU user time: 0.08 seconds. CPU system time: 0 seconds. Elapsed time: 0.08 seconds; current allocated memory: 3.602 GB.
INFO: [BIND 205-100] Starting micro-architecture generation ...
INFO: [BIND 205-101] Performing variable lifetime analysis.
INFO: [BIND 205-101] Exploring resource sharing.
INFO: [BIND 205-101] Binding ...
INFO: [BIND 205-100] Finished micro-architecture generation.
INFO: [HLS 200-111] Finished Binding: CPU user time: 0.06 seconds. CPU system time: 0 seconds. Elapsed time: 0.06 seconds; current allocated memory: 3.602 GB.
INFO: [HLS 200-10] ----------------------------------------------------------------
INFO: [HLS 200-42] -- Implementing module 'apply_writeback_ports'
INFO: [HLS 200-10] ----------------------------------------------------------------
INFO: [SCHED 204-11] Starting scheduling ...
INFO: [SCHED 204-61] Pipelining function 'apply_writeback_ports'.
INFO: [HLS 200-1470] Pipelining result : Target II = 1, Final II = 1, Depth = 1, function 'apply_writeback_ports'
INFO: [SCHED 204-11] Finished scheduling.
INFO: [HLS 200-111] Finished Scheduling: CPU user time: 0.07 seconds. CPU system time: 0 seconds. Elapsed time: 0.07 seconds; current allocated memory: 3.602 GB.
INFO: [BIND 205-100] Starting micro-architecture generation ...
INFO: [BIND 205-101] Performing variable lifetime analysis.
INFO: [BIND 205-101] Exploring resource sharing.
INFO: [BIND 205-101] Binding ...
INFO: [BIND 205-100] Finished micro-architecture generation.
INFO: [HLS 200-111] Finished Binding: CPU user time: 0.02 seconds. CPU system time: 0 seconds. Elapsed time: 0.02 seconds; current allocated memory: 3.602 GB.
INFO: [HLS 200-10] ----------------------------------------------------------------
INFO: [HLS 200-42] -- Implementing module 'service_pending'
INFO: [HLS 200-10] ----------------------------------------------------------------
INFO: [SCHED 204-11] Starting scheduling ...
INFO: [SCHED 204-11] Finished scheduling.
INFO: [HLS 200-111] Finished Scheduling: CPU user time: 0.22 seconds. CPU system time: 0.01 seconds. Elapsed time: 0.22 seconds; current allocated memory: 3.602 GB.
INFO: [BIND 205-100] Starting micro-architecture generation ...
INFO: [BIND 205-101] Performing variable lifetime analysis.
INFO: [BIND 205-101] Exploring resource sharing.
INFO: [BIND 205-101] Binding ...
INFO: [BIND 205-100] Finished micro-architecture generation.
INFO: [HLS 200-111] Finished Binding: CPU user time: 0.27 seconds. CPU system time: 0 seconds. Elapsed time: 0.28 seconds; current allocated memory: 3.602 GB.
INFO: [HLS 200-10] ----------------------------------------------------------------
INFO: [HLS 200-42] -- Implementing module 'begin_completion_cycle'
INFO: [HLS 200-10] ----------------------------------------------------------------
INFO: [SCHED 204-11] Starting scheduling ...
INFO: [SCHED 204-11] Finished scheduling.
INFO: [HLS 200-111] Finished Scheduling: CPU user time: 1.02 seconds. CPU system time: 0 seconds. Elapsed time: 1.01 seconds; current allocated memory: 3.602 GB.
INFO: [BIND 205-100] Starting micro-architecture generation ...
INFO: [BIND 205-101] Performing variable lifetime analysis.
INFO: [BIND 205-101] Exploring resource sharing.
INFO: [BIND 205-101] Binding ...
INFO: [BIND 205-100] Finished micro-architecture generation.
INFO: [HLS 200-111] Finished Binding: CPU user time: 0.62 seconds. CPU system time: 0 seconds. Elapsed time: 0.63 seconds; current allocated memory: 3.602 GB.
INFO: [HLS 200-10] ----------------------------------------------------------------
INFO: [HLS 200-42] -- Implementing module 'synth_w4d_oracle_top'
INFO: [HLS 200-10] ----------------------------------------------------------------
INFO: [SCHED 204-11] Starting scheduling ...
INFO: [SCHED 204-11] Finished scheduling.
INFO: [HLS 200-111] Finished Scheduling: CPU user time: 4.3 seconds. CPU system time: 0.02 seconds. Elapsed time: 4.32 seconds; current allocated memory: 3.602 GB.
INFO: [BIND 205-100] Starting micro-architecture generation ...
INFO: [BIND 205-101] Performing variable lifetime analysis.
INFO: [BIND 205-101] Exploring resource sharing.
INFO: [BIND 205-101] Binding ...
INFO: [BIND 205-100] Finished micro-architecture generation.
INFO: [HLS 200-111] Finished Binding: CPU user time: 1.44 seconds. CPU system time: 0.01 seconds. Elapsed time: 1.45 seconds; current allocated memory: 3.602 GB.
INFO: [HLS 200-10] ----------------------------------------------------------------
INFO: [HLS 200-10] -- Generating RTL for module 'completion_is_valid'
INFO: [HLS 200-10] ----------------------------------------------------------------
INFO: [RTGEN 206-100] Finished creating RTL model for 'completion_is_valid'.
INFO: [HLS 200-111] Finished Creating RTL model: CPU user time: 1.55 seconds. CPU system time: 0.01 seconds. Elapsed time: 1.55 seconds; current allocated memory: 3.602 GB.
INFO: [HLS 200-10] ----------------------------------------------------------------
INFO: [HLS 200-10] -- Generating RTL for module 'clear_resolved_masks_in_state'
INFO: [HLS 200-10] ----------------------------------------------------------------
INFO: [RTGEN 206-100] Generating core module 'mux_32_8_1_1': 4 instance(s).
INFO: [RTGEN 206-100] Finished creating RTL model for 'clear_resolved_masks_in_state'.
INFO: [HLS 200-111] Finished Creating RTL model: CPU user time: 0.16 seconds. CPU system time: 0 seconds. Elapsed time: 0.16 seconds; current allocated memory: 3.602 GB.
INFO: [HLS 200-10] ----------------------------------------------------------------
INFO: [HLS 200-10] -- Generating RTL for module 'compact_issue_queue'
INFO: [HLS 200-10] ----------------------------------------------------------------
INFO: [RTGEN 206-100] Finished creating RTL model for 'compact_issue_queue'.
INFO: [HLS 200-111] Finished Creating RTL model: CPU user time: 0.21 seconds. CPU system time: 0 seconds. Elapsed time: 0.21 seconds; current allocated memory: 3.602 GB.
INFO: [HLS 200-10] ----------------------------------------------------------------
INFO: [HLS 200-10] -- Generating RTL for module 'kill_issue_state'
INFO: [HLS 200-10] ----------------------------------------------------------------
INFO: [RTGEN 206-100] Generating core module 'mux_32_1_1_1': 1 instance(s).
INFO: [RTGEN 206-100] Generating core module 'mux_32_8_1_1': 1 instance(s).
INFO: [RTGEN 206-100] Finished creating RTL model for 'kill_issue_state'.
INFO: [HLS 200-111] Finished Creating RTL model: CPU user time: 0.36 seconds. CPU system time: 0.02 seconds. Elapsed time: 0.38 seconds; current allocated memory: 3.602 GB.
INFO: [HLS 200-10] ----------------------------------------------------------------
INFO: [HLS 200-10] -- Generating RTL for module 'kill_execute_state'
INFO: [HLS 200-10] ----------------------------------------------------------------
INFO: [RTGEN 206-100] Generating core module 'mux_32_1_1_1': 3 instance(s).
INFO: [RTGEN 206-100] Generating core module 'mux_32_8_1_1': 3 instance(s).
INFO: [RTGEN 206-100] Finished creating RTL model for 'kill_execute_state'.
INFO: [HLS 200-111] Finished Creating RTL model: CPU user time: 0.12 seconds. CPU system time: 0 seconds. Elapsed time: 0.12 seconds; current allocated memory: 3.602 GB.
INFO: [HLS 200-10] ----------------------------------------------------------------
INFO: [HLS 200-10] -- Generating RTL for module 'kill_lsu_state'
INFO: [HLS 200-10] ----------------------------------------------------------------
INFO: [RTGEN 206-100] Finished creating RTL model for 'kill_lsu_state'.
INFO: [HLS 200-111] Finished Creating RTL model: CPU user time: 0.13 seconds. CPU system time: 0.01 seconds. Elapsed time: 0.13 seconds; current allocated memory: 3.602 GB.
INFO: [HLS 200-10] ----------------------------------------------------------------
INFO: [HLS 200-10] -- Generating RTL for module 'kill_rob_younger_than'
INFO: [HLS 200-10] ----------------------------------------------------------------
INFO: [RTGEN 206-100] Finished creating RTL model for 'kill_rob_younger_than'.
INFO: [HLS 200-111] Finished Creating RTL model: CPU user time: 0.21 seconds. CPU system time: 0 seconds. Elapsed time: 0.21 seconds; current allocated memory: 3.602 GB.
INFO: [HLS 200-10] ----------------------------------------------------------------
INFO: [HLS 200-10] -- Generating RTL for module 'recover_mispredict'
INFO: [HLS 200-10] ----------------------------------------------------------------
INFO: [RTGEN 206-100] Generating core module 'mul_3ns_7ns_9_1_1': 1 instance(s).
INFO: [RTGEN 206-100] Generating core module 'mul_8ns_7ns_9_1_1': 1 instance(s).
INFO: [RTGEN 206-100] Finished creating RTL model for 'recover_mispredict'.
INFO: [HLS 200-111] Finished Creating RTL model: CPU user time: 0.1 seconds. CPU system time: 0.01 seconds. Elapsed time: 0.12 seconds; current allocated memory: 3.602 GB.
INFO: [HLS 200-10] ----------------------------------------------------------------
INFO: [HLS 200-10] -- Generating RTL for module 'branch_complete_event'
INFO: [HLS 200-10] ----------------------------------------------------------------
INFO: [RTGEN 206-100] Generating core module 'mul_8ns_7ns_9_1_1': 1 instance(s).
INFO: [RTGEN 206-100] Finished creating RTL model for 'branch_complete_event'.
INFO: [HLS 200-111] Finished Creating RTL model: CPU user time: 0.44 seconds. CPU system time: 0 seconds. Elapsed time: 0.45 seconds; current allocated memory: 3.602 GB.
INFO: [HLS 200-10] ----------------------------------------------------------------
INFO: [HLS 200-10] -- Generating RTL for module 'lsu_accept_completion'
INFO: [HLS 200-10] ----------------------------------------------------------------
INFO: [RTGEN 206-100] Finished creating RTL model for 'lsu_accept_completion'.
INFO: [HLS 200-111] Finished Creating RTL model: CPU user time: 0.37 seconds. CPU system time: 0.01 seconds. Elapsed time: 0.37 seconds; current allocated memory: 3.602 GB.
INFO: [HLS 200-10] ----------------------------------------------------------------
INFO: [HLS 200-10] -- Generating RTL for module 'reclaim_ldq'
INFO: [HLS 200-10] ----------------------------------------------------------------
INFO: [RTGEN 206-100] Finished creating RTL model for 'reclaim_ldq'.
INFO: [HLS 200-111] Finished Creating RTL model: CPU user time: 0.08 seconds. CPU system time: 0 seconds. Elapsed time: 0.07 seconds; current allocated memory: 3.602 GB.
INFO: [HLS 200-10] ----------------------------------------------------------------
INFO: [HLS 200-10] -- Generating RTL for module 'apply_writeback_ports'
INFO: [HLS 200-10] ----------------------------------------------------------------
INFO: [RTGEN 206-100] Finished creating RTL model for 'apply_writeback_ports'.
INFO: [HLS 200-111] Finished Creating RTL model: CPU user time: 0.1 seconds. CPU system time: 0 seconds. Elapsed time: 0.1 seconds; current allocated memory: 3.602 GB.
INFO: [HLS 200-10] ----------------------------------------------------------------
INFO: [HLS 200-10] -- Generating RTL for module 'service_pending'
INFO: [HLS 200-10] ----------------------------------------------------------------
INFO: [RTGEN 206-100] Generating core module 'mux_42_1_1_1': 4 instance(s).
INFO: [RTGEN 206-100] Generating core module 'mux_42_2_1_1': 2 instance(s).
INFO: [RTGEN 206-100] Generating core module 'mux_42_32_1_1': 3 instance(s).
INFO: [RTGEN 206-100] Generating core module 'mux_42_3_1_1': 2 instance(s).
INFO: [RTGEN 206-100] Generating core module 'mux_42_64_1_1': 1 instance(s).
INFO: [RTGEN 206-100] Generating core module 'mux_42_8_1_1': 6 instance(s).
INFO: [RTGEN 206-100] Finished creating RTL model for 'service_pending'.
INFO: [HLS 200-111] Finished Creating RTL model: CPU user time: 0.13 seconds. CPU system time: 0.01 seconds. Elapsed time: 0.14 seconds; current allocated memory: 3.602 GB.
INFO: [HLS 200-10] ----------------------------------------------------------------
INFO: [HLS 200-10] -- Generating RTL for module 'begin_completion_cycle'
INFO: [HLS 200-10] ----------------------------------------------------------------
INFO: [RTGEN 206-100] Generating core module 'mux_32_1_1_1': 6 instance(s).
INFO: [RTGEN 206-100] Generating core module 'mux_42_11_1_1': 4 instance(s).
INFO: [RTGEN 206-100] Generating core module 'mux_42_1_1_1': 4 instance(s).
INFO: [RTGEN 206-100] Generating core module 'mux_42_2_1_1': 4 instance(s).
INFO: [RTGEN 206-100] Generating core module 'mux_42_32_1_1': 7 instance(s).
INFO: [RTGEN 206-100] Generating core module 'mux_42_3_1_1': 7 instance(s).
INFO: [RTGEN 206-100] Generating core module 'mux_42_64_1_1': 2 instance(s).
INFO: [RTGEN 206-100] Generating core module 'mux_42_8_1_1': 23 instance(s).
INFO: [RTGEN 206-100] Finished creating RTL model for 'begin_completion_cycle'.
INFO: [HLS 200-111] Finished Creating RTL model: CPU user time: 0.94 seconds. CPU system time: 0.02 seconds. Elapsed time: 0.97 seconds; current allocated memory: 3.602 GB.
INFO: [HLS 200-10] ----------------------------------------------------------------
INFO: [HLS 200-10] -- Generating RTL for module 'synth_w4d_oracle_top'
INFO: [HLS 200-10] ----------------------------------------------------------------
INFO: [RTGEN 206-500] Setting interface mode on port 'synth_w4d_oracle_top/scenario' to 'ap_none'.
INFO: [RTGEN 206-500] Setting interface mode on port 'synth_w4d_oracle_top/observable' to 'ap_vld'.
INFO: [RTGEN 206-500] Setting interface mode on function 'synth_w4d_oracle_top' to 'ap_ctrl_none'.
WARNING: [RTGEN 206-101] Register 'guard_variable_for_synth_w4d_oracle_top_unsigned_char_unsigned_long_state' is power-on initialization.
WARNING: [RTGEN 206-101] Register 'state_rob_commit_valid' is power-on initialization.
WARNING: [RTGEN 206-101] Register 'state_tohost' is power-on initialization.
WARNING: [RTGEN 206-101] Register 'state_decode_dec_uops_branch_br_mask_0' is power-on initialization.
WARNING: [RTGEN 206-101] Register 'state_rename_int_free_list_head' is power-on initialization.
WARNING: [RTGEN 206-101] Register 'state_rename_int_free_list_tail' is power-on initialization.
WARNING: [RTGEN 206-101] Register 'state_rename_int_free_list_count' is power-on initialization.
WARNING: [RTGEN 206-101] Register 'state_rename_dispatch_packets_uop_branch_br_mask_0' is power-on initialization.
WARNING: [RTGEN 206-101] Register 'state_rob_head' is power-on initialization.
WARNING: [RTGEN 206-101] Register 'state_lsu_ldq_tail' is power-on initialization.
WARNING: [RTGEN 206-101] Register 'state_lsu_ldq_count' is power-on initialization.
WARNING: [RTGEN 206-101] Register 'state_lsu_stq_tail' is power-on initialization.
WARNING: [RTGEN 206-101] Register 'state_lsu_stq_count' is power-on initialization.
WARNING: [RTGEN 206-101] Register 'state_lsu_load_response_pending' is power-on initialization.
WARNING: [RTGEN 206-101] Register 'state_lsu_pending_load_transaction_id' is power-on initialization.
WARNING: [RTGEN 206-101] Register 'state_lsu_pending_load_rob_idx' is power-on initialization.
WARNING: [RTGEN 206-101] Register 'state_lsu_pending_load_allocation_id' is power-on initialization.
WARNING: [RTGEN 206-101] Register 'state_completion_load_response_valid' is power-on initialization.
WARNING: [RTGEN 206-101] Register 'state_completion_load_response_kind' is power-on initialization.
WARNING: [RTGEN 206-101] Register 'state_completion_load_response_uop_branch_br_mask' is power-on initialization.
WARNING: [RTGEN 206-101] Register 'state_completion_load_response_uop_branch_br_tag' is power-on initialization.
WARNING: [RTGEN 206-101] Register 'state_completion_load_response_uop_queue_rob_idx' is power-on initialization.
WARNING: [RTGEN 206-101] Register 'state_completion_load_response_uop_queue_rob_allocation_id' is power-on initialization.
WARNING: [RTGEN 206-101] Register 'state_completion_load_response_uop_rename_pdst' is power-on initialization.
WARNING: [RTGEN 206-101] Register 'state_completion_load_response_writes_prf' is power-on initialization.
WARNING: [RTGEN 206-101] Register 'state_completion_load_response_control_resolved' is power-on initialization.
WARNING: [RTGEN 206-101] Register 'state_completion_load_response_value' is power-on initialization.
WARNING: [RTGEN 206-101] Register 'state_completion_load_response_is_load' is power-on initialization.
WARNING: [RTGEN 206-101] Register 'state_completion_load_response_signed_load' is power-on initialization.
WARNING: [RTGEN 206-101] Register 'state_completion_load_response_memory_address' is power-on initialization.
WARNING: [RTGEN 206-101] Register 'state_completion_load_response_memory_mask' is power-on initialization.
WARNING: [RTGEN 206-101] Register 'state_completion_load_response_memory_size' is power-on initialization.
WARNING: [RTGEN 206-101] Register 'state_completion_load_response_transaction_id' is power-on initialization.
WARNING: [RTGEN 206-101] Register 'state_completion_mem_execute_valid' is power-on initialization.
WARNING: [RTGEN 206-101] Register 'state_completion_mem_execute_kind' is power-on initialization.
WARNING: [RTGEN 206-101] Register 'state_completion_mem_execute_source' is power-on initialization.
WARNING: [RTGEN 206-101] Register 'state_completion_mem_execute_uop_branch_br_mask' is power-on initialization.
WARNING: [RTGEN 206-101] Register 'state_completion_mem_execute_uop_queue_rob_idx' is power-on initialization.
WARNING: [RTGEN 206-101] Register 'state_completion_mem_execute_uop_queue_rob_allocation_id' is power-on initialization.
WARNING: [RTGEN 206-101] Register 'state_completion_mem_execute_uop_rename_pdst' is power-on initialization.
WARNING: [RTGEN 206-101] Register 'state_completion_mem_execute_writes_prf' is power-on initialization.
WARNING: [RTGEN 206-101] Register 'state_completion_mem_execute_control_resolved' is power-on initialization.
WARNING: [RTGEN 206-101] Register 'state_completion_mem_execute_value' is power-on initialization.
WARNING: [RTGEN 206-101] Register 'state_completion_mem_execute_is_store' is power-on initialization.
WARNING: [RTGEN 206-101] Register 'state_completion_int_execute_valid' is power-on initialization.
WARNING: [RTGEN 206-101] Register 'state_completion_int_execute_kind' is power-on initialization.
WARNING: [RTGEN 206-101] Register 'state_completion_int_execute_source' is power-on initialization.
WARNING: [RTGEN 206-101] Register 'state_completion_int_execute_uop_branch_br_mask' is power-on initialization.
WARNING: [RTGEN 206-101] Register 'state_completion_int_execute_uop_queue_rob_idx' is power-on initialization.
WARNING: [RTGEN 206-101] Register 'state_completion_int_execute_uop_queue_rob_allocation_id' is power-on initialization.
WARNING: [RTGEN 206-101] Register 'state_completion_int_execute_uop_rename_pdst' is power-on initialization.
WARNING: [RTGEN 206-101] Register 'state_completion_int_execute_writes_prf' is power-on initialization.
WARNING: [RTGEN 206-101] Register 'state_completion_int_execute_mispredict' is power-on initialization.
WARNING: [RTGEN 206-101] Register 'state_completion_int_execute_control_resolved' is power-on initialization.
WARNING: [RTGEN 206-101] Register 'state_completion_int_execute_value' is power-on initialization.
WARNING: [RTGEN 206-101] Register 'state_completion_completion_accepts_this_cycle' is power-on initialization.
WARNING: [RTGEN 206-101] Register 'state_completion_rob_completes_this_cycle' is power-on initialization.
WARNING: [RTGEN 206-101] Register 'state_completion_prf_writes_this_cycle' is power-on initialization.
WARNING: [RTGEN 206-101] Register 'state_completion_wakeups_this_cycle' is power-on initialization.
WARNING: [RTGEN 206-101] Register 'state_completion_peak_completion_accepts' is power-on initialization.
WARNING: [RTGEN 206-101] Register 'state_completion_peak_rob_completes' is power-on initialization.
WARNING: [RTGEN 206-101] Register 'state_completion_peak_prf_writes' is power-on initialization.
WARNING: [RTGEN 206-101] Register 'state_completion_peak_wakeups' is power-on initialization.
WARNING: [RTGEN 206-101] Register 'state_completion_peak_bypass' is power-on initialization.
WARNING: [RTGEN 206-101] Register 'state_completion_total_completion_accepts' is power-on initialization.
WARNING: [RTGEN 206-101] Register 'state_completion_total_rob_completes' is power-on initialization.
WARNING: [RTGEN 206-101] Register 'state_completion_total_prf_writes' is power-on initialization.
WARNING: [RTGEN 206-101] Register 'state_completion_total_wakeups' is power-on initialization.
WARNING: [RTGEN 206-101] Register 'state_completion_total_bypass' is power-on initialization.
WARNING: [RTGEN 206-101] Register 'state_completion_writeback_fault_valid' is power-on initialization.
WARNING: [RTGEN 206-101] Register 'state_completion_validation_fault_this_cycle' is power-on initialization.
WARNING: [RTGEN 206-101] Register 'state_completion_writeback_conflicts' is power-on initialization.
WARNING: [RTGEN 206-101] Register 'state_completion_writeback_validation_faults' is power-on initialization.
WARNING: [RTGEN 206-101] Register 'state_completion_writeback_fault_events' is power-on initialization.
WARNING: [RTGEN 206-101] Register 'state_completion_writeback_deduplications' is power-on initialization.
WARNING: [RTGEN 206-101] Register 'state_completion_dropped_completions' is power-on initialization.
WARNING: [RTGEN 206-101] Register 'state_completion_dropped_writebacks' is power-on initialization.
WARNING: [RTGEN 206-101] Register 'state_completion_duplicate_writebacks' is power-on initialization.
WARNING: [RTGEN 206-101] Register 'state_completion_wakeup_conflicts' is power-on initialization.
WARNING: [RTGEN 206-101] Register 'state_completion_bypass_conflicts' is power-on initialization.
WARNING: [RTGEN 206-101] Register 'state_branch_state_active_mask' is power-on initialization.
WARNING: [RTGEN 206-101] Register 'state_branch_state_releases' is power-on initialization.
WARNING: [RTGEN 206-101] Register 'state_branch_state_mispredicts' is power-on initialization.
WARNING: [RTGEN 206-101] Register 'state_branch_state_rollbacks' is power-on initialization.
WARNING: [RTGEN 206-101] Register 'state_int_rf_latest_bank' is power-on initialization.
WARNING: [RTGEN 206-101] Register 'state_brupdate_mispredict_mask' is power-on initialization.
WARNING: [RTGEN 206-101] Register 'state_brupdate_br_tag' is power-on initialization.
WARNING: [RTGEN 206-101] Register 'state_brupdate_valid' is power-on initialization.
WARNING: [RTGEN 206-101] Register 'state_brupdate_mispredict' is power-on initialization.
WARNING: [RTGEN 206-101] Register 'state_brupdate_uop_branch_br_mask' is power-on initialization.
WARNING: [RTGEN 206-101] Register 'state_brupdate_uop_queue_rob_idx' is power-on initialization.
WARNING: [RTGEN 206-101] Register 'state_issue_issued_uops_branch_br_mask_0' is power-on initialization.
WARNING: [RTGEN 206-101] Register 'state_issue_issued_uops_branch_br_mask_1' is power-on initialization.
WARNING: [RTGEN 206-101] Register 'state_issue_issued_uops_branch_br_mask_2' is power-on initialization.
WARNING: [RTGEN 206-101] Register 'state_execute_alu_results_valid_0' is power-on initialization.
WARNING: [RTGEN 206-101] Register 'state_execute_alu_results_uop_branch_br_mask_0' is power-on initialization.
WARNING: [RTGEN 206-101] Register 'state_execute_alu_results_uop_queue_rob_idx_0' is power-on initialization.
WARNING: [RTGEN 206-101] Register 'state_execute_alu_results_uop_queue_rob_allocation_id_0' is power-on initialization.
WARNING: [RTGEN 206-101] Register 'state_execute_alu_results_uop_rename_pdst_0' is power-on initialization.
WARNING: [RTGEN 206-101] Register 'state_execute_alu_results_result_0' is power-on initialization.
WARNING: [RTGEN 206-101] Register 'state_execute_alu_results_memory_valid_0' is power-on initialization.
WARNING: [RTGEN 206-101] Register 'state_execute_alu_results_is_store_0' is power-on initialization.
WARNING: [RTGEN 206-101] Register 'state_execute_alu_results_valid_1' is power-on initialization.
WARNING: [RTGEN 206-101] Register 'state_execute_alu_results_uop_branch_br_mask_1' is power-on initialization.
WARNING: [RTGEN 206-101] Register 'state_execute_alu_results_uop_branch_is_br_1' is power-on initialization.
WARNING: [RTGEN 206-101] Register 'state_execute_alu_results_uop_queue_rob_idx_1' is power-on initialization.
WARNING: [RTGEN 206-101] Register 'state_execute_alu_results_uop_queue_rob_allocation_id_1' is power-on initialization.
WARNING: [RTGEN 206-101] Register 'state_execute_alu_results_uop_rename_pdst_1' is power-on initialization.
WARNING: [RTGEN 206-101] Register 'state_execute_alu_results_uop_rename_dst_rtype_1' is power-on initialization.
WARNING: [RTGEN 206-101] Register 'state_execute_alu_results_result_1' is power-on initialization.
WARNING: [RTGEN 206-101] Register 'state_execute_alu_results_mispredict_1' is power-on initialization.
WARNING: [RTGEN 206-101] Register 'state_execute_alu_results_uop_branch_br_mask_2' is power-on initialization.
WARNING: [RTGEN 206-101] Register 'state_completion_writebacks_valid_0' is power-on initialization.
WARNING: [RTGEN 206-101] Register 'state_completion_writebacks_pdst_0' is power-on initialization.
WARNING: [RTGEN 206-101] Register 'state_completion_writebacks_value_0' is power-on initialization.
WARNING: [RTGEN 206-101] Register 'state_completion_writebacks_valid_1' is power-on initialization.
WARNING: [RTGEN 206-101] Register 'state_completion_writebacks_pdst_1' is power-on initialization.
WARNING: [RTGEN 206-101] Register 'state_completion_writebacks_value_1' is power-on initialization.
WARNING: [RTGEN 206-101] Register 'state_completion_wakeups_valid_0' is power-on initialization.
WARNING: [RTGEN 206-101] Register 'state_completion_wakeups_pdst_0' is power-on initialization.
WARNING: [RTGEN 206-101] Register 'state_completion_wakeups_value_0' is power-on initialization.
WARNING: [RTGEN 206-101] Register 'state_completion_wakeups_branch_mask_0' is power-on initialization.
WARNING: [RTGEN 206-101] Register 'state_completion_wakeups_valid_1' is power-on initialization.
WARNING: [RTGEN 206-101] Register 'state_completion_wakeups_pdst_1' is power-on initialization.
WARNING: [RTGEN 206-101] Register 'state_completion_wakeups_value_1' is power-on initialization.
WARNING: [RTGEN 206-101] Register 'state_completion_wakeups_branch_mask_1' is power-on initialization.
WARNING: [RTGEN 206-101] Register 'state_completion_wakeups_valid_2' is power-on initialization.
WARNING: [RTGEN 206-101] Register 'state_completion_wakeups_pdst_2' is power-on initialization.
WARNING: [RTGEN 206-101] Register 'state_completion_wakeups_value_2' is power-on initialization.
WARNING: [RTGEN 206-101] Register 'state_completion_wakeups_branch_mask_2' is power-on initialization.
WARNING: [RTGEN 206-101] Register 'state_completion_bypass_valid_0' is power-on initialization.
WARNING: [RTGEN 206-101] Register 'state_completion_bypass_pdst_0' is power-on initialization.
WARNING: [RTGEN 206-101] Register 'state_completion_bypass_value_0' is power-on initialization.
WARNING: [RTGEN 206-101] Register 'state_completion_bypass_branch_mask_0' is power-on initialization.
WARNING: [RTGEN 206-101] Register 'state_completion_bypass_valid_1' is power-on initialization.
WARNING: [RTGEN 206-101] Register 'state_completion_bypass_pdst_1' is power-on initialization.
WARNING: [RTGEN 206-101] Register 'state_completion_bypass_value_1' is power-on initialization.
WARNING: [RTGEN 206-101] Register 'state_completion_bypass_branch_mask_1' is power-on initialization.
WARNING: [RTGEN 206-101] Register 'state_completion_bypass_valid_2' is power-on initialization.
WARNING: [RTGEN 206-101] Register 'state_completion_bypass_pdst_2' is power-on initialization.
WARNING: [RTGEN 206-101] Register 'state_completion_bypass_value_2' is power-on initialization.
WARNING: [RTGEN 206-101] Register 'state_completion_bypass_branch_mask_2' is power-on initialization.
WARNING: [RTGEN 206-101] Register 'state_completion_wakeup_sent_0' is power-on initialization.
WARNING: [RTGEN 206-101] Register 'state_completion_wakeup_sent_1' is power-on initialization.
WARNING: [RTGEN 206-101] Register 'state_completion_wakeup_sent_2' is power-on initialization.
INFO: [RTGEN 206-100] Generating core module 'mux_32_1_1_1': 3 instance(s).
INFO: [RTGEN 206-100] Generating core module 'mux_32_64_1_1': 2 instance(s).
INFO: [RTGEN 206-100] Generating core module 'mux_32_8_1_1': 2 instance(s).
INFO: [RTGEN 206-100] Finished creating RTL model for 'synth_w4d_oracle_top'.
INFO: [HLS 200-111] Finished Creating RTL model: CPU user time: 3.44 seconds. CPU system time: 0.05 seconds. Elapsed time: 3.48 seconds; current allocated memory: 3.602 GB.
INFO: [RTMG 210-278] Implementing memory 'synth_w4d_oracle_top_compact_issue_queue_temp_valid_RAM_AUTO_1R1W_ram (RAM)' using auto RAMs.
INFO: [RTMG 210-278] Implementing memory 'synth_w4d_oracle_top_compact_issue_queue_temp_uop_uopc_RAM_AUTO_1R1W_ram (RAM)' using auto RAMs.
INFO: [RTMG 210-278] Implementing memory 'synth_w4d_oracle_top_compact_issue_queue_temp_uop_inst_RAM_AUTO_1R1W_ram (RAM)' using auto RAMs.
INFO: [RTMG 210-278] Implementing memory 'synth_w4d_oracle_top_compact_issue_queue_temp_uop_debug_pc_RAM_AUTO_1R1W_ram (RAM)' using auto RAMs.
INFO: [RTMG 210-278] Implementing memory 'synth_w4d_oracle_top_compact_issue_queue_temp_uop_csr_addr_RAM_AUTO_1R1W_ram (RAM)' using auto RAMs.
INFO: [RTMG 210-278] Implementing memory 'synth_w4d_oracle_top_state_rename_int_map_table_map_table_RAM_AUTO_1R1W_ram (RAM)' using auto RAMs with power-on initialization.
INFO: [RTMG 210-278] Implementing memory 'synth_w4d_oracle_top_state_rename_int_map_table_br_snapshots_RAM_AUTO_1R1W_ram (RAM)' using auto RAMs with power-on initialization.
INFO: [RTMG 210-278] Implementing memory 'synth_w4d_oracle_top_state_rename_int_free_list_free_list_RAM_AUTO_1R1W_ram (RAM)' using auto RAMs with power-on initialization.
INFO: [RTMG 210-278] Implementing memory 'synth_w4d_oracle_top_state_issue_alu_iq_entries_valid_RAM_AUTO_1R1W_ram (RAM)' using auto RAMs with power-on initialization.
INFO: [RTMG 210-278] Implementing memory 'synth_w4d_oracle_top_state_issue_alu_iq_entries_uop_uopc_RAM_AUTO_1R1W_ram (RAM)' using auto RAMs with power-on initialization.
INFO: [RTMG 210-278] Implementing memory 'synth_w4d_oracle_top_state_issue_alu_iq_entries_uop_inst_RAM_AUTO_1R1W_ram (RAM)' using auto RAMs with power-on initialization.
INFO: [RTMG 210-278] Implementing memory 'synth_w4d_oracle_top_state_issue_alu_iq_entries_uop_debug_pc_RAM_AUTO_1R1W_ram (RAM)' using auto RAMs with power-on initialization.
INFO: [RTMG 210-278] Implementing memory 'synth_w4d_oracle_top_state_issue_alu_iq_entries_uop_csr_addr_RAM_AUTO_1R1W_ram (RAM)' using auto RAMs with power-on initialization.
INFO: [RTMG 210-278] Implementing memory 'synth_w4d_oracle_top_state_rob_entries_valid_RAM_AUTO_1R1W_ram (RAM)' using auto RAMs with power-on initialization.
INFO: [RTMG 210-278] Implementing memory 'synth_w4d_oracle_top_state_rob_entries_uop_branch_br_mask_RAM_AUTO_1R1W_ram (RAM)' using auto RAMs with power-on initialization.
INFO: [RTMG 210-278] Implementing memory 'synth_w4d_oracle_top_state_rob_entries_uop_branch_br_tag_RAM_AUTO_1R1W_ram (RAM)' using auto RAMs with power-on initialization.
INFO: [RTMG 210-278] Implementing memory 'synth_w4d_oracle_top_state_rob_entries_uop_queue_rob_idx_RAM_AUTO_1R1W_ram (RAM)' using auto RAMs with power-on initialization.
INFO: [RTMG 210-278] Implementing memory 'synth_w4d_oracle_top_state_rob_entries_uop_queue_rob_allocation_id_RAM_AUTO_1R1W_ram (RAM)' using auto RAMs with power-on initialization.
INFO: [RTMG 210-278] Implementing memory 'synth_w4d_oracle_top_state_rob_entries_uop_rename_pdst_RAM_AUTO_1R1W_ram (RAM)' using auto RAMs with power-on initialization.
INFO: [RTMG 210-278] Implementing memory 'synth_w4d_oracle_top_state_rob_entries_uop_rename_dst_rtype_RAM_AUTO_1R1W_ram (RAM)' using auto RAMs with power-on initialization.
INFO: [RTMG 210-278] Implementing memory 'synth_w4d_oracle_top_state_rob_entries_memory_address_RAM_AUTO_1R1W_ram (RAM)' using auto RAMs with power-on initialization.
INFO: [RTMG 210-278] Implementing memory 'synth_w4d_oracle_top_state_rob_entries_memory_mask_RAM_AUTO_1R1W_ram (RAM)' using auto RAMs with power-on initialization.
INFO: [RTMG 210-278] Implementing memory 'synth_w4d_oracle_top_state_rob_entries_memory_transaction_id_RAM_AUTO_1R1W_ram (RAM)' using auto RAMs with power-on initialization.
INFO: [RTMG 210-278] Implementing memory 'synth_w4d_oracle_top_state_branch_state_br_alloc_lists_RAM_AUTO_1R1W_ram (RAM)' using auto RAMs with power-on initialization.
INFO: [RTMG 210-278] Implementing memory 'synth_w4d_oracle_top_state_int_rf_bank0_RAM_AUTO_1R1W_ram (RAM)' using auto RAMs with power-on initialization.
INFO: [HLS 200-111] Finished Generating all RTL models: CPU user time: 4.27 seconds. CPU system time: 0.11 seconds. Elapsed time: 4.39 seconds; current allocated memory: 3.602 GB.
INFO: [HLS 200-111] Finished Updating report files: CPU user time: 2.8 seconds. CPU system time: 0.03 seconds. Elapsed time: 2.83 seconds; current allocated memory: 3.602 GB.
INFO: [VHDL 208-304] Generating VHDL RTL for synth_w4d_oracle_top.
INFO: [VLOG 209-307] Generating Verilog RTL for synth_w4d_oracle_top.
INFO: [HLS 200-790] **** Loop Constraint Status: All loop constraints were satisfied.
INFO: [HLS 200-789] **** Estimated Fmax: 182.68 MHz
INFO: [HLS 200-111] Finished Command csynth_design CPU user time: 335.86 seconds. CPU system time: 3.52 seconds. Elapsed time: 338.92 seconds; current allocated memory: 2.281 GB.
INFO: [HLS 200-112] Total CPU user time: 337.27 seconds. Total CPU system time: 3.95 seconds. Total elapsed time: 340.12 seconds; peak allocated memory: 3.850 GB.
INFO: [Common 17-206] Exiting vitis_hls at Tue Aug 11 19:06:02 2026...
