

================================================================
== Vitis HLS Report for 'decode_module'
================================================================
* Date:           Fri Jul 31 19:23:34 2026

* Version:        2021.2 (Build 3367213 on Tue Oct 19 02:47:39 MDT 2021)
* Project:        boom_core_top
* Solution:       solution_w3_csynth (Vivado IP Flow Target)
* Product family: zynquplus
* Target device:  xczu7ev-ffvc1156-2-e


================================================================
== Performance Estimates
================================================================
+ Timing: 
    * Summary: 
    +--------+----------+----------+------------+
    |  Clock |  Target  | Estimated| Uncertainty|
    +--------+----------+----------+------------+
    |ap_clk  |  10.00 ns|  3.023 ns|     2.70 ns|
    +--------+----------+----------+------------+

+ Latency: 
    * Summary: 
    +---------+---------+----------+----------+-----+-----+---------+
    |  Latency (cycles) |  Latency (absolute) |  Interval | Pipeline|
    |   min   |   max   |    min   |    max   | min | max |   Type  |
    +---------+---------+----------+----------+-----+-----+---------+
    |        0|        0|      0 ns|      0 ns|    0|    0|       no|
    +---------+---------+----------+----------+-----+-----+---------+

    + Detail: 
        * Instance: 
        N/A

        * Loop: 
        N/A



================================================================
== Utilization Estimates
================================================================
* Summary: 
+-----------------+---------+------+--------+--------+-----+
|       Name      | BRAM_18K|  DSP |   FF   |   LUT  | URAM|
+-----------------+---------+------+--------+--------+-----+
|DSP              |        -|     -|       -|       -|    -|
|Expression       |        -|     -|       0|     251|    -|
|FIFO             |        -|     -|       -|       -|    -|
|Instance         |        -|     -|       -|       -|    -|
|Memory           |        -|     -|       -|       -|    -|
|Multiplexer      |        -|     -|       -|    1090|    -|
|Register         |        -|     -|       -|       -|    -|
+-----------------+---------+------+--------+--------+-----+
|Total            |        0|     0|       0|    1341|    0|
+-----------------+---------+------+--------+--------+-----+
|Available        |      624|  1728|  460800|  230400|   96|
+-----------------+---------+------+--------+--------+-----+
|Utilization (%)  |        0|     0|       0|      ~0|    0|
+-----------------+---------+------+--------+--------+-----+

+ Detail: 
    * Instance: 
    N/A

    * DSP: 
    N/A

    * Memory: 
    N/A

    * FIFO: 
    N/A

    * Expression: 
    +-----------------------------------+----------+----+---+----+------------+------------+
    |           Variable Name           | Operation| DSP| FF| LUT| Bitwidth P0| Bitwidth P1|
    +-----------------------------------+----------+----+---+----+------------+------------+
    |add_ln230_fu_4356_p2               |         +|   0|  0|  15|           8|           3|
    |ap_condition_1486                  |       and|   0|  0|   2|           1|           1|
    |ap_condition_1491                  |       and|   0|  0|   2|           1|           1|
    |ap_condition_1516                  |       and|   0|  0|   2|           1|           1|
    |ap_condition_1519                  |       and|   0|  0|   2|           1|           1|
    |ap_condition_1522                  |       and|   0|  0|   2|           1|           1|
    |ap_condition_1525                  |       and|   0|  0|   2|           1|           1|
    |ap_condition_1528                  |       and|   0|  0|   2|           1|           1|
    |ap_condition_1531                  |       and|   0|  0|   2|           1|           1|
    |ap_condition_1537                  |       and|   0|  0|   2|           1|           1|
    |ap_condition_1540                  |       and|   0|  0|   2|           1|           1|
    |ap_condition_1543                  |       and|   0|  0|   2|           1|           1|
    |ap_condition_1546                  |       and|   0|  0|   2|           1|           1|
    |ap_condition_1549                  |       and|   0|  0|   2|           1|           1|
    |ap_condition_1557                  |       and|   0|  0|   2|           1|           1|
    |ap_condition_1561                  |       and|   0|  0|   2|           1|           1|
    |ap_condition_84                    |       and|   0|  0|   2|           1|           1|
    |grp_fu_4205_p2                     |      icmp|   0|  0|   8|           3|           1|
    |grp_fu_4210_p2                     |      icmp|   0|  0|  10|           7|           1|
    |grp_fu_4222_p2                     |      icmp|   0|  0|   9|           5|           1|
    |icmp_ln197_fu_4659_p2              |      icmp|   0|  0|  12|          13|           1|
    |icmp_ln201_fu_4759_p2              |      icmp|   0|  0|  15|          21|           1|
    |icmp_ln293_fu_4466_p2              |      icmp|   0|  0|  10|           7|           1|
    |icmp_ln297_fu_4388_p2              |      icmp|   0|  0|  10|           7|           6|
    |uop_is_sys_pc2epc_fu_4408_p2       |      icmp|   0|  0|  12|          12|           1|
    |or_ln311_fu_4394_p2                |        or|   0|  0|   5|           5|           5|
    |grp_fu_4227_p3                     |    select|   0|  0|   3|           1|           1|
    |select_ln214_1_fu_4439_p3          |    select|   0|  0|   7|           1|           7|
    |select_ln214_fu_4490_p3            |    select|   0|  0|   5|           1|           5|
    |select_ln283_fu_4529_p3            |    select|   0|  0|   6|           1|           6|
    |select_ln290_fu_4508_p3            |    select|   0|  0|   6|           1|           6|
    |select_ln297_fu_4481_p3            |    select|   0|  0|   2|           1|           2|
    |select_ln300_fu_4472_p3            |    select|   0|  0|   4|           1|           4|
    |select_ln305_fu_4457_p3            |    select|   0|  0|   4|           1|           4|
    |select_ln307_fu_4448_p3            |    select|   0|  0|   4|           1|           4|
    |select_ln311_fu_4421_p3            |    select|   0|  0|   2|           1|           2|
    |uop_exc_cause_fu_4430_p3           |    select|   0|  0|   4|           1|           4|
    |v_10_fu_4781_p3                    |    select|   0|  0|  21|           1|          22|
    |v_12_fu_4681_p3                    |    select|   0|  0|  14|           1|          14|
    |v_13_fu_4576_p3                    |    select|   0|  0|  29|           1|          29|
    |uop_rename_dst_rtype_3_fu_4415_p2  |       xor|   0|  0|   2|           1|           2|
    +-----------------------------------+----------+----+---+----+------------+------------+
    |Total                              |          |   0|  0| 251|         119|         149|
    +-----------------------------------+----------+----+---+----+------------+------------+

    * Multiplexer: 
    +------------------------------------------------------------+-----+-----------+-----+-----------+
    |                            Name                            | LUT | Input Size| Bits| Total Bits|
    +------------------------------------------------------------+-----+-----------+-----+-----------+
    |ap_phi_mux_empty_phi_fu_3514_p18                            |   14|          3|    1|          3|
    |ap_phi_mux_p_02366128_phi_fu_3546_p18                       |   20|          4|    8|         32|
    |ap_phi_mux_p_02366_ph_phi_fu_3361_p104                      |  235|         53|    8|        424|
    |ap_phi_mux_p_11_61376118_phi_fu_3865_p18                    |   20|          4|    1|          4|
    |ap_phi_mux_p_11_61376_ph_phi_fu_1753_p104                   |   14|          3|    1|          3|
    |ap_phi_mux_p_11_71277117_phi_fu_3897_p18                    |   14|          3|    1|          3|
    |ap_phi_mux_p_11_71277_ph_phi_fu_1592_p104                   |   14|          3|    1|          3|
    |ap_phi_mux_p_11_81178116_phi_fu_3929_p18                    |   14|          3|    1|          3|
    |ap_phi_mux_p_11_81178_ph_phi_fu_1431_p104                   |   14|          3|    1|          3|
    |ap_phi_mux_p_19_11079115_phi_fu_3961_p18                    |   14|          3|    2|          6|
    |ap_phi_mux_p_19_11079_ph_phi_fu_1270_p104                   |   26|          5|    2|         10|
    |ap_phi_mux_p_19_2980114_phi_fu_3993_p18                     |   20|          4|    1|          4|
    |ap_phi_mux_p_19_2980_ph_phi_fu_1109_p104                    |   14|          3|    1|          3|
    |ap_phi_mux_p_19_61574120_phi_fu_3801_p18                    |   20|          4|    1|          4|
    |ap_phi_mux_p_19_61574_ph_phi_fu_2075_p104                   |   14|          3|    1|          3|
    |ap_phi_mux_p_19_71475119_phi_fu_3833_p18                    |   20|          4|    1|          4|
    |ap_phi_mux_p_19_71475_ph_phi_fu_1914_p104                   |   14|          3|    1|          3|
    |ap_phi_mux_p_52267127_phi_fu_3577_p18                       |   20|          4|    1|          4|
    |ap_phi_mux_p_52267_ph_phi_fu_3200_p104                      |   14|          3|    1|          3|
    |ap_phi_mux_p_62168126_phi_fu_3609_p18                       |   31|          6|    3|         18|
    |ap_phi_mux_p_62168_ph_phi_fu_3039_p104                      |   26|          5|    3|         15|
    |ap_phi_mux_p_7_02069125_phi_fu_3641_p18                     |   14|          3|    4|         12|
    |ap_phi_mux_p_7_02069_ph_phi_fu_2880_p104                    |   49|          9|    4|         36|
    |ap_phi_mux_p_7_11970124_phi_fu_3673_p18                     |   14|          3|    2|          6|
    |ap_phi_mux_p_7_11970_ph_phi_fu_2719_p104                    |   20|          4|    2|          8|
    |ap_phi_mux_p_7_21871123_phi_fu_3705_p18                     |   26|          5|    2|         10|
    |ap_phi_mux_p_7_21871_ph_phi_fu_2558_p104                    |   26|          5|    2|         10|
    |ap_phi_mux_p_7_51772122_phi_fu_3737_p18                     |   20|          4|    1|          4|
    |ap_phi_mux_p_7_51772_ph_phi_fu_2397_p104                    |   14|          3|    1|          3|
    |ap_phi_mux_p_7_61673121_phi_fu_3769_p18                     |   14|          3|    3|          9|
    |ap_phi_mux_p_7_61673_ph_phi_fu_2236_p104                    |   26|          5|    3|         15|
    |ap_phi_mux_state_decode_dec_valids_0_flag_0_phi_fu_4180_p6  |   14|          3|    1|          3|
    |ap_phi_mux_state_decode_dec_valids_0_new_0_phi_fu_4194_p6   |   14|          3|    1|          3|
    |ap_phi_mux_uop_12206_0385110_phi_fu_4120_p18                |   37|          7|   32|        224|
    |ap_phi_mux_uop_12206_0385_ph_phi_fu_347_p104                |   59|         11|   32|        352|
    |ap_phi_mux_uop_13207_0484111_phi_fu_4089_p18                |   20|          4|   12|         48|
    |ap_phi_mux_uop_13207_0484_ph_phi_fu_476_p104                |   14|          3|   12|         36|
    |ap_phi_mux_uop_15_14259_0583112_phi_fu_4057_p18             |   20|          4|    2|          8|
    |ap_phi_mux_uop_15_14259_0583_ph_phi_fu_631_p104             |   26|          5|    2|         10|
    |ap_phi_mux_uop_17209_0782_ph_phi_fu_789_p104                |   14|          3|    4|         12|
    |ap_phi_mux_uop_20211_0881113_phi_fu_4025_p18                |   14|          3|    1|          3|
    |ap_phi_mux_uop_20211_0881_ph_phi_fu_949_p104                |   14|          3|    1|          3|
    |ap_phi_mux_uop_exc_cause_1_phi_fu_4148_p18                  |   20|          4|    4|         16|
    |state_decode_dec_valids_0_o                                 |    9|          2|    1|          2|
    +------------------------------------------------------------+-----+-----------+-----+-----------+
    |Total                                                       | 1090|        225|  170|       1388|
    +------------------------------------------------------------+-----+-----------+-----+-----------+

    * Register: 
    N/A



================================================================
== Interface
================================================================
* Summary: 
+-------------------------------------------------+-----+-----+------------+------------------------------------------+--------------+
|                    RTL Ports                    | Dir | Bits|  Protocol  |               Source Object              |    C Type    |
+-------------------------------------------------+-----+-----+------------+------------------------------------------+--------------+
|ap_ready                                         |  out|    1|  ap_ctrl_hs|                             decode_module|  return value|
|state_rename_dispatch_packets_valid_0            |   in|    1|     ap_none|     state_rename_dispatch_packets_valid_0|       pointer|
|state_decode_dec_valids_0_i                      |   in|    1|     ap_ovld|                 state_decode_dec_valids_0|       pointer|
|state_decode_dec_valids_0_o                      |  out|    1|     ap_ovld|                 state_decode_dec_valids_0|       pointer|
|state_decode_dec_valids_0_o_ap_vld               |  out|    1|     ap_ovld|                 state_decode_dec_valids_0|       pointer|
|state_frontend_fetch_packet_valid                |   in|    1|     ap_none|         state_frontend_fetch_packet_valid|       pointer|
|state_frontend_fetch_uop_debug_pc                |   in|   64|     ap_none|         state_frontend_fetch_uop_debug_pc|       pointer|
|state_frontend_fetch_uop_inst                    |   in|   32|     ap_none|             state_frontend_fetch_uop_inst|       pointer|
|state_decode_dec_uops_uopc_0                     |  out|    8|      ap_vld|              state_decode_dec_uops_uopc_0|       pointer|
|state_decode_dec_uops_uopc_0_ap_vld              |  out|    1|      ap_vld|              state_decode_dec_uops_uopc_0|       pointer|
|state_decode_dec_uops_inst_0                     |  out|   32|      ap_vld|              state_decode_dec_uops_inst_0|       pointer|
|state_decode_dec_uops_inst_0_ap_vld              |  out|    1|      ap_vld|              state_decode_dec_uops_inst_0|       pointer|
|state_decode_dec_uops_debug_pc_0                 |  out|   64|      ap_vld|          state_decode_dec_uops_debug_pc_0|       pointer|
|state_decode_dec_uops_debug_pc_0_ap_vld          |  out|    1|      ap_vld|          state_decode_dec_uops_debug_pc_0|       pointer|
|state_decode_dec_uops_iq_type_0                  |  out|    1|      ap_vld|           state_decode_dec_uops_iq_type_0|       pointer|
|state_decode_dec_uops_iq_type_0_ap_vld           |  out|    1|      ap_vld|           state_decode_dec_uops_iq_type_0|       pointer|
|state_decode_dec_uops_fu_code_0                  |  out|    3|      ap_vld|           state_decode_dec_uops_fu_code_0|       pointer|
|state_decode_dec_uops_fu_code_0_ap_vld           |  out|    1|      ap_vld|           state_decode_dec_uops_fu_code_0|       pointer|
|state_decode_dec_uops_ctrl_br_type_0             |  out|    4|      ap_vld|      state_decode_dec_uops_ctrl_br_type_0|       pointer|
|state_decode_dec_uops_ctrl_br_type_0_ap_vld      |  out|    1|      ap_vld|      state_decode_dec_uops_ctrl_br_type_0|       pointer|
|state_decode_dec_uops_ctrl_op1_sel_0             |  out|    2|      ap_vld|      state_decode_dec_uops_ctrl_op1_sel_0|       pointer|
|state_decode_dec_uops_ctrl_op1_sel_0_ap_vld      |  out|    1|      ap_vld|      state_decode_dec_uops_ctrl_op1_sel_0|       pointer|
|state_decode_dec_uops_ctrl_op2_sel_0             |  out|    2|      ap_vld|      state_decode_dec_uops_ctrl_op2_sel_0|       pointer|
|state_decode_dec_uops_ctrl_op2_sel_0_ap_vld      |  out|    1|      ap_vld|      state_decode_dec_uops_ctrl_op2_sel_0|       pointer|
|state_decode_dec_uops_ctrl_fcn_dw_0              |  out|    1|      ap_vld|       state_decode_dec_uops_ctrl_fcn_dw_0|       pointer|
|state_decode_dec_uops_ctrl_fcn_dw_0_ap_vld       |  out|    1|      ap_vld|       state_decode_dec_uops_ctrl_fcn_dw_0|       pointer|
|state_decode_dec_uops_ctrl_csr_cmd_0             |  out|    3|      ap_vld|      state_decode_dec_uops_ctrl_csr_cmd_0|       pointer|
|state_decode_dec_uops_ctrl_csr_cmd_0_ap_vld      |  out|    1|      ap_vld|      state_decode_dec_uops_ctrl_csr_cmd_0|       pointer|
|state_decode_dec_uops_ctrl_is_load_0             |  out|    1|      ap_vld|      state_decode_dec_uops_ctrl_is_load_0|       pointer|
|state_decode_dec_uops_ctrl_is_load_0_ap_vld      |  out|    1|      ap_vld|      state_decode_dec_uops_ctrl_is_load_0|       pointer|
|state_decode_dec_uops_ctrl_is_sta_0              |  out|    1|      ap_vld|       state_decode_dec_uops_ctrl_is_sta_0|       pointer|
|state_decode_dec_uops_ctrl_is_sta_0_ap_vld       |  out|    1|      ap_vld|       state_decode_dec_uops_ctrl_is_sta_0|       pointer|
|state_decode_dec_uops_branch_br_mask_0           |  out|    8|      ap_vld|    state_decode_dec_uops_branch_br_mask_0|       pointer|
|state_decode_dec_uops_branch_br_mask_0_ap_vld    |  out|    1|      ap_vld|    state_decode_dec_uops_branch_br_mask_0|       pointer|
|state_decode_dec_uops_branch_pc_lob_0            |  out|    6|      ap_vld|     state_decode_dec_uops_branch_pc_lob_0|       pointer|
|state_decode_dec_uops_branch_pc_lob_0_ap_vld     |  out|    1|      ap_vld|     state_decode_dec_uops_branch_pc_lob_0|       pointer|
|state_decode_dec_uops_branch_is_br_0             |  out|    1|      ap_vld|      state_decode_dec_uops_branch_is_br_0|       pointer|
|state_decode_dec_uops_branch_is_br_0_ap_vld      |  out|    1|      ap_vld|      state_decode_dec_uops_branch_is_br_0|       pointer|
|state_decode_dec_uops_branch_is_jalr_0           |  out|    1|      ap_vld|    state_decode_dec_uops_branch_is_jalr_0|       pointer|
|state_decode_dec_uops_branch_is_jalr_0_ap_vld    |  out|    1|      ap_vld|    state_decode_dec_uops_branch_is_jalr_0|       pointer|
|state_decode_dec_uops_branch_is_jal_0            |  out|    1|      ap_vld|     state_decode_dec_uops_branch_is_jal_0|       pointer|
|state_decode_dec_uops_branch_is_jal_0_ap_vld     |  out|    1|      ap_vld|     state_decode_dec_uops_branch_is_jal_0|       pointer|
|state_decode_dec_uops_imm_packed_0               |  out|   32|      ap_vld|        state_decode_dec_uops_imm_packed_0|       pointer|
|state_decode_dec_uops_imm_packed_0_ap_vld        |  out|    1|      ap_vld|        state_decode_dec_uops_imm_packed_0|       pointer|
|state_decode_dec_uops_csr_addr_0                 |  out|   12|      ap_vld|          state_decode_dec_uops_csr_addr_0|       pointer|
|state_decode_dec_uops_csr_addr_0_ap_vld          |  out|    1|      ap_vld|          state_decode_dec_uops_csr_addr_0|       pointer|
|state_decode_dec_uops_rename_ldst_0              |  out|    5|      ap_vld|       state_decode_dec_uops_rename_ldst_0|       pointer|
|state_decode_dec_uops_rename_ldst_0_ap_vld       |  out|    1|      ap_vld|       state_decode_dec_uops_rename_ldst_0|       pointer|
|state_decode_dec_uops_rename_lrs1_0              |  out|    5|      ap_vld|       state_decode_dec_uops_rename_lrs1_0|       pointer|
|state_decode_dec_uops_rename_lrs1_0_ap_vld       |  out|    1|      ap_vld|       state_decode_dec_uops_rename_lrs1_0|       pointer|
|state_decode_dec_uops_rename_lrs2_0              |  out|    5|      ap_vld|       state_decode_dec_uops_rename_lrs2_0|       pointer|
|state_decode_dec_uops_rename_lrs2_0_ap_vld       |  out|    1|      ap_vld|       state_decode_dec_uops_rename_lrs2_0|       pointer|
|state_decode_dec_uops_rename_dst_rtype_0         |  out|    2|      ap_vld|  state_decode_dec_uops_rename_dst_rtype_0|       pointer|
|state_decode_dec_uops_rename_dst_rtype_0_ap_vld  |  out|    1|      ap_vld|  state_decode_dec_uops_rename_dst_rtype_0|       pointer|
|state_decode_dec_uops_exception_0                |  out|    1|      ap_vld|         state_decode_dec_uops_exception_0|       pointer|
|state_decode_dec_uops_exception_0_ap_vld         |  out|    1|      ap_vld|         state_decode_dec_uops_exception_0|       pointer|
|state_decode_dec_uops_exc_cause_0                |  out|    4|      ap_vld|         state_decode_dec_uops_exc_cause_0|       pointer|
|state_decode_dec_uops_exc_cause_0_ap_vld         |  out|    1|      ap_vld|         state_decode_dec_uops_exc_cause_0|       pointer|
|state_decode_dec_uops_mem_mem_size_0             |  out|    2|      ap_vld|      state_decode_dec_uops_mem_mem_size_0|       pointer|
|state_decode_dec_uops_mem_mem_size_0_ap_vld      |  out|    1|      ap_vld|      state_decode_dec_uops_mem_mem_size_0|       pointer|
|state_decode_dec_uops_mem_mem_signed_0           |  out|    1|      ap_vld|    state_decode_dec_uops_mem_mem_signed_0|       pointer|
|state_decode_dec_uops_mem_mem_signed_0_ap_vld    |  out|    1|      ap_vld|    state_decode_dec_uops_mem_mem_signed_0|       pointer|
|state_decode_dec_uops_mem_uses_ldq_0             |  out|    1|      ap_vld|      state_decode_dec_uops_mem_uses_ldq_0|       pointer|
|state_decode_dec_uops_mem_uses_ldq_0_ap_vld      |  out|    1|      ap_vld|      state_decode_dec_uops_mem_uses_ldq_0|       pointer|
|state_decode_dec_uops_mem_uses_stq_0             |  out|    1|      ap_vld|      state_decode_dec_uops_mem_uses_stq_0|       pointer|
|state_decode_dec_uops_mem_uses_stq_0_ap_vld      |  out|    1|      ap_vld|      state_decode_dec_uops_mem_uses_stq_0|       pointer|
|state_decode_dec_uops_is_sys_pc2epc_0            |  out|    1|      ap_vld|     state_decode_dec_uops_is_sys_pc2epc_0|       pointer|
|state_decode_dec_uops_is_sys_pc2epc_0_ap_vld     |  out|    1|      ap_vld|     state_decode_dec_uops_is_sys_pc2epc_0|       pointer|
+-------------------------------------------------+-----+-----+------------+------------------------------------------+--------------+

============================================================
+ Verbose Summary: Synthesis Manager
============================================================
InlineROM: 1
ExposeGlobal: 0
============================================================
+ Verbose Summary: CDFG Model
============================================================
IsTopModel: 0
ResetActiveHigh: 1
IsCombinational: 1
IsDatapathOnly: 2
HasWiredReturn: 1
HasMFsm: 0
HasVarLatency: 0
IsPipeline: 0
IsRtlPipelined: 0
IsInstanceOverlapped: 0
IsDontTouch: 0
HasImplIP: 0
IsGatedGlobalClock: 0


============================================================
+ Verbose Summary: Schedule
============================================================
* Number of FSM states : 1
* Pipeline : 0
* Dataflow Pipeline: 0

* FSM state transitions: 
1 --> 

* FSM state operations: 

State 1 <SV = 0> <Delay = 3.02>
ST_1 : Operation 2 [1/1] (0.00ns)   --->   "%state_rename_dispatch_packets_valid_0_load = load i1 %state_rename_dispatch_packets_valid_0" [/home/lab_726/boom/hls_boom/src/boom_core_merged.cpp:207]   --->   Operation 2 'load' 'state_rename_dispatch_packets_valid_0_load' <Predicate = true> <Delay = 0.00>
ST_1 : Operation 3 [1/1] (0.00ns)   --->   "%br_ln207 = br i1 %state_rename_dispatch_packets_valid_0_load, void, void %._crit_edge" [/home/lab_726/boom/hls_boom/src/boom_core_merged.cpp:207]   --->   Operation 3 'br' 'br_ln207' <Predicate = true> <Delay = 0.00>
ST_1 : Operation 4 [1/1] (0.00ns)   --->   "%state_decode_dec_valids_0_load = load i1 %state_decode_dec_valids_0" [/home/lab_726/boom/hls_boom/src/boom_core_merged.cpp:207]   --->   Operation 4 'load' 'state_decode_dec_valids_0_load' <Predicate = (!state_rename_dispatch_packets_valid_0_load)> <Delay = 0.00>
ST_1 : Operation 5 [1/1] (0.00ns)   --->   "%br_ln207 = br i1 %state_decode_dec_valids_0_load, void, void %._crit_edge" [/home/lab_726/boom/hls_boom/src/boom_core_merged.cpp:207]   --->   Operation 5 'br' 'br_ln207' <Predicate = (!state_rename_dispatch_packets_valid_0_load)> <Delay = 0.00>
ST_1 : Operation 6 [1/1] (0.00ns)   --->   "%state_frontend_fetch_packet_valid_load = load i1 %state_frontend_fetch_packet_valid" [/home/lab_726/boom/hls_boom/src/boom_core_merged.cpp:209]   --->   Operation 6 'load' 'state_frontend_fetch_packet_valid_load' <Predicate = (!state_rename_dispatch_packets_valid_0_load & !state_decode_dec_valids_0_load)> <Delay = 0.00>
ST_1 : Operation 7 [1/1] (0.42ns)   --->   "%br_ln209 = br i1 %state_frontend_fetch_packet_valid_load, void %._crit_edge3, void %memset.loop105" [/home/lab_726/boom/hls_boom/src/boom_core_merged.cpp:209]   --->   Operation 7 'br' 'br_ln209' <Predicate = (!state_rename_dispatch_packets_valid_0_load & !state_decode_dec_valids_0_load)> <Delay = 0.42>
ST_1 : Operation 8 [1/1] (0.00ns)   --->   "%pc = load i64 %state_frontend_fetch_uop_debug_pc" [/home/lab_726/boom/hls_boom/src/boom_core_merged.cpp:211]   --->   Operation 8 'load' 'pc' <Predicate = (!state_rename_dispatch_packets_valid_0_load & !state_decode_dec_valids_0_load & state_frontend_fetch_packet_valid_load)> <Delay = 0.00>
ST_1 : Operation 9 [1/1] (0.00ns)   --->   "%inst = load i32 %state_frontend_fetch_uop_inst" [/home/lab_726/boom/hls_boom/src/boom_core_merged.cpp:212]   --->   Operation 9 'load' 'inst' <Predicate = (!state_rename_dispatch_packets_valid_0_load & !state_decode_dec_valids_0_load & state_frontend_fetch_packet_valid_load)> <Delay = 0.00>
ST_1 : Operation 10 [1/1] (0.00ns)   --->   "%uop_rename_lrs1 = partselect i5 @_ssdm_op_PartSelect.i5.i32.i32.i32, i32 %inst, i32 15, i32 19" [/home/lab_726/boom/hls_boom/src/boom_core_merged.cpp:220]   --->   Operation 10 'partselect' 'uop_rename_lrs1' <Predicate = (!state_rename_dispatch_packets_valid_0_load & !state_decode_dec_valids_0_load & state_frontend_fetch_packet_valid_load)> <Delay = 0.00>
ST_1 : Operation 11 [1/1] (0.00ns)   --->   "%v_11 = partselect i12 @_ssdm_op_PartSelect.i12.i32.i32.i32, i32 %inst, i32 20, i32 31" [/home/lab_726/boom/hls_boom/src/boom_core_merged.cpp:221]   --->   Operation 11 'partselect' 'v_11' <Predicate = (!state_rename_dispatch_packets_valid_0_load & !state_decode_dec_valids_0_load & state_frontend_fetch_packet_valid_load)> <Delay = 0.00>
ST_1 : Operation 12 [1/1] (0.00ns)   --->   "%uop_rename_lrs2 = partselect i5 @_ssdm_op_PartSelect.i5.i32.i32.i32, i32 %inst, i32 20, i32 24" [/home/lab_726/boom/hls_boom/src/boom_core_merged.cpp:221]   --->   Operation 12 'partselect' 'uop_rename_lrs2' <Predicate = (!state_rename_dispatch_packets_valid_0_load & !state_decode_dec_valids_0_load & state_frontend_fetch_packet_valid_load)> <Delay = 0.00>
ST_1 : Operation 13 [1/1] (0.00ns)   --->   "%uop_rename_ldst = partselect i5 @_ssdm_op_PartSelect.i5.i32.i32.i32, i32 %inst, i32 7, i32 11" [/home/lab_726/boom/hls_boom/src/boom_core_merged.cpp:222]   --->   Operation 13 'partselect' 'uop_rename_ldst' <Predicate = (!state_rename_dispatch_packets_valid_0_load & !state_decode_dec_valids_0_load & state_frontend_fetch_packet_valid_load)> <Delay = 0.00>
ST_1 : Operation 14 [1/1] (0.00ns)   --->   "%uop_branch_pc_lob = trunc i64 %pc" [/home/lab_726/boom/hls_boom/src/boom_core_merged.cpp:223]   --->   Operation 14 'trunc' 'uop_branch_pc_lob' <Predicate = (!state_rename_dispatch_packets_valid_0_load & !state_decode_dec_valids_0_load & state_frontend_fetch_packet_valid_load)> <Delay = 0.00>
ST_1 : Operation 15 [1/1] (0.00ns)   --->   "%opcode = trunc i32 %inst" [/home/lab_726/boom/hls_boom/src/boom_core_merged.cpp:225]   --->   Operation 15 'trunc' 'opcode' <Predicate = (!state_rename_dispatch_packets_valid_0_load & !state_decode_dec_valids_0_load & state_frontend_fetch_packet_valid_load)> <Delay = 0.00>
ST_1 : Operation 16 [1/1] (0.00ns)   --->   "%f3 = partselect i3 @_ssdm_op_PartSelect.i3.i32.i32.i32, i32 %inst, i32 12, i32 14" [/home/lab_726/boom/hls_boom/src/boom_core_merged.cpp:226]   --->   Operation 16 'partselect' 'f3' <Predicate = (!state_rename_dispatch_packets_valid_0_load & !state_decode_dec_valids_0_load & state_frontend_fetch_packet_valid_load)> <Delay = 0.00>
ST_1 : Operation 17 [1/1] (0.00ns)   --->   "%zext_ln226 = zext i3 %f3" [/home/lab_726/boom/hls_boom/src/boom_core_merged.cpp:226]   --->   Operation 17 'zext' 'zext_ln226' <Predicate = (!state_rename_dispatch_packets_valid_0_load & !state_decode_dec_valids_0_load & state_frontend_fetch_packet_valid_load)> <Delay = 0.00>
ST_1 : Operation 18 [1/1] (0.00ns)   --->   "%f7 = partselect i7 @_ssdm_op_PartSelect.i7.i32.i32.i32, i32 %inst, i32 25, i32 31" [/home/lab_726/boom/hls_boom/src/boom_core_merged.cpp:227]   --->   Operation 18 'partselect' 'f7' <Predicate = (!state_rename_dispatch_packets_valid_0_load & !state_decode_dec_valids_0_load & state_frontend_fetch_packet_valid_load)> <Delay = 0.00>
ST_1 : Operation 19 [1/1] (0.00ns)   --->   "%zext_ln230 = zext i7 %opcode" [/home/lab_726/boom/hls_boom/src/boom_core_merged.cpp:230]   --->   Operation 19 'zext' 'zext_ln230' <Predicate = (!state_rename_dispatch_packets_valid_0_load & !state_decode_dec_valids_0_load & state_frontend_fetch_packet_valid_load)> <Delay = 0.00>
ST_1 : Operation 20 [1/1] (0.77ns)   --->   "%add_ln230 = add i8 %zext_ln230, i8 253" [/home/lab_726/boom/hls_boom/src/boom_core_merged.cpp:230]   --->   Operation 20 'add' 'add_ln230' <Predicate = (!state_rename_dispatch_packets_valid_0_load & !state_decode_dec_valids_0_load & state_frontend_fetch_packet_valid_load)> <Delay = 0.77> <CoreInst = "Adder">   --->   Core 1 'Adder' <Latency = 0> <II = 1> <Delay = 0.76> <FuncUnit> <Opcode : 'add' 'sub'> <InPorts = 2> <OutPorts = 1>
ST_1 : Operation 21 [1/1] (0.00ns)   --->   "%trunc_ln = partselect i6 @_ssdm_op_PartSelect.i6.i8.i32.i32, i8 %add_ln230, i32 2, i32 7" [/home/lab_726/boom/hls_boom/src/boom_core_merged.cpp:230]   --->   Operation 21 'partselect' 'trunc_ln' <Predicate = (!state_rename_dispatch_packets_valid_0_load & !state_decode_dec_valids_0_load & state_frontend_fetch_packet_valid_load)> <Delay = 0.00>
ST_1 : Operation 22 [1/1] (0.00ns)   --->   "%sext_ln230 = sext i6 %trunc_ln" [/home/lab_726/boom/hls_boom/src/boom_core_merged.cpp:230]   --->   Operation 22 'sext' 'sext_ln230' <Predicate = (!state_rename_dispatch_packets_valid_0_load & !state_decode_dec_valids_0_load & state_frontend_fetch_packet_valid_load)> <Delay = 0.00>
ST_1 : Operation 23 [1/1] (0.00ns)   --->   "%trunc_ln230 = trunc i8 %add_ln230" [/home/lab_726/boom/hls_boom/src/boom_core_merged.cpp:230]   --->   Operation 23 'trunc' 'trunc_ln230' <Predicate = (!state_rename_dispatch_packets_valid_0_load & !state_decode_dec_valids_0_load & state_frontend_fetch_packet_valid_load)> <Delay = 0.00>
ST_1 : Operation 24 [1/1] (0.00ns)   --->   "%or_ln = bitconcatenate i32 @_ssdm_op_BitConcatenate.i32.i2.i30, i2 %trunc_ln230, i30 %sext_ln230" [/home/lab_726/boom/hls_boom/src/boom_core_merged.cpp:230]   --->   Operation 24 'bitconcatenate' 'or_ln' <Predicate = (!state_rename_dispatch_packets_valid_0_load & !state_decode_dec_valids_0_load & state_frontend_fetch_packet_valid_load)> <Delay = 0.00>
ST_1 : Operation 25 [1/1] (0.81ns)   --->   "%icmp_ln297 = icmp_eq  i7 %f7, i7 32" [/home/lab_726/boom/hls_boom/src/boom_core_merged.cpp:297]   --->   Operation 25 'icmp' 'icmp_ln297' <Predicate = (!state_rename_dispatch_packets_valid_0_load & !state_decode_dec_valids_0_load & state_frontend_fetch_packet_valid_load)> <Delay = 0.81> <CoreInst = "Cmp">   --->   Core 9 'Cmp' <Latency = 0> <II = 1> <Delay = 0.97> <FuncUnit> <Opcode : 'icmp'> <InPorts = 2> <OutPorts = 1>
ST_1 : Operation 26 [1/1] (0.99ns)   --->   "%switch_ln230 = switch i32 %or_ln, void %.thread37.thread, i32 13, void, i32 5, void, i32 27, void, i32 25, void, i32 24, void, i32 0, void, i32 8, void, i32 4, void, i32 6, void, i32 12, void, i32 14, void, i32 3, void %.thread109, i32 28, void" [/home/lab_726/boom/hls_boom/src/boom_core_merged.cpp:230]   --->   Operation 26 'switch' 'switch_ln230' <Predicate = (!state_rename_dispatch_packets_valid_0_load & !state_decode_dec_valids_0_load & state_frontend_fetch_packet_valid_load)> <Delay = 0.99>
ST_1 : Operation 27 [1/1] (0.58ns)   --->   "%icmp_ln311 = icmp_eq  i3 %f3, i3 0" [/home/lab_726/boom/hls_boom/src/boom_core_merged.cpp:311]   --->   Operation 27 'icmp' 'icmp_ln311' <Predicate = (!state_rename_dispatch_packets_valid_0_load & !state_decode_dec_valids_0_load & state_frontend_fetch_packet_valid_load & or_ln == 28)> <Delay = 0.58> <CoreInst = "Cmp">   --->   Core 9 'Cmp' <Latency = 0> <II = 1> <Delay = 0.97> <FuncUnit> <Opcode : 'icmp'> <InPorts = 2> <OutPorts = 1>
ST_1 : Operation 28 [1/1] (0.00ns)   --->   "%br_ln311 = br i1 %icmp_ln311, void, void" [/home/lab_726/boom/hls_boom/src/boom_core_merged.cpp:311]   --->   Operation 28 'br' 'br_ln311' <Predicate = (!state_rename_dispatch_packets_valid_0_load & !state_decode_dec_valids_0_load & state_frontend_fetch_packet_valid_load & or_ln == 28)> <Delay = 0.00>
ST_1 : Operation 29 [1/1] (0.99ns)   --->   "%switch_ln318 = switch i3 %f3, void %.thread37.thread, i3 1, void %.thread109, i3 2, void, i3 3, void, i3 5, void, i3 6, void, i3 7, void" [/home/lab_726/boom/hls_boom/src/boom_core_merged.cpp:318]   --->   Operation 29 'switch' 'switch_ln318' <Predicate = (!state_rename_dispatch_packets_valid_0_load & !state_decode_dec_valids_0_load & state_frontend_fetch_packet_valid_load & or_ln == 28 & !icmp_ln311)> <Delay = 0.99>
ST_1 : Operation 30 [1/1] (0.99ns)   --->   "%br_ln323 = br void %.thread109" [/home/lab_726/boom/hls_boom/src/boom_core_merged.cpp:323]   --->   Operation 30 'br' 'br_ln323' <Predicate = (!state_rename_dispatch_packets_valid_0_load & !state_decode_dec_valids_0_load & state_frontend_fetch_packet_valid_load & or_ln == 28 & !icmp_ln311 & f3 == 7)> <Delay = 0.99>
ST_1 : Operation 31 [1/1] (0.99ns)   --->   "%br_ln322 = br void %.thread109" [/home/lab_726/boom/hls_boom/src/boom_core_merged.cpp:322]   --->   Operation 31 'br' 'br_ln322' <Predicate = (!state_rename_dispatch_packets_valid_0_load & !state_decode_dec_valids_0_load & state_frontend_fetch_packet_valid_load & or_ln == 28 & !icmp_ln311 & f3 == 6)> <Delay = 0.99>
ST_1 : Operation 32 [1/1] (0.99ns)   --->   "%br_ln321 = br void %.thread109" [/home/lab_726/boom/hls_boom/src/boom_core_merged.cpp:321]   --->   Operation 32 'br' 'br_ln321' <Predicate = (!state_rename_dispatch_packets_valid_0_load & !state_decode_dec_valids_0_load & state_frontend_fetch_packet_valid_load & or_ln == 28 & !icmp_ln311 & f3 == 5)> <Delay = 0.99>
ST_1 : Operation 33 [1/1] (0.99ns)   --->   "%br_ln320 = br void %.thread109" [/home/lab_726/boom/hls_boom/src/boom_core_merged.cpp:320]   --->   Operation 33 'br' 'br_ln320' <Predicate = (!state_rename_dispatch_packets_valid_0_load & !state_decode_dec_valids_0_load & state_frontend_fetch_packet_valid_load & or_ln == 28 & !icmp_ln311 & f3 == 3)> <Delay = 0.99>
ST_1 : Operation 34 [1/1] (0.99ns)   --->   "%br_ln319 = br void %.thread109" [/home/lab_726/boom/hls_boom/src/boom_core_merged.cpp:319]   --->   Operation 34 'br' 'br_ln319' <Predicate = (!state_rename_dispatch_packets_valid_0_load & !state_decode_dec_valids_0_load & state_frontend_fetch_packet_valid_load & or_ln == 28 & !icmp_ln311 & f3 == 2)> <Delay = 0.99>
ST_1 : Operation 35 [1/1] (0.00ns) (grouped into LUT with out node uop_is_sys_pc2epc)   --->   "%or_ln311 = or i5 %uop_rename_lrs2, i5 %uop_rename_ldst" [/home/lab_726/boom/hls_boom/src/boom_core_merged.cpp:311]   --->   Operation 35 'or' 'or_ln311' <Predicate = (!state_rename_dispatch_packets_valid_0_load & !state_decode_dec_valids_0_load & state_frontend_fetch_packet_valid_load & or_ln == 28 & icmp_ln311)> <Delay = 0.00> <CoreInst = "LogicGate">   --->   Core 74 'LogicGate' <Latency = 0> <II = 1> <Delay = 0.28> <FuncUnit> <Opcode : 'and' 'or' 'xor'> <InPorts = 2> <OutPorts = 1>
ST_1 : Operation 36 [1/1] (0.00ns) (grouped into LUT with out node uop_is_sys_pc2epc)   --->   "%tmp_s = bitconcatenate i12 @_ssdm_op_BitConcatenate.i12.i7.i5, i7 %f7, i5 %or_ln311" [/home/lab_726/boom/hls_boom/src/boom_core_merged.cpp:311]   --->   Operation 36 'bitconcatenate' 'tmp_s' <Predicate = (!state_rename_dispatch_packets_valid_0_load & !state_decode_dec_valids_0_load & state_frontend_fetch_packet_valid_load & or_ln == 28 & icmp_ln311)> <Delay = 0.00>
ST_1 : Operation 37 [1/1] (0.97ns) (out node of the LUT)   --->   "%uop_is_sys_pc2epc = icmp_eq  i12 %tmp_s, i12 0" [/home/lab_726/boom/hls_boom/src/boom_core_merged.cpp:311]   --->   Operation 37 'icmp' 'uop_is_sys_pc2epc' <Predicate = (!state_rename_dispatch_packets_valid_0_load & !state_decode_dec_valids_0_load & state_frontend_fetch_packet_valid_load & or_ln == 28 & icmp_ln311)> <Delay = 0.97> <CoreInst = "Cmp">   --->   Core 9 'Cmp' <Latency = 0> <II = 1> <Delay = 0.97> <FuncUnit> <Opcode : 'icmp'> <InPorts = 2> <OutPorts = 1>
ST_1 : Operation 38 [1/1] (0.00ns) (grouped into LUT with out node select_ln311)   --->   "%uop_rename_dst_rtype_3 = xor i1 %uop_is_sys_pc2epc, i1 1" [/home/lab_726/boom/hls_boom/src/boom_core_merged.cpp:311]   --->   Operation 38 'xor' 'uop_rename_dst_rtype_3' <Predicate = (!state_rename_dispatch_packets_valid_0_load & !state_decode_dec_valids_0_load & state_frontend_fetch_packet_valid_load & or_ln == 28 & icmp_ln311)> <Delay = 0.00> <CoreInst = "LogicGate">   --->   Core 74 'LogicGate' <Latency = 0> <II = 1> <Delay = 0.28> <FuncUnit> <Opcode : 'and' 'or' 'xor'> <InPorts = 2> <OutPorts = 1>
ST_1 : Operation 39 [1/1] (0.28ns) (out node of the LUT)   --->   "%select_ln311 = select i1 %uop_rename_dst_rtype_3, i2 3, i2 0" [/home/lab_726/boom/hls_boom/src/boom_core_merged.cpp:311]   --->   Operation 39 'select' 'select_ln311' <Predicate = (!state_rename_dispatch_packets_valid_0_load & !state_decode_dec_valids_0_load & state_frontend_fetch_packet_valid_load & or_ln == 28 & icmp_ln311)> <Delay = 0.28> <CoreInst = "Sel">   --->   Core 73 'Sel' <Latency = 0> <II = 1> <Delay = 0.35> <FuncUnit> <Opcode : 'select'> <InPorts = 3> <OutPorts = 1>
ST_1 : Operation 40 [1/1] (0.39ns)   --->   "%uop_exc_cause = select i1 %uop_is_sys_pc2epc, i4 11, i4 0" [/home/lab_726/boom/hls_boom/src/boom_core_merged.cpp:311]   --->   Operation 40 'select' 'uop_exc_cause' <Predicate = (!state_rename_dispatch_packets_valid_0_load & !state_decode_dec_valids_0_load & state_frontend_fetch_packet_valid_load & or_ln == 28 & icmp_ln311)> <Delay = 0.39> <CoreInst = "Sel">   --->   Core 73 'Sel' <Latency = 0> <II = 1> <Delay = 0.35> <FuncUnit> <Opcode : 'select'> <InPorts = 3> <OutPorts = 1>
ST_1 : Operation 41 [1/1] (0.39ns)   --->   "%select_ln214_1 = select i1 %uop_is_sys_pc2epc, i8 65, i8 118" [/home/lab_726/boom/hls_boom/src/boom_core_merged.cpp:214]   --->   Operation 41 'select' 'select_ln214_1' <Predicate = (!state_rename_dispatch_packets_valid_0_load & !state_decode_dec_valids_0_load & state_frontend_fetch_packet_valid_load & or_ln == 28 & icmp_ln311)> <Delay = 0.39> <CoreInst = "Sel">   --->   Core 73 'Sel' <Latency = 0> <II = 1> <Delay = 0.35> <FuncUnit> <Opcode : 'select'> <InPorts = 3> <OutPorts = 1>
ST_1 : Operation 42 [1/1] (0.99ns)   --->   "%br_ln328 = br void %.thread109" [/home/lab_726/boom/hls_boom/src/boom_core_merged.cpp:328]   --->   Operation 42 'br' 'br_ln328' <Predicate = (!state_rename_dispatch_packets_valid_0_load & !state_decode_dec_valids_0_load & state_frontend_fetch_packet_valid_load & or_ln == 28 & icmp_ln311)> <Delay = 0.99>
ST_1 : Operation 43 [1/1] (0.99ns)   --->   "%switch_ln305 = switch i3 %f3, void %.thread37.thread, i3 0, void, i3 1, void %.thread109, i3 5, void" [/home/lab_726/boom/hls_boom/src/boom_core_merged.cpp:305]   --->   Operation 43 'switch' 'switch_ln305' <Predicate = (!state_rename_dispatch_packets_valid_0_load & !state_decode_dec_valids_0_load & state_frontend_fetch_packet_valid_load & or_ln == 14)> <Delay = 0.99>
ST_1 : Operation 44 [1/1] (0.41ns)   --->   "%select_ln307 = select i1 %icmp_ln297, i8 15, i8 14" [/home/lab_726/boom/hls_boom/src/boom_core_merged.cpp:307]   --->   Operation 44 'select' 'select_ln307' <Predicate = (!state_rename_dispatch_packets_valid_0_load & !state_decode_dec_valids_0_load & state_frontend_fetch_packet_valid_load & or_ln == 14 & f3 == 5)> <Delay = 0.41> <CoreInst = "Sel">   --->   Core 73 'Sel' <Latency = 0> <II = 1> <Delay = 0.35> <FuncUnit> <Opcode : 'select'> <InPorts = 3> <OutPorts = 1>
ST_1 : Operation 45 [1/1] (0.99ns)   --->   "%br_ln307 = br void %.thread109" [/home/lab_726/boom/hls_boom/src/boom_core_merged.cpp:307]   --->   Operation 45 'br' 'br_ln307' <Predicate = (!state_rename_dispatch_packets_valid_0_load & !state_decode_dec_valids_0_load & state_frontend_fetch_packet_valid_load & or_ln == 14 & f3 == 5)> <Delay = 0.99>
ST_1 : Operation 46 [1/1] (0.41ns)   --->   "%select_ln305 = select i1 %icmp_ln297, i8 12, i8 11" [/home/lab_726/boom/hls_boom/src/boom_core_merged.cpp:305]   --->   Operation 46 'select' 'select_ln305' <Predicate = (!state_rename_dispatch_packets_valid_0_load & !state_decode_dec_valids_0_load & state_frontend_fetch_packet_valid_load & or_ln == 14 & f3 == 0)> <Delay = 0.41> <CoreInst = "Sel">   --->   Core 73 'Sel' <Latency = 0> <II = 1> <Delay = 0.35> <FuncUnit> <Opcode : 'select'> <InPorts = 3> <OutPorts = 1>
ST_1 : Operation 47 [1/1] (0.99ns)   --->   "%br_ln305 = br void %.thread109" [/home/lab_726/boom/hls_boom/src/boom_core_merged.cpp:305]   --->   Operation 47 'br' 'br_ln305' <Predicate = (!state_rename_dispatch_packets_valid_0_load & !state_decode_dec_valids_0_load & state_frontend_fetch_packet_valid_load & or_ln == 14 & f3 == 0)> <Delay = 0.99>
ST_1 : Operation 48 [1/1] (0.81ns)   --->   "%icmp_ln293 = icmp_eq  i7 %f7, i7 1" [/home/lab_726/boom/hls_boom/src/boom_core_merged.cpp:293]   --->   Operation 48 'icmp' 'icmp_ln293' <Predicate = (!state_rename_dispatch_packets_valid_0_load & !state_decode_dec_valids_0_load & state_frontend_fetch_packet_valid_load & or_ln == 12)> <Delay = 0.81> <CoreInst = "Cmp">   --->   Core 9 'Cmp' <Latency = 0> <II = 1> <Delay = 0.97> <FuncUnit> <Opcode : 'icmp'> <InPorts = 2> <OutPorts = 1>
ST_1 : Operation 49 [1/1] (0.00ns)   --->   "%br_ln293 = br i1 %icmp_ln293, void, void" [/home/lab_726/boom/hls_boom/src/boom_core_merged.cpp:293]   --->   Operation 49 'br' 'br_ln293' <Predicate = (!state_rename_dispatch_packets_valid_0_load & !state_decode_dec_valids_0_load & state_frontend_fetch_packet_valid_load & or_ln == 12)> <Delay = 0.00>
ST_1 : Operation 50 [1/1] (0.99ns)   --->   "%switch_ln297 = switch i3 %f3, void, i3 0, void, i3 1, void %.thread109, i3 2, void, i3 3, void, i3 4, void, i3 5, void, i3 6, void" [/home/lab_726/boom/hls_boom/src/boom_core_merged.cpp:297]   --->   Operation 50 'switch' 'switch_ln297' <Predicate = (!state_rename_dispatch_packets_valid_0_load & !state_decode_dec_valids_0_load & state_frontend_fetch_packet_valid_load & or_ln == 12 & !icmp_ln293)> <Delay = 0.99>
ST_1 : Operation 51 [1/1] (0.99ns)   --->   "%br_ln301 = br void %.thread109" [/home/lab_726/boom/hls_boom/src/boom_core_merged.cpp:301]   --->   Operation 51 'br' 'br_ln301' <Predicate = (!state_rename_dispatch_packets_valid_0_load & !state_decode_dec_valids_0_load & state_frontend_fetch_packet_valid_load & or_ln == 12 & f3 == 6 & !icmp_ln293)> <Delay = 0.99>
ST_1 : Operation 52 [1/1] (0.41ns)   --->   "%select_ln300 = select i1 %icmp_ln297, i8 8, i8 7" [/home/lab_726/boom/hls_boom/src/boom_core_merged.cpp:300]   --->   Operation 52 'select' 'select_ln300' <Predicate = (!state_rename_dispatch_packets_valid_0_load & !state_decode_dec_valids_0_load & state_frontend_fetch_packet_valid_load & or_ln == 12 & f3 == 5 & !icmp_ln293)> <Delay = 0.41> <CoreInst = "Sel">   --->   Core 73 'Sel' <Latency = 0> <II = 1> <Delay = 0.35> <FuncUnit> <Opcode : 'select'> <InPorts = 3> <OutPorts = 1>
ST_1 : Operation 53 [1/1] (0.99ns)   --->   "%br_ln300 = br void %.thread109" [/home/lab_726/boom/hls_boom/src/boom_core_merged.cpp:300]   --->   Operation 53 'br' 'br_ln300' <Predicate = (!state_rename_dispatch_packets_valid_0_load & !state_decode_dec_valids_0_load & state_frontend_fetch_packet_valid_load & or_ln == 12 & f3 == 5 & !icmp_ln293)> <Delay = 0.99>
ST_1 : Operation 54 [1/1] (0.99ns)   --->   "%br_ln299 = br void %.thread109" [/home/lab_726/boom/hls_boom/src/boom_core_merged.cpp:299]   --->   Operation 54 'br' 'br_ln299' <Predicate = (!state_rename_dispatch_packets_valid_0_load & !state_decode_dec_valids_0_load & state_frontend_fetch_packet_valid_load & or_ln == 12 & f3 == 4 & !icmp_ln293)> <Delay = 0.99>
ST_1 : Operation 55 [1/1] (0.99ns)   --->   "%br_ln299 = br void %.thread109" [/home/lab_726/boom/hls_boom/src/boom_core_merged.cpp:299]   --->   Operation 55 'br' 'br_ln299' <Predicate = (!state_rename_dispatch_packets_valid_0_load & !state_decode_dec_valids_0_load & state_frontend_fetch_packet_valid_load & or_ln == 12 & f3 == 3 & !icmp_ln293)> <Delay = 0.99>
ST_1 : Operation 56 [1/1] (0.99ns)   --->   "%br_ln298 = br void %.thread109" [/home/lab_726/boom/hls_boom/src/boom_core_merged.cpp:298]   --->   Operation 56 'br' 'br_ln298' <Predicate = (!state_rename_dispatch_packets_valid_0_load & !state_decode_dec_valids_0_load & state_frontend_fetch_packet_valid_load & or_ln == 12 & f3 == 2 & !icmp_ln293)> <Delay = 0.99>
ST_1 : Operation 57 [1/1] (0.20ns)   --->   "%select_ln297 = select i1 %icmp_ln297, i8 2, i8 1" [/home/lab_726/boom/hls_boom/src/boom_core_merged.cpp:297]   --->   Operation 57 'select' 'select_ln297' <Predicate = (!state_rename_dispatch_packets_valid_0_load & !state_decode_dec_valids_0_load & state_frontend_fetch_packet_valid_load & or_ln == 12 & f3 == 0 & !icmp_ln293)> <Delay = 0.20> <CoreInst = "Sel">   --->   Core 73 'Sel' <Latency = 0> <II = 1> <Delay = 0.35> <FuncUnit> <Opcode : 'select'> <InPorts = 3> <OutPorts = 1>
ST_1 : Operation 58 [1/1] (0.99ns)   --->   "%br_ln297 = br void %.thread109" [/home/lab_726/boom/hls_boom/src/boom_core_merged.cpp:297]   --->   Operation 58 'br' 'br_ln297' <Predicate = (!state_rename_dispatch_packets_valid_0_load & !state_decode_dec_valids_0_load & state_frontend_fetch_packet_valid_load & or_ln == 12 & f3 == 0 & !icmp_ln293)> <Delay = 0.99>
ST_1 : Operation 59 [1/1] (0.99ns)   --->   "%br_ln301 = br void %.thread109" [/home/lab_726/boom/hls_boom/src/boom_core_merged.cpp:301]   --->   Operation 59 'br' 'br_ln301' <Predicate = (!state_rename_dispatch_packets_valid_0_load & !state_decode_dec_valids_0_load & state_frontend_fetch_packet_valid_load & or_ln == 12 & f3 == 7 & !icmp_ln293)> <Delay = 0.99>
ST_1 : Operation 60 [1/1] (0.58ns)   --->   "%icmp_ln294 = icmp_eq  i3 %f3, i3 0" [/home/lab_726/boom/hls_boom/src/boom_core_merged.cpp:294]   --->   Operation 60 'icmp' 'icmp_ln294' <Predicate = (!state_rename_dispatch_packets_valid_0_load & !state_decode_dec_valids_0_load & state_frontend_fetch_packet_valid_load & or_ln == 12 & icmp_ln293)> <Delay = 0.58> <CoreInst = "Cmp">   --->   Core 9 'Cmp' <Latency = 0> <II = 1> <Delay = 0.97> <FuncUnit> <Opcode : 'icmp'> <InPorts = 2> <OutPorts = 1>
ST_1 : Operation 61 [1/1] (0.38ns)   --->   "%select_ln214 = select i1 %icmp_ln294, i8 16, i8 255" [/home/lab_726/boom/hls_boom/src/boom_core_merged.cpp:214]   --->   Operation 61 'select' 'select_ln214' <Predicate = (!state_rename_dispatch_packets_valid_0_load & !state_decode_dec_valids_0_load & state_frontend_fetch_packet_valid_load & or_ln == 12 & icmp_ln293)> <Delay = 0.38> <CoreInst = "Sel">   --->   Core 73 'Sel' <Latency = 0> <II = 1> <Delay = 0.35> <FuncUnit> <Opcode : 'select'> <InPorts = 3> <OutPorts = 1>
ST_1 : Operation 62 [1/1] (0.99ns)   --->   "%br_ln328 = br i1 %icmp_ln294, void %.thread37.thread, void %.thread109" [/home/lab_726/boom/hls_boom/src/boom_core_merged.cpp:328]   --->   Operation 62 'br' 'br_ln328' <Predicate = (!state_rename_dispatch_packets_valid_0_load & !state_decode_dec_valids_0_load & state_frontend_fetch_packet_valid_load & or_ln == 12 & icmp_ln293)> <Delay = 0.99>
ST_1 : Operation 63 [1/1] (0.00ns)   --->   "%sext_ln192_3 = sext i12 %v_11" [/home/lab_726/boom/hls_boom/src/boom_core_merged.cpp:192]   --->   Operation 63 'sext' 'sext_ln192_3' <Predicate = (!state_rename_dispatch_packets_valid_0_load & !state_decode_dec_valids_0_load & state_frontend_fetch_packet_valid_load & or_ln == 6)> <Delay = 0.00>
ST_1 : Operation 64 [1/1] (0.99ns)   --->   "%switch_ln288 = switch i3 %f3, void %.thread37.thread, i3 0, void %.thread109, i3 1, void, i3 5, void" [/home/lab_726/boom/hls_boom/src/boom_core_merged.cpp:288]   --->   Operation 64 'switch' 'switch_ln288' <Predicate = (!state_rename_dispatch_packets_valid_0_load & !state_decode_dec_valids_0_load & state_frontend_fetch_packet_valid_load & or_ln == 6)> <Delay = 0.99>
ST_1 : Operation 65 [1/1] (0.81ns)   --->   "%icmp_ln290 = icmp_eq  i7 %f7, i7 0" [/home/lab_726/boom/hls_boom/src/boom_core_merged.cpp:290]   --->   Operation 65 'icmp' 'icmp_ln290' <Predicate = (!state_rename_dispatch_packets_valid_0_load & !state_decode_dec_valids_0_load & state_frontend_fetch_packet_valid_load & or_ln == 6 & f3 == 5)> <Delay = 0.81> <CoreInst = "Cmp">   --->   Core 9 'Cmp' <Latency = 0> <II = 1> <Delay = 0.97> <FuncUnit> <Opcode : 'icmp'> <InPorts = 2> <OutPorts = 1>
ST_1 : Operation 66 [1/1] (0.36ns)   --->   "%select_ln290 = select i1 %icmp_ln290, i8 61, i8 62" [/home/lab_726/boom/hls_boom/src/boom_core_merged.cpp:290]   --->   Operation 66 'select' 'select_ln290' <Predicate = (!state_rename_dispatch_packets_valid_0_load & !state_decode_dec_valids_0_load & state_frontend_fetch_packet_valid_load & or_ln == 6 & f3 == 5)> <Delay = 0.36> <CoreInst = "Sel">   --->   Core 73 'Sel' <Latency = 0> <II = 1> <Delay = 0.35> <FuncUnit> <Opcode : 'select'> <InPorts = 3> <OutPorts = 1>
ST_1 : Operation 67 [1/1] (0.99ns)   --->   "%br_ln290 = br void %.thread109" [/home/lab_726/boom/hls_boom/src/boom_core_merged.cpp:290]   --->   Operation 67 'br' 'br_ln290' <Predicate = (!state_rename_dispatch_packets_valid_0_load & !state_decode_dec_valids_0_load & state_frontend_fetch_packet_valid_load & or_ln == 6 & f3 == 5)> <Delay = 0.99>
ST_1 : Operation 68 [1/1] (0.99ns)   --->   "%br_ln289 = br void %.thread109" [/home/lab_726/boom/hls_boom/src/boom_core_merged.cpp:289]   --->   Operation 68 'br' 'br_ln289' <Predicate = (!state_rename_dispatch_packets_valid_0_load & !state_decode_dec_valids_0_load & state_frontend_fetch_packet_valid_load & or_ln == 6 & f3 == 1)> <Delay = 0.99>
ST_1 : Operation 69 [1/1] (0.00ns)   --->   "%sext_ln192_2 = sext i12 %v_11" [/home/lab_726/boom/hls_boom/src/boom_core_merged.cpp:192]   --->   Operation 69 'sext' 'sext_ln192_2' <Predicate = (!state_rename_dispatch_packets_valid_0_load & !state_decode_dec_valids_0_load & state_frontend_fetch_packet_valid_load & or_ln == 4)> <Delay = 0.00>
ST_1 : Operation 70 [1/1] (0.99ns)   --->   "%switch_ln278 = switch i3 %f3, void, i3 0, void %.thread109, i3 2, void, i3 3, void, i3 4, void, i3 6, void, i3 7, void, i3 1, void" [/home/lab_726/boom/hls_boom/src/boom_core_merged.cpp:278]   --->   Operation 70 'switch' 'switch_ln278' <Predicate = (!state_rename_dispatch_packets_valid_0_load & !state_decode_dec_valids_0_load & state_frontend_fetch_packet_valid_load & or_ln == 4)> <Delay = 0.99>
ST_1 : Operation 71 [1/1] (0.99ns)   --->   "%br_ln282 = br void %.thread109" [/home/lab_726/boom/hls_boom/src/boom_core_merged.cpp:282]   --->   Operation 71 'br' 'br_ln282' <Predicate = (!state_rename_dispatch_packets_valid_0_load & !state_decode_dec_valids_0_load & state_frontend_fetch_packet_valid_load & or_ln == 4 & f3 == 1)> <Delay = 0.99>
ST_1 : Operation 72 [1/1] (0.99ns)   --->   "%br_ln281 = br void %.thread109" [/home/lab_726/boom/hls_boom/src/boom_core_merged.cpp:281]   --->   Operation 72 'br' 'br_ln281' <Predicate = (!state_rename_dispatch_packets_valid_0_load & !state_decode_dec_valids_0_load & state_frontend_fetch_packet_valid_load & or_ln == 4 & f3 == 7)> <Delay = 0.99>
ST_1 : Operation 73 [1/1] (0.99ns)   --->   "%br_ln280 = br void %.thread109" [/home/lab_726/boom/hls_boom/src/boom_core_merged.cpp:280]   --->   Operation 73 'br' 'br_ln280' <Predicate = (!state_rename_dispatch_packets_valid_0_load & !state_decode_dec_valids_0_load & state_frontend_fetch_packet_valid_load & or_ln == 4 & f3 == 6)> <Delay = 0.99>
ST_1 : Operation 74 [1/1] (0.99ns)   --->   "%br_ln280 = br void %.thread109" [/home/lab_726/boom/hls_boom/src/boom_core_merged.cpp:280]   --->   Operation 74 'br' 'br_ln280' <Predicate = (!state_rename_dispatch_packets_valid_0_load & !state_decode_dec_valids_0_load & state_frontend_fetch_packet_valid_load & or_ln == 4 & f3 == 4)> <Delay = 0.99>
ST_1 : Operation 75 [1/1] (0.99ns)   --->   "%br_ln279 = br void %.thread109" [/home/lab_726/boom/hls_boom/src/boom_core_merged.cpp:279]   --->   Operation 75 'br' 'br_ln279' <Predicate = (!state_rename_dispatch_packets_valid_0_load & !state_decode_dec_valids_0_load & state_frontend_fetch_packet_valid_load & or_ln == 4 & f3 == 3)> <Delay = 0.99>
ST_1 : Operation 76 [1/1] (0.99ns)   --->   "%br_ln279 = br void %.thread109" [/home/lab_726/boom/hls_boom/src/boom_core_merged.cpp:279]   --->   Operation 76 'br' 'br_ln279' <Predicate = (!state_rename_dispatch_packets_valid_0_load & !state_decode_dec_valids_0_load & state_frontend_fetch_packet_valid_load & or_ln == 4 & f3 == 2)> <Delay = 0.99>
ST_1 : Operation 77 [1/1] (0.81ns)   --->   "%icmp_ln283 = icmp_eq  i7 %f7, i7 0" [/home/lab_726/boom/hls_boom/src/boom_core_merged.cpp:283]   --->   Operation 77 'icmp' 'icmp_ln283' <Predicate = (!state_rename_dispatch_packets_valid_0_load & !state_decode_dec_valids_0_load & state_frontend_fetch_packet_valid_load & or_ln == 4 & f3 == 5)> <Delay = 0.81> <CoreInst = "Cmp">   --->   Core 9 'Cmp' <Latency = 0> <II = 1> <Delay = 0.97> <FuncUnit> <Opcode : 'icmp'> <InPorts = 2> <OutPorts = 1>
ST_1 : Operation 78 [1/1] (0.36ns)   --->   "%select_ln283 = select i1 %icmp_ln283, i8 55, i8 56" [/home/lab_726/boom/hls_boom/src/boom_core_merged.cpp:283]   --->   Operation 78 'select' 'select_ln283' <Predicate = (!state_rename_dispatch_packets_valid_0_load & !state_decode_dec_valids_0_load & state_frontend_fetch_packet_valid_load & or_ln == 4 & f3 == 5)> <Delay = 0.36> <CoreInst = "Sel">   --->   Core 73 'Sel' <Latency = 0> <II = 1> <Delay = 0.35> <FuncUnit> <Opcode : 'select'> <InPorts = 3> <OutPorts = 1>
ST_1 : Operation 79 [1/1] (0.99ns)   --->   "%br_ln283 = br void %.thread109" [/home/lab_726/boom/hls_boom/src/boom_core_merged.cpp:283]   --->   Operation 79 'br' 'br_ln283' <Predicate = (!state_rename_dispatch_packets_valid_0_load & !state_decode_dec_valids_0_load & state_frontend_fetch_packet_valid_load & or_ln == 4 & f3 == 5)> <Delay = 0.99>
ST_1 : Operation 80 [1/1] (0.00ns)   --->   "%v_6 = bitconcatenate i12 @_ssdm_op_BitConcatenate.i12.i7.i5, i7 %f7, i5 %uop_rename_ldst" [/home/lab_726/boom/hls_boom/src/boom_core_merged.cpp:194]   --->   Operation 80 'bitconcatenate' 'v_6' <Predicate = (!state_rename_dispatch_packets_valid_0_load & !state_decode_dec_valids_0_load & state_frontend_fetch_packet_valid_load & or_ln == 8 & !tmp_22)> <Delay = 0.00>
ST_1 : Operation 81 [1/1] (0.00ns)   --->   "%sext_ln194 = sext i12 %v_6" [/home/lab_726/boom/hls_boom/src/boom_core_merged.cpp:194]   --->   Operation 81 'sext' 'sext_ln194' <Predicate = (!state_rename_dispatch_packets_valid_0_load & !state_decode_dec_valids_0_load & state_frontend_fetch_packet_valid_load & or_ln == 8 & !tmp_22)> <Delay = 0.00>
ST_1 : Operation 82 [1/1] (0.00ns)   --->   "%zext_ln194 = zext i28 %sext_ln194" [/home/lab_726/boom/hls_boom/src/boom_core_merged.cpp:194]   --->   Operation 82 'zext' 'zext_ln194' <Predicate = (!state_rename_dispatch_packets_valid_0_load & !state_decode_dec_valids_0_load & state_frontend_fetch_packet_valid_load & or_ln == 8 & !tmp_22)> <Delay = 0.00>
ST_1 : Operation 83 [1/1] (0.00ns)   --->   "%tmp_22 = bitselect i1 @_ssdm_op_BitSelect.i1.i32.i32, i32 %inst, i32 31" [/home/lab_726/boom/hls_boom/src/boom_core_merged.cpp:194]   --->   Operation 83 'bitselect' 'tmp_22' <Predicate = (!state_rename_dispatch_packets_valid_0_load & !state_decode_dec_valids_0_load & state_frontend_fetch_packet_valid_load & or_ln == 8)> <Delay = 0.00>
ST_1 : Operation 84 [1/1] (0.00ns)   --->   "%or_ln194_1 = bitconcatenate i13 @_ssdm_op_BitConcatenate.i13.i1.i7.i5, i1 1, i7 %f7, i5 %uop_rename_ldst" [/home/lab_726/boom/hls_boom/src/boom_core_merged.cpp:194]   --->   Operation 84 'bitconcatenate' 'or_ln194_1' <Predicate = (!state_rename_dispatch_packets_valid_0_load & !state_decode_dec_valids_0_load & state_frontend_fetch_packet_valid_load & or_ln == 8 & tmp_22)> <Delay = 0.00>
ST_1 : Operation 85 [1/1] (0.00ns)   --->   "%sext_ln194_2 = sext i13 %or_ln194_1" [/home/lab_726/boom/hls_boom/src/boom_core_merged.cpp:194]   --->   Operation 85 'sext' 'sext_ln194_2' <Predicate = (!state_rename_dispatch_packets_valid_0_load & !state_decode_dec_valids_0_load & state_frontend_fetch_packet_valid_load & or_ln == 8 & tmp_22)> <Delay = 0.00>
ST_1 : Operation 86 [1/1] (0.00ns)   --->   "%or_ln3 = bitconcatenate i29 @_ssdm_op_BitConcatenate.i29.i1.i28, i1 1, i28 %sext_ln194_2" [/home/lab_726/boom/hls_boom/src/boom_core_merged.cpp:194]   --->   Operation 86 'bitconcatenate' 'or_ln3' <Predicate = (!state_rename_dispatch_packets_valid_0_load & !state_decode_dec_valids_0_load & state_frontend_fetch_packet_valid_load & or_ln == 8 & tmp_22)> <Delay = 0.00>
ST_1 : Operation 87 [1/1] (0.35ns)   --->   "%v_13 = select i1 %tmp_22, i29 %or_ln3, i29 %zext_ln194" [/home/lab_726/boom/hls_boom/src/boom_core_merged.cpp:194]   --->   Operation 87 'select' 'v_13' <Predicate = (!state_rename_dispatch_packets_valid_0_load & !state_decode_dec_valids_0_load & state_frontend_fetch_packet_valid_load & or_ln == 8)> <Delay = 0.35> <CoreInst = "Sel">   --->   Core 73 'Sel' <Latency = 0> <II = 1> <Delay = 0.35> <FuncUnit> <Opcode : 'select'> <InPorts = 3> <OutPorts = 1>
ST_1 : Operation 88 [1/1] (0.00ns)   --->   "%sext_ln194_1 = sext i29 %v_13" [/home/lab_726/boom/hls_boom/src/boom_core_merged.cpp:194]   --->   Operation 88 'sext' 'sext_ln194_1' <Predicate = (!state_rename_dispatch_packets_valid_0_load & !state_decode_dec_valids_0_load & state_frontend_fetch_packet_valid_load & or_ln == 8)> <Delay = 0.00>
ST_1 : Operation 89 [1/1] (0.99ns)   --->   "%switch_ln270 = switch i3 %f3, void %.thread37.thread, i3 0, void %.thread109, i3 1, void, i3 2, void, i3 3, void" [/home/lab_726/boom/hls_boom/src/boom_core_merged.cpp:270]   --->   Operation 89 'switch' 'switch_ln270' <Predicate = (!state_rename_dispatch_packets_valid_0_load & !state_decode_dec_valids_0_load & state_frontend_fetch_packet_valid_load & or_ln == 8)> <Delay = 0.99>
ST_1 : Operation 90 [1/1] (0.99ns)   --->   "%br_ln273 = br void %.thread109" [/home/lab_726/boom/hls_boom/src/boom_core_merged.cpp:273]   --->   Operation 90 'br' 'br_ln273' <Predicate = (!state_rename_dispatch_packets_valid_0_load & !state_decode_dec_valids_0_load & state_frontend_fetch_packet_valid_load & or_ln == 8 & f3 == 3)> <Delay = 0.99>
ST_1 : Operation 91 [1/1] (0.99ns)   --->   "%br_ln272 = br void %.thread109" [/home/lab_726/boom/hls_boom/src/boom_core_merged.cpp:272]   --->   Operation 91 'br' 'br_ln272' <Predicate = (!state_rename_dispatch_packets_valid_0_load & !state_decode_dec_valids_0_load & state_frontend_fetch_packet_valid_load & or_ln == 8 & f3 == 2)> <Delay = 0.99>
ST_1 : Operation 92 [1/1] (0.99ns)   --->   "%br_ln271 = br void %.thread109" [/home/lab_726/boom/hls_boom/src/boom_core_merged.cpp:271]   --->   Operation 92 'br' 'br_ln271' <Predicate = (!state_rename_dispatch_packets_valid_0_load & !state_decode_dec_valids_0_load & state_frontend_fetch_packet_valid_load & or_ln == 8 & f3 == 1)> <Delay = 0.99>
ST_1 : Operation 93 [1/1] (0.00ns)   --->   "%sext_ln192_1 = sext i12 %v_11" [/home/lab_726/boom/hls_boom/src/boom_core_merged.cpp:192]   --->   Operation 93 'sext' 'sext_ln192_1' <Predicate = (!state_rename_dispatch_packets_valid_0_load & !state_decode_dec_valids_0_load & state_frontend_fetch_packet_valid_load & or_ln == 0)> <Delay = 0.00>
ST_1 : Operation 94 [1/1] (0.99ns)   --->   "%switch_ln259 = switch i3 %f3, void %.thread37.thread, i3 0, void %.thread109, i3 1, void, i3 2, void, i3 3, void, i3 4, void, i3 5, void, i3 6, void" [/home/lab_726/boom/hls_boom/src/boom_core_merged.cpp:259]   --->   Operation 94 'switch' 'switch_ln259' <Predicate = (!state_rename_dispatch_packets_valid_0_load & !state_decode_dec_valids_0_load & state_frontend_fetch_packet_valid_load & or_ln == 0)> <Delay = 0.99>
ST_1 : Operation 95 [1/1] (0.99ns)   --->   "%br_ln265 = br void %.thread109" [/home/lab_726/boom/hls_boom/src/boom_core_merged.cpp:265]   --->   Operation 95 'br' 'br_ln265' <Predicate = (!state_rename_dispatch_packets_valid_0_load & !state_decode_dec_valids_0_load & state_frontend_fetch_packet_valid_load & or_ln == 0 & f3 == 6)> <Delay = 0.99>
ST_1 : Operation 96 [1/1] (0.99ns)   --->   "%br_ln264 = br void %.thread109" [/home/lab_726/boom/hls_boom/src/boom_core_merged.cpp:264]   --->   Operation 96 'br' 'br_ln264' <Predicate = (!state_rename_dispatch_packets_valid_0_load & !state_decode_dec_valids_0_load & state_frontend_fetch_packet_valid_load & or_ln == 0 & f3 == 5)> <Delay = 0.99>
ST_1 : Operation 97 [1/1] (0.99ns)   --->   "%br_ln263 = br void %.thread109" [/home/lab_726/boom/hls_boom/src/boom_core_merged.cpp:263]   --->   Operation 97 'br' 'br_ln263' <Predicate = (!state_rename_dispatch_packets_valid_0_load & !state_decode_dec_valids_0_load & state_frontend_fetch_packet_valid_load & or_ln == 0 & f3 == 4)> <Delay = 0.99>
ST_1 : Operation 98 [1/1] (0.99ns)   --->   "%br_ln262 = br void %.thread109" [/home/lab_726/boom/hls_boom/src/boom_core_merged.cpp:262]   --->   Operation 98 'br' 'br_ln262' <Predicate = (!state_rename_dispatch_packets_valid_0_load & !state_decode_dec_valids_0_load & state_frontend_fetch_packet_valid_load & or_ln == 0 & f3 == 3)> <Delay = 0.99>
ST_1 : Operation 99 [1/1] (0.99ns)   --->   "%br_ln261 = br void %.thread109" [/home/lab_726/boom/hls_boom/src/boom_core_merged.cpp:261]   --->   Operation 99 'br' 'br_ln261' <Predicate = (!state_rename_dispatch_packets_valid_0_load & !state_decode_dec_valids_0_load & state_frontend_fetch_packet_valid_load & or_ln == 0 & f3 == 2)> <Delay = 0.99>
ST_1 : Operation 100 [1/1] (0.99ns)   --->   "%br_ln260 = br void %.thread109" [/home/lab_726/boom/hls_boom/src/boom_core_merged.cpp:260]   --->   Operation 100 'br' 'br_ln260' <Predicate = (!state_rename_dispatch_packets_valid_0_load & !state_decode_dec_valids_0_load & state_frontend_fetch_packet_valid_load & or_ln == 0 & f3 == 1)> <Delay = 0.99>
ST_1 : Operation 101 [1/1] (0.00ns)   --->   "%tmp_7 = partselect i4 @_ssdm_op_PartSelect.i4.i32.i32.i32, i32 %inst, i32 8, i32 11" [/home/lab_726/boom/hls_boom/src/boom_core_merged.cpp:196]   --->   Operation 101 'partselect' 'tmp_7' <Predicate = (!state_rename_dispatch_packets_valid_0_load & !state_decode_dec_valids_0_load & state_frontend_fetch_packet_valid_load & or_ln == 24)> <Delay = 0.00>
ST_1 : Operation 102 [1/1] (0.00ns)   --->   "%tmp_8 = partselect i6 @_ssdm_op_PartSelect.i6.i32.i32.i32, i32 %inst, i32 25, i32 30" [/home/lab_726/boom/hls_boom/src/boom_core_merged.cpp:196]   --->   Operation 102 'partselect' 'tmp_8' <Predicate = (!state_rename_dispatch_packets_valid_0_load & !state_decode_dec_valids_0_load & state_frontend_fetch_packet_valid_load & or_ln == 24)> <Delay = 0.00>
ST_1 : Operation 103 [1/1] (0.00ns)   --->   "%tmp_20 = bitselect i1 @_ssdm_op_BitSelect.i1.i32.i32, i32 %inst, i32 7" [/home/lab_726/boom/hls_boom/src/boom_core_merged.cpp:196]   --->   Operation 103 'bitselect' 'tmp_20' <Predicate = (!state_rename_dispatch_packets_valid_0_load & !state_decode_dec_valids_0_load & state_frontend_fetch_packet_valid_load & or_ln == 24)> <Delay = 0.00>
ST_1 : Operation 104 [1/1] (0.00ns)   --->   "%tmp_21 = bitselect i1 @_ssdm_op_BitSelect.i1.i32.i32, i32 %inst, i32 31" [/home/lab_726/boom/hls_boom/src/boom_core_merged.cpp:196]   --->   Operation 104 'bitselect' 'tmp_21' <Predicate = (!state_rename_dispatch_packets_valid_0_load & !state_decode_dec_valids_0_load & state_frontend_fetch_packet_valid_load & or_ln == 24)> <Delay = 0.00>
ST_1 : Operation 105 [1/1] (0.00ns)   --->   "%and_ln196_2 = bitconcatenate i13 @_ssdm_op_BitConcatenate.i13.i1.i12, i1 %tmp_21, i12 0" [/home/lab_726/boom/hls_boom/src/boom_core_merged.cpp:196]   --->   Operation 105 'bitconcatenate' 'and_ln196_2' <Predicate = (!state_rename_dispatch_packets_valid_0_load & !state_decode_dec_valids_0_load & state_frontend_fetch_packet_valid_load & or_ln == 24)> <Delay = 0.00>
ST_1 : Operation 106 [1/1] (0.00ns)   --->   "%v_3 = bitconcatenate i13 @_ssdm_op_BitConcatenate.i13.i1.i1.i6.i4.i1, i1 %tmp_21, i1 %tmp_20, i6 %tmp_8, i4 %tmp_7, i1 0" [/home/lab_726/boom/hls_boom/src/boom_core_merged.cpp:196]   --->   Operation 106 'bitconcatenate' 'v_3' <Predicate = (!state_rename_dispatch_packets_valid_0_load & !state_decode_dec_valids_0_load & state_frontend_fetch_packet_valid_load & or_ln == 24 & !icmp_ln197)> <Delay = 0.00>
ST_1 : Operation 107 [1/1] (0.00ns)   --->   "%zext_ln196 = zext i13 %v_3" [/home/lab_726/boom/hls_boom/src/boom_core_merged.cpp:196]   --->   Operation 107 'zext' 'zext_ln196' <Predicate = (!state_rename_dispatch_packets_valid_0_load & !state_decode_dec_valids_0_load & state_frontend_fetch_packet_valid_load & or_ln == 24 & !icmp_ln197)> <Delay = 0.00>
ST_1 : Operation 108 [1/1] (1.00ns)   --->   "%icmp_ln197 = icmp_ne  i13 %and_ln196_2, i13 0" [/home/lab_726/boom/hls_boom/src/boom_core_merged.cpp:197]   --->   Operation 108 'icmp' 'icmp_ln197' <Predicate = (!state_rename_dispatch_packets_valid_0_load & !state_decode_dec_valids_0_load & state_frontend_fetch_packet_valid_load & or_ln == 24)> <Delay = 1.00> <CoreInst = "Cmp">   --->   Core 9 'Cmp' <Latency = 0> <II = 1> <Delay = 0.97> <FuncUnit> <Opcode : 'icmp'> <InPorts = 2> <OutPorts = 1>
ST_1 : Operation 109 [1/1] (0.00ns)   --->   "%or_ln2 = bitconcatenate i14 @_ssdm_op_BitConcatenate.i14.i1.i1.i1.i6.i4.i1, i1 1, i1 %tmp_21, i1 %tmp_20, i6 %tmp_8, i4 %tmp_7, i1 0" [/home/lab_726/boom/hls_boom/src/boom_core_merged.cpp:197]   --->   Operation 109 'bitconcatenate' 'or_ln2' <Predicate = (!state_rename_dispatch_packets_valid_0_load & !state_decode_dec_valids_0_load & state_frontend_fetch_packet_valid_load & or_ln == 24 & icmp_ln197)> <Delay = 0.00>
ST_1 : Operation 110 [1/1] (0.23ns)   --->   "%v_12 = select i1 %icmp_ln197, i14 %or_ln2, i14 %zext_ln196" [/home/lab_726/boom/hls_boom/src/boom_core_merged.cpp:197]   --->   Operation 110 'select' 'v_12' <Predicate = (!state_rename_dispatch_packets_valid_0_load & !state_decode_dec_valids_0_load & state_frontend_fetch_packet_valid_load & or_ln == 24)> <Delay = 0.23> <CoreInst = "Sel">   --->   Core 73 'Sel' <Latency = 0> <II = 1> <Delay = 0.35> <FuncUnit> <Opcode : 'select'> <InPorts = 3> <OutPorts = 1>
ST_1 : Operation 111 [1/1] (0.00ns)   --->   "%sext_ln196 = sext i14 %v_12" [/home/lab_726/boom/hls_boom/src/boom_core_merged.cpp:196]   --->   Operation 111 'sext' 'sext_ln196' <Predicate = (!state_rename_dispatch_packets_valid_0_load & !state_decode_dec_valids_0_load & state_frontend_fetch_packet_valid_load & or_ln == 24)> <Delay = 0.00>
ST_1 : Operation 112 [1/1] (0.99ns)   --->   "%switch_ln248 = switch i3 %f3, void %.thread37.thread, i3 0, void %.thread109, i3 1, void, i3 4, void, i3 5, void, i3 6, void, i3 7, void" [/home/lab_726/boom/hls_boom/src/boom_core_merged.cpp:248]   --->   Operation 112 'switch' 'switch_ln248' <Predicate = (!state_rename_dispatch_packets_valid_0_load & !state_decode_dec_valids_0_load & state_frontend_fetch_packet_valid_load & or_ln == 24)> <Delay = 0.99>
ST_1 : Operation 113 [1/1] (0.99ns)   --->   "%br_ln253 = br void %.thread109" [/home/lab_726/boom/hls_boom/src/boom_core_merged.cpp:253]   --->   Operation 113 'br' 'br_ln253' <Predicate = (!state_rename_dispatch_packets_valid_0_load & !state_decode_dec_valids_0_load & state_frontend_fetch_packet_valid_load & or_ln == 24 & f3 == 7)> <Delay = 0.99>
ST_1 : Operation 114 [1/1] (0.99ns)   --->   "%br_ln252 = br void %.thread109" [/home/lab_726/boom/hls_boom/src/boom_core_merged.cpp:252]   --->   Operation 114 'br' 'br_ln252' <Predicate = (!state_rename_dispatch_packets_valid_0_load & !state_decode_dec_valids_0_load & state_frontend_fetch_packet_valid_load & or_ln == 24 & f3 == 6)> <Delay = 0.99>
ST_1 : Operation 115 [1/1] (0.99ns)   --->   "%br_ln251 = br void %.thread109" [/home/lab_726/boom/hls_boom/src/boom_core_merged.cpp:251]   --->   Operation 115 'br' 'br_ln251' <Predicate = (!state_rename_dispatch_packets_valid_0_load & !state_decode_dec_valids_0_load & state_frontend_fetch_packet_valid_load & or_ln == 24 & f3 == 5)> <Delay = 0.99>
ST_1 : Operation 116 [1/1] (0.99ns)   --->   "%br_ln250 = br void %.thread109" [/home/lab_726/boom/hls_boom/src/boom_core_merged.cpp:250]   --->   Operation 116 'br' 'br_ln250' <Predicate = (!state_rename_dispatch_packets_valid_0_load & !state_decode_dec_valids_0_load & state_frontend_fetch_packet_valid_load & or_ln == 24 & f3 == 4)> <Delay = 0.99>
ST_1 : Operation 117 [1/1] (0.99ns)   --->   "%br_ln249 = br void %.thread109" [/home/lab_726/boom/hls_boom/src/boom_core_merged.cpp:249]   --->   Operation 117 'br' 'br_ln249' <Predicate = (!state_rename_dispatch_packets_valid_0_load & !state_decode_dec_valids_0_load & state_frontend_fetch_packet_valid_load & or_ln == 24 & f3 == 1)> <Delay = 0.99>
ST_1 : Operation 118 [1/1] (0.00ns)   --->   "%sext_ln192 = sext i12 %v_11" [/home/lab_726/boom/hls_boom/src/boom_core_merged.cpp:192]   --->   Operation 118 'sext' 'sext_ln192' <Predicate = (!state_rename_dispatch_packets_valid_0_load & !state_decode_dec_valids_0_load & state_frontend_fetch_packet_valid_load & or_ln == 25)> <Delay = 0.00>
ST_1 : Operation 119 [1/1] (0.75ns)   --->   "%icmp_ln243 = icmp_ne  i5 %uop_rename_ldst, i5 0" [/home/lab_726/boom/hls_boom/src/boom_core_merged.cpp:243]   --->   Operation 119 'icmp' 'icmp_ln243' <Predicate = (!state_rename_dispatch_packets_valid_0_load & !state_decode_dec_valids_0_load & state_frontend_fetch_packet_valid_load & or_ln == 25)> <Delay = 0.75> <CoreInst = "Cmp">   --->   Core 9 'Cmp' <Latency = 0> <II = 1> <Delay = 0.97> <FuncUnit> <Opcode : 'icmp'> <InPorts = 2> <OutPorts = 1>
ST_1 : Operation 120 [1/1] (0.17ns)   --->   "%uop_rename_dst_rtype_1 = select i1 %icmp_ln243, i2 0, i2 2" [/home/lab_726/boom/hls_boom/src/boom_core_merged.cpp:243]   --->   Operation 120 'select' 'uop_rename_dst_rtype_1' <Predicate = (!state_rename_dispatch_packets_valid_0_load & !state_decode_dec_valids_0_load & state_frontend_fetch_packet_valid_load & or_ln == 25)> <Delay = 0.17> <CoreInst = "Sel">   --->   Core 73 'Sel' <Latency = 0> <II = 1> <Delay = 0.35> <FuncUnit> <Opcode : 'select'> <InPorts = 3> <OutPorts = 1>
ST_1 : Operation 121 [1/1] (0.99ns)   --->   "%br_ln244 = br void %.thread109" [/home/lab_726/boom/hls_boom/src/boom_core_merged.cpp:244]   --->   Operation 121 'br' 'br_ln244' <Predicate = (!state_rename_dispatch_packets_valid_0_load & !state_decode_dec_valids_0_load & state_frontend_fetch_packet_valid_load & or_ln == 25)> <Delay = 0.99>
ST_1 : Operation 122 [1/1] (0.00ns)   --->   "%tmp_5 = partselect i10 @_ssdm_op_PartSelect.i10.i32.i32.i32, i32 %inst, i32 21, i32 30" [/home/lab_726/boom/hls_boom/src/boom_core_merged.cpp:200]   --->   Operation 122 'partselect' 'tmp_5' <Predicate = (!state_rename_dispatch_packets_valid_0_load & !state_decode_dec_valids_0_load & state_frontend_fetch_packet_valid_load & or_ln == 27)> <Delay = 0.00>
ST_1 : Operation 123 [1/1] (0.00ns)   --->   "%tmp = bitselect i1 @_ssdm_op_BitSelect.i1.i32.i32, i32 %inst, i32 20" [/home/lab_726/boom/hls_boom/src/boom_core_merged.cpp:200]   --->   Operation 123 'bitselect' 'tmp' <Predicate = (!state_rename_dispatch_packets_valid_0_load & !state_decode_dec_valids_0_load & state_frontend_fetch_packet_valid_load & or_ln == 27)> <Delay = 0.00>
ST_1 : Operation 124 [1/1] (0.00ns)   --->   "%tmp_6 = partselect i8 @_ssdm_op_PartSelect.i8.i32.i32.i32, i32 %inst, i32 12, i32 19" [/home/lab_726/boom/hls_boom/src/boom_core_merged.cpp:200]   --->   Operation 124 'partselect' 'tmp_6' <Predicate = (!state_rename_dispatch_packets_valid_0_load & !state_decode_dec_valids_0_load & state_frontend_fetch_packet_valid_load & or_ln == 27)> <Delay = 0.00>
ST_1 : Operation 125 [1/1] (0.00ns)   --->   "%tmp_19 = bitselect i1 @_ssdm_op_BitSelect.i1.i32.i32, i32 %inst, i32 31" [/home/lab_726/boom/hls_boom/src/boom_core_merged.cpp:200]   --->   Operation 125 'bitselect' 'tmp_19' <Predicate = (!state_rename_dispatch_packets_valid_0_load & !state_decode_dec_valids_0_load & state_frontend_fetch_packet_valid_load & or_ln == 27)> <Delay = 0.00>
ST_1 : Operation 126 [1/1] (0.00ns)   --->   "%and_ln200_2 = bitconcatenate i21 @_ssdm_op_BitConcatenate.i21.i1.i20, i1 %tmp_19, i20 0" [/home/lab_726/boom/hls_boom/src/boom_core_merged.cpp:200]   --->   Operation 126 'bitconcatenate' 'and_ln200_2' <Predicate = (!state_rename_dispatch_packets_valid_0_load & !state_decode_dec_valids_0_load & state_frontend_fetch_packet_valid_load & or_ln == 27)> <Delay = 0.00>
ST_1 : Operation 127 [1/1] (0.00ns)   --->   "%v = bitconcatenate i21 @_ssdm_op_BitConcatenate.i21.i1.i8.i1.i10.i1, i1 %tmp_19, i8 %tmp_6, i1 %tmp, i10 %tmp_5, i1 0" [/home/lab_726/boom/hls_boom/src/boom_core_merged.cpp:200]   --->   Operation 127 'bitconcatenate' 'v' <Predicate = (!state_rename_dispatch_packets_valid_0_load & !state_decode_dec_valids_0_load & state_frontend_fetch_packet_valid_load & or_ln == 27 & !icmp_ln201)> <Delay = 0.00>
ST_1 : Operation 128 [1/1] (0.00ns)   --->   "%zext_ln200 = zext i21 %v" [/home/lab_726/boom/hls_boom/src/boom_core_merged.cpp:200]   --->   Operation 128 'zext' 'zext_ln200' <Predicate = (!state_rename_dispatch_packets_valid_0_load & !state_decode_dec_valids_0_load & state_frontend_fetch_packet_valid_load & or_ln == 27 & !icmp_ln201)> <Delay = 0.00>
ST_1 : Operation 129 [1/1] (1.06ns)   --->   "%icmp_ln201 = icmp_ne  i21 %and_ln200_2, i21 0" [/home/lab_726/boom/hls_boom/src/boom_core_merged.cpp:201]   --->   Operation 129 'icmp' 'icmp_ln201' <Predicate = (!state_rename_dispatch_packets_valid_0_load & !state_decode_dec_valids_0_load & state_frontend_fetch_packet_valid_load & or_ln == 27)> <Delay = 1.06> <CoreInst = "Cmp">   --->   Core 9 'Cmp' <Latency = 0> <II = 1> <Delay = 0.97> <FuncUnit> <Opcode : 'icmp'> <InPorts = 2> <OutPorts = 1>
ST_1 : Operation 130 [1/1] (0.00ns)   --->   "%or_ln1 = bitconcatenate i22 @_ssdm_op_BitConcatenate.i22.i1.i1.i8.i1.i10.i1, i1 1, i1 %tmp_19, i8 %tmp_6, i1 %tmp, i10 %tmp_5, i1 0" [/home/lab_726/boom/hls_boom/src/boom_core_merged.cpp:201]   --->   Operation 130 'bitconcatenate' 'or_ln1' <Predicate = (!state_rename_dispatch_packets_valid_0_load & !state_decode_dec_valids_0_load & state_frontend_fetch_packet_valid_load & or_ln == 27 & icmp_ln201)> <Delay = 0.00>
ST_1 : Operation 131 [1/1] (0.34ns)   --->   "%v_10 = select i1 %icmp_ln201, i22 %or_ln1, i22 %zext_ln200" [/home/lab_726/boom/hls_boom/src/boom_core_merged.cpp:201]   --->   Operation 131 'select' 'v_10' <Predicate = (!state_rename_dispatch_packets_valid_0_load & !state_decode_dec_valids_0_load & state_frontend_fetch_packet_valid_load & or_ln == 27)> <Delay = 0.34> <CoreInst = "Sel">   --->   Core 73 'Sel' <Latency = 0> <II = 1> <Delay = 0.35> <FuncUnit> <Opcode : 'select'> <InPorts = 3> <OutPorts = 1>
ST_1 : Operation 132 [1/1] (0.00ns)   --->   "%sext_ln200 = sext i22 %v_10" [/home/lab_726/boom/hls_boom/src/boom_core_merged.cpp:200]   --->   Operation 132 'sext' 'sext_ln200' <Predicate = (!state_rename_dispatch_packets_valid_0_load & !state_decode_dec_valids_0_load & state_frontend_fetch_packet_valid_load & or_ln == 27)> <Delay = 0.00>
ST_1 : Operation 133 [1/1] (0.75ns)   --->   "%icmp_ln239 = icmp_ne  i5 %uop_rename_ldst, i5 0" [/home/lab_726/boom/hls_boom/src/boom_core_merged.cpp:239]   --->   Operation 133 'icmp' 'icmp_ln239' <Predicate = (!state_rename_dispatch_packets_valid_0_load & !state_decode_dec_valids_0_load & state_frontend_fetch_packet_valid_load & or_ln == 27)> <Delay = 0.75> <CoreInst = "Cmp">   --->   Core 9 'Cmp' <Latency = 0> <II = 1> <Delay = 0.97> <FuncUnit> <Opcode : 'icmp'> <InPorts = 2> <OutPorts = 1>
ST_1 : Operation 134 [1/1] (0.17ns)   --->   "%uop_rename_dst_rtype = select i1 %icmp_ln239, i2 0, i2 2" [/home/lab_726/boom/hls_boom/src/boom_core_merged.cpp:239]   --->   Operation 134 'select' 'uop_rename_dst_rtype' <Predicate = (!state_rename_dispatch_packets_valid_0_load & !state_decode_dec_valids_0_load & state_frontend_fetch_packet_valid_load & or_ln == 27)> <Delay = 0.17> <CoreInst = "Sel">   --->   Core 73 'Sel' <Latency = 0> <II = 1> <Delay = 0.35> <FuncUnit> <Opcode : 'select'> <InPorts = 3> <OutPorts = 1>
ST_1 : Operation 135 [1/1] (0.99ns)   --->   "%br_ln240 = br void %.thread109" [/home/lab_726/boom/hls_boom/src/boom_core_merged.cpp:240]   --->   Operation 135 'br' 'br_ln240' <Predicate = (!state_rename_dispatch_packets_valid_0_load & !state_decode_dec_valids_0_load & state_frontend_fetch_packet_valid_load & or_ln == 27)> <Delay = 0.99>
ST_1 : Operation 136 [1/1] (0.00ns)   --->   "%tmp_4 = partselect i20 @_ssdm_op_PartSelect.i20.i32.i32.i32, i32 %inst, i32 12, i32 31" [/home/lab_726/boom/hls_boom/src/boom_core_merged.cpp:198]   --->   Operation 136 'partselect' 'tmp_4' <Predicate = (!state_rename_dispatch_packets_valid_0_load & !state_decode_dec_valids_0_load & state_frontend_fetch_packet_valid_load & or_ln == 5)> <Delay = 0.00>
ST_1 : Operation 137 [1/1] (0.00ns)   --->   "%uop_imm_packed_1 = bitconcatenate i32 @_ssdm_op_BitConcatenate.i32.i20.i12, i20 %tmp_4, i12 0" [/home/lab_726/boom/hls_boom/src/boom_core_merged.cpp:198]   --->   Operation 137 'bitconcatenate' 'uop_imm_packed_1' <Predicate = (!state_rename_dispatch_packets_valid_0_load & !state_decode_dec_valids_0_load & state_frontend_fetch_packet_valid_load & or_ln == 5)> <Delay = 0.00>
ST_1 : Operation 138 [1/1] (0.99ns)   --->   "%br_ln236 = br void %.thread109" [/home/lab_726/boom/hls_boom/src/boom_core_merged.cpp:236]   --->   Operation 138 'br' 'br_ln236' <Predicate = (!state_rename_dispatch_packets_valid_0_load & !state_decode_dec_valids_0_load & state_frontend_fetch_packet_valid_load & or_ln == 5)> <Delay = 0.99>
ST_1 : Operation 139 [1/1] (0.00ns)   --->   "%tmp_3 = partselect i20 @_ssdm_op_PartSelect.i20.i32.i32.i32, i32 %inst, i32 12, i32 31" [/home/lab_726/boom/hls_boom/src/boom_core_merged.cpp:198]   --->   Operation 139 'partselect' 'tmp_3' <Predicate = (!state_rename_dispatch_packets_valid_0_load & !state_decode_dec_valids_0_load & state_frontend_fetch_packet_valid_load & or_ln == 13)> <Delay = 0.00>
ST_1 : Operation 140 [1/1] (0.00ns)   --->   "%uop_imm_packed = bitconcatenate i32 @_ssdm_op_BitConcatenate.i32.i20.i12, i20 %tmp_3, i12 0" [/home/lab_726/boom/hls_boom/src/boom_core_merged.cpp:198]   --->   Operation 140 'bitconcatenate' 'uop_imm_packed' <Predicate = (!state_rename_dispatch_packets_valid_0_load & !state_decode_dec_valids_0_load & state_frontend_fetch_packet_valid_load & or_ln == 13)> <Delay = 0.00>
ST_1 : Operation 141 [1/1] (0.99ns)   --->   "%br_ln233 = br void %.thread109" [/home/lab_726/boom/hls_boom/src/boom_core_merged.cpp:233]   --->   Operation 141 'br' 'br_ln233' <Predicate = (!state_rename_dispatch_packets_valid_0_load & !state_decode_dec_valids_0_load & state_frontend_fetch_packet_valid_load & or_ln == 13)> <Delay = 0.99>
ST_1 : Operation 142 [1/1] (0.00ns)   --->   "%uop_12206_0385_ph = phi i32 %uop_imm_packed, void, i32 %uop_imm_packed_1, void, i32 %sext_ln200, void, i32 %sext_ln192, void, i32 %sext_ln196, void, i32 %sext_ln196, void, i32 %sext_ln196, void, i32 %sext_ln196, void, i32 %sext_ln196, void, i32 %sext_ln192_1, void, i32 %sext_ln192_1, void, i32 %sext_ln192_1, void, i32 %sext_ln192_1, void, i32 %sext_ln192_1, void, i32 %sext_ln192_1, void, i32 %sext_ln194_1, void, i32 %sext_ln194_1, void, i32 %sext_ln194_1, void, i32 %sext_ln192_2, void, i32 %sext_ln192_2, void, i32 %sext_ln192_2, void, i32 %sext_ln192_2, void, i32 %sext_ln192_2, void, i32 %sext_ln192_2, void, i32 %sext_ln192_2, void, i32 %sext_ln192_3, void, i32 %sext_ln192_3, void, i32 0, void, i32 0, void, i32 0, void, i32 0, void, i32 0, void, i32 0, void, i32 0, void, i32 0, void, i32 0, void, i32 0, void, i32 0, void, i32 0, void, i32 0, void, i32 0, void, i32 0, void, i32 0, void %memset.loop105, i32 %sext_ln196, void, i32 %sext_ln192_1, void, i32 %sext_ln194_1, void, i32 %sext_ln192_2, void, i32 %sext_ln192_3, void, i32 0, void, i32 0, void, i32 0, void, i32 0, void"   --->   Operation 142 'phi' 'uop_12206_0385_ph' <Predicate = (!state_rename_dispatch_packets_valid_0_load & !state_decode_dec_valids_0_load & state_frontend_fetch_packet_valid_load & or_ln == 28 & f3 != 0 & f3 != 4) | (!state_rename_dispatch_packets_valid_0_load & !state_decode_dec_valids_0_load & state_frontend_fetch_packet_valid_load & or_ln == 28 & icmp_ln311) | (!state_rename_dispatch_packets_valid_0_load & !state_decode_dec_valids_0_load & state_frontend_fetch_packet_valid_load & or_ln == 3) | (!state_rename_dispatch_packets_valid_0_load & !state_decode_dec_valids_0_load & state_frontend_fetch_packet_valid_load & or_ln == 14 & f3 != 2 & f3 != 3 & f3 != 6 & f3 != 7 & f3 != 4) | (!state_rename_dispatch_packets_valid_0_load & !state_decode_dec_valids_0_load & state_frontend_fetch_packet_valid_load & or_ln == 12 & icmp_ln294) | (!state_rename_dispatch_packets_valid_0_load & !state_decode_dec_valids_0_load & state_frontend_fetch_packet_valid_load & or_ln == 12 & !icmp_ln293) | (!state_rename_dispatch_packets_valid_0_load & !state_decode_dec_valids_0_load & state_frontend_fetch_packet_valid_load & or_ln == 6 & f3 != 2 & f3 != 3 & f3 != 6 & f3 != 7 & f3 != 4) | (!state_rename_dispatch_packets_valid_0_load & !state_decode_dec_valids_0_load & state_frontend_fetch_packet_valid_load & or_ln == 4) | (!state_rename_dispatch_packets_valid_0_load & !state_decode_dec_valids_0_load & state_frontend_fetch_packet_valid_load & or_ln == 8 & f3 != 5 & f3 != 6 & f3 != 7 & f3 != 4) | (!state_rename_dispatch_packets_valid_0_load & !state_decode_dec_valids_0_load & state_frontend_fetch_packet_valid_load & or_ln == 0 & f3 != 7) | (!state_rename_dispatch_packets_valid_0_load & !state_decode_dec_valids_0_load & state_frontend_fetch_packet_valid_load & or_ln == 24 & f3 != 2 & f3 != 3) | (!state_rename_dispatch_packets_valid_0_load & !state_decode_dec_valids_0_load & state_frontend_fetch_packet_valid_load & or_ln == 25) | (!state_rename_dispatch_packets_valid_0_load & !state_decode_dec_valids_0_load & state_frontend_fetch_packet_valid_load & or_ln == 27) | (!state_rename_dispatch_packets_valid_0_load & !state_decode_dec_valids_0_load & state_frontend_fetch_packet_valid_load & or_ln == 5) | (!state_rename_dispatch_packets_valid_0_load & !state_decode_dec_valids_0_load & state_frontend_fetch_packet_valid_load & or_ln == 13)> <Delay = 0.00>
ST_1 : Operation 143 [1/1] (0.00ns)   --->   "%uop_13207_0484_ph = phi i12 0, void, i12 0, void, i12 0, void, i12 0, void, i12 0, void, i12 0, void, i12 0, void, i12 0, void, i12 0, void, i12 0, void, i12 0, void, i12 0, void, i12 0, void, i12 0, void, i12 0, void, i12 0, void, i12 0, void, i12 0, void, i12 0, void, i12 0, void, i12 0, void, i12 0, void, i12 0, void, i12 0, void, i12 0, void, i12 0, void, i12 0, void, i12 0, void, i12 0, void, i12 0, void, i12 0, void, i12 0, void, i12 0, void, i12 0, void, i12 0, void, i12 0, void, i12 %v_11, void, i12 %v_11, void, i12 %v_11, void, i12 %v_11, void, i12 %v_11, void, i12 0, void, i12 0, void %memset.loop105, i12 0, void, i12 0, void, i12 0, void, i12 0, void, i12 0, void, i12 0, void, i12 0, void, i12 0, void, i12 %v_11, void"   --->   Operation 143 'phi' 'uop_13207_0484_ph' <Predicate = (!state_rename_dispatch_packets_valid_0_load & !state_decode_dec_valids_0_load & state_frontend_fetch_packet_valid_load & or_ln == 28 & f3 != 0 & f3 != 4) | (!state_rename_dispatch_packets_valid_0_load & !state_decode_dec_valids_0_load & state_frontend_fetch_packet_valid_load & or_ln == 28 & icmp_ln311) | (!state_rename_dispatch_packets_valid_0_load & !state_decode_dec_valids_0_load & state_frontend_fetch_packet_valid_load & or_ln == 3) | (!state_rename_dispatch_packets_valid_0_load & !state_decode_dec_valids_0_load & state_frontend_fetch_packet_valid_load & or_ln == 14 & f3 != 2 & f3 != 3 & f3 != 6 & f3 != 7 & f3 != 4) | (!state_rename_dispatch_packets_valid_0_load & !state_decode_dec_valids_0_load & state_frontend_fetch_packet_valid_load & or_ln == 12 & icmp_ln294) | (!state_rename_dispatch_packets_valid_0_load & !state_decode_dec_valids_0_load & state_frontend_fetch_packet_valid_load & or_ln == 12 & !icmp_ln293) | (!state_rename_dispatch_packets_valid_0_load & !state_decode_dec_valids_0_load & state_frontend_fetch_packet_valid_load & or_ln == 6 & f3 != 2 & f3 != 3 & f3 != 6 & f3 != 7 & f3 != 4) | (!state_rename_dispatch_packets_valid_0_load & !state_decode_dec_valids_0_load & state_frontend_fetch_packet_valid_load & or_ln == 4) | (!state_rename_dispatch_packets_valid_0_load & !state_decode_dec_valids_0_load & state_frontend_fetch_packet_valid_load & or_ln == 8 & f3 != 5 & f3 != 6 & f3 != 7 & f3 != 4) | (!state_rename_dispatch_packets_valid_0_load & !state_decode_dec_valids_0_load & state_frontend_fetch_packet_valid_load & or_ln == 0 & f3 != 7) | (!state_rename_dispatch_packets_valid_0_load & !state_decode_dec_valids_0_load & state_frontend_fetch_packet_valid_load & or_ln == 24 & f3 != 2 & f3 != 3) | (!state_rename_dispatch_packets_valid_0_load & !state_decode_dec_valids_0_load & state_frontend_fetch_packet_valid_load & or_ln == 25) | (!state_rename_dispatch_packets_valid_0_load & !state_decode_dec_valids_0_load & state_frontend_fetch_packet_valid_load & or_ln == 27) | (!state_rename_dispatch_packets_valid_0_load & !state_decode_dec_valids_0_load & state_frontend_fetch_packet_valid_load & or_ln == 5) | (!state_rename_dispatch_packets_valid_0_load & !state_decode_dec_valids_0_load & state_frontend_fetch_packet_valid_load & or_ln == 13)> <Delay = 0.00>
ST_1 : Operation 144 [1/1] (0.00ns)   --->   "%uop_15_14259_0583_ph = phi i2 0, void, i2 0, void, i2 %uop_rename_dst_rtype, void, i2 %uop_rename_dst_rtype_1, void, i2 3, void, i2 3, void, i2 3, void, i2 3, void, i2 3, void, i2 0, void, i2 0, void, i2 0, void, i2 0, void, i2 0, void, i2 0, void, i2 3, void, i2 3, void, i2 3, void, i2 0, void, i2 0, void, i2 0, void, i2 0, void, i2 0, void, i2 0, void, i2 0, void, i2 0, void, i2 0, void, i2 0, void, i2 0, void, i2 0, void, i2 0, void, i2 0, void, i2 0, void, i2 0, void, i2 0, void, i2 0, void, i2 0, void, i2 0, void, i2 0, void, i2 0, void, i2 0, void, i2 %select_ln311, void, i2 3, void %memset.loop105, i2 3, void, i2 0, void, i2 3, void, i2 0, void, i2 0, void, i2 0, void, i2 0, void, i2 0, void, i2 0, void"   --->   Operation 144 'phi' 'uop_15_14259_0583_ph' <Predicate = (!state_rename_dispatch_packets_valid_0_load & !state_decode_dec_valids_0_load & state_frontend_fetch_packet_valid_load & or_ln == 28 & f3 != 0 & f3 != 4) | (!state_rename_dispatch_packets_valid_0_load & !state_decode_dec_valids_0_load & state_frontend_fetch_packet_valid_load & or_ln == 28 & icmp_ln311) | (!state_rename_dispatch_packets_valid_0_load & !state_decode_dec_valids_0_load & state_frontend_fetch_packet_valid_load & or_ln == 3) | (!state_rename_dispatch_packets_valid_0_load & !state_decode_dec_valids_0_load & state_frontend_fetch_packet_valid_load & or_ln == 14 & f3 != 2 & f3 != 3 & f3 != 6 & f3 != 7 & f3 != 4) | (!state_rename_dispatch_packets_valid_0_load & !state_decode_dec_valids_0_load & state_frontend_fetch_packet_valid_load & or_ln == 12 & icmp_ln294) | (!state_rename_dispatch_packets_valid_0_load & !state_decode_dec_valids_0_load & state_frontend_fetch_packet_valid_load & or_ln == 12 & !icmp_ln293) | (!state_rename_dispatch_packets_valid_0_load & !state_decode_dec_valids_0_load & state_frontend_fetch_packet_valid_load & or_ln == 6 & f3 != 2 & f3 != 3 & f3 != 6 & f3 != 7 & f3 != 4) | (!state_rename_dispatch_packets_valid_0_load & !state_decode_dec_valids_0_load & state_frontend_fetch_packet_valid_load & or_ln == 4) | (!state_rename_dispatch_packets_valid_0_load & !state_decode_dec_valids_0_load & state_frontend_fetch_packet_valid_load & or_ln == 8 & f3 != 5 & f3 != 6 & f3 != 7 & f3 != 4) | (!state_rename_dispatch_packets_valid_0_load & !state_decode_dec_valids_0_load & state_frontend_fetch_packet_valid_load & or_ln == 0 & f3 != 7) | (!state_rename_dispatch_packets_valid_0_load & !state_decode_dec_valids_0_load & state_frontend_fetch_packet_valid_load & or_ln == 24 & f3 != 2 & f3 != 3) | (!state_rename_dispatch_packets_valid_0_load & !state_decode_dec_valids_0_load & state_frontend_fetch_packet_valid_load & or_ln == 25) | (!state_rename_dispatch_packets_valid_0_load & !state_decode_dec_valids_0_load & state_frontend_fetch_packet_valid_load & or_ln == 27) | (!state_rename_dispatch_packets_valid_0_load & !state_decode_dec_valids_0_load & state_frontend_fetch_packet_valid_load & or_ln == 5) | (!state_rename_dispatch_packets_valid_0_load & !state_decode_dec_valids_0_load & state_frontend_fetch_packet_valid_load & or_ln == 13)> <Delay = 0.00>
ST_1 : Operation 145 [1/1] (0.00ns)   --->   "%uop_17209_0782_ph = phi i4 0, void, i4 0, void, i4 0, void, i4 0, void, i4 0, void, i4 0, void, i4 0, void, i4 0, void, i4 0, void, i4 0, void, i4 0, void, i4 0, void, i4 0, void, i4 0, void, i4 0, void, i4 0, void, i4 0, void, i4 0, void, i4 0, void, i4 0, void, i4 0, void, i4 0, void, i4 0, void, i4 0, void, i4 0, void, i4 0, void, i4 0, void, i4 0, void, i4 0, void, i4 0, void, i4 0, void, i4 0, void, i4 0, void, i4 0, void, i4 0, void, i4 0, void, i4 0, void, i4 0, void, i4 0, void, i4 0, void, i4 0, void, i4 %uop_exc_cause, void, i4 0, void %memset.loop105, i4 0, void, i4 0, void, i4 0, void, i4 0, void, i4 0, void, i4 0, void, i4 0, void, i4 0, void, i4 0, void"   --->   Operation 145 'phi' 'uop_17209_0782_ph' <Predicate = (!state_rename_dispatch_packets_valid_0_load & !state_decode_dec_valids_0_load & state_frontend_fetch_packet_valid_load & or_ln == 28 & f3 != 0 & f3 != 4) | (!state_rename_dispatch_packets_valid_0_load & !state_decode_dec_valids_0_load & state_frontend_fetch_packet_valid_load & or_ln == 28 & icmp_ln311) | (!state_rename_dispatch_packets_valid_0_load & !state_decode_dec_valids_0_load & state_frontend_fetch_packet_valid_load & or_ln == 3) | (!state_rename_dispatch_packets_valid_0_load & !state_decode_dec_valids_0_load & state_frontend_fetch_packet_valid_load & or_ln == 14 & f3 != 2 & f3 != 3 & f3 != 6 & f3 != 7 & f3 != 4) | (!state_rename_dispatch_packets_valid_0_load & !state_decode_dec_valids_0_load & state_frontend_fetch_packet_valid_load & or_ln == 12 & icmp_ln294) | (!state_rename_dispatch_packets_valid_0_load & !state_decode_dec_valids_0_load & state_frontend_fetch_packet_valid_load & or_ln == 12 & !icmp_ln293) | (!state_rename_dispatch_packets_valid_0_load & !state_decode_dec_valids_0_load & state_frontend_fetch_packet_valid_load & or_ln == 6 & f3 != 2 & f3 != 3 & f3 != 6 & f3 != 7 & f3 != 4) | (!state_rename_dispatch_packets_valid_0_load & !state_decode_dec_valids_0_load & state_frontend_fetch_packet_valid_load & or_ln == 4) | (!state_rename_dispatch_packets_valid_0_load & !state_decode_dec_valids_0_load & state_frontend_fetch_packet_valid_load & or_ln == 8 & f3 != 5 & f3 != 6 & f3 != 7 & f3 != 4) | (!state_rename_dispatch_packets_valid_0_load & !state_decode_dec_valids_0_load & state_frontend_fetch_packet_valid_load & or_ln == 0 & f3 != 7) | (!state_rename_dispatch_packets_valid_0_load & !state_decode_dec_valids_0_load & state_frontend_fetch_packet_valid_load & or_ln == 24 & f3 != 2 & f3 != 3) | (!state_rename_dispatch_packets_valid_0_load & !state_decode_dec_valids_0_load & state_frontend_fetch_packet_valid_load & or_ln == 25) | (!state_rename_dispatch_packets_valid_0_load & !state_decode_dec_valids_0_load & state_frontend_fetch_packet_valid_load & or_ln == 27) | (!state_rename_dispatch_packets_valid_0_load & !state_decode_dec_valids_0_load & state_frontend_fetch_packet_valid_load & or_ln == 5) | (!state_rename_dispatch_packets_valid_0_load & !state_decode_dec_valids_0_load & state_frontend_fetch_packet_valid_load & or_ln == 13)> <Delay = 0.00>
ST_1 : Operation 146 [1/1] (0.00ns)   --->   "%uop_20211_0881_ph = phi i1 0, void, i1 0, void, i1 0, void, i1 0, void, i1 0, void, i1 0, void, i1 0, void, i1 0, void, i1 0, void, i1 0, void, i1 0, void, i1 0, void, i1 0, void, i1 0, void, i1 0, void, i1 0, void, i1 0, void, i1 0, void, i1 0, void, i1 0, void, i1 0, void, i1 0, void, i1 0, void, i1 0, void, i1 0, void, i1 0, void, i1 0, void, i1 0, void, i1 0, void, i1 0, void, i1 0, void, i1 0, void, i1 0, void, i1 0, void, i1 0, void, i1 0, void, i1 0, void, i1 0, void, i1 0, void, i1 0, void, i1 0, void, i1 %uop_is_sys_pc2epc, void, i1 0, void %memset.loop105, i1 0, void, i1 0, void, i1 0, void, i1 0, void, i1 0, void, i1 0, void, i1 0, void, i1 0, void, i1 0, void"   --->   Operation 146 'phi' 'uop_20211_0881_ph' <Predicate = (!state_rename_dispatch_packets_valid_0_load & !state_decode_dec_valids_0_load & state_frontend_fetch_packet_valid_load & or_ln == 28 & f3 != 0 & f3 != 4) | (!state_rename_dispatch_packets_valid_0_load & !state_decode_dec_valids_0_load & state_frontend_fetch_packet_valid_load & or_ln == 28 & icmp_ln311) | (!state_rename_dispatch_packets_valid_0_load & !state_decode_dec_valids_0_load & state_frontend_fetch_packet_valid_load & or_ln == 3) | (!state_rename_dispatch_packets_valid_0_load & !state_decode_dec_valids_0_load & state_frontend_fetch_packet_valid_load & or_ln == 14 & f3 != 2 & f3 != 3 & f3 != 6 & f3 != 7 & f3 != 4) | (!state_rename_dispatch_packets_valid_0_load & !state_decode_dec_valids_0_load & state_frontend_fetch_packet_valid_load & or_ln == 12 & icmp_ln294) | (!state_rename_dispatch_packets_valid_0_load & !state_decode_dec_valids_0_load & state_frontend_fetch_packet_valid_load & or_ln == 12 & !icmp_ln293) | (!state_rename_dispatch_packets_valid_0_load & !state_decode_dec_valids_0_load & state_frontend_fetch_packet_valid_load & or_ln == 6 & f3 != 2 & f3 != 3 & f3 != 6 & f3 != 7 & f3 != 4) | (!state_rename_dispatch_packets_valid_0_load & !state_decode_dec_valids_0_load & state_frontend_fetch_packet_valid_load & or_ln == 4) | (!state_rename_dispatch_packets_valid_0_load & !state_decode_dec_valids_0_load & state_frontend_fetch_packet_valid_load & or_ln == 8 & f3 != 5 & f3 != 6 & f3 != 7 & f3 != 4) | (!state_rename_dispatch_packets_valid_0_load & !state_decode_dec_valids_0_load & state_frontend_fetch_packet_valid_load & or_ln == 0 & f3 != 7) | (!state_rename_dispatch_packets_valid_0_load & !state_decode_dec_valids_0_load & state_frontend_fetch_packet_valid_load & or_ln == 24 & f3 != 2 & f3 != 3) | (!state_rename_dispatch_packets_valid_0_load & !state_decode_dec_valids_0_load & state_frontend_fetch_packet_valid_load & or_ln == 25) | (!state_rename_dispatch_packets_valid_0_load & !state_decode_dec_valids_0_load & state_frontend_fetch_packet_valid_load & or_ln == 27) | (!state_rename_dispatch_packets_valid_0_load & !state_decode_dec_valids_0_load & state_frontend_fetch_packet_valid_load & or_ln == 5) | (!state_rename_dispatch_packets_valid_0_load & !state_decode_dec_valids_0_load & state_frontend_fetch_packet_valid_load & or_ln == 13)> <Delay = 0.00>
ST_1 : Operation 147 [1/1] (0.00ns)   --->   "%p_19_2980_ph = phi i1 0, void, i1 0, void, i1 0, void, i1 0, void, i1 0, void, i1 0, void, i1 0, void, i1 0, void, i1 0, void, i1 1, void, i1 1, void, i1 1, void, i1 0, void, i1 0, void, i1 0, void, i1 0, void, i1 0, void, i1 0, void, i1 0, void, i1 0, void, i1 0, void, i1 0, void, i1 0, void, i1 0, void, i1 0, void, i1 0, void, i1 0, void, i1 0, void, i1 0, void, i1 0, void, i1 0, void, i1 0, void, i1 0, void, i1 0, void, i1 0, void, i1 0, void, i1 0, void, i1 0, void, i1 0, void, i1 0, void, i1 0, void, i1 0, void, i1 0, void %memset.loop105, i1 0, void, i1 1, void, i1 0, void, i1 0, void, i1 0, void, i1 0, void, i1 0, void, i1 0, void, i1 0, void"   --->   Operation 147 'phi' 'p_19_2980_ph' <Predicate = (!state_rename_dispatch_packets_valid_0_load & !state_decode_dec_valids_0_load & state_frontend_fetch_packet_valid_load & or_ln == 28 & f3 != 0 & f3 != 4) | (!state_rename_dispatch_packets_valid_0_load & !state_decode_dec_valids_0_load & state_frontend_fetch_packet_valid_load & or_ln == 28 & icmp_ln311) | (!state_rename_dispatch_packets_valid_0_load & !state_decode_dec_valids_0_load & state_frontend_fetch_packet_valid_load & or_ln == 3) | (!state_rename_dispatch_packets_valid_0_load & !state_decode_dec_valids_0_load & state_frontend_fetch_packet_valid_load & or_ln == 14 & f3 != 2 & f3 != 3 & f3 != 6 & f3 != 7 & f3 != 4) | (!state_rename_dispatch_packets_valid_0_load & !state_decode_dec_valids_0_load & state_frontend_fetch_packet_valid_load & or_ln == 12 & icmp_ln294) | (!state_rename_dispatch_packets_valid_0_load & !state_decode_dec_valids_0_load & state_frontend_fetch_packet_valid_load & or_ln == 12 & !icmp_ln293) | (!state_rename_dispatch_packets_valid_0_load & !state_decode_dec_valids_0_load & state_frontend_fetch_packet_valid_load & or_ln == 6 & f3 != 2 & f3 != 3 & f3 != 6 & f3 != 7 & f3 != 4) | (!state_rename_dispatch_packets_valid_0_load & !state_decode_dec_valids_0_load & state_frontend_fetch_packet_valid_load & or_ln == 4) | (!state_rename_dispatch_packets_valid_0_load & !state_decode_dec_valids_0_load & state_frontend_fetch_packet_valid_load & or_ln == 8 & f3 != 5 & f3 != 6 & f3 != 7 & f3 != 4) | (!state_rename_dispatch_packets_valid_0_load & !state_decode_dec_valids_0_load & state_frontend_fetch_packet_valid_load & or_ln == 0 & f3 != 7) | (!state_rename_dispatch_packets_valid_0_load & !state_decode_dec_valids_0_load & state_frontend_fetch_packet_valid_load & or_ln == 24 & f3 != 2 & f3 != 3) | (!state_rename_dispatch_packets_valid_0_load & !state_decode_dec_valids_0_load & state_frontend_fetch_packet_valid_load & or_ln == 25) | (!state_rename_dispatch_packets_valid_0_load & !state_decode_dec_valids_0_load & state_frontend_fetch_packet_valid_load & or_ln == 27) | (!state_rename_dispatch_packets_valid_0_load & !state_decode_dec_valids_0_load & state_frontend_fetch_packet_valid_load & or_ln == 5) | (!state_rename_dispatch_packets_valid_0_load & !state_decode_dec_valids_0_load & state_frontend_fetch_packet_valid_load & or_ln == 13)> <Delay = 0.00>
ST_1 : Operation 148 [1/1] (0.00ns)   --->   "%p_19_11079_ph = phi i2 0, void, i2 0, void, i2 0, void, i2 0, void, i2 0, void, i2 0, void, i2 0, void, i2 0, void, i2 0, void, i2 1, void, i2 2, void, i2 3, void, i2 0, void, i2 1, void, i2 2, void, i2 1, void, i2 2, void, i2 3, void, i2 0, void, i2 0, void, i2 0, void, i2 0, void, i2 0, void, i2 0, void, i2 0, void, i2 0, void, i2 0, void, i2 0, void, i2 0, void, i2 0, void, i2 0, void, i2 0, void, i2 0, void, i2 0, void, i2 0, void, i2 0, void, i2 0, void, i2 0, void, i2 0, void, i2 0, void, i2 0, void, i2 0, void, i2 0, void %memset.loop105, i2 0, void, i2 0, void, i2 0, void, i2 0, void, i2 0, void, i2 0, void, i2 0, void, i2 0, void, i2 0, void"   --->   Operation 148 'phi' 'p_19_11079_ph' <Predicate = (!state_rename_dispatch_packets_valid_0_load & !state_decode_dec_valids_0_load & state_frontend_fetch_packet_valid_load & or_ln == 28 & f3 != 0 & f3 != 4) | (!state_rename_dispatch_packets_valid_0_load & !state_decode_dec_valids_0_load & state_frontend_fetch_packet_valid_load & or_ln == 28 & icmp_ln311) | (!state_rename_dispatch_packets_valid_0_load & !state_decode_dec_valids_0_load & state_frontend_fetch_packet_valid_load & or_ln == 3) | (!state_rename_dispatch_packets_valid_0_load & !state_decode_dec_valids_0_load & state_frontend_fetch_packet_valid_load & or_ln == 14 & f3 != 2 & f3 != 3 & f3 != 6 & f3 != 7 & f3 != 4) | (!state_rename_dispatch_packets_valid_0_load & !state_decode_dec_valids_0_load & state_frontend_fetch_packet_valid_load & or_ln == 12 & icmp_ln294) | (!state_rename_dispatch_packets_valid_0_load & !state_decode_dec_valids_0_load & state_frontend_fetch_packet_valid_load & or_ln == 12 & !icmp_ln293) | (!state_rename_dispatch_packets_valid_0_load & !state_decode_dec_valids_0_load & state_frontend_fetch_packet_valid_load & or_ln == 6 & f3 != 2 & f3 != 3 & f3 != 6 & f3 != 7 & f3 != 4) | (!state_rename_dispatch_packets_valid_0_load & !state_decode_dec_valids_0_load & state_frontend_fetch_packet_valid_load & or_ln == 4) | (!state_rename_dispatch_packets_valid_0_load & !state_decode_dec_valids_0_load & state_frontend_fetch_packet_valid_load & or_ln == 8 & f3 != 5 & f3 != 6 & f3 != 7 & f3 != 4) | (!state_rename_dispatch_packets_valid_0_load & !state_decode_dec_valids_0_load & state_frontend_fetch_packet_valid_load & or_ln == 0 & f3 != 7) | (!state_rename_dispatch_packets_valid_0_load & !state_decode_dec_valids_0_load & state_frontend_fetch_packet_valid_load & or_ln == 24 & f3 != 2 & f3 != 3) | (!state_rename_dispatch_packets_valid_0_load & !state_decode_dec_valids_0_load & state_frontend_fetch_packet_valid_load & or_ln == 25) | (!state_rename_dispatch_packets_valid_0_load & !state_decode_dec_valids_0_load & state_frontend_fetch_packet_valid_load & or_ln == 27) | (!state_rename_dispatch_packets_valid_0_load & !state_decode_dec_valids_0_load & state_frontend_fetch_packet_valid_load & or_ln == 5) | (!state_rename_dispatch_packets_valid_0_load & !state_decode_dec_valids_0_load & state_frontend_fetch_packet_valid_load & or_ln == 13)> <Delay = 0.00>
ST_1 : Operation 149 [1/1] (0.00ns)   --->   "%p_11_81178_ph = phi i1 0, void, i1 0, void, i1 1, void, i1 0, void, i1 0, void, i1 0, void, i1 0, void, i1 0, void, i1 0, void, i1 0, void, i1 0, void, i1 0, void, i1 0, void, i1 0, void, i1 0, void, i1 0, void, i1 0, void, i1 0, void, i1 0, void, i1 0, void, i1 0, void, i1 0, void, i1 0, void, i1 0, void, i1 0, void, i1 0, void, i1 0, void, i1 0, void, i1 0, void, i1 0, void, i1 0, void, i1 0, void, i1 0, void, i1 0, void, i1 0, void, i1 0, void, i1 0, void, i1 0, void, i1 0, void, i1 0, void, i1 0, void, i1 0, void, i1 0, void %memset.loop105, i1 0, void, i1 0, void, i1 0, void, i1 0, void, i1 0, void, i1 0, void, i1 0, void, i1 0, void, i1 0, void"   --->   Operation 149 'phi' 'p_11_81178_ph' <Predicate = (!state_rename_dispatch_packets_valid_0_load & !state_decode_dec_valids_0_load & state_frontend_fetch_packet_valid_load & or_ln == 28 & f3 != 0 & f3 != 4) | (!state_rename_dispatch_packets_valid_0_load & !state_decode_dec_valids_0_load & state_frontend_fetch_packet_valid_load & or_ln == 28 & icmp_ln311) | (!state_rename_dispatch_packets_valid_0_load & !state_decode_dec_valids_0_load & state_frontend_fetch_packet_valid_load & or_ln == 3) | (!state_rename_dispatch_packets_valid_0_load & !state_decode_dec_valids_0_load & state_frontend_fetch_packet_valid_load & or_ln == 14 & f3 != 2 & f3 != 3 & f3 != 6 & f3 != 7 & f3 != 4) | (!state_rename_dispatch_packets_valid_0_load & !state_decode_dec_valids_0_load & state_frontend_fetch_packet_valid_load & or_ln == 12 & icmp_ln294) | (!state_rename_dispatch_packets_valid_0_load & !state_decode_dec_valids_0_load & state_frontend_fetch_packet_valid_load & or_ln == 12 & !icmp_ln293) | (!state_rename_dispatch_packets_valid_0_load & !state_decode_dec_valids_0_load & state_frontend_fetch_packet_valid_load & or_ln == 6 & f3 != 2 & f3 != 3 & f3 != 6 & f3 != 7 & f3 != 4) | (!state_rename_dispatch_packets_valid_0_load & !state_decode_dec_valids_0_load & state_frontend_fetch_packet_valid_load & or_ln == 4) | (!state_rename_dispatch_packets_valid_0_load & !state_decode_dec_valids_0_load & state_frontend_fetch_packet_valid_load & or_ln == 8 & f3 != 5 & f3 != 6 & f3 != 7 & f3 != 4) | (!state_rename_dispatch_packets_valid_0_load & !state_decode_dec_valids_0_load & state_frontend_fetch_packet_valid_load & or_ln == 0 & f3 != 7) | (!state_rename_dispatch_packets_valid_0_load & !state_decode_dec_valids_0_load & state_frontend_fetch_packet_valid_load & or_ln == 24 & f3 != 2 & f3 != 3) | (!state_rename_dispatch_packets_valid_0_load & !state_decode_dec_valids_0_load & state_frontend_fetch_packet_valid_load & or_ln == 25) | (!state_rename_dispatch_packets_valid_0_load & !state_decode_dec_valids_0_load & state_frontend_fetch_packet_valid_load & or_ln == 27) | (!state_rename_dispatch_packets_valid_0_load & !state_decode_dec_valids_0_load & state_frontend_fetch_packet_valid_load & or_ln == 5) | (!state_rename_dispatch_packets_valid_0_load & !state_decode_dec_valids_0_load & state_frontend_fetch_packet_valid_load & or_ln == 13)> <Delay = 0.00>
ST_1 : Operation 150 [1/1] (0.00ns)   --->   "%p_11_71277_ph = phi i1 0, void, i1 0, void, i1 0, void, i1 1, void, i1 0, void, i1 0, void, i1 0, void, i1 0, void, i1 0, void, i1 0, void, i1 0, void, i1 0, void, i1 0, void, i1 0, void, i1 0, void, i1 0, void, i1 0, void, i1 0, void, i1 0, void, i1 0, void, i1 0, void, i1 0, void, i1 0, void, i1 0, void, i1 0, void, i1 0, void, i1 0, void, i1 0, void, i1 0, void, i1 0, void, i1 0, void, i1 0, void, i1 0, void, i1 0, void, i1 0, void, i1 0, void, i1 0, void, i1 0, void, i1 0, void, i1 0, void, i1 0, void, i1 0, void, i1 0, void %memset.loop105, i1 0, void, i1 0, void, i1 0, void, i1 0, void, i1 0, void, i1 0, void, i1 0, void, i1 0, void, i1 0, void"   --->   Operation 150 'phi' 'p_11_71277_ph' <Predicate = (!state_rename_dispatch_packets_valid_0_load & !state_decode_dec_valids_0_load & state_frontend_fetch_packet_valid_load & or_ln == 28 & f3 != 0 & f3 != 4) | (!state_rename_dispatch_packets_valid_0_load & !state_decode_dec_valids_0_load & state_frontend_fetch_packet_valid_load & or_ln == 28 & icmp_ln311) | (!state_rename_dispatch_packets_valid_0_load & !state_decode_dec_valids_0_load & state_frontend_fetch_packet_valid_load & or_ln == 3) | (!state_rename_dispatch_packets_valid_0_load & !state_decode_dec_valids_0_load & state_frontend_fetch_packet_valid_load & or_ln == 14 & f3 != 2 & f3 != 3 & f3 != 6 & f3 != 7 & f3 != 4) | (!state_rename_dispatch_packets_valid_0_load & !state_decode_dec_valids_0_load & state_frontend_fetch_packet_valid_load & or_ln == 12 & icmp_ln294) | (!state_rename_dispatch_packets_valid_0_load & !state_decode_dec_valids_0_load & state_frontend_fetch_packet_valid_load & or_ln == 12 & !icmp_ln293) | (!state_rename_dispatch_packets_valid_0_load & !state_decode_dec_valids_0_load & state_frontend_fetch_packet_valid_load & or_ln == 6 & f3 != 2 & f3 != 3 & f3 != 6 & f3 != 7 & f3 != 4) | (!state_rename_dispatch_packets_valid_0_load & !state_decode_dec_valids_0_load & state_frontend_fetch_packet_valid_load & or_ln == 4) | (!state_rename_dispatch_packets_valid_0_load & !state_decode_dec_valids_0_load & state_frontend_fetch_packet_valid_load & or_ln == 8 & f3 != 5 & f3 != 6 & f3 != 7 & f3 != 4) | (!state_rename_dispatch_packets_valid_0_load & !state_decode_dec_valids_0_load & state_frontend_fetch_packet_valid_load & or_ln == 0 & f3 != 7) | (!state_rename_dispatch_packets_valid_0_load & !state_decode_dec_valids_0_load & state_frontend_fetch_packet_valid_load & or_ln == 24 & f3 != 2 & f3 != 3) | (!state_rename_dispatch_packets_valid_0_load & !state_decode_dec_valids_0_load & state_frontend_fetch_packet_valid_load & or_ln == 25) | (!state_rename_dispatch_packets_valid_0_load & !state_decode_dec_valids_0_load & state_frontend_fetch_packet_valid_load & or_ln == 27) | (!state_rename_dispatch_packets_valid_0_load & !state_decode_dec_valids_0_load & state_frontend_fetch_packet_valid_load & or_ln == 5) | (!state_rename_dispatch_packets_valid_0_load & !state_decode_dec_valids_0_load & state_frontend_fetch_packet_valid_load & or_ln == 13)> <Delay = 0.00>
ST_1 : Operation 151 [1/1] (0.00ns)   --->   "%p_11_61376_ph = phi i1 0, void, i1 0, void, i1 0, void, i1 0, void, i1 1, void, i1 1, void, i1 1, void, i1 1, void, i1 1, void, i1 0, void, i1 0, void, i1 0, void, i1 0, void, i1 0, void, i1 0, void, i1 0, void, i1 0, void, i1 0, void, i1 0, void, i1 0, void, i1 0, void, i1 0, void, i1 0, void, i1 0, void, i1 0, void, i1 0, void, i1 0, void, i1 0, void, i1 0, void, i1 0, void, i1 0, void, i1 0, void, i1 0, void, i1 0, void, i1 0, void, i1 0, void, i1 0, void, i1 0, void, i1 0, void, i1 0, void, i1 0, void, i1 0, void, i1 0, void %memset.loop105, i1 1, void, i1 0, void, i1 0, void, i1 0, void, i1 0, void, i1 0, void, i1 0, void, i1 0, void, i1 0, void"   --->   Operation 151 'phi' 'p_11_61376_ph' <Predicate = (!state_rename_dispatch_packets_valid_0_load & !state_decode_dec_valids_0_load & state_frontend_fetch_packet_valid_load & or_ln == 28 & f3 != 0 & f3 != 4) | (!state_rename_dispatch_packets_valid_0_load & !state_decode_dec_valids_0_load & state_frontend_fetch_packet_valid_load & or_ln == 28 & icmp_ln311) | (!state_rename_dispatch_packets_valid_0_load & !state_decode_dec_valids_0_load & state_frontend_fetch_packet_valid_load & or_ln == 3) | (!state_rename_dispatch_packets_valid_0_load & !state_decode_dec_valids_0_load & state_frontend_fetch_packet_valid_load & or_ln == 14 & f3 != 2 & f3 != 3 & f3 != 6 & f3 != 7 & f3 != 4) | (!state_rename_dispatch_packets_valid_0_load & !state_decode_dec_valids_0_load & state_frontend_fetch_packet_valid_load & or_ln == 12 & icmp_ln294) | (!state_rename_dispatch_packets_valid_0_load & !state_decode_dec_valids_0_load & state_frontend_fetch_packet_valid_load & or_ln == 12 & !icmp_ln293) | (!state_rename_dispatch_packets_valid_0_load & !state_decode_dec_valids_0_load & state_frontend_fetch_packet_valid_load & or_ln == 6 & f3 != 2 & f3 != 3 & f3 != 6 & f3 != 7 & f3 != 4) | (!state_rename_dispatch_packets_valid_0_load & !state_decode_dec_valids_0_load & state_frontend_fetch_packet_valid_load & or_ln == 4) | (!state_rename_dispatch_packets_valid_0_load & !state_decode_dec_valids_0_load & state_frontend_fetch_packet_valid_load & or_ln == 8 & f3 != 5 & f3 != 6 & f3 != 7 & f3 != 4) | (!state_rename_dispatch_packets_valid_0_load & !state_decode_dec_valids_0_load & state_frontend_fetch_packet_valid_load & or_ln == 0 & f3 != 7) | (!state_rename_dispatch_packets_valid_0_load & !state_decode_dec_valids_0_load & state_frontend_fetch_packet_valid_load & or_ln == 24 & f3 != 2 & f3 != 3) | (!state_rename_dispatch_packets_valid_0_load & !state_decode_dec_valids_0_load & state_frontend_fetch_packet_valid_load & or_ln == 25) | (!state_rename_dispatch_packets_valid_0_load & !state_decode_dec_valids_0_load & state_frontend_fetch_packet_valid_load & or_ln == 27) | (!state_rename_dispatch_packets_valid_0_load & !state_decode_dec_valids_0_load & state_frontend_fetch_packet_valid_load & or_ln == 5) | (!state_rename_dispatch_packets_valid_0_load & !state_decode_dec_valids_0_load & state_frontend_fetch_packet_valid_load & or_ln == 13)> <Delay = 0.00>
ST_1 : Operation 152 [1/1] (0.00ns)   --->   "%p_19_71475_ph = phi i1 0, void, i1 0, void, i1 0, void, i1 0, void, i1 0, void, i1 0, void, i1 0, void, i1 0, void, i1 0, void, i1 0, void, i1 0, void, i1 0, void, i1 0, void, i1 0, void, i1 0, void, i1 1, void, i1 1, void, i1 1, void, i1 0, void, i1 0, void, i1 0, void, i1 0, void, i1 0, void, i1 0, void, i1 0, void, i1 0, void, i1 0, void, i1 0, void, i1 0, void, i1 0, void, i1 0, void, i1 0, void, i1 0, void, i1 0, void, i1 0, void, i1 0, void, i1 0, void, i1 0, void, i1 0, void, i1 0, void, i1 0, void, i1 0, void, i1 0, void %memset.loop105, i1 0, void, i1 0, void, i1 1, void, i1 0, void, i1 0, void, i1 0, void, i1 0, void, i1 0, void, i1 0, void"   --->   Operation 152 'phi' 'p_19_71475_ph' <Predicate = (!state_rename_dispatch_packets_valid_0_load & !state_decode_dec_valids_0_load & state_frontend_fetch_packet_valid_load & or_ln == 28 & f3 != 0 & f3 != 4) | (!state_rename_dispatch_packets_valid_0_load & !state_decode_dec_valids_0_load & state_frontend_fetch_packet_valid_load & or_ln == 28 & icmp_ln311) | (!state_rename_dispatch_packets_valid_0_load & !state_decode_dec_valids_0_load & state_frontend_fetch_packet_valid_load & or_ln == 3) | (!state_rename_dispatch_packets_valid_0_load & !state_decode_dec_valids_0_load & state_frontend_fetch_packet_valid_load & or_ln == 14 & f3 != 2 & f3 != 3 & f3 != 6 & f3 != 7 & f3 != 4) | (!state_rename_dispatch_packets_valid_0_load & !state_decode_dec_valids_0_load & state_frontend_fetch_packet_valid_load & or_ln == 12 & icmp_ln294) | (!state_rename_dispatch_packets_valid_0_load & !state_decode_dec_valids_0_load & state_frontend_fetch_packet_valid_load & or_ln == 12 & !icmp_ln293) | (!state_rename_dispatch_packets_valid_0_load & !state_decode_dec_valids_0_load & state_frontend_fetch_packet_valid_load & or_ln == 6 & f3 != 2 & f3 != 3 & f3 != 6 & f3 != 7 & f3 != 4) | (!state_rename_dispatch_packets_valid_0_load & !state_decode_dec_valids_0_load & state_frontend_fetch_packet_valid_load & or_ln == 4) | (!state_rename_dispatch_packets_valid_0_load & !state_decode_dec_valids_0_load & state_frontend_fetch_packet_valid_load & or_ln == 8 & f3 != 5 & f3 != 6 & f3 != 7 & f3 != 4) | (!state_rename_dispatch_packets_valid_0_load & !state_decode_dec_valids_0_load & state_frontend_fetch_packet_valid_load & or_ln == 0 & f3 != 7) | (!state_rename_dispatch_packets_valid_0_load & !state_decode_dec_valids_0_load & state_frontend_fetch_packet_valid_load & or_ln == 24 & f3 != 2 & f3 != 3) | (!state_rename_dispatch_packets_valid_0_load & !state_decode_dec_valids_0_load & state_frontend_fetch_packet_valid_load & or_ln == 25) | (!state_rename_dispatch_packets_valid_0_load & !state_decode_dec_valids_0_load & state_frontend_fetch_packet_valid_load & or_ln == 27) | (!state_rename_dispatch_packets_valid_0_load & !state_decode_dec_valids_0_load & state_frontend_fetch_packet_valid_load & or_ln == 5) | (!state_rename_dispatch_packets_valid_0_load & !state_decode_dec_valids_0_load & state_frontend_fetch_packet_valid_load & or_ln == 13)> <Delay = 0.00>
ST_1 : Operation 153 [1/1] (0.00ns)   --->   "%p_19_61574_ph = phi i1 0, void, i1 0, void, i1 0, void, i1 0, void, i1 0, void, i1 0, void, i1 0, void, i1 0, void, i1 0, void, i1 1, void, i1 1, void, i1 1, void, i1 1, void, i1 1, void, i1 1, void, i1 0, void, i1 0, void, i1 0, void, i1 0, void, i1 0, void, i1 0, void, i1 0, void, i1 0, void, i1 0, void, i1 0, void, i1 0, void, i1 0, void, i1 0, void, i1 0, void, i1 0, void, i1 0, void, i1 0, void, i1 0, void, i1 0, void, i1 0, void, i1 0, void, i1 0, void, i1 0, void, i1 0, void, i1 0, void, i1 0, void, i1 0, void, i1 0, void %memset.loop105, i1 0, void, i1 1, void, i1 0, void, i1 0, void, i1 0, void, i1 0, void, i1 0, void, i1 0, void, i1 0, void"   --->   Operation 153 'phi' 'p_19_61574_ph' <Predicate = (!state_rename_dispatch_packets_valid_0_load & !state_decode_dec_valids_0_load & state_frontend_fetch_packet_valid_load & or_ln == 28 & f3 != 0 & f3 != 4) | (!state_rename_dispatch_packets_valid_0_load & !state_decode_dec_valids_0_load & state_frontend_fetch_packet_valid_load & or_ln == 28 & icmp_ln311) | (!state_rename_dispatch_packets_valid_0_load & !state_decode_dec_valids_0_load & state_frontend_fetch_packet_valid_load & or_ln == 3) | (!state_rename_dispatch_packets_valid_0_load & !state_decode_dec_valids_0_load & state_frontend_fetch_packet_valid_load & or_ln == 14 & f3 != 2 & f3 != 3 & f3 != 6 & f3 != 7 & f3 != 4) | (!state_rename_dispatch_packets_valid_0_load & !state_decode_dec_valids_0_load & state_frontend_fetch_packet_valid_load & or_ln == 12 & icmp_ln294) | (!state_rename_dispatch_packets_valid_0_load & !state_decode_dec_valids_0_load & state_frontend_fetch_packet_valid_load & or_ln == 12 & !icmp_ln293) | (!state_rename_dispatch_packets_valid_0_load & !state_decode_dec_valids_0_load & state_frontend_fetch_packet_valid_load & or_ln == 6 & f3 != 2 & f3 != 3 & f3 != 6 & f3 != 7 & f3 != 4) | (!state_rename_dispatch_packets_valid_0_load & !state_decode_dec_valids_0_load & state_frontend_fetch_packet_valid_load & or_ln == 4) | (!state_rename_dispatch_packets_valid_0_load & !state_decode_dec_valids_0_load & state_frontend_fetch_packet_valid_load & or_ln == 8 & f3 != 5 & f3 != 6 & f3 != 7 & f3 != 4) | (!state_rename_dispatch_packets_valid_0_load & !state_decode_dec_valids_0_load & state_frontend_fetch_packet_valid_load & or_ln == 0 & f3 != 7) | (!state_rename_dispatch_packets_valid_0_load & !state_decode_dec_valids_0_load & state_frontend_fetch_packet_valid_load & or_ln == 24 & f3 != 2 & f3 != 3) | (!state_rename_dispatch_packets_valid_0_load & !state_decode_dec_valids_0_load & state_frontend_fetch_packet_valid_load & or_ln == 25) | (!state_rename_dispatch_packets_valid_0_load & !state_decode_dec_valids_0_load & state_frontend_fetch_packet_valid_load & or_ln == 27) | (!state_rename_dispatch_packets_valid_0_load & !state_decode_dec_valids_0_load & state_frontend_fetch_packet_valid_load & or_ln == 5) | (!state_rename_dispatch_packets_valid_0_load & !state_decode_dec_valids_0_load & state_frontend_fetch_packet_valid_load & or_ln == 13)> <Delay = 0.00>
ST_1 : Operation 154 [1/1] (0.00ns)   --->   "%p_7_61673_ph = phi i3 0, void, i3 0, void, i3 0, void, i3 0, void, i3 0, void, i3 0, void, i3 0, void, i3 0, void, i3 0, void, i3 0, void, i3 0, void, i3 0, void, i3 0, void, i3 0, void, i3 0, void, i3 0, void, i3 0, void, i3 0, void, i3 0, void, i3 0, void, i3 0, void, i3 0, void, i3 0, void, i3 0, void, i3 0, void, i3 0, void, i3 0, void, i3 0, void, i3 0, void, i3 0, void, i3 0, void, i3 0, void, i3 0, void, i3 0, void, i3 0, void, i3 0, void, i3 3, void, i3 4, void, i3 2, void, i3 3, void, i3 4, void, i3 0, void, i3 0, void %memset.loop105, i3 0, void, i3 0, void, i3 0, void, i3 0, void, i3 0, void, i3 0, void, i3 0, void, i3 0, void, i3 2, void"   --->   Operation 154 'phi' 'p_7_61673_ph' <Predicate = (!state_rename_dispatch_packets_valid_0_load & !state_decode_dec_valids_0_load & state_frontend_fetch_packet_valid_load & or_ln == 28 & f3 != 0 & f3 != 4) | (!state_rename_dispatch_packets_valid_0_load & !state_decode_dec_valids_0_load & state_frontend_fetch_packet_valid_load & or_ln == 28 & icmp_ln311) | (!state_rename_dispatch_packets_valid_0_load & !state_decode_dec_valids_0_load & state_frontend_fetch_packet_valid_load & or_ln == 3) | (!state_rename_dispatch_packets_valid_0_load & !state_decode_dec_valids_0_load & state_frontend_fetch_packet_valid_load & or_ln == 14 & f3 != 2 & f3 != 3 & f3 != 6 & f3 != 7 & f3 != 4) | (!state_rename_dispatch_packets_valid_0_load & !state_decode_dec_valids_0_load & state_frontend_fetch_packet_valid_load & or_ln == 12 & icmp_ln294) | (!state_rename_dispatch_packets_valid_0_load & !state_decode_dec_valids_0_load & state_frontend_fetch_packet_valid_load & or_ln == 12 & !icmp_ln293) | (!state_rename_dispatch_packets_valid_0_load & !state_decode_dec_valids_0_load & state_frontend_fetch_packet_valid_load & or_ln == 6 & f3 != 2 & f3 != 3 & f3 != 6 & f3 != 7 & f3 != 4) | (!state_rename_dispatch_packets_valid_0_load & !state_decode_dec_valids_0_load & state_frontend_fetch_packet_valid_load & or_ln == 4) | (!state_rename_dispatch_packets_valid_0_load & !state_decode_dec_valids_0_load & state_frontend_fetch_packet_valid_load & or_ln == 8 & f3 != 5 & f3 != 6 & f3 != 7 & f3 != 4) | (!state_rename_dispatch_packets_valid_0_load & !state_decode_dec_valids_0_load & state_frontend_fetch_packet_valid_load & or_ln == 0 & f3 != 7) | (!state_rename_dispatch_packets_valid_0_load & !state_decode_dec_valids_0_load & state_frontend_fetch_packet_valid_load & or_ln == 24 & f3 != 2 & f3 != 3) | (!state_rename_dispatch_packets_valid_0_load & !state_decode_dec_valids_0_load & state_frontend_fetch_packet_valid_load & or_ln == 25) | (!state_rename_dispatch_packets_valid_0_load & !state_decode_dec_valids_0_load & state_frontend_fetch_packet_valid_load & or_ln == 27) | (!state_rename_dispatch_packets_valid_0_load & !state_decode_dec_valids_0_load & state_frontend_fetch_packet_valid_load & or_ln == 5) | (!state_rename_dispatch_packets_valid_0_load & !state_decode_dec_valids_0_load & state_frontend_fetch_packet_valid_load & or_ln == 13)> <Delay = 0.00>
ST_1 : Operation 155 [1/1] (0.00ns)   --->   "%p_7_51772_ph = phi i1 0, void, i1 0, void, i1 0, void, i1 0, void, i1 0, void, i1 0, void, i1 0, void, i1 0, void, i1 0, void, i1 0, void, i1 0, void, i1 0, void, i1 0, void, i1 0, void, i1 0, void, i1 0, void, i1 0, void, i1 0, void, i1 0, void, i1 0, void, i1 0, void, i1 0, void, i1 0, void, i1 0, void, i1 0, void, i1 1, void, i1 1, void, i1 0, void, i1 0, void, i1 0, void, i1 0, void, i1 0, void, i1 0, void, i1 0, void, i1 1, void, i1 1, void, i1 0, void, i1 0, void, i1 0, void, i1 0, void, i1 0, void, i1 0, void, i1 0, void %memset.loop105, i1 0, void, i1 0, void, i1 0, void, i1 0, void, i1 1, void, i1 0, void, i1 0, void, i1 1, void, i1 0, void"   --->   Operation 155 'phi' 'p_7_51772_ph' <Predicate = (!state_rename_dispatch_packets_valid_0_load & !state_decode_dec_valids_0_load & state_frontend_fetch_packet_valid_load & or_ln == 28 & f3 != 0 & f3 != 4) | (!state_rename_dispatch_packets_valid_0_load & !state_decode_dec_valids_0_load & state_frontend_fetch_packet_valid_load & or_ln == 28 & icmp_ln311) | (!state_rename_dispatch_packets_valid_0_load & !state_decode_dec_valids_0_load & state_frontend_fetch_packet_valid_load & or_ln == 3) | (!state_rename_dispatch_packets_valid_0_load & !state_decode_dec_valids_0_load & state_frontend_fetch_packet_valid_load & or_ln == 14 & f3 != 2 & f3 != 3 & f3 != 6 & f3 != 7 & f3 != 4) | (!state_rename_dispatch_packets_valid_0_load & !state_decode_dec_valids_0_load & state_frontend_fetch_packet_valid_load & or_ln == 12 & icmp_ln294) | (!state_rename_dispatch_packets_valid_0_load & !state_decode_dec_valids_0_load & state_frontend_fetch_packet_valid_load & or_ln == 12 & !icmp_ln293) | (!state_rename_dispatch_packets_valid_0_load & !state_decode_dec_valids_0_load & state_frontend_fetch_packet_valid_load & or_ln == 6 & f3 != 2 & f3 != 3 & f3 != 6 & f3 != 7 & f3 != 4) | (!state_rename_dispatch_packets_valid_0_load & !state_decode_dec_valids_0_load & state_frontend_fetch_packet_valid_load & or_ln == 4) | (!state_rename_dispatch_packets_valid_0_load & !state_decode_dec_valids_0_load & state_frontend_fetch_packet_valid_load & or_ln == 8 & f3 != 5 & f3 != 6 & f3 != 7 & f3 != 4) | (!state_rename_dispatch_packets_valid_0_load & !state_decode_dec_valids_0_load & state_frontend_fetch_packet_valid_load & or_ln == 0 & f3 != 7) | (!state_rename_dispatch_packets_valid_0_load & !state_decode_dec_valids_0_load & state_frontend_fetch_packet_valid_load & or_ln == 24 & f3 != 2 & f3 != 3) | (!state_rename_dispatch_packets_valid_0_load & !state_decode_dec_valids_0_load & state_frontend_fetch_packet_valid_load & or_ln == 25) | (!state_rename_dispatch_packets_valid_0_load & !state_decode_dec_valids_0_load & state_frontend_fetch_packet_valid_load & or_ln == 27) | (!state_rename_dispatch_packets_valid_0_load & !state_decode_dec_valids_0_load & state_frontend_fetch_packet_valid_load & or_ln == 5) | (!state_rename_dispatch_packets_valid_0_load & !state_decode_dec_valids_0_load & state_frontend_fetch_packet_valid_load & or_ln == 13)> <Delay = 0.00>
ST_1 : Operation 156 [1/1] (0.00ns)   --->   "%p_7_21871_ph = phi i2 2, void, i2 2, void, i2 1, void, i2 1, void, i2 0, void, i2 0, void, i2 0, void, i2 0, void, i2 0, void, i2 1, void, i2 1, void, i2 1, void, i2 1, void, i2 1, void, i2 1, void, i2 0, void, i2 0, void, i2 0, void, i2 1, void, i2 1, void, i2 1, void, i2 1, void, i2 1, void, i2 1, void, i2 1, void, i2 1, void, i2 1, void, i2 0, void, i2 0, void, i2 0, void, i2 0, void, i2 0, void, i2 0, void, i2 0, void, i2 0, void, i2 0, void, i2 3, void, i2 3, void, i2 3, void, i2 3, void, i2 3, void, i2 0, void, i2 0, void %memset.loop105, i2 0, void, i2 1, void, i2 0, void, i2 1, void, i2 1, void, i2 0, void, i2 0, void, i2 0, void, i2 3, void"   --->   Operation 156 'phi' 'p_7_21871_ph' <Predicate = (!state_rename_dispatch_packets_valid_0_load & !state_decode_dec_valids_0_load & state_frontend_fetch_packet_valid_load & or_ln == 28 & f3 != 0 & f3 != 4) | (!state_rename_dispatch_packets_valid_0_load & !state_decode_dec_valids_0_load & state_frontend_fetch_packet_valid_load & or_ln == 28 & icmp_ln311) | (!state_rename_dispatch_packets_valid_0_load & !state_decode_dec_valids_0_load & state_frontend_fetch_packet_valid_load & or_ln == 3) | (!state_rename_dispatch_packets_valid_0_load & !state_decode_dec_valids_0_load & state_frontend_fetch_packet_valid_load & or_ln == 14 & f3 != 2 & f3 != 3 & f3 != 6 & f3 != 7 & f3 != 4) | (!state_rename_dispatch_packets_valid_0_load & !state_decode_dec_valids_0_load & state_frontend_fetch_packet_valid_load & or_ln == 12 & icmp_ln294) | (!state_rename_dispatch_packets_valid_0_load & !state_decode_dec_valids_0_load & state_frontend_fetch_packet_valid_load & or_ln == 12 & !icmp_ln293) | (!state_rename_dispatch_packets_valid_0_load & !state_decode_dec_valids_0_load & state_frontend_fetch_packet_valid_load & or_ln == 6 & f3 != 2 & f3 != 3 & f3 != 6 & f3 != 7 & f3 != 4) | (!state_rename_dispatch_packets_valid_0_load & !state_decode_dec_valids_0_load & state_frontend_fetch_packet_valid_load & or_ln == 4) | (!state_rename_dispatch_packets_valid_0_load & !state_decode_dec_valids_0_load & state_frontend_fetch_packet_valid_load & or_ln == 8 & f3 != 5 & f3 != 6 & f3 != 7 & f3 != 4) | (!state_rename_dispatch_packets_valid_0_load & !state_decode_dec_valids_0_load & state_frontend_fetch_packet_valid_load & or_ln == 0 & f3 != 7) | (!state_rename_dispatch_packets_valid_0_load & !state_decode_dec_valids_0_load & state_frontend_fetch_packet_valid_load & or_ln == 24 & f3 != 2 & f3 != 3) | (!state_rename_dispatch_packets_valid_0_load & !state_decode_dec_valids_0_load & state_frontend_fetch_packet_valid_load & or_ln == 25) | (!state_rename_dispatch_packets_valid_0_load & !state_decode_dec_valids_0_load & state_frontend_fetch_packet_valid_load & or_ln == 27) | (!state_rename_dispatch_packets_valid_0_load & !state_decode_dec_valids_0_load & state_frontend_fetch_packet_valid_load & or_ln == 5) | (!state_rename_dispatch_packets_valid_0_load & !state_decode_dec_valids_0_load & state_frontend_fetch_packet_valid_load & or_ln == 13)> <Delay = 0.00>
ST_1 : Operation 157 [1/1] (0.00ns)   --->   "%p_7_11970_ph = phi i2 3, void, i2 2, void, i2 2, void, i2 0, void, i2 0, void, i2 0, void, i2 0, void, i2 0, void, i2 0, void, i2 0, void, i2 0, void, i2 0, void, i2 0, void, i2 0, void, i2 0, void, i2 0, void, i2 0, void, i2 0, void, i2 0, void, i2 0, void, i2 0, void, i2 0, void, i2 0, void, i2 0, void, i2 0, void, i2 0, void, i2 0, void, i2 0, void, i2 0, void, i2 0, void, i2 0, void, i2 0, void, i2 0, void, i2 0, void, i2 0, void, i2 0, void, i2 0, void, i2 0, void, i2 0, void, i2 0, void, i2 0, void, i2 0, void, i2 0, void %memset.loop105, i2 0, void, i2 0, void, i2 0, void, i2 0, void, i2 0, void, i2 0, void, i2 0, void, i2 0, void, i2 0, void"   --->   Operation 157 'phi' 'p_7_11970_ph' <Predicate = (!state_rename_dispatch_packets_valid_0_load & !state_decode_dec_valids_0_load & state_frontend_fetch_packet_valid_load & or_ln == 28 & f3 != 0 & f3 != 4) | (!state_rename_dispatch_packets_valid_0_load & !state_decode_dec_valids_0_load & state_frontend_fetch_packet_valid_load & or_ln == 28 & icmp_ln311) | (!state_rename_dispatch_packets_valid_0_load & !state_decode_dec_valids_0_load & state_frontend_fetch_packet_valid_load & or_ln == 3) | (!state_rename_dispatch_packets_valid_0_load & !state_decode_dec_valids_0_load & state_frontend_fetch_packet_valid_load & or_ln == 14 & f3 != 2 & f3 != 3 & f3 != 6 & f3 != 7 & f3 != 4) | (!state_rename_dispatch_packets_valid_0_load & !state_decode_dec_valids_0_load & state_frontend_fetch_packet_valid_load & or_ln == 12 & icmp_ln294) | (!state_rename_dispatch_packets_valid_0_load & !state_decode_dec_valids_0_load & state_frontend_fetch_packet_valid_load & or_ln == 12 & !icmp_ln293) | (!state_rename_dispatch_packets_valid_0_load & !state_decode_dec_valids_0_load & state_frontend_fetch_packet_valid_load & or_ln == 6 & f3 != 2 & f3 != 3 & f3 != 6 & f3 != 7 & f3 != 4) | (!state_rename_dispatch_packets_valid_0_load & !state_decode_dec_valids_0_load & state_frontend_fetch_packet_valid_load & or_ln == 4) | (!state_rename_dispatch_packets_valid_0_load & !state_decode_dec_valids_0_load & state_frontend_fetch_packet_valid_load & or_ln == 8 & f3 != 5 & f3 != 6 & f3 != 7 & f3 != 4) | (!state_rename_dispatch_packets_valid_0_load & !state_decode_dec_valids_0_load & state_frontend_fetch_packet_valid_load & or_ln == 0 & f3 != 7) | (!state_rename_dispatch_packets_valid_0_load & !state_decode_dec_valids_0_load & state_frontend_fetch_packet_valid_load & or_ln == 24 & f3 != 2 & f3 != 3) | (!state_rename_dispatch_packets_valid_0_load & !state_decode_dec_valids_0_load & state_frontend_fetch_packet_valid_load & or_ln == 25) | (!state_rename_dispatch_packets_valid_0_load & !state_decode_dec_valids_0_load & state_frontend_fetch_packet_valid_load & or_ln == 27) | (!state_rename_dispatch_packets_valid_0_load & !state_decode_dec_valids_0_load & state_frontend_fetch_packet_valid_load & or_ln == 5) | (!state_rename_dispatch_packets_valid_0_load & !state_decode_dec_valids_0_load & state_frontend_fetch_packet_valid_load & or_ln == 13)> <Delay = 0.00>
ST_1 : Operation 158 [1/1] (0.00ns)   --->   "%p_7_02069_ph = phi i4 0, void, i4 0, void, i4 7, void, i4 8, void, i4 %zext_ln226, void, i4 5, void, i4 3, void, i4 %zext_ln226, void, i4 4, void, i4 0, void, i4 0, void, i4 0, void, i4 0, void, i4 0, void, i4 0, void, i4 0, void, i4 0, void, i4 0, void, i4 0, void, i4 0, void, i4 0, void, i4 0, void, i4 0, void, i4 0, void, i4 0, void, i4 0, void, i4 0, void, i4 0, void, i4 0, void, i4 0, void, i4 0, void, i4 0, void, i4 0, void, i4 0, void, i4 0, void, i4 0, void, i4 0, void, i4 0, void, i4 0, void, i4 0, void, i4 0, void, i4 0, void, i4 0, void %memset.loop105, i4 2, void, i4 0, void, i4 0, void, i4 0, void, i4 0, void, i4 0, void, i4 0, void, i4 0, void, i4 0, void" [/home/lab_726/boom/hls_boom/src/boom_core_merged.cpp:226]   --->   Operation 158 'phi' 'p_7_02069_ph' <Predicate = (!state_rename_dispatch_packets_valid_0_load & !state_decode_dec_valids_0_load & state_frontend_fetch_packet_valid_load & or_ln == 28 & f3 != 0 & f3 != 4) | (!state_rename_dispatch_packets_valid_0_load & !state_decode_dec_valids_0_load & state_frontend_fetch_packet_valid_load & or_ln == 28 & icmp_ln311) | (!state_rename_dispatch_packets_valid_0_load & !state_decode_dec_valids_0_load & state_frontend_fetch_packet_valid_load & or_ln == 3) | (!state_rename_dispatch_packets_valid_0_load & !state_decode_dec_valids_0_load & state_frontend_fetch_packet_valid_load & or_ln == 14 & f3 != 2 & f3 != 3 & f3 != 6 & f3 != 7 & f3 != 4) | (!state_rename_dispatch_packets_valid_0_load & !state_decode_dec_valids_0_load & state_frontend_fetch_packet_valid_load & or_ln == 12 & icmp_ln294) | (!state_rename_dispatch_packets_valid_0_load & !state_decode_dec_valids_0_load & state_frontend_fetch_packet_valid_load & or_ln == 12 & !icmp_ln293) | (!state_rename_dispatch_packets_valid_0_load & !state_decode_dec_valids_0_load & state_frontend_fetch_packet_valid_load & or_ln == 6 & f3 != 2 & f3 != 3 & f3 != 6 & f3 != 7 & f3 != 4) | (!state_rename_dispatch_packets_valid_0_load & !state_decode_dec_valids_0_load & state_frontend_fetch_packet_valid_load & or_ln == 4) | (!state_rename_dispatch_packets_valid_0_load & !state_decode_dec_valids_0_load & state_frontend_fetch_packet_valid_load & or_ln == 8 & f3 != 5 & f3 != 6 & f3 != 7 & f3 != 4) | (!state_rename_dispatch_packets_valid_0_load & !state_decode_dec_valids_0_load & state_frontend_fetch_packet_valid_load & or_ln == 0 & f3 != 7) | (!state_rename_dispatch_packets_valid_0_load & !state_decode_dec_valids_0_load & state_frontend_fetch_packet_valid_load & or_ln == 24 & f3 != 2 & f3 != 3) | (!state_rename_dispatch_packets_valid_0_load & !state_decode_dec_valids_0_load & state_frontend_fetch_packet_valid_load & or_ln == 25) | (!state_rename_dispatch_packets_valid_0_load & !state_decode_dec_valids_0_load & state_frontend_fetch_packet_valid_load & or_ln == 27) | (!state_rename_dispatch_packets_valid_0_load & !state_decode_dec_valids_0_load & state_frontend_fetch_packet_valid_load & or_ln == 5) | (!state_rename_dispatch_packets_valid_0_load & !state_decode_dec_valids_0_load & state_frontend_fetch_packet_valid_load & or_ln == 13)> <Delay = 0.00>
ST_1 : Operation 159 [1/1] (0.00ns)   --->   "%p_62168_ph = phi i3 0, void, i3 0, void, i3 0, void, i3 0, void, i3 0, void, i3 0, void, i3 0, void, i3 0, void, i3 0, void, i3 5, void, i3 5, void, i3 5, void, i3 5, void, i3 5, void, i3 5, void, i3 5, void, i3 5, void, i3 5, void, i3 0, void, i3 0, void, i3 0, void, i3 0, void, i3 0, void, i3 0, void, i3 0, void, i3 0, void, i3 0, void, i3 0, void, i3 0, void, i3 0, void, i3 0, void, i3 0, void, i3 0, void, i3 0, void, i3 0, void, i3 0, void, i3 3, void, i3 3, void, i3 3, void, i3 3, void, i3 3, void, i3 3, void, i3 5, void %memset.loop105, i3 0, void, i3 5, void, i3 5, void, i3 0, void, i3 0, void, i3 1, void, i3 0, void, i3 0, void, i3 3, void"   --->   Operation 159 'phi' 'p_62168_ph' <Predicate = (!state_rename_dispatch_packets_valid_0_load & !state_decode_dec_valids_0_load & state_frontend_fetch_packet_valid_load & or_ln == 28 & f3 != 0 & f3 != 4) | (!state_rename_dispatch_packets_valid_0_load & !state_decode_dec_valids_0_load & state_frontend_fetch_packet_valid_load & or_ln == 28 & icmp_ln311) | (!state_rename_dispatch_packets_valid_0_load & !state_decode_dec_valids_0_load & state_frontend_fetch_packet_valid_load & or_ln == 3) | (!state_rename_dispatch_packets_valid_0_load & !state_decode_dec_valids_0_load & state_frontend_fetch_packet_valid_load & or_ln == 14 & f3 != 2 & f3 != 3 & f3 != 6 & f3 != 7 & f3 != 4) | (!state_rename_dispatch_packets_valid_0_load & !state_decode_dec_valids_0_load & state_frontend_fetch_packet_valid_load & or_ln == 12 & icmp_ln294) | (!state_rename_dispatch_packets_valid_0_load & !state_decode_dec_valids_0_load & state_frontend_fetch_packet_valid_load & or_ln == 12 & !icmp_ln293) | (!state_rename_dispatch_packets_valid_0_load & !state_decode_dec_valids_0_load & state_frontend_fetch_packet_valid_load & or_ln == 6 & f3 != 2 & f3 != 3 & f3 != 6 & f3 != 7 & f3 != 4) | (!state_rename_dispatch_packets_valid_0_load & !state_decode_dec_valids_0_load & state_frontend_fetch_packet_valid_load & or_ln == 4) | (!state_rename_dispatch_packets_valid_0_load & !state_decode_dec_valids_0_load & state_frontend_fetch_packet_valid_load & or_ln == 8 & f3 != 5 & f3 != 6 & f3 != 7 & f3 != 4) | (!state_rename_dispatch_packets_valid_0_load & !state_decode_dec_valids_0_load & state_frontend_fetch_packet_valid_load & or_ln == 0 & f3 != 7) | (!state_rename_dispatch_packets_valid_0_load & !state_decode_dec_valids_0_load & state_frontend_fetch_packet_valid_load & or_ln == 24 & f3 != 2 & f3 != 3) | (!state_rename_dispatch_packets_valid_0_load & !state_decode_dec_valids_0_load & state_frontend_fetch_packet_valid_load & or_ln == 25) | (!state_rename_dispatch_packets_valid_0_load & !state_decode_dec_valids_0_load & state_frontend_fetch_packet_valid_load & or_ln == 27) | (!state_rename_dispatch_packets_valid_0_load & !state_decode_dec_valids_0_load & state_frontend_fetch_packet_valid_load & or_ln == 5) | (!state_rename_dispatch_packets_valid_0_load & !state_decode_dec_valids_0_load & state_frontend_fetch_packet_valid_load & or_ln == 13)> <Delay = 0.00>
ST_1 : Operation 160 [1/1] (0.00ns)   --->   "%p_52267_ph = phi i1 1, void, i1 1, void, i1 1, void, i1 1, void, i1 1, void, i1 1, void, i1 1, void, i1 1, void, i1 1, void, i1 0, void, i1 0, void, i1 0, void, i1 0, void, i1 0, void, i1 0, void, i1 0, void, i1 0, void, i1 0, void, i1 1, void, i1 1, void, i1 1, void, i1 1, void, i1 1, void, i1 1, void, i1 1, void, i1 1, void, i1 1, void, i1 1, void, i1 1, void, i1 1, void, i1 1, void, i1 1, void, i1 1, void, i1 1, void, i1 1, void, i1 1, void, i1 1, void, i1 1, void, i1 1, void, i1 1, void, i1 1, void, i1 1, void, i1 0, void %memset.loop105, i1 1, void, i1 0, void, i1 0, void, i1 1, void, i1 1, void, i1 1, void, i1 1, void, i1 1, void, i1 1, void"   --->   Operation 160 'phi' 'p_52267_ph' <Predicate = (!state_rename_dispatch_packets_valid_0_load & !state_decode_dec_valids_0_load & state_frontend_fetch_packet_valid_load & or_ln == 28 & f3 != 0 & f3 != 4) | (!state_rename_dispatch_packets_valid_0_load & !state_decode_dec_valids_0_load & state_frontend_fetch_packet_valid_load & or_ln == 28 & icmp_ln311) | (!state_rename_dispatch_packets_valid_0_load & !state_decode_dec_valids_0_load & state_frontend_fetch_packet_valid_load & or_ln == 3) | (!state_rename_dispatch_packets_valid_0_load & !state_decode_dec_valids_0_load & state_frontend_fetch_packet_valid_load & or_ln == 14 & f3 != 2 & f3 != 3 & f3 != 6 & f3 != 7 & f3 != 4) | (!state_rename_dispatch_packets_valid_0_load & !state_decode_dec_valids_0_load & state_frontend_fetch_packet_valid_load & or_ln == 12 & icmp_ln294) | (!state_rename_dispatch_packets_valid_0_load & !state_decode_dec_valids_0_load & state_frontend_fetch_packet_valid_load & or_ln == 12 & !icmp_ln293) | (!state_rename_dispatch_packets_valid_0_load & !state_decode_dec_valids_0_load & state_frontend_fetch_packet_valid_load & or_ln == 6 & f3 != 2 & f3 != 3 & f3 != 6 & f3 != 7 & f3 != 4) | (!state_rename_dispatch_packets_valid_0_load & !state_decode_dec_valids_0_load & state_frontend_fetch_packet_valid_load & or_ln == 4) | (!state_rename_dispatch_packets_valid_0_load & !state_decode_dec_valids_0_load & state_frontend_fetch_packet_valid_load & or_ln == 8 & f3 != 5 & f3 != 6 & f3 != 7 & f3 != 4) | (!state_rename_dispatch_packets_valid_0_load & !state_decode_dec_valids_0_load & state_frontend_fetch_packet_valid_load & or_ln == 0 & f3 != 7) | (!state_rename_dispatch_packets_valid_0_load & !state_decode_dec_valids_0_load & state_frontend_fetch_packet_valid_load & or_ln == 24 & f3 != 2 & f3 != 3) | (!state_rename_dispatch_packets_valid_0_load & !state_decode_dec_valids_0_load & state_frontend_fetch_packet_valid_load & or_ln == 25) | (!state_rename_dispatch_packets_valid_0_load & !state_decode_dec_valids_0_load & state_frontend_fetch_packet_valid_load & or_ln == 27) | (!state_rename_dispatch_packets_valid_0_load & !state_decode_dec_valids_0_load & state_frontend_fetch_packet_valid_load & or_ln == 5) | (!state_rename_dispatch_packets_valid_0_load & !state_decode_dec_valids_0_load & state_frontend_fetch_packet_valid_load & or_ln == 13)> <Delay = 0.00>
ST_1 : Operation 161 [1/1] (0.00ns)   --->   "%p_02366_ph = phi i8 37, void, i8 38, void, i8 29, void, i8 30, void, i8 32, void, i8 33, void, i8 34, void, i8 35, void, i8 36, void, i8 40, void, i8 41, void, i8 42, void, i8 43, void, i8 44, void, i8 45, void, i8 47, void, i8 48, void, i8 49, void, i8 52, void, i8 53, void, i8 54, void, i8 57, void, i8 58, void, i8 51, void, i8 %select_ln283, void, i8 60, void, i8 %select_ln290, void, i8 %select_ln297, void, i8 4, void, i8 5, void, i8 6, void, i8 %select_ln300, void, i8 9, void, i8 10, void, i8 %select_ln305, void, i8 %select_ln307, void, i8 68, void, i8 69, void, i8 70, void, i8 71, void, i8 72, void, i8 %select_ln214_1, void, i8 63, void %memset.loop105, i8 31, void, i8 39, void, i8 46, void, i8 50, void, i8 59, void, i8 %select_ln214, void, i8 3, void, i8 13, void, i8 67, void" [/home/lab_726/boom/hls_boom/src/boom_core_merged.cpp:283]   --->   Operation 161 'phi' 'p_02366_ph' <Predicate = (!state_rename_dispatch_packets_valid_0_load & !state_decode_dec_valids_0_load & state_frontend_fetch_packet_valid_load & or_ln == 28 & f3 != 0 & f3 != 4) | (!state_rename_dispatch_packets_valid_0_load & !state_decode_dec_valids_0_load & state_frontend_fetch_packet_valid_load & or_ln == 28 & icmp_ln311) | (!state_rename_dispatch_packets_valid_0_load & !state_decode_dec_valids_0_load & state_frontend_fetch_packet_valid_load & or_ln == 3) | (!state_rename_dispatch_packets_valid_0_load & !state_decode_dec_valids_0_load & state_frontend_fetch_packet_valid_load & or_ln == 14 & f3 != 2 & f3 != 3 & f3 != 6 & f3 != 7 & f3 != 4) | (!state_rename_dispatch_packets_valid_0_load & !state_decode_dec_valids_0_load & state_frontend_fetch_packet_valid_load & or_ln == 12 & icmp_ln294) | (!state_rename_dispatch_packets_valid_0_load & !state_decode_dec_valids_0_load & state_frontend_fetch_packet_valid_load & or_ln == 12 & !icmp_ln293) | (!state_rename_dispatch_packets_valid_0_load & !state_decode_dec_valids_0_load & state_frontend_fetch_packet_valid_load & or_ln == 6 & f3 != 2 & f3 != 3 & f3 != 6 & f3 != 7 & f3 != 4) | (!state_rename_dispatch_packets_valid_0_load & !state_decode_dec_valids_0_load & state_frontend_fetch_packet_valid_load & or_ln == 4) | (!state_rename_dispatch_packets_valid_0_load & !state_decode_dec_valids_0_load & state_frontend_fetch_packet_valid_load & or_ln == 8 & f3 != 5 & f3 != 6 & f3 != 7 & f3 != 4) | (!state_rename_dispatch_packets_valid_0_load & !state_decode_dec_valids_0_load & state_frontend_fetch_packet_valid_load & or_ln == 0 & f3 != 7) | (!state_rename_dispatch_packets_valid_0_load & !state_decode_dec_valids_0_load & state_frontend_fetch_packet_valid_load & or_ln == 24 & f3 != 2 & f3 != 3) | (!state_rename_dispatch_packets_valid_0_load & !state_decode_dec_valids_0_load & state_frontend_fetch_packet_valid_load & or_ln == 25) | (!state_rename_dispatch_packets_valid_0_load & !state_decode_dec_valids_0_load & state_frontend_fetch_packet_valid_load & or_ln == 27) | (!state_rename_dispatch_packets_valid_0_load & !state_decode_dec_valids_0_load & state_frontend_fetch_packet_valid_load & or_ln == 5) | (!state_rename_dispatch_packets_valid_0_load & !state_decode_dec_valids_0_load & state_frontend_fetch_packet_valid_load & or_ln == 13)> <Delay = 0.00>
ST_1 : Operation 162 [1/1] (0.62ns)   --->   "%br_ln328 = br void %.thread37.thread" [/home/lab_726/boom/hls_boom/src/boom_core_merged.cpp:328]   --->   Operation 162 'br' 'br_ln328' <Predicate = (!state_rename_dispatch_packets_valid_0_load & !state_decode_dec_valids_0_load & state_frontend_fetch_packet_valid_load & or_ln == 28 & f3 != 0 & f3 != 4) | (!state_rename_dispatch_packets_valid_0_load & !state_decode_dec_valids_0_load & state_frontend_fetch_packet_valid_load & or_ln == 28 & icmp_ln311) | (!state_rename_dispatch_packets_valid_0_load & !state_decode_dec_valids_0_load & state_frontend_fetch_packet_valid_load & or_ln == 3) | (!state_rename_dispatch_packets_valid_0_load & !state_decode_dec_valids_0_load & state_frontend_fetch_packet_valid_load & or_ln == 14 & f3 != 2 & f3 != 3 & f3 != 6 & f3 != 7 & f3 != 4) | (!state_rename_dispatch_packets_valid_0_load & !state_decode_dec_valids_0_load & state_frontend_fetch_packet_valid_load & or_ln == 12 & icmp_ln294) | (!state_rename_dispatch_packets_valid_0_load & !state_decode_dec_valids_0_load & state_frontend_fetch_packet_valid_load & or_ln == 12 & !icmp_ln293) | (!state_rename_dispatch_packets_valid_0_load & !state_decode_dec_valids_0_load & state_frontend_fetch_packet_valid_load & or_ln == 6 & f3 != 2 & f3 != 3 & f3 != 6 & f3 != 7 & f3 != 4) | (!state_rename_dispatch_packets_valid_0_load & !state_decode_dec_valids_0_load & state_frontend_fetch_packet_valid_load & or_ln == 4) | (!state_rename_dispatch_packets_valid_0_load & !state_decode_dec_valids_0_load & state_frontend_fetch_packet_valid_load & or_ln == 8 & f3 != 5 & f3 != 6 & f3 != 7 & f3 != 4) | (!state_rename_dispatch_packets_valid_0_load & !state_decode_dec_valids_0_load & state_frontend_fetch_packet_valid_load & or_ln == 0 & f3 != 7) | (!state_rename_dispatch_packets_valid_0_load & !state_decode_dec_valids_0_load & state_frontend_fetch_packet_valid_load & or_ln == 24 & f3 != 2 & f3 != 3) | (!state_rename_dispatch_packets_valid_0_load & !state_decode_dec_valids_0_load & state_frontend_fetch_packet_valid_load & or_ln == 25) | (!state_rename_dispatch_packets_valid_0_load & !state_decode_dec_valids_0_load & state_frontend_fetch_packet_valid_load & or_ln == 27) | (!state_rename_dispatch_packets_valid_0_load & !state_decode_dec_valids_0_load & state_frontend_fetch_packet_valid_load & or_ln == 5) | (!state_rename_dispatch_packets_valid_0_load & !state_decode_dec_valids_0_load & state_frontend_fetch_packet_valid_load & or_ln == 13)> <Delay = 0.62>
ST_1 : Operation 163 [1/1] (0.00ns)   --->   "%empty = phi i1 %uop_20211_0881_ph, void %.thread109, i1 1, void %memset.loop105, i1 1, void, i1 1, void, i1 1, void, i1 1, void, i1 1, void, i1 1, void, i1 1, void" [/home/lab_726/boom/hls_boom/src/boom_core_merged.cpp:311]   --->   Operation 163 'phi' 'empty' <Predicate = (!state_rename_dispatch_packets_valid_0_load & !state_decode_dec_valids_0_load & state_frontend_fetch_packet_valid_load)> <Delay = 0.00>
ST_1 : Operation 164 [1/1] (0.00ns)   --->   "%p_02366128 = phi i8 %p_02366_ph, void %.thread109, i8 255, void %memset.loop105, i8 255, void, i8 255, void, i8 255, void, i8 255, void, i8 %select_ln214, void, i8 255, void, i8 255, void" [/home/lab_726/boom/hls_boom/src/boom_core_merged.cpp:283]   --->   Operation 164 'phi' 'p_02366128' <Predicate = (!state_rename_dispatch_packets_valid_0_load & !state_decode_dec_valids_0_load & state_frontend_fetch_packet_valid_load)> <Delay = 0.00>
ST_1 : Operation 165 [1/1] (0.00ns)   --->   "%p_52267127 = phi i1 %p_52267_ph, void %.thread109, i1 1, void %memset.loop105, i1 1, void, i1 0, void, i1 0, void, i1 1, void, i1 1, void, i1 1, void, i1 1, void"   --->   Operation 165 'phi' 'p_52267127' <Predicate = (!state_rename_dispatch_packets_valid_0_load & !state_decode_dec_valids_0_load & state_frontend_fetch_packet_valid_load)> <Delay = 0.00>
ST_1 : Operation 166 [1/1] (0.00ns)   --->   "%p_62168126 = phi i3 %p_62168_ph, void %.thread109, i3 0, void %memset.loop105, i3 0, void, i3 5, void, i3 5, void, i3 0, void, i3 1, void, i3 0, void, i3 3, void"   --->   Operation 166 'phi' 'p_62168126' <Predicate = (!state_rename_dispatch_packets_valid_0_load & !state_decode_dec_valids_0_load & state_frontend_fetch_packet_valid_load)> <Delay = 0.00>
ST_1 : Operation 167 [1/1] (0.00ns)   --->   "%p_7_02069125 = phi i4 %p_7_02069_ph, void %.thread109, i4 0, void %memset.loop105, i4 0, void, i4 0, void, i4 0, void, i4 0, void, i4 0, void, i4 0, void, i4 0, void" [/home/lab_726/boom/hls_boom/src/boom_core_merged.cpp:226]   --->   Operation 167 'phi' 'p_7_02069125' <Predicate = (!state_rename_dispatch_packets_valid_0_load & !state_decode_dec_valids_0_load & state_frontend_fetch_packet_valid_load)> <Delay = 0.00>
ST_1 : Operation 168 [1/1] (0.00ns)   --->   "%p_7_11970124 = phi i2 %p_7_11970_ph, void %.thread109, i2 0, void %memset.loop105, i2 0, void, i2 0, void, i2 0, void, i2 0, void, i2 0, void, i2 0, void, i2 0, void"   --->   Operation 168 'phi' 'p_7_11970124' <Predicate = (!state_rename_dispatch_packets_valid_0_load & !state_decode_dec_valids_0_load & state_frontend_fetch_packet_valid_load)> <Delay = 0.00>
ST_1 : Operation 169 [1/1] (0.00ns)   --->   "%p_7_21871123 = phi i2 %p_7_21871_ph, void %.thread109, i2 0, void %memset.loop105, i2 0, void, i2 1, void, i2 0, void, i2 1, void, i2 0, void, i2 0, void, i2 3, void"   --->   Operation 169 'phi' 'p_7_21871123' <Predicate = (!state_rename_dispatch_packets_valid_0_load & !state_decode_dec_valids_0_load & state_frontend_fetch_packet_valid_load)> <Delay = 0.00>
ST_1 : Operation 170 [1/1] (0.00ns)   --->   "%p_7_51772122 = phi i1 %p_7_51772_ph, void %.thread109, i1 0, void %memset.loop105, i1 0, void, i1 0, void, i1 0, void, i1 1, void, i1 0, void, i1 1, void, i1 0, void"   --->   Operation 170 'phi' 'p_7_51772122' <Predicate = (!state_rename_dispatch_packets_valid_0_load & !state_decode_dec_valids_0_load & state_frontend_fetch_packet_valid_load)> <Delay = 0.00>
ST_1 : Operation 171 [1/1] (0.00ns)   --->   "%p_7_61673121 = phi i3 %p_7_61673_ph, void %.thread109, i3 0, void %memset.loop105, i3 0, void, i3 0, void, i3 0, void, i3 0, void, i3 0, void, i3 0, void, i3 0, void"   --->   Operation 171 'phi' 'p_7_61673121' <Predicate = (!state_rename_dispatch_packets_valid_0_load & !state_decode_dec_valids_0_load & state_frontend_fetch_packet_valid_load)> <Delay = 0.00>
ST_1 : Operation 172 [1/1] (0.00ns)   --->   "%p_19_61574120 = phi i1 %p_19_61574_ph, void %.thread109, i1 0, void %memset.loop105, i1 0, void, i1 1, void, i1 0, void, i1 0, void, i1 0, void, i1 0, void, i1 0, void"   --->   Operation 172 'phi' 'p_19_61574120' <Predicate = (!state_rename_dispatch_packets_valid_0_load & !state_decode_dec_valids_0_load & state_frontend_fetch_packet_valid_load)> <Delay = 0.00>
ST_1 : Operation 173 [1/1] (0.00ns)   --->   "%p_19_71475119 = phi i1 %p_19_71475_ph, void %.thread109, i1 0, void %memset.loop105, i1 0, void, i1 0, void, i1 1, void, i1 0, void, i1 0, void, i1 0, void, i1 0, void"   --->   Operation 173 'phi' 'p_19_71475119' <Predicate = (!state_rename_dispatch_packets_valid_0_load & !state_decode_dec_valids_0_load & state_frontend_fetch_packet_valid_load)> <Delay = 0.00>
ST_1 : Operation 174 [1/1] (0.00ns)   --->   "%p_11_61376118 = phi i1 %p_11_61376_ph, void %.thread109, i1 0, void %memset.loop105, i1 1, void, i1 0, void, i1 0, void, i1 0, void, i1 0, void, i1 0, void, i1 0, void"   --->   Operation 174 'phi' 'p_11_61376118' <Predicate = (!state_rename_dispatch_packets_valid_0_load & !state_decode_dec_valids_0_load & state_frontend_fetch_packet_valid_load)> <Delay = 0.00>
ST_1 : Operation 175 [1/1] (0.00ns)   --->   "%p_11_71277117 = phi i1 %p_11_71277_ph, void %.thread109, i1 0, void %memset.loop105, i1 0, void, i1 0, void, i1 0, void, i1 0, void, i1 0, void, i1 0, void, i1 0, void"   --->   Operation 175 'phi' 'p_11_71277117' <Predicate = (!state_rename_dispatch_packets_valid_0_load & !state_decode_dec_valids_0_load & state_frontend_fetch_packet_valid_load)> <Delay = 0.00>
ST_1 : Operation 176 [1/1] (0.00ns)   --->   "%p_11_81178116 = phi i1 %p_11_81178_ph, void %.thread109, i1 0, void %memset.loop105, i1 0, void, i1 0, void, i1 0, void, i1 0, void, i1 0, void, i1 0, void, i1 0, void"   --->   Operation 176 'phi' 'p_11_81178116' <Predicate = (!state_rename_dispatch_packets_valid_0_load & !state_decode_dec_valids_0_load & state_frontend_fetch_packet_valid_load)> <Delay = 0.00>
ST_1 : Operation 177 [1/1] (0.00ns)   --->   "%p_19_11079115 = phi i2 %p_19_11079_ph, void %.thread109, i2 0, void %memset.loop105, i2 0, void, i2 0, void, i2 0, void, i2 0, void, i2 0, void, i2 0, void, i2 0, void"   --->   Operation 177 'phi' 'p_19_11079115' <Predicate = (!state_rename_dispatch_packets_valid_0_load & !state_decode_dec_valids_0_load & state_frontend_fetch_packet_valid_load)> <Delay = 0.00>
ST_1 : Operation 178 [1/1] (0.00ns)   --->   "%p_19_2980114 = phi i1 %p_19_2980_ph, void %.thread109, i1 0, void %memset.loop105, i1 0, void, i1 1, void, i1 0, void, i1 0, void, i1 0, void, i1 0, void, i1 0, void"   --->   Operation 178 'phi' 'p_19_2980114' <Predicate = (!state_rename_dispatch_packets_valid_0_load & !state_decode_dec_valids_0_load & state_frontend_fetch_packet_valid_load)> <Delay = 0.00>
ST_1 : Operation 179 [1/1] (0.00ns)   --->   "%uop_20211_0881113 = phi i1 %uop_20211_0881_ph, void %.thread109, i1 0, void %memset.loop105, i1 0, void, i1 0, void, i1 0, void, i1 0, void, i1 0, void, i1 0, void, i1 0, void" [/home/lab_726/boom/hls_boom/src/boom_core_merged.cpp:311]   --->   Operation 179 'phi' 'uop_20211_0881113' <Predicate = (!state_rename_dispatch_packets_valid_0_load & !state_decode_dec_valids_0_load & state_frontend_fetch_packet_valid_load)> <Delay = 0.00>
ST_1 : Operation 180 [1/1] (0.00ns)   --->   "%uop_15_14259_0583112 = phi i2 %uop_15_14259_0583_ph, void %.thread109, i2 0, void %memset.loop105, i2 3, void, i2 0, void, i2 3, void, i2 0, void, i2 0, void, i2 0, void, i2 0, void" [/home/lab_726/boom/hls_boom/src/boom_core_merged.cpp:239]   --->   Operation 180 'phi' 'uop_15_14259_0583112' <Predicate = (!state_rename_dispatch_packets_valid_0_load & !state_decode_dec_valids_0_load & state_frontend_fetch_packet_valid_load)> <Delay = 0.00>
ST_1 : Operation 181 [1/1] (0.00ns)   --->   "%uop_13207_0484111 = phi i12 %uop_13207_0484_ph, void %.thread109, i12 0, void %memset.loop105, i12 0, void, i12 0, void, i12 0, void, i12 0, void, i12 0, void, i12 0, void, i12 %v_11, void"   --->   Operation 181 'phi' 'uop_13207_0484111' <Predicate = (!state_rename_dispatch_packets_valid_0_load & !state_decode_dec_valids_0_load & state_frontend_fetch_packet_valid_load)> <Delay = 0.00>
ST_1 : Operation 182 [1/1] (0.00ns)   --->   "%uop_12206_0385110 = phi i32 %uop_12206_0385_ph, void %.thread109, i32 0, void %memset.loop105, i32 %sext_ln196, void, i32 %sext_ln192_1, void, i32 %sext_ln194_1, void, i32 %sext_ln192_3, void, i32 0, void, i32 0, void, i32 0, void" [/home/lab_726/boom/hls_boom/src/boom_core_merged.cpp:198]   --->   Operation 182 'phi' 'uop_12206_0385110' <Predicate = (!state_rename_dispatch_packets_valid_0_load & !state_decode_dec_valids_0_load & state_frontend_fetch_packet_valid_load)> <Delay = 0.00>
ST_1 : Operation 183 [1/1] (0.00ns)   --->   "%uop_exc_cause_1 = phi i4 %uop_17209_0782_ph, void %.thread109, i4 2, void %memset.loop105, i4 2, void, i4 2, void, i4 2, void, i4 0, void, i4 0, void, i4 0, void, i4 0, void" [/home/lab_726/boom/hls_boom/src/boom_core_merged.cpp:311]   --->   Operation 183 'phi' 'uop_exc_cause_1' <Predicate = (!state_rename_dispatch_packets_valid_0_load & !state_decode_dec_valids_0_load & state_frontend_fetch_packet_valid_load)> <Delay = 0.00>
ST_1 : Operation 184 [1/1] (0.00ns)   --->   "%store_ln330 = store i8 %p_02366128, i8 %state_decode_dec_uops_uopc_0" [/home/lab_726/boom/hls_boom/src/boom_core_merged.cpp:330]   --->   Operation 184 'store' 'store_ln330' <Predicate = (!state_rename_dispatch_packets_valid_0_load & !state_decode_dec_valids_0_load & state_frontend_fetch_packet_valid_load)> <Delay = 0.00>
ST_1 : Operation 185 [1/1] (0.00ns)   --->   "%store_ln330 = store i32 %inst, i32 %state_decode_dec_uops_inst_0" [/home/lab_726/boom/hls_boom/src/boom_core_merged.cpp:330]   --->   Operation 185 'store' 'store_ln330' <Predicate = (!state_rename_dispatch_packets_valid_0_load & !state_decode_dec_valids_0_load & state_frontend_fetch_packet_valid_load)> <Delay = 0.00>
ST_1 : Operation 186 [1/1] (0.00ns)   --->   "%store_ln330 = store i64 %pc, i64 %state_decode_dec_uops_debug_pc_0" [/home/lab_726/boom/hls_boom/src/boom_core_merged.cpp:330]   --->   Operation 186 'store' 'store_ln330' <Predicate = (!state_rename_dispatch_packets_valid_0_load & !state_decode_dec_valids_0_load & state_frontend_fetch_packet_valid_load)> <Delay = 0.00>
ST_1 : Operation 187 [1/1] (0.00ns)   --->   "%store_ln330 = store i1 %p_52267127, i1 %state_decode_dec_uops_iq_type_0" [/home/lab_726/boom/hls_boom/src/boom_core_merged.cpp:330]   --->   Operation 187 'store' 'store_ln330' <Predicate = (!state_rename_dispatch_packets_valid_0_load & !state_decode_dec_valids_0_load & state_frontend_fetch_packet_valid_load)> <Delay = 0.00>
ST_1 : Operation 188 [1/1] (0.00ns)   --->   "%store_ln330 = store i3 %p_62168126, i3 %state_decode_dec_uops_fu_code_0" [/home/lab_726/boom/hls_boom/src/boom_core_merged.cpp:330]   --->   Operation 188 'store' 'store_ln330' <Predicate = (!state_rename_dispatch_packets_valid_0_load & !state_decode_dec_valids_0_load & state_frontend_fetch_packet_valid_load)> <Delay = 0.00>
ST_1 : Operation 189 [1/1] (0.00ns)   --->   "%store_ln330 = store i4 %p_7_02069125, i4 %state_decode_dec_uops_ctrl_br_type_0" [/home/lab_726/boom/hls_boom/src/boom_core_merged.cpp:330]   --->   Operation 189 'store' 'store_ln330' <Predicate = (!state_rename_dispatch_packets_valid_0_load & !state_decode_dec_valids_0_load & state_frontend_fetch_packet_valid_load)> <Delay = 0.00>
ST_1 : Operation 190 [1/1] (0.00ns)   --->   "%store_ln330 = store i2 %p_7_11970124, i2 %state_decode_dec_uops_ctrl_op1_sel_0" [/home/lab_726/boom/hls_boom/src/boom_core_merged.cpp:330]   --->   Operation 190 'store' 'store_ln330' <Predicate = (!state_rename_dispatch_packets_valid_0_load & !state_decode_dec_valids_0_load & state_frontend_fetch_packet_valid_load)> <Delay = 0.00>
ST_1 : Operation 191 [1/1] (0.00ns)   --->   "%store_ln330 = store i2 %p_7_21871123, i2 %state_decode_dec_uops_ctrl_op2_sel_0" [/home/lab_726/boom/hls_boom/src/boom_core_merged.cpp:330]   --->   Operation 191 'store' 'store_ln330' <Predicate = (!state_rename_dispatch_packets_valid_0_load & !state_decode_dec_valids_0_load & state_frontend_fetch_packet_valid_load)> <Delay = 0.00>
ST_1 : Operation 192 [1/1] (0.00ns)   --->   "%store_ln330 = store i1 %p_7_51772122, i1 %state_decode_dec_uops_ctrl_fcn_dw_0" [/home/lab_726/boom/hls_boom/src/boom_core_merged.cpp:330]   --->   Operation 192 'store' 'store_ln330' <Predicate = (!state_rename_dispatch_packets_valid_0_load & !state_decode_dec_valids_0_load & state_frontend_fetch_packet_valid_load)> <Delay = 0.00>
ST_1 : Operation 193 [1/1] (0.00ns)   --->   "%store_ln330 = store i3 %p_7_61673121, i3 %state_decode_dec_uops_ctrl_csr_cmd_0" [/home/lab_726/boom/hls_boom/src/boom_core_merged.cpp:330]   --->   Operation 193 'store' 'store_ln330' <Predicate = (!state_rename_dispatch_packets_valid_0_load & !state_decode_dec_valids_0_load & state_frontend_fetch_packet_valid_load)> <Delay = 0.00>
ST_1 : Operation 194 [1/1] (0.00ns)   --->   "%store_ln330 = store i1 %p_19_61574120, i1 %state_decode_dec_uops_ctrl_is_load_0" [/home/lab_726/boom/hls_boom/src/boom_core_merged.cpp:330]   --->   Operation 194 'store' 'store_ln330' <Predicate = (!state_rename_dispatch_packets_valid_0_load & !state_decode_dec_valids_0_load & state_frontend_fetch_packet_valid_load)> <Delay = 0.00>
ST_1 : Operation 195 [1/1] (0.00ns)   --->   "%store_ln330 = store i1 %p_19_71475119, i1 %state_decode_dec_uops_ctrl_is_sta_0" [/home/lab_726/boom/hls_boom/src/boom_core_merged.cpp:330]   --->   Operation 195 'store' 'store_ln330' <Predicate = (!state_rename_dispatch_packets_valid_0_load & !state_decode_dec_valids_0_load & state_frontend_fetch_packet_valid_load)> <Delay = 0.00>
ST_1 : Operation 196 [1/1] (0.00ns)   --->   "%store_ln330 = store i8 0, i8 %state_decode_dec_uops_branch_br_mask_0" [/home/lab_726/boom/hls_boom/src/boom_core_merged.cpp:330]   --->   Operation 196 'store' 'store_ln330' <Predicate = (!state_rename_dispatch_packets_valid_0_load & !state_decode_dec_valids_0_load & state_frontend_fetch_packet_valid_load)> <Delay = 0.00>
ST_1 : Operation 197 [1/1] (0.00ns)   --->   "%store_ln330 = store i6 %uop_branch_pc_lob, i6 %state_decode_dec_uops_branch_pc_lob_0" [/home/lab_726/boom/hls_boom/src/boom_core_merged.cpp:330]   --->   Operation 197 'store' 'store_ln330' <Predicate = (!state_rename_dispatch_packets_valid_0_load & !state_decode_dec_valids_0_load & state_frontend_fetch_packet_valid_load)> <Delay = 0.00>
ST_1 : Operation 198 [1/1] (0.00ns)   --->   "%store_ln330 = store i1 %p_11_61376118, i1 %state_decode_dec_uops_branch_is_br_0" [/home/lab_726/boom/hls_boom/src/boom_core_merged.cpp:330]   --->   Operation 198 'store' 'store_ln330' <Predicate = (!state_rename_dispatch_packets_valid_0_load & !state_decode_dec_valids_0_load & state_frontend_fetch_packet_valid_load)> <Delay = 0.00>
ST_1 : Operation 199 [1/1] (0.00ns)   --->   "%store_ln330 = store i1 %p_11_71277117, i1 %state_decode_dec_uops_branch_is_jalr_0" [/home/lab_726/boom/hls_boom/src/boom_core_merged.cpp:330]   --->   Operation 199 'store' 'store_ln330' <Predicate = (!state_rename_dispatch_packets_valid_0_load & !state_decode_dec_valids_0_load & state_frontend_fetch_packet_valid_load)> <Delay = 0.00>
ST_1 : Operation 200 [1/1] (0.00ns)   --->   "%store_ln330 = store i1 %p_11_81178116, i1 %state_decode_dec_uops_branch_is_jal_0" [/home/lab_726/boom/hls_boom/src/boom_core_merged.cpp:330]   --->   Operation 200 'store' 'store_ln330' <Predicate = (!state_rename_dispatch_packets_valid_0_load & !state_decode_dec_valids_0_load & state_frontend_fetch_packet_valid_load)> <Delay = 0.00>
ST_1 : Operation 201 [1/1] (0.00ns)   --->   "%store_ln330 = store i32 %uop_12206_0385110, i32 %state_decode_dec_uops_imm_packed_0" [/home/lab_726/boom/hls_boom/src/boom_core_merged.cpp:330]   --->   Operation 201 'store' 'store_ln330' <Predicate = (!state_rename_dispatch_packets_valid_0_load & !state_decode_dec_valids_0_load & state_frontend_fetch_packet_valid_load)> <Delay = 0.00>
ST_1 : Operation 202 [1/1] (0.00ns)   --->   "%store_ln330 = store i12 %uop_13207_0484111, i12 %state_decode_dec_uops_csr_addr_0" [/home/lab_726/boom/hls_boom/src/boom_core_merged.cpp:330]   --->   Operation 202 'store' 'store_ln330' <Predicate = (!state_rename_dispatch_packets_valid_0_load & !state_decode_dec_valids_0_load & state_frontend_fetch_packet_valid_load)> <Delay = 0.00>
ST_1 : Operation 203 [1/1] (0.00ns)   --->   "%store_ln330 = store i5 %uop_rename_ldst, i5 %state_decode_dec_uops_rename_ldst_0" [/home/lab_726/boom/hls_boom/src/boom_core_merged.cpp:330]   --->   Operation 203 'store' 'store_ln330' <Predicate = (!state_rename_dispatch_packets_valid_0_load & !state_decode_dec_valids_0_load & state_frontend_fetch_packet_valid_load)> <Delay = 0.00>
ST_1 : Operation 204 [1/1] (0.00ns)   --->   "%store_ln330 = store i5 %uop_rename_lrs1, i5 %state_decode_dec_uops_rename_lrs1_0" [/home/lab_726/boom/hls_boom/src/boom_core_merged.cpp:330]   --->   Operation 204 'store' 'store_ln330' <Predicate = (!state_rename_dispatch_packets_valid_0_load & !state_decode_dec_valids_0_load & state_frontend_fetch_packet_valid_load)> <Delay = 0.00>
ST_1 : Operation 205 [1/1] (0.00ns)   --->   "%store_ln330 = store i5 %uop_rename_lrs2, i5 %state_decode_dec_uops_rename_lrs2_0" [/home/lab_726/boom/hls_boom/src/boom_core_merged.cpp:330]   --->   Operation 205 'store' 'store_ln330' <Predicate = (!state_rename_dispatch_packets_valid_0_load & !state_decode_dec_valids_0_load & state_frontend_fetch_packet_valid_load)> <Delay = 0.00>
ST_1 : Operation 206 [1/1] (0.00ns)   --->   "%store_ln330 = store i2 %uop_15_14259_0583112, i2 %state_decode_dec_uops_rename_dst_rtype_0" [/home/lab_726/boom/hls_boom/src/boom_core_merged.cpp:330]   --->   Operation 206 'store' 'store_ln330' <Predicate = (!state_rename_dispatch_packets_valid_0_load & !state_decode_dec_valids_0_load & state_frontend_fetch_packet_valid_load)> <Delay = 0.00>
ST_1 : Operation 207 [1/1] (0.00ns)   --->   "%store_ln330 = store i1 %empty, i1 %state_decode_dec_uops_exception_0" [/home/lab_726/boom/hls_boom/src/boom_core_merged.cpp:330]   --->   Operation 207 'store' 'store_ln330' <Predicate = (!state_rename_dispatch_packets_valid_0_load & !state_decode_dec_valids_0_load & state_frontend_fetch_packet_valid_load)> <Delay = 0.00>
ST_1 : Operation 208 [1/1] (0.00ns)   --->   "%store_ln330 = store i4 %uop_exc_cause_1, i4 %state_decode_dec_uops_exc_cause_0" [/home/lab_726/boom/hls_boom/src/boom_core_merged.cpp:330]   --->   Operation 208 'store' 'store_ln330' <Predicate = (!state_rename_dispatch_packets_valid_0_load & !state_decode_dec_valids_0_load & state_frontend_fetch_packet_valid_load)> <Delay = 0.00>
ST_1 : Operation 209 [1/1] (0.00ns)   --->   "%store_ln330 = store i2 %p_19_11079115, i2 %state_decode_dec_uops_mem_mem_size_0" [/home/lab_726/boom/hls_boom/src/boom_core_merged.cpp:330]   --->   Operation 209 'store' 'store_ln330' <Predicate = (!state_rename_dispatch_packets_valid_0_load & !state_decode_dec_valids_0_load & state_frontend_fetch_packet_valid_load)> <Delay = 0.00>
ST_1 : Operation 210 [1/1] (0.00ns)   --->   "%store_ln330 = store i1 %p_19_2980114, i1 %state_decode_dec_uops_mem_mem_signed_0" [/home/lab_726/boom/hls_boom/src/boom_core_merged.cpp:330]   --->   Operation 210 'store' 'store_ln330' <Predicate = (!state_rename_dispatch_packets_valid_0_load & !state_decode_dec_valids_0_load & state_frontend_fetch_packet_valid_load)> <Delay = 0.00>
ST_1 : Operation 211 [1/1] (0.00ns)   --->   "%store_ln330 = store i1 %p_19_61574120, i1 %state_decode_dec_uops_mem_uses_ldq_0" [/home/lab_726/boom/hls_boom/src/boom_core_merged.cpp:330]   --->   Operation 211 'store' 'store_ln330' <Predicate = (!state_rename_dispatch_packets_valid_0_load & !state_decode_dec_valids_0_load & state_frontend_fetch_packet_valid_load)> <Delay = 0.00>
ST_1 : Operation 212 [1/1] (0.00ns)   --->   "%store_ln330 = store i1 %p_19_71475119, i1 %state_decode_dec_uops_mem_uses_stq_0" [/home/lab_726/boom/hls_boom/src/boom_core_merged.cpp:330]   --->   Operation 212 'store' 'store_ln330' <Predicate = (!state_rename_dispatch_packets_valid_0_load & !state_decode_dec_valids_0_load & state_frontend_fetch_packet_valid_load)> <Delay = 0.00>
ST_1 : Operation 213 [1/1] (0.00ns)   --->   "%store_ln330 = store i1 %uop_20211_0881113, i1 %state_decode_dec_uops_is_sys_pc2epc_0" [/home/lab_726/boom/hls_boom/src/boom_core_merged.cpp:330]   --->   Operation 213 'store' 'store_ln330' <Predicate = (!state_rename_dispatch_packets_valid_0_load & !state_decode_dec_valids_0_load & state_frontend_fetch_packet_valid_load)> <Delay = 0.00>
ST_1 : Operation 214 [1/1] (0.42ns)   --->   "%br_ln332 = br void %._crit_edge3" [/home/lab_726/boom/hls_boom/src/boom_core_merged.cpp:332]   --->   Operation 214 'br' 'br_ln332' <Predicate = (!state_rename_dispatch_packets_valid_0_load & !state_decode_dec_valids_0_load & state_frontend_fetch_packet_valid_load)> <Delay = 0.42>
ST_1 : Operation 215 [1/1] (0.42ns)   --->   "%br_ln207 = br void %._crit_edge3" [/home/lab_726/boom/hls_boom/src/boom_core_merged.cpp:207]   --->   Operation 215 'br' 'br_ln207' <Predicate = (state_decode_dec_valids_0_load) | (state_rename_dispatch_packets_valid_0_load)> <Delay = 0.42>
ST_1 : Operation 216 [1/1] (0.00ns)   --->   "%state_decode_dec_valids_0_flag_0 = phi i1 0, void %._crit_edge, i1 1, void %.thread37.thread, i1 1, void"   --->   Operation 216 'phi' 'state_decode_dec_valids_0_flag_0' <Predicate = true> <Delay = 0.00>
ST_1 : Operation 217 [1/1] (0.00ns)   --->   "%state_decode_dec_valids_0_new_0 = phi i1 0, void %._crit_edge, i1 1, void %.thread37.thread, i1 0, void"   --->   Operation 217 'phi' 'state_decode_dec_valids_0_new_0' <Predicate = true> <Delay = 0.00>
ST_1 : Operation 218 [1/1] (0.00ns)   --->   "%br_ln0 = br i1 %state_decode_dec_valids_0_flag_0, void %._crit_edge3.new, void %mergeST"   --->   Operation 218 'br' 'br_ln0' <Predicate = true> <Delay = 0.00>
ST_1 : Operation 219 [1/1] (0.00ns)   --->   "%store_ln208 = store i1 %state_decode_dec_valids_0_new_0, i1 %state_decode_dec_valids_0" [/home/lab_726/boom/hls_boom/src/boom_core_merged.cpp:208]   --->   Operation 219 'store' 'store_ln208' <Predicate = (state_decode_dec_valids_0_flag_0)> <Delay = 0.00>
ST_1 : Operation 220 [1/1] (0.00ns)   --->   "%br_ln0 = br void %._crit_edge3.new"   --->   Operation 220 'br' 'br_ln0' <Predicate = (state_decode_dec_valids_0_flag_0)> <Delay = 0.00>
ST_1 : Operation 221 [1/1] (0.00ns)   --->   "%ret_ln332 = ret" [/home/lab_726/boom/hls_boom/src/boom_core_merged.cpp:332]   --->   Operation 221 'ret' 'ret_ln332' <Predicate = true> <Delay = 0.00>


============================================================
+ Verbose Summary: Binding
============================================================
STG Binding: 
---------------- STG Properties BEGIN ----------------
- Is combinational: 1
- Is one-state seq: 0
- Is datapath-only: 0
- Is pipelined: 0
- Is top level: 0
Port [ Return ] is wired: 1; IO mode=ap_ctrl_hs:ce=0
Port [ state_rename_dispatch_packets_valid_0]:  wired=1; compound=0; hidden=0; nouse=0; global=1; static=1; extern=0; dir=0; type=0; pingpong=0; private_global=0; IO mode=ap_none:ce=0
Port [ state_decode_dec_valids_0]:  wired=1; compound=0; hidden=0; nouse=0; global=1; static=1; extern=0; dir=2; type=0; pingpong=0; private_global=0; IO mode=ap_ovld:ce=0
Port [ state_frontend_fetch_packet_valid]:  wired=1; compound=0; hidden=0; nouse=0; global=1; static=1; extern=0; dir=0; type=0; pingpong=0; private_global=0; IO mode=ap_none:ce=0
Port [ state_frontend_fetch_uop_debug_pc]:  wired=1; compound=0; hidden=0; nouse=0; global=1; static=1; extern=0; dir=0; type=0; pingpong=0; private_global=0; IO mode=ap_none:ce=0
Port [ state_frontend_fetch_uop_inst]:  wired=1; compound=0; hidden=0; nouse=0; global=1; static=1; extern=0; dir=0; type=0; pingpong=0; private_global=0; IO mode=ap_none:ce=0
Port [ state_decode_dec_uops_uopc_0]:  wired=1; compound=0; hidden=0; nouse=0; global=1; static=1; extern=0; dir=1; type=0; pingpong=0; private_global=0; IO mode=ap_vld:ce=0
Port [ state_decode_dec_uops_inst_0]:  wired=1; compound=0; hidden=0; nouse=0; global=1; static=1; extern=0; dir=1; type=0; pingpong=0; private_global=0; IO mode=ap_vld:ce=0
Port [ state_decode_dec_uops_debug_pc_0]:  wired=1; compound=0; hidden=0; nouse=0; global=1; static=1; extern=0; dir=1; type=0; pingpong=0; private_global=0; IO mode=ap_vld:ce=0
Port [ state_decode_dec_uops_iq_type_0]:  wired=1; compound=0; hidden=0; nouse=0; global=1; static=1; extern=0; dir=1; type=0; pingpong=0; private_global=0; IO mode=ap_vld:ce=0
Port [ state_decode_dec_uops_fu_code_0]:  wired=1; compound=0; hidden=0; nouse=0; global=1; static=1; extern=0; dir=1; type=0; pingpong=0; private_global=0; IO mode=ap_vld:ce=0
Port [ state_decode_dec_uops_ctrl_br_type_0]:  wired=1; compound=0; hidden=0; nouse=0; global=1; static=1; extern=0; dir=1; type=0; pingpong=0; private_global=0; IO mode=ap_vld:ce=0
Port [ state_decode_dec_uops_ctrl_op1_sel_0]:  wired=1; compound=0; hidden=0; nouse=0; global=1; static=1; extern=0; dir=1; type=0; pingpong=0; private_global=0; IO mode=ap_vld:ce=0
Port [ state_decode_dec_uops_ctrl_op2_sel_0]:  wired=1; compound=0; hidden=0; nouse=0; global=1; static=1; extern=0; dir=1; type=0; pingpong=0; private_global=0; IO mode=ap_vld:ce=0
Port [ state_decode_dec_uops_ctrl_fcn_dw_0]:  wired=1; compound=0; hidden=0; nouse=0; global=1; static=1; extern=0; dir=1; type=0; pingpong=0; private_global=0; IO mode=ap_vld:ce=0
Port [ state_decode_dec_uops_ctrl_csr_cmd_0]:  wired=1; compound=0; hidden=0; nouse=0; global=1; static=1; extern=0; dir=1; type=0; pingpong=0; private_global=0; IO mode=ap_vld:ce=0
Port [ state_decode_dec_uops_ctrl_is_load_0]:  wired=1; compound=0; hidden=0; nouse=0; global=1; static=1; extern=0; dir=1; type=0; pingpong=0; private_global=0; IO mode=ap_vld:ce=0
Port [ state_decode_dec_uops_ctrl_is_sta_0]:  wired=1; compound=0; hidden=0; nouse=0; global=1; static=1; extern=0; dir=1; type=0; pingpong=0; private_global=0; IO mode=ap_vld:ce=0
Port [ state_decode_dec_uops_branch_br_mask_0]:  wired=1; compound=0; hidden=0; nouse=0; global=1; static=1; extern=0; dir=1; type=0; pingpong=0; private_global=0; IO mode=ap_vld:ce=0
Port [ state_decode_dec_uops_branch_pc_lob_0]:  wired=1; compound=0; hidden=0; nouse=0; global=1; static=1; extern=0; dir=1; type=0; pingpong=0; private_global=0; IO mode=ap_vld:ce=0
Port [ state_decode_dec_uops_branch_is_br_0]:  wired=1; compound=0; hidden=0; nouse=0; global=1; static=1; extern=0; dir=1; type=0; pingpong=0; private_global=0; IO mode=ap_vld:ce=0
Port [ state_decode_dec_uops_branch_is_jalr_0]:  wired=1; compound=0; hidden=0; nouse=0; global=1; static=1; extern=0; dir=1; type=0; pingpong=0; private_global=0; IO mode=ap_vld:ce=0
Port [ state_decode_dec_uops_branch_is_jal_0]:  wired=1; compound=0; hidden=0; nouse=0; global=1; static=1; extern=0; dir=1; type=0; pingpong=0; private_global=0; IO mode=ap_vld:ce=0
Port [ state_decode_dec_uops_imm_packed_0]:  wired=1; compound=0; hidden=0; nouse=0; global=1; static=1; extern=0; dir=1; type=0; pingpong=0; private_global=0; IO mode=ap_vld:ce=0
Port [ state_decode_dec_uops_csr_addr_0]:  wired=1; compound=0; hidden=0; nouse=0; global=1; static=1; extern=0; dir=1; type=0; pingpong=0; private_global=0; IO mode=ap_vld:ce=0
Port [ state_decode_dec_uops_rename_ldst_0]:  wired=1; compound=0; hidden=0; nouse=0; global=1; static=1; extern=0; dir=1; type=0; pingpong=0; private_global=0; IO mode=ap_vld:ce=0
Port [ state_decode_dec_uops_rename_lrs1_0]:  wired=1; compound=0; hidden=0; nouse=0; global=1; static=1; extern=0; dir=1; type=0; pingpong=0; private_global=0; IO mode=ap_vld:ce=0
Port [ state_decode_dec_uops_rename_lrs2_0]:  wired=1; compound=0; hidden=0; nouse=0; global=1; static=1; extern=0; dir=1; type=0; pingpong=0; private_global=0; IO mode=ap_vld:ce=0
Port [ state_decode_dec_uops_rename_dst_rtype_0]:  wired=1; compound=0; hidden=0; nouse=0; global=1; static=1; extern=0; dir=1; type=0; pingpong=0; private_global=0; IO mode=ap_vld:ce=0
Port [ state_decode_dec_uops_exception_0]:  wired=1; compound=0; hidden=0; nouse=0; global=1; static=1; extern=0; dir=1; type=0; pingpong=0; private_global=0; IO mode=ap_vld:ce=0
Port [ state_decode_dec_uops_exc_cause_0]:  wired=1; compound=0; hidden=0; nouse=0; global=1; static=1; extern=0; dir=1; type=0; pingpong=0; private_global=0; IO mode=ap_vld:ce=0
Port [ state_decode_dec_uops_mem_mem_size_0]:  wired=1; compound=0; hidden=0; nouse=0; global=1; static=1; extern=0; dir=1; type=0; pingpong=0; private_global=0; IO mode=ap_vld:ce=0
Port [ state_decode_dec_uops_mem_mem_signed_0]:  wired=1; compound=0; hidden=0; nouse=0; global=1; static=1; extern=0; dir=1; type=0; pingpong=0; private_global=0; IO mode=ap_vld:ce=0
Port [ state_decode_dec_uops_mem_uses_ldq_0]:  wired=1; compound=0; hidden=0; nouse=0; global=1; static=1; extern=0; dir=1; type=0; pingpong=0; private_global=0; IO mode=ap_vld:ce=0
Port [ state_decode_dec_uops_mem_uses_stq_0]:  wired=1; compound=0; hidden=0; nouse=0; global=1; static=1; extern=0; dir=1; type=0; pingpong=0; private_global=0; IO mode=ap_vld:ce=0
Port [ state_decode_dec_uops_is_sys_pc2epc_0]:  wired=1; compound=0; hidden=0; nouse=0; global=1; static=1; extern=0; dir=1; type=0; pingpong=0; private_global=0; IO mode=ap_vld:ce=0
---------------- STG Properties END ------------------

---------------- Datapath Model BEGIN ----------------

<LifeTime>
<method=bitvector/>
state_rename_dispatch_packets_valid_0_load (load          ) [ 01]
br_ln207                                   (br            ) [ 00]
state_decode_dec_valids_0_load             (load          ) [ 01]
br_ln207                                   (br            ) [ 00]
state_frontend_fetch_packet_valid_load     (load          ) [ 01]
br_ln209                                   (br            ) [ 00]
pc                                         (load          ) [ 00]
inst                                       (load          ) [ 00]
uop_rename_lrs1                            (partselect    ) [ 00]
v_11                                       (partselect    ) [ 00]
uop_rename_lrs2                            (partselect    ) [ 00]
uop_rename_ldst                            (partselect    ) [ 00]
uop_branch_pc_lob                          (trunc         ) [ 00]
opcode                                     (trunc         ) [ 00]
f3                                         (partselect    ) [ 01]
zext_ln226                                 (zext          ) [ 00]
f7                                         (partselect    ) [ 00]
zext_ln230                                 (zext          ) [ 00]
add_ln230                                  (add           ) [ 00]
trunc_ln                                   (partselect    ) [ 00]
sext_ln230                                 (sext          ) [ 00]
trunc_ln230                                (trunc         ) [ 00]
or_ln                                      (bitconcatenate) [ 01]
icmp_ln297                                 (icmp          ) [ 00]
switch_ln230                               (switch        ) [ 00]
icmp_ln311                                 (icmp          ) [ 01]
br_ln311                                   (br            ) [ 00]
switch_ln318                               (switch        ) [ 00]
br_ln323                                   (br            ) [ 00]
br_ln322                                   (br            ) [ 00]
br_ln321                                   (br            ) [ 00]
br_ln320                                   (br            ) [ 00]
br_ln319                                   (br            ) [ 00]
or_ln311                                   (or            ) [ 00]
tmp_s                                      (bitconcatenate) [ 00]
uop_is_sys_pc2epc                          (icmp          ) [ 00]
uop_rename_dst_rtype_3                     (xor           ) [ 00]
select_ln311                               (select        ) [ 00]
uop_exc_cause                              (select        ) [ 00]
select_ln214_1                             (select        ) [ 00]
br_ln328                                   (br            ) [ 00]
switch_ln305                               (switch        ) [ 00]
select_ln307                               (select        ) [ 00]
br_ln307                                   (br            ) [ 00]
select_ln305                               (select        ) [ 00]
br_ln305                                   (br            ) [ 00]
icmp_ln293                                 (icmp          ) [ 01]
br_ln293                                   (br            ) [ 00]
switch_ln297                               (switch        ) [ 00]
br_ln301                                   (br            ) [ 00]
select_ln300                               (select        ) [ 00]
br_ln300                                   (br            ) [ 00]
br_ln299                                   (br            ) [ 00]
br_ln299                                   (br            ) [ 00]
br_ln298                                   (br            ) [ 00]
select_ln297                               (select        ) [ 00]
br_ln297                                   (br            ) [ 00]
br_ln301                                   (br            ) [ 00]
icmp_ln294                                 (icmp          ) [ 01]
select_ln214                               (select        ) [ 00]
br_ln328                                   (br            ) [ 00]
sext_ln192_3                               (sext          ) [ 00]
switch_ln288                               (switch        ) [ 00]
icmp_ln290                                 (icmp          ) [ 00]
select_ln290                               (select        ) [ 00]
br_ln290                                   (br            ) [ 00]
br_ln289                                   (br            ) [ 00]
sext_ln192_2                               (sext          ) [ 00]
switch_ln278                               (switch        ) [ 00]
br_ln282                                   (br            ) [ 00]
br_ln281                                   (br            ) [ 00]
br_ln280                                   (br            ) [ 00]
br_ln280                                   (br            ) [ 00]
br_ln279                                   (br            ) [ 00]
br_ln279                                   (br            ) [ 00]
icmp_ln283                                 (icmp          ) [ 00]
select_ln283                               (select        ) [ 00]
br_ln283                                   (br            ) [ 00]
v_6                                        (bitconcatenate) [ 00]
sext_ln194                                 (sext          ) [ 00]
zext_ln194                                 (zext          ) [ 00]
tmp_22                                     (bitselect     ) [ 01]
or_ln194_1                                 (bitconcatenate) [ 00]
sext_ln194_2                               (sext          ) [ 00]
or_ln3                                     (bitconcatenate) [ 00]
v_13                                       (select        ) [ 00]
sext_ln194_1                               (sext          ) [ 00]
switch_ln270                               (switch        ) [ 00]
br_ln273                                   (br            ) [ 00]
br_ln272                                   (br            ) [ 00]
br_ln271                                   (br            ) [ 00]
sext_ln192_1                               (sext          ) [ 00]
switch_ln259                               (switch        ) [ 00]
br_ln265                                   (br            ) [ 00]
br_ln264                                   (br            ) [ 00]
br_ln263                                   (br            ) [ 00]
br_ln262                                   (br            ) [ 00]
br_ln261                                   (br            ) [ 00]
br_ln260                                   (br            ) [ 00]
tmp_7                                      (partselect    ) [ 00]
tmp_8                                      (partselect    ) [ 00]
tmp_20                                     (bitselect     ) [ 00]
tmp_21                                     (bitselect     ) [ 00]
and_ln196_2                                (bitconcatenate) [ 00]
v_3                                        (bitconcatenate) [ 00]
zext_ln196                                 (zext          ) [ 00]
icmp_ln197                                 (icmp          ) [ 01]
or_ln2                                     (bitconcatenate) [ 00]
v_12                                       (select        ) [ 00]
sext_ln196                                 (sext          ) [ 00]
switch_ln248                               (switch        ) [ 00]
br_ln253                                   (br            ) [ 00]
br_ln252                                   (br            ) [ 00]
br_ln251                                   (br            ) [ 00]
br_ln250                                   (br            ) [ 00]
br_ln249                                   (br            ) [ 00]
sext_ln192                                 (sext          ) [ 00]
icmp_ln243                                 (icmp          ) [ 00]
uop_rename_dst_rtype_1                     (select        ) [ 00]
br_ln244                                   (br            ) [ 00]
tmp_5                                      (partselect    ) [ 00]
tmp                                        (bitselect     ) [ 00]
tmp_6                                      (partselect    ) [ 00]
tmp_19                                     (bitselect     ) [ 00]
and_ln200_2                                (bitconcatenate) [ 00]
v                                          (bitconcatenate) [ 00]
zext_ln200                                 (zext          ) [ 00]
icmp_ln201                                 (icmp          ) [ 01]
or_ln1                                     (bitconcatenate) [ 00]
v_10                                       (select        ) [ 00]
sext_ln200                                 (sext          ) [ 00]
icmp_ln239                                 (icmp          ) [ 00]
uop_rename_dst_rtype                       (select        ) [ 00]
br_ln240                                   (br            ) [ 00]
tmp_4                                      (partselect    ) [ 00]
uop_imm_packed_1                           (bitconcatenate) [ 00]
br_ln236                                   (br            ) [ 00]
tmp_3                                      (partselect    ) [ 00]
uop_imm_packed                             (bitconcatenate) [ 00]
br_ln233                                   (br            ) [ 00]
uop_12206_0385_ph                          (phi           ) [ 00]
uop_13207_0484_ph                          (phi           ) [ 00]
uop_15_14259_0583_ph                       (phi           ) [ 00]
uop_17209_0782_ph                          (phi           ) [ 00]
uop_20211_0881_ph                          (phi           ) [ 00]
p_19_2980_ph                               (phi           ) [ 00]
p_19_11079_ph                              (phi           ) [ 00]
p_11_81178_ph                              (phi           ) [ 00]
p_11_71277_ph                              (phi           ) [ 00]
p_11_61376_ph                              (phi           ) [ 00]
p_19_71475_ph                              (phi           ) [ 00]
p_19_61574_ph                              (phi           ) [ 00]
p_7_61673_ph                               (phi           ) [ 00]
p_7_51772_ph                               (phi           ) [ 00]
p_7_21871_ph                               (phi           ) [ 00]
p_7_11970_ph                               (phi           ) [ 00]
p_7_02069_ph                               (phi           ) [ 00]
p_62168_ph                                 (phi           ) [ 00]
p_52267_ph                                 (phi           ) [ 00]
p_02366_ph                                 (phi           ) [ 00]
br_ln328                                   (br            ) [ 00]
empty                                      (phi           ) [ 00]
p_02366128                                 (phi           ) [ 00]
p_52267127                                 (phi           ) [ 00]
p_62168126                                 (phi           ) [ 00]
p_7_02069125                               (phi           ) [ 00]
p_7_11970124                               (phi           ) [ 00]
p_7_21871123                               (phi           ) [ 00]
p_7_51772122                               (phi           ) [ 00]
p_7_61673121                               (phi           ) [ 00]
p_19_61574120                              (phi           ) [ 00]
p_19_71475119                              (phi           ) [ 00]
p_11_61376118                              (phi           ) [ 00]
p_11_71277117                              (phi           ) [ 00]
p_11_81178116                              (phi           ) [ 00]
p_19_11079115                              (phi           ) [ 00]
p_19_2980114                               (phi           ) [ 00]
uop_20211_0881113                          (phi           ) [ 00]
uop_15_14259_0583112                       (phi           ) [ 00]
uop_13207_0484111                          (phi           ) [ 00]
uop_12206_0385110                          (phi           ) [ 00]
uop_exc_cause_1                            (phi           ) [ 00]
store_ln330                                (store         ) [ 00]
store_ln330                                (store         ) [ 00]
store_ln330                                (store         ) [ 00]
store_ln330                                (store         ) [ 00]
store_ln330                                (store         ) [ 00]
store_ln330                                (store         ) [ 00]
store_ln330                                (store         ) [ 00]
store_ln330                                (store         ) [ 00]
store_ln330                                (store         ) [ 00]
store_ln330                                (store         ) [ 00]
store_ln330                                (store         ) [ 00]
store_ln330                                (store         ) [ 00]
store_ln330                                (store         ) [ 00]
store_ln330                                (store         ) [ 00]
store_ln330                                (store         ) [ 00]
store_ln330                                (store         ) [ 00]
store_ln330                                (store         ) [ 00]
store_ln330                                (store         ) [ 00]
store_ln330                                (store         ) [ 00]
store_ln330                                (store         ) [ 00]
store_ln330                                (store         ) [ 00]
store_ln330                                (store         ) [ 00]
store_ln330                                (store         ) [ 00]
store_ln330                                (store         ) [ 00]
store_ln330                                (store         ) [ 00]
store_ln330                                (store         ) [ 00]
store_ln330                                (store         ) [ 00]
store_ln330                                (store         ) [ 00]
store_ln330                                (store         ) [ 00]
store_ln330                                (store         ) [ 00]
br_ln332                                   (br            ) [ 00]
br_ln207                                   (br            ) [ 00]
state_decode_dec_valids_0_flag_0           (phi           ) [ 01]
state_decode_dec_valids_0_new_0            (phi           ) [ 00]
br_ln0                                     (br            ) [ 00]
store_ln208                                (store         ) [ 00]
br_ln0                                     (br            ) [ 00]
ret_ln332                                  (ret           ) [ 00]
</LifeTime>

<model>

<comp_list>
<comp id="0" class="1000" name="state_rename_dispatch_packets_valid_0">
<pin_list>
<pin id="1" dir="1" index="0" bw="1" slack="0"/>
</pin_list>
<bind>
<StgValue><ssdm name="state_rename_dispatch_packets_valid_0"/></StgValue>
</bind>
</comp>

<comp id="2" class="1000" name="state_decode_dec_valids_0">
<pin_list>
<pin id="3" dir="1" index="0" bw="1" slack="0"/>
</pin_list>
<bind>
<StgValue><ssdm name="state_decode_dec_valids_0"/></StgValue>
</bind>
</comp>

<comp id="4" class="1000" name="state_frontend_fetch_packet_valid">
<pin_list>
<pin id="5" dir="1" index="0" bw="1" slack="0"/>
</pin_list>
<bind>
<StgValue><ssdm name="state_frontend_fetch_packet_valid"/></StgValue>
</bind>
</comp>

<comp id="6" class="1000" name="state_frontend_fetch_uop_debug_pc">
<pin_list>
<pin id="7" dir="1" index="0" bw="1" slack="0"/>
</pin_list>
<bind>
<StgValue><ssdm name="state_frontend_fetch_uop_debug_pc"/></StgValue>
</bind>
</comp>

<comp id="8" class="1000" name="state_frontend_fetch_uop_inst">
<pin_list>
<pin id="9" dir="1" index="0" bw="1" slack="0"/>
</pin_list>
<bind>
<StgValue><ssdm name="state_frontend_fetch_uop_inst"/></StgValue>
</bind>
</comp>

<comp id="10" class="1000" name="state_decode_dec_uops_uopc_0">
<pin_list>
<pin id="11" dir="1" index="0" bw="1" slack="0"/>
</pin_list>
<bind>
<StgValue><ssdm name="state_decode_dec_uops_uopc_0"/></StgValue>
</bind>
</comp>

<comp id="12" class="1000" name="state_decode_dec_uops_inst_0">
<pin_list>
<pin id="13" dir="1" index="0" bw="1" slack="0"/>
</pin_list>
<bind>
<StgValue><ssdm name="state_decode_dec_uops_inst_0"/></StgValue>
</bind>
</comp>

<comp id="14" class="1000" name="state_decode_dec_uops_debug_pc_0">
<pin_list>
<pin id="15" dir="1" index="0" bw="1" slack="0"/>
</pin_list>
<bind>
<StgValue><ssdm name="state_decode_dec_uops_debug_pc_0"/></StgValue>
</bind>
</comp>

<comp id="16" class="1000" name="state_decode_dec_uops_iq_type_0">
<pin_list>
<pin id="17" dir="1" index="0" bw="1" slack="0"/>
</pin_list>
<bind>
<StgValue><ssdm name="state_decode_dec_uops_iq_type_0"/></StgValue>
</bind>
</comp>

<comp id="18" class="1000" name="state_decode_dec_uops_fu_code_0">
<pin_list>
<pin id="19" dir="1" index="0" bw="1" slack="0"/>
</pin_list>
<bind>
<StgValue><ssdm name="state_decode_dec_uops_fu_code_0"/></StgValue>
</bind>
</comp>

<comp id="20" class="1000" name="state_decode_dec_uops_ctrl_br_type_0">
<pin_list>
<pin id="21" dir="1" index="0" bw="1" slack="0"/>
</pin_list>
<bind>
<StgValue><ssdm name="state_decode_dec_uops_ctrl_br_type_0"/></StgValue>
</bind>
</comp>

<comp id="22" class="1000" name="state_decode_dec_uops_ctrl_op1_sel_0">
<pin_list>
<pin id="23" dir="1" index="0" bw="1" slack="0"/>
</pin_list>
<bind>
<StgValue><ssdm name="state_decode_dec_uops_ctrl_op1_sel_0"/></StgValue>
</bind>
</comp>

<comp id="24" class="1000" name="state_decode_dec_uops_ctrl_op2_sel_0">
<pin_list>
<pin id="25" dir="1" index="0" bw="1" slack="0"/>
</pin_list>
<bind>
<StgValue><ssdm name="state_decode_dec_uops_ctrl_op2_sel_0"/></StgValue>
</bind>
</comp>

<comp id="26" class="1000" name="state_decode_dec_uops_ctrl_fcn_dw_0">
<pin_list>
<pin id="27" dir="1" index="0" bw="1" slack="0"/>
</pin_list>
<bind>
<StgValue><ssdm name="state_decode_dec_uops_ctrl_fcn_dw_0"/></StgValue>
</bind>
</comp>

<comp id="28" class="1000" name="state_decode_dec_uops_ctrl_csr_cmd_0">
<pin_list>
<pin id="29" dir="1" index="0" bw="1" slack="0"/>
</pin_list>
<bind>
<StgValue><ssdm name="state_decode_dec_uops_ctrl_csr_cmd_0"/></StgValue>
</bind>
</comp>

<comp id="30" class="1000" name="state_decode_dec_uops_ctrl_is_load_0">
<pin_list>
<pin id="31" dir="1" index="0" bw="1" slack="0"/>
</pin_list>
<bind>
<StgValue><ssdm name="state_decode_dec_uops_ctrl_is_load_0"/></StgValue>
</bind>
</comp>

<comp id="32" class="1000" name="state_decode_dec_uops_ctrl_is_sta_0">
<pin_list>
<pin id="33" dir="1" index="0" bw="1" slack="0"/>
</pin_list>
<bind>
<StgValue><ssdm name="state_decode_dec_uops_ctrl_is_sta_0"/></StgValue>
</bind>
</comp>

<comp id="34" class="1000" name="state_decode_dec_uops_branch_br_mask_0">
<pin_list>
<pin id="35" dir="1" index="0" bw="1" slack="0"/>
</pin_list>
<bind>
<StgValue><ssdm name="state_decode_dec_uops_branch_br_mask_0"/></StgValue>
</bind>
</comp>

<comp id="36" class="1000" name="state_decode_dec_uops_branch_pc_lob_0">
<pin_list>
<pin id="37" dir="1" index="0" bw="1" slack="0"/>
</pin_list>
<bind>
<StgValue><ssdm name="state_decode_dec_uops_branch_pc_lob_0"/></StgValue>
</bind>
</comp>

<comp id="38" class="1000" name="state_decode_dec_uops_branch_is_br_0">
<pin_list>
<pin id="39" dir="1" index="0" bw="1" slack="0"/>
</pin_list>
<bind>
<StgValue><ssdm name="state_decode_dec_uops_branch_is_br_0"/></StgValue>
</bind>
</comp>

<comp id="40" class="1000" name="state_decode_dec_uops_branch_is_jalr_0">
<pin_list>
<pin id="41" dir="1" index="0" bw="1" slack="0"/>
</pin_list>
<bind>
<StgValue><ssdm name="state_decode_dec_uops_branch_is_jalr_0"/></StgValue>
</bind>
</comp>

<comp id="42" class="1000" name="state_decode_dec_uops_branch_is_jal_0">
<pin_list>
<pin id="43" dir="1" index="0" bw="1" slack="0"/>
</pin_list>
<bind>
<StgValue><ssdm name="state_decode_dec_uops_branch_is_jal_0"/></StgValue>
</bind>
</comp>

<comp id="44" class="1000" name="state_decode_dec_uops_imm_packed_0">
<pin_list>
<pin id="45" dir="1" index="0" bw="1" slack="0"/>
</pin_list>
<bind>
<StgValue><ssdm name="state_decode_dec_uops_imm_packed_0"/></StgValue>
</bind>
</comp>

<comp id="46" class="1000" name="state_decode_dec_uops_csr_addr_0">
<pin_list>
<pin id="47" dir="1" index="0" bw="1" slack="0"/>
</pin_list>
<bind>
<StgValue><ssdm name="state_decode_dec_uops_csr_addr_0"/></StgValue>
</bind>
</comp>

<comp id="48" class="1000" name="state_decode_dec_uops_rename_ldst_0">
<pin_list>
<pin id="49" dir="1" index="0" bw="1" slack="0"/>
</pin_list>
<bind>
<StgValue><ssdm name="state_decode_dec_uops_rename_ldst_0"/></StgValue>
</bind>
</comp>

<comp id="50" class="1000" name="state_decode_dec_uops_rename_lrs1_0">
<pin_list>
<pin id="51" dir="1" index="0" bw="1" slack="0"/>
</pin_list>
<bind>
<StgValue><ssdm name="state_decode_dec_uops_rename_lrs1_0"/></StgValue>
</bind>
</comp>

<comp id="52" class="1000" name="state_decode_dec_uops_rename_lrs2_0">
<pin_list>
<pin id="53" dir="1" index="0" bw="1" slack="0"/>
</pin_list>
<bind>
<StgValue><ssdm name="state_decode_dec_uops_rename_lrs2_0"/></StgValue>
</bind>
</comp>

<comp id="54" class="1000" name="state_decode_dec_uops_rename_dst_rtype_0">
<pin_list>
<pin id="55" dir="1" index="0" bw="1" slack="0"/>
</pin_list>
<bind>
<StgValue><ssdm name="state_decode_dec_uops_rename_dst_rtype_0"/></StgValue>
</bind>
</comp>

<comp id="56" class="1000" name="state_decode_dec_uops_exception_0">
<pin_list>
<pin id="57" dir="1" index="0" bw="1" slack="0"/>
</pin_list>
<bind>
<StgValue><ssdm name="state_decode_dec_uops_exception_0"/></StgValue>
</bind>
</comp>

<comp id="58" class="1000" name="state_decode_dec_uops_exc_cause_0">
<pin_list>
<pin id="59" dir="1" index="0" bw="1" slack="0"/>
</pin_list>
<bind>
<StgValue><ssdm name="state_decode_dec_uops_exc_cause_0"/></StgValue>
</bind>
</comp>

<comp id="60" class="1000" name="state_decode_dec_uops_mem_mem_size_0">
<pin_list>
<pin id="61" dir="1" index="0" bw="1" slack="0"/>
</pin_list>
<bind>
<StgValue><ssdm name="state_decode_dec_uops_mem_mem_size_0"/></StgValue>
</bind>
</comp>

<comp id="62" class="1000" name="state_decode_dec_uops_mem_mem_signed_0">
<pin_list>
<pin id="63" dir="1" index="0" bw="1" slack="0"/>
</pin_list>
<bind>
<StgValue><ssdm name="state_decode_dec_uops_mem_mem_signed_0"/></StgValue>
</bind>
</comp>

<comp id="64" class="1000" name="state_decode_dec_uops_mem_uses_ldq_0">
<pin_list>
<pin id="65" dir="1" index="0" bw="1" slack="0"/>
</pin_list>
<bind>
<StgValue><ssdm name="state_decode_dec_uops_mem_uses_ldq_0"/></StgValue>
</bind>
</comp>

<comp id="66" class="1000" name="state_decode_dec_uops_mem_uses_stq_0">
<pin_list>
<pin id="67" dir="1" index="0" bw="1" slack="0"/>
</pin_list>
<bind>
<StgValue><ssdm name="state_decode_dec_uops_mem_uses_stq_0"/></StgValue>
</bind>
</comp>

<comp id="68" class="1000" name="state_decode_dec_uops_is_sys_pc2epc_0">
<pin_list>
<pin id="69" dir="1" index="0" bw="1" slack="0"/>
</pin_list>
<bind>
<StgValue><ssdm name="state_decode_dec_uops_is_sys_pc2epc_0"/></StgValue>
</bind>
</comp>

<comp id="70" class="1001" name="const_70">
<pin_list>
<pin id="71" dir="1" index="0" bw="1" slack="0"/>
</pin_list>
<bind>
<StgValue><ssdm name="_ssdm_op_PartSelect.i5.i32.i32.i32"/></StgValue>
</bind>
</comp>

<comp id="72" class="1001" name="const_72">
<pin_list>
<pin id="73" dir="1" index="0" bw="1" slack="0"/>
</pin_list>
<bind>
<StgValue><ssdm name=""/></StgValue>
</bind>
</comp>

<comp id="74" class="1001" name="const_74">
<pin_list>
<pin id="75" dir="1" index="0" bw="1" slack="0"/>
</pin_list>
<bind>
<StgValue><ssdm name=""/></StgValue>
</bind>
</comp>

<comp id="76" class="1001" name="const_76">
<pin_list>
<pin id="77" dir="1" index="0" bw="1" slack="0"/>
</pin_list>
<bind>
<StgValue><ssdm name="_ssdm_op_PartSelect.i12.i32.i32.i32"/></StgValue>
</bind>
</comp>

<comp id="78" class="1001" name="const_78">
<pin_list>
<pin id="79" dir="1" index="0" bw="1" slack="0"/>
</pin_list>
<bind>
<StgValue><ssdm name=""/></StgValue>
</bind>
</comp>

<comp id="80" class="1001" name="const_80">
<pin_list>
<pin id="81" dir="1" index="0" bw="1" slack="0"/>
</pin_list>
<bind>
<StgValue><ssdm name=""/></StgValue>
</bind>
</comp>

<comp id="82" class="1001" name="const_82">
<pin_list>
<pin id="83" dir="1" index="0" bw="1" slack="0"/>
</pin_list>
<bind>
<StgValue><ssdm name=""/></StgValue>
</bind>
</comp>

<comp id="84" class="1001" name="const_84">
<pin_list>
<pin id="85" dir="1" index="0" bw="1" slack="0"/>
</pin_list>
<bind>
<StgValue><ssdm name=""/></StgValue>
</bind>
</comp>

<comp id="86" class="1001" name="const_86">
<pin_list>
<pin id="87" dir="1" index="0" bw="1" slack="0"/>
</pin_list>
<bind>
<StgValue><ssdm name=""/></StgValue>
</bind>
</comp>

<comp id="88" class="1001" name="const_88">
<pin_list>
<pin id="89" dir="1" index="0" bw="1" slack="0"/>
</pin_list>
<bind>
<StgValue><ssdm name="_ssdm_op_PartSelect.i3.i32.i32.i32"/></StgValue>
</bind>
</comp>

<comp id="90" class="1001" name="const_90">
<pin_list>
<pin id="91" dir="1" index="0" bw="1" slack="0"/>
</pin_list>
<bind>
<StgValue><ssdm name=""/></StgValue>
</bind>
</comp>

<comp id="92" class="1001" name="const_92">
<pin_list>
<pin id="93" dir="1" index="0" bw="1" slack="0"/>
</pin_list>
<bind>
<StgValue><ssdm name=""/></StgValue>
</bind>
</comp>

<comp id="94" class="1001" name="const_94">
<pin_list>
<pin id="95" dir="1" index="0" bw="1" slack="0"/>
</pin_list>
<bind>
<StgValue><ssdm name="_ssdm_op_PartSelect.i7.i32.i32.i32"/></StgValue>
</bind>
</comp>

<comp id="96" class="1001" name="const_96">
<pin_list>
<pin id="97" dir="1" index="0" bw="1" slack="0"/>
</pin_list>
<bind>
<StgValue><ssdm name=""/></StgValue>
</bind>
</comp>

<comp id="98" class="1001" name="const_98">
<pin_list>
<pin id="99" dir="1" index="0" bw="1" slack="0"/>
</pin_list>
<bind>
<StgValue><ssdm name=""/></StgValue>
</bind>
</comp>

<comp id="100" class="1001" name="const_100">
<pin_list>
<pin id="101" dir="1" index="0" bw="1" slack="0"/>
</pin_list>
<bind>
<StgValue><ssdm name="_ssdm_op_PartSelect.i6.i8.i32.i32"/></StgValue>
</bind>
</comp>

<comp id="102" class="1001" name="const_102">
<pin_list>
<pin id="103" dir="1" index="0" bw="1" slack="0"/>
</pin_list>
<bind>
<StgValue><ssdm name=""/></StgValue>
</bind>
</comp>

<comp id="104" class="1001" name="const_104">
<pin_list>
<pin id="105" dir="1" index="0" bw="1" slack="0"/>
</pin_list>
<bind>
<StgValue><ssdm name="_ssdm_op_BitConcatenate.i32.i2.i30"/></StgValue>
</bind>
</comp>

<comp id="106" class="1001" name="const_106">
<pin_list>
<pin id="107" dir="1" index="0" bw="1" slack="0"/>
</pin_list>
<bind>
<StgValue><ssdm name=""/></StgValue>
</bind>
</comp>

<comp id="108" class="1001" name="const_108">
<pin_list>
<pin id="109" dir="1" index="0" bw="1" slack="2147483647"/>
</pin_list>
<bind>
<StgValue><ssdm name=""/></StgValue>
</bind>
</comp>

<comp id="110" class="1001" name="const_110">
<pin_list>
<pin id="111" dir="1" index="0" bw="1" slack="2147483647"/>
</pin_list>
<bind>
<StgValue><ssdm name=""/></StgValue>
</bind>
</comp>

<comp id="112" class="1001" name="const_112">
<pin_list>
<pin id="113" dir="1" index="0" bw="1" slack="2147483647"/>
</pin_list>
<bind>
<StgValue><ssdm name=""/></StgValue>
</bind>
</comp>

<comp id="114" class="1001" name="const_114">
<pin_list>
<pin id="115" dir="1" index="0" bw="1" slack="0"/>
</pin_list>
<bind>
<StgValue><ssdm name=""/></StgValue>
</bind>
</comp>

<comp id="116" class="1001" name="const_116">
<pin_list>
<pin id="117" dir="1" index="0" bw="1" slack="0"/>
</pin_list>
<bind>
<StgValue><ssdm name=""/></StgValue>
</bind>
</comp>

<comp id="118" class="1001" name="const_118">
<pin_list>
<pin id="119" dir="1" index="0" bw="1" slack="2147483647"/>
</pin_list>
<bind>
<StgValue><ssdm name=""/></StgValue>
</bind>
</comp>

<comp id="120" class="1001" name="const_120">
<pin_list>
<pin id="121" dir="1" index="0" bw="1" slack="2147483647"/>
</pin_list>
<bind>
<StgValue><ssdm name=""/></StgValue>
</bind>
</comp>

<comp id="122" class="1001" name="const_122">
<pin_list>
<pin id="123" dir="1" index="0" bw="1" slack="2147483647"/>
</pin_list>
<bind>
<StgValue><ssdm name=""/></StgValue>
</bind>
</comp>

<comp id="124" class="1001" name="const_124">
<pin_list>
<pin id="125" dir="1" index="0" bw="1" slack="2147483647"/>
</pin_list>
<bind>
<StgValue><ssdm name=""/></StgValue>
</bind>
</comp>

<comp id="126" class="1001" name="const_126">
<pin_list>
<pin id="127" dir="1" index="0" bw="1" slack="0"/>
</pin_list>
<bind>
<StgValue><ssdm name=""/></StgValue>
</bind>
</comp>

<comp id="128" class="1001" name="const_128">
<pin_list>
<pin id="129" dir="1" index="0" bw="1" slack="0"/>
</pin_list>
<bind>
<StgValue><ssdm name=""/></StgValue>
</bind>
</comp>

<comp id="130" class="1001" name="const_130">
<pin_list>
<pin id="131" dir="1" index="0" bw="1" slack="0"/>
</pin_list>
<bind>
<StgValue><ssdm name=""/></StgValue>
</bind>
</comp>

<comp id="132" class="1001" name="const_132">
<pin_list>
<pin id="133" dir="1" index="0" bw="1" slack="0"/>
</pin_list>
<bind>
<StgValue><ssdm name=""/></StgValue>
</bind>
</comp>

<comp id="134" class="1001" name="const_134">
<pin_list>
<pin id="135" dir="1" index="0" bw="1" slack="0"/>
</pin_list>
<bind>
<StgValue><ssdm name=""/></StgValue>
</bind>
</comp>

<comp id="136" class="1001" name="const_136">
<pin_list>
<pin id="137" dir="1" index="0" bw="1" slack="2147483647"/>
</pin_list>
<bind>
<StgValue><ssdm name=""/></StgValue>
</bind>
</comp>

<comp id="138" class="1001" name="const_138">
<pin_list>
<pin id="139" dir="1" index="0" bw="1" slack="2147483647"/>
</pin_list>
<bind>
<StgValue><ssdm name=""/></StgValue>
</bind>
</comp>

<comp id="140" class="1001" name="const_140">
<pin_list>
<pin id="141" dir="1" index="0" bw="1" slack="0"/>
</pin_list>
<bind>
<StgValue><ssdm name="_ssdm_op_BitConcatenate.i12.i7.i5"/></StgValue>
</bind>
</comp>

<comp id="142" class="1001" name="const_142">
<pin_list>
<pin id="143" dir="1" index="0" bw="1" slack="0"/>
</pin_list>
<bind>
<StgValue><ssdm name=""/></StgValue>
</bind>
</comp>

<comp id="144" class="1001" name="const_144">
<pin_list>
<pin id="145" dir="1" index="0" bw="1" slack="0"/>
</pin_list>
<bind>
<StgValue><ssdm name=""/></StgValue>
</bind>
</comp>

<comp id="146" class="1001" name="const_146">
<pin_list>
<pin id="147" dir="1" index="0" bw="1" slack="0"/>
</pin_list>
<bind>
<StgValue><ssdm name=""/></StgValue>
</bind>
</comp>

<comp id="148" class="1001" name="const_148">
<pin_list>
<pin id="149" dir="1" index="0" bw="1" slack="0"/>
</pin_list>
<bind>
<StgValue><ssdm name=""/></StgValue>
</bind>
</comp>

<comp id="150" class="1001" name="const_150">
<pin_list>
<pin id="151" dir="1" index="0" bw="1" slack="0"/>
</pin_list>
<bind>
<StgValue><ssdm name=""/></StgValue>
</bind>
</comp>

<comp id="152" class="1001" name="const_152">
<pin_list>
<pin id="153" dir="1" index="0" bw="1" slack="0"/>
</pin_list>
<bind>
<StgValue><ssdm name=""/></StgValue>
</bind>
</comp>

<comp id="154" class="1001" name="const_154">
<pin_list>
<pin id="155" dir="1" index="0" bw="1" slack="0"/>
</pin_list>
<bind>
<StgValue><ssdm name=""/></StgValue>
</bind>
</comp>

<comp id="156" class="1001" name="const_156">
<pin_list>
<pin id="157" dir="1" index="0" bw="1" slack="0"/>
</pin_list>
<bind>
<StgValue><ssdm name=""/></StgValue>
</bind>
</comp>

<comp id="158" class="1001" name="const_158">
<pin_list>
<pin id="159" dir="1" index="0" bw="1" slack="0"/>
</pin_list>
<bind>
<StgValue><ssdm name=""/></StgValue>
</bind>
</comp>

<comp id="160" class="1001" name="const_160">
<pin_list>
<pin id="161" dir="1" index="0" bw="1" slack="0"/>
</pin_list>
<bind>
<StgValue><ssdm name=""/></StgValue>
</bind>
</comp>

<comp id="162" class="1001" name="const_162">
<pin_list>
<pin id="163" dir="1" index="0" bw="1" slack="0"/>
</pin_list>
<bind>
<StgValue><ssdm name=""/></StgValue>
</bind>
</comp>

<comp id="164" class="1001" name="const_164">
<pin_list>
<pin id="165" dir="1" index="0" bw="1" slack="0"/>
</pin_list>
<bind>
<StgValue><ssdm name=""/></StgValue>
</bind>
</comp>

<comp id="166" class="1001" name="const_166">
<pin_list>
<pin id="167" dir="1" index="0" bw="1" slack="0"/>
</pin_list>
<bind>
<StgValue><ssdm name=""/></StgValue>
</bind>
</comp>

<comp id="168" class="1001" name="const_168">
<pin_list>
<pin id="169" dir="1" index="0" bw="1" slack="0"/>
</pin_list>
<bind>
<StgValue><ssdm name=""/></StgValue>
</bind>
</comp>

<comp id="170" class="1001" name="const_170">
<pin_list>
<pin id="171" dir="1" index="0" bw="1" slack="0"/>
</pin_list>
<bind>
<StgValue><ssdm name=""/></StgValue>
</bind>
</comp>

<comp id="172" class="1001" name="const_172">
<pin_list>
<pin id="173" dir="1" index="0" bw="1" slack="0"/>
</pin_list>
<bind>
<StgValue><ssdm name=""/></StgValue>
</bind>
</comp>

<comp id="174" class="1001" name="const_174">
<pin_list>
<pin id="175" dir="1" index="0" bw="1" slack="0"/>
</pin_list>
<bind>
<StgValue><ssdm name=""/></StgValue>
</bind>
</comp>

<comp id="176" class="1001" name="const_176">
<pin_list>
<pin id="177" dir="1" index="0" bw="1" slack="0"/>
</pin_list>
<bind>
<StgValue><ssdm name=""/></StgValue>
</bind>
</comp>

<comp id="178" class="1001" name="const_178">
<pin_list>
<pin id="179" dir="1" index="0" bw="1" slack="0"/>
</pin_list>
<bind>
<StgValue><ssdm name=""/></StgValue>
</bind>
</comp>

<comp id="180" class="1001" name="const_180">
<pin_list>
<pin id="181" dir="1" index="0" bw="1" slack="0"/>
</pin_list>
<bind>
<StgValue><ssdm name=""/></StgValue>
</bind>
</comp>

<comp id="182" class="1001" name="const_182">
<pin_list>
<pin id="183" dir="1" index="0" bw="1" slack="0"/>
</pin_list>
<bind>
<StgValue><ssdm name=""/></StgValue>
</bind>
</comp>

<comp id="184" class="1001" name="const_184">
<pin_list>
<pin id="185" dir="1" index="0" bw="1" slack="0"/>
</pin_list>
<bind>
<StgValue><ssdm name=""/></StgValue>
</bind>
</comp>

<comp id="186" class="1001" name="const_186">
<pin_list>
<pin id="187" dir="1" index="0" bw="1" slack="0"/>
</pin_list>
<bind>
<StgValue><ssdm name=""/></StgValue>
</bind>
</comp>

<comp id="188" class="1001" name="const_188">
<pin_list>
<pin id="189" dir="1" index="0" bw="1" slack="0"/>
</pin_list>
<bind>
<StgValue><ssdm name=""/></StgValue>
</bind>
</comp>

<comp id="190" class="1001" name="const_190">
<pin_list>
<pin id="191" dir="1" index="0" bw="1" slack="0"/>
</pin_list>
<bind>
<StgValue><ssdm name=""/></StgValue>
</bind>
</comp>

<comp id="192" class="1001" name="const_192">
<pin_list>
<pin id="193" dir="1" index="0" bw="1" slack="0"/>
</pin_list>
<bind>
<StgValue><ssdm name="_ssdm_op_BitSelect.i1.i32.i32"/></StgValue>
</bind>
</comp>

<comp id="194" class="1001" name="const_194">
<pin_list>
<pin id="195" dir="1" index="0" bw="1" slack="0"/>
</pin_list>
<bind>
<StgValue><ssdm name="_ssdm_op_BitConcatenate.i13.i1.i7.i5"/></StgValue>
</bind>
</comp>

<comp id="196" class="1001" name="const_196">
<pin_list>
<pin id="197" dir="1" index="0" bw="1" slack="0"/>
</pin_list>
<bind>
<StgValue><ssdm name="_ssdm_op_BitConcatenate.i29.i1.i28"/></StgValue>
</bind>
</comp>

<comp id="198" class="1001" name="const_198">
<pin_list>
<pin id="199" dir="1" index="0" bw="1" slack="0"/>
</pin_list>
<bind>
<StgValue><ssdm name="_ssdm_op_PartSelect.i4.i32.i32.i32"/></StgValue>
</bind>
</comp>

<comp id="200" class="1001" name="const_200">
<pin_list>
<pin id="201" dir="1" index="0" bw="1" slack="0"/>
</pin_list>
<bind>
<StgValue><ssdm name="_ssdm_op_PartSelect.i6.i32.i32.i32"/></StgValue>
</bind>
</comp>

<comp id="202" class="1001" name="const_202">
<pin_list>
<pin id="203" dir="1" index="0" bw="1" slack="0"/>
</pin_list>
<bind>
<StgValue><ssdm name=""/></StgValue>
</bind>
</comp>

<comp id="204" class="1001" name="const_204">
<pin_list>
<pin id="205" dir="1" index="0" bw="1" slack="0"/>
</pin_list>
<bind>
<StgValue><ssdm name="_ssdm_op_BitConcatenate.i13.i1.i12"/></StgValue>
</bind>
</comp>

<comp id="206" class="1001" name="const_206">
<pin_list>
<pin id="207" dir="1" index="0" bw="1" slack="0"/>
</pin_list>
<bind>
<StgValue><ssdm name="_ssdm_op_BitConcatenate.i13.i1.i1.i6.i4.i1"/></StgValue>
</bind>
</comp>

<comp id="208" class="1001" name="const_208">
<pin_list>
<pin id="209" dir="1" index="0" bw="1" slack="0"/>
</pin_list>
<bind>
<StgValue><ssdm name=""/></StgValue>
</bind>
</comp>

<comp id="210" class="1001" name="const_210">
<pin_list>
<pin id="211" dir="1" index="0" bw="1" slack="0"/>
</pin_list>
<bind>
<StgValue><ssdm name=""/></StgValue>
</bind>
</comp>

<comp id="212" class="1001" name="const_212">
<pin_list>
<pin id="213" dir="1" index="0" bw="1" slack="0"/>
</pin_list>
<bind>
<StgValue><ssdm name="_ssdm_op_BitConcatenate.i14.i1.i1.i1.i6.i4.i1"/></StgValue>
</bind>
</comp>

<comp id="214" class="1001" name="const_214">
<pin_list>
<pin id="215" dir="1" index="0" bw="1" slack="0"/>
</pin_list>
<bind>
<StgValue><ssdm name=""/></StgValue>
</bind>
</comp>

<comp id="216" class="1001" name="const_216">
<pin_list>
<pin id="217" dir="1" index="0" bw="1" slack="0"/>
</pin_list>
<bind>
<StgValue><ssdm name=""/></StgValue>
</bind>
</comp>

<comp id="218" class="1001" name="const_218">
<pin_list>
<pin id="219" dir="1" index="0" bw="1" slack="0"/>
</pin_list>
<bind>
<StgValue><ssdm name="_ssdm_op_PartSelect.i10.i32.i32.i32"/></StgValue>
</bind>
</comp>

<comp id="220" class="1001" name="const_220">
<pin_list>
<pin id="221" dir="1" index="0" bw="1" slack="0"/>
</pin_list>
<bind>
<StgValue><ssdm name=""/></StgValue>
</bind>
</comp>

<comp id="222" class="1001" name="const_222">
<pin_list>
<pin id="223" dir="1" index="0" bw="1" slack="0"/>
</pin_list>
<bind>
<StgValue><ssdm name="_ssdm_op_PartSelect.i8.i32.i32.i32"/></StgValue>
</bind>
</comp>

<comp id="224" class="1001" name="const_224">
<pin_list>
<pin id="225" dir="1" index="0" bw="1" slack="0"/>
</pin_list>
<bind>
<StgValue><ssdm name="_ssdm_op_BitConcatenate.i21.i1.i20"/></StgValue>
</bind>
</comp>

<comp id="226" class="1001" name="const_226">
<pin_list>
<pin id="227" dir="1" index="0" bw="1" slack="0"/>
</pin_list>
<bind>
<StgValue><ssdm name=""/></StgValue>
</bind>
</comp>

<comp id="228" class="1001" name="const_228">
<pin_list>
<pin id="229" dir="1" index="0" bw="1" slack="0"/>
</pin_list>
<bind>
<StgValue><ssdm name="_ssdm_op_BitConcatenate.i21.i1.i8.i1.i10.i1"/></StgValue>
</bind>
</comp>

<comp id="230" class="1001" name="const_230">
<pin_list>
<pin id="231" dir="1" index="0" bw="1" slack="0"/>
</pin_list>
<bind>
<StgValue><ssdm name=""/></StgValue>
</bind>
</comp>

<comp id="232" class="1001" name="const_232">
<pin_list>
<pin id="233" dir="1" index="0" bw="1" slack="0"/>
</pin_list>
<bind>
<StgValue><ssdm name="_ssdm_op_BitConcatenate.i22.i1.i1.i8.i1.i10.i1"/></StgValue>
</bind>
</comp>

<comp id="234" class="1001" name="const_234">
<pin_list>
<pin id="235" dir="1" index="0" bw="1" slack="0"/>
</pin_list>
<bind>
<StgValue><ssdm name="_ssdm_op_PartSelect.i20.i32.i32.i32"/></StgValue>
</bind>
</comp>

<comp id="236" class="1001" name="const_236">
<pin_list>
<pin id="237" dir="1" index="0" bw="1" slack="0"/>
</pin_list>
<bind>
<StgValue><ssdm name="_ssdm_op_BitConcatenate.i32.i20.i12"/></StgValue>
</bind>
</comp>

<comp id="238" class="1001" name="const_238">
<pin_list>
<pin id="239" dir="1" index="0" bw="1" slack="0"/>
</pin_list>
<bind>
<StgValue><ssdm name=""/></StgValue>
</bind>
</comp>

<comp id="240" class="1001" name="const_240">
<pin_list>
<pin id="241" dir="1" index="0" bw="1" slack="0"/>
</pin_list>
<bind>
<StgValue><ssdm name=""/></StgValue>
</bind>
</comp>

<comp id="242" class="1001" name="const_242">
<pin_list>
<pin id="243" dir="1" index="0" bw="1" slack="0"/>
</pin_list>
<bind>
<StgValue><ssdm name=""/></StgValue>
</bind>
</comp>

<comp id="244" class="1001" name="const_244">
<pin_list>
<pin id="245" dir="1" index="0" bw="1" slack="0"/>
</pin_list>
<bind>
<StgValue><ssdm name=""/></StgValue>
</bind>
</comp>

<comp id="246" class="1001" name="const_246">
<pin_list>
<pin id="247" dir="1" index="0" bw="1" slack="0"/>
</pin_list>
<bind>
<StgValue><ssdm name=""/></StgValue>
</bind>
</comp>

<comp id="248" class="1001" name="const_248">
<pin_list>
<pin id="249" dir="1" index="0" bw="1" slack="0"/>
</pin_list>
<bind>
<StgValue><ssdm name=""/></StgValue>
</bind>
</comp>

<comp id="250" class="1001" name="const_250">
<pin_list>
<pin id="251" dir="1" index="0" bw="1" slack="0"/>
</pin_list>
<bind>
<StgValue><ssdm name=""/></StgValue>
</bind>
</comp>

<comp id="252" class="1001" name="const_252">
<pin_list>
<pin id="253" dir="1" index="0" bw="1" slack="0"/>
</pin_list>
<bind>
<StgValue><ssdm name=""/></StgValue>
</bind>
</comp>

<comp id="254" class="1001" name="const_254">
<pin_list>
<pin id="255" dir="1" index="0" bw="1" slack="0"/>
</pin_list>
<bind>
<StgValue><ssdm name=""/></StgValue>
</bind>
</comp>

<comp id="256" class="1001" name="const_256">
<pin_list>
<pin id="257" dir="1" index="0" bw="1" slack="0"/>
</pin_list>
<bind>
<StgValue><ssdm name=""/></StgValue>
</bind>
</comp>

<comp id="258" class="1001" name="const_258">
<pin_list>
<pin id="259" dir="1" index="0" bw="1" slack="0"/>
</pin_list>
<bind>
<StgValue><ssdm name=""/></StgValue>
</bind>
</comp>

<comp id="260" class="1001" name="const_260">
<pin_list>
<pin id="261" dir="1" index="0" bw="1" slack="0"/>
</pin_list>
<bind>
<StgValue><ssdm name=""/></StgValue>
</bind>
</comp>

<comp id="262" class="1001" name="const_262">
<pin_list>
<pin id="263" dir="1" index="0" bw="1" slack="0"/>
</pin_list>
<bind>
<StgValue><ssdm name=""/></StgValue>
</bind>
</comp>

<comp id="264" class="1001" name="const_264">
<pin_list>
<pin id="265" dir="1" index="0" bw="1" slack="0"/>
</pin_list>
<bind>
<StgValue><ssdm name=""/></StgValue>
</bind>
</comp>

<comp id="266" class="1001" name="const_266">
<pin_list>
<pin id="267" dir="1" index="0" bw="1" slack="0"/>
</pin_list>
<bind>
<StgValue><ssdm name=""/></StgValue>
</bind>
</comp>

<comp id="268" class="1001" name="const_268">
<pin_list>
<pin id="269" dir="1" index="0" bw="1" slack="0"/>
</pin_list>
<bind>
<StgValue><ssdm name=""/></StgValue>
</bind>
</comp>

<comp id="270" class="1001" name="const_270">
<pin_list>
<pin id="271" dir="1" index="0" bw="1" slack="0"/>
</pin_list>
<bind>
<StgValue><ssdm name=""/></StgValue>
</bind>
</comp>

<comp id="272" class="1001" name="const_272">
<pin_list>
<pin id="273" dir="1" index="0" bw="1" slack="0"/>
</pin_list>
<bind>
<StgValue><ssdm name=""/></StgValue>
</bind>
</comp>

<comp id="274" class="1001" name="const_274">
<pin_list>
<pin id="275" dir="1" index="0" bw="1" slack="0"/>
</pin_list>
<bind>
<StgValue><ssdm name=""/></StgValue>
</bind>
</comp>

<comp id="276" class="1001" name="const_276">
<pin_list>
<pin id="277" dir="1" index="0" bw="1" slack="0"/>
</pin_list>
<bind>
<StgValue><ssdm name=""/></StgValue>
</bind>
</comp>

<comp id="278" class="1001" name="const_278">
<pin_list>
<pin id="279" dir="1" index="0" bw="1" slack="0"/>
</pin_list>
<bind>
<StgValue><ssdm name=""/></StgValue>
</bind>
</comp>

<comp id="280" class="1001" name="const_280">
<pin_list>
<pin id="281" dir="1" index="0" bw="1" slack="0"/>
</pin_list>
<bind>
<StgValue><ssdm name=""/></StgValue>
</bind>
</comp>

<comp id="282" class="1001" name="const_282">
<pin_list>
<pin id="283" dir="1" index="0" bw="1" slack="0"/>
</pin_list>
<bind>
<StgValue><ssdm name=""/></StgValue>
</bind>
</comp>

<comp id="284" class="1001" name="const_284">
<pin_list>
<pin id="285" dir="1" index="0" bw="1" slack="0"/>
</pin_list>
<bind>
<StgValue><ssdm name=""/></StgValue>
</bind>
</comp>

<comp id="286" class="1001" name="const_286">
<pin_list>
<pin id="287" dir="1" index="0" bw="1" slack="0"/>
</pin_list>
<bind>
<StgValue><ssdm name=""/></StgValue>
</bind>
</comp>

<comp id="288" class="1001" name="const_288">
<pin_list>
<pin id="289" dir="1" index="0" bw="1" slack="0"/>
</pin_list>
<bind>
<StgValue><ssdm name=""/></StgValue>
</bind>
</comp>

<comp id="290" class="1001" name="const_290">
<pin_list>
<pin id="291" dir="1" index="0" bw="1" slack="0"/>
</pin_list>
<bind>
<StgValue><ssdm name=""/></StgValue>
</bind>
</comp>

<comp id="292" class="1001" name="const_292">
<pin_list>
<pin id="293" dir="1" index="0" bw="1" slack="0"/>
</pin_list>
<bind>
<StgValue><ssdm name=""/></StgValue>
</bind>
</comp>

<comp id="294" class="1001" name="const_294">
<pin_list>
<pin id="295" dir="1" index="0" bw="1" slack="0"/>
</pin_list>
<bind>
<StgValue><ssdm name=""/></StgValue>
</bind>
</comp>

<comp id="296" class="1001" name="const_296">
<pin_list>
<pin id="297" dir="1" index="0" bw="1" slack="0"/>
</pin_list>
<bind>
<StgValue><ssdm name=""/></StgValue>
</bind>
</comp>

<comp id="298" class="1001" name="const_298">
<pin_list>
<pin id="299" dir="1" index="0" bw="1" slack="0"/>
</pin_list>
<bind>
<StgValue><ssdm name=""/></StgValue>
</bind>
</comp>

<comp id="300" class="1001" name="const_300">
<pin_list>
<pin id="301" dir="1" index="0" bw="1" slack="0"/>
</pin_list>
<bind>
<StgValue><ssdm name=""/></StgValue>
</bind>
</comp>

<comp id="302" class="1001" name="const_302">
<pin_list>
<pin id="303" dir="1" index="0" bw="1" slack="0"/>
</pin_list>
<bind>
<StgValue><ssdm name=""/></StgValue>
</bind>
</comp>

<comp id="304" class="1001" name="const_304">
<pin_list>
<pin id="305" dir="1" index="0" bw="1" slack="0"/>
</pin_list>
<bind>
<StgValue><ssdm name=""/></StgValue>
</bind>
</comp>

<comp id="306" class="1001" name="const_306">
<pin_list>
<pin id="307" dir="1" index="0" bw="1" slack="0"/>
</pin_list>
<bind>
<StgValue><ssdm name=""/></StgValue>
</bind>
</comp>

<comp id="308" class="1001" name="const_308">
<pin_list>
<pin id="309" dir="1" index="0" bw="1" slack="0"/>
</pin_list>
<bind>
<StgValue><ssdm name=""/></StgValue>
</bind>
</comp>

<comp id="310" class="1001" name="const_310">
<pin_list>
<pin id="311" dir="1" index="0" bw="1" slack="0"/>
</pin_list>
<bind>
<StgValue><ssdm name=""/></StgValue>
</bind>
</comp>

<comp id="312" class="1001" name="const_312">
<pin_list>
<pin id="313" dir="1" index="0" bw="1" slack="0"/>
</pin_list>
<bind>
<StgValue><ssdm name=""/></StgValue>
</bind>
</comp>

<comp id="314" class="1001" name="const_314">
<pin_list>
<pin id="315" dir="1" index="0" bw="1" slack="0"/>
</pin_list>
<bind>
<StgValue><ssdm name=""/></StgValue>
</bind>
</comp>

<comp id="316" class="1001" name="const_316">
<pin_list>
<pin id="317" dir="1" index="0" bw="1" slack="0"/>
</pin_list>
<bind>
<StgValue><ssdm name=""/></StgValue>
</bind>
</comp>

<comp id="318" class="1001" name="const_318">
<pin_list>
<pin id="319" dir="1" index="0" bw="1" slack="0"/>
</pin_list>
<bind>
<StgValue><ssdm name=""/></StgValue>
</bind>
</comp>

<comp id="320" class="1001" name="const_320">
<pin_list>
<pin id="321" dir="1" index="0" bw="1" slack="0"/>
</pin_list>
<bind>
<StgValue><ssdm name=""/></StgValue>
</bind>
</comp>

<comp id="322" class="1001" name="const_322">
<pin_list>
<pin id="323" dir="1" index="0" bw="1" slack="0"/>
</pin_list>
<bind>
<StgValue><ssdm name=""/></StgValue>
</bind>
</comp>

<comp id="324" class="1001" name="const_324">
<pin_list>
<pin id="325" dir="1" index="0" bw="1" slack="0"/>
</pin_list>
<bind>
<StgValue><ssdm name=""/></StgValue>
</bind>
</comp>

<comp id="326" class="1001" name="const_326">
<pin_list>
<pin id="327" dir="1" index="0" bw="1" slack="0"/>
</pin_list>
<bind>
<StgValue><ssdm name=""/></StgValue>
</bind>
</comp>

<comp id="328" class="1001" name="const_328">
<pin_list>
<pin id="329" dir="1" index="0" bw="1" slack="0"/>
</pin_list>
<bind>
<StgValue><ssdm name=""/></StgValue>
</bind>
</comp>

<comp id="330" class="1001" name="const_330">
<pin_list>
<pin id="331" dir="1" index="0" bw="1" slack="0"/>
</pin_list>
<bind>
<StgValue><ssdm name=""/></StgValue>
</bind>
</comp>

<comp id="332" class="1001" name="const_332">
<pin_list>
<pin id="333" dir="1" index="0" bw="1" slack="0"/>
</pin_list>
<bind>
<StgValue><ssdm name=""/></StgValue>
</bind>
</comp>

<comp id="334" class="1001" name="const_334">
<pin_list>
<pin id="335" dir="1" index="0" bw="1" slack="0"/>
</pin_list>
<bind>
<StgValue><ssdm name=""/></StgValue>
</bind>
</comp>

<comp id="336" class="1001" name="const_336">
<pin_list>
<pin id="337" dir="1" index="0" bw="1" slack="0"/>
</pin_list>
<bind>
<StgValue><ssdm name=""/></StgValue>
</bind>
</comp>

<comp id="338" class="1001" name="const_338">
<pin_list>
<pin id="339" dir="1" index="0" bw="1" slack="0"/>
</pin_list>
<bind>
<StgValue><ssdm name=""/></StgValue>
</bind>
</comp>

<comp id="340" class="1001" name="const_340">
<pin_list>
<pin id="341" dir="1" index="0" bw="1" slack="0"/>
</pin_list>
<bind>
<StgValue><ssdm name=""/></StgValue>
</bind>
</comp>

<comp id="342" class="1001" name="const_342">
<pin_list>
<pin id="343" dir="1" index="0" bw="1" slack="0"/>
</pin_list>
<bind>
<StgValue><ssdm name=""/></StgValue>
</bind>
</comp>

<comp id="344" class="1005" name="uop_12206_0385_ph_reg_344">
<pin_list>
<pin id="345" dir="0" index="0" bw="32" slack="2147483647"/>
<pin id="346" dir="1" index="1" bw="32" slack="2147483647"/>
</pin_list>
<bind>
<opset="uop_12206_0385_ph (phireg) "/>
</bind>
</comp>

<comp id="347" class="1004" name="uop_12206_0385_ph_phi_fu_347">
<pin_list>
<pin id="348" dir="0" index="0" bw="32" slack="0"/>
<pin id="349" dir="0" index="1" bw="0" slack="2147483647"/>
<pin id="350" dir="0" index="2" bw="32" slack="0"/>
<pin id="351" dir="0" index="3" bw="0" slack="2147483647"/>
<pin id="352" dir="0" index="4" bw="22" slack="0"/>
<pin id="353" dir="0" index="5" bw="0" slack="2147483647"/>
<pin id="354" dir="0" index="6" bw="12" slack="0"/>
<pin id="355" dir="0" index="7" bw="0" slack="2147483647"/>
<pin id="356" dir="0" index="8" bw="14" slack="0"/>
<pin id="357" dir="0" index="9" bw="0" slack="2147483647"/>
<pin id="358" dir="0" index="10" bw="14" slack="0"/>
<pin id="359" dir="0" index="11" bw="0" slack="2147483647"/>
<pin id="360" dir="0" index="12" bw="14" slack="0"/>
<pin id="361" dir="0" index="13" bw="0" slack="2147483647"/>
<pin id="362" dir="0" index="14" bw="14" slack="0"/>
<pin id="363" dir="0" index="15" bw="0" slack="2147483647"/>
<pin id="364" dir="0" index="16" bw="14" slack="0"/>
<pin id="365" dir="0" index="17" bw="0" slack="2147483647"/>
<pin id="366" dir="0" index="18" bw="12" slack="0"/>
<pin id="367" dir="0" index="19" bw="0" slack="2147483647"/>
<pin id="368" dir="0" index="20" bw="12" slack="0"/>
<pin id="369" dir="0" index="21" bw="0" slack="2147483647"/>
<pin id="370" dir="0" index="22" bw="12" slack="0"/>
<pin id="371" dir="0" index="23" bw="0" slack="2147483647"/>
<pin id="372" dir="0" index="24" bw="12" slack="0"/>
<pin id="373" dir="0" index="25" bw="0" slack="2147483647"/>
<pin id="374" dir="0" index="26" bw="12" slack="0"/>
<pin id="375" dir="0" index="27" bw="0" slack="2147483647"/>
<pin id="376" dir="0" index="28" bw="12" slack="0"/>
<pin id="377" dir="0" index="29" bw="0" slack="2147483647"/>
<pin id="378" dir="0" index="30" bw="29" slack="0"/>
<pin id="379" dir="0" index="31" bw="0" slack="2147483647"/>
<pin id="380" dir="0" index="32" bw="29" slack="0"/>
<pin id="381" dir="0" index="33" bw="0" slack="2147483647"/>
<pin id="382" dir="0" index="34" bw="29" slack="0"/>
<pin id="383" dir="0" index="35" bw="0" slack="2147483647"/>
<pin id="384" dir="0" index="36" bw="12" slack="0"/>
<pin id="385" dir="0" index="37" bw="0" slack="2147483647"/>
<pin id="386" dir="0" index="38" bw="12" slack="0"/>
<pin id="387" dir="0" index="39" bw="0" slack="2147483647"/>
<pin id="388" dir="0" index="40" bw="12" slack="0"/>
<pin id="389" dir="0" index="41" bw="0" slack="2147483647"/>
<pin id="390" dir="0" index="42" bw="12" slack="0"/>
<pin id="391" dir="0" index="43" bw="0" slack="2147483647"/>
<pin id="392" dir="0" index="44" bw="12" slack="0"/>
<pin id="393" dir="0" index="45" bw="0" slack="2147483647"/>
<pin id="394" dir="0" index="46" bw="12" slack="0"/>
<pin id="395" dir="0" index="47" bw="0" slack="2147483647"/>
<pin id="396" dir="0" index="48" bw="12" slack="0"/>
<pin id="397" dir="0" index="49" bw="0" slack="2147483647"/>
<pin id="398" dir="0" index="50" bw="12" slack="0"/>
<pin id="399" dir="0" index="51" bw="0" slack="2147483647"/>
<pin id="400" dir="0" index="52" bw="12" slack="0"/>
<pin id="401" dir="0" index="53" bw="0" slack="2147483647"/>
<pin id="402" dir="0" index="54" bw="1" slack="0"/>
<pin id="403" dir="0" index="55" bw="0" slack="2147483647"/>
<pin id="404" dir="0" index="56" bw="1" slack="0"/>
<pin id="405" dir="0" index="57" bw="0" slack="2147483647"/>
<pin id="406" dir="0" index="58" bw="1" slack="0"/>
<pin id="407" dir="0" index="59" bw="0" slack="2147483647"/>
<pin id="408" dir="0" index="60" bw="1" slack="0"/>
<pin id="409" dir="0" index="61" bw="0" slack="2147483647"/>
<pin id="410" dir="0" index="62" bw="1" slack="0"/>
<pin id="411" dir="0" index="63" bw="0" slack="2147483647"/>
<pin id="412" dir="0" index="64" bw="1" slack="0"/>
<pin id="413" dir="0" index="65" bw="0" slack="2147483647"/>
<pin id="414" dir="0" index="66" bw="1" slack="0"/>
<pin id="415" dir="0" index="67" bw="0" slack="2147483647"/>
<pin id="416" dir="0" index="68" bw="1" slack="0"/>
<pin id="417" dir="0" index="69" bw="0" slack="2147483647"/>
<pin id="418" dir="0" index="70" bw="1" slack="0"/>
<pin id="419" dir="0" index="71" bw="0" slack="2147483647"/>
<pin id="420" dir="0" index="72" bw="1" slack="0"/>
<pin id="421" dir="0" index="73" bw="0" slack="2147483647"/>
<pin id="422" dir="0" index="74" bw="1" slack="0"/>
<pin id="423" dir="0" index="75" bw="0" slack="2147483647"/>
<pin id="424" dir="0" index="76" bw="1" slack="0"/>
<pin id="425" dir="0" index="77" bw="0" slack="2147483647"/>
<pin id="426" dir="0" index="78" bw="1" slack="0"/>
<pin id="427" dir="0" index="79" bw="0" slack="2147483647"/>
<pin id="428" dir="0" index="80" bw="1" slack="0"/>
<pin id="429" dir="0" index="81" bw="0" slack="2147483647"/>
<pin id="430" dir="0" index="82" bw="1" slack="0"/>
<pin id="431" dir="0" index="83" bw="0" slack="2147483647"/>
<pin id="432" dir="0" index="84" bw="1" slack="0"/>
<pin id="433" dir="0" index="85" bw="0" slack="2147483647"/>
<pin id="434" dir="0" index="86" bw="14" slack="0"/>
<pin id="435" dir="0" index="87" bw="0" slack="2147483647"/>
<pin id="436" dir="0" index="88" bw="12" slack="0"/>
<pin id="437" dir="0" index="89" bw="0" slack="2147483647"/>
<pin id="438" dir="0" index="90" bw="29" slack="0"/>
<pin id="439" dir="0" index="91" bw="0" slack="2147483647"/>
<pin id="440" dir="0" index="92" bw="12" slack="0"/>
<pin id="441" dir="0" index="93" bw="0" slack="2147483647"/>
<pin id="442" dir="0" index="94" bw="12" slack="0"/>
<pin id="443" dir="0" index="95" bw="0" slack="2147483647"/>
<pin id="444" dir="0" index="96" bw="1" slack="0"/>
<pin id="445" dir="0" index="97" bw="0" slack="2147483647"/>
<pin id="446" dir="0" index="98" bw="1" slack="0"/>
<pin id="447" dir="0" index="99" bw="0" slack="2147483647"/>
<pin id="448" dir="0" index="100" bw="1" slack="0"/>
<pin id="449" dir="0" index="101" bw="0" slack="2147483647"/>
<pin id="450" dir="0" index="102" bw="1" slack="0"/>
<pin id="451" dir="0" index="103" bw="0" slack="2147483647"/>
<pin id="452" dir="1" index="104" bw="32" slack="0"/>
</pin_list>
<bind>
<opcode="phi(47) " fcode="phi"/>
<opset="uop_12206_0385_ph/1 "/>
</bind>
</comp>

<comp id="473" class="1005" name="uop_13207_0484_ph_reg_473">
<pin_list>
<pin id="474" dir="0" index="0" bw="12" slack="2147483647"/>
<pin id="475" dir="1" index="1" bw="12" slack="2147483647"/>
</pin_list>
<bind>
<opset="uop_13207_0484_ph (phireg) "/>
</bind>
</comp>

<comp id="476" class="1004" name="uop_13207_0484_ph_phi_fu_476">
<pin_list>
<pin id="477" dir="0" index="0" bw="1" slack="0"/>
<pin id="478" dir="0" index="1" bw="0" slack="2147483647"/>
<pin id="479" dir="0" index="2" bw="1" slack="0"/>
<pin id="480" dir="0" index="3" bw="0" slack="2147483647"/>
<pin id="481" dir="0" index="4" bw="1" slack="0"/>
<pin id="482" dir="0" index="5" bw="0" slack="2147483647"/>
<pin id="483" dir="0" index="6" bw="1" slack="0"/>
<pin id="484" dir="0" index="7" bw="0" slack="2147483647"/>
<pin id="485" dir="0" index="8" bw="1" slack="0"/>
<pin id="486" dir="0" index="9" bw="0" slack="2147483647"/>
<pin id="487" dir="0" index="10" bw="1" slack="0"/>
<pin id="488" dir="0" index="11" bw="0" slack="2147483647"/>
<pin id="489" dir="0" index="12" bw="1" slack="0"/>
<pin id="490" dir="0" index="13" bw="0" slack="2147483647"/>
<pin id="491" dir="0" index="14" bw="1" slack="0"/>
<pin id="492" dir="0" index="15" bw="0" slack="2147483647"/>
<pin id="493" dir="0" index="16" bw="1" slack="0"/>
<pin id="494" dir="0" index="17" bw="0" slack="2147483647"/>
<pin id="495" dir="0" index="18" bw="1" slack="0"/>
<pin id="496" dir="0" index="19" bw="0" slack="2147483647"/>
<pin id="497" dir="0" index="20" bw="1" slack="0"/>
<pin id="498" dir="0" index="21" bw="0" slack="2147483647"/>
<pin id="499" dir="0" index="22" bw="1" slack="0"/>
<pin id="500" dir="0" index="23" bw="0" slack="2147483647"/>
<pin id="501" dir="0" index="24" bw="1" slack="0"/>
<pin id="502" dir="0" index="25" bw="0" slack="2147483647"/>
<pin id="503" dir="0" index="26" bw="1" slack="0"/>
<pin id="504" dir="0" index="27" bw="0" slack="2147483647"/>
<pin id="505" dir="0" index="28" bw="1" slack="0"/>
<pin id="506" dir="0" index="29" bw="0" slack="2147483647"/>
<pin id="507" dir="0" index="30" bw="1" slack="0"/>
<pin id="508" dir="0" index="31" bw="0" slack="2147483647"/>
<pin id="509" dir="0" index="32" bw="1" slack="0"/>
<pin id="510" dir="0" index="33" bw="0" slack="2147483647"/>
<pin id="511" dir="0" index="34" bw="1" slack="0"/>
<pin id="512" dir="0" index="35" bw="0" slack="2147483647"/>
<pin id="513" dir="0" index="36" bw="1" slack="0"/>
<pin id="514" dir="0" index="37" bw="0" slack="2147483647"/>
<pin id="515" dir="0" index="38" bw="1" slack="0"/>
<pin id="516" dir="0" index="39" bw="0" slack="2147483647"/>
<pin id="517" dir="0" index="40" bw="1" slack="0"/>
<pin id="518" dir="0" index="41" bw="0" slack="2147483647"/>
<pin id="519" dir="0" index="42" bw="1" slack="0"/>
<pin id="520" dir="0" index="43" bw="0" slack="2147483647"/>
<pin id="521" dir="0" index="44" bw="1" slack="0"/>
<pin id="522" dir="0" index="45" bw="0" slack="2147483647"/>
<pin id="523" dir="0" index="46" bw="1" slack="0"/>
<pin id="524" dir="0" index="47" bw="0" slack="2147483647"/>
<pin id="525" dir="0" index="48" bw="1" slack="0"/>
<pin id="526" dir="0" index="49" bw="0" slack="2147483647"/>
<pin id="527" dir="0" index="50" bw="1" slack="0"/>
<pin id="528" dir="0" index="51" bw="0" slack="2147483647"/>
<pin id="529" dir="0" index="52" bw="1" slack="0"/>
<pin id="530" dir="0" index="53" bw="0" slack="2147483647"/>
<pin id="531" dir="0" index="54" bw="1" slack="0"/>
<pin id="532" dir="0" index="55" bw="0" slack="2147483647"/>
<pin id="533" dir="0" index="56" bw="1" slack="0"/>
<pin id="534" dir="0" index="57" bw="0" slack="2147483647"/>
<pin id="535" dir="0" index="58" bw="1" slack="0"/>
<pin id="536" dir="0" index="59" bw="0" slack="2147483647"/>
<pin id="537" dir="0" index="60" bw="1" slack="0"/>
<pin id="538" dir="0" index="61" bw="0" slack="2147483647"/>
<pin id="539" dir="0" index="62" bw="1" slack="0"/>
<pin id="540" dir="0" index="63" bw="0" slack="2147483647"/>
<pin id="541" dir="0" index="64" bw="1" slack="0"/>
<pin id="542" dir="0" index="65" bw="0" slack="2147483647"/>
<pin id="543" dir="0" index="66" bw="1" slack="0"/>
<pin id="544" dir="0" index="67" bw="0" slack="2147483647"/>
<pin id="545" dir="0" index="68" bw="1" slack="0"/>
<pin id="546" dir="0" index="69" bw="0" slack="2147483647"/>
<pin id="547" dir="0" index="70" bw="1" slack="0"/>
<pin id="548" dir="0" index="71" bw="0" slack="2147483647"/>
<pin id="549" dir="0" index="72" bw="12" slack="0"/>
<pin id="550" dir="0" index="73" bw="0" slack="2147483647"/>
<pin id="551" dir="0" index="74" bw="12" slack="0"/>
<pin id="552" dir="0" index="75" bw="0" slack="2147483647"/>
<pin id="553" dir="0" index="76" bw="12" slack="0"/>
<pin id="554" dir="0" index="77" bw="0" slack="2147483647"/>
<pin id="555" dir="0" index="78" bw="12" slack="0"/>
<pin id="556" dir="0" index="79" bw="0" slack="2147483647"/>
<pin id="557" dir="0" index="80" bw="12" slack="0"/>
<pin id="558" dir="0" index="81" bw="0" slack="2147483647"/>
<pin id="559" dir="0" index="82" bw="1" slack="0"/>
<pin id="560" dir="0" index="83" bw="0" slack="2147483647"/>
<pin id="561" dir="0" index="84" bw="1" slack="0"/>
<pin id="562" dir="0" index="85" bw="0" slack="2147483647"/>
<pin id="563" dir="0" index="86" bw="1" slack="0"/>
<pin id="564" dir="0" index="87" bw="0" slack="2147483647"/>
<pin id="565" dir="0" index="88" bw="1" slack="0"/>
<pin id="566" dir="0" index="89" bw="0" slack="2147483647"/>
<pin id="567" dir="0" index="90" bw="1" slack="0"/>
<pin id="568" dir="0" index="91" bw="0" slack="2147483647"/>
<pin id="569" dir="0" index="92" bw="1" slack="0"/>
<pin id="570" dir="0" index="93" bw="0" slack="2147483647"/>
<pin id="571" dir="0" index="94" bw="1" slack="0"/>
<pin id="572" dir="0" index="95" bw="0" slack="2147483647"/>
<pin id="573" dir="0" index="96" bw="1" slack="0"/>
<pin id="574" dir="0" index="97" bw="0" slack="2147483647"/>
<pin id="575" dir="0" index="98" bw="1" slack="0"/>
<pin id="576" dir="0" index="99" bw="0" slack="2147483647"/>
<pin id="577" dir="0" index="100" bw="1" slack="0"/>
<pin id="578" dir="0" index="101" bw="0" slack="2147483647"/>
<pin id="579" dir="0" index="102" bw="12" slack="0"/>
<pin id="580" dir="0" index="103" bw="0" slack="2147483647"/>
<pin id="581" dir="1" index="104" bw="12" slack="0"/>
</pin_list>
<bind>
<opcode="phi(47) " fcode="phi"/>
<opset="uop_13207_0484_ph/1 "/>
</bind>
</comp>

<comp id="628" class="1005" name="uop_15_14259_0583_ph_reg_628">
<pin_list>
<pin id="629" dir="0" index="0" bw="2" slack="2147483647"/>
<pin id="630" dir="1" index="1" bw="2" slack="2147483647"/>
</pin_list>
<bind>
<opset="uop_15_14259_0583_ph (phireg) "/>
</bind>
</comp>

<comp id="631" class="1004" name="uop_15_14259_0583_ph_phi_fu_631">
<pin_list>
<pin id="632" dir="0" index="0" bw="1" slack="0"/>
<pin id="633" dir="0" index="1" bw="0" slack="2147483647"/>
<pin id="634" dir="0" index="2" bw="1" slack="0"/>
<pin id="635" dir="0" index="3" bw="0" slack="2147483647"/>
<pin id="636" dir="0" index="4" bw="2" slack="0"/>
<pin id="637" dir="0" index="5" bw="0" slack="2147483647"/>
<pin id="638" dir="0" index="6" bw="2" slack="0"/>
<pin id="639" dir="0" index="7" bw="0" slack="2147483647"/>
<pin id="640" dir="0" index="8" bw="1" slack="0"/>
<pin id="641" dir="0" index="9" bw="0" slack="2147483647"/>
<pin id="642" dir="0" index="10" bw="1" slack="0"/>
<pin id="643" dir="0" index="11" bw="0" slack="2147483647"/>
<pin id="644" dir="0" index="12" bw="1" slack="0"/>
<pin id="645" dir="0" index="13" bw="0" slack="2147483647"/>
<pin id="646" dir="0" index="14" bw="1" slack="0"/>
<pin id="647" dir="0" index="15" bw="0" slack="2147483647"/>
<pin id="648" dir="0" index="16" bw="1" slack="0"/>
<pin id="649" dir="0" index="17" bw="0" slack="2147483647"/>
<pin id="650" dir="0" index="18" bw="1" slack="0"/>
<pin id="651" dir="0" index="19" bw="0" slack="2147483647"/>
<pin id="652" dir="0" index="20" bw="1" slack="0"/>
<pin id="653" dir="0" index="21" bw="0" slack="2147483647"/>
<pin id="654" dir="0" index="22" bw="1" slack="0"/>
<pin id="655" dir="0" index="23" bw="0" slack="2147483647"/>
<pin id="656" dir="0" index="24" bw="1" slack="0"/>
<pin id="657" dir="0" index="25" bw="0" slack="2147483647"/>
<pin id="658" dir="0" index="26" bw="1" slack="0"/>
<pin id="659" dir="0" index="27" bw="0" slack="2147483647"/>
<pin id="660" dir="0" index="28" bw="1" slack="0"/>
<pin id="661" dir="0" index="29" bw="0" slack="2147483647"/>
<pin id="662" dir="0" index="30" bw="1" slack="0"/>
<pin id="663" dir="0" index="31" bw="0" slack="2147483647"/>
<pin id="664" dir="0" index="32" bw="1" slack="0"/>
<pin id="665" dir="0" index="33" bw="0" slack="2147483647"/>
<pin id="666" dir="0" index="34" bw="1" slack="0"/>
<pin id="667" dir="0" index="35" bw="0" slack="2147483647"/>
<pin id="668" dir="0" index="36" bw="1" slack="0"/>
<pin id="669" dir="0" index="37" bw="0" slack="2147483647"/>
<pin id="670" dir="0" index="38" bw="1" slack="0"/>
<pin id="671" dir="0" index="39" bw="0" slack="2147483647"/>
<pin id="672" dir="0" index="40" bw="1" slack="0"/>
<pin id="673" dir="0" index="41" bw="0" slack="2147483647"/>
<pin id="674" dir="0" index="42" bw="1" slack="0"/>
<pin id="675" dir="0" index="43" bw="0" slack="2147483647"/>
<pin id="676" dir="0" index="44" bw="1" slack="0"/>
<pin id="677" dir="0" index="45" bw="0" slack="2147483647"/>
<pin id="678" dir="0" index="46" bw="1" slack="0"/>
<pin id="679" dir="0" index="47" bw="0" slack="2147483647"/>
<pin id="680" dir="0" index="48" bw="1" slack="0"/>
<pin id="681" dir="0" index="49" bw="0" slack="2147483647"/>
<pin id="682" dir="0" index="50" bw="1" slack="0"/>
<pin id="683" dir="0" index="51" bw="0" slack="2147483647"/>
<pin id="684" dir="0" index="52" bw="1" slack="0"/>
<pin id="685" dir="0" index="53" bw="0" slack="2147483647"/>
<pin id="686" dir="0" index="54" bw="1" slack="0"/>
<pin id="687" dir="0" index="55" bw="0" slack="2147483647"/>
<pin id="688" dir="0" index="56" bw="1" slack="0"/>
<pin id="689" dir="0" index="57" bw="0" slack="2147483647"/>
<pin id="690" dir="0" index="58" bw="1" slack="0"/>
<pin id="691" dir="0" index="59" bw="0" slack="2147483647"/>
<pin id="692" dir="0" index="60" bw="1" slack="0"/>
<pin id="693" dir="0" index="61" bw="0" slack="2147483647"/>
<pin id="694" dir="0" index="62" bw="1" slack="0"/>
<pin id="695" dir="0" index="63" bw="0" slack="2147483647"/>
<pin id="696" dir="0" index="64" bw="1" slack="0"/>
<pin id="697" dir="0" index="65" bw="0" slack="2147483647"/>
<pin id="698" dir="0" index="66" bw="1" slack="0"/>
<pin id="699" dir="0" index="67" bw="0" slack="2147483647"/>
<pin id="700" dir="0" index="68" bw="1" slack="0"/>
<pin id="701" dir="0" index="69" bw="0" slack="2147483647"/>
<pin id="702" dir="0" index="70" bw="1" slack="0"/>
<pin id="703" dir="0" index="71" bw="0" slack="2147483647"/>
<pin id="704" dir="0" index="72" bw="1" slack="0"/>
<pin id="705" dir="0" index="73" bw="0" slack="2147483647"/>
<pin id="706" dir="0" index="74" bw="1" slack="0"/>
<pin id="707" dir="0" index="75" bw="0" slack="2147483647"/>
<pin id="708" dir="0" index="76" bw="1" slack="0"/>
<pin id="709" dir="0" index="77" bw="0" slack="2147483647"/>
<pin id="710" dir="0" index="78" bw="1" slack="0"/>
<pin id="711" dir="0" index="79" bw="0" slack="2147483647"/>
<pin id="712" dir="0" index="80" bw="1" slack="0"/>
<pin id="713" dir="0" index="81" bw="0" slack="2147483647"/>
<pin id="714" dir="0" index="82" bw="2" slack="0"/>
<pin id="715" dir="0" index="83" bw="0" slack="2147483647"/>
<pin id="716" dir="0" index="84" bw="1" slack="0"/>
<pin id="717" dir="0" index="85" bw="0" slack="2147483647"/>
<pin id="718" dir="0" index="86" bw="1" slack="0"/>
<pin id="719" dir="0" index="87" bw="0" slack="2147483647"/>
<pin id="720" dir="0" index="88" bw="1" slack="0"/>
<pin id="721" dir="0" index="89" bw="0" slack="2147483647"/>
<pin id="722" dir="0" index="90" bw="1" slack="0"/>
<pin id="723" dir="0" index="91" bw="0" slack="2147483647"/>
<pin id="724" dir="0" index="92" bw="1" slack="0"/>
<pin id="725" dir="0" index="93" bw="0" slack="2147483647"/>
<pin id="726" dir="0" index="94" bw="1" slack="0"/>
<pin id="727" dir="0" index="95" bw="0" slack="2147483647"/>
<pin id="728" dir="0" index="96" bw="1" slack="0"/>
<pin id="729" dir="0" index="97" bw="0" slack="2147483647"/>
<pin id="730" dir="0" index="98" bw="1" slack="0"/>
<pin id="731" dir="0" index="99" bw="0" slack="2147483647"/>
<pin id="732" dir="0" index="100" bw="1" slack="0"/>
<pin id="733" dir="0" index="101" bw="0" slack="2147483647"/>
<pin id="734" dir="0" index="102" bw="1" slack="0"/>
<pin id="735" dir="0" index="103" bw="0" slack="2147483647"/>
<pin id="736" dir="1" index="104" bw="2" slack="0"/>
</pin_list>
<bind>
<opcode="phi(47) " fcode="phi"/>
<opset="uop_15_14259_0583_ph/1 "/>
</bind>
</comp>

<comp id="786" class="1005" name="uop_17209_0782_ph_reg_786">
<pin_list>
<pin id="787" dir="0" index="0" bw="4" slack="2147483647"/>
<pin id="788" dir="1" index="1" bw="4" slack="2147483647"/>
</pin_list>
<bind>
<opset="uop_17209_0782_ph (phireg) "/>
</bind>
</comp>

<comp id="789" class="1004" name="uop_17209_0782_ph_phi_fu_789">
<pin_list>
<pin id="790" dir="0" index="0" bw="1" slack="0"/>
<pin id="791" dir="0" index="1" bw="0" slack="2147483647"/>
<pin id="792" dir="0" index="2" bw="1" slack="0"/>
<pin id="793" dir="0" index="3" bw="0" slack="2147483647"/>
<pin id="794" dir="0" index="4" bw="1" slack="0"/>
<pin id="795" dir="0" index="5" bw="0" slack="2147483647"/>
<pin id="796" dir="0" index="6" bw="1" slack="0"/>
<pin id="797" dir="0" index="7" bw="0" slack="2147483647"/>
<pin id="798" dir="0" index="8" bw="1" slack="0"/>
<pin id="799" dir="0" index="9" bw="0" slack="2147483647"/>
<pin id="800" dir="0" index="10" bw="1" slack="0"/>
<pin id="801" dir="0" index="11" bw="0" slack="2147483647"/>
<pin id="802" dir="0" index="12" bw="1" slack="0"/>
<pin id="803" dir="0" index="13" bw="0" slack="2147483647"/>
<pin id="804" dir="0" index="14" bw="1" slack="0"/>
<pin id="805" dir="0" index="15" bw="0" slack="2147483647"/>
<pin id="806" dir="0" index="16" bw="1" slack="0"/>
<pin id="807" dir="0" index="17" bw="0" slack="2147483647"/>
<pin id="808" dir="0" index="18" bw="1" slack="0"/>
<pin id="809" dir="0" index="19" bw="0" slack="2147483647"/>
<pin id="810" dir="0" index="20" bw="1" slack="0"/>
<pin id="811" dir="0" index="21" bw="0" slack="2147483647"/>
<pin id="812" dir="0" index="22" bw="1" slack="0"/>
<pin id="813" dir="0" index="23" bw="0" slack="2147483647"/>
<pin id="814" dir="0" index="24" bw="1" slack="0"/>
<pin id="815" dir="0" index="25" bw="0" slack="2147483647"/>
<pin id="816" dir="0" index="26" bw="1" slack="0"/>
<pin id="817" dir="0" index="27" bw="0" slack="2147483647"/>
<pin id="818" dir="0" index="28" bw="1" slack="0"/>
<pin id="819" dir="0" index="29" bw="0" slack="2147483647"/>
<pin id="820" dir="0" index="30" bw="1" slack="0"/>
<pin id="821" dir="0" index="31" bw="0" slack="2147483647"/>
<pin id="822" dir="0" index="32" bw="1" slack="0"/>
<pin id="823" dir="0" index="33" bw="0" slack="2147483647"/>
<pin id="824" dir="0" index="34" bw="1" slack="0"/>
<pin id="825" dir="0" index="35" bw="0" slack="2147483647"/>
<pin id="826" dir="0" index="36" bw="1" slack="0"/>
<pin id="827" dir="0" index="37" bw="0" slack="2147483647"/>
<pin id="828" dir="0" index="38" bw="1" slack="0"/>
<pin id="829" dir="0" index="39" bw="0" slack="2147483647"/>
<pin id="830" dir="0" index="40" bw="1" slack="0"/>
<pin id="831" dir="0" index="41" bw="0" slack="2147483647"/>
<pin id="832" dir="0" index="42" bw="1" slack="0"/>
<pin id="833" dir="0" index="43" bw="0" slack="2147483647"/>
<pin id="834" dir="0" index="44" bw="1" slack="0"/>
<pin id="835" dir="0" index="45" bw="0" slack="2147483647"/>
<pin id="836" dir="0" index="46" bw="1" slack="0"/>
<pin id="837" dir="0" index="47" bw="0" slack="2147483647"/>
<pin id="838" dir="0" index="48" bw="1" slack="0"/>
<pin id="839" dir="0" index="49" bw="0" slack="2147483647"/>
<pin id="840" dir="0" index="50" bw="1" slack="0"/>
<pin id="841" dir="0" index="51" bw="0" slack="2147483647"/>
<pin id="842" dir="0" index="52" bw="1" slack="0"/>
<pin id="843" dir="0" index="53" bw="0" slack="2147483647"/>
<pin id="844" dir="0" index="54" bw="1" slack="0"/>
<pin id="845" dir="0" index="55" bw="0" slack="2147483647"/>
<pin id="846" dir="0" index="56" bw="1" slack="0"/>
<pin id="847" dir="0" index="57" bw="0" slack="2147483647"/>
<pin id="848" dir="0" index="58" bw="1" slack="0"/>
<pin id="849" dir="0" index="59" bw="0" slack="2147483647"/>
<pin id="850" dir="0" index="60" bw="1" slack="0"/>
<pin id="851" dir="0" index="61" bw="0" slack="2147483647"/>
<pin id="852" dir="0" index="62" bw="1" slack="0"/>
<pin id="853" dir="0" index="63" bw="0" slack="2147483647"/>
<pin id="854" dir="0" index="64" bw="1" slack="0"/>
<pin id="855" dir="0" index="65" bw="0" slack="2147483647"/>
<pin id="856" dir="0" index="66" bw="1" slack="0"/>
<pin id="857" dir="0" index="67" bw="0" slack="2147483647"/>
<pin id="858" dir="0" index="68" bw="1" slack="0"/>
<pin id="859" dir="0" index="69" bw="0" slack="2147483647"/>
<pin id="860" dir="0" index="70" bw="1" slack="0"/>
<pin id="861" dir="0" index="71" bw="0" slack="2147483647"/>
<pin id="862" dir="0" index="72" bw="1" slack="0"/>
<pin id="863" dir="0" index="73" bw="0" slack="2147483647"/>
<pin id="864" dir="0" index="74" bw="1" slack="0"/>
<pin id="865" dir="0" index="75" bw="0" slack="2147483647"/>
<pin id="866" dir="0" index="76" bw="1" slack="0"/>
<pin id="867" dir="0" index="77" bw="0" slack="2147483647"/>
<pin id="868" dir="0" index="78" bw="1" slack="0"/>
<pin id="869" dir="0" index="79" bw="0" slack="2147483647"/>
<pin id="870" dir="0" index="80" bw="1" slack="0"/>
<pin id="871" dir="0" index="81" bw="0" slack="2147483647"/>
<pin id="872" dir="0" index="82" bw="4" slack="0"/>
<pin id="873" dir="0" index="83" bw="0" slack="2147483647"/>
<pin id="874" dir="0" index="84" bw="1" slack="0"/>
<pin id="875" dir="0" index="85" bw="0" slack="2147483647"/>
<pin id="876" dir="0" index="86" bw="1" slack="0"/>
<pin id="877" dir="0" index="87" bw="0" slack="2147483647"/>
<pin id="878" dir="0" index="88" bw="1" slack="0"/>
<pin id="879" dir="0" index="89" bw="0" slack="2147483647"/>
<pin id="880" dir="0" index="90" bw="1" slack="0"/>
<pin id="881" dir="0" index="91" bw="0" slack="2147483647"/>
<pin id="882" dir="0" index="92" bw="1" slack="0"/>
<pin id="883" dir="0" index="93" bw="0" slack="2147483647"/>
<pin id="884" dir="0" index="94" bw="1" slack="0"/>
<pin id="885" dir="0" index="95" bw="0" slack="2147483647"/>
<pin id="886" dir="0" index="96" bw="1" slack="0"/>
<pin id="887" dir="0" index="97" bw="0" slack="2147483647"/>
<pin id="888" dir="0" index="98" bw="1" slack="0"/>
<pin id="889" dir="0" index="99" bw="0" slack="2147483647"/>
<pin id="890" dir="0" index="100" bw="1" slack="0"/>
<pin id="891" dir="0" index="101" bw="0" slack="2147483647"/>
<pin id="892" dir="0" index="102" bw="1" slack="0"/>
<pin id="893" dir="0" index="103" bw="0" slack="2147483647"/>
<pin id="894" dir="1" index="104" bw="4" slack="0"/>
</pin_list>
<bind>
<opcode="phi(47) " fcode="phi"/>
<opset="uop_17209_0782_ph/1 "/>
</bind>
</comp>

<comp id="946" class="1005" name="uop_20211_0881_ph_reg_946">
<pin_list>
<pin id="947" dir="0" index="0" bw="1" slack="2147483647"/>
<pin id="948" dir="1" index="1" bw="1" slack="2147483647"/>
</pin_list>
<bind>
<opset="uop_20211_0881_ph (phireg) "/>
</bind>
</comp>

<comp id="949" class="1004" name="uop_20211_0881_ph_phi_fu_949">
<pin_list>
<pin id="950" dir="0" index="0" bw="1" slack="0"/>
<pin id="951" dir="0" index="1" bw="0" slack="2147483647"/>
<pin id="952" dir="0" index="2" bw="1" slack="0"/>
<pin id="953" dir="0" index="3" bw="0" slack="2147483647"/>
<pin id="954" dir="0" index="4" bw="1" slack="0"/>
<pin id="955" dir="0" index="5" bw="0" slack="2147483647"/>
<pin id="956" dir="0" index="6" bw="1" slack="0"/>
<pin id="957" dir="0" index="7" bw="0" slack="2147483647"/>
<pin id="958" dir="0" index="8" bw="1" slack="0"/>
<pin id="959" dir="0" index="9" bw="0" slack="2147483647"/>
<pin id="960" dir="0" index="10" bw="1" slack="0"/>
<pin id="961" dir="0" index="11" bw="0" slack="2147483647"/>
<pin id="962" dir="0" index="12" bw="1" slack="0"/>
<pin id="963" dir="0" index="13" bw="0" slack="2147483647"/>
<pin id="964" dir="0" index="14" bw="1" slack="0"/>
<pin id="965" dir="0" index="15" bw="0" slack="2147483647"/>
<pin id="966" dir="0" index="16" bw="1" slack="0"/>
<pin id="967" dir="0" index="17" bw="0" slack="2147483647"/>
<pin id="968" dir="0" index="18" bw="1" slack="0"/>
<pin id="969" dir="0" index="19" bw="0" slack="2147483647"/>
<pin id="970" dir="0" index="20" bw="1" slack="0"/>
<pin id="971" dir="0" index="21" bw="0" slack="2147483647"/>
<pin id="972" dir="0" index="22" bw="1" slack="0"/>
<pin id="973" dir="0" index="23" bw="0" slack="2147483647"/>
<pin id="974" dir="0" index="24" bw="1" slack="0"/>
<pin id="975" dir="0" index="25" bw="0" slack="2147483647"/>
<pin id="976" dir="0" index="26" bw="1" slack="0"/>
<pin id="977" dir="0" index="27" bw="0" slack="2147483647"/>
<pin id="978" dir="0" index="28" bw="1" slack="0"/>
<pin id="979" dir="0" index="29" bw="0" slack="2147483647"/>
<pin id="980" dir="0" index="30" bw="1" slack="0"/>
<pin id="981" dir="0" index="31" bw="0" slack="2147483647"/>
<pin id="982" dir="0" index="32" bw="1" slack="0"/>
<pin id="983" dir="0" index="33" bw="0" slack="2147483647"/>
<pin id="984" dir="0" index="34" bw="1" slack="0"/>
<pin id="985" dir="0" index="35" bw="0" slack="2147483647"/>
<pin id="986" dir="0" index="36" bw="1" slack="0"/>
<pin id="987" dir="0" index="37" bw="0" slack="2147483647"/>
<pin id="988" dir="0" index="38" bw="1" slack="0"/>
<pin id="989" dir="0" index="39" bw="0" slack="2147483647"/>
<pin id="990" dir="0" index="40" bw="1" slack="0"/>
<pin id="991" dir="0" index="41" bw="0" slack="2147483647"/>
<pin id="992" dir="0" index="42" bw="1" slack="0"/>
<pin id="993" dir="0" index="43" bw="0" slack="2147483647"/>
<pin id="994" dir="0" index="44" bw="1" slack="0"/>
<pin id="995" dir="0" index="45" bw="0" slack="2147483647"/>
<pin id="996" dir="0" index="46" bw="1" slack="0"/>
<pin id="997" dir="0" index="47" bw="0" slack="2147483647"/>
<pin id="998" dir="0" index="48" bw="1" slack="0"/>
<pin id="999" dir="0" index="49" bw="0" slack="2147483647"/>
<pin id="1000" dir="0" index="50" bw="1" slack="0"/>
<pin id="1001" dir="0" index="51" bw="0" slack="2147483647"/>
<pin id="1002" dir="0" index="52" bw="1" slack="0"/>
<pin id="1003" dir="0" index="53" bw="0" slack="2147483647"/>
<pin id="1004" dir="0" index="54" bw="1" slack="0"/>
<pin id="1005" dir="0" index="55" bw="0" slack="2147483647"/>
<pin id="1006" dir="0" index="56" bw="1" slack="0"/>
<pin id="1007" dir="0" index="57" bw="0" slack="2147483647"/>
<pin id="1008" dir="0" index="58" bw="1" slack="0"/>
<pin id="1009" dir="0" index="59" bw="0" slack="2147483647"/>
<pin id="1010" dir="0" index="60" bw="1" slack="0"/>
<pin id="1011" dir="0" index="61" bw="0" slack="2147483647"/>
<pin id="1012" dir="0" index="62" bw="1" slack="0"/>
<pin id="1013" dir="0" index="63" bw="0" slack="2147483647"/>
<pin id="1014" dir="0" index="64" bw="1" slack="0"/>
<pin id="1015" dir="0" index="65" bw="0" slack="2147483647"/>
<pin id="1016" dir="0" index="66" bw="1" slack="0"/>
<pin id="1017" dir="0" index="67" bw="0" slack="2147483647"/>
<pin id="1018" dir="0" index="68" bw="1" slack="0"/>
<pin id="1019" dir="0" index="69" bw="0" slack="2147483647"/>
<pin id="1020" dir="0" index="70" bw="1" slack="0"/>
<pin id="1021" dir="0" index="71" bw="0" slack="2147483647"/>
<pin id="1022" dir="0" index="72" bw="1" slack="0"/>
<pin id="1023" dir="0" index="73" bw="0" slack="2147483647"/>
<pin id="1024" dir="0" index="74" bw="1" slack="0"/>
<pin id="1025" dir="0" index="75" bw="0" slack="2147483647"/>
<pin id="1026" dir="0" index="76" bw="1" slack="0"/>
<pin id="1027" dir="0" index="77" bw="0" slack="2147483647"/>
<pin id="1028" dir="0" index="78" bw="1" slack="0"/>
<pin id="1029" dir="0" index="79" bw="0" slack="2147483647"/>
<pin id="1030" dir="0" index="80" bw="1" slack="0"/>
<pin id="1031" dir="0" index="81" bw="0" slack="2147483647"/>
<pin id="1032" dir="0" index="82" bw="1" slack="0"/>
<pin id="1033" dir="0" index="83" bw="0" slack="2147483647"/>
<pin id="1034" dir="0" index="84" bw="1" slack="0"/>
<pin id="1035" dir="0" index="85" bw="0" slack="2147483647"/>
<pin id="1036" dir="0" index="86" bw="1" slack="0"/>
<pin id="1037" dir="0" index="87" bw="0" slack="2147483647"/>
<pin id="1038" dir="0" index="88" bw="1" slack="0"/>
<pin id="1039" dir="0" index="89" bw="0" slack="2147483647"/>
<pin id="1040" dir="0" index="90" bw="1" slack="0"/>
<pin id="1041" dir="0" index="91" bw="0" slack="2147483647"/>
<pin id="1042" dir="0" index="92" bw="1" slack="0"/>
<pin id="1043" dir="0" index="93" bw="0" slack="2147483647"/>
<pin id="1044" dir="0" index="94" bw="1" slack="0"/>
<pin id="1045" dir="0" index="95" bw="0" slack="2147483647"/>
<pin id="1046" dir="0" index="96" bw="1" slack="0"/>
<pin id="1047" dir="0" index="97" bw="0" slack="2147483647"/>
<pin id="1048" dir="0" index="98" bw="1" slack="0"/>
<pin id="1049" dir="0" index="99" bw="0" slack="2147483647"/>
<pin id="1050" dir="0" index="100" bw="1" slack="0"/>
<pin id="1051" dir="0" index="101" bw="0" slack="2147483647"/>
<pin id="1052" dir="0" index="102" bw="1" slack="0"/>
<pin id="1053" dir="0" index="103" bw="0" slack="2147483647"/>
<pin id="1054" dir="1" index="104" bw="1" slack="0"/>
</pin_list>
<bind>
<opcode="phi(47) " fcode="phi"/>
<opset="uop_20211_0881_ph/1 "/>
</bind>
</comp>

<comp id="1106" class="1005" name="p_19_2980_ph_reg_1106">
<pin_list>
<pin id="1107" dir="0" index="0" bw="1" slack="2147483647"/>
<pin id="1108" dir="1" index="1" bw="1" slack="2147483647"/>
</pin_list>
<bind>
<opset="p_19_2980_ph (phireg) "/>
</bind>
</comp>

<comp id="1109" class="1004" name="p_19_2980_ph_phi_fu_1109">
<pin_list>
<pin id="1110" dir="0" index="0" bw="1" slack="0"/>
<pin id="1111" dir="0" index="1" bw="0" slack="2147483647"/>
<pin id="1112" dir="0" index="2" bw="1" slack="0"/>
<pin id="1113" dir="0" index="3" bw="0" slack="2147483647"/>
<pin id="1114" dir="0" index="4" bw="1" slack="0"/>
<pin id="1115" dir="0" index="5" bw="0" slack="2147483647"/>
<pin id="1116" dir="0" index="6" bw="1" slack="0"/>
<pin id="1117" dir="0" index="7" bw="0" slack="2147483647"/>
<pin id="1118" dir="0" index="8" bw="1" slack="0"/>
<pin id="1119" dir="0" index="9" bw="0" slack="2147483647"/>
<pin id="1120" dir="0" index="10" bw="1" slack="0"/>
<pin id="1121" dir="0" index="11" bw="0" slack="2147483647"/>
<pin id="1122" dir="0" index="12" bw="1" slack="0"/>
<pin id="1123" dir="0" index="13" bw="0" slack="2147483647"/>
<pin id="1124" dir="0" index="14" bw="1" slack="0"/>
<pin id="1125" dir="0" index="15" bw="0" slack="2147483647"/>
<pin id="1126" dir="0" index="16" bw="1" slack="0"/>
<pin id="1127" dir="0" index="17" bw="0" slack="2147483647"/>
<pin id="1128" dir="0" index="18" bw="1" slack="0"/>
<pin id="1129" dir="0" index="19" bw="0" slack="2147483647"/>
<pin id="1130" dir="0" index="20" bw="1" slack="0"/>
<pin id="1131" dir="0" index="21" bw="0" slack="2147483647"/>
<pin id="1132" dir="0" index="22" bw="1" slack="0"/>
<pin id="1133" dir="0" index="23" bw="0" slack="2147483647"/>
<pin id="1134" dir="0" index="24" bw="1" slack="0"/>
<pin id="1135" dir="0" index="25" bw="0" slack="2147483647"/>
<pin id="1136" dir="0" index="26" bw="1" slack="0"/>
<pin id="1137" dir="0" index="27" bw="0" slack="2147483647"/>
<pin id="1138" dir="0" index="28" bw="1" slack="0"/>
<pin id="1139" dir="0" index="29" bw="0" slack="2147483647"/>
<pin id="1140" dir="0" index="30" bw="1" slack="0"/>
<pin id="1141" dir="0" index="31" bw="0" slack="2147483647"/>
<pin id="1142" dir="0" index="32" bw="1" slack="0"/>
<pin id="1143" dir="0" index="33" bw="0" slack="2147483647"/>
<pin id="1144" dir="0" index="34" bw="1" slack="0"/>
<pin id="1145" dir="0" index="35" bw="0" slack="2147483647"/>
<pin id="1146" dir="0" index="36" bw="1" slack="0"/>
<pin id="1147" dir="0" index="37" bw="0" slack="2147483647"/>
<pin id="1148" dir="0" index="38" bw="1" slack="0"/>
<pin id="1149" dir="0" index="39" bw="0" slack="2147483647"/>
<pin id="1150" dir="0" index="40" bw="1" slack="0"/>
<pin id="1151" dir="0" index="41" bw="0" slack="2147483647"/>
<pin id="1152" dir="0" index="42" bw="1" slack="0"/>
<pin id="1153" dir="0" index="43" bw="0" slack="2147483647"/>
<pin id="1154" dir="0" index="44" bw="1" slack="0"/>
<pin id="1155" dir="0" index="45" bw="0" slack="2147483647"/>
<pin id="1156" dir="0" index="46" bw="1" slack="0"/>
<pin id="1157" dir="0" index="47" bw="0" slack="2147483647"/>
<pin id="1158" dir="0" index="48" bw="1" slack="0"/>
<pin id="1159" dir="0" index="49" bw="0" slack="2147483647"/>
<pin id="1160" dir="0" index="50" bw="1" slack="0"/>
<pin id="1161" dir="0" index="51" bw="0" slack="2147483647"/>
<pin id="1162" dir="0" index="52" bw="1" slack="0"/>
<pin id="1163" dir="0" index="53" bw="0" slack="2147483647"/>
<pin id="1164" dir="0" index="54" bw="1" slack="0"/>
<pin id="1165" dir="0" index="55" bw="0" slack="2147483647"/>
<pin id="1166" dir="0" index="56" bw="1" slack="0"/>
<pin id="1167" dir="0" index="57" bw="0" slack="2147483647"/>
<pin id="1168" dir="0" index="58" bw="1" slack="0"/>
<pin id="1169" dir="0" index="59" bw="0" slack="2147483647"/>
<pin id="1170" dir="0" index="60" bw="1" slack="0"/>
<pin id="1171" dir="0" index="61" bw="0" slack="2147483647"/>
<pin id="1172" dir="0" index="62" bw="1" slack="0"/>
<pin id="1173" dir="0" index="63" bw="0" slack="2147483647"/>
<pin id="1174" dir="0" index="64" bw="1" slack="0"/>
<pin id="1175" dir="0" index="65" bw="0" slack="2147483647"/>
<pin id="1176" dir="0" index="66" bw="1" slack="0"/>
<pin id="1177" dir="0" index="67" bw="0" slack="2147483647"/>
<pin id="1178" dir="0" index="68" bw="1" slack="0"/>
<pin id="1179" dir="0" index="69" bw="0" slack="2147483647"/>
<pin id="1180" dir="0" index="70" bw="1" slack="0"/>
<pin id="1181" dir="0" index="71" bw="0" slack="2147483647"/>
<pin id="1182" dir="0" index="72" bw="1" slack="0"/>
<pin id="1183" dir="0" index="73" bw="0" slack="2147483647"/>
<pin id="1184" dir="0" index="74" bw="1" slack="0"/>
<pin id="1185" dir="0" index="75" bw="0" slack="2147483647"/>
<pin id="1186" dir="0" index="76" bw="1" slack="0"/>
<pin id="1187" dir="0" index="77" bw="0" slack="2147483647"/>
<pin id="1188" dir="0" index="78" bw="1" slack="0"/>
<pin id="1189" dir="0" index="79" bw="0" slack="2147483647"/>
<pin id="1190" dir="0" index="80" bw="1" slack="0"/>
<pin id="1191" dir="0" index="81" bw="0" slack="2147483647"/>
<pin id="1192" dir="0" index="82" bw="1" slack="0"/>
<pin id="1193" dir="0" index="83" bw="0" slack="2147483647"/>
<pin id="1194" dir="0" index="84" bw="1" slack="0"/>
<pin id="1195" dir="0" index="85" bw="0" slack="2147483647"/>
<pin id="1196" dir="0" index="86" bw="1" slack="0"/>
<pin id="1197" dir="0" index="87" bw="0" slack="2147483647"/>
<pin id="1198" dir="0" index="88" bw="1" slack="0"/>
<pin id="1199" dir="0" index="89" bw="0" slack="2147483647"/>
<pin id="1200" dir="0" index="90" bw="1" slack="0"/>
<pin id="1201" dir="0" index="91" bw="0" slack="2147483647"/>
<pin id="1202" dir="0" index="92" bw="1" slack="0"/>
<pin id="1203" dir="0" index="93" bw="0" slack="2147483647"/>
<pin id="1204" dir="0" index="94" bw="1" slack="0"/>
<pin id="1205" dir="0" index="95" bw="0" slack="2147483647"/>
<pin id="1206" dir="0" index="96" bw="1" slack="0"/>
<pin id="1207" dir="0" index="97" bw="0" slack="2147483647"/>
<pin id="1208" dir="0" index="98" bw="1" slack="0"/>
<pin id="1209" dir="0" index="99" bw="0" slack="2147483647"/>
<pin id="1210" dir="0" index="100" bw="1" slack="0"/>
<pin id="1211" dir="0" index="101" bw="0" slack="2147483647"/>
<pin id="1212" dir="0" index="102" bw="1" slack="0"/>
<pin id="1213" dir="0" index="103" bw="0" slack="2147483647"/>
<pin id="1214" dir="1" index="104" bw="1" slack="0"/>
</pin_list>
<bind>
<opcode="phi(47) " fcode="phi"/>
<opset="p_19_2980_ph/1 "/>
</bind>
</comp>

<comp id="1267" class="1005" name="p_19_11079_ph_reg_1267">
<pin_list>
<pin id="1268" dir="0" index="0" bw="2" slack="2147483647"/>
<pin id="1269" dir="1" index="1" bw="2" slack="2147483647"/>
</pin_list>
<bind>
<opset="p_19_11079_ph (phireg) "/>
</bind>
</comp>

<comp id="1270" class="1004" name="p_19_11079_ph_phi_fu_1270">
<pin_list>
<pin id="1271" dir="0" index="0" bw="1" slack="0"/>
<pin id="1272" dir="0" index="1" bw="0" slack="2147483647"/>
<pin id="1273" dir="0" index="2" bw="1" slack="0"/>
<pin id="1274" dir="0" index="3" bw="0" slack="2147483647"/>
<pin id="1275" dir="0" index="4" bw="1" slack="0"/>
<pin id="1276" dir="0" index="5" bw="0" slack="2147483647"/>
<pin id="1277" dir="0" index="6" bw="1" slack="0"/>
<pin id="1278" dir="0" index="7" bw="0" slack="2147483647"/>
<pin id="1279" dir="0" index="8" bw="1" slack="0"/>
<pin id="1280" dir="0" index="9" bw="0" slack="2147483647"/>
<pin id="1281" dir="0" index="10" bw="1" slack="0"/>
<pin id="1282" dir="0" index="11" bw="0" slack="2147483647"/>
<pin id="1283" dir="0" index="12" bw="1" slack="0"/>
<pin id="1284" dir="0" index="13" bw="0" slack="2147483647"/>
<pin id="1285" dir="0" index="14" bw="1" slack="0"/>
<pin id="1286" dir="0" index="15" bw="0" slack="2147483647"/>
<pin id="1287" dir="0" index="16" bw="1" slack="0"/>
<pin id="1288" dir="0" index="17" bw="0" slack="2147483647"/>
<pin id="1289" dir="0" index="18" bw="1" slack="0"/>
<pin id="1290" dir="0" index="19" bw="0" slack="2147483647"/>
<pin id="1291" dir="0" index="20" bw="2" slack="0"/>
<pin id="1292" dir="0" index="21" bw="0" slack="2147483647"/>
<pin id="1293" dir="0" index="22" bw="1" slack="0"/>
<pin id="1294" dir="0" index="23" bw="0" slack="2147483647"/>
<pin id="1295" dir="0" index="24" bw="1" slack="0"/>
<pin id="1296" dir="0" index="25" bw="0" slack="2147483647"/>
<pin id="1297" dir="0" index="26" bw="1" slack="0"/>
<pin id="1298" dir="0" index="27" bw="0" slack="2147483647"/>
<pin id="1299" dir="0" index="28" bw="2" slack="0"/>
<pin id="1300" dir="0" index="29" bw="0" slack="2147483647"/>
<pin id="1301" dir="0" index="30" bw="1" slack="0"/>
<pin id="1302" dir="0" index="31" bw="0" slack="2147483647"/>
<pin id="1303" dir="0" index="32" bw="2" slack="0"/>
<pin id="1304" dir="0" index="33" bw="0" slack="2147483647"/>
<pin id="1305" dir="0" index="34" bw="1" slack="0"/>
<pin id="1306" dir="0" index="35" bw="0" slack="2147483647"/>
<pin id="1307" dir="0" index="36" bw="1" slack="0"/>
<pin id="1308" dir="0" index="37" bw="0" slack="2147483647"/>
<pin id="1309" dir="0" index="38" bw="1" slack="0"/>
<pin id="1310" dir="0" index="39" bw="0" slack="2147483647"/>
<pin id="1311" dir="0" index="40" bw="1" slack="0"/>
<pin id="1312" dir="0" index="41" bw="0" slack="2147483647"/>
<pin id="1313" dir="0" index="42" bw="1" slack="0"/>
<pin id="1314" dir="0" index="43" bw="0" slack="2147483647"/>
<pin id="1315" dir="0" index="44" bw="1" slack="0"/>
<pin id="1316" dir="0" index="45" bw="0" slack="2147483647"/>
<pin id="1317" dir="0" index="46" bw="1" slack="0"/>
<pin id="1318" dir="0" index="47" bw="0" slack="2147483647"/>
<pin id="1319" dir="0" index="48" bw="1" slack="0"/>
<pin id="1320" dir="0" index="49" bw="0" slack="2147483647"/>
<pin id="1321" dir="0" index="50" bw="1" slack="0"/>
<pin id="1322" dir="0" index="51" bw="0" slack="2147483647"/>
<pin id="1323" dir="0" index="52" bw="1" slack="0"/>
<pin id="1324" dir="0" index="53" bw="0" slack="2147483647"/>
<pin id="1325" dir="0" index="54" bw="1" slack="0"/>
<pin id="1326" dir="0" index="55" bw="0" slack="2147483647"/>
<pin id="1327" dir="0" index="56" bw="1" slack="0"/>
<pin id="1328" dir="0" index="57" bw="0" slack="2147483647"/>
<pin id="1329" dir="0" index="58" bw="1" slack="0"/>
<pin id="1330" dir="0" index="59" bw="0" slack="2147483647"/>
<pin id="1331" dir="0" index="60" bw="1" slack="0"/>
<pin id="1332" dir="0" index="61" bw="0" slack="2147483647"/>
<pin id="1333" dir="0" index="62" bw="1" slack="0"/>
<pin id="1334" dir="0" index="63" bw="0" slack="2147483647"/>
<pin id="1335" dir="0" index="64" bw="1" slack="0"/>
<pin id="1336" dir="0" index="65" bw="0" slack="2147483647"/>
<pin id="1337" dir="0" index="66" bw="1" slack="0"/>
<pin id="1338" dir="0" index="67" bw="0" slack="2147483647"/>
<pin id="1339" dir="0" index="68" bw="1" slack="0"/>
<pin id="1340" dir="0" index="69" bw="0" slack="2147483647"/>
<pin id="1341" dir="0" index="70" bw="1" slack="0"/>
<pin id="1342" dir="0" index="71" bw="0" slack="2147483647"/>
<pin id="1343" dir="0" index="72" bw="1" slack="0"/>
<pin id="1344" dir="0" index="73" bw="0" slack="2147483647"/>
<pin id="1345" dir="0" index="74" bw="1" slack="0"/>
<pin id="1346" dir="0" index="75" bw="0" slack="2147483647"/>
<pin id="1347" dir="0" index="76" bw="1" slack="0"/>
<pin id="1348" dir="0" index="77" bw="0" slack="2147483647"/>
<pin id="1349" dir="0" index="78" bw="1" slack="0"/>
<pin id="1350" dir="0" index="79" bw="0" slack="2147483647"/>
<pin id="1351" dir="0" index="80" bw="1" slack="0"/>
<pin id="1352" dir="0" index="81" bw="0" slack="2147483647"/>
<pin id="1353" dir="0" index="82" bw="1" slack="0"/>
<pin id="1354" dir="0" index="83" bw="0" slack="2147483647"/>
<pin id="1355" dir="0" index="84" bw="1" slack="0"/>
<pin id="1356" dir="0" index="85" bw="0" slack="2147483647"/>
<pin id="1357" dir="0" index="86" bw="1" slack="0"/>
<pin id="1358" dir="0" index="87" bw="0" slack="2147483647"/>
<pin id="1359" dir="0" index="88" bw="1" slack="0"/>
<pin id="1360" dir="0" index="89" bw="0" slack="2147483647"/>
<pin id="1361" dir="0" index="90" bw="1" slack="0"/>
<pin id="1362" dir="0" index="91" bw="0" slack="2147483647"/>
<pin id="1363" dir="0" index="92" bw="1" slack="0"/>
<pin id="1364" dir="0" index="93" bw="0" slack="2147483647"/>
<pin id="1365" dir="0" index="94" bw="1" slack="0"/>
<pin id="1366" dir="0" index="95" bw="0" slack="2147483647"/>
<pin id="1367" dir="0" index="96" bw="1" slack="0"/>
<pin id="1368" dir="0" index="97" bw="0" slack="2147483647"/>
<pin id="1369" dir="0" index="98" bw="1" slack="0"/>
<pin id="1370" dir="0" index="99" bw="0" slack="2147483647"/>
<pin id="1371" dir="0" index="100" bw="1" slack="0"/>
<pin id="1372" dir="0" index="101" bw="0" slack="2147483647"/>
<pin id="1373" dir="0" index="102" bw="1" slack="0"/>
<pin id="1374" dir="0" index="103" bw="0" slack="2147483647"/>
<pin id="1375" dir="1" index="104" bw="2" slack="0"/>
</pin_list>
<bind>
<opcode="phi(47) " fcode="phi"/>
<opset="p_19_11079_ph/1 "/>
</bind>
</comp>

<comp id="1428" class="1005" name="p_11_81178_ph_reg_1428">
<pin_list>
<pin id="1429" dir="0" index="0" bw="1" slack="2147483647"/>
<pin id="1430" dir="1" index="1" bw="1" slack="2147483647"/>
</pin_list>
<bind>
<opset="p_11_81178_ph (phireg) "/>
</bind>
</comp>

<comp id="1431" class="1004" name="p_11_81178_ph_phi_fu_1431">
<pin_list>
<pin id="1432" dir="0" index="0" bw="1" slack="0"/>
<pin id="1433" dir="0" index="1" bw="0" slack="2147483647"/>
<pin id="1434" dir="0" index="2" bw="1" slack="0"/>
<pin id="1435" dir="0" index="3" bw="0" slack="2147483647"/>
<pin id="1436" dir="0" index="4" bw="1" slack="0"/>
<pin id="1437" dir="0" index="5" bw="0" slack="2147483647"/>
<pin id="1438" dir="0" index="6" bw="1" slack="0"/>
<pin id="1439" dir="0" index="7" bw="0" slack="2147483647"/>
<pin id="1440" dir="0" index="8" bw="1" slack="0"/>
<pin id="1441" dir="0" index="9" bw="0" slack="2147483647"/>
<pin id="1442" dir="0" index="10" bw="1" slack="0"/>
<pin id="1443" dir="0" index="11" bw="0" slack="2147483647"/>
<pin id="1444" dir="0" index="12" bw="1" slack="0"/>
<pin id="1445" dir="0" index="13" bw="0" slack="2147483647"/>
<pin id="1446" dir="0" index="14" bw="1" slack="0"/>
<pin id="1447" dir="0" index="15" bw="0" slack="2147483647"/>
<pin id="1448" dir="0" index="16" bw="1" slack="0"/>
<pin id="1449" dir="0" index="17" bw="0" slack="2147483647"/>
<pin id="1450" dir="0" index="18" bw="1" slack="0"/>
<pin id="1451" dir="0" index="19" bw="0" slack="2147483647"/>
<pin id="1452" dir="0" index="20" bw="1" slack="0"/>
<pin id="1453" dir="0" index="21" bw="0" slack="2147483647"/>
<pin id="1454" dir="0" index="22" bw="1" slack="0"/>
<pin id="1455" dir="0" index="23" bw="0" slack="2147483647"/>
<pin id="1456" dir="0" index="24" bw="1" slack="0"/>
<pin id="1457" dir="0" index="25" bw="0" slack="2147483647"/>
<pin id="1458" dir="0" index="26" bw="1" slack="0"/>
<pin id="1459" dir="0" index="27" bw="0" slack="2147483647"/>
<pin id="1460" dir="0" index="28" bw="1" slack="0"/>
<pin id="1461" dir="0" index="29" bw="0" slack="2147483647"/>
<pin id="1462" dir="0" index="30" bw="1" slack="0"/>
<pin id="1463" dir="0" index="31" bw="0" slack="2147483647"/>
<pin id="1464" dir="0" index="32" bw="1" slack="0"/>
<pin id="1465" dir="0" index="33" bw="0" slack="2147483647"/>
<pin id="1466" dir="0" index="34" bw="1" slack="0"/>
<pin id="1467" dir="0" index="35" bw="0" slack="2147483647"/>
<pin id="1468" dir="0" index="36" bw="1" slack="0"/>
<pin id="1469" dir="0" index="37" bw="0" slack="2147483647"/>
<pin id="1470" dir="0" index="38" bw="1" slack="0"/>
<pin id="1471" dir="0" index="39" bw="0" slack="2147483647"/>
<pin id="1472" dir="0" index="40" bw="1" slack="0"/>
<pin id="1473" dir="0" index="41" bw="0" slack="2147483647"/>
<pin id="1474" dir="0" index="42" bw="1" slack="0"/>
<pin id="1475" dir="0" index="43" bw="0" slack="2147483647"/>
<pin id="1476" dir="0" index="44" bw="1" slack="0"/>
<pin id="1477" dir="0" index="45" bw="0" slack="2147483647"/>
<pin id="1478" dir="0" index="46" bw="1" slack="0"/>
<pin id="1479" dir="0" index="47" bw="0" slack="2147483647"/>
<pin id="1480" dir="0" index="48" bw="1" slack="0"/>
<pin id="1481" dir="0" index="49" bw="0" slack="2147483647"/>
<pin id="1482" dir="0" index="50" bw="1" slack="0"/>
<pin id="1483" dir="0" index="51" bw="0" slack="2147483647"/>
<pin id="1484" dir="0" index="52" bw="1" slack="0"/>
<pin id="1485" dir="0" index="53" bw="0" slack="2147483647"/>
<pin id="1486" dir="0" index="54" bw="1" slack="0"/>
<pin id="1487" dir="0" index="55" bw="0" slack="2147483647"/>
<pin id="1488" dir="0" index="56" bw="1" slack="0"/>
<pin id="1489" dir="0" index="57" bw="0" slack="2147483647"/>
<pin id="1490" dir="0" index="58" bw="1" slack="0"/>
<pin id="1491" dir="0" index="59" bw="0" slack="2147483647"/>
<pin id="1492" dir="0" index="60" bw="1" slack="0"/>
<pin id="1493" dir="0" index="61" bw="0" slack="2147483647"/>
<pin id="1494" dir="0" index="62" bw="1" slack="0"/>
<pin id="1495" dir="0" index="63" bw="0" slack="2147483647"/>
<pin id="1496" dir="0" index="64" bw="1" slack="0"/>
<pin id="1497" dir="0" index="65" bw="0" slack="2147483647"/>
<pin id="1498" dir="0" index="66" bw="1" slack="0"/>
<pin id="1499" dir="0" index="67" bw="0" slack="2147483647"/>
<pin id="1500" dir="0" index="68" bw="1" slack="0"/>
<pin id="1501" dir="0" index="69" bw="0" slack="2147483647"/>
<pin id="1502" dir="0" index="70" bw="1" slack="0"/>
<pin id="1503" dir="0" index="71" bw="0" slack="2147483647"/>
<pin id="1504" dir="0" index="72" bw="1" slack="0"/>
<pin id="1505" dir="0" index="73" bw="0" slack="2147483647"/>
<pin id="1506" dir="0" index="74" bw="1" slack="0"/>
<pin id="1507" dir="0" index="75" bw="0" slack="2147483647"/>
<pin id="1508" dir="0" index="76" bw="1" slack="0"/>
<pin id="1509" dir="0" index="77" bw="0" slack="2147483647"/>
<pin id="1510" dir="0" index="78" bw="1" slack="0"/>
<pin id="1511" dir="0" index="79" bw="0" slack="2147483647"/>
<pin id="1512" dir="0" index="80" bw="1" slack="0"/>
<pin id="1513" dir="0" index="81" bw="0" slack="2147483647"/>
<pin id="1514" dir="0" index="82" bw="1" slack="0"/>
<pin id="1515" dir="0" index="83" bw="0" slack="2147483647"/>
<pin id="1516" dir="0" index="84" bw="1" slack="0"/>
<pin id="1517" dir="0" index="85" bw="0" slack="2147483647"/>
<pin id="1518" dir="0" index="86" bw="1" slack="0"/>
<pin id="1519" dir="0" index="87" bw="0" slack="2147483647"/>
<pin id="1520" dir="0" index="88" bw="1" slack="0"/>
<pin id="1521" dir="0" index="89" bw="0" slack="2147483647"/>
<pin id="1522" dir="0" index="90" bw="1" slack="0"/>
<pin id="1523" dir="0" index="91" bw="0" slack="2147483647"/>
<pin id="1524" dir="0" index="92" bw="1" slack="0"/>
<pin id="1525" dir="0" index="93" bw="0" slack="2147483647"/>
<pin id="1526" dir="0" index="94" bw="1" slack="0"/>
<pin id="1527" dir="0" index="95" bw="0" slack="2147483647"/>
<pin id="1528" dir="0" index="96" bw="1" slack="0"/>
<pin id="1529" dir="0" index="97" bw="0" slack="2147483647"/>
<pin id="1530" dir="0" index="98" bw="1" slack="0"/>
<pin id="1531" dir="0" index="99" bw="0" slack="2147483647"/>
<pin id="1532" dir="0" index="100" bw="1" slack="0"/>
<pin id="1533" dir="0" index="101" bw="0" slack="2147483647"/>
<pin id="1534" dir="0" index="102" bw="1" slack="0"/>
<pin id="1535" dir="0" index="103" bw="0" slack="2147483647"/>
<pin id="1536" dir="1" index="104" bw="1" slack="0"/>
</pin_list>
<bind>
<opcode="phi(47) " fcode="phi"/>
<opset="p_11_81178_ph/1 "/>
</bind>
</comp>

<comp id="1589" class="1005" name="p_11_71277_ph_reg_1589">
<pin_list>
<pin id="1590" dir="0" index="0" bw="1" slack="2147483647"/>
<pin id="1591" dir="1" index="1" bw="1" slack="2147483647"/>
</pin_list>
<bind>
<opset="p_11_71277_ph (phireg) "/>
</bind>
</comp>

<comp id="1592" class="1004" name="p_11_71277_ph_phi_fu_1592">
<pin_list>
<pin id="1593" dir="0" index="0" bw="1" slack="0"/>
<pin id="1594" dir="0" index="1" bw="0" slack="2147483647"/>
<pin id="1595" dir="0" index="2" bw="1" slack="0"/>
<pin id="1596" dir="0" index="3" bw="0" slack="2147483647"/>
<pin id="1597" dir="0" index="4" bw="1" slack="0"/>
<pin id="1598" dir="0" index="5" bw="0" slack="2147483647"/>
<pin id="1599" dir="0" index="6" bw="1" slack="0"/>
<pin id="1600" dir="0" index="7" bw="0" slack="2147483647"/>
<pin id="1601" dir="0" index="8" bw="1" slack="0"/>
<pin id="1602" dir="0" index="9" bw="0" slack="2147483647"/>
<pin id="1603" dir="0" index="10" bw="1" slack="0"/>
<pin id="1604" dir="0" index="11" bw="0" slack="2147483647"/>
<pin id="1605" dir="0" index="12" bw="1" slack="0"/>
<pin id="1606" dir="0" index="13" bw="0" slack="2147483647"/>
<pin id="1607" dir="0" index="14" bw="1" slack="0"/>
<pin id="1608" dir="0" index="15" bw="0" slack="2147483647"/>
<pin id="1609" dir="0" index="16" bw="1" slack="0"/>
<pin id="1610" dir="0" index="17" bw="0" slack="2147483647"/>
<pin id="1611" dir="0" index="18" bw="1" slack="0"/>
<pin id="1612" dir="0" index="19" bw="0" slack="2147483647"/>
<pin id="1613" dir="0" index="20" bw="1" slack="0"/>
<pin id="1614" dir="0" index="21" bw="0" slack="2147483647"/>
<pin id="1615" dir="0" index="22" bw="1" slack="0"/>
<pin id="1616" dir="0" index="23" bw="0" slack="2147483647"/>
<pin id="1617" dir="0" index="24" bw="1" slack="0"/>
<pin id="1618" dir="0" index="25" bw="0" slack="2147483647"/>
<pin id="1619" dir="0" index="26" bw="1" slack="0"/>
<pin id="1620" dir="0" index="27" bw="0" slack="2147483647"/>
<pin id="1621" dir="0" index="28" bw="1" slack="0"/>
<pin id="1622" dir="0" index="29" bw="0" slack="2147483647"/>
<pin id="1623" dir="0" index="30" bw="1" slack="0"/>
<pin id="1624" dir="0" index="31" bw="0" slack="2147483647"/>
<pin id="1625" dir="0" index="32" bw="1" slack="0"/>
<pin id="1626" dir="0" index="33" bw="0" slack="2147483647"/>
<pin id="1627" dir="0" index="34" bw="1" slack="0"/>
<pin id="1628" dir="0" index="35" bw="0" slack="2147483647"/>
<pin id="1629" dir="0" index="36" bw="1" slack="0"/>
<pin id="1630" dir="0" index="37" bw="0" slack="2147483647"/>
<pin id="1631" dir="0" index="38" bw="1" slack="0"/>
<pin id="1632" dir="0" index="39" bw="0" slack="2147483647"/>
<pin id="1633" dir="0" index="40" bw="1" slack="0"/>
<pin id="1634" dir="0" index="41" bw="0" slack="2147483647"/>
<pin id="1635" dir="0" index="42" bw="1" slack="0"/>
<pin id="1636" dir="0" index="43" bw="0" slack="2147483647"/>
<pin id="1637" dir="0" index="44" bw="1" slack="0"/>
<pin id="1638" dir="0" index="45" bw="0" slack="2147483647"/>
<pin id="1639" dir="0" index="46" bw="1" slack="0"/>
<pin id="1640" dir="0" index="47" bw="0" slack="2147483647"/>
<pin id="1641" dir="0" index="48" bw="1" slack="0"/>
<pin id="1642" dir="0" index="49" bw="0" slack="2147483647"/>
<pin id="1643" dir="0" index="50" bw="1" slack="0"/>
<pin id="1644" dir="0" index="51" bw="0" slack="2147483647"/>
<pin id="1645" dir="0" index="52" bw="1" slack="0"/>
<pin id="1646" dir="0" index="53" bw="0" slack="2147483647"/>
<pin id="1647" dir="0" index="54" bw="1" slack="0"/>
<pin id="1648" dir="0" index="55" bw="0" slack="2147483647"/>
<pin id="1649" dir="0" index="56" bw="1" slack="0"/>
<pin id="1650" dir="0" index="57" bw="0" slack="2147483647"/>
<pin id="1651" dir="0" index="58" bw="1" slack="0"/>
<pin id="1652" dir="0" index="59" bw="0" slack="2147483647"/>
<pin id="1653" dir="0" index="60" bw="1" slack="0"/>
<pin id="1654" dir="0" index="61" bw="0" slack="2147483647"/>
<pin id="1655" dir="0" index="62" bw="1" slack="0"/>
<pin id="1656" dir="0" index="63" bw="0" slack="2147483647"/>
<pin id="1657" dir="0" index="64" bw="1" slack="0"/>
<pin id="1658" dir="0" index="65" bw="0" slack="2147483647"/>
<pin id="1659" dir="0" index="66" bw="1" slack="0"/>
<pin id="1660" dir="0" index="67" bw="0" slack="2147483647"/>
<pin id="1661" dir="0" index="68" bw="1" slack="0"/>
<pin id="1662" dir="0" index="69" bw="0" slack="2147483647"/>
<pin id="1663" dir="0" index="70" bw="1" slack="0"/>
<pin id="1664" dir="0" index="71" bw="0" slack="2147483647"/>
<pin id="1665" dir="0" index="72" bw="1" slack="0"/>
<pin id="1666" dir="0" index="73" bw="0" slack="2147483647"/>
<pin id="1667" dir="0" index="74" bw="1" slack="0"/>
<pin id="1668" dir="0" index="75" bw="0" slack="2147483647"/>
<pin id="1669" dir="0" index="76" bw="1" slack="0"/>
<pin id="1670" dir="0" index="77" bw="0" slack="2147483647"/>
<pin id="1671" dir="0" index="78" bw="1" slack="0"/>
<pin id="1672" dir="0" index="79" bw="0" slack="2147483647"/>
<pin id="1673" dir="0" index="80" bw="1" slack="0"/>
<pin id="1674" dir="0" index="81" bw="0" slack="2147483647"/>
<pin id="1675" dir="0" index="82" bw="1" slack="0"/>
<pin id="1676" dir="0" index="83" bw="0" slack="2147483647"/>
<pin id="1677" dir="0" index="84" bw="1" slack="0"/>
<pin id="1678" dir="0" index="85" bw="0" slack="2147483647"/>
<pin id="1679" dir="0" index="86" bw="1" slack="0"/>
<pin id="1680" dir="0" index="87" bw="0" slack="2147483647"/>
<pin id="1681" dir="0" index="88" bw="1" slack="0"/>
<pin id="1682" dir="0" index="89" bw="0" slack="2147483647"/>
<pin id="1683" dir="0" index="90" bw="1" slack="0"/>
<pin id="1684" dir="0" index="91" bw="0" slack="2147483647"/>
<pin id="1685" dir="0" index="92" bw="1" slack="0"/>
<pin id="1686" dir="0" index="93" bw="0" slack="2147483647"/>
<pin id="1687" dir="0" index="94" bw="1" slack="0"/>
<pin id="1688" dir="0" index="95" bw="0" slack="2147483647"/>
<pin id="1689" dir="0" index="96" bw="1" slack="0"/>
<pin id="1690" dir="0" index="97" bw="0" slack="2147483647"/>
<pin id="1691" dir="0" index="98" bw="1" slack="0"/>
<pin id="1692" dir="0" index="99" bw="0" slack="2147483647"/>
<pin id="1693" dir="0" index="100" bw="1" slack="0"/>
<pin id="1694" dir="0" index="101" bw="0" slack="2147483647"/>
<pin id="1695" dir="0" index="102" bw="1" slack="0"/>
<pin id="1696" dir="0" index="103" bw="0" slack="2147483647"/>
<pin id="1697" dir="1" index="104" bw="1" slack="0"/>
</pin_list>
<bind>
<opcode="phi(47) " fcode="phi"/>
<opset="p_11_71277_ph/1 "/>
</bind>
</comp>

<comp id="1750" class="1005" name="p_11_61376_ph_reg_1750">
<pin_list>
<pin id="1751" dir="0" index="0" bw="1" slack="2147483647"/>
<pin id="1752" dir="1" index="1" bw="1" slack="2147483647"/>
</pin_list>
<bind>
<opset="p_11_61376_ph (phireg) "/>
</bind>
</comp>

<comp id="1753" class="1004" name="p_11_61376_ph_phi_fu_1753">
<pin_list>
<pin id="1754" dir="0" index="0" bw="1" slack="0"/>
<pin id="1755" dir="0" index="1" bw="0" slack="2147483647"/>
<pin id="1756" dir="0" index="2" bw="1" slack="0"/>
<pin id="1757" dir="0" index="3" bw="0" slack="2147483647"/>
<pin id="1758" dir="0" index="4" bw="1" slack="0"/>
<pin id="1759" dir="0" index="5" bw="0" slack="2147483647"/>
<pin id="1760" dir="0" index="6" bw="1" slack="0"/>
<pin id="1761" dir="0" index="7" bw="0" slack="2147483647"/>
<pin id="1762" dir="0" index="8" bw="1" slack="0"/>
<pin id="1763" dir="0" index="9" bw="0" slack="2147483647"/>
<pin id="1764" dir="0" index="10" bw="1" slack="0"/>
<pin id="1765" dir="0" index="11" bw="0" slack="2147483647"/>
<pin id="1766" dir="0" index="12" bw="1" slack="0"/>
<pin id="1767" dir="0" index="13" bw="0" slack="2147483647"/>
<pin id="1768" dir="0" index="14" bw="1" slack="0"/>
<pin id="1769" dir="0" index="15" bw="0" slack="2147483647"/>
<pin id="1770" dir="0" index="16" bw="1" slack="0"/>
<pin id="1771" dir="0" index="17" bw="0" slack="2147483647"/>
<pin id="1772" dir="0" index="18" bw="1" slack="0"/>
<pin id="1773" dir="0" index="19" bw="0" slack="2147483647"/>
<pin id="1774" dir="0" index="20" bw="1" slack="0"/>
<pin id="1775" dir="0" index="21" bw="0" slack="2147483647"/>
<pin id="1776" dir="0" index="22" bw="1" slack="0"/>
<pin id="1777" dir="0" index="23" bw="0" slack="2147483647"/>
<pin id="1778" dir="0" index="24" bw="1" slack="0"/>
<pin id="1779" dir="0" index="25" bw="0" slack="2147483647"/>
<pin id="1780" dir="0" index="26" bw="1" slack="0"/>
<pin id="1781" dir="0" index="27" bw="0" slack="2147483647"/>
<pin id="1782" dir="0" index="28" bw="1" slack="0"/>
<pin id="1783" dir="0" index="29" bw="0" slack="2147483647"/>
<pin id="1784" dir="0" index="30" bw="1" slack="0"/>
<pin id="1785" dir="0" index="31" bw="0" slack="2147483647"/>
<pin id="1786" dir="0" index="32" bw="1" slack="0"/>
<pin id="1787" dir="0" index="33" bw="0" slack="2147483647"/>
<pin id="1788" dir="0" index="34" bw="1" slack="0"/>
<pin id="1789" dir="0" index="35" bw="0" slack="2147483647"/>
<pin id="1790" dir="0" index="36" bw="1" slack="0"/>
<pin id="1791" dir="0" index="37" bw="0" slack="2147483647"/>
<pin id="1792" dir="0" index="38" bw="1" slack="0"/>
<pin id="1793" dir="0" index="39" bw="0" slack="2147483647"/>
<pin id="1794" dir="0" index="40" bw="1" slack="0"/>
<pin id="1795" dir="0" index="41" bw="0" slack="2147483647"/>
<pin id="1796" dir="0" index="42" bw="1" slack="0"/>
<pin id="1797" dir="0" index="43" bw="0" slack="2147483647"/>
<pin id="1798" dir="0" index="44" bw="1" slack="0"/>
<pin id="1799" dir="0" index="45" bw="0" slack="2147483647"/>
<pin id="1800" dir="0" index="46" bw="1" slack="0"/>
<pin id="1801" dir="0" index="47" bw="0" slack="2147483647"/>
<pin id="1802" dir="0" index="48" bw="1" slack="0"/>
<pin id="1803" dir="0" index="49" bw="0" slack="2147483647"/>
<pin id="1804" dir="0" index="50" bw="1" slack="0"/>
<pin id="1805" dir="0" index="51" bw="0" slack="2147483647"/>
<pin id="1806" dir="0" index="52" bw="1" slack="0"/>
<pin id="1807" dir="0" index="53" bw="0" slack="2147483647"/>
<pin id="1808" dir="0" index="54" bw="1" slack="0"/>
<pin id="1809" dir="0" index="55" bw="0" slack="2147483647"/>
<pin id="1810" dir="0" index="56" bw="1" slack="0"/>
<pin id="1811" dir="0" index="57" bw="0" slack="2147483647"/>
<pin id="1812" dir="0" index="58" bw="1" slack="0"/>
<pin id="1813" dir="0" index="59" bw="0" slack="2147483647"/>
<pin id="1814" dir="0" index="60" bw="1" slack="0"/>
<pin id="1815" dir="0" index="61" bw="0" slack="2147483647"/>
<pin id="1816" dir="0" index="62" bw="1" slack="0"/>
<pin id="1817" dir="0" index="63" bw="0" slack="2147483647"/>
<pin id="1818" dir="0" index="64" bw="1" slack="0"/>
<pin id="1819" dir="0" index="65" bw="0" slack="2147483647"/>
<pin id="1820" dir="0" index="66" bw="1" slack="0"/>
<pin id="1821" dir="0" index="67" bw="0" slack="2147483647"/>
<pin id="1822" dir="0" index="68" bw="1" slack="0"/>
<pin id="1823" dir="0" index="69" bw="0" slack="2147483647"/>
<pin id="1824" dir="0" index="70" bw="1" slack="0"/>
<pin id="1825" dir="0" index="71" bw="0" slack="2147483647"/>
<pin id="1826" dir="0" index="72" bw="1" slack="0"/>
<pin id="1827" dir="0" index="73" bw="0" slack="2147483647"/>
<pin id="1828" dir="0" index="74" bw="1" slack="0"/>
<pin id="1829" dir="0" index="75" bw="0" slack="2147483647"/>
<pin id="1830" dir="0" index="76" bw="1" slack="0"/>
<pin id="1831" dir="0" index="77" bw="0" slack="2147483647"/>
<pin id="1832" dir="0" index="78" bw="1" slack="0"/>
<pin id="1833" dir="0" index="79" bw="0" slack="2147483647"/>
<pin id="1834" dir="0" index="80" bw="1" slack="0"/>
<pin id="1835" dir="0" index="81" bw="0" slack="2147483647"/>
<pin id="1836" dir="0" index="82" bw="1" slack="0"/>
<pin id="1837" dir="0" index="83" bw="0" slack="2147483647"/>
<pin id="1838" dir="0" index="84" bw="1" slack="0"/>
<pin id="1839" dir="0" index="85" bw="0" slack="2147483647"/>
<pin id="1840" dir="0" index="86" bw="1" slack="0"/>
<pin id="1841" dir="0" index="87" bw="0" slack="2147483647"/>
<pin id="1842" dir="0" index="88" bw="1" slack="0"/>
<pin id="1843" dir="0" index="89" bw="0" slack="2147483647"/>
<pin id="1844" dir="0" index="90" bw="1" slack="0"/>
<pin id="1845" dir="0" index="91" bw="0" slack="2147483647"/>
<pin id="1846" dir="0" index="92" bw="1" slack="0"/>
<pin id="1847" dir="0" index="93" bw="0" slack="2147483647"/>
<pin id="1848" dir="0" index="94" bw="1" slack="0"/>
<pin id="1849" dir="0" index="95" bw="0" slack="2147483647"/>
<pin id="1850" dir="0" index="96" bw="1" slack="0"/>
<pin id="1851" dir="0" index="97" bw="0" slack="2147483647"/>
<pin id="1852" dir="0" index="98" bw="1" slack="0"/>
<pin id="1853" dir="0" index="99" bw="0" slack="2147483647"/>
<pin id="1854" dir="0" index="100" bw="1" slack="0"/>
<pin id="1855" dir="0" index="101" bw="0" slack="2147483647"/>
<pin id="1856" dir="0" index="102" bw="1" slack="0"/>
<pin id="1857" dir="0" index="103" bw="0" slack="2147483647"/>
<pin id="1858" dir="1" index="104" bw="1" slack="0"/>
</pin_list>
<bind>
<opcode="phi(47) " fcode="phi"/>
<opset="p_11_61376_ph/1 "/>
</bind>
</comp>

<comp id="1911" class="1005" name="p_19_71475_ph_reg_1911">
<pin_list>
<pin id="1912" dir="0" index="0" bw="1" slack="2147483647"/>
<pin id="1913" dir="1" index="1" bw="1" slack="2147483647"/>
</pin_list>
<bind>
<opset="p_19_71475_ph (phireg) "/>
</bind>
</comp>

<comp id="1914" class="1004" name="p_19_71475_ph_phi_fu_1914">
<pin_list>
<pin id="1915" dir="0" index="0" bw="1" slack="0"/>
<pin id="1916" dir="0" index="1" bw="0" slack="2147483647"/>
<pin id="1917" dir="0" index="2" bw="1" slack="0"/>
<pin id="1918" dir="0" index="3" bw="0" slack="2147483647"/>
<pin id="1919" dir="0" index="4" bw="1" slack="0"/>
<pin id="1920" dir="0" index="5" bw="0" slack="2147483647"/>
<pin id="1921" dir="0" index="6" bw="1" slack="0"/>
<pin id="1922" dir="0" index="7" bw="0" slack="2147483647"/>
<pin id="1923" dir="0" index="8" bw="1" slack="0"/>
<pin id="1924" dir="0" index="9" bw="0" slack="2147483647"/>
<pin id="1925" dir="0" index="10" bw="1" slack="0"/>
<pin id="1926" dir="0" index="11" bw="0" slack="2147483647"/>
<pin id="1927" dir="0" index="12" bw="1" slack="0"/>
<pin id="1928" dir="0" index="13" bw="0" slack="2147483647"/>
<pin id="1929" dir="0" index="14" bw="1" slack="0"/>
<pin id="1930" dir="0" index="15" bw="0" slack="2147483647"/>
<pin id="1931" dir="0" index="16" bw="1" slack="0"/>
<pin id="1932" dir="0" index="17" bw="0" slack="2147483647"/>
<pin id="1933" dir="0" index="18" bw="1" slack="0"/>
<pin id="1934" dir="0" index="19" bw="0" slack="2147483647"/>
<pin id="1935" dir="0" index="20" bw="1" slack="0"/>
<pin id="1936" dir="0" index="21" bw="0" slack="2147483647"/>
<pin id="1937" dir="0" index="22" bw="1" slack="0"/>
<pin id="1938" dir="0" index="23" bw="0" slack="2147483647"/>
<pin id="1939" dir="0" index="24" bw="1" slack="0"/>
<pin id="1940" dir="0" index="25" bw="0" slack="2147483647"/>
<pin id="1941" dir="0" index="26" bw="1" slack="0"/>
<pin id="1942" dir="0" index="27" bw="0" slack="2147483647"/>
<pin id="1943" dir="0" index="28" bw="1" slack="0"/>
<pin id="1944" dir="0" index="29" bw="0" slack="2147483647"/>
<pin id="1945" dir="0" index="30" bw="1" slack="0"/>
<pin id="1946" dir="0" index="31" bw="0" slack="2147483647"/>
<pin id="1947" dir="0" index="32" bw="1" slack="0"/>
<pin id="1948" dir="0" index="33" bw="0" slack="2147483647"/>
<pin id="1949" dir="0" index="34" bw="1" slack="0"/>
<pin id="1950" dir="0" index="35" bw="0" slack="2147483647"/>
<pin id="1951" dir="0" index="36" bw="1" slack="0"/>
<pin id="1952" dir="0" index="37" bw="0" slack="2147483647"/>
<pin id="1953" dir="0" index="38" bw="1" slack="0"/>
<pin id="1954" dir="0" index="39" bw="0" slack="2147483647"/>
<pin id="1955" dir="0" index="40" bw="1" slack="0"/>
<pin id="1956" dir="0" index="41" bw="0" slack="2147483647"/>
<pin id="1957" dir="0" index="42" bw="1" slack="0"/>
<pin id="1958" dir="0" index="43" bw="0" slack="2147483647"/>
<pin id="1959" dir="0" index="44" bw="1" slack="0"/>
<pin id="1960" dir="0" index="45" bw="0" slack="2147483647"/>
<pin id="1961" dir="0" index="46" bw="1" slack="0"/>
<pin id="1962" dir="0" index="47" bw="0" slack="2147483647"/>
<pin id="1963" dir="0" index="48" bw="1" slack="0"/>
<pin id="1964" dir="0" index="49" bw="0" slack="2147483647"/>
<pin id="1965" dir="0" index="50" bw="1" slack="0"/>
<pin id="1966" dir="0" index="51" bw="0" slack="2147483647"/>
<pin id="1967" dir="0" index="52" bw="1" slack="0"/>
<pin id="1968" dir="0" index="53" bw="0" slack="2147483647"/>
<pin id="1969" dir="0" index="54" bw="1" slack="0"/>
<pin id="1970" dir="0" index="55" bw="0" slack="2147483647"/>
<pin id="1971" dir="0" index="56" bw="1" slack="0"/>
<pin id="1972" dir="0" index="57" bw="0" slack="2147483647"/>
<pin id="1973" dir="0" index="58" bw="1" slack="0"/>
<pin id="1974" dir="0" index="59" bw="0" slack="2147483647"/>
<pin id="1975" dir="0" index="60" bw="1" slack="0"/>
<pin id="1976" dir="0" index="61" bw="0" slack="2147483647"/>
<pin id="1977" dir="0" index="62" bw="1" slack="0"/>
<pin id="1978" dir="0" index="63" bw="0" slack="2147483647"/>
<pin id="1979" dir="0" index="64" bw="1" slack="0"/>
<pin id="1980" dir="0" index="65" bw="0" slack="2147483647"/>
<pin id="1981" dir="0" index="66" bw="1" slack="0"/>
<pin id="1982" dir="0" index="67" bw="0" slack="2147483647"/>
<pin id="1983" dir="0" index="68" bw="1" slack="0"/>
<pin id="1984" dir="0" index="69" bw="0" slack="2147483647"/>
<pin id="1985" dir="0" index="70" bw="1" slack="0"/>
<pin id="1986" dir="0" index="71" bw="0" slack="2147483647"/>
<pin id="1987" dir="0" index="72" bw="1" slack="0"/>
<pin id="1988" dir="0" index="73" bw="0" slack="2147483647"/>
<pin id="1989" dir="0" index="74" bw="1" slack="0"/>
<pin id="1990" dir="0" index="75" bw="0" slack="2147483647"/>
<pin id="1991" dir="0" index="76" bw="1" slack="0"/>
<pin id="1992" dir="0" index="77" bw="0" slack="2147483647"/>
<pin id="1993" dir="0" index="78" bw="1" slack="0"/>
<pin id="1994" dir="0" index="79" bw="0" slack="2147483647"/>
<pin id="1995" dir="0" index="80" bw="1" slack="0"/>
<pin id="1996" dir="0" index="81" bw="0" slack="2147483647"/>
<pin id="1997" dir="0" index="82" bw="1" slack="0"/>
<pin id="1998" dir="0" index="83" bw="0" slack="2147483647"/>
<pin id="1999" dir="0" index="84" bw="1" slack="0"/>
<pin id="2000" dir="0" index="85" bw="0" slack="2147483647"/>
<pin id="2001" dir="0" index="86" bw="1" slack="0"/>
<pin id="2002" dir="0" index="87" bw="0" slack="2147483647"/>
<pin id="2003" dir="0" index="88" bw="1" slack="0"/>
<pin id="2004" dir="0" index="89" bw="0" slack="2147483647"/>
<pin id="2005" dir="0" index="90" bw="1" slack="0"/>
<pin id="2006" dir="0" index="91" bw="0" slack="2147483647"/>
<pin id="2007" dir="0" index="92" bw="1" slack="0"/>
<pin id="2008" dir="0" index="93" bw="0" slack="2147483647"/>
<pin id="2009" dir="0" index="94" bw="1" slack="0"/>
<pin id="2010" dir="0" index="95" bw="0" slack="2147483647"/>
<pin id="2011" dir="0" index="96" bw="1" slack="0"/>
<pin id="2012" dir="0" index="97" bw="0" slack="2147483647"/>
<pin id="2013" dir="0" index="98" bw="1" slack="0"/>
<pin id="2014" dir="0" index="99" bw="0" slack="2147483647"/>
<pin id="2015" dir="0" index="100" bw="1" slack="0"/>
<pin id="2016" dir="0" index="101" bw="0" slack="2147483647"/>
<pin id="2017" dir="0" index="102" bw="1" slack="0"/>
<pin id="2018" dir="0" index="103" bw="0" slack="2147483647"/>
<pin id="2019" dir="1" index="104" bw="1" slack="0"/>
</pin_list>
<bind>
<opcode="phi(47) " fcode="phi"/>
<opset="p_19_71475_ph/1 "/>
</bind>
</comp>

<comp id="2072" class="1005" name="p_19_61574_ph_reg_2072">
<pin_list>
<pin id="2073" dir="0" index="0" bw="1" slack="2147483647"/>
<pin id="2074" dir="1" index="1" bw="1" slack="2147483647"/>
</pin_list>
<bind>
<opset="p_19_61574_ph (phireg) "/>
</bind>
</comp>

<comp id="2075" class="1004" name="p_19_61574_ph_phi_fu_2075">
<pin_list>
<pin id="2076" dir="0" index="0" bw="1" slack="0"/>
<pin id="2077" dir="0" index="1" bw="0" slack="2147483647"/>
<pin id="2078" dir="0" index="2" bw="1" slack="0"/>
<pin id="2079" dir="0" index="3" bw="0" slack="2147483647"/>
<pin id="2080" dir="0" index="4" bw="1" slack="0"/>
<pin id="2081" dir="0" index="5" bw="0" slack="2147483647"/>
<pin id="2082" dir="0" index="6" bw="1" slack="0"/>
<pin id="2083" dir="0" index="7" bw="0" slack="2147483647"/>
<pin id="2084" dir="0" index="8" bw="1" slack="0"/>
<pin id="2085" dir="0" index="9" bw="0" slack="2147483647"/>
<pin id="2086" dir="0" index="10" bw="1" slack="0"/>
<pin id="2087" dir="0" index="11" bw="0" slack="2147483647"/>
<pin id="2088" dir="0" index="12" bw="1" slack="0"/>
<pin id="2089" dir="0" index="13" bw="0" slack="2147483647"/>
<pin id="2090" dir="0" index="14" bw="1" slack="0"/>
<pin id="2091" dir="0" index="15" bw="0" slack="2147483647"/>
<pin id="2092" dir="0" index="16" bw="1" slack="0"/>
<pin id="2093" dir="0" index="17" bw="0" slack="2147483647"/>
<pin id="2094" dir="0" index="18" bw="1" slack="0"/>
<pin id="2095" dir="0" index="19" bw="0" slack="2147483647"/>
<pin id="2096" dir="0" index="20" bw="1" slack="0"/>
<pin id="2097" dir="0" index="21" bw="0" slack="2147483647"/>
<pin id="2098" dir="0" index="22" bw="1" slack="0"/>
<pin id="2099" dir="0" index="23" bw="0" slack="2147483647"/>
<pin id="2100" dir="0" index="24" bw="1" slack="0"/>
<pin id="2101" dir="0" index="25" bw="0" slack="2147483647"/>
<pin id="2102" dir="0" index="26" bw="1" slack="0"/>
<pin id="2103" dir="0" index="27" bw="0" slack="2147483647"/>
<pin id="2104" dir="0" index="28" bw="1" slack="0"/>
<pin id="2105" dir="0" index="29" bw="0" slack="2147483647"/>
<pin id="2106" dir="0" index="30" bw="1" slack="0"/>
<pin id="2107" dir="0" index="31" bw="0" slack="2147483647"/>
<pin id="2108" dir="0" index="32" bw="1" slack="0"/>
<pin id="2109" dir="0" index="33" bw="0" slack="2147483647"/>
<pin id="2110" dir="0" index="34" bw="1" slack="0"/>
<pin id="2111" dir="0" index="35" bw="0" slack="2147483647"/>
<pin id="2112" dir="0" index="36" bw="1" slack="0"/>
<pin id="2113" dir="0" index="37" bw="0" slack="2147483647"/>
<pin id="2114" dir="0" index="38" bw="1" slack="0"/>
<pin id="2115" dir="0" index="39" bw="0" slack="2147483647"/>
<pin id="2116" dir="0" index="40" bw="1" slack="0"/>
<pin id="2117" dir="0" index="41" bw="0" slack="2147483647"/>
<pin id="2118" dir="0" index="42" bw="1" slack="0"/>
<pin id="2119" dir="0" index="43" bw="0" slack="2147483647"/>
<pin id="2120" dir="0" index="44" bw="1" slack="0"/>
<pin id="2121" dir="0" index="45" bw="0" slack="2147483647"/>
<pin id="2122" dir="0" index="46" bw="1" slack="0"/>
<pin id="2123" dir="0" index="47" bw="0" slack="2147483647"/>
<pin id="2124" dir="0" index="48" bw="1" slack="0"/>
<pin id="2125" dir="0" index="49" bw="0" slack="2147483647"/>
<pin id="2126" dir="0" index="50" bw="1" slack="0"/>
<pin id="2127" dir="0" index="51" bw="0" slack="2147483647"/>
<pin id="2128" dir="0" index="52" bw="1" slack="0"/>
<pin id="2129" dir="0" index="53" bw="0" slack="2147483647"/>
<pin id="2130" dir="0" index="54" bw="1" slack="0"/>
<pin id="2131" dir="0" index="55" bw="0" slack="2147483647"/>
<pin id="2132" dir="0" index="56" bw="1" slack="0"/>
<pin id="2133" dir="0" index="57" bw="0" slack="2147483647"/>
<pin id="2134" dir="0" index="58" bw="1" slack="0"/>
<pin id="2135" dir="0" index="59" bw="0" slack="2147483647"/>
<pin id="2136" dir="0" index="60" bw="1" slack="0"/>
<pin id="2137" dir="0" index="61" bw="0" slack="2147483647"/>
<pin id="2138" dir="0" index="62" bw="1" slack="0"/>
<pin id="2139" dir="0" index="63" bw="0" slack="2147483647"/>
<pin id="2140" dir="0" index="64" bw="1" slack="0"/>
<pin id="2141" dir="0" index="65" bw="0" slack="2147483647"/>
<pin id="2142" dir="0" index="66" bw="1" slack="0"/>
<pin id="2143" dir="0" index="67" bw="0" slack="2147483647"/>
<pin id="2144" dir="0" index="68" bw="1" slack="0"/>
<pin id="2145" dir="0" index="69" bw="0" slack="2147483647"/>
<pin id="2146" dir="0" index="70" bw="1" slack="0"/>
<pin id="2147" dir="0" index="71" bw="0" slack="2147483647"/>
<pin id="2148" dir="0" index="72" bw="1" slack="0"/>
<pin id="2149" dir="0" index="73" bw="0" slack="2147483647"/>
<pin id="2150" dir="0" index="74" bw="1" slack="0"/>
<pin id="2151" dir="0" index="75" bw="0" slack="2147483647"/>
<pin id="2152" dir="0" index="76" bw="1" slack="0"/>
<pin id="2153" dir="0" index="77" bw="0" slack="2147483647"/>
<pin id="2154" dir="0" index="78" bw="1" slack="0"/>
<pin id="2155" dir="0" index="79" bw="0" slack="2147483647"/>
<pin id="2156" dir="0" index="80" bw="1" slack="0"/>
<pin id="2157" dir="0" index="81" bw="0" slack="2147483647"/>
<pin id="2158" dir="0" index="82" bw="1" slack="0"/>
<pin id="2159" dir="0" index="83" bw="0" slack="2147483647"/>
<pin id="2160" dir="0" index="84" bw="1" slack="0"/>
<pin id="2161" dir="0" index="85" bw="0" slack="2147483647"/>
<pin id="2162" dir="0" index="86" bw="1" slack="0"/>
<pin id="2163" dir="0" index="87" bw="0" slack="2147483647"/>
<pin id="2164" dir="0" index="88" bw="1" slack="0"/>
<pin id="2165" dir="0" index="89" bw="0" slack="2147483647"/>
<pin id="2166" dir="0" index="90" bw="1" slack="0"/>
<pin id="2167" dir="0" index="91" bw="0" slack="2147483647"/>
<pin id="2168" dir="0" index="92" bw="1" slack="0"/>
<pin id="2169" dir="0" index="93" bw="0" slack="2147483647"/>
<pin id="2170" dir="0" index="94" bw="1" slack="0"/>
<pin id="2171" dir="0" index="95" bw="0" slack="2147483647"/>
<pin id="2172" dir="0" index="96" bw="1" slack="0"/>
<pin id="2173" dir="0" index="97" bw="0" slack="2147483647"/>
<pin id="2174" dir="0" index="98" bw="1" slack="0"/>
<pin id="2175" dir="0" index="99" bw="0" slack="2147483647"/>
<pin id="2176" dir="0" index="100" bw="1" slack="0"/>
<pin id="2177" dir="0" index="101" bw="0" slack="2147483647"/>
<pin id="2178" dir="0" index="102" bw="1" slack="0"/>
<pin id="2179" dir="0" index="103" bw="0" slack="2147483647"/>
<pin id="2180" dir="1" index="104" bw="1" slack="0"/>
</pin_list>
<bind>
<opcode="phi(47) " fcode="phi"/>
<opset="p_19_61574_ph/1 "/>
</bind>
</comp>

<comp id="2233" class="1005" name="p_7_61673_ph_reg_2233">
<pin_list>
<pin id="2234" dir="0" index="0" bw="3" slack="2147483647"/>
<pin id="2235" dir="1" index="1" bw="3" slack="2147483647"/>
</pin_list>
<bind>
<opset="p_7_61673_ph (phireg) "/>
</bind>
</comp>

<comp id="2236" class="1004" name="p_7_61673_ph_phi_fu_2236">
<pin_list>
<pin id="2237" dir="0" index="0" bw="1" slack="0"/>
<pin id="2238" dir="0" index="1" bw="0" slack="2147483647"/>
<pin id="2239" dir="0" index="2" bw="1" slack="0"/>
<pin id="2240" dir="0" index="3" bw="0" slack="2147483647"/>
<pin id="2241" dir="0" index="4" bw="1" slack="0"/>
<pin id="2242" dir="0" index="5" bw="0" slack="2147483647"/>
<pin id="2243" dir="0" index="6" bw="1" slack="0"/>
<pin id="2244" dir="0" index="7" bw="0" slack="2147483647"/>
<pin id="2245" dir="0" index="8" bw="1" slack="0"/>
<pin id="2246" dir="0" index="9" bw="0" slack="2147483647"/>
<pin id="2247" dir="0" index="10" bw="1" slack="0"/>
<pin id="2248" dir="0" index="11" bw="0" slack="2147483647"/>
<pin id="2249" dir="0" index="12" bw="1" slack="0"/>
<pin id="2250" dir="0" index="13" bw="0" slack="2147483647"/>
<pin id="2251" dir="0" index="14" bw="1" slack="0"/>
<pin id="2252" dir="0" index="15" bw="0" slack="2147483647"/>
<pin id="2253" dir="0" index="16" bw="1" slack="0"/>
<pin id="2254" dir="0" index="17" bw="0" slack="2147483647"/>
<pin id="2255" dir="0" index="18" bw="1" slack="0"/>
<pin id="2256" dir="0" index="19" bw="0" slack="2147483647"/>
<pin id="2257" dir="0" index="20" bw="1" slack="0"/>
<pin id="2258" dir="0" index="21" bw="0" slack="2147483647"/>
<pin id="2259" dir="0" index="22" bw="1" slack="0"/>
<pin id="2260" dir="0" index="23" bw="0" slack="2147483647"/>
<pin id="2261" dir="0" index="24" bw="1" slack="0"/>
<pin id="2262" dir="0" index="25" bw="0" slack="2147483647"/>
<pin id="2263" dir="0" index="26" bw="1" slack="0"/>
<pin id="2264" dir="0" index="27" bw="0" slack="2147483647"/>
<pin id="2265" dir="0" index="28" bw="1" slack="0"/>
<pin id="2266" dir="0" index="29" bw="0" slack="2147483647"/>
<pin id="2267" dir="0" index="30" bw="1" slack="0"/>
<pin id="2268" dir="0" index="31" bw="0" slack="2147483647"/>
<pin id="2269" dir="0" index="32" bw="1" slack="0"/>
<pin id="2270" dir="0" index="33" bw="0" slack="2147483647"/>
<pin id="2271" dir="0" index="34" bw="1" slack="0"/>
<pin id="2272" dir="0" index="35" bw="0" slack="2147483647"/>
<pin id="2273" dir="0" index="36" bw="1" slack="0"/>
<pin id="2274" dir="0" index="37" bw="0" slack="2147483647"/>
<pin id="2275" dir="0" index="38" bw="1" slack="0"/>
<pin id="2276" dir="0" index="39" bw="0" slack="2147483647"/>
<pin id="2277" dir="0" index="40" bw="1" slack="0"/>
<pin id="2278" dir="0" index="41" bw="0" slack="2147483647"/>
<pin id="2279" dir="0" index="42" bw="1" slack="0"/>
<pin id="2280" dir="0" index="43" bw="0" slack="2147483647"/>
<pin id="2281" dir="0" index="44" bw="1" slack="0"/>
<pin id="2282" dir="0" index="45" bw="0" slack="2147483647"/>
<pin id="2283" dir="0" index="46" bw="1" slack="0"/>
<pin id="2284" dir="0" index="47" bw="0" slack="2147483647"/>
<pin id="2285" dir="0" index="48" bw="1" slack="0"/>
<pin id="2286" dir="0" index="49" bw="0" slack="2147483647"/>
<pin id="2287" dir="0" index="50" bw="1" slack="0"/>
<pin id="2288" dir="0" index="51" bw="0" slack="2147483647"/>
<pin id="2289" dir="0" index="52" bw="1" slack="0"/>
<pin id="2290" dir="0" index="53" bw="0" slack="2147483647"/>
<pin id="2291" dir="0" index="54" bw="1" slack="0"/>
<pin id="2292" dir="0" index="55" bw="0" slack="2147483647"/>
<pin id="2293" dir="0" index="56" bw="1" slack="0"/>
<pin id="2294" dir="0" index="57" bw="0" slack="2147483647"/>
<pin id="2295" dir="0" index="58" bw="1" slack="0"/>
<pin id="2296" dir="0" index="59" bw="0" slack="2147483647"/>
<pin id="2297" dir="0" index="60" bw="1" slack="0"/>
<pin id="2298" dir="0" index="61" bw="0" slack="2147483647"/>
<pin id="2299" dir="0" index="62" bw="1" slack="0"/>
<pin id="2300" dir="0" index="63" bw="0" slack="2147483647"/>
<pin id="2301" dir="0" index="64" bw="1" slack="0"/>
<pin id="2302" dir="0" index="65" bw="0" slack="2147483647"/>
<pin id="2303" dir="0" index="66" bw="1" slack="0"/>
<pin id="2304" dir="0" index="67" bw="0" slack="2147483647"/>
<pin id="2305" dir="0" index="68" bw="1" slack="0"/>
<pin id="2306" dir="0" index="69" bw="0" slack="2147483647"/>
<pin id="2307" dir="0" index="70" bw="1" slack="0"/>
<pin id="2308" dir="0" index="71" bw="0" slack="2147483647"/>
<pin id="2309" dir="0" index="72" bw="3" slack="0"/>
<pin id="2310" dir="0" index="73" bw="0" slack="2147483647"/>
<pin id="2311" dir="0" index="74" bw="3" slack="0"/>
<pin id="2312" dir="0" index="75" bw="0" slack="2147483647"/>
<pin id="2313" dir="0" index="76" bw="3" slack="0"/>
<pin id="2314" dir="0" index="77" bw="0" slack="2147483647"/>
<pin id="2315" dir="0" index="78" bw="3" slack="0"/>
<pin id="2316" dir="0" index="79" bw="0" slack="2147483647"/>
<pin id="2317" dir="0" index="80" bw="3" slack="0"/>
<pin id="2318" dir="0" index="81" bw="0" slack="2147483647"/>
<pin id="2319" dir="0" index="82" bw="1" slack="0"/>
<pin id="2320" dir="0" index="83" bw="0" slack="2147483647"/>
<pin id="2321" dir="0" index="84" bw="1" slack="0"/>
<pin id="2322" dir="0" index="85" bw="0" slack="2147483647"/>
<pin id="2323" dir="0" index="86" bw="1" slack="0"/>
<pin id="2324" dir="0" index="87" bw="0" slack="2147483647"/>
<pin id="2325" dir="0" index="88" bw="1" slack="0"/>
<pin id="2326" dir="0" index="89" bw="0" slack="2147483647"/>
<pin id="2327" dir="0" index="90" bw="1" slack="0"/>
<pin id="2328" dir="0" index="91" bw="0" slack="2147483647"/>
<pin id="2329" dir="0" index="92" bw="1" slack="0"/>
<pin id="2330" dir="0" index="93" bw="0" slack="2147483647"/>
<pin id="2331" dir="0" index="94" bw="1" slack="0"/>
<pin id="2332" dir="0" index="95" bw="0" slack="2147483647"/>
<pin id="2333" dir="0" index="96" bw="1" slack="0"/>
<pin id="2334" dir="0" index="97" bw="0" slack="2147483647"/>
<pin id="2335" dir="0" index="98" bw="1" slack="0"/>
<pin id="2336" dir="0" index="99" bw="0" slack="2147483647"/>
<pin id="2337" dir="0" index="100" bw="1" slack="0"/>
<pin id="2338" dir="0" index="101" bw="0" slack="2147483647"/>
<pin id="2339" dir="0" index="102" bw="3" slack="0"/>
<pin id="2340" dir="0" index="103" bw="0" slack="2147483647"/>
<pin id="2341" dir="1" index="104" bw="3" slack="0"/>
</pin_list>
<bind>
<opcode="phi(47) " fcode="phi"/>
<opset="p_7_61673_ph/1 "/>
</bind>
</comp>

<comp id="2394" class="1005" name="p_7_51772_ph_reg_2394">
<pin_list>
<pin id="2395" dir="0" index="0" bw="1" slack="2147483647"/>
<pin id="2396" dir="1" index="1" bw="1" slack="2147483647"/>
</pin_list>
<bind>
<opset="p_7_51772_ph (phireg) "/>
</bind>
</comp>

<comp id="2397" class="1004" name="p_7_51772_ph_phi_fu_2397">
<pin_list>
<pin id="2398" dir="0" index="0" bw="1" slack="0"/>
<pin id="2399" dir="0" index="1" bw="0" slack="2147483647"/>
<pin id="2400" dir="0" index="2" bw="1" slack="0"/>
<pin id="2401" dir="0" index="3" bw="0" slack="2147483647"/>
<pin id="2402" dir="0" index="4" bw="1" slack="0"/>
<pin id="2403" dir="0" index="5" bw="0" slack="2147483647"/>
<pin id="2404" dir="0" index="6" bw="1" slack="0"/>
<pin id="2405" dir="0" index="7" bw="0" slack="2147483647"/>
<pin id="2406" dir="0" index="8" bw="1" slack="0"/>
<pin id="2407" dir="0" index="9" bw="0" slack="2147483647"/>
<pin id="2408" dir="0" index="10" bw="1" slack="0"/>
<pin id="2409" dir="0" index="11" bw="0" slack="2147483647"/>
<pin id="2410" dir="0" index="12" bw="1" slack="0"/>
<pin id="2411" dir="0" index="13" bw="0" slack="2147483647"/>
<pin id="2412" dir="0" index="14" bw="1" slack="0"/>
<pin id="2413" dir="0" index="15" bw="0" slack="2147483647"/>
<pin id="2414" dir="0" index="16" bw="1" slack="0"/>
<pin id="2415" dir="0" index="17" bw="0" slack="2147483647"/>
<pin id="2416" dir="0" index="18" bw="1" slack="0"/>
<pin id="2417" dir="0" index="19" bw="0" slack="2147483647"/>
<pin id="2418" dir="0" index="20" bw="1" slack="0"/>
<pin id="2419" dir="0" index="21" bw="0" slack="2147483647"/>
<pin id="2420" dir="0" index="22" bw="1" slack="0"/>
<pin id="2421" dir="0" index="23" bw="0" slack="2147483647"/>
<pin id="2422" dir="0" index="24" bw="1" slack="0"/>
<pin id="2423" dir="0" index="25" bw="0" slack="2147483647"/>
<pin id="2424" dir="0" index="26" bw="1" slack="0"/>
<pin id="2425" dir="0" index="27" bw="0" slack="2147483647"/>
<pin id="2426" dir="0" index="28" bw="1" slack="0"/>
<pin id="2427" dir="0" index="29" bw="0" slack="2147483647"/>
<pin id="2428" dir="0" index="30" bw="1" slack="0"/>
<pin id="2429" dir="0" index="31" bw="0" slack="2147483647"/>
<pin id="2430" dir="0" index="32" bw="1" slack="0"/>
<pin id="2431" dir="0" index="33" bw="0" slack="2147483647"/>
<pin id="2432" dir="0" index="34" bw="1" slack="0"/>
<pin id="2433" dir="0" index="35" bw="0" slack="2147483647"/>
<pin id="2434" dir="0" index="36" bw="1" slack="0"/>
<pin id="2435" dir="0" index="37" bw="0" slack="2147483647"/>
<pin id="2436" dir="0" index="38" bw="1" slack="0"/>
<pin id="2437" dir="0" index="39" bw="0" slack="2147483647"/>
<pin id="2438" dir="0" index="40" bw="1" slack="0"/>
<pin id="2439" dir="0" index="41" bw="0" slack="2147483647"/>
<pin id="2440" dir="0" index="42" bw="1" slack="0"/>
<pin id="2441" dir="0" index="43" bw="0" slack="2147483647"/>
<pin id="2442" dir="0" index="44" bw="1" slack="0"/>
<pin id="2443" dir="0" index="45" bw="0" slack="2147483647"/>
<pin id="2444" dir="0" index="46" bw="1" slack="0"/>
<pin id="2445" dir="0" index="47" bw="0" slack="2147483647"/>
<pin id="2446" dir="0" index="48" bw="1" slack="0"/>
<pin id="2447" dir="0" index="49" bw="0" slack="2147483647"/>
<pin id="2448" dir="0" index="50" bw="1" slack="0"/>
<pin id="2449" dir="0" index="51" bw="0" slack="2147483647"/>
<pin id="2450" dir="0" index="52" bw="1" slack="0"/>
<pin id="2451" dir="0" index="53" bw="0" slack="2147483647"/>
<pin id="2452" dir="0" index="54" bw="1" slack="0"/>
<pin id="2453" dir="0" index="55" bw="0" slack="2147483647"/>
<pin id="2454" dir="0" index="56" bw="1" slack="0"/>
<pin id="2455" dir="0" index="57" bw="0" slack="2147483647"/>
<pin id="2456" dir="0" index="58" bw="1" slack="0"/>
<pin id="2457" dir="0" index="59" bw="0" slack="2147483647"/>
<pin id="2458" dir="0" index="60" bw="1" slack="0"/>
<pin id="2459" dir="0" index="61" bw="0" slack="2147483647"/>
<pin id="2460" dir="0" index="62" bw="1" slack="0"/>
<pin id="2461" dir="0" index="63" bw="0" slack="2147483647"/>
<pin id="2462" dir="0" index="64" bw="1" slack="0"/>
<pin id="2463" dir="0" index="65" bw="0" slack="2147483647"/>
<pin id="2464" dir="0" index="66" bw="1" slack="0"/>
<pin id="2465" dir="0" index="67" bw="0" slack="2147483647"/>
<pin id="2466" dir="0" index="68" bw="1" slack="0"/>
<pin id="2467" dir="0" index="69" bw="0" slack="2147483647"/>
<pin id="2468" dir="0" index="70" bw="1" slack="0"/>
<pin id="2469" dir="0" index="71" bw="0" slack="2147483647"/>
<pin id="2470" dir="0" index="72" bw="1" slack="0"/>
<pin id="2471" dir="0" index="73" bw="0" slack="2147483647"/>
<pin id="2472" dir="0" index="74" bw="1" slack="0"/>
<pin id="2473" dir="0" index="75" bw="0" slack="2147483647"/>
<pin id="2474" dir="0" index="76" bw="1" slack="0"/>
<pin id="2475" dir="0" index="77" bw="0" slack="2147483647"/>
<pin id="2476" dir="0" index="78" bw="1" slack="0"/>
<pin id="2477" dir="0" index="79" bw="0" slack="2147483647"/>
<pin id="2478" dir="0" index="80" bw="1" slack="0"/>
<pin id="2479" dir="0" index="81" bw="0" slack="2147483647"/>
<pin id="2480" dir="0" index="82" bw="1" slack="0"/>
<pin id="2481" dir="0" index="83" bw="0" slack="2147483647"/>
<pin id="2482" dir="0" index="84" bw="1" slack="0"/>
<pin id="2483" dir="0" index="85" bw="0" slack="2147483647"/>
<pin id="2484" dir="0" index="86" bw="1" slack="0"/>
<pin id="2485" dir="0" index="87" bw="0" slack="2147483647"/>
<pin id="2486" dir="0" index="88" bw="1" slack="0"/>
<pin id="2487" dir="0" index="89" bw="0" slack="2147483647"/>
<pin id="2488" dir="0" index="90" bw="1" slack="0"/>
<pin id="2489" dir="0" index="91" bw="0" slack="2147483647"/>
<pin id="2490" dir="0" index="92" bw="1" slack="0"/>
<pin id="2491" dir="0" index="93" bw="0" slack="2147483647"/>
<pin id="2492" dir="0" index="94" bw="1" slack="0"/>
<pin id="2493" dir="0" index="95" bw="0" slack="2147483647"/>
<pin id="2494" dir="0" index="96" bw="1" slack="0"/>
<pin id="2495" dir="0" index="97" bw="0" slack="2147483647"/>
<pin id="2496" dir="0" index="98" bw="1" slack="0"/>
<pin id="2497" dir="0" index="99" bw="0" slack="2147483647"/>
<pin id="2498" dir="0" index="100" bw="1" slack="0"/>
<pin id="2499" dir="0" index="101" bw="0" slack="2147483647"/>
<pin id="2500" dir="0" index="102" bw="1" slack="0"/>
<pin id="2501" dir="0" index="103" bw="0" slack="2147483647"/>
<pin id="2502" dir="1" index="104" bw="1" slack="0"/>
</pin_list>
<bind>
<opcode="phi(47) " fcode="phi"/>
<opset="p_7_51772_ph/1 "/>
</bind>
</comp>

<comp id="2555" class="1005" name="p_7_21871_ph_reg_2555">
<pin_list>
<pin id="2556" dir="0" index="0" bw="2" slack="2147483647"/>
<pin id="2557" dir="1" index="1" bw="2" slack="2147483647"/>
</pin_list>
<bind>
<opset="p_7_21871_ph (phireg) "/>
</bind>
</comp>

<comp id="2558" class="1004" name="p_7_21871_ph_phi_fu_2558">
<pin_list>
<pin id="2559" dir="0" index="0" bw="2" slack="0"/>
<pin id="2560" dir="0" index="1" bw="0" slack="2147483647"/>
<pin id="2561" dir="0" index="2" bw="2" slack="0"/>
<pin id="2562" dir="0" index="3" bw="0" slack="2147483647"/>
<pin id="2563" dir="0" index="4" bw="1" slack="0"/>
<pin id="2564" dir="0" index="5" bw="0" slack="2147483647"/>
<pin id="2565" dir="0" index="6" bw="1" slack="0"/>
<pin id="2566" dir="0" index="7" bw="0" slack="2147483647"/>
<pin id="2567" dir="0" index="8" bw="1" slack="0"/>
<pin id="2568" dir="0" index="9" bw="0" slack="2147483647"/>
<pin id="2569" dir="0" index="10" bw="1" slack="0"/>
<pin id="2570" dir="0" index="11" bw="0" slack="2147483647"/>
<pin id="2571" dir="0" index="12" bw="1" slack="0"/>
<pin id="2572" dir="0" index="13" bw="0" slack="2147483647"/>
<pin id="2573" dir="0" index="14" bw="1" slack="0"/>
<pin id="2574" dir="0" index="15" bw="0" slack="2147483647"/>
<pin id="2575" dir="0" index="16" bw="1" slack="0"/>
<pin id="2576" dir="0" index="17" bw="0" slack="2147483647"/>
<pin id="2577" dir="0" index="18" bw="1" slack="0"/>
<pin id="2578" dir="0" index="19" bw="0" slack="2147483647"/>
<pin id="2579" dir="0" index="20" bw="1" slack="0"/>
<pin id="2580" dir="0" index="21" bw="0" slack="2147483647"/>
<pin id="2581" dir="0" index="22" bw="1" slack="0"/>
<pin id="2582" dir="0" index="23" bw="0" slack="2147483647"/>
<pin id="2583" dir="0" index="24" bw="1" slack="0"/>
<pin id="2584" dir="0" index="25" bw="0" slack="2147483647"/>
<pin id="2585" dir="0" index="26" bw="1" slack="0"/>
<pin id="2586" dir="0" index="27" bw="0" slack="2147483647"/>
<pin id="2587" dir="0" index="28" bw="1" slack="0"/>
<pin id="2588" dir="0" index="29" bw="0" slack="2147483647"/>
<pin id="2589" dir="0" index="30" bw="1" slack="0"/>
<pin id="2590" dir="0" index="31" bw="0" slack="2147483647"/>
<pin id="2591" dir="0" index="32" bw="1" slack="0"/>
<pin id="2592" dir="0" index="33" bw="0" slack="2147483647"/>
<pin id="2593" dir="0" index="34" bw="1" slack="0"/>
<pin id="2594" dir="0" index="35" bw="0" slack="2147483647"/>
<pin id="2595" dir="0" index="36" bw="1" slack="0"/>
<pin id="2596" dir="0" index="37" bw="0" slack="2147483647"/>
<pin id="2597" dir="0" index="38" bw="1" slack="0"/>
<pin id="2598" dir="0" index="39" bw="0" slack="2147483647"/>
<pin id="2599" dir="0" index="40" bw="1" slack="0"/>
<pin id="2600" dir="0" index="41" bw="0" slack="2147483647"/>
<pin id="2601" dir="0" index="42" bw="1" slack="0"/>
<pin id="2602" dir="0" index="43" bw="0" slack="2147483647"/>
<pin id="2603" dir="0" index="44" bw="1" slack="0"/>
<pin id="2604" dir="0" index="45" bw="0" slack="2147483647"/>
<pin id="2605" dir="0" index="46" bw="1" slack="0"/>
<pin id="2606" dir="0" index="47" bw="0" slack="2147483647"/>
<pin id="2607" dir="0" index="48" bw="1" slack="0"/>
<pin id="2608" dir="0" index="49" bw="0" slack="2147483647"/>
<pin id="2609" dir="0" index="50" bw="1" slack="0"/>
<pin id="2610" dir="0" index="51" bw="0" slack="2147483647"/>
<pin id="2611" dir="0" index="52" bw="1" slack="0"/>
<pin id="2612" dir="0" index="53" bw="0" slack="2147483647"/>
<pin id="2613" dir="0" index="54" bw="1" slack="0"/>
<pin id="2614" dir="0" index="55" bw="0" slack="2147483647"/>
<pin id="2615" dir="0" index="56" bw="1" slack="0"/>
<pin id="2616" dir="0" index="57" bw="0" slack="2147483647"/>
<pin id="2617" dir="0" index="58" bw="1" slack="0"/>
<pin id="2618" dir="0" index="59" bw="0" slack="2147483647"/>
<pin id="2619" dir="0" index="60" bw="1" slack="0"/>
<pin id="2620" dir="0" index="61" bw="0" slack="2147483647"/>
<pin id="2621" dir="0" index="62" bw="1" slack="0"/>
<pin id="2622" dir="0" index="63" bw="0" slack="2147483647"/>
<pin id="2623" dir="0" index="64" bw="1" slack="0"/>
<pin id="2624" dir="0" index="65" bw="0" slack="2147483647"/>
<pin id="2625" dir="0" index="66" bw="1" slack="0"/>
<pin id="2626" dir="0" index="67" bw="0" slack="2147483647"/>
<pin id="2627" dir="0" index="68" bw="1" slack="0"/>
<pin id="2628" dir="0" index="69" bw="0" slack="2147483647"/>
<pin id="2629" dir="0" index="70" bw="1" slack="0"/>
<pin id="2630" dir="0" index="71" bw="0" slack="2147483647"/>
<pin id="2631" dir="0" index="72" bw="1" slack="0"/>
<pin id="2632" dir="0" index="73" bw="0" slack="2147483647"/>
<pin id="2633" dir="0" index="74" bw="1" slack="0"/>
<pin id="2634" dir="0" index="75" bw="0" slack="2147483647"/>
<pin id="2635" dir="0" index="76" bw="1" slack="0"/>
<pin id="2636" dir="0" index="77" bw="0" slack="2147483647"/>
<pin id="2637" dir="0" index="78" bw="1" slack="0"/>
<pin id="2638" dir="0" index="79" bw="0" slack="2147483647"/>
<pin id="2639" dir="0" index="80" bw="1" slack="0"/>
<pin id="2640" dir="0" index="81" bw="0" slack="2147483647"/>
<pin id="2641" dir="0" index="82" bw="1" slack="0"/>
<pin id="2642" dir="0" index="83" bw="0" slack="2147483647"/>
<pin id="2643" dir="0" index="84" bw="1" slack="0"/>
<pin id="2644" dir="0" index="85" bw="0" slack="2147483647"/>
<pin id="2645" dir="0" index="86" bw="1" slack="0"/>
<pin id="2646" dir="0" index="87" bw="0" slack="2147483647"/>
<pin id="2647" dir="0" index="88" bw="1" slack="0"/>
<pin id="2648" dir="0" index="89" bw="0" slack="2147483647"/>
<pin id="2649" dir="0" index="90" bw="1" slack="0"/>
<pin id="2650" dir="0" index="91" bw="0" slack="2147483647"/>
<pin id="2651" dir="0" index="92" bw="1" slack="0"/>
<pin id="2652" dir="0" index="93" bw="0" slack="2147483647"/>
<pin id="2653" dir="0" index="94" bw="1" slack="0"/>
<pin id="2654" dir="0" index="95" bw="0" slack="2147483647"/>
<pin id="2655" dir="0" index="96" bw="1" slack="0"/>
<pin id="2656" dir="0" index="97" bw="0" slack="2147483647"/>
<pin id="2657" dir="0" index="98" bw="1" slack="0"/>
<pin id="2658" dir="0" index="99" bw="0" slack="2147483647"/>
<pin id="2659" dir="0" index="100" bw="1" slack="0"/>
<pin id="2660" dir="0" index="101" bw="0" slack="2147483647"/>
<pin id="2661" dir="0" index="102" bw="1" slack="0"/>
<pin id="2662" dir="0" index="103" bw="0" slack="2147483647"/>
<pin id="2663" dir="1" index="104" bw="2" slack="0"/>
</pin_list>
<bind>
<opcode="phi(47) " fcode="phi"/>
<opset="p_7_21871_ph/1 "/>
</bind>
</comp>

<comp id="2716" class="1005" name="p_7_11970_ph_reg_2716">
<pin_list>
<pin id="2717" dir="0" index="0" bw="2" slack="2147483647"/>
<pin id="2718" dir="1" index="1" bw="2" slack="2147483647"/>
</pin_list>
<bind>
<opset="p_7_11970_ph (phireg) "/>
</bind>
</comp>

<comp id="2719" class="1004" name="p_7_11970_ph_phi_fu_2719">
<pin_list>
<pin id="2720" dir="0" index="0" bw="1" slack="0"/>
<pin id="2721" dir="0" index="1" bw="0" slack="2147483647"/>
<pin id="2722" dir="0" index="2" bw="2" slack="0"/>
<pin id="2723" dir="0" index="3" bw="0" slack="2147483647"/>
<pin id="2724" dir="0" index="4" bw="2" slack="0"/>
<pin id="2725" dir="0" index="5" bw="0" slack="2147483647"/>
<pin id="2726" dir="0" index="6" bw="1" slack="0"/>
<pin id="2727" dir="0" index="7" bw="0" slack="2147483647"/>
<pin id="2728" dir="0" index="8" bw="1" slack="0"/>
<pin id="2729" dir="0" index="9" bw="0" slack="2147483647"/>
<pin id="2730" dir="0" index="10" bw="1" slack="0"/>
<pin id="2731" dir="0" index="11" bw="0" slack="2147483647"/>
<pin id="2732" dir="0" index="12" bw="1" slack="0"/>
<pin id="2733" dir="0" index="13" bw="0" slack="2147483647"/>
<pin id="2734" dir="0" index="14" bw="1" slack="0"/>
<pin id="2735" dir="0" index="15" bw="0" slack="2147483647"/>
<pin id="2736" dir="0" index="16" bw="1" slack="0"/>
<pin id="2737" dir="0" index="17" bw="0" slack="2147483647"/>
<pin id="2738" dir="0" index="18" bw="1" slack="0"/>
<pin id="2739" dir="0" index="19" bw="0" slack="2147483647"/>
<pin id="2740" dir="0" index="20" bw="1" slack="0"/>
<pin id="2741" dir="0" index="21" bw="0" slack="2147483647"/>
<pin id="2742" dir="0" index="22" bw="1" slack="0"/>
<pin id="2743" dir="0" index="23" bw="0" slack="2147483647"/>
<pin id="2744" dir="0" index="24" bw="1" slack="0"/>
<pin id="2745" dir="0" index="25" bw="0" slack="2147483647"/>
<pin id="2746" dir="0" index="26" bw="1" slack="0"/>
<pin id="2747" dir="0" index="27" bw="0" slack="2147483647"/>
<pin id="2748" dir="0" index="28" bw="1" slack="0"/>
<pin id="2749" dir="0" index="29" bw="0" slack="2147483647"/>
<pin id="2750" dir="0" index="30" bw="1" slack="0"/>
<pin id="2751" dir="0" index="31" bw="0" slack="2147483647"/>
<pin id="2752" dir="0" index="32" bw="1" slack="0"/>
<pin id="2753" dir="0" index="33" bw="0" slack="2147483647"/>
<pin id="2754" dir="0" index="34" bw="1" slack="0"/>
<pin id="2755" dir="0" index="35" bw="0" slack="2147483647"/>
<pin id="2756" dir="0" index="36" bw="1" slack="0"/>
<pin id="2757" dir="0" index="37" bw="0" slack="2147483647"/>
<pin id="2758" dir="0" index="38" bw="1" slack="0"/>
<pin id="2759" dir="0" index="39" bw="0" slack="2147483647"/>
<pin id="2760" dir="0" index="40" bw="1" slack="0"/>
<pin id="2761" dir="0" index="41" bw="0" slack="2147483647"/>
<pin id="2762" dir="0" index="42" bw="1" slack="0"/>
<pin id="2763" dir="0" index="43" bw="0" slack="2147483647"/>
<pin id="2764" dir="0" index="44" bw="1" slack="0"/>
<pin id="2765" dir="0" index="45" bw="0" slack="2147483647"/>
<pin id="2766" dir="0" index="46" bw="1" slack="0"/>
<pin id="2767" dir="0" index="47" bw="0" slack="2147483647"/>
<pin id="2768" dir="0" index="48" bw="1" slack="0"/>
<pin id="2769" dir="0" index="49" bw="0" slack="2147483647"/>
<pin id="2770" dir="0" index="50" bw="1" slack="0"/>
<pin id="2771" dir="0" index="51" bw="0" slack="2147483647"/>
<pin id="2772" dir="0" index="52" bw="1" slack="0"/>
<pin id="2773" dir="0" index="53" bw="0" slack="2147483647"/>
<pin id="2774" dir="0" index="54" bw="1" slack="0"/>
<pin id="2775" dir="0" index="55" bw="0" slack="2147483647"/>
<pin id="2776" dir="0" index="56" bw="1" slack="0"/>
<pin id="2777" dir="0" index="57" bw="0" slack="2147483647"/>
<pin id="2778" dir="0" index="58" bw="1" slack="0"/>
<pin id="2779" dir="0" index="59" bw="0" slack="2147483647"/>
<pin id="2780" dir="0" index="60" bw="1" slack="0"/>
<pin id="2781" dir="0" index="61" bw="0" slack="2147483647"/>
<pin id="2782" dir="0" index="62" bw="1" slack="0"/>
<pin id="2783" dir="0" index="63" bw="0" slack="2147483647"/>
<pin id="2784" dir="0" index="64" bw="1" slack="0"/>
<pin id="2785" dir="0" index="65" bw="0" slack="2147483647"/>
<pin id="2786" dir="0" index="66" bw="1" slack="0"/>
<pin id="2787" dir="0" index="67" bw="0" slack="2147483647"/>
<pin id="2788" dir="0" index="68" bw="1" slack="0"/>
<pin id="2789" dir="0" index="69" bw="0" slack="2147483647"/>
<pin id="2790" dir="0" index="70" bw="1" slack="0"/>
<pin id="2791" dir="0" index="71" bw="0" slack="2147483647"/>
<pin id="2792" dir="0" index="72" bw="1" slack="0"/>
<pin id="2793" dir="0" index="73" bw="0" slack="2147483647"/>
<pin id="2794" dir="0" index="74" bw="1" slack="0"/>
<pin id="2795" dir="0" index="75" bw="0" slack="2147483647"/>
<pin id="2796" dir="0" index="76" bw="1" slack="0"/>
<pin id="2797" dir="0" index="77" bw="0" slack="2147483647"/>
<pin id="2798" dir="0" index="78" bw="1" slack="0"/>
<pin id="2799" dir="0" index="79" bw="0" slack="2147483647"/>
<pin id="2800" dir="0" index="80" bw="1" slack="0"/>
<pin id="2801" dir="0" index="81" bw="0" slack="2147483647"/>
<pin id="2802" dir="0" index="82" bw="1" slack="0"/>
<pin id="2803" dir="0" index="83" bw="0" slack="2147483647"/>
<pin id="2804" dir="0" index="84" bw="1" slack="0"/>
<pin id="2805" dir="0" index="85" bw="0" slack="2147483647"/>
<pin id="2806" dir="0" index="86" bw="1" slack="0"/>
<pin id="2807" dir="0" index="87" bw="0" slack="2147483647"/>
<pin id="2808" dir="0" index="88" bw="1" slack="0"/>
<pin id="2809" dir="0" index="89" bw="0" slack="2147483647"/>
<pin id="2810" dir="0" index="90" bw="1" slack="0"/>
<pin id="2811" dir="0" index="91" bw="0" slack="2147483647"/>
<pin id="2812" dir="0" index="92" bw="1" slack="0"/>
<pin id="2813" dir="0" index="93" bw="0" slack="2147483647"/>
<pin id="2814" dir="0" index="94" bw="1" slack="0"/>
<pin id="2815" dir="0" index="95" bw="0" slack="2147483647"/>
<pin id="2816" dir="0" index="96" bw="1" slack="0"/>
<pin id="2817" dir="0" index="97" bw="0" slack="2147483647"/>
<pin id="2818" dir="0" index="98" bw="1" slack="0"/>
<pin id="2819" dir="0" index="99" bw="0" slack="2147483647"/>
<pin id="2820" dir="0" index="100" bw="1" slack="0"/>
<pin id="2821" dir="0" index="101" bw="0" slack="2147483647"/>
<pin id="2822" dir="0" index="102" bw="1" slack="0"/>
<pin id="2823" dir="0" index="103" bw="0" slack="2147483647"/>
<pin id="2824" dir="1" index="104" bw="2" slack="0"/>
</pin_list>
<bind>
<opcode="phi(47) " fcode="phi"/>
<opset="p_7_11970_ph/1 "/>
</bind>
</comp>

<comp id="2877" class="1005" name="p_7_02069_ph_reg_2877">
<pin_list>
<pin id="2878" dir="0" index="0" bw="4" slack="2147483647"/>
<pin id="2879" dir="1" index="1" bw="4" slack="2147483647"/>
</pin_list>
<bind>
<opset="p_7_02069_ph (phireg) "/>
</bind>
</comp>

<comp id="2880" class="1004" name="p_7_02069_ph_phi_fu_2880">
<pin_list>
<pin id="2881" dir="0" index="0" bw="1" slack="0"/>
<pin id="2882" dir="0" index="1" bw="0" slack="2147483647"/>
<pin id="2883" dir="0" index="2" bw="1" slack="0"/>
<pin id="2884" dir="0" index="3" bw="0" slack="2147483647"/>
<pin id="2885" dir="0" index="4" bw="4" slack="0"/>
<pin id="2886" dir="0" index="5" bw="0" slack="2147483647"/>
<pin id="2887" dir="0" index="6" bw="4" slack="0"/>
<pin id="2888" dir="0" index="7" bw="0" slack="2147483647"/>
<pin id="2889" dir="0" index="8" bw="3" slack="0"/>
<pin id="2890" dir="0" index="9" bw="0" slack="2147483647"/>
<pin id="2891" dir="0" index="10" bw="4" slack="0"/>
<pin id="2892" dir="0" index="11" bw="0" slack="2147483647"/>
<pin id="2893" dir="0" index="12" bw="3" slack="0"/>
<pin id="2894" dir="0" index="13" bw="0" slack="2147483647"/>
<pin id="2895" dir="0" index="14" bw="3" slack="0"/>
<pin id="2896" dir="0" index="15" bw="0" slack="2147483647"/>
<pin id="2897" dir="0" index="16" bw="4" slack="0"/>
<pin id="2898" dir="0" index="17" bw="0" slack="2147483647"/>
<pin id="2899" dir="0" index="18" bw="1" slack="0"/>
<pin id="2900" dir="0" index="19" bw="0" slack="2147483647"/>
<pin id="2901" dir="0" index="20" bw="1" slack="0"/>
<pin id="2902" dir="0" index="21" bw="0" slack="2147483647"/>
<pin id="2903" dir="0" index="22" bw="1" slack="0"/>
<pin id="2904" dir="0" index="23" bw="0" slack="2147483647"/>
<pin id="2905" dir="0" index="24" bw="1" slack="0"/>
<pin id="2906" dir="0" index="25" bw="0" slack="2147483647"/>
<pin id="2907" dir="0" index="26" bw="1" slack="0"/>
<pin id="2908" dir="0" index="27" bw="0" slack="2147483647"/>
<pin id="2909" dir="0" index="28" bw="1" slack="0"/>
<pin id="2910" dir="0" index="29" bw="0" slack="2147483647"/>
<pin id="2911" dir="0" index="30" bw="1" slack="0"/>
<pin id="2912" dir="0" index="31" bw="0" slack="2147483647"/>
<pin id="2913" dir="0" index="32" bw="1" slack="0"/>
<pin id="2914" dir="0" index="33" bw="0" slack="2147483647"/>
<pin id="2915" dir="0" index="34" bw="1" slack="0"/>
<pin id="2916" dir="0" index="35" bw="0" slack="2147483647"/>
<pin id="2917" dir="0" index="36" bw="1" slack="0"/>
<pin id="2918" dir="0" index="37" bw="0" slack="2147483647"/>
<pin id="2919" dir="0" index="38" bw="1" slack="0"/>
<pin id="2920" dir="0" index="39" bw="0" slack="2147483647"/>
<pin id="2921" dir="0" index="40" bw="1" slack="0"/>
<pin id="2922" dir="0" index="41" bw="0" slack="2147483647"/>
<pin id="2923" dir="0" index="42" bw="1" slack="0"/>
<pin id="2924" dir="0" index="43" bw="0" slack="2147483647"/>
<pin id="2925" dir="0" index="44" bw="1" slack="0"/>
<pin id="2926" dir="0" index="45" bw="0" slack="2147483647"/>
<pin id="2927" dir="0" index="46" bw="1" slack="0"/>
<pin id="2928" dir="0" index="47" bw="0" slack="2147483647"/>
<pin id="2929" dir="0" index="48" bw="1" slack="0"/>
<pin id="2930" dir="0" index="49" bw="0" slack="2147483647"/>
<pin id="2931" dir="0" index="50" bw="1" slack="0"/>
<pin id="2932" dir="0" index="51" bw="0" slack="2147483647"/>
<pin id="2933" dir="0" index="52" bw="1" slack="0"/>
<pin id="2934" dir="0" index="53" bw="0" slack="2147483647"/>
<pin id="2935" dir="0" index="54" bw="1" slack="0"/>
<pin id="2936" dir="0" index="55" bw="0" slack="2147483647"/>
<pin id="2937" dir="0" index="56" bw="1" slack="0"/>
<pin id="2938" dir="0" index="57" bw="0" slack="2147483647"/>
<pin id="2939" dir="0" index="58" bw="1" slack="0"/>
<pin id="2940" dir="0" index="59" bw="0" slack="2147483647"/>
<pin id="2941" dir="0" index="60" bw="1" slack="0"/>
<pin id="2942" dir="0" index="61" bw="0" slack="2147483647"/>
<pin id="2943" dir="0" index="62" bw="1" slack="0"/>
<pin id="2944" dir="0" index="63" bw="0" slack="2147483647"/>
<pin id="2945" dir="0" index="64" bw="1" slack="0"/>
<pin id="2946" dir="0" index="65" bw="0" slack="2147483647"/>
<pin id="2947" dir="0" index="66" bw="1" slack="0"/>
<pin id="2948" dir="0" index="67" bw="0" slack="2147483647"/>
<pin id="2949" dir="0" index="68" bw="1" slack="0"/>
<pin id="2950" dir="0" index="69" bw="0" slack="2147483647"/>
<pin id="2951" dir="0" index="70" bw="1" slack="0"/>
<pin id="2952" dir="0" index="71" bw="0" slack="2147483647"/>
<pin id="2953" dir="0" index="72" bw="1" slack="0"/>
<pin id="2954" dir="0" index="73" bw="0" slack="2147483647"/>
<pin id="2955" dir="0" index="74" bw="1" slack="0"/>
<pin id="2956" dir="0" index="75" bw="0" slack="2147483647"/>
<pin id="2957" dir="0" index="76" bw="1" slack="0"/>
<pin id="2958" dir="0" index="77" bw="0" slack="2147483647"/>
<pin id="2959" dir="0" index="78" bw="1" slack="0"/>
<pin id="2960" dir="0" index="79" bw="0" slack="2147483647"/>
<pin id="2961" dir="0" index="80" bw="1" slack="0"/>
<pin id="2962" dir="0" index="81" bw="0" slack="2147483647"/>
<pin id="2963" dir="0" index="82" bw="1" slack="0"/>
<pin id="2964" dir="0" index="83" bw="0" slack="2147483647"/>
<pin id="2965" dir="0" index="84" bw="1" slack="0"/>
<pin id="2966" dir="0" index="85" bw="0" slack="2147483647"/>
<pin id="2967" dir="0" index="86" bw="3" slack="0"/>
<pin id="2968" dir="0" index="87" bw="0" slack="2147483647"/>
<pin id="2969" dir="0" index="88" bw="1" slack="0"/>
<pin id="2970" dir="0" index="89" bw="0" slack="2147483647"/>
<pin id="2971" dir="0" index="90" bw="1" slack="0"/>
<pin id="2972" dir="0" index="91" bw="0" slack="2147483647"/>
<pin id="2973" dir="0" index="92" bw="1" slack="0"/>
<pin id="2974" dir="0" index="93" bw="0" slack="2147483647"/>
<pin id="2975" dir="0" index="94" bw="1" slack="0"/>
<pin id="2976" dir="0" index="95" bw="0" slack="2147483647"/>
<pin id="2977" dir="0" index="96" bw="1" slack="0"/>
<pin id="2978" dir="0" index="97" bw="0" slack="2147483647"/>
<pin id="2979" dir="0" index="98" bw="1" slack="0"/>
<pin id="2980" dir="0" index="99" bw="0" slack="2147483647"/>
<pin id="2981" dir="0" index="100" bw="1" slack="0"/>
<pin id="2982" dir="0" index="101" bw="0" slack="2147483647"/>
<pin id="2983" dir="0" index="102" bw="1" slack="0"/>
<pin id="2984" dir="0" index="103" bw="0" slack="2147483647"/>
<pin id="2985" dir="1" index="104" bw="4" slack="0"/>
</pin_list>
<bind>
<opcode="phi(47) " fcode="phi"/>
<opset="p_7_02069_ph/1 "/>
</bind>
</comp>

<comp id="3036" class="1005" name="p_62168_ph_reg_3036">
<pin_list>
<pin id="3037" dir="0" index="0" bw="3" slack="2147483647"/>
<pin id="3038" dir="1" index="1" bw="3" slack="2147483647"/>
</pin_list>
<bind>
<opset="p_62168_ph (phireg) "/>
</bind>
</comp>

<comp id="3039" class="1004" name="p_62168_ph_phi_fu_3039">
<pin_list>
<pin id="3040" dir="0" index="0" bw="1" slack="0"/>
<pin id="3041" dir="0" index="1" bw="0" slack="2147483647"/>
<pin id="3042" dir="0" index="2" bw="1" slack="0"/>
<pin id="3043" dir="0" index="3" bw="0" slack="2147483647"/>
<pin id="3044" dir="0" index="4" bw="1" slack="0"/>
<pin id="3045" dir="0" index="5" bw="0" slack="2147483647"/>
<pin id="3046" dir="0" index="6" bw="1" slack="0"/>
<pin id="3047" dir="0" index="7" bw="0" slack="2147483647"/>
<pin id="3048" dir="0" index="8" bw="1" slack="0"/>
<pin id="3049" dir="0" index="9" bw="0" slack="2147483647"/>
<pin id="3050" dir="0" index="10" bw="1" slack="0"/>
<pin id="3051" dir="0" index="11" bw="0" slack="2147483647"/>
<pin id="3052" dir="0" index="12" bw="1" slack="0"/>
<pin id="3053" dir="0" index="13" bw="0" slack="2147483647"/>
<pin id="3054" dir="0" index="14" bw="1" slack="0"/>
<pin id="3055" dir="0" index="15" bw="0" slack="2147483647"/>
<pin id="3056" dir="0" index="16" bw="1" slack="0"/>
<pin id="3057" dir="0" index="17" bw="0" slack="2147483647"/>
<pin id="3058" dir="0" index="18" bw="3" slack="0"/>
<pin id="3059" dir="0" index="19" bw="0" slack="2147483647"/>
<pin id="3060" dir="0" index="20" bw="3" slack="0"/>
<pin id="3061" dir="0" index="21" bw="0" slack="2147483647"/>
<pin id="3062" dir="0" index="22" bw="3" slack="0"/>
<pin id="3063" dir="0" index="23" bw="0" slack="2147483647"/>
<pin id="3064" dir="0" index="24" bw="3" slack="0"/>
<pin id="3065" dir="0" index="25" bw="0" slack="2147483647"/>
<pin id="3066" dir="0" index="26" bw="3" slack="0"/>
<pin id="3067" dir="0" index="27" bw="0" slack="2147483647"/>
<pin id="3068" dir="0" index="28" bw="3" slack="0"/>
<pin id="3069" dir="0" index="29" bw="0" slack="2147483647"/>
<pin id="3070" dir="0" index="30" bw="3" slack="0"/>
<pin id="3071" dir="0" index="31" bw="0" slack="2147483647"/>
<pin id="3072" dir="0" index="32" bw="3" slack="0"/>
<pin id="3073" dir="0" index="33" bw="0" slack="2147483647"/>
<pin id="3074" dir="0" index="34" bw="3" slack="0"/>
<pin id="3075" dir="0" index="35" bw="0" slack="2147483647"/>
<pin id="3076" dir="0" index="36" bw="1" slack="0"/>
<pin id="3077" dir="0" index="37" bw="0" slack="2147483647"/>
<pin id="3078" dir="0" index="38" bw="1" slack="0"/>
<pin id="3079" dir="0" index="39" bw="0" slack="2147483647"/>
<pin id="3080" dir="0" index="40" bw="1" slack="0"/>
<pin id="3081" dir="0" index="41" bw="0" slack="2147483647"/>
<pin id="3082" dir="0" index="42" bw="1" slack="0"/>
<pin id="3083" dir="0" index="43" bw="0" slack="2147483647"/>
<pin id="3084" dir="0" index="44" bw="1" slack="0"/>
<pin id="3085" dir="0" index="45" bw="0" slack="2147483647"/>
<pin id="3086" dir="0" index="46" bw="1" slack="0"/>
<pin id="3087" dir="0" index="47" bw="0" slack="2147483647"/>
<pin id="3088" dir="0" index="48" bw="1" slack="0"/>
<pin id="3089" dir="0" index="49" bw="0" slack="2147483647"/>
<pin id="3090" dir="0" index="50" bw="1" slack="0"/>
<pin id="3091" dir="0" index="51" bw="0" slack="2147483647"/>
<pin id="3092" dir="0" index="52" bw="1" slack="0"/>
<pin id="3093" dir="0" index="53" bw="0" slack="2147483647"/>
<pin id="3094" dir="0" index="54" bw="1" slack="0"/>
<pin id="3095" dir="0" index="55" bw="0" slack="2147483647"/>
<pin id="3096" dir="0" index="56" bw="1" slack="0"/>
<pin id="3097" dir="0" index="57" bw="0" slack="2147483647"/>
<pin id="3098" dir="0" index="58" bw="1" slack="0"/>
<pin id="3099" dir="0" index="59" bw="0" slack="2147483647"/>
<pin id="3100" dir="0" index="60" bw="1" slack="0"/>
<pin id="3101" dir="0" index="61" bw="0" slack="2147483647"/>
<pin id="3102" dir="0" index="62" bw="1" slack="0"/>
<pin id="3103" dir="0" index="63" bw="0" slack="2147483647"/>
<pin id="3104" dir="0" index="64" bw="1" slack="0"/>
<pin id="3105" dir="0" index="65" bw="0" slack="2147483647"/>
<pin id="3106" dir="0" index="66" bw="1" slack="0"/>
<pin id="3107" dir="0" index="67" bw="0" slack="2147483647"/>
<pin id="3108" dir="0" index="68" bw="1" slack="0"/>
<pin id="3109" dir="0" index="69" bw="0" slack="2147483647"/>
<pin id="3110" dir="0" index="70" bw="1" slack="0"/>
<pin id="3111" dir="0" index="71" bw="0" slack="2147483647"/>
<pin id="3112" dir="0" index="72" bw="3" slack="0"/>
<pin id="3113" dir="0" index="73" bw="0" slack="2147483647"/>
<pin id="3114" dir="0" index="74" bw="3" slack="0"/>
<pin id="3115" dir="0" index="75" bw="0" slack="2147483647"/>
<pin id="3116" dir="0" index="76" bw="3" slack="0"/>
<pin id="3117" dir="0" index="77" bw="0" slack="2147483647"/>
<pin id="3118" dir="0" index="78" bw="3" slack="0"/>
<pin id="3119" dir="0" index="79" bw="0" slack="2147483647"/>
<pin id="3120" dir="0" index="80" bw="3" slack="0"/>
<pin id="3121" dir="0" index="81" bw="0" slack="2147483647"/>
<pin id="3122" dir="0" index="82" bw="3" slack="0"/>
<pin id="3123" dir="0" index="83" bw="0" slack="2147483647"/>
<pin id="3124" dir="0" index="84" bw="3" slack="0"/>
<pin id="3125" dir="0" index="85" bw="0" slack="2147483647"/>
<pin id="3126" dir="0" index="86" bw="1" slack="0"/>
<pin id="3127" dir="0" index="87" bw="0" slack="2147483647"/>
<pin id="3128" dir="0" index="88" bw="3" slack="0"/>
<pin id="3129" dir="0" index="89" bw="0" slack="2147483647"/>
<pin id="3130" dir="0" index="90" bw="3" slack="0"/>
<pin id="3131" dir="0" index="91" bw="0" slack="2147483647"/>
<pin id="3132" dir="0" index="92" bw="1" slack="0"/>
<pin id="3133" dir="0" index="93" bw="0" slack="2147483647"/>
<pin id="3134" dir="0" index="94" bw="1" slack="0"/>
<pin id="3135" dir="0" index="95" bw="0" slack="2147483647"/>
<pin id="3136" dir="0" index="96" bw="1" slack="0"/>
<pin id="3137" dir="0" index="97" bw="0" slack="2147483647"/>
<pin id="3138" dir="0" index="98" bw="1" slack="0"/>
<pin id="3139" dir="0" index="99" bw="0" slack="2147483647"/>
<pin id="3140" dir="0" index="100" bw="1" slack="0"/>
<pin id="3141" dir="0" index="101" bw="0" slack="2147483647"/>
<pin id="3142" dir="0" index="102" bw="3" slack="0"/>
<pin id="3143" dir="0" index="103" bw="0" slack="2147483647"/>
<pin id="3144" dir="1" index="104" bw="3" slack="0"/>
</pin_list>
<bind>
<opcode="phi(47) " fcode="phi"/>
<opset="p_62168_ph/1 "/>
</bind>
</comp>

<comp id="3197" class="1005" name="p_52267_ph_reg_3197">
<pin_list>
<pin id="3198" dir="0" index="0" bw="1" slack="2147483647"/>
<pin id="3199" dir="1" index="1" bw="1" slack="2147483647"/>
</pin_list>
<bind>
<opset="p_52267_ph (phireg) "/>
</bind>
</comp>

<comp id="3200" class="1004" name="p_52267_ph_phi_fu_3200">
<pin_list>
<pin id="3201" dir="0" index="0" bw="1" slack="0"/>
<pin id="3202" dir="0" index="1" bw="0" slack="2147483647"/>
<pin id="3203" dir="0" index="2" bw="1" slack="0"/>
<pin id="3204" dir="0" index="3" bw="0" slack="2147483647"/>
<pin id="3205" dir="0" index="4" bw="1" slack="0"/>
<pin id="3206" dir="0" index="5" bw="0" slack="2147483647"/>
<pin id="3207" dir="0" index="6" bw="1" slack="0"/>
<pin id="3208" dir="0" index="7" bw="0" slack="2147483647"/>
<pin id="3209" dir="0" index="8" bw="1" slack="0"/>
<pin id="3210" dir="0" index="9" bw="0" slack="2147483647"/>
<pin id="3211" dir="0" index="10" bw="1" slack="0"/>
<pin id="3212" dir="0" index="11" bw="0" slack="2147483647"/>
<pin id="3213" dir="0" index="12" bw="1" slack="0"/>
<pin id="3214" dir="0" index="13" bw="0" slack="2147483647"/>
<pin id="3215" dir="0" index="14" bw="1" slack="0"/>
<pin id="3216" dir="0" index="15" bw="0" slack="2147483647"/>
<pin id="3217" dir="0" index="16" bw="1" slack="0"/>
<pin id="3218" dir="0" index="17" bw="0" slack="2147483647"/>
<pin id="3219" dir="0" index="18" bw="1" slack="0"/>
<pin id="3220" dir="0" index="19" bw="0" slack="2147483647"/>
<pin id="3221" dir="0" index="20" bw="1" slack="0"/>
<pin id="3222" dir="0" index="21" bw="0" slack="2147483647"/>
<pin id="3223" dir="0" index="22" bw="1" slack="0"/>
<pin id="3224" dir="0" index="23" bw="0" slack="2147483647"/>
<pin id="3225" dir="0" index="24" bw="1" slack="0"/>
<pin id="3226" dir="0" index="25" bw="0" slack="2147483647"/>
<pin id="3227" dir="0" index="26" bw="1" slack="0"/>
<pin id="3228" dir="0" index="27" bw="0" slack="2147483647"/>
<pin id="3229" dir="0" index="28" bw="1" slack="0"/>
<pin id="3230" dir="0" index="29" bw="0" slack="2147483647"/>
<pin id="3231" dir="0" index="30" bw="1" slack="0"/>
<pin id="3232" dir="0" index="31" bw="0" slack="2147483647"/>
<pin id="3233" dir="0" index="32" bw="1" slack="0"/>
<pin id="3234" dir="0" index="33" bw="0" slack="2147483647"/>
<pin id="3235" dir="0" index="34" bw="1" slack="0"/>
<pin id="3236" dir="0" index="35" bw="0" slack="2147483647"/>
<pin id="3237" dir="0" index="36" bw="1" slack="0"/>
<pin id="3238" dir="0" index="37" bw="0" slack="2147483647"/>
<pin id="3239" dir="0" index="38" bw="1" slack="0"/>
<pin id="3240" dir="0" index="39" bw="0" slack="2147483647"/>
<pin id="3241" dir="0" index="40" bw="1" slack="0"/>
<pin id="3242" dir="0" index="41" bw="0" slack="2147483647"/>
<pin id="3243" dir="0" index="42" bw="1" slack="0"/>
<pin id="3244" dir="0" index="43" bw="0" slack="2147483647"/>
<pin id="3245" dir="0" index="44" bw="1" slack="0"/>
<pin id="3246" dir="0" index="45" bw="0" slack="2147483647"/>
<pin id="3247" dir="0" index="46" bw="1" slack="0"/>
<pin id="3248" dir="0" index="47" bw="0" slack="2147483647"/>
<pin id="3249" dir="0" index="48" bw="1" slack="0"/>
<pin id="3250" dir="0" index="49" bw="0" slack="2147483647"/>
<pin id="3251" dir="0" index="50" bw="1" slack="0"/>
<pin id="3252" dir="0" index="51" bw="0" slack="2147483647"/>
<pin id="3253" dir="0" index="52" bw="1" slack="0"/>
<pin id="3254" dir="0" index="53" bw="0" slack="2147483647"/>
<pin id="3255" dir="0" index="54" bw="1" slack="0"/>
<pin id="3256" dir="0" index="55" bw="0" slack="2147483647"/>
<pin id="3257" dir="0" index="56" bw="1" slack="0"/>
<pin id="3258" dir="0" index="57" bw="0" slack="2147483647"/>
<pin id="3259" dir="0" index="58" bw="1" slack="0"/>
<pin id="3260" dir="0" index="59" bw="0" slack="2147483647"/>
<pin id="3261" dir="0" index="60" bw="1" slack="0"/>
<pin id="3262" dir="0" index="61" bw="0" slack="2147483647"/>
<pin id="3263" dir="0" index="62" bw="1" slack="0"/>
<pin id="3264" dir="0" index="63" bw="0" slack="2147483647"/>
<pin id="3265" dir="0" index="64" bw="1" slack="0"/>
<pin id="3266" dir="0" index="65" bw="0" slack="2147483647"/>
<pin id="3267" dir="0" index="66" bw="1" slack="0"/>
<pin id="3268" dir="0" index="67" bw="0" slack="2147483647"/>
<pin id="3269" dir="0" index="68" bw="1" slack="0"/>
<pin id="3270" dir="0" index="69" bw="0" slack="2147483647"/>
<pin id="3271" dir="0" index="70" bw="1" slack="0"/>
<pin id="3272" dir="0" index="71" bw="0" slack="2147483647"/>
<pin id="3273" dir="0" index="72" bw="1" slack="0"/>
<pin id="3274" dir="0" index="73" bw="0" slack="2147483647"/>
<pin id="3275" dir="0" index="74" bw="1" slack="0"/>
<pin id="3276" dir="0" index="75" bw="0" slack="2147483647"/>
<pin id="3277" dir="0" index="76" bw="1" slack="0"/>
<pin id="3278" dir="0" index="77" bw="0" slack="2147483647"/>
<pin id="3279" dir="0" index="78" bw="1" slack="0"/>
<pin id="3280" dir="0" index="79" bw="0" slack="2147483647"/>
<pin id="3281" dir="0" index="80" bw="1" slack="0"/>
<pin id="3282" dir="0" index="81" bw="0" slack="2147483647"/>
<pin id="3283" dir="0" index="82" bw="1" slack="0"/>
<pin id="3284" dir="0" index="83" bw="0" slack="2147483647"/>
<pin id="3285" dir="0" index="84" bw="1" slack="0"/>
<pin id="3286" dir="0" index="85" bw="0" slack="2147483647"/>
<pin id="3287" dir="0" index="86" bw="1" slack="0"/>
<pin id="3288" dir="0" index="87" bw="0" slack="2147483647"/>
<pin id="3289" dir="0" index="88" bw="1" slack="0"/>
<pin id="3290" dir="0" index="89" bw="0" slack="2147483647"/>
<pin id="3291" dir="0" index="90" bw="1" slack="0"/>
<pin id="3292" dir="0" index="91" bw="0" slack="2147483647"/>
<pin id="3293" dir="0" index="92" bw="1" slack="0"/>
<pin id="3294" dir="0" index="93" bw="0" slack="2147483647"/>
<pin id="3295" dir="0" index="94" bw="1" slack="0"/>
<pin id="3296" dir="0" index="95" bw="0" slack="2147483647"/>
<pin id="3297" dir="0" index="96" bw="1" slack="0"/>
<pin id="3298" dir="0" index="97" bw="0" slack="2147483647"/>
<pin id="3299" dir="0" index="98" bw="1" slack="0"/>
<pin id="3300" dir="0" index="99" bw="0" slack="2147483647"/>
<pin id="3301" dir="0" index="100" bw="1" slack="0"/>
<pin id="3302" dir="0" index="101" bw="0" slack="2147483647"/>
<pin id="3303" dir="0" index="102" bw="1" slack="0"/>
<pin id="3304" dir="0" index="103" bw="0" slack="2147483647"/>
<pin id="3305" dir="1" index="104" bw="1" slack="0"/>
</pin_list>
<bind>
<opcode="phi(47) " fcode="phi"/>
<opset="p_52267_ph/1 "/>
</bind>
</comp>

<comp id="3358" class="1005" name="p_02366_ph_reg_3358">
<pin_list>
<pin id="3359" dir="0" index="0" bw="8" slack="2147483647"/>
<pin id="3360" dir="1" index="1" bw="8" slack="2147483647"/>
</pin_list>
<bind>
<opset="p_02366_ph (phireg) "/>
</bind>
</comp>

<comp id="3361" class="1004" name="p_02366_ph_phi_fu_3361">
<pin_list>
<pin id="3362" dir="0" index="0" bw="7" slack="0"/>
<pin id="3363" dir="0" index="1" bw="0" slack="2147483647"/>
<pin id="3364" dir="0" index="2" bw="7" slack="0"/>
<pin id="3365" dir="0" index="3" bw="0" slack="2147483647"/>
<pin id="3366" dir="0" index="4" bw="6" slack="0"/>
<pin id="3367" dir="0" index="5" bw="0" slack="2147483647"/>
<pin id="3368" dir="0" index="6" bw="6" slack="0"/>
<pin id="3369" dir="0" index="7" bw="0" slack="2147483647"/>
<pin id="3370" dir="0" index="8" bw="7" slack="0"/>
<pin id="3371" dir="0" index="9" bw="0" slack="2147483647"/>
<pin id="3372" dir="0" index="10" bw="7" slack="0"/>
<pin id="3373" dir="0" index="11" bw="0" slack="2147483647"/>
<pin id="3374" dir="0" index="12" bw="7" slack="0"/>
<pin id="3375" dir="0" index="13" bw="0" slack="2147483647"/>
<pin id="3376" dir="0" index="14" bw="7" slack="0"/>
<pin id="3377" dir="0" index="15" bw="0" slack="2147483647"/>
<pin id="3378" dir="0" index="16" bw="7" slack="0"/>
<pin id="3379" dir="0" index="17" bw="0" slack="2147483647"/>
<pin id="3380" dir="0" index="18" bw="7" slack="0"/>
<pin id="3381" dir="0" index="19" bw="0" slack="2147483647"/>
<pin id="3382" dir="0" index="20" bw="7" slack="0"/>
<pin id="3383" dir="0" index="21" bw="0" slack="2147483647"/>
<pin id="3384" dir="0" index="22" bw="7" slack="0"/>
<pin id="3385" dir="0" index="23" bw="0" slack="2147483647"/>
<pin id="3386" dir="0" index="24" bw="7" slack="0"/>
<pin id="3387" dir="0" index="25" bw="0" slack="2147483647"/>
<pin id="3388" dir="0" index="26" bw="7" slack="0"/>
<pin id="3389" dir="0" index="27" bw="0" slack="2147483647"/>
<pin id="3390" dir="0" index="28" bw="7" slack="0"/>
<pin id="3391" dir="0" index="29" bw="0" slack="2147483647"/>
<pin id="3392" dir="0" index="30" bw="7" slack="0"/>
<pin id="3393" dir="0" index="31" bw="0" slack="2147483647"/>
<pin id="3394" dir="0" index="32" bw="7" slack="0"/>
<pin id="3395" dir="0" index="33" bw="0" slack="2147483647"/>
<pin id="3396" dir="0" index="34" bw="7" slack="0"/>
<pin id="3397" dir="0" index="35" bw="0" slack="2147483647"/>
<pin id="3398" dir="0" index="36" bw="7" slack="0"/>
<pin id="3399" dir="0" index="37" bw="0" slack="2147483647"/>
<pin id="3400" dir="0" index="38" bw="7" slack="0"/>
<pin id="3401" dir="0" index="39" bw="0" slack="2147483647"/>
<pin id="3402" dir="0" index="40" bw="7" slack="0"/>
<pin id="3403" dir="0" index="41" bw="0" slack="2147483647"/>
<pin id="3404" dir="0" index="42" bw="7" slack="0"/>
<pin id="3405" dir="0" index="43" bw="0" slack="2147483647"/>
<pin id="3406" dir="0" index="44" bw="7" slack="0"/>
<pin id="3407" dir="0" index="45" bw="0" slack="2147483647"/>
<pin id="3408" dir="0" index="46" bw="7" slack="0"/>
<pin id="3409" dir="0" index="47" bw="0" slack="2147483647"/>
<pin id="3410" dir="0" index="48" bw="7" slack="0"/>
<pin id="3411" dir="0" index="49" bw="0" slack="2147483647"/>
<pin id="3412" dir="0" index="50" bw="7" slack="0"/>
<pin id="3413" dir="0" index="51" bw="0" slack="2147483647"/>
<pin id="3414" dir="0" index="52" bw="7" slack="0"/>
<pin id="3415" dir="0" index="53" bw="0" slack="2147483647"/>
<pin id="3416" dir="0" index="54" bw="3" slack="0"/>
<pin id="3417" dir="0" index="55" bw="0" slack="2147483647"/>
<pin id="3418" dir="0" index="56" bw="4" slack="0"/>
<pin id="3419" dir="0" index="57" bw="0" slack="2147483647"/>
<pin id="3420" dir="0" index="58" bw="4" slack="0"/>
<pin id="3421" dir="0" index="59" bw="0" slack="2147483647"/>
<pin id="3422" dir="0" index="60" bw="4" slack="0"/>
<pin id="3423" dir="0" index="61" bw="0" slack="2147483647"/>
<pin id="3424" dir="0" index="62" bw="5" slack="0"/>
<pin id="3425" dir="0" index="63" bw="0" slack="2147483647"/>
<pin id="3426" dir="0" index="64" bw="5" slack="0"/>
<pin id="3427" dir="0" index="65" bw="0" slack="2147483647"/>
<pin id="3428" dir="0" index="66" bw="5" slack="0"/>
<pin id="3429" dir="0" index="67" bw="0" slack="2147483647"/>
<pin id="3430" dir="0" index="68" bw="5" slack="0"/>
<pin id="3431" dir="0" index="69" bw="0" slack="2147483647"/>
<pin id="3432" dir="0" index="70" bw="5" slack="0"/>
<pin id="3433" dir="0" index="71" bw="0" slack="2147483647"/>
<pin id="3434" dir="0" index="72" bw="8" slack="0"/>
<pin id="3435" dir="0" index="73" bw="0" slack="2147483647"/>
<pin id="3436" dir="0" index="74" bw="8" slack="0"/>
<pin id="3437" dir="0" index="75" bw="0" slack="2147483647"/>
<pin id="3438" dir="0" index="76" bw="8" slack="0"/>
<pin id="3439" dir="0" index="77" bw="0" slack="2147483647"/>
<pin id="3440" dir="0" index="78" bw="8" slack="0"/>
<pin id="3441" dir="0" index="79" bw="0" slack="2147483647"/>
<pin id="3442" dir="0" index="80" bw="8" slack="0"/>
<pin id="3443" dir="0" index="81" bw="0" slack="2147483647"/>
<pin id="3444" dir="0" index="82" bw="8" slack="0"/>
<pin id="3445" dir="0" index="83" bw="0" slack="2147483647"/>
<pin id="3446" dir="0" index="84" bw="7" slack="0"/>
<pin id="3447" dir="0" index="85" bw="0" slack="2147483647"/>
<pin id="3448" dir="0" index="86" bw="6" slack="0"/>
<pin id="3449" dir="0" index="87" bw="0" slack="2147483647"/>
<pin id="3450" dir="0" index="88" bw="7" slack="0"/>
<pin id="3451" dir="0" index="89" bw="0" slack="2147483647"/>
<pin id="3452" dir="0" index="90" bw="7" slack="0"/>
<pin id="3453" dir="0" index="91" bw="0" slack="2147483647"/>
<pin id="3454" dir="0" index="92" bw="7" slack="0"/>
<pin id="3455" dir="0" index="93" bw="0" slack="2147483647"/>
<pin id="3456" dir="0" index="94" bw="7" slack="0"/>
<pin id="3457" dir="0" index="95" bw="0" slack="2147483647"/>
<pin id="3458" dir="0" index="96" bw="6" slack="0"/>
<pin id="3459" dir="0" index="97" bw="0" slack="2147483647"/>
<pin id="3460" dir="0" index="98" bw="3" slack="0"/>
<pin id="3461" dir="0" index="99" bw="0" slack="2147483647"/>
<pin id="3462" dir="0" index="100" bw="5" slack="0"/>
<pin id="3463" dir="0" index="101" bw="0" slack="2147483647"/>
<pin id="3464" dir="0" index="102" bw="8" slack="0"/>
<pin id="3465" dir="0" index="103" bw="0" slack="2147483647"/>
<pin id="3466" dir="1" index="104" bw="8" slack="0"/>
</pin_list>
<bind>
<opcode="phi(47) " fcode="phi"/>
<opset="p_02366_ph/1 "/>
</bind>
</comp>

<comp id="3511" class="1005" name="empty_reg_3511">
<pin_list>
<pin id="3512" dir="0" index="0" bw="1" slack="2147483647"/>
<pin id="3513" dir="1" index="1" bw="1" slack="2147483647"/>
</pin_list>
<bind>
<opset="empty (phireg) "/>
</bind>
</comp>

<comp id="3514" class="1004" name="empty_phi_fu_3514">
<pin_list>
<pin id="3515" dir="0" index="0" bw="1" slack="0"/>
<pin id="3516" dir="0" index="1" bw="0" slack="2147483647"/>
<pin id="3517" dir="0" index="2" bw="1" slack="0"/>
<pin id="3518" dir="0" index="3" bw="0" slack="2147483647"/>
<pin id="3519" dir="0" index="4" bw="1" slack="0"/>
<pin id="3520" dir="0" index="5" bw="0" slack="2147483647"/>
<pin id="3521" dir="0" index="6" bw="1" slack="0"/>
<pin id="3522" dir="0" index="7" bw="0" slack="2147483647"/>
<pin id="3523" dir="0" index="8" bw="1" slack="0"/>
<pin id="3524" dir="0" index="9" bw="0" slack="2147483647"/>
<pin id="3525" dir="0" index="10" bw="1" slack="0"/>
<pin id="3526" dir="0" index="11" bw="0" slack="2147483647"/>
<pin id="3527" dir="0" index="12" bw="1" slack="0"/>
<pin id="3528" dir="0" index="13" bw="0" slack="2147483647"/>
<pin id="3529" dir="0" index="14" bw="1" slack="0"/>
<pin id="3530" dir="0" index="15" bw="0" slack="2147483647"/>
<pin id="3531" dir="0" index="16" bw="1" slack="0"/>
<pin id="3532" dir="0" index="17" bw="0" slack="2147483647"/>
<pin id="3533" dir="1" index="18" bw="1" slack="0"/>
</pin_list>
<bind>
<opcode="phi(47) " fcode="phi"/>
<opset="empty/1 "/>
</bind>
</comp>

<comp id="3543" class="1005" name="p_02366128_reg_3543">
<pin_list>
<pin id="3544" dir="0" index="0" bw="8" slack="2147483647"/>
<pin id="3545" dir="1" index="1" bw="8" slack="2147483647"/>
</pin_list>
<bind>
<opset="p_02366128 (phireg) "/>
</bind>
</comp>

<comp id="3546" class="1004" name="p_02366128_phi_fu_3546">
<pin_list>
<pin id="3547" dir="0" index="0" bw="8" slack="0"/>
<pin id="3548" dir="0" index="1" bw="0" slack="2147483647"/>
<pin id="3549" dir="0" index="2" bw="1" slack="0"/>
<pin id="3550" dir="0" index="3" bw="0" slack="2147483647"/>
<pin id="3551" dir="0" index="4" bw="1" slack="0"/>
<pin id="3552" dir="0" index="5" bw="0" slack="2147483647"/>
<pin id="3553" dir="0" index="6" bw="1" slack="0"/>
<pin id="3554" dir="0" index="7" bw="0" slack="2147483647"/>
<pin id="3555" dir="0" index="8" bw="1" slack="0"/>
<pin id="3556" dir="0" index="9" bw="0" slack="2147483647"/>
<pin id="3557" dir="0" index="10" bw="1" slack="0"/>
<pin id="3558" dir="0" index="11" bw="0" slack="2147483647"/>
<pin id="3559" dir="0" index="12" bw="6" slack="0"/>
<pin id="3560" dir="0" index="13" bw="0" slack="2147483647"/>
<pin id="3561" dir="0" index="14" bw="1" slack="0"/>
<pin id="3562" dir="0" index="15" bw="0" slack="2147483647"/>
<pin id="3563" dir="0" index="16" bw="1" slack="0"/>
<pin id="3564" dir="0" index="17" bw="0" slack="2147483647"/>
<pin id="3565" dir="1" index="18" bw="8" slack="0"/>
</pin_list>
<bind>
<opcode="phi(47) " fcode="phi"/>
<opset="p_02366128/1 "/>
</bind>
</comp>

<comp id="3574" class="1005" name="p_52267127_reg_3574">
<pin_list>
<pin id="3575" dir="0" index="0" bw="1" slack="2147483647"/>
<pin id="3576" dir="1" index="1" bw="1" slack="2147483647"/>
</pin_list>
<bind>
<opset="p_52267127 (phireg) "/>
</bind>
</comp>

<comp id="3577" class="1004" name="p_52267127_phi_fu_3577">
<pin_list>
<pin id="3578" dir="0" index="0" bw="1" slack="0"/>
<pin id="3579" dir="0" index="1" bw="0" slack="2147483647"/>
<pin id="3580" dir="0" index="2" bw="1" slack="0"/>
<pin id="3581" dir="0" index="3" bw="0" slack="2147483647"/>
<pin id="3582" dir="0" index="4" bw="1" slack="0"/>
<pin id="3583" dir="0" index="5" bw="0" slack="2147483647"/>
<pin id="3584" dir="0" index="6" bw="1" slack="0"/>
<pin id="3585" dir="0" index="7" bw="0" slack="2147483647"/>
<pin id="3586" dir="0" index="8" bw="1" slack="0"/>
<pin id="3587" dir="0" index="9" bw="0" slack="2147483647"/>
<pin id="3588" dir="0" index="10" bw="1" slack="0"/>
<pin id="3589" dir="0" index="11" bw="0" slack="2147483647"/>
<pin id="3590" dir="0" index="12" bw="1" slack="0"/>
<pin id="3591" dir="0" index="13" bw="0" slack="2147483647"/>
<pin id="3592" dir="0" index="14" bw="1" slack="0"/>
<pin id="3593" dir="0" index="15" bw="0" slack="2147483647"/>
<pin id="3594" dir="0" index="16" bw="1" slack="0"/>
<pin id="3595" dir="0" index="17" bw="0" slack="2147483647"/>
<pin id="3596" dir="1" index="18" bw="1" slack="0"/>
</pin_list>
<bind>
<opcode="phi(47) " fcode="phi"/>
<opset="p_52267127/1 "/>
</bind>
</comp>

<comp id="3606" class="1005" name="p_62168126_reg_3606">
<pin_list>
<pin id="3607" dir="0" index="0" bw="3" slack="2147483647"/>
<pin id="3608" dir="1" index="1" bw="3" slack="2147483647"/>
</pin_list>
<bind>
<opset="p_62168126 (phireg) "/>
</bind>
</comp>

<comp id="3609" class="1004" name="p_62168126_phi_fu_3609">
<pin_list>
<pin id="3610" dir="0" index="0" bw="3" slack="0"/>
<pin id="3611" dir="0" index="1" bw="0" slack="2147483647"/>
<pin id="3612" dir="0" index="2" bw="1" slack="0"/>
<pin id="3613" dir="0" index="3" bw="0" slack="2147483647"/>
<pin id="3614" dir="0" index="4" bw="1" slack="0"/>
<pin id="3615" dir="0" index="5" bw="0" slack="2147483647"/>
<pin id="3616" dir="0" index="6" bw="3" slack="0"/>
<pin id="3617" dir="0" index="7" bw="0" slack="2147483647"/>
<pin id="3618" dir="0" index="8" bw="3" slack="0"/>
<pin id="3619" dir="0" index="9" bw="0" slack="2147483647"/>
<pin id="3620" dir="0" index="10" bw="1" slack="0"/>
<pin id="3621" dir="0" index="11" bw="0" slack="2147483647"/>
<pin id="3622" dir="0" index="12" bw="1" slack="0"/>
<pin id="3623" dir="0" index="13" bw="0" slack="2147483647"/>
<pin id="3624" dir="0" index="14" bw="1" slack="0"/>
<pin id="3625" dir="0" index="15" bw="0" slack="2147483647"/>
<pin id="3626" dir="0" index="16" bw="3" slack="0"/>
<pin id="3627" dir="0" index="17" bw="0" slack="2147483647"/>
<pin id="3628" dir="1" index="18" bw="3" slack="0"/>
</pin_list>
<bind>
<opcode="phi(47) " fcode="phi"/>
<opset="p_62168126/1 "/>
</bind>
</comp>

<comp id="3638" class="1005" name="p_7_02069125_reg_3638">
<pin_list>
<pin id="3639" dir="0" index="0" bw="4" slack="2147483647"/>
<pin id="3640" dir="1" index="1" bw="4" slack="2147483647"/>
</pin_list>
<bind>
<opset="p_7_02069125 (phireg) "/>
</bind>
</comp>

<comp id="3641" class="1004" name="p_7_02069125_phi_fu_3641">
<pin_list>
<pin id="3642" dir="0" index="0" bw="4" slack="0"/>
<pin id="3643" dir="0" index="1" bw="0" slack="2147483647"/>
<pin id="3644" dir="0" index="2" bw="1" slack="0"/>
<pin id="3645" dir="0" index="3" bw="0" slack="2147483647"/>
<pin id="3646" dir="0" index="4" bw="1" slack="0"/>
<pin id="3647" dir="0" index="5" bw="0" slack="2147483647"/>
<pin id="3648" dir="0" index="6" bw="1" slack="0"/>
<pin id="3649" dir="0" index="7" bw="0" slack="2147483647"/>
<pin id="3650" dir="0" index="8" bw="1" slack="0"/>
<pin id="3651" dir="0" index="9" bw="0" slack="2147483647"/>
<pin id="3652" dir="0" index="10" bw="1" slack="0"/>
<pin id="3653" dir="0" index="11" bw="0" slack="2147483647"/>
<pin id="3654" dir="0" index="12" bw="1" slack="0"/>
<pin id="3655" dir="0" index="13" bw="0" slack="2147483647"/>
<pin id="3656" dir="0" index="14" bw="1" slack="0"/>
<pin id="3657" dir="0" index="15" bw="0" slack="2147483647"/>
<pin id="3658" dir="0" index="16" bw="1" slack="0"/>
<pin id="3659" dir="0" index="17" bw="0" slack="2147483647"/>
<pin id="3660" dir="1" index="18" bw="4" slack="0"/>
</pin_list>
<bind>
<opcode="phi(47) " fcode="phi"/>
<opset="p_7_02069125/1 "/>
</bind>
</comp>

<comp id="3670" class="1005" name="p_7_11970124_reg_3670">
<pin_list>
<pin id="3671" dir="0" index="0" bw="2" slack="2147483647"/>
<pin id="3672" dir="1" index="1" bw="2" slack="2147483647"/>
</pin_list>
<bind>
<opset="p_7_11970124 (phireg) "/>
</bind>
</comp>

<comp id="3673" class="1004" name="p_7_11970124_phi_fu_3673">
<pin_list>
<pin id="3674" dir="0" index="0" bw="2" slack="0"/>
<pin id="3675" dir="0" index="1" bw="0" slack="2147483647"/>
<pin id="3676" dir="0" index="2" bw="1" slack="0"/>
<pin id="3677" dir="0" index="3" bw="0" slack="2147483647"/>
<pin id="3678" dir="0" index="4" bw="1" slack="0"/>
<pin id="3679" dir="0" index="5" bw="0" slack="2147483647"/>
<pin id="3680" dir="0" index="6" bw="1" slack="0"/>
<pin id="3681" dir="0" index="7" bw="0" slack="2147483647"/>
<pin id="3682" dir="0" index="8" bw="1" slack="0"/>
<pin id="3683" dir="0" index="9" bw="0" slack="2147483647"/>
<pin id="3684" dir="0" index="10" bw="1" slack="0"/>
<pin id="3685" dir="0" index="11" bw="0" slack="2147483647"/>
<pin id="3686" dir="0" index="12" bw="1" slack="0"/>
<pin id="3687" dir="0" index="13" bw="0" slack="2147483647"/>
<pin id="3688" dir="0" index="14" bw="1" slack="0"/>
<pin id="3689" dir="0" index="15" bw="0" slack="2147483647"/>
<pin id="3690" dir="0" index="16" bw="1" slack="0"/>
<pin id="3691" dir="0" index="17" bw="0" slack="2147483647"/>
<pin id="3692" dir="1" index="18" bw="2" slack="0"/>
</pin_list>
<bind>
<opcode="phi(47) " fcode="phi"/>
<opset="p_7_11970124/1 "/>
</bind>
</comp>

<comp id="3702" class="1005" name="p_7_21871123_reg_3702">
<pin_list>
<pin id="3703" dir="0" index="0" bw="2" slack="2147483647"/>
<pin id="3704" dir="1" index="1" bw="2" slack="2147483647"/>
</pin_list>
<bind>
<opset="p_7_21871123 (phireg) "/>
</bind>
</comp>

<comp id="3705" class="1004" name="p_7_21871123_phi_fu_3705">
<pin_list>
<pin id="3706" dir="0" index="0" bw="2" slack="0"/>
<pin id="3707" dir="0" index="1" bw="0" slack="2147483647"/>
<pin id="3708" dir="0" index="2" bw="1" slack="0"/>
<pin id="3709" dir="0" index="3" bw="0" slack="2147483647"/>
<pin id="3710" dir="0" index="4" bw="1" slack="0"/>
<pin id="3711" dir="0" index="5" bw="0" slack="2147483647"/>
<pin id="3712" dir="0" index="6" bw="1" slack="0"/>
<pin id="3713" dir="0" index="7" bw="0" slack="2147483647"/>
<pin id="3714" dir="0" index="8" bw="1" slack="0"/>
<pin id="3715" dir="0" index="9" bw="0" slack="2147483647"/>
<pin id="3716" dir="0" index="10" bw="1" slack="0"/>
<pin id="3717" dir="0" index="11" bw="0" slack="2147483647"/>
<pin id="3718" dir="0" index="12" bw="1" slack="0"/>
<pin id="3719" dir="0" index="13" bw="0" slack="2147483647"/>
<pin id="3720" dir="0" index="14" bw="1" slack="0"/>
<pin id="3721" dir="0" index="15" bw="0" slack="2147483647"/>
<pin id="3722" dir="0" index="16" bw="1" slack="0"/>
<pin id="3723" dir="0" index="17" bw="0" slack="2147483647"/>
<pin id="3724" dir="1" index="18" bw="2" slack="0"/>
</pin_list>
<bind>
<opcode="phi(47) " fcode="phi"/>
<opset="p_7_21871123/1 "/>
</bind>
</comp>

<comp id="3734" class="1005" name="p_7_51772122_reg_3734">
<pin_list>
<pin id="3735" dir="0" index="0" bw="1" slack="2147483647"/>
<pin id="3736" dir="1" index="1" bw="1" slack="2147483647"/>
</pin_list>
<bind>
<opset="p_7_51772122 (phireg) "/>
</bind>
</comp>

<comp id="3737" class="1004" name="p_7_51772122_phi_fu_3737">
<pin_list>
<pin id="3738" dir="0" index="0" bw="1" slack="0"/>
<pin id="3739" dir="0" index="1" bw="0" slack="2147483647"/>
<pin id="3740" dir="0" index="2" bw="1" slack="0"/>
<pin id="3741" dir="0" index="3" bw="0" slack="2147483647"/>
<pin id="3742" dir="0" index="4" bw="1" slack="0"/>
<pin id="3743" dir="0" index="5" bw="0" slack="2147483647"/>
<pin id="3744" dir="0" index="6" bw="1" slack="0"/>
<pin id="3745" dir="0" index="7" bw="0" slack="2147483647"/>
<pin id="3746" dir="0" index="8" bw="1" slack="0"/>
<pin id="3747" dir="0" index="9" bw="0" slack="2147483647"/>
<pin id="3748" dir="0" index="10" bw="1" slack="0"/>
<pin id="3749" dir="0" index="11" bw="0" slack="2147483647"/>
<pin id="3750" dir="0" index="12" bw="1" slack="0"/>
<pin id="3751" dir="0" index="13" bw="0" slack="2147483647"/>
<pin id="3752" dir="0" index="14" bw="1" slack="0"/>
<pin id="3753" dir="0" index="15" bw="0" slack="2147483647"/>
<pin id="3754" dir="0" index="16" bw="1" slack="0"/>
<pin id="3755" dir="0" index="17" bw="0" slack="2147483647"/>
<pin id="3756" dir="1" index="18" bw="1" slack="0"/>
</pin_list>
<bind>
<opcode="phi(47) " fcode="phi"/>
<opset="p_7_51772122/1 "/>
</bind>
</comp>

<comp id="3766" class="1005" name="p_7_61673121_reg_3766">
<pin_list>
<pin id="3767" dir="0" index="0" bw="3" slack="2147483647"/>
<pin id="3768" dir="1" index="1" bw="3" slack="2147483647"/>
</pin_list>
<bind>
<opset="p_7_61673121 (phireg) "/>
</bind>
</comp>

<comp id="3769" class="1004" name="p_7_61673121_phi_fu_3769">
<pin_list>
<pin id="3770" dir="0" index="0" bw="3" slack="0"/>
<pin id="3771" dir="0" index="1" bw="0" slack="2147483647"/>
<pin id="3772" dir="0" index="2" bw="1" slack="0"/>
<pin id="3773" dir="0" index="3" bw="0" slack="2147483647"/>
<pin id="3774" dir="0" index="4" bw="1" slack="0"/>
<pin id="3775" dir="0" index="5" bw="0" slack="2147483647"/>
<pin id="3776" dir="0" index="6" bw="1" slack="0"/>
<pin id="3777" dir="0" index="7" bw="0" slack="2147483647"/>
<pin id="3778" dir="0" index="8" bw="1" slack="0"/>
<pin id="3779" dir="0" index="9" bw="0" slack="2147483647"/>
<pin id="3780" dir="0" index="10" bw="1" slack="0"/>
<pin id="3781" dir="0" index="11" bw="0" slack="2147483647"/>
<pin id="3782" dir="0" index="12" bw="1" slack="0"/>
<pin id="3783" dir="0" index="13" bw="0" slack="2147483647"/>
<pin id="3784" dir="0" index="14" bw="1" slack="0"/>
<pin id="3785" dir="0" index="15" bw="0" slack="2147483647"/>
<pin id="3786" dir="0" index="16" bw="1" slack="0"/>
<pin id="3787" dir="0" index="17" bw="0" slack="2147483647"/>
<pin id="3788" dir="1" index="18" bw="3" slack="0"/>
</pin_list>
<bind>
<opcode="phi(47) " fcode="phi"/>
<opset="p_7_61673121/1 "/>
</bind>
</comp>

<comp id="3798" class="1005" name="p_19_61574120_reg_3798">
<pin_list>
<pin id="3799" dir="0" index="0" bw="1" slack="2147483647"/>
<pin id="3800" dir="1" index="1" bw="1" slack="2147483647"/>
</pin_list>
<bind>
<opset="p_19_61574120 (phireg) "/>
</bind>
</comp>

<comp id="3801" class="1004" name="p_19_61574120_phi_fu_3801">
<pin_list>
<pin id="3802" dir="0" index="0" bw="1" slack="0"/>
<pin id="3803" dir="0" index="1" bw="0" slack="2147483647"/>
<pin id="3804" dir="0" index="2" bw="1" slack="0"/>
<pin id="3805" dir="0" index="3" bw="0" slack="2147483647"/>
<pin id="3806" dir="0" index="4" bw="1" slack="0"/>
<pin id="3807" dir="0" index="5" bw="0" slack="2147483647"/>
<pin id="3808" dir="0" index="6" bw="1" slack="0"/>
<pin id="3809" dir="0" index="7" bw="0" slack="2147483647"/>
<pin id="3810" dir="0" index="8" bw="1" slack="0"/>
<pin id="3811" dir="0" index="9" bw="0" slack="2147483647"/>
<pin id="3812" dir="0" index="10" bw="1" slack="0"/>
<pin id="3813" dir="0" index="11" bw="0" slack="2147483647"/>
<pin id="3814" dir="0" index="12" bw="1" slack="0"/>
<pin id="3815" dir="0" index="13" bw="0" slack="2147483647"/>
<pin id="3816" dir="0" index="14" bw="1" slack="0"/>
<pin id="3817" dir="0" index="15" bw="0" slack="2147483647"/>
<pin id="3818" dir="0" index="16" bw="1" slack="0"/>
<pin id="3819" dir="0" index="17" bw="0" slack="2147483647"/>
<pin id="3820" dir="1" index="18" bw="1" slack="0"/>
</pin_list>
<bind>
<opcode="phi(47) " fcode="phi"/>
<opset="p_19_61574120/1 "/>
</bind>
</comp>

<comp id="3830" class="1005" name="p_19_71475119_reg_3830">
<pin_list>
<pin id="3831" dir="0" index="0" bw="1" slack="2147483647"/>
<pin id="3832" dir="1" index="1" bw="1" slack="2147483647"/>
</pin_list>
<bind>
<opset="p_19_71475119 (phireg) "/>
</bind>
</comp>

<comp id="3833" class="1004" name="p_19_71475119_phi_fu_3833">
<pin_list>
<pin id="3834" dir="0" index="0" bw="1" slack="0"/>
<pin id="3835" dir="0" index="1" bw="0" slack="2147483647"/>
<pin id="3836" dir="0" index="2" bw="1" slack="0"/>
<pin id="3837" dir="0" index="3" bw="0" slack="2147483647"/>
<pin id="3838" dir="0" index="4" bw="1" slack="0"/>
<pin id="3839" dir="0" index="5" bw="0" slack="2147483647"/>
<pin id="3840" dir="0" index="6" bw="1" slack="0"/>
<pin id="3841" dir="0" index="7" bw="0" slack="2147483647"/>
<pin id="3842" dir="0" index="8" bw="1" slack="0"/>
<pin id="3843" dir="0" index="9" bw="0" slack="2147483647"/>
<pin id="3844" dir="0" index="10" bw="1" slack="0"/>
<pin id="3845" dir="0" index="11" bw="0" slack="2147483647"/>
<pin id="3846" dir="0" index="12" bw="1" slack="0"/>
<pin id="3847" dir="0" index="13" bw="0" slack="2147483647"/>
<pin id="3848" dir="0" index="14" bw="1" slack="0"/>
<pin id="3849" dir="0" index="15" bw="0" slack="2147483647"/>
<pin id="3850" dir="0" index="16" bw="1" slack="0"/>
<pin id="3851" dir="0" index="17" bw="0" slack="2147483647"/>
<pin id="3852" dir="1" index="18" bw="1" slack="0"/>
</pin_list>
<bind>
<opcode="phi(47) " fcode="phi"/>
<opset="p_19_71475119/1 "/>
</bind>
</comp>

<comp id="3862" class="1005" name="p_11_61376118_reg_3862">
<pin_list>
<pin id="3863" dir="0" index="0" bw="1" slack="2147483647"/>
<pin id="3864" dir="1" index="1" bw="1" slack="2147483647"/>
</pin_list>
<bind>
<opset="p_11_61376118 (phireg) "/>
</bind>
</comp>

<comp id="3865" class="1004" name="p_11_61376118_phi_fu_3865">
<pin_list>
<pin id="3866" dir="0" index="0" bw="1" slack="0"/>
<pin id="3867" dir="0" index="1" bw="0" slack="2147483647"/>
<pin id="3868" dir="0" index="2" bw="1" slack="0"/>
<pin id="3869" dir="0" index="3" bw="0" slack="2147483647"/>
<pin id="3870" dir="0" index="4" bw="1" slack="0"/>
<pin id="3871" dir="0" index="5" bw="0" slack="2147483647"/>
<pin id="3872" dir="0" index="6" bw="1" slack="0"/>
<pin id="3873" dir="0" index="7" bw="0" slack="2147483647"/>
<pin id="3874" dir="0" index="8" bw="1" slack="0"/>
<pin id="3875" dir="0" index="9" bw="0" slack="2147483647"/>
<pin id="3876" dir="0" index="10" bw="1" slack="0"/>
<pin id="3877" dir="0" index="11" bw="0" slack="2147483647"/>
<pin id="3878" dir="0" index="12" bw="1" slack="0"/>
<pin id="3879" dir="0" index="13" bw="0" slack="2147483647"/>
<pin id="3880" dir="0" index="14" bw="1" slack="0"/>
<pin id="3881" dir="0" index="15" bw="0" slack="2147483647"/>
<pin id="3882" dir="0" index="16" bw="1" slack="0"/>
<pin id="3883" dir="0" index="17" bw="0" slack="2147483647"/>
<pin id="3884" dir="1" index="18" bw="1" slack="0"/>
</pin_list>
<bind>
<opcode="phi(47) " fcode="phi"/>
<opset="p_11_61376118/1 "/>
</bind>
</comp>

<comp id="3894" class="1005" name="p_11_71277117_reg_3894">
<pin_list>
<pin id="3895" dir="0" index="0" bw="1" slack="2147483647"/>
<pin id="3896" dir="1" index="1" bw="1" slack="2147483647"/>
</pin_list>
<bind>
<opset="p_11_71277117 (phireg) "/>
</bind>
</comp>

<comp id="3897" class="1004" name="p_11_71277117_phi_fu_3897">
<pin_list>
<pin id="3898" dir="0" index="0" bw="1" slack="0"/>
<pin id="3899" dir="0" index="1" bw="0" slack="2147483647"/>
<pin id="3900" dir="0" index="2" bw="1" slack="0"/>
<pin id="3901" dir="0" index="3" bw="0" slack="2147483647"/>
<pin id="3902" dir="0" index="4" bw="1" slack="0"/>
<pin id="3903" dir="0" index="5" bw="0" slack="2147483647"/>
<pin id="3904" dir="0" index="6" bw="1" slack="0"/>
<pin id="3905" dir="0" index="7" bw="0" slack="2147483647"/>
<pin id="3906" dir="0" index="8" bw="1" slack="0"/>
<pin id="3907" dir="0" index="9" bw="0" slack="2147483647"/>
<pin id="3908" dir="0" index="10" bw="1" slack="0"/>
<pin id="3909" dir="0" index="11" bw="0" slack="2147483647"/>
<pin id="3910" dir="0" index="12" bw="1" slack="0"/>
<pin id="3911" dir="0" index="13" bw="0" slack="2147483647"/>
<pin id="3912" dir="0" index="14" bw="1" slack="0"/>
<pin id="3913" dir="0" index="15" bw="0" slack="2147483647"/>
<pin id="3914" dir="0" index="16" bw="1" slack="0"/>
<pin id="3915" dir="0" index="17" bw="0" slack="2147483647"/>
<pin id="3916" dir="1" index="18" bw="1" slack="0"/>
</pin_list>
<bind>
<opcode="phi(47) " fcode="phi"/>
<opset="p_11_71277117/1 "/>
</bind>
</comp>

<comp id="3926" class="1005" name="p_11_81178116_reg_3926">
<pin_list>
<pin id="3927" dir="0" index="0" bw="1" slack="2147483647"/>
<pin id="3928" dir="1" index="1" bw="1" slack="2147483647"/>
</pin_list>
<bind>
<opset="p_11_81178116 (phireg) "/>
</bind>
</comp>

<comp id="3929" class="1004" name="p_11_81178116_phi_fu_3929">
<pin_list>
<pin id="3930" dir="0" index="0" bw="1" slack="0"/>
<pin id="3931" dir="0" index="1" bw="0" slack="2147483647"/>
<pin id="3932" dir="0" index="2" bw="1" slack="0"/>
<pin id="3933" dir="0" index="3" bw="0" slack="2147483647"/>
<pin id="3934" dir="0" index="4" bw="1" slack="0"/>
<pin id="3935" dir="0" index="5" bw="0" slack="2147483647"/>
<pin id="3936" dir="0" index="6" bw="1" slack="0"/>
<pin id="3937" dir="0" index="7" bw="0" slack="2147483647"/>
<pin id="3938" dir="0" index="8" bw="1" slack="0"/>
<pin id="3939" dir="0" index="9" bw="0" slack="2147483647"/>
<pin id="3940" dir="0" index="10" bw="1" slack="0"/>
<pin id="3941" dir="0" index="11" bw="0" slack="2147483647"/>
<pin id="3942" dir="0" index="12" bw="1" slack="0"/>
<pin id="3943" dir="0" index="13" bw="0" slack="2147483647"/>
<pin id="3944" dir="0" index="14" bw="1" slack="0"/>
<pin id="3945" dir="0" index="15" bw="0" slack="2147483647"/>
<pin id="3946" dir="0" index="16" bw="1" slack="0"/>
<pin id="3947" dir="0" index="17" bw="0" slack="2147483647"/>
<pin id="3948" dir="1" index="18" bw="1" slack="0"/>
</pin_list>
<bind>
<opcode="phi(47) " fcode="phi"/>
<opset="p_11_81178116/1 "/>
</bind>
</comp>

<comp id="3958" class="1005" name="p_19_11079115_reg_3958">
<pin_list>
<pin id="3959" dir="0" index="0" bw="2" slack="2147483647"/>
<pin id="3960" dir="1" index="1" bw="2" slack="2147483647"/>
</pin_list>
<bind>
<opset="p_19_11079115 (phireg) "/>
</bind>
</comp>

<comp id="3961" class="1004" name="p_19_11079115_phi_fu_3961">
<pin_list>
<pin id="3962" dir="0" index="0" bw="2" slack="0"/>
<pin id="3963" dir="0" index="1" bw="0" slack="2147483647"/>
<pin id="3964" dir="0" index="2" bw="1" slack="0"/>
<pin id="3965" dir="0" index="3" bw="0" slack="2147483647"/>
<pin id="3966" dir="0" index="4" bw="1" slack="0"/>
<pin id="3967" dir="0" index="5" bw="0" slack="2147483647"/>
<pin id="3968" dir="0" index="6" bw="1" slack="0"/>
<pin id="3969" dir="0" index="7" bw="0" slack="2147483647"/>
<pin id="3970" dir="0" index="8" bw="1" slack="0"/>
<pin id="3971" dir="0" index="9" bw="0" slack="2147483647"/>
<pin id="3972" dir="0" index="10" bw="1" slack="0"/>
<pin id="3973" dir="0" index="11" bw="0" slack="2147483647"/>
<pin id="3974" dir="0" index="12" bw="1" slack="0"/>
<pin id="3975" dir="0" index="13" bw="0" slack="2147483647"/>
<pin id="3976" dir="0" index="14" bw="1" slack="0"/>
<pin id="3977" dir="0" index="15" bw="0" slack="2147483647"/>
<pin id="3978" dir="0" index="16" bw="1" slack="0"/>
<pin id="3979" dir="0" index="17" bw="0" slack="2147483647"/>
<pin id="3980" dir="1" index="18" bw="2" slack="0"/>
</pin_list>
<bind>
<opcode="phi(47) " fcode="phi"/>
<opset="p_19_11079115/1 "/>
</bind>
</comp>

<comp id="3990" class="1005" name="p_19_2980114_reg_3990">
<pin_list>
<pin id="3991" dir="0" index="0" bw="1" slack="2147483647"/>
<pin id="3992" dir="1" index="1" bw="1" slack="2147483647"/>
</pin_list>
<bind>
<opset="p_19_2980114 (phireg) "/>
</bind>
</comp>

<comp id="3993" class="1004" name="p_19_2980114_phi_fu_3993">
<pin_list>
<pin id="3994" dir="0" index="0" bw="1" slack="0"/>
<pin id="3995" dir="0" index="1" bw="0" slack="2147483647"/>
<pin id="3996" dir="0" index="2" bw="1" slack="0"/>
<pin id="3997" dir="0" index="3" bw="0" slack="2147483647"/>
<pin id="3998" dir="0" index="4" bw="1" slack="0"/>
<pin id="3999" dir="0" index="5" bw="0" slack="2147483647"/>
<pin id="4000" dir="0" index="6" bw="1" slack="0"/>
<pin id="4001" dir="0" index="7" bw="0" slack="2147483647"/>
<pin id="4002" dir="0" index="8" bw="1" slack="0"/>
<pin id="4003" dir="0" index="9" bw="0" slack="2147483647"/>
<pin id="4004" dir="0" index="10" bw="1" slack="0"/>
<pin id="4005" dir="0" index="11" bw="0" slack="2147483647"/>
<pin id="4006" dir="0" index="12" bw="1" slack="0"/>
<pin id="4007" dir="0" index="13" bw="0" slack="2147483647"/>
<pin id="4008" dir="0" index="14" bw="1" slack="0"/>
<pin id="4009" dir="0" index="15" bw="0" slack="2147483647"/>
<pin id="4010" dir="0" index="16" bw="1" slack="0"/>
<pin id="4011" dir="0" index="17" bw="0" slack="2147483647"/>
<pin id="4012" dir="1" index="18" bw="1" slack="0"/>
</pin_list>
<bind>
<opcode="phi(47) " fcode="phi"/>
<opset="p_19_2980114/1 "/>
</bind>
</comp>

<comp id="4022" class="1005" name="uop_20211_0881113_reg_4022">
<pin_list>
<pin id="4023" dir="0" index="0" bw="1" slack="2147483647"/>
<pin id="4024" dir="1" index="1" bw="1" slack="2147483647"/>
</pin_list>
<bind>
<opset="uop_20211_0881113 (phireg) "/>
</bind>
</comp>

<comp id="4025" class="1004" name="uop_20211_0881113_phi_fu_4025">
<pin_list>
<pin id="4026" dir="0" index="0" bw="1" slack="0"/>
<pin id="4027" dir="0" index="1" bw="0" slack="2147483647"/>
<pin id="4028" dir="0" index="2" bw="1" slack="0"/>
<pin id="4029" dir="0" index="3" bw="0" slack="2147483647"/>
<pin id="4030" dir="0" index="4" bw="1" slack="0"/>
<pin id="4031" dir="0" index="5" bw="0" slack="2147483647"/>
<pin id="4032" dir="0" index="6" bw="1" slack="0"/>
<pin id="4033" dir="0" index="7" bw="0" slack="2147483647"/>
<pin id="4034" dir="0" index="8" bw="1" slack="0"/>
<pin id="4035" dir="0" index="9" bw="0" slack="2147483647"/>
<pin id="4036" dir="0" index="10" bw="1" slack="0"/>
<pin id="4037" dir="0" index="11" bw="0" slack="2147483647"/>
<pin id="4038" dir="0" index="12" bw="1" slack="0"/>
<pin id="4039" dir="0" index="13" bw="0" slack="2147483647"/>
<pin id="4040" dir="0" index="14" bw="1" slack="0"/>
<pin id="4041" dir="0" index="15" bw="0" slack="2147483647"/>
<pin id="4042" dir="0" index="16" bw="1" slack="0"/>
<pin id="4043" dir="0" index="17" bw="0" slack="2147483647"/>
<pin id="4044" dir="1" index="18" bw="1" slack="0"/>
</pin_list>
<bind>
<opcode="phi(47) " fcode="phi"/>
<opset="uop_20211_0881113/1 "/>
</bind>
</comp>

<comp id="4054" class="1005" name="uop_15_14259_0583112_reg_4054">
<pin_list>
<pin id="4055" dir="0" index="0" bw="2" slack="2147483647"/>
<pin id="4056" dir="1" index="1" bw="2" slack="2147483647"/>
</pin_list>
<bind>
<opset="uop_15_14259_0583112 (phireg) "/>
</bind>
</comp>

<comp id="4057" class="1004" name="uop_15_14259_0583112_phi_fu_4057">
<pin_list>
<pin id="4058" dir="0" index="0" bw="2" slack="0"/>
<pin id="4059" dir="0" index="1" bw="0" slack="2147483647"/>
<pin id="4060" dir="0" index="2" bw="1" slack="0"/>
<pin id="4061" dir="0" index="3" bw="0" slack="2147483647"/>
<pin id="4062" dir="0" index="4" bw="1" slack="0"/>
<pin id="4063" dir="0" index="5" bw="0" slack="2147483647"/>
<pin id="4064" dir="0" index="6" bw="1" slack="0"/>
<pin id="4065" dir="0" index="7" bw="0" slack="2147483647"/>
<pin id="4066" dir="0" index="8" bw="1" slack="0"/>
<pin id="4067" dir="0" index="9" bw="0" slack="2147483647"/>
<pin id="4068" dir="0" index="10" bw="1" slack="0"/>
<pin id="4069" dir="0" index="11" bw="0" slack="2147483647"/>
<pin id="4070" dir="0" index="12" bw="1" slack="0"/>
<pin id="4071" dir="0" index="13" bw="0" slack="2147483647"/>
<pin id="4072" dir="0" index="14" bw="1" slack="0"/>
<pin id="4073" dir="0" index="15" bw="0" slack="2147483647"/>
<pin id="4074" dir="0" index="16" bw="1" slack="0"/>
<pin id="4075" dir="0" index="17" bw="0" slack="2147483647"/>
<pin id="4076" dir="1" index="18" bw="2" slack="0"/>
</pin_list>
<bind>
<opcode="phi(47) " fcode="phi"/>
<opset="uop_15_14259_0583112/1 "/>
</bind>
</comp>

<comp id="4086" class="1005" name="uop_13207_0484111_reg_4086">
<pin_list>
<pin id="4087" dir="0" index="0" bw="12" slack="2147483647"/>
<pin id="4088" dir="1" index="1" bw="12" slack="2147483647"/>
</pin_list>
<bind>
<opset="uop_13207_0484111 (phireg) "/>
</bind>
</comp>

<comp id="4089" class="1004" name="uop_13207_0484111_phi_fu_4089">
<pin_list>
<pin id="4090" dir="0" index="0" bw="12" slack="0"/>
<pin id="4091" dir="0" index="1" bw="0" slack="2147483647"/>
<pin id="4092" dir="0" index="2" bw="1" slack="0"/>
<pin id="4093" dir="0" index="3" bw="0" slack="2147483647"/>
<pin id="4094" dir="0" index="4" bw="1" slack="0"/>
<pin id="4095" dir="0" index="5" bw="0" slack="2147483647"/>
<pin id="4096" dir="0" index="6" bw="1" slack="0"/>
<pin id="4097" dir="0" index="7" bw="0" slack="2147483647"/>
<pin id="4098" dir="0" index="8" bw="1" slack="0"/>
<pin id="4099" dir="0" index="9" bw="0" slack="2147483647"/>
<pin id="4100" dir="0" index="10" bw="1" slack="0"/>
<pin id="4101" dir="0" index="11" bw="0" slack="2147483647"/>
<pin id="4102" dir="0" index="12" bw="1" slack="0"/>
<pin id="4103" dir="0" index="13" bw="0" slack="2147483647"/>
<pin id="4104" dir="0" index="14" bw="1" slack="0"/>
<pin id="4105" dir="0" index="15" bw="0" slack="2147483647"/>
<pin id="4106" dir="0" index="16" bw="12" slack="0"/>
<pin id="4107" dir="0" index="17" bw="0" slack="2147483647"/>
<pin id="4108" dir="1" index="18" bw="12" slack="0"/>
</pin_list>
<bind>
<opcode="phi(47) " fcode="phi"/>
<opset="uop_13207_0484111/1 "/>
</bind>
</comp>

<comp id="4117" class="1005" name="uop_12206_0385110_reg_4117">
<pin_list>
<pin id="4118" dir="0" index="0" bw="32" slack="2147483647"/>
<pin id="4119" dir="1" index="1" bw="32" slack="2147483647"/>
</pin_list>
<bind>
<opset="uop_12206_0385110 (phireg) "/>
</bind>
</comp>

<comp id="4120" class="1004" name="uop_12206_0385110_phi_fu_4120">
<pin_list>
<pin id="4121" dir="0" index="0" bw="32" slack="0"/>
<pin id="4122" dir="0" index="1" bw="0" slack="2147483647"/>
<pin id="4123" dir="0" index="2" bw="1" slack="0"/>
<pin id="4124" dir="0" index="3" bw="0" slack="2147483647"/>
<pin id="4125" dir="0" index="4" bw="14" slack="0"/>
<pin id="4126" dir="0" index="5" bw="0" slack="2147483647"/>
<pin id="4127" dir="0" index="6" bw="12" slack="0"/>
<pin id="4128" dir="0" index="7" bw="0" slack="2147483647"/>
<pin id="4129" dir="0" index="8" bw="29" slack="0"/>
<pin id="4130" dir="0" index="9" bw="0" slack="2147483647"/>
<pin id="4131" dir="0" index="10" bw="12" slack="0"/>
<pin id="4132" dir="0" index="11" bw="0" slack="2147483647"/>
<pin id="4133" dir="0" index="12" bw="1" slack="0"/>
<pin id="4134" dir="0" index="13" bw="0" slack="2147483647"/>
<pin id="4135" dir="0" index="14" bw="1" slack="0"/>
<pin id="4136" dir="0" index="15" bw="0" slack="2147483647"/>
<pin id="4137" dir="0" index="16" bw="1" slack="0"/>
<pin id="4138" dir="0" index="17" bw="0" slack="2147483647"/>
<pin id="4139" dir="1" index="18" bw="32" slack="0"/>
</pin_list>
<bind>
<opcode="phi(47) " fcode="phi"/>
<opset="uop_12206_0385110/1 "/>
</bind>
</comp>

<comp id="4145" class="1005" name="uop_exc_cause_1_reg_4145">
<pin_list>
<pin id="4146" dir="0" index="0" bw="4" slack="2147483647"/>
<pin id="4147" dir="1" index="1" bw="4" slack="2147483647"/>
</pin_list>
<bind>
<opset="uop_exc_cause_1 (phireg) "/>
</bind>
</comp>

<comp id="4148" class="1004" name="uop_exc_cause_1_phi_fu_4148">
<pin_list>
<pin id="4149" dir="0" index="0" bw="4" slack="0"/>
<pin id="4150" dir="0" index="1" bw="0" slack="2147483647"/>
<pin id="4151" dir="0" index="2" bw="3" slack="0"/>
<pin id="4152" dir="0" index="3" bw="0" slack="2147483647"/>
<pin id="4153" dir="0" index="4" bw="3" slack="0"/>
<pin id="4154" dir="0" index="5" bw="0" slack="2147483647"/>
<pin id="4155" dir="0" index="6" bw="3" slack="0"/>
<pin id="4156" dir="0" index="7" bw="0" slack="2147483647"/>
<pin id="4157" dir="0" index="8" bw="3" slack="0"/>
<pin id="4158" dir="0" index="9" bw="0" slack="2147483647"/>
<pin id="4159" dir="0" index="10" bw="1" slack="0"/>
<pin id="4160" dir="0" index="11" bw="0" slack="2147483647"/>
<pin id="4161" dir="0" index="12" bw="1" slack="0"/>
<pin id="4162" dir="0" index="13" bw="0" slack="2147483647"/>
<pin id="4163" dir="0" index="14" bw="1" slack="0"/>
<pin id="4164" dir="0" index="15" bw="0" slack="2147483647"/>
<pin id="4165" dir="0" index="16" bw="1" slack="0"/>
<pin id="4166" dir="0" index="17" bw="0" slack="2147483647"/>
<pin id="4167" dir="1" index="18" bw="4" slack="0"/>
</pin_list>
<bind>
<opcode="phi(47) " fcode="phi"/>
<opset="uop_exc_cause_1/1 "/>
</bind>
</comp>

<comp id="4177" class="1005" name="state_decode_dec_valids_0_flag_0_reg_4177">
<pin_list>
<pin id="4178" dir="0" index="0" bw="1" slack="2147483647"/>
<pin id="4179" dir="1" index="1" bw="1" slack="2147483647"/>
</pin_list>
<bind>
<opset="state_decode_dec_valids_0_flag_0 (phireg) "/>
</bind>
</comp>

<comp id="4180" class="1004" name="state_decode_dec_valids_0_flag_0_phi_fu_4180">
<pin_list>
<pin id="4181" dir="0" index="0" bw="1" slack="0"/>
<pin id="4182" dir="0" index="1" bw="0" slack="2147483647"/>
<pin id="4183" dir="0" index="2" bw="1" slack="0"/>
<pin id="4184" dir="0" index="3" bw="0" slack="2147483647"/>
<pin id="4185" dir="0" index="4" bw="1" slack="0"/>
<pin id="4186" dir="0" index="5" bw="0" slack="2147483647"/>
<pin id="4187" dir="1" index="6" bw="1" slack="2147483647"/>
</pin_list>
<bind>
<opcode="phi(47) " fcode="phi"/>
<opset="state_decode_dec_valids_0_flag_0/1 "/>
</bind>
</comp>

<comp id="4191" class="1005" name="state_decode_dec_valids_0_new_0_reg_4191">
<pin_list>
<pin id="4192" dir="0" index="0" bw="1" slack="2147483647"/>
<pin id="4193" dir="1" index="1" bw="1" slack="2147483647"/>
</pin_list>
<bind>
<opset="state_decode_dec_valids_0_new_0 (phireg) "/>
</bind>
</comp>

<comp id="4194" class="1004" name="state_decode_dec_valids_0_new_0_phi_fu_4194">
<pin_list>
<pin id="4195" dir="0" index="0" bw="1" slack="0"/>
<pin id="4196" dir="0" index="1" bw="0" slack="2147483647"/>
<pin id="4197" dir="0" index="2" bw="1" slack="0"/>
<pin id="4198" dir="0" index="3" bw="0" slack="2147483647"/>
<pin id="4199" dir="0" index="4" bw="1" slack="0"/>
<pin id="4200" dir="0" index="5" bw="0" slack="2147483647"/>
<pin id="4201" dir="1" index="6" bw="1" slack="0"/>
</pin_list>
<bind>
<opcode="phi(47) " fcode="phi"/>
<opset="state_decode_dec_valids_0_new_0/1 "/>
</bind>
</comp>

<comp id="4205" class="1004" name="grp_fu_4205">
<pin_list>
<pin id="4206" dir="0" index="0" bw="3" slack="0"/>
<pin id="4207" dir="0" index="1" bw="3" slack="0"/>
<pin id="4208" dir="1" index="2" bw="1" slack="0"/>
</pin_list>
<bind>
<opcode="icmp(45) " fcode="icmp"/>
<opset="icmp_ln311/1 icmp_ln294/1 "/>
</bind>
</comp>

<comp id="4210" class="1004" name="grp_fu_4210">
<pin_list>
<pin id="4211" dir="0" index="0" bw="7" slack="0"/>
<pin id="4212" dir="0" index="1" bw="7" slack="0"/>
<pin id="4213" dir="1" index="2" bw="1" slack="0"/>
</pin_list>
<bind>
<opcode="icmp(45) " fcode="icmp"/>
<opset="icmp_ln290/1 icmp_ln283/1 "/>
</bind>
</comp>

<comp id="4215" class="1004" name="grp_fu_4215">
<pin_list>
<pin id="4216" dir="0" index="0" bw="1" slack="0"/>
<pin id="4217" dir="0" index="1" bw="32" slack="0"/>
<pin id="4218" dir="0" index="2" bw="6" slack="0"/>
<pin id="4219" dir="1" index="3" bw="1" slack="0"/>
</pin_list>
<bind>
<opcode="bitselect(1000) " fcode="bitselect"/>
<opset="tmp_22/1 tmp_21/1 tmp_19/1 "/>
</bind>
</comp>

<comp id="4222" class="1004" name="grp_fu_4222">
<pin_list>
<pin id="4223" dir="0" index="0" bw="5" slack="0"/>
<pin id="4224" dir="0" index="1" bw="5" slack="0"/>
<pin id="4225" dir="1" index="2" bw="1" slack="0"/>
</pin_list>
<bind>
<opcode="icmp(45) " fcode="icmp"/>
<opset="icmp_ln243/1 icmp_ln239/1 "/>
</bind>
</comp>

<comp id="4227" class="1004" name="grp_fu_4227">
<pin_list>
<pin id="4228" dir="0" index="0" bw="1" slack="0"/>
<pin id="4229" dir="0" index="1" bw="2" slack="0"/>
<pin id="4230" dir="0" index="2" bw="2" slack="0"/>
<pin id="4231" dir="1" index="3" bw="2" slack="0"/>
</pin_list>
<bind>
<opcode="select(49) " fcode="select"/>
<opset="uop_rename_dst_rtype_1/1 uop_rename_dst_rtype/1 "/>
</bind>
</comp>

<comp id="4237" class="1004" name="grp_fu_4237">
<pin_list>
<pin id="4238" dir="0" index="0" bw="20" slack="0"/>
<pin id="4239" dir="0" index="1" bw="32" slack="0"/>
<pin id="4240" dir="0" index="2" bw="5" slack="0"/>
<pin id="4241" dir="0" index="3" bw="6" slack="0"/>
<pin id="4242" dir="1" index="4" bw="20" slack="0"/>
</pin_list>
<bind>
<opcode="partselect(1002) " fcode="partselect"/>
<opset="tmp_4/1 tmp_3/1 "/>
</bind>
</comp>

<comp id="4246" class="1004" name="state_rename_dispatch_packets_valid_0_load_load_fu_4246">
<pin_list>
<pin id="4247" dir="0" index="0" bw="1" slack="0"/>
<pin id="4248" dir="1" index="1" bw="1" slack="2147483647"/>
</pin_list>
<bind>
<opcode="load(27) " fcode="load"/>
<opset="state_rename_dispatch_packets_valid_0_load/1 "/>
</bind>
</comp>

<comp id="4250" class="1004" name="state_decode_dec_valids_0_load_load_fu_4250">
<pin_list>
<pin id="4251" dir="0" index="0" bw="1" slack="0"/>
<pin id="4252" dir="1" index="1" bw="1" slack="2147483647"/>
</pin_list>
<bind>
<opcode="load(27) " fcode="load"/>
<opset="state_decode_dec_valids_0_load/1 "/>
</bind>
</comp>

<comp id="4254" class="1004" name="state_frontend_fetch_packet_valid_load_load_fu_4254">
<pin_list>
<pin id="4255" dir="0" index="0" bw="1" slack="0"/>
<pin id="4256" dir="1" index="1" bw="1" slack="2147483647"/>
</pin_list>
<bind>
<opcode="load(27) " fcode="load"/>
<opset="state_frontend_fetch_packet_valid_load/1 "/>
</bind>
</comp>

<comp id="4258" class="1004" name="pc_load_fu_4258">
<pin_list>
<pin id="4259" dir="0" index="0" bw="64" slack="0"/>
<pin id="4260" dir="1" index="1" bw="64" slack="0"/>
</pin_list>
<bind>
<opcode="load(27) " fcode="load"/>
<opset="pc/1 "/>
</bind>
</comp>

<comp id="4262" class="1004" name="inst_load_fu_4262">
<pin_list>
<pin id="4263" dir="0" index="0" bw="32" slack="0"/>
<pin id="4264" dir="1" index="1" bw="32" slack="0"/>
</pin_list>
<bind>
<opcode="load(27) " fcode="load"/>
<opset="inst/1 "/>
</bind>
</comp>

<comp id="4268" class="1004" name="uop_rename_lrs1_fu_4268">
<pin_list>
<pin id="4269" dir="0" index="0" bw="5" slack="0"/>
<pin id="4270" dir="0" index="1" bw="32" slack="0"/>
<pin id="4271" dir="0" index="2" bw="5" slack="0"/>
<pin id="4272" dir="0" index="3" bw="6" slack="0"/>
<pin id="4273" dir="1" index="4" bw="5" slack="0"/>
</pin_list>
<bind>
<opcode="partselect(1002) " fcode="partselect"/>
<opset="uop_rename_lrs1/1 "/>
</bind>
</comp>

<comp id="4278" class="1004" name="v_11_fu_4278">
<pin_list>
<pin id="4279" dir="0" index="0" bw="12" slack="0"/>
<pin id="4280" dir="0" index="1" bw="32" slack="0"/>
<pin id="4281" dir="0" index="2" bw="6" slack="0"/>
<pin id="4282" dir="0" index="3" bw="6" slack="0"/>
<pin id="4283" dir="1" index="4" bw="12" slack="0"/>
</pin_list>
<bind>
<opcode="partselect(1002) " fcode="partselect"/>
<opset="v_11/1 "/>
</bind>
</comp>

<comp id="4295" class="1004" name="uop_rename_lrs2_fu_4295">
<pin_list>
<pin id="4296" dir="0" index="0" bw="5" slack="0"/>
<pin id="4297" dir="0" index="1" bw="32" slack="0"/>
<pin id="4298" dir="0" index="2" bw="6" slack="0"/>
<pin id="4299" dir="0" index="3" bw="6" slack="0"/>
<pin id="4300" dir="1" index="4" bw="5" slack="0"/>
</pin_list>
<bind>
<opcode="partselect(1002) " fcode="partselect"/>
<opset="uop_rename_lrs2/1 "/>
</bind>
</comp>

<comp id="4305" class="1004" name="uop_rename_ldst_fu_4305">
<pin_list>
<pin id="4306" dir="0" index="0" bw="5" slack="0"/>
<pin id="4307" dir="0" index="1" bw="32" slack="0"/>
<pin id="4308" dir="0" index="2" bw="4" slack="0"/>
<pin id="4309" dir="0" index="3" bw="5" slack="0"/>
<pin id="4310" dir="1" index="4" bw="5" slack="0"/>
</pin_list>
<bind>
<opcode="partselect(1002) " fcode="partselect"/>
<opset="uop_rename_ldst/1 "/>
</bind>
</comp>

<comp id="4316" class="1004" name="uop_branch_pc_lob_fu_4316">
<pin_list>
<pin id="4317" dir="0" index="0" bw="64" slack="0"/>
<pin id="4318" dir="1" index="1" bw="6" slack="0"/>
</pin_list>
<bind>
<opcode="trunc(33) " fcode="trunc"/>
<opset="uop_branch_pc_lob/1 "/>
</bind>
</comp>

<comp id="4320" class="1004" name="opcode_fu_4320">
<pin_list>
<pin id="4321" dir="0" index="0" bw="32" slack="0"/>
<pin id="4322" dir="1" index="1" bw="7" slack="0"/>
</pin_list>
<bind>
<opcode="trunc(33) " fcode="trunc"/>
<opset="opcode/1 "/>
</bind>
</comp>

<comp id="4324" class="1004" name="f3_fu_4324">
<pin_list>
<pin id="4325" dir="0" index="0" bw="3" slack="0"/>
<pin id="4326" dir="0" index="1" bw="32" slack="0"/>
<pin id="4327" dir="0" index="2" bw="5" slack="0"/>
<pin id="4328" dir="0" index="3" bw="5" slack="0"/>
<pin id="4329" dir="1" index="4" bw="3" slack="0"/>
</pin_list>
<bind>
<opcode="partselect(1002) " fcode="partselect"/>
<opset="f3/1 "/>
</bind>
</comp>

<comp id="4335" class="1004" name="zext_ln226_fu_4335">
<pin_list>
<pin id="4336" dir="0" index="0" bw="3" slack="0"/>
<pin id="4337" dir="1" index="1" bw="4" slack="0"/>
</pin_list>
<bind>
<opcode="zext(34) " fcode="zext"/>
<opset="zext_ln226/1 "/>
</bind>
</comp>

<comp id="4341" class="1004" name="f7_fu_4341">
<pin_list>
<pin id="4342" dir="0" index="0" bw="7" slack="0"/>
<pin id="4343" dir="0" index="1" bw="32" slack="0"/>
<pin id="4344" dir="0" index="2" bw="6" slack="0"/>
<pin id="4345" dir="0" index="3" bw="6" slack="0"/>
<pin id="4346" dir="1" index="4" bw="7" slack="0"/>
</pin_list>
<bind>
<opcode="partselect(1002) " fcode="partselect"/>
<opset="f7/1 "/>
</bind>
</comp>

<comp id="4352" class="1004" name="zext_ln230_fu_4352">
<pin_list>
<pin id="4353" dir="0" index="0" bw="7" slack="0"/>
<pin id="4354" dir="1" index="1" bw="8" slack="0"/>
</pin_list>
<bind>
<opcode="zext(34) " fcode="zext"/>
<opset="zext_ln230/1 "/>
</bind>
</comp>

<comp id="4356" class="1004" name="add_ln230_fu_4356">
<pin_list>
<pin id="4357" dir="0" index="0" bw="7" slack="0"/>
<pin id="4358" dir="0" index="1" bw="3" slack="0"/>
<pin id="4359" dir="1" index="2" bw="8" slack="0"/>
</pin_list>
<bind>
<opcode="add(8) " fcode="add"/>
<opset="add_ln230/1 "/>
</bind>
</comp>

<comp id="4362" class="1004" name="trunc_ln_fu_4362">
<pin_list>
<pin id="4363" dir="0" index="0" bw="6" slack="0"/>
<pin id="4364" dir="0" index="1" bw="8" slack="0"/>
<pin id="4365" dir="0" index="2" bw="3" slack="0"/>
<pin id="4366" dir="0" index="3" bw="4" slack="0"/>
<pin id="4367" dir="1" index="4" bw="6" slack="0"/>
</pin_list>
<bind>
<opcode="partselect(1002) " fcode="partselect"/>
<opset="trunc_ln/1 "/>
</bind>
</comp>

<comp id="4372" class="1004" name="sext_ln230_fu_4372">
<pin_list>
<pin id="4373" dir="0" index="0" bw="6" slack="0"/>
<pin id="4374" dir="1" index="1" bw="30" slack="0"/>
</pin_list>
<bind>
<opcode="sext(35) " fcode="sext"/>
<opset="sext_ln230/1 "/>
</bind>
</comp>

<comp id="4376" class="1004" name="trunc_ln230_fu_4376">
<pin_list>
<pin id="4377" dir="0" index="0" bw="8" slack="0"/>
<pin id="4378" dir="1" index="1" bw="2" slack="0"/>
</pin_list>
<bind>
<opcode="trunc(33) " fcode="trunc"/>
<opset="trunc_ln230/1 "/>
</bind>
</comp>

<comp id="4380" class="1004" name="or_ln_fu_4380">
<pin_list>
<pin id="4381" dir="0" index="0" bw="32" slack="0"/>
<pin id="4382" dir="0" index="1" bw="2" slack="0"/>
<pin id="4383" dir="0" index="2" bw="6" slack="0"/>
<pin id="4384" dir="1" index="3" bw="32" slack="2147483647"/>
</pin_list>
<bind>
<opcode="bitconcatenate(1004) " fcode="bitconcatenate"/>
<opset="or_ln/1 "/>
</bind>
</comp>

<comp id="4388" class="1004" name="icmp_ln297_fu_4388">
<pin_list>
<pin id="4389" dir="0" index="0" bw="7" slack="0"/>
<pin id="4390" dir="0" index="1" bw="7" slack="0"/>
<pin id="4391" dir="1" index="2" bw="1" slack="0"/>
</pin_list>
<bind>
<opcode="icmp(45) " fcode="icmp"/>
<opset="icmp_ln297/1 "/>
</bind>
</comp>

<comp id="4394" class="1004" name="or_ln311_fu_4394">
<pin_list>
<pin id="4395" dir="0" index="0" bw="5" slack="0"/>
<pin id="4396" dir="0" index="1" bw="5" slack="0"/>
<pin id="4397" dir="1" index="2" bw="5" slack="0"/>
</pin_list>
<bind>
<opcode="or(24) " fcode="or"/>
<opset="or_ln311/1 "/>
</bind>
</comp>

<comp id="4400" class="1004" name="tmp_s_fu_4400">
<pin_list>
<pin id="4401" dir="0" index="0" bw="12" slack="0"/>
<pin id="4402" dir="0" index="1" bw="7" slack="0"/>
<pin id="4403" dir="0" index="2" bw="5" slack="0"/>
<pin id="4404" dir="1" index="3" bw="12" slack="0"/>
</pin_list>
<bind>
<opcode="bitconcatenate(1004) " fcode="bitconcatenate"/>
<opset="tmp_s/1 "/>
</bind>
</comp>

<comp id="4408" class="1004" name="uop_is_sys_pc2epc_fu_4408">
<pin_list>
<pin id="4409" dir="0" index="0" bw="12" slack="0"/>
<pin id="4410" dir="0" index="1" bw="12" slack="0"/>
<pin id="4411" dir="1" index="2" bw="1" slack="0"/>
</pin_list>
<bind>
<opcode="icmp(45) " fcode="icmp"/>
<opset="uop_is_sys_pc2epc/1 "/>
</bind>
</comp>

<comp id="4415" class="1004" name="uop_rename_dst_rtype_3_fu_4415">
<pin_list>
<pin id="4416" dir="0" index="0" bw="1" slack="0"/>
<pin id="4417" dir="0" index="1" bw="1" slack="0"/>
<pin id="4418" dir="1" index="2" bw="1" slack="0"/>
</pin_list>
<bind>
<opcode="xor(25) " fcode="xor"/>
<opset="uop_rename_dst_rtype_3/1 "/>
</bind>
</comp>

<comp id="4421" class="1004" name="select_ln311_fu_4421">
<pin_list>
<pin id="4422" dir="0" index="0" bw="1" slack="0"/>
<pin id="4423" dir="0" index="1" bw="2" slack="0"/>
<pin id="4424" dir="0" index="2" bw="2" slack="0"/>
<pin id="4425" dir="1" index="3" bw="2" slack="0"/>
</pin_list>
<bind>
<opcode="select(49) " fcode="select"/>
<opset="select_ln311/1 "/>
</bind>
</comp>

<comp id="4430" class="1004" name="uop_exc_cause_fu_4430">
<pin_list>
<pin id="4431" dir="0" index="0" bw="1" slack="0"/>
<pin id="4432" dir="0" index="1" bw="4" slack="0"/>
<pin id="4433" dir="0" index="2" bw="4" slack="0"/>
<pin id="4434" dir="1" index="3" bw="4" slack="0"/>
</pin_list>
<bind>
<opcode="select(49) " fcode="select"/>
<opset="uop_exc_cause/1 "/>
</bind>
</comp>

<comp id="4439" class="1004" name="select_ln214_1_fu_4439">
<pin_list>
<pin id="4440" dir="0" index="0" bw="1" slack="0"/>
<pin id="4441" dir="0" index="1" bw="8" slack="0"/>
<pin id="4442" dir="0" index="2" bw="8" slack="0"/>
<pin id="4443" dir="1" index="3" bw="8" slack="0"/>
</pin_list>
<bind>
<opcode="select(49) " fcode="select"/>
<opset="select_ln214_1/1 "/>
</bind>
</comp>

<comp id="4448" class="1004" name="select_ln307_fu_4448">
<pin_list>
<pin id="4449" dir="0" index="0" bw="1" slack="0"/>
<pin id="4450" dir="0" index="1" bw="8" slack="0"/>
<pin id="4451" dir="0" index="2" bw="8" slack="0"/>
<pin id="4452" dir="1" index="3" bw="8" slack="0"/>
</pin_list>
<bind>
<opcode="select(49) " fcode="select"/>
<opset="select_ln307/1 "/>
</bind>
</comp>

<comp id="4457" class="1004" name="select_ln305_fu_4457">
<pin_list>
<pin id="4458" dir="0" index="0" bw="1" slack="0"/>
<pin id="4459" dir="0" index="1" bw="8" slack="0"/>
<pin id="4460" dir="0" index="2" bw="8" slack="0"/>
<pin id="4461" dir="1" index="3" bw="8" slack="0"/>
</pin_list>
<bind>
<opcode="select(49) " fcode="select"/>
<opset="select_ln305/1 "/>
</bind>
</comp>

<comp id="4466" class="1004" name="icmp_ln293_fu_4466">
<pin_list>
<pin id="4467" dir="0" index="0" bw="7" slack="0"/>
<pin id="4468" dir="0" index="1" bw="7" slack="0"/>
<pin id="4469" dir="1" index="2" bw="1" slack="2147483647"/>
</pin_list>
<bind>
<opcode="icmp(45) " fcode="icmp"/>
<opset="icmp_ln293/1 "/>
</bind>
</comp>

<comp id="4472" class="1004" name="select_ln300_fu_4472">
<pin_list>
<pin id="4473" dir="0" index="0" bw="1" slack="0"/>
<pin id="4474" dir="0" index="1" bw="8" slack="0"/>
<pin id="4475" dir="0" index="2" bw="8" slack="0"/>
<pin id="4476" dir="1" index="3" bw="8" slack="0"/>
</pin_list>
<bind>
<opcode="select(49) " fcode="select"/>
<opset="select_ln300/1 "/>
</bind>
</comp>

<comp id="4481" class="1004" name="select_ln297_fu_4481">
<pin_list>
<pin id="4482" dir="0" index="0" bw="1" slack="0"/>
<pin id="4483" dir="0" index="1" bw="8" slack="0"/>
<pin id="4484" dir="0" index="2" bw="8" slack="0"/>
<pin id="4485" dir="1" index="3" bw="8" slack="0"/>
</pin_list>
<bind>
<opcode="select(49) " fcode="select"/>
<opset="select_ln297/1 "/>
</bind>
</comp>

<comp id="4490" class="1004" name="select_ln214_fu_4490">
<pin_list>
<pin id="4491" dir="0" index="0" bw="1" slack="0"/>
<pin id="4492" dir="0" index="1" bw="8" slack="0"/>
<pin id="4493" dir="0" index="2" bw="8" slack="0"/>
<pin id="4494" dir="1" index="3" bw="8" slack="0"/>
</pin_list>
<bind>
<opcode="select(49) " fcode="select"/>
<opset="select_ln214/1 "/>
</bind>
</comp>

<comp id="4500" class="1004" name="sext_ln192_3_fu_4500">
<pin_list>
<pin id="4501" dir="0" index="0" bw="12" slack="0"/>
<pin id="4502" dir="1" index="1" bw="32" slack="0"/>
</pin_list>
<bind>
<opcode="sext(35) " fcode="sext"/>
<opset="sext_ln192_3/1 "/>
</bind>
</comp>

<comp id="4508" class="1004" name="select_ln290_fu_4508">
<pin_list>
<pin id="4509" dir="0" index="0" bw="1" slack="0"/>
<pin id="4510" dir="0" index="1" bw="8" slack="0"/>
<pin id="4511" dir="0" index="2" bw="8" slack="0"/>
<pin id="4512" dir="1" index="3" bw="8" slack="0"/>
</pin_list>
<bind>
<opcode="select(49) " fcode="select"/>
<opset="select_ln290/1 "/>
</bind>
</comp>

<comp id="4517" class="1004" name="sext_ln192_2_fu_4517">
<pin_list>
<pin id="4518" dir="0" index="0" bw="12" slack="0"/>
<pin id="4519" dir="1" index="1" bw="32" slack="0"/>
</pin_list>
<bind>
<opcode="sext(35) " fcode="sext"/>
<opset="sext_ln192_2/1 "/>
</bind>
</comp>

<comp id="4529" class="1004" name="select_ln283_fu_4529">
<pin_list>
<pin id="4530" dir="0" index="0" bw="1" slack="0"/>
<pin id="4531" dir="0" index="1" bw="8" slack="0"/>
<pin id="4532" dir="0" index="2" bw="8" slack="0"/>
<pin id="4533" dir="1" index="3" bw="8" slack="0"/>
</pin_list>
<bind>
<opcode="select(49) " fcode="select"/>
<opset="select_ln283/1 "/>
</bind>
</comp>

<comp id="4538" class="1004" name="v_6_fu_4538">
<pin_list>
<pin id="4539" dir="0" index="0" bw="12" slack="0"/>
<pin id="4540" dir="0" index="1" bw="7" slack="0"/>
<pin id="4541" dir="0" index="2" bw="5" slack="0"/>
<pin id="4542" dir="1" index="3" bw="12" slack="0"/>
</pin_list>
<bind>
<opcode="bitconcatenate(1004) " fcode="bitconcatenate"/>
<opset="v_6/1 "/>
</bind>
</comp>

<comp id="4546" class="1004" name="sext_ln194_fu_4546">
<pin_list>
<pin id="4547" dir="0" index="0" bw="12" slack="0"/>
<pin id="4548" dir="1" index="1" bw="28" slack="0"/>
</pin_list>
<bind>
<opcode="sext(35) " fcode="sext"/>
<opset="sext_ln194/1 "/>
</bind>
</comp>

<comp id="4550" class="1004" name="zext_ln194_fu_4550">
<pin_list>
<pin id="4551" dir="0" index="0" bw="12" slack="0"/>
<pin id="4552" dir="1" index="1" bw="29" slack="0"/>
</pin_list>
<bind>
<opcode="zext(34) " fcode="zext"/>
<opset="zext_ln194/1 "/>
</bind>
</comp>

<comp id="4554" class="1004" name="or_ln194_1_fu_4554">
<pin_list>
<pin id="4555" dir="0" index="0" bw="13" slack="0"/>
<pin id="4556" dir="0" index="1" bw="1" slack="0"/>
<pin id="4557" dir="0" index="2" bw="7" slack="0"/>
<pin id="4558" dir="0" index="3" bw="5" slack="0"/>
<pin id="4559" dir="1" index="4" bw="13" slack="0"/>
</pin_list>
<bind>
<opcode="bitconcatenate(1004) " fcode="bitconcatenate"/>
<opset="or_ln194_1/1 "/>
</bind>
</comp>

<comp id="4564" class="1004" name="sext_ln194_2_fu_4564">
<pin_list>
<pin id="4565" dir="0" index="0" bw="13" slack="0"/>
<pin id="4566" dir="1" index="1" bw="28" slack="0"/>
</pin_list>
<bind>
<opcode="sext(35) " fcode="sext"/>
<opset="sext_ln194_2/1 "/>
</bind>
</comp>

<comp id="4568" class="1004" name="or_ln3_fu_4568">
<pin_list>
<pin id="4569" dir="0" index="0" bw="29" slack="0"/>
<pin id="4570" dir="0" index="1" bw="1" slack="0"/>
<pin id="4571" dir="0" index="2" bw="13" slack="0"/>
<pin id="4572" dir="1" index="3" bw="29" slack="0"/>
</pin_list>
<bind>
<opcode="bitconcatenate(1004) " fcode="bitconcatenate"/>
<opset="or_ln3/1 "/>
</bind>
</comp>

<comp id="4576" class="1004" name="v_13_fu_4576">
<pin_list>
<pin id="4577" dir="0" index="0" bw="1" slack="0"/>
<pin id="4578" dir="0" index="1" bw="29" slack="0"/>
<pin id="4579" dir="0" index="2" bw="29" slack="0"/>
<pin id="4580" dir="1" index="3" bw="29" slack="0"/>
</pin_list>
<bind>
<opcode="select(49) " fcode="select"/>
<opset="v_13/1 "/>
</bind>
</comp>

<comp id="4584" class="1004" name="sext_ln194_1_fu_4584">
<pin_list>
<pin id="4585" dir="0" index="0" bw="29" slack="0"/>
<pin id="4586" dir="1" index="1" bw="32" slack="0"/>
</pin_list>
<bind>
<opcode="sext(35) " fcode="sext"/>
<opset="sext_ln194_1/1 "/>
</bind>
</comp>

<comp id="4593" class="1004" name="sext_ln192_1_fu_4593">
<pin_list>
<pin id="4594" dir="0" index="0" bw="12" slack="0"/>
<pin id="4595" dir="1" index="1" bw="32" slack="0"/>
</pin_list>
<bind>
<opcode="sext(35) " fcode="sext"/>
<opset="sext_ln192_1/1 "/>
</bind>
</comp>

<comp id="4605" class="1004" name="tmp_7_fu_4605">
<pin_list>
<pin id="4606" dir="0" index="0" bw="4" slack="0"/>
<pin id="4607" dir="0" index="1" bw="32" slack="0"/>
<pin id="4608" dir="0" index="2" bw="5" slack="0"/>
<pin id="4609" dir="0" index="3" bw="5" slack="0"/>
<pin id="4610" dir="1" index="4" bw="4" slack="0"/>
</pin_list>
<bind>
<opcode="partselect(1002) " fcode="partselect"/>
<opset="tmp_7/1 "/>
</bind>
</comp>

<comp id="4615" class="1004" name="tmp_8_fu_4615">
<pin_list>
<pin id="4616" dir="0" index="0" bw="6" slack="0"/>
<pin id="4617" dir="0" index="1" bw="32" slack="0"/>
<pin id="4618" dir="0" index="2" bw="6" slack="0"/>
<pin id="4619" dir="0" index="3" bw="6" slack="0"/>
<pin id="4620" dir="1" index="4" bw="6" slack="0"/>
</pin_list>
<bind>
<opcode="partselect(1002) " fcode="partselect"/>
<opset="tmp_8/1 "/>
</bind>
</comp>

<comp id="4625" class="1004" name="tmp_20_fu_4625">
<pin_list>
<pin id="4626" dir="0" index="0" bw="1" slack="0"/>
<pin id="4627" dir="0" index="1" bw="32" slack="0"/>
<pin id="4628" dir="0" index="2" bw="4" slack="0"/>
<pin id="4629" dir="1" index="3" bw="1" slack="0"/>
</pin_list>
<bind>
<opcode="bitselect(1000) " fcode="bitselect"/>
<opset="tmp_20/1 "/>
</bind>
</comp>

<comp id="4633" class="1004" name="and_ln196_2_fu_4633">
<pin_list>
<pin id="4634" dir="0" index="0" bw="13" slack="0"/>
<pin id="4635" dir="0" index="1" bw="1" slack="0"/>
<pin id="4636" dir="0" index="2" bw="1" slack="0"/>
<pin id="4637" dir="1" index="3" bw="13" slack="0"/>
</pin_list>
<bind>
<opcode="bitconcatenate(1004) " fcode="bitconcatenate"/>
<opset="and_ln196_2/1 "/>
</bind>
</comp>

<comp id="4641" class="1004" name="v_3_fu_4641">
<pin_list>
<pin id="4642" dir="0" index="0" bw="13" slack="0"/>
<pin id="4643" dir="0" index="1" bw="1" slack="0"/>
<pin id="4644" dir="0" index="2" bw="1" slack="0"/>
<pin id="4645" dir="0" index="3" bw="6" slack="0"/>
<pin id="4646" dir="0" index="4" bw="4" slack="0"/>
<pin id="4647" dir="0" index="5" bw="1" slack="0"/>
<pin id="4648" dir="1" index="6" bw="13" slack="0"/>
</pin_list>
<bind>
<opcode="bitconcatenate(1004) " fcode="bitconcatenate"/>
<opset="v_3/1 "/>
</bind>
</comp>

<comp id="4655" class="1004" name="zext_ln196_fu_4655">
<pin_list>
<pin id="4656" dir="0" index="0" bw="13" slack="0"/>
<pin id="4657" dir="1" index="1" bw="14" slack="0"/>
</pin_list>
<bind>
<opcode="zext(34) " fcode="zext"/>
<opset="zext_ln196/1 "/>
</bind>
</comp>

<comp id="4659" class="1004" name="icmp_ln197_fu_4659">
<pin_list>
<pin id="4660" dir="0" index="0" bw="13" slack="0"/>
<pin id="4661" dir="0" index="1" bw="13" slack="0"/>
<pin id="4662" dir="1" index="2" bw="1" slack="0"/>
</pin_list>
<bind>
<opcode="icmp(45) " fcode="icmp"/>
<opset="icmp_ln197/1 "/>
</bind>
</comp>

<comp id="4665" class="1004" name="or_ln2_fu_4665">
<pin_list>
<pin id="4666" dir="0" index="0" bw="14" slack="0"/>
<pin id="4667" dir="0" index="1" bw="1" slack="0"/>
<pin id="4668" dir="0" index="2" bw="1" slack="0"/>
<pin id="4669" dir="0" index="3" bw="1" slack="0"/>
<pin id="4670" dir="0" index="4" bw="6" slack="0"/>
<pin id="4671" dir="0" index="5" bw="4" slack="0"/>
<pin id="4672" dir="0" index="6" bw="1" slack="0"/>
<pin id="4673" dir="1" index="7" bw="14" slack="0"/>
</pin_list>
<bind>
<opcode="bitconcatenate(1004) " fcode="bitconcatenate"/>
<opset="or_ln2/1 "/>
</bind>
</comp>

<comp id="4681" class="1004" name="v_12_fu_4681">
<pin_list>
<pin id="4682" dir="0" index="0" bw="1" slack="0"/>
<pin id="4683" dir="0" index="1" bw="14" slack="0"/>
<pin id="4684" dir="0" index="2" bw="14" slack="0"/>
<pin id="4685" dir="1" index="3" bw="14" slack="0"/>
</pin_list>
<bind>
<opcode="select(49) " fcode="select"/>
<opset="v_12/1 "/>
</bind>
</comp>

<comp id="4689" class="1004" name="sext_ln196_fu_4689">
<pin_list>
<pin id="4690" dir="0" index="0" bw="14" slack="0"/>
<pin id="4691" dir="1" index="1" bw="32" slack="0"/>
</pin_list>
<bind>
<opcode="sext(35) " fcode="sext"/>
<opset="sext_ln196/1 "/>
</bind>
</comp>

<comp id="4700" class="1004" name="sext_ln192_fu_4700">
<pin_list>
<pin id="4701" dir="0" index="0" bw="12" slack="0"/>
<pin id="4702" dir="1" index="1" bw="32" slack="0"/>
</pin_list>
<bind>
<opcode="sext(35) " fcode="sext"/>
<opset="sext_ln192/1 "/>
</bind>
</comp>

<comp id="4705" class="1004" name="tmp_5_fu_4705">
<pin_list>
<pin id="4706" dir="0" index="0" bw="10" slack="0"/>
<pin id="4707" dir="0" index="1" bw="32" slack="0"/>
<pin id="4708" dir="0" index="2" bw="6" slack="0"/>
<pin id="4709" dir="0" index="3" bw="6" slack="0"/>
<pin id="4710" dir="1" index="4" bw="10" slack="0"/>
</pin_list>
<bind>
<opcode="partselect(1002) " fcode="partselect"/>
<opset="tmp_5/1 "/>
</bind>
</comp>

<comp id="4715" class="1004" name="tmp_fu_4715">
<pin_list>
<pin id="4716" dir="0" index="0" bw="1" slack="0"/>
<pin id="4717" dir="0" index="1" bw="32" slack="0"/>
<pin id="4718" dir="0" index="2" bw="6" slack="0"/>
<pin id="4719" dir="1" index="3" bw="1" slack="0"/>
</pin_list>
<bind>
<opcode="bitselect(1000) " fcode="bitselect"/>
<opset="tmp/1 "/>
</bind>
</comp>

<comp id="4723" class="1004" name="tmp_6_fu_4723">
<pin_list>
<pin id="4724" dir="0" index="0" bw="8" slack="0"/>
<pin id="4725" dir="0" index="1" bw="32" slack="0"/>
<pin id="4726" dir="0" index="2" bw="5" slack="0"/>
<pin id="4727" dir="0" index="3" bw="6" slack="0"/>
<pin id="4728" dir="1" index="4" bw="8" slack="0"/>
</pin_list>
<bind>
<opcode="partselect(1002) " fcode="partselect"/>
<opset="tmp_6/1 "/>
</bind>
</comp>

<comp id="4733" class="1004" name="and_ln200_2_fu_4733">
<pin_list>
<pin id="4734" dir="0" index="0" bw="21" slack="0"/>
<pin id="4735" dir="0" index="1" bw="1" slack="0"/>
<pin id="4736" dir="0" index="2" bw="1" slack="0"/>
<pin id="4737" dir="1" index="3" bw="21" slack="0"/>
</pin_list>
<bind>
<opcode="bitconcatenate(1004) " fcode="bitconcatenate"/>
<opset="and_ln200_2/1 "/>
</bind>
</comp>

<comp id="4741" class="1004" name="v_fu_4741">
<pin_list>
<pin id="4742" dir="0" index="0" bw="21" slack="0"/>
<pin id="4743" dir="0" index="1" bw="1" slack="0"/>
<pin id="4744" dir="0" index="2" bw="8" slack="0"/>
<pin id="4745" dir="0" index="3" bw="1" slack="0"/>
<pin id="4746" dir="0" index="4" bw="10" slack="0"/>
<pin id="4747" dir="0" index="5" bw="1" slack="0"/>
<pin id="4748" dir="1" index="6" bw="21" slack="0"/>
</pin_list>
<bind>
<opcode="bitconcatenate(1004) " fcode="bitconcatenate"/>
<opset="v/1 "/>
</bind>
</comp>

<comp id="4755" class="1004" name="zext_ln200_fu_4755">
<pin_list>
<pin id="4756" dir="0" index="0" bw="21" slack="0"/>
<pin id="4757" dir="1" index="1" bw="22" slack="0"/>
</pin_list>
<bind>
<opcode="zext(34) " fcode="zext"/>
<opset="zext_ln200/1 "/>
</bind>
</comp>

<comp id="4759" class="1004" name="icmp_ln201_fu_4759">
<pin_list>
<pin id="4760" dir="0" index="0" bw="21" slack="0"/>
<pin id="4761" dir="0" index="1" bw="21" slack="0"/>
<pin id="4762" dir="1" index="2" bw="1" slack="0"/>
</pin_list>
<bind>
<opcode="icmp(45) " fcode="icmp"/>
<opset="icmp_ln201/1 "/>
</bind>
</comp>

<comp id="4765" class="1004" name="or_ln1_fu_4765">
<pin_list>
<pin id="4766" dir="0" index="0" bw="22" slack="0"/>
<pin id="4767" dir="0" index="1" bw="1" slack="0"/>
<pin id="4768" dir="0" index="2" bw="1" slack="0"/>
<pin id="4769" dir="0" index="3" bw="8" slack="0"/>
<pin id="4770" dir="0" index="4" bw="1" slack="0"/>
<pin id="4771" dir="0" index="5" bw="10" slack="0"/>
<pin id="4772" dir="0" index="6" bw="1" slack="0"/>
<pin id="4773" dir="1" index="7" bw="22" slack="0"/>
</pin_list>
<bind>
<opcode="bitconcatenate(1004) " fcode="bitconcatenate"/>
<opset="or_ln1/1 "/>
</bind>
</comp>

<comp id="4781" class="1004" name="v_10_fu_4781">
<pin_list>
<pin id="4782" dir="0" index="0" bw="1" slack="0"/>
<pin id="4783" dir="0" index="1" bw="22" slack="0"/>
<pin id="4784" dir="0" index="2" bw="22" slack="0"/>
<pin id="4785" dir="1" index="3" bw="22" slack="0"/>
</pin_list>
<bind>
<opcode="select(49) " fcode="select"/>
<opset="v_10/1 "/>
</bind>
</comp>

<comp id="4789" class="1004" name="sext_ln200_fu_4789">
<pin_list>
<pin id="4790" dir="0" index="0" bw="22" slack="0"/>
<pin id="4791" dir="1" index="1" bw="32" slack="0"/>
</pin_list>
<bind>
<opcode="sext(35) " fcode="sext"/>
<opset="sext_ln200/1 "/>
</bind>
</comp>

<comp id="4794" class="1004" name="uop_imm_packed_1_fu_4794">
<pin_list>
<pin id="4795" dir="0" index="0" bw="32" slack="0"/>
<pin id="4796" dir="0" index="1" bw="20" slack="0"/>
<pin id="4797" dir="0" index="2" bw="1" slack="0"/>
<pin id="4798" dir="1" index="3" bw="32" slack="0"/>
</pin_list>
<bind>
<opcode="bitconcatenate(1004) " fcode="bitconcatenate"/>
<opset="uop_imm_packed_1/1 "/>
</bind>
</comp>

<comp id="4803" class="1004" name="uop_imm_packed_fu_4803">
<pin_list>
<pin id="4804" dir="0" index="0" bw="32" slack="0"/>
<pin id="4805" dir="0" index="1" bw="20" slack="0"/>
<pin id="4806" dir="0" index="2" bw="1" slack="0"/>
<pin id="4807" dir="1" index="3" bw="32" slack="0"/>
</pin_list>
<bind>
<opcode="bitconcatenate(1004) " fcode="bitconcatenate"/>
<opset="uop_imm_packed/1 "/>
</bind>
</comp>

<comp id="4812" class="1004" name="store_ln330_store_fu_4812">
<pin_list>
<pin id="4813" dir="0" index="0" bw="8" slack="0"/>
<pin id="4814" dir="0" index="1" bw="8" slack="0"/>
<pin id="4815" dir="1" index="2" bw="0" slack="2147483647"/>
</pin_list>
<bind>
<opcode="store(28) " fcode="store"/>
<opset="store_ln330/1 "/>
</bind>
</comp>

<comp id="4818" class="1004" name="store_ln330_store_fu_4818">
<pin_list>
<pin id="4819" dir="0" index="0" bw="32" slack="0"/>
<pin id="4820" dir="0" index="1" bw="32" slack="0"/>
<pin id="4821" dir="1" index="2" bw="0" slack="2147483647"/>
</pin_list>
<bind>
<opcode="store(28) " fcode="store"/>
<opset="store_ln330/1 "/>
</bind>
</comp>

<comp id="4824" class="1004" name="store_ln330_store_fu_4824">
<pin_list>
<pin id="4825" dir="0" index="0" bw="64" slack="0"/>
<pin id="4826" dir="0" index="1" bw="64" slack="0"/>
<pin id="4827" dir="1" index="2" bw="0" slack="2147483647"/>
</pin_list>
<bind>
<opcode="store(28) " fcode="store"/>
<opset="store_ln330/1 "/>
</bind>
</comp>

<comp id="4830" class="1004" name="store_ln330_store_fu_4830">
<pin_list>
<pin id="4831" dir="0" index="0" bw="1" slack="0"/>
<pin id="4832" dir="0" index="1" bw="1" slack="0"/>
<pin id="4833" dir="1" index="2" bw="0" slack="2147483647"/>
</pin_list>
<bind>
<opcode="store(28) " fcode="store"/>
<opset="store_ln330/1 "/>
</bind>
</comp>

<comp id="4836" class="1004" name="store_ln330_store_fu_4836">
<pin_list>
<pin id="4837" dir="0" index="0" bw="3" slack="0"/>
<pin id="4838" dir="0" index="1" bw="3" slack="0"/>
<pin id="4839" dir="1" index="2" bw="0" slack="2147483647"/>
</pin_list>
<bind>
<opcode="store(28) " fcode="store"/>
<opset="store_ln330/1 "/>
</bind>
</comp>

<comp id="4842" class="1004" name="store_ln330_store_fu_4842">
<pin_list>
<pin id="4843" dir="0" index="0" bw="4" slack="0"/>
<pin id="4844" dir="0" index="1" bw="4" slack="0"/>
<pin id="4845" dir="1" index="2" bw="0" slack="2147483647"/>
</pin_list>
<bind>
<opcode="store(28) " fcode="store"/>
<opset="store_ln330/1 "/>
</bind>
</comp>

<comp id="4848" class="1004" name="store_ln330_store_fu_4848">
<pin_list>
<pin id="4849" dir="0" index="0" bw="2" slack="0"/>
<pin id="4850" dir="0" index="1" bw="2" slack="0"/>
<pin id="4851" dir="1" index="2" bw="0" slack="2147483647"/>
</pin_list>
<bind>
<opcode="store(28) " fcode="store"/>
<opset="store_ln330/1 "/>
</bind>
</comp>

<comp id="4854" class="1004" name="store_ln330_store_fu_4854">
<pin_list>
<pin id="4855" dir="0" index="0" bw="2" slack="0"/>
<pin id="4856" dir="0" index="1" bw="2" slack="0"/>
<pin id="4857" dir="1" index="2" bw="0" slack="2147483647"/>
</pin_list>
<bind>
<opcode="store(28) " fcode="store"/>
<opset="store_ln330/1 "/>
</bind>
</comp>

<comp id="4860" class="1004" name="store_ln330_store_fu_4860">
<pin_list>
<pin id="4861" dir="0" index="0" bw="1" slack="0"/>
<pin id="4862" dir="0" index="1" bw="1" slack="0"/>
<pin id="4863" dir="1" index="2" bw="0" slack="2147483647"/>
</pin_list>
<bind>
<opcode="store(28) " fcode="store"/>
<opset="store_ln330/1 "/>
</bind>
</comp>

<comp id="4866" class="1004" name="store_ln330_store_fu_4866">
<pin_list>
<pin id="4867" dir="0" index="0" bw="3" slack="0"/>
<pin id="4868" dir="0" index="1" bw="3" slack="0"/>
<pin id="4869" dir="1" index="2" bw="0" slack="2147483647"/>
</pin_list>
<bind>
<opcode="store(28) " fcode="store"/>
<opset="store_ln330/1 "/>
</bind>
</comp>

<comp id="4872" class="1004" name="store_ln330_store_fu_4872">
<pin_list>
<pin id="4873" dir="0" index="0" bw="1" slack="0"/>
<pin id="4874" dir="0" index="1" bw="1" slack="0"/>
<pin id="4875" dir="1" index="2" bw="0" slack="2147483647"/>
</pin_list>
<bind>
<opcode="store(28) " fcode="store"/>
<opset="store_ln330/1 "/>
</bind>
</comp>

<comp id="4878" class="1004" name="store_ln330_store_fu_4878">
<pin_list>
<pin id="4879" dir="0" index="0" bw="1" slack="0"/>
<pin id="4880" dir="0" index="1" bw="1" slack="0"/>
<pin id="4881" dir="1" index="2" bw="0" slack="2147483647"/>
</pin_list>
<bind>
<opcode="store(28) " fcode="store"/>
<opset="store_ln330/1 "/>
</bind>
</comp>

<comp id="4884" class="1004" name="store_ln330_store_fu_4884">
<pin_list>
<pin id="4885" dir="0" index="0" bw="1" slack="0"/>
<pin id="4886" dir="0" index="1" bw="8" slack="0"/>
<pin id="4887" dir="1" index="2" bw="0" slack="2147483647"/>
</pin_list>
<bind>
<opcode="store(28) " fcode="store"/>
<opset="store_ln330/1 "/>
</bind>
</comp>

<comp id="4890" class="1004" name="store_ln330_store_fu_4890">
<pin_list>
<pin id="4891" dir="0" index="0" bw="6" slack="0"/>
<pin id="4892" dir="0" index="1" bw="6" slack="0"/>
<pin id="4893" dir="1" index="2" bw="0" slack="2147483647"/>
</pin_list>
<bind>
<opcode="store(28) " fcode="store"/>
<opset="store_ln330/1 "/>
</bind>
</comp>

<comp id="4896" class="1004" name="store_ln330_store_fu_4896">
<pin_list>
<pin id="4897" dir="0" index="0" bw="1" slack="0"/>
<pin id="4898" dir="0" index="1" bw="1" slack="0"/>
<pin id="4899" dir="1" index="2" bw="0" slack="2147483647"/>
</pin_list>
<bind>
<opcode="store(28) " fcode="store"/>
<opset="store_ln330/1 "/>
</bind>
</comp>

<comp id="4902" class="1004" name="store_ln330_store_fu_4902">
<pin_list>
<pin id="4903" dir="0" index="0" bw="1" slack="0"/>
<pin id="4904" dir="0" index="1" bw="1" slack="0"/>
<pin id="4905" dir="1" index="2" bw="0" slack="2147483647"/>
</pin_list>
<bind>
<opcode="store(28) " fcode="store"/>
<opset="store_ln330/1 "/>
</bind>
</comp>

<comp id="4908" class="1004" name="store_ln330_store_fu_4908">
<pin_list>
<pin id="4909" dir="0" index="0" bw="1" slack="0"/>
<pin id="4910" dir="0" index="1" bw="1" slack="0"/>
<pin id="4911" dir="1" index="2" bw="0" slack="2147483647"/>
</pin_list>
<bind>
<opcode="store(28) " fcode="store"/>
<opset="store_ln330/1 "/>
</bind>
</comp>

<comp id="4914" class="1004" name="store_ln330_store_fu_4914">
<pin_list>
<pin id="4915" dir="0" index="0" bw="32" slack="0"/>
<pin id="4916" dir="0" index="1" bw="32" slack="0"/>
<pin id="4917" dir="1" index="2" bw="0" slack="2147483647"/>
</pin_list>
<bind>
<opcode="store(28) " fcode="store"/>
<opset="store_ln330/1 "/>
</bind>
</comp>

<comp id="4920" class="1004" name="store_ln330_store_fu_4920">
<pin_list>
<pin id="4921" dir="0" index="0" bw="12" slack="0"/>
<pin id="4922" dir="0" index="1" bw="12" slack="0"/>
<pin id="4923" dir="1" index="2" bw="0" slack="2147483647"/>
</pin_list>
<bind>
<opcode="store(28) " fcode="store"/>
<opset="store_ln330/1 "/>
</bind>
</comp>

<comp id="4926" class="1004" name="store_ln330_store_fu_4926">
<pin_list>
<pin id="4927" dir="0" index="0" bw="5" slack="0"/>
<pin id="4928" dir="0" index="1" bw="5" slack="0"/>
<pin id="4929" dir="1" index="2" bw="0" slack="2147483647"/>
</pin_list>
<bind>
<opcode="store(28) " fcode="store"/>
<opset="store_ln330/1 "/>
</bind>
</comp>

<comp id="4932" class="1004" name="store_ln330_store_fu_4932">
<pin_list>
<pin id="4933" dir="0" index="0" bw="5" slack="0"/>
<pin id="4934" dir="0" index="1" bw="5" slack="0"/>
<pin id="4935" dir="1" index="2" bw="0" slack="2147483647"/>
</pin_list>
<bind>
<opcode="store(28) " fcode="store"/>
<opset="store_ln330/1 "/>
</bind>
</comp>

<comp id="4938" class="1004" name="store_ln330_store_fu_4938">
<pin_list>
<pin id="4939" dir="0" index="0" bw="5" slack="0"/>
<pin id="4940" dir="0" index="1" bw="5" slack="0"/>
<pin id="4941" dir="1" index="2" bw="0" slack="2147483647"/>
</pin_list>
<bind>
<opcode="store(28) " fcode="store"/>
<opset="store_ln330/1 "/>
</bind>
</comp>

<comp id="4944" class="1004" name="store_ln330_store_fu_4944">
<pin_list>
<pin id="4945" dir="0" index="0" bw="2" slack="0"/>
<pin id="4946" dir="0" index="1" bw="2" slack="0"/>
<pin id="4947" dir="1" index="2" bw="0" slack="2147483647"/>
</pin_list>
<bind>
<opcode="store(28) " fcode="store"/>
<opset="store_ln330/1 "/>
</bind>
</comp>

<comp id="4950" class="1004" name="store_ln330_store_fu_4950">
<pin_list>
<pin id="4951" dir="0" index="0" bw="1" slack="0"/>
<pin id="4952" dir="0" index="1" bw="1" slack="0"/>
<pin id="4953" dir="1" index="2" bw="0" slack="2147483647"/>
</pin_list>
<bind>
<opcode="store(28) " fcode="store"/>
<opset="store_ln330/1 "/>
</bind>
</comp>

<comp id="4956" class="1004" name="store_ln330_store_fu_4956">
<pin_list>
<pin id="4957" dir="0" index="0" bw="4" slack="0"/>
<pin id="4958" dir="0" index="1" bw="4" slack="0"/>
<pin id="4959" dir="1" index="2" bw="0" slack="2147483647"/>
</pin_list>
<bind>
<opcode="store(28) " fcode="store"/>
<opset="store_ln330/1 "/>
</bind>
</comp>

<comp id="4962" class="1004" name="store_ln330_store_fu_4962">
<pin_list>
<pin id="4963" dir="0" index="0" bw="2" slack="0"/>
<pin id="4964" dir="0" index="1" bw="2" slack="0"/>
<pin id="4965" dir="1" index="2" bw="0" slack="2147483647"/>
</pin_list>
<bind>
<opcode="store(28) " fcode="store"/>
<opset="store_ln330/1 "/>
</bind>
</comp>

<comp id="4968" class="1004" name="store_ln330_store_fu_4968">
<pin_list>
<pin id="4969" dir="0" index="0" bw="1" slack="0"/>
<pin id="4970" dir="0" index="1" bw="1" slack="0"/>
<pin id="4971" dir="1" index="2" bw="0" slack="2147483647"/>
</pin_list>
<bind>
<opcode="store(28) " fcode="store"/>
<opset="store_ln330/1 "/>
</bind>
</comp>

<comp id="4974" class="1004" name="store_ln330_store_fu_4974">
<pin_list>
<pin id="4975" dir="0" index="0" bw="1" slack="0"/>
<pin id="4976" dir="0" index="1" bw="1" slack="0"/>
<pin id="4977" dir="1" index="2" bw="0" slack="2147483647"/>
</pin_list>
<bind>
<opcode="store(28) " fcode="store"/>
<opset="store_ln330/1 "/>
</bind>
</comp>

<comp id="4980" class="1004" name="store_ln330_store_fu_4980">
<pin_list>
<pin id="4981" dir="0" index="0" bw="1" slack="0"/>
<pin id="4982" dir="0" index="1" bw="1" slack="0"/>
<pin id="4983" dir="1" index="2" bw="0" slack="2147483647"/>
</pin_list>
<bind>
<opcode="store(28) " fcode="store"/>
<opset="store_ln330/1 "/>
</bind>
</comp>

<comp id="4986" class="1004" name="store_ln330_store_fu_4986">
<pin_list>
<pin id="4987" dir="0" index="0" bw="1" slack="0"/>
<pin id="4988" dir="0" index="1" bw="1" slack="0"/>
<pin id="4989" dir="1" index="2" bw="0" slack="2147483647"/>
</pin_list>
<bind>
<opcode="store(28) " fcode="store"/>
<opset="store_ln330/1 "/>
</bind>
</comp>

<comp id="4992" class="1004" name="store_ln208_store_fu_4992">
<pin_list>
<pin id="4993" dir="0" index="0" bw="1" slack="0"/>
<pin id="4994" dir="0" index="1" bw="1" slack="0"/>
<pin id="4995" dir="1" index="2" bw="0" slack="2147483647"/>
</pin_list>
<bind>
<opcode="store(28) " fcode="store"/>
<opset="store_ln208/1 "/>
</bind>
</comp>

</comp_list>

<net_list>
<net id="453"><net_src comp="114" pin="0"/><net_sink comp="347" pin=54"/></net>

<net id="454"><net_src comp="114" pin="0"/><net_sink comp="347" pin=56"/></net>

<net id="455"><net_src comp="114" pin="0"/><net_sink comp="347" pin=58"/></net>

<net id="456"><net_src comp="114" pin="0"/><net_sink comp="347" pin=60"/></net>

<net id="457"><net_src comp="114" pin="0"/><net_sink comp="347" pin=62"/></net>

<net id="458"><net_src comp="114" pin="0"/><net_sink comp="347" pin=64"/></net>

<net id="459"><net_src comp="114" pin="0"/><net_sink comp="347" pin=66"/></net>

<net id="460"><net_src comp="114" pin="0"/><net_sink comp="347" pin=68"/></net>

<net id="461"><net_src comp="114" pin="0"/><net_sink comp="347" pin=70"/></net>

<net id="462"><net_src comp="114" pin="0"/><net_sink comp="347" pin=72"/></net>

<net id="463"><net_src comp="114" pin="0"/><net_sink comp="347" pin=74"/></net>

<net id="464"><net_src comp="114" pin="0"/><net_sink comp="347" pin=76"/></net>

<net id="465"><net_src comp="114" pin="0"/><net_sink comp="347" pin=78"/></net>

<net id="466"><net_src comp="114" pin="0"/><net_sink comp="347" pin=80"/></net>

<net id="467"><net_src comp="114" pin="0"/><net_sink comp="347" pin=82"/></net>

<net id="468"><net_src comp="114" pin="0"/><net_sink comp="347" pin=84"/></net>

<net id="469"><net_src comp="114" pin="0"/><net_sink comp="347" pin=96"/></net>

<net id="470"><net_src comp="114" pin="0"/><net_sink comp="347" pin=98"/></net>

<net id="471"><net_src comp="114" pin="0"/><net_sink comp="347" pin=100"/></net>

<net id="472"><net_src comp="114" pin="0"/><net_sink comp="347" pin=102"/></net>

<net id="582"><net_src comp="142" pin="0"/><net_sink comp="476" pin=0"/></net>

<net id="583"><net_src comp="142" pin="0"/><net_sink comp="476" pin=2"/></net>

<net id="584"><net_src comp="142" pin="0"/><net_sink comp="476" pin=4"/></net>

<net id="585"><net_src comp="142" pin="0"/><net_sink comp="476" pin=6"/></net>

<net id="586"><net_src comp="142" pin="0"/><net_sink comp="476" pin=8"/></net>

<net id="587"><net_src comp="142" pin="0"/><net_sink comp="476" pin=10"/></net>

<net id="588"><net_src comp="142" pin="0"/><net_sink comp="476" pin=12"/></net>

<net id="589"><net_src comp="142" pin="0"/><net_sink comp="476" pin=14"/></net>

<net id="590"><net_src comp="142" pin="0"/><net_sink comp="476" pin=16"/></net>

<net id="591"><net_src comp="142" pin="0"/><net_sink comp="476" pin=18"/></net>

<net id="592"><net_src comp="142" pin="0"/><net_sink comp="476" pin=20"/></net>

<net id="593"><net_src comp="142" pin="0"/><net_sink comp="476" pin=22"/></net>

<net id="594"><net_src comp="142" pin="0"/><net_sink comp="476" pin=24"/></net>

<net id="595"><net_src comp="142" pin="0"/><net_sink comp="476" pin=26"/></net>

<net id="596"><net_src comp="142" pin="0"/><net_sink comp="476" pin=28"/></net>

<net id="597"><net_src comp="142" pin="0"/><net_sink comp="476" pin=30"/></net>

<net id="598"><net_src comp="142" pin="0"/><net_sink comp="476" pin=32"/></net>

<net id="599"><net_src comp="142" pin="0"/><net_sink comp="476" pin=34"/></net>

<net id="600"><net_src comp="142" pin="0"/><net_sink comp="476" pin=36"/></net>

<net id="601"><net_src comp="142" pin="0"/><net_sink comp="476" pin=38"/></net>

<net id="602"><net_src comp="142" pin="0"/><net_sink comp="476" pin=40"/></net>

<net id="603"><net_src comp="142" pin="0"/><net_sink comp="476" pin=42"/></net>

<net id="604"><net_src comp="142" pin="0"/><net_sink comp="476" pin=44"/></net>

<net id="605"><net_src comp="142" pin="0"/><net_sink comp="476" pin=46"/></net>

<net id="606"><net_src comp="142" pin="0"/><net_sink comp="476" pin=48"/></net>

<net id="607"><net_src comp="142" pin="0"/><net_sink comp="476" pin=50"/></net>

<net id="608"><net_src comp="142" pin="0"/><net_sink comp="476" pin=52"/></net>

<net id="609"><net_src comp="142" pin="0"/><net_sink comp="476" pin=54"/></net>

<net id="610"><net_src comp="142" pin="0"/><net_sink comp="476" pin=56"/></net>

<net id="611"><net_src comp="142" pin="0"/><net_sink comp="476" pin=58"/></net>

<net id="612"><net_src comp="142" pin="0"/><net_sink comp="476" pin=60"/></net>

<net id="613"><net_src comp="142" pin="0"/><net_sink comp="476" pin=62"/></net>

<net id="614"><net_src comp="142" pin="0"/><net_sink comp="476" pin=64"/></net>

<net id="615"><net_src comp="142" pin="0"/><net_sink comp="476" pin=66"/></net>

<net id="616"><net_src comp="142" pin="0"/><net_sink comp="476" pin=68"/></net>

<net id="617"><net_src comp="142" pin="0"/><net_sink comp="476" pin=70"/></net>

<net id="618"><net_src comp="142" pin="0"/><net_sink comp="476" pin=82"/></net>

<net id="619"><net_src comp="142" pin="0"/><net_sink comp="476" pin=84"/></net>

<net id="620"><net_src comp="142" pin="0"/><net_sink comp="476" pin=86"/></net>

<net id="621"><net_src comp="142" pin="0"/><net_sink comp="476" pin=88"/></net>

<net id="622"><net_src comp="142" pin="0"/><net_sink comp="476" pin=90"/></net>

<net id="623"><net_src comp="142" pin="0"/><net_sink comp="476" pin=92"/></net>

<net id="624"><net_src comp="142" pin="0"/><net_sink comp="476" pin=94"/></net>

<net id="625"><net_src comp="142" pin="0"/><net_sink comp="476" pin=96"/></net>

<net id="626"><net_src comp="142" pin="0"/><net_sink comp="476" pin=98"/></net>

<net id="627"><net_src comp="142" pin="0"/><net_sink comp="476" pin=100"/></net>

<net id="737"><net_src comp="148" pin="0"/><net_sink comp="631" pin=0"/></net>

<net id="738"><net_src comp="148" pin="0"/><net_sink comp="631" pin=2"/></net>

<net id="739"><net_src comp="146" pin="0"/><net_sink comp="631" pin=8"/></net>

<net id="740"><net_src comp="146" pin="0"/><net_sink comp="631" pin=10"/></net>

<net id="741"><net_src comp="146" pin="0"/><net_sink comp="631" pin=12"/></net>

<net id="742"><net_src comp="146" pin="0"/><net_sink comp="631" pin=14"/></net>

<net id="743"><net_src comp="146" pin="0"/><net_sink comp="631" pin=16"/></net>

<net id="744"><net_src comp="148" pin="0"/><net_sink comp="631" pin=18"/></net>

<net id="745"><net_src comp="148" pin="0"/><net_sink comp="631" pin=20"/></net>

<net id="746"><net_src comp="148" pin="0"/><net_sink comp="631" pin=22"/></net>

<net id="747"><net_src comp="148" pin="0"/><net_sink comp="631" pin=24"/></net>

<net id="748"><net_src comp="148" pin="0"/><net_sink comp="631" pin=26"/></net>

<net id="749"><net_src comp="148" pin="0"/><net_sink comp="631" pin=28"/></net>

<net id="750"><net_src comp="146" pin="0"/><net_sink comp="631" pin=30"/></net>

<net id="751"><net_src comp="146" pin="0"/><net_sink comp="631" pin=32"/></net>

<net id="752"><net_src comp="146" pin="0"/><net_sink comp="631" pin=34"/></net>

<net id="753"><net_src comp="148" pin="0"/><net_sink comp="631" pin=36"/></net>

<net id="754"><net_src comp="148" pin="0"/><net_sink comp="631" pin=38"/></net>

<net id="755"><net_src comp="148" pin="0"/><net_sink comp="631" pin=40"/></net>

<net id="756"><net_src comp="148" pin="0"/><net_sink comp="631" pin=42"/></net>

<net id="757"><net_src comp="148" pin="0"/><net_sink comp="631" pin=44"/></net>

<net id="758"><net_src comp="148" pin="0"/><net_sink comp="631" pin=46"/></net>

<net id="759"><net_src comp="148" pin="0"/><net_sink comp="631" pin=48"/></net>

<net id="760"><net_src comp="148" pin="0"/><net_sink comp="631" pin=50"/></net>

<net id="761"><net_src comp="148" pin="0"/><net_sink comp="631" pin=52"/></net>

<net id="762"><net_src comp="148" pin="0"/><net_sink comp="631" pin=54"/></net>

<net id="763"><net_src comp="148" pin="0"/><net_sink comp="631" pin=56"/></net>

<net id="764"><net_src comp="148" pin="0"/><net_sink comp="631" pin=58"/></net>

<net id="765"><net_src comp="148" pin="0"/><net_sink comp="631" pin=60"/></net>

<net id="766"><net_src comp="148" pin="0"/><net_sink comp="631" pin=62"/></net>

<net id="767"><net_src comp="148" pin="0"/><net_sink comp="631" pin=64"/></net>

<net id="768"><net_src comp="148" pin="0"/><net_sink comp="631" pin=66"/></net>

<net id="769"><net_src comp="148" pin="0"/><net_sink comp="631" pin=68"/></net>

<net id="770"><net_src comp="148" pin="0"/><net_sink comp="631" pin=70"/></net>

<net id="771"><net_src comp="148" pin="0"/><net_sink comp="631" pin=72"/></net>

<net id="772"><net_src comp="148" pin="0"/><net_sink comp="631" pin=74"/></net>

<net id="773"><net_src comp="148" pin="0"/><net_sink comp="631" pin=76"/></net>

<net id="774"><net_src comp="148" pin="0"/><net_sink comp="631" pin=78"/></net>

<net id="775"><net_src comp="148" pin="0"/><net_sink comp="631" pin=80"/></net>

<net id="776"><net_src comp="146" pin="0"/><net_sink comp="631" pin=84"/></net>

<net id="777"><net_src comp="146" pin="0"/><net_sink comp="631" pin=86"/></net>

<net id="778"><net_src comp="148" pin="0"/><net_sink comp="631" pin=88"/></net>

<net id="779"><net_src comp="146" pin="0"/><net_sink comp="631" pin=90"/></net>

<net id="780"><net_src comp="148" pin="0"/><net_sink comp="631" pin=92"/></net>

<net id="781"><net_src comp="148" pin="0"/><net_sink comp="631" pin=94"/></net>

<net id="782"><net_src comp="148" pin="0"/><net_sink comp="631" pin=96"/></net>

<net id="783"><net_src comp="148" pin="0"/><net_sink comp="631" pin=98"/></net>

<net id="784"><net_src comp="148" pin="0"/><net_sink comp="631" pin=100"/></net>

<net id="785"><net_src comp="148" pin="0"/><net_sink comp="631" pin=102"/></net>

<net id="895"><net_src comp="152" pin="0"/><net_sink comp="789" pin=0"/></net>

<net id="896"><net_src comp="152" pin="0"/><net_sink comp="789" pin=2"/></net>

<net id="897"><net_src comp="152" pin="0"/><net_sink comp="789" pin=4"/></net>

<net id="898"><net_src comp="152" pin="0"/><net_sink comp="789" pin=6"/></net>

<net id="899"><net_src comp="152" pin="0"/><net_sink comp="789" pin=8"/></net>

<net id="900"><net_src comp="152" pin="0"/><net_sink comp="789" pin=10"/></net>

<net id="901"><net_src comp="152" pin="0"/><net_sink comp="789" pin=12"/></net>

<net id="902"><net_src comp="152" pin="0"/><net_sink comp="789" pin=14"/></net>

<net id="903"><net_src comp="152" pin="0"/><net_sink comp="789" pin=16"/></net>

<net id="904"><net_src comp="152" pin="0"/><net_sink comp="789" pin=18"/></net>

<net id="905"><net_src comp="152" pin="0"/><net_sink comp="789" pin=20"/></net>

<net id="906"><net_src comp="152" pin="0"/><net_sink comp="789" pin=22"/></net>

<net id="907"><net_src comp="152" pin="0"/><net_sink comp="789" pin=24"/></net>

<net id="908"><net_src comp="152" pin="0"/><net_sink comp="789" pin=26"/></net>

<net id="909"><net_src comp="152" pin="0"/><net_sink comp="789" pin=28"/></net>

<net id="910"><net_src comp="152" pin="0"/><net_sink comp="789" pin=30"/></net>

<net id="911"><net_src comp="152" pin="0"/><net_sink comp="789" pin=32"/></net>

<net id="912"><net_src comp="152" pin="0"/><net_sink comp="789" pin=34"/></net>

<net id="913"><net_src comp="152" pin="0"/><net_sink comp="789" pin=36"/></net>

<net id="914"><net_src comp="152" pin="0"/><net_sink comp="789" pin=38"/></net>

<net id="915"><net_src comp="152" pin="0"/><net_sink comp="789" pin=40"/></net>

<net id="916"><net_src comp="152" pin="0"/><net_sink comp="789" pin=42"/></net>

<net id="917"><net_src comp="152" pin="0"/><net_sink comp="789" pin=44"/></net>

<net id="918"><net_src comp="152" pin="0"/><net_sink comp="789" pin=46"/></net>

<net id="919"><net_src comp="152" pin="0"/><net_sink comp="789" pin=48"/></net>

<net id="920"><net_src comp="152" pin="0"/><net_sink comp="789" pin=50"/></net>

<net id="921"><net_src comp="152" pin="0"/><net_sink comp="789" pin=52"/></net>

<net id="922"><net_src comp="152" pin="0"/><net_sink comp="789" pin=54"/></net>

<net id="923"><net_src comp="152" pin="0"/><net_sink comp="789" pin=56"/></net>

<net id="924"><net_src comp="152" pin="0"/><net_sink comp="789" pin=58"/></net>

<net id="925"><net_src comp="152" pin="0"/><net_sink comp="789" pin=60"/></net>

<net id="926"><net_src comp="152" pin="0"/><net_sink comp="789" pin=62"/></net>

<net id="927"><net_src comp="152" pin="0"/><net_sink comp="789" pin=64"/></net>

<net id="928"><net_src comp="152" pin="0"/><net_sink comp="789" pin=66"/></net>

<net id="929"><net_src comp="152" pin="0"/><net_sink comp="789" pin=68"/></net>

<net id="930"><net_src comp="152" pin="0"/><net_sink comp="789" pin=70"/></net>

<net id="931"><net_src comp="152" pin="0"/><net_sink comp="789" pin=72"/></net>

<net id="932"><net_src comp="152" pin="0"/><net_sink comp="789" pin=74"/></net>

<net id="933"><net_src comp="152" pin="0"/><net_sink comp="789" pin=76"/></net>

<net id="934"><net_src comp="152" pin="0"/><net_sink comp="789" pin=78"/></net>

<net id="935"><net_src comp="152" pin="0"/><net_sink comp="789" pin=80"/></net>

<net id="936"><net_src comp="152" pin="0"/><net_sink comp="789" pin=84"/></net>

<net id="937"><net_src comp="152" pin="0"/><net_sink comp="789" pin=86"/></net>

<net id="938"><net_src comp="152" pin="0"/><net_sink comp="789" pin=88"/></net>

<net id="939"><net_src comp="152" pin="0"/><net_sink comp="789" pin=90"/></net>

<net id="940"><net_src comp="152" pin="0"/><net_sink comp="789" pin=92"/></net>

<net id="941"><net_src comp="152" pin="0"/><net_sink comp="789" pin=94"/></net>

<net id="942"><net_src comp="152" pin="0"/><net_sink comp="789" pin=96"/></net>

<net id="943"><net_src comp="152" pin="0"/><net_sink comp="789" pin=98"/></net>

<net id="944"><net_src comp="152" pin="0"/><net_sink comp="789" pin=100"/></net>

<net id="945"><net_src comp="152" pin="0"/><net_sink comp="789" pin=102"/></net>

<net id="1055"><net_src comp="208" pin="0"/><net_sink comp="949" pin=0"/></net>

<net id="1056"><net_src comp="208" pin="0"/><net_sink comp="949" pin=2"/></net>

<net id="1057"><net_src comp="208" pin="0"/><net_sink comp="949" pin=4"/></net>

<net id="1058"><net_src comp="208" pin="0"/><net_sink comp="949" pin=6"/></net>

<net id="1059"><net_src comp="208" pin="0"/><net_sink comp="949" pin=8"/></net>

<net id="1060"><net_src comp="208" pin="0"/><net_sink comp="949" pin=10"/></net>

<net id="1061"><net_src comp="208" pin="0"/><net_sink comp="949" pin=12"/></net>

<net id="1062"><net_src comp="208" pin="0"/><net_sink comp="949" pin=14"/></net>

<net id="1063"><net_src comp="208" pin="0"/><net_sink comp="949" pin=16"/></net>

<net id="1064"><net_src comp="208" pin="0"/><net_sink comp="949" pin=18"/></net>

<net id="1065"><net_src comp="208" pin="0"/><net_sink comp="949" pin=20"/></net>

<net id="1066"><net_src comp="208" pin="0"/><net_sink comp="949" pin=22"/></net>

<net id="1067"><net_src comp="208" pin="0"/><net_sink comp="949" pin=24"/></net>

<net id="1068"><net_src comp="208" pin="0"/><net_sink comp="949" pin=26"/></net>

<net id="1069"><net_src comp="208" pin="0"/><net_sink comp="949" pin=28"/></net>

<net id="1070"><net_src comp="208" pin="0"/><net_sink comp="949" pin=30"/></net>

<net id="1071"><net_src comp="208" pin="0"/><net_sink comp="949" pin=32"/></net>

<net id="1072"><net_src comp="208" pin="0"/><net_sink comp="949" pin=34"/></net>

<net id="1073"><net_src comp="208" pin="0"/><net_sink comp="949" pin=36"/></net>

<net id="1074"><net_src comp="208" pin="0"/><net_sink comp="949" pin=38"/></net>

<net id="1075"><net_src comp="208" pin="0"/><net_sink comp="949" pin=40"/></net>

<net id="1076"><net_src comp="208" pin="0"/><net_sink comp="949" pin=42"/></net>

<net id="1077"><net_src comp="208" pin="0"/><net_sink comp="949" pin=44"/></net>

<net id="1078"><net_src comp="208" pin="0"/><net_sink comp="949" pin=46"/></net>

<net id="1079"><net_src comp="208" pin="0"/><net_sink comp="949" pin=48"/></net>

<net id="1080"><net_src comp="208" pin="0"/><net_sink comp="949" pin=50"/></net>

<net id="1081"><net_src comp="208" pin="0"/><net_sink comp="949" pin=52"/></net>

<net id="1082"><net_src comp="208" pin="0"/><net_sink comp="949" pin=54"/></net>

<net id="1083"><net_src comp="208" pin="0"/><net_sink comp="949" pin=56"/></net>

<net id="1084"><net_src comp="208" pin="0"/><net_sink comp="949" pin=58"/></net>

<net id="1085"><net_src comp="208" pin="0"/><net_sink comp="949" pin=60"/></net>

<net id="1086"><net_src comp="208" pin="0"/><net_sink comp="949" pin=62"/></net>

<net id="1087"><net_src comp="208" pin="0"/><net_sink comp="949" pin=64"/></net>

<net id="1088"><net_src comp="208" pin="0"/><net_sink comp="949" pin=66"/></net>

<net id="1089"><net_src comp="208" pin="0"/><net_sink comp="949" pin=68"/></net>

<net id="1090"><net_src comp="208" pin="0"/><net_sink comp="949" pin=70"/></net>

<net id="1091"><net_src comp="208" pin="0"/><net_sink comp="949" pin=72"/></net>

<net id="1092"><net_src comp="208" pin="0"/><net_sink comp="949" pin=74"/></net>

<net id="1093"><net_src comp="208" pin="0"/><net_sink comp="949" pin=76"/></net>

<net id="1094"><net_src comp="208" pin="0"/><net_sink comp="949" pin=78"/></net>

<net id="1095"><net_src comp="208" pin="0"/><net_sink comp="949" pin=80"/></net>

<net id="1096"><net_src comp="208" pin="0"/><net_sink comp="949" pin=84"/></net>

<net id="1097"><net_src comp="208" pin="0"/><net_sink comp="949" pin=86"/></net>

<net id="1098"><net_src comp="208" pin="0"/><net_sink comp="949" pin=88"/></net>

<net id="1099"><net_src comp="208" pin="0"/><net_sink comp="949" pin=90"/></net>

<net id="1100"><net_src comp="208" pin="0"/><net_sink comp="949" pin=92"/></net>

<net id="1101"><net_src comp="208" pin="0"/><net_sink comp="949" pin=94"/></net>

<net id="1102"><net_src comp="208" pin="0"/><net_sink comp="949" pin=96"/></net>

<net id="1103"><net_src comp="208" pin="0"/><net_sink comp="949" pin=98"/></net>

<net id="1104"><net_src comp="208" pin="0"/><net_sink comp="949" pin=100"/></net>

<net id="1105"><net_src comp="208" pin="0"/><net_sink comp="949" pin=102"/></net>

<net id="1215"><net_src comp="208" pin="0"/><net_sink comp="1109" pin=0"/></net>

<net id="1216"><net_src comp="208" pin="0"/><net_sink comp="1109" pin=2"/></net>

<net id="1217"><net_src comp="208" pin="0"/><net_sink comp="1109" pin=4"/></net>

<net id="1218"><net_src comp="208" pin="0"/><net_sink comp="1109" pin=6"/></net>

<net id="1219"><net_src comp="208" pin="0"/><net_sink comp="1109" pin=8"/></net>

<net id="1220"><net_src comp="208" pin="0"/><net_sink comp="1109" pin=10"/></net>

<net id="1221"><net_src comp="208" pin="0"/><net_sink comp="1109" pin=12"/></net>

<net id="1222"><net_src comp="208" pin="0"/><net_sink comp="1109" pin=14"/></net>

<net id="1223"><net_src comp="208" pin="0"/><net_sink comp="1109" pin=16"/></net>

<net id="1224"><net_src comp="144" pin="0"/><net_sink comp="1109" pin=18"/></net>

<net id="1225"><net_src comp="144" pin="0"/><net_sink comp="1109" pin=20"/></net>

<net id="1226"><net_src comp="144" pin="0"/><net_sink comp="1109" pin=22"/></net>

<net id="1227"><net_src comp="208" pin="0"/><net_sink comp="1109" pin=24"/></net>

<net id="1228"><net_src comp="208" pin="0"/><net_sink comp="1109" pin=26"/></net>

<net id="1229"><net_src comp="208" pin="0"/><net_sink comp="1109" pin=28"/></net>

<net id="1230"><net_src comp="208" pin="0"/><net_sink comp="1109" pin=30"/></net>

<net id="1231"><net_src comp="208" pin="0"/><net_sink comp="1109" pin=32"/></net>

<net id="1232"><net_src comp="208" pin="0"/><net_sink comp="1109" pin=34"/></net>

<net id="1233"><net_src comp="208" pin="0"/><net_sink comp="1109" pin=36"/></net>

<net id="1234"><net_src comp="208" pin="0"/><net_sink comp="1109" pin=38"/></net>

<net id="1235"><net_src comp="208" pin="0"/><net_sink comp="1109" pin=40"/></net>

<net id="1236"><net_src comp="208" pin="0"/><net_sink comp="1109" pin=42"/></net>

<net id="1237"><net_src comp="208" pin="0"/><net_sink comp="1109" pin=44"/></net>

<net id="1238"><net_src comp="208" pin="0"/><net_sink comp="1109" pin=46"/></net>

<net id="1239"><net_src comp="208" pin="0"/><net_sink comp="1109" pin=48"/></net>

<net id="1240"><net_src comp="208" pin="0"/><net_sink comp="1109" pin=50"/></net>

<net id="1241"><net_src comp="208" pin="0"/><net_sink comp="1109" pin=52"/></net>

<net id="1242"><net_src comp="208" pin="0"/><net_sink comp="1109" pin=54"/></net>

<net id="1243"><net_src comp="208" pin="0"/><net_sink comp="1109" pin=56"/></net>

<net id="1244"><net_src comp="208" pin="0"/><net_sink comp="1109" pin=58"/></net>

<net id="1245"><net_src comp="208" pin="0"/><net_sink comp="1109" pin=60"/></net>

<net id="1246"><net_src comp="208" pin="0"/><net_sink comp="1109" pin=62"/></net>

<net id="1247"><net_src comp="208" pin="0"/><net_sink comp="1109" pin=64"/></net>

<net id="1248"><net_src comp="208" pin="0"/><net_sink comp="1109" pin=66"/></net>

<net id="1249"><net_src comp="208" pin="0"/><net_sink comp="1109" pin=68"/></net>

<net id="1250"><net_src comp="208" pin="0"/><net_sink comp="1109" pin=70"/></net>

<net id="1251"><net_src comp="208" pin="0"/><net_sink comp="1109" pin=72"/></net>

<net id="1252"><net_src comp="208" pin="0"/><net_sink comp="1109" pin=74"/></net>

<net id="1253"><net_src comp="208" pin="0"/><net_sink comp="1109" pin=76"/></net>

<net id="1254"><net_src comp="208" pin="0"/><net_sink comp="1109" pin=78"/></net>

<net id="1255"><net_src comp="208" pin="0"/><net_sink comp="1109" pin=80"/></net>

<net id="1256"><net_src comp="208" pin="0"/><net_sink comp="1109" pin=82"/></net>

<net id="1257"><net_src comp="208" pin="0"/><net_sink comp="1109" pin=84"/></net>

<net id="1258"><net_src comp="208" pin="0"/><net_sink comp="1109" pin=86"/></net>

<net id="1259"><net_src comp="144" pin="0"/><net_sink comp="1109" pin=88"/></net>

<net id="1260"><net_src comp="208" pin="0"/><net_sink comp="1109" pin=90"/></net>

<net id="1261"><net_src comp="208" pin="0"/><net_sink comp="1109" pin=92"/></net>

<net id="1262"><net_src comp="208" pin="0"/><net_sink comp="1109" pin=94"/></net>

<net id="1263"><net_src comp="208" pin="0"/><net_sink comp="1109" pin=96"/></net>

<net id="1264"><net_src comp="208" pin="0"/><net_sink comp="1109" pin=98"/></net>

<net id="1265"><net_src comp="208" pin="0"/><net_sink comp="1109" pin=100"/></net>

<net id="1266"><net_src comp="208" pin="0"/><net_sink comp="1109" pin=102"/></net>

<net id="1376"><net_src comp="148" pin="0"/><net_sink comp="1270" pin=0"/></net>

<net id="1377"><net_src comp="148" pin="0"/><net_sink comp="1270" pin=2"/></net>

<net id="1378"><net_src comp="148" pin="0"/><net_sink comp="1270" pin=4"/></net>

<net id="1379"><net_src comp="148" pin="0"/><net_sink comp="1270" pin=6"/></net>

<net id="1380"><net_src comp="148" pin="0"/><net_sink comp="1270" pin=8"/></net>

<net id="1381"><net_src comp="148" pin="0"/><net_sink comp="1270" pin=10"/></net>

<net id="1382"><net_src comp="148" pin="0"/><net_sink comp="1270" pin=12"/></net>

<net id="1383"><net_src comp="148" pin="0"/><net_sink comp="1270" pin=14"/></net>

<net id="1384"><net_src comp="148" pin="0"/><net_sink comp="1270" pin=16"/></net>

<net id="1385"><net_src comp="238" pin="0"/><net_sink comp="1270" pin=18"/></net>

<net id="1386"><net_src comp="216" pin="0"/><net_sink comp="1270" pin=20"/></net>

<net id="1387"><net_src comp="146" pin="0"/><net_sink comp="1270" pin=22"/></net>

<net id="1388"><net_src comp="148" pin="0"/><net_sink comp="1270" pin=24"/></net>

<net id="1389"><net_src comp="238" pin="0"/><net_sink comp="1270" pin=26"/></net>

<net id="1390"><net_src comp="216" pin="0"/><net_sink comp="1270" pin=28"/></net>

<net id="1391"><net_src comp="238" pin="0"/><net_sink comp="1270" pin=30"/></net>

<net id="1392"><net_src comp="216" pin="0"/><net_sink comp="1270" pin=32"/></net>

<net id="1393"><net_src comp="146" pin="0"/><net_sink comp="1270" pin=34"/></net>

<net id="1394"><net_src comp="148" pin="0"/><net_sink comp="1270" pin=36"/></net>

<net id="1395"><net_src comp="148" pin="0"/><net_sink comp="1270" pin=38"/></net>

<net id="1396"><net_src comp="148" pin="0"/><net_sink comp="1270" pin=40"/></net>

<net id="1397"><net_src comp="148" pin="0"/><net_sink comp="1270" pin=42"/></net>

<net id="1398"><net_src comp="148" pin="0"/><net_sink comp="1270" pin=44"/></net>

<net id="1399"><net_src comp="148" pin="0"/><net_sink comp="1270" pin=46"/></net>

<net id="1400"><net_src comp="148" pin="0"/><net_sink comp="1270" pin=48"/></net>

<net id="1401"><net_src comp="148" pin="0"/><net_sink comp="1270" pin=50"/></net>

<net id="1402"><net_src comp="148" pin="0"/><net_sink comp="1270" pin=52"/></net>

<net id="1403"><net_src comp="148" pin="0"/><net_sink comp="1270" pin=54"/></net>

<net id="1404"><net_src comp="148" pin="0"/><net_sink comp="1270" pin=56"/></net>

<net id="1405"><net_src comp="148" pin="0"/><net_sink comp="1270" pin=58"/></net>

<net id="1406"><net_src comp="148" pin="0"/><net_sink comp="1270" pin=60"/></net>

<net id="1407"><net_src comp="148" pin="0"/><net_sink comp="1270" pin=62"/></net>

<net id="1408"><net_src comp="148" pin="0"/><net_sink comp="1270" pin=64"/></net>

<net id="1409"><net_src comp="148" pin="0"/><net_sink comp="1270" pin=66"/></net>

<net id="1410"><net_src comp="148" pin="0"/><net_sink comp="1270" pin=68"/></net>

<net id="1411"><net_src comp="148" pin="0"/><net_sink comp="1270" pin=70"/></net>

<net id="1412"><net_src comp="148" pin="0"/><net_sink comp="1270" pin=72"/></net>

<net id="1413"><net_src comp="148" pin="0"/><net_sink comp="1270" pin=74"/></net>

<net id="1414"><net_src comp="148" pin="0"/><net_sink comp="1270" pin=76"/></net>

<net id="1415"><net_src comp="148" pin="0"/><net_sink comp="1270" pin=78"/></net>

<net id="1416"><net_src comp="148" pin="0"/><net_sink comp="1270" pin=80"/></net>

<net id="1417"><net_src comp="148" pin="0"/><net_sink comp="1270" pin=82"/></net>

<net id="1418"><net_src comp="148" pin="0"/><net_sink comp="1270" pin=84"/></net>

<net id="1419"><net_src comp="148" pin="0"/><net_sink comp="1270" pin=86"/></net>

<net id="1420"><net_src comp="148" pin="0"/><net_sink comp="1270" pin=88"/></net>

<net id="1421"><net_src comp="148" pin="0"/><net_sink comp="1270" pin=90"/></net>

<net id="1422"><net_src comp="148" pin="0"/><net_sink comp="1270" pin=92"/></net>

<net id="1423"><net_src comp="148" pin="0"/><net_sink comp="1270" pin=94"/></net>

<net id="1424"><net_src comp="148" pin="0"/><net_sink comp="1270" pin=96"/></net>

<net id="1425"><net_src comp="148" pin="0"/><net_sink comp="1270" pin=98"/></net>

<net id="1426"><net_src comp="148" pin="0"/><net_sink comp="1270" pin=100"/></net>

<net id="1427"><net_src comp="148" pin="0"/><net_sink comp="1270" pin=102"/></net>

<net id="1537"><net_src comp="208" pin="0"/><net_sink comp="1431" pin=0"/></net>

<net id="1538"><net_src comp="208" pin="0"/><net_sink comp="1431" pin=2"/></net>

<net id="1539"><net_src comp="144" pin="0"/><net_sink comp="1431" pin=4"/></net>

<net id="1540"><net_src comp="208" pin="0"/><net_sink comp="1431" pin=6"/></net>

<net id="1541"><net_src comp="208" pin="0"/><net_sink comp="1431" pin=8"/></net>

<net id="1542"><net_src comp="208" pin="0"/><net_sink comp="1431" pin=10"/></net>

<net id="1543"><net_src comp="208" pin="0"/><net_sink comp="1431" pin=12"/></net>

<net id="1544"><net_src comp="208" pin="0"/><net_sink comp="1431" pin=14"/></net>

<net id="1545"><net_src comp="208" pin="0"/><net_sink comp="1431" pin=16"/></net>

<net id="1546"><net_src comp="208" pin="0"/><net_sink comp="1431" pin=18"/></net>

<net id="1547"><net_src comp="208" pin="0"/><net_sink comp="1431" pin=20"/></net>

<net id="1548"><net_src comp="208" pin="0"/><net_sink comp="1431" pin=22"/></net>

<net id="1549"><net_src comp="208" pin="0"/><net_sink comp="1431" pin=24"/></net>

<net id="1550"><net_src comp="208" pin="0"/><net_sink comp="1431" pin=26"/></net>

<net id="1551"><net_src comp="208" pin="0"/><net_sink comp="1431" pin=28"/></net>

<net id="1552"><net_src comp="208" pin="0"/><net_sink comp="1431" pin=30"/></net>

<net id="1553"><net_src comp="208" pin="0"/><net_sink comp="1431" pin=32"/></net>

<net id="1554"><net_src comp="208" pin="0"/><net_sink comp="1431" pin=34"/></net>

<net id="1555"><net_src comp="208" pin="0"/><net_sink comp="1431" pin=36"/></net>

<net id="1556"><net_src comp="208" pin="0"/><net_sink comp="1431" pin=38"/></net>

<net id="1557"><net_src comp="208" pin="0"/><net_sink comp="1431" pin=40"/></net>

<net id="1558"><net_src comp="208" pin="0"/><net_sink comp="1431" pin=42"/></net>

<net id="1559"><net_src comp="208" pin="0"/><net_sink comp="1431" pin=44"/></net>

<net id="1560"><net_src comp="208" pin="0"/><net_sink comp="1431" pin=46"/></net>

<net id="1561"><net_src comp="208" pin="0"/><net_sink comp="1431" pin=48"/></net>

<net id="1562"><net_src comp="208" pin="0"/><net_sink comp="1431" pin=50"/></net>

<net id="1563"><net_src comp="208" pin="0"/><net_sink comp="1431" pin=52"/></net>

<net id="1564"><net_src comp="208" pin="0"/><net_sink comp="1431" pin=54"/></net>

<net id="1565"><net_src comp="208" pin="0"/><net_sink comp="1431" pin=56"/></net>

<net id="1566"><net_src comp="208" pin="0"/><net_sink comp="1431" pin=58"/></net>

<net id="1567"><net_src comp="208" pin="0"/><net_sink comp="1431" pin=60"/></net>

<net id="1568"><net_src comp="208" pin="0"/><net_sink comp="1431" pin=62"/></net>

<net id="1569"><net_src comp="208" pin="0"/><net_sink comp="1431" pin=64"/></net>

<net id="1570"><net_src comp="208" pin="0"/><net_sink comp="1431" pin=66"/></net>

<net id="1571"><net_src comp="208" pin="0"/><net_sink comp="1431" pin=68"/></net>

<net id="1572"><net_src comp="208" pin="0"/><net_sink comp="1431" pin=70"/></net>

<net id="1573"><net_src comp="208" pin="0"/><net_sink comp="1431" pin=72"/></net>

<net id="1574"><net_src comp="208" pin="0"/><net_sink comp="1431" pin=74"/></net>

<net id="1575"><net_src comp="208" pin="0"/><net_sink comp="1431" pin=76"/></net>

<net id="1576"><net_src comp="208" pin="0"/><net_sink comp="1431" pin=78"/></net>

<net id="1577"><net_src comp="208" pin="0"/><net_sink comp="1431" pin=80"/></net>

<net id="1578"><net_src comp="208" pin="0"/><net_sink comp="1431" pin=82"/></net>

<net id="1579"><net_src comp="208" pin="0"/><net_sink comp="1431" pin=84"/></net>

<net id="1580"><net_src comp="208" pin="0"/><net_sink comp="1431" pin=86"/></net>

<net id="1581"><net_src comp="208" pin="0"/><net_sink comp="1431" pin=88"/></net>

<net id="1582"><net_src comp="208" pin="0"/><net_sink comp="1431" pin=90"/></net>

<net id="1583"><net_src comp="208" pin="0"/><net_sink comp="1431" pin=92"/></net>

<net id="1584"><net_src comp="208" pin="0"/><net_sink comp="1431" pin=94"/></net>

<net id="1585"><net_src comp="208" pin="0"/><net_sink comp="1431" pin=96"/></net>

<net id="1586"><net_src comp="208" pin="0"/><net_sink comp="1431" pin=98"/></net>

<net id="1587"><net_src comp="208" pin="0"/><net_sink comp="1431" pin=100"/></net>

<net id="1588"><net_src comp="208" pin="0"/><net_sink comp="1431" pin=102"/></net>

<net id="1698"><net_src comp="208" pin="0"/><net_sink comp="1592" pin=0"/></net>

<net id="1699"><net_src comp="208" pin="0"/><net_sink comp="1592" pin=2"/></net>

<net id="1700"><net_src comp="208" pin="0"/><net_sink comp="1592" pin=4"/></net>

<net id="1701"><net_src comp="144" pin="0"/><net_sink comp="1592" pin=6"/></net>

<net id="1702"><net_src comp="208" pin="0"/><net_sink comp="1592" pin=8"/></net>

<net id="1703"><net_src comp="208" pin="0"/><net_sink comp="1592" pin=10"/></net>

<net id="1704"><net_src comp="208" pin="0"/><net_sink comp="1592" pin=12"/></net>

<net id="1705"><net_src comp="208" pin="0"/><net_sink comp="1592" pin=14"/></net>

<net id="1706"><net_src comp="208" pin="0"/><net_sink comp="1592" pin=16"/></net>

<net id="1707"><net_src comp="208" pin="0"/><net_sink comp="1592" pin=18"/></net>

<net id="1708"><net_src comp="208" pin="0"/><net_sink comp="1592" pin=20"/></net>

<net id="1709"><net_src comp="208" pin="0"/><net_sink comp="1592" pin=22"/></net>

<net id="1710"><net_src comp="208" pin="0"/><net_sink comp="1592" pin=24"/></net>

<net id="1711"><net_src comp="208" pin="0"/><net_sink comp="1592" pin=26"/></net>

<net id="1712"><net_src comp="208" pin="0"/><net_sink comp="1592" pin=28"/></net>

<net id="1713"><net_src comp="208" pin="0"/><net_sink comp="1592" pin=30"/></net>

<net id="1714"><net_src comp="208" pin="0"/><net_sink comp="1592" pin=32"/></net>

<net id="1715"><net_src comp="208" pin="0"/><net_sink comp="1592" pin=34"/></net>

<net id="1716"><net_src comp="208" pin="0"/><net_sink comp="1592" pin=36"/></net>

<net id="1717"><net_src comp="208" pin="0"/><net_sink comp="1592" pin=38"/></net>

<net id="1718"><net_src comp="208" pin="0"/><net_sink comp="1592" pin=40"/></net>

<net id="1719"><net_src comp="208" pin="0"/><net_sink comp="1592" pin=42"/></net>

<net id="1720"><net_src comp="208" pin="0"/><net_sink comp="1592" pin=44"/></net>

<net id="1721"><net_src comp="208" pin="0"/><net_sink comp="1592" pin=46"/></net>

<net id="1722"><net_src comp="208" pin="0"/><net_sink comp="1592" pin=48"/></net>

<net id="1723"><net_src comp="208" pin="0"/><net_sink comp="1592" pin=50"/></net>

<net id="1724"><net_src comp="208" pin="0"/><net_sink comp="1592" pin=52"/></net>

<net id="1725"><net_src comp="208" pin="0"/><net_sink comp="1592" pin=54"/></net>

<net id="1726"><net_src comp="208" pin="0"/><net_sink comp="1592" pin=56"/></net>

<net id="1727"><net_src comp="208" pin="0"/><net_sink comp="1592" pin=58"/></net>

<net id="1728"><net_src comp="208" pin="0"/><net_sink comp="1592" pin=60"/></net>

<net id="1729"><net_src comp="208" pin="0"/><net_sink comp="1592" pin=62"/></net>

<net id="1730"><net_src comp="208" pin="0"/><net_sink comp="1592" pin=64"/></net>

<net id="1731"><net_src comp="208" pin="0"/><net_sink comp="1592" pin=66"/></net>

<net id="1732"><net_src comp="208" pin="0"/><net_sink comp="1592" pin=68"/></net>

<net id="1733"><net_src comp="208" pin="0"/><net_sink comp="1592" pin=70"/></net>

<net id="1734"><net_src comp="208" pin="0"/><net_sink comp="1592" pin=72"/></net>

<net id="1735"><net_src comp="208" pin="0"/><net_sink comp="1592" pin=74"/></net>

<net id="1736"><net_src comp="208" pin="0"/><net_sink comp="1592" pin=76"/></net>

<net id="1737"><net_src comp="208" pin="0"/><net_sink comp="1592" pin=78"/></net>

<net id="1738"><net_src comp="208" pin="0"/><net_sink comp="1592" pin=80"/></net>

<net id="1739"><net_src comp="208" pin="0"/><net_sink comp="1592" pin=82"/></net>

<net id="1740"><net_src comp="208" pin="0"/><net_sink comp="1592" pin=84"/></net>

<net id="1741"><net_src comp="208" pin="0"/><net_sink comp="1592" pin=86"/></net>

<net id="1742"><net_src comp="208" pin="0"/><net_sink comp="1592" pin=88"/></net>

<net id="1743"><net_src comp="208" pin="0"/><net_sink comp="1592" pin=90"/></net>

<net id="1744"><net_src comp="208" pin="0"/><net_sink comp="1592" pin=92"/></net>

<net id="1745"><net_src comp="208" pin="0"/><net_sink comp="1592" pin=94"/></net>

<net id="1746"><net_src comp="208" pin="0"/><net_sink comp="1592" pin=96"/></net>

<net id="1747"><net_src comp="208" pin="0"/><net_sink comp="1592" pin=98"/></net>

<net id="1748"><net_src comp="208" pin="0"/><net_sink comp="1592" pin=100"/></net>

<net id="1749"><net_src comp="208" pin="0"/><net_sink comp="1592" pin=102"/></net>

<net id="1859"><net_src comp="208" pin="0"/><net_sink comp="1753" pin=0"/></net>

<net id="1860"><net_src comp="208" pin="0"/><net_sink comp="1753" pin=2"/></net>

<net id="1861"><net_src comp="208" pin="0"/><net_sink comp="1753" pin=4"/></net>

<net id="1862"><net_src comp="208" pin="0"/><net_sink comp="1753" pin=6"/></net>

<net id="1863"><net_src comp="144" pin="0"/><net_sink comp="1753" pin=8"/></net>

<net id="1864"><net_src comp="144" pin="0"/><net_sink comp="1753" pin=10"/></net>

<net id="1865"><net_src comp="144" pin="0"/><net_sink comp="1753" pin=12"/></net>

<net id="1866"><net_src comp="144" pin="0"/><net_sink comp="1753" pin=14"/></net>

<net id="1867"><net_src comp="144" pin="0"/><net_sink comp="1753" pin=16"/></net>

<net id="1868"><net_src comp="208" pin="0"/><net_sink comp="1753" pin=18"/></net>

<net id="1869"><net_src comp="208" pin="0"/><net_sink comp="1753" pin=20"/></net>

<net id="1870"><net_src comp="208" pin="0"/><net_sink comp="1753" pin=22"/></net>

<net id="1871"><net_src comp="208" pin="0"/><net_sink comp="1753" pin=24"/></net>

<net id="1872"><net_src comp="208" pin="0"/><net_sink comp="1753" pin=26"/></net>

<net id="1873"><net_src comp="208" pin="0"/><net_sink comp="1753" pin=28"/></net>

<net id="1874"><net_src comp="208" pin="0"/><net_sink comp="1753" pin=30"/></net>

<net id="1875"><net_src comp="208" pin="0"/><net_sink comp="1753" pin=32"/></net>

<net id="1876"><net_src comp="208" pin="0"/><net_sink comp="1753" pin=34"/></net>

<net id="1877"><net_src comp="208" pin="0"/><net_sink comp="1753" pin=36"/></net>

<net id="1878"><net_src comp="208" pin="0"/><net_sink comp="1753" pin=38"/></net>

<net id="1879"><net_src comp="208" pin="0"/><net_sink comp="1753" pin=40"/></net>

<net id="1880"><net_src comp="208" pin="0"/><net_sink comp="1753" pin=42"/></net>

<net id="1881"><net_src comp="208" pin="0"/><net_sink comp="1753" pin=44"/></net>

<net id="1882"><net_src comp="208" pin="0"/><net_sink comp="1753" pin=46"/></net>

<net id="1883"><net_src comp="208" pin="0"/><net_sink comp="1753" pin=48"/></net>

<net id="1884"><net_src comp="208" pin="0"/><net_sink comp="1753" pin=50"/></net>

<net id="1885"><net_src comp="208" pin="0"/><net_sink comp="1753" pin=52"/></net>

<net id="1886"><net_src comp="208" pin="0"/><net_sink comp="1753" pin=54"/></net>

<net id="1887"><net_src comp="208" pin="0"/><net_sink comp="1753" pin=56"/></net>

<net id="1888"><net_src comp="208" pin="0"/><net_sink comp="1753" pin=58"/></net>

<net id="1889"><net_src comp="208" pin="0"/><net_sink comp="1753" pin=60"/></net>

<net id="1890"><net_src comp="208" pin="0"/><net_sink comp="1753" pin=62"/></net>

<net id="1891"><net_src comp="208" pin="0"/><net_sink comp="1753" pin=64"/></net>

<net id="1892"><net_src comp="208" pin="0"/><net_sink comp="1753" pin=66"/></net>

<net id="1893"><net_src comp="208" pin="0"/><net_sink comp="1753" pin=68"/></net>

<net id="1894"><net_src comp="208" pin="0"/><net_sink comp="1753" pin=70"/></net>

<net id="1895"><net_src comp="208" pin="0"/><net_sink comp="1753" pin=72"/></net>

<net id="1896"><net_src comp="208" pin="0"/><net_sink comp="1753" pin=74"/></net>

<net id="1897"><net_src comp="208" pin="0"/><net_sink comp="1753" pin=76"/></net>

<net id="1898"><net_src comp="208" pin="0"/><net_sink comp="1753" pin=78"/></net>

<net id="1899"><net_src comp="208" pin="0"/><net_sink comp="1753" pin=80"/></net>

<net id="1900"><net_src comp="208" pin="0"/><net_sink comp="1753" pin=82"/></net>

<net id="1901"><net_src comp="208" pin="0"/><net_sink comp="1753" pin=84"/></net>

<net id="1902"><net_src comp="144" pin="0"/><net_sink comp="1753" pin=86"/></net>

<net id="1903"><net_src comp="208" pin="0"/><net_sink comp="1753" pin=88"/></net>

<net id="1904"><net_src comp="208" pin="0"/><net_sink comp="1753" pin=90"/></net>

<net id="1905"><net_src comp="208" pin="0"/><net_sink comp="1753" pin=92"/></net>

<net id="1906"><net_src comp="208" pin="0"/><net_sink comp="1753" pin=94"/></net>

<net id="1907"><net_src comp="208" pin="0"/><net_sink comp="1753" pin=96"/></net>

<net id="1908"><net_src comp="208" pin="0"/><net_sink comp="1753" pin=98"/></net>

<net id="1909"><net_src comp="208" pin="0"/><net_sink comp="1753" pin=100"/></net>

<net id="1910"><net_src comp="208" pin="0"/><net_sink comp="1753" pin=102"/></net>

<net id="2020"><net_src comp="208" pin="0"/><net_sink comp="1914" pin=0"/></net>

<net id="2021"><net_src comp="208" pin="0"/><net_sink comp="1914" pin=2"/></net>

<net id="2022"><net_src comp="208" pin="0"/><net_sink comp="1914" pin=4"/></net>

<net id="2023"><net_src comp="208" pin="0"/><net_sink comp="1914" pin=6"/></net>

<net id="2024"><net_src comp="208" pin="0"/><net_sink comp="1914" pin=8"/></net>

<net id="2025"><net_src comp="208" pin="0"/><net_sink comp="1914" pin=10"/></net>

<net id="2026"><net_src comp="208" pin="0"/><net_sink comp="1914" pin=12"/></net>

<net id="2027"><net_src comp="208" pin="0"/><net_sink comp="1914" pin=14"/></net>

<net id="2028"><net_src comp="208" pin="0"/><net_sink comp="1914" pin=16"/></net>

<net id="2029"><net_src comp="208" pin="0"/><net_sink comp="1914" pin=18"/></net>

<net id="2030"><net_src comp="208" pin="0"/><net_sink comp="1914" pin=20"/></net>

<net id="2031"><net_src comp="208" pin="0"/><net_sink comp="1914" pin=22"/></net>

<net id="2032"><net_src comp="208" pin="0"/><net_sink comp="1914" pin=24"/></net>

<net id="2033"><net_src comp="208" pin="0"/><net_sink comp="1914" pin=26"/></net>

<net id="2034"><net_src comp="208" pin="0"/><net_sink comp="1914" pin=28"/></net>

<net id="2035"><net_src comp="144" pin="0"/><net_sink comp="1914" pin=30"/></net>

<net id="2036"><net_src comp="144" pin="0"/><net_sink comp="1914" pin=32"/></net>

<net id="2037"><net_src comp="144" pin="0"/><net_sink comp="1914" pin=34"/></net>

<net id="2038"><net_src comp="208" pin="0"/><net_sink comp="1914" pin=36"/></net>

<net id="2039"><net_src comp="208" pin="0"/><net_sink comp="1914" pin=38"/></net>

<net id="2040"><net_src comp="208" pin="0"/><net_sink comp="1914" pin=40"/></net>

<net id="2041"><net_src comp="208" pin="0"/><net_sink comp="1914" pin=42"/></net>

<net id="2042"><net_src comp="208" pin="0"/><net_sink comp="1914" pin=44"/></net>

<net id="2043"><net_src comp="208" pin="0"/><net_sink comp="1914" pin=46"/></net>

<net id="2044"><net_src comp="208" pin="0"/><net_sink comp="1914" pin=48"/></net>

<net id="2045"><net_src comp="208" pin="0"/><net_sink comp="1914" pin=50"/></net>

<net id="2046"><net_src comp="208" pin="0"/><net_sink comp="1914" pin=52"/></net>

<net id="2047"><net_src comp="208" pin="0"/><net_sink comp="1914" pin=54"/></net>

<net id="2048"><net_src comp="208" pin="0"/><net_sink comp="1914" pin=56"/></net>

<net id="2049"><net_src comp="208" pin="0"/><net_sink comp="1914" pin=58"/></net>

<net id="2050"><net_src comp="208" pin="0"/><net_sink comp="1914" pin=60"/></net>

<net id="2051"><net_src comp="208" pin="0"/><net_sink comp="1914" pin=62"/></net>

<net id="2052"><net_src comp="208" pin="0"/><net_sink comp="1914" pin=64"/></net>

<net id="2053"><net_src comp="208" pin="0"/><net_sink comp="1914" pin=66"/></net>

<net id="2054"><net_src comp="208" pin="0"/><net_sink comp="1914" pin=68"/></net>

<net id="2055"><net_src comp="208" pin="0"/><net_sink comp="1914" pin=70"/></net>

<net id="2056"><net_src comp="208" pin="0"/><net_sink comp="1914" pin=72"/></net>

<net id="2057"><net_src comp="208" pin="0"/><net_sink comp="1914" pin=74"/></net>

<net id="2058"><net_src comp="208" pin="0"/><net_sink comp="1914" pin=76"/></net>

<net id="2059"><net_src comp="208" pin="0"/><net_sink comp="1914" pin=78"/></net>

<net id="2060"><net_src comp="208" pin="0"/><net_sink comp="1914" pin=80"/></net>

<net id="2061"><net_src comp="208" pin="0"/><net_sink comp="1914" pin=82"/></net>

<net id="2062"><net_src comp="208" pin="0"/><net_sink comp="1914" pin=84"/></net>

<net id="2063"><net_src comp="208" pin="0"/><net_sink comp="1914" pin=86"/></net>

<net id="2064"><net_src comp="208" pin="0"/><net_sink comp="1914" pin=88"/></net>

<net id="2065"><net_src comp="144" pin="0"/><net_sink comp="1914" pin=90"/></net>

<net id="2066"><net_src comp="208" pin="0"/><net_sink comp="1914" pin=92"/></net>

<net id="2067"><net_src comp="208" pin="0"/><net_sink comp="1914" pin=94"/></net>

<net id="2068"><net_src comp="208" pin="0"/><net_sink comp="1914" pin=96"/></net>

<net id="2069"><net_src comp="208" pin="0"/><net_sink comp="1914" pin=98"/></net>

<net id="2070"><net_src comp="208" pin="0"/><net_sink comp="1914" pin=100"/></net>

<net id="2071"><net_src comp="208" pin="0"/><net_sink comp="1914" pin=102"/></net>

<net id="2181"><net_src comp="208" pin="0"/><net_sink comp="2075" pin=0"/></net>

<net id="2182"><net_src comp="208" pin="0"/><net_sink comp="2075" pin=2"/></net>

<net id="2183"><net_src comp="208" pin="0"/><net_sink comp="2075" pin=4"/></net>

<net id="2184"><net_src comp="208" pin="0"/><net_sink comp="2075" pin=6"/></net>

<net id="2185"><net_src comp="208" pin="0"/><net_sink comp="2075" pin=8"/></net>

<net id="2186"><net_src comp="208" pin="0"/><net_sink comp="2075" pin=10"/></net>

<net id="2187"><net_src comp="208" pin="0"/><net_sink comp="2075" pin=12"/></net>

<net id="2188"><net_src comp="208" pin="0"/><net_sink comp="2075" pin=14"/></net>

<net id="2189"><net_src comp="208" pin="0"/><net_sink comp="2075" pin=16"/></net>

<net id="2190"><net_src comp="144" pin="0"/><net_sink comp="2075" pin=18"/></net>

<net id="2191"><net_src comp="144" pin="0"/><net_sink comp="2075" pin=20"/></net>

<net id="2192"><net_src comp="144" pin="0"/><net_sink comp="2075" pin=22"/></net>

<net id="2193"><net_src comp="144" pin="0"/><net_sink comp="2075" pin=24"/></net>

<net id="2194"><net_src comp="144" pin="0"/><net_sink comp="2075" pin=26"/></net>

<net id="2195"><net_src comp="144" pin="0"/><net_sink comp="2075" pin=28"/></net>

<net id="2196"><net_src comp="208" pin="0"/><net_sink comp="2075" pin=30"/></net>

<net id="2197"><net_src comp="208" pin="0"/><net_sink comp="2075" pin=32"/></net>

<net id="2198"><net_src comp="208" pin="0"/><net_sink comp="2075" pin=34"/></net>

<net id="2199"><net_src comp="208" pin="0"/><net_sink comp="2075" pin=36"/></net>

<net id="2200"><net_src comp="208" pin="0"/><net_sink comp="2075" pin=38"/></net>

<net id="2201"><net_src comp="208" pin="0"/><net_sink comp="2075" pin=40"/></net>

<net id="2202"><net_src comp="208" pin="0"/><net_sink comp="2075" pin=42"/></net>

<net id="2203"><net_src comp="208" pin="0"/><net_sink comp="2075" pin=44"/></net>

<net id="2204"><net_src comp="208" pin="0"/><net_sink comp="2075" pin=46"/></net>

<net id="2205"><net_src comp="208" pin="0"/><net_sink comp="2075" pin=48"/></net>

<net id="2206"><net_src comp="208" pin="0"/><net_sink comp="2075" pin=50"/></net>

<net id="2207"><net_src comp="208" pin="0"/><net_sink comp="2075" pin=52"/></net>

<net id="2208"><net_src comp="208" pin="0"/><net_sink comp="2075" pin=54"/></net>

<net id="2209"><net_src comp="208" pin="0"/><net_sink comp="2075" pin=56"/></net>

<net id="2210"><net_src comp="208" pin="0"/><net_sink comp="2075" pin=58"/></net>

<net id="2211"><net_src comp="208" pin="0"/><net_sink comp="2075" pin=60"/></net>

<net id="2212"><net_src comp="208" pin="0"/><net_sink comp="2075" pin=62"/></net>

<net id="2213"><net_src comp="208" pin="0"/><net_sink comp="2075" pin=64"/></net>

<net id="2214"><net_src comp="208" pin="0"/><net_sink comp="2075" pin=66"/></net>

<net id="2215"><net_src comp="208" pin="0"/><net_sink comp="2075" pin=68"/></net>

<net id="2216"><net_src comp="208" pin="0"/><net_sink comp="2075" pin=70"/></net>

<net id="2217"><net_src comp="208" pin="0"/><net_sink comp="2075" pin=72"/></net>

<net id="2218"><net_src comp="208" pin="0"/><net_sink comp="2075" pin=74"/></net>

<net id="2219"><net_src comp="208" pin="0"/><net_sink comp="2075" pin=76"/></net>

<net id="2220"><net_src comp="208" pin="0"/><net_sink comp="2075" pin=78"/></net>

<net id="2221"><net_src comp="208" pin="0"/><net_sink comp="2075" pin=80"/></net>

<net id="2222"><net_src comp="208" pin="0"/><net_sink comp="2075" pin=82"/></net>

<net id="2223"><net_src comp="208" pin="0"/><net_sink comp="2075" pin=84"/></net>

<net id="2224"><net_src comp="208" pin="0"/><net_sink comp="2075" pin=86"/></net>

<net id="2225"><net_src comp="144" pin="0"/><net_sink comp="2075" pin=88"/></net>

<net id="2226"><net_src comp="208" pin="0"/><net_sink comp="2075" pin=90"/></net>

<net id="2227"><net_src comp="208" pin="0"/><net_sink comp="2075" pin=92"/></net>

<net id="2228"><net_src comp="208" pin="0"/><net_sink comp="2075" pin=94"/></net>

<net id="2229"><net_src comp="208" pin="0"/><net_sink comp="2075" pin=96"/></net>

<net id="2230"><net_src comp="208" pin="0"/><net_sink comp="2075" pin=98"/></net>

<net id="2231"><net_src comp="208" pin="0"/><net_sink comp="2075" pin=100"/></net>

<net id="2232"><net_src comp="208" pin="0"/><net_sink comp="2075" pin=102"/></net>

<net id="2342"><net_src comp="126" pin="0"/><net_sink comp="2236" pin=0"/></net>

<net id="2343"><net_src comp="126" pin="0"/><net_sink comp="2236" pin=2"/></net>

<net id="2344"><net_src comp="126" pin="0"/><net_sink comp="2236" pin=4"/></net>

<net id="2345"><net_src comp="126" pin="0"/><net_sink comp="2236" pin=6"/></net>

<net id="2346"><net_src comp="126" pin="0"/><net_sink comp="2236" pin=8"/></net>

<net id="2347"><net_src comp="126" pin="0"/><net_sink comp="2236" pin=10"/></net>

<net id="2348"><net_src comp="126" pin="0"/><net_sink comp="2236" pin=12"/></net>

<net id="2349"><net_src comp="126" pin="0"/><net_sink comp="2236" pin=14"/></net>

<net id="2350"><net_src comp="126" pin="0"/><net_sink comp="2236" pin=16"/></net>

<net id="2351"><net_src comp="126" pin="0"/><net_sink comp="2236" pin=18"/></net>

<net id="2352"><net_src comp="126" pin="0"/><net_sink comp="2236" pin=20"/></net>

<net id="2353"><net_src comp="126" pin="0"/><net_sink comp="2236" pin=22"/></net>

<net id="2354"><net_src comp="126" pin="0"/><net_sink comp="2236" pin=24"/></net>

<net id="2355"><net_src comp="126" pin="0"/><net_sink comp="2236" pin=26"/></net>

<net id="2356"><net_src comp="126" pin="0"/><net_sink comp="2236" pin=28"/></net>

<net id="2357"><net_src comp="126" pin="0"/><net_sink comp="2236" pin=30"/></net>

<net id="2358"><net_src comp="126" pin="0"/><net_sink comp="2236" pin=32"/></net>

<net id="2359"><net_src comp="126" pin="0"/><net_sink comp="2236" pin=34"/></net>

<net id="2360"><net_src comp="126" pin="0"/><net_sink comp="2236" pin=36"/></net>

<net id="2361"><net_src comp="126" pin="0"/><net_sink comp="2236" pin=38"/></net>

<net id="2362"><net_src comp="126" pin="0"/><net_sink comp="2236" pin=40"/></net>

<net id="2363"><net_src comp="126" pin="0"/><net_sink comp="2236" pin=42"/></net>

<net id="2364"><net_src comp="126" pin="0"/><net_sink comp="2236" pin=44"/></net>

<net id="2365"><net_src comp="126" pin="0"/><net_sink comp="2236" pin=46"/></net>

<net id="2366"><net_src comp="126" pin="0"/><net_sink comp="2236" pin=48"/></net>

<net id="2367"><net_src comp="126" pin="0"/><net_sink comp="2236" pin=50"/></net>

<net id="2368"><net_src comp="126" pin="0"/><net_sink comp="2236" pin=52"/></net>

<net id="2369"><net_src comp="126" pin="0"/><net_sink comp="2236" pin=54"/></net>

<net id="2370"><net_src comp="126" pin="0"/><net_sink comp="2236" pin=56"/></net>

<net id="2371"><net_src comp="126" pin="0"/><net_sink comp="2236" pin=58"/></net>

<net id="2372"><net_src comp="126" pin="0"/><net_sink comp="2236" pin=60"/></net>

<net id="2373"><net_src comp="126" pin="0"/><net_sink comp="2236" pin=62"/></net>

<net id="2374"><net_src comp="126" pin="0"/><net_sink comp="2236" pin=64"/></net>

<net id="2375"><net_src comp="126" pin="0"/><net_sink comp="2236" pin=66"/></net>

<net id="2376"><net_src comp="126" pin="0"/><net_sink comp="2236" pin=68"/></net>

<net id="2377"><net_src comp="126" pin="0"/><net_sink comp="2236" pin=70"/></net>

<net id="2378"><net_src comp="132" pin="0"/><net_sink comp="2236" pin=72"/></net>

<net id="2379"><net_src comp="168" pin="0"/><net_sink comp="2236" pin=74"/></net>

<net id="2380"><net_src comp="130" pin="0"/><net_sink comp="2236" pin=76"/></net>

<net id="2381"><net_src comp="132" pin="0"/><net_sink comp="2236" pin=78"/></net>

<net id="2382"><net_src comp="168" pin="0"/><net_sink comp="2236" pin=80"/></net>

<net id="2383"><net_src comp="126" pin="0"/><net_sink comp="2236" pin=82"/></net>

<net id="2384"><net_src comp="126" pin="0"/><net_sink comp="2236" pin=84"/></net>

<net id="2385"><net_src comp="126" pin="0"/><net_sink comp="2236" pin=86"/></net>

<net id="2386"><net_src comp="126" pin="0"/><net_sink comp="2236" pin=88"/></net>

<net id="2387"><net_src comp="126" pin="0"/><net_sink comp="2236" pin=90"/></net>

<net id="2388"><net_src comp="126" pin="0"/><net_sink comp="2236" pin=92"/></net>

<net id="2389"><net_src comp="126" pin="0"/><net_sink comp="2236" pin=94"/></net>

<net id="2390"><net_src comp="126" pin="0"/><net_sink comp="2236" pin=96"/></net>

<net id="2391"><net_src comp="126" pin="0"/><net_sink comp="2236" pin=98"/></net>

<net id="2392"><net_src comp="126" pin="0"/><net_sink comp="2236" pin=100"/></net>

<net id="2393"><net_src comp="130" pin="0"/><net_sink comp="2236" pin=102"/></net>

<net id="2503"><net_src comp="208" pin="0"/><net_sink comp="2397" pin=0"/></net>

<net id="2504"><net_src comp="208" pin="0"/><net_sink comp="2397" pin=2"/></net>

<net id="2505"><net_src comp="208" pin="0"/><net_sink comp="2397" pin=4"/></net>

<net id="2506"><net_src comp="208" pin="0"/><net_sink comp="2397" pin=6"/></net>

<net id="2507"><net_src comp="208" pin="0"/><net_sink comp="2397" pin=8"/></net>

<net id="2508"><net_src comp="208" pin="0"/><net_sink comp="2397" pin=10"/></net>

<net id="2509"><net_src comp="208" pin="0"/><net_sink comp="2397" pin=12"/></net>

<net id="2510"><net_src comp="208" pin="0"/><net_sink comp="2397" pin=14"/></net>

<net id="2511"><net_src comp="208" pin="0"/><net_sink comp="2397" pin=16"/></net>

<net id="2512"><net_src comp="208" pin="0"/><net_sink comp="2397" pin=18"/></net>

<net id="2513"><net_src comp="208" pin="0"/><net_sink comp="2397" pin=20"/></net>

<net id="2514"><net_src comp="208" pin="0"/><net_sink comp="2397" pin=22"/></net>

<net id="2515"><net_src comp="208" pin="0"/><net_sink comp="2397" pin=24"/></net>

<net id="2516"><net_src comp="208" pin="0"/><net_sink comp="2397" pin=26"/></net>

<net id="2517"><net_src comp="208" pin="0"/><net_sink comp="2397" pin=28"/></net>

<net id="2518"><net_src comp="208" pin="0"/><net_sink comp="2397" pin=30"/></net>

<net id="2519"><net_src comp="208" pin="0"/><net_sink comp="2397" pin=32"/></net>

<net id="2520"><net_src comp="208" pin="0"/><net_sink comp="2397" pin=34"/></net>

<net id="2521"><net_src comp="208" pin="0"/><net_sink comp="2397" pin=36"/></net>

<net id="2522"><net_src comp="208" pin="0"/><net_sink comp="2397" pin=38"/></net>

<net id="2523"><net_src comp="208" pin="0"/><net_sink comp="2397" pin=40"/></net>

<net id="2524"><net_src comp="208" pin="0"/><net_sink comp="2397" pin=42"/></net>

<net id="2525"><net_src comp="208" pin="0"/><net_sink comp="2397" pin=44"/></net>

<net id="2526"><net_src comp="208" pin="0"/><net_sink comp="2397" pin=46"/></net>

<net id="2527"><net_src comp="208" pin="0"/><net_sink comp="2397" pin=48"/></net>

<net id="2528"><net_src comp="144" pin="0"/><net_sink comp="2397" pin=50"/></net>

<net id="2529"><net_src comp="144" pin="0"/><net_sink comp="2397" pin=52"/></net>

<net id="2530"><net_src comp="208" pin="0"/><net_sink comp="2397" pin=54"/></net>

<net id="2531"><net_src comp="208" pin="0"/><net_sink comp="2397" pin=56"/></net>

<net id="2532"><net_src comp="208" pin="0"/><net_sink comp="2397" pin=58"/></net>

<net id="2533"><net_src comp="208" pin="0"/><net_sink comp="2397" pin=60"/></net>

<net id="2534"><net_src comp="208" pin="0"/><net_sink comp="2397" pin=62"/></net>

<net id="2535"><net_src comp="208" pin="0"/><net_sink comp="2397" pin=64"/></net>

<net id="2536"><net_src comp="208" pin="0"/><net_sink comp="2397" pin=66"/></net>

<net id="2537"><net_src comp="144" pin="0"/><net_sink comp="2397" pin=68"/></net>

<net id="2538"><net_src comp="144" pin="0"/><net_sink comp="2397" pin=70"/></net>

<net id="2539"><net_src comp="208" pin="0"/><net_sink comp="2397" pin=72"/></net>

<net id="2540"><net_src comp="208" pin="0"/><net_sink comp="2397" pin=74"/></net>

<net id="2541"><net_src comp="208" pin="0"/><net_sink comp="2397" pin=76"/></net>

<net id="2542"><net_src comp="208" pin="0"/><net_sink comp="2397" pin=78"/></net>

<net id="2543"><net_src comp="208" pin="0"/><net_sink comp="2397" pin=80"/></net>

<net id="2544"><net_src comp="208" pin="0"/><net_sink comp="2397" pin=82"/></net>

<net id="2545"><net_src comp="208" pin="0"/><net_sink comp="2397" pin=84"/></net>

<net id="2546"><net_src comp="208" pin="0"/><net_sink comp="2397" pin=86"/></net>

<net id="2547"><net_src comp="208" pin="0"/><net_sink comp="2397" pin=88"/></net>

<net id="2548"><net_src comp="208" pin="0"/><net_sink comp="2397" pin=90"/></net>

<net id="2549"><net_src comp="208" pin="0"/><net_sink comp="2397" pin=92"/></net>

<net id="2550"><net_src comp="144" pin="0"/><net_sink comp="2397" pin=94"/></net>

<net id="2551"><net_src comp="208" pin="0"/><net_sink comp="2397" pin=96"/></net>

<net id="2552"><net_src comp="208" pin="0"/><net_sink comp="2397" pin=98"/></net>

<net id="2553"><net_src comp="144" pin="0"/><net_sink comp="2397" pin=100"/></net>

<net id="2554"><net_src comp="208" pin="0"/><net_sink comp="2397" pin=102"/></net>

<net id="2664"><net_src comp="216" pin="0"/><net_sink comp="2558" pin=0"/></net>

<net id="2665"><net_src comp="216" pin="0"/><net_sink comp="2558" pin=2"/></net>

<net id="2666"><net_src comp="238" pin="0"/><net_sink comp="2558" pin=4"/></net>

<net id="2667"><net_src comp="238" pin="0"/><net_sink comp="2558" pin=6"/></net>

<net id="2668"><net_src comp="148" pin="0"/><net_sink comp="2558" pin=8"/></net>

<net id="2669"><net_src comp="148" pin="0"/><net_sink comp="2558" pin=10"/></net>

<net id="2670"><net_src comp="148" pin="0"/><net_sink comp="2558" pin=12"/></net>

<net id="2671"><net_src comp="148" pin="0"/><net_sink comp="2558" pin=14"/></net>

<net id="2672"><net_src comp="148" pin="0"/><net_sink comp="2558" pin=16"/></net>

<net id="2673"><net_src comp="238" pin="0"/><net_sink comp="2558" pin=18"/></net>

<net id="2674"><net_src comp="238" pin="0"/><net_sink comp="2558" pin=20"/></net>

<net id="2675"><net_src comp="238" pin="0"/><net_sink comp="2558" pin=22"/></net>

<net id="2676"><net_src comp="238" pin="0"/><net_sink comp="2558" pin=24"/></net>

<net id="2677"><net_src comp="238" pin="0"/><net_sink comp="2558" pin=26"/></net>

<net id="2678"><net_src comp="238" pin="0"/><net_sink comp="2558" pin=28"/></net>

<net id="2679"><net_src comp="148" pin="0"/><net_sink comp="2558" pin=30"/></net>

<net id="2680"><net_src comp="148" pin="0"/><net_sink comp="2558" pin=32"/></net>

<net id="2681"><net_src comp="148" pin="0"/><net_sink comp="2558" pin=34"/></net>

<net id="2682"><net_src comp="238" pin="0"/><net_sink comp="2558" pin=36"/></net>

<net id="2683"><net_src comp="238" pin="0"/><net_sink comp="2558" pin=38"/></net>

<net id="2684"><net_src comp="238" pin="0"/><net_sink comp="2558" pin=40"/></net>

<net id="2685"><net_src comp="238" pin="0"/><net_sink comp="2558" pin=42"/></net>

<net id="2686"><net_src comp="238" pin="0"/><net_sink comp="2558" pin=44"/></net>

<net id="2687"><net_src comp="238" pin="0"/><net_sink comp="2558" pin=46"/></net>

<net id="2688"><net_src comp="238" pin="0"/><net_sink comp="2558" pin=48"/></net>

<net id="2689"><net_src comp="238" pin="0"/><net_sink comp="2558" pin=50"/></net>

<net id="2690"><net_src comp="238" pin="0"/><net_sink comp="2558" pin=52"/></net>

<net id="2691"><net_src comp="148" pin="0"/><net_sink comp="2558" pin=54"/></net>

<net id="2692"><net_src comp="148" pin="0"/><net_sink comp="2558" pin=56"/></net>

<net id="2693"><net_src comp="148" pin="0"/><net_sink comp="2558" pin=58"/></net>

<net id="2694"><net_src comp="148" pin="0"/><net_sink comp="2558" pin=60"/></net>

<net id="2695"><net_src comp="148" pin="0"/><net_sink comp="2558" pin=62"/></net>

<net id="2696"><net_src comp="148" pin="0"/><net_sink comp="2558" pin=64"/></net>

<net id="2697"><net_src comp="148" pin="0"/><net_sink comp="2558" pin=66"/></net>

<net id="2698"><net_src comp="148" pin="0"/><net_sink comp="2558" pin=68"/></net>

<net id="2699"><net_src comp="148" pin="0"/><net_sink comp="2558" pin=70"/></net>

<net id="2700"><net_src comp="146" pin="0"/><net_sink comp="2558" pin=72"/></net>

<net id="2701"><net_src comp="146" pin="0"/><net_sink comp="2558" pin=74"/></net>

<net id="2702"><net_src comp="146" pin="0"/><net_sink comp="2558" pin=76"/></net>

<net id="2703"><net_src comp="146" pin="0"/><net_sink comp="2558" pin=78"/></net>

<net id="2704"><net_src comp="146" pin="0"/><net_sink comp="2558" pin=80"/></net>

<net id="2705"><net_src comp="148" pin="0"/><net_sink comp="2558" pin=82"/></net>

<net id="2706"><net_src comp="148" pin="0"/><net_sink comp="2558" pin=84"/></net>

<net id="2707"><net_src comp="148" pin="0"/><net_sink comp="2558" pin=86"/></net>

<net id="2708"><net_src comp="238" pin="0"/><net_sink comp="2558" pin=88"/></net>

<net id="2709"><net_src comp="148" pin="0"/><net_sink comp="2558" pin=90"/></net>

<net id="2710"><net_src comp="238" pin="0"/><net_sink comp="2558" pin=92"/></net>

<net id="2711"><net_src comp="238" pin="0"/><net_sink comp="2558" pin=94"/></net>

<net id="2712"><net_src comp="148" pin="0"/><net_sink comp="2558" pin=96"/></net>

<net id="2713"><net_src comp="148" pin="0"/><net_sink comp="2558" pin=98"/></net>

<net id="2714"><net_src comp="148" pin="0"/><net_sink comp="2558" pin=100"/></net>

<net id="2715"><net_src comp="146" pin="0"/><net_sink comp="2558" pin=102"/></net>

<net id="2825"><net_src comp="146" pin="0"/><net_sink comp="2719" pin=0"/></net>

<net id="2826"><net_src comp="216" pin="0"/><net_sink comp="2719" pin=2"/></net>

<net id="2827"><net_src comp="216" pin="0"/><net_sink comp="2719" pin=4"/></net>

<net id="2828"><net_src comp="148" pin="0"/><net_sink comp="2719" pin=6"/></net>

<net id="2829"><net_src comp="148" pin="0"/><net_sink comp="2719" pin=8"/></net>

<net id="2830"><net_src comp="148" pin="0"/><net_sink comp="2719" pin=10"/></net>

<net id="2831"><net_src comp="148" pin="0"/><net_sink comp="2719" pin=12"/></net>

<net id="2832"><net_src comp="148" pin="0"/><net_sink comp="2719" pin=14"/></net>

<net id="2833"><net_src comp="148" pin="0"/><net_sink comp="2719" pin=16"/></net>

<net id="2834"><net_src comp="148" pin="0"/><net_sink comp="2719" pin=18"/></net>

<net id="2835"><net_src comp="148" pin="0"/><net_sink comp="2719" pin=20"/></net>

<net id="2836"><net_src comp="148" pin="0"/><net_sink comp="2719" pin=22"/></net>

<net id="2837"><net_src comp="148" pin="0"/><net_sink comp="2719" pin=24"/></net>

<net id="2838"><net_src comp="148" pin="0"/><net_sink comp="2719" pin=26"/></net>

<net id="2839"><net_src comp="148" pin="0"/><net_sink comp="2719" pin=28"/></net>

<net id="2840"><net_src comp="148" pin="0"/><net_sink comp="2719" pin=30"/></net>

<net id="2841"><net_src comp="148" pin="0"/><net_sink comp="2719" pin=32"/></net>

<net id="2842"><net_src comp="148" pin="0"/><net_sink comp="2719" pin=34"/></net>

<net id="2843"><net_src comp="148" pin="0"/><net_sink comp="2719" pin=36"/></net>

<net id="2844"><net_src comp="148" pin="0"/><net_sink comp="2719" pin=38"/></net>

<net id="2845"><net_src comp="148" pin="0"/><net_sink comp="2719" pin=40"/></net>

<net id="2846"><net_src comp="148" pin="0"/><net_sink comp="2719" pin=42"/></net>

<net id="2847"><net_src comp="148" pin="0"/><net_sink comp="2719" pin=44"/></net>

<net id="2848"><net_src comp="148" pin="0"/><net_sink comp="2719" pin=46"/></net>

<net id="2849"><net_src comp="148" pin="0"/><net_sink comp="2719" pin=48"/></net>

<net id="2850"><net_src comp="148" pin="0"/><net_sink comp="2719" pin=50"/></net>

<net id="2851"><net_src comp="148" pin="0"/><net_sink comp="2719" pin=52"/></net>

<net id="2852"><net_src comp="148" pin="0"/><net_sink comp="2719" pin=54"/></net>

<net id="2853"><net_src comp="148" pin="0"/><net_sink comp="2719" pin=56"/></net>

<net id="2854"><net_src comp="148" pin="0"/><net_sink comp="2719" pin=58"/></net>

<net id="2855"><net_src comp="148" pin="0"/><net_sink comp="2719" pin=60"/></net>

<net id="2856"><net_src comp="148" pin="0"/><net_sink comp="2719" pin=62"/></net>

<net id="2857"><net_src comp="148" pin="0"/><net_sink comp="2719" pin=64"/></net>

<net id="2858"><net_src comp="148" pin="0"/><net_sink comp="2719" pin=66"/></net>

<net id="2859"><net_src comp="148" pin="0"/><net_sink comp="2719" pin=68"/></net>

<net id="2860"><net_src comp="148" pin="0"/><net_sink comp="2719" pin=70"/></net>

<net id="2861"><net_src comp="148" pin="0"/><net_sink comp="2719" pin=72"/></net>

<net id="2862"><net_src comp="148" pin="0"/><net_sink comp="2719" pin=74"/></net>

<net id="2863"><net_src comp="148" pin="0"/><net_sink comp="2719" pin=76"/></net>

<net id="2864"><net_src comp="148" pin="0"/><net_sink comp="2719" pin=78"/></net>

<net id="2865"><net_src comp="148" pin="0"/><net_sink comp="2719" pin=80"/></net>

<net id="2866"><net_src comp="148" pin="0"/><net_sink comp="2719" pin=82"/></net>

<net id="2867"><net_src comp="148" pin="0"/><net_sink comp="2719" pin=84"/></net>

<net id="2868"><net_src comp="148" pin="0"/><net_sink comp="2719" pin=86"/></net>

<net id="2869"><net_src comp="148" pin="0"/><net_sink comp="2719" pin=88"/></net>

<net id="2870"><net_src comp="148" pin="0"/><net_sink comp="2719" pin=90"/></net>

<net id="2871"><net_src comp="148" pin="0"/><net_sink comp="2719" pin=92"/></net>

<net id="2872"><net_src comp="148" pin="0"/><net_sink comp="2719" pin=94"/></net>

<net id="2873"><net_src comp="148" pin="0"/><net_sink comp="2719" pin=96"/></net>

<net id="2874"><net_src comp="148" pin="0"/><net_sink comp="2719" pin=98"/></net>

<net id="2875"><net_src comp="148" pin="0"/><net_sink comp="2719" pin=100"/></net>

<net id="2876"><net_src comp="148" pin="0"/><net_sink comp="2719" pin=102"/></net>

<net id="2986"><net_src comp="152" pin="0"/><net_sink comp="2880" pin=0"/></net>

<net id="2987"><net_src comp="152" pin="0"/><net_sink comp="2880" pin=2"/></net>

<net id="2988"><net_src comp="240" pin="0"/><net_sink comp="2880" pin=4"/></net>

<net id="2989"><net_src comp="242" pin="0"/><net_sink comp="2880" pin=6"/></net>

<net id="2990"><net_src comp="244" pin="0"/><net_sink comp="2880" pin=10"/></net>

<net id="2991"><net_src comp="246" pin="0"/><net_sink comp="2880" pin=12"/></net>

<net id="2992"><net_src comp="248" pin="0"/><net_sink comp="2880" pin=16"/></net>

<net id="2993"><net_src comp="152" pin="0"/><net_sink comp="2880" pin=18"/></net>

<net id="2994"><net_src comp="152" pin="0"/><net_sink comp="2880" pin=20"/></net>

<net id="2995"><net_src comp="152" pin="0"/><net_sink comp="2880" pin=22"/></net>

<net id="2996"><net_src comp="152" pin="0"/><net_sink comp="2880" pin=24"/></net>

<net id="2997"><net_src comp="152" pin="0"/><net_sink comp="2880" pin=26"/></net>

<net id="2998"><net_src comp="152" pin="0"/><net_sink comp="2880" pin=28"/></net>

<net id="2999"><net_src comp="152" pin="0"/><net_sink comp="2880" pin=30"/></net>

<net id="3000"><net_src comp="152" pin="0"/><net_sink comp="2880" pin=32"/></net>

<net id="3001"><net_src comp="152" pin="0"/><net_sink comp="2880" pin=34"/></net>

<net id="3002"><net_src comp="152" pin="0"/><net_sink comp="2880" pin=36"/></net>

<net id="3003"><net_src comp="152" pin="0"/><net_sink comp="2880" pin=38"/></net>

<net id="3004"><net_src comp="152" pin="0"/><net_sink comp="2880" pin=40"/></net>

<net id="3005"><net_src comp="152" pin="0"/><net_sink comp="2880" pin=42"/></net>

<net id="3006"><net_src comp="152" pin="0"/><net_sink comp="2880" pin=44"/></net>

<net id="3007"><net_src comp="152" pin="0"/><net_sink comp="2880" pin=46"/></net>

<net id="3008"><net_src comp="152" pin="0"/><net_sink comp="2880" pin=48"/></net>

<net id="3009"><net_src comp="152" pin="0"/><net_sink comp="2880" pin=50"/></net>

<net id="3010"><net_src comp="152" pin="0"/><net_sink comp="2880" pin=52"/></net>

<net id="3011"><net_src comp="152" pin="0"/><net_sink comp="2880" pin=54"/></net>

<net id="3012"><net_src comp="152" pin="0"/><net_sink comp="2880" pin=56"/></net>

<net id="3013"><net_src comp="152" pin="0"/><net_sink comp="2880" pin=58"/></net>

<net id="3014"><net_src comp="152" pin="0"/><net_sink comp="2880" pin=60"/></net>

<net id="3015"><net_src comp="152" pin="0"/><net_sink comp="2880" pin=62"/></net>

<net id="3016"><net_src comp="152" pin="0"/><net_sink comp="2880" pin=64"/></net>

<net id="3017"><net_src comp="152" pin="0"/><net_sink comp="2880" pin=66"/></net>

<net id="3018"><net_src comp="152" pin="0"/><net_sink comp="2880" pin=68"/></net>

<net id="3019"><net_src comp="152" pin="0"/><net_sink comp="2880" pin=70"/></net>

<net id="3020"><net_src comp="152" pin="0"/><net_sink comp="2880" pin=72"/></net>

<net id="3021"><net_src comp="152" pin="0"/><net_sink comp="2880" pin=74"/></net>

<net id="3022"><net_src comp="152" pin="0"/><net_sink comp="2880" pin=76"/></net>

<net id="3023"><net_src comp="152" pin="0"/><net_sink comp="2880" pin=78"/></net>

<net id="3024"><net_src comp="152" pin="0"/><net_sink comp="2880" pin=80"/></net>

<net id="3025"><net_src comp="152" pin="0"/><net_sink comp="2880" pin=82"/></net>

<net id="3026"><net_src comp="152" pin="0"/><net_sink comp="2880" pin=84"/></net>

<net id="3027"><net_src comp="250" pin="0"/><net_sink comp="2880" pin=86"/></net>

<net id="3028"><net_src comp="152" pin="0"/><net_sink comp="2880" pin=88"/></net>

<net id="3029"><net_src comp="152" pin="0"/><net_sink comp="2880" pin=90"/></net>

<net id="3030"><net_src comp="152" pin="0"/><net_sink comp="2880" pin=92"/></net>

<net id="3031"><net_src comp="152" pin="0"/><net_sink comp="2880" pin=94"/></net>

<net id="3032"><net_src comp="152" pin="0"/><net_sink comp="2880" pin=96"/></net>

<net id="3033"><net_src comp="152" pin="0"/><net_sink comp="2880" pin=98"/></net>

<net id="3034"><net_src comp="152" pin="0"/><net_sink comp="2880" pin=100"/></net>

<net id="3035"><net_src comp="152" pin="0"/><net_sink comp="2880" pin=102"/></net>

<net id="3145"><net_src comp="126" pin="0"/><net_sink comp="3039" pin=0"/></net>

<net id="3146"><net_src comp="126" pin="0"/><net_sink comp="3039" pin=2"/></net>

<net id="3147"><net_src comp="126" pin="0"/><net_sink comp="3039" pin=4"/></net>

<net id="3148"><net_src comp="126" pin="0"/><net_sink comp="3039" pin=6"/></net>

<net id="3149"><net_src comp="126" pin="0"/><net_sink comp="3039" pin=8"/></net>

<net id="3150"><net_src comp="126" pin="0"/><net_sink comp="3039" pin=10"/></net>

<net id="3151"><net_src comp="126" pin="0"/><net_sink comp="3039" pin=12"/></net>

<net id="3152"><net_src comp="126" pin="0"/><net_sink comp="3039" pin=14"/></net>

<net id="3153"><net_src comp="126" pin="0"/><net_sink comp="3039" pin=16"/></net>

<net id="3154"><net_src comp="134" pin="0"/><net_sink comp="3039" pin=18"/></net>

<net id="3155"><net_src comp="134" pin="0"/><net_sink comp="3039" pin=20"/></net>

<net id="3156"><net_src comp="134" pin="0"/><net_sink comp="3039" pin=22"/></net>

<net id="3157"><net_src comp="134" pin="0"/><net_sink comp="3039" pin=24"/></net>

<net id="3158"><net_src comp="134" pin="0"/><net_sink comp="3039" pin=26"/></net>

<net id="3159"><net_src comp="134" pin="0"/><net_sink comp="3039" pin=28"/></net>

<net id="3160"><net_src comp="134" pin="0"/><net_sink comp="3039" pin=30"/></net>

<net id="3161"><net_src comp="134" pin="0"/><net_sink comp="3039" pin=32"/></net>

<net id="3162"><net_src comp="134" pin="0"/><net_sink comp="3039" pin=34"/></net>

<net id="3163"><net_src comp="126" pin="0"/><net_sink comp="3039" pin=36"/></net>

<net id="3164"><net_src comp="126" pin="0"/><net_sink comp="3039" pin=38"/></net>

<net id="3165"><net_src comp="126" pin="0"/><net_sink comp="3039" pin=40"/></net>

<net id="3166"><net_src comp="126" pin="0"/><net_sink comp="3039" pin=42"/></net>

<net id="3167"><net_src comp="126" pin="0"/><net_sink comp="3039" pin=44"/></net>

<net id="3168"><net_src comp="126" pin="0"/><net_sink comp="3039" pin=46"/></net>

<net id="3169"><net_src comp="126" pin="0"/><net_sink comp="3039" pin=48"/></net>

<net id="3170"><net_src comp="126" pin="0"/><net_sink comp="3039" pin=50"/></net>

<net id="3171"><net_src comp="126" pin="0"/><net_sink comp="3039" pin=52"/></net>

<net id="3172"><net_src comp="126" pin="0"/><net_sink comp="3039" pin=54"/></net>

<net id="3173"><net_src comp="126" pin="0"/><net_sink comp="3039" pin=56"/></net>

<net id="3174"><net_src comp="126" pin="0"/><net_sink comp="3039" pin=58"/></net>

<net id="3175"><net_src comp="126" pin="0"/><net_sink comp="3039" pin=60"/></net>

<net id="3176"><net_src comp="126" pin="0"/><net_sink comp="3039" pin=62"/></net>

<net id="3177"><net_src comp="126" pin="0"/><net_sink comp="3039" pin=64"/></net>

<net id="3178"><net_src comp="126" pin="0"/><net_sink comp="3039" pin=66"/></net>

<net id="3179"><net_src comp="126" pin="0"/><net_sink comp="3039" pin=68"/></net>

<net id="3180"><net_src comp="126" pin="0"/><net_sink comp="3039" pin=70"/></net>

<net id="3181"><net_src comp="132" pin="0"/><net_sink comp="3039" pin=72"/></net>

<net id="3182"><net_src comp="132" pin="0"/><net_sink comp="3039" pin=74"/></net>

<net id="3183"><net_src comp="132" pin="0"/><net_sink comp="3039" pin=76"/></net>

<net id="3184"><net_src comp="132" pin="0"/><net_sink comp="3039" pin=78"/></net>

<net id="3185"><net_src comp="132" pin="0"/><net_sink comp="3039" pin=80"/></net>

<net id="3186"><net_src comp="132" pin="0"/><net_sink comp="3039" pin=82"/></net>

<net id="3187"><net_src comp="134" pin="0"/><net_sink comp="3039" pin=84"/></net>

<net id="3188"><net_src comp="126" pin="0"/><net_sink comp="3039" pin=86"/></net>

<net id="3189"><net_src comp="134" pin="0"/><net_sink comp="3039" pin=88"/></net>

<net id="3190"><net_src comp="134" pin="0"/><net_sink comp="3039" pin=90"/></net>

<net id="3191"><net_src comp="126" pin="0"/><net_sink comp="3039" pin=92"/></net>

<net id="3192"><net_src comp="126" pin="0"/><net_sink comp="3039" pin=94"/></net>

<net id="3193"><net_src comp="128" pin="0"/><net_sink comp="3039" pin=96"/></net>

<net id="3194"><net_src comp="126" pin="0"/><net_sink comp="3039" pin=98"/></net>

<net id="3195"><net_src comp="126" pin="0"/><net_sink comp="3039" pin=100"/></net>

<net id="3196"><net_src comp="132" pin="0"/><net_sink comp="3039" pin=102"/></net>

<net id="3306"><net_src comp="144" pin="0"/><net_sink comp="3200" pin=0"/></net>

<net id="3307"><net_src comp="144" pin="0"/><net_sink comp="3200" pin=2"/></net>

<net id="3308"><net_src comp="144" pin="0"/><net_sink comp="3200" pin=4"/></net>

<net id="3309"><net_src comp="144" pin="0"/><net_sink comp="3200" pin=6"/></net>

<net id="3310"><net_src comp="144" pin="0"/><net_sink comp="3200" pin=8"/></net>

<net id="3311"><net_src comp="144" pin="0"/><net_sink comp="3200" pin=10"/></net>

<net id="3312"><net_src comp="144" pin="0"/><net_sink comp="3200" pin=12"/></net>

<net id="3313"><net_src comp="144" pin="0"/><net_sink comp="3200" pin=14"/></net>

<net id="3314"><net_src comp="144" pin="0"/><net_sink comp="3200" pin=16"/></net>

<net id="3315"><net_src comp="208" pin="0"/><net_sink comp="3200" pin=18"/></net>

<net id="3316"><net_src comp="208" pin="0"/><net_sink comp="3200" pin=20"/></net>

<net id="3317"><net_src comp="208" pin="0"/><net_sink comp="3200" pin=22"/></net>

<net id="3318"><net_src comp="208" pin="0"/><net_sink comp="3200" pin=24"/></net>

<net id="3319"><net_src comp="208" pin="0"/><net_sink comp="3200" pin=26"/></net>

<net id="3320"><net_src comp="208" pin="0"/><net_sink comp="3200" pin=28"/></net>

<net id="3321"><net_src comp="208" pin="0"/><net_sink comp="3200" pin=30"/></net>

<net id="3322"><net_src comp="208" pin="0"/><net_sink comp="3200" pin=32"/></net>

<net id="3323"><net_src comp="208" pin="0"/><net_sink comp="3200" pin=34"/></net>

<net id="3324"><net_src comp="144" pin="0"/><net_sink comp="3200" pin=36"/></net>

<net id="3325"><net_src comp="144" pin="0"/><net_sink comp="3200" pin=38"/></net>

<net id="3326"><net_src comp="144" pin="0"/><net_sink comp="3200" pin=40"/></net>

<net id="3327"><net_src comp="144" pin="0"/><net_sink comp="3200" pin=42"/></net>

<net id="3328"><net_src comp="144" pin="0"/><net_sink comp="3200" pin=44"/></net>

<net id="3329"><net_src comp="144" pin="0"/><net_sink comp="3200" pin=46"/></net>

<net id="3330"><net_src comp="144" pin="0"/><net_sink comp="3200" pin=48"/></net>

<net id="3331"><net_src comp="144" pin="0"/><net_sink comp="3200" pin=50"/></net>

<net id="3332"><net_src comp="144" pin="0"/><net_sink comp="3200" pin=52"/></net>

<net id="3333"><net_src comp="144" pin="0"/><net_sink comp="3200" pin=54"/></net>

<net id="3334"><net_src comp="144" pin="0"/><net_sink comp="3200" pin=56"/></net>

<net id="3335"><net_src comp="144" pin="0"/><net_sink comp="3200" pin=58"/></net>

<net id="3336"><net_src comp="144" pin="0"/><net_sink comp="3200" pin=60"/></net>

<net id="3337"><net_src comp="144" pin="0"/><net_sink comp="3200" pin=62"/></net>

<net id="3338"><net_src comp="144" pin="0"/><net_sink comp="3200" pin=64"/></net>

<net id="3339"><net_src comp="144" pin="0"/><net_sink comp="3200" pin=66"/></net>

<net id="3340"><net_src comp="144" pin="0"/><net_sink comp="3200" pin=68"/></net>

<net id="3341"><net_src comp="144" pin="0"/><net_sink comp="3200" pin=70"/></net>

<net id="3342"><net_src comp="144" pin="0"/><net_sink comp="3200" pin=72"/></net>

<net id="3343"><net_src comp="144" pin="0"/><net_sink comp="3200" pin=74"/></net>

<net id="3344"><net_src comp="144" pin="0"/><net_sink comp="3200" pin=76"/></net>

<net id="3345"><net_src comp="144" pin="0"/><net_sink comp="3200" pin=78"/></net>

<net id="3346"><net_src comp="144" pin="0"/><net_sink comp="3200" pin=80"/></net>

<net id="3347"><net_src comp="144" pin="0"/><net_sink comp="3200" pin=82"/></net>

<net id="3348"><net_src comp="208" pin="0"/><net_sink comp="3200" pin=84"/></net>

<net id="3349"><net_src comp="144" pin="0"/><net_sink comp="3200" pin=86"/></net>

<net id="3350"><net_src comp="208" pin="0"/><net_sink comp="3200" pin=88"/></net>

<net id="3351"><net_src comp="208" pin="0"/><net_sink comp="3200" pin=90"/></net>

<net id="3352"><net_src comp="144" pin="0"/><net_sink comp="3200" pin=92"/></net>

<net id="3353"><net_src comp="144" pin="0"/><net_sink comp="3200" pin=94"/></net>

<net id="3354"><net_src comp="144" pin="0"/><net_sink comp="3200" pin=96"/></net>

<net id="3355"><net_src comp="144" pin="0"/><net_sink comp="3200" pin=98"/></net>

<net id="3356"><net_src comp="144" pin="0"/><net_sink comp="3200" pin=100"/></net>

<net id="3357"><net_src comp="144" pin="0"/><net_sink comp="3200" pin=102"/></net>

<net id="3467"><net_src comp="252" pin="0"/><net_sink comp="3361" pin=0"/></net>

<net id="3468"><net_src comp="254" pin="0"/><net_sink comp="3361" pin=2"/></net>

<net id="3469"><net_src comp="256" pin="0"/><net_sink comp="3361" pin=4"/></net>

<net id="3470"><net_src comp="258" pin="0"/><net_sink comp="3361" pin=6"/></net>

<net id="3471"><net_src comp="260" pin="0"/><net_sink comp="3361" pin=8"/></net>

<net id="3472"><net_src comp="262" pin="0"/><net_sink comp="3361" pin=10"/></net>

<net id="3473"><net_src comp="264" pin="0"/><net_sink comp="3361" pin=12"/></net>

<net id="3474"><net_src comp="266" pin="0"/><net_sink comp="3361" pin=14"/></net>

<net id="3475"><net_src comp="268" pin="0"/><net_sink comp="3361" pin=16"/></net>

<net id="3476"><net_src comp="270" pin="0"/><net_sink comp="3361" pin=18"/></net>

<net id="3477"><net_src comp="272" pin="0"/><net_sink comp="3361" pin=20"/></net>

<net id="3478"><net_src comp="274" pin="0"/><net_sink comp="3361" pin=22"/></net>

<net id="3479"><net_src comp="276" pin="0"/><net_sink comp="3361" pin=24"/></net>

<net id="3480"><net_src comp="278" pin="0"/><net_sink comp="3361" pin=26"/></net>

<net id="3481"><net_src comp="280" pin="0"/><net_sink comp="3361" pin=28"/></net>

<net id="3482"><net_src comp="282" pin="0"/><net_sink comp="3361" pin=30"/></net>

<net id="3483"><net_src comp="284" pin="0"/><net_sink comp="3361" pin=32"/></net>

<net id="3484"><net_src comp="286" pin="0"/><net_sink comp="3361" pin=34"/></net>

<net id="3485"><net_src comp="288" pin="0"/><net_sink comp="3361" pin=36"/></net>

<net id="3486"><net_src comp="290" pin="0"/><net_sink comp="3361" pin=38"/></net>

<net id="3487"><net_src comp="292" pin="0"/><net_sink comp="3361" pin=40"/></net>

<net id="3488"><net_src comp="294" pin="0"/><net_sink comp="3361" pin=42"/></net>

<net id="3489"><net_src comp="296" pin="0"/><net_sink comp="3361" pin=44"/></net>

<net id="3490"><net_src comp="298" pin="0"/><net_sink comp="3361" pin=46"/></net>

<net id="3491"><net_src comp="300" pin="0"/><net_sink comp="3361" pin=50"/></net>

<net id="3492"><net_src comp="302" pin="0"/><net_sink comp="3361" pin=56"/></net>

<net id="3493"><net_src comp="304" pin="0"/><net_sink comp="3361" pin=58"/></net>

<net id="3494"><net_src comp="306" pin="0"/><net_sink comp="3361" pin=60"/></net>

<net id="3495"><net_src comp="308" pin="0"/><net_sink comp="3361" pin=64"/></net>

<net id="3496"><net_src comp="310" pin="0"/><net_sink comp="3361" pin=66"/></net>

<net id="3497"><net_src comp="312" pin="0"/><net_sink comp="3361" pin=72"/></net>

<net id="3498"><net_src comp="314" pin="0"/><net_sink comp="3361" pin=74"/></net>

<net id="3499"><net_src comp="316" pin="0"/><net_sink comp="3361" pin=76"/></net>

<net id="3500"><net_src comp="318" pin="0"/><net_sink comp="3361" pin=78"/></net>

<net id="3501"><net_src comp="320" pin="0"/><net_sink comp="3361" pin=80"/></net>

<net id="3502"><net_src comp="322" pin="0"/><net_sink comp="3361" pin=84"/></net>

<net id="3503"><net_src comp="324" pin="0"/><net_sink comp="3361" pin=86"/></net>

<net id="3504"><net_src comp="326" pin="0"/><net_sink comp="3361" pin=88"/></net>

<net id="3505"><net_src comp="328" pin="0"/><net_sink comp="3361" pin=90"/></net>

<net id="3506"><net_src comp="330" pin="0"/><net_sink comp="3361" pin=92"/></net>

<net id="3507"><net_src comp="332" pin="0"/><net_sink comp="3361" pin=94"/></net>

<net id="3508"><net_src comp="334" pin="0"/><net_sink comp="3361" pin=98"/></net>

<net id="3509"><net_src comp="336" pin="0"/><net_sink comp="3361" pin=100"/></net>

<net id="3510"><net_src comp="338" pin="0"/><net_sink comp="3361" pin=102"/></net>

<net id="3534"><net_src comp="949" pin="104"/><net_sink comp="3514" pin=0"/></net>

<net id="3535"><net_src comp="144" pin="0"/><net_sink comp="3514" pin=2"/></net>

<net id="3536"><net_src comp="144" pin="0"/><net_sink comp="3514" pin=4"/></net>

<net id="3537"><net_src comp="144" pin="0"/><net_sink comp="3514" pin=6"/></net>

<net id="3538"><net_src comp="144" pin="0"/><net_sink comp="3514" pin=8"/></net>

<net id="3539"><net_src comp="144" pin="0"/><net_sink comp="3514" pin=10"/></net>

<net id="3540"><net_src comp="144" pin="0"/><net_sink comp="3514" pin=12"/></net>

<net id="3541"><net_src comp="144" pin="0"/><net_sink comp="3514" pin=14"/></net>

<net id="3542"><net_src comp="144" pin="0"/><net_sink comp="3514" pin=16"/></net>

<net id="3566"><net_src comp="3361" pin="104"/><net_sink comp="3546" pin=0"/></net>

<net id="3567"><net_src comp="180" pin="0"/><net_sink comp="3546" pin=2"/></net>

<net id="3568"><net_src comp="180" pin="0"/><net_sink comp="3546" pin=4"/></net>

<net id="3569"><net_src comp="180" pin="0"/><net_sink comp="3546" pin=6"/></net>

<net id="3570"><net_src comp="180" pin="0"/><net_sink comp="3546" pin=8"/></net>

<net id="3571"><net_src comp="180" pin="0"/><net_sink comp="3546" pin=10"/></net>

<net id="3572"><net_src comp="180" pin="0"/><net_sink comp="3546" pin=14"/></net>

<net id="3573"><net_src comp="180" pin="0"/><net_sink comp="3546" pin=16"/></net>

<net id="3597"><net_src comp="3200" pin="104"/><net_sink comp="3577" pin=0"/></net>

<net id="3598"><net_src comp="144" pin="0"/><net_sink comp="3577" pin=2"/></net>

<net id="3599"><net_src comp="144" pin="0"/><net_sink comp="3577" pin=4"/></net>

<net id="3600"><net_src comp="208" pin="0"/><net_sink comp="3577" pin=6"/></net>

<net id="3601"><net_src comp="208" pin="0"/><net_sink comp="3577" pin=8"/></net>

<net id="3602"><net_src comp="144" pin="0"/><net_sink comp="3577" pin=10"/></net>

<net id="3603"><net_src comp="144" pin="0"/><net_sink comp="3577" pin=12"/></net>

<net id="3604"><net_src comp="144" pin="0"/><net_sink comp="3577" pin=14"/></net>

<net id="3605"><net_src comp="144" pin="0"/><net_sink comp="3577" pin=16"/></net>

<net id="3629"><net_src comp="3039" pin="104"/><net_sink comp="3609" pin=0"/></net>

<net id="3630"><net_src comp="126" pin="0"/><net_sink comp="3609" pin=2"/></net>

<net id="3631"><net_src comp="126" pin="0"/><net_sink comp="3609" pin=4"/></net>

<net id="3632"><net_src comp="134" pin="0"/><net_sink comp="3609" pin=6"/></net>

<net id="3633"><net_src comp="134" pin="0"/><net_sink comp="3609" pin=8"/></net>

<net id="3634"><net_src comp="126" pin="0"/><net_sink comp="3609" pin=10"/></net>

<net id="3635"><net_src comp="128" pin="0"/><net_sink comp="3609" pin=12"/></net>

<net id="3636"><net_src comp="126" pin="0"/><net_sink comp="3609" pin=14"/></net>

<net id="3637"><net_src comp="132" pin="0"/><net_sink comp="3609" pin=16"/></net>

<net id="3661"><net_src comp="2880" pin="104"/><net_sink comp="3641" pin=0"/></net>

<net id="3662"><net_src comp="152" pin="0"/><net_sink comp="3641" pin=2"/></net>

<net id="3663"><net_src comp="152" pin="0"/><net_sink comp="3641" pin=4"/></net>

<net id="3664"><net_src comp="152" pin="0"/><net_sink comp="3641" pin=6"/></net>

<net id="3665"><net_src comp="152" pin="0"/><net_sink comp="3641" pin=8"/></net>

<net id="3666"><net_src comp="152" pin="0"/><net_sink comp="3641" pin=10"/></net>

<net id="3667"><net_src comp="152" pin="0"/><net_sink comp="3641" pin=12"/></net>

<net id="3668"><net_src comp="152" pin="0"/><net_sink comp="3641" pin=14"/></net>

<net id="3669"><net_src comp="152" pin="0"/><net_sink comp="3641" pin=16"/></net>

<net id="3693"><net_src comp="2719" pin="104"/><net_sink comp="3673" pin=0"/></net>

<net id="3694"><net_src comp="148" pin="0"/><net_sink comp="3673" pin=2"/></net>

<net id="3695"><net_src comp="148" pin="0"/><net_sink comp="3673" pin=4"/></net>

<net id="3696"><net_src comp="148" pin="0"/><net_sink comp="3673" pin=6"/></net>

<net id="3697"><net_src comp="148" pin="0"/><net_sink comp="3673" pin=8"/></net>

<net id="3698"><net_src comp="148" pin="0"/><net_sink comp="3673" pin=10"/></net>

<net id="3699"><net_src comp="148" pin="0"/><net_sink comp="3673" pin=12"/></net>

<net id="3700"><net_src comp="148" pin="0"/><net_sink comp="3673" pin=14"/></net>

<net id="3701"><net_src comp="148" pin="0"/><net_sink comp="3673" pin=16"/></net>

<net id="3725"><net_src comp="2558" pin="104"/><net_sink comp="3705" pin=0"/></net>

<net id="3726"><net_src comp="148" pin="0"/><net_sink comp="3705" pin=2"/></net>

<net id="3727"><net_src comp="148" pin="0"/><net_sink comp="3705" pin=4"/></net>

<net id="3728"><net_src comp="238" pin="0"/><net_sink comp="3705" pin=6"/></net>

<net id="3729"><net_src comp="148" pin="0"/><net_sink comp="3705" pin=8"/></net>

<net id="3730"><net_src comp="238" pin="0"/><net_sink comp="3705" pin=10"/></net>

<net id="3731"><net_src comp="148" pin="0"/><net_sink comp="3705" pin=12"/></net>

<net id="3732"><net_src comp="148" pin="0"/><net_sink comp="3705" pin=14"/></net>

<net id="3733"><net_src comp="146" pin="0"/><net_sink comp="3705" pin=16"/></net>

<net id="3757"><net_src comp="2397" pin="104"/><net_sink comp="3737" pin=0"/></net>

<net id="3758"><net_src comp="208" pin="0"/><net_sink comp="3737" pin=2"/></net>

<net id="3759"><net_src comp="208" pin="0"/><net_sink comp="3737" pin=4"/></net>

<net id="3760"><net_src comp="208" pin="0"/><net_sink comp="3737" pin=6"/></net>

<net id="3761"><net_src comp="208" pin="0"/><net_sink comp="3737" pin=8"/></net>

<net id="3762"><net_src comp="144" pin="0"/><net_sink comp="3737" pin=10"/></net>

<net id="3763"><net_src comp="208" pin="0"/><net_sink comp="3737" pin=12"/></net>

<net id="3764"><net_src comp="144" pin="0"/><net_sink comp="3737" pin=14"/></net>

<net id="3765"><net_src comp="208" pin="0"/><net_sink comp="3737" pin=16"/></net>

<net id="3789"><net_src comp="2236" pin="104"/><net_sink comp="3769" pin=0"/></net>

<net id="3790"><net_src comp="126" pin="0"/><net_sink comp="3769" pin=2"/></net>

<net id="3791"><net_src comp="126" pin="0"/><net_sink comp="3769" pin=4"/></net>

<net id="3792"><net_src comp="126" pin="0"/><net_sink comp="3769" pin=6"/></net>

<net id="3793"><net_src comp="126" pin="0"/><net_sink comp="3769" pin=8"/></net>

<net id="3794"><net_src comp="126" pin="0"/><net_sink comp="3769" pin=10"/></net>

<net id="3795"><net_src comp="126" pin="0"/><net_sink comp="3769" pin=12"/></net>

<net id="3796"><net_src comp="126" pin="0"/><net_sink comp="3769" pin=14"/></net>

<net id="3797"><net_src comp="126" pin="0"/><net_sink comp="3769" pin=16"/></net>

<net id="3821"><net_src comp="2075" pin="104"/><net_sink comp="3801" pin=0"/></net>

<net id="3822"><net_src comp="208" pin="0"/><net_sink comp="3801" pin=2"/></net>

<net id="3823"><net_src comp="208" pin="0"/><net_sink comp="3801" pin=4"/></net>

<net id="3824"><net_src comp="144" pin="0"/><net_sink comp="3801" pin=6"/></net>

<net id="3825"><net_src comp="208" pin="0"/><net_sink comp="3801" pin=8"/></net>

<net id="3826"><net_src comp="208" pin="0"/><net_sink comp="3801" pin=10"/></net>

<net id="3827"><net_src comp="208" pin="0"/><net_sink comp="3801" pin=12"/></net>

<net id="3828"><net_src comp="208" pin="0"/><net_sink comp="3801" pin=14"/></net>

<net id="3829"><net_src comp="208" pin="0"/><net_sink comp="3801" pin=16"/></net>

<net id="3853"><net_src comp="1914" pin="104"/><net_sink comp="3833" pin=0"/></net>

<net id="3854"><net_src comp="208" pin="0"/><net_sink comp="3833" pin=2"/></net>

<net id="3855"><net_src comp="208" pin="0"/><net_sink comp="3833" pin=4"/></net>

<net id="3856"><net_src comp="208" pin="0"/><net_sink comp="3833" pin=6"/></net>

<net id="3857"><net_src comp="144" pin="0"/><net_sink comp="3833" pin=8"/></net>

<net id="3858"><net_src comp="208" pin="0"/><net_sink comp="3833" pin=10"/></net>

<net id="3859"><net_src comp="208" pin="0"/><net_sink comp="3833" pin=12"/></net>

<net id="3860"><net_src comp="208" pin="0"/><net_sink comp="3833" pin=14"/></net>

<net id="3861"><net_src comp="208" pin="0"/><net_sink comp="3833" pin=16"/></net>

<net id="3885"><net_src comp="1753" pin="104"/><net_sink comp="3865" pin=0"/></net>

<net id="3886"><net_src comp="208" pin="0"/><net_sink comp="3865" pin=2"/></net>

<net id="3887"><net_src comp="144" pin="0"/><net_sink comp="3865" pin=4"/></net>

<net id="3888"><net_src comp="208" pin="0"/><net_sink comp="3865" pin=6"/></net>

<net id="3889"><net_src comp="208" pin="0"/><net_sink comp="3865" pin=8"/></net>

<net id="3890"><net_src comp="208" pin="0"/><net_sink comp="3865" pin=10"/></net>

<net id="3891"><net_src comp="208" pin="0"/><net_sink comp="3865" pin=12"/></net>

<net id="3892"><net_src comp="208" pin="0"/><net_sink comp="3865" pin=14"/></net>

<net id="3893"><net_src comp="208" pin="0"/><net_sink comp="3865" pin=16"/></net>

<net id="3917"><net_src comp="1592" pin="104"/><net_sink comp="3897" pin=0"/></net>

<net id="3918"><net_src comp="208" pin="0"/><net_sink comp="3897" pin=2"/></net>

<net id="3919"><net_src comp="208" pin="0"/><net_sink comp="3897" pin=4"/></net>

<net id="3920"><net_src comp="208" pin="0"/><net_sink comp="3897" pin=6"/></net>

<net id="3921"><net_src comp="208" pin="0"/><net_sink comp="3897" pin=8"/></net>

<net id="3922"><net_src comp="208" pin="0"/><net_sink comp="3897" pin=10"/></net>

<net id="3923"><net_src comp="208" pin="0"/><net_sink comp="3897" pin=12"/></net>

<net id="3924"><net_src comp="208" pin="0"/><net_sink comp="3897" pin=14"/></net>

<net id="3925"><net_src comp="208" pin="0"/><net_sink comp="3897" pin=16"/></net>

<net id="3949"><net_src comp="1431" pin="104"/><net_sink comp="3929" pin=0"/></net>

<net id="3950"><net_src comp="208" pin="0"/><net_sink comp="3929" pin=2"/></net>

<net id="3951"><net_src comp="208" pin="0"/><net_sink comp="3929" pin=4"/></net>

<net id="3952"><net_src comp="208" pin="0"/><net_sink comp="3929" pin=6"/></net>

<net id="3953"><net_src comp="208" pin="0"/><net_sink comp="3929" pin=8"/></net>

<net id="3954"><net_src comp="208" pin="0"/><net_sink comp="3929" pin=10"/></net>

<net id="3955"><net_src comp="208" pin="0"/><net_sink comp="3929" pin=12"/></net>

<net id="3956"><net_src comp="208" pin="0"/><net_sink comp="3929" pin=14"/></net>

<net id="3957"><net_src comp="208" pin="0"/><net_sink comp="3929" pin=16"/></net>

<net id="3981"><net_src comp="1270" pin="104"/><net_sink comp="3961" pin=0"/></net>

<net id="3982"><net_src comp="148" pin="0"/><net_sink comp="3961" pin=2"/></net>

<net id="3983"><net_src comp="148" pin="0"/><net_sink comp="3961" pin=4"/></net>

<net id="3984"><net_src comp="148" pin="0"/><net_sink comp="3961" pin=6"/></net>

<net id="3985"><net_src comp="148" pin="0"/><net_sink comp="3961" pin=8"/></net>

<net id="3986"><net_src comp="148" pin="0"/><net_sink comp="3961" pin=10"/></net>

<net id="3987"><net_src comp="148" pin="0"/><net_sink comp="3961" pin=12"/></net>

<net id="3988"><net_src comp="148" pin="0"/><net_sink comp="3961" pin=14"/></net>

<net id="3989"><net_src comp="148" pin="0"/><net_sink comp="3961" pin=16"/></net>

<net id="4013"><net_src comp="1109" pin="104"/><net_sink comp="3993" pin=0"/></net>

<net id="4014"><net_src comp="208" pin="0"/><net_sink comp="3993" pin=2"/></net>

<net id="4015"><net_src comp="208" pin="0"/><net_sink comp="3993" pin=4"/></net>

<net id="4016"><net_src comp="144" pin="0"/><net_sink comp="3993" pin=6"/></net>

<net id="4017"><net_src comp="208" pin="0"/><net_sink comp="3993" pin=8"/></net>

<net id="4018"><net_src comp="208" pin="0"/><net_sink comp="3993" pin=10"/></net>

<net id="4019"><net_src comp="208" pin="0"/><net_sink comp="3993" pin=12"/></net>

<net id="4020"><net_src comp="208" pin="0"/><net_sink comp="3993" pin=14"/></net>

<net id="4021"><net_src comp="208" pin="0"/><net_sink comp="3993" pin=16"/></net>

<net id="4045"><net_src comp="949" pin="104"/><net_sink comp="4025" pin=0"/></net>

<net id="4046"><net_src comp="208" pin="0"/><net_sink comp="4025" pin=2"/></net>

<net id="4047"><net_src comp="208" pin="0"/><net_sink comp="4025" pin=4"/></net>

<net id="4048"><net_src comp="208" pin="0"/><net_sink comp="4025" pin=6"/></net>

<net id="4049"><net_src comp="208" pin="0"/><net_sink comp="4025" pin=8"/></net>

<net id="4050"><net_src comp="208" pin="0"/><net_sink comp="4025" pin=10"/></net>

<net id="4051"><net_src comp="208" pin="0"/><net_sink comp="4025" pin=12"/></net>

<net id="4052"><net_src comp="208" pin="0"/><net_sink comp="4025" pin=14"/></net>

<net id="4053"><net_src comp="208" pin="0"/><net_sink comp="4025" pin=16"/></net>

<net id="4077"><net_src comp="631" pin="104"/><net_sink comp="4057" pin=0"/></net>

<net id="4078"><net_src comp="148" pin="0"/><net_sink comp="4057" pin=2"/></net>

<net id="4079"><net_src comp="146" pin="0"/><net_sink comp="4057" pin=4"/></net>

<net id="4080"><net_src comp="148" pin="0"/><net_sink comp="4057" pin=6"/></net>

<net id="4081"><net_src comp="146" pin="0"/><net_sink comp="4057" pin=8"/></net>

<net id="4082"><net_src comp="148" pin="0"/><net_sink comp="4057" pin=10"/></net>

<net id="4083"><net_src comp="148" pin="0"/><net_sink comp="4057" pin=12"/></net>

<net id="4084"><net_src comp="148" pin="0"/><net_sink comp="4057" pin=14"/></net>

<net id="4085"><net_src comp="148" pin="0"/><net_sink comp="4057" pin=16"/></net>

<net id="4109"><net_src comp="476" pin="104"/><net_sink comp="4089" pin=0"/></net>

<net id="4110"><net_src comp="142" pin="0"/><net_sink comp="4089" pin=2"/></net>

<net id="4111"><net_src comp="142" pin="0"/><net_sink comp="4089" pin=4"/></net>

<net id="4112"><net_src comp="142" pin="0"/><net_sink comp="4089" pin=6"/></net>

<net id="4113"><net_src comp="142" pin="0"/><net_sink comp="4089" pin=8"/></net>

<net id="4114"><net_src comp="142" pin="0"/><net_sink comp="4089" pin=10"/></net>

<net id="4115"><net_src comp="142" pin="0"/><net_sink comp="4089" pin=12"/></net>

<net id="4116"><net_src comp="142" pin="0"/><net_sink comp="4089" pin=14"/></net>

<net id="4140"><net_src comp="347" pin="104"/><net_sink comp="4120" pin=0"/></net>

<net id="4141"><net_src comp="114" pin="0"/><net_sink comp="4120" pin=2"/></net>

<net id="4142"><net_src comp="114" pin="0"/><net_sink comp="4120" pin=12"/></net>

<net id="4143"><net_src comp="114" pin="0"/><net_sink comp="4120" pin=14"/></net>

<net id="4144"><net_src comp="114" pin="0"/><net_sink comp="4120" pin=16"/></net>

<net id="4168"><net_src comp="789" pin="104"/><net_sink comp="4148" pin=0"/></net>

<net id="4169"><net_src comp="250" pin="0"/><net_sink comp="4148" pin=2"/></net>

<net id="4170"><net_src comp="250" pin="0"/><net_sink comp="4148" pin=4"/></net>

<net id="4171"><net_src comp="250" pin="0"/><net_sink comp="4148" pin=6"/></net>

<net id="4172"><net_src comp="250" pin="0"/><net_sink comp="4148" pin=8"/></net>

<net id="4173"><net_src comp="152" pin="0"/><net_sink comp="4148" pin=10"/></net>

<net id="4174"><net_src comp="152" pin="0"/><net_sink comp="4148" pin=12"/></net>

<net id="4175"><net_src comp="152" pin="0"/><net_sink comp="4148" pin=14"/></net>

<net id="4176"><net_src comp="152" pin="0"/><net_sink comp="4148" pin=16"/></net>

<net id="4188"><net_src comp="208" pin="0"/><net_sink comp="4180" pin=0"/></net>

<net id="4189"><net_src comp="144" pin="0"/><net_sink comp="4180" pin=2"/></net>

<net id="4190"><net_src comp="144" pin="0"/><net_sink comp="4180" pin=4"/></net>

<net id="4202"><net_src comp="342" pin="0"/><net_sink comp="4194" pin=0"/></net>

<net id="4203"><net_src comp="144" pin="0"/><net_sink comp="4194" pin=2"/></net>

<net id="4204"><net_src comp="208" pin="0"/><net_sink comp="4194" pin=4"/></net>

<net id="4209"><net_src comp="126" pin="0"/><net_sink comp="4205" pin=1"/></net>

<net id="4214"><net_src comp="182" pin="0"/><net_sink comp="4210" pin=1"/></net>

<net id="4220"><net_src comp="192" pin="0"/><net_sink comp="4215" pin=0"/></net>

<net id="4221"><net_src comp="80" pin="0"/><net_sink comp="4215" pin=2"/></net>

<net id="4226"><net_src comp="214" pin="0"/><net_sink comp="4222" pin=1"/></net>

<net id="4232"><net_src comp="4222" pin="2"/><net_sink comp="4227" pin=0"/></net>

<net id="4233"><net_src comp="148" pin="0"/><net_sink comp="4227" pin=1"/></net>

<net id="4234"><net_src comp="216" pin="0"/><net_sink comp="4227" pin=2"/></net>

<net id="4235"><net_src comp="4227" pin="3"/><net_sink comp="631" pin=6"/></net>

<net id="4236"><net_src comp="4227" pin="3"/><net_sink comp="631" pin=4"/></net>

<net id="4243"><net_src comp="234" pin="0"/><net_sink comp="4237" pin=0"/></net>

<net id="4244"><net_src comp="90" pin="0"/><net_sink comp="4237" pin=2"/></net>

<net id="4245"><net_src comp="80" pin="0"/><net_sink comp="4237" pin=3"/></net>

<net id="4249"><net_src comp="0" pin="0"/><net_sink comp="4246" pin=0"/></net>

<net id="4253"><net_src comp="2" pin="0"/><net_sink comp="4250" pin=0"/></net>

<net id="4257"><net_src comp="4" pin="0"/><net_sink comp="4254" pin=0"/></net>

<net id="4261"><net_src comp="6" pin="0"/><net_sink comp="4258" pin=0"/></net>

<net id="4265"><net_src comp="8" pin="0"/><net_sink comp="4262" pin=0"/></net>

<net id="4266"><net_src comp="4262" pin="1"/><net_sink comp="4215" pin=1"/></net>

<net id="4267"><net_src comp="4262" pin="1"/><net_sink comp="4237" pin=1"/></net>

<net id="4274"><net_src comp="70" pin="0"/><net_sink comp="4268" pin=0"/></net>

<net id="4275"><net_src comp="4262" pin="1"/><net_sink comp="4268" pin=1"/></net>

<net id="4276"><net_src comp="72" pin="0"/><net_sink comp="4268" pin=2"/></net>

<net id="4277"><net_src comp="74" pin="0"/><net_sink comp="4268" pin=3"/></net>

<net id="4284"><net_src comp="76" pin="0"/><net_sink comp="4278" pin=0"/></net>

<net id="4285"><net_src comp="4262" pin="1"/><net_sink comp="4278" pin=1"/></net>

<net id="4286"><net_src comp="78" pin="0"/><net_sink comp="4278" pin=2"/></net>

<net id="4287"><net_src comp="80" pin="0"/><net_sink comp="4278" pin=3"/></net>

<net id="4288"><net_src comp="4278" pin="4"/><net_sink comp="476" pin=72"/></net>

<net id="4289"><net_src comp="4278" pin="4"/><net_sink comp="476" pin=74"/></net>

<net id="4290"><net_src comp="4278" pin="4"/><net_sink comp="476" pin=76"/></net>

<net id="4291"><net_src comp="4278" pin="4"/><net_sink comp="476" pin=78"/></net>

<net id="4292"><net_src comp="4278" pin="4"/><net_sink comp="476" pin=80"/></net>

<net id="4293"><net_src comp="4278" pin="4"/><net_sink comp="476" pin=102"/></net>

<net id="4294"><net_src comp="4278" pin="4"/><net_sink comp="4089" pin=16"/></net>

<net id="4301"><net_src comp="70" pin="0"/><net_sink comp="4295" pin=0"/></net>

<net id="4302"><net_src comp="4262" pin="1"/><net_sink comp="4295" pin=1"/></net>

<net id="4303"><net_src comp="78" pin="0"/><net_sink comp="4295" pin=2"/></net>

<net id="4304"><net_src comp="82" pin="0"/><net_sink comp="4295" pin=3"/></net>

<net id="4311"><net_src comp="70" pin="0"/><net_sink comp="4305" pin=0"/></net>

<net id="4312"><net_src comp="4262" pin="1"/><net_sink comp="4305" pin=1"/></net>

<net id="4313"><net_src comp="84" pin="0"/><net_sink comp="4305" pin=2"/></net>

<net id="4314"><net_src comp="86" pin="0"/><net_sink comp="4305" pin=3"/></net>

<net id="4315"><net_src comp="4305" pin="4"/><net_sink comp="4222" pin=0"/></net>

<net id="4319"><net_src comp="4258" pin="1"/><net_sink comp="4316" pin=0"/></net>

<net id="4323"><net_src comp="4262" pin="1"/><net_sink comp="4320" pin=0"/></net>

<net id="4330"><net_src comp="88" pin="0"/><net_sink comp="4324" pin=0"/></net>

<net id="4331"><net_src comp="4262" pin="1"/><net_sink comp="4324" pin=1"/></net>

<net id="4332"><net_src comp="90" pin="0"/><net_sink comp="4324" pin=2"/></net>

<net id="4333"><net_src comp="92" pin="0"/><net_sink comp="4324" pin=3"/></net>

<net id="4334"><net_src comp="4324" pin="4"/><net_sink comp="4205" pin=0"/></net>

<net id="4338"><net_src comp="4324" pin="4"/><net_sink comp="4335" pin=0"/></net>

<net id="4339"><net_src comp="4335" pin="1"/><net_sink comp="2880" pin=8"/></net>

<net id="4340"><net_src comp="4335" pin="1"/><net_sink comp="2880" pin=14"/></net>

<net id="4347"><net_src comp="94" pin="0"/><net_sink comp="4341" pin=0"/></net>

<net id="4348"><net_src comp="4262" pin="1"/><net_sink comp="4341" pin=1"/></net>

<net id="4349"><net_src comp="96" pin="0"/><net_sink comp="4341" pin=2"/></net>

<net id="4350"><net_src comp="80" pin="0"/><net_sink comp="4341" pin=3"/></net>

<net id="4351"><net_src comp="4341" pin="4"/><net_sink comp="4210" pin=0"/></net>

<net id="4355"><net_src comp="4320" pin="1"/><net_sink comp="4352" pin=0"/></net>

<net id="4360"><net_src comp="4352" pin="1"/><net_sink comp="4356" pin=0"/></net>

<net id="4361"><net_src comp="98" pin="0"/><net_sink comp="4356" pin=1"/></net>

<net id="4368"><net_src comp="100" pin="0"/><net_sink comp="4362" pin=0"/></net>

<net id="4369"><net_src comp="4356" pin="2"/><net_sink comp="4362" pin=1"/></net>

<net id="4370"><net_src comp="102" pin="0"/><net_sink comp="4362" pin=2"/></net>

<net id="4371"><net_src comp="84" pin="0"/><net_sink comp="4362" pin=3"/></net>

<net id="4375"><net_src comp="4362" pin="4"/><net_sink comp="4372" pin=0"/></net>

<net id="4379"><net_src comp="4356" pin="2"/><net_sink comp="4376" pin=0"/></net>

<net id="4385"><net_src comp="104" pin="0"/><net_sink comp="4380" pin=0"/></net>

<net id="4386"><net_src comp="4376" pin="1"/><net_sink comp="4380" pin=1"/></net>

<net id="4387"><net_src comp="4372" pin="1"/><net_sink comp="4380" pin=2"/></net>

<net id="4392"><net_src comp="4341" pin="4"/><net_sink comp="4388" pin=0"/></net>

<net id="4393"><net_src comp="106" pin="0"/><net_sink comp="4388" pin=1"/></net>

<net id="4398"><net_src comp="4295" pin="4"/><net_sink comp="4394" pin=0"/></net>

<net id="4399"><net_src comp="4305" pin="4"/><net_sink comp="4394" pin=1"/></net>

<net id="4405"><net_src comp="140" pin="0"/><net_sink comp="4400" pin=0"/></net>

<net id="4406"><net_src comp="4341" pin="4"/><net_sink comp="4400" pin=1"/></net>

<net id="4407"><net_src comp="4394" pin="2"/><net_sink comp="4400" pin=2"/></net>

<net id="4412"><net_src comp="4400" pin="3"/><net_sink comp="4408" pin=0"/></net>

<net id="4413"><net_src comp="142" pin="0"/><net_sink comp="4408" pin=1"/></net>

<net id="4414"><net_src comp="4408" pin="2"/><net_sink comp="949" pin=82"/></net>

<net id="4419"><net_src comp="4408" pin="2"/><net_sink comp="4415" pin=0"/></net>

<net id="4420"><net_src comp="144" pin="0"/><net_sink comp="4415" pin=1"/></net>

<net id="4426"><net_src comp="4415" pin="2"/><net_sink comp="4421" pin=0"/></net>

<net id="4427"><net_src comp="146" pin="0"/><net_sink comp="4421" pin=1"/></net>

<net id="4428"><net_src comp="148" pin="0"/><net_sink comp="4421" pin=2"/></net>

<net id="4429"><net_src comp="4421" pin="3"/><net_sink comp="631" pin=82"/></net>

<net id="4435"><net_src comp="4408" pin="2"/><net_sink comp="4430" pin=0"/></net>

<net id="4436"><net_src comp="150" pin="0"/><net_sink comp="4430" pin=1"/></net>

<net id="4437"><net_src comp="152" pin="0"/><net_sink comp="4430" pin=2"/></net>

<net id="4438"><net_src comp="4430" pin="3"/><net_sink comp="789" pin=82"/></net>

<net id="4444"><net_src comp="4408" pin="2"/><net_sink comp="4439" pin=0"/></net>

<net id="4445"><net_src comp="154" pin="0"/><net_sink comp="4439" pin=1"/></net>

<net id="4446"><net_src comp="156" pin="0"/><net_sink comp="4439" pin=2"/></net>

<net id="4447"><net_src comp="4439" pin="3"/><net_sink comp="3361" pin=82"/></net>

<net id="4453"><net_src comp="4388" pin="2"/><net_sink comp="4448" pin=0"/></net>

<net id="4454"><net_src comp="158" pin="0"/><net_sink comp="4448" pin=1"/></net>

<net id="4455"><net_src comp="160" pin="0"/><net_sink comp="4448" pin=2"/></net>

<net id="4456"><net_src comp="4448" pin="3"/><net_sink comp="3361" pin=70"/></net>

<net id="4462"><net_src comp="4388" pin="2"/><net_sink comp="4457" pin=0"/></net>

<net id="4463"><net_src comp="162" pin="0"/><net_sink comp="4457" pin=1"/></net>

<net id="4464"><net_src comp="164" pin="0"/><net_sink comp="4457" pin=2"/></net>

<net id="4465"><net_src comp="4457" pin="3"/><net_sink comp="3361" pin=68"/></net>

<net id="4470"><net_src comp="4341" pin="4"/><net_sink comp="4466" pin=0"/></net>

<net id="4471"><net_src comp="166" pin="0"/><net_sink comp="4466" pin=1"/></net>

<net id="4477"><net_src comp="4388" pin="2"/><net_sink comp="4472" pin=0"/></net>

<net id="4478"><net_src comp="170" pin="0"/><net_sink comp="4472" pin=1"/></net>

<net id="4479"><net_src comp="172" pin="0"/><net_sink comp="4472" pin=2"/></net>

<net id="4480"><net_src comp="4472" pin="3"/><net_sink comp="3361" pin=62"/></net>

<net id="4486"><net_src comp="4388" pin="2"/><net_sink comp="4481" pin=0"/></net>

<net id="4487"><net_src comp="174" pin="0"/><net_sink comp="4481" pin=1"/></net>

<net id="4488"><net_src comp="176" pin="0"/><net_sink comp="4481" pin=2"/></net>

<net id="4489"><net_src comp="4481" pin="3"/><net_sink comp="3361" pin=54"/></net>

<net id="4495"><net_src comp="4205" pin="2"/><net_sink comp="4490" pin=0"/></net>

<net id="4496"><net_src comp="178" pin="0"/><net_sink comp="4490" pin=1"/></net>

<net id="4497"><net_src comp="180" pin="0"/><net_sink comp="4490" pin=2"/></net>

<net id="4498"><net_src comp="4490" pin="3"/><net_sink comp="3361" pin=96"/></net>

<net id="4499"><net_src comp="4490" pin="3"/><net_sink comp="3546" pin=12"/></net>

<net id="4503"><net_src comp="4278" pin="4"/><net_sink comp="4500" pin=0"/></net>

<net id="4504"><net_src comp="4500" pin="1"/><net_sink comp="347" pin=50"/></net>

<net id="4505"><net_src comp="4500" pin="1"/><net_sink comp="347" pin=52"/></net>

<net id="4506"><net_src comp="4500" pin="1"/><net_sink comp="347" pin=94"/></net>

<net id="4507"><net_src comp="4500" pin="1"/><net_sink comp="4120" pin=10"/></net>

<net id="4513"><net_src comp="4210" pin="2"/><net_sink comp="4508" pin=0"/></net>

<net id="4514"><net_src comp="184" pin="0"/><net_sink comp="4508" pin=1"/></net>

<net id="4515"><net_src comp="186" pin="0"/><net_sink comp="4508" pin=2"/></net>

<net id="4516"><net_src comp="4508" pin="3"/><net_sink comp="3361" pin=52"/></net>

<net id="4520"><net_src comp="4278" pin="4"/><net_sink comp="4517" pin=0"/></net>

<net id="4521"><net_src comp="4517" pin="1"/><net_sink comp="347" pin=36"/></net>

<net id="4522"><net_src comp="4517" pin="1"/><net_sink comp="347" pin=38"/></net>

<net id="4523"><net_src comp="4517" pin="1"/><net_sink comp="347" pin=40"/></net>

<net id="4524"><net_src comp="4517" pin="1"/><net_sink comp="347" pin=42"/></net>

<net id="4525"><net_src comp="4517" pin="1"/><net_sink comp="347" pin=44"/></net>

<net id="4526"><net_src comp="4517" pin="1"/><net_sink comp="347" pin=46"/></net>

<net id="4527"><net_src comp="4517" pin="1"/><net_sink comp="347" pin=48"/></net>

<net id="4528"><net_src comp="4517" pin="1"/><net_sink comp="347" pin=92"/></net>

<net id="4534"><net_src comp="4210" pin="2"/><net_sink comp="4529" pin=0"/></net>

<net id="4535"><net_src comp="188" pin="0"/><net_sink comp="4529" pin=1"/></net>

<net id="4536"><net_src comp="190" pin="0"/><net_sink comp="4529" pin=2"/></net>

<net id="4537"><net_src comp="4529" pin="3"/><net_sink comp="3361" pin=48"/></net>

<net id="4543"><net_src comp="140" pin="0"/><net_sink comp="4538" pin=0"/></net>

<net id="4544"><net_src comp="4341" pin="4"/><net_sink comp="4538" pin=1"/></net>

<net id="4545"><net_src comp="4305" pin="4"/><net_sink comp="4538" pin=2"/></net>

<net id="4549"><net_src comp="4538" pin="3"/><net_sink comp="4546" pin=0"/></net>

<net id="4553"><net_src comp="4546" pin="1"/><net_sink comp="4550" pin=0"/></net>

<net id="4560"><net_src comp="194" pin="0"/><net_sink comp="4554" pin=0"/></net>

<net id="4561"><net_src comp="144" pin="0"/><net_sink comp="4554" pin=1"/></net>

<net id="4562"><net_src comp="4341" pin="4"/><net_sink comp="4554" pin=2"/></net>

<net id="4563"><net_src comp="4305" pin="4"/><net_sink comp="4554" pin=3"/></net>

<net id="4567"><net_src comp="4554" pin="4"/><net_sink comp="4564" pin=0"/></net>

<net id="4573"><net_src comp="196" pin="0"/><net_sink comp="4568" pin=0"/></net>

<net id="4574"><net_src comp="144" pin="0"/><net_sink comp="4568" pin=1"/></net>

<net id="4575"><net_src comp="4564" pin="1"/><net_sink comp="4568" pin=2"/></net>

<net id="4581"><net_src comp="4215" pin="3"/><net_sink comp="4576" pin=0"/></net>

<net id="4582"><net_src comp="4568" pin="3"/><net_sink comp="4576" pin=1"/></net>

<net id="4583"><net_src comp="4550" pin="1"/><net_sink comp="4576" pin=2"/></net>

<net id="4587"><net_src comp="4576" pin="3"/><net_sink comp="4584" pin=0"/></net>

<net id="4588"><net_src comp="4584" pin="1"/><net_sink comp="347" pin=30"/></net>

<net id="4589"><net_src comp="4584" pin="1"/><net_sink comp="347" pin=32"/></net>

<net id="4590"><net_src comp="4584" pin="1"/><net_sink comp="347" pin=34"/></net>

<net id="4591"><net_src comp="4584" pin="1"/><net_sink comp="347" pin=90"/></net>

<net id="4592"><net_src comp="4584" pin="1"/><net_sink comp="4120" pin=8"/></net>

<net id="4596"><net_src comp="4278" pin="4"/><net_sink comp="4593" pin=0"/></net>

<net id="4597"><net_src comp="4593" pin="1"/><net_sink comp="347" pin=18"/></net>

<net id="4598"><net_src comp="4593" pin="1"/><net_sink comp="347" pin=20"/></net>

<net id="4599"><net_src comp="4593" pin="1"/><net_sink comp="347" pin=22"/></net>

<net id="4600"><net_src comp="4593" pin="1"/><net_sink comp="347" pin=24"/></net>

<net id="4601"><net_src comp="4593" pin="1"/><net_sink comp="347" pin=26"/></net>

<net id="4602"><net_src comp="4593" pin="1"/><net_sink comp="347" pin=28"/></net>

<net id="4603"><net_src comp="4593" pin="1"/><net_sink comp="347" pin=88"/></net>

<net id="4604"><net_src comp="4593" pin="1"/><net_sink comp="4120" pin=6"/></net>

<net id="4611"><net_src comp="198" pin="0"/><net_sink comp="4605" pin=0"/></net>

<net id="4612"><net_src comp="4262" pin="1"/><net_sink comp="4605" pin=1"/></net>

<net id="4613"><net_src comp="116" pin="0"/><net_sink comp="4605" pin=2"/></net>

<net id="4614"><net_src comp="86" pin="0"/><net_sink comp="4605" pin=3"/></net>

<net id="4621"><net_src comp="200" pin="0"/><net_sink comp="4615" pin=0"/></net>

<net id="4622"><net_src comp="4262" pin="1"/><net_sink comp="4615" pin=1"/></net>

<net id="4623"><net_src comp="96" pin="0"/><net_sink comp="4615" pin=2"/></net>

<net id="4624"><net_src comp="202" pin="0"/><net_sink comp="4615" pin=3"/></net>

<net id="4630"><net_src comp="192" pin="0"/><net_sink comp="4625" pin=0"/></net>

<net id="4631"><net_src comp="4262" pin="1"/><net_sink comp="4625" pin=1"/></net>

<net id="4632"><net_src comp="84" pin="0"/><net_sink comp="4625" pin=2"/></net>

<net id="4638"><net_src comp="204" pin="0"/><net_sink comp="4633" pin=0"/></net>

<net id="4639"><net_src comp="4215" pin="3"/><net_sink comp="4633" pin=1"/></net>

<net id="4640"><net_src comp="142" pin="0"/><net_sink comp="4633" pin=2"/></net>

<net id="4649"><net_src comp="206" pin="0"/><net_sink comp="4641" pin=0"/></net>

<net id="4650"><net_src comp="4215" pin="3"/><net_sink comp="4641" pin=1"/></net>

<net id="4651"><net_src comp="4625" pin="3"/><net_sink comp="4641" pin=2"/></net>

<net id="4652"><net_src comp="4615" pin="4"/><net_sink comp="4641" pin=3"/></net>

<net id="4653"><net_src comp="4605" pin="4"/><net_sink comp="4641" pin=4"/></net>

<net id="4654"><net_src comp="208" pin="0"/><net_sink comp="4641" pin=5"/></net>

<net id="4658"><net_src comp="4641" pin="6"/><net_sink comp="4655" pin=0"/></net>

<net id="4663"><net_src comp="4633" pin="3"/><net_sink comp="4659" pin=0"/></net>

<net id="4664"><net_src comp="210" pin="0"/><net_sink comp="4659" pin=1"/></net>

<net id="4674"><net_src comp="212" pin="0"/><net_sink comp="4665" pin=0"/></net>

<net id="4675"><net_src comp="144" pin="0"/><net_sink comp="4665" pin=1"/></net>

<net id="4676"><net_src comp="4215" pin="3"/><net_sink comp="4665" pin=2"/></net>

<net id="4677"><net_src comp="4625" pin="3"/><net_sink comp="4665" pin=3"/></net>

<net id="4678"><net_src comp="4615" pin="4"/><net_sink comp="4665" pin=4"/></net>

<net id="4679"><net_src comp="4605" pin="4"/><net_sink comp="4665" pin=5"/></net>

<net id="4680"><net_src comp="208" pin="0"/><net_sink comp="4665" pin=6"/></net>

<net id="4686"><net_src comp="4659" pin="2"/><net_sink comp="4681" pin=0"/></net>

<net id="4687"><net_src comp="4665" pin="7"/><net_sink comp="4681" pin=1"/></net>

<net id="4688"><net_src comp="4655" pin="1"/><net_sink comp="4681" pin=2"/></net>

<net id="4692"><net_src comp="4681" pin="3"/><net_sink comp="4689" pin=0"/></net>

<net id="4693"><net_src comp="4689" pin="1"/><net_sink comp="347" pin=8"/></net>

<net id="4694"><net_src comp="4689" pin="1"/><net_sink comp="347" pin=10"/></net>

<net id="4695"><net_src comp="4689" pin="1"/><net_sink comp="347" pin=12"/></net>

<net id="4696"><net_src comp="4689" pin="1"/><net_sink comp="347" pin=14"/></net>

<net id="4697"><net_src comp="4689" pin="1"/><net_sink comp="347" pin=16"/></net>

<net id="4698"><net_src comp="4689" pin="1"/><net_sink comp="347" pin=86"/></net>

<net id="4699"><net_src comp="4689" pin="1"/><net_sink comp="4120" pin=4"/></net>

<net id="4703"><net_src comp="4278" pin="4"/><net_sink comp="4700" pin=0"/></net>

<net id="4704"><net_src comp="4700" pin="1"/><net_sink comp="347" pin=6"/></net>

<net id="4711"><net_src comp="218" pin="0"/><net_sink comp="4705" pin=0"/></net>

<net id="4712"><net_src comp="4262" pin="1"/><net_sink comp="4705" pin=1"/></net>

<net id="4713"><net_src comp="220" pin="0"/><net_sink comp="4705" pin=2"/></net>

<net id="4714"><net_src comp="202" pin="0"/><net_sink comp="4705" pin=3"/></net>

<net id="4720"><net_src comp="192" pin="0"/><net_sink comp="4715" pin=0"/></net>

<net id="4721"><net_src comp="4262" pin="1"/><net_sink comp="4715" pin=1"/></net>

<net id="4722"><net_src comp="78" pin="0"/><net_sink comp="4715" pin=2"/></net>

<net id="4729"><net_src comp="222" pin="0"/><net_sink comp="4723" pin=0"/></net>

<net id="4730"><net_src comp="4262" pin="1"/><net_sink comp="4723" pin=1"/></net>

<net id="4731"><net_src comp="90" pin="0"/><net_sink comp="4723" pin=2"/></net>

<net id="4732"><net_src comp="74" pin="0"/><net_sink comp="4723" pin=3"/></net>

<net id="4738"><net_src comp="224" pin="0"/><net_sink comp="4733" pin=0"/></net>

<net id="4739"><net_src comp="4215" pin="3"/><net_sink comp="4733" pin=1"/></net>

<net id="4740"><net_src comp="226" pin="0"/><net_sink comp="4733" pin=2"/></net>

<net id="4749"><net_src comp="228" pin="0"/><net_sink comp="4741" pin=0"/></net>

<net id="4750"><net_src comp="4215" pin="3"/><net_sink comp="4741" pin=1"/></net>

<net id="4751"><net_src comp="4723" pin="4"/><net_sink comp="4741" pin=2"/></net>

<net id="4752"><net_src comp="4715" pin="3"/><net_sink comp="4741" pin=3"/></net>

<net id="4753"><net_src comp="4705" pin="4"/><net_sink comp="4741" pin=4"/></net>

<net id="4754"><net_src comp="208" pin="0"/><net_sink comp="4741" pin=5"/></net>

<net id="4758"><net_src comp="4741" pin="6"/><net_sink comp="4755" pin=0"/></net>

<net id="4763"><net_src comp="4733" pin="3"/><net_sink comp="4759" pin=0"/></net>

<net id="4764"><net_src comp="230" pin="0"/><net_sink comp="4759" pin=1"/></net>

<net id="4774"><net_src comp="232" pin="0"/><net_sink comp="4765" pin=0"/></net>

<net id="4775"><net_src comp="144" pin="0"/><net_sink comp="4765" pin=1"/></net>

<net id="4776"><net_src comp="4215" pin="3"/><net_sink comp="4765" pin=2"/></net>

<net id="4777"><net_src comp="4723" pin="4"/><net_sink comp="4765" pin=3"/></net>

<net id="4778"><net_src comp="4715" pin="3"/><net_sink comp="4765" pin=4"/></net>

<net id="4779"><net_src comp="4705" pin="4"/><net_sink comp="4765" pin=5"/></net>

<net id="4780"><net_src comp="208" pin="0"/><net_sink comp="4765" pin=6"/></net>

<net id="4786"><net_src comp="4759" pin="2"/><net_sink comp="4781" pin=0"/></net>

<net id="4787"><net_src comp="4765" pin="7"/><net_sink comp="4781" pin=1"/></net>

<net id="4788"><net_src comp="4755" pin="1"/><net_sink comp="4781" pin=2"/></net>

<net id="4792"><net_src comp="4781" pin="3"/><net_sink comp="4789" pin=0"/></net>

<net id="4793"><net_src comp="4789" pin="1"/><net_sink comp="347" pin=4"/></net>

<net id="4799"><net_src comp="236" pin="0"/><net_sink comp="4794" pin=0"/></net>

<net id="4800"><net_src comp="4237" pin="4"/><net_sink comp="4794" pin=1"/></net>

<net id="4801"><net_src comp="142" pin="0"/><net_sink comp="4794" pin=2"/></net>

<net id="4802"><net_src comp="4794" pin="3"/><net_sink comp="347" pin=2"/></net>

<net id="4808"><net_src comp="236" pin="0"/><net_sink comp="4803" pin=0"/></net>

<net id="4809"><net_src comp="4237" pin="4"/><net_sink comp="4803" pin=1"/></net>

<net id="4810"><net_src comp="142" pin="0"/><net_sink comp="4803" pin=2"/></net>

<net id="4811"><net_src comp="4803" pin="3"/><net_sink comp="347" pin=0"/></net>

<net id="4816"><net_src comp="3546" pin="18"/><net_sink comp="4812" pin=0"/></net>

<net id="4817"><net_src comp="10" pin="0"/><net_sink comp="4812" pin=1"/></net>

<net id="4822"><net_src comp="4262" pin="1"/><net_sink comp="4818" pin=0"/></net>

<net id="4823"><net_src comp="12" pin="0"/><net_sink comp="4818" pin=1"/></net>

<net id="4828"><net_src comp="4258" pin="1"/><net_sink comp="4824" pin=0"/></net>

<net id="4829"><net_src comp="14" pin="0"/><net_sink comp="4824" pin=1"/></net>

<net id="4834"><net_src comp="3577" pin="18"/><net_sink comp="4830" pin=0"/></net>

<net id="4835"><net_src comp="16" pin="0"/><net_sink comp="4830" pin=1"/></net>

<net id="4840"><net_src comp="3609" pin="18"/><net_sink comp="4836" pin=0"/></net>

<net id="4841"><net_src comp="18" pin="0"/><net_sink comp="4836" pin=1"/></net>

<net id="4846"><net_src comp="3641" pin="18"/><net_sink comp="4842" pin=0"/></net>

<net id="4847"><net_src comp="20" pin="0"/><net_sink comp="4842" pin=1"/></net>

<net id="4852"><net_src comp="3673" pin="18"/><net_sink comp="4848" pin=0"/></net>

<net id="4853"><net_src comp="22" pin="0"/><net_sink comp="4848" pin=1"/></net>

<net id="4858"><net_src comp="3705" pin="18"/><net_sink comp="4854" pin=0"/></net>

<net id="4859"><net_src comp="24" pin="0"/><net_sink comp="4854" pin=1"/></net>

<net id="4864"><net_src comp="3737" pin="18"/><net_sink comp="4860" pin=0"/></net>

<net id="4865"><net_src comp="26" pin="0"/><net_sink comp="4860" pin=1"/></net>

<net id="4870"><net_src comp="3769" pin="18"/><net_sink comp="4866" pin=0"/></net>

<net id="4871"><net_src comp="28" pin="0"/><net_sink comp="4866" pin=1"/></net>

<net id="4876"><net_src comp="3801" pin="18"/><net_sink comp="4872" pin=0"/></net>

<net id="4877"><net_src comp="30" pin="0"/><net_sink comp="4872" pin=1"/></net>

<net id="4882"><net_src comp="3833" pin="18"/><net_sink comp="4878" pin=0"/></net>

<net id="4883"><net_src comp="32" pin="0"/><net_sink comp="4878" pin=1"/></net>

<net id="4888"><net_src comp="340" pin="0"/><net_sink comp="4884" pin=0"/></net>

<net id="4889"><net_src comp="34" pin="0"/><net_sink comp="4884" pin=1"/></net>

<net id="4894"><net_src comp="4316" pin="1"/><net_sink comp="4890" pin=0"/></net>

<net id="4895"><net_src comp="36" pin="0"/><net_sink comp="4890" pin=1"/></net>

<net id="4900"><net_src comp="3865" pin="18"/><net_sink comp="4896" pin=0"/></net>

<net id="4901"><net_src comp="38" pin="0"/><net_sink comp="4896" pin=1"/></net>

<net id="4906"><net_src comp="3897" pin="18"/><net_sink comp="4902" pin=0"/></net>

<net id="4907"><net_src comp="40" pin="0"/><net_sink comp="4902" pin=1"/></net>

<net id="4912"><net_src comp="3929" pin="18"/><net_sink comp="4908" pin=0"/></net>

<net id="4913"><net_src comp="42" pin="0"/><net_sink comp="4908" pin=1"/></net>

<net id="4918"><net_src comp="4120" pin="18"/><net_sink comp="4914" pin=0"/></net>

<net id="4919"><net_src comp="44" pin="0"/><net_sink comp="4914" pin=1"/></net>

<net id="4924"><net_src comp="4089" pin="18"/><net_sink comp="4920" pin=0"/></net>

<net id="4925"><net_src comp="46" pin="0"/><net_sink comp="4920" pin=1"/></net>

<net id="4930"><net_src comp="4305" pin="4"/><net_sink comp="4926" pin=0"/></net>

<net id="4931"><net_src comp="48" pin="0"/><net_sink comp="4926" pin=1"/></net>

<net id="4936"><net_src comp="4268" pin="4"/><net_sink comp="4932" pin=0"/></net>

<net id="4937"><net_src comp="50" pin="0"/><net_sink comp="4932" pin=1"/></net>

<net id="4942"><net_src comp="4295" pin="4"/><net_sink comp="4938" pin=0"/></net>

<net id="4943"><net_src comp="52" pin="0"/><net_sink comp="4938" pin=1"/></net>

<net id="4948"><net_src comp="4057" pin="18"/><net_sink comp="4944" pin=0"/></net>

<net id="4949"><net_src comp="54" pin="0"/><net_sink comp="4944" pin=1"/></net>

<net id="4954"><net_src comp="3514" pin="18"/><net_sink comp="4950" pin=0"/></net>

<net id="4955"><net_src comp="56" pin="0"/><net_sink comp="4950" pin=1"/></net>

<net id="4960"><net_src comp="4148" pin="18"/><net_sink comp="4956" pin=0"/></net>

<net id="4961"><net_src comp="58" pin="0"/><net_sink comp="4956" pin=1"/></net>

<net id="4966"><net_src comp="3961" pin="18"/><net_sink comp="4962" pin=0"/></net>

<net id="4967"><net_src comp="60" pin="0"/><net_sink comp="4962" pin=1"/></net>

<net id="4972"><net_src comp="3993" pin="18"/><net_sink comp="4968" pin=0"/></net>

<net id="4973"><net_src comp="62" pin="0"/><net_sink comp="4968" pin=1"/></net>

<net id="4978"><net_src comp="3801" pin="18"/><net_sink comp="4974" pin=0"/></net>

<net id="4979"><net_src comp="64" pin="0"/><net_sink comp="4974" pin=1"/></net>

<net id="4984"><net_src comp="3833" pin="18"/><net_sink comp="4980" pin=0"/></net>

<net id="4985"><net_src comp="66" pin="0"/><net_sink comp="4980" pin=1"/></net>

<net id="4990"><net_src comp="4025" pin="18"/><net_sink comp="4986" pin=0"/></net>

<net id="4991"><net_src comp="68" pin="0"/><net_sink comp="4986" pin=1"/></net>

<net id="4996"><net_src comp="4194" pin="6"/><net_sink comp="4992" pin=0"/></net>

<net id="4997"><net_src comp="2" pin="0"/><net_sink comp="4992" pin=1"/></net>

</net_list>

</model> 
---------------- Datapath Model END ------------------

* FSMD analyzer results:
  - Output states:
	Port: state_rename_dispatch_packets_valid_0 | {}
	Port: state_decode_dec_valids_0 | {1 }
	Port: state_frontend_fetch_packet_valid | {}
	Port: state_frontend_fetch_uop_debug_pc | {}
	Port: state_frontend_fetch_uop_inst | {}
	Port: state_decode_dec_uops_uopc_0 | {1 }
	Port: state_decode_dec_uops_inst_0 | {1 }
	Port: state_decode_dec_uops_debug_pc_0 | {1 }
	Port: state_decode_dec_uops_iq_type_0 | {1 }
	Port: state_decode_dec_uops_fu_code_0 | {1 }
	Port: state_decode_dec_uops_ctrl_br_type_0 | {1 }
	Port: state_decode_dec_uops_ctrl_op1_sel_0 | {1 }
	Port: state_decode_dec_uops_ctrl_op2_sel_0 | {1 }
	Port: state_decode_dec_uops_ctrl_fcn_dw_0 | {1 }
	Port: state_decode_dec_uops_ctrl_csr_cmd_0 | {1 }
	Port: state_decode_dec_uops_ctrl_is_load_0 | {1 }
	Port: state_decode_dec_uops_ctrl_is_sta_0 | {1 }
	Port: state_decode_dec_uops_branch_br_mask_0 | {1 }
	Port: state_decode_dec_uops_branch_pc_lob_0 | {1 }
	Port: state_decode_dec_uops_branch_is_br_0 | {1 }
	Port: state_decode_dec_uops_branch_is_jalr_0 | {1 }
	Port: state_decode_dec_uops_branch_is_jal_0 | {1 }
	Port: state_decode_dec_uops_imm_packed_0 | {1 }
	Port: state_decode_dec_uops_csr_addr_0 | {1 }
	Port: state_decode_dec_uops_rename_ldst_0 | {1 }
	Port: state_decode_dec_uops_rename_lrs1_0 | {1 }
	Port: state_decode_dec_uops_rename_lrs2_0 | {1 }
	Port: state_decode_dec_uops_rename_dst_rtype_0 | {1 }
	Port: state_decode_dec_uops_exception_0 | {1 }
	Port: state_decode_dec_uops_exc_cause_0 | {1 }
	Port: state_decode_dec_uops_mem_mem_size_0 | {1 }
	Port: state_decode_dec_uops_mem_mem_signed_0 | {1 }
	Port: state_decode_dec_uops_mem_uses_ldq_0 | {1 }
	Port: state_decode_dec_uops_mem_uses_stq_0 | {1 }
	Port: state_decode_dec_uops_is_sys_pc2epc_0 | {1 }
 - Input state : 
	Port: decode_module : state_rename_dispatch_packets_valid_0 | {1 }
	Port: decode_module : state_decode_dec_valids_0 | {1 }
	Port: decode_module : state_frontend_fetch_packet_valid | {1 }
	Port: decode_module : state_frontend_fetch_uop_debug_pc | {1 }
	Port: decode_module : state_frontend_fetch_uop_inst | {1 }
	Port: decode_module : state_decode_dec_uops_uopc_0 | {}
	Port: decode_module : state_decode_dec_uops_inst_0 | {}
	Port: decode_module : state_decode_dec_uops_debug_pc_0 | {}
	Port: decode_module : state_decode_dec_uops_iq_type_0 | {}
	Port: decode_module : state_decode_dec_uops_fu_code_0 | {}
	Port: decode_module : state_decode_dec_uops_ctrl_br_type_0 | {}
	Port: decode_module : state_decode_dec_uops_ctrl_op1_sel_0 | {}
	Port: decode_module : state_decode_dec_uops_ctrl_op2_sel_0 | {}
	Port: decode_module : state_decode_dec_uops_ctrl_fcn_dw_0 | {}
	Port: decode_module : state_decode_dec_uops_ctrl_csr_cmd_0 | {}
	Port: decode_module : state_decode_dec_uops_ctrl_is_load_0 | {}
	Port: decode_module : state_decode_dec_uops_ctrl_is_sta_0 | {}
	Port: decode_module : state_decode_dec_uops_branch_br_mask_0 | {}
	Port: decode_module : state_decode_dec_uops_branch_pc_lob_0 | {}
	Port: decode_module : state_decode_dec_uops_branch_is_br_0 | {}
	Port: decode_module : state_decode_dec_uops_branch_is_jalr_0 | {}
	Port: decode_module : state_decode_dec_uops_branch_is_jal_0 | {}
	Port: decode_module : state_decode_dec_uops_imm_packed_0 | {}
	Port: decode_module : state_decode_dec_uops_csr_addr_0 | {}
	Port: decode_module : state_decode_dec_uops_rename_ldst_0 | {}
	Port: decode_module : state_decode_dec_uops_rename_lrs1_0 | {}
	Port: decode_module : state_decode_dec_uops_rename_lrs2_0 | {}
	Port: decode_module : state_decode_dec_uops_rename_dst_rtype_0 | {}
	Port: decode_module : state_decode_dec_uops_exception_0 | {}
	Port: decode_module : state_decode_dec_uops_exc_cause_0 | {}
	Port: decode_module : state_decode_dec_uops_mem_mem_size_0 | {}
	Port: decode_module : state_decode_dec_uops_mem_mem_signed_0 | {}
	Port: decode_module : state_decode_dec_uops_mem_uses_ldq_0 | {}
	Port: decode_module : state_decode_dec_uops_mem_uses_stq_0 | {}
	Port: decode_module : state_decode_dec_uops_is_sys_pc2epc_0 | {}
  - Chain level:
	State 1
		br_ln207 : 1
		br_ln207 : 1
		br_ln209 : 1
		uop_rename_lrs1 : 1
		v_11 : 1
		uop_rename_lrs2 : 1
		uop_rename_ldst : 1
		uop_branch_pc_lob : 1
		opcode : 1
		f3 : 1
		zext_ln226 : 2
		f7 : 1
		zext_ln230 : 2
		add_ln230 : 3
		trunc_ln : 4
		sext_ln230 : 5
		trunc_ln230 : 4
		or_ln : 6
		icmp_ln297 : 2
		switch_ln230 : 7
		icmp_ln311 : 2
		br_ln311 : 3
		switch_ln318 : 2
		or_ln311 : 2
		tmp_s : 2
		uop_is_sys_pc2epc : 3
		uop_rename_dst_rtype_3 : 4
		select_ln311 : 4
		uop_exc_cause : 4
		select_ln214_1 : 4
		switch_ln305 : 2
		select_ln307 : 3
		select_ln305 : 3
		icmp_ln293 : 2
		br_ln293 : 3
		switch_ln297 : 2
		select_ln300 : 3
		select_ln297 : 3
		icmp_ln294 : 2
		select_ln214 : 3
		br_ln328 : 3
		sext_ln192_3 : 2
		switch_ln288 : 2
		icmp_ln290 : 2
		select_ln290 : 3
		sext_ln192_2 : 2
		switch_ln278 : 2
		icmp_ln283 : 2
		select_ln283 : 3
		v_6 : 2
		sext_ln194 : 3
		zext_ln194 : 4
		tmp_22 : 1
		or_ln194_1 : 2
		sext_ln194_2 : 3
		or_ln3 : 4
		v_13 : 5
		sext_ln194_1 : 6
		switch_ln270 : 2
		sext_ln192_1 : 2
		switch_ln259 : 2
		tmp_7 : 1
		tmp_8 : 1
		tmp_20 : 1
		tmp_21 : 1
		and_ln196_2 : 2
		v_3 : 2
		zext_ln196 : 3
		icmp_ln197 : 3
		or_ln2 : 2
		v_12 : 4
		sext_ln196 : 5
		switch_ln248 : 2
		sext_ln192 : 2
		icmp_ln243 : 2
		uop_rename_dst_rtype_1 : 3
		tmp_5 : 1
		tmp : 1
		tmp_6 : 1
		tmp_19 : 1
		and_ln200_2 : 2
		v : 2
		zext_ln200 : 3
		icmp_ln201 : 3
		or_ln1 : 2
		v_10 : 4
		sext_ln200 : 5
		icmp_ln239 : 2
		uop_rename_dst_rtype : 3
		tmp_4 : 1
		uop_imm_packed_1 : 2
		tmp_3 : 1
		uop_imm_packed : 2
		uop_12206_0385_ph : 8
		uop_13207_0484_ph : 8
		uop_15_14259_0583_ph : 8
		uop_17209_0782_ph : 8
		uop_20211_0881_ph : 8
		p_19_2980_ph : 8
		p_19_11079_ph : 8
		p_11_81178_ph : 8
		p_11_71277_ph : 8
		p_11_61376_ph : 8
		p_19_71475_ph : 8
		p_19_61574_ph : 8
		p_7_61673_ph : 8
		p_7_51772_ph : 8
		p_7_21871_ph : 8
		p_7_11970_ph : 8
		p_7_02069_ph : 8
		p_62168_ph : 8
		p_52267_ph : 8
		p_02366_ph : 8
		empty : 9
		p_02366128 : 9
		p_52267127 : 9
		p_62168126 : 9
		p_7_02069125 : 9
		p_7_11970124 : 9
		p_7_21871123 : 9
		p_7_51772122 : 9
		p_7_61673121 : 9
		p_19_61574120 : 9
		p_19_71475119 : 9
		p_11_61376118 : 9
		p_11_71277117 : 9
		p_11_81178116 : 9
		p_19_11079115 : 9
		p_19_2980114 : 9
		uop_20211_0881113 : 9
		uop_15_14259_0583112 : 9
		uop_13207_0484111 : 9
		uop_12206_0385110 : 9
		uop_exc_cause_1 : 9
		store_ln330 : 10
		store_ln330 : 1
		store_ln330 : 1
		store_ln330 : 10
		store_ln330 : 10
		store_ln330 : 10
		store_ln330 : 10
		store_ln330 : 10
		store_ln330 : 10
		store_ln330 : 10
		store_ln330 : 10
		store_ln330 : 10
		store_ln330 : 2
		store_ln330 : 10
		store_ln330 : 10
		store_ln330 : 10
		store_ln330 : 10
		store_ln330 : 10
		store_ln330 : 2
		store_ln330 : 2
		store_ln330 : 2
		store_ln330 : 10
		store_ln330 : 10
		store_ln330 : 10
		store_ln330 : 10
		store_ln330 : 10
		store_ln330 : 10
		store_ln330 : 10
		store_ln330 : 10
		state_decode_dec_valids_0_flag_0 : 2
		state_decode_dec_valids_0_new_0 : 2
		br_ln0 : 3
		store_ln208 : 3


============================================================
+ Verbose Summary: Datapath Resource usage 
============================================================

* Functional unit list:
|----------|--------------------------------|---------|---------|
| Operation|         Functional Unit        |    FF   |   LUT   |
|----------|--------------------------------|---------|---------|
|          |           grp_fu_4227          |    0    |    2    |
|          |      select_ln311_fu_4421      |    0    |    2    |
|          |      uop_exc_cause_fu_4430     |    0    |    4    |
|          |     select_ln214_1_fu_4439     |    0    |    8    |
|          |      select_ln307_fu_4448      |    0    |    8    |
|          |      select_ln305_fu_4457      |    0    |    8    |
|  select  |      select_ln300_fu_4472      |    0    |    8    |
|          |      select_ln297_fu_4481      |    0    |    8    |
|          |      select_ln214_fu_4490      |    0    |    8    |
|          |      select_ln290_fu_4508      |    0    |    8    |
|          |      select_ln283_fu_4529      |    0    |    8    |
|          |          v_13_fu_4576          |    0    |    29   |
|          |          v_12_fu_4681          |    0    |    14   |
|          |          v_10_fu_4781          |    0    |    21   |
|----------|--------------------------------|---------|---------|
|          |           grp_fu_4205          |    0    |    8    |
|          |           grp_fu_4210          |    0    |    10   |
|          |           grp_fu_4222          |    0    |    9    |
|   icmp   |       icmp_ln297_fu_4388       |    0    |    10   |
|          |    uop_is_sys_pc2epc_fu_4408   |    0    |    12   |
|          |       icmp_ln293_fu_4466       |    0    |    10   |
|          |       icmp_ln197_fu_4659       |    0    |    12   |
|          |       icmp_ln201_fu_4759       |    0    |    15   |
|----------|--------------------------------|---------|---------|
|    add   |        add_ln230_fu_4356       |    0    |    14   |
|----------|--------------------------------|---------|---------|
|    or    |        or_ln311_fu_4394        |    0    |    5    |
|----------|--------------------------------|---------|---------|
|    xor   | uop_rename_dst_rtype_3_fu_4415 |    0    |    2    |
|----------|--------------------------------|---------|---------|
|          |           grp_fu_4215          |    0    |    0    |
| bitselect|         tmp_20_fu_4625         |    0    |    0    |
|          |           tmp_fu_4715          |    0    |    0    |
|----------|--------------------------------|---------|---------|
|          |           grp_fu_4237          |    0    |    0    |
|          |     uop_rename_lrs1_fu_4268    |    0    |    0    |
|          |          v_11_fu_4278          |    0    |    0    |
|          |     uop_rename_lrs2_fu_4295    |    0    |    0    |
|          |     uop_rename_ldst_fu_4305    |    0    |    0    |
|partselect|           f3_fu_4324           |    0    |    0    |
|          |           f7_fu_4341           |    0    |    0    |
|          |        trunc_ln_fu_4362        |    0    |    0    |
|          |          tmp_7_fu_4605         |    0    |    0    |
|          |          tmp_8_fu_4615         |    0    |    0    |
|          |          tmp_5_fu_4705         |    0    |    0    |
|          |          tmp_6_fu_4723         |    0    |    0    |
|----------|--------------------------------|---------|---------|
|          |    uop_branch_pc_lob_fu_4316   |    0    |    0    |
|   trunc  |         opcode_fu_4320         |    0    |    0    |
|          |       trunc_ln230_fu_4376      |    0    |    0    |
|----------|--------------------------------|---------|---------|
|          |       zext_ln226_fu_4335       |    0    |    0    |
|          |       zext_ln230_fu_4352       |    0    |    0    |
|   zext   |       zext_ln194_fu_4550       |    0    |    0    |
|          |       zext_ln196_fu_4655       |    0    |    0    |
|          |       zext_ln200_fu_4755       |    0    |    0    |
|----------|--------------------------------|---------|---------|
|          |       sext_ln230_fu_4372       |    0    |    0    |
|          |      sext_ln192_3_fu_4500      |    0    |    0    |
|          |      sext_ln192_2_fu_4517      |    0    |    0    |
|          |       sext_ln194_fu_4546       |    0    |    0    |
|   sext   |      sext_ln194_2_fu_4564      |    0    |    0    |
|          |      sext_ln194_1_fu_4584      |    0    |    0    |
|          |      sext_ln192_1_fu_4593      |    0    |    0    |
|          |       sext_ln196_fu_4689       |    0    |    0    |
|          |       sext_ln192_fu_4700       |    0    |    0    |
|          |       sext_ln200_fu_4789       |    0    |    0    |
|----------|--------------------------------|---------|---------|
|          |          or_ln_fu_4380         |    0    |    0    |
|          |          tmp_s_fu_4400         |    0    |    0    |
|          |           v_6_fu_4538          |    0    |    0    |
|          |       or_ln194_1_fu_4554       |    0    |    0    |
|          |         or_ln3_fu_4568         |    0    |    0    |
|          |       and_ln196_2_fu_4633      |    0    |    0    |
|bitconcatenate|           v_3_fu_4641          |    0    |    0    |
|          |         or_ln2_fu_4665         |    0    |    0    |
|          |       and_ln200_2_fu_4733      |    0    |    0    |
|          |            v_fu_4741           |    0    |    0    |
|          |         or_ln1_fu_4765         |    0    |    0    |
|          |    uop_imm_packed_1_fu_4794    |    0    |    0    |
|          |     uop_imm_packed_fu_4803     |    0    |    0    |
|----------|--------------------------------|---------|---------|
|   Total  |                                |    0    |   243   |
|----------|--------------------------------|---------|---------|

Memories:
N/A

* Register list:
+-----------------------------------------+--------+
|                                         |   FF   |
+-----------------------------------------+--------+
|              empty_reg_3511             |    1   |
|           p_02366128_reg_3543           |    8   |
|           p_02366_ph_reg_3358           |    8   |
|          p_11_61376118_reg_3862         |    1   |
|          p_11_61376_ph_reg_1750         |    1   |
|          p_11_71277117_reg_3894         |    1   |
|          p_11_71277_ph_reg_1589         |    1   |
|          p_11_81178116_reg_3926         |    1   |
|          p_11_81178_ph_reg_1428         |    1   |
|          p_19_11079115_reg_3958         |    2   |
|          p_19_11079_ph_reg_1267         |    2   |
|          p_19_2980114_reg_3990          |    1   |
|          p_19_2980_ph_reg_1106          |    1   |
|          p_19_61574120_reg_3798         |    1   |
|          p_19_61574_ph_reg_2072         |    1   |
|          p_19_71475119_reg_3830         |    1   |
|          p_19_71475_ph_reg_1911         |    1   |
|           p_52267127_reg_3574           |    1   |
|           p_52267_ph_reg_3197           |    1   |
|           p_62168126_reg_3606           |    3   |
|           p_62168_ph_reg_3036           |    3   |
|          p_7_02069125_reg_3638          |    4   |
|          p_7_02069_ph_reg_2877          |    4   |
|          p_7_11970124_reg_3670          |    2   |
|          p_7_11970_ph_reg_2716          |    2   |
|          p_7_21871123_reg_3702          |    2   |
|          p_7_21871_ph_reg_2555          |    2   |
|          p_7_51772122_reg_3734          |    1   |
|          p_7_51772_ph_reg_2394          |    1   |
|          p_7_61673121_reg_3766          |    3   |
|          p_7_61673_ph_reg_2233          |    3   |
|state_decode_dec_valids_0_flag_0_reg_4177|    1   |
| state_decode_dec_valids_0_new_0_reg_4191|    1   |
|        uop_12206_0385110_reg_4117       |   32   |
|        uop_12206_0385_ph_reg_344        |   32   |
|        uop_13207_0484111_reg_4086       |   12   |
|        uop_13207_0484_ph_reg_473        |   12   |
|      uop_15_14259_0583112_reg_4054      |    2   |
|       uop_15_14259_0583_ph_reg_628      |    2   |
|        uop_17209_0782_ph_reg_786        |    4   |
|        uop_20211_0881113_reg_4022       |    1   |
|        uop_20211_0881_ph_reg_946        |    1   |
|         uop_exc_cause_1_reg_4145        |    4   |
+-----------------------------------------+--------+
|                  Total                  |   169  |
+-----------------------------------------+--------+

* Multiplexer (MUX) list: 
|--------|------|------|------|--------|
|  Comp  |  Pin | Size |  BW  | S x BW |
|--------|------|------|------|--------|
|  Total |      |      |      |    0   |
|--------|------|------|------|--------|



* Summary:
+-----------+--------+--------+
|           |   FF   |   LUT  |
+-----------+--------+--------+
|  Function |    0   |   243  |
|   Memory  |    -   |    -   |
|Multiplexer|    -   |    -   |
|  Register |   169  |    -   |
+-----------+--------+--------+
|   Total   |   169  |   243  |
+-----------+--------+--------+
