

================================================================
== Vitis HLS Report for 'kill_lsu_state'
================================================================
* Date:           Fri Jul 31 19:23:21 2026

* Version:        2021.2 (Build 3367213 on Tue Oct 19 02:47:39 MDT 2021)
* Project:        boom_core_top
* Solution:       solution_w3_csynth (Vivado IP Flow Target)
* Product family: zynquplus
* Target device:  xczu7ev-ffvc1156-2-e


================================================================
== Performance Estimates
================================================================
+ Timing: 
    * Summary: 
    +--------+----------+----------+------------+
    |  Clock |  Target  | Estimated| Uncertainty|
    +--------+----------+----------+------------+
    |ap_clk  |  10.00 ns|  2.345 ns|     2.70 ns|
    +--------+----------+----------+------------+

+ Latency: 
    * Summary: 
    +---------+---------+----------+----------+-----+-----+---------+
    |  Latency (cycles) |  Latency (absolute) |  Interval | Pipeline|
    |   min   |   max   |    min   |    max   | min | max |   Type  |
    +---------+---------+----------+----------+-----+-----+---------+
    |        ?|        ?|         ?|         ?|    ?|    ?|       no|
    +---------+---------+----------+----------+-----+-----+---------+

    + Detail: 
        * Instance: 
        N/A

        * Loop: 
        +--------------------+---------+---------+----------+-----------+-----------+------+----------+
        |                    |  Latency (cycles) | Iteration|  Initiation Interval  | Trip |          |
        |      Loop Name     |   min   |   max   |  Latency |  achieved |   target  | Count| Pipelined|
        +--------------------+---------+---------+----------+-----------+-----------+------+----------+
        |- Loop 1            |        8|        8|         1|          -|          -|     8|        no|
        |- Loop 2            |        8|        8|         1|          -|          -|     8|        no|
        |- VITIS_LOOP_924_1  |       24|       40|     3 ~ 5|          -|          -|     8|        no|
        |- VITIS_LOOP_939_2  |       24|       32|     3 ~ 4|          -|          -|     8|        no|
        |- VITIS_LOOP_947_3  |        ?|        ?|         1|          -|          -|     ?|        no|
        |- VITIS_LOOP_948_4  |        ?|        ?|         1|          -|          -|     ?|        no|
        |- VITIS_LOOP_949_5  |       16|       16|         2|          -|          -|     8|        no|
        |- VITIS_LOOP_950_6  |       16|       16|         2|          -|          -|     8|        no|
        +--------------------+---------+---------+----------+-----------+-----------+------+----------+

============================================================
+ Verbose Summary: Synthesis Manager
============================================================
InlineROM: 1
ExposeGlobal: 0
============================================================
+ Verbose Summary: CDFG Model
============================================================
IsTopModel: 0
ResetActiveHigh: 1
IsCombinational: 0
IsDatapathOnly: 0
HasWiredReturn: 1
HasMFsm: 0
HasVarLatency: 1
IsPipeline: 0
IsRtlPipelined: 0
IsInstanceOverlapped: 0
IsDontTouch: 0
HasImplIP: 0
IsGatedGlobalClock: 0


============================================================
+ Verbose Summary: Schedule
============================================================
* Number of FSM states : 19
* Pipeline : 0
* Dataflow Pipeline: 0

* FSM state transitions: 
1 --> 2 
2 --> 2 3 
3 --> 3 4 
4 --> 5 10 
5 --> 6 8 
6 --> 9 7 8 
7 --> 8 
8 --> 4 
9 --> 8 
10 --> 11 14 
11 --> 12 13 
12 --> 13 
13 --> 10 
14 --> 14 15 
15 --> 15 16 
16 --> 17 18 
17 --> 16 
18 --> 19 
19 --> 18 

* FSM state operations: 

State 1 <SV = 0> <Delay = 0.67>
ST_1 : Operation 20 [1/1] (0.00ns)   --->   "%indvar = alloca i32 1"   --->   Operation 20 'alloca' 'indvar' <Predicate = true> <Delay = 0.00>
ST_1 : Operation 21 [1/1] (0.00ns)   --->   "%mispredict_mask_read = read i8 @_ssdm_op_Read.ap_auto.i8, i8 %mispredict_mask"   --->   Operation 21 'read' 'mispredict_mask_read' <Predicate = true> <Delay = 0.00>
ST_1 : Operation 22 [1/1] (0.67ns)   --->   "%new_ldq_valid = alloca i64 1" [/home/lab_726/boom/hls_boom/src/boom_core_merged.cpp:919]   --->   Operation 22 'alloca' 'new_ldq_valid' <Predicate = true> <Delay = 0.67> <CoreInst = "RAM">   --->   Core 83 'RAM' <Latency = 1> <II = 1> <Delay = 0.67> <Storage> <Opcode : 'load' 'store'> <Ports = 2> <Width = 1> <Depth = 8> <RAM>
ST_1 : Operation 23 [1/1] (0.67ns)   --->   "%new_ldq_signed_load = alloca i64 1" [/home/lab_726/boom/hls_boom/src/boom_core_merged.cpp:919]   --->   Operation 23 'alloca' 'new_ldq_signed_load' <Predicate = true> <Delay = 0.67> <CoreInst = "RAM">   --->   Core 83 'RAM' <Latency = 1> <II = 1> <Delay = 0.67> <Storage> <Opcode : 'load' 'store'> <Ports = 2> <Width = 1> <Depth = 8> <RAM>
ST_1 : Operation 24 [1/1] (0.67ns)   --->   "%new_ldq_response_pending = alloca i64 1" [/home/lab_726/boom/hls_boom/src/boom_core_merged.cpp:919]   --->   Operation 24 'alloca' 'new_ldq_response_pending' <Predicate = true> <Delay = 0.67> <CoreInst = "RAM">   --->   Core 83 'RAM' <Latency = 1> <II = 1> <Delay = 0.67> <Storage> <Opcode : 'load' 'store'> <Ports = 2> <Width = 1> <Depth = 8> <RAM>
ST_1 : Operation 25 [1/1] (0.67ns)   --->   "%new_ldq_completed = alloca i64 1" [/home/lab_726/boom/hls_boom/src/boom_core_merged.cpp:919]   --->   Operation 25 'alloca' 'new_ldq_completed' <Predicate = true> <Delay = 0.67> <CoreInst = "RAM">   --->   Core 83 'RAM' <Latency = 1> <II = 1> <Delay = 0.67> <Storage> <Opcode : 'load' 'store'> <Ports = 2> <Width = 1> <Depth = 8> <RAM>
ST_1 : Operation 26 [1/1] (0.67ns)   --->   "%new_ldq_killed = alloca i64 1" [/home/lab_726/boom/hls_boom/src/boom_core_merged.cpp:919]   --->   Operation 26 'alloca' 'new_ldq_killed' <Predicate = true> <Delay = 0.67> <CoreInst = "RAM">   --->   Core 83 'RAM' <Latency = 1> <II = 1> <Delay = 0.67> <Storage> <Opcode : 'load' 'store'> <Ports = 2> <Width = 1> <Depth = 8> <RAM>
ST_1 : Operation 27 [1/1] (0.67ns)   --->   "%new_ldq_rob_idx = alloca i64 1" [/home/lab_726/boom/hls_boom/src/boom_core_merged.cpp:919]   --->   Operation 27 'alloca' 'new_ldq_rob_idx' <Predicate = true> <Delay = 0.67> <CoreInst = "RAM">   --->   Core 83 'RAM' <Latency = 1> <II = 1> <Delay = 0.67> <Storage> <Opcode : 'load' 'store'> <Ports = 2> <Width = 8> <Depth = 8> <RAM>
ST_1 : Operation 28 [1/1] (0.67ns)   --->   "%new_ldq_size = alloca i64 1" [/home/lab_726/boom/hls_boom/src/boom_core_merged.cpp:919]   --->   Operation 28 'alloca' 'new_ldq_size' <Predicate = true> <Delay = 0.67> <CoreInst = "RAM">   --->   Core 83 'RAM' <Latency = 1> <II = 1> <Delay = 0.67> <Storage> <Opcode : 'load' 'store'> <Ports = 2> <Width = 8> <Depth = 8> <RAM>
ST_1 : Operation 29 [1/1] (0.67ns)   --->   "%new_ldq_branch_mask = alloca i64 1" [/home/lab_726/boom/hls_boom/src/boom_core_merged.cpp:919]   --->   Operation 29 'alloca' 'new_ldq_branch_mask' <Predicate = true> <Delay = 0.67> <CoreInst = "RAM">   --->   Core 83 'RAM' <Latency = 1> <II = 1> <Delay = 0.67> <Storage> <Opcode : 'load' 'store'> <Ports = 2> <Width = 8> <Depth = 8> <RAM>
ST_1 : Operation 30 [1/1] (0.67ns)   --->   "%new_ldq_transaction_id = alloca i64 1" [/home/lab_726/boom/hls_boom/src/boom_core_merged.cpp:919]   --->   Operation 30 'alloca' 'new_ldq_transaction_id' <Predicate = true> <Delay = 0.67> <CoreInst = "RAM">   --->   Core 83 'RAM' <Latency = 1> <II = 1> <Delay = 0.67> <Storage> <Opcode : 'load' 'store'> <Ports = 2> <Width = 32> <Depth = 8> <RAM>
ST_1 : Operation 31 [1/1] (0.67ns)   --->   "%new_ldq_rob_allocation_id = alloca i64 1" [/home/lab_726/boom/hls_boom/src/boom_core_merged.cpp:919]   --->   Operation 31 'alloca' 'new_ldq_rob_allocation_id' <Predicate = true> <Delay = 0.67> <CoreInst = "RAM">   --->   Core 83 'RAM' <Latency = 1> <II = 1> <Delay = 0.67> <Storage> <Opcode : 'load' 'store'> <Ports = 2> <Width = 32> <Depth = 8> <RAM>
ST_1 : Operation 32 [1/1] (0.67ns)   --->   "%new_ldq_address = alloca i64 1" [/home/lab_726/boom/hls_boom/src/boom_core_merged.cpp:919]   --->   Operation 32 'alloca' 'new_ldq_address' <Predicate = true> <Delay = 0.67> <CoreInst = "RAM">   --->   Core 83 'RAM' <Latency = 1> <II = 1> <Delay = 0.67> <Storage> <Opcode : 'load' 'store'> <Ports = 2> <Width = 64> <Depth = 8> <RAM>
ST_1 : Operation 33 [1/1] (0.67ns)   --->   "%new_ldq_result = alloca i64 1" [/home/lab_726/boom/hls_boom/src/boom_core_merged.cpp:919]   --->   Operation 33 'alloca' 'new_ldq_result' <Predicate = true> <Delay = 0.67> <CoreInst = "RAM">   --->   Core 83 'RAM' <Latency = 1> <II = 1> <Delay = 0.67> <Storage> <Opcode : 'load' 'store'> <Ports = 2> <Width = 64> <Depth = 8> <RAM>
ST_1 : Operation 34 [1/1] (0.67ns)   --->   "%new_stq_valid = alloca i64 1" [/home/lab_726/boom/hls_boom/src/boom_core_merged.cpp:920]   --->   Operation 34 'alloca' 'new_stq_valid' <Predicate = true> <Delay = 0.67> <CoreInst = "RAM">   --->   Core 83 'RAM' <Latency = 1> <II = 1> <Delay = 0.67> <Storage> <Opcode : 'load' 'store'> <Ports = 2> <Width = 1> <Depth = 8> <RAM>
ST_1 : Operation 35 [1/1] (0.67ns)   --->   "%new_stq_address_valid = alloca i64 1" [/home/lab_726/boom/hls_boom/src/boom_core_merged.cpp:920]   --->   Operation 35 'alloca' 'new_stq_address_valid' <Predicate = true> <Delay = 0.67> <CoreInst = "RAM">   --->   Core 83 'RAM' <Latency = 1> <II = 1> <Delay = 0.67> <Storage> <Opcode : 'load' 'store'> <Ports = 2> <Width = 1> <Depth = 8> <RAM>
ST_1 : Operation 36 [1/1] (0.67ns)   --->   "%new_stq_data_valid = alloca i64 1" [/home/lab_726/boom/hls_boom/src/boom_core_merged.cpp:920]   --->   Operation 36 'alloca' 'new_stq_data_valid' <Predicate = true> <Delay = 0.67> <CoreInst = "RAM">   --->   Core 83 'RAM' <Latency = 1> <II = 1> <Delay = 0.67> <Storage> <Opcode : 'load' 'store'> <Ports = 2> <Width = 1> <Depth = 8> <RAM>
ST_1 : Operation 37 [1/1] (0.67ns)   --->   "%new_stq_committed = alloca i64 1" [/home/lab_726/boom/hls_boom/src/boom_core_merged.cpp:920]   --->   Operation 37 'alloca' 'new_stq_committed' <Predicate = true> <Delay = 0.67> <CoreInst = "RAM">   --->   Core 83 'RAM' <Latency = 1> <II = 1> <Delay = 0.67> <Storage> <Opcode : 'load' 'store'> <Ports = 2> <Width = 1> <Depth = 8> <RAM>
ST_1 : Operation 38 [1/1] (0.67ns)   --->   "%new_stq_issued_to_memory = alloca i64 1" [/home/lab_726/boom/hls_boom/src/boom_core_merged.cpp:920]   --->   Operation 38 'alloca' 'new_stq_issued_to_memory' <Predicate = true> <Delay = 0.67> <CoreInst = "RAM">   --->   Core 83 'RAM' <Latency = 1> <II = 1> <Delay = 0.67> <Storage> <Opcode : 'load' 'store'> <Ports = 2> <Width = 1> <Depth = 8> <RAM>
ST_1 : Operation 39 [1/1] (0.67ns)   --->   "%new_stq_completed = alloca i64 1" [/home/lab_726/boom/hls_boom/src/boom_core_merged.cpp:920]   --->   Operation 39 'alloca' 'new_stq_completed' <Predicate = true> <Delay = 0.67> <CoreInst = "RAM">   --->   Core 83 'RAM' <Latency = 1> <II = 1> <Delay = 0.67> <Storage> <Opcode : 'load' 'store'> <Ports = 2> <Width = 1> <Depth = 8> <RAM>
ST_1 : Operation 40 [1/1] (0.67ns)   --->   "%new_stq_killed = alloca i64 1" [/home/lab_726/boom/hls_boom/src/boom_core_merged.cpp:920]   --->   Operation 40 'alloca' 'new_stq_killed' <Predicate = true> <Delay = 0.67> <CoreInst = "RAM">   --->   Core 83 'RAM' <Latency = 1> <II = 1> <Delay = 0.67> <Storage> <Opcode : 'load' 'store'> <Ports = 2> <Width = 1> <Depth = 8> <RAM>
ST_1 : Operation 41 [1/1] (0.67ns)   --->   "%new_stq_rob_idx = alloca i64 1" [/home/lab_726/boom/hls_boom/src/boom_core_merged.cpp:920]   --->   Operation 41 'alloca' 'new_stq_rob_idx' <Predicate = true> <Delay = 0.67> <CoreInst = "RAM">   --->   Core 83 'RAM' <Latency = 1> <II = 1> <Delay = 0.67> <Storage> <Opcode : 'load' 'store'> <Ports = 2> <Width = 8> <Depth = 8> <RAM>
ST_1 : Operation 42 [1/1] (0.67ns)   --->   "%new_stq_mask = alloca i64 1" [/home/lab_726/boom/hls_boom/src/boom_core_merged.cpp:920]   --->   Operation 42 'alloca' 'new_stq_mask' <Predicate = true> <Delay = 0.67> <CoreInst = "RAM">   --->   Core 83 'RAM' <Latency = 1> <II = 1> <Delay = 0.67> <Storage> <Opcode : 'load' 'store'> <Ports = 2> <Width = 8> <Depth = 8> <RAM>
ST_1 : Operation 43 [1/1] (0.67ns)   --->   "%new_stq_size = alloca i64 1" [/home/lab_726/boom/hls_boom/src/boom_core_merged.cpp:920]   --->   Operation 43 'alloca' 'new_stq_size' <Predicate = true> <Delay = 0.67> <CoreInst = "RAM">   --->   Core 83 'RAM' <Latency = 1> <II = 1> <Delay = 0.67> <Storage> <Opcode : 'load' 'store'> <Ports = 2> <Width = 8> <Depth = 8> <RAM>
ST_1 : Operation 44 [1/1] (0.67ns)   --->   "%new_stq_branch_mask = alloca i64 1" [/home/lab_726/boom/hls_boom/src/boom_core_merged.cpp:920]   --->   Operation 44 'alloca' 'new_stq_branch_mask' <Predicate = true> <Delay = 0.67> <CoreInst = "RAM">   --->   Core 83 'RAM' <Latency = 1> <II = 1> <Delay = 0.67> <Storage> <Opcode : 'load' 'store'> <Ports = 2> <Width = 8> <Depth = 8> <RAM>
ST_1 : Operation 45 [1/1] (0.67ns)   --->   "%new_stq_rob_allocation_id = alloca i64 1" [/home/lab_726/boom/hls_boom/src/boom_core_merged.cpp:920]   --->   Operation 45 'alloca' 'new_stq_rob_allocation_id' <Predicate = true> <Delay = 0.67> <CoreInst = "RAM">   --->   Core 83 'RAM' <Latency = 1> <II = 1> <Delay = 0.67> <Storage> <Opcode : 'load' 'store'> <Ports = 2> <Width = 32> <Depth = 8> <RAM>
ST_1 : Operation 46 [1/1] (0.67ns)   --->   "%new_stq_address = alloca i64 1" [/home/lab_726/boom/hls_boom/src/boom_core_merged.cpp:920]   --->   Operation 46 'alloca' 'new_stq_address' <Predicate = true> <Delay = 0.67> <CoreInst = "RAM">   --->   Core 83 'RAM' <Latency = 1> <II = 1> <Delay = 0.67> <Storage> <Opcode : 'load' 'store'> <Ports = 2> <Width = 64> <Depth = 8> <RAM>
ST_1 : Operation 47 [1/1] (0.67ns)   --->   "%new_stq_data = alloca i64 1" [/home/lab_726/boom/hls_boom/src/boom_core_merged.cpp:920]   --->   Operation 47 'alloca' 'new_stq_data' <Predicate = true> <Delay = 0.67> <CoreInst = "RAM">   --->   Core 83 'RAM' <Latency = 1> <II = 1> <Delay = 0.67> <Storage> <Opcode : 'load' 'store'> <Ports = 2> <Width = 64> <Depth = 8> <RAM>
ST_1 : Operation 48 [1/1] (0.42ns)   --->   "%store_ln919 = store i3 0, i3 %indvar" [/home/lab_726/boom/hls_boom/src/boom_core_merged.cpp:919]   --->   Operation 48 'store' 'store_ln919' <Predicate = true> <Delay = 0.42>
ST_1 : Operation 49 [1/1] (0.00ns)   --->   "%br_ln919 = br void %arrayctor.loop" [/home/lab_726/boom/hls_boom/src/boom_core_merged.cpp:919]   --->   Operation 49 'br' 'br_ln919' <Predicate = true> <Delay = 0.00>

State 2 <SV = 1> <Delay = 1.09>
ST_2 : Operation 50 [1/1] (0.00ns)   --->   "%indvar_load = load i3 %indvar" [/home/lab_726/boom/hls_boom/src/boom_core_merged.cpp:919]   --->   Operation 50 'load' 'indvar_load' <Predicate = true> <Delay = 0.00>
ST_2 : Operation 51 [1/1] (0.67ns)   --->   "%add_ln919 = add i3 %indvar_load, i3 1" [/home/lab_726/boom/hls_boom/src/boom_core_merged.cpp:919]   --->   Operation 51 'add' 'add_ln919' <Predicate = true> <Delay = 0.67> <CoreInst = "Adder">   --->   Core 1 'Adder' <Latency = 0> <II = 1> <Delay = 0.79> <FuncUnit> <Opcode : 'add' 'sub'> <InPorts = 2> <OutPorts = 1>
ST_2 : Operation 52 [1/1] (0.00ns)   --->   "%zext_ln919 = zext i3 %indvar_load" [/home/lab_726/boom/hls_boom/src/boom_core_merged.cpp:919]   --->   Operation 52 'zext' 'zext_ln919' <Predicate = true> <Delay = 0.00>
ST_2 : Operation 53 [1/1] (0.00ns)   --->   "%this_valid = getelementptr i1 %new_ldq_valid, i64 0, i64 %zext_ln919" [/home/lab_726/boom/hls_boom/src/boom_core_merged.cpp:919]   --->   Operation 53 'getelementptr' 'this_valid' <Predicate = true> <Delay = 0.00>
ST_2 : Operation 54 [1/1] (0.00ns)   --->   "%this_signed_load = getelementptr i1 %new_ldq_signed_load, i64 0, i64 %zext_ln919" [/home/lab_726/boom/hls_boom/src/boom_core_merged.cpp:919]   --->   Operation 54 'getelementptr' 'this_signed_load' <Predicate = true> <Delay = 0.00>
ST_2 : Operation 55 [1/1] (0.00ns)   --->   "%this_response_pending = getelementptr i1 %new_ldq_response_pending, i64 0, i64 %zext_ln919" [/home/lab_726/boom/hls_boom/src/boom_core_merged.cpp:919]   --->   Operation 55 'getelementptr' 'this_response_pending' <Predicate = true> <Delay = 0.00>
ST_2 : Operation 56 [1/1] (0.00ns)   --->   "%this_completed = getelementptr i1 %new_ldq_completed, i64 0, i64 %zext_ln919" [/home/lab_726/boom/hls_boom/src/boom_core_merged.cpp:919]   --->   Operation 56 'getelementptr' 'this_completed' <Predicate = true> <Delay = 0.00>
ST_2 : Operation 57 [1/1] (0.00ns)   --->   "%this_killed = getelementptr i1 %new_ldq_killed, i64 0, i64 %zext_ln919" [/home/lab_726/boom/hls_boom/src/boom_core_merged.cpp:919]   --->   Operation 57 'getelementptr' 'this_killed' <Predicate = true> <Delay = 0.00>
ST_2 : Operation 58 [1/1] (0.00ns)   --->   "%this_rob_idx = getelementptr i8 %new_ldq_rob_idx, i64 0, i64 %zext_ln919" [/home/lab_726/boom/hls_boom/src/boom_core_merged.cpp:919]   --->   Operation 58 'getelementptr' 'this_rob_idx' <Predicate = true> <Delay = 0.00>
ST_2 : Operation 59 [1/1] (0.00ns)   --->   "%this_size = getelementptr i8 %new_ldq_size, i64 0, i64 %zext_ln919" [/home/lab_726/boom/hls_boom/src/boom_core_merged.cpp:919]   --->   Operation 59 'getelementptr' 'this_size' <Predicate = true> <Delay = 0.00>
ST_2 : Operation 60 [1/1] (0.00ns)   --->   "%this_branch_mask = getelementptr i8 %new_ldq_branch_mask, i64 0, i64 %zext_ln919" [/home/lab_726/boom/hls_boom/src/boom_core_merged.cpp:919]   --->   Operation 60 'getelementptr' 'this_branch_mask' <Predicate = true> <Delay = 0.00>
ST_2 : Operation 61 [1/1] (0.00ns)   --->   "%this_transaction_id = getelementptr i32 %new_ldq_transaction_id, i64 0, i64 %zext_ln919" [/home/lab_726/boom/hls_boom/src/boom_core_merged.cpp:919]   --->   Operation 61 'getelementptr' 'this_transaction_id' <Predicate = true> <Delay = 0.00>
ST_2 : Operation 62 [1/1] (0.00ns)   --->   "%this_rob_allocation_id = getelementptr i32 %new_ldq_rob_allocation_id, i64 0, i64 %zext_ln919" [/home/lab_726/boom/hls_boom/src/boom_core_merged.cpp:919]   --->   Operation 62 'getelementptr' 'this_rob_allocation_id' <Predicate = true> <Delay = 0.00>
ST_2 : Operation 63 [1/1] (0.00ns)   --->   "%this_address = getelementptr i64 %new_ldq_address, i64 0, i64 %zext_ln919" [/home/lab_726/boom/hls_boom/src/boom_core_merged.cpp:919]   --->   Operation 63 'getelementptr' 'this_address' <Predicate = true> <Delay = 0.00>
ST_2 : Operation 64 [1/1] (0.00ns)   --->   "%this_result = getelementptr i64 %new_ldq_result, i64 0, i64 %zext_ln919" [/home/lab_726/boom/hls_boom/src/boom_core_merged.cpp:919]   --->   Operation 64 'getelementptr' 'this_result' <Predicate = true> <Delay = 0.00>
ST_2 : Operation 65 [1/1] (0.67ns)   --->   "%store_ln165 = store i1 0, i3 %this_valid" [/home/lab_726/boom/hls_boom/include/boom_state.hpp:165]   --->   Operation 65 'store' 'store_ln165' <Predicate = true> <Delay = 0.67> <CoreInst = "RAM">   --->   Core 83 'RAM' <Latency = 1> <II = 1> <Delay = 0.67> <Storage> <Opcode : 'load' 'store'> <Ports = 2> <Width = 1> <Depth = 8> <RAM>
ST_2 : Operation 66 [1/1] (0.67ns)   --->   "%store_ln165 = store i1 0, i3 %this_signed_load" [/home/lab_726/boom/hls_boom/include/boom_state.hpp:165]   --->   Operation 66 'store' 'store_ln165' <Predicate = true> <Delay = 0.67> <CoreInst = "RAM">   --->   Core 83 'RAM' <Latency = 1> <II = 1> <Delay = 0.67> <Storage> <Opcode : 'load' 'store'> <Ports = 2> <Width = 1> <Depth = 8> <RAM>
ST_2 : Operation 67 [1/1] (0.67ns)   --->   "%store_ln165 = store i1 0, i3 %this_response_pending" [/home/lab_726/boom/hls_boom/include/boom_state.hpp:165]   --->   Operation 67 'store' 'store_ln165' <Predicate = true> <Delay = 0.67> <CoreInst = "RAM">   --->   Core 83 'RAM' <Latency = 1> <II = 1> <Delay = 0.67> <Storage> <Opcode : 'load' 'store'> <Ports = 2> <Width = 1> <Depth = 8> <RAM>
ST_2 : Operation 68 [1/1] (0.67ns)   --->   "%store_ln166 = store i1 0, i3 %this_completed" [/home/lab_726/boom/hls_boom/include/boom_state.hpp:166]   --->   Operation 68 'store' 'store_ln166' <Predicate = true> <Delay = 0.67> <CoreInst = "RAM">   --->   Core 83 'RAM' <Latency = 1> <II = 1> <Delay = 0.67> <Storage> <Opcode : 'load' 'store'> <Ports = 2> <Width = 1> <Depth = 8> <RAM>
ST_2 : Operation 69 [1/1] (0.67ns)   --->   "%store_ln166 = store i1 0, i3 %this_killed" [/home/lab_726/boom/hls_boom/include/boom_state.hpp:166]   --->   Operation 69 'store' 'store_ln166' <Predicate = true> <Delay = 0.67> <CoreInst = "RAM">   --->   Core 83 'RAM' <Latency = 1> <II = 1> <Delay = 0.67> <Storage> <Opcode : 'load' 'store'> <Ports = 2> <Width = 1> <Depth = 8> <RAM>
ST_2 : Operation 70 [1/1] (0.67ns)   --->   "%store_ln166 = store i8 0, i3 %this_rob_idx" [/home/lab_726/boom/hls_boom/include/boom_state.hpp:166]   --->   Operation 70 'store' 'store_ln166' <Predicate = true> <Delay = 0.67> <CoreInst = "RAM">   --->   Core 83 'RAM' <Latency = 1> <II = 1> <Delay = 0.67> <Storage> <Opcode : 'load' 'store'> <Ports = 2> <Width = 8> <Depth = 8> <RAM>
ST_2 : Operation 71 [1/1] (0.67ns)   --->   "%store_ln166 = store i8 0, i3 %this_size" [/home/lab_726/boom/hls_boom/include/boom_state.hpp:166]   --->   Operation 71 'store' 'store_ln166' <Predicate = true> <Delay = 0.67> <CoreInst = "RAM">   --->   Core 83 'RAM' <Latency = 1> <II = 1> <Delay = 0.67> <Storage> <Opcode : 'load' 'store'> <Ports = 2> <Width = 8> <Depth = 8> <RAM>
ST_2 : Operation 72 [1/1] (0.67ns)   --->   "%store_ln166 = store i8 0, i3 %this_branch_mask" [/home/lab_726/boom/hls_boom/include/boom_state.hpp:166]   --->   Operation 72 'store' 'store_ln166' <Predicate = true> <Delay = 0.67> <CoreInst = "RAM">   --->   Core 83 'RAM' <Latency = 1> <II = 1> <Delay = 0.67> <Storage> <Opcode : 'load' 'store'> <Ports = 2> <Width = 8> <Depth = 8> <RAM>
ST_2 : Operation 73 [1/1] (0.67ns)   --->   "%store_ln167 = store i32 0, i3 %this_transaction_id" [/home/lab_726/boom/hls_boom/include/boom_state.hpp:167]   --->   Operation 73 'store' 'store_ln167' <Predicate = true> <Delay = 0.67> <CoreInst = "RAM">   --->   Core 83 'RAM' <Latency = 1> <II = 1> <Delay = 0.67> <Storage> <Opcode : 'load' 'store'> <Ports = 2> <Width = 32> <Depth = 8> <RAM>
ST_2 : Operation 74 [1/1] (0.67ns)   --->   "%store_ln167 = store i32 0, i3 %this_rob_allocation_id" [/home/lab_726/boom/hls_boom/include/boom_state.hpp:167]   --->   Operation 74 'store' 'store_ln167' <Predicate = true> <Delay = 0.67> <CoreInst = "RAM">   --->   Core 83 'RAM' <Latency = 1> <II = 1> <Delay = 0.67> <Storage> <Opcode : 'load' 'store'> <Ports = 2> <Width = 32> <Depth = 8> <RAM>
ST_2 : Operation 75 [1/1] (0.67ns)   --->   "%store_ln167 = store i64 0, i3 %this_address" [/home/lab_726/boom/hls_boom/include/boom_state.hpp:167]   --->   Operation 75 'store' 'store_ln167' <Predicate = true> <Delay = 0.67> <CoreInst = "RAM">   --->   Core 83 'RAM' <Latency = 1> <II = 1> <Delay = 0.67> <Storage> <Opcode : 'load' 'store'> <Ports = 2> <Width = 64> <Depth = 8> <RAM>
ST_2 : Operation 76 [1/1] (0.67ns)   --->   "%store_ln167 = store i64 0, i3 %this_result" [/home/lab_726/boom/hls_boom/include/boom_state.hpp:167]   --->   Operation 76 'store' 'store_ln167' <Predicate = true> <Delay = 0.67> <CoreInst = "RAM">   --->   Core 83 'RAM' <Latency = 1> <II = 1> <Delay = 0.67> <Storage> <Opcode : 'load' 'store'> <Ports = 2> <Width = 64> <Depth = 8> <RAM>
ST_2 : Operation 77 [1/1] (0.58ns)   --->   "%icmp_ln919 = icmp_eq  i3 %indvar_load, i3 7" [/home/lab_726/boom/hls_boom/src/boom_core_merged.cpp:919]   --->   Operation 77 'icmp' 'icmp_ln919' <Predicate = true> <Delay = 0.58> <CoreInst = "Cmp">   --->   Core 9 'Cmp' <Latency = 0> <II = 1> <Delay = 0.72> <FuncUnit> <Opcode : 'icmp'> <InPorts = 2> <OutPorts = 1>
ST_2 : Operation 78 [1/1] (0.00ns)   --->   "%empty = speclooptripcount i32 @_ssdm_op_SpecLoopTripCount, i64 8, i64 8, i64 8"   --->   Operation 78 'speclooptripcount' 'empty' <Predicate = true> <Delay = 0.00>
ST_2 : Operation 79 [1/1] (0.00ns)   --->   "%br_ln919 = br i1 %icmp_ln919, void %arrayctor.loop.arrayctor.loop_crit_edge, void %arrayctor.loop3.preheader" [/home/lab_726/boom/hls_boom/src/boom_core_merged.cpp:919]   --->   Operation 79 'br' 'br_ln919' <Predicate = true> <Delay = 0.00>
ST_2 : Operation 80 [1/1] (0.42ns)   --->   "%store_ln919 = store i3 %add_ln919, i3 %indvar" [/home/lab_726/boom/hls_boom/src/boom_core_merged.cpp:919]   --->   Operation 80 'store' 'store_ln919' <Predicate = (!icmp_ln919)> <Delay = 0.42>
ST_2 : Operation 81 [1/1] (0.00ns)   --->   "%br_ln919 = br void %arrayctor.loop" [/home/lab_726/boom/hls_boom/src/boom_core_merged.cpp:919]   --->   Operation 81 'br' 'br_ln919' <Predicate = (!icmp_ln919)> <Delay = 0.00>
ST_2 : Operation 82 [1/1] (0.00ns)   --->   "%indvar4 = alloca i32 1"   --->   Operation 82 'alloca' 'indvar4' <Predicate = (icmp_ln919)> <Delay = 0.00>
ST_2 : Operation 83 [1/1] (0.42ns)   --->   "%store_ln920 = store i3 0, i3 %indvar4" [/home/lab_726/boom/hls_boom/src/boom_core_merged.cpp:920]   --->   Operation 83 'store' 'store_ln920' <Predicate = (icmp_ln919)> <Delay = 0.42>
ST_2 : Operation 84 [1/1] (0.00ns)   --->   "%br_ln920 = br void %arrayctor.loop3" [/home/lab_726/boom/hls_boom/src/boom_core_merged.cpp:920]   --->   Operation 84 'br' 'br_ln920' <Predicate = (icmp_ln919)> <Delay = 0.00>

State 3 <SV = 2> <Delay = 1.09>
ST_3 : Operation 85 [1/1] (0.00ns)   --->   "%indvar4_load = load i3 %indvar4" [/home/lab_726/boom/hls_boom/src/boom_core_merged.cpp:920]   --->   Operation 85 'load' 'indvar4_load' <Predicate = true> <Delay = 0.00>
ST_3 : Operation 86 [1/1] (0.67ns)   --->   "%add_ln920 = add i3 %indvar4_load, i3 1" [/home/lab_726/boom/hls_boom/src/boom_core_merged.cpp:920]   --->   Operation 86 'add' 'add_ln920' <Predicate = true> <Delay = 0.67> <CoreInst = "Adder">   --->   Core 1 'Adder' <Latency = 0> <II = 1> <Delay = 0.79> <FuncUnit> <Opcode : 'add' 'sub'> <InPorts = 2> <OutPorts = 1>
ST_3 : Operation 87 [1/1] (0.00ns)   --->   "%zext_ln920 = zext i3 %indvar4_load" [/home/lab_726/boom/hls_boom/src/boom_core_merged.cpp:920]   --->   Operation 87 'zext' 'zext_ln920' <Predicate = true> <Delay = 0.00>
ST_3 : Operation 88 [1/1] (0.00ns)   --->   "%this_valid_1 = getelementptr i1 %new_stq_valid, i64 0, i64 %zext_ln920" [/home/lab_726/boom/hls_boom/src/boom_core_merged.cpp:920]   --->   Operation 88 'getelementptr' 'this_valid_1' <Predicate = true> <Delay = 0.00>
ST_3 : Operation 89 [1/1] (0.00ns)   --->   "%this_address_valid = getelementptr i1 %new_stq_address_valid, i64 0, i64 %zext_ln920" [/home/lab_726/boom/hls_boom/src/boom_core_merged.cpp:920]   --->   Operation 89 'getelementptr' 'this_address_valid' <Predicate = true> <Delay = 0.00>
ST_3 : Operation 90 [1/1] (0.00ns)   --->   "%this_data_valid = getelementptr i1 %new_stq_data_valid, i64 0, i64 %zext_ln920" [/home/lab_726/boom/hls_boom/src/boom_core_merged.cpp:920]   --->   Operation 90 'getelementptr' 'this_data_valid' <Predicate = true> <Delay = 0.00>
ST_3 : Operation 91 [1/1] (0.00ns)   --->   "%this_committed = getelementptr i1 %new_stq_committed, i64 0, i64 %zext_ln920" [/home/lab_726/boom/hls_boom/src/boom_core_merged.cpp:920]   --->   Operation 91 'getelementptr' 'this_committed' <Predicate = true> <Delay = 0.00>
ST_3 : Operation 92 [1/1] (0.00ns)   --->   "%this_issued_to_memory = getelementptr i1 %new_stq_issued_to_memory, i64 0, i64 %zext_ln920" [/home/lab_726/boom/hls_boom/src/boom_core_merged.cpp:920]   --->   Operation 92 'getelementptr' 'this_issued_to_memory' <Predicate = true> <Delay = 0.00>
ST_3 : Operation 93 [1/1] (0.00ns)   --->   "%this_completed_1 = getelementptr i1 %new_stq_completed, i64 0, i64 %zext_ln920" [/home/lab_726/boom/hls_boom/src/boom_core_merged.cpp:920]   --->   Operation 93 'getelementptr' 'this_completed_1' <Predicate = true> <Delay = 0.00>
ST_3 : Operation 94 [1/1] (0.00ns)   --->   "%this_killed_1 = getelementptr i1 %new_stq_killed, i64 0, i64 %zext_ln920" [/home/lab_726/boom/hls_boom/src/boom_core_merged.cpp:920]   --->   Operation 94 'getelementptr' 'this_killed_1' <Predicate = true> <Delay = 0.00>
ST_3 : Operation 95 [1/1] (0.00ns)   --->   "%this_rob_idx_1 = getelementptr i8 %new_stq_rob_idx, i64 0, i64 %zext_ln920" [/home/lab_726/boom/hls_boom/src/boom_core_merged.cpp:920]   --->   Operation 95 'getelementptr' 'this_rob_idx_1' <Predicate = true> <Delay = 0.00>
ST_3 : Operation 96 [1/1] (0.00ns)   --->   "%this_mask = getelementptr i8 %new_stq_mask, i64 0, i64 %zext_ln920" [/home/lab_726/boom/hls_boom/src/boom_core_merged.cpp:920]   --->   Operation 96 'getelementptr' 'this_mask' <Predicate = true> <Delay = 0.00>
ST_3 : Operation 97 [1/1] (0.00ns)   --->   "%this_size_1 = getelementptr i8 %new_stq_size, i64 0, i64 %zext_ln920" [/home/lab_726/boom/hls_boom/src/boom_core_merged.cpp:920]   --->   Operation 97 'getelementptr' 'this_size_1' <Predicate = true> <Delay = 0.00>
ST_3 : Operation 98 [1/1] (0.00ns)   --->   "%this_branch_mask_1 = getelementptr i8 %new_stq_branch_mask, i64 0, i64 %zext_ln920" [/home/lab_726/boom/hls_boom/src/boom_core_merged.cpp:920]   --->   Operation 98 'getelementptr' 'this_branch_mask_1' <Predicate = true> <Delay = 0.00>
ST_3 : Operation 99 [1/1] (0.00ns)   --->   "%this_rob_allocation_id_1 = getelementptr i32 %new_stq_rob_allocation_id, i64 0, i64 %zext_ln920" [/home/lab_726/boom/hls_boom/src/boom_core_merged.cpp:920]   --->   Operation 99 'getelementptr' 'this_rob_allocation_id_1' <Predicate = true> <Delay = 0.00>
ST_3 : Operation 100 [1/1] (0.00ns)   --->   "%this_address_1 = getelementptr i64 %new_stq_address, i64 0, i64 %zext_ln920" [/home/lab_726/boom/hls_boom/src/boom_core_merged.cpp:920]   --->   Operation 100 'getelementptr' 'this_address_1' <Predicate = true> <Delay = 0.00>
ST_3 : Operation 101 [1/1] (0.00ns)   --->   "%this_data = getelementptr i64 %new_stq_data, i64 0, i64 %zext_ln920" [/home/lab_726/boom/hls_boom/src/boom_core_merged.cpp:920]   --->   Operation 101 'getelementptr' 'this_data' <Predicate = true> <Delay = 0.00>
ST_3 : Operation 102 [1/1] (0.67ns)   --->   "%store_ln155 = store i1 0, i3 %this_valid_1" [/home/lab_726/boom/hls_boom/include/boom_state.hpp:155]   --->   Operation 102 'store' 'store_ln155' <Predicate = true> <Delay = 0.67> <CoreInst = "RAM">   --->   Core 83 'RAM' <Latency = 1> <II = 1> <Delay = 0.67> <Storage> <Opcode : 'load' 'store'> <Ports = 2> <Width = 1> <Depth = 8> <RAM>
ST_3 : Operation 103 [1/1] (0.67ns)   --->   "%store_ln155 = store i1 0, i3 %this_address_valid" [/home/lab_726/boom/hls_boom/include/boom_state.hpp:155]   --->   Operation 103 'store' 'store_ln155' <Predicate = true> <Delay = 0.67> <CoreInst = "RAM">   --->   Core 83 'RAM' <Latency = 1> <II = 1> <Delay = 0.67> <Storage> <Opcode : 'load' 'store'> <Ports = 2> <Width = 1> <Depth = 8> <RAM>
ST_3 : Operation 104 [1/1] (0.67ns)   --->   "%store_ln155 = store i1 0, i3 %this_data_valid" [/home/lab_726/boom/hls_boom/include/boom_state.hpp:155]   --->   Operation 104 'store' 'store_ln155' <Predicate = true> <Delay = 0.67> <CoreInst = "RAM">   --->   Core 83 'RAM' <Latency = 1> <II = 1> <Delay = 0.67> <Storage> <Opcode : 'load' 'store'> <Ports = 2> <Width = 1> <Depth = 8> <RAM>
ST_3 : Operation 105 [1/1] (0.67ns)   --->   "%store_ln155 = store i1 0, i3 %this_committed" [/home/lab_726/boom/hls_boom/include/boom_state.hpp:155]   --->   Operation 105 'store' 'store_ln155' <Predicate = true> <Delay = 0.67> <CoreInst = "RAM">   --->   Core 83 'RAM' <Latency = 1> <II = 1> <Delay = 0.67> <Storage> <Opcode : 'load' 'store'> <Ports = 2> <Width = 1> <Depth = 8> <RAM>
ST_3 : Operation 106 [1/1] (0.67ns)   --->   "%store_ln156 = store i1 0, i3 %this_issued_to_memory" [/home/lab_726/boom/hls_boom/include/boom_state.hpp:156]   --->   Operation 106 'store' 'store_ln156' <Predicate = true> <Delay = 0.67> <CoreInst = "RAM">   --->   Core 83 'RAM' <Latency = 1> <II = 1> <Delay = 0.67> <Storage> <Opcode : 'load' 'store'> <Ports = 2> <Width = 1> <Depth = 8> <RAM>
ST_3 : Operation 107 [1/1] (0.67ns)   --->   "%store_ln156 = store i1 0, i3 %this_completed_1" [/home/lab_726/boom/hls_boom/include/boom_state.hpp:156]   --->   Operation 107 'store' 'store_ln156' <Predicate = true> <Delay = 0.67> <CoreInst = "RAM">   --->   Core 83 'RAM' <Latency = 1> <II = 1> <Delay = 0.67> <Storage> <Opcode : 'load' 'store'> <Ports = 2> <Width = 1> <Depth = 8> <RAM>
ST_3 : Operation 108 [1/1] (0.67ns)   --->   "%store_ln156 = store i1 0, i3 %this_killed_1" [/home/lab_726/boom/hls_boom/include/boom_state.hpp:156]   --->   Operation 108 'store' 'store_ln156' <Predicate = true> <Delay = 0.67> <CoreInst = "RAM">   --->   Core 83 'RAM' <Latency = 1> <II = 1> <Delay = 0.67> <Storage> <Opcode : 'load' 'store'> <Ports = 2> <Width = 1> <Depth = 8> <RAM>
ST_3 : Operation 109 [1/1] (0.67ns)   --->   "%store_ln156 = store i8 0, i3 %this_rob_idx_1" [/home/lab_726/boom/hls_boom/include/boom_state.hpp:156]   --->   Operation 109 'store' 'store_ln156' <Predicate = true> <Delay = 0.67> <CoreInst = "RAM">   --->   Core 83 'RAM' <Latency = 1> <II = 1> <Delay = 0.67> <Storage> <Opcode : 'load' 'store'> <Ports = 2> <Width = 8> <Depth = 8> <RAM>
ST_3 : Operation 110 [1/1] (0.67ns)   --->   "%store_ln156 = store i8 0, i3 %this_mask" [/home/lab_726/boom/hls_boom/include/boom_state.hpp:156]   --->   Operation 110 'store' 'store_ln156' <Predicate = true> <Delay = 0.67> <CoreInst = "RAM">   --->   Core 83 'RAM' <Latency = 1> <II = 1> <Delay = 0.67> <Storage> <Opcode : 'load' 'store'> <Ports = 2> <Width = 8> <Depth = 8> <RAM>
ST_3 : Operation 111 [1/1] (0.67ns)   --->   "%store_ln157 = store i8 0, i3 %this_size_1" [/home/lab_726/boom/hls_boom/include/boom_state.hpp:157]   --->   Operation 111 'store' 'store_ln157' <Predicate = true> <Delay = 0.67> <CoreInst = "RAM">   --->   Core 83 'RAM' <Latency = 1> <II = 1> <Delay = 0.67> <Storage> <Opcode : 'load' 'store'> <Ports = 2> <Width = 8> <Depth = 8> <RAM>
ST_3 : Operation 112 [1/1] (0.67ns)   --->   "%store_ln157 = store i8 0, i3 %this_branch_mask_1" [/home/lab_726/boom/hls_boom/include/boom_state.hpp:157]   --->   Operation 112 'store' 'store_ln157' <Predicate = true> <Delay = 0.67> <CoreInst = "RAM">   --->   Core 83 'RAM' <Latency = 1> <II = 1> <Delay = 0.67> <Storage> <Opcode : 'load' 'store'> <Ports = 2> <Width = 8> <Depth = 8> <RAM>
ST_3 : Operation 113 [1/1] (0.67ns)   --->   "%store_ln157 = store i32 0, i3 %this_rob_allocation_id_1" [/home/lab_726/boom/hls_boom/include/boom_state.hpp:157]   --->   Operation 113 'store' 'store_ln157' <Predicate = true> <Delay = 0.67> <CoreInst = "RAM">   --->   Core 83 'RAM' <Latency = 1> <II = 1> <Delay = 0.67> <Storage> <Opcode : 'load' 'store'> <Ports = 2> <Width = 32> <Depth = 8> <RAM>
ST_3 : Operation 114 [1/1] (0.67ns)   --->   "%store_ln157 = store i64 0, i3 %this_address_1" [/home/lab_726/boom/hls_boom/include/boom_state.hpp:157]   --->   Operation 114 'store' 'store_ln157' <Predicate = true> <Delay = 0.67> <CoreInst = "RAM">   --->   Core 83 'RAM' <Latency = 1> <II = 1> <Delay = 0.67> <Storage> <Opcode : 'load' 'store'> <Ports = 2> <Width = 64> <Depth = 8> <RAM>
ST_3 : Operation 115 [1/1] (0.67ns)   --->   "%store_ln157 = store i64 0, i3 %this_data" [/home/lab_726/boom/hls_boom/include/boom_state.hpp:157]   --->   Operation 115 'store' 'store_ln157' <Predicate = true> <Delay = 0.67> <CoreInst = "RAM">   --->   Core 83 'RAM' <Latency = 1> <II = 1> <Delay = 0.67> <Storage> <Opcode : 'load' 'store'> <Ports = 2> <Width = 64> <Depth = 8> <RAM>
ST_3 : Operation 116 [1/1] (0.58ns)   --->   "%icmp_ln920 = icmp_eq  i3 %indvar4_load, i3 7" [/home/lab_726/boom/hls_boom/src/boom_core_merged.cpp:920]   --->   Operation 116 'icmp' 'icmp_ln920' <Predicate = true> <Delay = 0.58> <CoreInst = "Cmp">   --->   Core 9 'Cmp' <Latency = 0> <II = 1> <Delay = 0.72> <FuncUnit> <Opcode : 'icmp'> <InPorts = 2> <OutPorts = 1>
ST_3 : Operation 117 [1/1] (0.00ns)   --->   "%empty_108 = speclooptripcount i32 @_ssdm_op_SpecLoopTripCount, i64 8, i64 8, i64 8"   --->   Operation 117 'speclooptripcount' 'empty_108' <Predicate = true> <Delay = 0.00>
ST_3 : Operation 118 [1/1] (0.00ns)   --->   "%br_ln920 = br i1 %icmp_ln920, void %arrayctor.loop3.arrayctor.loop3_crit_edge, void %.preheader2.preheader" [/home/lab_726/boom/hls_boom/src/boom_core_merged.cpp:920]   --->   Operation 118 'br' 'br_ln920' <Predicate = true> <Delay = 0.00>
ST_3 : Operation 119 [1/1] (0.42ns)   --->   "%store_ln920 = store i3 %add_ln920, i3 %indvar4" [/home/lab_726/boom/hls_boom/src/boom_core_merged.cpp:920]   --->   Operation 119 'store' 'store_ln920' <Predicate = (!icmp_ln920)> <Delay = 0.42>
ST_3 : Operation 120 [1/1] (0.00ns)   --->   "%br_ln920 = br void %arrayctor.loop3" [/home/lab_726/boom/hls_boom/src/boom_core_merged.cpp:920]   --->   Operation 120 'br' 'br_ln920' <Predicate = (!icmp_ln920)> <Delay = 0.00>
ST_3 : Operation 121 [1/1] (0.00ns)   --->   "%i = alloca i32 1"   --->   Operation 121 'alloca' 'i' <Predicate = (icmp_ln920)> <Delay = 0.00>
ST_3 : Operation 122 [1/1] (0.00ns)   --->   "%lw = alloca i32 1"   --->   Operation 122 'alloca' 'lw' <Predicate = (icmp_ln920)> <Delay = 0.00>
ST_3 : Operation 123 [1/1] (0.42ns)   --->   "%store_ln924 = store i32 0, i32 %lw" [/home/lab_726/boom/hls_boom/src/boom_core_merged.cpp:924]   --->   Operation 123 'store' 'store_ln924' <Predicate = (icmp_ln920)> <Delay = 0.42>
ST_3 : Operation 124 [1/1] (0.42ns)   --->   "%store_ln924 = store i4 0, i4 %i" [/home/lab_726/boom/hls_boom/src/boom_core_merged.cpp:924]   --->   Operation 124 'store' 'store_ln924' <Predicate = (icmp_ln920)> <Delay = 0.42>
ST_3 : Operation 125 [1/1] (0.00ns)   --->   "%br_ln924 = br void %.preheader2" [/home/lab_726/boom/hls_boom/src/boom_core_merged.cpp:924]   --->   Operation 125 'br' 'br_ln924' <Predicate = (icmp_ln920)> <Delay = 0.00>

State 4 <SV = 3> <Delay = 1.14>
ST_4 : Operation 126 [1/1] (0.00ns)   --->   "%i_26 = load i4 %i" [/home/lab_726/boom/hls_boom/src/boom_core_merged.cpp:924]   --->   Operation 126 'load' 'i_26' <Predicate = true> <Delay = 0.00>
ST_4 : Operation 127 [1/1] (0.00ns)   --->   "%lw_2 = load i32 %lw" [/home/lab_726/boom/hls_boom/src/boom_core_merged.cpp:953]   --->   Operation 127 'load' 'lw_2' <Predicate = true> <Delay = 0.00>
ST_4 : Operation 128 [1/1] (0.00ns)   --->   "%zext_ln924 = zext i4 %i_26" [/home/lab_726/boom/hls_boom/src/boom_core_merged.cpp:924]   --->   Operation 128 'zext' 'zext_ln924' <Predicate = true> <Delay = 0.00>
ST_4 : Operation 129 [1/1] (0.72ns)   --->   "%icmp_ln924 = icmp_eq  i4 %i_26, i4 8" [/home/lab_726/boom/hls_boom/src/boom_core_merged.cpp:924]   --->   Operation 129 'icmp' 'icmp_ln924' <Predicate = true> <Delay = 0.72> <CoreInst = "Cmp">   --->   Core 9 'Cmp' <Latency = 0> <II = 1> <Delay = 0.72> <FuncUnit> <Opcode : 'icmp'> <InPorts = 2> <OutPorts = 1>
ST_4 : Operation 130 [1/1] (0.00ns)   --->   "%empty_109 = speclooptripcount i32 @_ssdm_op_SpecLoopTripCount, i64 8, i64 8, i64 8"   --->   Operation 130 'speclooptripcount' 'empty_109' <Predicate = true> <Delay = 0.00>
ST_4 : Operation 131 [1/1] (0.79ns)   --->   "%add_ln924 = add i4 %i_26, i4 1" [/home/lab_726/boom/hls_boom/src/boom_core_merged.cpp:924]   --->   Operation 131 'add' 'add_ln924' <Predicate = true> <Delay = 0.79> <CoreInst = "Adder">   --->   Core 1 'Adder' <Latency = 0> <II = 1> <Delay = 0.79> <FuncUnit> <Opcode : 'add' 'sub'> <InPorts = 2> <OutPorts = 1>
ST_4 : Operation 132 [1/1] (0.00ns)   --->   "%br_ln924 = br i1 %icmp_ln924, void %.split10, void %.preheader1.preheader" [/home/lab_726/boom/hls_boom/src/boom_core_merged.cpp:924]   --->   Operation 132 'br' 'br_ln924' <Predicate = true> <Delay = 0.00>
ST_4 : Operation 133 [1/1] (0.00ns)   --->   "%state_lsu_ldq_valid_addr = getelementptr i1 %state_lsu_ldq_valid, i64 0, i64 %zext_ln924" [/home/lab_726/boom/hls_boom/src/boom_core_merged.cpp:926]   --->   Operation 133 'getelementptr' 'state_lsu_ldq_valid_addr' <Predicate = (!icmp_ln924)> <Delay = 0.00>
ST_4 : Operation 134 [2/2] (0.67ns)   --->   "%state_lsu_ldq_valid_load = load i3 %state_lsu_ldq_valid_addr" [/home/lab_726/boom/hls_boom/src/boom_core_merged.cpp:926]   --->   Operation 134 'load' 'state_lsu_ldq_valid_load' <Predicate = (!icmp_ln924)> <Delay = 0.67> <CoreInst = "RAM">   --->   Core 83 'RAM' <Latency = 1> <II = 1> <Delay = 0.67> <Storage> <Opcode : 'load' 'store'> <Ports = 2> <Width = 1> <Depth = 8> <RAM>
ST_4 : Operation 135 [1/1] (0.00ns)   --->   "%i_20 = alloca i32 1"   --->   Operation 135 'alloca' 'i_20' <Predicate = (icmp_ln924)> <Delay = 0.00>
ST_4 : Operation 136 [1/1] (0.00ns)   --->   "%sw = alloca i32 1"   --->   Operation 136 'alloca' 'sw' <Predicate = (icmp_ln924)> <Delay = 0.00>
ST_4 : Operation 137 [1/1] (0.42ns)   --->   "%store_ln939 = store i32 0, i32 %sw" [/home/lab_726/boom/hls_boom/src/boom_core_merged.cpp:939]   --->   Operation 137 'store' 'store_ln939' <Predicate = (icmp_ln924)> <Delay = 0.42>
ST_4 : Operation 138 [1/1] (0.42ns)   --->   "%store_ln939 = store i4 0, i4 %i_20" [/home/lab_726/boom/hls_boom/src/boom_core_merged.cpp:939]   --->   Operation 138 'store' 'store_ln939' <Predicate = (icmp_ln924)> <Delay = 0.42>
ST_4 : Operation 139 [1/1] (0.00ns)   --->   "%br_ln939 = br void %.preheader1" [/home/lab_726/boom/hls_boom/src/boom_core_merged.cpp:939]   --->   Operation 139 'br' 'br_ln939' <Predicate = (icmp_ln924)> <Delay = 0.00>

State 5 <SV = 4> <Delay = 0.67>
ST_5 : Operation 140 [1/1] (0.00ns)   --->   "%specloopname_ln924 = specloopname void @_ssdm_op_SpecLoopName, void @empty_61" [/home/lab_726/boom/hls_boom/src/boom_core_merged.cpp:924]   --->   Operation 140 'specloopname' 'specloopname_ln924' <Predicate = true> <Delay = 0.00>
ST_5 : Operation 141 [1/2] (0.67ns)   --->   "%state_lsu_ldq_valid_load = load i3 %state_lsu_ldq_valid_addr" [/home/lab_726/boom/hls_boom/src/boom_core_merged.cpp:926]   --->   Operation 141 'load' 'state_lsu_ldq_valid_load' <Predicate = true> <Delay = 0.67> <CoreInst = "RAM">   --->   Core 83 'RAM' <Latency = 1> <II = 1> <Delay = 0.67> <Storage> <Opcode : 'load' 'store'> <Ports = 2> <Width = 1> <Depth = 8> <RAM>
ST_5 : Operation 142 [1/1] (0.00ns)   --->   "%br_ln926 = br i1 %state_lsu_ldq_valid_load, void %.critedge, void" [/home/lab_726/boom/hls_boom/src/boom_core_merged.cpp:926]   --->   Operation 142 'br' 'br_ln926' <Predicate = true> <Delay = 0.00>
ST_5 : Operation 143 [1/1] (0.00ns)   --->   "%state_lsu_ldq_branch_mask_addr = getelementptr i8 %state_lsu_ldq_branch_mask, i64 0, i64 %zext_ln924" [/home/lab_726/boom/hls_boom/src/boom_core_merged.cpp:926]   --->   Operation 143 'getelementptr' 'state_lsu_ldq_branch_mask_addr' <Predicate = (state_lsu_ldq_valid_load)> <Delay = 0.00>
ST_5 : Operation 144 [2/2] (0.67ns)   --->   "%state_lsu_ldq_branch_mask_load = load i3 %state_lsu_ldq_branch_mask_addr" [/home/lab_726/boom/hls_boom/src/boom_core_merged.cpp:926]   --->   Operation 144 'load' 'state_lsu_ldq_branch_mask_load' <Predicate = (state_lsu_ldq_valid_load)> <Delay = 0.67> <CoreInst = "RAM">   --->   Core 83 'RAM' <Latency = 1> <II = 1> <Delay = 0.67> <Storage> <Opcode : 'load' 'store'> <Ports = 2> <Width = 8> <Depth = 8> <RAM>

State 6 <SV = 5> <Delay = 1.95>
ST_6 : Operation 145 [1/2] (0.67ns)   --->   "%state_lsu_ldq_branch_mask_load = load i3 %state_lsu_ldq_branch_mask_addr" [/home/lab_726/boom/hls_boom/src/boom_core_merged.cpp:926]   --->   Operation 145 'load' 'state_lsu_ldq_branch_mask_load' <Predicate = true> <Delay = 0.67> <CoreInst = "RAM">   --->   Core 83 'RAM' <Latency = 1> <II = 1> <Delay = 0.67> <Storage> <Opcode : 'load' 'store'> <Ports = 2> <Width = 8> <Depth = 8> <RAM>
ST_6 : Operation 146 [1/1] (0.00ns) (grouped into LUT with out node icmp_ln926)   --->   "%and_ln926 = and i8 %state_lsu_ldq_branch_mask_load, i8 %mispredict_mask_read" [/home/lab_726/boom/hls_boom/src/boom_core_merged.cpp:926]   --->   Operation 146 'and' 'and_ln926' <Predicate = true> <Delay = 0.00> <CoreInst = "LogicGate">   --->   Core 74 'LogicGate' <Latency = 0> <II = 1> <Delay = 0.33> <FuncUnit> <Opcode : 'and' 'or' 'xor'> <InPorts = 2> <OutPorts = 1>
ST_6 : Operation 147 [1/1] (0.84ns) (out node of the LUT)   --->   "%icmp_ln926 = icmp_eq  i8 %and_ln926, i8 0" [/home/lab_726/boom/hls_boom/src/boom_core_merged.cpp:926]   --->   Operation 147 'icmp' 'icmp_ln926' <Predicate = true> <Delay = 0.84> <CoreInst = "Cmp">   --->   Core 9 'Cmp' <Latency = 0> <II = 1> <Delay = 0.72> <FuncUnit> <Opcode : 'icmp'> <InPorts = 2> <OutPorts = 1>
ST_6 : Operation 148 [1/1] (0.00ns)   --->   "%state_lsu_ldq_rob_idx_addr = getelementptr i8 %state_lsu_ldq_rob_idx, i64 0, i64 %zext_ln924" [/home/lab_726/boom/hls_boom/src/boom_core_merged.cpp:927]   --->   Operation 148 'getelementptr' 'state_lsu_ldq_rob_idx_addr' <Predicate = true> <Delay = 0.00>
ST_6 : Operation 149 [1/1] (0.00ns)   --->   "%br_ln926 = br i1 %icmp_ln926, void, void" [/home/lab_726/boom/hls_boom/src/boom_core_merged.cpp:926]   --->   Operation 149 'br' 'br_ln926' <Predicate = true> <Delay = 0.00>
ST_6 : Operation 150 [1/1] (0.00ns)   --->   "%state_lsu_load = load i1 %state_lsu_load_response_pending" [/home/lab_726/boom/hls_boom/src/boom_core_merged.cpp:927]   --->   Operation 150 'load' 'state_lsu_load' <Predicate = (!icmp_ln926)> <Delay = 0.00>
ST_6 : Operation 151 [1/1] (0.00ns)   --->   "%br_ln927 = br i1 %state_lsu_load, void %._crit_edge, void" [/home/lab_726/boom/hls_boom/src/boom_core_merged.cpp:927]   --->   Operation 151 'br' 'br_ln927' <Predicate = (!icmp_ln926)> <Delay = 0.00>
ST_6 : Operation 152 [2/2] (0.67ns)   --->   "%state_lsu_ldq_rob_idx_load_1 = load i3 %state_lsu_ldq_rob_idx_addr" [/home/lab_726/boom/hls_boom/src/boom_core_merged.cpp:927]   --->   Operation 152 'load' 'state_lsu_ldq_rob_idx_load_1' <Predicate = (!icmp_ln926 & state_lsu_load)> <Delay = 0.67> <CoreInst = "RAM">   --->   Core 83 'RAM' <Latency = 1> <II = 1> <Delay = 0.67> <Storage> <Opcode : 'load' 'store'> <Ports = 2> <Width = 8> <Depth = 8> <RAM>
ST_6 : Operation 153 [1/1] (1.01ns)   --->   "%lw_3 = add i32 %lw_2, i32 1" [/home/lab_726/boom/hls_boom/src/boom_core_merged.cpp:936]   --->   Operation 153 'add' 'lw_3' <Predicate = (icmp_ln926)> <Delay = 1.01> <CoreInst = "Adder">   --->   Core 1 'Adder' <Latency = 0> <II = 1> <Delay = 0.79> <FuncUnit> <Opcode : 'add' 'sub'> <InPorts = 2> <OutPorts = 1>
ST_6 : Operation 154 [1/1] (0.00ns)   --->   "%state_lsu_ldq_signed_load_addr = getelementptr i1 %state_lsu_ldq_signed_load, i64 0, i64 %zext_ln924" [/home/lab_726/boom/hls_boom/src/boom_core_merged.cpp:936]   --->   Operation 154 'getelementptr' 'state_lsu_ldq_signed_load_addr' <Predicate = (icmp_ln926)> <Delay = 0.00>
ST_6 : Operation 155 [2/2] (0.67ns)   --->   "%state_lsu_ldq_signed_load_load = load i3 %state_lsu_ldq_signed_load_addr" [/home/lab_726/boom/hls_boom/src/boom_core_merged.cpp:936]   --->   Operation 155 'load' 'state_lsu_ldq_signed_load_load' <Predicate = (icmp_ln926)> <Delay = 0.67> <CoreInst = "RAM">   --->   Core 83 'RAM' <Latency = 1> <II = 1> <Delay = 0.67> <Storage> <Opcode : 'load' 'store'> <Ports = 2> <Width = 1> <Depth = 8> <RAM>
ST_6 : Operation 156 [1/1] (0.00ns)   --->   "%state_lsu_ldq_response_pending_addr = getelementptr i1 %state_lsu_ldq_response_pending, i64 0, i64 %zext_ln924" [/home/lab_726/boom/hls_boom/src/boom_core_merged.cpp:936]   --->   Operation 156 'getelementptr' 'state_lsu_ldq_response_pending_addr' <Predicate = (icmp_ln926)> <Delay = 0.00>
ST_6 : Operation 157 [2/2] (0.67ns)   --->   "%state_lsu_ldq_response_pending_load = load i3 %state_lsu_ldq_response_pending_addr" [/home/lab_726/boom/hls_boom/src/boom_core_merged.cpp:936]   --->   Operation 157 'load' 'state_lsu_ldq_response_pending_load' <Predicate = (icmp_ln926)> <Delay = 0.67> <CoreInst = "RAM">   --->   Core 83 'RAM' <Latency = 1> <II = 1> <Delay = 0.67> <Storage> <Opcode : 'load' 'store'> <Ports = 2> <Width = 1> <Depth = 8> <RAM>
ST_6 : Operation 158 [1/1] (0.00ns)   --->   "%state_lsu_ldq_completed_addr = getelementptr i1 %state_lsu_ldq_completed, i64 0, i64 %zext_ln924" [/home/lab_726/boom/hls_boom/src/boom_core_merged.cpp:936]   --->   Operation 158 'getelementptr' 'state_lsu_ldq_completed_addr' <Predicate = (icmp_ln926)> <Delay = 0.00>
ST_6 : Operation 159 [2/2] (0.67ns)   --->   "%state_lsu_ldq_completed_load = load i3 %state_lsu_ldq_completed_addr" [/home/lab_726/boom/hls_boom/src/boom_core_merged.cpp:936]   --->   Operation 159 'load' 'state_lsu_ldq_completed_load' <Predicate = (icmp_ln926)> <Delay = 0.67> <CoreInst = "RAM">   --->   Core 83 'RAM' <Latency = 1> <II = 1> <Delay = 0.67> <Storage> <Opcode : 'load' 'store'> <Ports = 2> <Width = 1> <Depth = 8> <RAM>
ST_6 : Operation 160 [1/1] (0.00ns)   --->   "%state_lsu_ldq_killed_addr = getelementptr i1 %state_lsu_ldq_killed, i64 0, i64 %zext_ln924" [/home/lab_726/boom/hls_boom/src/boom_core_merged.cpp:936]   --->   Operation 160 'getelementptr' 'state_lsu_ldq_killed_addr' <Predicate = (icmp_ln926)> <Delay = 0.00>
ST_6 : Operation 161 [2/2] (0.67ns)   --->   "%state_lsu_ldq_killed_load = load i3 %state_lsu_ldq_killed_addr" [/home/lab_726/boom/hls_boom/src/boom_core_merged.cpp:936]   --->   Operation 161 'load' 'state_lsu_ldq_killed_load' <Predicate = (icmp_ln926)> <Delay = 0.67> <CoreInst = "RAM">   --->   Core 83 'RAM' <Latency = 1> <II = 1> <Delay = 0.67> <Storage> <Opcode : 'load' 'store'> <Ports = 2> <Width = 1> <Depth = 8> <RAM>
ST_6 : Operation 162 [2/2] (0.67ns)   --->   "%state_lsu_ldq_rob_idx_load = load i3 %state_lsu_ldq_rob_idx_addr" [/home/lab_726/boom/hls_boom/src/boom_core_merged.cpp:936]   --->   Operation 162 'load' 'state_lsu_ldq_rob_idx_load' <Predicate = (icmp_ln926)> <Delay = 0.67> <CoreInst = "RAM">   --->   Core 83 'RAM' <Latency = 1> <II = 1> <Delay = 0.67> <Storage> <Opcode : 'load' 'store'> <Ports = 2> <Width = 8> <Depth = 8> <RAM>
ST_6 : Operation 163 [1/1] (0.00ns)   --->   "%state_lsu_ldq_size_addr = getelementptr i8 %state_lsu_ldq_size, i64 0, i64 %zext_ln924" [/home/lab_726/boom/hls_boom/src/boom_core_merged.cpp:936]   --->   Operation 163 'getelementptr' 'state_lsu_ldq_size_addr' <Predicate = (icmp_ln926)> <Delay = 0.00>
ST_6 : Operation 164 [2/2] (0.67ns)   --->   "%state_lsu_ldq_size_load = load i3 %state_lsu_ldq_size_addr" [/home/lab_726/boom/hls_boom/src/boom_core_merged.cpp:936]   --->   Operation 164 'load' 'state_lsu_ldq_size_load' <Predicate = (icmp_ln926)> <Delay = 0.67> <CoreInst = "RAM">   --->   Core 83 'RAM' <Latency = 1> <II = 1> <Delay = 0.67> <Storage> <Opcode : 'load' 'store'> <Ports = 2> <Width = 8> <Depth = 8> <RAM>
ST_6 : Operation 165 [1/1] (0.00ns)   --->   "%state_lsu_ldq_transaction_id_addr = getelementptr i32 %state_lsu_ldq_transaction_id, i64 0, i64 %zext_ln924" [/home/lab_726/boom/hls_boom/src/boom_core_merged.cpp:936]   --->   Operation 165 'getelementptr' 'state_lsu_ldq_transaction_id_addr' <Predicate = (icmp_ln926)> <Delay = 0.00>
ST_6 : Operation 166 [2/2] (0.67ns)   --->   "%state_lsu_ldq_transaction_id_load = load i3 %state_lsu_ldq_transaction_id_addr" [/home/lab_726/boom/hls_boom/src/boom_core_merged.cpp:936]   --->   Operation 166 'load' 'state_lsu_ldq_transaction_id_load' <Predicate = (icmp_ln926)> <Delay = 0.67> <CoreInst = "RAM">   --->   Core 83 'RAM' <Latency = 1> <II = 1> <Delay = 0.67> <Storage> <Opcode : 'load' 'store'> <Ports = 2> <Width = 32> <Depth = 8> <RAM>
ST_6 : Operation 167 [1/1] (0.00ns)   --->   "%state_lsu_ldq_rob_allocation_id_addr = getelementptr i32 %state_lsu_ldq_rob_allocation_id, i64 0, i64 %zext_ln924" [/home/lab_726/boom/hls_boom/src/boom_core_merged.cpp:936]   --->   Operation 167 'getelementptr' 'state_lsu_ldq_rob_allocation_id_addr' <Predicate = (icmp_ln926)> <Delay = 0.00>
ST_6 : Operation 168 [2/2] (0.67ns)   --->   "%state_lsu_ldq_rob_allocation_id_load = load i3 %state_lsu_ldq_rob_allocation_id_addr" [/home/lab_726/boom/hls_boom/src/boom_core_merged.cpp:936]   --->   Operation 168 'load' 'state_lsu_ldq_rob_allocation_id_load' <Predicate = (icmp_ln926)> <Delay = 0.67> <CoreInst = "RAM">   --->   Core 83 'RAM' <Latency = 1> <II = 1> <Delay = 0.67> <Storage> <Opcode : 'load' 'store'> <Ports = 2> <Width = 32> <Depth = 8> <RAM>
ST_6 : Operation 169 [1/1] (0.00ns)   --->   "%state_lsu_ldq_addr = getelementptr i64 %state_lsu_ldq_address, i64 0, i64 %zext_ln924" [/home/lab_726/boom/hls_boom/src/boom_core_merged.cpp:936]   --->   Operation 169 'getelementptr' 'state_lsu_ldq_addr' <Predicate = (icmp_ln926)> <Delay = 0.00>
ST_6 : Operation 170 [2/2] (0.67ns)   --->   "%state_lsu_ldq_load = load i3 %state_lsu_ldq_addr" [/home/lab_726/boom/hls_boom/src/boom_core_merged.cpp:936]   --->   Operation 170 'load' 'state_lsu_ldq_load' <Predicate = (icmp_ln926)> <Delay = 0.67> <CoreInst = "RAM">   --->   Core 83 'RAM' <Latency = 1> <II = 1> <Delay = 0.67> <Storage> <Opcode : 'load' 'store'> <Ports = 2> <Width = 64> <Depth = 8> <RAM>
ST_6 : Operation 171 [1/1] (0.00ns)   --->   "%state_lsu_ldq_result_addr = getelementptr i64 %state_lsu_ldq_result, i64 0, i64 %zext_ln924" [/home/lab_726/boom/hls_boom/src/boom_core_merged.cpp:936]   --->   Operation 171 'getelementptr' 'state_lsu_ldq_result_addr' <Predicate = (icmp_ln926)> <Delay = 0.00>
ST_6 : Operation 172 [2/2] (0.67ns)   --->   "%state_lsu_ldq_result_load = load i3 %state_lsu_ldq_result_addr" [/home/lab_726/boom/hls_boom/src/boom_core_merged.cpp:936]   --->   Operation 172 'load' 'state_lsu_ldq_result_load' <Predicate = (icmp_ln926)> <Delay = 0.67> <CoreInst = "RAM">   --->   Core 83 'RAM' <Latency = 1> <II = 1> <Delay = 0.67> <Storage> <Opcode : 'load' 'store'> <Ports = 2> <Width = 64> <Depth = 8> <RAM>
ST_6 : Operation 173 [1/1] (0.42ns)   --->   "%store_ln937 = store i32 %lw_3, i32 %lw" [/home/lab_726/boom/hls_boom/src/boom_core_merged.cpp:937]   --->   Operation 173 'store' 'store_ln937' <Predicate = (icmp_ln926)> <Delay = 0.42>

State 7 <SV = 6> <Delay = 1.52>
ST_7 : Operation 174 [1/1] (0.00ns)   --->   "%state_lsu_pending_load_rob_idx_load = load i5 %state_lsu_pending_load_rob_idx" [/home/lab_726/boom/hls_boom/src/boom_core_merged.cpp:927]   --->   Operation 174 'load' 'state_lsu_pending_load_rob_idx_load' <Predicate = true> <Delay = 0.00>
ST_7 : Operation 175 [1/1] (0.00ns)   --->   "%zext_ln927 = zext i5 %state_lsu_pending_load_rob_idx_load" [/home/lab_726/boom/hls_boom/src/boom_core_merged.cpp:927]   --->   Operation 175 'zext' 'zext_ln927' <Predicate = true> <Delay = 0.00>
ST_7 : Operation 176 [1/2] (0.67ns)   --->   "%state_lsu_ldq_rob_idx_load_1 = load i3 %state_lsu_ldq_rob_idx_addr" [/home/lab_726/boom/hls_boom/src/boom_core_merged.cpp:927]   --->   Operation 176 'load' 'state_lsu_ldq_rob_idx_load_1' <Predicate = true> <Delay = 0.67> <CoreInst = "RAM">   --->   Core 83 'RAM' <Latency = 1> <II = 1> <Delay = 0.67> <Storage> <Opcode : 'load' 'store'> <Ports = 2> <Width = 8> <Depth = 8> <RAM>
ST_7 : Operation 177 [1/1] (0.84ns)   --->   "%icmp_ln927 = icmp_eq  i8 %zext_ln927, i8 %state_lsu_ldq_rob_idx_load_1" [/home/lab_726/boom/hls_boom/src/boom_core_merged.cpp:927]   --->   Operation 177 'icmp' 'icmp_ln927' <Predicate = true> <Delay = 0.84> <CoreInst = "Cmp">   --->   Core 9 'Cmp' <Latency = 0> <II = 1> <Delay = 0.72> <FuncUnit> <Opcode : 'icmp'> <InPorts = 2> <OutPorts = 1>
ST_7 : Operation 178 [1/1] (0.00ns)   --->   "%br_ln927 = br i1 %icmp_ln927, void %._crit_edge, void" [/home/lab_726/boom/hls_boom/src/boom_core_merged.cpp:927]   --->   Operation 178 'br' 'br_ln927' <Predicate = true> <Delay = 0.00>
ST_7 : Operation 179 [1/1] (0.00ns)   --->   "%state_lsu_ldq_rob_allocation_id_addr_2 = getelementptr i32 %state_lsu_ldq_rob_allocation_id, i64 0, i64 %zext_ln924" [/home/lab_726/boom/hls_boom/src/boom_core_merged.cpp:928]   --->   Operation 179 'getelementptr' 'state_lsu_ldq_rob_allocation_id_addr_2' <Predicate = (icmp_ln927)> <Delay = 0.00>
ST_7 : Operation 180 [2/2] (0.67ns)   --->   "%state_lsu_ldq_rob_allocation_id_load_1 = load i3 %state_lsu_ldq_rob_allocation_id_addr_2" [/home/lab_726/boom/hls_boom/src/boom_core_merged.cpp:928]   --->   Operation 180 'load' 'state_lsu_ldq_rob_allocation_id_load_1' <Predicate = (icmp_ln927)> <Delay = 0.67> <CoreInst = "RAM">   --->   Core 83 'RAM' <Latency = 1> <II = 1> <Delay = 0.67> <Storage> <Opcode : 'load' 'store'> <Ports = 2> <Width = 32> <Depth = 8> <RAM>

State 8 <SV = 7> <Delay = 2.34>
ST_8 : Operation 181 [1/1] (0.00ns)   --->   "%state_lsu_pending_load_allocation_id_load = load i32 %state_lsu_pending_load_allocation_id" [/home/lab_726/boom/hls_boom/src/boom_core_merged.cpp:928]   --->   Operation 181 'load' 'state_lsu_pending_load_allocation_id_load' <Predicate = (state_lsu_ldq_valid_load & !icmp_ln926 & state_lsu_load & icmp_ln927)> <Delay = 0.00>
ST_8 : Operation 182 [1/2] (0.67ns)   --->   "%state_lsu_ldq_rob_allocation_id_load_1 = load i3 %state_lsu_ldq_rob_allocation_id_addr_2" [/home/lab_726/boom/hls_boom/src/boom_core_merged.cpp:928]   --->   Operation 182 'load' 'state_lsu_ldq_rob_allocation_id_load_1' <Predicate = (state_lsu_ldq_valid_load & !icmp_ln926 & state_lsu_load & icmp_ln927)> <Delay = 0.67> <CoreInst = "RAM">   --->   Core 83 'RAM' <Latency = 1> <II = 1> <Delay = 0.67> <Storage> <Opcode : 'load' 'store'> <Ports = 2> <Width = 32> <Depth = 8> <RAM>
ST_8 : Operation 183 [1/1] (0.99ns)   --->   "%icmp_ln928 = icmp_eq  i32 %state_lsu_pending_load_allocation_id_load, i32 %state_lsu_ldq_rob_allocation_id_load_1" [/home/lab_726/boom/hls_boom/src/boom_core_merged.cpp:928]   --->   Operation 183 'icmp' 'icmp_ln928' <Predicate = (state_lsu_ldq_valid_load & !icmp_ln926 & state_lsu_load & icmp_ln927)> <Delay = 0.99> <CoreInst = "Cmp">   --->   Core 9 'Cmp' <Latency = 0> <II = 1> <Delay = 0.72> <FuncUnit> <Opcode : 'icmp'> <InPorts = 2> <OutPorts = 1>
ST_8 : Operation 184 [1/1] (0.00ns)   --->   "%br_ln928 = br i1 %icmp_ln928, void %.critedge, void" [/home/lab_726/boom/hls_boom/src/boom_core_merged.cpp:928]   --->   Operation 184 'br' 'br_ln928' <Predicate = (state_lsu_ldq_valid_load & !icmp_ln926 & state_lsu_load & icmp_ln927)> <Delay = 0.00>
ST_8 : Operation 185 [1/1] (0.00ns)   --->   "%store_ln929 = store i1 0, i1 %state_lsu_load_response_pending" [/home/lab_726/boom/hls_boom/src/boom_core_merged.cpp:929]   --->   Operation 185 'store' 'store_ln929' <Predicate = (state_lsu_ldq_valid_load & !icmp_ln926 & state_lsu_load & icmp_ln927 & icmp_ln928)> <Delay = 0.00>
ST_8 : Operation 186 [1/1] (0.00ns)   --->   "%store_ln930 = store i32 0, i32 %state_lsu_pending_load_transaction_id" [/home/lab_726/boom/hls_boom/src/boom_core_merged.cpp:930]   --->   Operation 186 'store' 'store_ln930' <Predicate = (state_lsu_ldq_valid_load & !icmp_ln926 & state_lsu_load & icmp_ln927 & icmp_ln928)> <Delay = 0.00>
ST_8 : Operation 187 [1/1] (0.00ns)   --->   "%store_ln931 = store i5 0, i5 %state_lsu_pending_load_rob_idx" [/home/lab_726/boom/hls_boom/src/boom_core_merged.cpp:931]   --->   Operation 187 'store' 'store_ln931' <Predicate = (state_lsu_ldq_valid_load & !icmp_ln926 & state_lsu_load & icmp_ln927 & icmp_ln928)> <Delay = 0.00>
ST_8 : Operation 188 [1/1] (0.00ns)   --->   "%store_ln932 = store i32 0, i32 %state_lsu_pending_load_allocation_id" [/home/lab_726/boom/hls_boom/src/boom_core_merged.cpp:932]   --->   Operation 188 'store' 'store_ln932' <Predicate = (state_lsu_ldq_valid_load & !icmp_ln926 & state_lsu_load & icmp_ln927 & icmp_ln928)> <Delay = 0.00>
ST_8 : Operation 189 [1/1] (0.00ns)   --->   "%br_ln933 = br void %._crit_edge" [/home/lab_726/boom/hls_boom/src/boom_core_merged.cpp:933]   --->   Operation 189 'br' 'br_ln933' <Predicate = (state_lsu_ldq_valid_load & !icmp_ln926 & state_lsu_load & icmp_ln927 & icmp_ln928)> <Delay = 0.00>
ST_8 : Operation 190 [1/1] (0.67ns)   --->   "%store_ln934 = store i1 0, i3 %state_lsu_ldq_valid_addr" [/home/lab_726/boom/hls_boom/src/boom_core_merged.cpp:934]   --->   Operation 190 'store' 'store_ln934' <Predicate = (state_lsu_ldq_valid_load & !icmp_ln926 & icmp_ln928) | (state_lsu_ldq_valid_load & !icmp_ln926 & !icmp_ln927) | (state_lsu_ldq_valid_load & !icmp_ln926 & !state_lsu_load)> <Delay = 0.67> <CoreInst = "RAM">   --->   Core 83 'RAM' <Latency = 1> <II = 1> <Delay = 0.67> <Storage> <Opcode : 'load' 'store'> <Ports = 2> <Width = 1> <Depth = 8> <RAM>
ST_8 : Operation 191 [1/1] (0.00ns)   --->   "%state_lsu_ldq_signed_load_addr_2 = getelementptr i1 %state_lsu_ldq_signed_load, i64 0, i64 %zext_ln924" [/home/lab_726/boom/hls_boom/src/boom_core_merged.cpp:934]   --->   Operation 191 'getelementptr' 'state_lsu_ldq_signed_load_addr_2' <Predicate = (state_lsu_ldq_valid_load & !icmp_ln926 & icmp_ln928) | (state_lsu_ldq_valid_load & !icmp_ln926 & !icmp_ln927) | (state_lsu_ldq_valid_load & !icmp_ln926 & !state_lsu_load)> <Delay = 0.00>
ST_8 : Operation 192 [1/1] (0.67ns)   --->   "%store_ln934 = store i1 0, i3 %state_lsu_ldq_signed_load_addr_2" [/home/lab_726/boom/hls_boom/src/boom_core_merged.cpp:934]   --->   Operation 192 'store' 'store_ln934' <Predicate = (state_lsu_ldq_valid_load & !icmp_ln926 & icmp_ln928) | (state_lsu_ldq_valid_load & !icmp_ln926 & !icmp_ln927) | (state_lsu_ldq_valid_load & !icmp_ln926 & !state_lsu_load)> <Delay = 0.67> <CoreInst = "RAM">   --->   Core 83 'RAM' <Latency = 1> <II = 1> <Delay = 0.67> <Storage> <Opcode : 'load' 'store'> <Ports = 2> <Width = 1> <Depth = 8> <RAM>
ST_8 : Operation 193 [1/1] (0.00ns)   --->   "%state_lsu_ldq_response_pending_addr_2 = getelementptr i1 %state_lsu_ldq_response_pending, i64 0, i64 %zext_ln924" [/home/lab_726/boom/hls_boom/src/boom_core_merged.cpp:934]   --->   Operation 193 'getelementptr' 'state_lsu_ldq_response_pending_addr_2' <Predicate = (state_lsu_ldq_valid_load & !icmp_ln926 & icmp_ln928) | (state_lsu_ldq_valid_load & !icmp_ln926 & !icmp_ln927) | (state_lsu_ldq_valid_load & !icmp_ln926 & !state_lsu_load)> <Delay = 0.00>
ST_8 : Operation 194 [1/1] (0.67ns)   --->   "%store_ln934 = store i1 0, i3 %state_lsu_ldq_response_pending_addr_2" [/home/lab_726/boom/hls_boom/src/boom_core_merged.cpp:934]   --->   Operation 194 'store' 'store_ln934' <Predicate = (state_lsu_ldq_valid_load & !icmp_ln926 & icmp_ln928) | (state_lsu_ldq_valid_load & !icmp_ln926 & !icmp_ln927) | (state_lsu_ldq_valid_load & !icmp_ln926 & !state_lsu_load)> <Delay = 0.67> <CoreInst = "RAM">   --->   Core 83 'RAM' <Latency = 1> <II = 1> <Delay = 0.67> <Storage> <Opcode : 'load' 'store'> <Ports = 2> <Width = 1> <Depth = 8> <RAM>
ST_8 : Operation 195 [1/1] (0.00ns)   --->   "%state_lsu_ldq_completed_addr_2 = getelementptr i1 %state_lsu_ldq_completed, i64 0, i64 %zext_ln924" [/home/lab_726/boom/hls_boom/src/boom_core_merged.cpp:934]   --->   Operation 195 'getelementptr' 'state_lsu_ldq_completed_addr_2' <Predicate = (state_lsu_ldq_valid_load & !icmp_ln926 & icmp_ln928) | (state_lsu_ldq_valid_load & !icmp_ln926 & !icmp_ln927) | (state_lsu_ldq_valid_load & !icmp_ln926 & !state_lsu_load)> <Delay = 0.00>
ST_8 : Operation 196 [1/1] (0.67ns)   --->   "%store_ln934 = store i1 0, i3 %state_lsu_ldq_completed_addr_2" [/home/lab_726/boom/hls_boom/src/boom_core_merged.cpp:934]   --->   Operation 196 'store' 'store_ln934' <Predicate = (state_lsu_ldq_valid_load & !icmp_ln926 & icmp_ln928) | (state_lsu_ldq_valid_load & !icmp_ln926 & !icmp_ln927) | (state_lsu_ldq_valid_load & !icmp_ln926 & !state_lsu_load)> <Delay = 0.67> <CoreInst = "RAM">   --->   Core 83 'RAM' <Latency = 1> <II = 1> <Delay = 0.67> <Storage> <Opcode : 'load' 'store'> <Ports = 2> <Width = 1> <Depth = 8> <RAM>
ST_8 : Operation 197 [1/1] (0.00ns)   --->   "%state_lsu_ldq_killed_addr_2 = getelementptr i1 %state_lsu_ldq_killed, i64 0, i64 %zext_ln924" [/home/lab_726/boom/hls_boom/src/boom_core_merged.cpp:934]   --->   Operation 197 'getelementptr' 'state_lsu_ldq_killed_addr_2' <Predicate = (state_lsu_ldq_valid_load & !icmp_ln926 & icmp_ln928) | (state_lsu_ldq_valid_load & !icmp_ln926 & !icmp_ln927) | (state_lsu_ldq_valid_load & !icmp_ln926 & !state_lsu_load)> <Delay = 0.00>
ST_8 : Operation 198 [1/1] (0.67ns)   --->   "%store_ln934 = store i1 0, i3 %state_lsu_ldq_killed_addr_2" [/home/lab_726/boom/hls_boom/src/boom_core_merged.cpp:934]   --->   Operation 198 'store' 'store_ln934' <Predicate = (state_lsu_ldq_valid_load & !icmp_ln926 & icmp_ln928) | (state_lsu_ldq_valid_load & !icmp_ln926 & !icmp_ln927) | (state_lsu_ldq_valid_load & !icmp_ln926 & !state_lsu_load)> <Delay = 0.67> <CoreInst = "RAM">   --->   Core 83 'RAM' <Latency = 1> <II = 1> <Delay = 0.67> <Storage> <Opcode : 'load' 'store'> <Ports = 2> <Width = 1> <Depth = 8> <RAM>
ST_8 : Operation 199 [1/1] (0.67ns)   --->   "%store_ln934 = store i8 0, i3 %state_lsu_ldq_rob_idx_addr" [/home/lab_726/boom/hls_boom/src/boom_core_merged.cpp:934]   --->   Operation 199 'store' 'store_ln934' <Predicate = (state_lsu_ldq_valid_load & !icmp_ln926 & icmp_ln928) | (state_lsu_ldq_valid_load & !icmp_ln926 & !icmp_ln927) | (state_lsu_ldq_valid_load & !icmp_ln926 & !state_lsu_load)> <Delay = 0.67> <CoreInst = "RAM">   --->   Core 83 'RAM' <Latency = 1> <II = 1> <Delay = 0.67> <Storage> <Opcode : 'load' 'store'> <Ports = 2> <Width = 8> <Depth = 8> <RAM>
ST_8 : Operation 200 [1/1] (0.00ns)   --->   "%state_lsu_ldq_size_addr_2 = getelementptr i8 %state_lsu_ldq_size, i64 0, i64 %zext_ln924" [/home/lab_726/boom/hls_boom/src/boom_core_merged.cpp:934]   --->   Operation 200 'getelementptr' 'state_lsu_ldq_size_addr_2' <Predicate = (state_lsu_ldq_valid_load & !icmp_ln926 & icmp_ln928) | (state_lsu_ldq_valid_load & !icmp_ln926 & !icmp_ln927) | (state_lsu_ldq_valid_load & !icmp_ln926 & !state_lsu_load)> <Delay = 0.00>
ST_8 : Operation 201 [1/1] (0.67ns)   --->   "%store_ln934 = store i8 0, i3 %state_lsu_ldq_size_addr_2" [/home/lab_726/boom/hls_boom/src/boom_core_merged.cpp:934]   --->   Operation 201 'store' 'store_ln934' <Predicate = (state_lsu_ldq_valid_load & !icmp_ln926 & icmp_ln928) | (state_lsu_ldq_valid_load & !icmp_ln926 & !icmp_ln927) | (state_lsu_ldq_valid_load & !icmp_ln926 & !state_lsu_load)> <Delay = 0.67> <CoreInst = "RAM">   --->   Core 83 'RAM' <Latency = 1> <II = 1> <Delay = 0.67> <Storage> <Opcode : 'load' 'store'> <Ports = 2> <Width = 8> <Depth = 8> <RAM>
ST_8 : Operation 202 [1/1] (0.67ns)   --->   "%store_ln934 = store i8 0, i3 %state_lsu_ldq_branch_mask_addr" [/home/lab_726/boom/hls_boom/src/boom_core_merged.cpp:934]   --->   Operation 202 'store' 'store_ln934' <Predicate = (state_lsu_ldq_valid_load & !icmp_ln926 & icmp_ln928) | (state_lsu_ldq_valid_load & !icmp_ln926 & !icmp_ln927) | (state_lsu_ldq_valid_load & !icmp_ln926 & !state_lsu_load)> <Delay = 0.67> <CoreInst = "RAM">   --->   Core 83 'RAM' <Latency = 1> <II = 1> <Delay = 0.67> <Storage> <Opcode : 'load' 'store'> <Ports = 2> <Width = 8> <Depth = 8> <RAM>
ST_8 : Operation 203 [1/1] (0.00ns)   --->   "%state_lsu_ldq_transaction_id_addr_2 = getelementptr i32 %state_lsu_ldq_transaction_id, i64 0, i64 %zext_ln924" [/home/lab_726/boom/hls_boom/src/boom_core_merged.cpp:934]   --->   Operation 203 'getelementptr' 'state_lsu_ldq_transaction_id_addr_2' <Predicate = (state_lsu_ldq_valid_load & !icmp_ln926 & icmp_ln928) | (state_lsu_ldq_valid_load & !icmp_ln926 & !icmp_ln927) | (state_lsu_ldq_valid_load & !icmp_ln926 & !state_lsu_load)> <Delay = 0.00>
ST_8 : Operation 204 [1/1] (0.67ns)   --->   "%store_ln934 = store i32 0, i3 %state_lsu_ldq_transaction_id_addr_2" [/home/lab_726/boom/hls_boom/src/boom_core_merged.cpp:934]   --->   Operation 204 'store' 'store_ln934' <Predicate = (state_lsu_ldq_valid_load & !icmp_ln926 & icmp_ln928) | (state_lsu_ldq_valid_load & !icmp_ln926 & !icmp_ln927) | (state_lsu_ldq_valid_load & !icmp_ln926 & !state_lsu_load)> <Delay = 0.67> <CoreInst = "RAM">   --->   Core 83 'RAM' <Latency = 1> <II = 1> <Delay = 0.67> <Storage> <Opcode : 'load' 'store'> <Ports = 2> <Width = 32> <Depth = 8> <RAM>
ST_8 : Operation 205 [1/1] (0.00ns)   --->   "%state_lsu_ldq_rob_allocation_id_addr_3 = getelementptr i32 %state_lsu_ldq_rob_allocation_id, i64 0, i64 %zext_ln924" [/home/lab_726/boom/hls_boom/src/boom_core_merged.cpp:934]   --->   Operation 205 'getelementptr' 'state_lsu_ldq_rob_allocation_id_addr_3' <Predicate = (state_lsu_ldq_valid_load & !icmp_ln926 & icmp_ln928) | (state_lsu_ldq_valid_load & !icmp_ln926 & !icmp_ln927) | (state_lsu_ldq_valid_load & !icmp_ln926 & !state_lsu_load)> <Delay = 0.00>
ST_8 : Operation 206 [1/1] (0.67ns)   --->   "%store_ln934 = store i32 0, i3 %state_lsu_ldq_rob_allocation_id_addr_3" [/home/lab_726/boom/hls_boom/src/boom_core_merged.cpp:934]   --->   Operation 206 'store' 'store_ln934' <Predicate = (state_lsu_ldq_valid_load & !icmp_ln926 & icmp_ln928) | (state_lsu_ldq_valid_load & !icmp_ln926 & !icmp_ln927) | (state_lsu_ldq_valid_load & !icmp_ln926 & !state_lsu_load)> <Delay = 0.67> <CoreInst = "RAM">   --->   Core 83 'RAM' <Latency = 1> <II = 1> <Delay = 0.67> <Storage> <Opcode : 'load' 'store'> <Ports = 2> <Width = 32> <Depth = 8> <RAM>
ST_8 : Operation 207 [1/1] (0.00ns)   --->   "%state_lsu_ldq_addr_2 = getelementptr i64 %state_lsu_ldq_address, i64 0, i64 %zext_ln924" [/home/lab_726/boom/hls_boom/src/boom_core_merged.cpp:934]   --->   Operation 207 'getelementptr' 'state_lsu_ldq_addr_2' <Predicate = (state_lsu_ldq_valid_load & !icmp_ln926 & icmp_ln928) | (state_lsu_ldq_valid_load & !icmp_ln926 & !icmp_ln927) | (state_lsu_ldq_valid_load & !icmp_ln926 & !state_lsu_load)> <Delay = 0.00>
ST_8 : Operation 208 [1/1] (0.67ns)   --->   "%store_ln934 = store i64 0, i3 %state_lsu_ldq_addr_2" [/home/lab_726/boom/hls_boom/src/boom_core_merged.cpp:934]   --->   Operation 208 'store' 'store_ln934' <Predicate = (state_lsu_ldq_valid_load & !icmp_ln926 & icmp_ln928) | (state_lsu_ldq_valid_load & !icmp_ln926 & !icmp_ln927) | (state_lsu_ldq_valid_load & !icmp_ln926 & !state_lsu_load)> <Delay = 0.67> <CoreInst = "RAM">   --->   Core 83 'RAM' <Latency = 1> <II = 1> <Delay = 0.67> <Storage> <Opcode : 'load' 'store'> <Ports = 2> <Width = 64> <Depth = 8> <RAM>
ST_8 : Operation 209 [1/1] (0.00ns)   --->   "%state_lsu_ldq_result_addr_2 = getelementptr i64 %state_lsu_ldq_result, i64 0, i64 %zext_ln924" [/home/lab_726/boom/hls_boom/src/boom_core_merged.cpp:934]   --->   Operation 209 'getelementptr' 'state_lsu_ldq_result_addr_2' <Predicate = (state_lsu_ldq_valid_load & !icmp_ln926 & icmp_ln928) | (state_lsu_ldq_valid_load & !icmp_ln926 & !icmp_ln927) | (state_lsu_ldq_valid_load & !icmp_ln926 & !state_lsu_load)> <Delay = 0.00>
ST_8 : Operation 210 [1/1] (0.67ns)   --->   "%store_ln934 = store i64 0, i3 %state_lsu_ldq_result_addr_2" [/home/lab_726/boom/hls_boom/src/boom_core_merged.cpp:934]   --->   Operation 210 'store' 'store_ln934' <Predicate = (state_lsu_ldq_valid_load & !icmp_ln926 & icmp_ln928) | (state_lsu_ldq_valid_load & !icmp_ln926 & !icmp_ln927) | (state_lsu_ldq_valid_load & !icmp_ln926 & !state_lsu_load)> <Delay = 0.67> <CoreInst = "RAM">   --->   Core 83 'RAM' <Latency = 1> <II = 1> <Delay = 0.67> <Storage> <Opcode : 'load' 'store'> <Ports = 2> <Width = 64> <Depth = 8> <RAM>
ST_8 : Operation 211 [1/1] (0.00ns)   --->   "%br_ln935 = br void %.critedge" [/home/lab_726/boom/hls_boom/src/boom_core_merged.cpp:935]   --->   Operation 211 'br' 'br_ln935' <Predicate = (state_lsu_ldq_valid_load & !icmp_ln926 & icmp_ln928) | (state_lsu_ldq_valid_load & !icmp_ln926 & !icmp_ln927) | (state_lsu_ldq_valid_load & !icmp_ln926 & !state_lsu_load)> <Delay = 0.00>
ST_8 : Operation 212 [1/1] (0.42ns)   --->   "%store_ln924 = store i4 %add_ln924, i4 %i" [/home/lab_726/boom/hls_boom/src/boom_core_merged.cpp:924]   --->   Operation 212 'store' 'store_ln924' <Predicate = true> <Delay = 0.42>
ST_8 : Operation 213 [1/1] (0.00ns)   --->   "%br_ln0 = br void %.preheader2"   --->   Operation 213 'br' 'br_ln0' <Predicate = true> <Delay = 0.00>

State 9 <SV = 6> <Delay = 1.35>
ST_9 : Operation 214 [1/1] (0.00ns)   --->   "%zext_ln936 = zext i32 %lw_2" [/home/lab_726/boom/hls_boom/src/boom_core_merged.cpp:936]   --->   Operation 214 'zext' 'zext_ln936' <Predicate = true> <Delay = 0.00>
ST_9 : Operation 215 [1/1] (0.00ns)   --->   "%new_ldq_valid_addr = getelementptr i1 %new_ldq_valid, i64 0, i64 %zext_ln936" [/home/lab_726/boom/hls_boom/src/boom_core_merged.cpp:936]   --->   Operation 215 'getelementptr' 'new_ldq_valid_addr' <Predicate = true> <Delay = 0.00>
ST_9 : Operation 216 [1/1] (0.00ns)   --->   "%new_ldq_signed_load_addr = getelementptr i1 %new_ldq_signed_load, i64 0, i64 %zext_ln936" [/home/lab_726/boom/hls_boom/src/boom_core_merged.cpp:936]   --->   Operation 216 'getelementptr' 'new_ldq_signed_load_addr' <Predicate = true> <Delay = 0.00>
ST_9 : Operation 217 [1/1] (0.00ns)   --->   "%new_ldq_response_pending_addr = getelementptr i1 %new_ldq_response_pending, i64 0, i64 %zext_ln936" [/home/lab_726/boom/hls_boom/src/boom_core_merged.cpp:936]   --->   Operation 217 'getelementptr' 'new_ldq_response_pending_addr' <Predicate = true> <Delay = 0.00>
ST_9 : Operation 218 [1/1] (0.00ns)   --->   "%new_ldq_completed_addr = getelementptr i1 %new_ldq_completed, i64 0, i64 %zext_ln936" [/home/lab_726/boom/hls_boom/src/boom_core_merged.cpp:936]   --->   Operation 218 'getelementptr' 'new_ldq_completed_addr' <Predicate = true> <Delay = 0.00>
ST_9 : Operation 219 [1/1] (0.00ns)   --->   "%new_ldq_killed_addr = getelementptr i1 %new_ldq_killed, i64 0, i64 %zext_ln936" [/home/lab_726/boom/hls_boom/src/boom_core_merged.cpp:936]   --->   Operation 219 'getelementptr' 'new_ldq_killed_addr' <Predicate = true> <Delay = 0.00>
ST_9 : Operation 220 [1/1] (0.00ns)   --->   "%new_ldq_rob_idx_addr = getelementptr i8 %new_ldq_rob_idx, i64 0, i64 %zext_ln936" [/home/lab_726/boom/hls_boom/src/boom_core_merged.cpp:936]   --->   Operation 220 'getelementptr' 'new_ldq_rob_idx_addr' <Predicate = true> <Delay = 0.00>
ST_9 : Operation 221 [1/1] (0.00ns)   --->   "%new_ldq_size_addr = getelementptr i8 %new_ldq_size, i64 0, i64 %zext_ln936" [/home/lab_726/boom/hls_boom/src/boom_core_merged.cpp:936]   --->   Operation 221 'getelementptr' 'new_ldq_size_addr' <Predicate = true> <Delay = 0.00>
ST_9 : Operation 222 [1/1] (0.00ns)   --->   "%new_ldq_branch_mask_addr = getelementptr i8 %new_ldq_branch_mask, i64 0, i64 %zext_ln936" [/home/lab_726/boom/hls_boom/src/boom_core_merged.cpp:936]   --->   Operation 222 'getelementptr' 'new_ldq_branch_mask_addr' <Predicate = true> <Delay = 0.00>
ST_9 : Operation 223 [1/1] (0.00ns)   --->   "%new_ldq_transaction_id_addr = getelementptr i32 %new_ldq_transaction_id, i64 0, i64 %zext_ln936" [/home/lab_726/boom/hls_boom/src/boom_core_merged.cpp:936]   --->   Operation 223 'getelementptr' 'new_ldq_transaction_id_addr' <Predicate = true> <Delay = 0.00>
ST_9 : Operation 224 [1/1] (0.00ns)   --->   "%new_ldq_rob_allocation_id_addr = getelementptr i32 %new_ldq_rob_allocation_id, i64 0, i64 %zext_ln936" [/home/lab_726/boom/hls_boom/src/boom_core_merged.cpp:936]   --->   Operation 224 'getelementptr' 'new_ldq_rob_allocation_id_addr' <Predicate = true> <Delay = 0.00>
ST_9 : Operation 225 [1/1] (0.00ns)   --->   "%new_ldq_addr = getelementptr i64 %new_ldq_address, i64 0, i64 %zext_ln936" [/home/lab_726/boom/hls_boom/src/boom_core_merged.cpp:936]   --->   Operation 225 'getelementptr' 'new_ldq_addr' <Predicate = true> <Delay = 0.00>
ST_9 : Operation 226 [1/1] (0.00ns)   --->   "%new_ldq_result_addr = getelementptr i64 %new_ldq_result, i64 0, i64 %zext_ln936" [/home/lab_726/boom/hls_boom/src/boom_core_merged.cpp:936]   --->   Operation 226 'getelementptr' 'new_ldq_result_addr' <Predicate = true> <Delay = 0.00>
ST_9 : Operation 227 [1/2] (0.67ns)   --->   "%state_lsu_ldq_signed_load_load = load i3 %state_lsu_ldq_signed_load_addr" [/home/lab_726/boom/hls_boom/src/boom_core_merged.cpp:936]   --->   Operation 227 'load' 'state_lsu_ldq_signed_load_load' <Predicate = true> <Delay = 0.67> <CoreInst = "RAM">   --->   Core 83 'RAM' <Latency = 1> <II = 1> <Delay = 0.67> <Storage> <Opcode : 'load' 'store'> <Ports = 2> <Width = 1> <Depth = 8> <RAM>
ST_9 : Operation 228 [1/2] (0.67ns)   --->   "%state_lsu_ldq_response_pending_load = load i3 %state_lsu_ldq_response_pending_addr" [/home/lab_726/boom/hls_boom/src/boom_core_merged.cpp:936]   --->   Operation 228 'load' 'state_lsu_ldq_response_pending_load' <Predicate = true> <Delay = 0.67> <CoreInst = "RAM">   --->   Core 83 'RAM' <Latency = 1> <II = 1> <Delay = 0.67> <Storage> <Opcode : 'load' 'store'> <Ports = 2> <Width = 1> <Depth = 8> <RAM>
ST_9 : Operation 229 [1/2] (0.67ns)   --->   "%state_lsu_ldq_completed_load = load i3 %state_lsu_ldq_completed_addr" [/home/lab_726/boom/hls_boom/src/boom_core_merged.cpp:936]   --->   Operation 229 'load' 'state_lsu_ldq_completed_load' <Predicate = true> <Delay = 0.67> <CoreInst = "RAM">   --->   Core 83 'RAM' <Latency = 1> <II = 1> <Delay = 0.67> <Storage> <Opcode : 'load' 'store'> <Ports = 2> <Width = 1> <Depth = 8> <RAM>
ST_9 : Operation 230 [1/2] (0.67ns)   --->   "%state_lsu_ldq_killed_load = load i3 %state_lsu_ldq_killed_addr" [/home/lab_726/boom/hls_boom/src/boom_core_merged.cpp:936]   --->   Operation 230 'load' 'state_lsu_ldq_killed_load' <Predicate = true> <Delay = 0.67> <CoreInst = "RAM">   --->   Core 83 'RAM' <Latency = 1> <II = 1> <Delay = 0.67> <Storage> <Opcode : 'load' 'store'> <Ports = 2> <Width = 1> <Depth = 8> <RAM>
ST_9 : Operation 231 [1/2] (0.67ns)   --->   "%state_lsu_ldq_rob_idx_load = load i3 %state_lsu_ldq_rob_idx_addr" [/home/lab_726/boom/hls_boom/src/boom_core_merged.cpp:936]   --->   Operation 231 'load' 'state_lsu_ldq_rob_idx_load' <Predicate = true> <Delay = 0.67> <CoreInst = "RAM">   --->   Core 83 'RAM' <Latency = 1> <II = 1> <Delay = 0.67> <Storage> <Opcode : 'load' 'store'> <Ports = 2> <Width = 8> <Depth = 8> <RAM>
ST_9 : Operation 232 [1/2] (0.67ns)   --->   "%state_lsu_ldq_size_load = load i3 %state_lsu_ldq_size_addr" [/home/lab_726/boom/hls_boom/src/boom_core_merged.cpp:936]   --->   Operation 232 'load' 'state_lsu_ldq_size_load' <Predicate = true> <Delay = 0.67> <CoreInst = "RAM">   --->   Core 83 'RAM' <Latency = 1> <II = 1> <Delay = 0.67> <Storage> <Opcode : 'load' 'store'> <Ports = 2> <Width = 8> <Depth = 8> <RAM>
ST_9 : Operation 233 [1/2] (0.67ns)   --->   "%state_lsu_ldq_transaction_id_load = load i3 %state_lsu_ldq_transaction_id_addr" [/home/lab_726/boom/hls_boom/src/boom_core_merged.cpp:936]   --->   Operation 233 'load' 'state_lsu_ldq_transaction_id_load' <Predicate = true> <Delay = 0.67> <CoreInst = "RAM">   --->   Core 83 'RAM' <Latency = 1> <II = 1> <Delay = 0.67> <Storage> <Opcode : 'load' 'store'> <Ports = 2> <Width = 32> <Depth = 8> <RAM>
ST_9 : Operation 234 [1/2] (0.67ns)   --->   "%state_lsu_ldq_rob_allocation_id_load = load i3 %state_lsu_ldq_rob_allocation_id_addr" [/home/lab_726/boom/hls_boom/src/boom_core_merged.cpp:936]   --->   Operation 234 'load' 'state_lsu_ldq_rob_allocation_id_load' <Predicate = true> <Delay = 0.67> <CoreInst = "RAM">   --->   Core 83 'RAM' <Latency = 1> <II = 1> <Delay = 0.67> <Storage> <Opcode : 'load' 'store'> <Ports = 2> <Width = 32> <Depth = 8> <RAM>
ST_9 : Operation 235 [1/2] (0.67ns)   --->   "%state_lsu_ldq_load = load i3 %state_lsu_ldq_addr" [/home/lab_726/boom/hls_boom/src/boom_core_merged.cpp:936]   --->   Operation 235 'load' 'state_lsu_ldq_load' <Predicate = true> <Delay = 0.67> <CoreInst = "RAM">   --->   Core 83 'RAM' <Latency = 1> <II = 1> <Delay = 0.67> <Storage> <Opcode : 'load' 'store'> <Ports = 2> <Width = 64> <Depth = 8> <RAM>
ST_9 : Operation 236 [1/2] (0.67ns)   --->   "%state_lsu_ldq_result_load = load i3 %state_lsu_ldq_result_addr" [/home/lab_726/boom/hls_boom/src/boom_core_merged.cpp:936]   --->   Operation 236 'load' 'state_lsu_ldq_result_load' <Predicate = true> <Delay = 0.67> <CoreInst = "RAM">   --->   Core 83 'RAM' <Latency = 1> <II = 1> <Delay = 0.67> <Storage> <Opcode : 'load' 'store'> <Ports = 2> <Width = 64> <Depth = 8> <RAM>
ST_9 : Operation 237 [1/1] (0.67ns)   --->   "%store_ln936 = store i1 1, i3 %new_ldq_valid_addr" [/home/lab_726/boom/hls_boom/src/boom_core_merged.cpp:936]   --->   Operation 237 'store' 'store_ln936' <Predicate = true> <Delay = 0.67> <CoreInst = "RAM">   --->   Core 83 'RAM' <Latency = 1> <II = 1> <Delay = 0.67> <Storage> <Opcode : 'load' 'store'> <Ports = 2> <Width = 1> <Depth = 8> <RAM>
ST_9 : Operation 238 [1/1] (0.67ns)   --->   "%store_ln936 = store i1 %state_lsu_ldq_signed_load_load, i3 %new_ldq_signed_load_addr" [/home/lab_726/boom/hls_boom/src/boom_core_merged.cpp:936]   --->   Operation 238 'store' 'store_ln936' <Predicate = true> <Delay = 0.67> <CoreInst = "RAM">   --->   Core 83 'RAM' <Latency = 1> <II = 1> <Delay = 0.67> <Storage> <Opcode : 'load' 'store'> <Ports = 2> <Width = 1> <Depth = 8> <RAM>
ST_9 : Operation 239 [1/1] (0.67ns)   --->   "%store_ln936 = store i1 %state_lsu_ldq_response_pending_load, i3 %new_ldq_response_pending_addr" [/home/lab_726/boom/hls_boom/src/boom_core_merged.cpp:936]   --->   Operation 239 'store' 'store_ln936' <Predicate = true> <Delay = 0.67> <CoreInst = "RAM">   --->   Core 83 'RAM' <Latency = 1> <II = 1> <Delay = 0.67> <Storage> <Opcode : 'load' 'store'> <Ports = 2> <Width = 1> <Depth = 8> <RAM>
ST_9 : Operation 240 [1/1] (0.67ns)   --->   "%store_ln936 = store i1 %state_lsu_ldq_completed_load, i3 %new_ldq_completed_addr" [/home/lab_726/boom/hls_boom/src/boom_core_merged.cpp:936]   --->   Operation 240 'store' 'store_ln936' <Predicate = true> <Delay = 0.67> <CoreInst = "RAM">   --->   Core 83 'RAM' <Latency = 1> <II = 1> <Delay = 0.67> <Storage> <Opcode : 'load' 'store'> <Ports = 2> <Width = 1> <Depth = 8> <RAM>
ST_9 : Operation 241 [1/1] (0.67ns)   --->   "%store_ln936 = store i1 %state_lsu_ldq_killed_load, i3 %new_ldq_killed_addr" [/home/lab_726/boom/hls_boom/src/boom_core_merged.cpp:936]   --->   Operation 241 'store' 'store_ln936' <Predicate = true> <Delay = 0.67> <CoreInst = "RAM">   --->   Core 83 'RAM' <Latency = 1> <II = 1> <Delay = 0.67> <Storage> <Opcode : 'load' 'store'> <Ports = 2> <Width = 1> <Depth = 8> <RAM>
ST_9 : Operation 242 [1/1] (0.67ns)   --->   "%store_ln936 = store i8 %state_lsu_ldq_rob_idx_load, i3 %new_ldq_rob_idx_addr" [/home/lab_726/boom/hls_boom/src/boom_core_merged.cpp:936]   --->   Operation 242 'store' 'store_ln936' <Predicate = true> <Delay = 0.67> <CoreInst = "RAM">   --->   Core 83 'RAM' <Latency = 1> <II = 1> <Delay = 0.67> <Storage> <Opcode : 'load' 'store'> <Ports = 2> <Width = 8> <Depth = 8> <RAM>
ST_9 : Operation 243 [1/1] (0.67ns)   --->   "%store_ln936 = store i8 %state_lsu_ldq_size_load, i3 %new_ldq_size_addr" [/home/lab_726/boom/hls_boom/src/boom_core_merged.cpp:936]   --->   Operation 243 'store' 'store_ln936' <Predicate = true> <Delay = 0.67> <CoreInst = "RAM">   --->   Core 83 'RAM' <Latency = 1> <II = 1> <Delay = 0.67> <Storage> <Opcode : 'load' 'store'> <Ports = 2> <Width = 8> <Depth = 8> <RAM>
ST_9 : Operation 244 [1/1] (0.67ns)   --->   "%store_ln936 = store i8 %state_lsu_ldq_branch_mask_load, i3 %new_ldq_branch_mask_addr" [/home/lab_726/boom/hls_boom/src/boom_core_merged.cpp:936]   --->   Operation 244 'store' 'store_ln936' <Predicate = true> <Delay = 0.67> <CoreInst = "RAM">   --->   Core 83 'RAM' <Latency = 1> <II = 1> <Delay = 0.67> <Storage> <Opcode : 'load' 'store'> <Ports = 2> <Width = 8> <Depth = 8> <RAM>
ST_9 : Operation 245 [1/1] (0.67ns)   --->   "%store_ln936 = store i32 %state_lsu_ldq_transaction_id_load, i3 %new_ldq_transaction_id_addr" [/home/lab_726/boom/hls_boom/src/boom_core_merged.cpp:936]   --->   Operation 245 'store' 'store_ln936' <Predicate = true> <Delay = 0.67> <CoreInst = "RAM">   --->   Core 83 'RAM' <Latency = 1> <II = 1> <Delay = 0.67> <Storage> <Opcode : 'load' 'store'> <Ports = 2> <Width = 32> <Depth = 8> <RAM>
ST_9 : Operation 246 [1/1] (0.67ns)   --->   "%store_ln936 = store i32 %state_lsu_ldq_rob_allocation_id_load, i3 %new_ldq_rob_allocation_id_addr" [/home/lab_726/boom/hls_boom/src/boom_core_merged.cpp:936]   --->   Operation 246 'store' 'store_ln936' <Predicate = true> <Delay = 0.67> <CoreInst = "RAM">   --->   Core 83 'RAM' <Latency = 1> <II = 1> <Delay = 0.67> <Storage> <Opcode : 'load' 'store'> <Ports = 2> <Width = 32> <Depth = 8> <RAM>
ST_9 : Operation 247 [1/1] (0.67ns)   --->   "%store_ln936 = store i64 %state_lsu_ldq_load, i3 %new_ldq_addr" [/home/lab_726/boom/hls_boom/src/boom_core_merged.cpp:936]   --->   Operation 247 'store' 'store_ln936' <Predicate = true> <Delay = 0.67> <CoreInst = "RAM">   --->   Core 83 'RAM' <Latency = 1> <II = 1> <Delay = 0.67> <Storage> <Opcode : 'load' 'store'> <Ports = 2> <Width = 64> <Depth = 8> <RAM>
ST_9 : Operation 248 [1/1] (0.67ns)   --->   "%store_ln936 = store i64 %state_lsu_ldq_result_load, i3 %new_ldq_result_addr" [/home/lab_726/boom/hls_boom/src/boom_core_merged.cpp:936]   --->   Operation 248 'store' 'store_ln936' <Predicate = true> <Delay = 0.67> <CoreInst = "RAM">   --->   Core 83 'RAM' <Latency = 1> <II = 1> <Delay = 0.67> <Storage> <Opcode : 'load' 'store'> <Ports = 2> <Width = 64> <Depth = 8> <RAM>
ST_9 : Operation 249 [1/1] (0.00ns)   --->   "%br_ln937 = br void %.critedge" [/home/lab_726/boom/hls_boom/src/boom_core_merged.cpp:937]   --->   Operation 249 'br' 'br_ln937' <Predicate = true> <Delay = 0.00>

State 10 <SV = 4> <Delay = 1.14>
ST_10 : Operation 250 [1/1] (0.00ns)   --->   "%i_27 = load i4 %i_20" [/home/lab_726/boom/hls_boom/src/boom_core_merged.cpp:939]   --->   Operation 250 'load' 'i_27' <Predicate = true> <Delay = 0.00>
ST_10 : Operation 251 [1/1] (0.00ns)   --->   "%sw_2 = load i32 %sw" [/home/lab_726/boom/hls_boom/src/boom_core_merged.cpp:956]   --->   Operation 251 'load' 'sw_2' <Predicate = true> <Delay = 0.00>
ST_10 : Operation 252 [1/1] (0.00ns)   --->   "%zext_ln939 = zext i4 %i_27" [/home/lab_726/boom/hls_boom/src/boom_core_merged.cpp:939]   --->   Operation 252 'zext' 'zext_ln939' <Predicate = true> <Delay = 0.00>
ST_10 : Operation 253 [1/1] (0.72ns)   --->   "%icmp_ln939 = icmp_eq  i4 %i_27, i4 8" [/home/lab_726/boom/hls_boom/src/boom_core_merged.cpp:939]   --->   Operation 253 'icmp' 'icmp_ln939' <Predicate = true> <Delay = 0.72> <CoreInst = "Cmp">   --->   Core 9 'Cmp' <Latency = 0> <II = 1> <Delay = 0.72> <FuncUnit> <Opcode : 'icmp'> <InPorts = 2> <OutPorts = 1>
ST_10 : Operation 254 [1/1] (0.00ns)   --->   "%empty_110 = speclooptripcount i32 @_ssdm_op_SpecLoopTripCount, i64 8, i64 8, i64 8"   --->   Operation 254 'speclooptripcount' 'empty_110' <Predicate = true> <Delay = 0.00>
ST_10 : Operation 255 [1/1] (0.79ns)   --->   "%add_ln939 = add i4 %i_27, i4 1" [/home/lab_726/boom/hls_boom/src/boom_core_merged.cpp:939]   --->   Operation 255 'add' 'add_ln939' <Predicate = true> <Delay = 0.79> <CoreInst = "Adder">   --->   Core 1 'Adder' <Latency = 0> <II = 1> <Delay = 0.79> <FuncUnit> <Opcode : 'add' 'sub'> <InPorts = 2> <OutPorts = 1>
ST_10 : Operation 256 [1/1] (0.00ns)   --->   "%br_ln939 = br i1 %icmp_ln939, void %.split8, void %.lr.ph89.preheader" [/home/lab_726/boom/hls_boom/src/boom_core_merged.cpp:939]   --->   Operation 256 'br' 'br_ln939' <Predicate = true> <Delay = 0.00>
ST_10 : Operation 257 [1/1] (0.00ns)   --->   "%state_lsu_stq_valid_addr = getelementptr i1 %state_lsu_stq_valid, i64 0, i64 %zext_ln939" [/home/lab_726/boom/hls_boom/src/boom_core_merged.cpp:941]   --->   Operation 257 'getelementptr' 'state_lsu_stq_valid_addr' <Predicate = (!icmp_ln939)> <Delay = 0.00>
ST_10 : Operation 258 [2/2] (0.67ns)   --->   "%state_lsu_stq_valid_load = load i3 %state_lsu_stq_valid_addr" [/home/lab_726/boom/hls_boom/src/boom_core_merged.cpp:941]   --->   Operation 258 'load' 'state_lsu_stq_valid_load' <Predicate = (!icmp_ln939)> <Delay = 0.67> <CoreInst = "RAM">   --->   Core 83 'RAM' <Latency = 1> <II = 1> <Delay = 0.67> <Storage> <Opcode : 'load' 'store'> <Ports = 2> <Width = 1> <Depth = 8> <RAM>
ST_10 : Operation 259 [1/1] (0.00ns)   --->   "%i_21 = alloca i32 1"   --->   Operation 259 'alloca' 'i_21' <Predicate = (icmp_ln939)> <Delay = 0.00>
ST_10 : Operation 260 [1/1] (0.42ns)   --->   "%store_ln947 = store i32 %lw_2, i32 %i_21" [/home/lab_726/boom/hls_boom/src/boom_core_merged.cpp:947]   --->   Operation 260 'store' 'store_ln947' <Predicate = (icmp_ln939)> <Delay = 0.42>
ST_10 : Operation 261 [1/1] (0.00ns)   --->   "%br_ln947 = br void %.lr.ph89" [/home/lab_726/boom/hls_boom/src/boom_core_merged.cpp:947]   --->   Operation 261 'br' 'br_ln947' <Predicate = (icmp_ln939)> <Delay = 0.00>

State 11 <SV = 5> <Delay = 0.67>
ST_11 : Operation 262 [1/1] (0.00ns)   --->   "%specloopname_ln939 = specloopname void @_ssdm_op_SpecLoopName, void @empty_22" [/home/lab_726/boom/hls_boom/src/boom_core_merged.cpp:939]   --->   Operation 262 'specloopname' 'specloopname_ln939' <Predicate = true> <Delay = 0.00>
ST_11 : Operation 263 [1/2] (0.67ns)   --->   "%state_lsu_stq_valid_load = load i3 %state_lsu_stq_valid_addr" [/home/lab_726/boom/hls_boom/src/boom_core_merged.cpp:941]   --->   Operation 263 'load' 'state_lsu_stq_valid_load' <Predicate = true> <Delay = 0.67> <CoreInst = "RAM">   --->   Core 83 'RAM' <Latency = 1> <II = 1> <Delay = 0.67> <Storage> <Opcode : 'load' 'store'> <Ports = 2> <Width = 1> <Depth = 8> <RAM>
ST_11 : Operation 264 [1/1] (0.00ns)   --->   "%br_ln941 = br i1 %state_lsu_stq_valid_load, void %.critedge95, void" [/home/lab_726/boom/hls_boom/src/boom_core_merged.cpp:941]   --->   Operation 264 'br' 'br_ln941' <Predicate = true> <Delay = 0.00>
ST_11 : Operation 265 [1/1] (0.00ns)   --->   "%state_lsu_stq_branch_mask_addr = getelementptr i8 %state_lsu_stq_branch_mask, i64 0, i64 %zext_ln939" [/home/lab_726/boom/hls_boom/src/boom_core_merged.cpp:941]   --->   Operation 265 'getelementptr' 'state_lsu_stq_branch_mask_addr' <Predicate = (state_lsu_stq_valid_load)> <Delay = 0.00>
ST_11 : Operation 266 [2/2] (0.67ns)   --->   "%state_lsu_stq_branch_mask_load = load i3 %state_lsu_stq_branch_mask_addr" [/home/lab_726/boom/hls_boom/src/boom_core_merged.cpp:941]   --->   Operation 266 'load' 'state_lsu_stq_branch_mask_load' <Predicate = (state_lsu_stq_valid_load)> <Delay = 0.67> <CoreInst = "RAM">   --->   Core 83 'RAM' <Latency = 1> <II = 1> <Delay = 0.67> <Storage> <Opcode : 'load' 'store'> <Ports = 2> <Width = 8> <Depth = 8> <RAM>
ST_11 : Operation 267 [1/1] (0.00ns)   --->   "%state_lsu_stq_addr = getelementptr i1 %state_lsu_stq_address_valid, i64 0, i64 %zext_ln939" [/home/lab_726/boom/hls_boom/src/boom_core_merged.cpp:942]   --->   Operation 267 'getelementptr' 'state_lsu_stq_addr' <Predicate = (state_lsu_stq_valid_load)> <Delay = 0.00>
ST_11 : Operation 268 [1/1] (0.00ns)   --->   "%state_lsu_stq_data_valid_addr = getelementptr i1 %state_lsu_stq_data_valid, i64 0, i64 %zext_ln939" [/home/lab_726/boom/hls_boom/src/boom_core_merged.cpp:942]   --->   Operation 268 'getelementptr' 'state_lsu_stq_data_valid_addr' <Predicate = (state_lsu_stq_valid_load)> <Delay = 0.00>
ST_11 : Operation 269 [1/1] (0.00ns)   --->   "%state_lsu_stq_committed_addr = getelementptr i1 %state_lsu_stq_committed, i64 0, i64 %zext_ln939" [/home/lab_726/boom/hls_boom/src/boom_core_merged.cpp:942]   --->   Operation 269 'getelementptr' 'state_lsu_stq_committed_addr' <Predicate = (state_lsu_stq_valid_load)> <Delay = 0.00>
ST_11 : Operation 270 [1/1] (0.00ns)   --->   "%state_lsu_stq_issued_to_memory_addr = getelementptr i1 %state_lsu_stq_issued_to_memory, i64 0, i64 %zext_ln939" [/home/lab_726/boom/hls_boom/src/boom_core_merged.cpp:942]   --->   Operation 270 'getelementptr' 'state_lsu_stq_issued_to_memory_addr' <Predicate = (state_lsu_stq_valid_load)> <Delay = 0.00>
ST_11 : Operation 271 [1/1] (0.00ns)   --->   "%state_lsu_stq_completed_addr = getelementptr i1 %state_lsu_stq_completed, i64 0, i64 %zext_ln939" [/home/lab_726/boom/hls_boom/src/boom_core_merged.cpp:942]   --->   Operation 271 'getelementptr' 'state_lsu_stq_completed_addr' <Predicate = (state_lsu_stq_valid_load)> <Delay = 0.00>
ST_11 : Operation 272 [1/1] (0.00ns)   --->   "%state_lsu_stq_killed_addr = getelementptr i1 %state_lsu_stq_killed, i64 0, i64 %zext_ln939" [/home/lab_726/boom/hls_boom/src/boom_core_merged.cpp:942]   --->   Operation 272 'getelementptr' 'state_lsu_stq_killed_addr' <Predicate = (state_lsu_stq_valid_load)> <Delay = 0.00>
ST_11 : Operation 273 [1/1] (0.00ns)   --->   "%state_lsu_stq_rob_idx_addr = getelementptr i8 %state_lsu_stq_rob_idx, i64 0, i64 %zext_ln939" [/home/lab_726/boom/hls_boom/src/boom_core_merged.cpp:942]   --->   Operation 273 'getelementptr' 'state_lsu_stq_rob_idx_addr' <Predicate = (state_lsu_stq_valid_load)> <Delay = 0.00>
ST_11 : Operation 274 [1/1] (0.00ns)   --->   "%state_lsu_stq_mask_addr = getelementptr i8 %state_lsu_stq_mask, i64 0, i64 %zext_ln939" [/home/lab_726/boom/hls_boom/src/boom_core_merged.cpp:942]   --->   Operation 274 'getelementptr' 'state_lsu_stq_mask_addr' <Predicate = (state_lsu_stq_valid_load)> <Delay = 0.00>
ST_11 : Operation 275 [1/1] (0.00ns)   --->   "%state_lsu_stq_size_addr = getelementptr i8 %state_lsu_stq_size, i64 0, i64 %zext_ln939" [/home/lab_726/boom/hls_boom/src/boom_core_merged.cpp:942]   --->   Operation 275 'getelementptr' 'state_lsu_stq_size_addr' <Predicate = (state_lsu_stq_valid_load)> <Delay = 0.00>
ST_11 : Operation 276 [1/1] (0.00ns)   --->   "%state_lsu_stq_rob_allocation_id_addr = getelementptr i32 %state_lsu_stq_rob_allocation_id, i64 0, i64 %zext_ln939" [/home/lab_726/boom/hls_boom/src/boom_core_merged.cpp:942]   --->   Operation 276 'getelementptr' 'state_lsu_stq_rob_allocation_id_addr' <Predicate = (state_lsu_stq_valid_load)> <Delay = 0.00>
ST_11 : Operation 277 [1/1] (0.00ns)   --->   "%state_lsu_stq_addr_5 = getelementptr i64 %state_lsu_stq_address, i64 0, i64 %zext_ln939" [/home/lab_726/boom/hls_boom/src/boom_core_merged.cpp:942]   --->   Operation 277 'getelementptr' 'state_lsu_stq_addr_5' <Predicate = (state_lsu_stq_valid_load)> <Delay = 0.00>
ST_11 : Operation 278 [1/1] (0.00ns)   --->   "%state_lsu_stq_data_addr = getelementptr i64 %state_lsu_stq_data, i64 0, i64 %zext_ln939" [/home/lab_726/boom/hls_boom/src/boom_core_merged.cpp:942]   --->   Operation 278 'getelementptr' 'state_lsu_stq_data_addr' <Predicate = (state_lsu_stq_valid_load)> <Delay = 0.00>

State 12 <SV = 6> <Delay = 2.20>
ST_12 : Operation 279 [1/2] (0.67ns)   --->   "%state_lsu_stq_branch_mask_load = load i3 %state_lsu_stq_branch_mask_addr" [/home/lab_726/boom/hls_boom/src/boom_core_merged.cpp:941]   --->   Operation 279 'load' 'state_lsu_stq_branch_mask_load' <Predicate = true> <Delay = 0.67> <CoreInst = "RAM">   --->   Core 83 'RAM' <Latency = 1> <II = 1> <Delay = 0.67> <Storage> <Opcode : 'load' 'store'> <Ports = 2> <Width = 8> <Depth = 8> <RAM>
ST_12 : Operation 280 [1/1] (0.00ns) (grouped into LUT with out node icmp_ln941)   --->   "%and_ln941 = and i8 %state_lsu_stq_branch_mask_load, i8 %mispredict_mask_read" [/home/lab_726/boom/hls_boom/src/boom_core_merged.cpp:941]   --->   Operation 280 'and' 'and_ln941' <Predicate = true> <Delay = 0.00> <CoreInst = "LogicGate">   --->   Core 74 'LogicGate' <Latency = 0> <II = 1> <Delay = 0.33> <FuncUnit> <Opcode : 'and' 'or' 'xor'> <InPorts = 2> <OutPorts = 1>
ST_12 : Operation 281 [1/1] (0.84ns) (out node of the LUT)   --->   "%icmp_ln941 = icmp_eq  i8 %and_ln941, i8 0" [/home/lab_726/boom/hls_boom/src/boom_core_merged.cpp:941]   --->   Operation 281 'icmp' 'icmp_ln941' <Predicate = true> <Delay = 0.84> <CoreInst = "Cmp">   --->   Core 9 'Cmp' <Latency = 0> <II = 1> <Delay = 0.72> <FuncUnit> <Opcode : 'icmp'> <InPorts = 2> <OutPorts = 1>
ST_12 : Operation 282 [1/1] (0.00ns)   --->   "%br_ln941 = br i1 %icmp_ln941, void, void" [/home/lab_726/boom/hls_boom/src/boom_core_merged.cpp:941]   --->   Operation 282 'br' 'br_ln941' <Predicate = true> <Delay = 0.00>
ST_12 : Operation 283 [1/1] (0.67ns)   --->   "%store_ln942 = store i1 0, i3 %state_lsu_stq_valid_addr" [/home/lab_726/boom/hls_boom/src/boom_core_merged.cpp:942]   --->   Operation 283 'store' 'store_ln942' <Predicate = (!icmp_ln941)> <Delay = 0.67> <CoreInst = "RAM">   --->   Core 83 'RAM' <Latency = 1> <II = 1> <Delay = 0.67> <Storage> <Opcode : 'load' 'store'> <Ports = 2> <Width = 1> <Depth = 8> <RAM>
ST_12 : Operation 284 [1/1] (0.67ns)   --->   "%store_ln942 = store i1 0, i3 %state_lsu_stq_addr" [/home/lab_726/boom/hls_boom/src/boom_core_merged.cpp:942]   --->   Operation 284 'store' 'store_ln942' <Predicate = (!icmp_ln941)> <Delay = 0.67> <CoreInst = "RAM">   --->   Core 83 'RAM' <Latency = 1> <II = 1> <Delay = 0.67> <Storage> <Opcode : 'load' 'store'> <Ports = 2> <Width = 1> <Depth = 8> <RAM>
ST_12 : Operation 285 [1/1] (0.67ns)   --->   "%store_ln942 = store i1 0, i3 %state_lsu_stq_data_valid_addr" [/home/lab_726/boom/hls_boom/src/boom_core_merged.cpp:942]   --->   Operation 285 'store' 'store_ln942' <Predicate = (!icmp_ln941)> <Delay = 0.67> <CoreInst = "RAM">   --->   Core 83 'RAM' <Latency = 1> <II = 1> <Delay = 0.67> <Storage> <Opcode : 'load' 'store'> <Ports = 2> <Width = 1> <Depth = 8> <RAM>
ST_12 : Operation 286 [1/1] (0.67ns)   --->   "%store_ln942 = store i1 0, i3 %state_lsu_stq_committed_addr" [/home/lab_726/boom/hls_boom/src/boom_core_merged.cpp:942]   --->   Operation 286 'store' 'store_ln942' <Predicate = (!icmp_ln941)> <Delay = 0.67> <CoreInst = "RAM">   --->   Core 83 'RAM' <Latency = 1> <II = 1> <Delay = 0.67> <Storage> <Opcode : 'load' 'store'> <Ports = 2> <Width = 1> <Depth = 8> <RAM>
ST_12 : Operation 287 [1/1] (0.67ns)   --->   "%store_ln942 = store i1 0, i3 %state_lsu_stq_issued_to_memory_addr" [/home/lab_726/boom/hls_boom/src/boom_core_merged.cpp:942]   --->   Operation 287 'store' 'store_ln942' <Predicate = (!icmp_ln941)> <Delay = 0.67> <CoreInst = "RAM">   --->   Core 83 'RAM' <Latency = 1> <II = 1> <Delay = 0.67> <Storage> <Opcode : 'load' 'store'> <Ports = 2> <Width = 1> <Depth = 8> <RAM>
ST_12 : Operation 288 [1/1] (0.67ns)   --->   "%store_ln942 = store i1 0, i3 %state_lsu_stq_completed_addr" [/home/lab_726/boom/hls_boom/src/boom_core_merged.cpp:942]   --->   Operation 288 'store' 'store_ln942' <Predicate = (!icmp_ln941)> <Delay = 0.67> <CoreInst = "RAM">   --->   Core 83 'RAM' <Latency = 1> <II = 1> <Delay = 0.67> <Storage> <Opcode : 'load' 'store'> <Ports = 2> <Width = 1> <Depth = 8> <RAM>
ST_12 : Operation 289 [1/1] (0.67ns)   --->   "%store_ln942 = store i1 0, i3 %state_lsu_stq_killed_addr" [/home/lab_726/boom/hls_boom/src/boom_core_merged.cpp:942]   --->   Operation 289 'store' 'store_ln942' <Predicate = (!icmp_ln941)> <Delay = 0.67> <CoreInst = "RAM">   --->   Core 83 'RAM' <Latency = 1> <II = 1> <Delay = 0.67> <Storage> <Opcode : 'load' 'store'> <Ports = 2> <Width = 1> <Depth = 8> <RAM>
ST_12 : Operation 290 [1/1] (0.67ns)   --->   "%store_ln942 = store i8 0, i3 %state_lsu_stq_rob_idx_addr" [/home/lab_726/boom/hls_boom/src/boom_core_merged.cpp:942]   --->   Operation 290 'store' 'store_ln942' <Predicate = (!icmp_ln941)> <Delay = 0.67> <CoreInst = "RAM">   --->   Core 83 'RAM' <Latency = 1> <II = 1> <Delay = 0.67> <Storage> <Opcode : 'load' 'store'> <Ports = 2> <Width = 8> <Depth = 8> <RAM>
ST_12 : Operation 291 [1/1] (0.67ns)   --->   "%store_ln942 = store i8 0, i3 %state_lsu_stq_mask_addr" [/home/lab_726/boom/hls_boom/src/boom_core_merged.cpp:942]   --->   Operation 291 'store' 'store_ln942' <Predicate = (!icmp_ln941)> <Delay = 0.67> <CoreInst = "RAM">   --->   Core 83 'RAM' <Latency = 1> <II = 1> <Delay = 0.67> <Storage> <Opcode : 'load' 'store'> <Ports = 2> <Width = 8> <Depth = 8> <RAM>
ST_12 : Operation 292 [1/1] (0.67ns)   --->   "%store_ln942 = store i8 0, i3 %state_lsu_stq_size_addr" [/home/lab_726/boom/hls_boom/src/boom_core_merged.cpp:942]   --->   Operation 292 'store' 'store_ln942' <Predicate = (!icmp_ln941)> <Delay = 0.67> <CoreInst = "RAM">   --->   Core 83 'RAM' <Latency = 1> <II = 1> <Delay = 0.67> <Storage> <Opcode : 'load' 'store'> <Ports = 2> <Width = 8> <Depth = 8> <RAM>
ST_12 : Operation 293 [1/1] (0.67ns)   --->   "%store_ln942 = store i8 0, i3 %state_lsu_stq_branch_mask_addr" [/home/lab_726/boom/hls_boom/src/boom_core_merged.cpp:942]   --->   Operation 293 'store' 'store_ln942' <Predicate = (!icmp_ln941)> <Delay = 0.67> <CoreInst = "RAM">   --->   Core 83 'RAM' <Latency = 1> <II = 1> <Delay = 0.67> <Storage> <Opcode : 'load' 'store'> <Ports = 2> <Width = 8> <Depth = 8> <RAM>
ST_12 : Operation 294 [1/1] (0.67ns)   --->   "%store_ln942 = store i32 0, i3 %state_lsu_stq_rob_allocation_id_addr" [/home/lab_726/boom/hls_boom/src/boom_core_merged.cpp:942]   --->   Operation 294 'store' 'store_ln942' <Predicate = (!icmp_ln941)> <Delay = 0.67> <CoreInst = "RAM">   --->   Core 83 'RAM' <Latency = 1> <II = 1> <Delay = 0.67> <Storage> <Opcode : 'load' 'store'> <Ports = 2> <Width = 32> <Depth = 8> <RAM>
ST_12 : Operation 295 [1/1] (0.67ns)   --->   "%store_ln942 = store i64 0, i3 %state_lsu_stq_addr_5" [/home/lab_726/boom/hls_boom/src/boom_core_merged.cpp:942]   --->   Operation 295 'store' 'store_ln942' <Predicate = (!icmp_ln941)> <Delay = 0.67> <CoreInst = "RAM">   --->   Core 83 'RAM' <Latency = 1> <II = 1> <Delay = 0.67> <Storage> <Opcode : 'load' 'store'> <Ports = 2> <Width = 64> <Depth = 8> <RAM>
ST_12 : Operation 296 [1/1] (0.67ns)   --->   "%store_ln942 = store i64 0, i3 %state_lsu_stq_data_addr" [/home/lab_726/boom/hls_boom/src/boom_core_merged.cpp:942]   --->   Operation 296 'store' 'store_ln942' <Predicate = (!icmp_ln941)> <Delay = 0.67> <CoreInst = "RAM">   --->   Core 83 'RAM' <Latency = 1> <II = 1> <Delay = 0.67> <Storage> <Opcode : 'load' 'store'> <Ports = 2> <Width = 64> <Depth = 8> <RAM>
ST_12 : Operation 297 [1/1] (0.00ns)   --->   "%br_ln943 = br void %.critedge95" [/home/lab_726/boom/hls_boom/src/boom_core_merged.cpp:943]   --->   Operation 297 'br' 'br_ln943' <Predicate = (!icmp_ln941)> <Delay = 0.00>
ST_12 : Operation 298 [1/1] (1.01ns)   --->   "%sw_3 = add i32 %sw_2, i32 1" [/home/lab_726/boom/hls_boom/src/boom_core_merged.cpp:944]   --->   Operation 298 'add' 'sw_3' <Predicate = (icmp_ln941)> <Delay = 1.01> <CoreInst = "Adder">   --->   Core 1 'Adder' <Latency = 0> <II = 1> <Delay = 0.79> <FuncUnit> <Opcode : 'add' 'sub'> <InPorts = 2> <OutPorts = 1>
ST_12 : Operation 299 [2/2] (0.67ns)   --->   "%state_lsu_stq_load = load i3 %state_lsu_stq_addr" [/home/lab_726/boom/hls_boom/src/boom_core_merged.cpp:944]   --->   Operation 299 'load' 'state_lsu_stq_load' <Predicate = (icmp_ln941)> <Delay = 0.67> <CoreInst = "RAM">   --->   Core 83 'RAM' <Latency = 1> <II = 1> <Delay = 0.67> <Storage> <Opcode : 'load' 'store'> <Ports = 2> <Width = 1> <Depth = 8> <RAM>
ST_12 : Operation 300 [2/2] (0.67ns)   --->   "%state_lsu_stq_data_valid_load = load i3 %state_lsu_stq_data_valid_addr" [/home/lab_726/boom/hls_boom/src/boom_core_merged.cpp:944]   --->   Operation 300 'load' 'state_lsu_stq_data_valid_load' <Predicate = (icmp_ln941)> <Delay = 0.67> <CoreInst = "RAM">   --->   Core 83 'RAM' <Latency = 1> <II = 1> <Delay = 0.67> <Storage> <Opcode : 'load' 'store'> <Ports = 2> <Width = 1> <Depth = 8> <RAM>
ST_12 : Operation 301 [2/2] (0.67ns)   --->   "%state_lsu_stq_committed_load = load i3 %state_lsu_stq_committed_addr" [/home/lab_726/boom/hls_boom/src/boom_core_merged.cpp:944]   --->   Operation 301 'load' 'state_lsu_stq_committed_load' <Predicate = (icmp_ln941)> <Delay = 0.67> <CoreInst = "RAM">   --->   Core 83 'RAM' <Latency = 1> <II = 1> <Delay = 0.67> <Storage> <Opcode : 'load' 'store'> <Ports = 2> <Width = 1> <Depth = 8> <RAM>
ST_12 : Operation 302 [2/2] (0.67ns)   --->   "%state_lsu_stq_issued_to_memory_load = load i3 %state_lsu_stq_issued_to_memory_addr" [/home/lab_726/boom/hls_boom/src/boom_core_merged.cpp:944]   --->   Operation 302 'load' 'state_lsu_stq_issued_to_memory_load' <Predicate = (icmp_ln941)> <Delay = 0.67> <CoreInst = "RAM">   --->   Core 83 'RAM' <Latency = 1> <II = 1> <Delay = 0.67> <Storage> <Opcode : 'load' 'store'> <Ports = 2> <Width = 1> <Depth = 8> <RAM>
ST_12 : Operation 303 [2/2] (0.67ns)   --->   "%state_lsu_stq_completed_load = load i3 %state_lsu_stq_completed_addr" [/home/lab_726/boom/hls_boom/src/boom_core_merged.cpp:944]   --->   Operation 303 'load' 'state_lsu_stq_completed_load' <Predicate = (icmp_ln941)> <Delay = 0.67> <CoreInst = "RAM">   --->   Core 83 'RAM' <Latency = 1> <II = 1> <Delay = 0.67> <Storage> <Opcode : 'load' 'store'> <Ports = 2> <Width = 1> <Depth = 8> <RAM>
ST_12 : Operation 304 [2/2] (0.67ns)   --->   "%state_lsu_stq_killed_load = load i3 %state_lsu_stq_killed_addr" [/home/lab_726/boom/hls_boom/src/boom_core_merged.cpp:944]   --->   Operation 304 'load' 'state_lsu_stq_killed_load' <Predicate = (icmp_ln941)> <Delay = 0.67> <CoreInst = "RAM">   --->   Core 83 'RAM' <Latency = 1> <II = 1> <Delay = 0.67> <Storage> <Opcode : 'load' 'store'> <Ports = 2> <Width = 1> <Depth = 8> <RAM>
ST_12 : Operation 305 [2/2] (0.67ns)   --->   "%state_lsu_stq_rob_idx_load = load i3 %state_lsu_stq_rob_idx_addr" [/home/lab_726/boom/hls_boom/src/boom_core_merged.cpp:944]   --->   Operation 305 'load' 'state_lsu_stq_rob_idx_load' <Predicate = (icmp_ln941)> <Delay = 0.67> <CoreInst = "RAM">   --->   Core 83 'RAM' <Latency = 1> <II = 1> <Delay = 0.67> <Storage> <Opcode : 'load' 'store'> <Ports = 2> <Width = 8> <Depth = 8> <RAM>
ST_12 : Operation 306 [2/2] (0.67ns)   --->   "%state_lsu_stq_mask_load = load i3 %state_lsu_stq_mask_addr" [/home/lab_726/boom/hls_boom/src/boom_core_merged.cpp:944]   --->   Operation 306 'load' 'state_lsu_stq_mask_load' <Predicate = (icmp_ln941)> <Delay = 0.67> <CoreInst = "RAM">   --->   Core 83 'RAM' <Latency = 1> <II = 1> <Delay = 0.67> <Storage> <Opcode : 'load' 'store'> <Ports = 2> <Width = 8> <Depth = 8> <RAM>
ST_12 : Operation 307 [2/2] (0.67ns)   --->   "%state_lsu_stq_size_load = load i3 %state_lsu_stq_size_addr" [/home/lab_726/boom/hls_boom/src/boom_core_merged.cpp:944]   --->   Operation 307 'load' 'state_lsu_stq_size_load' <Predicate = (icmp_ln941)> <Delay = 0.67> <CoreInst = "RAM">   --->   Core 83 'RAM' <Latency = 1> <II = 1> <Delay = 0.67> <Storage> <Opcode : 'load' 'store'> <Ports = 2> <Width = 8> <Depth = 8> <RAM>
ST_12 : Operation 308 [2/2] (0.67ns)   --->   "%state_lsu_stq_rob_allocation_id_load = load i3 %state_lsu_stq_rob_allocation_id_addr" [/home/lab_726/boom/hls_boom/src/boom_core_merged.cpp:944]   --->   Operation 308 'load' 'state_lsu_stq_rob_allocation_id_load' <Predicate = (icmp_ln941)> <Delay = 0.67> <CoreInst = "RAM">   --->   Core 83 'RAM' <Latency = 1> <II = 1> <Delay = 0.67> <Storage> <Opcode : 'load' 'store'> <Ports = 2> <Width = 32> <Depth = 8> <RAM>
ST_12 : Operation 309 [2/2] (0.67ns)   --->   "%state_lsu_stq_load_2 = load i3 %state_lsu_stq_addr_5" [/home/lab_726/boom/hls_boom/src/boom_core_merged.cpp:944]   --->   Operation 309 'load' 'state_lsu_stq_load_2' <Predicate = (icmp_ln941)> <Delay = 0.67> <CoreInst = "RAM">   --->   Core 83 'RAM' <Latency = 1> <II = 1> <Delay = 0.67> <Storage> <Opcode : 'load' 'store'> <Ports = 2> <Width = 64> <Depth = 8> <RAM>
ST_12 : Operation 310 [2/2] (0.67ns)   --->   "%state_lsu_stq_data_load = load i3 %state_lsu_stq_data_addr" [/home/lab_726/boom/hls_boom/src/boom_core_merged.cpp:944]   --->   Operation 310 'load' 'state_lsu_stq_data_load' <Predicate = (icmp_ln941)> <Delay = 0.67> <CoreInst = "RAM">   --->   Core 83 'RAM' <Latency = 1> <II = 1> <Delay = 0.67> <Storage> <Opcode : 'load' 'store'> <Ports = 2> <Width = 64> <Depth = 8> <RAM>
ST_12 : Operation 311 [1/1] (0.42ns)   --->   "%store_ln945 = store i32 %sw_3, i32 %sw" [/home/lab_726/boom/hls_boom/src/boom_core_merged.cpp:945]   --->   Operation 311 'store' 'store_ln945' <Predicate = (icmp_ln941)> <Delay = 0.42>

State 13 <SV = 7> <Delay = 1.35>
ST_13 : Operation 312 [1/1] (0.00ns)   --->   "%zext_ln944 = zext i32 %sw_2" [/home/lab_726/boom/hls_boom/src/boom_core_merged.cpp:944]   --->   Operation 312 'zext' 'zext_ln944' <Predicate = (state_lsu_stq_valid_load & icmp_ln941)> <Delay = 0.00>
ST_13 : Operation 313 [1/1] (0.00ns)   --->   "%new_stq_valid_addr = getelementptr i1 %new_stq_valid, i64 0, i64 %zext_ln944" [/home/lab_726/boom/hls_boom/src/boom_core_merged.cpp:944]   --->   Operation 313 'getelementptr' 'new_stq_valid_addr' <Predicate = (state_lsu_stq_valid_load & icmp_ln941)> <Delay = 0.00>
ST_13 : Operation 314 [1/1] (0.00ns)   --->   "%new_stq_addr = getelementptr i1 %new_stq_address_valid, i64 0, i64 %zext_ln944" [/home/lab_726/boom/hls_boom/src/boom_core_merged.cpp:944]   --->   Operation 314 'getelementptr' 'new_stq_addr' <Predicate = (state_lsu_stq_valid_load & icmp_ln941)> <Delay = 0.00>
ST_13 : Operation 315 [1/1] (0.00ns)   --->   "%new_stq_data_valid_addr = getelementptr i1 %new_stq_data_valid, i64 0, i64 %zext_ln944" [/home/lab_726/boom/hls_boom/src/boom_core_merged.cpp:944]   --->   Operation 315 'getelementptr' 'new_stq_data_valid_addr' <Predicate = (state_lsu_stq_valid_load & icmp_ln941)> <Delay = 0.00>
ST_13 : Operation 316 [1/1] (0.00ns)   --->   "%new_stq_committed_addr = getelementptr i1 %new_stq_committed, i64 0, i64 %zext_ln944" [/home/lab_726/boom/hls_boom/src/boom_core_merged.cpp:944]   --->   Operation 316 'getelementptr' 'new_stq_committed_addr' <Predicate = (state_lsu_stq_valid_load & icmp_ln941)> <Delay = 0.00>
ST_13 : Operation 317 [1/1] (0.00ns)   --->   "%new_stq_issued_to_memory_addr = getelementptr i1 %new_stq_issued_to_memory, i64 0, i64 %zext_ln944" [/home/lab_726/boom/hls_boom/src/boom_core_merged.cpp:944]   --->   Operation 317 'getelementptr' 'new_stq_issued_to_memory_addr' <Predicate = (state_lsu_stq_valid_load & icmp_ln941)> <Delay = 0.00>
ST_13 : Operation 318 [1/1] (0.00ns)   --->   "%new_stq_completed_addr = getelementptr i1 %new_stq_completed, i64 0, i64 %zext_ln944" [/home/lab_726/boom/hls_boom/src/boom_core_merged.cpp:944]   --->   Operation 318 'getelementptr' 'new_stq_completed_addr' <Predicate = (state_lsu_stq_valid_load & icmp_ln941)> <Delay = 0.00>
ST_13 : Operation 319 [1/1] (0.00ns)   --->   "%new_stq_killed_addr = getelementptr i1 %new_stq_killed, i64 0, i64 %zext_ln944" [/home/lab_726/boom/hls_boom/src/boom_core_merged.cpp:944]   --->   Operation 319 'getelementptr' 'new_stq_killed_addr' <Predicate = (state_lsu_stq_valid_load & icmp_ln941)> <Delay = 0.00>
ST_13 : Operation 320 [1/1] (0.00ns)   --->   "%new_stq_rob_idx_addr = getelementptr i8 %new_stq_rob_idx, i64 0, i64 %zext_ln944" [/home/lab_726/boom/hls_boom/src/boom_core_merged.cpp:944]   --->   Operation 320 'getelementptr' 'new_stq_rob_idx_addr' <Predicate = (state_lsu_stq_valid_load & icmp_ln941)> <Delay = 0.00>
ST_13 : Operation 321 [1/1] (0.00ns)   --->   "%new_stq_mask_addr = getelementptr i8 %new_stq_mask, i64 0, i64 %zext_ln944" [/home/lab_726/boom/hls_boom/src/boom_core_merged.cpp:944]   --->   Operation 321 'getelementptr' 'new_stq_mask_addr' <Predicate = (state_lsu_stq_valid_load & icmp_ln941)> <Delay = 0.00>
ST_13 : Operation 322 [1/1] (0.00ns)   --->   "%new_stq_size_addr = getelementptr i8 %new_stq_size, i64 0, i64 %zext_ln944" [/home/lab_726/boom/hls_boom/src/boom_core_merged.cpp:944]   --->   Operation 322 'getelementptr' 'new_stq_size_addr' <Predicate = (state_lsu_stq_valid_load & icmp_ln941)> <Delay = 0.00>
ST_13 : Operation 323 [1/1] (0.00ns)   --->   "%new_stq_branch_mask_addr = getelementptr i8 %new_stq_branch_mask, i64 0, i64 %zext_ln944" [/home/lab_726/boom/hls_boom/src/boom_core_merged.cpp:944]   --->   Operation 323 'getelementptr' 'new_stq_branch_mask_addr' <Predicate = (state_lsu_stq_valid_load & icmp_ln941)> <Delay = 0.00>
ST_13 : Operation 324 [1/1] (0.00ns)   --->   "%new_stq_rob_allocation_id_addr = getelementptr i32 %new_stq_rob_allocation_id, i64 0, i64 %zext_ln944" [/home/lab_726/boom/hls_boom/src/boom_core_merged.cpp:944]   --->   Operation 324 'getelementptr' 'new_stq_rob_allocation_id_addr' <Predicate = (state_lsu_stq_valid_load & icmp_ln941)> <Delay = 0.00>
ST_13 : Operation 325 [1/1] (0.00ns)   --->   "%new_stq_addr_2 = getelementptr i64 %new_stq_address, i64 0, i64 %zext_ln944" [/home/lab_726/boom/hls_boom/src/boom_core_merged.cpp:944]   --->   Operation 325 'getelementptr' 'new_stq_addr_2' <Predicate = (state_lsu_stq_valid_load & icmp_ln941)> <Delay = 0.00>
ST_13 : Operation 326 [1/1] (0.00ns)   --->   "%new_stq_data_addr = getelementptr i64 %new_stq_data, i64 0, i64 %zext_ln944" [/home/lab_726/boom/hls_boom/src/boom_core_merged.cpp:944]   --->   Operation 326 'getelementptr' 'new_stq_data_addr' <Predicate = (state_lsu_stq_valid_load & icmp_ln941)> <Delay = 0.00>
ST_13 : Operation 327 [1/2] (0.67ns)   --->   "%state_lsu_stq_load = load i3 %state_lsu_stq_addr" [/home/lab_726/boom/hls_boom/src/boom_core_merged.cpp:944]   --->   Operation 327 'load' 'state_lsu_stq_load' <Predicate = (state_lsu_stq_valid_load & icmp_ln941)> <Delay = 0.67> <CoreInst = "RAM">   --->   Core 83 'RAM' <Latency = 1> <II = 1> <Delay = 0.67> <Storage> <Opcode : 'load' 'store'> <Ports = 2> <Width = 1> <Depth = 8> <RAM>
ST_13 : Operation 328 [1/2] (0.67ns)   --->   "%state_lsu_stq_data_valid_load = load i3 %state_lsu_stq_data_valid_addr" [/home/lab_726/boom/hls_boom/src/boom_core_merged.cpp:944]   --->   Operation 328 'load' 'state_lsu_stq_data_valid_load' <Predicate = (state_lsu_stq_valid_load & icmp_ln941)> <Delay = 0.67> <CoreInst = "RAM">   --->   Core 83 'RAM' <Latency = 1> <II = 1> <Delay = 0.67> <Storage> <Opcode : 'load' 'store'> <Ports = 2> <Width = 1> <Depth = 8> <RAM>
ST_13 : Operation 329 [1/2] (0.67ns)   --->   "%state_lsu_stq_committed_load = load i3 %state_lsu_stq_committed_addr" [/home/lab_726/boom/hls_boom/src/boom_core_merged.cpp:944]   --->   Operation 329 'load' 'state_lsu_stq_committed_load' <Predicate = (state_lsu_stq_valid_load & icmp_ln941)> <Delay = 0.67> <CoreInst = "RAM">   --->   Core 83 'RAM' <Latency = 1> <II = 1> <Delay = 0.67> <Storage> <Opcode : 'load' 'store'> <Ports = 2> <Width = 1> <Depth = 8> <RAM>
ST_13 : Operation 330 [1/2] (0.67ns)   --->   "%state_lsu_stq_issued_to_memory_load = load i3 %state_lsu_stq_issued_to_memory_addr" [/home/lab_726/boom/hls_boom/src/boom_core_merged.cpp:944]   --->   Operation 330 'load' 'state_lsu_stq_issued_to_memory_load' <Predicate = (state_lsu_stq_valid_load & icmp_ln941)> <Delay = 0.67> <CoreInst = "RAM">   --->   Core 83 'RAM' <Latency = 1> <II = 1> <Delay = 0.67> <Storage> <Opcode : 'load' 'store'> <Ports = 2> <Width = 1> <Depth = 8> <RAM>
ST_13 : Operation 331 [1/2] (0.67ns)   --->   "%state_lsu_stq_completed_load = load i3 %state_lsu_stq_completed_addr" [/home/lab_726/boom/hls_boom/src/boom_core_merged.cpp:944]   --->   Operation 331 'load' 'state_lsu_stq_completed_load' <Predicate = (state_lsu_stq_valid_load & icmp_ln941)> <Delay = 0.67> <CoreInst = "RAM">   --->   Core 83 'RAM' <Latency = 1> <II = 1> <Delay = 0.67> <Storage> <Opcode : 'load' 'store'> <Ports = 2> <Width = 1> <Depth = 8> <RAM>
ST_13 : Operation 332 [1/2] (0.67ns)   --->   "%state_lsu_stq_killed_load = load i3 %state_lsu_stq_killed_addr" [/home/lab_726/boom/hls_boom/src/boom_core_merged.cpp:944]   --->   Operation 332 'load' 'state_lsu_stq_killed_load' <Predicate = (state_lsu_stq_valid_load & icmp_ln941)> <Delay = 0.67> <CoreInst = "RAM">   --->   Core 83 'RAM' <Latency = 1> <II = 1> <Delay = 0.67> <Storage> <Opcode : 'load' 'store'> <Ports = 2> <Width = 1> <Depth = 8> <RAM>
ST_13 : Operation 333 [1/2] (0.67ns)   --->   "%state_lsu_stq_rob_idx_load = load i3 %state_lsu_stq_rob_idx_addr" [/home/lab_726/boom/hls_boom/src/boom_core_merged.cpp:944]   --->   Operation 333 'load' 'state_lsu_stq_rob_idx_load' <Predicate = (state_lsu_stq_valid_load & icmp_ln941)> <Delay = 0.67> <CoreInst = "RAM">   --->   Core 83 'RAM' <Latency = 1> <II = 1> <Delay = 0.67> <Storage> <Opcode : 'load' 'store'> <Ports = 2> <Width = 8> <Depth = 8> <RAM>
ST_13 : Operation 334 [1/2] (0.67ns)   --->   "%state_lsu_stq_mask_load = load i3 %state_lsu_stq_mask_addr" [/home/lab_726/boom/hls_boom/src/boom_core_merged.cpp:944]   --->   Operation 334 'load' 'state_lsu_stq_mask_load' <Predicate = (state_lsu_stq_valid_load & icmp_ln941)> <Delay = 0.67> <CoreInst = "RAM">   --->   Core 83 'RAM' <Latency = 1> <II = 1> <Delay = 0.67> <Storage> <Opcode : 'load' 'store'> <Ports = 2> <Width = 8> <Depth = 8> <RAM>
ST_13 : Operation 335 [1/2] (0.67ns)   --->   "%state_lsu_stq_size_load = load i3 %state_lsu_stq_size_addr" [/home/lab_726/boom/hls_boom/src/boom_core_merged.cpp:944]   --->   Operation 335 'load' 'state_lsu_stq_size_load' <Predicate = (state_lsu_stq_valid_load & icmp_ln941)> <Delay = 0.67> <CoreInst = "RAM">   --->   Core 83 'RAM' <Latency = 1> <II = 1> <Delay = 0.67> <Storage> <Opcode : 'load' 'store'> <Ports = 2> <Width = 8> <Depth = 8> <RAM>
ST_13 : Operation 336 [1/2] (0.67ns)   --->   "%state_lsu_stq_rob_allocation_id_load = load i3 %state_lsu_stq_rob_allocation_id_addr" [/home/lab_726/boom/hls_boom/src/boom_core_merged.cpp:944]   --->   Operation 336 'load' 'state_lsu_stq_rob_allocation_id_load' <Predicate = (state_lsu_stq_valid_load & icmp_ln941)> <Delay = 0.67> <CoreInst = "RAM">   --->   Core 83 'RAM' <Latency = 1> <II = 1> <Delay = 0.67> <Storage> <Opcode : 'load' 'store'> <Ports = 2> <Width = 32> <Depth = 8> <RAM>
ST_13 : Operation 337 [1/2] (0.67ns)   --->   "%state_lsu_stq_load_2 = load i3 %state_lsu_stq_addr_5" [/home/lab_726/boom/hls_boom/src/boom_core_merged.cpp:944]   --->   Operation 337 'load' 'state_lsu_stq_load_2' <Predicate = (state_lsu_stq_valid_load & icmp_ln941)> <Delay = 0.67> <CoreInst = "RAM">   --->   Core 83 'RAM' <Latency = 1> <II = 1> <Delay = 0.67> <Storage> <Opcode : 'load' 'store'> <Ports = 2> <Width = 64> <Depth = 8> <RAM>
ST_13 : Operation 338 [1/2] (0.67ns)   --->   "%state_lsu_stq_data_load = load i3 %state_lsu_stq_data_addr" [/home/lab_726/boom/hls_boom/src/boom_core_merged.cpp:944]   --->   Operation 338 'load' 'state_lsu_stq_data_load' <Predicate = (state_lsu_stq_valid_load & icmp_ln941)> <Delay = 0.67> <CoreInst = "RAM">   --->   Core 83 'RAM' <Latency = 1> <II = 1> <Delay = 0.67> <Storage> <Opcode : 'load' 'store'> <Ports = 2> <Width = 64> <Depth = 8> <RAM>
ST_13 : Operation 339 [1/1] (0.67ns)   --->   "%store_ln944 = store i1 1, i3 %new_stq_valid_addr" [/home/lab_726/boom/hls_boom/src/boom_core_merged.cpp:944]   --->   Operation 339 'store' 'store_ln944' <Predicate = (state_lsu_stq_valid_load & icmp_ln941)> <Delay = 0.67> <CoreInst = "RAM">   --->   Core 83 'RAM' <Latency = 1> <II = 1> <Delay = 0.67> <Storage> <Opcode : 'load' 'store'> <Ports = 2> <Width = 1> <Depth = 8> <RAM>
ST_13 : Operation 340 [1/1] (0.67ns)   --->   "%store_ln944 = store i1 %state_lsu_stq_load, i3 %new_stq_addr" [/home/lab_726/boom/hls_boom/src/boom_core_merged.cpp:944]   --->   Operation 340 'store' 'store_ln944' <Predicate = (state_lsu_stq_valid_load & icmp_ln941)> <Delay = 0.67> <CoreInst = "RAM">   --->   Core 83 'RAM' <Latency = 1> <II = 1> <Delay = 0.67> <Storage> <Opcode : 'load' 'store'> <Ports = 2> <Width = 1> <Depth = 8> <RAM>
ST_13 : Operation 341 [1/1] (0.67ns)   --->   "%store_ln944 = store i1 %state_lsu_stq_data_valid_load, i3 %new_stq_data_valid_addr" [/home/lab_726/boom/hls_boom/src/boom_core_merged.cpp:944]   --->   Operation 341 'store' 'store_ln944' <Predicate = (state_lsu_stq_valid_load & icmp_ln941)> <Delay = 0.67> <CoreInst = "RAM">   --->   Core 83 'RAM' <Latency = 1> <II = 1> <Delay = 0.67> <Storage> <Opcode : 'load' 'store'> <Ports = 2> <Width = 1> <Depth = 8> <RAM>
ST_13 : Operation 342 [1/1] (0.67ns)   --->   "%store_ln944 = store i1 %state_lsu_stq_committed_load, i3 %new_stq_committed_addr" [/home/lab_726/boom/hls_boom/src/boom_core_merged.cpp:944]   --->   Operation 342 'store' 'store_ln944' <Predicate = (state_lsu_stq_valid_load & icmp_ln941)> <Delay = 0.67> <CoreInst = "RAM">   --->   Core 83 'RAM' <Latency = 1> <II = 1> <Delay = 0.67> <Storage> <Opcode : 'load' 'store'> <Ports = 2> <Width = 1> <Depth = 8> <RAM>
ST_13 : Operation 343 [1/1] (0.67ns)   --->   "%store_ln944 = store i1 %state_lsu_stq_issued_to_memory_load, i3 %new_stq_issued_to_memory_addr" [/home/lab_726/boom/hls_boom/src/boom_core_merged.cpp:944]   --->   Operation 343 'store' 'store_ln944' <Predicate = (state_lsu_stq_valid_load & icmp_ln941)> <Delay = 0.67> <CoreInst = "RAM">   --->   Core 83 'RAM' <Latency = 1> <II = 1> <Delay = 0.67> <Storage> <Opcode : 'load' 'store'> <Ports = 2> <Width = 1> <Depth = 8> <RAM>
ST_13 : Operation 344 [1/1] (0.67ns)   --->   "%store_ln944 = store i1 %state_lsu_stq_completed_load, i3 %new_stq_completed_addr" [/home/lab_726/boom/hls_boom/src/boom_core_merged.cpp:944]   --->   Operation 344 'store' 'store_ln944' <Predicate = (state_lsu_stq_valid_load & icmp_ln941)> <Delay = 0.67> <CoreInst = "RAM">   --->   Core 83 'RAM' <Latency = 1> <II = 1> <Delay = 0.67> <Storage> <Opcode : 'load' 'store'> <Ports = 2> <Width = 1> <Depth = 8> <RAM>
ST_13 : Operation 345 [1/1] (0.67ns)   --->   "%store_ln944 = store i1 %state_lsu_stq_killed_load, i3 %new_stq_killed_addr" [/home/lab_726/boom/hls_boom/src/boom_core_merged.cpp:944]   --->   Operation 345 'store' 'store_ln944' <Predicate = (state_lsu_stq_valid_load & icmp_ln941)> <Delay = 0.67> <CoreInst = "RAM">   --->   Core 83 'RAM' <Latency = 1> <II = 1> <Delay = 0.67> <Storage> <Opcode : 'load' 'store'> <Ports = 2> <Width = 1> <Depth = 8> <RAM>
ST_13 : Operation 346 [1/1] (0.67ns)   --->   "%store_ln944 = store i8 %state_lsu_stq_rob_idx_load, i3 %new_stq_rob_idx_addr" [/home/lab_726/boom/hls_boom/src/boom_core_merged.cpp:944]   --->   Operation 346 'store' 'store_ln944' <Predicate = (state_lsu_stq_valid_load & icmp_ln941)> <Delay = 0.67> <CoreInst = "RAM">   --->   Core 83 'RAM' <Latency = 1> <II = 1> <Delay = 0.67> <Storage> <Opcode : 'load' 'store'> <Ports = 2> <Width = 8> <Depth = 8> <RAM>
ST_13 : Operation 347 [1/1] (0.67ns)   --->   "%store_ln944 = store i8 %state_lsu_stq_mask_load, i3 %new_stq_mask_addr" [/home/lab_726/boom/hls_boom/src/boom_core_merged.cpp:944]   --->   Operation 347 'store' 'store_ln944' <Predicate = (state_lsu_stq_valid_load & icmp_ln941)> <Delay = 0.67> <CoreInst = "RAM">   --->   Core 83 'RAM' <Latency = 1> <II = 1> <Delay = 0.67> <Storage> <Opcode : 'load' 'store'> <Ports = 2> <Width = 8> <Depth = 8> <RAM>
ST_13 : Operation 348 [1/1] (0.67ns)   --->   "%store_ln944 = store i8 %state_lsu_stq_size_load, i3 %new_stq_size_addr" [/home/lab_726/boom/hls_boom/src/boom_core_merged.cpp:944]   --->   Operation 348 'store' 'store_ln944' <Predicate = (state_lsu_stq_valid_load & icmp_ln941)> <Delay = 0.67> <CoreInst = "RAM">   --->   Core 83 'RAM' <Latency = 1> <II = 1> <Delay = 0.67> <Storage> <Opcode : 'load' 'store'> <Ports = 2> <Width = 8> <Depth = 8> <RAM>
ST_13 : Operation 349 [1/1] (0.67ns)   --->   "%store_ln944 = store i8 %state_lsu_stq_branch_mask_load, i3 %new_stq_branch_mask_addr" [/home/lab_726/boom/hls_boom/src/boom_core_merged.cpp:944]   --->   Operation 349 'store' 'store_ln944' <Predicate = (state_lsu_stq_valid_load & icmp_ln941)> <Delay = 0.67> <CoreInst = "RAM">   --->   Core 83 'RAM' <Latency = 1> <II = 1> <Delay = 0.67> <Storage> <Opcode : 'load' 'store'> <Ports = 2> <Width = 8> <Depth = 8> <RAM>
ST_13 : Operation 350 [1/1] (0.67ns)   --->   "%store_ln944 = store i32 %state_lsu_stq_rob_allocation_id_load, i3 %new_stq_rob_allocation_id_addr" [/home/lab_726/boom/hls_boom/src/boom_core_merged.cpp:944]   --->   Operation 350 'store' 'store_ln944' <Predicate = (state_lsu_stq_valid_load & icmp_ln941)> <Delay = 0.67> <CoreInst = "RAM">   --->   Core 83 'RAM' <Latency = 1> <II = 1> <Delay = 0.67> <Storage> <Opcode : 'load' 'store'> <Ports = 2> <Width = 32> <Depth = 8> <RAM>
ST_13 : Operation 351 [1/1] (0.67ns)   --->   "%store_ln944 = store i64 %state_lsu_stq_load_2, i3 %new_stq_addr_2" [/home/lab_726/boom/hls_boom/src/boom_core_merged.cpp:944]   --->   Operation 351 'store' 'store_ln944' <Predicate = (state_lsu_stq_valid_load & icmp_ln941)> <Delay = 0.67> <CoreInst = "RAM">   --->   Core 83 'RAM' <Latency = 1> <II = 1> <Delay = 0.67> <Storage> <Opcode : 'load' 'store'> <Ports = 2> <Width = 64> <Depth = 8> <RAM>
ST_13 : Operation 352 [1/1] (0.67ns)   --->   "%store_ln944 = store i64 %state_lsu_stq_data_load, i3 %new_stq_data_addr" [/home/lab_726/boom/hls_boom/src/boom_core_merged.cpp:944]   --->   Operation 352 'store' 'store_ln944' <Predicate = (state_lsu_stq_valid_load & icmp_ln941)> <Delay = 0.67> <CoreInst = "RAM">   --->   Core 83 'RAM' <Latency = 1> <II = 1> <Delay = 0.67> <Storage> <Opcode : 'load' 'store'> <Ports = 2> <Width = 64> <Depth = 8> <RAM>
ST_13 : Operation 353 [1/1] (0.00ns)   --->   "%br_ln945 = br void %.critedge95" [/home/lab_726/boom/hls_boom/src/boom_core_merged.cpp:945]   --->   Operation 353 'br' 'br_ln945' <Predicate = (state_lsu_stq_valid_load & icmp_ln941)> <Delay = 0.00>
ST_13 : Operation 354 [1/1] (0.42ns)   --->   "%store_ln939 = store i4 %add_ln939, i4 %i_20" [/home/lab_726/boom/hls_boom/src/boom_core_merged.cpp:939]   --->   Operation 354 'store' 'store_ln939' <Predicate = true> <Delay = 0.42>
ST_13 : Operation 355 [1/1] (0.00ns)   --->   "%br_ln0 = br void %.preheader1"   --->   Operation 355 'br' 'br_ln0' <Predicate = true> <Delay = 0.00>

State 14 <SV = 5> <Delay = 1.68>
ST_14 : Operation 356 [1/1] (0.00ns)   --->   "%i_28 = load i32 %i_21" [/home/lab_726/boom/hls_boom/src/boom_core_merged.cpp:947]   --->   Operation 356 'load' 'i_28' <Predicate = true> <Delay = 0.00>
ST_14 : Operation 357 [1/1] (0.00ns)   --->   "%zext_ln947 = zext i32 %i_28" [/home/lab_726/boom/hls_boom/src/boom_core_merged.cpp:947]   --->   Operation 357 'zext' 'zext_ln947' <Predicate = true> <Delay = 0.00>
ST_14 : Operation 358 [1/1] (0.00ns)   --->   "%tmp = partselect i29 @_ssdm_op_PartSelect.i29.i32.i32.i32, i32 %i_28, i32 3, i32 31" [/home/lab_726/boom/hls_boom/src/boom_core_merged.cpp:947]   --->   Operation 358 'partselect' 'tmp' <Predicate = true> <Delay = 0.00>
ST_14 : Operation 359 [1/1] (1.01ns)   --->   "%icmp_ln947 = icmp_slt  i29 %tmp, i29 1" [/home/lab_726/boom/hls_boom/src/boom_core_merged.cpp:947]   --->   Operation 359 'icmp' 'icmp_ln947' <Predicate = true> <Delay = 1.01> <CoreInst = "Cmp">   --->   Core 9 'Cmp' <Latency = 0> <II = 1> <Delay = 0.72> <FuncUnit> <Opcode : 'icmp'> <InPorts = 2> <OutPorts = 1>
ST_14 : Operation 360 [1/1] (0.00ns)   --->   "%br_ln947 = br i1 %icmp_ln947, void %._crit_edge90.loopexit.preheader, void %.split6" [/home/lab_726/boom/hls_boom/src/boom_core_merged.cpp:947]   --->   Operation 360 'br' 'br_ln947' <Predicate = true> <Delay = 0.00>
ST_14 : Operation 361 [1/1] (0.00ns)   --->   "%specloopname_ln947 = specloopname void @_ssdm_op_SpecLoopName, void @empty_49" [/home/lab_726/boom/hls_boom/src/boom_core_merged.cpp:947]   --->   Operation 361 'specloopname' 'specloopname_ln947' <Predicate = (icmp_ln947)> <Delay = 0.00>
ST_14 : Operation 362 [1/1] (0.00ns)   --->   "%new_ldq_valid_addr_1 = getelementptr i1 %new_ldq_valid, i64 0, i64 %zext_ln947" [/home/lab_726/boom/hls_boom/src/boom_core_merged.cpp:947]   --->   Operation 362 'getelementptr' 'new_ldq_valid_addr_1' <Predicate = (icmp_ln947)> <Delay = 0.00>
ST_14 : Operation 363 [1/1] (0.00ns)   --->   "%new_ldq_signed_load_addr_1 = getelementptr i1 %new_ldq_signed_load, i64 0, i64 %zext_ln947" [/home/lab_726/boom/hls_boom/src/boom_core_merged.cpp:947]   --->   Operation 363 'getelementptr' 'new_ldq_signed_load_addr_1' <Predicate = (icmp_ln947)> <Delay = 0.00>
ST_14 : Operation 364 [1/1] (0.00ns)   --->   "%new_ldq_response_pending_addr_1 = getelementptr i1 %new_ldq_response_pending, i64 0, i64 %zext_ln947" [/home/lab_726/boom/hls_boom/src/boom_core_merged.cpp:947]   --->   Operation 364 'getelementptr' 'new_ldq_response_pending_addr_1' <Predicate = (icmp_ln947)> <Delay = 0.00>
ST_14 : Operation 365 [1/1] (0.00ns)   --->   "%new_ldq_completed_addr_1 = getelementptr i1 %new_ldq_completed, i64 0, i64 %zext_ln947" [/home/lab_726/boom/hls_boom/src/boom_core_merged.cpp:947]   --->   Operation 365 'getelementptr' 'new_ldq_completed_addr_1' <Predicate = (icmp_ln947)> <Delay = 0.00>
ST_14 : Operation 366 [1/1] (0.00ns)   --->   "%new_ldq_killed_addr_1 = getelementptr i1 %new_ldq_killed, i64 0, i64 %zext_ln947" [/home/lab_726/boom/hls_boom/src/boom_core_merged.cpp:947]   --->   Operation 366 'getelementptr' 'new_ldq_killed_addr_1' <Predicate = (icmp_ln947)> <Delay = 0.00>
ST_14 : Operation 367 [1/1] (0.00ns)   --->   "%new_ldq_rob_idx_addr_1 = getelementptr i8 %new_ldq_rob_idx, i64 0, i64 %zext_ln947" [/home/lab_726/boom/hls_boom/src/boom_core_merged.cpp:947]   --->   Operation 367 'getelementptr' 'new_ldq_rob_idx_addr_1' <Predicate = (icmp_ln947)> <Delay = 0.00>
ST_14 : Operation 368 [1/1] (0.00ns)   --->   "%new_ldq_size_addr_1 = getelementptr i8 %new_ldq_size, i64 0, i64 %zext_ln947" [/home/lab_726/boom/hls_boom/src/boom_core_merged.cpp:947]   --->   Operation 368 'getelementptr' 'new_ldq_size_addr_1' <Predicate = (icmp_ln947)> <Delay = 0.00>
ST_14 : Operation 369 [1/1] (0.00ns)   --->   "%new_ldq_branch_mask_addr_1 = getelementptr i8 %new_ldq_branch_mask, i64 0, i64 %zext_ln947" [/home/lab_726/boom/hls_boom/src/boom_core_merged.cpp:947]   --->   Operation 369 'getelementptr' 'new_ldq_branch_mask_addr_1' <Predicate = (icmp_ln947)> <Delay = 0.00>
ST_14 : Operation 370 [1/1] (0.00ns)   --->   "%new_ldq_transaction_id_addr_1 = getelementptr i32 %new_ldq_transaction_id, i64 0, i64 %zext_ln947" [/home/lab_726/boom/hls_boom/src/boom_core_merged.cpp:947]   --->   Operation 370 'getelementptr' 'new_ldq_transaction_id_addr_1' <Predicate = (icmp_ln947)> <Delay = 0.00>
ST_14 : Operation 371 [1/1] (0.00ns)   --->   "%new_ldq_rob_allocation_id_addr_1 = getelementptr i32 %new_ldq_rob_allocation_id, i64 0, i64 %zext_ln947" [/home/lab_726/boom/hls_boom/src/boom_core_merged.cpp:947]   --->   Operation 371 'getelementptr' 'new_ldq_rob_allocation_id_addr_1' <Predicate = (icmp_ln947)> <Delay = 0.00>
ST_14 : Operation 372 [1/1] (0.00ns)   --->   "%new_ldq_addr_1 = getelementptr i64 %new_ldq_address, i64 0, i64 %zext_ln947" [/home/lab_726/boom/hls_boom/src/boom_core_merged.cpp:947]   --->   Operation 372 'getelementptr' 'new_ldq_addr_1' <Predicate = (icmp_ln947)> <Delay = 0.00>
ST_14 : Operation 373 [1/1] (0.00ns)   --->   "%new_ldq_result_addr_1 = getelementptr i64 %new_ldq_result, i64 0, i64 %zext_ln947" [/home/lab_726/boom/hls_boom/src/boom_core_merged.cpp:947]   --->   Operation 373 'getelementptr' 'new_ldq_result_addr_1' <Predicate = (icmp_ln947)> <Delay = 0.00>
ST_14 : Operation 374 [1/1] (0.67ns)   --->   "%store_ln947 = store i1 0, i3 %new_ldq_valid_addr_1" [/home/lab_726/boom/hls_boom/src/boom_core_merged.cpp:947]   --->   Operation 374 'store' 'store_ln947' <Predicate = (icmp_ln947)> <Delay = 0.67> <CoreInst = "RAM">   --->   Core 83 'RAM' <Latency = 1> <II = 1> <Delay = 0.67> <Storage> <Opcode : 'load' 'store'> <Ports = 2> <Width = 1> <Depth = 8> <RAM>
ST_14 : Operation 375 [1/1] (0.67ns)   --->   "%store_ln947 = store i1 0, i3 %new_ldq_signed_load_addr_1" [/home/lab_726/boom/hls_boom/src/boom_core_merged.cpp:947]   --->   Operation 375 'store' 'store_ln947' <Predicate = (icmp_ln947)> <Delay = 0.67> <CoreInst = "RAM">   --->   Core 83 'RAM' <Latency = 1> <II = 1> <Delay = 0.67> <Storage> <Opcode : 'load' 'store'> <Ports = 2> <Width = 1> <Depth = 8> <RAM>
ST_14 : Operation 376 [1/1] (0.67ns)   --->   "%store_ln947 = store i1 0, i3 %new_ldq_response_pending_addr_1" [/home/lab_726/boom/hls_boom/src/boom_core_merged.cpp:947]   --->   Operation 376 'store' 'store_ln947' <Predicate = (icmp_ln947)> <Delay = 0.67> <CoreInst = "RAM">   --->   Core 83 'RAM' <Latency = 1> <II = 1> <Delay = 0.67> <Storage> <Opcode : 'load' 'store'> <Ports = 2> <Width = 1> <Depth = 8> <RAM>
ST_14 : Operation 377 [1/1] (0.67ns)   --->   "%store_ln947 = store i1 0, i3 %new_ldq_completed_addr_1" [/home/lab_726/boom/hls_boom/src/boom_core_merged.cpp:947]   --->   Operation 377 'store' 'store_ln947' <Predicate = (icmp_ln947)> <Delay = 0.67> <CoreInst = "RAM">   --->   Core 83 'RAM' <Latency = 1> <II = 1> <Delay = 0.67> <Storage> <Opcode : 'load' 'store'> <Ports = 2> <Width = 1> <Depth = 8> <RAM>
ST_14 : Operation 378 [1/1] (0.67ns)   --->   "%store_ln947 = store i1 0, i3 %new_ldq_killed_addr_1" [/home/lab_726/boom/hls_boom/src/boom_core_merged.cpp:947]   --->   Operation 378 'store' 'store_ln947' <Predicate = (icmp_ln947)> <Delay = 0.67> <CoreInst = "RAM">   --->   Core 83 'RAM' <Latency = 1> <II = 1> <Delay = 0.67> <Storage> <Opcode : 'load' 'store'> <Ports = 2> <Width = 1> <Depth = 8> <RAM>
ST_14 : Operation 379 [1/1] (0.67ns)   --->   "%store_ln947 = store i8 0, i3 %new_ldq_rob_idx_addr_1" [/home/lab_726/boom/hls_boom/src/boom_core_merged.cpp:947]   --->   Operation 379 'store' 'store_ln947' <Predicate = (icmp_ln947)> <Delay = 0.67> <CoreInst = "RAM">   --->   Core 83 'RAM' <Latency = 1> <II = 1> <Delay = 0.67> <Storage> <Opcode : 'load' 'store'> <Ports = 2> <Width = 8> <Depth = 8> <RAM>
ST_14 : Operation 380 [1/1] (0.67ns)   --->   "%store_ln947 = store i8 0, i3 %new_ldq_size_addr_1" [/home/lab_726/boom/hls_boom/src/boom_core_merged.cpp:947]   --->   Operation 380 'store' 'store_ln947' <Predicate = (icmp_ln947)> <Delay = 0.67> <CoreInst = "RAM">   --->   Core 83 'RAM' <Latency = 1> <II = 1> <Delay = 0.67> <Storage> <Opcode : 'load' 'store'> <Ports = 2> <Width = 8> <Depth = 8> <RAM>
ST_14 : Operation 381 [1/1] (0.67ns)   --->   "%store_ln947 = store i8 0, i3 %new_ldq_branch_mask_addr_1" [/home/lab_726/boom/hls_boom/src/boom_core_merged.cpp:947]   --->   Operation 381 'store' 'store_ln947' <Predicate = (icmp_ln947)> <Delay = 0.67> <CoreInst = "RAM">   --->   Core 83 'RAM' <Latency = 1> <II = 1> <Delay = 0.67> <Storage> <Opcode : 'load' 'store'> <Ports = 2> <Width = 8> <Depth = 8> <RAM>
ST_14 : Operation 382 [1/1] (0.67ns)   --->   "%store_ln947 = store i32 0, i3 %new_ldq_transaction_id_addr_1" [/home/lab_726/boom/hls_boom/src/boom_core_merged.cpp:947]   --->   Operation 382 'store' 'store_ln947' <Predicate = (icmp_ln947)> <Delay = 0.67> <CoreInst = "RAM">   --->   Core 83 'RAM' <Latency = 1> <II = 1> <Delay = 0.67> <Storage> <Opcode : 'load' 'store'> <Ports = 2> <Width = 32> <Depth = 8> <RAM>
ST_14 : Operation 383 [1/1] (0.67ns)   --->   "%store_ln947 = store i32 0, i3 %new_ldq_rob_allocation_id_addr_1" [/home/lab_726/boom/hls_boom/src/boom_core_merged.cpp:947]   --->   Operation 383 'store' 'store_ln947' <Predicate = (icmp_ln947)> <Delay = 0.67> <CoreInst = "RAM">   --->   Core 83 'RAM' <Latency = 1> <II = 1> <Delay = 0.67> <Storage> <Opcode : 'load' 'store'> <Ports = 2> <Width = 32> <Depth = 8> <RAM>
ST_14 : Operation 384 [1/1] (0.67ns)   --->   "%store_ln947 = store i64 0, i3 %new_ldq_addr_1" [/home/lab_726/boom/hls_boom/src/boom_core_merged.cpp:947]   --->   Operation 384 'store' 'store_ln947' <Predicate = (icmp_ln947)> <Delay = 0.67> <CoreInst = "RAM">   --->   Core 83 'RAM' <Latency = 1> <II = 1> <Delay = 0.67> <Storage> <Opcode : 'load' 'store'> <Ports = 2> <Width = 64> <Depth = 8> <RAM>
ST_14 : Operation 385 [1/1] (0.67ns)   --->   "%store_ln947 = store i64 0, i3 %new_ldq_result_addr_1" [/home/lab_726/boom/hls_boom/src/boom_core_merged.cpp:947]   --->   Operation 385 'store' 'store_ln947' <Predicate = (icmp_ln947)> <Delay = 0.67> <CoreInst = "RAM">   --->   Core 83 'RAM' <Latency = 1> <II = 1> <Delay = 0.67> <Storage> <Opcode : 'load' 'store'> <Ports = 2> <Width = 64> <Depth = 8> <RAM>
ST_14 : Operation 386 [1/1] (1.01ns)   --->   "%add_ln947 = add i32 %i_28, i32 1" [/home/lab_726/boom/hls_boom/src/boom_core_merged.cpp:947]   --->   Operation 386 'add' 'add_ln947' <Predicate = (icmp_ln947)> <Delay = 1.01> <CoreInst = "Adder">   --->   Core 1 'Adder' <Latency = 0> <II = 1> <Delay = 0.79> <FuncUnit> <Opcode : 'add' 'sub'> <InPorts = 2> <OutPorts = 1>
ST_14 : Operation 387 [1/1] (0.42ns)   --->   "%store_ln947 = store i32 %add_ln947, i32 %i_21" [/home/lab_726/boom/hls_boom/src/boom_core_merged.cpp:947]   --->   Operation 387 'store' 'store_ln947' <Predicate = (icmp_ln947)> <Delay = 0.42>
ST_14 : Operation 388 [1/1] (0.00ns)   --->   "%br_ln0 = br void %.lr.ph89"   --->   Operation 388 'br' 'br_ln0' <Predicate = (icmp_ln947)> <Delay = 0.00>
ST_14 : Operation 389 [1/1] (0.00ns)   --->   "%i_23 = alloca i32 1"   --->   Operation 389 'alloca' 'i_23' <Predicate = (!icmp_ln947)> <Delay = 0.00>
ST_14 : Operation 390 [1/1] (0.42ns)   --->   "%store_ln948 = store i32 %sw_2, i32 %i_23" [/home/lab_726/boom/hls_boom/src/boom_core_merged.cpp:948]   --->   Operation 390 'store' 'store_ln948' <Predicate = (!icmp_ln947)> <Delay = 0.42>
ST_14 : Operation 391 [1/1] (0.00ns)   --->   "%br_ln948 = br void %._crit_edge90.loopexit" [/home/lab_726/boom/hls_boom/src/boom_core_merged.cpp:948]   --->   Operation 391 'br' 'br_ln948' <Predicate = (!icmp_ln947)> <Delay = 0.00>

State 15 <SV = 6> <Delay = 1.68>
ST_15 : Operation 392 [1/1] (0.00ns)   --->   "%i_29 = load i32 %i_23" [/home/lab_726/boom/hls_boom/src/boom_core_merged.cpp:948]   --->   Operation 392 'load' 'i_29' <Predicate = true> <Delay = 0.00>
ST_15 : Operation 393 [1/1] (0.00ns)   --->   "%zext_ln948 = zext i32 %i_29" [/home/lab_726/boom/hls_boom/src/boom_core_merged.cpp:948]   --->   Operation 393 'zext' 'zext_ln948' <Predicate = true> <Delay = 0.00>
ST_15 : Operation 394 [1/1] (0.00ns)   --->   "%tmp_9 = partselect i29 @_ssdm_op_PartSelect.i29.i32.i32.i32, i32 %i_29, i32 3, i32 31" [/home/lab_726/boom/hls_boom/src/boom_core_merged.cpp:948]   --->   Operation 394 'partselect' 'tmp_9' <Predicate = true> <Delay = 0.00>
ST_15 : Operation 395 [1/1] (1.01ns)   --->   "%icmp_ln948 = icmp_slt  i29 %tmp_9, i29 1" [/home/lab_726/boom/hls_boom/src/boom_core_merged.cpp:948]   --->   Operation 395 'icmp' 'icmp_ln948' <Predicate = true> <Delay = 1.01> <CoreInst = "Cmp">   --->   Core 9 'Cmp' <Latency = 0> <II = 1> <Delay = 0.72> <FuncUnit> <Opcode : 'icmp'> <InPorts = 2> <OutPorts = 1>
ST_15 : Operation 396 [1/1] (0.00ns)   --->   "%br_ln948 = br i1 %icmp_ln948, void %._crit_edge.loopexit.preheader, void %.split4" [/home/lab_726/boom/hls_boom/src/boom_core_merged.cpp:948]   --->   Operation 396 'br' 'br_ln948' <Predicate = true> <Delay = 0.00>
ST_15 : Operation 397 [1/1] (0.00ns)   --->   "%specloopname_ln948 = specloopname void @_ssdm_op_SpecLoopName, void @empty_26" [/home/lab_726/boom/hls_boom/src/boom_core_merged.cpp:948]   --->   Operation 397 'specloopname' 'specloopname_ln948' <Predicate = (icmp_ln948)> <Delay = 0.00>
ST_15 : Operation 398 [1/1] (0.00ns)   --->   "%new_stq_valid_addr_1 = getelementptr i1 %new_stq_valid, i64 0, i64 %zext_ln948" [/home/lab_726/boom/hls_boom/src/boom_core_merged.cpp:948]   --->   Operation 398 'getelementptr' 'new_stq_valid_addr_1' <Predicate = (icmp_ln948)> <Delay = 0.00>
ST_15 : Operation 399 [1/1] (0.00ns)   --->   "%new_stq_addr_3 = getelementptr i1 %new_stq_address_valid, i64 0, i64 %zext_ln948" [/home/lab_726/boom/hls_boom/src/boom_core_merged.cpp:948]   --->   Operation 399 'getelementptr' 'new_stq_addr_3' <Predicate = (icmp_ln948)> <Delay = 0.00>
ST_15 : Operation 400 [1/1] (0.00ns)   --->   "%new_stq_data_valid_addr_1 = getelementptr i1 %new_stq_data_valid, i64 0, i64 %zext_ln948" [/home/lab_726/boom/hls_boom/src/boom_core_merged.cpp:948]   --->   Operation 400 'getelementptr' 'new_stq_data_valid_addr_1' <Predicate = (icmp_ln948)> <Delay = 0.00>
ST_15 : Operation 401 [1/1] (0.00ns)   --->   "%new_stq_committed_addr_1 = getelementptr i1 %new_stq_committed, i64 0, i64 %zext_ln948" [/home/lab_726/boom/hls_boom/src/boom_core_merged.cpp:948]   --->   Operation 401 'getelementptr' 'new_stq_committed_addr_1' <Predicate = (icmp_ln948)> <Delay = 0.00>
ST_15 : Operation 402 [1/1] (0.00ns)   --->   "%new_stq_issued_to_memory_addr_1 = getelementptr i1 %new_stq_issued_to_memory, i64 0, i64 %zext_ln948" [/home/lab_726/boom/hls_boom/src/boom_core_merged.cpp:948]   --->   Operation 402 'getelementptr' 'new_stq_issued_to_memory_addr_1' <Predicate = (icmp_ln948)> <Delay = 0.00>
ST_15 : Operation 403 [1/1] (0.00ns)   --->   "%new_stq_completed_addr_1 = getelementptr i1 %new_stq_completed, i64 0, i64 %zext_ln948" [/home/lab_726/boom/hls_boom/src/boom_core_merged.cpp:948]   --->   Operation 403 'getelementptr' 'new_stq_completed_addr_1' <Predicate = (icmp_ln948)> <Delay = 0.00>
ST_15 : Operation 404 [1/1] (0.00ns)   --->   "%new_stq_killed_addr_1 = getelementptr i1 %new_stq_killed, i64 0, i64 %zext_ln948" [/home/lab_726/boom/hls_boom/src/boom_core_merged.cpp:948]   --->   Operation 404 'getelementptr' 'new_stq_killed_addr_1' <Predicate = (icmp_ln948)> <Delay = 0.00>
ST_15 : Operation 405 [1/1] (0.00ns)   --->   "%new_stq_rob_idx_addr_1 = getelementptr i8 %new_stq_rob_idx, i64 0, i64 %zext_ln948" [/home/lab_726/boom/hls_boom/src/boom_core_merged.cpp:948]   --->   Operation 405 'getelementptr' 'new_stq_rob_idx_addr_1' <Predicate = (icmp_ln948)> <Delay = 0.00>
ST_15 : Operation 406 [1/1] (0.00ns)   --->   "%new_stq_mask_addr_1 = getelementptr i8 %new_stq_mask, i64 0, i64 %zext_ln948" [/home/lab_726/boom/hls_boom/src/boom_core_merged.cpp:948]   --->   Operation 406 'getelementptr' 'new_stq_mask_addr_1' <Predicate = (icmp_ln948)> <Delay = 0.00>
ST_15 : Operation 407 [1/1] (0.00ns)   --->   "%new_stq_size_addr_1 = getelementptr i8 %new_stq_size, i64 0, i64 %zext_ln948" [/home/lab_726/boom/hls_boom/src/boom_core_merged.cpp:948]   --->   Operation 407 'getelementptr' 'new_stq_size_addr_1' <Predicate = (icmp_ln948)> <Delay = 0.00>
ST_15 : Operation 408 [1/1] (0.00ns)   --->   "%new_stq_branch_mask_addr_1 = getelementptr i8 %new_stq_branch_mask, i64 0, i64 %zext_ln948" [/home/lab_726/boom/hls_boom/src/boom_core_merged.cpp:948]   --->   Operation 408 'getelementptr' 'new_stq_branch_mask_addr_1' <Predicate = (icmp_ln948)> <Delay = 0.00>
ST_15 : Operation 409 [1/1] (0.00ns)   --->   "%new_stq_rob_allocation_id_addr_1 = getelementptr i32 %new_stq_rob_allocation_id, i64 0, i64 %zext_ln948" [/home/lab_726/boom/hls_boom/src/boom_core_merged.cpp:948]   --->   Operation 409 'getelementptr' 'new_stq_rob_allocation_id_addr_1' <Predicate = (icmp_ln948)> <Delay = 0.00>
ST_15 : Operation 410 [1/1] (0.00ns)   --->   "%new_stq_addr_4 = getelementptr i64 %new_stq_address, i64 0, i64 %zext_ln948" [/home/lab_726/boom/hls_boom/src/boom_core_merged.cpp:948]   --->   Operation 410 'getelementptr' 'new_stq_addr_4' <Predicate = (icmp_ln948)> <Delay = 0.00>
ST_15 : Operation 411 [1/1] (0.00ns)   --->   "%new_stq_data_addr_1 = getelementptr i64 %new_stq_data, i64 0, i64 %zext_ln948" [/home/lab_726/boom/hls_boom/src/boom_core_merged.cpp:948]   --->   Operation 411 'getelementptr' 'new_stq_data_addr_1' <Predicate = (icmp_ln948)> <Delay = 0.00>
ST_15 : Operation 412 [1/1] (0.67ns)   --->   "%store_ln948 = store i1 0, i3 %new_stq_valid_addr_1" [/home/lab_726/boom/hls_boom/src/boom_core_merged.cpp:948]   --->   Operation 412 'store' 'store_ln948' <Predicate = (icmp_ln948)> <Delay = 0.67> <CoreInst = "RAM">   --->   Core 83 'RAM' <Latency = 1> <II = 1> <Delay = 0.67> <Storage> <Opcode : 'load' 'store'> <Ports = 2> <Width = 1> <Depth = 8> <RAM>
ST_15 : Operation 413 [1/1] (0.67ns)   --->   "%store_ln948 = store i1 0, i3 %new_stq_addr_3" [/home/lab_726/boom/hls_boom/src/boom_core_merged.cpp:948]   --->   Operation 413 'store' 'store_ln948' <Predicate = (icmp_ln948)> <Delay = 0.67> <CoreInst = "RAM">   --->   Core 83 'RAM' <Latency = 1> <II = 1> <Delay = 0.67> <Storage> <Opcode : 'load' 'store'> <Ports = 2> <Width = 1> <Depth = 8> <RAM>
ST_15 : Operation 414 [1/1] (0.67ns)   --->   "%store_ln948 = store i1 0, i3 %new_stq_data_valid_addr_1" [/home/lab_726/boom/hls_boom/src/boom_core_merged.cpp:948]   --->   Operation 414 'store' 'store_ln948' <Predicate = (icmp_ln948)> <Delay = 0.67> <CoreInst = "RAM">   --->   Core 83 'RAM' <Latency = 1> <II = 1> <Delay = 0.67> <Storage> <Opcode : 'load' 'store'> <Ports = 2> <Width = 1> <Depth = 8> <RAM>
ST_15 : Operation 415 [1/1] (0.67ns)   --->   "%store_ln948 = store i1 0, i3 %new_stq_committed_addr_1" [/home/lab_726/boom/hls_boom/src/boom_core_merged.cpp:948]   --->   Operation 415 'store' 'store_ln948' <Predicate = (icmp_ln948)> <Delay = 0.67> <CoreInst = "RAM">   --->   Core 83 'RAM' <Latency = 1> <II = 1> <Delay = 0.67> <Storage> <Opcode : 'load' 'store'> <Ports = 2> <Width = 1> <Depth = 8> <RAM>
ST_15 : Operation 416 [1/1] (0.67ns)   --->   "%store_ln948 = store i1 0, i3 %new_stq_issued_to_memory_addr_1" [/home/lab_726/boom/hls_boom/src/boom_core_merged.cpp:948]   --->   Operation 416 'store' 'store_ln948' <Predicate = (icmp_ln948)> <Delay = 0.67> <CoreInst = "RAM">   --->   Core 83 'RAM' <Latency = 1> <II = 1> <Delay = 0.67> <Storage> <Opcode : 'load' 'store'> <Ports = 2> <Width = 1> <Depth = 8> <RAM>
ST_15 : Operation 417 [1/1] (0.67ns)   --->   "%store_ln948 = store i1 0, i3 %new_stq_completed_addr_1" [/home/lab_726/boom/hls_boom/src/boom_core_merged.cpp:948]   --->   Operation 417 'store' 'store_ln948' <Predicate = (icmp_ln948)> <Delay = 0.67> <CoreInst = "RAM">   --->   Core 83 'RAM' <Latency = 1> <II = 1> <Delay = 0.67> <Storage> <Opcode : 'load' 'store'> <Ports = 2> <Width = 1> <Depth = 8> <RAM>
ST_15 : Operation 418 [1/1] (0.67ns)   --->   "%store_ln948 = store i1 0, i3 %new_stq_killed_addr_1" [/home/lab_726/boom/hls_boom/src/boom_core_merged.cpp:948]   --->   Operation 418 'store' 'store_ln948' <Predicate = (icmp_ln948)> <Delay = 0.67> <CoreInst = "RAM">   --->   Core 83 'RAM' <Latency = 1> <II = 1> <Delay = 0.67> <Storage> <Opcode : 'load' 'store'> <Ports = 2> <Width = 1> <Depth = 8> <RAM>
ST_15 : Operation 419 [1/1] (0.67ns)   --->   "%store_ln948 = store i8 0, i3 %new_stq_rob_idx_addr_1" [/home/lab_726/boom/hls_boom/src/boom_core_merged.cpp:948]   --->   Operation 419 'store' 'store_ln948' <Predicate = (icmp_ln948)> <Delay = 0.67> <CoreInst = "RAM">   --->   Core 83 'RAM' <Latency = 1> <II = 1> <Delay = 0.67> <Storage> <Opcode : 'load' 'store'> <Ports = 2> <Width = 8> <Depth = 8> <RAM>
ST_15 : Operation 420 [1/1] (0.67ns)   --->   "%store_ln948 = store i8 0, i3 %new_stq_mask_addr_1" [/home/lab_726/boom/hls_boom/src/boom_core_merged.cpp:948]   --->   Operation 420 'store' 'store_ln948' <Predicate = (icmp_ln948)> <Delay = 0.67> <CoreInst = "RAM">   --->   Core 83 'RAM' <Latency = 1> <II = 1> <Delay = 0.67> <Storage> <Opcode : 'load' 'store'> <Ports = 2> <Width = 8> <Depth = 8> <RAM>
ST_15 : Operation 421 [1/1] (0.67ns)   --->   "%store_ln948 = store i8 0, i3 %new_stq_size_addr_1" [/home/lab_726/boom/hls_boom/src/boom_core_merged.cpp:948]   --->   Operation 421 'store' 'store_ln948' <Predicate = (icmp_ln948)> <Delay = 0.67> <CoreInst = "RAM">   --->   Core 83 'RAM' <Latency = 1> <II = 1> <Delay = 0.67> <Storage> <Opcode : 'load' 'store'> <Ports = 2> <Width = 8> <Depth = 8> <RAM>
ST_15 : Operation 422 [1/1] (0.67ns)   --->   "%store_ln948 = store i8 0, i3 %new_stq_branch_mask_addr_1" [/home/lab_726/boom/hls_boom/src/boom_core_merged.cpp:948]   --->   Operation 422 'store' 'store_ln948' <Predicate = (icmp_ln948)> <Delay = 0.67> <CoreInst = "RAM">   --->   Core 83 'RAM' <Latency = 1> <II = 1> <Delay = 0.67> <Storage> <Opcode : 'load' 'store'> <Ports = 2> <Width = 8> <Depth = 8> <RAM>
ST_15 : Operation 423 [1/1] (0.67ns)   --->   "%store_ln948 = store i32 0, i3 %new_stq_rob_allocation_id_addr_1" [/home/lab_726/boom/hls_boom/src/boom_core_merged.cpp:948]   --->   Operation 423 'store' 'store_ln948' <Predicate = (icmp_ln948)> <Delay = 0.67> <CoreInst = "RAM">   --->   Core 83 'RAM' <Latency = 1> <II = 1> <Delay = 0.67> <Storage> <Opcode : 'load' 'store'> <Ports = 2> <Width = 32> <Depth = 8> <RAM>
ST_15 : Operation 424 [1/1] (0.67ns)   --->   "%store_ln948 = store i64 0, i3 %new_stq_addr_4" [/home/lab_726/boom/hls_boom/src/boom_core_merged.cpp:948]   --->   Operation 424 'store' 'store_ln948' <Predicate = (icmp_ln948)> <Delay = 0.67> <CoreInst = "RAM">   --->   Core 83 'RAM' <Latency = 1> <II = 1> <Delay = 0.67> <Storage> <Opcode : 'load' 'store'> <Ports = 2> <Width = 64> <Depth = 8> <RAM>
ST_15 : Operation 425 [1/1] (0.67ns)   --->   "%store_ln948 = store i64 0, i3 %new_stq_data_addr_1" [/home/lab_726/boom/hls_boom/src/boom_core_merged.cpp:948]   --->   Operation 425 'store' 'store_ln948' <Predicate = (icmp_ln948)> <Delay = 0.67> <CoreInst = "RAM">   --->   Core 83 'RAM' <Latency = 1> <II = 1> <Delay = 0.67> <Storage> <Opcode : 'load' 'store'> <Ports = 2> <Width = 64> <Depth = 8> <RAM>
ST_15 : Operation 426 [1/1] (1.01ns)   --->   "%add_ln948 = add i32 %i_29, i32 1" [/home/lab_726/boom/hls_boom/src/boom_core_merged.cpp:948]   --->   Operation 426 'add' 'add_ln948' <Predicate = (icmp_ln948)> <Delay = 1.01> <CoreInst = "Adder">   --->   Core 1 'Adder' <Latency = 0> <II = 1> <Delay = 0.79> <FuncUnit> <Opcode : 'add' 'sub'> <InPorts = 2> <OutPorts = 1>
ST_15 : Operation 427 [1/1] (0.42ns)   --->   "%store_ln948 = store i32 %add_ln948, i32 %i_23" [/home/lab_726/boom/hls_boom/src/boom_core_merged.cpp:948]   --->   Operation 427 'store' 'store_ln948' <Predicate = (icmp_ln948)> <Delay = 0.42>
ST_15 : Operation 428 [1/1] (0.00ns)   --->   "%br_ln0 = br void %._crit_edge90.loopexit"   --->   Operation 428 'br' 'br_ln0' <Predicate = (icmp_ln948)> <Delay = 0.00>
ST_15 : Operation 429 [1/1] (0.00ns)   --->   "%i_24 = alloca i32 1"   --->   Operation 429 'alloca' 'i_24' <Predicate = (!icmp_ln948)> <Delay = 0.00>
ST_15 : Operation 430 [1/1] (0.42ns)   --->   "%store_ln949 = store i4 0, i4 %i_24" [/home/lab_726/boom/hls_boom/src/boom_core_merged.cpp:949]   --->   Operation 430 'store' 'store_ln949' <Predicate = (!icmp_ln948)> <Delay = 0.42>
ST_15 : Operation 431 [1/1] (0.00ns)   --->   "%br_ln949 = br void %._crit_edge.loopexit" [/home/lab_726/boom/hls_boom/src/boom_core_merged.cpp:949]   --->   Operation 431 'br' 'br_ln949' <Predicate = (!icmp_ln948)> <Delay = 0.00>

State 16 <SV = 7> <Delay = 1.22>
ST_16 : Operation 432 [1/1] (0.00ns)   --->   "%i_30 = load i4 %i_24" [/home/lab_726/boom/hls_boom/src/boom_core_merged.cpp:949]   --->   Operation 432 'load' 'i_30' <Predicate = true> <Delay = 0.00>
ST_16 : Operation 433 [1/1] (0.00ns)   --->   "%zext_ln949 = zext i4 %i_30" [/home/lab_726/boom/hls_boom/src/boom_core_merged.cpp:949]   --->   Operation 433 'zext' 'zext_ln949' <Predicate = true> <Delay = 0.00>
ST_16 : Operation 434 [1/1] (0.72ns)   --->   "%icmp_ln949 = icmp_eq  i4 %i_30, i4 8" [/home/lab_726/boom/hls_boom/src/boom_core_merged.cpp:949]   --->   Operation 434 'icmp' 'icmp_ln949' <Predicate = true> <Delay = 0.72> <CoreInst = "Cmp">   --->   Core 9 'Cmp' <Latency = 0> <II = 1> <Delay = 0.72> <FuncUnit> <Opcode : 'icmp'> <InPorts = 2> <OutPorts = 1>
ST_16 : Operation 435 [1/1] (0.00ns)   --->   "%empty_111 = speclooptripcount i32 @_ssdm_op_SpecLoopTripCount, i64 8, i64 8, i64 8"   --->   Operation 435 'speclooptripcount' 'empty_111' <Predicate = true> <Delay = 0.00>
ST_16 : Operation 436 [1/1] (0.79ns)   --->   "%add_ln949 = add i4 %i_30, i4 1" [/home/lab_726/boom/hls_boom/src/boom_core_merged.cpp:949]   --->   Operation 436 'add' 'add_ln949' <Predicate = true> <Delay = 0.79> <CoreInst = "Adder">   --->   Core 1 'Adder' <Latency = 0> <II = 1> <Delay = 0.79> <FuncUnit> <Opcode : 'add' 'sub'> <InPorts = 2> <OutPorts = 1>
ST_16 : Operation 437 [1/1] (0.00ns)   --->   "%br_ln949 = br i1 %icmp_ln949, void %.split2, void %.preheader.preheader" [/home/lab_726/boom/hls_boom/src/boom_core_merged.cpp:949]   --->   Operation 437 'br' 'br_ln949' <Predicate = true> <Delay = 0.00>
ST_16 : Operation 438 [1/1] (0.00ns)   --->   "%new_ldq_valid_addr_2 = getelementptr i1 %new_ldq_valid, i64 0, i64 %zext_ln949" [/home/lab_726/boom/hls_boom/src/boom_core_merged.cpp:949]   --->   Operation 438 'getelementptr' 'new_ldq_valid_addr_2' <Predicate = (!icmp_ln949)> <Delay = 0.00>
ST_16 : Operation 439 [1/1] (0.00ns)   --->   "%new_ldq_signed_load_addr_2 = getelementptr i1 %new_ldq_signed_load, i64 0, i64 %zext_ln949" [/home/lab_726/boom/hls_boom/src/boom_core_merged.cpp:949]   --->   Operation 439 'getelementptr' 'new_ldq_signed_load_addr_2' <Predicate = (!icmp_ln949)> <Delay = 0.00>
ST_16 : Operation 440 [1/1] (0.00ns)   --->   "%new_ldq_response_pending_addr_2 = getelementptr i1 %new_ldq_response_pending, i64 0, i64 %zext_ln949" [/home/lab_726/boom/hls_boom/src/boom_core_merged.cpp:949]   --->   Operation 440 'getelementptr' 'new_ldq_response_pending_addr_2' <Predicate = (!icmp_ln949)> <Delay = 0.00>
ST_16 : Operation 441 [1/1] (0.00ns)   --->   "%new_ldq_completed_addr_2 = getelementptr i1 %new_ldq_completed, i64 0, i64 %zext_ln949" [/home/lab_726/boom/hls_boom/src/boom_core_merged.cpp:949]   --->   Operation 441 'getelementptr' 'new_ldq_completed_addr_2' <Predicate = (!icmp_ln949)> <Delay = 0.00>
ST_16 : Operation 442 [1/1] (0.00ns)   --->   "%new_ldq_killed_addr_2 = getelementptr i1 %new_ldq_killed, i64 0, i64 %zext_ln949" [/home/lab_726/boom/hls_boom/src/boom_core_merged.cpp:949]   --->   Operation 442 'getelementptr' 'new_ldq_killed_addr_2' <Predicate = (!icmp_ln949)> <Delay = 0.00>
ST_16 : Operation 443 [1/1] (0.00ns)   --->   "%new_ldq_rob_idx_addr_2 = getelementptr i8 %new_ldq_rob_idx, i64 0, i64 %zext_ln949" [/home/lab_726/boom/hls_boom/src/boom_core_merged.cpp:949]   --->   Operation 443 'getelementptr' 'new_ldq_rob_idx_addr_2' <Predicate = (!icmp_ln949)> <Delay = 0.00>
ST_16 : Operation 444 [1/1] (0.00ns)   --->   "%new_ldq_size_addr_2 = getelementptr i8 %new_ldq_size, i64 0, i64 %zext_ln949" [/home/lab_726/boom/hls_boom/src/boom_core_merged.cpp:949]   --->   Operation 444 'getelementptr' 'new_ldq_size_addr_2' <Predicate = (!icmp_ln949)> <Delay = 0.00>
ST_16 : Operation 445 [1/1] (0.00ns)   --->   "%new_ldq_branch_mask_addr_2 = getelementptr i8 %new_ldq_branch_mask, i64 0, i64 %zext_ln949" [/home/lab_726/boom/hls_boom/src/boom_core_merged.cpp:949]   --->   Operation 445 'getelementptr' 'new_ldq_branch_mask_addr_2' <Predicate = (!icmp_ln949)> <Delay = 0.00>
ST_16 : Operation 446 [1/1] (0.00ns)   --->   "%new_ldq_transaction_id_addr_2 = getelementptr i32 %new_ldq_transaction_id, i64 0, i64 %zext_ln949" [/home/lab_726/boom/hls_boom/src/boom_core_merged.cpp:949]   --->   Operation 446 'getelementptr' 'new_ldq_transaction_id_addr_2' <Predicate = (!icmp_ln949)> <Delay = 0.00>
ST_16 : Operation 447 [1/1] (0.00ns)   --->   "%new_ldq_rob_allocation_id_addr_2 = getelementptr i32 %new_ldq_rob_allocation_id, i64 0, i64 %zext_ln949" [/home/lab_726/boom/hls_boom/src/boom_core_merged.cpp:949]   --->   Operation 447 'getelementptr' 'new_ldq_rob_allocation_id_addr_2' <Predicate = (!icmp_ln949)> <Delay = 0.00>
ST_16 : Operation 448 [1/1] (0.00ns)   --->   "%new_ldq_addr_2 = getelementptr i64 %new_ldq_address, i64 0, i64 %zext_ln949" [/home/lab_726/boom/hls_boom/src/boom_core_merged.cpp:949]   --->   Operation 448 'getelementptr' 'new_ldq_addr_2' <Predicate = (!icmp_ln949)> <Delay = 0.00>
ST_16 : Operation 449 [1/1] (0.00ns)   --->   "%new_ldq_result_addr_2 = getelementptr i64 %new_ldq_result, i64 0, i64 %zext_ln949" [/home/lab_726/boom/hls_boom/src/boom_core_merged.cpp:949]   --->   Operation 449 'getelementptr' 'new_ldq_result_addr_2' <Predicate = (!icmp_ln949)> <Delay = 0.00>
ST_16 : Operation 450 [2/2] (0.67ns)   --->   "%new_ldq_valid_load = load i3 %new_ldq_valid_addr_2" [/home/lab_726/boom/hls_boom/src/boom_core_merged.cpp:949]   --->   Operation 450 'load' 'new_ldq_valid_load' <Predicate = (!icmp_ln949)> <Delay = 0.67> <CoreInst = "RAM">   --->   Core 83 'RAM' <Latency = 1> <II = 1> <Delay = 0.67> <Storage> <Opcode : 'load' 'store'> <Ports = 2> <Width = 1> <Depth = 8> <RAM>
ST_16 : Operation 451 [2/2] (0.67ns)   --->   "%new_ldq_signed_load_load = load i3 %new_ldq_signed_load_addr_2" [/home/lab_726/boom/hls_boom/src/boom_core_merged.cpp:949]   --->   Operation 451 'load' 'new_ldq_signed_load_load' <Predicate = (!icmp_ln949)> <Delay = 0.67> <CoreInst = "RAM">   --->   Core 83 'RAM' <Latency = 1> <II = 1> <Delay = 0.67> <Storage> <Opcode : 'load' 'store'> <Ports = 2> <Width = 1> <Depth = 8> <RAM>
ST_16 : Operation 452 [2/2] (0.67ns)   --->   "%new_ldq_response_pending_load = load i3 %new_ldq_response_pending_addr_2" [/home/lab_726/boom/hls_boom/src/boom_core_merged.cpp:949]   --->   Operation 452 'load' 'new_ldq_response_pending_load' <Predicate = (!icmp_ln949)> <Delay = 0.67> <CoreInst = "RAM">   --->   Core 83 'RAM' <Latency = 1> <II = 1> <Delay = 0.67> <Storage> <Opcode : 'load' 'store'> <Ports = 2> <Width = 1> <Depth = 8> <RAM>
ST_16 : Operation 453 [2/2] (0.67ns)   --->   "%new_ldq_completed_load = load i3 %new_ldq_completed_addr_2" [/home/lab_726/boom/hls_boom/src/boom_core_merged.cpp:949]   --->   Operation 453 'load' 'new_ldq_completed_load' <Predicate = (!icmp_ln949)> <Delay = 0.67> <CoreInst = "RAM">   --->   Core 83 'RAM' <Latency = 1> <II = 1> <Delay = 0.67> <Storage> <Opcode : 'load' 'store'> <Ports = 2> <Width = 1> <Depth = 8> <RAM>
ST_16 : Operation 454 [2/2] (0.67ns)   --->   "%new_ldq_killed_load = load i3 %new_ldq_killed_addr_2" [/home/lab_726/boom/hls_boom/src/boom_core_merged.cpp:949]   --->   Operation 454 'load' 'new_ldq_killed_load' <Predicate = (!icmp_ln949)> <Delay = 0.67> <CoreInst = "RAM">   --->   Core 83 'RAM' <Latency = 1> <II = 1> <Delay = 0.67> <Storage> <Opcode : 'load' 'store'> <Ports = 2> <Width = 1> <Depth = 8> <RAM>
ST_16 : Operation 455 [2/2] (0.67ns)   --->   "%new_ldq_rob_idx_load = load i3 %new_ldq_rob_idx_addr_2" [/home/lab_726/boom/hls_boom/src/boom_core_merged.cpp:949]   --->   Operation 455 'load' 'new_ldq_rob_idx_load' <Predicate = (!icmp_ln949)> <Delay = 0.67> <CoreInst = "RAM">   --->   Core 83 'RAM' <Latency = 1> <II = 1> <Delay = 0.67> <Storage> <Opcode : 'load' 'store'> <Ports = 2> <Width = 8> <Depth = 8> <RAM>
ST_16 : Operation 456 [2/2] (0.67ns)   --->   "%new_ldq_size_load = load i3 %new_ldq_size_addr_2" [/home/lab_726/boom/hls_boom/src/boom_core_merged.cpp:949]   --->   Operation 456 'load' 'new_ldq_size_load' <Predicate = (!icmp_ln949)> <Delay = 0.67> <CoreInst = "RAM">   --->   Core 83 'RAM' <Latency = 1> <II = 1> <Delay = 0.67> <Storage> <Opcode : 'load' 'store'> <Ports = 2> <Width = 8> <Depth = 8> <RAM>
ST_16 : Operation 457 [2/2] (0.67ns)   --->   "%new_ldq_branch_mask_load = load i3 %new_ldq_branch_mask_addr_2" [/home/lab_726/boom/hls_boom/src/boom_core_merged.cpp:949]   --->   Operation 457 'load' 'new_ldq_branch_mask_load' <Predicate = (!icmp_ln949)> <Delay = 0.67> <CoreInst = "RAM">   --->   Core 83 'RAM' <Latency = 1> <II = 1> <Delay = 0.67> <Storage> <Opcode : 'load' 'store'> <Ports = 2> <Width = 8> <Depth = 8> <RAM>
ST_16 : Operation 458 [2/2] (0.67ns)   --->   "%new_ldq_transaction_id_load = load i3 %new_ldq_transaction_id_addr_2" [/home/lab_726/boom/hls_boom/src/boom_core_merged.cpp:949]   --->   Operation 458 'load' 'new_ldq_transaction_id_load' <Predicate = (!icmp_ln949)> <Delay = 0.67> <CoreInst = "RAM">   --->   Core 83 'RAM' <Latency = 1> <II = 1> <Delay = 0.67> <Storage> <Opcode : 'load' 'store'> <Ports = 2> <Width = 32> <Depth = 8> <RAM>
ST_16 : Operation 459 [2/2] (0.67ns)   --->   "%new_ldq_rob_allocation_id_load = load i3 %new_ldq_rob_allocation_id_addr_2" [/home/lab_726/boom/hls_boom/src/boom_core_merged.cpp:949]   --->   Operation 459 'load' 'new_ldq_rob_allocation_id_load' <Predicate = (!icmp_ln949)> <Delay = 0.67> <CoreInst = "RAM">   --->   Core 83 'RAM' <Latency = 1> <II = 1> <Delay = 0.67> <Storage> <Opcode : 'load' 'store'> <Ports = 2> <Width = 32> <Depth = 8> <RAM>
ST_16 : Operation 460 [2/2] (0.67ns)   --->   "%new_ldq_load = load i3 %new_ldq_addr_2" [/home/lab_726/boom/hls_boom/src/boom_core_merged.cpp:949]   --->   Operation 460 'load' 'new_ldq_load' <Predicate = (!icmp_ln949)> <Delay = 0.67> <CoreInst = "RAM">   --->   Core 83 'RAM' <Latency = 1> <II = 1> <Delay = 0.67> <Storage> <Opcode : 'load' 'store'> <Ports = 2> <Width = 64> <Depth = 8> <RAM>
ST_16 : Operation 461 [2/2] (0.67ns)   --->   "%new_ldq_result_load = load i3 %new_ldq_result_addr_2" [/home/lab_726/boom/hls_boom/src/boom_core_merged.cpp:949]   --->   Operation 461 'load' 'new_ldq_result_load' <Predicate = (!icmp_ln949)> <Delay = 0.67> <CoreInst = "RAM">   --->   Core 83 'RAM' <Latency = 1> <II = 1> <Delay = 0.67> <Storage> <Opcode : 'load' 'store'> <Ports = 2> <Width = 64> <Depth = 8> <RAM>
ST_16 : Operation 462 [1/1] (0.42ns)   --->   "%store_ln949 = store i4 %add_ln949, i4 %i_24" [/home/lab_726/boom/hls_boom/src/boom_core_merged.cpp:949]   --->   Operation 462 'store' 'store_ln949' <Predicate = (!icmp_ln949)> <Delay = 0.42>
ST_16 : Operation 463 [1/1] (0.00ns)   --->   "%i_25 = alloca i32 1"   --->   Operation 463 'alloca' 'i_25' <Predicate = (icmp_ln949)> <Delay = 0.00>
ST_16 : Operation 464 [1/1] (0.42ns)   --->   "%store_ln950 = store i4 0, i4 %i_25" [/home/lab_726/boom/hls_boom/src/boom_core_merged.cpp:950]   --->   Operation 464 'store' 'store_ln950' <Predicate = (icmp_ln949)> <Delay = 0.42>
ST_16 : Operation 465 [1/1] (0.00ns)   --->   "%br_ln950 = br void %.preheader" [/home/lab_726/boom/hls_boom/src/boom_core_merged.cpp:950]   --->   Operation 465 'br' 'br_ln950' <Predicate = (icmp_ln949)> <Delay = 0.00>

State 17 <SV = 8> <Delay = 1.35>
ST_17 : Operation 466 [1/1] (0.00ns)   --->   "%specloopname_ln949 = specloopname void @_ssdm_op_SpecLoopName, void @empty_1" [/home/lab_726/boom/hls_boom/src/boom_core_merged.cpp:949]   --->   Operation 466 'specloopname' 'specloopname_ln949' <Predicate = true> <Delay = 0.00>
ST_17 : Operation 467 [1/2] (0.67ns)   --->   "%new_ldq_valid_load = load i3 %new_ldq_valid_addr_2" [/home/lab_726/boom/hls_boom/src/boom_core_merged.cpp:949]   --->   Operation 467 'load' 'new_ldq_valid_load' <Predicate = true> <Delay = 0.67> <CoreInst = "RAM">   --->   Core 83 'RAM' <Latency = 1> <II = 1> <Delay = 0.67> <Storage> <Opcode : 'load' 'store'> <Ports = 2> <Width = 1> <Depth = 8> <RAM>
ST_17 : Operation 468 [1/2] (0.67ns)   --->   "%new_ldq_signed_load_load = load i3 %new_ldq_signed_load_addr_2" [/home/lab_726/boom/hls_boom/src/boom_core_merged.cpp:949]   --->   Operation 468 'load' 'new_ldq_signed_load_load' <Predicate = true> <Delay = 0.67> <CoreInst = "RAM">   --->   Core 83 'RAM' <Latency = 1> <II = 1> <Delay = 0.67> <Storage> <Opcode : 'load' 'store'> <Ports = 2> <Width = 1> <Depth = 8> <RAM>
ST_17 : Operation 469 [1/2] (0.67ns)   --->   "%new_ldq_response_pending_load = load i3 %new_ldq_response_pending_addr_2" [/home/lab_726/boom/hls_boom/src/boom_core_merged.cpp:949]   --->   Operation 469 'load' 'new_ldq_response_pending_load' <Predicate = true> <Delay = 0.67> <CoreInst = "RAM">   --->   Core 83 'RAM' <Latency = 1> <II = 1> <Delay = 0.67> <Storage> <Opcode : 'load' 'store'> <Ports = 2> <Width = 1> <Depth = 8> <RAM>
ST_17 : Operation 470 [1/2] (0.67ns)   --->   "%new_ldq_completed_load = load i3 %new_ldq_completed_addr_2" [/home/lab_726/boom/hls_boom/src/boom_core_merged.cpp:949]   --->   Operation 470 'load' 'new_ldq_completed_load' <Predicate = true> <Delay = 0.67> <CoreInst = "RAM">   --->   Core 83 'RAM' <Latency = 1> <II = 1> <Delay = 0.67> <Storage> <Opcode : 'load' 'store'> <Ports = 2> <Width = 1> <Depth = 8> <RAM>
ST_17 : Operation 471 [1/2] (0.67ns)   --->   "%new_ldq_killed_load = load i3 %new_ldq_killed_addr_2" [/home/lab_726/boom/hls_boom/src/boom_core_merged.cpp:949]   --->   Operation 471 'load' 'new_ldq_killed_load' <Predicate = true> <Delay = 0.67> <CoreInst = "RAM">   --->   Core 83 'RAM' <Latency = 1> <II = 1> <Delay = 0.67> <Storage> <Opcode : 'load' 'store'> <Ports = 2> <Width = 1> <Depth = 8> <RAM>
ST_17 : Operation 472 [1/2] (0.67ns)   --->   "%new_ldq_rob_idx_load = load i3 %new_ldq_rob_idx_addr_2" [/home/lab_726/boom/hls_boom/src/boom_core_merged.cpp:949]   --->   Operation 472 'load' 'new_ldq_rob_idx_load' <Predicate = true> <Delay = 0.67> <CoreInst = "RAM">   --->   Core 83 'RAM' <Latency = 1> <II = 1> <Delay = 0.67> <Storage> <Opcode : 'load' 'store'> <Ports = 2> <Width = 8> <Depth = 8> <RAM>
ST_17 : Operation 473 [1/2] (0.67ns)   --->   "%new_ldq_size_load = load i3 %new_ldq_size_addr_2" [/home/lab_726/boom/hls_boom/src/boom_core_merged.cpp:949]   --->   Operation 473 'load' 'new_ldq_size_load' <Predicate = true> <Delay = 0.67> <CoreInst = "RAM">   --->   Core 83 'RAM' <Latency = 1> <II = 1> <Delay = 0.67> <Storage> <Opcode : 'load' 'store'> <Ports = 2> <Width = 8> <Depth = 8> <RAM>
ST_17 : Operation 474 [1/2] (0.67ns)   --->   "%new_ldq_branch_mask_load = load i3 %new_ldq_branch_mask_addr_2" [/home/lab_726/boom/hls_boom/src/boom_core_merged.cpp:949]   --->   Operation 474 'load' 'new_ldq_branch_mask_load' <Predicate = true> <Delay = 0.67> <CoreInst = "RAM">   --->   Core 83 'RAM' <Latency = 1> <II = 1> <Delay = 0.67> <Storage> <Opcode : 'load' 'store'> <Ports = 2> <Width = 8> <Depth = 8> <RAM>
ST_17 : Operation 475 [1/2] (0.67ns)   --->   "%new_ldq_transaction_id_load = load i3 %new_ldq_transaction_id_addr_2" [/home/lab_726/boom/hls_boom/src/boom_core_merged.cpp:949]   --->   Operation 475 'load' 'new_ldq_transaction_id_load' <Predicate = true> <Delay = 0.67> <CoreInst = "RAM">   --->   Core 83 'RAM' <Latency = 1> <II = 1> <Delay = 0.67> <Storage> <Opcode : 'load' 'store'> <Ports = 2> <Width = 32> <Depth = 8> <RAM>
ST_17 : Operation 476 [1/2] (0.67ns)   --->   "%new_ldq_rob_allocation_id_load = load i3 %new_ldq_rob_allocation_id_addr_2" [/home/lab_726/boom/hls_boom/src/boom_core_merged.cpp:949]   --->   Operation 476 'load' 'new_ldq_rob_allocation_id_load' <Predicate = true> <Delay = 0.67> <CoreInst = "RAM">   --->   Core 83 'RAM' <Latency = 1> <II = 1> <Delay = 0.67> <Storage> <Opcode : 'load' 'store'> <Ports = 2> <Width = 32> <Depth = 8> <RAM>
ST_17 : Operation 477 [1/2] (0.67ns)   --->   "%new_ldq_load = load i3 %new_ldq_addr_2" [/home/lab_726/boom/hls_boom/src/boom_core_merged.cpp:949]   --->   Operation 477 'load' 'new_ldq_load' <Predicate = true> <Delay = 0.67> <CoreInst = "RAM">   --->   Core 83 'RAM' <Latency = 1> <II = 1> <Delay = 0.67> <Storage> <Opcode : 'load' 'store'> <Ports = 2> <Width = 64> <Depth = 8> <RAM>
ST_17 : Operation 478 [1/2] (0.67ns)   --->   "%new_ldq_result_load = load i3 %new_ldq_result_addr_2" [/home/lab_726/boom/hls_boom/src/boom_core_merged.cpp:949]   --->   Operation 478 'load' 'new_ldq_result_load' <Predicate = true> <Delay = 0.67> <CoreInst = "RAM">   --->   Core 83 'RAM' <Latency = 1> <II = 1> <Delay = 0.67> <Storage> <Opcode : 'load' 'store'> <Ports = 2> <Width = 64> <Depth = 8> <RAM>
ST_17 : Operation 479 [1/1] (0.00ns)   --->   "%state_lsu_ldq_valid_addr_2 = getelementptr i1 %state_lsu_ldq_valid, i64 0, i64 %zext_ln949" [/home/lab_726/boom/hls_boom/src/boom_core_merged.cpp:949]   --->   Operation 479 'getelementptr' 'state_lsu_ldq_valid_addr_2' <Predicate = true> <Delay = 0.00>
ST_17 : Operation 480 [1/1] (0.67ns)   --->   "%store_ln949 = store i1 %new_ldq_valid_load, i3 %state_lsu_ldq_valid_addr_2" [/home/lab_726/boom/hls_boom/src/boom_core_merged.cpp:949]   --->   Operation 480 'store' 'store_ln949' <Predicate = true> <Delay = 0.67> <CoreInst = "RAM">   --->   Core 83 'RAM' <Latency = 1> <II = 1> <Delay = 0.67> <Storage> <Opcode : 'load' 'store'> <Ports = 2> <Width = 1> <Depth = 8> <RAM>
ST_17 : Operation 481 [1/1] (0.00ns)   --->   "%state_lsu_ldq_signed_load_addr_3 = getelementptr i1 %state_lsu_ldq_signed_load, i64 0, i64 %zext_ln949" [/home/lab_726/boom/hls_boom/src/boom_core_merged.cpp:949]   --->   Operation 481 'getelementptr' 'state_lsu_ldq_signed_load_addr_3' <Predicate = true> <Delay = 0.00>
ST_17 : Operation 482 [1/1] (0.67ns)   --->   "%store_ln949 = store i1 %new_ldq_signed_load_load, i3 %state_lsu_ldq_signed_load_addr_3" [/home/lab_726/boom/hls_boom/src/boom_core_merged.cpp:949]   --->   Operation 482 'store' 'store_ln949' <Predicate = true> <Delay = 0.67> <CoreInst = "RAM">   --->   Core 83 'RAM' <Latency = 1> <II = 1> <Delay = 0.67> <Storage> <Opcode : 'load' 'store'> <Ports = 2> <Width = 1> <Depth = 8> <RAM>
ST_17 : Operation 483 [1/1] (0.00ns)   --->   "%state_lsu_ldq_response_pending_addr_3 = getelementptr i1 %state_lsu_ldq_response_pending, i64 0, i64 %zext_ln949" [/home/lab_726/boom/hls_boom/src/boom_core_merged.cpp:949]   --->   Operation 483 'getelementptr' 'state_lsu_ldq_response_pending_addr_3' <Predicate = true> <Delay = 0.00>
ST_17 : Operation 484 [1/1] (0.67ns)   --->   "%store_ln949 = store i1 %new_ldq_response_pending_load, i3 %state_lsu_ldq_response_pending_addr_3" [/home/lab_726/boom/hls_boom/src/boom_core_merged.cpp:949]   --->   Operation 484 'store' 'store_ln949' <Predicate = true> <Delay = 0.67> <CoreInst = "RAM">   --->   Core 83 'RAM' <Latency = 1> <II = 1> <Delay = 0.67> <Storage> <Opcode : 'load' 'store'> <Ports = 2> <Width = 1> <Depth = 8> <RAM>
ST_17 : Operation 485 [1/1] (0.00ns)   --->   "%state_lsu_ldq_completed_addr_3 = getelementptr i1 %state_lsu_ldq_completed, i64 0, i64 %zext_ln949" [/home/lab_726/boom/hls_boom/src/boom_core_merged.cpp:949]   --->   Operation 485 'getelementptr' 'state_lsu_ldq_completed_addr_3' <Predicate = true> <Delay = 0.00>
ST_17 : Operation 486 [1/1] (0.67ns)   --->   "%store_ln949 = store i1 %new_ldq_completed_load, i3 %state_lsu_ldq_completed_addr_3" [/home/lab_726/boom/hls_boom/src/boom_core_merged.cpp:949]   --->   Operation 486 'store' 'store_ln949' <Predicate = true> <Delay = 0.67> <CoreInst = "RAM">   --->   Core 83 'RAM' <Latency = 1> <II = 1> <Delay = 0.67> <Storage> <Opcode : 'load' 'store'> <Ports = 2> <Width = 1> <Depth = 8> <RAM>
ST_17 : Operation 487 [1/1] (0.00ns)   --->   "%state_lsu_ldq_killed_addr_3 = getelementptr i1 %state_lsu_ldq_killed, i64 0, i64 %zext_ln949" [/home/lab_726/boom/hls_boom/src/boom_core_merged.cpp:949]   --->   Operation 487 'getelementptr' 'state_lsu_ldq_killed_addr_3' <Predicate = true> <Delay = 0.00>
ST_17 : Operation 488 [1/1] (0.67ns)   --->   "%store_ln949 = store i1 %new_ldq_killed_load, i3 %state_lsu_ldq_killed_addr_3" [/home/lab_726/boom/hls_boom/src/boom_core_merged.cpp:949]   --->   Operation 488 'store' 'store_ln949' <Predicate = true> <Delay = 0.67> <CoreInst = "RAM">   --->   Core 83 'RAM' <Latency = 1> <II = 1> <Delay = 0.67> <Storage> <Opcode : 'load' 'store'> <Ports = 2> <Width = 1> <Depth = 8> <RAM>
ST_17 : Operation 489 [1/1] (0.00ns)   --->   "%state_lsu_ldq_rob_idx_addr_2 = getelementptr i8 %state_lsu_ldq_rob_idx, i64 0, i64 %zext_ln949" [/home/lab_726/boom/hls_boom/src/boom_core_merged.cpp:949]   --->   Operation 489 'getelementptr' 'state_lsu_ldq_rob_idx_addr_2' <Predicate = true> <Delay = 0.00>
ST_17 : Operation 490 [1/1] (0.67ns)   --->   "%store_ln949 = store i8 %new_ldq_rob_idx_load, i3 %state_lsu_ldq_rob_idx_addr_2" [/home/lab_726/boom/hls_boom/src/boom_core_merged.cpp:949]   --->   Operation 490 'store' 'store_ln949' <Predicate = true> <Delay = 0.67> <CoreInst = "RAM">   --->   Core 83 'RAM' <Latency = 1> <II = 1> <Delay = 0.67> <Storage> <Opcode : 'load' 'store'> <Ports = 2> <Width = 8> <Depth = 8> <RAM>
ST_17 : Operation 491 [1/1] (0.00ns)   --->   "%state_lsu_ldq_size_addr_3 = getelementptr i8 %state_lsu_ldq_size, i64 0, i64 %zext_ln949" [/home/lab_726/boom/hls_boom/src/boom_core_merged.cpp:949]   --->   Operation 491 'getelementptr' 'state_lsu_ldq_size_addr_3' <Predicate = true> <Delay = 0.00>
ST_17 : Operation 492 [1/1] (0.67ns)   --->   "%store_ln949 = store i8 %new_ldq_size_load, i3 %state_lsu_ldq_size_addr_3" [/home/lab_726/boom/hls_boom/src/boom_core_merged.cpp:949]   --->   Operation 492 'store' 'store_ln949' <Predicate = true> <Delay = 0.67> <CoreInst = "RAM">   --->   Core 83 'RAM' <Latency = 1> <II = 1> <Delay = 0.67> <Storage> <Opcode : 'load' 'store'> <Ports = 2> <Width = 8> <Depth = 8> <RAM>
ST_17 : Operation 493 [1/1] (0.00ns)   --->   "%state_lsu_ldq_branch_mask_addr_2 = getelementptr i8 %state_lsu_ldq_branch_mask, i64 0, i64 %zext_ln949" [/home/lab_726/boom/hls_boom/src/boom_core_merged.cpp:949]   --->   Operation 493 'getelementptr' 'state_lsu_ldq_branch_mask_addr_2' <Predicate = true> <Delay = 0.00>
ST_17 : Operation 494 [1/1] (0.67ns)   --->   "%store_ln949 = store i8 %new_ldq_branch_mask_load, i3 %state_lsu_ldq_branch_mask_addr_2" [/home/lab_726/boom/hls_boom/src/boom_core_merged.cpp:949]   --->   Operation 494 'store' 'store_ln949' <Predicate = true> <Delay = 0.67> <CoreInst = "RAM">   --->   Core 83 'RAM' <Latency = 1> <II = 1> <Delay = 0.67> <Storage> <Opcode : 'load' 'store'> <Ports = 2> <Width = 8> <Depth = 8> <RAM>
ST_17 : Operation 495 [1/1] (0.00ns)   --->   "%state_lsu_ldq_transaction_id_addr_3 = getelementptr i32 %state_lsu_ldq_transaction_id, i64 0, i64 %zext_ln949" [/home/lab_726/boom/hls_boom/src/boom_core_merged.cpp:949]   --->   Operation 495 'getelementptr' 'state_lsu_ldq_transaction_id_addr_3' <Predicate = true> <Delay = 0.00>
ST_17 : Operation 496 [1/1] (0.67ns)   --->   "%store_ln949 = store i32 %new_ldq_transaction_id_load, i3 %state_lsu_ldq_transaction_id_addr_3" [/home/lab_726/boom/hls_boom/src/boom_core_merged.cpp:949]   --->   Operation 496 'store' 'store_ln949' <Predicate = true> <Delay = 0.67> <CoreInst = "RAM">   --->   Core 83 'RAM' <Latency = 1> <II = 1> <Delay = 0.67> <Storage> <Opcode : 'load' 'store'> <Ports = 2> <Width = 32> <Depth = 8> <RAM>
ST_17 : Operation 497 [1/1] (0.00ns)   --->   "%state_lsu_ldq_rob_allocation_id_addr_4 = getelementptr i32 %state_lsu_ldq_rob_allocation_id, i64 0, i64 %zext_ln949" [/home/lab_726/boom/hls_boom/src/boom_core_merged.cpp:949]   --->   Operation 497 'getelementptr' 'state_lsu_ldq_rob_allocation_id_addr_4' <Predicate = true> <Delay = 0.00>
ST_17 : Operation 498 [1/1] (0.67ns)   --->   "%store_ln949 = store i32 %new_ldq_rob_allocation_id_load, i3 %state_lsu_ldq_rob_allocation_id_addr_4" [/home/lab_726/boom/hls_boom/src/boom_core_merged.cpp:949]   --->   Operation 498 'store' 'store_ln949' <Predicate = true> <Delay = 0.67> <CoreInst = "RAM">   --->   Core 83 'RAM' <Latency = 1> <II = 1> <Delay = 0.67> <Storage> <Opcode : 'load' 'store'> <Ports = 2> <Width = 32> <Depth = 8> <RAM>
ST_17 : Operation 499 [1/1] (0.00ns)   --->   "%state_lsu_ldq_addr_3 = getelementptr i64 %state_lsu_ldq_address, i64 0, i64 %zext_ln949" [/home/lab_726/boom/hls_boom/src/boom_core_merged.cpp:949]   --->   Operation 499 'getelementptr' 'state_lsu_ldq_addr_3' <Predicate = true> <Delay = 0.00>
ST_17 : Operation 500 [1/1] (0.67ns)   --->   "%store_ln949 = store i64 %new_ldq_load, i3 %state_lsu_ldq_addr_3" [/home/lab_726/boom/hls_boom/src/boom_core_merged.cpp:949]   --->   Operation 500 'store' 'store_ln949' <Predicate = true> <Delay = 0.67> <CoreInst = "RAM">   --->   Core 83 'RAM' <Latency = 1> <II = 1> <Delay = 0.67> <Storage> <Opcode : 'load' 'store'> <Ports = 2> <Width = 64> <Depth = 8> <RAM>
ST_17 : Operation 501 [1/1] (0.00ns)   --->   "%state_lsu_ldq_result_addr_3 = getelementptr i64 %state_lsu_ldq_result, i64 0, i64 %zext_ln949" [/home/lab_726/boom/hls_boom/src/boom_core_merged.cpp:949]   --->   Operation 501 'getelementptr' 'state_lsu_ldq_result_addr_3' <Predicate = true> <Delay = 0.00>
ST_17 : Operation 502 [1/1] (0.67ns)   --->   "%store_ln949 = store i64 %new_ldq_result_load, i3 %state_lsu_ldq_result_addr_3" [/home/lab_726/boom/hls_boom/src/boom_core_merged.cpp:949]   --->   Operation 502 'store' 'store_ln949' <Predicate = true> <Delay = 0.67> <CoreInst = "RAM">   --->   Core 83 'RAM' <Latency = 1> <II = 1> <Delay = 0.67> <Storage> <Opcode : 'load' 'store'> <Ports = 2> <Width = 64> <Depth = 8> <RAM>
ST_17 : Operation 503 [1/1] (0.00ns)   --->   "%br_ln0 = br void %._crit_edge.loopexit"   --->   Operation 503 'br' 'br_ln0' <Predicate = true> <Delay = 0.00>

State 18 <SV = 8> <Delay = 1.22>
ST_18 : Operation 504 [1/1] (0.00ns)   --->   "%i_31 = load i4 %i_25" [/home/lab_726/boom/hls_boom/src/boom_core_merged.cpp:950]   --->   Operation 504 'load' 'i_31' <Predicate = true> <Delay = 0.00>
ST_18 : Operation 505 [1/1] (0.00ns)   --->   "%zext_ln950 = zext i4 %i_31" [/home/lab_726/boom/hls_boom/src/boom_core_merged.cpp:950]   --->   Operation 505 'zext' 'zext_ln950' <Predicate = true> <Delay = 0.00>
ST_18 : Operation 506 [1/1] (0.72ns)   --->   "%icmp_ln950 = icmp_eq  i4 %i_31, i4 8" [/home/lab_726/boom/hls_boom/src/boom_core_merged.cpp:950]   --->   Operation 506 'icmp' 'icmp_ln950' <Predicate = true> <Delay = 0.72> <CoreInst = "Cmp">   --->   Core 9 'Cmp' <Latency = 0> <II = 1> <Delay = 0.72> <FuncUnit> <Opcode : 'icmp'> <InPorts = 2> <OutPorts = 1>
ST_18 : Operation 507 [1/1] (0.00ns)   --->   "%empty_112 = speclooptripcount i32 @_ssdm_op_SpecLoopTripCount, i64 8, i64 8, i64 8"   --->   Operation 507 'speclooptripcount' 'empty_112' <Predicate = true> <Delay = 0.00>
ST_18 : Operation 508 [1/1] (0.79ns)   --->   "%add_ln950 = add i4 %i_31, i4 1" [/home/lab_726/boom/hls_boom/src/boom_core_merged.cpp:950]   --->   Operation 508 'add' 'add_ln950' <Predicate = true> <Delay = 0.79> <CoreInst = "Adder">   --->   Core 1 'Adder' <Latency = 0> <II = 1> <Delay = 0.79> <FuncUnit> <Opcode : 'add' 'sub'> <InPorts = 2> <OutPorts = 1>
ST_18 : Operation 509 [1/1] (0.00ns)   --->   "%br_ln950 = br i1 %icmp_ln950, void %.split, void" [/home/lab_726/boom/hls_boom/src/boom_core_merged.cpp:950]   --->   Operation 509 'br' 'br_ln950' <Predicate = true> <Delay = 0.00>
ST_18 : Operation 510 [1/1] (0.00ns)   --->   "%new_stq_valid_addr_2 = getelementptr i1 %new_stq_valid, i64 0, i64 %zext_ln950" [/home/lab_726/boom/hls_boom/src/boom_core_merged.cpp:950]   --->   Operation 510 'getelementptr' 'new_stq_valid_addr_2' <Predicate = (!icmp_ln950)> <Delay = 0.00>
ST_18 : Operation 511 [1/1] (0.00ns)   --->   "%new_stq_addr_5 = getelementptr i1 %new_stq_address_valid, i64 0, i64 %zext_ln950" [/home/lab_726/boom/hls_boom/src/boom_core_merged.cpp:950]   --->   Operation 511 'getelementptr' 'new_stq_addr_5' <Predicate = (!icmp_ln950)> <Delay = 0.00>
ST_18 : Operation 512 [1/1] (0.00ns)   --->   "%new_stq_data_valid_addr_2 = getelementptr i1 %new_stq_data_valid, i64 0, i64 %zext_ln950" [/home/lab_726/boom/hls_boom/src/boom_core_merged.cpp:950]   --->   Operation 512 'getelementptr' 'new_stq_data_valid_addr_2' <Predicate = (!icmp_ln950)> <Delay = 0.00>
ST_18 : Operation 513 [1/1] (0.00ns)   --->   "%new_stq_committed_addr_2 = getelementptr i1 %new_stq_committed, i64 0, i64 %zext_ln950" [/home/lab_726/boom/hls_boom/src/boom_core_merged.cpp:950]   --->   Operation 513 'getelementptr' 'new_stq_committed_addr_2' <Predicate = (!icmp_ln950)> <Delay = 0.00>
ST_18 : Operation 514 [1/1] (0.00ns)   --->   "%new_stq_issued_to_memory_addr_2 = getelementptr i1 %new_stq_issued_to_memory, i64 0, i64 %zext_ln950" [/home/lab_726/boom/hls_boom/src/boom_core_merged.cpp:950]   --->   Operation 514 'getelementptr' 'new_stq_issued_to_memory_addr_2' <Predicate = (!icmp_ln950)> <Delay = 0.00>
ST_18 : Operation 515 [1/1] (0.00ns)   --->   "%new_stq_completed_addr_2 = getelementptr i1 %new_stq_completed, i64 0, i64 %zext_ln950" [/home/lab_726/boom/hls_boom/src/boom_core_merged.cpp:950]   --->   Operation 515 'getelementptr' 'new_stq_completed_addr_2' <Predicate = (!icmp_ln950)> <Delay = 0.00>
ST_18 : Operation 516 [1/1] (0.00ns)   --->   "%new_stq_killed_addr_2 = getelementptr i1 %new_stq_killed, i64 0, i64 %zext_ln950" [/home/lab_726/boom/hls_boom/src/boom_core_merged.cpp:950]   --->   Operation 516 'getelementptr' 'new_stq_killed_addr_2' <Predicate = (!icmp_ln950)> <Delay = 0.00>
ST_18 : Operation 517 [1/1] (0.00ns)   --->   "%new_stq_rob_idx_addr_2 = getelementptr i8 %new_stq_rob_idx, i64 0, i64 %zext_ln950" [/home/lab_726/boom/hls_boom/src/boom_core_merged.cpp:950]   --->   Operation 517 'getelementptr' 'new_stq_rob_idx_addr_2' <Predicate = (!icmp_ln950)> <Delay = 0.00>
ST_18 : Operation 518 [1/1] (0.00ns)   --->   "%new_stq_mask_addr_2 = getelementptr i8 %new_stq_mask, i64 0, i64 %zext_ln950" [/home/lab_726/boom/hls_boom/src/boom_core_merged.cpp:950]   --->   Operation 518 'getelementptr' 'new_stq_mask_addr_2' <Predicate = (!icmp_ln950)> <Delay = 0.00>
ST_18 : Operation 519 [1/1] (0.00ns)   --->   "%new_stq_size_addr_2 = getelementptr i8 %new_stq_size, i64 0, i64 %zext_ln950" [/home/lab_726/boom/hls_boom/src/boom_core_merged.cpp:950]   --->   Operation 519 'getelementptr' 'new_stq_size_addr_2' <Predicate = (!icmp_ln950)> <Delay = 0.00>
ST_18 : Operation 520 [1/1] (0.00ns)   --->   "%new_stq_branch_mask_addr_2 = getelementptr i8 %new_stq_branch_mask, i64 0, i64 %zext_ln950" [/home/lab_726/boom/hls_boom/src/boom_core_merged.cpp:950]   --->   Operation 520 'getelementptr' 'new_stq_branch_mask_addr_2' <Predicate = (!icmp_ln950)> <Delay = 0.00>
ST_18 : Operation 521 [1/1] (0.00ns)   --->   "%new_stq_rob_allocation_id_addr_2 = getelementptr i32 %new_stq_rob_allocation_id, i64 0, i64 %zext_ln950" [/home/lab_726/boom/hls_boom/src/boom_core_merged.cpp:950]   --->   Operation 521 'getelementptr' 'new_stq_rob_allocation_id_addr_2' <Predicate = (!icmp_ln950)> <Delay = 0.00>
ST_18 : Operation 522 [1/1] (0.00ns)   --->   "%new_stq_addr_6 = getelementptr i64 %new_stq_address, i64 0, i64 %zext_ln950" [/home/lab_726/boom/hls_boom/src/boom_core_merged.cpp:950]   --->   Operation 522 'getelementptr' 'new_stq_addr_6' <Predicate = (!icmp_ln950)> <Delay = 0.00>
ST_18 : Operation 523 [1/1] (0.00ns)   --->   "%new_stq_data_addr_2 = getelementptr i64 %new_stq_data, i64 0, i64 %zext_ln950" [/home/lab_726/boom/hls_boom/src/boom_core_merged.cpp:950]   --->   Operation 523 'getelementptr' 'new_stq_data_addr_2' <Predicate = (!icmp_ln950)> <Delay = 0.00>
ST_18 : Operation 524 [2/2] (0.67ns)   --->   "%new_stq_valid_load = load i3 %new_stq_valid_addr_2" [/home/lab_726/boom/hls_boom/src/boom_core_merged.cpp:950]   --->   Operation 524 'load' 'new_stq_valid_load' <Predicate = (!icmp_ln950)> <Delay = 0.67> <CoreInst = "RAM">   --->   Core 83 'RAM' <Latency = 1> <II = 1> <Delay = 0.67> <Storage> <Opcode : 'load' 'store'> <Ports = 2> <Width = 1> <Depth = 8> <RAM>
ST_18 : Operation 525 [2/2] (0.67ns)   --->   "%new_stq_load = load i3 %new_stq_addr_5" [/home/lab_726/boom/hls_boom/src/boom_core_merged.cpp:950]   --->   Operation 525 'load' 'new_stq_load' <Predicate = (!icmp_ln950)> <Delay = 0.67> <CoreInst = "RAM">   --->   Core 83 'RAM' <Latency = 1> <II = 1> <Delay = 0.67> <Storage> <Opcode : 'load' 'store'> <Ports = 2> <Width = 1> <Depth = 8> <RAM>
ST_18 : Operation 526 [2/2] (0.67ns)   --->   "%new_stq_data_valid_load = load i3 %new_stq_data_valid_addr_2" [/home/lab_726/boom/hls_boom/src/boom_core_merged.cpp:950]   --->   Operation 526 'load' 'new_stq_data_valid_load' <Predicate = (!icmp_ln950)> <Delay = 0.67> <CoreInst = "RAM">   --->   Core 83 'RAM' <Latency = 1> <II = 1> <Delay = 0.67> <Storage> <Opcode : 'load' 'store'> <Ports = 2> <Width = 1> <Depth = 8> <RAM>
ST_18 : Operation 527 [2/2] (0.67ns)   --->   "%new_stq_committed_load = load i3 %new_stq_committed_addr_2" [/home/lab_726/boom/hls_boom/src/boom_core_merged.cpp:950]   --->   Operation 527 'load' 'new_stq_committed_load' <Predicate = (!icmp_ln950)> <Delay = 0.67> <CoreInst = "RAM">   --->   Core 83 'RAM' <Latency = 1> <II = 1> <Delay = 0.67> <Storage> <Opcode : 'load' 'store'> <Ports = 2> <Width = 1> <Depth = 8> <RAM>
ST_18 : Operation 528 [2/2] (0.67ns)   --->   "%new_stq_issued_to_memory_load = load i3 %new_stq_issued_to_memory_addr_2" [/home/lab_726/boom/hls_boom/src/boom_core_merged.cpp:950]   --->   Operation 528 'load' 'new_stq_issued_to_memory_load' <Predicate = (!icmp_ln950)> <Delay = 0.67> <CoreInst = "RAM">   --->   Core 83 'RAM' <Latency = 1> <II = 1> <Delay = 0.67> <Storage> <Opcode : 'load' 'store'> <Ports = 2> <Width = 1> <Depth = 8> <RAM>
ST_18 : Operation 529 [2/2] (0.67ns)   --->   "%new_stq_completed_load = load i3 %new_stq_completed_addr_2" [/home/lab_726/boom/hls_boom/src/boom_core_merged.cpp:950]   --->   Operation 529 'load' 'new_stq_completed_load' <Predicate = (!icmp_ln950)> <Delay = 0.67> <CoreInst = "RAM">   --->   Core 83 'RAM' <Latency = 1> <II = 1> <Delay = 0.67> <Storage> <Opcode : 'load' 'store'> <Ports = 2> <Width = 1> <Depth = 8> <RAM>
ST_18 : Operation 530 [2/2] (0.67ns)   --->   "%new_stq_killed_load = load i3 %new_stq_killed_addr_2" [/home/lab_726/boom/hls_boom/src/boom_core_merged.cpp:950]   --->   Operation 530 'load' 'new_stq_killed_load' <Predicate = (!icmp_ln950)> <Delay = 0.67> <CoreInst = "RAM">   --->   Core 83 'RAM' <Latency = 1> <II = 1> <Delay = 0.67> <Storage> <Opcode : 'load' 'store'> <Ports = 2> <Width = 1> <Depth = 8> <RAM>
ST_18 : Operation 531 [2/2] (0.67ns)   --->   "%new_stq_rob_idx_load = load i3 %new_stq_rob_idx_addr_2" [/home/lab_726/boom/hls_boom/src/boom_core_merged.cpp:950]   --->   Operation 531 'load' 'new_stq_rob_idx_load' <Predicate = (!icmp_ln950)> <Delay = 0.67> <CoreInst = "RAM">   --->   Core 83 'RAM' <Latency = 1> <II = 1> <Delay = 0.67> <Storage> <Opcode : 'load' 'store'> <Ports = 2> <Width = 8> <Depth = 8> <RAM>
ST_18 : Operation 532 [2/2] (0.67ns)   --->   "%new_stq_mask_load = load i3 %new_stq_mask_addr_2" [/home/lab_726/boom/hls_boom/src/boom_core_merged.cpp:950]   --->   Operation 532 'load' 'new_stq_mask_load' <Predicate = (!icmp_ln950)> <Delay = 0.67> <CoreInst = "RAM">   --->   Core 83 'RAM' <Latency = 1> <II = 1> <Delay = 0.67> <Storage> <Opcode : 'load' 'store'> <Ports = 2> <Width = 8> <Depth = 8> <RAM>
ST_18 : Operation 533 [2/2] (0.67ns)   --->   "%new_stq_size_load = load i3 %new_stq_size_addr_2" [/home/lab_726/boom/hls_boom/src/boom_core_merged.cpp:950]   --->   Operation 533 'load' 'new_stq_size_load' <Predicate = (!icmp_ln950)> <Delay = 0.67> <CoreInst = "RAM">   --->   Core 83 'RAM' <Latency = 1> <II = 1> <Delay = 0.67> <Storage> <Opcode : 'load' 'store'> <Ports = 2> <Width = 8> <Depth = 8> <RAM>
ST_18 : Operation 534 [2/2] (0.67ns)   --->   "%new_stq_branch_mask_load = load i3 %new_stq_branch_mask_addr_2" [/home/lab_726/boom/hls_boom/src/boom_core_merged.cpp:950]   --->   Operation 534 'load' 'new_stq_branch_mask_load' <Predicate = (!icmp_ln950)> <Delay = 0.67> <CoreInst = "RAM">   --->   Core 83 'RAM' <Latency = 1> <II = 1> <Delay = 0.67> <Storage> <Opcode : 'load' 'store'> <Ports = 2> <Width = 8> <Depth = 8> <RAM>
ST_18 : Operation 535 [2/2] (0.67ns)   --->   "%new_stq_rob_allocation_id_load = load i3 %new_stq_rob_allocation_id_addr_2" [/home/lab_726/boom/hls_boom/src/boom_core_merged.cpp:950]   --->   Operation 535 'load' 'new_stq_rob_allocation_id_load' <Predicate = (!icmp_ln950)> <Delay = 0.67> <CoreInst = "RAM">   --->   Core 83 'RAM' <Latency = 1> <II = 1> <Delay = 0.67> <Storage> <Opcode : 'load' 'store'> <Ports = 2> <Width = 32> <Depth = 8> <RAM>
ST_18 : Operation 536 [2/2] (0.67ns)   --->   "%new_stq_load_1 = load i3 %new_stq_addr_6" [/home/lab_726/boom/hls_boom/src/boom_core_merged.cpp:950]   --->   Operation 536 'load' 'new_stq_load_1' <Predicate = (!icmp_ln950)> <Delay = 0.67> <CoreInst = "RAM">   --->   Core 83 'RAM' <Latency = 1> <II = 1> <Delay = 0.67> <Storage> <Opcode : 'load' 'store'> <Ports = 2> <Width = 64> <Depth = 8> <RAM>
ST_18 : Operation 537 [2/2] (0.67ns)   --->   "%new_stq_data_load = load i3 %new_stq_data_addr_2" [/home/lab_726/boom/hls_boom/src/boom_core_merged.cpp:950]   --->   Operation 537 'load' 'new_stq_data_load' <Predicate = (!icmp_ln950)> <Delay = 0.67> <CoreInst = "RAM">   --->   Core 83 'RAM' <Latency = 1> <II = 1> <Delay = 0.67> <Storage> <Opcode : 'load' 'store'> <Ports = 2> <Width = 64> <Depth = 8> <RAM>
ST_18 : Operation 538 [1/1] (0.42ns)   --->   "%store_ln950 = store i4 %add_ln950, i4 %i_25" [/home/lab_726/boom/hls_boom/src/boom_core_merged.cpp:950]   --->   Operation 538 'store' 'store_ln950' <Predicate = (!icmp_ln950)> <Delay = 0.42>
ST_18 : Operation 539 [1/1] (0.00ns)   --->   "%trunc_ln952 = trunc i32 %lw_2" [/home/lab_726/boom/hls_boom/src/boom_core_merged.cpp:952]   --->   Operation 539 'trunc' 'trunc_ln952' <Predicate = (icmp_ln950)> <Delay = 0.00>
ST_18 : Operation 540 [1/1] (0.00ns)   --->   "%store_ln952 = store i3 %trunc_ln952, i3 %state_lsu_ldq_tail" [/home/lab_726/boom/hls_boom/src/boom_core_merged.cpp:952]   --->   Operation 540 'store' 'store_ln952' <Predicate = (icmp_ln950)> <Delay = 0.00>
ST_18 : Operation 541 [1/1] (0.00ns)   --->   "%trunc_ln953 = trunc i32 %lw_2" [/home/lab_726/boom/hls_boom/src/boom_core_merged.cpp:953]   --->   Operation 541 'trunc' 'trunc_ln953' <Predicate = (icmp_ln950)> <Delay = 0.00>
ST_18 : Operation 542 [1/1] (0.00ns)   --->   "%store_ln953 = store i8 %trunc_ln953, i8 %state_lsu_ldq_count" [/home/lab_726/boom/hls_boom/src/boom_core_merged.cpp:953]   --->   Operation 542 'store' 'store_ln953' <Predicate = (icmp_ln950)> <Delay = 0.00>
ST_18 : Operation 543 [1/1] (0.00ns)   --->   "%trunc_ln955 = trunc i32 %sw_2" [/home/lab_726/boom/hls_boom/src/boom_core_merged.cpp:955]   --->   Operation 543 'trunc' 'trunc_ln955' <Predicate = (icmp_ln950)> <Delay = 0.00>
ST_18 : Operation 544 [1/1] (0.00ns)   --->   "%store_ln955 = store i3 %trunc_ln955, i3 %state_lsu_stq_tail" [/home/lab_726/boom/hls_boom/src/boom_core_merged.cpp:955]   --->   Operation 544 'store' 'store_ln955' <Predicate = (icmp_ln950)> <Delay = 0.00>
ST_18 : Operation 545 [1/1] (0.00ns)   --->   "%trunc_ln956 = trunc i32 %sw_2" [/home/lab_726/boom/hls_boom/src/boom_core_merged.cpp:956]   --->   Operation 545 'trunc' 'trunc_ln956' <Predicate = (icmp_ln950)> <Delay = 0.00>
ST_18 : Operation 546 [1/1] (0.00ns)   --->   "%store_ln956 = store i8 %trunc_ln956, i8 %state_lsu_stq_count" [/home/lab_726/boom/hls_boom/src/boom_core_merged.cpp:956]   --->   Operation 546 'store' 'store_ln956' <Predicate = (icmp_ln950)> <Delay = 0.00>
ST_18 : Operation 547 [1/1] (0.00ns)   --->   "%ret_ln957 = ret" [/home/lab_726/boom/hls_boom/src/boom_core_merged.cpp:957]   --->   Operation 547 'ret' 'ret_ln957' <Predicate = (icmp_ln950)> <Delay = 0.00>

State 19 <SV = 9> <Delay = 1.35>
ST_19 : Operation 548 [1/1] (0.00ns)   --->   "%specloopname_ln950 = specloopname void @_ssdm_op_SpecLoopName, void @empty_11" [/home/lab_726/boom/hls_boom/src/boom_core_merged.cpp:950]   --->   Operation 548 'specloopname' 'specloopname_ln950' <Predicate = true> <Delay = 0.00>
ST_19 : Operation 549 [1/2] (0.67ns)   --->   "%new_stq_valid_load = load i3 %new_stq_valid_addr_2" [/home/lab_726/boom/hls_boom/src/boom_core_merged.cpp:950]   --->   Operation 549 'load' 'new_stq_valid_load' <Predicate = true> <Delay = 0.67> <CoreInst = "RAM">   --->   Core 83 'RAM' <Latency = 1> <II = 1> <Delay = 0.67> <Storage> <Opcode : 'load' 'store'> <Ports = 2> <Width = 1> <Depth = 8> <RAM>
ST_19 : Operation 550 [1/2] (0.67ns)   --->   "%new_stq_load = load i3 %new_stq_addr_5" [/home/lab_726/boom/hls_boom/src/boom_core_merged.cpp:950]   --->   Operation 550 'load' 'new_stq_load' <Predicate = true> <Delay = 0.67> <CoreInst = "RAM">   --->   Core 83 'RAM' <Latency = 1> <II = 1> <Delay = 0.67> <Storage> <Opcode : 'load' 'store'> <Ports = 2> <Width = 1> <Depth = 8> <RAM>
ST_19 : Operation 551 [1/2] (0.67ns)   --->   "%new_stq_data_valid_load = load i3 %new_stq_data_valid_addr_2" [/home/lab_726/boom/hls_boom/src/boom_core_merged.cpp:950]   --->   Operation 551 'load' 'new_stq_data_valid_load' <Predicate = true> <Delay = 0.67> <CoreInst = "RAM">   --->   Core 83 'RAM' <Latency = 1> <II = 1> <Delay = 0.67> <Storage> <Opcode : 'load' 'store'> <Ports = 2> <Width = 1> <Depth = 8> <RAM>
ST_19 : Operation 552 [1/2] (0.67ns)   --->   "%new_stq_committed_load = load i3 %new_stq_committed_addr_2" [/home/lab_726/boom/hls_boom/src/boom_core_merged.cpp:950]   --->   Operation 552 'load' 'new_stq_committed_load' <Predicate = true> <Delay = 0.67> <CoreInst = "RAM">   --->   Core 83 'RAM' <Latency = 1> <II = 1> <Delay = 0.67> <Storage> <Opcode : 'load' 'store'> <Ports = 2> <Width = 1> <Depth = 8> <RAM>
ST_19 : Operation 553 [1/2] (0.67ns)   --->   "%new_stq_issued_to_memory_load = load i3 %new_stq_issued_to_memory_addr_2" [/home/lab_726/boom/hls_boom/src/boom_core_merged.cpp:950]   --->   Operation 553 'load' 'new_stq_issued_to_memory_load' <Predicate = true> <Delay = 0.67> <CoreInst = "RAM">   --->   Core 83 'RAM' <Latency = 1> <II = 1> <Delay = 0.67> <Storage> <Opcode : 'load' 'store'> <Ports = 2> <Width = 1> <Depth = 8> <RAM>
ST_19 : Operation 554 [1/2] (0.67ns)   --->   "%new_stq_completed_load = load i3 %new_stq_completed_addr_2" [/home/lab_726/boom/hls_boom/src/boom_core_merged.cpp:950]   --->   Operation 554 'load' 'new_stq_completed_load' <Predicate = true> <Delay = 0.67> <CoreInst = "RAM">   --->   Core 83 'RAM' <Latency = 1> <II = 1> <Delay = 0.67> <Storage> <Opcode : 'load' 'store'> <Ports = 2> <Width = 1> <Depth = 8> <RAM>
ST_19 : Operation 555 [1/2] (0.67ns)   --->   "%new_stq_killed_load = load i3 %new_stq_killed_addr_2" [/home/lab_726/boom/hls_boom/src/boom_core_merged.cpp:950]   --->   Operation 555 'load' 'new_stq_killed_load' <Predicate = true> <Delay = 0.67> <CoreInst = "RAM">   --->   Core 83 'RAM' <Latency = 1> <II = 1> <Delay = 0.67> <Storage> <Opcode : 'load' 'store'> <Ports = 2> <Width = 1> <Depth = 8> <RAM>
ST_19 : Operation 556 [1/2] (0.67ns)   --->   "%new_stq_rob_idx_load = load i3 %new_stq_rob_idx_addr_2" [/home/lab_726/boom/hls_boom/src/boom_core_merged.cpp:950]   --->   Operation 556 'load' 'new_stq_rob_idx_load' <Predicate = true> <Delay = 0.67> <CoreInst = "RAM">   --->   Core 83 'RAM' <Latency = 1> <II = 1> <Delay = 0.67> <Storage> <Opcode : 'load' 'store'> <Ports = 2> <Width = 8> <Depth = 8> <RAM>
ST_19 : Operation 557 [1/2] (0.67ns)   --->   "%new_stq_mask_load = load i3 %new_stq_mask_addr_2" [/home/lab_726/boom/hls_boom/src/boom_core_merged.cpp:950]   --->   Operation 557 'load' 'new_stq_mask_load' <Predicate = true> <Delay = 0.67> <CoreInst = "RAM">   --->   Core 83 'RAM' <Latency = 1> <II = 1> <Delay = 0.67> <Storage> <Opcode : 'load' 'store'> <Ports = 2> <Width = 8> <Depth = 8> <RAM>
ST_19 : Operation 558 [1/2] (0.67ns)   --->   "%new_stq_size_load = load i3 %new_stq_size_addr_2" [/home/lab_726/boom/hls_boom/src/boom_core_merged.cpp:950]   --->   Operation 558 'load' 'new_stq_size_load' <Predicate = true> <Delay = 0.67> <CoreInst = "RAM">   --->   Core 83 'RAM' <Latency = 1> <II = 1> <Delay = 0.67> <Storage> <Opcode : 'load' 'store'> <Ports = 2> <Width = 8> <Depth = 8> <RAM>
ST_19 : Operation 559 [1/2] (0.67ns)   --->   "%new_stq_branch_mask_load = load i3 %new_stq_branch_mask_addr_2" [/home/lab_726/boom/hls_boom/src/boom_core_merged.cpp:950]   --->   Operation 559 'load' 'new_stq_branch_mask_load' <Predicate = true> <Delay = 0.67> <CoreInst = "RAM">   --->   Core 83 'RAM' <Latency = 1> <II = 1> <Delay = 0.67> <Storage> <Opcode : 'load' 'store'> <Ports = 2> <Width = 8> <Depth = 8> <RAM>
ST_19 : Operation 560 [1/2] (0.67ns)   --->   "%new_stq_rob_allocation_id_load = load i3 %new_stq_rob_allocation_id_addr_2" [/home/lab_726/boom/hls_boom/src/boom_core_merged.cpp:950]   --->   Operation 560 'load' 'new_stq_rob_allocation_id_load' <Predicate = true> <Delay = 0.67> <CoreInst = "RAM">   --->   Core 83 'RAM' <Latency = 1> <II = 1> <Delay = 0.67> <Storage> <Opcode : 'load' 'store'> <Ports = 2> <Width = 32> <Depth = 8> <RAM>
ST_19 : Operation 561 [1/2] (0.67ns)   --->   "%new_stq_load_1 = load i3 %new_stq_addr_6" [/home/lab_726/boom/hls_boom/src/boom_core_merged.cpp:950]   --->   Operation 561 'load' 'new_stq_load_1' <Predicate = true> <Delay = 0.67> <CoreInst = "RAM">   --->   Core 83 'RAM' <Latency = 1> <II = 1> <Delay = 0.67> <Storage> <Opcode : 'load' 'store'> <Ports = 2> <Width = 64> <Depth = 8> <RAM>
ST_19 : Operation 562 [1/2] (0.67ns)   --->   "%new_stq_data_load = load i3 %new_stq_data_addr_2" [/home/lab_726/boom/hls_boom/src/boom_core_merged.cpp:950]   --->   Operation 562 'load' 'new_stq_data_load' <Predicate = true> <Delay = 0.67> <CoreInst = "RAM">   --->   Core 83 'RAM' <Latency = 1> <II = 1> <Delay = 0.67> <Storage> <Opcode : 'load' 'store'> <Ports = 2> <Width = 64> <Depth = 8> <RAM>
ST_19 : Operation 563 [1/1] (0.00ns)   --->   "%state_lsu_stq_valid_addr_2 = getelementptr i1 %state_lsu_stq_valid, i64 0, i64 %zext_ln950" [/home/lab_726/boom/hls_boom/src/boom_core_merged.cpp:950]   --->   Operation 563 'getelementptr' 'state_lsu_stq_valid_addr_2' <Predicate = true> <Delay = 0.00>
ST_19 : Operation 564 [1/1] (0.67ns)   --->   "%store_ln950 = store i1 %new_stq_valid_load, i3 %state_lsu_stq_valid_addr_2" [/home/lab_726/boom/hls_boom/src/boom_core_merged.cpp:950]   --->   Operation 564 'store' 'store_ln950' <Predicate = true> <Delay = 0.67> <CoreInst = "RAM">   --->   Core 83 'RAM' <Latency = 1> <II = 1> <Delay = 0.67> <Storage> <Opcode : 'load' 'store'> <Ports = 2> <Width = 1> <Depth = 8> <RAM>
ST_19 : Operation 565 [1/1] (0.00ns)   --->   "%state_lsu_stq_addr_6 = getelementptr i1 %state_lsu_stq_address_valid, i64 0, i64 %zext_ln950" [/home/lab_726/boom/hls_boom/src/boom_core_merged.cpp:950]   --->   Operation 565 'getelementptr' 'state_lsu_stq_addr_6' <Predicate = true> <Delay = 0.00>
ST_19 : Operation 566 [1/1] (0.67ns)   --->   "%store_ln950 = store i1 %new_stq_load, i3 %state_lsu_stq_addr_6" [/home/lab_726/boom/hls_boom/src/boom_core_merged.cpp:950]   --->   Operation 566 'store' 'store_ln950' <Predicate = true> <Delay = 0.67> <CoreInst = "RAM">   --->   Core 83 'RAM' <Latency = 1> <II = 1> <Delay = 0.67> <Storage> <Opcode : 'load' 'store'> <Ports = 2> <Width = 1> <Depth = 8> <RAM>
ST_19 : Operation 567 [1/1] (0.00ns)   --->   "%state_lsu_stq_data_valid_addr_2 = getelementptr i1 %state_lsu_stq_data_valid, i64 0, i64 %zext_ln950" [/home/lab_726/boom/hls_boom/src/boom_core_merged.cpp:950]   --->   Operation 567 'getelementptr' 'state_lsu_stq_data_valid_addr_2' <Predicate = true> <Delay = 0.00>
ST_19 : Operation 568 [1/1] (0.67ns)   --->   "%store_ln950 = store i1 %new_stq_data_valid_load, i3 %state_lsu_stq_data_valid_addr_2" [/home/lab_726/boom/hls_boom/src/boom_core_merged.cpp:950]   --->   Operation 568 'store' 'store_ln950' <Predicate = true> <Delay = 0.67> <CoreInst = "RAM">   --->   Core 83 'RAM' <Latency = 1> <II = 1> <Delay = 0.67> <Storage> <Opcode : 'load' 'store'> <Ports = 2> <Width = 1> <Depth = 8> <RAM>
ST_19 : Operation 569 [1/1] (0.00ns)   --->   "%state_lsu_stq_committed_addr_2 = getelementptr i1 %state_lsu_stq_committed, i64 0, i64 %zext_ln950" [/home/lab_726/boom/hls_boom/src/boom_core_merged.cpp:950]   --->   Operation 569 'getelementptr' 'state_lsu_stq_committed_addr_2' <Predicate = true> <Delay = 0.00>
ST_19 : Operation 570 [1/1] (0.67ns)   --->   "%store_ln950 = store i1 %new_stq_committed_load, i3 %state_lsu_stq_committed_addr_2" [/home/lab_726/boom/hls_boom/src/boom_core_merged.cpp:950]   --->   Operation 570 'store' 'store_ln950' <Predicate = true> <Delay = 0.67> <CoreInst = "RAM">   --->   Core 83 'RAM' <Latency = 1> <II = 1> <Delay = 0.67> <Storage> <Opcode : 'load' 'store'> <Ports = 2> <Width = 1> <Depth = 8> <RAM>
ST_19 : Operation 571 [1/1] (0.00ns)   --->   "%state_lsu_stq_issued_to_memory_addr_2 = getelementptr i1 %state_lsu_stq_issued_to_memory, i64 0, i64 %zext_ln950" [/home/lab_726/boom/hls_boom/src/boom_core_merged.cpp:950]   --->   Operation 571 'getelementptr' 'state_lsu_stq_issued_to_memory_addr_2' <Predicate = true> <Delay = 0.00>
ST_19 : Operation 572 [1/1] (0.67ns)   --->   "%store_ln950 = store i1 %new_stq_issued_to_memory_load, i3 %state_lsu_stq_issued_to_memory_addr_2" [/home/lab_726/boom/hls_boom/src/boom_core_merged.cpp:950]   --->   Operation 572 'store' 'store_ln950' <Predicate = true> <Delay = 0.67> <CoreInst = "RAM">   --->   Core 83 'RAM' <Latency = 1> <II = 1> <Delay = 0.67> <Storage> <Opcode : 'load' 'store'> <Ports = 2> <Width = 1> <Depth = 8> <RAM>
ST_19 : Operation 573 [1/1] (0.00ns)   --->   "%state_lsu_stq_completed_addr_2 = getelementptr i1 %state_lsu_stq_completed, i64 0, i64 %zext_ln950" [/home/lab_726/boom/hls_boom/src/boom_core_merged.cpp:950]   --->   Operation 573 'getelementptr' 'state_lsu_stq_completed_addr_2' <Predicate = true> <Delay = 0.00>
ST_19 : Operation 574 [1/1] (0.67ns)   --->   "%store_ln950 = store i1 %new_stq_completed_load, i3 %state_lsu_stq_completed_addr_2" [/home/lab_726/boom/hls_boom/src/boom_core_merged.cpp:950]   --->   Operation 574 'store' 'store_ln950' <Predicate = true> <Delay = 0.67> <CoreInst = "RAM">   --->   Core 83 'RAM' <Latency = 1> <II = 1> <Delay = 0.67> <Storage> <Opcode : 'load' 'store'> <Ports = 2> <Width = 1> <Depth = 8> <RAM>
ST_19 : Operation 575 [1/1] (0.00ns)   --->   "%state_lsu_stq_killed_addr_2 = getelementptr i1 %state_lsu_stq_killed, i64 0, i64 %zext_ln950" [/home/lab_726/boom/hls_boom/src/boom_core_merged.cpp:950]   --->   Operation 575 'getelementptr' 'state_lsu_stq_killed_addr_2' <Predicate = true> <Delay = 0.00>
ST_19 : Operation 576 [1/1] (0.67ns)   --->   "%store_ln950 = store i1 %new_stq_killed_load, i3 %state_lsu_stq_killed_addr_2" [/home/lab_726/boom/hls_boom/src/boom_core_merged.cpp:950]   --->   Operation 576 'store' 'store_ln950' <Predicate = true> <Delay = 0.67> <CoreInst = "RAM">   --->   Core 83 'RAM' <Latency = 1> <II = 1> <Delay = 0.67> <Storage> <Opcode : 'load' 'store'> <Ports = 2> <Width = 1> <Depth = 8> <RAM>
ST_19 : Operation 577 [1/1] (0.00ns)   --->   "%state_lsu_stq_rob_idx_addr_2 = getelementptr i8 %state_lsu_stq_rob_idx, i64 0, i64 %zext_ln950" [/home/lab_726/boom/hls_boom/src/boom_core_merged.cpp:950]   --->   Operation 577 'getelementptr' 'state_lsu_stq_rob_idx_addr_2' <Predicate = true> <Delay = 0.00>
ST_19 : Operation 578 [1/1] (0.67ns)   --->   "%store_ln950 = store i8 %new_stq_rob_idx_load, i3 %state_lsu_stq_rob_idx_addr_2" [/home/lab_726/boom/hls_boom/src/boom_core_merged.cpp:950]   --->   Operation 578 'store' 'store_ln950' <Predicate = true> <Delay = 0.67> <CoreInst = "RAM">   --->   Core 83 'RAM' <Latency = 1> <II = 1> <Delay = 0.67> <Storage> <Opcode : 'load' 'store'> <Ports = 2> <Width = 8> <Depth = 8> <RAM>
ST_19 : Operation 579 [1/1] (0.00ns)   --->   "%state_lsu_stq_mask_addr_2 = getelementptr i8 %state_lsu_stq_mask, i64 0, i64 %zext_ln950" [/home/lab_726/boom/hls_boom/src/boom_core_merged.cpp:950]   --->   Operation 579 'getelementptr' 'state_lsu_stq_mask_addr_2' <Predicate = true> <Delay = 0.00>
ST_19 : Operation 580 [1/1] (0.67ns)   --->   "%store_ln950 = store i8 %new_stq_mask_load, i3 %state_lsu_stq_mask_addr_2" [/home/lab_726/boom/hls_boom/src/boom_core_merged.cpp:950]   --->   Operation 580 'store' 'store_ln950' <Predicate = true> <Delay = 0.67> <CoreInst = "RAM">   --->   Core 83 'RAM' <Latency = 1> <II = 1> <Delay = 0.67> <Storage> <Opcode : 'load' 'store'> <Ports = 2> <Width = 8> <Depth = 8> <RAM>
ST_19 : Operation 581 [1/1] (0.00ns)   --->   "%state_lsu_stq_size_addr_2 = getelementptr i8 %state_lsu_stq_size, i64 0, i64 %zext_ln950" [/home/lab_726/boom/hls_boom/src/boom_core_merged.cpp:950]   --->   Operation 581 'getelementptr' 'state_lsu_stq_size_addr_2' <Predicate = true> <Delay = 0.00>
ST_19 : Operation 582 [1/1] (0.67ns)   --->   "%store_ln950 = store i8 %new_stq_size_load, i3 %state_lsu_stq_size_addr_2" [/home/lab_726/boom/hls_boom/src/boom_core_merged.cpp:950]   --->   Operation 582 'store' 'store_ln950' <Predicate = true> <Delay = 0.67> <CoreInst = "RAM">   --->   Core 83 'RAM' <Latency = 1> <II = 1> <Delay = 0.67> <Storage> <Opcode : 'load' 'store'> <Ports = 2> <Width = 8> <Depth = 8> <RAM>
ST_19 : Operation 583 [1/1] (0.00ns)   --->   "%state_lsu_stq_branch_mask_addr_2 = getelementptr i8 %state_lsu_stq_branch_mask, i64 0, i64 %zext_ln950" [/home/lab_726/boom/hls_boom/src/boom_core_merged.cpp:950]   --->   Operation 583 'getelementptr' 'state_lsu_stq_branch_mask_addr_2' <Predicate = true> <Delay = 0.00>
ST_19 : Operation 584 [1/1] (0.67ns)   --->   "%store_ln950 = store i8 %new_stq_branch_mask_load, i3 %state_lsu_stq_branch_mask_addr_2" [/home/lab_726/boom/hls_boom/src/boom_core_merged.cpp:950]   --->   Operation 584 'store' 'store_ln950' <Predicate = true> <Delay = 0.67> <CoreInst = "RAM">   --->   Core 83 'RAM' <Latency = 1> <II = 1> <Delay = 0.67> <Storage> <Opcode : 'load' 'store'> <Ports = 2> <Width = 8> <Depth = 8> <RAM>
ST_19 : Operation 585 [1/1] (0.00ns)   --->   "%state_lsu_stq_rob_allocation_id_addr_2 = getelementptr i32 %state_lsu_stq_rob_allocation_id, i64 0, i64 %zext_ln950" [/home/lab_726/boom/hls_boom/src/boom_core_merged.cpp:950]   --->   Operation 585 'getelementptr' 'state_lsu_stq_rob_allocation_id_addr_2' <Predicate = true> <Delay = 0.00>
ST_19 : Operation 586 [1/1] (0.67ns)   --->   "%store_ln950 = store i32 %new_stq_rob_allocation_id_load, i3 %state_lsu_stq_rob_allocation_id_addr_2" [/home/lab_726/boom/hls_boom/src/boom_core_merged.cpp:950]   --->   Operation 586 'store' 'store_ln950' <Predicate = true> <Delay = 0.67> <CoreInst = "RAM">   --->   Core 83 'RAM' <Latency = 1> <II = 1> <Delay = 0.67> <Storage> <Opcode : 'load' 'store'> <Ports = 2> <Width = 32> <Depth = 8> <RAM>
ST_19 : Operation 587 [1/1] (0.00ns)   --->   "%state_lsu_stq_addr_7 = getelementptr i64 %state_lsu_stq_address, i64 0, i64 %zext_ln950" [/home/lab_726/boom/hls_boom/src/boom_core_merged.cpp:950]   --->   Operation 587 'getelementptr' 'state_lsu_stq_addr_7' <Predicate = true> <Delay = 0.00>
ST_19 : Operation 588 [1/1] (0.67ns)   --->   "%store_ln950 = store i64 %new_stq_load_1, i3 %state_lsu_stq_addr_7" [/home/lab_726/boom/hls_boom/src/boom_core_merged.cpp:950]   --->   Operation 588 'store' 'store_ln950' <Predicate = true> <Delay = 0.67> <CoreInst = "RAM">   --->   Core 83 'RAM' <Latency = 1> <II = 1> <Delay = 0.67> <Storage> <Opcode : 'load' 'store'> <Ports = 2> <Width = 64> <Depth = 8> <RAM>
ST_19 : Operation 589 [1/1] (0.00ns)   --->   "%state_lsu_stq_data_addr_2 = getelementptr i64 %state_lsu_stq_data, i64 0, i64 %zext_ln950" [/home/lab_726/boom/hls_boom/src/boom_core_merged.cpp:950]   --->   Operation 589 'getelementptr' 'state_lsu_stq_data_addr_2' <Predicate = true> <Delay = 0.00>
ST_19 : Operation 590 [1/1] (0.67ns)   --->   "%store_ln950 = store i64 %new_stq_data_load, i3 %state_lsu_stq_data_addr_2" [/home/lab_726/boom/hls_boom/src/boom_core_merged.cpp:950]   --->   Operation 590 'store' 'store_ln950' <Predicate = true> <Delay = 0.67> <CoreInst = "RAM">   --->   Core 83 'RAM' <Latency = 1> <II = 1> <Delay = 0.67> <Storage> <Opcode : 'load' 'store'> <Ports = 2> <Width = 64> <Depth = 8> <RAM>
ST_19 : Operation 591 [1/1] (0.00ns)   --->   "%br_ln0 = br void %.preheader"   --->   Operation 591 'br' 'br_ln0' <Predicate = true> <Delay = 0.00>


============================================================
+ Verbose Summary: Binding
============================================================
STG Binding: 
---------------- STG Properties BEGIN ----------------
- Is combinational: 0
- Is one-state seq: 0
- Is datapath-only: 0
- Is pipelined: 0
- Is top level: 0
Port [ Return ] is wired: 1; IO mode=ap_ctrl_hs:ce=0
Port [ mispredict_mask]:  wired=1; compound=0; hidden=0; nouse=0; global=0; static=0; extern=0; dir=0; type=0; pingpong=0; private_global=0; IO mode=ap_none:ce=0
Port [ state_lsu_ldq_valid]:  wired=1; compound=1; hidden=0; nouse=0; global=1; static=1; extern=0; dir=2; type=1; pingpong=0; private_global=0; MemPort=[23]; IO mode=ap_memory:ce=0
Port [ state_lsu_ldq_branch_mask]:  wired=1; compound=1; hidden=0; nouse=0; global=1; static=1; extern=0; dir=2; type=1; pingpong=0; private_global=0; MemPort=[23]; IO mode=ap_memory:ce=0
Port [ state_lsu_load_response_pending]:  wired=1; compound=0; hidden=0; nouse=0; global=1; static=1; extern=0; dir=2; type=0; pingpong=0; private_global=0; IO mode=ap_ovld:ce=0
Port [ state_lsu_pending_load_rob_idx]:  wired=1; compound=0; hidden=0; nouse=0; global=1; static=1; extern=0; dir=2; type=0; pingpong=0; private_global=0; IO mode=ap_ovld:ce=0
Port [ state_lsu_ldq_rob_idx]:  wired=1; compound=1; hidden=0; nouse=0; global=1; static=1; extern=0; dir=2; type=1; pingpong=0; private_global=0; MemPort=[23]; IO mode=ap_memory:ce=0
Port [ state_lsu_pending_load_allocation_id]:  wired=1; compound=0; hidden=0; nouse=0; global=1; static=1; extern=0; dir=2; type=0; pingpong=0; private_global=0; IO mode=ap_ovld:ce=0
Port [ state_lsu_ldq_rob_allocation_id]:  wired=1; compound=1; hidden=0; nouse=0; global=1; static=1; extern=0; dir=2; type=1; pingpong=0; private_global=0; MemPort=[23]; IO mode=ap_memory:ce=0
Port [ state_lsu_pending_load_transaction_id]:  wired=1; compound=0; hidden=0; nouse=0; global=1; static=1; extern=0; dir=1; type=0; pingpong=0; private_global=0; IO mode=ap_vld:ce=0
Port [ state_lsu_ldq_signed_load]:  wired=1; compound=1; hidden=0; nouse=0; global=1; static=1; extern=0; dir=2; type=1; pingpong=0; private_global=0; MemPort=[23]; IO mode=ap_memory:ce=0
Port [ state_lsu_ldq_response_pending]:  wired=1; compound=1; hidden=0; nouse=0; global=1; static=1; extern=0; dir=2; type=1; pingpong=0; private_global=0; MemPort=[23]; IO mode=ap_memory:ce=0
Port [ state_lsu_ldq_completed]:  wired=1; compound=1; hidden=0; nouse=0; global=1; static=1; extern=0; dir=2; type=1; pingpong=0; private_global=0; MemPort=[23]; IO mode=ap_memory:ce=0
Port [ state_lsu_ldq_killed]:  wired=1; compound=1; hidden=0; nouse=0; global=1; static=1; extern=0; dir=2; type=1; pingpong=0; private_global=0; MemPort=[23]; IO mode=ap_memory:ce=0
Port [ state_lsu_ldq_size]:  wired=1; compound=1; hidden=0; nouse=0; global=1; static=1; extern=0; dir=2; type=1; pingpong=0; private_global=0; MemPort=[23]; IO mode=ap_memory:ce=0
Port [ state_lsu_ldq_transaction_id]:  wired=1; compound=1; hidden=0; nouse=0; global=1; static=1; extern=0; dir=2; type=1; pingpong=0; private_global=0; MemPort=[23]; IO mode=ap_memory:ce=0
Port [ state_lsu_ldq_address]:  wired=1; compound=1; hidden=0; nouse=0; global=1; static=1; extern=0; dir=2; type=1; pingpong=0; private_global=0; MemPort=[23]; IO mode=ap_memory:ce=0
Port [ state_lsu_ldq_result]:  wired=1; compound=1; hidden=0; nouse=0; global=1; static=1; extern=0; dir=2; type=1; pingpong=0; private_global=0; MemPort=[23]; IO mode=ap_memory:ce=0
Port [ state_lsu_stq_valid]:  wired=1; compound=1; hidden=0; nouse=0; global=1; static=1; extern=0; dir=2; type=1; pingpong=0; private_global=0; MemPort=[23]; IO mode=ap_memory:ce=0
Port [ state_lsu_stq_branch_mask]:  wired=1; compound=1; hidden=0; nouse=0; global=1; static=1; extern=0; dir=2; type=1; pingpong=0; private_global=0; MemPort=[23]; IO mode=ap_memory:ce=0
Port [ state_lsu_stq_address_valid]:  wired=1; compound=1; hidden=0; nouse=0; global=1; static=1; extern=0; dir=2; type=1; pingpong=0; private_global=0; MemPort=[23]; IO mode=ap_memory:ce=0
Port [ state_lsu_stq_data_valid]:  wired=1; compound=1; hidden=0; nouse=0; global=1; static=1; extern=0; dir=2; type=1; pingpong=0; private_global=0; MemPort=[23]; IO mode=ap_memory:ce=0
Port [ state_lsu_stq_committed]:  wired=1; compound=1; hidden=0; nouse=0; global=1; static=1; extern=0; dir=2; type=1; pingpong=0; private_global=0; MemPort=[23]; IO mode=ap_memory:ce=0
Port [ state_lsu_stq_issued_to_memory]:  wired=1; compound=1; hidden=0; nouse=0; global=1; static=1; extern=0; dir=2; type=1; pingpong=0; private_global=0; MemPort=[23]; IO mode=ap_memory:ce=0
Port [ state_lsu_stq_completed]:  wired=1; compound=1; hidden=0; nouse=0; global=1; static=1; extern=0; dir=2; type=1; pingpong=0; private_global=0; MemPort=[23]; IO mode=ap_memory:ce=0
Port [ state_lsu_stq_killed]:  wired=1; compound=1; hidden=0; nouse=0; global=1; static=1; extern=0; dir=2; type=1; pingpong=0; private_global=0; MemPort=[23]; IO mode=ap_memory:ce=0
Port [ state_lsu_stq_rob_idx]:  wired=1; compound=1; hidden=0; nouse=0; global=1; static=1; extern=0; dir=2; type=1; pingpong=0; private_global=0; MemPort=[23]; IO mode=ap_memory:ce=0
Port [ state_lsu_stq_mask]:  wired=1; compound=1; hidden=0; nouse=0; global=1; static=1; extern=0; dir=2; type=1; pingpong=0; private_global=0; MemPort=[23]; IO mode=ap_memory:ce=0
Port [ state_lsu_stq_size]:  wired=1; compound=1; hidden=0; nouse=0; global=1; static=1; extern=0; dir=2; type=1; pingpong=0; private_global=0; MemPort=[23]; IO mode=ap_memory:ce=0
Port [ state_lsu_stq_rob_allocation_id]:  wired=1; compound=1; hidden=0; nouse=0; global=1; static=1; extern=0; dir=2; type=1; pingpong=0; private_global=0; MemPort=[23]; IO mode=ap_memory:ce=0
Port [ state_lsu_stq_address]:  wired=1; compound=1; hidden=0; nouse=0; global=1; static=1; extern=0; dir=2; type=1; pingpong=0; private_global=0; MemPort=[23]; IO mode=ap_memory:ce=0
Port [ state_lsu_stq_data]:  wired=1; compound=1; hidden=0; nouse=0; global=1; static=1; extern=0; dir=2; type=1; pingpong=0; private_global=0; MemPort=[23]; IO mode=ap_memory:ce=0
Port [ state_lsu_ldq_tail]:  wired=1; compound=0; hidden=0; nouse=0; global=1; static=1; extern=0; dir=1; type=0; pingpong=0; private_global=0; IO mode=ap_vld:ce=0
Port [ state_lsu_ldq_count]:  wired=1; compound=0; hidden=0; nouse=0; global=1; static=1; extern=0; dir=1; type=0; pingpong=0; private_global=0; IO mode=ap_vld:ce=0
Port [ state_lsu_stq_tail]:  wired=1; compound=0; hidden=0; nouse=0; global=1; static=1; extern=0; dir=1; type=0; pingpong=0; private_global=0; IO mode=ap_vld:ce=0
Port [ state_lsu_stq_count]:  wired=1; compound=0; hidden=0; nouse=0; global=1; static=1; extern=0; dir=1; type=0; pingpong=0; private_global=0; IO mode=ap_vld:ce=0
---------------- STG Properties END ------------------

---------------- Datapath Model BEGIN ----------------

<LifeTime>
<method=bitvector/>
indvar                                    (alloca           ) [ 01100000000000000000]
mispredict_mask_read                      (read             ) [ 00111111111111000000]
new_ldq_valid                             (alloca           ) [ 00111111111111111100]
new_ldq_signed_load                       (alloca           ) [ 00111111111111111100]
new_ldq_response_pending                  (alloca           ) [ 00111111111111111100]
new_ldq_completed                         (alloca           ) [ 00111111111111111100]
new_ldq_killed                            (alloca           ) [ 00111111111111111100]
new_ldq_rob_idx                           (alloca           ) [ 00111111111111111100]
new_ldq_size                              (alloca           ) [ 00111111111111111100]
new_ldq_branch_mask                       (alloca           ) [ 00111111111111111100]
new_ldq_transaction_id                    (alloca           ) [ 00111111111111111100]
new_ldq_rob_allocation_id                 (alloca           ) [ 00111111111111111100]
new_ldq_address                           (alloca           ) [ 00111111111111111100]
new_ldq_result                            (alloca           ) [ 00111111111111111100]
new_stq_valid                             (alloca           ) [ 00111111111111111111]
new_stq_address_valid                     (alloca           ) [ 00111111111111111111]
new_stq_data_valid                        (alloca           ) [ 00111111111111111111]
new_stq_committed                         (alloca           ) [ 00111111111111111111]
new_stq_issued_to_memory                  (alloca           ) [ 00111111111111111111]
new_stq_completed                         (alloca           ) [ 00111111111111111111]
new_stq_killed                            (alloca           ) [ 00111111111111111111]
new_stq_rob_idx                           (alloca           ) [ 00111111111111111111]
new_stq_mask                              (alloca           ) [ 00111111111111111111]
new_stq_size                              (alloca           ) [ 00111111111111111111]
new_stq_branch_mask                       (alloca           ) [ 00111111111111111111]
new_stq_rob_allocation_id                 (alloca           ) [ 00111111111111111111]
new_stq_address                           (alloca           ) [ 00111111111111111111]
new_stq_data                              (alloca           ) [ 00111111111111111111]
store_ln919                               (store            ) [ 00000000000000000000]
br_ln919                                  (br               ) [ 00000000000000000000]
indvar_load                               (load             ) [ 00000000000000000000]
add_ln919                                 (add              ) [ 00000000000000000000]
zext_ln919                                (zext             ) [ 00000000000000000000]
this_valid                                (getelementptr    ) [ 00000000000000000000]
this_signed_load                          (getelementptr    ) [ 00000000000000000000]
this_response_pending                     (getelementptr    ) [ 00000000000000000000]
this_completed                            (getelementptr    ) [ 00000000000000000000]
this_killed                               (getelementptr    ) [ 00000000000000000000]
this_rob_idx                              (getelementptr    ) [ 00000000000000000000]
this_size                                 (getelementptr    ) [ 00000000000000000000]
this_branch_mask                          (getelementptr    ) [ 00000000000000000000]
this_transaction_id                       (getelementptr    ) [ 00000000000000000000]
this_rob_allocation_id                    (getelementptr    ) [ 00000000000000000000]
this_address                              (getelementptr    ) [ 00000000000000000000]
this_result                               (getelementptr    ) [ 00000000000000000000]
store_ln165                               (store            ) [ 00000000000000000000]
store_ln165                               (store            ) [ 00000000000000000000]
store_ln165                               (store            ) [ 00000000000000000000]
store_ln166                               (store            ) [ 00000000000000000000]
store_ln166                               (store            ) [ 00000000000000000000]
store_ln166                               (store            ) [ 00000000000000000000]
store_ln166                               (store            ) [ 00000000000000000000]
store_ln166                               (store            ) [ 00000000000000000000]
store_ln167                               (store            ) [ 00000000000000000000]
store_ln167                               (store            ) [ 00000000000000000000]
store_ln167                               (store            ) [ 00000000000000000000]
store_ln167                               (store            ) [ 00000000000000000000]
icmp_ln919                                (icmp             ) [ 00100000000000000000]
empty                                     (speclooptripcount) [ 00000000000000000000]
br_ln919                                  (br               ) [ 00000000000000000000]
store_ln919                               (store            ) [ 00000000000000000000]
br_ln919                                  (br               ) [ 00000000000000000000]
indvar4                                   (alloca           ) [ 00110000000000000000]
store_ln920                               (store            ) [ 00000000000000000000]
br_ln920                                  (br               ) [ 00000000000000000000]
indvar4_load                              (load             ) [ 00000000000000000000]
add_ln920                                 (add              ) [ 00000000000000000000]
zext_ln920                                (zext             ) [ 00000000000000000000]
this_valid_1                              (getelementptr    ) [ 00000000000000000000]
this_address_valid                        (getelementptr    ) [ 00000000000000000000]
this_data_valid                           (getelementptr    ) [ 00000000000000000000]
this_committed                            (getelementptr    ) [ 00000000000000000000]
this_issued_to_memory                     (getelementptr    ) [ 00000000000000000000]
this_completed_1                          (getelementptr    ) [ 00000000000000000000]
this_killed_1                             (getelementptr    ) [ 00000000000000000000]
this_rob_idx_1                            (getelementptr    ) [ 00000000000000000000]
this_mask                                 (getelementptr    ) [ 00000000000000000000]
this_size_1                               (getelementptr    ) [ 00000000000000000000]
this_branch_mask_1                        (getelementptr    ) [ 00000000000000000000]
this_rob_allocation_id_1                  (getelementptr    ) [ 00000000000000000000]
this_address_1                            (getelementptr    ) [ 00000000000000000000]
this_data                                 (getelementptr    ) [ 00000000000000000000]
store_ln155                               (store            ) [ 00000000000000000000]
store_ln155                               (store            ) [ 00000000000000000000]
store_ln155                               (store            ) [ 00000000000000000000]
store_ln155                               (store            ) [ 00000000000000000000]
store_ln156                               (store            ) [ 00000000000000000000]
store_ln156                               (store            ) [ 00000000000000000000]
store_ln156                               (store            ) [ 00000000000000000000]
store_ln156                               (store            ) [ 00000000000000000000]
store_ln156                               (store            ) [ 00000000000000000000]
store_ln157                               (store            ) [ 00000000000000000000]
store_ln157                               (store            ) [ 00000000000000000000]
store_ln157                               (store            ) [ 00000000000000000000]
store_ln157                               (store            ) [ 00000000000000000000]
store_ln157                               (store            ) [ 00000000000000000000]
icmp_ln920                                (icmp             ) [ 00010000000000000000]
empty_108                                 (speclooptripcount) [ 00000000000000000000]
br_ln920                                  (br               ) [ 00000000000000000000]
store_ln920                               (store            ) [ 00000000000000000000]
br_ln920                                  (br               ) [ 00000000000000000000]
i                                         (alloca           ) [ 00011111110000000000]
lw                                        (alloca           ) [ 00011111110000000000]
store_ln924                               (store            ) [ 00000000000000000000]
store_ln924                               (store            ) [ 00000000000000000000]
br_ln924                                  (br               ) [ 00000000000000000000]
i_26                                      (load             ) [ 00000000000000000000]
lw_2                                      (load             ) [ 00000110011111111111]
zext_ln924                                (zext             ) [ 00000111110000000000]
icmp_ln924                                (icmp             ) [ 00001111110000000000]
empty_109                                 (speclooptripcount) [ 00000000000000000000]
add_ln924                                 (add              ) [ 00000111110000000000]
br_ln924                                  (br               ) [ 00000000000000000000]
state_lsu_ldq_valid_addr                  (getelementptr    ) [ 00000111110000000000]
i_20                                      (alloca           ) [ 00001111111111000000]
sw                                        (alloca           ) [ 00001111111111000000]
store_ln939                               (store            ) [ 00000000000000000000]
store_ln939                               (store            ) [ 00000000000000000000]
br_ln939                                  (br               ) [ 00000000000000000000]
specloopname_ln924                        (specloopname     ) [ 00000000000000000000]
state_lsu_ldq_valid_load                  (load             ) [ 00001111110000000000]
br_ln926                                  (br               ) [ 00000000000000000000]
state_lsu_ldq_branch_mask_addr            (getelementptr    ) [ 00000011110000000000]
state_lsu_ldq_branch_mask_load            (load             ) [ 00000000010000000000]
and_ln926                                 (and              ) [ 00000000000000000000]
icmp_ln926                                (icmp             ) [ 00001111110000000000]
state_lsu_ldq_rob_idx_addr                (getelementptr    ) [ 00001101110000000000]
br_ln926                                  (br               ) [ 00000000000000000000]
state_lsu_load                            (load             ) [ 00001111110000000000]
br_ln927                                  (br               ) [ 00000000000000000000]
lw_3                                      (add              ) [ 00000000000000000000]
state_lsu_ldq_signed_load_addr            (getelementptr    ) [ 00000000010000000000]
state_lsu_ldq_response_pending_addr       (getelementptr    ) [ 00000000010000000000]
state_lsu_ldq_completed_addr              (getelementptr    ) [ 00000000010000000000]
state_lsu_ldq_killed_addr                 (getelementptr    ) [ 00000000010000000000]
state_lsu_ldq_size_addr                   (getelementptr    ) [ 00000000010000000000]
state_lsu_ldq_transaction_id_addr         (getelementptr    ) [ 00000000010000000000]
state_lsu_ldq_rob_allocation_id_addr      (getelementptr    ) [ 00000000010000000000]
state_lsu_ldq_addr                        (getelementptr    ) [ 00000000010000000000]
state_lsu_ldq_result_addr                 (getelementptr    ) [ 00000000010000000000]
store_ln937                               (store            ) [ 00000000000000000000]
state_lsu_pending_load_rob_idx_load       (load             ) [ 00000000000000000000]
zext_ln927                                (zext             ) [ 00000000000000000000]
state_lsu_ldq_rob_idx_load_1              (load             ) [ 00000000000000000000]
icmp_ln927                                (icmp             ) [ 00001111110000000000]
br_ln927                                  (br               ) [ 00000000000000000000]
state_lsu_ldq_rob_allocation_id_addr_2    (getelementptr    ) [ 00001110110000000000]
state_lsu_pending_load_allocation_id_load (load             ) [ 00000000000000000000]
state_lsu_ldq_rob_allocation_id_load_1    (load             ) [ 00000000000000000000]
icmp_ln928                                (icmp             ) [ 00001111110000000000]
br_ln928                                  (br               ) [ 00000000000000000000]
store_ln929                               (store            ) [ 00000000000000000000]
store_ln930                               (store            ) [ 00000000000000000000]
store_ln931                               (store            ) [ 00000000000000000000]
store_ln932                               (store            ) [ 00000000000000000000]
br_ln933                                  (br               ) [ 00000000000000000000]
store_ln934                               (store            ) [ 00000000000000000000]
state_lsu_ldq_signed_load_addr_2          (getelementptr    ) [ 00000000000000000000]
store_ln934                               (store            ) [ 00000000000000000000]
state_lsu_ldq_response_pending_addr_2     (getelementptr    ) [ 00000000000000000000]
store_ln934                               (store            ) [ 00000000000000000000]
state_lsu_ldq_completed_addr_2            (getelementptr    ) [ 00000000000000000000]
store_ln934                               (store            ) [ 00000000000000000000]
state_lsu_ldq_killed_addr_2               (getelementptr    ) [ 00000000000000000000]
store_ln934                               (store            ) [ 00000000000000000000]
store_ln934                               (store            ) [ 00000000000000000000]
state_lsu_ldq_size_addr_2                 (getelementptr    ) [ 00000000000000000000]
store_ln934                               (store            ) [ 00000000000000000000]
store_ln934                               (store            ) [ 00000000000000000000]
state_lsu_ldq_transaction_id_addr_2       (getelementptr    ) [ 00000000000000000000]
store_ln934                               (store            ) [ 00000000000000000000]
state_lsu_ldq_rob_allocation_id_addr_3    (getelementptr    ) [ 00000000000000000000]
store_ln934                               (store            ) [ 00000000000000000000]
state_lsu_ldq_addr_2                      (getelementptr    ) [ 00000000000000000000]
store_ln934                               (store            ) [ 00000000000000000000]
state_lsu_ldq_result_addr_2               (getelementptr    ) [ 00000000000000000000]
store_ln934                               (store            ) [ 00000000000000000000]
br_ln935                                  (br               ) [ 00000000000000000000]
store_ln924                               (store            ) [ 00000000000000000000]
br_ln0                                    (br               ) [ 00000000000000000000]
zext_ln936                                (zext             ) [ 00000000000000000000]
new_ldq_valid_addr                        (getelementptr    ) [ 00000000000000000000]
new_ldq_signed_load_addr                  (getelementptr    ) [ 00000000000000000000]
new_ldq_response_pending_addr             (getelementptr    ) [ 00000000000000000000]
new_ldq_completed_addr                    (getelementptr    ) [ 00000000000000000000]
new_ldq_killed_addr                       (getelementptr    ) [ 00000000000000000000]
new_ldq_rob_idx_addr                      (getelementptr    ) [ 00000000000000000000]
new_ldq_size_addr                         (getelementptr    ) [ 00000000000000000000]
new_ldq_branch_mask_addr                  (getelementptr    ) [ 00000000000000000000]
new_ldq_transaction_id_addr               (getelementptr    ) [ 00000000000000000000]
new_ldq_rob_allocation_id_addr            (getelementptr    ) [ 00000000000000000000]
new_ldq_addr                              (getelementptr    ) [ 00000000000000000000]
new_ldq_result_addr                       (getelementptr    ) [ 00000000000000000000]
state_lsu_ldq_signed_load_load            (load             ) [ 00000000000000000000]
state_lsu_ldq_response_pending_load       (load             ) [ 00000000000000000000]
state_lsu_ldq_completed_load              (load             ) [ 00000000000000000000]
state_lsu_ldq_killed_load                 (load             ) [ 00000000000000000000]
state_lsu_ldq_rob_idx_load                (load             ) [ 00000000000000000000]
state_lsu_ldq_size_load                   (load             ) [ 00000000000000000000]
state_lsu_ldq_transaction_id_load         (load             ) [ 00000000000000000000]
state_lsu_ldq_rob_allocation_id_load      (load             ) [ 00000000000000000000]
state_lsu_ldq_load                        (load             ) [ 00000000000000000000]
state_lsu_ldq_result_load                 (load             ) [ 00000000000000000000]
store_ln936                               (store            ) [ 00000000000000000000]
store_ln936                               (store            ) [ 00000000000000000000]
store_ln936                               (store            ) [ 00000000000000000000]
store_ln936                               (store            ) [ 00000000000000000000]
store_ln936                               (store            ) [ 00000000000000000000]
store_ln936                               (store            ) [ 00000000000000000000]
store_ln936                               (store            ) [ 00000000000000000000]
store_ln936                               (store            ) [ 00000000000000000000]
store_ln936                               (store            ) [ 00000000000000000000]
store_ln936                               (store            ) [ 00000000000000000000]
store_ln936                               (store            ) [ 00000000000000000000]
store_ln936                               (store            ) [ 00000000000000000000]
br_ln937                                  (br               ) [ 00000000000000000000]
i_27                                      (load             ) [ 00000000000000000000]
sw_2                                      (load             ) [ 00000000000111111111]
zext_ln939                                (zext             ) [ 00000000000100000000]
icmp_ln939                                (icmp             ) [ 00000000001111000000]
empty_110                                 (speclooptripcount) [ 00000000000000000000]
add_ln939                                 (add              ) [ 00000000000111000000]
br_ln939                                  (br               ) [ 00000000000000000000]
state_lsu_stq_valid_addr                  (getelementptr    ) [ 00000000000110000000]
i_21                                      (alloca           ) [ 00000000001111100000]
store_ln947                               (store            ) [ 00000000000000000000]
br_ln947                                  (br               ) [ 00000000000000000000]
specloopname_ln939                        (specloopname     ) [ 00000000000000000000]
state_lsu_stq_valid_load                  (load             ) [ 00000000001111000000]
br_ln941                                  (br               ) [ 00000000000000000000]
state_lsu_stq_branch_mask_addr            (getelementptr    ) [ 00000000000010000000]
state_lsu_stq_addr                        (getelementptr    ) [ 00000000000011000000]
state_lsu_stq_data_valid_addr             (getelementptr    ) [ 00000000000011000000]
state_lsu_stq_committed_addr              (getelementptr    ) [ 00000000000011000000]
state_lsu_stq_issued_to_memory_addr       (getelementptr    ) [ 00000000000011000000]
state_lsu_stq_completed_addr              (getelementptr    ) [ 00000000000011000000]
state_lsu_stq_killed_addr                 (getelementptr    ) [ 00000000000011000000]
state_lsu_stq_rob_idx_addr                (getelementptr    ) [ 00000000000011000000]
state_lsu_stq_mask_addr                   (getelementptr    ) [ 00000000000011000000]
state_lsu_stq_size_addr                   (getelementptr    ) [ 00000000000011000000]
state_lsu_stq_rob_allocation_id_addr      (getelementptr    ) [ 00000000000011000000]
state_lsu_stq_addr_5                      (getelementptr    ) [ 00000000000011000000]
state_lsu_stq_data_addr                   (getelementptr    ) [ 00000000000011000000]
state_lsu_stq_branch_mask_load            (load             ) [ 00000000001101000000]
and_ln941                                 (and              ) [ 00000000000000000000]
icmp_ln941                                (icmp             ) [ 00000000001111000000]
br_ln941                                  (br               ) [ 00000000000000000000]
store_ln942                               (store            ) [ 00000000000000000000]
store_ln942                               (store            ) [ 00000000000000000000]
store_ln942                               (store            ) [ 00000000000000000000]
store_ln942                               (store            ) [ 00000000000000000000]
store_ln942                               (store            ) [ 00000000000000000000]
store_ln942                               (store            ) [ 00000000000000000000]
store_ln942                               (store            ) [ 00000000000000000000]
store_ln942                               (store            ) [ 00000000000000000000]
store_ln942                               (store            ) [ 00000000000000000000]
store_ln942                               (store            ) [ 00000000000000000000]
store_ln942                               (store            ) [ 00000000000000000000]
store_ln942                               (store            ) [ 00000000000000000000]
store_ln942                               (store            ) [ 00000000000000000000]
store_ln942                               (store            ) [ 00000000000000000000]
br_ln943                                  (br               ) [ 00000000000000000000]
sw_3                                      (add              ) [ 00000000000000000000]
store_ln945                               (store            ) [ 00000000000000000000]
zext_ln944                                (zext             ) [ 00000000000000000000]
new_stq_valid_addr                        (getelementptr    ) [ 00000000000000000000]
new_stq_addr                              (getelementptr    ) [ 00000000000000000000]
new_stq_data_valid_addr                   (getelementptr    ) [ 00000000000000000000]
new_stq_committed_addr                    (getelementptr    ) [ 00000000000000000000]
new_stq_issued_to_memory_addr             (getelementptr    ) [ 00000000000000000000]
new_stq_completed_addr                    (getelementptr    ) [ 00000000000000000000]
new_stq_killed_addr                       (getelementptr    ) [ 00000000000000000000]
new_stq_rob_idx_addr                      (getelementptr    ) [ 00000000000000000000]
new_stq_mask_addr                         (getelementptr    ) [ 00000000000000000000]
new_stq_size_addr                         (getelementptr    ) [ 00000000000000000000]
new_stq_branch_mask_addr                  (getelementptr    ) [ 00000000000000000000]
new_stq_rob_allocation_id_addr            (getelementptr    ) [ 00000000000000000000]
new_stq_addr_2                            (getelementptr    ) [ 00000000000000000000]
new_stq_data_addr                         (getelementptr    ) [ 00000000000000000000]
state_lsu_stq_load                        (load             ) [ 00000000000000000000]
state_lsu_stq_data_valid_load             (load             ) [ 00000000000000000000]
state_lsu_stq_committed_load              (load             ) [ 00000000000000000000]
state_lsu_stq_issued_to_memory_load       (load             ) [ 00000000000000000000]
state_lsu_stq_completed_load              (load             ) [ 00000000000000000000]
state_lsu_stq_killed_load                 (load             ) [ 00000000000000000000]
state_lsu_stq_rob_idx_load                (load             ) [ 00000000000000000000]
state_lsu_stq_mask_load                   (load             ) [ 00000000000000000000]
state_lsu_stq_size_load                   (load             ) [ 00000000000000000000]
state_lsu_stq_rob_allocation_id_load      (load             ) [ 00000000000000000000]
state_lsu_stq_load_2                      (load             ) [ 00000000000000000000]
state_lsu_stq_data_load                   (load             ) [ 00000000000000000000]
store_ln944                               (store            ) [ 00000000000000000000]
store_ln944                               (store            ) [ 00000000000000000000]
store_ln944                               (store            ) [ 00000000000000000000]
store_ln944                               (store            ) [ 00000000000000000000]
store_ln944                               (store            ) [ 00000000000000000000]
store_ln944                               (store            ) [ 00000000000000000000]
store_ln944                               (store            ) [ 00000000000000000000]
store_ln944                               (store            ) [ 00000000000000000000]
store_ln944                               (store            ) [ 00000000000000000000]
store_ln944                               (store            ) [ 00000000000000000000]
store_ln944                               (store            ) [ 00000000000000000000]
store_ln944                               (store            ) [ 00000000000000000000]
store_ln944                               (store            ) [ 00000000000000000000]
store_ln944                               (store            ) [ 00000000000000000000]
br_ln945                                  (br               ) [ 00000000000000000000]
store_ln939                               (store            ) [ 00000000000000000000]
br_ln0                                    (br               ) [ 00000000000000000000]
i_28                                      (load             ) [ 00000000000000000000]
zext_ln947                                (zext             ) [ 00000000000000000000]
tmp                                       (partselect       ) [ 00000000000000000000]
icmp_ln947                                (icmp             ) [ 00000000000000100000]
br_ln947                                  (br               ) [ 00000000000000000000]
specloopname_ln947                        (specloopname     ) [ 00000000000000000000]
new_ldq_valid_addr_1                      (getelementptr    ) [ 00000000000000000000]
new_ldq_signed_load_addr_1                (getelementptr    ) [ 00000000000000000000]
new_ldq_response_pending_addr_1           (getelementptr    ) [ 00000000000000000000]
new_ldq_completed_addr_1                  (getelementptr    ) [ 00000000000000000000]
new_ldq_killed_addr_1                     (getelementptr    ) [ 00000000000000000000]
new_ldq_rob_idx_addr_1                    (getelementptr    ) [ 00000000000000000000]
new_ldq_size_addr_1                       (getelementptr    ) [ 00000000000000000000]
new_ldq_branch_mask_addr_1                (getelementptr    ) [ 00000000000000000000]
new_ldq_transaction_id_addr_1             (getelementptr    ) [ 00000000000000000000]
new_ldq_rob_allocation_id_addr_1          (getelementptr    ) [ 00000000000000000000]
new_ldq_addr_1                            (getelementptr    ) [ 00000000000000000000]
new_ldq_result_addr_1                     (getelementptr    ) [ 00000000000000000000]
store_ln947                               (store            ) [ 00000000000000000000]
store_ln947                               (store            ) [ 00000000000000000000]
store_ln947                               (store            ) [ 00000000000000000000]
store_ln947                               (store            ) [ 00000000000000000000]
store_ln947                               (store            ) [ 00000000000000000000]
store_ln947                               (store            ) [ 00000000000000000000]
store_ln947                               (store            ) [ 00000000000000000000]
store_ln947                               (store            ) [ 00000000000000000000]
store_ln947                               (store            ) [ 00000000000000000000]
store_ln947                               (store            ) [ 00000000000000000000]
store_ln947                               (store            ) [ 00000000000000000000]
store_ln947                               (store            ) [ 00000000000000000000]
add_ln947                                 (add              ) [ 00000000000000000000]
store_ln947                               (store            ) [ 00000000000000000000]
br_ln0                                    (br               ) [ 00000000000000000000]
i_23                                      (alloca           ) [ 00000000000000110000]
store_ln948                               (store            ) [ 00000000000000000000]
br_ln948                                  (br               ) [ 00000000000000000000]
i_29                                      (load             ) [ 00000000000000000000]
zext_ln948                                (zext             ) [ 00000000000000000000]
tmp_9                                     (partselect       ) [ 00000000000000000000]
icmp_ln948                                (icmp             ) [ 00000000000000010000]
br_ln948                                  (br               ) [ 00000000000000000000]
specloopname_ln948                        (specloopname     ) [ 00000000000000000000]
new_stq_valid_addr_1                      (getelementptr    ) [ 00000000000000000000]
new_stq_addr_3                            (getelementptr    ) [ 00000000000000000000]
new_stq_data_valid_addr_1                 (getelementptr    ) [ 00000000000000000000]
new_stq_committed_addr_1                  (getelementptr    ) [ 00000000000000000000]
new_stq_issued_to_memory_addr_1           (getelementptr    ) [ 00000000000000000000]
new_stq_completed_addr_1                  (getelementptr    ) [ 00000000000000000000]
new_stq_killed_addr_1                     (getelementptr    ) [ 00000000000000000000]
new_stq_rob_idx_addr_1                    (getelementptr    ) [ 00000000000000000000]
new_stq_mask_addr_1                       (getelementptr    ) [ 00000000000000000000]
new_stq_size_addr_1                       (getelementptr    ) [ 00000000000000000000]
new_stq_branch_mask_addr_1                (getelementptr    ) [ 00000000000000000000]
new_stq_rob_allocation_id_addr_1          (getelementptr    ) [ 00000000000000000000]
new_stq_addr_4                            (getelementptr    ) [ 00000000000000000000]
new_stq_data_addr_1                       (getelementptr    ) [ 00000000000000000000]
store_ln948                               (store            ) [ 00000000000000000000]
store_ln948                               (store            ) [ 00000000000000000000]
store_ln948                               (store            ) [ 00000000000000000000]
store_ln948                               (store            ) [ 00000000000000000000]
store_ln948                               (store            ) [ 00000000000000000000]
store_ln948                               (store            ) [ 00000000000000000000]
store_ln948                               (store            ) [ 00000000000000000000]
store_ln948                               (store            ) [ 00000000000000000000]
store_ln948                               (store            ) [ 00000000000000000000]
store_ln948                               (store            ) [ 00000000000000000000]
store_ln948                               (store            ) [ 00000000000000000000]
store_ln948                               (store            ) [ 00000000000000000000]
store_ln948                               (store            ) [ 00000000000000000000]
store_ln948                               (store            ) [ 00000000000000000000]
add_ln948                                 (add              ) [ 00000000000000000000]
store_ln948                               (store            ) [ 00000000000000000000]
br_ln0                                    (br               ) [ 00000000000000000000]
i_24                                      (alloca           ) [ 00000000000000011100]
store_ln949                               (store            ) [ 00000000000000000000]
br_ln949                                  (br               ) [ 00000000000000000000]
i_30                                      (load             ) [ 00000000000000000000]
zext_ln949                                (zext             ) [ 00000000000000000100]
icmp_ln949                                (icmp             ) [ 00000000000000001100]
empty_111                                 (speclooptripcount) [ 00000000000000000000]
add_ln949                                 (add              ) [ 00000000000000000000]
br_ln949                                  (br               ) [ 00000000000000000000]
new_ldq_valid_addr_2                      (getelementptr    ) [ 00000000000000000100]
new_ldq_signed_load_addr_2                (getelementptr    ) [ 00000000000000000100]
new_ldq_response_pending_addr_2           (getelementptr    ) [ 00000000000000000100]
new_ldq_completed_addr_2                  (getelementptr    ) [ 00000000000000000100]
new_ldq_killed_addr_2                     (getelementptr    ) [ 00000000000000000100]
new_ldq_rob_idx_addr_2                    (getelementptr    ) [ 00000000000000000100]
new_ldq_size_addr_2                       (getelementptr    ) [ 00000000000000000100]
new_ldq_branch_mask_addr_2                (getelementptr    ) [ 00000000000000000100]
new_ldq_transaction_id_addr_2             (getelementptr    ) [ 00000000000000000100]
new_ldq_rob_allocation_id_addr_2          (getelementptr    ) [ 00000000000000000100]
new_ldq_addr_2                            (getelementptr    ) [ 00000000000000000100]
new_ldq_result_addr_2                     (getelementptr    ) [ 00000000000000000100]
store_ln949                               (store            ) [ 00000000000000000000]
i_25                                      (alloca           ) [ 00000000000000001111]
store_ln950                               (store            ) [ 00000000000000000000]
br_ln950                                  (br               ) [ 00000000000000000000]
specloopname_ln949                        (specloopname     ) [ 00000000000000000000]
new_ldq_valid_load                        (load             ) [ 00000000000000000000]
new_ldq_signed_load_load                  (load             ) [ 00000000000000000000]
new_ldq_response_pending_load             (load             ) [ 00000000000000000000]
new_ldq_completed_load                    (load             ) [ 00000000000000000000]
new_ldq_killed_load                       (load             ) [ 00000000000000000000]
new_ldq_rob_idx_load                      (load             ) [ 00000000000000000000]
new_ldq_size_load                         (load             ) [ 00000000000000000000]
new_ldq_branch_mask_load                  (load             ) [ 00000000000000000000]
new_ldq_transaction_id_load               (load             ) [ 00000000000000000000]
new_ldq_rob_allocation_id_load            (load             ) [ 00000000000000000000]
new_ldq_load                              (load             ) [ 00000000000000000000]
new_ldq_result_load                       (load             ) [ 00000000000000000000]
state_lsu_ldq_valid_addr_2                (getelementptr    ) [ 00000000000000000000]
store_ln949                               (store            ) [ 00000000000000000000]
state_lsu_ldq_signed_load_addr_3          (getelementptr    ) [ 00000000000000000000]
store_ln949                               (store            ) [ 00000000000000000000]
state_lsu_ldq_response_pending_addr_3     (getelementptr    ) [ 00000000000000000000]
store_ln949                               (store            ) [ 00000000000000000000]
state_lsu_ldq_completed_addr_3            (getelementptr    ) [ 00000000000000000000]
store_ln949                               (store            ) [ 00000000000000000000]
state_lsu_ldq_killed_addr_3               (getelementptr    ) [ 00000000000000000000]
store_ln949                               (store            ) [ 00000000000000000000]
state_lsu_ldq_rob_idx_addr_2              (getelementptr    ) [ 00000000000000000000]
store_ln949                               (store            ) [ 00000000000000000000]
state_lsu_ldq_size_addr_3                 (getelementptr    ) [ 00000000000000000000]
store_ln949                               (store            ) [ 00000000000000000000]
state_lsu_ldq_branch_mask_addr_2          (getelementptr    ) [ 00000000000000000000]
store_ln949                               (store            ) [ 00000000000000000000]
state_lsu_ldq_transaction_id_addr_3       (getelementptr    ) [ 00000000000000000000]
store_ln949                               (store            ) [ 00000000000000000000]
state_lsu_ldq_rob_allocation_id_addr_4    (getelementptr    ) [ 00000000000000000000]
store_ln949                               (store            ) [ 00000000000000000000]
state_lsu_ldq_addr_3                      (getelementptr    ) [ 00000000000000000000]
store_ln949                               (store            ) [ 00000000000000000000]
state_lsu_ldq_result_addr_3               (getelementptr    ) [ 00000000000000000000]
store_ln949                               (store            ) [ 00000000000000000000]
br_ln0                                    (br               ) [ 00000000000000000000]
i_31                                      (load             ) [ 00000000000000000000]
zext_ln950                                (zext             ) [ 00000000000000000001]
icmp_ln950                                (icmp             ) [ 00000000000000000011]
empty_112                                 (speclooptripcount) [ 00000000000000000000]
add_ln950                                 (add              ) [ 00000000000000000000]
br_ln950                                  (br               ) [ 00000000000000000000]
new_stq_valid_addr_2                      (getelementptr    ) [ 00000000000000000001]
new_stq_addr_5                            (getelementptr    ) [ 00000000000000000001]
new_stq_data_valid_addr_2                 (getelementptr    ) [ 00000000000000000001]
new_stq_committed_addr_2                  (getelementptr    ) [ 00000000000000000001]
new_stq_issued_to_memory_addr_2           (getelementptr    ) [ 00000000000000000001]
new_stq_completed_addr_2                  (getelementptr    ) [ 00000000000000000001]
new_stq_killed_addr_2                     (getelementptr    ) [ 00000000000000000001]
new_stq_rob_idx_addr_2                    (getelementptr    ) [ 00000000000000000001]
new_stq_mask_addr_2                       (getelementptr    ) [ 00000000000000000001]
new_stq_size_addr_2                       (getelementptr    ) [ 00000000000000000001]
new_stq_branch_mask_addr_2                (getelementptr    ) [ 00000000000000000001]
new_stq_rob_allocation_id_addr_2          (getelementptr    ) [ 00000000000000000001]
new_stq_addr_6                            (getelementptr    ) [ 00000000000000000001]
new_stq_data_addr_2                       (getelementptr    ) [ 00000000000000000001]
store_ln950                               (store            ) [ 00000000000000000000]
trunc_ln952                               (trunc            ) [ 00000000000000000000]
store_ln952                               (store            ) [ 00000000000000000000]
trunc_ln953                               (trunc            ) [ 00000000000000000000]
store_ln953                               (store            ) [ 00000000000000000000]
trunc_ln955                               (trunc            ) [ 00000000000000000000]
store_ln955                               (store            ) [ 00000000000000000000]
trunc_ln956                               (trunc            ) [ 00000000000000000000]
store_ln956                               (store            ) [ 00000000000000000000]
ret_ln957                                 (ret              ) [ 00000000000000000000]
specloopname_ln950                        (specloopname     ) [ 00000000000000000000]
new_stq_valid_load                        (load             ) [ 00000000000000000000]
new_stq_load                              (load             ) [ 00000000000000000000]
new_stq_data_valid_load                   (load             ) [ 00000000000000000000]
new_stq_committed_load                    (load             ) [ 00000000000000000000]
new_stq_issued_to_memory_load             (load             ) [ 00000000000000000000]
new_stq_completed_load                    (load             ) [ 00000000000000000000]
new_stq_killed_load                       (load             ) [ 00000000000000000000]
new_stq_rob_idx_load                      (load             ) [ 00000000000000000000]
new_stq_mask_load                         (load             ) [ 00000000000000000000]
new_stq_size_load                         (load             ) [ 00000000000000000000]
new_stq_branch_mask_load                  (load             ) [ 00000000000000000000]
new_stq_rob_allocation_id_load            (load             ) [ 00000000000000000000]
new_stq_load_1                            (load             ) [ 00000000000000000000]
new_stq_data_load                         (load             ) [ 00000000000000000000]
state_lsu_stq_valid_addr_2                (getelementptr    ) [ 00000000000000000000]
store_ln950                               (store            ) [ 00000000000000000000]
state_lsu_stq_addr_6                      (getelementptr    ) [ 00000000000000000000]
store_ln950                               (store            ) [ 00000000000000000000]
state_lsu_stq_data_valid_addr_2           (getelementptr    ) [ 00000000000000000000]
store_ln950                               (store            ) [ 00000000000000000000]
state_lsu_stq_committed_addr_2            (getelementptr    ) [ 00000000000000000000]
store_ln950                               (store            ) [ 00000000000000000000]
state_lsu_stq_issued_to_memory_addr_2     (getelementptr    ) [ 00000000000000000000]
store_ln950                               (store            ) [ 00000000000000000000]
state_lsu_stq_completed_addr_2            (getelementptr    ) [ 00000000000000000000]
store_ln950                               (store            ) [ 00000000000000000000]
state_lsu_stq_killed_addr_2               (getelementptr    ) [ 00000000000000000000]
store_ln950                               (store            ) [ 00000000000000000000]
state_lsu_stq_rob_idx_addr_2              (getelementptr    ) [ 00000000000000000000]
store_ln950                               (store            ) [ 00000000000000000000]
state_lsu_stq_mask_addr_2                 (getelementptr    ) [ 00000000000000000000]
store_ln950                               (store            ) [ 00000000000000000000]
state_lsu_stq_size_addr_2                 (getelementptr    ) [ 00000000000000000000]
store_ln950                               (store            ) [ 00000000000000000000]
state_lsu_stq_branch_mask_addr_2          (getelementptr    ) [ 00000000000000000000]
store_ln950                               (store            ) [ 00000000000000000000]
state_lsu_stq_rob_allocation_id_addr_2    (getelementptr    ) [ 00000000000000000000]
store_ln950                               (store            ) [ 00000000000000000000]
state_lsu_stq_addr_7                      (getelementptr    ) [ 00000000000000000000]
store_ln950                               (store            ) [ 00000000000000000000]
state_lsu_stq_data_addr_2                 (getelementptr    ) [ 00000000000000000000]
store_ln950                               (store            ) [ 00000000000000000000]
br_ln0                                    (br               ) [ 00000000000000000000]
</LifeTime>

<model>

<comp_list>
<comp id="0" class="1000" name="mispredict_mask">
<pin_list>
<pin id="1" dir="1" index="0" bw="1" slack="0"/>
</pin_list>
<bind>
<StgValue><ssdm name="mispredict_mask"/></StgValue>
</bind>
</comp>

<comp id="2" class="1000" name="state_lsu_ldq_valid">
<pin_list>
<pin id="3" dir="1" index="0" bw="1" slack="0"/>
</pin_list>
<bind>
<StgValue><ssdm name="state_lsu_ldq_valid"/><MemPortTyVec>2 3 </MemPortTyVec>
</StgValue>
</bind>
</comp>

<comp id="4" class="1000" name="state_lsu_ldq_branch_mask">
<pin_list>
<pin id="5" dir="1" index="0" bw="1" slack="0"/>
</pin_list>
<bind>
<StgValue><ssdm name="state_lsu_ldq_branch_mask"/><MemPortTyVec>2 3 </MemPortTyVec>
</StgValue>
</bind>
</comp>

<comp id="6" class="1000" name="state_lsu_load_response_pending">
<pin_list>
<pin id="7" dir="1" index="0" bw="1" slack="0"/>
</pin_list>
<bind>
<StgValue><ssdm name="state_lsu_load_response_pending"/></StgValue>
</bind>
</comp>

<comp id="8" class="1000" name="state_lsu_pending_load_rob_idx">
<pin_list>
<pin id="9" dir="1" index="0" bw="1" slack="0"/>
</pin_list>
<bind>
<StgValue><ssdm name="state_lsu_pending_load_rob_idx"/></StgValue>
</bind>
</comp>

<comp id="10" class="1000" name="state_lsu_ldq_rob_idx">
<pin_list>
<pin id="11" dir="1" index="0" bw="1" slack="0"/>
</pin_list>
<bind>
<StgValue><ssdm name="state_lsu_ldq_rob_idx"/><MemPortTyVec>2 3 </MemPortTyVec>
</StgValue>
</bind>
</comp>

<comp id="12" class="1000" name="state_lsu_pending_load_allocation_id">
<pin_list>
<pin id="13" dir="1" index="0" bw="1" slack="0"/>
</pin_list>
<bind>
<StgValue><ssdm name="state_lsu_pending_load_allocation_id"/></StgValue>
</bind>
</comp>

<comp id="14" class="1000" name="state_lsu_ldq_rob_allocation_id">
<pin_list>
<pin id="15" dir="1" index="0" bw="1" slack="0"/>
</pin_list>
<bind>
<StgValue><ssdm name="state_lsu_ldq_rob_allocation_id"/><MemPortTyVec>2 3 </MemPortTyVec>
</StgValue>
</bind>
</comp>

<comp id="16" class="1000" name="state_lsu_pending_load_transaction_id">
<pin_list>
<pin id="17" dir="1" index="0" bw="1" slack="0"/>
</pin_list>
<bind>
<StgValue><ssdm name="state_lsu_pending_load_transaction_id"/></StgValue>
</bind>
</comp>

<comp id="18" class="1000" name="state_lsu_ldq_signed_load">
<pin_list>
<pin id="19" dir="1" index="0" bw="1" slack="0"/>
</pin_list>
<bind>
<StgValue><ssdm name="state_lsu_ldq_signed_load"/><MemPortTyVec>2 3 </MemPortTyVec>
</StgValue>
</bind>
</comp>

<comp id="20" class="1000" name="state_lsu_ldq_response_pending">
<pin_list>
<pin id="21" dir="1" index="0" bw="1" slack="0"/>
</pin_list>
<bind>
<StgValue><ssdm name="state_lsu_ldq_response_pending"/><MemPortTyVec>2 3 </MemPortTyVec>
</StgValue>
</bind>
</comp>

<comp id="22" class="1000" name="state_lsu_ldq_completed">
<pin_list>
<pin id="23" dir="1" index="0" bw="1" slack="0"/>
</pin_list>
<bind>
<StgValue><ssdm name="state_lsu_ldq_completed"/><MemPortTyVec>2 3 </MemPortTyVec>
</StgValue>
</bind>
</comp>

<comp id="24" class="1000" name="state_lsu_ldq_killed">
<pin_list>
<pin id="25" dir="1" index="0" bw="1" slack="0"/>
</pin_list>
<bind>
<StgValue><ssdm name="state_lsu_ldq_killed"/><MemPortTyVec>2 3 </MemPortTyVec>
</StgValue>
</bind>
</comp>

<comp id="26" class="1000" name="state_lsu_ldq_size">
<pin_list>
<pin id="27" dir="1" index="0" bw="1" slack="0"/>
</pin_list>
<bind>
<StgValue><ssdm name="state_lsu_ldq_size"/><MemPortTyVec>2 3 </MemPortTyVec>
</StgValue>
</bind>
</comp>

<comp id="28" class="1000" name="state_lsu_ldq_transaction_id">
<pin_list>
<pin id="29" dir="1" index="0" bw="1" slack="0"/>
</pin_list>
<bind>
<StgValue><ssdm name="state_lsu_ldq_transaction_id"/><MemPortTyVec>2 3 </MemPortTyVec>
</StgValue>
</bind>
</comp>

<comp id="30" class="1000" name="state_lsu_ldq_address">
<pin_list>
<pin id="31" dir="1" index="0" bw="1" slack="0"/>
</pin_list>
<bind>
<StgValue><ssdm name="state_lsu_ldq_address"/><MemPortTyVec>2 3 </MemPortTyVec>
</StgValue>
</bind>
</comp>

<comp id="32" class="1000" name="state_lsu_ldq_result">
<pin_list>
<pin id="33" dir="1" index="0" bw="1" slack="0"/>
</pin_list>
<bind>
<StgValue><ssdm name="state_lsu_ldq_result"/><MemPortTyVec>2 3 </MemPortTyVec>
</StgValue>
</bind>
</comp>

<comp id="34" class="1000" name="state_lsu_stq_valid">
<pin_list>
<pin id="35" dir="1" index="0" bw="1" slack="0"/>
</pin_list>
<bind>
<StgValue><ssdm name="state_lsu_stq_valid"/><MemPortTyVec>2 3 </MemPortTyVec>
</StgValue>
</bind>
</comp>

<comp id="36" class="1000" name="state_lsu_stq_branch_mask">
<pin_list>
<pin id="37" dir="1" index="0" bw="1" slack="0"/>
</pin_list>
<bind>
<StgValue><ssdm name="state_lsu_stq_branch_mask"/><MemPortTyVec>2 3 </MemPortTyVec>
</StgValue>
</bind>
</comp>

<comp id="38" class="1000" name="state_lsu_stq_address_valid">
<pin_list>
<pin id="39" dir="1" index="0" bw="1" slack="0"/>
</pin_list>
<bind>
<StgValue><ssdm name="state_lsu_stq_address_valid"/><MemPortTyVec>2 3 </MemPortTyVec>
</StgValue>
</bind>
</comp>

<comp id="40" class="1000" name="state_lsu_stq_data_valid">
<pin_list>
<pin id="41" dir="1" index="0" bw="1" slack="0"/>
</pin_list>
<bind>
<StgValue><ssdm name="state_lsu_stq_data_valid"/><MemPortTyVec>2 3 </MemPortTyVec>
</StgValue>
</bind>
</comp>

<comp id="42" class="1000" name="state_lsu_stq_committed">
<pin_list>
<pin id="43" dir="1" index="0" bw="1" slack="0"/>
</pin_list>
<bind>
<StgValue><ssdm name="state_lsu_stq_committed"/><MemPortTyVec>2 3 </MemPortTyVec>
</StgValue>
</bind>
</comp>

<comp id="44" class="1000" name="state_lsu_stq_issued_to_memory">
<pin_list>
<pin id="45" dir="1" index="0" bw="1" slack="0"/>
</pin_list>
<bind>
<StgValue><ssdm name="state_lsu_stq_issued_to_memory"/><MemPortTyVec>2 3 </MemPortTyVec>
</StgValue>
</bind>
</comp>

<comp id="46" class="1000" name="state_lsu_stq_completed">
<pin_list>
<pin id="47" dir="1" index="0" bw="1" slack="0"/>
</pin_list>
<bind>
<StgValue><ssdm name="state_lsu_stq_completed"/><MemPortTyVec>2 3 </MemPortTyVec>
</StgValue>
</bind>
</comp>

<comp id="48" class="1000" name="state_lsu_stq_killed">
<pin_list>
<pin id="49" dir="1" index="0" bw="1" slack="0"/>
</pin_list>
<bind>
<StgValue><ssdm name="state_lsu_stq_killed"/><MemPortTyVec>2 3 </MemPortTyVec>
</StgValue>
</bind>
</comp>

<comp id="50" class="1000" name="state_lsu_stq_rob_idx">
<pin_list>
<pin id="51" dir="1" index="0" bw="1" slack="0"/>
</pin_list>
<bind>
<StgValue><ssdm name="state_lsu_stq_rob_idx"/><MemPortTyVec>2 3 </MemPortTyVec>
</StgValue>
</bind>
</comp>

<comp id="52" class="1000" name="state_lsu_stq_mask">
<pin_list>
<pin id="53" dir="1" index="0" bw="1" slack="0"/>
</pin_list>
<bind>
<StgValue><ssdm name="state_lsu_stq_mask"/><MemPortTyVec>2 3 </MemPortTyVec>
</StgValue>
</bind>
</comp>

<comp id="54" class="1000" name="state_lsu_stq_size">
<pin_list>
<pin id="55" dir="1" index="0" bw="1" slack="0"/>
</pin_list>
<bind>
<StgValue><ssdm name="state_lsu_stq_size"/><MemPortTyVec>2 3 </MemPortTyVec>
</StgValue>
</bind>
</comp>

<comp id="56" class="1000" name="state_lsu_stq_rob_allocation_id">
<pin_list>
<pin id="57" dir="1" index="0" bw="1" slack="0"/>
</pin_list>
<bind>
<StgValue><ssdm name="state_lsu_stq_rob_allocation_id"/><MemPortTyVec>2 3 </MemPortTyVec>
</StgValue>
</bind>
</comp>

<comp id="58" class="1000" name="state_lsu_stq_address">
<pin_list>
<pin id="59" dir="1" index="0" bw="1" slack="0"/>
</pin_list>
<bind>
<StgValue><ssdm name="state_lsu_stq_address"/><MemPortTyVec>2 3 </MemPortTyVec>
</StgValue>
</bind>
</comp>

<comp id="60" class="1000" name="state_lsu_stq_data">
<pin_list>
<pin id="61" dir="1" index="0" bw="1" slack="0"/>
</pin_list>
<bind>
<StgValue><ssdm name="state_lsu_stq_data"/><MemPortTyVec>2 3 </MemPortTyVec>
</StgValue>
</bind>
</comp>

<comp id="62" class="1000" name="state_lsu_ldq_tail">
<pin_list>
<pin id="63" dir="1" index="0" bw="1" slack="0"/>
</pin_list>
<bind>
<StgValue><ssdm name="state_lsu_ldq_tail"/></StgValue>
</bind>
</comp>

<comp id="64" class="1000" name="state_lsu_ldq_count">
<pin_list>
<pin id="65" dir="1" index="0" bw="1" slack="0"/>
</pin_list>
<bind>
<StgValue><ssdm name="state_lsu_ldq_count"/></StgValue>
</bind>
</comp>

<comp id="66" class="1000" name="state_lsu_stq_tail">
<pin_list>
<pin id="67" dir="1" index="0" bw="1" slack="0"/>
</pin_list>
<bind>
<StgValue><ssdm name="state_lsu_stq_tail"/></StgValue>
</bind>
</comp>

<comp id="68" class="1000" name="state_lsu_stq_count">
<pin_list>
<pin id="69" dir="1" index="0" bw="1" slack="0"/>
</pin_list>
<bind>
<StgValue><ssdm name="state_lsu_stq_count"/></StgValue>
</bind>
</comp>

<comp id="70" class="1001" name="const_70">
<pin_list>
<pin id="71" dir="1" index="0" bw="1" slack="0"/>
</pin_list>
<bind>
<StgValue><ssdm name=""/></StgValue>
</bind>
</comp>

<comp id="72" class="1001" name="const_72">
<pin_list>
<pin id="73" dir="1" index="0" bw="1" slack="0"/>
</pin_list>
<bind>
<StgValue><ssdm name="_ssdm_op_Read.ap_auto.i8"/></StgValue>
</bind>
</comp>

<comp id="74" class="1001" name="const_74">
<pin_list>
<pin id="75" dir="1" index="0" bw="1" slack="0"/>
</pin_list>
<bind>
<StgValue><ssdm name=""/></StgValue>
</bind>
</comp>

<comp id="76" class="1001" name="const_76">
<pin_list>
<pin id="77" dir="1" index="0" bw="1" slack="0"/>
</pin_list>
<bind>
<StgValue><ssdm name=""/></StgValue>
</bind>
</comp>

<comp id="78" class="1001" name="const_78">
<pin_list>
<pin id="79" dir="1" index="0" bw="1" slack="0"/>
</pin_list>
<bind>
<StgValue><ssdm name=""/></StgValue>
</bind>
</comp>

<comp id="80" class="1001" name="const_80">
<pin_list>
<pin id="81" dir="1" index="0" bw="1" slack="0"/>
</pin_list>
<bind>
<StgValue><ssdm name=""/></StgValue>
</bind>
</comp>

<comp id="82" class="1001" name="const_82">
<pin_list>
<pin id="83" dir="1" index="0" bw="1" slack="0"/>
</pin_list>
<bind>
<StgValue><ssdm name=""/></StgValue>
</bind>
</comp>

<comp id="84" class="1001" name="const_84">
<pin_list>
<pin id="85" dir="1" index="0" bw="1" slack="0"/>
</pin_list>
<bind>
<StgValue><ssdm name=""/></StgValue>
</bind>
</comp>

<comp id="86" class="1001" name="const_86">
<pin_list>
<pin id="87" dir="1" index="0" bw="1" slack="0"/>
</pin_list>
<bind>
<StgValue><ssdm name=""/></StgValue>
</bind>
</comp>

<comp id="88" class="1001" name="const_88">
<pin_list>
<pin id="89" dir="1" index="0" bw="1" slack="0"/>
</pin_list>
<bind>
<StgValue><ssdm name=""/></StgValue>
</bind>
</comp>

<comp id="90" class="1001" name="const_90">
<pin_list>
<pin id="91" dir="1" index="0" bw="1" slack="2147483647"/>
</pin_list>
<bind>
<StgValue><ssdm name="_ssdm_op_SpecLoopTripCount"/></StgValue>
</bind>
</comp>

<comp id="92" class="1001" name="const_92">
<pin_list>
<pin id="93" dir="1" index="0" bw="1" slack="2147483647"/>
</pin_list>
<bind>
<StgValue><ssdm name=""/></StgValue>
</bind>
</comp>

<comp id="94" class="1001" name="const_94">
<pin_list>
<pin id="95" dir="1" index="0" bw="1" slack="0"/>
</pin_list>
<bind>
<StgValue><ssdm name=""/></StgValue>
</bind>
</comp>

<comp id="96" class="1001" name="const_96">
<pin_list>
<pin id="97" dir="1" index="0" bw="1" slack="0"/>
</pin_list>
<bind>
<StgValue><ssdm name=""/></StgValue>
</bind>
</comp>

<comp id="98" class="1001" name="const_98">
<pin_list>
<pin id="99" dir="1" index="0" bw="1" slack="0"/>
</pin_list>
<bind>
<StgValue><ssdm name=""/></StgValue>
</bind>
</comp>

<comp id="100" class="1001" name="const_100">
<pin_list>
<pin id="101" dir="1" index="0" bw="1" slack="2147483647"/>
</pin_list>
<bind>
<StgValue><ssdm name="_ssdm_op_SpecLoopName"/></StgValue>
</bind>
</comp>

<comp id="102" class="1001" name="const_102">
<pin_list>
<pin id="103" dir="1" index="0" bw="1" slack="2147483647"/>
</pin_list>
<bind>
<StgValue><ssdm name="empty_61"/></StgValue>
</bind>
</comp>

<comp id="104" class="1001" name="const_104">
<pin_list>
<pin id="105" dir="1" index="0" bw="1" slack="0"/>
</pin_list>
<bind>
<StgValue><ssdm name=""/></StgValue>
</bind>
</comp>

<comp id="106" class="1001" name="const_106">
<pin_list>
<pin id="107" dir="1" index="0" bw="1" slack="0"/>
</pin_list>
<bind>
<StgValue><ssdm name=""/></StgValue>
</bind>
</comp>

<comp id="108" class="1001" name="const_108">
<pin_list>
<pin id="109" dir="1" index="0" bw="1" slack="2147483647"/>
</pin_list>
<bind>
<StgValue><ssdm name="empty_22"/></StgValue>
</bind>
</comp>

<comp id="110" class="1001" name="const_110">
<pin_list>
<pin id="111" dir="1" index="0" bw="1" slack="0"/>
</pin_list>
<bind>
<StgValue><ssdm name="_ssdm_op_PartSelect.i29.i32.i32.i32"/></StgValue>
</bind>
</comp>

<comp id="112" class="1001" name="const_112">
<pin_list>
<pin id="113" dir="1" index="0" bw="1" slack="0"/>
</pin_list>
<bind>
<StgValue><ssdm name=""/></StgValue>
</bind>
</comp>

<comp id="114" class="1001" name="const_114">
<pin_list>
<pin id="115" dir="1" index="0" bw="1" slack="0"/>
</pin_list>
<bind>
<StgValue><ssdm name=""/></StgValue>
</bind>
</comp>

<comp id="116" class="1001" name="const_116">
<pin_list>
<pin id="117" dir="1" index="0" bw="1" slack="0"/>
</pin_list>
<bind>
<StgValue><ssdm name=""/></StgValue>
</bind>
</comp>

<comp id="118" class="1001" name="const_118">
<pin_list>
<pin id="119" dir="1" index="0" bw="1" slack="2147483647"/>
</pin_list>
<bind>
<StgValue><ssdm name="empty_49"/></StgValue>
</bind>
</comp>

<comp id="120" class="1001" name="const_120">
<pin_list>
<pin id="121" dir="1" index="0" bw="1" slack="2147483647"/>
</pin_list>
<bind>
<StgValue><ssdm name="empty_26"/></StgValue>
</bind>
</comp>

<comp id="122" class="1001" name="const_122">
<pin_list>
<pin id="123" dir="1" index="0" bw="1" slack="2147483647"/>
</pin_list>
<bind>
<StgValue><ssdm name="empty_1"/></StgValue>
</bind>
</comp>

<comp id="124" class="1001" name="const_124">
<pin_list>
<pin id="125" dir="1" index="0" bw="1" slack="2147483647"/>
</pin_list>
<bind>
<StgValue><ssdm name="empty_11"/></StgValue>
</bind>
</comp>

<comp id="126" class="1004" name="indvar_fu_126">
<pin_list>
<pin id="127" dir="0" index="0" bw="1" slack="0"/>
<pin id="128" dir="1" index="1" bw="3" slack="0"/>
</pin_list>
<bind>
<opcode="alloca(26) " fcode="alloca"/>
<opset="indvar/1 "/>
</bind>
</comp>

<comp id="130" class="1004" name="new_ldq_valid_alloca_fu_130">
<pin_list>
<pin id="131" dir="0" index="0" bw="1" slack="0"/>
<pin id="132" dir="1" index="1" bw="1" slack="2147483647"/>
</pin_list>
<bind>
<opcode="alloca(26) " fcode="alloca"/>
<opset="new_ldq_valid/1 "/>
</bind>
</comp>

<comp id="134" class="1004" name="new_ldq_signed_load_alloca_fu_134">
<pin_list>
<pin id="135" dir="0" index="0" bw="1" slack="0"/>
<pin id="136" dir="1" index="1" bw="1" slack="2147483647"/>
</pin_list>
<bind>
<opcode="alloca(26) " fcode="alloca"/>
<opset="new_ldq_signed_load/1 "/>
</bind>
</comp>

<comp id="138" class="1004" name="new_ldq_response_pending_alloca_fu_138">
<pin_list>
<pin id="139" dir="0" index="0" bw="1" slack="0"/>
<pin id="140" dir="1" index="1" bw="1" slack="2147483647"/>
</pin_list>
<bind>
<opcode="alloca(26) " fcode="alloca"/>
<opset="new_ldq_response_pending/1 "/>
</bind>
</comp>

<comp id="142" class="1004" name="new_ldq_completed_alloca_fu_142">
<pin_list>
<pin id="143" dir="0" index="0" bw="1" slack="0"/>
<pin id="144" dir="1" index="1" bw="1" slack="2147483647"/>
</pin_list>
<bind>
<opcode="alloca(26) " fcode="alloca"/>
<opset="new_ldq_completed/1 "/>
</bind>
</comp>

<comp id="146" class="1004" name="new_ldq_killed_alloca_fu_146">
<pin_list>
<pin id="147" dir="0" index="0" bw="1" slack="0"/>
<pin id="148" dir="1" index="1" bw="1" slack="2147483647"/>
</pin_list>
<bind>
<opcode="alloca(26) " fcode="alloca"/>
<opset="new_ldq_killed/1 "/>
</bind>
</comp>

<comp id="150" class="1004" name="new_ldq_rob_idx_alloca_fu_150">
<pin_list>
<pin id="151" dir="0" index="0" bw="1" slack="0"/>
<pin id="152" dir="1" index="1" bw="8" slack="2147483647"/>
</pin_list>
<bind>
<opcode="alloca(26) " fcode="alloca"/>
<opset="new_ldq_rob_idx/1 "/>
</bind>
</comp>

<comp id="154" class="1004" name="new_ldq_size_alloca_fu_154">
<pin_list>
<pin id="155" dir="0" index="0" bw="1" slack="0"/>
<pin id="156" dir="1" index="1" bw="8" slack="2147483647"/>
</pin_list>
<bind>
<opcode="alloca(26) " fcode="alloca"/>
<opset="new_ldq_size/1 "/>
</bind>
</comp>

<comp id="158" class="1004" name="new_ldq_branch_mask_alloca_fu_158">
<pin_list>
<pin id="159" dir="0" index="0" bw="1" slack="0"/>
<pin id="160" dir="1" index="1" bw="8" slack="2147483647"/>
</pin_list>
<bind>
<opcode="alloca(26) " fcode="alloca"/>
<opset="new_ldq_branch_mask/1 "/>
</bind>
</comp>

<comp id="162" class="1004" name="new_ldq_transaction_id_alloca_fu_162">
<pin_list>
<pin id="163" dir="0" index="0" bw="1" slack="0"/>
<pin id="164" dir="1" index="1" bw="32" slack="2147483647"/>
</pin_list>
<bind>
<opcode="alloca(26) " fcode="alloca"/>
<opset="new_ldq_transaction_id/1 "/>
</bind>
</comp>

<comp id="166" class="1004" name="new_ldq_rob_allocation_id_alloca_fu_166">
<pin_list>
<pin id="167" dir="0" index="0" bw="1" slack="0"/>
<pin id="168" dir="1" index="1" bw="32" slack="2147483647"/>
</pin_list>
<bind>
<opcode="alloca(26) " fcode="alloca"/>
<opset="new_ldq_rob_allocation_id/1 "/>
</bind>
</comp>

<comp id="170" class="1004" name="new_ldq_address_alloca_fu_170">
<pin_list>
<pin id="171" dir="0" index="0" bw="1" slack="0"/>
<pin id="172" dir="1" index="1" bw="64" slack="2147483647"/>
</pin_list>
<bind>
<opcode="alloca(26) " fcode="alloca"/>
<opset="new_ldq_address/1 "/>
</bind>
</comp>

<comp id="174" class="1004" name="new_ldq_result_alloca_fu_174">
<pin_list>
<pin id="175" dir="0" index="0" bw="1" slack="0"/>
<pin id="176" dir="1" index="1" bw="64" slack="2147483647"/>
</pin_list>
<bind>
<opcode="alloca(26) " fcode="alloca"/>
<opset="new_ldq_result/1 "/>
</bind>
</comp>

<comp id="178" class="1004" name="new_stq_valid_alloca_fu_178">
<pin_list>
<pin id="179" dir="0" index="0" bw="1" slack="0"/>
<pin id="180" dir="1" index="1" bw="1" slack="2147483647"/>
</pin_list>
<bind>
<opcode="alloca(26) " fcode="alloca"/>
<opset="new_stq_valid/1 "/>
</bind>
</comp>

<comp id="182" class="1004" name="new_stq_address_valid_alloca_fu_182">
<pin_list>
<pin id="183" dir="0" index="0" bw="1" slack="0"/>
<pin id="184" dir="1" index="1" bw="1" slack="2147483647"/>
</pin_list>
<bind>
<opcode="alloca(26) " fcode="alloca"/>
<opset="new_stq_address_valid/1 "/>
</bind>
</comp>

<comp id="186" class="1004" name="new_stq_data_valid_alloca_fu_186">
<pin_list>
<pin id="187" dir="0" index="0" bw="1" slack="0"/>
<pin id="188" dir="1" index="1" bw="1" slack="2147483647"/>
</pin_list>
<bind>
<opcode="alloca(26) " fcode="alloca"/>
<opset="new_stq_data_valid/1 "/>
</bind>
</comp>

<comp id="190" class="1004" name="new_stq_committed_alloca_fu_190">
<pin_list>
<pin id="191" dir="0" index="0" bw="1" slack="0"/>
<pin id="192" dir="1" index="1" bw="1" slack="2147483647"/>
</pin_list>
<bind>
<opcode="alloca(26) " fcode="alloca"/>
<opset="new_stq_committed/1 "/>
</bind>
</comp>

<comp id="194" class="1004" name="new_stq_issued_to_memory_alloca_fu_194">
<pin_list>
<pin id="195" dir="0" index="0" bw="1" slack="0"/>
<pin id="196" dir="1" index="1" bw="1" slack="2147483647"/>
</pin_list>
<bind>
<opcode="alloca(26) " fcode="alloca"/>
<opset="new_stq_issued_to_memory/1 "/>
</bind>
</comp>

<comp id="198" class="1004" name="new_stq_completed_alloca_fu_198">
<pin_list>
<pin id="199" dir="0" index="0" bw="1" slack="0"/>
<pin id="200" dir="1" index="1" bw="1" slack="2147483647"/>
</pin_list>
<bind>
<opcode="alloca(26) " fcode="alloca"/>
<opset="new_stq_completed/1 "/>
</bind>
</comp>

<comp id="202" class="1004" name="new_stq_killed_alloca_fu_202">
<pin_list>
<pin id="203" dir="0" index="0" bw="1" slack="0"/>
<pin id="204" dir="1" index="1" bw="1" slack="2147483647"/>
</pin_list>
<bind>
<opcode="alloca(26) " fcode="alloca"/>
<opset="new_stq_killed/1 "/>
</bind>
</comp>

<comp id="206" class="1004" name="new_stq_rob_idx_alloca_fu_206">
<pin_list>
<pin id="207" dir="0" index="0" bw="1" slack="0"/>
<pin id="208" dir="1" index="1" bw="8" slack="2147483647"/>
</pin_list>
<bind>
<opcode="alloca(26) " fcode="alloca"/>
<opset="new_stq_rob_idx/1 "/>
</bind>
</comp>

<comp id="210" class="1004" name="new_stq_mask_alloca_fu_210">
<pin_list>
<pin id="211" dir="0" index="0" bw="1" slack="0"/>
<pin id="212" dir="1" index="1" bw="8" slack="2147483647"/>
</pin_list>
<bind>
<opcode="alloca(26) " fcode="alloca"/>
<opset="new_stq_mask/1 "/>
</bind>
</comp>

<comp id="214" class="1004" name="new_stq_size_alloca_fu_214">
<pin_list>
<pin id="215" dir="0" index="0" bw="1" slack="0"/>
<pin id="216" dir="1" index="1" bw="8" slack="2147483647"/>
</pin_list>
<bind>
<opcode="alloca(26) " fcode="alloca"/>
<opset="new_stq_size/1 "/>
</bind>
</comp>

<comp id="218" class="1004" name="new_stq_branch_mask_alloca_fu_218">
<pin_list>
<pin id="219" dir="0" index="0" bw="1" slack="0"/>
<pin id="220" dir="1" index="1" bw="8" slack="2147483647"/>
</pin_list>
<bind>
<opcode="alloca(26) " fcode="alloca"/>
<opset="new_stq_branch_mask/1 "/>
</bind>
</comp>

<comp id="222" class="1004" name="new_stq_rob_allocation_id_alloca_fu_222">
<pin_list>
<pin id="223" dir="0" index="0" bw="1" slack="0"/>
<pin id="224" dir="1" index="1" bw="32" slack="2147483647"/>
</pin_list>
<bind>
<opcode="alloca(26) " fcode="alloca"/>
<opset="new_stq_rob_allocation_id/1 "/>
</bind>
</comp>

<comp id="226" class="1004" name="new_stq_address_alloca_fu_226">
<pin_list>
<pin id="227" dir="0" index="0" bw="1" slack="0"/>
<pin id="228" dir="1" index="1" bw="64" slack="2147483647"/>
</pin_list>
<bind>
<opcode="alloca(26) " fcode="alloca"/>
<opset="new_stq_address/1 "/>
</bind>
</comp>

<comp id="230" class="1004" name="new_stq_data_alloca_fu_230">
<pin_list>
<pin id="231" dir="0" index="0" bw="1" slack="0"/>
<pin id="232" dir="1" index="1" bw="64" slack="2147483647"/>
</pin_list>
<bind>
<opcode="alloca(26) " fcode="alloca"/>
<opset="new_stq_data/1 "/>
</bind>
</comp>

<comp id="234" class="1004" name="indvar4_fu_234">
<pin_list>
<pin id="235" dir="0" index="0" bw="1" slack="0"/>
<pin id="236" dir="1" index="1" bw="3" slack="0"/>
</pin_list>
<bind>
<opcode="alloca(26) " fcode="alloca"/>
<opset="indvar4/2 "/>
</bind>
</comp>

<comp id="238" class="1004" name="i_fu_238">
<pin_list>
<pin id="239" dir="0" index="0" bw="1" slack="0"/>
<pin id="240" dir="1" index="1" bw="4" slack="0"/>
</pin_list>
<bind>
<opcode="alloca(26) " fcode="alloca"/>
<opset="i/3 "/>
</bind>
</comp>

<comp id="242" class="1004" name="lw_fu_242">
<pin_list>
<pin id="243" dir="0" index="0" bw="1" slack="0"/>
<pin id="244" dir="1" index="1" bw="32" slack="0"/>
</pin_list>
<bind>
<opcode="alloca(26) " fcode="alloca"/>
<opset="lw/3 "/>
</bind>
</comp>

<comp id="246" class="1004" name="i_20_fu_246">
<pin_list>
<pin id="247" dir="0" index="0" bw="1" slack="0"/>
<pin id="248" dir="1" index="1" bw="4" slack="0"/>
</pin_list>
<bind>
<opcode="alloca(26) " fcode="alloca"/>
<opset="i_20/4 "/>
</bind>
</comp>

<comp id="250" class="1004" name="sw_fu_250">
<pin_list>
<pin id="251" dir="0" index="0" bw="1" slack="0"/>
<pin id="252" dir="1" index="1" bw="32" slack="0"/>
</pin_list>
<bind>
<opcode="alloca(26) " fcode="alloca"/>
<opset="sw/4 "/>
</bind>
</comp>

<comp id="254" class="1004" name="i_21_fu_254">
<pin_list>
<pin id="255" dir="0" index="0" bw="1" slack="0"/>
<pin id="256" dir="1" index="1" bw="32" slack="0"/>
</pin_list>
<bind>
<opcode="alloca(26) " fcode="alloca"/>
<opset="i_21/10 "/>
</bind>
</comp>

<comp id="258" class="1004" name="i_23_fu_258">
<pin_list>
<pin id="259" dir="0" index="0" bw="1" slack="0"/>
<pin id="260" dir="1" index="1" bw="32" slack="0"/>
</pin_list>
<bind>
<opcode="alloca(26) " fcode="alloca"/>
<opset="i_23/14 "/>
</bind>
</comp>

<comp id="262" class="1004" name="i_24_fu_262">
<pin_list>
<pin id="263" dir="0" index="0" bw="1" slack="0"/>
<pin id="264" dir="1" index="1" bw="4" slack="0"/>
</pin_list>
<bind>
<opcode="alloca(26) " fcode="alloca"/>
<opset="i_24/15 "/>
</bind>
</comp>

<comp id="266" class="1004" name="i_25_fu_266">
<pin_list>
<pin id="267" dir="0" index="0" bw="1" slack="0"/>
<pin id="268" dir="1" index="1" bw="4" slack="0"/>
</pin_list>
<bind>
<opcode="alloca(26) " fcode="alloca"/>
<opset="i_25/16 "/>
</bind>
</comp>

<comp id="270" class="1004" name="mispredict_mask_read_read_fu_270">
<pin_list>
<pin id="271" dir="0" index="0" bw="8" slack="0"/>
<pin id="272" dir="0" index="1" bw="8" slack="0"/>
<pin id="273" dir="1" index="2" bw="8" slack="5"/>
</pin_list>
<bind>
<opcode="read(1150) " fcode="read"/>
<opset="mispredict_mask_read/1 "/>
</bind>
</comp>

<comp id="276" class="1004" name="this_valid_gep_fu_276">
<pin_list>
<pin id="277" dir="0" index="0" bw="1" slack="2147483647"/>
<pin id="278" dir="0" index="1" bw="1" slack="0"/>
<pin id="279" dir="0" index="2" bw="3" slack="0"/>
<pin id="280" dir="1" index="3" bw="3" slack="0"/>
</pin_list>
<bind>
<opcode="getelementptr(29) " fcode="getelementptr"/>
<opset="this_valid/2 "/>
</bind>
</comp>

<comp id="282" class="1004" name="this_signed_load_gep_fu_282">
<pin_list>
<pin id="283" dir="0" index="0" bw="1" slack="2147483647"/>
<pin id="284" dir="0" index="1" bw="1" slack="0"/>
<pin id="285" dir="0" index="2" bw="3" slack="0"/>
<pin id="286" dir="1" index="3" bw="3" slack="0"/>
</pin_list>
<bind>
<opcode="getelementptr(29) " fcode="getelementptr"/>
<opset="this_signed_load/2 "/>
</bind>
</comp>

<comp id="288" class="1004" name="this_response_pending_gep_fu_288">
<pin_list>
<pin id="289" dir="0" index="0" bw="1" slack="2147483647"/>
<pin id="290" dir="0" index="1" bw="1" slack="0"/>
<pin id="291" dir="0" index="2" bw="3" slack="0"/>
<pin id="292" dir="1" index="3" bw="3" slack="0"/>
</pin_list>
<bind>
<opcode="getelementptr(29) " fcode="getelementptr"/>
<opset="this_response_pending/2 "/>
</bind>
</comp>

<comp id="294" class="1004" name="this_completed_gep_fu_294">
<pin_list>
<pin id="295" dir="0" index="0" bw="1" slack="2147483647"/>
<pin id="296" dir="0" index="1" bw="1" slack="0"/>
<pin id="297" dir="0" index="2" bw="3" slack="0"/>
<pin id="298" dir="1" index="3" bw="3" slack="0"/>
</pin_list>
<bind>
<opcode="getelementptr(29) " fcode="getelementptr"/>
<opset="this_completed/2 "/>
</bind>
</comp>

<comp id="300" class="1004" name="this_killed_gep_fu_300">
<pin_list>
<pin id="301" dir="0" index="0" bw="1" slack="2147483647"/>
<pin id="302" dir="0" index="1" bw="1" slack="0"/>
<pin id="303" dir="0" index="2" bw="3" slack="0"/>
<pin id="304" dir="1" index="3" bw="3" slack="0"/>
</pin_list>
<bind>
<opcode="getelementptr(29) " fcode="getelementptr"/>
<opset="this_killed/2 "/>
</bind>
</comp>

<comp id="306" class="1004" name="this_rob_idx_gep_fu_306">
<pin_list>
<pin id="307" dir="0" index="0" bw="8" slack="2147483647"/>
<pin id="308" dir="0" index="1" bw="1" slack="0"/>
<pin id="309" dir="0" index="2" bw="3" slack="0"/>
<pin id="310" dir="1" index="3" bw="3" slack="0"/>
</pin_list>
<bind>
<opcode="getelementptr(29) " fcode="getelementptr"/>
<opset="this_rob_idx/2 "/>
</bind>
</comp>

<comp id="312" class="1004" name="this_size_gep_fu_312">
<pin_list>
<pin id="313" dir="0" index="0" bw="8" slack="2147483647"/>
<pin id="314" dir="0" index="1" bw="1" slack="0"/>
<pin id="315" dir="0" index="2" bw="3" slack="0"/>
<pin id="316" dir="1" index="3" bw="3" slack="0"/>
</pin_list>
<bind>
<opcode="getelementptr(29) " fcode="getelementptr"/>
<opset="this_size/2 "/>
</bind>
</comp>

<comp id="318" class="1004" name="this_branch_mask_gep_fu_318">
<pin_list>
<pin id="319" dir="0" index="0" bw="8" slack="2147483647"/>
<pin id="320" dir="0" index="1" bw="1" slack="0"/>
<pin id="321" dir="0" index="2" bw="3" slack="0"/>
<pin id="322" dir="1" index="3" bw="3" slack="0"/>
</pin_list>
<bind>
<opcode="getelementptr(29) " fcode="getelementptr"/>
<opset="this_branch_mask/2 "/>
</bind>
</comp>

<comp id="324" class="1004" name="this_transaction_id_gep_fu_324">
<pin_list>
<pin id="325" dir="0" index="0" bw="32" slack="2147483647"/>
<pin id="326" dir="0" index="1" bw="1" slack="0"/>
<pin id="327" dir="0" index="2" bw="3" slack="0"/>
<pin id="328" dir="1" index="3" bw="3" slack="0"/>
</pin_list>
<bind>
<opcode="getelementptr(29) " fcode="getelementptr"/>
<opset="this_transaction_id/2 "/>
</bind>
</comp>

<comp id="330" class="1004" name="this_rob_allocation_id_gep_fu_330">
<pin_list>
<pin id="331" dir="0" index="0" bw="32" slack="2147483647"/>
<pin id="332" dir="0" index="1" bw="1" slack="0"/>
<pin id="333" dir="0" index="2" bw="3" slack="0"/>
<pin id="334" dir="1" index="3" bw="3" slack="0"/>
</pin_list>
<bind>
<opcode="getelementptr(29) " fcode="getelementptr"/>
<opset="this_rob_allocation_id/2 "/>
</bind>
</comp>

<comp id="336" class="1004" name="this_address_gep_fu_336">
<pin_list>
<pin id="337" dir="0" index="0" bw="64" slack="2147483647"/>
<pin id="338" dir="0" index="1" bw="1" slack="0"/>
<pin id="339" dir="0" index="2" bw="3" slack="0"/>
<pin id="340" dir="1" index="3" bw="3" slack="0"/>
</pin_list>
<bind>
<opcode="getelementptr(29) " fcode="getelementptr"/>
<opset="this_address/2 "/>
</bind>
</comp>

<comp id="342" class="1004" name="this_result_gep_fu_342">
<pin_list>
<pin id="343" dir="0" index="0" bw="64" slack="2147483647"/>
<pin id="344" dir="0" index="1" bw="1" slack="0"/>
<pin id="345" dir="0" index="2" bw="3" slack="0"/>
<pin id="346" dir="1" index="3" bw="3" slack="0"/>
</pin_list>
<bind>
<opcode="getelementptr(29) " fcode="getelementptr"/>
<opset="this_result/2 "/>
</bind>
</comp>

<comp id="348" class="1004" name="grp_access_fu_348">
<pin_list>
<pin id="349" dir="0" index="0" bw="3" slack="0"/>
<pin id="350" dir="0" index="1" bw="1" slack="0"/>
<pin id="351" dir="0" index="2" bw="0" slack="2147483647"/>
<pin id="352" dir="1" index="3" bw="1" slack="0"/>
</pin_list>
<bind>
<opcode="load(27) store(28) " fcode="load"/>
<opset="store_ln165/2 store_ln936/9 store_ln947/14 new_ldq_valid_load/16 "/>
</bind>
</comp>

<comp id="355" class="1004" name="grp_access_fu_355">
<pin_list>
<pin id="356" dir="0" index="0" bw="3" slack="0"/>
<pin id="357" dir="0" index="1" bw="1" slack="0"/>
<pin id="358" dir="0" index="2" bw="0" slack="2147483647"/>
<pin id="359" dir="1" index="3" bw="1" slack="0"/>
</pin_list>
<bind>
<opcode="load(27) store(28) " fcode="load"/>
<opset="store_ln165/2 store_ln936/9 store_ln947/14 new_ldq_signed_load_load/16 "/>
</bind>
</comp>

<comp id="362" class="1004" name="grp_access_fu_362">
<pin_list>
<pin id="363" dir="0" index="0" bw="3" slack="0"/>
<pin id="364" dir="0" index="1" bw="1" slack="0"/>
<pin id="365" dir="0" index="2" bw="0" slack="2147483647"/>
<pin id="366" dir="1" index="3" bw="1" slack="0"/>
</pin_list>
<bind>
<opcode="load(27) store(28) " fcode="load"/>
<opset="store_ln165/2 store_ln936/9 store_ln947/14 new_ldq_response_pending_load/16 "/>
</bind>
</comp>

<comp id="369" class="1004" name="grp_access_fu_369">
<pin_list>
<pin id="370" dir="0" index="0" bw="3" slack="0"/>
<pin id="371" dir="0" index="1" bw="1" slack="0"/>
<pin id="372" dir="0" index="2" bw="0" slack="2147483647"/>
<pin id="373" dir="1" index="3" bw="1" slack="0"/>
</pin_list>
<bind>
<opcode="load(27) store(28) " fcode="load"/>
<opset="store_ln166/2 store_ln936/9 store_ln947/14 new_ldq_completed_load/16 "/>
</bind>
</comp>

<comp id="376" class="1004" name="grp_access_fu_376">
<pin_list>
<pin id="377" dir="0" index="0" bw="3" slack="0"/>
<pin id="378" dir="0" index="1" bw="1" slack="0"/>
<pin id="379" dir="0" index="2" bw="0" slack="2147483647"/>
<pin id="380" dir="1" index="3" bw="1" slack="0"/>
</pin_list>
<bind>
<opcode="load(27) store(28) " fcode="load"/>
<opset="store_ln166/2 store_ln936/9 store_ln947/14 new_ldq_killed_load/16 "/>
</bind>
</comp>

<comp id="383" class="1004" name="grp_access_fu_383">
<pin_list>
<pin id="384" dir="0" index="0" bw="3" slack="0"/>
<pin id="385" dir="0" index="1" bw="8" slack="0"/>
<pin id="386" dir="0" index="2" bw="0" slack="2147483647"/>
<pin id="387" dir="1" index="3" bw="8" slack="0"/>
</pin_list>
<bind>
<opcode="load(27) store(28) " fcode="load"/>
<opset="store_ln166/2 store_ln936/9 store_ln947/14 new_ldq_rob_idx_load/16 "/>
</bind>
</comp>

<comp id="390" class="1004" name="grp_access_fu_390">
<pin_list>
<pin id="391" dir="0" index="0" bw="3" slack="0"/>
<pin id="392" dir="0" index="1" bw="8" slack="0"/>
<pin id="393" dir="0" index="2" bw="0" slack="2147483647"/>
<pin id="394" dir="1" index="3" bw="8" slack="0"/>
</pin_list>
<bind>
<opcode="load(27) store(28) " fcode="load"/>
<opset="store_ln166/2 store_ln936/9 store_ln947/14 new_ldq_size_load/16 "/>
</bind>
</comp>

<comp id="397" class="1004" name="grp_access_fu_397">
<pin_list>
<pin id="398" dir="0" index="0" bw="3" slack="0"/>
<pin id="399" dir="0" index="1" bw="8" slack="0"/>
<pin id="400" dir="0" index="2" bw="0" slack="2147483647"/>
<pin id="401" dir="1" index="3" bw="8" slack="0"/>
</pin_list>
<bind>
<opcode="load(27) store(28) " fcode="load"/>
<opset="store_ln166/2 store_ln936/9 store_ln947/14 new_ldq_branch_mask_load/16 "/>
</bind>
</comp>

<comp id="404" class="1004" name="grp_access_fu_404">
<pin_list>
<pin id="405" dir="0" index="0" bw="3" slack="0"/>
<pin id="406" dir="0" index="1" bw="32" slack="0"/>
<pin id="407" dir="0" index="2" bw="0" slack="2147483647"/>
<pin id="408" dir="1" index="3" bw="32" slack="0"/>
</pin_list>
<bind>
<opcode="load(27) store(28) " fcode="load"/>
<opset="store_ln167/2 store_ln936/9 store_ln947/14 new_ldq_transaction_id_load/16 "/>
</bind>
</comp>

<comp id="411" class="1004" name="grp_access_fu_411">
<pin_list>
<pin id="412" dir="0" index="0" bw="3" slack="0"/>
<pin id="413" dir="0" index="1" bw="32" slack="0"/>
<pin id="414" dir="0" index="2" bw="0" slack="2147483647"/>
<pin id="415" dir="1" index="3" bw="32" slack="0"/>
</pin_list>
<bind>
<opcode="load(27) store(28) " fcode="load"/>
<opset="store_ln167/2 store_ln936/9 store_ln947/14 new_ldq_rob_allocation_id_load/16 "/>
</bind>
</comp>

<comp id="418" class="1004" name="grp_access_fu_418">
<pin_list>
<pin id="419" dir="0" index="0" bw="3" slack="0"/>
<pin id="420" dir="0" index="1" bw="64" slack="0"/>
<pin id="421" dir="0" index="2" bw="0" slack="2147483647"/>
<pin id="422" dir="1" index="3" bw="64" slack="0"/>
</pin_list>
<bind>
<opcode="load(27) store(28) " fcode="load"/>
<opset="store_ln167/2 store_ln936/9 store_ln947/14 new_ldq_load/16 "/>
</bind>
</comp>

<comp id="425" class="1004" name="grp_access_fu_425">
<pin_list>
<pin id="426" dir="0" index="0" bw="3" slack="0"/>
<pin id="427" dir="0" index="1" bw="64" slack="0"/>
<pin id="428" dir="0" index="2" bw="0" slack="2147483647"/>
<pin id="429" dir="1" index="3" bw="64" slack="0"/>
</pin_list>
<bind>
<opcode="load(27) store(28) " fcode="load"/>
<opset="store_ln167/2 store_ln936/9 store_ln947/14 new_ldq_result_load/16 "/>
</bind>
</comp>

<comp id="432" class="1004" name="this_valid_1_gep_fu_432">
<pin_list>
<pin id="433" dir="0" index="0" bw="1" slack="2147483647"/>
<pin id="434" dir="0" index="1" bw="1" slack="0"/>
<pin id="435" dir="0" index="2" bw="3" slack="0"/>
<pin id="436" dir="1" index="3" bw="3" slack="0"/>
</pin_list>
<bind>
<opcode="getelementptr(29) " fcode="getelementptr"/>
<opset="this_valid_1/3 "/>
</bind>
</comp>

<comp id="438" class="1004" name="this_address_valid_gep_fu_438">
<pin_list>
<pin id="439" dir="0" index="0" bw="1" slack="2147483647"/>
<pin id="440" dir="0" index="1" bw="1" slack="0"/>
<pin id="441" dir="0" index="2" bw="3" slack="0"/>
<pin id="442" dir="1" index="3" bw="3" slack="0"/>
</pin_list>
<bind>
<opcode="getelementptr(29) " fcode="getelementptr"/>
<opset="this_address_valid/3 "/>
</bind>
</comp>

<comp id="444" class="1004" name="this_data_valid_gep_fu_444">
<pin_list>
<pin id="445" dir="0" index="0" bw="1" slack="2147483647"/>
<pin id="446" dir="0" index="1" bw="1" slack="0"/>
<pin id="447" dir="0" index="2" bw="3" slack="0"/>
<pin id="448" dir="1" index="3" bw="3" slack="0"/>
</pin_list>
<bind>
<opcode="getelementptr(29) " fcode="getelementptr"/>
<opset="this_data_valid/3 "/>
</bind>
</comp>

<comp id="450" class="1004" name="this_committed_gep_fu_450">
<pin_list>
<pin id="451" dir="0" index="0" bw="1" slack="2147483647"/>
<pin id="452" dir="0" index="1" bw="1" slack="0"/>
<pin id="453" dir="0" index="2" bw="3" slack="0"/>
<pin id="454" dir="1" index="3" bw="3" slack="0"/>
</pin_list>
<bind>
<opcode="getelementptr(29) " fcode="getelementptr"/>
<opset="this_committed/3 "/>
</bind>
</comp>

<comp id="456" class="1004" name="this_issued_to_memory_gep_fu_456">
<pin_list>
<pin id="457" dir="0" index="0" bw="1" slack="2147483647"/>
<pin id="458" dir="0" index="1" bw="1" slack="0"/>
<pin id="459" dir="0" index="2" bw="3" slack="0"/>
<pin id="460" dir="1" index="3" bw="3" slack="0"/>
</pin_list>
<bind>
<opcode="getelementptr(29) " fcode="getelementptr"/>
<opset="this_issued_to_memory/3 "/>
</bind>
</comp>

<comp id="462" class="1004" name="this_completed_1_gep_fu_462">
<pin_list>
<pin id="463" dir="0" index="0" bw="1" slack="2147483647"/>
<pin id="464" dir="0" index="1" bw="1" slack="0"/>
<pin id="465" dir="0" index="2" bw="3" slack="0"/>
<pin id="466" dir="1" index="3" bw="3" slack="0"/>
</pin_list>
<bind>
<opcode="getelementptr(29) " fcode="getelementptr"/>
<opset="this_completed_1/3 "/>
</bind>
</comp>

<comp id="468" class="1004" name="this_killed_1_gep_fu_468">
<pin_list>
<pin id="469" dir="0" index="0" bw="1" slack="2147483647"/>
<pin id="470" dir="0" index="1" bw="1" slack="0"/>
<pin id="471" dir="0" index="2" bw="3" slack="0"/>
<pin id="472" dir="1" index="3" bw="3" slack="0"/>
</pin_list>
<bind>
<opcode="getelementptr(29) " fcode="getelementptr"/>
<opset="this_killed_1/3 "/>
</bind>
</comp>

<comp id="474" class="1004" name="this_rob_idx_1_gep_fu_474">
<pin_list>
<pin id="475" dir="0" index="0" bw="8" slack="2147483647"/>
<pin id="476" dir="0" index="1" bw="1" slack="0"/>
<pin id="477" dir="0" index="2" bw="3" slack="0"/>
<pin id="478" dir="1" index="3" bw="3" slack="0"/>
</pin_list>
<bind>
<opcode="getelementptr(29) " fcode="getelementptr"/>
<opset="this_rob_idx_1/3 "/>
</bind>
</comp>

<comp id="480" class="1004" name="this_mask_gep_fu_480">
<pin_list>
<pin id="481" dir="0" index="0" bw="8" slack="2147483647"/>
<pin id="482" dir="0" index="1" bw="1" slack="0"/>
<pin id="483" dir="0" index="2" bw="3" slack="0"/>
<pin id="484" dir="1" index="3" bw="3" slack="0"/>
</pin_list>
<bind>
<opcode="getelementptr(29) " fcode="getelementptr"/>
<opset="this_mask/3 "/>
</bind>
</comp>

<comp id="486" class="1004" name="this_size_1_gep_fu_486">
<pin_list>
<pin id="487" dir="0" index="0" bw="8" slack="2147483647"/>
<pin id="488" dir="0" index="1" bw="1" slack="0"/>
<pin id="489" dir="0" index="2" bw="3" slack="0"/>
<pin id="490" dir="1" index="3" bw="3" slack="0"/>
</pin_list>
<bind>
<opcode="getelementptr(29) " fcode="getelementptr"/>
<opset="this_size_1/3 "/>
</bind>
</comp>

<comp id="492" class="1004" name="this_branch_mask_1_gep_fu_492">
<pin_list>
<pin id="493" dir="0" index="0" bw="8" slack="2147483647"/>
<pin id="494" dir="0" index="1" bw="1" slack="0"/>
<pin id="495" dir="0" index="2" bw="3" slack="0"/>
<pin id="496" dir="1" index="3" bw="3" slack="0"/>
</pin_list>
<bind>
<opcode="getelementptr(29) " fcode="getelementptr"/>
<opset="this_branch_mask_1/3 "/>
</bind>
</comp>

<comp id="498" class="1004" name="this_rob_allocation_id_1_gep_fu_498">
<pin_list>
<pin id="499" dir="0" index="0" bw="32" slack="2147483647"/>
<pin id="500" dir="0" index="1" bw="1" slack="0"/>
<pin id="501" dir="0" index="2" bw="3" slack="0"/>
<pin id="502" dir="1" index="3" bw="3" slack="0"/>
</pin_list>
<bind>
<opcode="getelementptr(29) " fcode="getelementptr"/>
<opset="this_rob_allocation_id_1/3 "/>
</bind>
</comp>

<comp id="504" class="1004" name="this_address_1_gep_fu_504">
<pin_list>
<pin id="505" dir="0" index="0" bw="64" slack="2147483647"/>
<pin id="506" dir="0" index="1" bw="1" slack="0"/>
<pin id="507" dir="0" index="2" bw="3" slack="0"/>
<pin id="508" dir="1" index="3" bw="3" slack="0"/>
</pin_list>
<bind>
<opcode="getelementptr(29) " fcode="getelementptr"/>
<opset="this_address_1/3 "/>
</bind>
</comp>

<comp id="510" class="1004" name="this_data_gep_fu_510">
<pin_list>
<pin id="511" dir="0" index="0" bw="64" slack="2147483647"/>
<pin id="512" dir="0" index="1" bw="1" slack="0"/>
<pin id="513" dir="0" index="2" bw="3" slack="0"/>
<pin id="514" dir="1" index="3" bw="3" slack="0"/>
</pin_list>
<bind>
<opcode="getelementptr(29) " fcode="getelementptr"/>
<opset="this_data/3 "/>
</bind>
</comp>

<comp id="516" class="1004" name="grp_access_fu_516">
<pin_list>
<pin id="517" dir="0" index="0" bw="3" slack="0"/>
<pin id="518" dir="0" index="1" bw="1" slack="0"/>
<pin id="519" dir="0" index="2" bw="0" slack="2147483647"/>
<pin id="520" dir="1" index="3" bw="1" slack="0"/>
</pin_list>
<bind>
<opcode="load(27) store(28) " fcode="load"/>
<opset="store_ln155/3 store_ln944/13 store_ln948/15 new_stq_valid_load/18 "/>
</bind>
</comp>

<comp id="523" class="1004" name="grp_access_fu_523">
<pin_list>
<pin id="524" dir="0" index="0" bw="3" slack="0"/>
<pin id="525" dir="0" index="1" bw="1" slack="0"/>
<pin id="526" dir="0" index="2" bw="0" slack="2147483647"/>
<pin id="527" dir="1" index="3" bw="1" slack="0"/>
</pin_list>
<bind>
<opcode="load(27) store(28) " fcode="load"/>
<opset="store_ln155/3 store_ln944/13 store_ln948/15 new_stq_load/18 "/>
</bind>
</comp>

<comp id="530" class="1004" name="grp_access_fu_530">
<pin_list>
<pin id="531" dir="0" index="0" bw="3" slack="0"/>
<pin id="532" dir="0" index="1" bw="1" slack="0"/>
<pin id="533" dir="0" index="2" bw="0" slack="2147483647"/>
<pin id="534" dir="1" index="3" bw="1" slack="0"/>
</pin_list>
<bind>
<opcode="load(27) store(28) " fcode="load"/>
<opset="store_ln155/3 store_ln944/13 store_ln948/15 new_stq_data_valid_load/18 "/>
</bind>
</comp>

<comp id="537" class="1004" name="grp_access_fu_537">
<pin_list>
<pin id="538" dir="0" index="0" bw="3" slack="0"/>
<pin id="539" dir="0" index="1" bw="1" slack="0"/>
<pin id="540" dir="0" index="2" bw="0" slack="2147483647"/>
<pin id="541" dir="1" index="3" bw="1" slack="0"/>
</pin_list>
<bind>
<opcode="load(27) store(28) " fcode="load"/>
<opset="store_ln155/3 store_ln944/13 store_ln948/15 new_stq_committed_load/18 "/>
</bind>
</comp>

<comp id="544" class="1004" name="grp_access_fu_544">
<pin_list>
<pin id="545" dir="0" index="0" bw="3" slack="0"/>
<pin id="546" dir="0" index="1" bw="1" slack="0"/>
<pin id="547" dir="0" index="2" bw="0" slack="2147483647"/>
<pin id="548" dir="1" index="3" bw="1" slack="0"/>
</pin_list>
<bind>
<opcode="load(27) store(28) " fcode="load"/>
<opset="store_ln156/3 store_ln944/13 store_ln948/15 new_stq_issued_to_memory_load/18 "/>
</bind>
</comp>

<comp id="551" class="1004" name="grp_access_fu_551">
<pin_list>
<pin id="552" dir="0" index="0" bw="3" slack="0"/>
<pin id="553" dir="0" index="1" bw="1" slack="0"/>
<pin id="554" dir="0" index="2" bw="0" slack="2147483647"/>
<pin id="555" dir="1" index="3" bw="1" slack="0"/>
</pin_list>
<bind>
<opcode="load(27) store(28) " fcode="load"/>
<opset="store_ln156/3 store_ln944/13 store_ln948/15 new_stq_completed_load/18 "/>
</bind>
</comp>

<comp id="558" class="1004" name="grp_access_fu_558">
<pin_list>
<pin id="559" dir="0" index="0" bw="3" slack="0"/>
<pin id="560" dir="0" index="1" bw="1" slack="0"/>
<pin id="561" dir="0" index="2" bw="0" slack="2147483647"/>
<pin id="562" dir="1" index="3" bw="1" slack="0"/>
</pin_list>
<bind>
<opcode="load(27) store(28) " fcode="load"/>
<opset="store_ln156/3 store_ln944/13 store_ln948/15 new_stq_killed_load/18 "/>
</bind>
</comp>

<comp id="565" class="1004" name="grp_access_fu_565">
<pin_list>
<pin id="566" dir="0" index="0" bw="3" slack="0"/>
<pin id="567" dir="0" index="1" bw="8" slack="0"/>
<pin id="568" dir="0" index="2" bw="0" slack="2147483647"/>
<pin id="569" dir="1" index="3" bw="8" slack="0"/>
</pin_list>
<bind>
<opcode="load(27) store(28) " fcode="load"/>
<opset="store_ln156/3 store_ln944/13 store_ln948/15 new_stq_rob_idx_load/18 "/>
</bind>
</comp>

<comp id="572" class="1004" name="grp_access_fu_572">
<pin_list>
<pin id="573" dir="0" index="0" bw="3" slack="0"/>
<pin id="574" dir="0" index="1" bw="8" slack="0"/>
<pin id="575" dir="0" index="2" bw="0" slack="2147483647"/>
<pin id="576" dir="1" index="3" bw="8" slack="0"/>
</pin_list>
<bind>
<opcode="load(27) store(28) " fcode="load"/>
<opset="store_ln156/3 store_ln944/13 store_ln948/15 new_stq_mask_load/18 "/>
</bind>
</comp>

<comp id="579" class="1004" name="grp_access_fu_579">
<pin_list>
<pin id="580" dir="0" index="0" bw="3" slack="0"/>
<pin id="581" dir="0" index="1" bw="8" slack="0"/>
<pin id="582" dir="0" index="2" bw="0" slack="2147483647"/>
<pin id="583" dir="1" index="3" bw="8" slack="0"/>
</pin_list>
<bind>
<opcode="load(27) store(28) " fcode="load"/>
<opset="store_ln157/3 store_ln944/13 store_ln948/15 new_stq_size_load/18 "/>
</bind>
</comp>

<comp id="586" class="1004" name="grp_access_fu_586">
<pin_list>
<pin id="587" dir="0" index="0" bw="3" slack="0"/>
<pin id="588" dir="0" index="1" bw="8" slack="0"/>
<pin id="589" dir="0" index="2" bw="0" slack="2147483647"/>
<pin id="590" dir="1" index="3" bw="8" slack="0"/>
</pin_list>
<bind>
<opcode="load(27) store(28) " fcode="load"/>
<opset="store_ln157/3 store_ln944/13 store_ln948/15 new_stq_branch_mask_load/18 "/>
</bind>
</comp>

<comp id="593" class="1004" name="grp_access_fu_593">
<pin_list>
<pin id="594" dir="0" index="0" bw="3" slack="0"/>
<pin id="595" dir="0" index="1" bw="32" slack="0"/>
<pin id="596" dir="0" index="2" bw="0" slack="2147483647"/>
<pin id="597" dir="1" index="3" bw="32" slack="0"/>
</pin_list>
<bind>
<opcode="load(27) store(28) " fcode="load"/>
<opset="store_ln157/3 store_ln944/13 store_ln948/15 new_stq_rob_allocation_id_load/18 "/>
</bind>
</comp>

<comp id="600" class="1004" name="grp_access_fu_600">
<pin_list>
<pin id="601" dir="0" index="0" bw="3" slack="0"/>
<pin id="602" dir="0" index="1" bw="64" slack="0"/>
<pin id="603" dir="0" index="2" bw="0" slack="2147483647"/>
<pin id="604" dir="1" index="3" bw="64" slack="0"/>
</pin_list>
<bind>
<opcode="load(27) store(28) " fcode="load"/>
<opset="store_ln157/3 store_ln944/13 store_ln948/15 new_stq_load_1/18 "/>
</bind>
</comp>

<comp id="607" class="1004" name="grp_access_fu_607">
<pin_list>
<pin id="608" dir="0" index="0" bw="3" slack="0"/>
<pin id="609" dir="0" index="1" bw="64" slack="0"/>
<pin id="610" dir="0" index="2" bw="0" slack="2147483647"/>
<pin id="611" dir="1" index="3" bw="64" slack="0"/>
</pin_list>
<bind>
<opcode="load(27) store(28) " fcode="load"/>
<opset="store_ln157/3 store_ln944/13 store_ln948/15 new_stq_data_load/18 "/>
</bind>
</comp>

<comp id="614" class="1004" name="state_lsu_ldq_valid_addr_gep_fu_614">
<pin_list>
<pin id="615" dir="0" index="0" bw="1" slack="0"/>
<pin id="616" dir="0" index="1" bw="1" slack="0"/>
<pin id="617" dir="0" index="2" bw="4" slack="0"/>
<pin id="618" dir="1" index="3" bw="3" slack="0"/>
</pin_list>
<bind>
<opcode="getelementptr(29) " fcode="getelementptr"/>
<opset="state_lsu_ldq_valid_addr/4 "/>
</bind>
</comp>

<comp id="621" class="1004" name="grp_access_fu_621">
<pin_list>
<pin id="622" dir="0" index="0" bw="3" slack="0"/>
<pin id="623" dir="0" index="1" bw="1" slack="0"/>
<pin id="624" dir="0" index="2" bw="0" slack="2147483647"/>
<pin id="625" dir="1" index="3" bw="1" slack="3"/>
</pin_list>
<bind>
<opcode="load(27) store(28) " fcode="store"/>
<opset="state_lsu_ldq_valid_load/4 store_ln934/8 store_ln949/17 "/>
</bind>
</comp>

<comp id="627" class="1004" name="state_lsu_ldq_branch_mask_addr_gep_fu_627">
<pin_list>
<pin id="628" dir="0" index="0" bw="8" slack="0"/>
<pin id="629" dir="0" index="1" bw="1" slack="0"/>
<pin id="630" dir="0" index="2" bw="4" slack="1"/>
<pin id="631" dir="1" index="3" bw="3" slack="0"/>
</pin_list>
<bind>
<opcode="getelementptr(29) " fcode="getelementptr"/>
<opset="state_lsu_ldq_branch_mask_addr/5 "/>
</bind>
</comp>

<comp id="634" class="1004" name="grp_access_fu_634">
<pin_list>
<pin id="635" dir="0" index="0" bw="3" slack="0"/>
<pin id="636" dir="0" index="1" bw="8" slack="0"/>
<pin id="637" dir="0" index="2" bw="0" slack="2147483647"/>
<pin id="638" dir="1" index="3" bw="8" slack="0"/>
</pin_list>
<bind>
<opcode="load(27) store(28) " fcode="store"/>
<opset="state_lsu_ldq_branch_mask_load/5 store_ln934/8 store_ln949/17 "/>
</bind>
</comp>

<comp id="640" class="1004" name="state_lsu_ldq_rob_idx_addr_gep_fu_640">
<pin_list>
<pin id="641" dir="0" index="0" bw="8" slack="0"/>
<pin id="642" dir="0" index="1" bw="1" slack="0"/>
<pin id="643" dir="0" index="2" bw="4" slack="2"/>
<pin id="644" dir="1" index="3" bw="3" slack="0"/>
</pin_list>
<bind>
<opcode="getelementptr(29) " fcode="getelementptr"/>
<opset="state_lsu_ldq_rob_idx_addr/6 "/>
</bind>
</comp>

<comp id="647" class="1004" name="grp_access_fu_647">
<pin_list>
<pin id="648" dir="0" index="0" bw="3" slack="0"/>
<pin id="649" dir="0" index="1" bw="8" slack="0"/>
<pin id="650" dir="0" index="2" bw="0" slack="2147483647"/>
<pin id="651" dir="1" index="3" bw="8" slack="0"/>
</pin_list>
<bind>
<opcode="load(27) store(28) " fcode="store"/>
<opset="state_lsu_ldq_rob_idx_load_1/6 state_lsu_ldq_rob_idx_load/6 store_ln934/8 store_ln949/17 "/>
</bind>
</comp>

<comp id="653" class="1004" name="state_lsu_ldq_signed_load_addr_gep_fu_653">
<pin_list>
<pin id="654" dir="0" index="0" bw="1" slack="0"/>
<pin id="655" dir="0" index="1" bw="1" slack="0"/>
<pin id="656" dir="0" index="2" bw="4" slack="2"/>
<pin id="657" dir="1" index="3" bw="3" slack="0"/>
</pin_list>
<bind>
<opcode="getelementptr(29) " fcode="getelementptr"/>
<opset="state_lsu_ldq_signed_load_addr/6 "/>
</bind>
</comp>

<comp id="660" class="1004" name="grp_access_fu_660">
<pin_list>
<pin id="661" dir="0" index="0" bw="3" slack="0"/>
<pin id="662" dir="0" index="1" bw="1" slack="0"/>
<pin id="663" dir="0" index="2" bw="0" slack="2147483647"/>
<pin id="664" dir="1" index="3" bw="1" slack="0"/>
</pin_list>
<bind>
<opcode="load(27) store(28) " fcode="store"/>
<opset="state_lsu_ldq_signed_load_load/6 store_ln934/8 store_ln949/17 "/>
</bind>
</comp>

<comp id="666" class="1004" name="state_lsu_ldq_response_pending_addr_gep_fu_666">
<pin_list>
<pin id="667" dir="0" index="0" bw="1" slack="0"/>
<pin id="668" dir="0" index="1" bw="1" slack="0"/>
<pin id="669" dir="0" index="2" bw="4" slack="2"/>
<pin id="670" dir="1" index="3" bw="3" slack="0"/>
</pin_list>
<bind>
<opcode="getelementptr(29) " fcode="getelementptr"/>
<opset="state_lsu_ldq_response_pending_addr/6 "/>
</bind>
</comp>

<comp id="673" class="1004" name="grp_access_fu_673">
<pin_list>
<pin id="674" dir="0" index="0" bw="3" slack="0"/>
<pin id="675" dir="0" index="1" bw="1" slack="0"/>
<pin id="676" dir="0" index="2" bw="0" slack="2147483647"/>
<pin id="677" dir="1" index="3" bw="1" slack="0"/>
</pin_list>
<bind>
<opcode="load(27) store(28) " fcode="store"/>
<opset="state_lsu_ldq_response_pending_load/6 store_ln934/8 store_ln949/17 "/>
</bind>
</comp>

<comp id="679" class="1004" name="state_lsu_ldq_completed_addr_gep_fu_679">
<pin_list>
<pin id="680" dir="0" index="0" bw="1" slack="0"/>
<pin id="681" dir="0" index="1" bw="1" slack="0"/>
<pin id="682" dir="0" index="2" bw="4" slack="2"/>
<pin id="683" dir="1" index="3" bw="3" slack="0"/>
</pin_list>
<bind>
<opcode="getelementptr(29) " fcode="getelementptr"/>
<opset="state_lsu_ldq_completed_addr/6 "/>
</bind>
</comp>

<comp id="686" class="1004" name="grp_access_fu_686">
<pin_list>
<pin id="687" dir="0" index="0" bw="3" slack="0"/>
<pin id="688" dir="0" index="1" bw="1" slack="0"/>
<pin id="689" dir="0" index="2" bw="0" slack="2147483647"/>
<pin id="690" dir="1" index="3" bw="1" slack="0"/>
</pin_list>
<bind>
<opcode="load(27) store(28) " fcode="store"/>
<opset="state_lsu_ldq_completed_load/6 store_ln934/8 store_ln949/17 "/>
</bind>
</comp>

<comp id="692" class="1004" name="state_lsu_ldq_killed_addr_gep_fu_692">
<pin_list>
<pin id="693" dir="0" index="0" bw="1" slack="0"/>
<pin id="694" dir="0" index="1" bw="1" slack="0"/>
<pin id="695" dir="0" index="2" bw="4" slack="2"/>
<pin id="696" dir="1" index="3" bw="3" slack="0"/>
</pin_list>
<bind>
<opcode="getelementptr(29) " fcode="getelementptr"/>
<opset="state_lsu_ldq_killed_addr/6 "/>
</bind>
</comp>

<comp id="699" class="1004" name="grp_access_fu_699">
<pin_list>
<pin id="700" dir="0" index="0" bw="3" slack="0"/>
<pin id="701" dir="0" index="1" bw="1" slack="0"/>
<pin id="702" dir="0" index="2" bw="0" slack="2147483647"/>
<pin id="703" dir="1" index="3" bw="1" slack="0"/>
</pin_list>
<bind>
<opcode="load(27) store(28) " fcode="store"/>
<opset="state_lsu_ldq_killed_load/6 store_ln934/8 store_ln949/17 "/>
</bind>
</comp>

<comp id="705" class="1004" name="state_lsu_ldq_size_addr_gep_fu_705">
<pin_list>
<pin id="706" dir="0" index="0" bw="8" slack="0"/>
<pin id="707" dir="0" index="1" bw="1" slack="0"/>
<pin id="708" dir="0" index="2" bw="4" slack="2"/>
<pin id="709" dir="1" index="3" bw="3" slack="0"/>
</pin_list>
<bind>
<opcode="getelementptr(29) " fcode="getelementptr"/>
<opset="state_lsu_ldq_size_addr/6 "/>
</bind>
</comp>

<comp id="712" class="1004" name="grp_access_fu_712">
<pin_list>
<pin id="713" dir="0" index="0" bw="3" slack="0"/>
<pin id="714" dir="0" index="1" bw="8" slack="0"/>
<pin id="715" dir="0" index="2" bw="0" slack="2147483647"/>
<pin id="716" dir="1" index="3" bw="8" slack="0"/>
</pin_list>
<bind>
<opcode="load(27) store(28) " fcode="store"/>
<opset="state_lsu_ldq_size_load/6 store_ln934/8 store_ln949/17 "/>
</bind>
</comp>

<comp id="718" class="1004" name="state_lsu_ldq_transaction_id_addr_gep_fu_718">
<pin_list>
<pin id="719" dir="0" index="0" bw="32" slack="0"/>
<pin id="720" dir="0" index="1" bw="1" slack="0"/>
<pin id="721" dir="0" index="2" bw="4" slack="2"/>
<pin id="722" dir="1" index="3" bw="3" slack="0"/>
</pin_list>
<bind>
<opcode="getelementptr(29) " fcode="getelementptr"/>
<opset="state_lsu_ldq_transaction_id_addr/6 "/>
</bind>
</comp>

<comp id="725" class="1004" name="grp_access_fu_725">
<pin_list>
<pin id="726" dir="0" index="0" bw="3" slack="0"/>
<pin id="727" dir="0" index="1" bw="32" slack="0"/>
<pin id="728" dir="0" index="2" bw="0" slack="2147483647"/>
<pin id="729" dir="1" index="3" bw="32" slack="0"/>
</pin_list>
<bind>
<opcode="load(27) store(28) " fcode="store"/>
<opset="state_lsu_ldq_transaction_id_load/6 store_ln934/8 store_ln949/17 "/>
</bind>
</comp>

<comp id="731" class="1004" name="state_lsu_ldq_rob_allocation_id_addr_gep_fu_731">
<pin_list>
<pin id="732" dir="0" index="0" bw="32" slack="0"/>
<pin id="733" dir="0" index="1" bw="1" slack="0"/>
<pin id="734" dir="0" index="2" bw="4" slack="2"/>
<pin id="735" dir="1" index="3" bw="3" slack="0"/>
</pin_list>
<bind>
<opcode="getelementptr(29) " fcode="getelementptr"/>
<opset="state_lsu_ldq_rob_allocation_id_addr/6 "/>
</bind>
</comp>

<comp id="738" class="1004" name="grp_access_fu_738">
<pin_list>
<pin id="739" dir="0" index="0" bw="3" slack="0"/>
<pin id="740" dir="0" index="1" bw="32" slack="0"/>
<pin id="741" dir="0" index="2" bw="0" slack="2147483647"/>
<pin id="742" dir="1" index="3" bw="32" slack="0"/>
</pin_list>
<bind>
<opcode="load(27) store(28) " fcode="store"/>
<opset="state_lsu_ldq_rob_allocation_id_load/6 state_lsu_ldq_rob_allocation_id_load_1/7 store_ln934/8 store_ln949/17 "/>
</bind>
</comp>

<comp id="744" class="1004" name="state_lsu_ldq_addr_gep_fu_744">
<pin_list>
<pin id="745" dir="0" index="0" bw="64" slack="0"/>
<pin id="746" dir="0" index="1" bw="1" slack="0"/>
<pin id="747" dir="0" index="2" bw="4" slack="2"/>
<pin id="748" dir="1" index="3" bw="3" slack="0"/>
</pin_list>
<bind>
<opcode="getelementptr(29) " fcode="getelementptr"/>
<opset="state_lsu_ldq_addr/6 "/>
</bind>
</comp>

<comp id="751" class="1004" name="grp_access_fu_751">
<pin_list>
<pin id="752" dir="0" index="0" bw="3" slack="0"/>
<pin id="753" dir="0" index="1" bw="64" slack="0"/>
<pin id="754" dir="0" index="2" bw="0" slack="2147483647"/>
<pin id="755" dir="1" index="3" bw="64" slack="0"/>
</pin_list>
<bind>
<opcode="load(27) store(28) " fcode="store"/>
<opset="state_lsu_ldq_load/6 store_ln934/8 store_ln949/17 "/>
</bind>
</comp>

<comp id="757" class="1004" name="state_lsu_ldq_result_addr_gep_fu_757">
<pin_list>
<pin id="758" dir="0" index="0" bw="64" slack="0"/>
<pin id="759" dir="0" index="1" bw="1" slack="0"/>
<pin id="760" dir="0" index="2" bw="4" slack="2"/>
<pin id="761" dir="1" index="3" bw="3" slack="0"/>
</pin_list>
<bind>
<opcode="getelementptr(29) " fcode="getelementptr"/>
<opset="state_lsu_ldq_result_addr/6 "/>
</bind>
</comp>

<comp id="764" class="1004" name="grp_access_fu_764">
<pin_list>
<pin id="765" dir="0" index="0" bw="3" slack="0"/>
<pin id="766" dir="0" index="1" bw="64" slack="0"/>
<pin id="767" dir="0" index="2" bw="0" slack="2147483647"/>
<pin id="768" dir="1" index="3" bw="64" slack="0"/>
</pin_list>
<bind>
<opcode="load(27) store(28) " fcode="store"/>
<opset="state_lsu_ldq_result_load/6 store_ln934/8 store_ln949/17 "/>
</bind>
</comp>

<comp id="770" class="1004" name="state_lsu_ldq_rob_allocation_id_addr_2_gep_fu_770">
<pin_list>
<pin id="771" dir="0" index="0" bw="32" slack="0"/>
<pin id="772" dir="0" index="1" bw="1" slack="0"/>
<pin id="773" dir="0" index="2" bw="4" slack="3"/>
<pin id="774" dir="1" index="3" bw="3" slack="0"/>
</pin_list>
<bind>
<opcode="getelementptr(29) " fcode="getelementptr"/>
<opset="state_lsu_ldq_rob_allocation_id_addr_2/7 "/>
</bind>
</comp>

<comp id="779" class="1004" name="state_lsu_ldq_signed_load_addr_2_gep_fu_779">
<pin_list>
<pin id="780" dir="0" index="0" bw="1" slack="0"/>
<pin id="781" dir="0" index="1" bw="1" slack="0"/>
<pin id="782" dir="0" index="2" bw="4" slack="4"/>
<pin id="783" dir="1" index="3" bw="3" slack="0"/>
</pin_list>
<bind>
<opcode="getelementptr(29) " fcode="getelementptr"/>
<opset="state_lsu_ldq_signed_load_addr_2/8 "/>
</bind>
</comp>

<comp id="788" class="1004" name="state_lsu_ldq_response_pending_addr_2_gep_fu_788">
<pin_list>
<pin id="789" dir="0" index="0" bw="1" slack="0"/>
<pin id="790" dir="0" index="1" bw="1" slack="0"/>
<pin id="791" dir="0" index="2" bw="4" slack="4"/>
<pin id="792" dir="1" index="3" bw="3" slack="0"/>
</pin_list>
<bind>
<opcode="getelementptr(29) " fcode="getelementptr"/>
<opset="state_lsu_ldq_response_pending_addr_2/8 "/>
</bind>
</comp>

<comp id="797" class="1004" name="state_lsu_ldq_completed_addr_2_gep_fu_797">
<pin_list>
<pin id="798" dir="0" index="0" bw="1" slack="0"/>
<pin id="799" dir="0" index="1" bw="1" slack="0"/>
<pin id="800" dir="0" index="2" bw="4" slack="4"/>
<pin id="801" dir="1" index="3" bw="3" slack="0"/>
</pin_list>
<bind>
<opcode="getelementptr(29) " fcode="getelementptr"/>
<opset="state_lsu_ldq_completed_addr_2/8 "/>
</bind>
</comp>

<comp id="806" class="1004" name="state_lsu_ldq_killed_addr_2_gep_fu_806">
<pin_list>
<pin id="807" dir="0" index="0" bw="1" slack="0"/>
<pin id="808" dir="0" index="1" bw="1" slack="0"/>
<pin id="809" dir="0" index="2" bw="4" slack="4"/>
<pin id="810" dir="1" index="3" bw="3" slack="0"/>
</pin_list>
<bind>
<opcode="getelementptr(29) " fcode="getelementptr"/>
<opset="state_lsu_ldq_killed_addr_2/8 "/>
</bind>
</comp>

<comp id="816" class="1004" name="state_lsu_ldq_size_addr_2_gep_fu_816">
<pin_list>
<pin id="817" dir="0" index="0" bw="8" slack="0"/>
<pin id="818" dir="0" index="1" bw="1" slack="0"/>
<pin id="819" dir="0" index="2" bw="4" slack="4"/>
<pin id="820" dir="1" index="3" bw="3" slack="0"/>
</pin_list>
<bind>
<opcode="getelementptr(29) " fcode="getelementptr"/>
<opset="state_lsu_ldq_size_addr_2/8 "/>
</bind>
</comp>

<comp id="826" class="1004" name="state_lsu_ldq_transaction_id_addr_2_gep_fu_826">
<pin_list>
<pin id="827" dir="0" index="0" bw="32" slack="0"/>
<pin id="828" dir="0" index="1" bw="1" slack="0"/>
<pin id="829" dir="0" index="2" bw="4" slack="4"/>
<pin id="830" dir="1" index="3" bw="3" slack="0"/>
</pin_list>
<bind>
<opcode="getelementptr(29) " fcode="getelementptr"/>
<opset="state_lsu_ldq_transaction_id_addr_2/8 "/>
</bind>
</comp>

<comp id="835" class="1004" name="state_lsu_ldq_rob_allocation_id_addr_3_gep_fu_835">
<pin_list>
<pin id="836" dir="0" index="0" bw="32" slack="0"/>
<pin id="837" dir="0" index="1" bw="1" slack="0"/>
<pin id="838" dir="0" index="2" bw="4" slack="4"/>
<pin id="839" dir="1" index="3" bw="3" slack="0"/>
</pin_list>
<bind>
<opcode="getelementptr(29) " fcode="getelementptr"/>
<opset="state_lsu_ldq_rob_allocation_id_addr_3/8 "/>
</bind>
</comp>

<comp id="844" class="1004" name="state_lsu_ldq_addr_2_gep_fu_844">
<pin_list>
<pin id="845" dir="0" index="0" bw="64" slack="0"/>
<pin id="846" dir="0" index="1" bw="1" slack="0"/>
<pin id="847" dir="0" index="2" bw="4" slack="4"/>
<pin id="848" dir="1" index="3" bw="3" slack="0"/>
</pin_list>
<bind>
<opcode="getelementptr(29) " fcode="getelementptr"/>
<opset="state_lsu_ldq_addr_2/8 "/>
</bind>
</comp>

<comp id="853" class="1004" name="state_lsu_ldq_result_addr_2_gep_fu_853">
<pin_list>
<pin id="854" dir="0" index="0" bw="64" slack="0"/>
<pin id="855" dir="0" index="1" bw="1" slack="0"/>
<pin id="856" dir="0" index="2" bw="4" slack="4"/>
<pin id="857" dir="1" index="3" bw="3" slack="0"/>
</pin_list>
<bind>
<opcode="getelementptr(29) " fcode="getelementptr"/>
<opset="state_lsu_ldq_result_addr_2/8 "/>
</bind>
</comp>

<comp id="862" class="1004" name="new_ldq_valid_addr_gep_fu_862">
<pin_list>
<pin id="863" dir="0" index="0" bw="1" slack="2147483647"/>
<pin id="864" dir="0" index="1" bw="1" slack="0"/>
<pin id="865" dir="0" index="2" bw="32" slack="0"/>
<pin id="866" dir="1" index="3" bw="3" slack="0"/>
</pin_list>
<bind>
<opcode="getelementptr(29) " fcode="getelementptr"/>
<opset="new_ldq_valid_addr/9 "/>
</bind>
</comp>

<comp id="868" class="1004" name="new_ldq_signed_load_addr_gep_fu_868">
<pin_list>
<pin id="869" dir="0" index="0" bw="1" slack="2147483647"/>
<pin id="870" dir="0" index="1" bw="1" slack="0"/>
<pin id="871" dir="0" index="2" bw="32" slack="0"/>
<pin id="872" dir="1" index="3" bw="3" slack="0"/>
</pin_list>
<bind>
<opcode="getelementptr(29) " fcode="getelementptr"/>
<opset="new_ldq_signed_load_addr/9 "/>
</bind>
</comp>

<comp id="874" class="1004" name="new_ldq_response_pending_addr_gep_fu_874">
<pin_list>
<pin id="875" dir="0" index="0" bw="1" slack="2147483647"/>
<pin id="876" dir="0" index="1" bw="1" slack="0"/>
<pin id="877" dir="0" index="2" bw="32" slack="0"/>
<pin id="878" dir="1" index="3" bw="3" slack="0"/>
</pin_list>
<bind>
<opcode="getelementptr(29) " fcode="getelementptr"/>
<opset="new_ldq_response_pending_addr/9 "/>
</bind>
</comp>

<comp id="880" class="1004" name="new_ldq_completed_addr_gep_fu_880">
<pin_list>
<pin id="881" dir="0" index="0" bw="1" slack="2147483647"/>
<pin id="882" dir="0" index="1" bw="1" slack="0"/>
<pin id="883" dir="0" index="2" bw="32" slack="0"/>
<pin id="884" dir="1" index="3" bw="3" slack="0"/>
</pin_list>
<bind>
<opcode="getelementptr(29) " fcode="getelementptr"/>
<opset="new_ldq_completed_addr/9 "/>
</bind>
</comp>

<comp id="886" class="1004" name="new_ldq_killed_addr_gep_fu_886">
<pin_list>
<pin id="887" dir="0" index="0" bw="1" slack="2147483647"/>
<pin id="888" dir="0" index="1" bw="1" slack="0"/>
<pin id="889" dir="0" index="2" bw="32" slack="0"/>
<pin id="890" dir="1" index="3" bw="3" slack="0"/>
</pin_list>
<bind>
<opcode="getelementptr(29) " fcode="getelementptr"/>
<opset="new_ldq_killed_addr/9 "/>
</bind>
</comp>

<comp id="892" class="1004" name="new_ldq_rob_idx_addr_gep_fu_892">
<pin_list>
<pin id="893" dir="0" index="0" bw="8" slack="2147483647"/>
<pin id="894" dir="0" index="1" bw="1" slack="0"/>
<pin id="895" dir="0" index="2" bw="32" slack="0"/>
<pin id="896" dir="1" index="3" bw="3" slack="0"/>
</pin_list>
<bind>
<opcode="getelementptr(29) " fcode="getelementptr"/>
<opset="new_ldq_rob_idx_addr/9 "/>
</bind>
</comp>

<comp id="898" class="1004" name="new_ldq_size_addr_gep_fu_898">
<pin_list>
<pin id="899" dir="0" index="0" bw="8" slack="2147483647"/>
<pin id="900" dir="0" index="1" bw="1" slack="0"/>
<pin id="901" dir="0" index="2" bw="32" slack="0"/>
<pin id="902" dir="1" index="3" bw="3" slack="0"/>
</pin_list>
<bind>
<opcode="getelementptr(29) " fcode="getelementptr"/>
<opset="new_ldq_size_addr/9 "/>
</bind>
</comp>

<comp id="904" class="1004" name="new_ldq_branch_mask_addr_gep_fu_904">
<pin_list>
<pin id="905" dir="0" index="0" bw="8" slack="2147483647"/>
<pin id="906" dir="0" index="1" bw="1" slack="0"/>
<pin id="907" dir="0" index="2" bw="32" slack="0"/>
<pin id="908" dir="1" index="3" bw="3" slack="0"/>
</pin_list>
<bind>
<opcode="getelementptr(29) " fcode="getelementptr"/>
<opset="new_ldq_branch_mask_addr/9 "/>
</bind>
</comp>

<comp id="910" class="1004" name="new_ldq_transaction_id_addr_gep_fu_910">
<pin_list>
<pin id="911" dir="0" index="0" bw="32" slack="2147483647"/>
<pin id="912" dir="0" index="1" bw="1" slack="0"/>
<pin id="913" dir="0" index="2" bw="32" slack="0"/>
<pin id="914" dir="1" index="3" bw="3" slack="0"/>
</pin_list>
<bind>
<opcode="getelementptr(29) " fcode="getelementptr"/>
<opset="new_ldq_transaction_id_addr/9 "/>
</bind>
</comp>

<comp id="916" class="1004" name="new_ldq_rob_allocation_id_addr_gep_fu_916">
<pin_list>
<pin id="917" dir="0" index="0" bw="32" slack="2147483647"/>
<pin id="918" dir="0" index="1" bw="1" slack="0"/>
<pin id="919" dir="0" index="2" bw="32" slack="0"/>
<pin id="920" dir="1" index="3" bw="3" slack="0"/>
</pin_list>
<bind>
<opcode="getelementptr(29) " fcode="getelementptr"/>
<opset="new_ldq_rob_allocation_id_addr/9 "/>
</bind>
</comp>

<comp id="922" class="1004" name="new_ldq_addr_gep_fu_922">
<pin_list>
<pin id="923" dir="0" index="0" bw="64" slack="2147483647"/>
<pin id="924" dir="0" index="1" bw="1" slack="0"/>
<pin id="925" dir="0" index="2" bw="32" slack="0"/>
<pin id="926" dir="1" index="3" bw="3" slack="0"/>
</pin_list>
<bind>
<opcode="getelementptr(29) " fcode="getelementptr"/>
<opset="new_ldq_addr/9 "/>
</bind>
</comp>

<comp id="928" class="1004" name="new_ldq_result_addr_gep_fu_928">
<pin_list>
<pin id="929" dir="0" index="0" bw="64" slack="2147483647"/>
<pin id="930" dir="0" index="1" bw="1" slack="0"/>
<pin id="931" dir="0" index="2" bw="32" slack="0"/>
<pin id="932" dir="1" index="3" bw="3" slack="0"/>
</pin_list>
<bind>
<opcode="getelementptr(29) " fcode="getelementptr"/>
<opset="new_ldq_result_addr/9 "/>
</bind>
</comp>

<comp id="957" class="1004" name="state_lsu_stq_valid_addr_gep_fu_957">
<pin_list>
<pin id="958" dir="0" index="0" bw="1" slack="0"/>
<pin id="959" dir="0" index="1" bw="1" slack="0"/>
<pin id="960" dir="0" index="2" bw="4" slack="0"/>
<pin id="961" dir="1" index="3" bw="3" slack="0"/>
</pin_list>
<bind>
<opcode="getelementptr(29) " fcode="getelementptr"/>
<opset="state_lsu_stq_valid_addr/10 "/>
</bind>
</comp>

<comp id="964" class="1004" name="grp_access_fu_964">
<pin_list>
<pin id="965" dir="0" index="0" bw="3" slack="0"/>
<pin id="966" dir="0" index="1" bw="1" slack="0"/>
<pin id="967" dir="0" index="2" bw="0" slack="2147483647"/>
<pin id="968" dir="1" index="3" bw="1" slack="2"/>
</pin_list>
<bind>
<opcode="load(27) store(28) " fcode="store"/>
<opset="state_lsu_stq_valid_load/10 store_ln942/12 store_ln950/19 "/>
</bind>
</comp>

<comp id="970" class="1004" name="state_lsu_stq_branch_mask_addr_gep_fu_970">
<pin_list>
<pin id="971" dir="0" index="0" bw="8" slack="0"/>
<pin id="972" dir="0" index="1" bw="1" slack="0"/>
<pin id="973" dir="0" index="2" bw="4" slack="1"/>
<pin id="974" dir="1" index="3" bw="3" slack="0"/>
</pin_list>
<bind>
<opcode="getelementptr(29) " fcode="getelementptr"/>
<opset="state_lsu_stq_branch_mask_addr/11 "/>
</bind>
</comp>

<comp id="977" class="1004" name="grp_access_fu_977">
<pin_list>
<pin id="978" dir="0" index="0" bw="3" slack="0"/>
<pin id="979" dir="0" index="1" bw="8" slack="0"/>
<pin id="980" dir="0" index="2" bw="0" slack="2147483647"/>
<pin id="981" dir="1" index="3" bw="8" slack="0"/>
</pin_list>
<bind>
<opcode="load(27) store(28) " fcode="store"/>
<opset="state_lsu_stq_branch_mask_load/11 store_ln942/12 store_ln950/19 "/>
</bind>
</comp>

<comp id="983" class="1004" name="state_lsu_stq_addr_gep_fu_983">
<pin_list>
<pin id="984" dir="0" index="0" bw="1" slack="0"/>
<pin id="985" dir="0" index="1" bw="1" slack="0"/>
<pin id="986" dir="0" index="2" bw="4" slack="1"/>
<pin id="987" dir="1" index="3" bw="3" slack="1"/>
</pin_list>
<bind>
<opcode="getelementptr(29) " fcode="getelementptr"/>
<opset="state_lsu_stq_addr/11 "/>
</bind>
</comp>

<comp id="990" class="1004" name="state_lsu_stq_data_valid_addr_gep_fu_990">
<pin_list>
<pin id="991" dir="0" index="0" bw="1" slack="0"/>
<pin id="992" dir="0" index="1" bw="1" slack="0"/>
<pin id="993" dir="0" index="2" bw="4" slack="1"/>
<pin id="994" dir="1" index="3" bw="3" slack="1"/>
</pin_list>
<bind>
<opcode="getelementptr(29) " fcode="getelementptr"/>
<opset="state_lsu_stq_data_valid_addr/11 "/>
</bind>
</comp>

<comp id="997" class="1004" name="state_lsu_stq_committed_addr_gep_fu_997">
<pin_list>
<pin id="998" dir="0" index="0" bw="1" slack="0"/>
<pin id="999" dir="0" index="1" bw="1" slack="0"/>
<pin id="1000" dir="0" index="2" bw="4" slack="1"/>
<pin id="1001" dir="1" index="3" bw="3" slack="1"/>
</pin_list>
<bind>
<opcode="getelementptr(29) " fcode="getelementptr"/>
<opset="state_lsu_stq_committed_addr/11 "/>
</bind>
</comp>

<comp id="1004" class="1004" name="state_lsu_stq_issued_to_memory_addr_gep_fu_1004">
<pin_list>
<pin id="1005" dir="0" index="0" bw="1" slack="0"/>
<pin id="1006" dir="0" index="1" bw="1" slack="0"/>
<pin id="1007" dir="0" index="2" bw="4" slack="1"/>
<pin id="1008" dir="1" index="3" bw="3" slack="1"/>
</pin_list>
<bind>
<opcode="getelementptr(29) " fcode="getelementptr"/>
<opset="state_lsu_stq_issued_to_memory_addr/11 "/>
</bind>
</comp>

<comp id="1011" class="1004" name="state_lsu_stq_completed_addr_gep_fu_1011">
<pin_list>
<pin id="1012" dir="0" index="0" bw="1" slack="0"/>
<pin id="1013" dir="0" index="1" bw="1" slack="0"/>
<pin id="1014" dir="0" index="2" bw="4" slack="1"/>
<pin id="1015" dir="1" index="3" bw="3" slack="1"/>
</pin_list>
<bind>
<opcode="getelementptr(29) " fcode="getelementptr"/>
<opset="state_lsu_stq_completed_addr/11 "/>
</bind>
</comp>

<comp id="1018" class="1004" name="state_lsu_stq_killed_addr_gep_fu_1018">
<pin_list>
<pin id="1019" dir="0" index="0" bw="1" slack="0"/>
<pin id="1020" dir="0" index="1" bw="1" slack="0"/>
<pin id="1021" dir="0" index="2" bw="4" slack="1"/>
<pin id="1022" dir="1" index="3" bw="3" slack="1"/>
</pin_list>
<bind>
<opcode="getelementptr(29) " fcode="getelementptr"/>
<opset="state_lsu_stq_killed_addr/11 "/>
</bind>
</comp>

<comp id="1025" class="1004" name="state_lsu_stq_rob_idx_addr_gep_fu_1025">
<pin_list>
<pin id="1026" dir="0" index="0" bw="8" slack="0"/>
<pin id="1027" dir="0" index="1" bw="1" slack="0"/>
<pin id="1028" dir="0" index="2" bw="4" slack="1"/>
<pin id="1029" dir="1" index="3" bw="3" slack="1"/>
</pin_list>
<bind>
<opcode="getelementptr(29) " fcode="getelementptr"/>
<opset="state_lsu_stq_rob_idx_addr/11 "/>
</bind>
</comp>

<comp id="1032" class="1004" name="state_lsu_stq_mask_addr_gep_fu_1032">
<pin_list>
<pin id="1033" dir="0" index="0" bw="8" slack="0"/>
<pin id="1034" dir="0" index="1" bw="1" slack="0"/>
<pin id="1035" dir="0" index="2" bw="4" slack="1"/>
<pin id="1036" dir="1" index="3" bw="3" slack="1"/>
</pin_list>
<bind>
<opcode="getelementptr(29) " fcode="getelementptr"/>
<opset="state_lsu_stq_mask_addr/11 "/>
</bind>
</comp>

<comp id="1039" class="1004" name="state_lsu_stq_size_addr_gep_fu_1039">
<pin_list>
<pin id="1040" dir="0" index="0" bw="8" slack="0"/>
<pin id="1041" dir="0" index="1" bw="1" slack="0"/>
<pin id="1042" dir="0" index="2" bw="4" slack="1"/>
<pin id="1043" dir="1" index="3" bw="3" slack="1"/>
</pin_list>
<bind>
<opcode="getelementptr(29) " fcode="getelementptr"/>
<opset="state_lsu_stq_size_addr/11 "/>
</bind>
</comp>

<comp id="1046" class="1004" name="state_lsu_stq_rob_allocation_id_addr_gep_fu_1046">
<pin_list>
<pin id="1047" dir="0" index="0" bw="32" slack="0"/>
<pin id="1048" dir="0" index="1" bw="1" slack="0"/>
<pin id="1049" dir="0" index="2" bw="4" slack="1"/>
<pin id="1050" dir="1" index="3" bw="3" slack="1"/>
</pin_list>
<bind>
<opcode="getelementptr(29) " fcode="getelementptr"/>
<opset="state_lsu_stq_rob_allocation_id_addr/11 "/>
</bind>
</comp>

<comp id="1053" class="1004" name="state_lsu_stq_addr_5_gep_fu_1053">
<pin_list>
<pin id="1054" dir="0" index="0" bw="64" slack="0"/>
<pin id="1055" dir="0" index="1" bw="1" slack="0"/>
<pin id="1056" dir="0" index="2" bw="4" slack="1"/>
<pin id="1057" dir="1" index="3" bw="3" slack="1"/>
</pin_list>
<bind>
<opcode="getelementptr(29) " fcode="getelementptr"/>
<opset="state_lsu_stq_addr_5/11 "/>
</bind>
</comp>

<comp id="1060" class="1004" name="state_lsu_stq_data_addr_gep_fu_1060">
<pin_list>
<pin id="1061" dir="0" index="0" bw="64" slack="0"/>
<pin id="1062" dir="0" index="1" bw="1" slack="0"/>
<pin id="1063" dir="0" index="2" bw="4" slack="1"/>
<pin id="1064" dir="1" index="3" bw="3" slack="1"/>
</pin_list>
<bind>
<opcode="getelementptr(29) " fcode="getelementptr"/>
<opset="state_lsu_stq_data_addr/11 "/>
</bind>
</comp>

<comp id="1068" class="1004" name="grp_access_fu_1068">
<pin_list>
<pin id="1069" dir="0" index="0" bw="3" slack="0"/>
<pin id="1070" dir="0" index="1" bw="1" slack="0"/>
<pin id="1071" dir="0" index="2" bw="0" slack="2147483647"/>
<pin id="1072" dir="1" index="3" bw="1" slack="0"/>
</pin_list>
<bind>
<opcode="load(27) store(28) " fcode="store"/>
<opset="store_ln942/12 state_lsu_stq_load/12 store_ln950/19 "/>
</bind>
</comp>

<comp id="1074" class="1004" name="grp_access_fu_1074">
<pin_list>
<pin id="1075" dir="0" index="0" bw="3" slack="0"/>
<pin id="1076" dir="0" index="1" bw="1" slack="0"/>
<pin id="1077" dir="0" index="2" bw="0" slack="2147483647"/>
<pin id="1078" dir="1" index="3" bw="1" slack="0"/>
</pin_list>
<bind>
<opcode="load(27) store(28) " fcode="store"/>
<opset="store_ln942/12 state_lsu_stq_data_valid_load/12 store_ln950/19 "/>
</bind>
</comp>

<comp id="1080" class="1004" name="grp_access_fu_1080">
<pin_list>
<pin id="1081" dir="0" index="0" bw="3" slack="0"/>
<pin id="1082" dir="0" index="1" bw="1" slack="0"/>
<pin id="1083" dir="0" index="2" bw="0" slack="2147483647"/>
<pin id="1084" dir="1" index="3" bw="1" slack="0"/>
</pin_list>
<bind>
<opcode="load(27) store(28) " fcode="store"/>
<opset="store_ln942/12 state_lsu_stq_committed_load/12 store_ln950/19 "/>
</bind>
</comp>

<comp id="1086" class="1004" name="grp_access_fu_1086">
<pin_list>
<pin id="1087" dir="0" index="0" bw="3" slack="0"/>
<pin id="1088" dir="0" index="1" bw="1" slack="0"/>
<pin id="1089" dir="0" index="2" bw="0" slack="2147483647"/>
<pin id="1090" dir="1" index="3" bw="1" slack="0"/>
</pin_list>
<bind>
<opcode="load(27) store(28) " fcode="store"/>
<opset="store_ln942/12 state_lsu_stq_issued_to_memory_load/12 store_ln950/19 "/>
</bind>
</comp>

<comp id="1092" class="1004" name="grp_access_fu_1092">
<pin_list>
<pin id="1093" dir="0" index="0" bw="3" slack="0"/>
<pin id="1094" dir="0" index="1" bw="1" slack="0"/>
<pin id="1095" dir="0" index="2" bw="0" slack="2147483647"/>
<pin id="1096" dir="1" index="3" bw="1" slack="0"/>
</pin_list>
<bind>
<opcode="load(27) store(28) " fcode="store"/>
<opset="store_ln942/12 state_lsu_stq_completed_load/12 store_ln950/19 "/>
</bind>
</comp>

<comp id="1098" class="1004" name="grp_access_fu_1098">
<pin_list>
<pin id="1099" dir="0" index="0" bw="3" slack="0"/>
<pin id="1100" dir="0" index="1" bw="1" slack="0"/>
<pin id="1101" dir="0" index="2" bw="0" slack="2147483647"/>
<pin id="1102" dir="1" index="3" bw="1" slack="0"/>
</pin_list>
<bind>
<opcode="load(27) store(28) " fcode="store"/>
<opset="store_ln942/12 state_lsu_stq_killed_load/12 store_ln950/19 "/>
</bind>
</comp>

<comp id="1104" class="1004" name="grp_access_fu_1104">
<pin_list>
<pin id="1105" dir="0" index="0" bw="3" slack="0"/>
<pin id="1106" dir="0" index="1" bw="8" slack="0"/>
<pin id="1107" dir="0" index="2" bw="0" slack="2147483647"/>
<pin id="1108" dir="1" index="3" bw="8" slack="0"/>
</pin_list>
<bind>
<opcode="load(27) store(28) " fcode="store"/>
<opset="store_ln942/12 state_lsu_stq_rob_idx_load/12 store_ln950/19 "/>
</bind>
</comp>

<comp id="1110" class="1004" name="grp_access_fu_1110">
<pin_list>
<pin id="1111" dir="0" index="0" bw="3" slack="0"/>
<pin id="1112" dir="0" index="1" bw="8" slack="0"/>
<pin id="1113" dir="0" index="2" bw="0" slack="2147483647"/>
<pin id="1114" dir="1" index="3" bw="8" slack="0"/>
</pin_list>
<bind>
<opcode="load(27) store(28) " fcode="store"/>
<opset="store_ln942/12 state_lsu_stq_mask_load/12 store_ln950/19 "/>
</bind>
</comp>

<comp id="1116" class="1004" name="grp_access_fu_1116">
<pin_list>
<pin id="1117" dir="0" index="0" bw="3" slack="0"/>
<pin id="1118" dir="0" index="1" bw="8" slack="0"/>
<pin id="1119" dir="0" index="2" bw="0" slack="2147483647"/>
<pin id="1120" dir="1" index="3" bw="8" slack="0"/>
</pin_list>
<bind>
<opcode="load(27) store(28) " fcode="store"/>
<opset="store_ln942/12 state_lsu_stq_size_load/12 store_ln950/19 "/>
</bind>
</comp>

<comp id="1123" class="1004" name="grp_access_fu_1123">
<pin_list>
<pin id="1124" dir="0" index="0" bw="3" slack="0"/>
<pin id="1125" dir="0" index="1" bw="32" slack="0"/>
<pin id="1126" dir="0" index="2" bw="0" slack="2147483647"/>
<pin id="1127" dir="1" index="3" bw="32" slack="0"/>
</pin_list>
<bind>
<opcode="load(27) store(28) " fcode="store"/>
<opset="store_ln942/12 state_lsu_stq_rob_allocation_id_load/12 store_ln950/19 "/>
</bind>
</comp>

<comp id="1129" class="1004" name="grp_access_fu_1129">
<pin_list>
<pin id="1130" dir="0" index="0" bw="3" slack="0"/>
<pin id="1131" dir="0" index="1" bw="64" slack="0"/>
<pin id="1132" dir="0" index="2" bw="0" slack="2147483647"/>
<pin id="1133" dir="1" index="3" bw="64" slack="0"/>
</pin_list>
<bind>
<opcode="load(27) store(28) " fcode="store"/>
<opset="store_ln942/12 state_lsu_stq_load_2/12 store_ln950/19 "/>
</bind>
</comp>

<comp id="1135" class="1004" name="grp_access_fu_1135">
<pin_list>
<pin id="1136" dir="0" index="0" bw="3" slack="0"/>
<pin id="1137" dir="0" index="1" bw="64" slack="0"/>
<pin id="1138" dir="0" index="2" bw="0" slack="2147483647"/>
<pin id="1139" dir="1" index="3" bw="64" slack="0"/>
</pin_list>
<bind>
<opcode="load(27) store(28) " fcode="store"/>
<opset="store_ln942/12 state_lsu_stq_data_load/12 store_ln950/19 "/>
</bind>
</comp>

<comp id="1141" class="1004" name="new_stq_valid_addr_gep_fu_1141">
<pin_list>
<pin id="1142" dir="0" index="0" bw="1" slack="2147483647"/>
<pin id="1143" dir="0" index="1" bw="1" slack="0"/>
<pin id="1144" dir="0" index="2" bw="32" slack="0"/>
<pin id="1145" dir="1" index="3" bw="3" slack="0"/>
</pin_list>
<bind>
<opcode="getelementptr(29) " fcode="getelementptr"/>
<opset="new_stq_valid_addr/13 "/>
</bind>
</comp>

<comp id="1147" class="1004" name="new_stq_addr_gep_fu_1147">
<pin_list>
<pin id="1148" dir="0" index="0" bw="1" slack="2147483647"/>
<pin id="1149" dir="0" index="1" bw="1" slack="0"/>
<pin id="1150" dir="0" index="2" bw="32" slack="0"/>
<pin id="1151" dir="1" index="3" bw="3" slack="0"/>
</pin_list>
<bind>
<opcode="getelementptr(29) " fcode="getelementptr"/>
<opset="new_stq_addr/13 "/>
</bind>
</comp>

<comp id="1153" class="1004" name="new_stq_data_valid_addr_gep_fu_1153">
<pin_list>
<pin id="1154" dir="0" index="0" bw="1" slack="2147483647"/>
<pin id="1155" dir="0" index="1" bw="1" slack="0"/>
<pin id="1156" dir="0" index="2" bw="32" slack="0"/>
<pin id="1157" dir="1" index="3" bw="3" slack="0"/>
</pin_list>
<bind>
<opcode="getelementptr(29) " fcode="getelementptr"/>
<opset="new_stq_data_valid_addr/13 "/>
</bind>
</comp>

<comp id="1159" class="1004" name="new_stq_committed_addr_gep_fu_1159">
<pin_list>
<pin id="1160" dir="0" index="0" bw="1" slack="2147483647"/>
<pin id="1161" dir="0" index="1" bw="1" slack="0"/>
<pin id="1162" dir="0" index="2" bw="32" slack="0"/>
<pin id="1163" dir="1" index="3" bw="3" slack="0"/>
</pin_list>
<bind>
<opcode="getelementptr(29) " fcode="getelementptr"/>
<opset="new_stq_committed_addr/13 "/>
</bind>
</comp>

<comp id="1165" class="1004" name="new_stq_issued_to_memory_addr_gep_fu_1165">
<pin_list>
<pin id="1166" dir="0" index="0" bw="1" slack="2147483647"/>
<pin id="1167" dir="0" index="1" bw="1" slack="0"/>
<pin id="1168" dir="0" index="2" bw="32" slack="0"/>
<pin id="1169" dir="1" index="3" bw="3" slack="0"/>
</pin_list>
<bind>
<opcode="getelementptr(29) " fcode="getelementptr"/>
<opset="new_stq_issued_to_memory_addr/13 "/>
</bind>
</comp>

<comp id="1171" class="1004" name="new_stq_completed_addr_gep_fu_1171">
<pin_list>
<pin id="1172" dir="0" index="0" bw="1" slack="2147483647"/>
<pin id="1173" dir="0" index="1" bw="1" slack="0"/>
<pin id="1174" dir="0" index="2" bw="32" slack="0"/>
<pin id="1175" dir="1" index="3" bw="3" slack="0"/>
</pin_list>
<bind>
<opcode="getelementptr(29) " fcode="getelementptr"/>
<opset="new_stq_completed_addr/13 "/>
</bind>
</comp>

<comp id="1177" class="1004" name="new_stq_killed_addr_gep_fu_1177">
<pin_list>
<pin id="1178" dir="0" index="0" bw="1" slack="2147483647"/>
<pin id="1179" dir="0" index="1" bw="1" slack="0"/>
<pin id="1180" dir="0" index="2" bw="32" slack="0"/>
<pin id="1181" dir="1" index="3" bw="3" slack="0"/>
</pin_list>
<bind>
<opcode="getelementptr(29) " fcode="getelementptr"/>
<opset="new_stq_killed_addr/13 "/>
</bind>
</comp>

<comp id="1183" class="1004" name="new_stq_rob_idx_addr_gep_fu_1183">
<pin_list>
<pin id="1184" dir="0" index="0" bw="8" slack="2147483647"/>
<pin id="1185" dir="0" index="1" bw="1" slack="0"/>
<pin id="1186" dir="0" index="2" bw="32" slack="0"/>
<pin id="1187" dir="1" index="3" bw="3" slack="0"/>
</pin_list>
<bind>
<opcode="getelementptr(29) " fcode="getelementptr"/>
<opset="new_stq_rob_idx_addr/13 "/>
</bind>
</comp>

<comp id="1189" class="1004" name="new_stq_mask_addr_gep_fu_1189">
<pin_list>
<pin id="1190" dir="0" index="0" bw="8" slack="2147483647"/>
<pin id="1191" dir="0" index="1" bw="1" slack="0"/>
<pin id="1192" dir="0" index="2" bw="32" slack="0"/>
<pin id="1193" dir="1" index="3" bw="3" slack="0"/>
</pin_list>
<bind>
<opcode="getelementptr(29) " fcode="getelementptr"/>
<opset="new_stq_mask_addr/13 "/>
</bind>
</comp>

<comp id="1195" class="1004" name="new_stq_size_addr_gep_fu_1195">
<pin_list>
<pin id="1196" dir="0" index="0" bw="8" slack="2147483647"/>
<pin id="1197" dir="0" index="1" bw="1" slack="0"/>
<pin id="1198" dir="0" index="2" bw="32" slack="0"/>
<pin id="1199" dir="1" index="3" bw="3" slack="0"/>
</pin_list>
<bind>
<opcode="getelementptr(29) " fcode="getelementptr"/>
<opset="new_stq_size_addr/13 "/>
</bind>
</comp>

<comp id="1201" class="1004" name="new_stq_branch_mask_addr_gep_fu_1201">
<pin_list>
<pin id="1202" dir="0" index="0" bw="8" slack="2147483647"/>
<pin id="1203" dir="0" index="1" bw="1" slack="0"/>
<pin id="1204" dir="0" index="2" bw="32" slack="0"/>
<pin id="1205" dir="1" index="3" bw="3" slack="0"/>
</pin_list>
<bind>
<opcode="getelementptr(29) " fcode="getelementptr"/>
<opset="new_stq_branch_mask_addr/13 "/>
</bind>
</comp>

<comp id="1207" class="1004" name="new_stq_rob_allocation_id_addr_gep_fu_1207">
<pin_list>
<pin id="1208" dir="0" index="0" bw="32" slack="2147483647"/>
<pin id="1209" dir="0" index="1" bw="1" slack="0"/>
<pin id="1210" dir="0" index="2" bw="32" slack="0"/>
<pin id="1211" dir="1" index="3" bw="3" slack="0"/>
</pin_list>
<bind>
<opcode="getelementptr(29) " fcode="getelementptr"/>
<opset="new_stq_rob_allocation_id_addr/13 "/>
</bind>
</comp>

<comp id="1213" class="1004" name="new_stq_addr_2_gep_fu_1213">
<pin_list>
<pin id="1214" dir="0" index="0" bw="64" slack="2147483647"/>
<pin id="1215" dir="0" index="1" bw="1" slack="0"/>
<pin id="1216" dir="0" index="2" bw="32" slack="0"/>
<pin id="1217" dir="1" index="3" bw="3" slack="0"/>
</pin_list>
<bind>
<opcode="getelementptr(29) " fcode="getelementptr"/>
<opset="new_stq_addr_2/13 "/>
</bind>
</comp>

<comp id="1219" class="1004" name="new_stq_data_addr_gep_fu_1219">
<pin_list>
<pin id="1220" dir="0" index="0" bw="64" slack="2147483647"/>
<pin id="1221" dir="0" index="1" bw="1" slack="0"/>
<pin id="1222" dir="0" index="2" bw="32" slack="0"/>
<pin id="1223" dir="1" index="3" bw="3" slack="0"/>
</pin_list>
<bind>
<opcode="getelementptr(29) " fcode="getelementptr"/>
<opset="new_stq_data_addr/13 "/>
</bind>
</comp>

<comp id="1252" class="1004" name="new_ldq_valid_addr_1_gep_fu_1252">
<pin_list>
<pin id="1253" dir="0" index="0" bw="1" slack="2147483647"/>
<pin id="1254" dir="0" index="1" bw="1" slack="0"/>
<pin id="1255" dir="0" index="2" bw="32" slack="0"/>
<pin id="1256" dir="1" index="3" bw="3" slack="0"/>
</pin_list>
<bind>
<opcode="getelementptr(29) " fcode="getelementptr"/>
<opset="new_ldq_valid_addr_1/14 "/>
</bind>
</comp>

<comp id="1258" class="1004" name="new_ldq_signed_load_addr_1_gep_fu_1258">
<pin_list>
<pin id="1259" dir="0" index="0" bw="1" slack="2147483647"/>
<pin id="1260" dir="0" index="1" bw="1" slack="0"/>
<pin id="1261" dir="0" index="2" bw="32" slack="0"/>
<pin id="1262" dir="1" index="3" bw="3" slack="0"/>
</pin_list>
<bind>
<opcode="getelementptr(29) " fcode="getelementptr"/>
<opset="new_ldq_signed_load_addr_1/14 "/>
</bind>
</comp>

<comp id="1264" class="1004" name="new_ldq_response_pending_addr_1_gep_fu_1264">
<pin_list>
<pin id="1265" dir="0" index="0" bw="1" slack="2147483647"/>
<pin id="1266" dir="0" index="1" bw="1" slack="0"/>
<pin id="1267" dir="0" index="2" bw="32" slack="0"/>
<pin id="1268" dir="1" index="3" bw="3" slack="0"/>
</pin_list>
<bind>
<opcode="getelementptr(29) " fcode="getelementptr"/>
<opset="new_ldq_response_pending_addr_1/14 "/>
</bind>
</comp>

<comp id="1270" class="1004" name="new_ldq_completed_addr_1_gep_fu_1270">
<pin_list>
<pin id="1271" dir="0" index="0" bw="1" slack="2147483647"/>
<pin id="1272" dir="0" index="1" bw="1" slack="0"/>
<pin id="1273" dir="0" index="2" bw="32" slack="0"/>
<pin id="1274" dir="1" index="3" bw="3" slack="0"/>
</pin_list>
<bind>
<opcode="getelementptr(29) " fcode="getelementptr"/>
<opset="new_ldq_completed_addr_1/14 "/>
</bind>
</comp>

<comp id="1276" class="1004" name="new_ldq_killed_addr_1_gep_fu_1276">
<pin_list>
<pin id="1277" dir="0" index="0" bw="1" slack="2147483647"/>
<pin id="1278" dir="0" index="1" bw="1" slack="0"/>
<pin id="1279" dir="0" index="2" bw="32" slack="0"/>
<pin id="1280" dir="1" index="3" bw="3" slack="0"/>
</pin_list>
<bind>
<opcode="getelementptr(29) " fcode="getelementptr"/>
<opset="new_ldq_killed_addr_1/14 "/>
</bind>
</comp>

<comp id="1282" class="1004" name="new_ldq_rob_idx_addr_1_gep_fu_1282">
<pin_list>
<pin id="1283" dir="0" index="0" bw="8" slack="2147483647"/>
<pin id="1284" dir="0" index="1" bw="1" slack="0"/>
<pin id="1285" dir="0" index="2" bw="32" slack="0"/>
<pin id="1286" dir="1" index="3" bw="3" slack="0"/>
</pin_list>
<bind>
<opcode="getelementptr(29) " fcode="getelementptr"/>
<opset="new_ldq_rob_idx_addr_1/14 "/>
</bind>
</comp>

<comp id="1288" class="1004" name="new_ldq_size_addr_1_gep_fu_1288">
<pin_list>
<pin id="1289" dir="0" index="0" bw="8" slack="2147483647"/>
<pin id="1290" dir="0" index="1" bw="1" slack="0"/>
<pin id="1291" dir="0" index="2" bw="32" slack="0"/>
<pin id="1292" dir="1" index="3" bw="3" slack="0"/>
</pin_list>
<bind>
<opcode="getelementptr(29) " fcode="getelementptr"/>
<opset="new_ldq_size_addr_1/14 "/>
</bind>
</comp>

<comp id="1294" class="1004" name="new_ldq_branch_mask_addr_1_gep_fu_1294">
<pin_list>
<pin id="1295" dir="0" index="0" bw="8" slack="2147483647"/>
<pin id="1296" dir="0" index="1" bw="1" slack="0"/>
<pin id="1297" dir="0" index="2" bw="32" slack="0"/>
<pin id="1298" dir="1" index="3" bw="3" slack="0"/>
</pin_list>
<bind>
<opcode="getelementptr(29) " fcode="getelementptr"/>
<opset="new_ldq_branch_mask_addr_1/14 "/>
</bind>
</comp>

<comp id="1300" class="1004" name="new_ldq_transaction_id_addr_1_gep_fu_1300">
<pin_list>
<pin id="1301" dir="0" index="0" bw="32" slack="2147483647"/>
<pin id="1302" dir="0" index="1" bw="1" slack="0"/>
<pin id="1303" dir="0" index="2" bw="32" slack="0"/>
<pin id="1304" dir="1" index="3" bw="3" slack="0"/>
</pin_list>
<bind>
<opcode="getelementptr(29) " fcode="getelementptr"/>
<opset="new_ldq_transaction_id_addr_1/14 "/>
</bind>
</comp>

<comp id="1306" class="1004" name="new_ldq_rob_allocation_id_addr_1_gep_fu_1306">
<pin_list>
<pin id="1307" dir="0" index="0" bw="32" slack="2147483647"/>
<pin id="1308" dir="0" index="1" bw="1" slack="0"/>
<pin id="1309" dir="0" index="2" bw="32" slack="0"/>
<pin id="1310" dir="1" index="3" bw="3" slack="0"/>
</pin_list>
<bind>
<opcode="getelementptr(29) " fcode="getelementptr"/>
<opset="new_ldq_rob_allocation_id_addr_1/14 "/>
</bind>
</comp>

<comp id="1312" class="1004" name="new_ldq_addr_1_gep_fu_1312">
<pin_list>
<pin id="1313" dir="0" index="0" bw="64" slack="2147483647"/>
<pin id="1314" dir="0" index="1" bw="1" slack="0"/>
<pin id="1315" dir="0" index="2" bw="32" slack="0"/>
<pin id="1316" dir="1" index="3" bw="3" slack="0"/>
</pin_list>
<bind>
<opcode="getelementptr(29) " fcode="getelementptr"/>
<opset="new_ldq_addr_1/14 "/>
</bind>
</comp>

<comp id="1318" class="1004" name="new_ldq_result_addr_1_gep_fu_1318">
<pin_list>
<pin id="1319" dir="0" index="0" bw="64" slack="2147483647"/>
<pin id="1320" dir="0" index="1" bw="1" slack="0"/>
<pin id="1321" dir="0" index="2" bw="32" slack="0"/>
<pin id="1322" dir="1" index="3" bw="3" slack="0"/>
</pin_list>
<bind>
<opcode="getelementptr(29) " fcode="getelementptr"/>
<opset="new_ldq_result_addr_1/14 "/>
</bind>
</comp>

<comp id="1336" class="1004" name="new_stq_valid_addr_1_gep_fu_1336">
<pin_list>
<pin id="1337" dir="0" index="0" bw="1" slack="2147483647"/>
<pin id="1338" dir="0" index="1" bw="1" slack="0"/>
<pin id="1339" dir="0" index="2" bw="32" slack="0"/>
<pin id="1340" dir="1" index="3" bw="3" slack="0"/>
</pin_list>
<bind>
<opcode="getelementptr(29) " fcode="getelementptr"/>
<opset="new_stq_valid_addr_1/15 "/>
</bind>
</comp>

<comp id="1342" class="1004" name="new_stq_addr_3_gep_fu_1342">
<pin_list>
<pin id="1343" dir="0" index="0" bw="1" slack="2147483647"/>
<pin id="1344" dir="0" index="1" bw="1" slack="0"/>
<pin id="1345" dir="0" index="2" bw="32" slack="0"/>
<pin id="1346" dir="1" index="3" bw="3" slack="0"/>
</pin_list>
<bind>
<opcode="getelementptr(29) " fcode="getelementptr"/>
<opset="new_stq_addr_3/15 "/>
</bind>
</comp>

<comp id="1348" class="1004" name="new_stq_data_valid_addr_1_gep_fu_1348">
<pin_list>
<pin id="1349" dir="0" index="0" bw="1" slack="2147483647"/>
<pin id="1350" dir="0" index="1" bw="1" slack="0"/>
<pin id="1351" dir="0" index="2" bw="32" slack="0"/>
<pin id="1352" dir="1" index="3" bw="3" slack="0"/>
</pin_list>
<bind>
<opcode="getelementptr(29) " fcode="getelementptr"/>
<opset="new_stq_data_valid_addr_1/15 "/>
</bind>
</comp>

<comp id="1354" class="1004" name="new_stq_committed_addr_1_gep_fu_1354">
<pin_list>
<pin id="1355" dir="0" index="0" bw="1" slack="2147483647"/>
<pin id="1356" dir="0" index="1" bw="1" slack="0"/>
<pin id="1357" dir="0" index="2" bw="32" slack="0"/>
<pin id="1358" dir="1" index="3" bw="3" slack="0"/>
</pin_list>
<bind>
<opcode="getelementptr(29) " fcode="getelementptr"/>
<opset="new_stq_committed_addr_1/15 "/>
</bind>
</comp>

<comp id="1360" class="1004" name="new_stq_issued_to_memory_addr_1_gep_fu_1360">
<pin_list>
<pin id="1361" dir="0" index="0" bw="1" slack="2147483647"/>
<pin id="1362" dir="0" index="1" bw="1" slack="0"/>
<pin id="1363" dir="0" index="2" bw="32" slack="0"/>
<pin id="1364" dir="1" index="3" bw="3" slack="0"/>
</pin_list>
<bind>
<opcode="getelementptr(29) " fcode="getelementptr"/>
<opset="new_stq_issued_to_memory_addr_1/15 "/>
</bind>
</comp>

<comp id="1366" class="1004" name="new_stq_completed_addr_1_gep_fu_1366">
<pin_list>
<pin id="1367" dir="0" index="0" bw="1" slack="2147483647"/>
<pin id="1368" dir="0" index="1" bw="1" slack="0"/>
<pin id="1369" dir="0" index="2" bw="32" slack="0"/>
<pin id="1370" dir="1" index="3" bw="3" slack="0"/>
</pin_list>
<bind>
<opcode="getelementptr(29) " fcode="getelementptr"/>
<opset="new_stq_completed_addr_1/15 "/>
</bind>
</comp>

<comp id="1372" class="1004" name="new_stq_killed_addr_1_gep_fu_1372">
<pin_list>
<pin id="1373" dir="0" index="0" bw="1" slack="2147483647"/>
<pin id="1374" dir="0" index="1" bw="1" slack="0"/>
<pin id="1375" dir="0" index="2" bw="32" slack="0"/>
<pin id="1376" dir="1" index="3" bw="3" slack="0"/>
</pin_list>
<bind>
<opcode="getelementptr(29) " fcode="getelementptr"/>
<opset="new_stq_killed_addr_1/15 "/>
</bind>
</comp>

<comp id="1378" class="1004" name="new_stq_rob_idx_addr_1_gep_fu_1378">
<pin_list>
<pin id="1379" dir="0" index="0" bw="8" slack="2147483647"/>
<pin id="1380" dir="0" index="1" bw="1" slack="0"/>
<pin id="1381" dir="0" index="2" bw="32" slack="0"/>
<pin id="1382" dir="1" index="3" bw="3" slack="0"/>
</pin_list>
<bind>
<opcode="getelementptr(29) " fcode="getelementptr"/>
<opset="new_stq_rob_idx_addr_1/15 "/>
</bind>
</comp>

<comp id="1384" class="1004" name="new_stq_mask_addr_1_gep_fu_1384">
<pin_list>
<pin id="1385" dir="0" index="0" bw="8" slack="2147483647"/>
<pin id="1386" dir="0" index="1" bw="1" slack="0"/>
<pin id="1387" dir="0" index="2" bw="32" slack="0"/>
<pin id="1388" dir="1" index="3" bw="3" slack="0"/>
</pin_list>
<bind>
<opcode="getelementptr(29) " fcode="getelementptr"/>
<opset="new_stq_mask_addr_1/15 "/>
</bind>
</comp>

<comp id="1390" class="1004" name="new_stq_size_addr_1_gep_fu_1390">
<pin_list>
<pin id="1391" dir="0" index="0" bw="8" slack="2147483647"/>
<pin id="1392" dir="0" index="1" bw="1" slack="0"/>
<pin id="1393" dir="0" index="2" bw="32" slack="0"/>
<pin id="1394" dir="1" index="3" bw="3" slack="0"/>
</pin_list>
<bind>
<opcode="getelementptr(29) " fcode="getelementptr"/>
<opset="new_stq_size_addr_1/15 "/>
</bind>
</comp>

<comp id="1396" class="1004" name="new_stq_branch_mask_addr_1_gep_fu_1396">
<pin_list>
<pin id="1397" dir="0" index="0" bw="8" slack="2147483647"/>
<pin id="1398" dir="0" index="1" bw="1" slack="0"/>
<pin id="1399" dir="0" index="2" bw="32" slack="0"/>
<pin id="1400" dir="1" index="3" bw="3" slack="0"/>
</pin_list>
<bind>
<opcode="getelementptr(29) " fcode="getelementptr"/>
<opset="new_stq_branch_mask_addr_1/15 "/>
</bind>
</comp>

<comp id="1402" class="1004" name="new_stq_rob_allocation_id_addr_1_gep_fu_1402">
<pin_list>
<pin id="1403" dir="0" index="0" bw="32" slack="2147483647"/>
<pin id="1404" dir="0" index="1" bw="1" slack="0"/>
<pin id="1405" dir="0" index="2" bw="32" slack="0"/>
<pin id="1406" dir="1" index="3" bw="3" slack="0"/>
</pin_list>
<bind>
<opcode="getelementptr(29) " fcode="getelementptr"/>
<opset="new_stq_rob_allocation_id_addr_1/15 "/>
</bind>
</comp>

<comp id="1408" class="1004" name="new_stq_addr_4_gep_fu_1408">
<pin_list>
<pin id="1409" dir="0" index="0" bw="64" slack="2147483647"/>
<pin id="1410" dir="0" index="1" bw="1" slack="0"/>
<pin id="1411" dir="0" index="2" bw="32" slack="0"/>
<pin id="1412" dir="1" index="3" bw="3" slack="0"/>
</pin_list>
<bind>
<opcode="getelementptr(29) " fcode="getelementptr"/>
<opset="new_stq_addr_4/15 "/>
</bind>
</comp>

<comp id="1414" class="1004" name="new_stq_data_addr_1_gep_fu_1414">
<pin_list>
<pin id="1415" dir="0" index="0" bw="64" slack="2147483647"/>
<pin id="1416" dir="0" index="1" bw="1" slack="0"/>
<pin id="1417" dir="0" index="2" bw="32" slack="0"/>
<pin id="1418" dir="1" index="3" bw="3" slack="0"/>
</pin_list>
<bind>
<opcode="getelementptr(29) " fcode="getelementptr"/>
<opset="new_stq_data_addr_1/15 "/>
</bind>
</comp>

<comp id="1434" class="1004" name="new_ldq_valid_addr_2_gep_fu_1434">
<pin_list>
<pin id="1435" dir="0" index="0" bw="1" slack="2147483647"/>
<pin id="1436" dir="0" index="1" bw="1" slack="0"/>
<pin id="1437" dir="0" index="2" bw="4" slack="0"/>
<pin id="1438" dir="1" index="3" bw="3" slack="0"/>
</pin_list>
<bind>
<opcode="getelementptr(29) " fcode="getelementptr"/>
<opset="new_ldq_valid_addr_2/16 "/>
</bind>
</comp>

<comp id="1440" class="1004" name="new_ldq_signed_load_addr_2_gep_fu_1440">
<pin_list>
<pin id="1441" dir="0" index="0" bw="1" slack="2147483647"/>
<pin id="1442" dir="0" index="1" bw="1" slack="0"/>
<pin id="1443" dir="0" index="2" bw="4" slack="0"/>
<pin id="1444" dir="1" index="3" bw="3" slack="0"/>
</pin_list>
<bind>
<opcode="getelementptr(29) " fcode="getelementptr"/>
<opset="new_ldq_signed_load_addr_2/16 "/>
</bind>
</comp>

<comp id="1446" class="1004" name="new_ldq_response_pending_addr_2_gep_fu_1446">
<pin_list>
<pin id="1447" dir="0" index="0" bw="1" slack="2147483647"/>
<pin id="1448" dir="0" index="1" bw="1" slack="0"/>
<pin id="1449" dir="0" index="2" bw="4" slack="0"/>
<pin id="1450" dir="1" index="3" bw="3" slack="0"/>
</pin_list>
<bind>
<opcode="getelementptr(29) " fcode="getelementptr"/>
<opset="new_ldq_response_pending_addr_2/16 "/>
</bind>
</comp>

<comp id="1452" class="1004" name="new_ldq_completed_addr_2_gep_fu_1452">
<pin_list>
<pin id="1453" dir="0" index="0" bw="1" slack="2147483647"/>
<pin id="1454" dir="0" index="1" bw="1" slack="0"/>
<pin id="1455" dir="0" index="2" bw="4" slack="0"/>
<pin id="1456" dir="1" index="3" bw="3" slack="0"/>
</pin_list>
<bind>
<opcode="getelementptr(29) " fcode="getelementptr"/>
<opset="new_ldq_completed_addr_2/16 "/>
</bind>
</comp>

<comp id="1458" class="1004" name="new_ldq_killed_addr_2_gep_fu_1458">
<pin_list>
<pin id="1459" dir="0" index="0" bw="1" slack="2147483647"/>
<pin id="1460" dir="0" index="1" bw="1" slack="0"/>
<pin id="1461" dir="0" index="2" bw="4" slack="0"/>
<pin id="1462" dir="1" index="3" bw="3" slack="0"/>
</pin_list>
<bind>
<opcode="getelementptr(29) " fcode="getelementptr"/>
<opset="new_ldq_killed_addr_2/16 "/>
</bind>
</comp>

<comp id="1464" class="1004" name="new_ldq_rob_idx_addr_2_gep_fu_1464">
<pin_list>
<pin id="1465" dir="0" index="0" bw="8" slack="2147483647"/>
<pin id="1466" dir="0" index="1" bw="1" slack="0"/>
<pin id="1467" dir="0" index="2" bw="4" slack="0"/>
<pin id="1468" dir="1" index="3" bw="3" slack="0"/>
</pin_list>
<bind>
<opcode="getelementptr(29) " fcode="getelementptr"/>
<opset="new_ldq_rob_idx_addr_2/16 "/>
</bind>
</comp>

<comp id="1470" class="1004" name="new_ldq_size_addr_2_gep_fu_1470">
<pin_list>
<pin id="1471" dir="0" index="0" bw="8" slack="2147483647"/>
<pin id="1472" dir="0" index="1" bw="1" slack="0"/>
<pin id="1473" dir="0" index="2" bw="4" slack="0"/>
<pin id="1474" dir="1" index="3" bw="3" slack="0"/>
</pin_list>
<bind>
<opcode="getelementptr(29) " fcode="getelementptr"/>
<opset="new_ldq_size_addr_2/16 "/>
</bind>
</comp>

<comp id="1476" class="1004" name="new_ldq_branch_mask_addr_2_gep_fu_1476">
<pin_list>
<pin id="1477" dir="0" index="0" bw="8" slack="2147483647"/>
<pin id="1478" dir="0" index="1" bw="1" slack="0"/>
<pin id="1479" dir="0" index="2" bw="4" slack="0"/>
<pin id="1480" dir="1" index="3" bw="3" slack="0"/>
</pin_list>
<bind>
<opcode="getelementptr(29) " fcode="getelementptr"/>
<opset="new_ldq_branch_mask_addr_2/16 "/>
</bind>
</comp>

<comp id="1482" class="1004" name="new_ldq_transaction_id_addr_2_gep_fu_1482">
<pin_list>
<pin id="1483" dir="0" index="0" bw="32" slack="2147483647"/>
<pin id="1484" dir="0" index="1" bw="1" slack="0"/>
<pin id="1485" dir="0" index="2" bw="4" slack="0"/>
<pin id="1486" dir="1" index="3" bw="3" slack="0"/>
</pin_list>
<bind>
<opcode="getelementptr(29) " fcode="getelementptr"/>
<opset="new_ldq_transaction_id_addr_2/16 "/>
</bind>
</comp>

<comp id="1488" class="1004" name="new_ldq_rob_allocation_id_addr_2_gep_fu_1488">
<pin_list>
<pin id="1489" dir="0" index="0" bw="32" slack="2147483647"/>
<pin id="1490" dir="0" index="1" bw="1" slack="0"/>
<pin id="1491" dir="0" index="2" bw="4" slack="0"/>
<pin id="1492" dir="1" index="3" bw="3" slack="0"/>
</pin_list>
<bind>
<opcode="getelementptr(29) " fcode="getelementptr"/>
<opset="new_ldq_rob_allocation_id_addr_2/16 "/>
</bind>
</comp>

<comp id="1494" class="1004" name="new_ldq_addr_2_gep_fu_1494">
<pin_list>
<pin id="1495" dir="0" index="0" bw="64" slack="2147483647"/>
<pin id="1496" dir="0" index="1" bw="1" slack="0"/>
<pin id="1497" dir="0" index="2" bw="4" slack="0"/>
<pin id="1498" dir="1" index="3" bw="3" slack="0"/>
</pin_list>
<bind>
<opcode="getelementptr(29) " fcode="getelementptr"/>
<opset="new_ldq_addr_2/16 "/>
</bind>
</comp>

<comp id="1500" class="1004" name="new_ldq_result_addr_2_gep_fu_1500">
<pin_list>
<pin id="1501" dir="0" index="0" bw="64" slack="2147483647"/>
<pin id="1502" dir="0" index="1" bw="1" slack="0"/>
<pin id="1503" dir="0" index="2" bw="4" slack="0"/>
<pin id="1504" dir="1" index="3" bw="3" slack="0"/>
</pin_list>
<bind>
<opcode="getelementptr(29) " fcode="getelementptr"/>
<opset="new_ldq_result_addr_2/16 "/>
</bind>
</comp>

<comp id="1518" class="1004" name="state_lsu_ldq_valid_addr_2_gep_fu_1518">
<pin_list>
<pin id="1519" dir="0" index="0" bw="1" slack="0"/>
<pin id="1520" dir="0" index="1" bw="1" slack="0"/>
<pin id="1521" dir="0" index="2" bw="4" slack="1"/>
<pin id="1522" dir="1" index="3" bw="3" slack="0"/>
</pin_list>
<bind>
<opcode="getelementptr(29) " fcode="getelementptr"/>
<opset="state_lsu_ldq_valid_addr_2/17 "/>
</bind>
</comp>

<comp id="1527" class="1004" name="state_lsu_ldq_signed_load_addr_3_gep_fu_1527">
<pin_list>
<pin id="1528" dir="0" index="0" bw="1" slack="0"/>
<pin id="1529" dir="0" index="1" bw="1" slack="0"/>
<pin id="1530" dir="0" index="2" bw="4" slack="1"/>
<pin id="1531" dir="1" index="3" bw="3" slack="0"/>
</pin_list>
<bind>
<opcode="getelementptr(29) " fcode="getelementptr"/>
<opset="state_lsu_ldq_signed_load_addr_3/17 "/>
</bind>
</comp>

<comp id="1536" class="1004" name="state_lsu_ldq_response_pending_addr_3_gep_fu_1536">
<pin_list>
<pin id="1537" dir="0" index="0" bw="1" slack="0"/>
<pin id="1538" dir="0" index="1" bw="1" slack="0"/>
<pin id="1539" dir="0" index="2" bw="4" slack="1"/>
<pin id="1540" dir="1" index="3" bw="3" slack="0"/>
</pin_list>
<bind>
<opcode="getelementptr(29) " fcode="getelementptr"/>
<opset="state_lsu_ldq_response_pending_addr_3/17 "/>
</bind>
</comp>

<comp id="1545" class="1004" name="state_lsu_ldq_completed_addr_3_gep_fu_1545">
<pin_list>
<pin id="1546" dir="0" index="0" bw="1" slack="0"/>
<pin id="1547" dir="0" index="1" bw="1" slack="0"/>
<pin id="1548" dir="0" index="2" bw="4" slack="1"/>
<pin id="1549" dir="1" index="3" bw="3" slack="0"/>
</pin_list>
<bind>
<opcode="getelementptr(29) " fcode="getelementptr"/>
<opset="state_lsu_ldq_completed_addr_3/17 "/>
</bind>
</comp>

<comp id="1554" class="1004" name="state_lsu_ldq_killed_addr_3_gep_fu_1554">
<pin_list>
<pin id="1555" dir="0" index="0" bw="1" slack="0"/>
<pin id="1556" dir="0" index="1" bw="1" slack="0"/>
<pin id="1557" dir="0" index="2" bw="4" slack="1"/>
<pin id="1558" dir="1" index="3" bw="3" slack="0"/>
</pin_list>
<bind>
<opcode="getelementptr(29) " fcode="getelementptr"/>
<opset="state_lsu_ldq_killed_addr_3/17 "/>
</bind>
</comp>

<comp id="1563" class="1004" name="state_lsu_ldq_rob_idx_addr_2_gep_fu_1563">
<pin_list>
<pin id="1564" dir="0" index="0" bw="8" slack="0"/>
<pin id="1565" dir="0" index="1" bw="1" slack="0"/>
<pin id="1566" dir="0" index="2" bw="4" slack="1"/>
<pin id="1567" dir="1" index="3" bw="3" slack="0"/>
</pin_list>
<bind>
<opcode="getelementptr(29) " fcode="getelementptr"/>
<opset="state_lsu_ldq_rob_idx_addr_2/17 "/>
</bind>
</comp>

<comp id="1572" class="1004" name="state_lsu_ldq_size_addr_3_gep_fu_1572">
<pin_list>
<pin id="1573" dir="0" index="0" bw="8" slack="0"/>
<pin id="1574" dir="0" index="1" bw="1" slack="0"/>
<pin id="1575" dir="0" index="2" bw="4" slack="1"/>
<pin id="1576" dir="1" index="3" bw="3" slack="0"/>
</pin_list>
<bind>
<opcode="getelementptr(29) " fcode="getelementptr"/>
<opset="state_lsu_ldq_size_addr_3/17 "/>
</bind>
</comp>

<comp id="1581" class="1004" name="state_lsu_ldq_branch_mask_addr_2_gep_fu_1581">
<pin_list>
<pin id="1582" dir="0" index="0" bw="8" slack="0"/>
<pin id="1583" dir="0" index="1" bw="1" slack="0"/>
<pin id="1584" dir="0" index="2" bw="4" slack="1"/>
<pin id="1585" dir="1" index="3" bw="3" slack="0"/>
</pin_list>
<bind>
<opcode="getelementptr(29) " fcode="getelementptr"/>
<opset="state_lsu_ldq_branch_mask_addr_2/17 "/>
</bind>
</comp>

<comp id="1590" class="1004" name="state_lsu_ldq_transaction_id_addr_3_gep_fu_1590">
<pin_list>
<pin id="1591" dir="0" index="0" bw="32" slack="0"/>
<pin id="1592" dir="0" index="1" bw="1" slack="0"/>
<pin id="1593" dir="0" index="2" bw="4" slack="1"/>
<pin id="1594" dir="1" index="3" bw="3" slack="0"/>
</pin_list>
<bind>
<opcode="getelementptr(29) " fcode="getelementptr"/>
<opset="state_lsu_ldq_transaction_id_addr_3/17 "/>
</bind>
</comp>

<comp id="1599" class="1004" name="state_lsu_ldq_rob_allocation_id_addr_4_gep_fu_1599">
<pin_list>
<pin id="1600" dir="0" index="0" bw="32" slack="0"/>
<pin id="1601" dir="0" index="1" bw="1" slack="0"/>
<pin id="1602" dir="0" index="2" bw="4" slack="1"/>
<pin id="1603" dir="1" index="3" bw="3" slack="0"/>
</pin_list>
<bind>
<opcode="getelementptr(29) " fcode="getelementptr"/>
<opset="state_lsu_ldq_rob_allocation_id_addr_4/17 "/>
</bind>
</comp>

<comp id="1608" class="1004" name="state_lsu_ldq_addr_3_gep_fu_1608">
<pin_list>
<pin id="1609" dir="0" index="0" bw="64" slack="0"/>
<pin id="1610" dir="0" index="1" bw="1" slack="0"/>
<pin id="1611" dir="0" index="2" bw="4" slack="1"/>
<pin id="1612" dir="1" index="3" bw="3" slack="0"/>
</pin_list>
<bind>
<opcode="getelementptr(29) " fcode="getelementptr"/>
<opset="state_lsu_ldq_addr_3/17 "/>
</bind>
</comp>

<comp id="1617" class="1004" name="state_lsu_ldq_result_addr_3_gep_fu_1617">
<pin_list>
<pin id="1618" dir="0" index="0" bw="64" slack="0"/>
<pin id="1619" dir="0" index="1" bw="1" slack="0"/>
<pin id="1620" dir="0" index="2" bw="4" slack="1"/>
<pin id="1621" dir="1" index="3" bw="3" slack="0"/>
</pin_list>
<bind>
<opcode="getelementptr(29) " fcode="getelementptr"/>
<opset="state_lsu_ldq_result_addr_3/17 "/>
</bind>
</comp>

<comp id="1626" class="1004" name="new_stq_valid_addr_2_gep_fu_1626">
<pin_list>
<pin id="1627" dir="0" index="0" bw="1" slack="2147483647"/>
<pin id="1628" dir="0" index="1" bw="1" slack="0"/>
<pin id="1629" dir="0" index="2" bw="4" slack="0"/>
<pin id="1630" dir="1" index="3" bw="3" slack="0"/>
</pin_list>
<bind>
<opcode="getelementptr(29) " fcode="getelementptr"/>
<opset="new_stq_valid_addr_2/18 "/>
</bind>
</comp>

<comp id="1632" class="1004" name="new_stq_addr_5_gep_fu_1632">
<pin_list>
<pin id="1633" dir="0" index="0" bw="1" slack="2147483647"/>
<pin id="1634" dir="0" index="1" bw="1" slack="0"/>
<pin id="1635" dir="0" index="2" bw="4" slack="0"/>
<pin id="1636" dir="1" index="3" bw="3" slack="0"/>
</pin_list>
<bind>
<opcode="getelementptr(29) " fcode="getelementptr"/>
<opset="new_stq_addr_5/18 "/>
</bind>
</comp>

<comp id="1638" class="1004" name="new_stq_data_valid_addr_2_gep_fu_1638">
<pin_list>
<pin id="1639" dir="0" index="0" bw="1" slack="2147483647"/>
<pin id="1640" dir="0" index="1" bw="1" slack="0"/>
<pin id="1641" dir="0" index="2" bw="4" slack="0"/>
<pin id="1642" dir="1" index="3" bw="3" slack="0"/>
</pin_list>
<bind>
<opcode="getelementptr(29) " fcode="getelementptr"/>
<opset="new_stq_data_valid_addr_2/18 "/>
</bind>
</comp>

<comp id="1644" class="1004" name="new_stq_committed_addr_2_gep_fu_1644">
<pin_list>
<pin id="1645" dir="0" index="0" bw="1" slack="2147483647"/>
<pin id="1646" dir="0" index="1" bw="1" slack="0"/>
<pin id="1647" dir="0" index="2" bw="4" slack="0"/>
<pin id="1648" dir="1" index="3" bw="3" slack="0"/>
</pin_list>
<bind>
<opcode="getelementptr(29) " fcode="getelementptr"/>
<opset="new_stq_committed_addr_2/18 "/>
</bind>
</comp>

<comp id="1650" class="1004" name="new_stq_issued_to_memory_addr_2_gep_fu_1650">
<pin_list>
<pin id="1651" dir="0" index="0" bw="1" slack="2147483647"/>
<pin id="1652" dir="0" index="1" bw="1" slack="0"/>
<pin id="1653" dir="0" index="2" bw="4" slack="0"/>
<pin id="1654" dir="1" index="3" bw="3" slack="0"/>
</pin_list>
<bind>
<opcode="getelementptr(29) " fcode="getelementptr"/>
<opset="new_stq_issued_to_memory_addr_2/18 "/>
</bind>
</comp>

<comp id="1656" class="1004" name="new_stq_completed_addr_2_gep_fu_1656">
<pin_list>
<pin id="1657" dir="0" index="0" bw="1" slack="2147483647"/>
<pin id="1658" dir="0" index="1" bw="1" slack="0"/>
<pin id="1659" dir="0" index="2" bw="4" slack="0"/>
<pin id="1660" dir="1" index="3" bw="3" slack="0"/>
</pin_list>
<bind>
<opcode="getelementptr(29) " fcode="getelementptr"/>
<opset="new_stq_completed_addr_2/18 "/>
</bind>
</comp>

<comp id="1662" class="1004" name="new_stq_killed_addr_2_gep_fu_1662">
<pin_list>
<pin id="1663" dir="0" index="0" bw="1" slack="2147483647"/>
<pin id="1664" dir="0" index="1" bw="1" slack="0"/>
<pin id="1665" dir="0" index="2" bw="4" slack="0"/>
<pin id="1666" dir="1" index="3" bw="3" slack="0"/>
</pin_list>
<bind>
<opcode="getelementptr(29) " fcode="getelementptr"/>
<opset="new_stq_killed_addr_2/18 "/>
</bind>
</comp>

<comp id="1668" class="1004" name="new_stq_rob_idx_addr_2_gep_fu_1668">
<pin_list>
<pin id="1669" dir="0" index="0" bw="8" slack="2147483647"/>
<pin id="1670" dir="0" index="1" bw="1" slack="0"/>
<pin id="1671" dir="0" index="2" bw="4" slack="0"/>
<pin id="1672" dir="1" index="3" bw="3" slack="0"/>
</pin_list>
<bind>
<opcode="getelementptr(29) " fcode="getelementptr"/>
<opset="new_stq_rob_idx_addr_2/18 "/>
</bind>
</comp>

<comp id="1674" class="1004" name="new_stq_mask_addr_2_gep_fu_1674">
<pin_list>
<pin id="1675" dir="0" index="0" bw="8" slack="2147483647"/>
<pin id="1676" dir="0" index="1" bw="1" slack="0"/>
<pin id="1677" dir="0" index="2" bw="4" slack="0"/>
<pin id="1678" dir="1" index="3" bw="3" slack="0"/>
</pin_list>
<bind>
<opcode="getelementptr(29) " fcode="getelementptr"/>
<opset="new_stq_mask_addr_2/18 "/>
</bind>
</comp>

<comp id="1680" class="1004" name="new_stq_size_addr_2_gep_fu_1680">
<pin_list>
<pin id="1681" dir="0" index="0" bw="8" slack="2147483647"/>
<pin id="1682" dir="0" index="1" bw="1" slack="0"/>
<pin id="1683" dir="0" index="2" bw="4" slack="0"/>
<pin id="1684" dir="1" index="3" bw="3" slack="0"/>
</pin_list>
<bind>
<opcode="getelementptr(29) " fcode="getelementptr"/>
<opset="new_stq_size_addr_2/18 "/>
</bind>
</comp>

<comp id="1686" class="1004" name="new_stq_branch_mask_addr_2_gep_fu_1686">
<pin_list>
<pin id="1687" dir="0" index="0" bw="8" slack="2147483647"/>
<pin id="1688" dir="0" index="1" bw="1" slack="0"/>
<pin id="1689" dir="0" index="2" bw="4" slack="0"/>
<pin id="1690" dir="1" index="3" bw="3" slack="0"/>
</pin_list>
<bind>
<opcode="getelementptr(29) " fcode="getelementptr"/>
<opset="new_stq_branch_mask_addr_2/18 "/>
</bind>
</comp>

<comp id="1692" class="1004" name="new_stq_rob_allocation_id_addr_2_gep_fu_1692">
<pin_list>
<pin id="1693" dir="0" index="0" bw="32" slack="2147483647"/>
<pin id="1694" dir="0" index="1" bw="1" slack="0"/>
<pin id="1695" dir="0" index="2" bw="4" slack="0"/>
<pin id="1696" dir="1" index="3" bw="3" slack="0"/>
</pin_list>
<bind>
<opcode="getelementptr(29) " fcode="getelementptr"/>
<opset="new_stq_rob_allocation_id_addr_2/18 "/>
</bind>
</comp>

<comp id="1698" class="1004" name="new_stq_addr_6_gep_fu_1698">
<pin_list>
<pin id="1699" dir="0" index="0" bw="64" slack="2147483647"/>
<pin id="1700" dir="0" index="1" bw="1" slack="0"/>
<pin id="1701" dir="0" index="2" bw="4" slack="0"/>
<pin id="1702" dir="1" index="3" bw="3" slack="0"/>
</pin_list>
<bind>
<opcode="getelementptr(29) " fcode="getelementptr"/>
<opset="new_stq_addr_6/18 "/>
</bind>
</comp>

<comp id="1704" class="1004" name="new_stq_data_addr_2_gep_fu_1704">
<pin_list>
<pin id="1705" dir="0" index="0" bw="64" slack="2147483647"/>
<pin id="1706" dir="0" index="1" bw="1" slack="0"/>
<pin id="1707" dir="0" index="2" bw="4" slack="0"/>
<pin id="1708" dir="1" index="3" bw="3" slack="0"/>
</pin_list>
<bind>
<opcode="getelementptr(29) " fcode="getelementptr"/>
<opset="new_stq_data_addr_2/18 "/>
</bind>
</comp>

<comp id="1724" class="1004" name="state_lsu_stq_valid_addr_2_gep_fu_1724">
<pin_list>
<pin id="1725" dir="0" index="0" bw="1" slack="0"/>
<pin id="1726" dir="0" index="1" bw="1" slack="0"/>
<pin id="1727" dir="0" index="2" bw="4" slack="1"/>
<pin id="1728" dir="1" index="3" bw="3" slack="0"/>
</pin_list>
<bind>
<opcode="getelementptr(29) " fcode="getelementptr"/>
<opset="state_lsu_stq_valid_addr_2/19 "/>
</bind>
</comp>

<comp id="1733" class="1004" name="state_lsu_stq_addr_6_gep_fu_1733">
<pin_list>
<pin id="1734" dir="0" index="0" bw="1" slack="0"/>
<pin id="1735" dir="0" index="1" bw="1" slack="0"/>
<pin id="1736" dir="0" index="2" bw="4" slack="1"/>
<pin id="1737" dir="1" index="3" bw="3" slack="0"/>
</pin_list>
<bind>
<opcode="getelementptr(29) " fcode="getelementptr"/>
<opset="state_lsu_stq_addr_6/19 "/>
</bind>
</comp>

<comp id="1742" class="1004" name="state_lsu_stq_data_valid_addr_2_gep_fu_1742">
<pin_list>
<pin id="1743" dir="0" index="0" bw="1" slack="0"/>
<pin id="1744" dir="0" index="1" bw="1" slack="0"/>
<pin id="1745" dir="0" index="2" bw="4" slack="1"/>
<pin id="1746" dir="1" index="3" bw="3" slack="0"/>
</pin_list>
<bind>
<opcode="getelementptr(29) " fcode="getelementptr"/>
<opset="state_lsu_stq_data_valid_addr_2/19 "/>
</bind>
</comp>

<comp id="1751" class="1004" name="state_lsu_stq_committed_addr_2_gep_fu_1751">
<pin_list>
<pin id="1752" dir="0" index="0" bw="1" slack="0"/>
<pin id="1753" dir="0" index="1" bw="1" slack="0"/>
<pin id="1754" dir="0" index="2" bw="4" slack="1"/>
<pin id="1755" dir="1" index="3" bw="3" slack="0"/>
</pin_list>
<bind>
<opcode="getelementptr(29) " fcode="getelementptr"/>
<opset="state_lsu_stq_committed_addr_2/19 "/>
</bind>
</comp>

<comp id="1760" class="1004" name="state_lsu_stq_issued_to_memory_addr_2_gep_fu_1760">
<pin_list>
<pin id="1761" dir="0" index="0" bw="1" slack="0"/>
<pin id="1762" dir="0" index="1" bw="1" slack="0"/>
<pin id="1763" dir="0" index="2" bw="4" slack="1"/>
<pin id="1764" dir="1" index="3" bw="3" slack="0"/>
</pin_list>
<bind>
<opcode="getelementptr(29) " fcode="getelementptr"/>
<opset="state_lsu_stq_issued_to_memory_addr_2/19 "/>
</bind>
</comp>

<comp id="1769" class="1004" name="state_lsu_stq_completed_addr_2_gep_fu_1769">
<pin_list>
<pin id="1770" dir="0" index="0" bw="1" slack="0"/>
<pin id="1771" dir="0" index="1" bw="1" slack="0"/>
<pin id="1772" dir="0" index="2" bw="4" slack="1"/>
<pin id="1773" dir="1" index="3" bw="3" slack="0"/>
</pin_list>
<bind>
<opcode="getelementptr(29) " fcode="getelementptr"/>
<opset="state_lsu_stq_completed_addr_2/19 "/>
</bind>
</comp>

<comp id="1778" class="1004" name="state_lsu_stq_killed_addr_2_gep_fu_1778">
<pin_list>
<pin id="1779" dir="0" index="0" bw="1" slack="0"/>
<pin id="1780" dir="0" index="1" bw="1" slack="0"/>
<pin id="1781" dir="0" index="2" bw="4" slack="1"/>
<pin id="1782" dir="1" index="3" bw="3" slack="0"/>
</pin_list>
<bind>
<opcode="getelementptr(29) " fcode="getelementptr"/>
<opset="state_lsu_stq_killed_addr_2/19 "/>
</bind>
</comp>

<comp id="1787" class="1004" name="state_lsu_stq_rob_idx_addr_2_gep_fu_1787">
<pin_list>
<pin id="1788" dir="0" index="0" bw="8" slack="0"/>
<pin id="1789" dir="0" index="1" bw="1" slack="0"/>
<pin id="1790" dir="0" index="2" bw="4" slack="1"/>
<pin id="1791" dir="1" index="3" bw="3" slack="0"/>
</pin_list>
<bind>
<opcode="getelementptr(29) " fcode="getelementptr"/>
<opset="state_lsu_stq_rob_idx_addr_2/19 "/>
</bind>
</comp>

<comp id="1796" class="1004" name="state_lsu_stq_mask_addr_2_gep_fu_1796">
<pin_list>
<pin id="1797" dir="0" index="0" bw="8" slack="0"/>
<pin id="1798" dir="0" index="1" bw="1" slack="0"/>
<pin id="1799" dir="0" index="2" bw="4" slack="1"/>
<pin id="1800" dir="1" index="3" bw="3" slack="0"/>
</pin_list>
<bind>
<opcode="getelementptr(29) " fcode="getelementptr"/>
<opset="state_lsu_stq_mask_addr_2/19 "/>
</bind>
</comp>

<comp id="1805" class="1004" name="state_lsu_stq_size_addr_2_gep_fu_1805">
<pin_list>
<pin id="1806" dir="0" index="0" bw="8" slack="0"/>
<pin id="1807" dir="0" index="1" bw="1" slack="0"/>
<pin id="1808" dir="0" index="2" bw="4" slack="1"/>
<pin id="1809" dir="1" index="3" bw="3" slack="0"/>
</pin_list>
<bind>
<opcode="getelementptr(29) " fcode="getelementptr"/>
<opset="state_lsu_stq_size_addr_2/19 "/>
</bind>
</comp>

<comp id="1814" class="1004" name="state_lsu_stq_branch_mask_addr_2_gep_fu_1814">
<pin_list>
<pin id="1815" dir="0" index="0" bw="8" slack="0"/>
<pin id="1816" dir="0" index="1" bw="1" slack="0"/>
<pin id="1817" dir="0" index="2" bw="4" slack="1"/>
<pin id="1818" dir="1" index="3" bw="3" slack="0"/>
</pin_list>
<bind>
<opcode="getelementptr(29) " fcode="getelementptr"/>
<opset="state_lsu_stq_branch_mask_addr_2/19 "/>
</bind>
</comp>

<comp id="1823" class="1004" name="state_lsu_stq_rob_allocation_id_addr_2_gep_fu_1823">
<pin_list>
<pin id="1824" dir="0" index="0" bw="32" slack="0"/>
<pin id="1825" dir="0" index="1" bw="1" slack="0"/>
<pin id="1826" dir="0" index="2" bw="4" slack="1"/>
<pin id="1827" dir="1" index="3" bw="3" slack="0"/>
</pin_list>
<bind>
<opcode="getelementptr(29) " fcode="getelementptr"/>
<opset="state_lsu_stq_rob_allocation_id_addr_2/19 "/>
</bind>
</comp>

<comp id="1832" class="1004" name="state_lsu_stq_addr_7_gep_fu_1832">
<pin_list>
<pin id="1833" dir="0" index="0" bw="64" slack="0"/>
<pin id="1834" dir="0" index="1" bw="1" slack="0"/>
<pin id="1835" dir="0" index="2" bw="4" slack="1"/>
<pin id="1836" dir="1" index="3" bw="3" slack="0"/>
</pin_list>
<bind>
<opcode="getelementptr(29) " fcode="getelementptr"/>
<opset="state_lsu_stq_addr_7/19 "/>
</bind>
</comp>

<comp id="1841" class="1004" name="state_lsu_stq_data_addr_2_gep_fu_1841">
<pin_list>
<pin id="1842" dir="0" index="0" bw="64" slack="0"/>
<pin id="1843" dir="0" index="1" bw="1" slack="0"/>
<pin id="1844" dir="0" index="2" bw="4" slack="1"/>
<pin id="1845" dir="1" index="3" bw="3" slack="0"/>
</pin_list>
<bind>
<opcode="getelementptr(29) " fcode="getelementptr"/>
<opset="state_lsu_stq_data_addr_2/19 "/>
</bind>
</comp>

<comp id="1850" class="1004" name="store_ln919_store_fu_1850">
<pin_list>
<pin id="1851" dir="0" index="0" bw="1" slack="0"/>
<pin id="1852" dir="0" index="1" bw="3" slack="0"/>
<pin id="1853" dir="1" index="2" bw="0" slack="2147483647"/>
</pin_list>
<bind>
<opcode="store(28) " fcode="store"/>
<opset="store_ln919/1 "/>
</bind>
</comp>

<comp id="1855" class="1004" name="indvar_load_load_fu_1855">
<pin_list>
<pin id="1856" dir="0" index="0" bw="3" slack="1"/>
<pin id="1857" dir="1" index="1" bw="3" slack="0"/>
</pin_list>
<bind>
<opcode="load(27) " fcode="load"/>
<opset="indvar_load/2 "/>
</bind>
</comp>

<comp id="1858" class="1004" name="add_ln919_fu_1858">
<pin_list>
<pin id="1859" dir="0" index="0" bw="3" slack="0"/>
<pin id="1860" dir="0" index="1" bw="1" slack="0"/>
<pin id="1861" dir="1" index="2" bw="3" slack="0"/>
</pin_list>
<bind>
<opcode="add(8) " fcode="add"/>
<opset="add_ln919/2 "/>
</bind>
</comp>

<comp id="1864" class="1004" name="zext_ln919_fu_1864">
<pin_list>
<pin id="1865" dir="0" index="0" bw="3" slack="0"/>
<pin id="1866" dir="1" index="1" bw="64" slack="0"/>
</pin_list>
<bind>
<opcode="zext(34) " fcode="zext"/>
<opset="zext_ln919/2 "/>
</bind>
</comp>

<comp id="1880" class="1004" name="icmp_ln919_fu_1880">
<pin_list>
<pin id="1881" dir="0" index="0" bw="3" slack="0"/>
<pin id="1882" dir="0" index="1" bw="1" slack="0"/>
<pin id="1883" dir="1" index="2" bw="1" slack="2147483647"/>
</pin_list>
<bind>
<opcode="icmp(45) " fcode="icmp"/>
<opset="icmp_ln919/2 "/>
</bind>
</comp>

<comp id="1886" class="1004" name="store_ln919_store_fu_1886">
<pin_list>
<pin id="1887" dir="0" index="0" bw="3" slack="0"/>
<pin id="1888" dir="0" index="1" bw="3" slack="1"/>
<pin id="1889" dir="1" index="2" bw="0" slack="2147483647"/>
</pin_list>
<bind>
<opcode="store(28) " fcode="store"/>
<opset="store_ln919/2 "/>
</bind>
</comp>

<comp id="1891" class="1004" name="store_ln920_store_fu_1891">
<pin_list>
<pin id="1892" dir="0" index="0" bw="1" slack="0"/>
<pin id="1893" dir="0" index="1" bw="3" slack="0"/>
<pin id="1894" dir="1" index="2" bw="0" slack="2147483647"/>
</pin_list>
<bind>
<opcode="store(28) " fcode="store"/>
<opset="store_ln920/2 "/>
</bind>
</comp>

<comp id="1896" class="1004" name="indvar4_load_load_fu_1896">
<pin_list>
<pin id="1897" dir="0" index="0" bw="3" slack="1"/>
<pin id="1898" dir="1" index="1" bw="3" slack="0"/>
</pin_list>
<bind>
<opcode="load(27) " fcode="load"/>
<opset="indvar4_load/3 "/>
</bind>
</comp>

<comp id="1899" class="1004" name="add_ln920_fu_1899">
<pin_list>
<pin id="1900" dir="0" index="0" bw="3" slack="0"/>
<pin id="1901" dir="0" index="1" bw="1" slack="0"/>
<pin id="1902" dir="1" index="2" bw="3" slack="0"/>
</pin_list>
<bind>
<opcode="add(8) " fcode="add"/>
<opset="add_ln920/3 "/>
</bind>
</comp>

<comp id="1905" class="1004" name="zext_ln920_fu_1905">
<pin_list>
<pin id="1906" dir="0" index="0" bw="3" slack="0"/>
<pin id="1907" dir="1" index="1" bw="64" slack="0"/>
</pin_list>
<bind>
<opcode="zext(34) " fcode="zext"/>
<opset="zext_ln920/3 "/>
</bind>
</comp>

<comp id="1923" class="1004" name="icmp_ln920_fu_1923">
<pin_list>
<pin id="1924" dir="0" index="0" bw="3" slack="0"/>
<pin id="1925" dir="0" index="1" bw="1" slack="0"/>
<pin id="1926" dir="1" index="2" bw="1" slack="2147483647"/>
</pin_list>
<bind>
<opcode="icmp(45) " fcode="icmp"/>
<opset="icmp_ln920/3 "/>
</bind>
</comp>

<comp id="1929" class="1004" name="store_ln920_store_fu_1929">
<pin_list>
<pin id="1930" dir="0" index="0" bw="3" slack="0"/>
<pin id="1931" dir="0" index="1" bw="3" slack="1"/>
<pin id="1932" dir="1" index="2" bw="0" slack="2147483647"/>
</pin_list>
<bind>
<opcode="store(28) " fcode="store"/>
<opset="store_ln920/3 "/>
</bind>
</comp>

<comp id="1934" class="1004" name="store_ln924_store_fu_1934">
<pin_list>
<pin id="1935" dir="0" index="0" bw="1" slack="0"/>
<pin id="1936" dir="0" index="1" bw="32" slack="0"/>
<pin id="1937" dir="1" index="2" bw="0" slack="2147483647"/>
</pin_list>
<bind>
<opcode="store(28) " fcode="store"/>
<opset="store_ln924/3 "/>
</bind>
</comp>

<comp id="1939" class="1004" name="store_ln924_store_fu_1939">
<pin_list>
<pin id="1940" dir="0" index="0" bw="1" slack="0"/>
<pin id="1941" dir="0" index="1" bw="4" slack="0"/>
<pin id="1942" dir="1" index="2" bw="0" slack="2147483647"/>
</pin_list>
<bind>
<opcode="store(28) " fcode="store"/>
<opset="store_ln924/3 "/>
</bind>
</comp>

<comp id="1944" class="1004" name="i_26_load_fu_1944">
<pin_list>
<pin id="1945" dir="0" index="0" bw="4" slack="1"/>
<pin id="1946" dir="1" index="1" bw="4" slack="0"/>
</pin_list>
<bind>
<opcode="load(27) " fcode="load"/>
<opset="i_26/4 "/>
</bind>
</comp>

<comp id="1947" class="1004" name="lw_2_load_fu_1947">
<pin_list>
<pin id="1948" dir="0" index="0" bw="32" slack="1"/>
<pin id="1949" dir="1" index="1" bw="32" slack="1"/>
</pin_list>
<bind>
<opcode="load(27) " fcode="load"/>
<opset="lw_2/4 "/>
</bind>
</comp>

<comp id="1950" class="1004" name="zext_ln924_fu_1950">
<pin_list>
<pin id="1951" dir="0" index="0" bw="4" slack="0"/>
<pin id="1952" dir="1" index="1" bw="64" slack="0"/>
</pin_list>
<bind>
<opcode="zext(34) " fcode="zext"/>
<opset="zext_ln924/4 "/>
</bind>
</comp>

<comp id="1955" class="1004" name="icmp_ln924_fu_1955">
<pin_list>
<pin id="1956" dir="0" index="0" bw="4" slack="0"/>
<pin id="1957" dir="0" index="1" bw="4" slack="0"/>
<pin id="1958" dir="1" index="2" bw="1" slack="2147483647"/>
</pin_list>
<bind>
<opcode="icmp(45) " fcode="icmp"/>
<opset="icmp_ln924/4 "/>
</bind>
</comp>

<comp id="1961" class="1004" name="add_ln924_fu_1961">
<pin_list>
<pin id="1962" dir="0" index="0" bw="4" slack="0"/>
<pin id="1963" dir="0" index="1" bw="1" slack="0"/>
<pin id="1964" dir="1" index="2" bw="4" slack="4"/>
</pin_list>
<bind>
<opcode="add(8) " fcode="add"/>
<opset="add_ln924/4 "/>
</bind>
</comp>

<comp id="1967" class="1004" name="store_ln939_store_fu_1967">
<pin_list>
<pin id="1968" dir="0" index="0" bw="1" slack="0"/>
<pin id="1969" dir="0" index="1" bw="32" slack="0"/>
<pin id="1970" dir="1" index="2" bw="0" slack="2147483647"/>
</pin_list>
<bind>
<opcode="store(28) " fcode="store"/>
<opset="store_ln939/4 "/>
</bind>
</comp>

<comp id="1972" class="1004" name="store_ln939_store_fu_1972">
<pin_list>
<pin id="1973" dir="0" index="0" bw="1" slack="0"/>
<pin id="1974" dir="0" index="1" bw="4" slack="0"/>
<pin id="1975" dir="1" index="2" bw="0" slack="2147483647"/>
</pin_list>
<bind>
<opcode="store(28) " fcode="store"/>
<opset="store_ln939/4 "/>
</bind>
</comp>

<comp id="1977" class="1004" name="and_ln926_fu_1977">
<pin_list>
<pin id="1978" dir="0" index="0" bw="8" slack="0"/>
<pin id="1979" dir="0" index="1" bw="8" slack="5"/>
<pin id="1980" dir="1" index="2" bw="8" slack="0"/>
</pin_list>
<bind>
<opcode="and(23) " fcode="and"/>
<opset="and_ln926/6 "/>
</bind>
</comp>

<comp id="1982" class="1004" name="icmp_ln926_fu_1982">
<pin_list>
<pin id="1983" dir="0" index="0" bw="8" slack="0"/>
<pin id="1984" dir="0" index="1" bw="1" slack="0"/>
<pin id="1985" dir="1" index="2" bw="1" slack="2"/>
</pin_list>
<bind>
<opcode="icmp(45) " fcode="icmp"/>
<opset="icmp_ln926/6 "/>
</bind>
</comp>

<comp id="1988" class="1004" name="state_lsu_load_load_fu_1988">
<pin_list>
<pin id="1989" dir="0" index="0" bw="1" slack="0"/>
<pin id="1990" dir="1" index="1" bw="1" slack="2"/>
</pin_list>
<bind>
<opcode="load(27) " fcode="load"/>
<opset="state_lsu_load/6 "/>
</bind>
</comp>

<comp id="1992" class="1004" name="lw_3_fu_1992">
<pin_list>
<pin id="1993" dir="0" index="0" bw="32" slack="2147483647"/>
<pin id="1994" dir="0" index="1" bw="1" slack="0"/>
<pin id="1995" dir="1" index="2" bw="32" slack="0"/>
</pin_list>
<bind>
<opcode="add(8) " fcode="add"/>
<opset="lw_3/6 "/>
</bind>
</comp>

<comp id="1997" class="1004" name="store_ln937_store_fu_1997">
<pin_list>
<pin id="1998" dir="0" index="0" bw="32" slack="0"/>
<pin id="1999" dir="0" index="1" bw="32" slack="3"/>
<pin id="2000" dir="1" index="2" bw="0" slack="2147483647"/>
</pin_list>
<bind>
<opcode="store(28) " fcode="store"/>
<opset="store_ln937/6 "/>
</bind>
</comp>

<comp id="2002" class="1004" name="state_lsu_pending_load_rob_idx_load_load_fu_2002">
<pin_list>
<pin id="2003" dir="0" index="0" bw="5" slack="0"/>
<pin id="2004" dir="1" index="1" bw="5" slack="0"/>
</pin_list>
<bind>
<opcode="load(27) " fcode="load"/>
<opset="state_lsu_pending_load_rob_idx_load/7 "/>
</bind>
</comp>

<comp id="2006" class="1004" name="zext_ln927_fu_2006">
<pin_list>
<pin id="2007" dir="0" index="0" bw="5" slack="0"/>
<pin id="2008" dir="1" index="1" bw="8" slack="0"/>
</pin_list>
<bind>
<opcode="zext(34) " fcode="zext"/>
<opset="zext_ln927/7 "/>
</bind>
</comp>

<comp id="2010" class="1004" name="icmp_ln927_fu_2010">
<pin_list>
<pin id="2011" dir="0" index="0" bw="5" slack="0"/>
<pin id="2012" dir="0" index="1" bw="8" slack="0"/>
<pin id="2013" dir="1" index="2" bw="1" slack="1"/>
</pin_list>
<bind>
<opcode="icmp(45) " fcode="icmp"/>
<opset="icmp_ln927/7 "/>
</bind>
</comp>

<comp id="2016" class="1004" name="state_lsu_pending_load_allocation_id_load_load_fu_2016">
<pin_list>
<pin id="2017" dir="0" index="0" bw="32" slack="0"/>
<pin id="2018" dir="1" index="1" bw="32" slack="0"/>
</pin_list>
<bind>
<opcode="load(27) " fcode="load"/>
<opset="state_lsu_pending_load_allocation_id_load/8 "/>
</bind>
</comp>

<comp id="2020" class="1004" name="icmp_ln928_fu_2020">
<pin_list>
<pin id="2021" dir="0" index="0" bw="32" slack="0"/>
<pin id="2022" dir="0" index="1" bw="32" slack="0"/>
<pin id="2023" dir="1" index="2" bw="1" slack="2147483647"/>
</pin_list>
<bind>
<opcode="icmp(45) " fcode="icmp"/>
<opset="icmp_ln928/8 "/>
</bind>
</comp>

<comp id="2026" class="1004" name="store_ln929_store_fu_2026">
<pin_list>
<pin id="2027" dir="0" index="0" bw="1" slack="0"/>
<pin id="2028" dir="0" index="1" bw="1" slack="0"/>
<pin id="2029" dir="1" index="2" bw="0" slack="2147483647"/>
</pin_list>
<bind>
<opcode="store(28) " fcode="store"/>
<opset="store_ln929/8 "/>
</bind>
</comp>

<comp id="2032" class="1004" name="store_ln930_store_fu_2032">
<pin_list>
<pin id="2033" dir="0" index="0" bw="1" slack="0"/>
<pin id="2034" dir="0" index="1" bw="32" slack="0"/>
<pin id="2035" dir="1" index="2" bw="0" slack="2147483647"/>
</pin_list>
<bind>
<opcode="store(28) " fcode="store"/>
<opset="store_ln930/8 "/>
</bind>
</comp>

<comp id="2038" class="1004" name="store_ln931_store_fu_2038">
<pin_list>
<pin id="2039" dir="0" index="0" bw="1" slack="0"/>
<pin id="2040" dir="0" index="1" bw="5" slack="0"/>
<pin id="2041" dir="1" index="2" bw="0" slack="2147483647"/>
</pin_list>
<bind>
<opcode="store(28) " fcode="store"/>
<opset="store_ln931/8 "/>
</bind>
</comp>

<comp id="2044" class="1004" name="store_ln932_store_fu_2044">
<pin_list>
<pin id="2045" dir="0" index="0" bw="1" slack="0"/>
<pin id="2046" dir="0" index="1" bw="32" slack="0"/>
<pin id="2047" dir="1" index="2" bw="0" slack="2147483647"/>
</pin_list>
<bind>
<opcode="store(28) " fcode="store"/>
<opset="store_ln932/8 "/>
</bind>
</comp>

<comp id="2050" class="1004" name="store_ln924_store_fu_2050">
<pin_list>
<pin id="2051" dir="0" index="0" bw="4" slack="4"/>
<pin id="2052" dir="0" index="1" bw="4" slack="5"/>
<pin id="2053" dir="1" index="2" bw="0" slack="2147483647"/>
</pin_list>
<bind>
<opcode="store(28) " fcode="store"/>
<opset="store_ln924/8 "/>
</bind>
</comp>

<comp id="2054" class="1004" name="zext_ln936_fu_2054">
<pin_list>
<pin id="2055" dir="0" index="0" bw="32" slack="3"/>
<pin id="2056" dir="1" index="1" bw="64" slack="0"/>
</pin_list>
<bind>
<opcode="zext(34) " fcode="zext"/>
<opset="zext_ln936/9 "/>
</bind>
</comp>

<comp id="2069" class="1004" name="i_27_load_fu_2069">
<pin_list>
<pin id="2070" dir="0" index="0" bw="4" slack="1"/>
<pin id="2071" dir="1" index="1" bw="4" slack="0"/>
</pin_list>
<bind>
<opcode="load(27) " fcode="load"/>
<opset="i_27/10 "/>
</bind>
</comp>

<comp id="2072" class="1004" name="sw_2_load_fu_2072">
<pin_list>
<pin id="2073" dir="0" index="0" bw="32" slack="1"/>
<pin id="2074" dir="1" index="1" bw="32" slack="1"/>
</pin_list>
<bind>
<opcode="load(27) " fcode="load"/>
<opset="sw_2/10 "/>
</bind>
</comp>

<comp id="2075" class="1004" name="zext_ln939_fu_2075">
<pin_list>
<pin id="2076" dir="0" index="0" bw="4" slack="0"/>
<pin id="2077" dir="1" index="1" bw="64" slack="0"/>
</pin_list>
<bind>
<opcode="zext(34) " fcode="zext"/>
<opset="zext_ln939/10 "/>
</bind>
</comp>

<comp id="2080" class="1004" name="icmp_ln939_fu_2080">
<pin_list>
<pin id="2081" dir="0" index="0" bw="4" slack="0"/>
<pin id="2082" dir="0" index="1" bw="4" slack="0"/>
<pin id="2083" dir="1" index="2" bw="1" slack="2147483647"/>
</pin_list>
<bind>
<opcode="icmp(45) " fcode="icmp"/>
<opset="icmp_ln939/10 "/>
</bind>
</comp>

<comp id="2086" class="1004" name="add_ln939_fu_2086">
<pin_list>
<pin id="2087" dir="0" index="0" bw="4" slack="0"/>
<pin id="2088" dir="0" index="1" bw="1" slack="0"/>
<pin id="2089" dir="1" index="2" bw="4" slack="3"/>
</pin_list>
<bind>
<opcode="add(8) " fcode="add"/>
<opset="add_ln939/10 "/>
</bind>
</comp>

<comp id="2092" class="1004" name="store_ln947_store_fu_2092">
<pin_list>
<pin id="2093" dir="0" index="0" bw="32" slack="1"/>
<pin id="2094" dir="0" index="1" bw="32" slack="0"/>
<pin id="2095" dir="1" index="2" bw="0" slack="2147483647"/>
</pin_list>
<bind>
<opcode="store(28) " fcode="store"/>
<opset="store_ln947/10 "/>
</bind>
</comp>

<comp id="2096" class="1004" name="and_ln941_fu_2096">
<pin_list>
<pin id="2097" dir="0" index="0" bw="8" slack="0"/>
<pin id="2098" dir="0" index="1" bw="8" slack="6"/>
<pin id="2099" dir="1" index="2" bw="8" slack="0"/>
</pin_list>
<bind>
<opcode="and(23) " fcode="and"/>
<opset="and_ln941/12 "/>
</bind>
</comp>

<comp id="2101" class="1004" name="icmp_ln941_fu_2101">
<pin_list>
<pin id="2102" dir="0" index="0" bw="8" slack="0"/>
<pin id="2103" dir="0" index="1" bw="1" slack="0"/>
<pin id="2104" dir="1" index="2" bw="1" slack="1"/>
</pin_list>
<bind>
<opcode="icmp(45) " fcode="icmp"/>
<opset="icmp_ln941/12 "/>
</bind>
</comp>

<comp id="2107" class="1004" name="sw_3_fu_2107">
<pin_list>
<pin id="2108" dir="0" index="0" bw="32" slack="2147483647"/>
<pin id="2109" dir="0" index="1" bw="1" slack="0"/>
<pin id="2110" dir="1" index="2" bw="32" slack="0"/>
</pin_list>
<bind>
<opcode="add(8) " fcode="add"/>
<opset="sw_3/12 "/>
</bind>
</comp>

<comp id="2112" class="1004" name="store_ln945_store_fu_2112">
<pin_list>
<pin id="2113" dir="0" index="0" bw="32" slack="0"/>
<pin id="2114" dir="0" index="1" bw="32" slack="3"/>
<pin id="2115" dir="1" index="2" bw="0" slack="2147483647"/>
</pin_list>
<bind>
<opcode="store(28) " fcode="store"/>
<opset="store_ln945/12 "/>
</bind>
</comp>

<comp id="2117" class="1004" name="zext_ln944_fu_2117">
<pin_list>
<pin id="2118" dir="0" index="0" bw="32" slack="3"/>
<pin id="2119" dir="1" index="1" bw="64" slack="0"/>
</pin_list>
<bind>
<opcode="zext(34) " fcode="zext"/>
<opset="zext_ln944/13 "/>
</bind>
</comp>

<comp id="2134" class="1004" name="store_ln939_store_fu_2134">
<pin_list>
<pin id="2135" dir="0" index="0" bw="4" slack="3"/>
<pin id="2136" dir="0" index="1" bw="4" slack="4"/>
<pin id="2137" dir="1" index="2" bw="0" slack="2147483647"/>
</pin_list>
<bind>
<opcode="store(28) " fcode="store"/>
<opset="store_ln939/13 "/>
</bind>
</comp>

<comp id="2138" class="1004" name="i_28_load_fu_2138">
<pin_list>
<pin id="2139" dir="0" index="0" bw="32" slack="1"/>
<pin id="2140" dir="1" index="1" bw="32" slack="0"/>
</pin_list>
<bind>
<opcode="load(27) " fcode="load"/>
<opset="i_28/14 "/>
</bind>
</comp>

<comp id="2141" class="1004" name="zext_ln947_fu_2141">
<pin_list>
<pin id="2142" dir="0" index="0" bw="32" slack="0"/>
<pin id="2143" dir="1" index="1" bw="64" slack="0"/>
</pin_list>
<bind>
<opcode="zext(34) " fcode="zext"/>
<opset="zext_ln947/14 "/>
</bind>
</comp>

<comp id="2157" class="1004" name="tmp_fu_2157">
<pin_list>
<pin id="2158" dir="0" index="0" bw="29" slack="0"/>
<pin id="2159" dir="0" index="1" bw="32" slack="0"/>
<pin id="2160" dir="0" index="2" bw="3" slack="0"/>
<pin id="2161" dir="0" index="3" bw="6" slack="0"/>
<pin id="2162" dir="1" index="4" bw="29" slack="0"/>
</pin_list>
<bind>
<opcode="partselect(1002) " fcode="partselect"/>
<opset="tmp/14 "/>
</bind>
</comp>

<comp id="2167" class="1004" name="icmp_ln947_fu_2167">
<pin_list>
<pin id="2168" dir="0" index="0" bw="29" slack="0"/>
<pin id="2169" dir="0" index="1" bw="1" slack="0"/>
<pin id="2170" dir="1" index="2" bw="1" slack="2147483647"/>
</pin_list>
<bind>
<opcode="icmp(45) " fcode="icmp"/>
<opset="icmp_ln947/14 "/>
</bind>
</comp>

<comp id="2173" class="1004" name="add_ln947_fu_2173">
<pin_list>
<pin id="2174" dir="0" index="0" bw="32" slack="0"/>
<pin id="2175" dir="0" index="1" bw="1" slack="0"/>
<pin id="2176" dir="1" index="2" bw="32" slack="0"/>
</pin_list>
<bind>
<opcode="add(8) " fcode="add"/>
<opset="add_ln947/14 "/>
</bind>
</comp>

<comp id="2179" class="1004" name="store_ln947_store_fu_2179">
<pin_list>
<pin id="2180" dir="0" index="0" bw="32" slack="0"/>
<pin id="2181" dir="0" index="1" bw="32" slack="1"/>
<pin id="2182" dir="1" index="2" bw="0" slack="2147483647"/>
</pin_list>
<bind>
<opcode="store(28) " fcode="store"/>
<opset="store_ln947/14 "/>
</bind>
</comp>

<comp id="2184" class="1004" name="store_ln948_store_fu_2184">
<pin_list>
<pin id="2185" dir="0" index="0" bw="32" slack="1"/>
<pin id="2186" dir="0" index="1" bw="32" slack="0"/>
<pin id="2187" dir="1" index="2" bw="0" slack="2147483647"/>
</pin_list>
<bind>
<opcode="store(28) " fcode="store"/>
<opset="store_ln948/14 "/>
</bind>
</comp>

<comp id="2188" class="1004" name="i_29_load_fu_2188">
<pin_list>
<pin id="2189" dir="0" index="0" bw="32" slack="1"/>
<pin id="2190" dir="1" index="1" bw="32" slack="0"/>
</pin_list>
<bind>
<opcode="load(27) " fcode="load"/>
<opset="i_29/15 "/>
</bind>
</comp>

<comp id="2191" class="1004" name="zext_ln948_fu_2191">
<pin_list>
<pin id="2192" dir="0" index="0" bw="32" slack="0"/>
<pin id="2193" dir="1" index="1" bw="64" slack="0"/>
</pin_list>
<bind>
<opcode="zext(34) " fcode="zext"/>
<opset="zext_ln948/15 "/>
</bind>
</comp>

<comp id="2209" class="1004" name="tmp_9_fu_2209">
<pin_list>
<pin id="2210" dir="0" index="0" bw="29" slack="0"/>
<pin id="2211" dir="0" index="1" bw="32" slack="0"/>
<pin id="2212" dir="0" index="2" bw="3" slack="0"/>
<pin id="2213" dir="0" index="3" bw="6" slack="0"/>
<pin id="2214" dir="1" index="4" bw="29" slack="0"/>
</pin_list>
<bind>
<opcode="partselect(1002) " fcode="partselect"/>
<opset="tmp_9/15 "/>
</bind>
</comp>

<comp id="2219" class="1004" name="icmp_ln948_fu_2219">
<pin_list>
<pin id="2220" dir="0" index="0" bw="29" slack="0"/>
<pin id="2221" dir="0" index="1" bw="1" slack="0"/>
<pin id="2222" dir="1" index="2" bw="1" slack="2147483647"/>
</pin_list>
<bind>
<opcode="icmp(45) " fcode="icmp"/>
<opset="icmp_ln948/15 "/>
</bind>
</comp>

<comp id="2225" class="1004" name="add_ln948_fu_2225">
<pin_list>
<pin id="2226" dir="0" index="0" bw="32" slack="0"/>
<pin id="2227" dir="0" index="1" bw="1" slack="0"/>
<pin id="2228" dir="1" index="2" bw="32" slack="0"/>
</pin_list>
<bind>
<opcode="add(8) " fcode="add"/>
<opset="add_ln948/15 "/>
</bind>
</comp>

<comp id="2231" class="1004" name="store_ln948_store_fu_2231">
<pin_list>
<pin id="2232" dir="0" index="0" bw="32" slack="0"/>
<pin id="2233" dir="0" index="1" bw="32" slack="1"/>
<pin id="2234" dir="1" index="2" bw="0" slack="2147483647"/>
</pin_list>
<bind>
<opcode="store(28) " fcode="store"/>
<opset="store_ln948/15 "/>
</bind>
</comp>

<comp id="2236" class="1004" name="store_ln949_store_fu_2236">
<pin_list>
<pin id="2237" dir="0" index="0" bw="1" slack="0"/>
<pin id="2238" dir="0" index="1" bw="4" slack="0"/>
<pin id="2239" dir="1" index="2" bw="0" slack="2147483647"/>
</pin_list>
<bind>
<opcode="store(28) " fcode="store"/>
<opset="store_ln949/15 "/>
</bind>
</comp>

<comp id="2241" class="1004" name="i_30_load_fu_2241">
<pin_list>
<pin id="2242" dir="0" index="0" bw="4" slack="1"/>
<pin id="2243" dir="1" index="1" bw="4" slack="0"/>
</pin_list>
<bind>
<opcode="load(27) " fcode="load"/>
<opset="i_30/16 "/>
</bind>
</comp>

<comp id="2244" class="1004" name="zext_ln949_fu_2244">
<pin_list>
<pin id="2245" dir="0" index="0" bw="4" slack="0"/>
<pin id="2246" dir="1" index="1" bw="64" slack="0"/>
</pin_list>
<bind>
<opcode="zext(34) " fcode="zext"/>
<opset="zext_ln949/16 "/>
</bind>
</comp>

<comp id="2260" class="1004" name="icmp_ln949_fu_2260">
<pin_list>
<pin id="2261" dir="0" index="0" bw="4" slack="0"/>
<pin id="2262" dir="0" index="1" bw="4" slack="0"/>
<pin id="2263" dir="1" index="2" bw="1" slack="2147483647"/>
</pin_list>
<bind>
<opcode="icmp(45) " fcode="icmp"/>
<opset="icmp_ln949/16 "/>
</bind>
</comp>

<comp id="2266" class="1004" name="add_ln949_fu_2266">
<pin_list>
<pin id="2267" dir="0" index="0" bw="4" slack="0"/>
<pin id="2268" dir="0" index="1" bw="1" slack="0"/>
<pin id="2269" dir="1" index="2" bw="4" slack="0"/>
</pin_list>
<bind>
<opcode="add(8) " fcode="add"/>
<opset="add_ln949/16 "/>
</bind>
</comp>

<comp id="2272" class="1004" name="store_ln949_store_fu_2272">
<pin_list>
<pin id="2273" dir="0" index="0" bw="4" slack="0"/>
<pin id="2274" dir="0" index="1" bw="4" slack="1"/>
<pin id="2275" dir="1" index="2" bw="0" slack="2147483647"/>
</pin_list>
<bind>
<opcode="store(28) " fcode="store"/>
<opset="store_ln949/16 "/>
</bind>
</comp>

<comp id="2277" class="1004" name="store_ln950_store_fu_2277">
<pin_list>
<pin id="2278" dir="0" index="0" bw="1" slack="0"/>
<pin id="2279" dir="0" index="1" bw="4" slack="0"/>
<pin id="2280" dir="1" index="2" bw="0" slack="2147483647"/>
</pin_list>
<bind>
<opcode="store(28) " fcode="store"/>
<opset="store_ln950/16 "/>
</bind>
</comp>

<comp id="2282" class="1004" name="i_31_load_fu_2282">
<pin_list>
<pin id="2283" dir="0" index="0" bw="4" slack="1"/>
<pin id="2284" dir="1" index="1" bw="4" slack="0"/>
</pin_list>
<bind>
<opcode="load(27) " fcode="load"/>
<opset="i_31/18 "/>
</bind>
</comp>

<comp id="2285" class="1004" name="zext_ln950_fu_2285">
<pin_list>
<pin id="2286" dir="0" index="0" bw="4" slack="0"/>
<pin id="2287" dir="1" index="1" bw="64" slack="0"/>
</pin_list>
<bind>
<opcode="zext(34) " fcode="zext"/>
<opset="zext_ln950/18 "/>
</bind>
</comp>

<comp id="2303" class="1004" name="icmp_ln950_fu_2303">
<pin_list>
<pin id="2304" dir="0" index="0" bw="4" slack="0"/>
<pin id="2305" dir="0" index="1" bw="4" slack="0"/>
<pin id="2306" dir="1" index="2" bw="1" slack="2147483647"/>
</pin_list>
<bind>
<opcode="icmp(45) " fcode="icmp"/>
<opset="icmp_ln950/18 "/>
</bind>
</comp>

<comp id="2309" class="1004" name="add_ln950_fu_2309">
<pin_list>
<pin id="2310" dir="0" index="0" bw="4" slack="0"/>
<pin id="2311" dir="0" index="1" bw="1" slack="0"/>
<pin id="2312" dir="1" index="2" bw="4" slack="0"/>
</pin_list>
<bind>
<opcode="add(8) " fcode="add"/>
<opset="add_ln950/18 "/>
</bind>
</comp>

<comp id="2315" class="1004" name="store_ln950_store_fu_2315">
<pin_list>
<pin id="2316" dir="0" index="0" bw="4" slack="0"/>
<pin id="2317" dir="0" index="1" bw="4" slack="1"/>
<pin id="2318" dir="1" index="2" bw="0" slack="2147483647"/>
</pin_list>
<bind>
<opcode="store(28) " fcode="store"/>
<opset="store_ln950/18 "/>
</bind>
</comp>

<comp id="2320" class="1004" name="trunc_ln952_fu_2320">
<pin_list>
<pin id="2321" dir="0" index="0" bw="32" slack="5"/>
<pin id="2322" dir="1" index="1" bw="3" slack="0"/>
</pin_list>
<bind>
<opcode="trunc(33) " fcode="trunc"/>
<opset="trunc_ln952/18 "/>
</bind>
</comp>

<comp id="2323" class="1004" name="store_ln952_store_fu_2323">
<pin_list>
<pin id="2324" dir="0" index="0" bw="3" slack="0"/>
<pin id="2325" dir="0" index="1" bw="3" slack="0"/>
<pin id="2326" dir="1" index="2" bw="0" slack="2147483647"/>
</pin_list>
<bind>
<opcode="store(28) " fcode="store"/>
<opset="store_ln952/18 "/>
</bind>
</comp>

<comp id="2329" class="1004" name="trunc_ln953_fu_2329">
<pin_list>
<pin id="2330" dir="0" index="0" bw="32" slack="5"/>
<pin id="2331" dir="1" index="1" bw="8" slack="0"/>
</pin_list>
<bind>
<opcode="trunc(33) " fcode="trunc"/>
<opset="trunc_ln953/18 "/>
</bind>
</comp>

<comp id="2332" class="1004" name="store_ln953_store_fu_2332">
<pin_list>
<pin id="2333" dir="0" index="0" bw="8" slack="0"/>
<pin id="2334" dir="0" index="1" bw="8" slack="0"/>
<pin id="2335" dir="1" index="2" bw="0" slack="2147483647"/>
</pin_list>
<bind>
<opcode="store(28) " fcode="store"/>
<opset="store_ln953/18 "/>
</bind>
</comp>

<comp id="2338" class="1004" name="trunc_ln955_fu_2338">
<pin_list>
<pin id="2339" dir="0" index="0" bw="32" slack="4"/>
<pin id="2340" dir="1" index="1" bw="3" slack="0"/>
</pin_list>
<bind>
<opcode="trunc(33) " fcode="trunc"/>
<opset="trunc_ln955/18 "/>
</bind>
</comp>

<comp id="2341" class="1004" name="store_ln955_store_fu_2341">
<pin_list>
<pin id="2342" dir="0" index="0" bw="3" slack="0"/>
<pin id="2343" dir="0" index="1" bw="3" slack="0"/>
<pin id="2344" dir="1" index="2" bw="0" slack="2147483647"/>
</pin_list>
<bind>
<opcode="store(28) " fcode="store"/>
<opset="store_ln955/18 "/>
</bind>
</comp>

<comp id="2347" class="1004" name="trunc_ln956_fu_2347">
<pin_list>
<pin id="2348" dir="0" index="0" bw="32" slack="4"/>
<pin id="2349" dir="1" index="1" bw="8" slack="0"/>
</pin_list>
<bind>
<opcode="trunc(33) " fcode="trunc"/>
<opset="trunc_ln956/18 "/>
</bind>
</comp>

<comp id="2350" class="1004" name="store_ln956_store_fu_2350">
<pin_list>
<pin id="2351" dir="0" index="0" bw="8" slack="0"/>
<pin id="2352" dir="0" index="1" bw="8" slack="0"/>
<pin id="2353" dir="1" index="2" bw="0" slack="2147483647"/>
</pin_list>
<bind>
<opcode="store(28) " fcode="store"/>
<opset="store_ln956/18 "/>
</bind>
</comp>

<comp id="2356" class="1005" name="indvar_reg_2356">
<pin_list>
<pin id="2357" dir="0" index="0" bw="3" slack="0"/>
<pin id="2358" dir="1" index="1" bw="3" slack="0"/>
</pin_list>
<bind>
<opset="indvar "/>
</bind>
</comp>

<comp id="2363" class="1005" name="mispredict_mask_read_reg_2363">
<pin_list>
<pin id="2364" dir="0" index="0" bw="8" slack="5"/>
<pin id="2365" dir="1" index="1" bw="8" slack="5"/>
</pin_list>
<bind>
<opset="mispredict_mask_read "/>
</bind>
</comp>

<comp id="2372" class="1005" name="indvar4_reg_2372">
<pin_list>
<pin id="2373" dir="0" index="0" bw="3" slack="0"/>
<pin id="2374" dir="1" index="1" bw="3" slack="0"/>
</pin_list>
<bind>
<opset="indvar4 "/>
</bind>
</comp>

<comp id="2382" class="1005" name="i_reg_2382">
<pin_list>
<pin id="2383" dir="0" index="0" bw="4" slack="0"/>
<pin id="2384" dir="1" index="1" bw="4" slack="0"/>
</pin_list>
<bind>
<opset="i "/>
</bind>
</comp>

<comp id="2389" class="1005" name="lw_reg_2389">
<pin_list>
<pin id="2390" dir="0" index="0" bw="32" slack="0"/>
<pin id="2391" dir="1" index="1" bw="32" slack="0"/>
</pin_list>
<bind>
<opset="lw "/>
</bind>
</comp>

<comp id="2396" class="1005" name="lw_2_reg_2396">
<pin_list>
<pin id="2397" dir="0" index="0" bw="32" slack="1"/>
<pin id="2398" dir="1" index="1" bw="32" slack="1"/>
</pin_list>
<bind>
<opset="lw_2 "/>
</bind>
</comp>

<comp id="2404" class="1005" name="zext_ln924_reg_2404">
<pin_list>
<pin id="2405" dir="0" index="0" bw="64" slack="1"/>
<pin id="2406" dir="1" index="1" bw="64" slack="1"/>
</pin_list>
<bind>
<opset="zext_ln924 "/>
</bind>
</comp>

<comp id="2432" class="1005" name="add_ln924_reg_2432">
<pin_list>
<pin id="2433" dir="0" index="0" bw="4" slack="4"/>
<pin id="2434" dir="1" index="1" bw="4" slack="4"/>
</pin_list>
<bind>
<opset="add_ln924 "/>
</bind>
</comp>

<comp id="2437" class="1005" name="state_lsu_ldq_valid_addr_reg_2437">
<pin_list>
<pin id="2438" dir="0" index="0" bw="3" slack="1"/>
<pin id="2439" dir="1" index="1" bw="3" slack="1"/>
</pin_list>
<bind>
<opset="state_lsu_ldq_valid_addr "/>
</bind>
</comp>

<comp id="2442" class="1005" name="i_20_reg_2442">
<pin_list>
<pin id="2443" dir="0" index="0" bw="4" slack="0"/>
<pin id="2444" dir="1" index="1" bw="4" slack="0"/>
</pin_list>
<bind>
<opset="i_20 "/>
</bind>
</comp>

<comp id="2449" class="1005" name="sw_reg_2449">
<pin_list>
<pin id="2450" dir="0" index="0" bw="32" slack="0"/>
<pin id="2451" dir="1" index="1" bw="32" slack="0"/>
</pin_list>
<bind>
<opset="sw "/>
</bind>
</comp>

<comp id="2456" class="1005" name="state_lsu_ldq_valid_load_reg_2456">
<pin_list>
<pin id="2457" dir="0" index="0" bw="1" slack="3"/>
<pin id="2458" dir="1" index="1" bw="1" slack="2147483647"/>
</pin_list>
<bind>
<opset="state_lsu_ldq_valid_load "/>
</bind>
</comp>

<comp id="2460" class="1005" name="state_lsu_ldq_branch_mask_addr_reg_2460">
<pin_list>
<pin id="2461" dir="0" index="0" bw="3" slack="1"/>
<pin id="2462" dir="1" index="1" bw="3" slack="1"/>
</pin_list>
<bind>
<opset="state_lsu_ldq_branch_mask_addr "/>
</bind>
</comp>

<comp id="2465" class="1005" name="state_lsu_ldq_branch_mask_load_reg_2465">
<pin_list>
<pin id="2466" dir="0" index="0" bw="8" slack="1"/>
<pin id="2467" dir="1" index="1" bw="8" slack="1"/>
</pin_list>
<bind>
<opset="state_lsu_ldq_branch_mask_load "/>
</bind>
</comp>

<comp id="2470" class="1005" name="icmp_ln926_reg_2470">
<pin_list>
<pin id="2471" dir="0" index="0" bw="1" slack="2"/>
<pin id="2472" dir="1" index="1" bw="1" slack="2147483647"/>
</pin_list>
<bind>
<opset="icmp_ln926 "/>
</bind>
</comp>

<comp id="2474" class="1005" name="state_lsu_ldq_rob_idx_addr_reg_2474">
<pin_list>
<pin id="2475" dir="0" index="0" bw="3" slack="1"/>
<pin id="2476" dir="1" index="1" bw="3" slack="1"/>
</pin_list>
<bind>
<opset="state_lsu_ldq_rob_idx_addr "/>
</bind>
</comp>

<comp id="2479" class="1005" name="state_lsu_load_reg_2479">
<pin_list>
<pin id="2480" dir="0" index="0" bw="1" slack="2"/>
<pin id="2481" dir="1" index="1" bw="1" slack="2147483647"/>
</pin_list>
<bind>
<opset="state_lsu_load "/>
</bind>
</comp>

<comp id="2483" class="1005" name="state_lsu_ldq_signed_load_addr_reg_2483">
<pin_list>
<pin id="2484" dir="0" index="0" bw="3" slack="1"/>
<pin id="2485" dir="1" index="1" bw="3" slack="1"/>
</pin_list>
<bind>
<opset="state_lsu_ldq_signed_load_addr "/>
</bind>
</comp>

<comp id="2488" class="1005" name="state_lsu_ldq_response_pending_addr_reg_2488">
<pin_list>
<pin id="2489" dir="0" index="0" bw="3" slack="1"/>
<pin id="2490" dir="1" index="1" bw="3" slack="1"/>
</pin_list>
<bind>
<opset="state_lsu_ldq_response_pending_addr "/>
</bind>
</comp>

<comp id="2493" class="1005" name="state_lsu_ldq_completed_addr_reg_2493">
<pin_list>
<pin id="2494" dir="0" index="0" bw="3" slack="1"/>
<pin id="2495" dir="1" index="1" bw="3" slack="1"/>
</pin_list>
<bind>
<opset="state_lsu_ldq_completed_addr "/>
</bind>
</comp>

<comp id="2498" class="1005" name="state_lsu_ldq_killed_addr_reg_2498">
<pin_list>
<pin id="2499" dir="0" index="0" bw="3" slack="1"/>
<pin id="2500" dir="1" index="1" bw="3" slack="1"/>
</pin_list>
<bind>
<opset="state_lsu_ldq_killed_addr "/>
</bind>
</comp>

<comp id="2503" class="1005" name="state_lsu_ldq_size_addr_reg_2503">
<pin_list>
<pin id="2504" dir="0" index="0" bw="3" slack="1"/>
<pin id="2505" dir="1" index="1" bw="3" slack="1"/>
</pin_list>
<bind>
<opset="state_lsu_ldq_size_addr "/>
</bind>
</comp>

<comp id="2508" class="1005" name="state_lsu_ldq_transaction_id_addr_reg_2508">
<pin_list>
<pin id="2509" dir="0" index="0" bw="3" slack="1"/>
<pin id="2510" dir="1" index="1" bw="3" slack="1"/>
</pin_list>
<bind>
<opset="state_lsu_ldq_transaction_id_addr "/>
</bind>
</comp>

<comp id="2513" class="1005" name="state_lsu_ldq_rob_allocation_id_addr_reg_2513">
<pin_list>
<pin id="2514" dir="0" index="0" bw="3" slack="1"/>
<pin id="2515" dir="1" index="1" bw="3" slack="1"/>
</pin_list>
<bind>
<opset="state_lsu_ldq_rob_allocation_id_addr "/>
</bind>
</comp>

<comp id="2518" class="1005" name="state_lsu_ldq_addr_reg_2518">
<pin_list>
<pin id="2519" dir="0" index="0" bw="3" slack="1"/>
<pin id="2520" dir="1" index="1" bw="3" slack="1"/>
</pin_list>
<bind>
<opset="state_lsu_ldq_addr "/>
</bind>
</comp>

<comp id="2523" class="1005" name="state_lsu_ldq_result_addr_reg_2523">
<pin_list>
<pin id="2524" dir="0" index="0" bw="3" slack="1"/>
<pin id="2525" dir="1" index="1" bw="3" slack="1"/>
</pin_list>
<bind>
<opset="state_lsu_ldq_result_addr "/>
</bind>
</comp>

<comp id="2528" class="1005" name="icmp_ln927_reg_2528">
<pin_list>
<pin id="2529" dir="0" index="0" bw="1" slack="1"/>
<pin id="2530" dir="1" index="1" bw="1" slack="2147483647"/>
</pin_list>
<bind>
<opset="icmp_ln927 "/>
</bind>
</comp>

<comp id="2532" class="1005" name="state_lsu_ldq_rob_allocation_id_addr_2_reg_2532">
<pin_list>
<pin id="2533" dir="0" index="0" bw="3" slack="1"/>
<pin id="2534" dir="1" index="1" bw="3" slack="1"/>
</pin_list>
<bind>
<opset="state_lsu_ldq_rob_allocation_id_addr_2 "/>
</bind>
</comp>

<comp id="2540" class="1005" name="sw_2_reg_2540">
<pin_list>
<pin id="2541" dir="0" index="0" bw="32" slack="1"/>
<pin id="2542" dir="1" index="1" bw="32" slack="1"/>
</pin_list>
<bind>
<opset="sw_2 "/>
</bind>
</comp>

<comp id="2548" class="1005" name="zext_ln939_reg_2548">
<pin_list>
<pin id="2549" dir="0" index="0" bw="64" slack="1"/>
<pin id="2550" dir="1" index="1" bw="64" slack="1"/>
</pin_list>
<bind>
<opset="zext_ln939 "/>
</bind>
</comp>

<comp id="2568" class="1005" name="add_ln939_reg_2568">
<pin_list>
<pin id="2569" dir="0" index="0" bw="4" slack="3"/>
<pin id="2570" dir="1" index="1" bw="4" slack="3"/>
</pin_list>
<bind>
<opset="add_ln939 "/>
</bind>
</comp>

<comp id="2573" class="1005" name="state_lsu_stq_valid_addr_reg_2573">
<pin_list>
<pin id="2574" dir="0" index="0" bw="3" slack="1"/>
<pin id="2575" dir="1" index="1" bw="3" slack="1"/>
</pin_list>
<bind>
<opset="state_lsu_stq_valid_addr "/>
</bind>
</comp>

<comp id="2578" class="1005" name="i_21_reg_2578">
<pin_list>
<pin id="2579" dir="0" index="0" bw="32" slack="0"/>
<pin id="2580" dir="1" index="1" bw="32" slack="0"/>
</pin_list>
<bind>
<opset="i_21 "/>
</bind>
</comp>

<comp id="2585" class="1005" name="state_lsu_stq_valid_load_reg_2585">
<pin_list>
<pin id="2586" dir="0" index="0" bw="1" slack="2"/>
<pin id="2587" dir="1" index="1" bw="1" slack="2147483647"/>
</pin_list>
<bind>
<opset="state_lsu_stq_valid_load "/>
</bind>
</comp>

<comp id="2589" class="1005" name="state_lsu_stq_branch_mask_addr_reg_2589">
<pin_list>
<pin id="2590" dir="0" index="0" bw="3" slack="1"/>
<pin id="2591" dir="1" index="1" bw="3" slack="1"/>
</pin_list>
<bind>
<opset="state_lsu_stq_branch_mask_addr "/>
</bind>
</comp>

<comp id="2594" class="1005" name="state_lsu_stq_addr_reg_2594">
<pin_list>
<pin id="2595" dir="0" index="0" bw="3" slack="1"/>
<pin id="2596" dir="1" index="1" bw="3" slack="1"/>
</pin_list>
<bind>
<opset="state_lsu_stq_addr "/>
</bind>
</comp>

<comp id="2599" class="1005" name="state_lsu_stq_data_valid_addr_reg_2599">
<pin_list>
<pin id="2600" dir="0" index="0" bw="3" slack="1"/>
<pin id="2601" dir="1" index="1" bw="3" slack="1"/>
</pin_list>
<bind>
<opset="state_lsu_stq_data_valid_addr "/>
</bind>
</comp>

<comp id="2604" class="1005" name="state_lsu_stq_committed_addr_reg_2604">
<pin_list>
<pin id="2605" dir="0" index="0" bw="3" slack="1"/>
<pin id="2606" dir="1" index="1" bw="3" slack="1"/>
</pin_list>
<bind>
<opset="state_lsu_stq_committed_addr "/>
</bind>
</comp>

<comp id="2609" class="1005" name="state_lsu_stq_issued_to_memory_addr_reg_2609">
<pin_list>
<pin id="2610" dir="0" index="0" bw="3" slack="1"/>
<pin id="2611" dir="1" index="1" bw="3" slack="1"/>
</pin_list>
<bind>
<opset="state_lsu_stq_issued_to_memory_addr "/>
</bind>
</comp>

<comp id="2614" class="1005" name="state_lsu_stq_completed_addr_reg_2614">
<pin_list>
<pin id="2615" dir="0" index="0" bw="3" slack="1"/>
<pin id="2616" dir="1" index="1" bw="3" slack="1"/>
</pin_list>
<bind>
<opset="state_lsu_stq_completed_addr "/>
</bind>
</comp>

<comp id="2619" class="1005" name="state_lsu_stq_killed_addr_reg_2619">
<pin_list>
<pin id="2620" dir="0" index="0" bw="3" slack="1"/>
<pin id="2621" dir="1" index="1" bw="3" slack="1"/>
</pin_list>
<bind>
<opset="state_lsu_stq_killed_addr "/>
</bind>
</comp>

<comp id="2624" class="1005" name="state_lsu_stq_rob_idx_addr_reg_2624">
<pin_list>
<pin id="2625" dir="0" index="0" bw="3" slack="1"/>
<pin id="2626" dir="1" index="1" bw="3" slack="1"/>
</pin_list>
<bind>
<opset="state_lsu_stq_rob_idx_addr "/>
</bind>
</comp>

<comp id="2629" class="1005" name="state_lsu_stq_mask_addr_reg_2629">
<pin_list>
<pin id="2630" dir="0" index="0" bw="3" slack="1"/>
<pin id="2631" dir="1" index="1" bw="3" slack="1"/>
</pin_list>
<bind>
<opset="state_lsu_stq_mask_addr "/>
</bind>
</comp>

<comp id="2634" class="1005" name="state_lsu_stq_size_addr_reg_2634">
<pin_list>
<pin id="2635" dir="0" index="0" bw="3" slack="1"/>
<pin id="2636" dir="1" index="1" bw="3" slack="1"/>
</pin_list>
<bind>
<opset="state_lsu_stq_size_addr "/>
</bind>
</comp>

<comp id="2639" class="1005" name="state_lsu_stq_rob_allocation_id_addr_reg_2639">
<pin_list>
<pin id="2640" dir="0" index="0" bw="3" slack="1"/>
<pin id="2641" dir="1" index="1" bw="3" slack="1"/>
</pin_list>
<bind>
<opset="state_lsu_stq_rob_allocation_id_addr "/>
</bind>
</comp>

<comp id="2644" class="1005" name="state_lsu_stq_addr_5_reg_2644">
<pin_list>
<pin id="2645" dir="0" index="0" bw="3" slack="1"/>
<pin id="2646" dir="1" index="1" bw="3" slack="1"/>
</pin_list>
<bind>
<opset="state_lsu_stq_addr_5 "/>
</bind>
</comp>

<comp id="2649" class="1005" name="state_lsu_stq_data_addr_reg_2649">
<pin_list>
<pin id="2650" dir="0" index="0" bw="3" slack="1"/>
<pin id="2651" dir="1" index="1" bw="3" slack="1"/>
</pin_list>
<bind>
<opset="state_lsu_stq_data_addr "/>
</bind>
</comp>

<comp id="2654" class="1005" name="state_lsu_stq_branch_mask_load_reg_2654">
<pin_list>
<pin id="2655" dir="0" index="0" bw="8" slack="1"/>
<pin id="2656" dir="1" index="1" bw="8" slack="1"/>
</pin_list>
<bind>
<opset="state_lsu_stq_branch_mask_load "/>
</bind>
</comp>

<comp id="2659" class="1005" name="icmp_ln941_reg_2659">
<pin_list>
<pin id="2660" dir="0" index="0" bw="1" slack="1"/>
<pin id="2661" dir="1" index="1" bw="1" slack="2147483647"/>
</pin_list>
<bind>
<opset="icmp_ln941 "/>
</bind>
</comp>

<comp id="2666" class="1005" name="i_23_reg_2666">
<pin_list>
<pin id="2667" dir="0" index="0" bw="32" slack="0"/>
<pin id="2668" dir="1" index="1" bw="32" slack="0"/>
</pin_list>
<bind>
<opset="i_23 "/>
</bind>
</comp>

<comp id="2676" class="1005" name="i_24_reg_2676">
<pin_list>
<pin id="2677" dir="0" index="0" bw="4" slack="0"/>
<pin id="2678" dir="1" index="1" bw="4" slack="0"/>
</pin_list>
<bind>
<opset="i_24 "/>
</bind>
</comp>

<comp id="2683" class="1005" name="zext_ln949_reg_2683">
<pin_list>
<pin id="2684" dir="0" index="0" bw="64" slack="1"/>
<pin id="2685" dir="1" index="1" bw="64" slack="1"/>
</pin_list>
<bind>
<opset="zext_ln949 "/>
</bind>
</comp>

<comp id="2702" class="1005" name="new_ldq_valid_addr_2_reg_2702">
<pin_list>
<pin id="2703" dir="0" index="0" bw="3" slack="1"/>
<pin id="2704" dir="1" index="1" bw="3" slack="1"/>
</pin_list>
<bind>
<opset="new_ldq_valid_addr_2 "/>
</bind>
</comp>

<comp id="2707" class="1005" name="new_ldq_signed_load_addr_2_reg_2707">
<pin_list>
<pin id="2708" dir="0" index="0" bw="3" slack="1"/>
<pin id="2709" dir="1" index="1" bw="3" slack="1"/>
</pin_list>
<bind>
<opset="new_ldq_signed_load_addr_2 "/>
</bind>
</comp>

<comp id="2712" class="1005" name="new_ldq_response_pending_addr_2_reg_2712">
<pin_list>
<pin id="2713" dir="0" index="0" bw="3" slack="1"/>
<pin id="2714" dir="1" index="1" bw="3" slack="1"/>
</pin_list>
<bind>
<opset="new_ldq_response_pending_addr_2 "/>
</bind>
</comp>

<comp id="2717" class="1005" name="new_ldq_completed_addr_2_reg_2717">
<pin_list>
<pin id="2718" dir="0" index="0" bw="3" slack="1"/>
<pin id="2719" dir="1" index="1" bw="3" slack="1"/>
</pin_list>
<bind>
<opset="new_ldq_completed_addr_2 "/>
</bind>
</comp>

<comp id="2722" class="1005" name="new_ldq_killed_addr_2_reg_2722">
<pin_list>
<pin id="2723" dir="0" index="0" bw="3" slack="1"/>
<pin id="2724" dir="1" index="1" bw="3" slack="1"/>
</pin_list>
<bind>
<opset="new_ldq_killed_addr_2 "/>
</bind>
</comp>

<comp id="2727" class="1005" name="new_ldq_rob_idx_addr_2_reg_2727">
<pin_list>
<pin id="2728" dir="0" index="0" bw="3" slack="1"/>
<pin id="2729" dir="1" index="1" bw="3" slack="1"/>
</pin_list>
<bind>
<opset="new_ldq_rob_idx_addr_2 "/>
</bind>
</comp>

<comp id="2732" class="1005" name="new_ldq_size_addr_2_reg_2732">
<pin_list>
<pin id="2733" dir="0" index="0" bw="3" slack="1"/>
<pin id="2734" dir="1" index="1" bw="3" slack="1"/>
</pin_list>
<bind>
<opset="new_ldq_size_addr_2 "/>
</bind>
</comp>

<comp id="2737" class="1005" name="new_ldq_branch_mask_addr_2_reg_2737">
<pin_list>
<pin id="2738" dir="0" index="0" bw="3" slack="1"/>
<pin id="2739" dir="1" index="1" bw="3" slack="1"/>
</pin_list>
<bind>
<opset="new_ldq_branch_mask_addr_2 "/>
</bind>
</comp>

<comp id="2742" class="1005" name="new_ldq_transaction_id_addr_2_reg_2742">
<pin_list>
<pin id="2743" dir="0" index="0" bw="3" slack="1"/>
<pin id="2744" dir="1" index="1" bw="3" slack="1"/>
</pin_list>
<bind>
<opset="new_ldq_transaction_id_addr_2 "/>
</bind>
</comp>

<comp id="2747" class="1005" name="new_ldq_rob_allocation_id_addr_2_reg_2747">
<pin_list>
<pin id="2748" dir="0" index="0" bw="3" slack="1"/>
<pin id="2749" dir="1" index="1" bw="3" slack="1"/>
</pin_list>
<bind>
<opset="new_ldq_rob_allocation_id_addr_2 "/>
</bind>
</comp>

<comp id="2752" class="1005" name="new_ldq_addr_2_reg_2752">
<pin_list>
<pin id="2753" dir="0" index="0" bw="3" slack="1"/>
<pin id="2754" dir="1" index="1" bw="3" slack="1"/>
</pin_list>
<bind>
<opset="new_ldq_addr_2 "/>
</bind>
</comp>

<comp id="2757" class="1005" name="new_ldq_result_addr_2_reg_2757">
<pin_list>
<pin id="2758" dir="0" index="0" bw="3" slack="1"/>
<pin id="2759" dir="1" index="1" bw="3" slack="1"/>
</pin_list>
<bind>
<opset="new_ldq_result_addr_2 "/>
</bind>
</comp>

<comp id="2762" class="1005" name="i_25_reg_2762">
<pin_list>
<pin id="2763" dir="0" index="0" bw="4" slack="0"/>
<pin id="2764" dir="1" index="1" bw="4" slack="0"/>
</pin_list>
<bind>
<opset="i_25 "/>
</bind>
</comp>

<comp id="2769" class="1005" name="zext_ln950_reg_2769">
<pin_list>
<pin id="2770" dir="0" index="0" bw="64" slack="1"/>
<pin id="2771" dir="1" index="1" bw="64" slack="1"/>
</pin_list>
<bind>
<opset="zext_ln950 "/>
</bind>
</comp>

<comp id="2790" class="1005" name="new_stq_valid_addr_2_reg_2790">
<pin_list>
<pin id="2791" dir="0" index="0" bw="3" slack="1"/>
<pin id="2792" dir="1" index="1" bw="3" slack="1"/>
</pin_list>
<bind>
<opset="new_stq_valid_addr_2 "/>
</bind>
</comp>

<comp id="2795" class="1005" name="new_stq_addr_5_reg_2795">
<pin_list>
<pin id="2796" dir="0" index="0" bw="3" slack="1"/>
<pin id="2797" dir="1" index="1" bw="3" slack="1"/>
</pin_list>
<bind>
<opset="new_stq_addr_5 "/>
</bind>
</comp>

<comp id="2800" class="1005" name="new_stq_data_valid_addr_2_reg_2800">
<pin_list>
<pin id="2801" dir="0" index="0" bw="3" slack="1"/>
<pin id="2802" dir="1" index="1" bw="3" slack="1"/>
</pin_list>
<bind>
<opset="new_stq_data_valid_addr_2 "/>
</bind>
</comp>

<comp id="2805" class="1005" name="new_stq_committed_addr_2_reg_2805">
<pin_list>
<pin id="2806" dir="0" index="0" bw="3" slack="1"/>
<pin id="2807" dir="1" index="1" bw="3" slack="1"/>
</pin_list>
<bind>
<opset="new_stq_committed_addr_2 "/>
</bind>
</comp>

<comp id="2810" class="1005" name="new_stq_issued_to_memory_addr_2_reg_2810">
<pin_list>
<pin id="2811" dir="0" index="0" bw="3" slack="1"/>
<pin id="2812" dir="1" index="1" bw="3" slack="1"/>
</pin_list>
<bind>
<opset="new_stq_issued_to_memory_addr_2 "/>
</bind>
</comp>

<comp id="2815" class="1005" name="new_stq_completed_addr_2_reg_2815">
<pin_list>
<pin id="2816" dir="0" index="0" bw="3" slack="1"/>
<pin id="2817" dir="1" index="1" bw="3" slack="1"/>
</pin_list>
<bind>
<opset="new_stq_completed_addr_2 "/>
</bind>
</comp>

<comp id="2820" class="1005" name="new_stq_killed_addr_2_reg_2820">
<pin_list>
<pin id="2821" dir="0" index="0" bw="3" slack="1"/>
<pin id="2822" dir="1" index="1" bw="3" slack="1"/>
</pin_list>
<bind>
<opset="new_stq_killed_addr_2 "/>
</bind>
</comp>

<comp id="2825" class="1005" name="new_stq_rob_idx_addr_2_reg_2825">
<pin_list>
<pin id="2826" dir="0" index="0" bw="3" slack="1"/>
<pin id="2827" dir="1" index="1" bw="3" slack="1"/>
</pin_list>
<bind>
<opset="new_stq_rob_idx_addr_2 "/>
</bind>
</comp>

<comp id="2830" class="1005" name="new_stq_mask_addr_2_reg_2830">
<pin_list>
<pin id="2831" dir="0" index="0" bw="3" slack="1"/>
<pin id="2832" dir="1" index="1" bw="3" slack="1"/>
</pin_list>
<bind>
<opset="new_stq_mask_addr_2 "/>
</bind>
</comp>

<comp id="2835" class="1005" name="new_stq_size_addr_2_reg_2835">
<pin_list>
<pin id="2836" dir="0" index="0" bw="3" slack="1"/>
<pin id="2837" dir="1" index="1" bw="3" slack="1"/>
</pin_list>
<bind>
<opset="new_stq_size_addr_2 "/>
</bind>
</comp>

<comp id="2840" class="1005" name="new_stq_branch_mask_addr_2_reg_2840">
<pin_list>
<pin id="2841" dir="0" index="0" bw="3" slack="1"/>
<pin id="2842" dir="1" index="1" bw="3" slack="1"/>
</pin_list>
<bind>
<opset="new_stq_branch_mask_addr_2 "/>
</bind>
</comp>

<comp id="2845" class="1005" name="new_stq_rob_allocation_id_addr_2_reg_2845">
<pin_list>
<pin id="2846" dir="0" index="0" bw="3" slack="1"/>
<pin id="2847" dir="1" index="1" bw="3" slack="1"/>
</pin_list>
<bind>
<opset="new_stq_rob_allocation_id_addr_2 "/>
</bind>
</comp>

<comp id="2850" class="1005" name="new_stq_addr_6_reg_2850">
<pin_list>
<pin id="2851" dir="0" index="0" bw="3" slack="1"/>
<pin id="2852" dir="1" index="1" bw="3" slack="1"/>
</pin_list>
<bind>
<opset="new_stq_addr_6 "/>
</bind>
</comp>

<comp id="2855" class="1005" name="new_stq_data_addr_2_reg_2855">
<pin_list>
<pin id="2856" dir="0" index="0" bw="3" slack="1"/>
<pin id="2857" dir="1" index="1" bw="3" slack="1"/>
</pin_list>
<bind>
<opset="new_stq_data_addr_2 "/>
</bind>
</comp>

</comp_list>

<net_list>
<net id="129"><net_src comp="70" pin="0"/><net_sink comp="126" pin=0"/></net>

<net id="133"><net_src comp="74" pin="0"/><net_sink comp="130" pin=0"/></net>

<net id="137"><net_src comp="74" pin="0"/><net_sink comp="134" pin=0"/></net>

<net id="141"><net_src comp="74" pin="0"/><net_sink comp="138" pin=0"/></net>

<net id="145"><net_src comp="74" pin="0"/><net_sink comp="142" pin=0"/></net>

<net id="149"><net_src comp="74" pin="0"/><net_sink comp="146" pin=0"/></net>

<net id="153"><net_src comp="74" pin="0"/><net_sink comp="150" pin=0"/></net>

<net id="157"><net_src comp="74" pin="0"/><net_sink comp="154" pin=0"/></net>

<net id="161"><net_src comp="74" pin="0"/><net_sink comp="158" pin=0"/></net>

<net id="165"><net_src comp="74" pin="0"/><net_sink comp="162" pin=0"/></net>

<net id="169"><net_src comp="74" pin="0"/><net_sink comp="166" pin=0"/></net>

<net id="173"><net_src comp="74" pin="0"/><net_sink comp="170" pin=0"/></net>

<net id="177"><net_src comp="74" pin="0"/><net_sink comp="174" pin=0"/></net>

<net id="181"><net_src comp="74" pin="0"/><net_sink comp="178" pin=0"/></net>

<net id="185"><net_src comp="74" pin="0"/><net_sink comp="182" pin=0"/></net>

<net id="189"><net_src comp="74" pin="0"/><net_sink comp="186" pin=0"/></net>

<net id="193"><net_src comp="74" pin="0"/><net_sink comp="190" pin=0"/></net>

<net id="197"><net_src comp="74" pin="0"/><net_sink comp="194" pin=0"/></net>

<net id="201"><net_src comp="74" pin="0"/><net_sink comp="198" pin=0"/></net>

<net id="205"><net_src comp="74" pin="0"/><net_sink comp="202" pin=0"/></net>

<net id="209"><net_src comp="74" pin="0"/><net_sink comp="206" pin=0"/></net>

<net id="213"><net_src comp="74" pin="0"/><net_sink comp="210" pin=0"/></net>

<net id="217"><net_src comp="74" pin="0"/><net_sink comp="214" pin=0"/></net>

<net id="221"><net_src comp="74" pin="0"/><net_sink comp="218" pin=0"/></net>

<net id="225"><net_src comp="74" pin="0"/><net_sink comp="222" pin=0"/></net>

<net id="229"><net_src comp="74" pin="0"/><net_sink comp="226" pin=0"/></net>

<net id="233"><net_src comp="74" pin="0"/><net_sink comp="230" pin=0"/></net>

<net id="237"><net_src comp="70" pin="0"/><net_sink comp="234" pin=0"/></net>

<net id="241"><net_src comp="70" pin="0"/><net_sink comp="238" pin=0"/></net>

<net id="245"><net_src comp="70" pin="0"/><net_sink comp="242" pin=0"/></net>

<net id="249"><net_src comp="70" pin="0"/><net_sink comp="246" pin=0"/></net>

<net id="253"><net_src comp="70" pin="0"/><net_sink comp="250" pin=0"/></net>

<net id="257"><net_src comp="70" pin="0"/><net_sink comp="254" pin=0"/></net>

<net id="261"><net_src comp="70" pin="0"/><net_sink comp="258" pin=0"/></net>

<net id="265"><net_src comp="70" pin="0"/><net_sink comp="262" pin=0"/></net>

<net id="269"><net_src comp="70" pin="0"/><net_sink comp="266" pin=0"/></net>

<net id="274"><net_src comp="72" pin="0"/><net_sink comp="270" pin=0"/></net>

<net id="275"><net_src comp="0" pin="0"/><net_sink comp="270" pin=1"/></net>

<net id="281"><net_src comp="80" pin="0"/><net_sink comp="276" pin=1"/></net>

<net id="287"><net_src comp="80" pin="0"/><net_sink comp="282" pin=1"/></net>

<net id="293"><net_src comp="80" pin="0"/><net_sink comp="288" pin=1"/></net>

<net id="299"><net_src comp="80" pin="0"/><net_sink comp="294" pin=1"/></net>

<net id="305"><net_src comp="80" pin="0"/><net_sink comp="300" pin=1"/></net>

<net id="311"><net_src comp="80" pin="0"/><net_sink comp="306" pin=1"/></net>

<net id="317"><net_src comp="80" pin="0"/><net_sink comp="312" pin=1"/></net>

<net id="323"><net_src comp="80" pin="0"/><net_sink comp="318" pin=1"/></net>

<net id="329"><net_src comp="80" pin="0"/><net_sink comp="324" pin=1"/></net>

<net id="335"><net_src comp="80" pin="0"/><net_sink comp="330" pin=1"/></net>

<net id="341"><net_src comp="80" pin="0"/><net_sink comp="336" pin=1"/></net>

<net id="347"><net_src comp="80" pin="0"/><net_sink comp="342" pin=1"/></net>

<net id="353"><net_src comp="82" pin="0"/><net_sink comp="348" pin=1"/></net>

<net id="354"><net_src comp="276" pin="3"/><net_sink comp="348" pin=0"/></net>

<net id="360"><net_src comp="82" pin="0"/><net_sink comp="355" pin=1"/></net>

<net id="361"><net_src comp="282" pin="3"/><net_sink comp="355" pin=0"/></net>

<net id="367"><net_src comp="82" pin="0"/><net_sink comp="362" pin=1"/></net>

<net id="368"><net_src comp="288" pin="3"/><net_sink comp="362" pin=0"/></net>

<net id="374"><net_src comp="82" pin="0"/><net_sink comp="369" pin=1"/></net>

<net id="375"><net_src comp="294" pin="3"/><net_sink comp="369" pin=0"/></net>

<net id="381"><net_src comp="82" pin="0"/><net_sink comp="376" pin=1"/></net>

<net id="382"><net_src comp="300" pin="3"/><net_sink comp="376" pin=0"/></net>

<net id="388"><net_src comp="84" pin="0"/><net_sink comp="383" pin=1"/></net>

<net id="389"><net_src comp="306" pin="3"/><net_sink comp="383" pin=0"/></net>

<net id="395"><net_src comp="84" pin="0"/><net_sink comp="390" pin=1"/></net>

<net id="396"><net_src comp="312" pin="3"/><net_sink comp="390" pin=0"/></net>

<net id="402"><net_src comp="84" pin="0"/><net_sink comp="397" pin=1"/></net>

<net id="403"><net_src comp="318" pin="3"/><net_sink comp="397" pin=0"/></net>

<net id="409"><net_src comp="86" pin="0"/><net_sink comp="404" pin=1"/></net>

<net id="410"><net_src comp="324" pin="3"/><net_sink comp="404" pin=0"/></net>

<net id="416"><net_src comp="86" pin="0"/><net_sink comp="411" pin=1"/></net>

<net id="417"><net_src comp="330" pin="3"/><net_sink comp="411" pin=0"/></net>

<net id="423"><net_src comp="80" pin="0"/><net_sink comp="418" pin=1"/></net>

<net id="424"><net_src comp="336" pin="3"/><net_sink comp="418" pin=0"/></net>

<net id="430"><net_src comp="80" pin="0"/><net_sink comp="425" pin=1"/></net>

<net id="431"><net_src comp="342" pin="3"/><net_sink comp="425" pin=0"/></net>

<net id="437"><net_src comp="80" pin="0"/><net_sink comp="432" pin=1"/></net>

<net id="443"><net_src comp="80" pin="0"/><net_sink comp="438" pin=1"/></net>

<net id="449"><net_src comp="80" pin="0"/><net_sink comp="444" pin=1"/></net>

<net id="455"><net_src comp="80" pin="0"/><net_sink comp="450" pin=1"/></net>

<net id="461"><net_src comp="80" pin="0"/><net_sink comp="456" pin=1"/></net>

<net id="467"><net_src comp="80" pin="0"/><net_sink comp="462" pin=1"/></net>

<net id="473"><net_src comp="80" pin="0"/><net_sink comp="468" pin=1"/></net>

<net id="479"><net_src comp="80" pin="0"/><net_sink comp="474" pin=1"/></net>

<net id="485"><net_src comp="80" pin="0"/><net_sink comp="480" pin=1"/></net>

<net id="491"><net_src comp="80" pin="0"/><net_sink comp="486" pin=1"/></net>

<net id="497"><net_src comp="80" pin="0"/><net_sink comp="492" pin=1"/></net>

<net id="503"><net_src comp="80" pin="0"/><net_sink comp="498" pin=1"/></net>

<net id="509"><net_src comp="80" pin="0"/><net_sink comp="504" pin=1"/></net>

<net id="515"><net_src comp="80" pin="0"/><net_sink comp="510" pin=1"/></net>

<net id="521"><net_src comp="82" pin="0"/><net_sink comp="516" pin=1"/></net>

<net id="522"><net_src comp="432" pin="3"/><net_sink comp="516" pin=0"/></net>

<net id="528"><net_src comp="82" pin="0"/><net_sink comp="523" pin=1"/></net>

<net id="529"><net_src comp="438" pin="3"/><net_sink comp="523" pin=0"/></net>

<net id="535"><net_src comp="82" pin="0"/><net_sink comp="530" pin=1"/></net>

<net id="536"><net_src comp="444" pin="3"/><net_sink comp="530" pin=0"/></net>

<net id="542"><net_src comp="82" pin="0"/><net_sink comp="537" pin=1"/></net>

<net id="543"><net_src comp="450" pin="3"/><net_sink comp="537" pin=0"/></net>

<net id="549"><net_src comp="82" pin="0"/><net_sink comp="544" pin=1"/></net>

<net id="550"><net_src comp="456" pin="3"/><net_sink comp="544" pin=0"/></net>

<net id="556"><net_src comp="82" pin="0"/><net_sink comp="551" pin=1"/></net>

<net id="557"><net_src comp="462" pin="3"/><net_sink comp="551" pin=0"/></net>

<net id="563"><net_src comp="82" pin="0"/><net_sink comp="558" pin=1"/></net>

<net id="564"><net_src comp="468" pin="3"/><net_sink comp="558" pin=0"/></net>

<net id="570"><net_src comp="84" pin="0"/><net_sink comp="565" pin=1"/></net>

<net id="571"><net_src comp="474" pin="3"/><net_sink comp="565" pin=0"/></net>

<net id="577"><net_src comp="84" pin="0"/><net_sink comp="572" pin=1"/></net>

<net id="578"><net_src comp="480" pin="3"/><net_sink comp="572" pin=0"/></net>

<net id="584"><net_src comp="84" pin="0"/><net_sink comp="579" pin=1"/></net>

<net id="585"><net_src comp="486" pin="3"/><net_sink comp="579" pin=0"/></net>

<net id="591"><net_src comp="84" pin="0"/><net_sink comp="586" pin=1"/></net>

<net id="592"><net_src comp="492" pin="3"/><net_sink comp="586" pin=0"/></net>

<net id="598"><net_src comp="86" pin="0"/><net_sink comp="593" pin=1"/></net>

<net id="599"><net_src comp="498" pin="3"/><net_sink comp="593" pin=0"/></net>

<net id="605"><net_src comp="80" pin="0"/><net_sink comp="600" pin=1"/></net>

<net id="606"><net_src comp="504" pin="3"/><net_sink comp="600" pin=0"/></net>

<net id="612"><net_src comp="80" pin="0"/><net_sink comp="607" pin=1"/></net>

<net id="613"><net_src comp="510" pin="3"/><net_sink comp="607" pin=0"/></net>

<net id="619"><net_src comp="2" pin="0"/><net_sink comp="614" pin=0"/></net>

<net id="620"><net_src comp="80" pin="0"/><net_sink comp="614" pin=1"/></net>

<net id="626"><net_src comp="614" pin="3"/><net_sink comp="621" pin=0"/></net>

<net id="632"><net_src comp="4" pin="0"/><net_sink comp="627" pin=0"/></net>

<net id="633"><net_src comp="80" pin="0"/><net_sink comp="627" pin=1"/></net>

<net id="639"><net_src comp="627" pin="3"/><net_sink comp="634" pin=0"/></net>

<net id="645"><net_src comp="10" pin="0"/><net_sink comp="640" pin=0"/></net>

<net id="646"><net_src comp="80" pin="0"/><net_sink comp="640" pin=1"/></net>

<net id="652"><net_src comp="640" pin="3"/><net_sink comp="647" pin=0"/></net>

<net id="658"><net_src comp="18" pin="0"/><net_sink comp="653" pin=0"/></net>

<net id="659"><net_src comp="80" pin="0"/><net_sink comp="653" pin=1"/></net>

<net id="665"><net_src comp="653" pin="3"/><net_sink comp="660" pin=0"/></net>

<net id="671"><net_src comp="20" pin="0"/><net_sink comp="666" pin=0"/></net>

<net id="672"><net_src comp="80" pin="0"/><net_sink comp="666" pin=1"/></net>

<net id="678"><net_src comp="666" pin="3"/><net_sink comp="673" pin=0"/></net>

<net id="684"><net_src comp="22" pin="0"/><net_sink comp="679" pin=0"/></net>

<net id="685"><net_src comp="80" pin="0"/><net_sink comp="679" pin=1"/></net>

<net id="691"><net_src comp="679" pin="3"/><net_sink comp="686" pin=0"/></net>

<net id="697"><net_src comp="24" pin="0"/><net_sink comp="692" pin=0"/></net>

<net id="698"><net_src comp="80" pin="0"/><net_sink comp="692" pin=1"/></net>

<net id="704"><net_src comp="692" pin="3"/><net_sink comp="699" pin=0"/></net>

<net id="710"><net_src comp="26" pin="0"/><net_sink comp="705" pin=0"/></net>

<net id="711"><net_src comp="80" pin="0"/><net_sink comp="705" pin=1"/></net>

<net id="717"><net_src comp="705" pin="3"/><net_sink comp="712" pin=0"/></net>

<net id="723"><net_src comp="28" pin="0"/><net_sink comp="718" pin=0"/></net>

<net id="724"><net_src comp="80" pin="0"/><net_sink comp="718" pin=1"/></net>

<net id="730"><net_src comp="718" pin="3"/><net_sink comp="725" pin=0"/></net>

<net id="736"><net_src comp="14" pin="0"/><net_sink comp="731" pin=0"/></net>

<net id="737"><net_src comp="80" pin="0"/><net_sink comp="731" pin=1"/></net>

<net id="743"><net_src comp="731" pin="3"/><net_sink comp="738" pin=0"/></net>

<net id="749"><net_src comp="30" pin="0"/><net_sink comp="744" pin=0"/></net>

<net id="750"><net_src comp="80" pin="0"/><net_sink comp="744" pin=1"/></net>

<net id="756"><net_src comp="744" pin="3"/><net_sink comp="751" pin=0"/></net>

<net id="762"><net_src comp="32" pin="0"/><net_sink comp="757" pin=0"/></net>

<net id="763"><net_src comp="80" pin="0"/><net_sink comp="757" pin=1"/></net>

<net id="769"><net_src comp="757" pin="3"/><net_sink comp="764" pin=0"/></net>

<net id="775"><net_src comp="14" pin="0"/><net_sink comp="770" pin=0"/></net>

<net id="776"><net_src comp="80" pin="0"/><net_sink comp="770" pin=1"/></net>

<net id="777"><net_src comp="770" pin="3"/><net_sink comp="738" pin=0"/></net>

<net id="778"><net_src comp="82" pin="0"/><net_sink comp="621" pin=1"/></net>

<net id="784"><net_src comp="18" pin="0"/><net_sink comp="779" pin=0"/></net>

<net id="785"><net_src comp="80" pin="0"/><net_sink comp="779" pin=1"/></net>

<net id="786"><net_src comp="82" pin="0"/><net_sink comp="660" pin=1"/></net>

<net id="787"><net_src comp="779" pin="3"/><net_sink comp="660" pin=0"/></net>

<net id="793"><net_src comp="20" pin="0"/><net_sink comp="788" pin=0"/></net>

<net id="794"><net_src comp="80" pin="0"/><net_sink comp="788" pin=1"/></net>

<net id="795"><net_src comp="82" pin="0"/><net_sink comp="673" pin=1"/></net>

<net id="796"><net_src comp="788" pin="3"/><net_sink comp="673" pin=0"/></net>

<net id="802"><net_src comp="22" pin="0"/><net_sink comp="797" pin=0"/></net>

<net id="803"><net_src comp="80" pin="0"/><net_sink comp="797" pin=1"/></net>

<net id="804"><net_src comp="82" pin="0"/><net_sink comp="686" pin=1"/></net>

<net id="805"><net_src comp="797" pin="3"/><net_sink comp="686" pin=0"/></net>

<net id="811"><net_src comp="24" pin="0"/><net_sink comp="806" pin=0"/></net>

<net id="812"><net_src comp="80" pin="0"/><net_sink comp="806" pin=1"/></net>

<net id="813"><net_src comp="82" pin="0"/><net_sink comp="699" pin=1"/></net>

<net id="814"><net_src comp="806" pin="3"/><net_sink comp="699" pin=0"/></net>

<net id="815"><net_src comp="84" pin="0"/><net_sink comp="647" pin=1"/></net>

<net id="821"><net_src comp="26" pin="0"/><net_sink comp="816" pin=0"/></net>

<net id="822"><net_src comp="80" pin="0"/><net_sink comp="816" pin=1"/></net>

<net id="823"><net_src comp="84" pin="0"/><net_sink comp="712" pin=1"/></net>

<net id="824"><net_src comp="816" pin="3"/><net_sink comp="712" pin=0"/></net>

<net id="825"><net_src comp="84" pin="0"/><net_sink comp="634" pin=1"/></net>

<net id="831"><net_src comp="28" pin="0"/><net_sink comp="826" pin=0"/></net>

<net id="832"><net_src comp="80" pin="0"/><net_sink comp="826" pin=1"/></net>

<net id="833"><net_src comp="86" pin="0"/><net_sink comp="725" pin=1"/></net>

<net id="834"><net_src comp="826" pin="3"/><net_sink comp="725" pin=0"/></net>

<net id="840"><net_src comp="14" pin="0"/><net_sink comp="835" pin=0"/></net>

<net id="841"><net_src comp="80" pin="0"/><net_sink comp="835" pin=1"/></net>

<net id="842"><net_src comp="86" pin="0"/><net_sink comp="738" pin=1"/></net>

<net id="843"><net_src comp="835" pin="3"/><net_sink comp="738" pin=0"/></net>

<net id="849"><net_src comp="30" pin="0"/><net_sink comp="844" pin=0"/></net>

<net id="850"><net_src comp="80" pin="0"/><net_sink comp="844" pin=1"/></net>

<net id="851"><net_src comp="80" pin="0"/><net_sink comp="751" pin=1"/></net>

<net id="852"><net_src comp="844" pin="3"/><net_sink comp="751" pin=0"/></net>

<net id="858"><net_src comp="32" pin="0"/><net_sink comp="853" pin=0"/></net>

<net id="859"><net_src comp="80" pin="0"/><net_sink comp="853" pin=1"/></net>

<net id="860"><net_src comp="80" pin="0"/><net_sink comp="764" pin=1"/></net>

<net id="861"><net_src comp="853" pin="3"/><net_sink comp="764" pin=0"/></net>

<net id="867"><net_src comp="80" pin="0"/><net_sink comp="862" pin=1"/></net>

<net id="873"><net_src comp="80" pin="0"/><net_sink comp="868" pin=1"/></net>

<net id="879"><net_src comp="80" pin="0"/><net_sink comp="874" pin=1"/></net>

<net id="885"><net_src comp="80" pin="0"/><net_sink comp="880" pin=1"/></net>

<net id="891"><net_src comp="80" pin="0"/><net_sink comp="886" pin=1"/></net>

<net id="897"><net_src comp="80" pin="0"/><net_sink comp="892" pin=1"/></net>

<net id="903"><net_src comp="80" pin="0"/><net_sink comp="898" pin=1"/></net>

<net id="909"><net_src comp="80" pin="0"/><net_sink comp="904" pin=1"/></net>

<net id="915"><net_src comp="80" pin="0"/><net_sink comp="910" pin=1"/></net>

<net id="921"><net_src comp="80" pin="0"/><net_sink comp="916" pin=1"/></net>

<net id="927"><net_src comp="80" pin="0"/><net_sink comp="922" pin=1"/></net>

<net id="933"><net_src comp="80" pin="0"/><net_sink comp="928" pin=1"/></net>

<net id="934"><net_src comp="106" pin="0"/><net_sink comp="348" pin=1"/></net>

<net id="935"><net_src comp="862" pin="3"/><net_sink comp="348" pin=0"/></net>

<net id="936"><net_src comp="660" pin="3"/><net_sink comp="355" pin=1"/></net>

<net id="937"><net_src comp="868" pin="3"/><net_sink comp="355" pin=0"/></net>

<net id="938"><net_src comp="673" pin="3"/><net_sink comp="362" pin=1"/></net>

<net id="939"><net_src comp="874" pin="3"/><net_sink comp="362" pin=0"/></net>

<net id="940"><net_src comp="686" pin="3"/><net_sink comp="369" pin=1"/></net>

<net id="941"><net_src comp="880" pin="3"/><net_sink comp="369" pin=0"/></net>

<net id="942"><net_src comp="699" pin="3"/><net_sink comp="376" pin=1"/></net>

<net id="943"><net_src comp="886" pin="3"/><net_sink comp="376" pin=0"/></net>

<net id="944"><net_src comp="647" pin="3"/><net_sink comp="383" pin=1"/></net>

<net id="945"><net_src comp="892" pin="3"/><net_sink comp="383" pin=0"/></net>

<net id="946"><net_src comp="712" pin="3"/><net_sink comp="390" pin=1"/></net>

<net id="947"><net_src comp="898" pin="3"/><net_sink comp="390" pin=0"/></net>

<net id="948"><net_src comp="904" pin="3"/><net_sink comp="397" pin=0"/></net>

<net id="949"><net_src comp="725" pin="3"/><net_sink comp="404" pin=1"/></net>

<net id="950"><net_src comp="910" pin="3"/><net_sink comp="404" pin=0"/></net>

<net id="951"><net_src comp="738" pin="3"/><net_sink comp="411" pin=1"/></net>

<net id="952"><net_src comp="916" pin="3"/><net_sink comp="411" pin=0"/></net>

<net id="953"><net_src comp="751" pin="3"/><net_sink comp="418" pin=1"/></net>

<net id="954"><net_src comp="922" pin="3"/><net_sink comp="418" pin=0"/></net>

<net id="955"><net_src comp="764" pin="3"/><net_sink comp="425" pin=1"/></net>

<net id="956"><net_src comp="928" pin="3"/><net_sink comp="425" pin=0"/></net>

<net id="962"><net_src comp="34" pin="0"/><net_sink comp="957" pin=0"/></net>

<net id="963"><net_src comp="80" pin="0"/><net_sink comp="957" pin=1"/></net>

<net id="969"><net_src comp="957" pin="3"/><net_sink comp="964" pin=0"/></net>

<net id="975"><net_src comp="36" pin="0"/><net_sink comp="970" pin=0"/></net>

<net id="976"><net_src comp="80" pin="0"/><net_sink comp="970" pin=1"/></net>

<net id="982"><net_src comp="970" pin="3"/><net_sink comp="977" pin=0"/></net>

<net id="988"><net_src comp="38" pin="0"/><net_sink comp="983" pin=0"/></net>

<net id="989"><net_src comp="80" pin="0"/><net_sink comp="983" pin=1"/></net>

<net id="995"><net_src comp="40" pin="0"/><net_sink comp="990" pin=0"/></net>

<net id="996"><net_src comp="80" pin="0"/><net_sink comp="990" pin=1"/></net>

<net id="1002"><net_src comp="42" pin="0"/><net_sink comp="997" pin=0"/></net>

<net id="1003"><net_src comp="80" pin="0"/><net_sink comp="997" pin=1"/></net>

<net id="1009"><net_src comp="44" pin="0"/><net_sink comp="1004" pin=0"/></net>

<net id="1010"><net_src comp="80" pin="0"/><net_sink comp="1004" pin=1"/></net>

<net id="1016"><net_src comp="46" pin="0"/><net_sink comp="1011" pin=0"/></net>

<net id="1017"><net_src comp="80" pin="0"/><net_sink comp="1011" pin=1"/></net>

<net id="1023"><net_src comp="48" pin="0"/><net_sink comp="1018" pin=0"/></net>

<net id="1024"><net_src comp="80" pin="0"/><net_sink comp="1018" pin=1"/></net>

<net id="1030"><net_src comp="50" pin="0"/><net_sink comp="1025" pin=0"/></net>

<net id="1031"><net_src comp="80" pin="0"/><net_sink comp="1025" pin=1"/></net>

<net id="1037"><net_src comp="52" pin="0"/><net_sink comp="1032" pin=0"/></net>

<net id="1038"><net_src comp="80" pin="0"/><net_sink comp="1032" pin=1"/></net>

<net id="1044"><net_src comp="54" pin="0"/><net_sink comp="1039" pin=0"/></net>

<net id="1045"><net_src comp="80" pin="0"/><net_sink comp="1039" pin=1"/></net>

<net id="1051"><net_src comp="56" pin="0"/><net_sink comp="1046" pin=0"/></net>

<net id="1052"><net_src comp="80" pin="0"/><net_sink comp="1046" pin=1"/></net>

<net id="1058"><net_src comp="58" pin="0"/><net_sink comp="1053" pin=0"/></net>

<net id="1059"><net_src comp="80" pin="0"/><net_sink comp="1053" pin=1"/></net>

<net id="1065"><net_src comp="60" pin="0"/><net_sink comp="1060" pin=0"/></net>

<net id="1066"><net_src comp="80" pin="0"/><net_sink comp="1060" pin=1"/></net>

<net id="1067"><net_src comp="82" pin="0"/><net_sink comp="964" pin=1"/></net>

<net id="1073"><net_src comp="82" pin="0"/><net_sink comp="1068" pin=1"/></net>

<net id="1079"><net_src comp="82" pin="0"/><net_sink comp="1074" pin=1"/></net>

<net id="1085"><net_src comp="82" pin="0"/><net_sink comp="1080" pin=1"/></net>

<net id="1091"><net_src comp="82" pin="0"/><net_sink comp="1086" pin=1"/></net>

<net id="1097"><net_src comp="82" pin="0"/><net_sink comp="1092" pin=1"/></net>

<net id="1103"><net_src comp="82" pin="0"/><net_sink comp="1098" pin=1"/></net>

<net id="1109"><net_src comp="84" pin="0"/><net_sink comp="1104" pin=1"/></net>

<net id="1115"><net_src comp="84" pin="0"/><net_sink comp="1110" pin=1"/></net>

<net id="1121"><net_src comp="84" pin="0"/><net_sink comp="1116" pin=1"/></net>

<net id="1122"><net_src comp="84" pin="0"/><net_sink comp="977" pin=1"/></net>

<net id="1128"><net_src comp="86" pin="0"/><net_sink comp="1123" pin=1"/></net>

<net id="1134"><net_src comp="80" pin="0"/><net_sink comp="1129" pin=1"/></net>

<net id="1140"><net_src comp="80" pin="0"/><net_sink comp="1135" pin=1"/></net>

<net id="1146"><net_src comp="80" pin="0"/><net_sink comp="1141" pin=1"/></net>

<net id="1152"><net_src comp="80" pin="0"/><net_sink comp="1147" pin=1"/></net>

<net id="1158"><net_src comp="80" pin="0"/><net_sink comp="1153" pin=1"/></net>

<net id="1164"><net_src comp="80" pin="0"/><net_sink comp="1159" pin=1"/></net>

<net id="1170"><net_src comp="80" pin="0"/><net_sink comp="1165" pin=1"/></net>

<net id="1176"><net_src comp="80" pin="0"/><net_sink comp="1171" pin=1"/></net>

<net id="1182"><net_src comp="80" pin="0"/><net_sink comp="1177" pin=1"/></net>

<net id="1188"><net_src comp="80" pin="0"/><net_sink comp="1183" pin=1"/></net>

<net id="1194"><net_src comp="80" pin="0"/><net_sink comp="1189" pin=1"/></net>

<net id="1200"><net_src comp="80" pin="0"/><net_sink comp="1195" pin=1"/></net>

<net id="1206"><net_src comp="80" pin="0"/><net_sink comp="1201" pin=1"/></net>

<net id="1212"><net_src comp="80" pin="0"/><net_sink comp="1207" pin=1"/></net>

<net id="1218"><net_src comp="80" pin="0"/><net_sink comp="1213" pin=1"/></net>

<net id="1224"><net_src comp="80" pin="0"/><net_sink comp="1219" pin=1"/></net>

<net id="1225"><net_src comp="106" pin="0"/><net_sink comp="516" pin=1"/></net>

<net id="1226"><net_src comp="1141" pin="3"/><net_sink comp="516" pin=0"/></net>

<net id="1227"><net_src comp="1068" pin="3"/><net_sink comp="523" pin=1"/></net>

<net id="1228"><net_src comp="1147" pin="3"/><net_sink comp="523" pin=0"/></net>

<net id="1229"><net_src comp="1074" pin="3"/><net_sink comp="530" pin=1"/></net>

<net id="1230"><net_src comp="1153" pin="3"/><net_sink comp="530" pin=0"/></net>

<net id="1231"><net_src comp="1080" pin="3"/><net_sink comp="537" pin=1"/></net>

<net id="1232"><net_src comp="1159" pin="3"/><net_sink comp="537" pin=0"/></net>

<net id="1233"><net_src comp="1086" pin="3"/><net_sink comp="544" pin=1"/></net>

<net id="1234"><net_src comp="1165" pin="3"/><net_sink comp="544" pin=0"/></net>

<net id="1235"><net_src comp="1092" pin="3"/><net_sink comp="551" pin=1"/></net>

<net id="1236"><net_src comp="1171" pin="3"/><net_sink comp="551" pin=0"/></net>

<net id="1237"><net_src comp="1098" pin="3"/><net_sink comp="558" pin=1"/></net>

<net id="1238"><net_src comp="1177" pin="3"/><net_sink comp="558" pin=0"/></net>

<net id="1239"><net_src comp="1104" pin="3"/><net_sink comp="565" pin=1"/></net>

<net id="1240"><net_src comp="1183" pin="3"/><net_sink comp="565" pin=0"/></net>

<net id="1241"><net_src comp="1110" pin="3"/><net_sink comp="572" pin=1"/></net>

<net id="1242"><net_src comp="1189" pin="3"/><net_sink comp="572" pin=0"/></net>

<net id="1243"><net_src comp="1116" pin="3"/><net_sink comp="579" pin=1"/></net>

<net id="1244"><net_src comp="1195" pin="3"/><net_sink comp="579" pin=0"/></net>

<net id="1245"><net_src comp="1201" pin="3"/><net_sink comp="586" pin=0"/></net>

<net id="1246"><net_src comp="1123" pin="3"/><net_sink comp="593" pin=1"/></net>

<net id="1247"><net_src comp="1207" pin="3"/><net_sink comp="593" pin=0"/></net>

<net id="1248"><net_src comp="1129" pin="3"/><net_sink comp="600" pin=1"/></net>

<net id="1249"><net_src comp="1213" pin="3"/><net_sink comp="600" pin=0"/></net>

<net id="1250"><net_src comp="1135" pin="3"/><net_sink comp="607" pin=1"/></net>

<net id="1251"><net_src comp="1219" pin="3"/><net_sink comp="607" pin=0"/></net>

<net id="1257"><net_src comp="80" pin="0"/><net_sink comp="1252" pin=1"/></net>

<net id="1263"><net_src comp="80" pin="0"/><net_sink comp="1258" pin=1"/></net>

<net id="1269"><net_src comp="80" pin="0"/><net_sink comp="1264" pin=1"/></net>

<net id="1275"><net_src comp="80" pin="0"/><net_sink comp="1270" pin=1"/></net>

<net id="1281"><net_src comp="80" pin="0"/><net_sink comp="1276" pin=1"/></net>

<net id="1287"><net_src comp="80" pin="0"/><net_sink comp="1282" pin=1"/></net>

<net id="1293"><net_src comp="80" pin="0"/><net_sink comp="1288" pin=1"/></net>

<net id="1299"><net_src comp="80" pin="0"/><net_sink comp="1294" pin=1"/></net>

<net id="1305"><net_src comp="80" pin="0"/><net_sink comp="1300" pin=1"/></net>

<net id="1311"><net_src comp="80" pin="0"/><net_sink comp="1306" pin=1"/></net>

<net id="1317"><net_src comp="80" pin="0"/><net_sink comp="1312" pin=1"/></net>

<net id="1323"><net_src comp="80" pin="0"/><net_sink comp="1318" pin=1"/></net>

<net id="1324"><net_src comp="1252" pin="3"/><net_sink comp="348" pin=0"/></net>

<net id="1325"><net_src comp="1258" pin="3"/><net_sink comp="355" pin=0"/></net>

<net id="1326"><net_src comp="1264" pin="3"/><net_sink comp="362" pin=0"/></net>

<net id="1327"><net_src comp="1270" pin="3"/><net_sink comp="369" pin=0"/></net>

<net id="1328"><net_src comp="1276" pin="3"/><net_sink comp="376" pin=0"/></net>

<net id="1329"><net_src comp="1282" pin="3"/><net_sink comp="383" pin=0"/></net>

<net id="1330"><net_src comp="1288" pin="3"/><net_sink comp="390" pin=0"/></net>

<net id="1331"><net_src comp="1294" pin="3"/><net_sink comp="397" pin=0"/></net>

<net id="1332"><net_src comp="1300" pin="3"/><net_sink comp="404" pin=0"/></net>

<net id="1333"><net_src comp="1306" pin="3"/><net_sink comp="411" pin=0"/></net>

<net id="1334"><net_src comp="1312" pin="3"/><net_sink comp="418" pin=0"/></net>

<net id="1335"><net_src comp="1318" pin="3"/><net_sink comp="425" pin=0"/></net>

<net id="1341"><net_src comp="80" pin="0"/><net_sink comp="1336" pin=1"/></net>

<net id="1347"><net_src comp="80" pin="0"/><net_sink comp="1342" pin=1"/></net>

<net id="1353"><net_src comp="80" pin="0"/><net_sink comp="1348" pin=1"/></net>

<net id="1359"><net_src comp="80" pin="0"/><net_sink comp="1354" pin=1"/></net>

<net id="1365"><net_src comp="80" pin="0"/><net_sink comp="1360" pin=1"/></net>

<net id="1371"><net_src comp="80" pin="0"/><net_sink comp="1366" pin=1"/></net>

<net id="1377"><net_src comp="80" pin="0"/><net_sink comp="1372" pin=1"/></net>

<net id="1383"><net_src comp="80" pin="0"/><net_sink comp="1378" pin=1"/></net>

<net id="1389"><net_src comp="80" pin="0"/><net_sink comp="1384" pin=1"/></net>

<net id="1395"><net_src comp="80" pin="0"/><net_sink comp="1390" pin=1"/></net>

<net id="1401"><net_src comp="80" pin="0"/><net_sink comp="1396" pin=1"/></net>

<net id="1407"><net_src comp="80" pin="0"/><net_sink comp="1402" pin=1"/></net>

<net id="1413"><net_src comp="80" pin="0"/><net_sink comp="1408" pin=1"/></net>

<net id="1419"><net_src comp="80" pin="0"/><net_sink comp="1414" pin=1"/></net>

<net id="1420"><net_src comp="1336" pin="3"/><net_sink comp="516" pin=0"/></net>

<net id="1421"><net_src comp="1342" pin="3"/><net_sink comp="523" pin=0"/></net>

<net id="1422"><net_src comp="1348" pin="3"/><net_sink comp="530" pin=0"/></net>

<net id="1423"><net_src comp="1354" pin="3"/><net_sink comp="537" pin=0"/></net>

<net id="1424"><net_src comp="1360" pin="3"/><net_sink comp="544" pin=0"/></net>

<net id="1425"><net_src comp="1366" pin="3"/><net_sink comp="551" pin=0"/></net>

<net id="1426"><net_src comp="1372" pin="3"/><net_sink comp="558" pin=0"/></net>

<net id="1427"><net_src comp="1378" pin="3"/><net_sink comp="565" pin=0"/></net>

<net id="1428"><net_src comp="1384" pin="3"/><net_sink comp="572" pin=0"/></net>

<net id="1429"><net_src comp="1390" pin="3"/><net_sink comp="579" pin=0"/></net>

<net id="1430"><net_src comp="1396" pin="3"/><net_sink comp="586" pin=0"/></net>

<net id="1431"><net_src comp="1402" pin="3"/><net_sink comp="593" pin=0"/></net>

<net id="1432"><net_src comp="1408" pin="3"/><net_sink comp="600" pin=0"/></net>

<net id="1433"><net_src comp="1414" pin="3"/><net_sink comp="607" pin=0"/></net>

<net id="1439"><net_src comp="80" pin="0"/><net_sink comp="1434" pin=1"/></net>

<net id="1445"><net_src comp="80" pin="0"/><net_sink comp="1440" pin=1"/></net>

<net id="1451"><net_src comp="80" pin="0"/><net_sink comp="1446" pin=1"/></net>

<net id="1457"><net_src comp="80" pin="0"/><net_sink comp="1452" pin=1"/></net>

<net id="1463"><net_src comp="80" pin="0"/><net_sink comp="1458" pin=1"/></net>

<net id="1469"><net_src comp="80" pin="0"/><net_sink comp="1464" pin=1"/></net>

<net id="1475"><net_src comp="80" pin="0"/><net_sink comp="1470" pin=1"/></net>

<net id="1481"><net_src comp="80" pin="0"/><net_sink comp="1476" pin=1"/></net>

<net id="1487"><net_src comp="80" pin="0"/><net_sink comp="1482" pin=1"/></net>

<net id="1493"><net_src comp="80" pin="0"/><net_sink comp="1488" pin=1"/></net>

<net id="1499"><net_src comp="80" pin="0"/><net_sink comp="1494" pin=1"/></net>

<net id="1505"><net_src comp="80" pin="0"/><net_sink comp="1500" pin=1"/></net>

<net id="1506"><net_src comp="1434" pin="3"/><net_sink comp="348" pin=0"/></net>

<net id="1507"><net_src comp="1440" pin="3"/><net_sink comp="355" pin=0"/></net>

<net id="1508"><net_src comp="1446" pin="3"/><net_sink comp="362" pin=0"/></net>

<net id="1509"><net_src comp="1452" pin="3"/><net_sink comp="369" pin=0"/></net>

<net id="1510"><net_src comp="1458" pin="3"/><net_sink comp="376" pin=0"/></net>

<net id="1511"><net_src comp="1464" pin="3"/><net_sink comp="383" pin=0"/></net>

<net id="1512"><net_src comp="1470" pin="3"/><net_sink comp="390" pin=0"/></net>

<net id="1513"><net_src comp="1476" pin="3"/><net_sink comp="397" pin=0"/></net>

<net id="1514"><net_src comp="1482" pin="3"/><net_sink comp="404" pin=0"/></net>

<net id="1515"><net_src comp="1488" pin="3"/><net_sink comp="411" pin=0"/></net>

<net id="1516"><net_src comp="1494" pin="3"/><net_sink comp="418" pin=0"/></net>

<net id="1517"><net_src comp="1500" pin="3"/><net_sink comp="425" pin=0"/></net>

<net id="1523"><net_src comp="2" pin="0"/><net_sink comp="1518" pin=0"/></net>

<net id="1524"><net_src comp="80" pin="0"/><net_sink comp="1518" pin=1"/></net>

<net id="1525"><net_src comp="348" pin="3"/><net_sink comp="621" pin=1"/></net>

<net id="1526"><net_src comp="1518" pin="3"/><net_sink comp="621" pin=0"/></net>

<net id="1532"><net_src comp="18" pin="0"/><net_sink comp="1527" pin=0"/></net>

<net id="1533"><net_src comp="80" pin="0"/><net_sink comp="1527" pin=1"/></net>

<net id="1534"><net_src comp="355" pin="3"/><net_sink comp="660" pin=1"/></net>

<net id="1535"><net_src comp="1527" pin="3"/><net_sink comp="660" pin=0"/></net>

<net id="1541"><net_src comp="20" pin="0"/><net_sink comp="1536" pin=0"/></net>

<net id="1542"><net_src comp="80" pin="0"/><net_sink comp="1536" pin=1"/></net>

<net id="1543"><net_src comp="362" pin="3"/><net_sink comp="673" pin=1"/></net>

<net id="1544"><net_src comp="1536" pin="3"/><net_sink comp="673" pin=0"/></net>

<net id="1550"><net_src comp="22" pin="0"/><net_sink comp="1545" pin=0"/></net>

<net id="1551"><net_src comp="80" pin="0"/><net_sink comp="1545" pin=1"/></net>

<net id="1552"><net_src comp="369" pin="3"/><net_sink comp="686" pin=1"/></net>

<net id="1553"><net_src comp="1545" pin="3"/><net_sink comp="686" pin=0"/></net>

<net id="1559"><net_src comp="24" pin="0"/><net_sink comp="1554" pin=0"/></net>

<net id="1560"><net_src comp="80" pin="0"/><net_sink comp="1554" pin=1"/></net>

<net id="1561"><net_src comp="376" pin="3"/><net_sink comp="699" pin=1"/></net>

<net id="1562"><net_src comp="1554" pin="3"/><net_sink comp="699" pin=0"/></net>

<net id="1568"><net_src comp="10" pin="0"/><net_sink comp="1563" pin=0"/></net>

<net id="1569"><net_src comp="80" pin="0"/><net_sink comp="1563" pin=1"/></net>

<net id="1570"><net_src comp="383" pin="3"/><net_sink comp="647" pin=1"/></net>

<net id="1571"><net_src comp="1563" pin="3"/><net_sink comp="647" pin=0"/></net>

<net id="1577"><net_src comp="26" pin="0"/><net_sink comp="1572" pin=0"/></net>

<net id="1578"><net_src comp="80" pin="0"/><net_sink comp="1572" pin=1"/></net>

<net id="1579"><net_src comp="390" pin="3"/><net_sink comp="712" pin=1"/></net>

<net id="1580"><net_src comp="1572" pin="3"/><net_sink comp="712" pin=0"/></net>

<net id="1586"><net_src comp="4" pin="0"/><net_sink comp="1581" pin=0"/></net>

<net id="1587"><net_src comp="80" pin="0"/><net_sink comp="1581" pin=1"/></net>

<net id="1588"><net_src comp="397" pin="3"/><net_sink comp="634" pin=1"/></net>

<net id="1589"><net_src comp="1581" pin="3"/><net_sink comp="634" pin=0"/></net>

<net id="1595"><net_src comp="28" pin="0"/><net_sink comp="1590" pin=0"/></net>

<net id="1596"><net_src comp="80" pin="0"/><net_sink comp="1590" pin=1"/></net>

<net id="1597"><net_src comp="404" pin="3"/><net_sink comp="725" pin=1"/></net>

<net id="1598"><net_src comp="1590" pin="3"/><net_sink comp="725" pin=0"/></net>

<net id="1604"><net_src comp="14" pin="0"/><net_sink comp="1599" pin=0"/></net>

<net id="1605"><net_src comp="80" pin="0"/><net_sink comp="1599" pin=1"/></net>

<net id="1606"><net_src comp="411" pin="3"/><net_sink comp="738" pin=1"/></net>

<net id="1607"><net_src comp="1599" pin="3"/><net_sink comp="738" pin=0"/></net>

<net id="1613"><net_src comp="30" pin="0"/><net_sink comp="1608" pin=0"/></net>

<net id="1614"><net_src comp="80" pin="0"/><net_sink comp="1608" pin=1"/></net>

<net id="1615"><net_src comp="418" pin="3"/><net_sink comp="751" pin=1"/></net>

<net id="1616"><net_src comp="1608" pin="3"/><net_sink comp="751" pin=0"/></net>

<net id="1622"><net_src comp="32" pin="0"/><net_sink comp="1617" pin=0"/></net>

<net id="1623"><net_src comp="80" pin="0"/><net_sink comp="1617" pin=1"/></net>

<net id="1624"><net_src comp="425" pin="3"/><net_sink comp="764" pin=1"/></net>

<net id="1625"><net_src comp="1617" pin="3"/><net_sink comp="764" pin=0"/></net>

<net id="1631"><net_src comp="80" pin="0"/><net_sink comp="1626" pin=1"/></net>

<net id="1637"><net_src comp="80" pin="0"/><net_sink comp="1632" pin=1"/></net>

<net id="1643"><net_src comp="80" pin="0"/><net_sink comp="1638" pin=1"/></net>

<net id="1649"><net_src comp="80" pin="0"/><net_sink comp="1644" pin=1"/></net>

<net id="1655"><net_src comp="80" pin="0"/><net_sink comp="1650" pin=1"/></net>

<net id="1661"><net_src comp="80" pin="0"/><net_sink comp="1656" pin=1"/></net>

<net id="1667"><net_src comp="80" pin="0"/><net_sink comp="1662" pin=1"/></net>

<net id="1673"><net_src comp="80" pin="0"/><net_sink comp="1668" pin=1"/></net>

<net id="1679"><net_src comp="80" pin="0"/><net_sink comp="1674" pin=1"/></net>

<net id="1685"><net_src comp="80" pin="0"/><net_sink comp="1680" pin=1"/></net>

<net id="1691"><net_src comp="80" pin="0"/><net_sink comp="1686" pin=1"/></net>

<net id="1697"><net_src comp="80" pin="0"/><net_sink comp="1692" pin=1"/></net>

<net id="1703"><net_src comp="80" pin="0"/><net_sink comp="1698" pin=1"/></net>

<net id="1709"><net_src comp="80" pin="0"/><net_sink comp="1704" pin=1"/></net>

<net id="1710"><net_src comp="1626" pin="3"/><net_sink comp="516" pin=0"/></net>

<net id="1711"><net_src comp="1632" pin="3"/><net_sink comp="523" pin=0"/></net>

<net id="1712"><net_src comp="1638" pin="3"/><net_sink comp="530" pin=0"/></net>

<net id="1713"><net_src comp="1644" pin="3"/><net_sink comp="537" pin=0"/></net>

<net id="1714"><net_src comp="1650" pin="3"/><net_sink comp="544" pin=0"/></net>

<net id="1715"><net_src comp="1656" pin="3"/><net_sink comp="551" pin=0"/></net>

<net id="1716"><net_src comp="1662" pin="3"/><net_sink comp="558" pin=0"/></net>

<net id="1717"><net_src comp="1668" pin="3"/><net_sink comp="565" pin=0"/></net>

<net id="1718"><net_src comp="1674" pin="3"/><net_sink comp="572" pin=0"/></net>

<net id="1719"><net_src comp="1680" pin="3"/><net_sink comp="579" pin=0"/></net>

<net id="1720"><net_src comp="1686" pin="3"/><net_sink comp="586" pin=0"/></net>

<net id="1721"><net_src comp="1692" pin="3"/><net_sink comp="593" pin=0"/></net>

<net id="1722"><net_src comp="1698" pin="3"/><net_sink comp="600" pin=0"/></net>

<net id="1723"><net_src comp="1704" pin="3"/><net_sink comp="607" pin=0"/></net>

<net id="1729"><net_src comp="34" pin="0"/><net_sink comp="1724" pin=0"/></net>

<net id="1730"><net_src comp="80" pin="0"/><net_sink comp="1724" pin=1"/></net>

<net id="1731"><net_src comp="516" pin="3"/><net_sink comp="964" pin=1"/></net>

<net id="1732"><net_src comp="1724" pin="3"/><net_sink comp="964" pin=0"/></net>

<net id="1738"><net_src comp="38" pin="0"/><net_sink comp="1733" pin=0"/></net>

<net id="1739"><net_src comp="80" pin="0"/><net_sink comp="1733" pin=1"/></net>

<net id="1740"><net_src comp="523" pin="3"/><net_sink comp="1068" pin=1"/></net>

<net id="1741"><net_src comp="1733" pin="3"/><net_sink comp="1068" pin=0"/></net>

<net id="1747"><net_src comp="40" pin="0"/><net_sink comp="1742" pin=0"/></net>

<net id="1748"><net_src comp="80" pin="0"/><net_sink comp="1742" pin=1"/></net>

<net id="1749"><net_src comp="530" pin="3"/><net_sink comp="1074" pin=1"/></net>

<net id="1750"><net_src comp="1742" pin="3"/><net_sink comp="1074" pin=0"/></net>

<net id="1756"><net_src comp="42" pin="0"/><net_sink comp="1751" pin=0"/></net>

<net id="1757"><net_src comp="80" pin="0"/><net_sink comp="1751" pin=1"/></net>

<net id="1758"><net_src comp="537" pin="3"/><net_sink comp="1080" pin=1"/></net>

<net id="1759"><net_src comp="1751" pin="3"/><net_sink comp="1080" pin=0"/></net>

<net id="1765"><net_src comp="44" pin="0"/><net_sink comp="1760" pin=0"/></net>

<net id="1766"><net_src comp="80" pin="0"/><net_sink comp="1760" pin=1"/></net>

<net id="1767"><net_src comp="544" pin="3"/><net_sink comp="1086" pin=1"/></net>

<net id="1768"><net_src comp="1760" pin="3"/><net_sink comp="1086" pin=0"/></net>

<net id="1774"><net_src comp="46" pin="0"/><net_sink comp="1769" pin=0"/></net>

<net id="1775"><net_src comp="80" pin="0"/><net_sink comp="1769" pin=1"/></net>

<net id="1776"><net_src comp="551" pin="3"/><net_sink comp="1092" pin=1"/></net>

<net id="1777"><net_src comp="1769" pin="3"/><net_sink comp="1092" pin=0"/></net>

<net id="1783"><net_src comp="48" pin="0"/><net_sink comp="1778" pin=0"/></net>

<net id="1784"><net_src comp="80" pin="0"/><net_sink comp="1778" pin=1"/></net>

<net id="1785"><net_src comp="558" pin="3"/><net_sink comp="1098" pin=1"/></net>

<net id="1786"><net_src comp="1778" pin="3"/><net_sink comp="1098" pin=0"/></net>

<net id="1792"><net_src comp="50" pin="0"/><net_sink comp="1787" pin=0"/></net>

<net id="1793"><net_src comp="80" pin="0"/><net_sink comp="1787" pin=1"/></net>

<net id="1794"><net_src comp="565" pin="3"/><net_sink comp="1104" pin=1"/></net>

<net id="1795"><net_src comp="1787" pin="3"/><net_sink comp="1104" pin=0"/></net>

<net id="1801"><net_src comp="52" pin="0"/><net_sink comp="1796" pin=0"/></net>

<net id="1802"><net_src comp="80" pin="0"/><net_sink comp="1796" pin=1"/></net>

<net id="1803"><net_src comp="572" pin="3"/><net_sink comp="1110" pin=1"/></net>

<net id="1804"><net_src comp="1796" pin="3"/><net_sink comp="1110" pin=0"/></net>

<net id="1810"><net_src comp="54" pin="0"/><net_sink comp="1805" pin=0"/></net>

<net id="1811"><net_src comp="80" pin="0"/><net_sink comp="1805" pin=1"/></net>

<net id="1812"><net_src comp="579" pin="3"/><net_sink comp="1116" pin=1"/></net>

<net id="1813"><net_src comp="1805" pin="3"/><net_sink comp="1116" pin=0"/></net>

<net id="1819"><net_src comp="36" pin="0"/><net_sink comp="1814" pin=0"/></net>

<net id="1820"><net_src comp="80" pin="0"/><net_sink comp="1814" pin=1"/></net>

<net id="1821"><net_src comp="586" pin="3"/><net_sink comp="977" pin=1"/></net>

<net id="1822"><net_src comp="1814" pin="3"/><net_sink comp="977" pin=0"/></net>

<net id="1828"><net_src comp="56" pin="0"/><net_sink comp="1823" pin=0"/></net>

<net id="1829"><net_src comp="80" pin="0"/><net_sink comp="1823" pin=1"/></net>

<net id="1830"><net_src comp="593" pin="3"/><net_sink comp="1123" pin=1"/></net>

<net id="1831"><net_src comp="1823" pin="3"/><net_sink comp="1123" pin=0"/></net>

<net id="1837"><net_src comp="58" pin="0"/><net_sink comp="1832" pin=0"/></net>

<net id="1838"><net_src comp="80" pin="0"/><net_sink comp="1832" pin=1"/></net>

<net id="1839"><net_src comp="600" pin="3"/><net_sink comp="1129" pin=1"/></net>

<net id="1840"><net_src comp="1832" pin="3"/><net_sink comp="1129" pin=0"/></net>

<net id="1846"><net_src comp="60" pin="0"/><net_sink comp="1841" pin=0"/></net>

<net id="1847"><net_src comp="80" pin="0"/><net_sink comp="1841" pin=1"/></net>

<net id="1848"><net_src comp="607" pin="3"/><net_sink comp="1135" pin=1"/></net>

<net id="1849"><net_src comp="1841" pin="3"/><net_sink comp="1135" pin=0"/></net>

<net id="1854"><net_src comp="76" pin="0"/><net_sink comp="1850" pin=0"/></net>

<net id="1862"><net_src comp="1855" pin="1"/><net_sink comp="1858" pin=0"/></net>

<net id="1863"><net_src comp="78" pin="0"/><net_sink comp="1858" pin=1"/></net>

<net id="1867"><net_src comp="1855" pin="1"/><net_sink comp="1864" pin=0"/></net>

<net id="1868"><net_src comp="1864" pin="1"/><net_sink comp="276" pin=2"/></net>

<net id="1869"><net_src comp="1864" pin="1"/><net_sink comp="282" pin=2"/></net>

<net id="1870"><net_src comp="1864" pin="1"/><net_sink comp="288" pin=2"/></net>

<net id="1871"><net_src comp="1864" pin="1"/><net_sink comp="294" pin=2"/></net>

<net id="1872"><net_src comp="1864" pin="1"/><net_sink comp="300" pin=2"/></net>

<net id="1873"><net_src comp="1864" pin="1"/><net_sink comp="306" pin=2"/></net>

<net id="1874"><net_src comp="1864" pin="1"/><net_sink comp="312" pin=2"/></net>

<net id="1875"><net_src comp="1864" pin="1"/><net_sink comp="318" pin=2"/></net>

<net id="1876"><net_src comp="1864" pin="1"/><net_sink comp="324" pin=2"/></net>

<net id="1877"><net_src comp="1864" pin="1"/><net_sink comp="330" pin=2"/></net>

<net id="1878"><net_src comp="1864" pin="1"/><net_sink comp="336" pin=2"/></net>

<net id="1879"><net_src comp="1864" pin="1"/><net_sink comp="342" pin=2"/></net>

<net id="1884"><net_src comp="1855" pin="1"/><net_sink comp="1880" pin=0"/></net>

<net id="1885"><net_src comp="88" pin="0"/><net_sink comp="1880" pin=1"/></net>

<net id="1890"><net_src comp="1858" pin="2"/><net_sink comp="1886" pin=0"/></net>

<net id="1895"><net_src comp="76" pin="0"/><net_sink comp="1891" pin=0"/></net>

<net id="1903"><net_src comp="1896" pin="1"/><net_sink comp="1899" pin=0"/></net>

<net id="1904"><net_src comp="78" pin="0"/><net_sink comp="1899" pin=1"/></net>

<net id="1908"><net_src comp="1896" pin="1"/><net_sink comp="1905" pin=0"/></net>

<net id="1909"><net_src comp="1905" pin="1"/><net_sink comp="432" pin=2"/></net>

<net id="1910"><net_src comp="1905" pin="1"/><net_sink comp="438" pin=2"/></net>

<net id="1911"><net_src comp="1905" pin="1"/><net_sink comp="444" pin=2"/></net>

<net id="1912"><net_src comp="1905" pin="1"/><net_sink comp="450" pin=2"/></net>

<net id="1913"><net_src comp="1905" pin="1"/><net_sink comp="456" pin=2"/></net>

<net id="1914"><net_src comp="1905" pin="1"/><net_sink comp="462" pin=2"/></net>

<net id="1915"><net_src comp="1905" pin="1"/><net_sink comp="468" pin=2"/></net>

<net id="1916"><net_src comp="1905" pin="1"/><net_sink comp="474" pin=2"/></net>

<net id="1917"><net_src comp="1905" pin="1"/><net_sink comp="480" pin=2"/></net>

<net id="1918"><net_src comp="1905" pin="1"/><net_sink comp="486" pin=2"/></net>

<net id="1919"><net_src comp="1905" pin="1"/><net_sink comp="492" pin=2"/></net>

<net id="1920"><net_src comp="1905" pin="1"/><net_sink comp="498" pin=2"/></net>

<net id="1921"><net_src comp="1905" pin="1"/><net_sink comp="504" pin=2"/></net>

<net id="1922"><net_src comp="1905" pin="1"/><net_sink comp="510" pin=2"/></net>

<net id="1927"><net_src comp="1896" pin="1"/><net_sink comp="1923" pin=0"/></net>

<net id="1928"><net_src comp="88" pin="0"/><net_sink comp="1923" pin=1"/></net>

<net id="1933"><net_src comp="1899" pin="2"/><net_sink comp="1929" pin=0"/></net>

<net id="1938"><net_src comp="86" pin="0"/><net_sink comp="1934" pin=0"/></net>

<net id="1943"><net_src comp="94" pin="0"/><net_sink comp="1939" pin=0"/></net>

<net id="1953"><net_src comp="1944" pin="1"/><net_sink comp="1950" pin=0"/></net>

<net id="1954"><net_src comp="1950" pin="1"/><net_sink comp="614" pin=2"/></net>

<net id="1959"><net_src comp="1944" pin="1"/><net_sink comp="1955" pin=0"/></net>

<net id="1960"><net_src comp="96" pin="0"/><net_sink comp="1955" pin=1"/></net>

<net id="1965"><net_src comp="1944" pin="1"/><net_sink comp="1961" pin=0"/></net>

<net id="1966"><net_src comp="98" pin="0"/><net_sink comp="1961" pin=1"/></net>

<net id="1971"><net_src comp="86" pin="0"/><net_sink comp="1967" pin=0"/></net>

<net id="1976"><net_src comp="94" pin="0"/><net_sink comp="1972" pin=0"/></net>

<net id="1981"><net_src comp="634" pin="3"/><net_sink comp="1977" pin=0"/></net>

<net id="1986"><net_src comp="1977" pin="2"/><net_sink comp="1982" pin=0"/></net>

<net id="1987"><net_src comp="84" pin="0"/><net_sink comp="1982" pin=1"/></net>

<net id="1991"><net_src comp="6" pin="0"/><net_sink comp="1988" pin=0"/></net>

<net id="1996"><net_src comp="70" pin="0"/><net_sink comp="1992" pin=1"/></net>

<net id="2001"><net_src comp="1992" pin="2"/><net_sink comp="1997" pin=0"/></net>

<net id="2005"><net_src comp="8" pin="0"/><net_sink comp="2002" pin=0"/></net>

<net id="2009"><net_src comp="2002" pin="1"/><net_sink comp="2006" pin=0"/></net>

<net id="2014"><net_src comp="2006" pin="1"/><net_sink comp="2010" pin=0"/></net>

<net id="2015"><net_src comp="647" pin="3"/><net_sink comp="2010" pin=1"/></net>

<net id="2019"><net_src comp="12" pin="0"/><net_sink comp="2016" pin=0"/></net>

<net id="2024"><net_src comp="2016" pin="1"/><net_sink comp="2020" pin=0"/></net>

<net id="2025"><net_src comp="738" pin="3"/><net_sink comp="2020" pin=1"/></net>

<net id="2030"><net_src comp="82" pin="0"/><net_sink comp="2026" pin=0"/></net>

<net id="2031"><net_src comp="6" pin="0"/><net_sink comp="2026" pin=1"/></net>

<net id="2036"><net_src comp="86" pin="0"/><net_sink comp="2032" pin=0"/></net>

<net id="2037"><net_src comp="16" pin="0"/><net_sink comp="2032" pin=1"/></net>

<net id="2042"><net_src comp="104" pin="0"/><net_sink comp="2038" pin=0"/></net>

<net id="2043"><net_src comp="8" pin="0"/><net_sink comp="2038" pin=1"/></net>

<net id="2048"><net_src comp="86" pin="0"/><net_sink comp="2044" pin=0"/></net>

<net id="2049"><net_src comp="12" pin="0"/><net_sink comp="2044" pin=1"/></net>

<net id="2057"><net_src comp="2054" pin="1"/><net_sink comp="862" pin=2"/></net>

<net id="2058"><net_src comp="2054" pin="1"/><net_sink comp="868" pin=2"/></net>

<net id="2059"><net_src comp="2054" pin="1"/><net_sink comp="874" pin=2"/></net>

<net id="2060"><net_src comp="2054" pin="1"/><net_sink comp="880" pin=2"/></net>

<net id="2061"><net_src comp="2054" pin="1"/><net_sink comp="886" pin=2"/></net>

<net id="2062"><net_src comp="2054" pin="1"/><net_sink comp="892" pin=2"/></net>

<net id="2063"><net_src comp="2054" pin="1"/><net_sink comp="898" pin=2"/></net>

<net id="2064"><net_src comp="2054" pin="1"/><net_sink comp="904" pin=2"/></net>

<net id="2065"><net_src comp="2054" pin="1"/><net_sink comp="910" pin=2"/></net>

<net id="2066"><net_src comp="2054" pin="1"/><net_sink comp="916" pin=2"/></net>

<net id="2067"><net_src comp="2054" pin="1"/><net_sink comp="922" pin=2"/></net>

<net id="2068"><net_src comp="2054" pin="1"/><net_sink comp="928" pin=2"/></net>

<net id="2078"><net_src comp="2069" pin="1"/><net_sink comp="2075" pin=0"/></net>

<net id="2079"><net_src comp="2075" pin="1"/><net_sink comp="957" pin=2"/></net>

<net id="2084"><net_src comp="2069" pin="1"/><net_sink comp="2080" pin=0"/></net>

<net id="2085"><net_src comp="96" pin="0"/><net_sink comp="2080" pin=1"/></net>

<net id="2090"><net_src comp="2069" pin="1"/><net_sink comp="2086" pin=0"/></net>

<net id="2091"><net_src comp="98" pin="0"/><net_sink comp="2086" pin=1"/></net>

<net id="2100"><net_src comp="977" pin="3"/><net_sink comp="2096" pin=0"/></net>

<net id="2105"><net_src comp="2096" pin="2"/><net_sink comp="2101" pin=0"/></net>

<net id="2106"><net_src comp="84" pin="0"/><net_sink comp="2101" pin=1"/></net>

<net id="2111"><net_src comp="70" pin="0"/><net_sink comp="2107" pin=1"/></net>

<net id="2116"><net_src comp="2107" pin="2"/><net_sink comp="2112" pin=0"/></net>

<net id="2120"><net_src comp="2117" pin="1"/><net_sink comp="1141" pin=2"/></net>

<net id="2121"><net_src comp="2117" pin="1"/><net_sink comp="1147" pin=2"/></net>

<net id="2122"><net_src comp="2117" pin="1"/><net_sink comp="1153" pin=2"/></net>

<net id="2123"><net_src comp="2117" pin="1"/><net_sink comp="1159" pin=2"/></net>

<net id="2124"><net_src comp="2117" pin="1"/><net_sink comp="1165" pin=2"/></net>

<net id="2125"><net_src comp="2117" pin="1"/><net_sink comp="1171" pin=2"/></net>

<net id="2126"><net_src comp="2117" pin="1"/><net_sink comp="1177" pin=2"/></net>

<net id="2127"><net_src comp="2117" pin="1"/><net_sink comp="1183" pin=2"/></net>

<net id="2128"><net_src comp="2117" pin="1"/><net_sink comp="1189" pin=2"/></net>

<net id="2129"><net_src comp="2117" pin="1"/><net_sink comp="1195" pin=2"/></net>

<net id="2130"><net_src comp="2117" pin="1"/><net_sink comp="1201" pin=2"/></net>

<net id="2131"><net_src comp="2117" pin="1"/><net_sink comp="1207" pin=2"/></net>

<net id="2132"><net_src comp="2117" pin="1"/><net_sink comp="1213" pin=2"/></net>

<net id="2133"><net_src comp="2117" pin="1"/><net_sink comp="1219" pin=2"/></net>

<net id="2144"><net_src comp="2138" pin="1"/><net_sink comp="2141" pin=0"/></net>

<net id="2145"><net_src comp="2141" pin="1"/><net_sink comp="1252" pin=2"/></net>

<net id="2146"><net_src comp="2141" pin="1"/><net_sink comp="1258" pin=2"/></net>

<net id="2147"><net_src comp="2141" pin="1"/><net_sink comp="1264" pin=2"/></net>

<net id="2148"><net_src comp="2141" pin="1"/><net_sink comp="1270" pin=2"/></net>

<net id="2149"><net_src comp="2141" pin="1"/><net_sink comp="1276" pin=2"/></net>

<net id="2150"><net_src comp="2141" pin="1"/><net_sink comp="1282" pin=2"/></net>

<net id="2151"><net_src comp="2141" pin="1"/><net_sink comp="1288" pin=2"/></net>

<net id="2152"><net_src comp="2141" pin="1"/><net_sink comp="1294" pin=2"/></net>

<net id="2153"><net_src comp="2141" pin="1"/><net_sink comp="1300" pin=2"/></net>

<net id="2154"><net_src comp="2141" pin="1"/><net_sink comp="1306" pin=2"/></net>

<net id="2155"><net_src comp="2141" pin="1"/><net_sink comp="1312" pin=2"/></net>

<net id="2156"><net_src comp="2141" pin="1"/><net_sink comp="1318" pin=2"/></net>

<net id="2163"><net_src comp="110" pin="0"/><net_sink comp="2157" pin=0"/></net>

<net id="2164"><net_src comp="2138" pin="1"/><net_sink comp="2157" pin=1"/></net>

<net id="2165"><net_src comp="112" pin="0"/><net_sink comp="2157" pin=2"/></net>

<net id="2166"><net_src comp="114" pin="0"/><net_sink comp="2157" pin=3"/></net>

<net id="2171"><net_src comp="2157" pin="4"/><net_sink comp="2167" pin=0"/></net>

<net id="2172"><net_src comp="116" pin="0"/><net_sink comp="2167" pin=1"/></net>

<net id="2177"><net_src comp="2138" pin="1"/><net_sink comp="2173" pin=0"/></net>

<net id="2178"><net_src comp="70" pin="0"/><net_sink comp="2173" pin=1"/></net>

<net id="2183"><net_src comp="2173" pin="2"/><net_sink comp="2179" pin=0"/></net>

<net id="2194"><net_src comp="2188" pin="1"/><net_sink comp="2191" pin=0"/></net>

<net id="2195"><net_src comp="2191" pin="1"/><net_sink comp="1336" pin=2"/></net>

<net id="2196"><net_src comp="2191" pin="1"/><net_sink comp="1342" pin=2"/></net>

<net id="2197"><net_src comp="2191" pin="1"/><net_sink comp="1348" pin=2"/></net>

<net id="2198"><net_src comp="2191" pin="1"/><net_sink comp="1354" pin=2"/></net>

<net id="2199"><net_src comp="2191" pin="1"/><net_sink comp="1360" pin=2"/></net>

<net id="2200"><net_src comp="2191" pin="1"/><net_sink comp="1366" pin=2"/></net>

<net id="2201"><net_src comp="2191" pin="1"/><net_sink comp="1372" pin=2"/></net>

<net id="2202"><net_src comp="2191" pin="1"/><net_sink comp="1378" pin=2"/></net>

<net id="2203"><net_src comp="2191" pin="1"/><net_sink comp="1384" pin=2"/></net>

<net id="2204"><net_src comp="2191" pin="1"/><net_sink comp="1390" pin=2"/></net>

<net id="2205"><net_src comp="2191" pin="1"/><net_sink comp="1396" pin=2"/></net>

<net id="2206"><net_src comp="2191" pin="1"/><net_sink comp="1402" pin=2"/></net>

<net id="2207"><net_src comp="2191" pin="1"/><net_sink comp="1408" pin=2"/></net>

<net id="2208"><net_src comp="2191" pin="1"/><net_sink comp="1414" pin=2"/></net>

<net id="2215"><net_src comp="110" pin="0"/><net_sink comp="2209" pin=0"/></net>

<net id="2216"><net_src comp="2188" pin="1"/><net_sink comp="2209" pin=1"/></net>

<net id="2217"><net_src comp="112" pin="0"/><net_sink comp="2209" pin=2"/></net>

<net id="2218"><net_src comp="114" pin="0"/><net_sink comp="2209" pin=3"/></net>

<net id="2223"><net_src comp="2209" pin="4"/><net_sink comp="2219" pin=0"/></net>

<net id="2224"><net_src comp="116" pin="0"/><net_sink comp="2219" pin=1"/></net>

<net id="2229"><net_src comp="2188" pin="1"/><net_sink comp="2225" pin=0"/></net>

<net id="2230"><net_src comp="70" pin="0"/><net_sink comp="2225" pin=1"/></net>

<net id="2235"><net_src comp="2225" pin="2"/><net_sink comp="2231" pin=0"/></net>

<net id="2240"><net_src comp="94" pin="0"/><net_sink comp="2236" pin=0"/></net>

<net id="2247"><net_src comp="2241" pin="1"/><net_sink comp="2244" pin=0"/></net>

<net id="2248"><net_src comp="2244" pin="1"/><net_sink comp="1434" pin=2"/></net>

<net id="2249"><net_src comp="2244" pin="1"/><net_sink comp="1440" pin=2"/></net>

<net id="2250"><net_src comp="2244" pin="1"/><net_sink comp="1446" pin=2"/></net>

<net id="2251"><net_src comp="2244" pin="1"/><net_sink comp="1452" pin=2"/></net>

<net id="2252"><net_src comp="2244" pin="1"/><net_sink comp="1458" pin=2"/></net>

<net id="2253"><net_src comp="2244" pin="1"/><net_sink comp="1464" pin=2"/></net>

<net id="2254"><net_src comp="2244" pin="1"/><net_sink comp="1470" pin=2"/></net>

<net id="2255"><net_src comp="2244" pin="1"/><net_sink comp="1476" pin=2"/></net>

<net id="2256"><net_src comp="2244" pin="1"/><net_sink comp="1482" pin=2"/></net>

<net id="2257"><net_src comp="2244" pin="1"/><net_sink comp="1488" pin=2"/></net>

<net id="2258"><net_src comp="2244" pin="1"/><net_sink comp="1494" pin=2"/></net>

<net id="2259"><net_src comp="2244" pin="1"/><net_sink comp="1500" pin=2"/></net>

<net id="2264"><net_src comp="2241" pin="1"/><net_sink comp="2260" pin=0"/></net>

<net id="2265"><net_src comp="96" pin="0"/><net_sink comp="2260" pin=1"/></net>

<net id="2270"><net_src comp="2241" pin="1"/><net_sink comp="2266" pin=0"/></net>

<net id="2271"><net_src comp="98" pin="0"/><net_sink comp="2266" pin=1"/></net>

<net id="2276"><net_src comp="2266" pin="2"/><net_sink comp="2272" pin=0"/></net>

<net id="2281"><net_src comp="94" pin="0"/><net_sink comp="2277" pin=0"/></net>

<net id="2288"><net_src comp="2282" pin="1"/><net_sink comp="2285" pin=0"/></net>

<net id="2289"><net_src comp="2285" pin="1"/><net_sink comp="1626" pin=2"/></net>

<net id="2290"><net_src comp="2285" pin="1"/><net_sink comp="1632" pin=2"/></net>

<net id="2291"><net_src comp="2285" pin="1"/><net_sink comp="1638" pin=2"/></net>

<net id="2292"><net_src comp="2285" pin="1"/><net_sink comp="1644" pin=2"/></net>

<net id="2293"><net_src comp="2285" pin="1"/><net_sink comp="1650" pin=2"/></net>

<net id="2294"><net_src comp="2285" pin="1"/><net_sink comp="1656" pin=2"/></net>

<net id="2295"><net_src comp="2285" pin="1"/><net_sink comp="1662" pin=2"/></net>

<net id="2296"><net_src comp="2285" pin="1"/><net_sink comp="1668" pin=2"/></net>

<net id="2297"><net_src comp="2285" pin="1"/><net_sink comp="1674" pin=2"/></net>

<net id="2298"><net_src comp="2285" pin="1"/><net_sink comp="1680" pin=2"/></net>

<net id="2299"><net_src comp="2285" pin="1"/><net_sink comp="1686" pin=2"/></net>

<net id="2300"><net_src comp="2285" pin="1"/><net_sink comp="1692" pin=2"/></net>

<net id="2301"><net_src comp="2285" pin="1"/><net_sink comp="1698" pin=2"/></net>

<net id="2302"><net_src comp="2285" pin="1"/><net_sink comp="1704" pin=2"/></net>

<net id="2307"><net_src comp="2282" pin="1"/><net_sink comp="2303" pin=0"/></net>

<net id="2308"><net_src comp="96" pin="0"/><net_sink comp="2303" pin=1"/></net>

<net id="2313"><net_src comp="2282" pin="1"/><net_sink comp="2309" pin=0"/></net>

<net id="2314"><net_src comp="98" pin="0"/><net_sink comp="2309" pin=1"/></net>

<net id="2319"><net_src comp="2309" pin="2"/><net_sink comp="2315" pin=0"/></net>

<net id="2327"><net_src comp="2320" pin="1"/><net_sink comp="2323" pin=0"/></net>

<net id="2328"><net_src comp="62" pin="0"/><net_sink comp="2323" pin=1"/></net>

<net id="2336"><net_src comp="2329" pin="1"/><net_sink comp="2332" pin=0"/></net>

<net id="2337"><net_src comp="64" pin="0"/><net_sink comp="2332" pin=1"/></net>

<net id="2345"><net_src comp="2338" pin="1"/><net_sink comp="2341" pin=0"/></net>

<net id="2346"><net_src comp="66" pin="0"/><net_sink comp="2341" pin=1"/></net>

<net id="2354"><net_src comp="2347" pin="1"/><net_sink comp="2350" pin=0"/></net>

<net id="2355"><net_src comp="68" pin="0"/><net_sink comp="2350" pin=1"/></net>

<net id="2359"><net_src comp="126" pin="1"/><net_sink comp="2356" pin=0"/></net>

<net id="2360"><net_src comp="2356" pin="1"/><net_sink comp="1850" pin=1"/></net>

<net id="2361"><net_src comp="2356" pin="1"/><net_sink comp="1855" pin=0"/></net>

<net id="2362"><net_src comp="2356" pin="1"/><net_sink comp="1886" pin=1"/></net>

<net id="2366"><net_src comp="270" pin="2"/><net_sink comp="2363" pin=0"/></net>

<net id="2367"><net_src comp="2363" pin="1"/><net_sink comp="1977" pin=1"/></net>

<net id="2368"><net_src comp="2363" pin="1"/><net_sink comp="2096" pin=1"/></net>

<net id="2375"><net_src comp="234" pin="1"/><net_sink comp="2372" pin=0"/></net>

<net id="2376"><net_src comp="2372" pin="1"/><net_sink comp="1891" pin=1"/></net>

<net id="2377"><net_src comp="2372" pin="1"/><net_sink comp="1896" pin=0"/></net>

<net id="2378"><net_src comp="2372" pin="1"/><net_sink comp="1929" pin=1"/></net>

<net id="2385"><net_src comp="238" pin="1"/><net_sink comp="2382" pin=0"/></net>

<net id="2386"><net_src comp="2382" pin="1"/><net_sink comp="1939" pin=1"/></net>

<net id="2387"><net_src comp="2382" pin="1"/><net_sink comp="1944" pin=0"/></net>

<net id="2388"><net_src comp="2382" pin="1"/><net_sink comp="2050" pin=1"/></net>

<net id="2392"><net_src comp="242" pin="1"/><net_sink comp="2389" pin=0"/></net>

<net id="2393"><net_src comp="2389" pin="1"/><net_sink comp="1934" pin=1"/></net>

<net id="2394"><net_src comp="2389" pin="1"/><net_sink comp="1947" pin=0"/></net>

<net id="2395"><net_src comp="2389" pin="1"/><net_sink comp="1997" pin=1"/></net>

<net id="2399"><net_src comp="1947" pin="1"/><net_sink comp="2396" pin=0"/></net>

<net id="2400"><net_src comp="2396" pin="1"/><net_sink comp="2054" pin=0"/></net>

<net id="2401"><net_src comp="2396" pin="1"/><net_sink comp="2092" pin=0"/></net>

<net id="2402"><net_src comp="2396" pin="1"/><net_sink comp="2320" pin=0"/></net>

<net id="2403"><net_src comp="2396" pin="1"/><net_sink comp="2329" pin=0"/></net>

<net id="2407"><net_src comp="1950" pin="1"/><net_sink comp="2404" pin=0"/></net>

<net id="2408"><net_src comp="2404" pin="1"/><net_sink comp="627" pin=2"/></net>

<net id="2409"><net_src comp="2404" pin="1"/><net_sink comp="640" pin=2"/></net>

<net id="2410"><net_src comp="2404" pin="1"/><net_sink comp="653" pin=2"/></net>

<net id="2411"><net_src comp="2404" pin="1"/><net_sink comp="666" pin=2"/></net>

<net id="2412"><net_src comp="2404" pin="1"/><net_sink comp="679" pin=2"/></net>

<net id="2413"><net_src comp="2404" pin="1"/><net_sink comp="692" pin=2"/></net>

<net id="2414"><net_src comp="2404" pin="1"/><net_sink comp="705" pin=2"/></net>

<net id="2415"><net_src comp="2404" pin="1"/><net_sink comp="718" pin=2"/></net>

<net id="2416"><net_src comp="2404" pin="1"/><net_sink comp="731" pin=2"/></net>

<net id="2417"><net_src comp="2404" pin="1"/><net_sink comp="744" pin=2"/></net>

<net id="2418"><net_src comp="2404" pin="1"/><net_sink comp="757" pin=2"/></net>

<net id="2419"><net_src comp="2404" pin="1"/><net_sink comp="770" pin=2"/></net>

<net id="2420"><net_src comp="2404" pin="1"/><net_sink comp="779" pin=2"/></net>

<net id="2421"><net_src comp="2404" pin="1"/><net_sink comp="788" pin=2"/></net>

<net id="2422"><net_src comp="2404" pin="1"/><net_sink comp="797" pin=2"/></net>

<net id="2423"><net_src comp="2404" pin="1"/><net_sink comp="806" pin=2"/></net>

<net id="2424"><net_src comp="2404" pin="1"/><net_sink comp="816" pin=2"/></net>

<net id="2425"><net_src comp="2404" pin="1"/><net_sink comp="826" pin=2"/></net>

<net id="2426"><net_src comp="2404" pin="1"/><net_sink comp="835" pin=2"/></net>

<net id="2427"><net_src comp="2404" pin="1"/><net_sink comp="844" pin=2"/></net>

<net id="2428"><net_src comp="2404" pin="1"/><net_sink comp="853" pin=2"/></net>

<net id="2435"><net_src comp="1961" pin="2"/><net_sink comp="2432" pin=0"/></net>

<net id="2436"><net_src comp="2432" pin="1"/><net_sink comp="2050" pin=0"/></net>

<net id="2440"><net_src comp="614" pin="3"/><net_sink comp="2437" pin=0"/></net>

<net id="2441"><net_src comp="2437" pin="1"/><net_sink comp="621" pin=0"/></net>

<net id="2445"><net_src comp="246" pin="1"/><net_sink comp="2442" pin=0"/></net>

<net id="2446"><net_src comp="2442" pin="1"/><net_sink comp="1972" pin=1"/></net>

<net id="2447"><net_src comp="2442" pin="1"/><net_sink comp="2069" pin=0"/></net>

<net id="2448"><net_src comp="2442" pin="1"/><net_sink comp="2134" pin=1"/></net>

<net id="2452"><net_src comp="250" pin="1"/><net_sink comp="2449" pin=0"/></net>

<net id="2453"><net_src comp="2449" pin="1"/><net_sink comp="1967" pin=1"/></net>

<net id="2454"><net_src comp="2449" pin="1"/><net_sink comp="2072" pin=0"/></net>

<net id="2455"><net_src comp="2449" pin="1"/><net_sink comp="2112" pin=1"/></net>

<net id="2459"><net_src comp="621" pin="3"/><net_sink comp="2456" pin=0"/></net>

<net id="2463"><net_src comp="627" pin="3"/><net_sink comp="2460" pin=0"/></net>

<net id="2464"><net_src comp="2460" pin="1"/><net_sink comp="634" pin=0"/></net>

<net id="2468"><net_src comp="634" pin="3"/><net_sink comp="2465" pin=0"/></net>

<net id="2469"><net_src comp="2465" pin="1"/><net_sink comp="397" pin=1"/></net>

<net id="2473"><net_src comp="1982" pin="2"/><net_sink comp="2470" pin=0"/></net>

<net id="2477"><net_src comp="640" pin="3"/><net_sink comp="2474" pin=0"/></net>

<net id="2478"><net_src comp="2474" pin="1"/><net_sink comp="647" pin=0"/></net>

<net id="2482"><net_src comp="1988" pin="1"/><net_sink comp="2479" pin=0"/></net>

<net id="2486"><net_src comp="653" pin="3"/><net_sink comp="2483" pin=0"/></net>

<net id="2487"><net_src comp="2483" pin="1"/><net_sink comp="660" pin=0"/></net>

<net id="2491"><net_src comp="666" pin="3"/><net_sink comp="2488" pin=0"/></net>

<net id="2492"><net_src comp="2488" pin="1"/><net_sink comp="673" pin=0"/></net>

<net id="2496"><net_src comp="679" pin="3"/><net_sink comp="2493" pin=0"/></net>

<net id="2497"><net_src comp="2493" pin="1"/><net_sink comp="686" pin=0"/></net>

<net id="2501"><net_src comp="692" pin="3"/><net_sink comp="2498" pin=0"/></net>

<net id="2502"><net_src comp="2498" pin="1"/><net_sink comp="699" pin=0"/></net>

<net id="2506"><net_src comp="705" pin="3"/><net_sink comp="2503" pin=0"/></net>

<net id="2507"><net_src comp="2503" pin="1"/><net_sink comp="712" pin=0"/></net>

<net id="2511"><net_src comp="718" pin="3"/><net_sink comp="2508" pin=0"/></net>

<net id="2512"><net_src comp="2508" pin="1"/><net_sink comp="725" pin=0"/></net>

<net id="2516"><net_src comp="731" pin="3"/><net_sink comp="2513" pin=0"/></net>

<net id="2517"><net_src comp="2513" pin="1"/><net_sink comp="738" pin=0"/></net>

<net id="2521"><net_src comp="744" pin="3"/><net_sink comp="2518" pin=0"/></net>

<net id="2522"><net_src comp="2518" pin="1"/><net_sink comp="751" pin=0"/></net>

<net id="2526"><net_src comp="757" pin="3"/><net_sink comp="2523" pin=0"/></net>

<net id="2527"><net_src comp="2523" pin="1"/><net_sink comp="764" pin=0"/></net>

<net id="2531"><net_src comp="2010" pin="2"/><net_sink comp="2528" pin=0"/></net>

<net id="2535"><net_src comp="770" pin="3"/><net_sink comp="2532" pin=0"/></net>

<net id="2536"><net_src comp="2532" pin="1"/><net_sink comp="738" pin=0"/></net>

<net id="2543"><net_src comp="2072" pin="1"/><net_sink comp="2540" pin=0"/></net>

<net id="2544"><net_src comp="2540" pin="1"/><net_sink comp="2117" pin=0"/></net>

<net id="2545"><net_src comp="2540" pin="1"/><net_sink comp="2184" pin=0"/></net>

<net id="2546"><net_src comp="2540" pin="1"/><net_sink comp="2338" pin=0"/></net>

<net id="2547"><net_src comp="2540" pin="1"/><net_sink comp="2347" pin=0"/></net>

<net id="2551"><net_src comp="2075" pin="1"/><net_sink comp="2548" pin=0"/></net>

<net id="2552"><net_src comp="2548" pin="1"/><net_sink comp="970" pin=2"/></net>

<net id="2553"><net_src comp="2548" pin="1"/><net_sink comp="983" pin=2"/></net>

<net id="2554"><net_src comp="2548" pin="1"/><net_sink comp="990" pin=2"/></net>

<net id="2555"><net_src comp="2548" pin="1"/><net_sink comp="997" pin=2"/></net>

<net id="2556"><net_src comp="2548" pin="1"/><net_sink comp="1004" pin=2"/></net>

<net id="2557"><net_src comp="2548" pin="1"/><net_sink comp="1011" pin=2"/></net>

<net id="2558"><net_src comp="2548" pin="1"/><net_sink comp="1018" pin=2"/></net>

<net id="2559"><net_src comp="2548" pin="1"/><net_sink comp="1025" pin=2"/></net>

<net id="2560"><net_src comp="2548" pin="1"/><net_sink comp="1032" pin=2"/></net>

<net id="2561"><net_src comp="2548" pin="1"/><net_sink comp="1039" pin=2"/></net>

<net id="2562"><net_src comp="2548" pin="1"/><net_sink comp="1046" pin=2"/></net>

<net id="2563"><net_src comp="2548" pin="1"/><net_sink comp="1053" pin=2"/></net>

<net id="2564"><net_src comp="2548" pin="1"/><net_sink comp="1060" pin=2"/></net>

<net id="2571"><net_src comp="2086" pin="2"/><net_sink comp="2568" pin=0"/></net>

<net id="2572"><net_src comp="2568" pin="1"/><net_sink comp="2134" pin=0"/></net>

<net id="2576"><net_src comp="957" pin="3"/><net_sink comp="2573" pin=0"/></net>

<net id="2577"><net_src comp="2573" pin="1"/><net_sink comp="964" pin=0"/></net>

<net id="2581"><net_src comp="254" pin="1"/><net_sink comp="2578" pin=0"/></net>

<net id="2582"><net_src comp="2578" pin="1"/><net_sink comp="2092" pin=1"/></net>

<net id="2583"><net_src comp="2578" pin="1"/><net_sink comp="2138" pin=0"/></net>

<net id="2584"><net_src comp="2578" pin="1"/><net_sink comp="2179" pin=1"/></net>

<net id="2588"><net_src comp="964" pin="3"/><net_sink comp="2585" pin=0"/></net>

<net id="2592"><net_src comp="970" pin="3"/><net_sink comp="2589" pin=0"/></net>

<net id="2593"><net_src comp="2589" pin="1"/><net_sink comp="977" pin=0"/></net>

<net id="2597"><net_src comp="983" pin="3"/><net_sink comp="2594" pin=0"/></net>

<net id="2598"><net_src comp="2594" pin="1"/><net_sink comp="1068" pin=0"/></net>

<net id="2602"><net_src comp="990" pin="3"/><net_sink comp="2599" pin=0"/></net>

<net id="2603"><net_src comp="2599" pin="1"/><net_sink comp="1074" pin=0"/></net>

<net id="2607"><net_src comp="997" pin="3"/><net_sink comp="2604" pin=0"/></net>

<net id="2608"><net_src comp="2604" pin="1"/><net_sink comp="1080" pin=0"/></net>

<net id="2612"><net_src comp="1004" pin="3"/><net_sink comp="2609" pin=0"/></net>

<net id="2613"><net_src comp="2609" pin="1"/><net_sink comp="1086" pin=0"/></net>

<net id="2617"><net_src comp="1011" pin="3"/><net_sink comp="2614" pin=0"/></net>

<net id="2618"><net_src comp="2614" pin="1"/><net_sink comp="1092" pin=0"/></net>

<net id="2622"><net_src comp="1018" pin="3"/><net_sink comp="2619" pin=0"/></net>

<net id="2623"><net_src comp="2619" pin="1"/><net_sink comp="1098" pin=0"/></net>

<net id="2627"><net_src comp="1025" pin="3"/><net_sink comp="2624" pin=0"/></net>

<net id="2628"><net_src comp="2624" pin="1"/><net_sink comp="1104" pin=0"/></net>

<net id="2632"><net_src comp="1032" pin="3"/><net_sink comp="2629" pin=0"/></net>

<net id="2633"><net_src comp="2629" pin="1"/><net_sink comp="1110" pin=0"/></net>

<net id="2637"><net_src comp="1039" pin="3"/><net_sink comp="2634" pin=0"/></net>

<net id="2638"><net_src comp="2634" pin="1"/><net_sink comp="1116" pin=0"/></net>

<net id="2642"><net_src comp="1046" pin="3"/><net_sink comp="2639" pin=0"/></net>

<net id="2643"><net_src comp="2639" pin="1"/><net_sink comp="1123" pin=0"/></net>

<net id="2647"><net_src comp="1053" pin="3"/><net_sink comp="2644" pin=0"/></net>

<net id="2648"><net_src comp="2644" pin="1"/><net_sink comp="1129" pin=0"/></net>

<net id="2652"><net_src comp="1060" pin="3"/><net_sink comp="2649" pin=0"/></net>

<net id="2653"><net_src comp="2649" pin="1"/><net_sink comp="1135" pin=0"/></net>

<net id="2657"><net_src comp="977" pin="3"/><net_sink comp="2654" pin=0"/></net>

<net id="2658"><net_src comp="2654" pin="1"/><net_sink comp="586" pin=1"/></net>

<net id="2662"><net_src comp="2101" pin="2"/><net_sink comp="2659" pin=0"/></net>

<net id="2669"><net_src comp="258" pin="1"/><net_sink comp="2666" pin=0"/></net>

<net id="2670"><net_src comp="2666" pin="1"/><net_sink comp="2184" pin=1"/></net>

<net id="2671"><net_src comp="2666" pin="1"/><net_sink comp="2188" pin=0"/></net>

<net id="2672"><net_src comp="2666" pin="1"/><net_sink comp="2231" pin=1"/></net>

<net id="2679"><net_src comp="262" pin="1"/><net_sink comp="2676" pin=0"/></net>

<net id="2680"><net_src comp="2676" pin="1"/><net_sink comp="2236" pin=1"/></net>

<net id="2681"><net_src comp="2676" pin="1"/><net_sink comp="2241" pin=0"/></net>

<net id="2682"><net_src comp="2676" pin="1"/><net_sink comp="2272" pin=1"/></net>

<net id="2686"><net_src comp="2244" pin="1"/><net_sink comp="2683" pin=0"/></net>

<net id="2687"><net_src comp="2683" pin="1"/><net_sink comp="1518" pin=2"/></net>

<net id="2688"><net_src comp="2683" pin="1"/><net_sink comp="1527" pin=2"/></net>

<net id="2689"><net_src comp="2683" pin="1"/><net_sink comp="1536" pin=2"/></net>

<net id="2690"><net_src comp="2683" pin="1"/><net_sink comp="1545" pin=2"/></net>

<net id="2691"><net_src comp="2683" pin="1"/><net_sink comp="1554" pin=2"/></net>

<net id="2692"><net_src comp="2683" pin="1"/><net_sink comp="1563" pin=2"/></net>

<net id="2693"><net_src comp="2683" pin="1"/><net_sink comp="1572" pin=2"/></net>

<net id="2694"><net_src comp="2683" pin="1"/><net_sink comp="1581" pin=2"/></net>

<net id="2695"><net_src comp="2683" pin="1"/><net_sink comp="1590" pin=2"/></net>

<net id="2696"><net_src comp="2683" pin="1"/><net_sink comp="1599" pin=2"/></net>

<net id="2697"><net_src comp="2683" pin="1"/><net_sink comp="1608" pin=2"/></net>

<net id="2698"><net_src comp="2683" pin="1"/><net_sink comp="1617" pin=2"/></net>

<net id="2705"><net_src comp="1434" pin="3"/><net_sink comp="2702" pin=0"/></net>

<net id="2706"><net_src comp="2702" pin="1"/><net_sink comp="348" pin=0"/></net>

<net id="2710"><net_src comp="1440" pin="3"/><net_sink comp="2707" pin=0"/></net>

<net id="2711"><net_src comp="2707" pin="1"/><net_sink comp="355" pin=0"/></net>

<net id="2715"><net_src comp="1446" pin="3"/><net_sink comp="2712" pin=0"/></net>

<net id="2716"><net_src comp="2712" pin="1"/><net_sink comp="362" pin=0"/></net>

<net id="2720"><net_src comp="1452" pin="3"/><net_sink comp="2717" pin=0"/></net>

<net id="2721"><net_src comp="2717" pin="1"/><net_sink comp="369" pin=0"/></net>

<net id="2725"><net_src comp="1458" pin="3"/><net_sink comp="2722" pin=0"/></net>

<net id="2726"><net_src comp="2722" pin="1"/><net_sink comp="376" pin=0"/></net>

<net id="2730"><net_src comp="1464" pin="3"/><net_sink comp="2727" pin=0"/></net>

<net id="2731"><net_src comp="2727" pin="1"/><net_sink comp="383" pin=0"/></net>

<net id="2735"><net_src comp="1470" pin="3"/><net_sink comp="2732" pin=0"/></net>

<net id="2736"><net_src comp="2732" pin="1"/><net_sink comp="390" pin=0"/></net>

<net id="2740"><net_src comp="1476" pin="3"/><net_sink comp="2737" pin=0"/></net>

<net id="2741"><net_src comp="2737" pin="1"/><net_sink comp="397" pin=0"/></net>

<net id="2745"><net_src comp="1482" pin="3"/><net_sink comp="2742" pin=0"/></net>

<net id="2746"><net_src comp="2742" pin="1"/><net_sink comp="404" pin=0"/></net>

<net id="2750"><net_src comp="1488" pin="3"/><net_sink comp="2747" pin=0"/></net>

<net id="2751"><net_src comp="2747" pin="1"/><net_sink comp="411" pin=0"/></net>

<net id="2755"><net_src comp="1494" pin="3"/><net_sink comp="2752" pin=0"/></net>

<net id="2756"><net_src comp="2752" pin="1"/><net_sink comp="418" pin=0"/></net>

<net id="2760"><net_src comp="1500" pin="3"/><net_sink comp="2757" pin=0"/></net>

<net id="2761"><net_src comp="2757" pin="1"/><net_sink comp="425" pin=0"/></net>

<net id="2765"><net_src comp="266" pin="1"/><net_sink comp="2762" pin=0"/></net>

<net id="2766"><net_src comp="2762" pin="1"/><net_sink comp="2277" pin=1"/></net>

<net id="2767"><net_src comp="2762" pin="1"/><net_sink comp="2282" pin=0"/></net>

<net id="2768"><net_src comp="2762" pin="1"/><net_sink comp="2315" pin=1"/></net>

<net id="2772"><net_src comp="2285" pin="1"/><net_sink comp="2769" pin=0"/></net>

<net id="2773"><net_src comp="2769" pin="1"/><net_sink comp="1724" pin=2"/></net>

<net id="2774"><net_src comp="2769" pin="1"/><net_sink comp="1733" pin=2"/></net>

<net id="2775"><net_src comp="2769" pin="1"/><net_sink comp="1742" pin=2"/></net>

<net id="2776"><net_src comp="2769" pin="1"/><net_sink comp="1751" pin=2"/></net>

<net id="2777"><net_src comp="2769" pin="1"/><net_sink comp="1760" pin=2"/></net>

<net id="2778"><net_src comp="2769" pin="1"/><net_sink comp="1769" pin=2"/></net>

<net id="2779"><net_src comp="2769" pin="1"/><net_sink comp="1778" pin=2"/></net>

<net id="2780"><net_src comp="2769" pin="1"/><net_sink comp="1787" pin=2"/></net>

<net id="2781"><net_src comp="2769" pin="1"/><net_sink comp="1796" pin=2"/></net>

<net id="2782"><net_src comp="2769" pin="1"/><net_sink comp="1805" pin=2"/></net>

<net id="2783"><net_src comp="2769" pin="1"/><net_sink comp="1814" pin=2"/></net>

<net id="2784"><net_src comp="2769" pin="1"/><net_sink comp="1823" pin=2"/></net>

<net id="2785"><net_src comp="2769" pin="1"/><net_sink comp="1832" pin=2"/></net>

<net id="2786"><net_src comp="2769" pin="1"/><net_sink comp="1841" pin=2"/></net>

<net id="2793"><net_src comp="1626" pin="3"/><net_sink comp="2790" pin=0"/></net>

<net id="2794"><net_src comp="2790" pin="1"/><net_sink comp="516" pin=0"/></net>

<net id="2798"><net_src comp="1632" pin="3"/><net_sink comp="2795" pin=0"/></net>

<net id="2799"><net_src comp="2795" pin="1"/><net_sink comp="523" pin=0"/></net>

<net id="2803"><net_src comp="1638" pin="3"/><net_sink comp="2800" pin=0"/></net>

<net id="2804"><net_src comp="2800" pin="1"/><net_sink comp="530" pin=0"/></net>

<net id="2808"><net_src comp="1644" pin="3"/><net_sink comp="2805" pin=0"/></net>

<net id="2809"><net_src comp="2805" pin="1"/><net_sink comp="537" pin=0"/></net>

<net id="2813"><net_src comp="1650" pin="3"/><net_sink comp="2810" pin=0"/></net>

<net id="2814"><net_src comp="2810" pin="1"/><net_sink comp="544" pin=0"/></net>

<net id="2818"><net_src comp="1656" pin="3"/><net_sink comp="2815" pin=0"/></net>

<net id="2819"><net_src comp="2815" pin="1"/><net_sink comp="551" pin=0"/></net>

<net id="2823"><net_src comp="1662" pin="3"/><net_sink comp="2820" pin=0"/></net>

<net id="2824"><net_src comp="2820" pin="1"/><net_sink comp="558" pin=0"/></net>

<net id="2828"><net_src comp="1668" pin="3"/><net_sink comp="2825" pin=0"/></net>

<net id="2829"><net_src comp="2825" pin="1"/><net_sink comp="565" pin=0"/></net>

<net id="2833"><net_src comp="1674" pin="3"/><net_sink comp="2830" pin=0"/></net>

<net id="2834"><net_src comp="2830" pin="1"/><net_sink comp="572" pin=0"/></net>

<net id="2838"><net_src comp="1680" pin="3"/><net_sink comp="2835" pin=0"/></net>

<net id="2839"><net_src comp="2835" pin="1"/><net_sink comp="579" pin=0"/></net>

<net id="2843"><net_src comp="1686" pin="3"/><net_sink comp="2840" pin=0"/></net>

<net id="2844"><net_src comp="2840" pin="1"/><net_sink comp="586" pin=0"/></net>

<net id="2848"><net_src comp="1692" pin="3"/><net_sink comp="2845" pin=0"/></net>

<net id="2849"><net_src comp="2845" pin="1"/><net_sink comp="593" pin=0"/></net>

<net id="2853"><net_src comp="1698" pin="3"/><net_sink comp="2850" pin=0"/></net>

<net id="2854"><net_src comp="2850" pin="1"/><net_sink comp="600" pin=0"/></net>

<net id="2858"><net_src comp="1704" pin="3"/><net_sink comp="2855" pin=0"/></net>

<net id="2859"><net_src comp="2855" pin="1"/><net_sink comp="607" pin=0"/></net>

</net_list>

</model> 
---------------- Datapath Model END ------------------

* FSMD analyzer results:
  - Output states:
	Port: state_lsu_ldq_valid | {8 17 }
	Port: state_lsu_ldq_branch_mask | {8 17 }
	Port: state_lsu_load_response_pending | {8 }
	Port: state_lsu_pending_load_rob_idx | {8 }
	Port: state_lsu_ldq_rob_idx | {8 17 }
	Port: state_lsu_pending_load_allocation_id | {8 }
	Port: state_lsu_ldq_rob_allocation_id | {8 17 }
	Port: state_lsu_pending_load_transaction_id | {8 }
	Port: state_lsu_ldq_signed_load | {8 17 }
	Port: state_lsu_ldq_response_pending | {8 17 }
	Port: state_lsu_ldq_completed | {8 17 }
	Port: state_lsu_ldq_killed | {8 17 }
	Port: state_lsu_ldq_size | {8 17 }
	Port: state_lsu_ldq_transaction_id | {8 17 }
	Port: state_lsu_ldq_address | {8 17 }
	Port: state_lsu_ldq_result | {8 17 }
	Port: state_lsu_stq_valid | {12 19 }
	Port: state_lsu_stq_branch_mask | {12 19 }
	Port: state_lsu_stq_address_valid | {12 19 }
	Port: state_lsu_stq_data_valid | {12 19 }
	Port: state_lsu_stq_committed | {12 19 }
	Port: state_lsu_stq_issued_to_memory | {12 19 }
	Port: state_lsu_stq_completed | {12 19 }
	Port: state_lsu_stq_killed | {12 19 }
	Port: state_lsu_stq_rob_idx | {12 19 }
	Port: state_lsu_stq_mask | {12 19 }
	Port: state_lsu_stq_size | {12 19 }
	Port: state_lsu_stq_rob_allocation_id | {12 19 }
	Port: state_lsu_stq_address | {12 19 }
	Port: state_lsu_stq_data | {12 19 }
	Port: state_lsu_ldq_tail | {18 }
	Port: state_lsu_ldq_count | {18 }
	Port: state_lsu_stq_tail | {18 }
	Port: state_lsu_stq_count | {18 }
 - Input state : 
	Port: kill_lsu_state : mispredict_mask | {1 }
	Port: kill_lsu_state : state_lsu_ldq_valid | {4 5 }
	Port: kill_lsu_state : state_lsu_ldq_branch_mask | {5 6 }
	Port: kill_lsu_state : state_lsu_load_response_pending | {6 }
	Port: kill_lsu_state : state_lsu_pending_load_rob_idx | {7 }
	Port: kill_lsu_state : state_lsu_ldq_rob_idx | {6 7 9 }
	Port: kill_lsu_state : state_lsu_pending_load_allocation_id | {8 }
	Port: kill_lsu_state : state_lsu_ldq_rob_allocation_id | {6 7 8 9 }
	Port: kill_lsu_state : state_lsu_ldq_signed_load | {6 9 }
	Port: kill_lsu_state : state_lsu_ldq_response_pending | {6 9 }
	Port: kill_lsu_state : state_lsu_ldq_completed | {6 9 }
	Port: kill_lsu_state : state_lsu_ldq_killed | {6 9 }
	Port: kill_lsu_state : state_lsu_ldq_size | {6 9 }
	Port: kill_lsu_state : state_lsu_ldq_transaction_id | {6 9 }
	Port: kill_lsu_state : state_lsu_ldq_address | {6 9 }
	Port: kill_lsu_state : state_lsu_ldq_result | {6 9 }
	Port: kill_lsu_state : state_lsu_stq_valid | {10 11 }
	Port: kill_lsu_state : state_lsu_stq_branch_mask | {11 12 }
	Port: kill_lsu_state : state_lsu_stq_address_valid | {12 13 }
	Port: kill_lsu_state : state_lsu_stq_data_valid | {12 13 }
	Port: kill_lsu_state : state_lsu_stq_committed | {12 13 }
	Port: kill_lsu_state : state_lsu_stq_issued_to_memory | {12 13 }
	Port: kill_lsu_state : state_lsu_stq_completed | {12 13 }
	Port: kill_lsu_state : state_lsu_stq_killed | {12 13 }
	Port: kill_lsu_state : state_lsu_stq_rob_idx | {12 13 }
	Port: kill_lsu_state : state_lsu_stq_mask | {12 13 }
	Port: kill_lsu_state : state_lsu_stq_size | {12 13 }
	Port: kill_lsu_state : state_lsu_stq_rob_allocation_id | {12 13 }
	Port: kill_lsu_state : state_lsu_stq_address | {12 13 }
	Port: kill_lsu_state : state_lsu_stq_data | {12 13 }
  - Chain level:
	State 1
		store_ln919 : 1
	State 2
		add_ln919 : 1
		zext_ln919 : 1
		this_valid : 2
		this_signed_load : 2
		this_response_pending : 2
		this_completed : 2
		this_killed : 2
		this_rob_idx : 2
		this_size : 2
		this_branch_mask : 2
		this_transaction_id : 2
		this_rob_allocation_id : 2
		this_address : 2
		this_result : 2
		store_ln165 : 3
		store_ln165 : 3
		store_ln165 : 3
		store_ln166 : 3
		store_ln166 : 3
		store_ln166 : 3
		store_ln166 : 3
		store_ln166 : 3
		store_ln167 : 3
		store_ln167 : 3
		store_ln167 : 3
		store_ln167 : 3
		icmp_ln919 : 1
		br_ln919 : 2
		store_ln919 : 2
		store_ln920 : 1
	State 3
		add_ln920 : 1
		zext_ln920 : 1
		this_valid_1 : 2
		this_address_valid : 2
		this_data_valid : 2
		this_committed : 2
		this_issued_to_memory : 2
		this_completed_1 : 2
		this_killed_1 : 2
		this_rob_idx_1 : 2
		this_mask : 2
		this_size_1 : 2
		this_branch_mask_1 : 2
		this_rob_allocation_id_1 : 2
		this_address_1 : 2
		this_data : 2
		store_ln155 : 3
		store_ln155 : 3
		store_ln155 : 3
		store_ln155 : 3
		store_ln156 : 3
		store_ln156 : 3
		store_ln156 : 3
		store_ln156 : 3
		store_ln156 : 3
		store_ln157 : 3
		store_ln157 : 3
		store_ln157 : 3
		store_ln157 : 3
		store_ln157 : 3
		icmp_ln920 : 1
		br_ln920 : 2
		store_ln920 : 2
		store_ln924 : 1
		store_ln924 : 1
	State 4
		zext_ln924 : 1
		icmp_ln924 : 1
		add_ln924 : 1
		br_ln924 : 2
		state_lsu_ldq_valid_addr : 2
		state_lsu_ldq_valid_load : 3
		store_ln939 : 1
		store_ln939 : 1
	State 5
		br_ln926 : 1
		state_lsu_ldq_branch_mask_load : 1
	State 6
		and_ln926 : 1
		icmp_ln926 : 1
		br_ln926 : 2
		br_ln927 : 1
		state_lsu_ldq_rob_idx_load_1 : 1
		state_lsu_ldq_signed_load_load : 1
		state_lsu_ldq_response_pending_load : 1
		state_lsu_ldq_completed_load : 1
		state_lsu_ldq_killed_load : 1
		state_lsu_ldq_rob_idx_load : 1
		state_lsu_ldq_size_load : 1
		state_lsu_ldq_transaction_id_load : 1
		state_lsu_ldq_rob_allocation_id_load : 1
		state_lsu_ldq_load : 1
		state_lsu_ldq_result_load : 1
		store_ln937 : 1
	State 7
		zext_ln927 : 1
		icmp_ln927 : 2
		br_ln927 : 3
		state_lsu_ldq_rob_allocation_id_load_1 : 1
	State 8
		icmp_ln928 : 1
		br_ln928 : 2
		store_ln934 : 1
		store_ln934 : 1
		store_ln934 : 1
		store_ln934 : 1
		store_ln934 : 1
		store_ln934 : 1
		store_ln934 : 1
		store_ln934 : 1
		store_ln934 : 1
	State 9
		new_ldq_valid_addr : 1
		new_ldq_signed_load_addr : 1
		new_ldq_response_pending_addr : 1
		new_ldq_completed_addr : 1
		new_ldq_killed_addr : 1
		new_ldq_rob_idx_addr : 1
		new_ldq_size_addr : 1
		new_ldq_branch_mask_addr : 1
		new_ldq_transaction_id_addr : 1
		new_ldq_rob_allocation_id_addr : 1
		new_ldq_addr : 1
		new_ldq_result_addr : 1
		store_ln936 : 2
		store_ln936 : 2
		store_ln936 : 2
		store_ln936 : 2
		store_ln936 : 2
		store_ln936 : 2
		store_ln936 : 2
		store_ln936 : 2
		store_ln936 : 2
		store_ln936 : 2
		store_ln936 : 2
		store_ln936 : 2
	State 10
		zext_ln939 : 1
		icmp_ln939 : 1
		add_ln939 : 1
		br_ln939 : 2
		state_lsu_stq_valid_addr : 2
		state_lsu_stq_valid_load : 3
		store_ln947 : 1
	State 11
		br_ln941 : 1
		state_lsu_stq_branch_mask_load : 1
	State 12
		and_ln941 : 1
		icmp_ln941 : 1
		br_ln941 : 2
		store_ln945 : 1
	State 13
		new_stq_valid_addr : 1
		new_stq_addr : 1
		new_stq_data_valid_addr : 1
		new_stq_committed_addr : 1
		new_stq_issued_to_memory_addr : 1
		new_stq_completed_addr : 1
		new_stq_killed_addr : 1
		new_stq_rob_idx_addr : 1
		new_stq_mask_addr : 1
		new_stq_size_addr : 1
		new_stq_branch_mask_addr : 1
		new_stq_rob_allocation_id_addr : 1
		new_stq_addr_2 : 1
		new_stq_data_addr : 1
		store_ln944 : 2
		store_ln944 : 2
		store_ln944 : 2
		store_ln944 : 2
		store_ln944 : 2
		store_ln944 : 2
		store_ln944 : 2
		store_ln944 : 2
		store_ln944 : 2
		store_ln944 : 2
		store_ln944 : 2
		store_ln944 : 2
		store_ln944 : 2
		store_ln944 : 2
	State 14
		zext_ln947 : 1
		tmp : 1
		icmp_ln947 : 2
		br_ln947 : 3
		new_ldq_valid_addr_1 : 2
		new_ldq_signed_load_addr_1 : 2
		new_ldq_response_pending_addr_1 : 2
		new_ldq_completed_addr_1 : 2
		new_ldq_killed_addr_1 : 2
		new_ldq_rob_idx_addr_1 : 2
		new_ldq_size_addr_1 : 2
		new_ldq_branch_mask_addr_1 : 2
		new_ldq_transaction_id_addr_1 : 2
		new_ldq_rob_allocation_id_addr_1 : 2
		new_ldq_addr_1 : 2
		new_ldq_result_addr_1 : 2
		store_ln947 : 3
		store_ln947 : 3
		store_ln947 : 3
		store_ln947 : 3
		store_ln947 : 3
		store_ln947 : 3
		store_ln947 : 3
		store_ln947 : 3
		store_ln947 : 3
		store_ln947 : 3
		store_ln947 : 3
		store_ln947 : 3
		add_ln947 : 1
		store_ln947 : 2
		store_ln948 : 1
	State 15
		zext_ln948 : 1
		tmp_9 : 1
		icmp_ln948 : 2
		br_ln948 : 3
		new_stq_valid_addr_1 : 2
		new_stq_addr_3 : 2
		new_stq_data_valid_addr_1 : 2
		new_stq_committed_addr_1 : 2
		new_stq_issued_to_memory_addr_1 : 2
		new_stq_completed_addr_1 : 2
		new_stq_killed_addr_1 : 2
		new_stq_rob_idx_addr_1 : 2
		new_stq_mask_addr_1 : 2
		new_stq_size_addr_1 : 2
		new_stq_branch_mask_addr_1 : 2
		new_stq_rob_allocation_id_addr_1 : 2
		new_stq_addr_4 : 2
		new_stq_data_addr_1 : 2
		store_ln948 : 3
		store_ln948 : 3
		store_ln948 : 3
		store_ln948 : 3
		store_ln948 : 3
		store_ln948 : 3
		store_ln948 : 3
		store_ln948 : 3
		store_ln948 : 3
		store_ln948 : 3
		store_ln948 : 3
		store_ln948 : 3
		store_ln948 : 3
		store_ln948 : 3
		add_ln948 : 1
		store_ln948 : 2
		store_ln949 : 1
	State 16
		zext_ln949 : 1
		icmp_ln949 : 1
		add_ln949 : 1
		br_ln949 : 2
		new_ldq_valid_addr_2 : 2
		new_ldq_signed_load_addr_2 : 2
		new_ldq_response_pending_addr_2 : 2
		new_ldq_completed_addr_2 : 2
		new_ldq_killed_addr_2 : 2
		new_ldq_rob_idx_addr_2 : 2
		new_ldq_size_addr_2 : 2
		new_ldq_branch_mask_addr_2 : 2
		new_ldq_transaction_id_addr_2 : 2
		new_ldq_rob_allocation_id_addr_2 : 2
		new_ldq_addr_2 : 2
		new_ldq_result_addr_2 : 2
		new_ldq_valid_load : 3
		new_ldq_signed_load_load : 3
		new_ldq_response_pending_load : 3
		new_ldq_completed_load : 3
		new_ldq_killed_load : 3
		new_ldq_rob_idx_load : 3
		new_ldq_size_load : 3
		new_ldq_branch_mask_load : 3
		new_ldq_transaction_id_load : 3
		new_ldq_rob_allocation_id_load : 3
		new_ldq_load : 3
		new_ldq_result_load : 3
		store_ln949 : 2
		store_ln950 : 1
	State 17
		store_ln949 : 1
		store_ln949 : 1
		store_ln949 : 1
		store_ln949 : 1
		store_ln949 : 1
		store_ln949 : 1
		store_ln949 : 1
		store_ln949 : 1
		store_ln949 : 1
		store_ln949 : 1
		store_ln949 : 1
		store_ln949 : 1
	State 18
		zext_ln950 : 1
		icmp_ln950 : 1
		add_ln950 : 1
		br_ln950 : 2
		new_stq_valid_addr_2 : 2
		new_stq_addr_5 : 2
		new_stq_data_valid_addr_2 : 2
		new_stq_committed_addr_2 : 2
		new_stq_issued_to_memory_addr_2 : 2
		new_stq_completed_addr_2 : 2
		new_stq_killed_addr_2 : 2
		new_stq_rob_idx_addr_2 : 2
		new_stq_mask_addr_2 : 2
		new_stq_size_addr_2 : 2
		new_stq_branch_mask_addr_2 : 2
		new_stq_rob_allocation_id_addr_2 : 2
		new_stq_addr_6 : 2
		new_stq_data_addr_2 : 2
		new_stq_valid_load : 3
		new_stq_load : 3
		new_stq_data_valid_load : 3
		new_stq_committed_load : 3
		new_stq_issued_to_memory_load : 3
		new_stq_completed_load : 3
		new_stq_killed_load : 3
		new_stq_rob_idx_load : 3
		new_stq_mask_load : 3
		new_stq_size_load : 3
		new_stq_branch_mask_load : 3
		new_stq_rob_allocation_id_load : 3
		new_stq_load_1 : 3
		new_stq_data_load : 3
		store_ln950 : 2
		store_ln952 : 1
		store_ln953 : 1
		store_ln955 : 1
		store_ln956 : 1
	State 19
		store_ln950 : 1
		store_ln950 : 1
		store_ln950 : 1
		store_ln950 : 1
		store_ln950 : 1
		store_ln950 : 1
		store_ln950 : 1
		store_ln950 : 1
		store_ln950 : 1
		store_ln950 : 1
		store_ln950 : 1
		store_ln950 : 1
		store_ln950 : 1
		store_ln950 : 1


============================================================
+ Verbose Summary: Datapath Resource usage 
============================================================

* Functional unit list:
|----------|----------------------------------|---------|---------|
| Operation|          Functional Unit         |    FF   |   LUT   |
|----------|----------------------------------|---------|---------|
|          |         add_ln919_fu_1858        |    0    |    10   |
|          |         add_ln920_fu_1899        |    0    |    10   |
|          |         add_ln924_fu_1961        |    0    |    12   |
|          |           lw_3_fu_1992           |    0    |    39   |
|    add   |         add_ln939_fu_2086        |    0    |    12   |
|          |           sw_3_fu_2107           |    0    |    39   |
|          |         add_ln947_fu_2173        |    0    |    39   |
|          |         add_ln948_fu_2225        |    0    |    39   |
|          |         add_ln949_fu_2266        |    0    |    12   |
|          |         add_ln950_fu_2309        |    0    |    12   |
|----------|----------------------------------|---------|---------|
|          |        icmp_ln919_fu_1880        |    0    |    8    |
|          |        icmp_ln920_fu_1923        |    0    |    8    |
|          |        icmp_ln924_fu_1955        |    0    |    9    |
|          |        icmp_ln926_fu_1982        |    0    |    11   |
|          |        icmp_ln927_fu_2010        |    0    |    11   |
|   icmp   |        icmp_ln928_fu_2020        |    0    |    20   |
|          |        icmp_ln939_fu_2080        |    0    |    9    |
|          |        icmp_ln941_fu_2101        |    0    |    11   |
|          |        icmp_ln947_fu_2167        |    0    |    18   |
|          |        icmp_ln948_fu_2219        |    0    |    18   |
|          |        icmp_ln949_fu_2260        |    0    |    9    |
|          |        icmp_ln950_fu_2303        |    0    |    9    |
|----------|----------------------------------|---------|---------|
|    and   |         and_ln926_fu_1977        |    0    |    8    |
|          |         and_ln941_fu_2096        |    0    |    8    |
|----------|----------------------------------|---------|---------|
|   read   | mispredict_mask_read_read_fu_270 |    0    |    0    |
|----------|----------------------------------|---------|---------|
|          |        zext_ln919_fu_1864        |    0    |    0    |
|          |        zext_ln920_fu_1905        |    0    |    0    |
|          |        zext_ln924_fu_1950        |    0    |    0    |
|          |        zext_ln927_fu_2006        |    0    |    0    |
|          |        zext_ln936_fu_2054        |    0    |    0    |
|   zext   |        zext_ln939_fu_2075        |    0    |    0    |
|          |        zext_ln944_fu_2117        |    0    |    0    |
|          |        zext_ln947_fu_2141        |    0    |    0    |
|          |        zext_ln948_fu_2191        |    0    |    0    |
|          |        zext_ln949_fu_2244        |    0    |    0    |
|          |        zext_ln950_fu_2285        |    0    |    0    |
|----------|----------------------------------|---------|---------|
|partselect|            tmp_fu_2157           |    0    |    0    |
|          |           tmp_9_fu_2209          |    0    |    0    |
|----------|----------------------------------|---------|---------|
|          |        trunc_ln952_fu_2320       |    0    |    0    |
|   trunc  |        trunc_ln953_fu_2329       |    0    |    0    |
|          |        trunc_ln955_fu_2338       |    0    |    0    |
|          |        trunc_ln956_fu_2347       |    0    |    0    |
|----------|----------------------------------|---------|---------|
|   Total  |                                  |    0    |   381   |
|----------|----------------------------------|---------|---------|

Memories:
+-------------------------+--------+--------+--------+--------+
|                         |  BRAM  |   FF   |   LUT  |  URAM  |
+-------------------------+--------+--------+--------+--------+
|     new_ldq_address     |    0   |   128  |    8   |    0   |
|   new_ldq_branch_mask   |    0   |   16   |    1   |    0   |
|    new_ldq_completed    |    0   |    2   |    1   |    0   |
|      new_ldq_killed     |    0   |    2   |    1   |    0   |
| new_ldq_response_pending|    0   |    2   |    1   |    0   |
|      new_ldq_result     |    0   |   128  |    8   |    0   |
|new_ldq_rob_allocation_id|    0   |   64   |    4   |    0   |
|     new_ldq_rob_idx     |    0   |   16   |    1   |    0   |
|   new_ldq_signed_load   |    0   |    2   |    1   |    0   |
|       new_ldq_size      |    0   |   16   |    1   |    0   |
|  new_ldq_transaction_id |    0   |   64   |    4   |    0   |
|      new_ldq_valid      |    0   |    2   |    1   |    0   |
|     new_stq_address     |    0   |   128  |    8   |    0   |
|  new_stq_address_valid  |    0   |    2   |    1   |    0   |
|   new_stq_branch_mask   |    0   |   16   |    1   |    0   |
|    new_stq_committed    |    0   |    2   |    1   |    0   |
|    new_stq_completed    |    0   |    2   |    1   |    0   |
|       new_stq_data      |    0   |   128  |    8   |    0   |
|    new_stq_data_valid   |    0   |    2   |    1   |    0   |
| new_stq_issued_to_memory|    0   |    2   |    1   |    0   |
|      new_stq_killed     |    0   |    2   |    1   |    0   |
|       new_stq_mask      |    0   |   16   |    1   |    0   |
|new_stq_rob_allocation_id|    0   |   64   |    4   |    0   |
|     new_stq_rob_idx     |    0   |   16   |    1   |    0   |
|       new_stq_size      |    0   |   16   |    1   |    0   |
|      new_stq_valid      |    0   |    2   |    1   |    0   |
+-------------------------+--------+--------+--------+--------+
|          Total          |    0   |   840  |   63   |    0   |
+-------------------------+--------+--------+--------+--------+

* Register list:
+-----------------------------------------------+--------+
|                                               |   FF   |
+-----------------------------------------------+--------+
|               add_ln924_reg_2432              |    4   |
|               add_ln939_reg_2568              |    4   |
|                 i_20_reg_2442                 |    4   |
|                 i_21_reg_2578                 |   32   |
|                 i_23_reg_2666                 |   32   |
|                 i_24_reg_2676                 |    4   |
|                 i_25_reg_2762                 |    4   |
|                   i_reg_2382                  |    4   |
|              icmp_ln926_reg_2470              |    1   |
|              icmp_ln927_reg_2528              |    1   |
|              icmp_ln941_reg_2659              |    1   |
|                indvar4_reg_2372               |    3   |
|                indvar_reg_2356                |    3   |
|                 lw_2_reg_2396                 |   32   |
|                  lw_reg_2389                  |   32   |
|         mispredict_mask_read_reg_2363         |    8   |
|            new_ldq_addr_2_reg_2752            |    3   |
|      new_ldq_branch_mask_addr_2_reg_2737      |    3   |
|       new_ldq_completed_addr_2_reg_2717       |    3   |
|         new_ldq_killed_addr_2_reg_2722        |    3   |
|    new_ldq_response_pending_addr_2_reg_2712   |    3   |
|         new_ldq_result_addr_2_reg_2757        |    3   |
|   new_ldq_rob_allocation_id_addr_2_reg_2747   |    3   |
|        new_ldq_rob_idx_addr_2_reg_2727        |    3   |
|      new_ldq_signed_load_addr_2_reg_2707      |    3   |
|          new_ldq_size_addr_2_reg_2732         |    3   |
|     new_ldq_transaction_id_addr_2_reg_2742    |    3   |
|         new_ldq_valid_addr_2_reg_2702         |    3   |
|            new_stq_addr_5_reg_2795            |    3   |
|            new_stq_addr_6_reg_2850            |    3   |
|      new_stq_branch_mask_addr_2_reg_2840      |    3   |
|       new_stq_committed_addr_2_reg_2805       |    3   |
|       new_stq_completed_addr_2_reg_2815       |    3   |
|          new_stq_data_addr_2_reg_2855         |    3   |
|       new_stq_data_valid_addr_2_reg_2800      |    3   |
|    new_stq_issued_to_memory_addr_2_reg_2810   |    3   |
|         new_stq_killed_addr_2_reg_2820        |    3   |
|          new_stq_mask_addr_2_reg_2830         |    3   |
|   new_stq_rob_allocation_id_addr_2_reg_2845   |    3   |
|        new_stq_rob_idx_addr_2_reg_2825        |    3   |
|          new_stq_size_addr_2_reg_2835         |    3   |
|         new_stq_valid_addr_2_reg_2790         |    3   |
|          state_lsu_ldq_addr_reg_2518          |    3   |
|    state_lsu_ldq_branch_mask_addr_reg_2460    |    3   |
|    state_lsu_ldq_branch_mask_load_reg_2465    |    8   |
|     state_lsu_ldq_completed_addr_reg_2493     |    3   |
|       state_lsu_ldq_killed_addr_reg_2498      |    3   |
|  state_lsu_ldq_response_pending_addr_reg_2488 |    3   |
|       state_lsu_ldq_result_addr_reg_2523      |    3   |
|state_lsu_ldq_rob_allocation_id_addr_2_reg_2532|    3   |
| state_lsu_ldq_rob_allocation_id_addr_reg_2513 |    3   |
|      state_lsu_ldq_rob_idx_addr_reg_2474      |    3   |
|    state_lsu_ldq_signed_load_addr_reg_2483    |    3   |
|        state_lsu_ldq_size_addr_reg_2503       |    3   |
|   state_lsu_ldq_transaction_id_addr_reg_2508  |    3   |
|       state_lsu_ldq_valid_addr_reg_2437       |    3   |
|       state_lsu_ldq_valid_load_reg_2456       |    1   |
|            state_lsu_load_reg_2479            |    1   |
|         state_lsu_stq_addr_5_reg_2644         |    3   |
|          state_lsu_stq_addr_reg_2594          |    3   |
|    state_lsu_stq_branch_mask_addr_reg_2589    |    3   |
|    state_lsu_stq_branch_mask_load_reg_2654    |    8   |
|     state_lsu_stq_committed_addr_reg_2604     |    3   |
|     state_lsu_stq_completed_addr_reg_2614     |    3   |
|        state_lsu_stq_data_addr_reg_2649       |    3   |
|     state_lsu_stq_data_valid_addr_reg_2599    |    3   |
|  state_lsu_stq_issued_to_memory_addr_reg_2609 |    3   |
|       state_lsu_stq_killed_addr_reg_2619      |    3   |
|        state_lsu_stq_mask_addr_reg_2629       |    3   |
| state_lsu_stq_rob_allocation_id_addr_reg_2639 |    3   |
|      state_lsu_stq_rob_idx_addr_reg_2624      |    3   |
|        state_lsu_stq_size_addr_reg_2634       |    3   |
|       state_lsu_stq_valid_addr_reg_2573       |    3   |
|       state_lsu_stq_valid_load_reg_2585       |    1   |
|                 sw_2_reg_2540                 |   32   |
|                  sw_reg_2449                  |   32   |
|              zext_ln924_reg_2404              |   64   |
|              zext_ln939_reg_2548              |   64   |
|              zext_ln949_reg_2683              |   64   |
|              zext_ln950_reg_2769              |   64   |
+-----------------------------------------------+--------+
|                     Total                     |   667  |
+-----------------------------------------------+--------+

* Multiplexer (MUX) list: 
|--------------------|------|------|------|--------||---------||---------|
|        Comp        |  Pin | Size |  BW  | S x BW ||  Delay  ||   LUT   |
|--------------------|------|------|------|--------||---------||---------|
|  grp_access_fu_348 |  p0  |   5  |   3  |   15   ||    26   |
|  grp_access_fu_348 |  p1  |   2  |   1  |    2   |
|  grp_access_fu_355 |  p0  |   5  |   3  |   15   ||    26   |
|  grp_access_fu_355 |  p1  |   2  |   1  |    2   ||    9    |
|  grp_access_fu_362 |  p0  |   5  |   3  |   15   ||    26   |
|  grp_access_fu_362 |  p1  |   2  |   1  |    2   ||    9    |
|  grp_access_fu_369 |  p0  |   5  |   3  |   15   ||    26   |
|  grp_access_fu_369 |  p1  |   2  |   1  |    2   ||    9    |
|  grp_access_fu_376 |  p0  |   5  |   3  |   15   ||    26   |
|  grp_access_fu_376 |  p1  |   2  |   1  |    2   ||    9    |
|  grp_access_fu_383 |  p0  |   5  |   3  |   15   ||    26   |
|  grp_access_fu_383 |  p1  |   2  |   8  |   16   ||    9    |
|  grp_access_fu_390 |  p0  |   5  |   3  |   15   ||    26   |
|  grp_access_fu_390 |  p1  |   2  |   8  |   16   ||    9    |
|  grp_access_fu_397 |  p0  |   5  |   3  |   15   ||    26   |
|  grp_access_fu_397 |  p1  |   2  |   8  |   16   ||    9    |
|  grp_access_fu_404 |  p0  |   5  |   3  |   15   ||    26   |
|  grp_access_fu_404 |  p1  |   2  |  32  |   64   ||    9    |
|  grp_access_fu_411 |  p0  |   5  |   3  |   15   ||    26   |
|  grp_access_fu_411 |  p1  |   2  |  32  |   64   ||    9    |
|  grp_access_fu_418 |  p0  |   5  |   3  |   15   ||    26   |
|  grp_access_fu_418 |  p1  |   2  |  64  |   128  ||    9    |
|  grp_access_fu_425 |  p0  |   5  |   3  |   15   ||    26   |
|  grp_access_fu_425 |  p1  |   2  |  64  |   128  ||    9    |
|  grp_access_fu_516 |  p0  |   5  |   3  |   15   ||    26   |
|  grp_access_fu_516 |  p1  |   2  |   1  |    2   |
|  grp_access_fu_523 |  p0  |   5  |   3  |   15   ||    26   |
|  grp_access_fu_523 |  p1  |   2  |   1  |    2   ||    9    |
|  grp_access_fu_530 |  p0  |   5  |   3  |   15   ||    26   |
|  grp_access_fu_530 |  p1  |   2  |   1  |    2   ||    9    |
|  grp_access_fu_537 |  p0  |   5  |   3  |   15   ||    26   |
|  grp_access_fu_537 |  p1  |   2  |   1  |    2   ||    9    |
|  grp_access_fu_544 |  p0  |   5  |   3  |   15   ||    26   |
|  grp_access_fu_544 |  p1  |   2  |   1  |    2   ||    9    |
|  grp_access_fu_551 |  p0  |   5  |   3  |   15   ||    26   |
|  grp_access_fu_551 |  p1  |   2  |   1  |    2   ||    9    |
|  grp_access_fu_558 |  p0  |   5  |   3  |   15   ||    26   |
|  grp_access_fu_558 |  p1  |   2  |   1  |    2   ||    9    |
|  grp_access_fu_565 |  p0  |   5  |   3  |   15   ||    26   |
|  grp_access_fu_565 |  p1  |   2  |   8  |   16   ||    9    |
|  grp_access_fu_572 |  p0  |   5  |   3  |   15   ||    26   |
|  grp_access_fu_572 |  p1  |   2  |   8  |   16   ||    9    |
|  grp_access_fu_579 |  p0  |   5  |   3  |   15   ||    26   |
|  grp_access_fu_579 |  p1  |   2  |   8  |   16   ||    9    |
|  grp_access_fu_586 |  p0  |   5  |   3  |   15   ||    26   |
|  grp_access_fu_586 |  p1  |   2  |   8  |   16   ||    9    |
|  grp_access_fu_593 |  p0  |   5  |   3  |   15   ||    26   |
|  grp_access_fu_593 |  p1  |   2  |  32  |   64   ||    9    |
|  grp_access_fu_600 |  p0  |   5  |   3  |   15   ||    26   |
|  grp_access_fu_600 |  p1  |   2  |  64  |   128  ||    9    |
|  grp_access_fu_607 |  p0  |   5  |   3  |   15   ||    26   |
|  grp_access_fu_607 |  p1  |   2  |  64  |   128  ||    9    |
|  grp_access_fu_621 |  p0  |   3  |   3  |    9   ||    14   |
|  grp_access_fu_621 |  p1  |   2  |   1  |    2   ||    9    |
|  grp_access_fu_634 |  p0  |   3  |   3  |    9   ||    14   |
|  grp_access_fu_634 |  p1  |   2  |   8  |   16   ||    9    |
|  grp_access_fu_647 |  p0  |   3  |   3  |    9   ||    14   |
|  grp_access_fu_647 |  p1  |   2  |   8  |   16   ||    9    |
|  grp_access_fu_660 |  p0  |   4  |   3  |   12   ||    20   |
|  grp_access_fu_660 |  p1  |   2  |   1  |    2   ||    9    |
|  grp_access_fu_673 |  p0  |   4  |   3  |   12   ||    20   |
|  grp_access_fu_673 |  p1  |   2  |   1  |    2   ||    9    |
|  grp_access_fu_686 |  p0  |   4  |   3  |   12   ||    20   |
|  grp_access_fu_686 |  p1  |   2  |   1  |    2   ||    9    |
|  grp_access_fu_699 |  p0  |   4  |   3  |   12   ||    20   |
|  grp_access_fu_699 |  p1  |   2  |   1  |    2   ||    9    |
|  grp_access_fu_712 |  p0  |   4  |   3  |   12   ||    20   |
|  grp_access_fu_712 |  p1  |   2  |   8  |   16   ||    9    |
|  grp_access_fu_725 |  p0  |   4  |   3  |   12   ||    20   |
|  grp_access_fu_725 |  p1  |   2  |  32  |   64   ||    9    |
|  grp_access_fu_738 |  p0  |   6  |   3  |   18   ||    31   |
|  grp_access_fu_738 |  p1  |   2  |  32  |   64   ||    9    |
|  grp_access_fu_751 |  p0  |   4  |   3  |   12   ||    20   |
|  grp_access_fu_751 |  p1  |   2  |  64  |   128  ||    9    |
|  grp_access_fu_764 |  p0  |   4  |   3  |   12   ||    20   |
|  grp_access_fu_764 |  p1  |   2  |  64  |   128  ||    9    |
|  grp_access_fu_964 |  p0  |   3  |   3  |    9   ||    14   |
|  grp_access_fu_964 |  p1  |   2  |   1  |    2   ||    9    |
|  grp_access_fu_977 |  p0  |   3  |   3  |    9   ||    14   |
|  grp_access_fu_977 |  p1  |   2  |   8  |   16   ||    9    |
| grp_access_fu_1068 |  p0  |   2  |   3  |    6   ||    9    |
| grp_access_fu_1068 |  p1  |   2  |   1  |    2   ||    9    |
| grp_access_fu_1074 |  p0  |   2  |   3  |    6   ||    9    |
| grp_access_fu_1074 |  p1  |   2  |   1  |    2   ||    9    |
| grp_access_fu_1080 |  p0  |   2  |   3  |    6   ||    9    |
| grp_access_fu_1080 |  p1  |   2  |   1  |    2   ||    9    |
| grp_access_fu_1086 |  p0  |   2  |   3  |    6   ||    9    |
| grp_access_fu_1086 |  p1  |   2  |   1  |    2   ||    9    |
| grp_access_fu_1092 |  p0  |   2  |   3  |    6   ||    9    |
| grp_access_fu_1092 |  p1  |   2  |   1  |    2   ||    9    |
| grp_access_fu_1098 |  p0  |   2  |   3  |    6   ||    9    |
| grp_access_fu_1098 |  p1  |   2  |   1  |    2   ||    9    |
| grp_access_fu_1104 |  p0  |   2  |   3  |    6   ||    9    |
| grp_access_fu_1104 |  p1  |   2  |   8  |   16   ||    9    |
| grp_access_fu_1110 |  p0  |   2  |   3  |    6   ||    9    |
| grp_access_fu_1110 |  p1  |   2  |   8  |   16   ||    9    |
| grp_access_fu_1116 |  p0  |   2  |   3  |    6   ||    9    |
| grp_access_fu_1116 |  p1  |   2  |   8  |   16   ||    9    |
| grp_access_fu_1123 |  p0  |   2  |   3  |    6   ||    9    |
| grp_access_fu_1123 |  p1  |   2  |  32  |   64   ||    9    |
| grp_access_fu_1129 |  p0  |   2  |   3  |    6   ||    9    |
| grp_access_fu_1129 |  p1  |   2  |  64  |   128  ||    9    |
| grp_access_fu_1135 |  p0  |   2  |   3  |    6   ||    9    |
| grp_access_fu_1135 |  p1  |   2  |  64  |   128  ||    9    |
|--------------------|------|------|------|--------||---------||---------|
|        Total       |      |      |      |  2301  ||  49.455 ||   1495  |
|--------------------|------|------|------|--------||---------||---------|



* Summary:
+-----------+--------+--------+--------+--------+--------+
|           |  BRAM  |  Delay |   FF   |   LUT  |  URAM  |
+-----------+--------+--------+--------+--------+--------+
|  Function |    -   |    -   |    0   |   381  |    -   |
|   Memory  |    0   |    -   |   840  |   63   |    0   |
|Multiplexer|    -   |   49   |    -   |  1495  |    -   |
|  Register |    -   |    -   |   667  |    -   |    -   |
+-----------+--------+--------+--------+--------+--------+
|   Total   |    0   |   49   |  1507  |  1939  |    0   |
+-----------+--------+--------+--------+--------+--------+
