

================================================================
== Vitis HLS Report for 'rob_complete'
================================================================
* Date:           Fri Jul 31 19:23:22 2026

* Version:        2021.2 (Build 3367213 on Tue Oct 19 02:47:39 MDT 2021)
* Project:        boom_core_top
* Solution:       solution_w3_csynth (Vivado IP Flow Target)
* Product family: zynquplus
* Target device:  xczu7ev-ffvc1156-2-e


================================================================
== Performance Estimates
================================================================
+ Timing: 
    * Summary: 
    +--------+----------+----------+------------+
    |  Clock |  Target  | Estimated| Uncertainty|
    +--------+----------+----------+------------+
    |ap_clk  |  10.00 ns|  3.465 ns|     2.70 ns|
    +--------+----------+----------+------------+

+ Latency: 
    * Summary: 
    +---------+---------+----------+----------+-----+-----+---------+
    |  Latency (cycles) |  Latency (absolute) |  Interval | Pipeline|
    |   min   |   max   |    min   |    max   | min | max |   Type  |
    +---------+---------+----------+----------+-----+-----+---------+
    |        ?|        ?|         ?|         ?|    ?|    ?|       no|
    +---------+---------+----------+----------+-----+-----+---------+

    + Detail: 
        * Instance: 
        N/A

        * Loop: 
        N/A

============================================================
+ Verbose Summary: Synthesis Manager
============================================================
InlineROM: 1
ExposeGlobal: 0
============================================================
+ Verbose Summary: CDFG Model
============================================================
IsTopModel: 0
ResetActiveHigh: 1
IsCombinational: 0
IsDatapathOnly: 0
HasWiredReturn: 1
HasMFsm: 0
HasVarLatency: 1
IsPipeline: 0
IsRtlPipelined: 0
IsInstanceOverlapped: 0
IsDontTouch: 0
HasImplIP: 0
IsGatedGlobalClock: 0


============================================================
+ Verbose Summary: Schedule
============================================================
* Number of FSM states : 17
* Pipeline : 0
* Dataflow Pipeline: 0

* FSM state transitions: 
1 --> 2 
2 --> 10 3 4 11 12 
3 --> 4 
4 --> 5 
5 --> 6 
6 --> 7 
7 --> 10 8 9 
8 --> 9 
9 --> 10 
10 --> 
11 --> 12 
12 --> 13 
13 --> 14 
14 --> 15 
15 --> 10 16 17 
16 --> 17 
17 --> 10 

* FSM state operations: 

State 1 <SV = 0> <Delay = 1.23>
ST_1 : Operation 18 [1/1] (0.00ns)   --->   "%mem_idx = load i8 %state_execute_alu_results_uop_queue_rob_idx_0" [/home/lab_726/boom/hls_boom/src/boom_core_merged.cpp:506]   --->   Operation 18 'load' 'mem_idx' <Predicate = true> <Delay = 0.00>
ST_1 : Operation 19 [1/1] (0.00ns)   --->   "%int_idx = load i8 %state_execute_alu_results_uop_queue_rob_idx_1" [/home/lab_726/boom/hls_boom/src/boom_core_merged.cpp:507]   --->   Operation 19 'load' 'int_idx' <Predicate = true> <Delay = 0.00>
ST_1 : Operation 20 [1/1] (0.00ns)   --->   "%trunc_ln516 = trunc i8 %mem_idx" [/home/lab_726/boom/hls_boom/src/boom_core_merged.cpp:516]   --->   Operation 20 'trunc' 'trunc_ln516' <Predicate = true> <Delay = 0.00>
ST_1 : Operation 21 [1/1] (0.00ns)   --->   "%tmp_1 = partselect i3 @_ssdm_op_PartSelect.i3.i8.i32.i32, i8 %mem_idx, i32 5, i32 7" [/home/lab_726/boom/hls_boom/src/boom_core_merged.cpp:508]   --->   Operation 21 'partselect' 'tmp_1' <Predicate = true> <Delay = 0.00>
ST_1 : Operation 22 [1/1] (0.58ns)   --->   "%icmp_ln508 = icmp_eq  i3 %tmp_1, i3 0" [/home/lab_726/boom/hls_boom/src/boom_core_merged.cpp:508]   --->   Operation 22 'icmp' 'icmp_ln508' <Predicate = true> <Delay = 0.58> <CoreInst = "Cmp">   --->   Core 9 'Cmp' <Latency = 0> <II = 1> <Delay = 0.84> <FuncUnit> <Opcode : 'icmp'> <InPorts = 2> <OutPorts = 1>
ST_1 : Operation 23 [1/1] (0.00ns)   --->   "%zext_ln508 = zext i8 %mem_idx" [/home/lab_726/boom/hls_boom/src/boom_core_merged.cpp:508]   --->   Operation 23 'zext' 'zext_ln508' <Predicate = true> <Delay = 0.00>
ST_1 : Operation 24 [1/1] (0.00ns)   --->   "%state_rob_entries_valid_addr = getelementptr i1 %state_rob_entries_valid, i64 0, i64 %zext_ln508" [/home/lab_726/boom/hls_boom/src/boom_core_merged.cpp:508]   --->   Operation 24 'getelementptr' 'state_rob_entries_valid_addr' <Predicate = true> <Delay = 0.00>
ST_1 : Operation 25 [2/2] (0.67ns)   --->   "%state_rob_entries_valid_load = load i5 %state_rob_entries_valid_addr" [/home/lab_726/boom/hls_boom/src/boom_core_merged.cpp:508]   --->   Operation 25 'load' 'state_rob_entries_valid_load' <Predicate = true> <Delay = 0.67> <CoreInst = "RAM">   --->   Core 83 'RAM' <Latency = 1> <II = 1> <Delay = 0.67> <Storage> <Opcode : 'load' 'store'> <Ports = 2> <Width = 1> <Depth = 32> <RAM>
ST_1 : Operation 26 [1/1] (0.00ns)   --->   "%state_rob_entries_uop_queue_rob_allocation_id_addr = getelementptr i32 %state_rob_entries_uop_queue_rob_allocation_id, i64 0, i64 %zext_ln508" [/home/lab_726/boom/hls_boom/src/boom_core_merged.cpp:509]   --->   Operation 26 'getelementptr' 'state_rob_entries_uop_queue_rob_allocation_id_addr' <Predicate = true> <Delay = 0.00>
ST_1 : Operation 27 [2/2] (1.23ns)   --->   "%state_rob_entries_uop_queue_rob_allocation_id_load = load i5 %state_rob_entries_uop_queue_rob_allocation_id_addr" [/home/lab_726/boom/hls_boom/src/boom_core_merged.cpp:509]   --->   Operation 27 'load' 'state_rob_entries_uop_queue_rob_allocation_id_load' <Predicate = true> <Delay = 1.23> <CoreInst = "RAM">   --->   Core 83 'RAM' <Latency = 1> <II = 1> <Delay = 1.23> <Storage> <Opcode : 'load' 'store'> <Ports = 2> <Width = 32> <Depth = 32> <RAM>
ST_1 : Operation 28 [1/1] (0.00ns)   --->   "%trunc_ln517 = trunc i8 %int_idx" [/home/lab_726/boom/hls_boom/src/boom_core_merged.cpp:517]   --->   Operation 28 'trunc' 'trunc_ln517' <Predicate = true> <Delay = 0.00>
ST_1 : Operation 29 [1/1] (0.00ns)   --->   "%tmp_2 = partselect i3 @_ssdm_op_PartSelect.i3.i8.i32.i32, i8 %int_idx, i32 5, i32 7" [/home/lab_726/boom/hls_boom/src/boom_core_merged.cpp:510]   --->   Operation 29 'partselect' 'tmp_2' <Predicate = true> <Delay = 0.00>
ST_1 : Operation 30 [1/1] (0.58ns)   --->   "%icmp_ln510 = icmp_eq  i3 %tmp_2, i3 0" [/home/lab_726/boom/hls_boom/src/boom_core_merged.cpp:510]   --->   Operation 30 'icmp' 'icmp_ln510' <Predicate = true> <Delay = 0.58> <CoreInst = "Cmp">   --->   Core 9 'Cmp' <Latency = 0> <II = 1> <Delay = 0.84> <FuncUnit> <Opcode : 'icmp'> <InPorts = 2> <OutPorts = 1>
ST_1 : Operation 31 [1/1] (0.00ns)   --->   "%zext_ln510 = zext i8 %int_idx" [/home/lab_726/boom/hls_boom/src/boom_core_merged.cpp:510]   --->   Operation 31 'zext' 'zext_ln510' <Predicate = true> <Delay = 0.00>
ST_1 : Operation 32 [1/1] (0.00ns)   --->   "%state_rob_entries_valid_addr_2 = getelementptr i1 %state_rob_entries_valid, i64 0, i64 %zext_ln510" [/home/lab_726/boom/hls_boom/src/boom_core_merged.cpp:510]   --->   Operation 32 'getelementptr' 'state_rob_entries_valid_addr_2' <Predicate = true> <Delay = 0.00>
ST_1 : Operation 33 [2/2] (0.67ns)   --->   "%state_rob_entries_valid_load_2 = load i5 %state_rob_entries_valid_addr_2" [/home/lab_726/boom/hls_boom/src/boom_core_merged.cpp:510]   --->   Operation 33 'load' 'state_rob_entries_valid_load_2' <Predicate = true> <Delay = 0.67> <CoreInst = "RAM">   --->   Core 83 'RAM' <Latency = 1> <II = 1> <Delay = 0.67> <Storage> <Opcode : 'load' 'store'> <Ports = 2> <Width = 1> <Depth = 32> <RAM>
ST_1 : Operation 34 [1/1] (0.00ns)   --->   "%state_rob_entries_uop_queue_rob_allocation_id_addr_1 = getelementptr i32 %state_rob_entries_uop_queue_rob_allocation_id, i64 0, i64 %zext_ln510" [/home/lab_726/boom/hls_boom/src/boom_core_merged.cpp:511]   --->   Operation 34 'getelementptr' 'state_rob_entries_uop_queue_rob_allocation_id_addr_1' <Predicate = true> <Delay = 0.00>
ST_1 : Operation 35 [2/2] (1.23ns)   --->   "%state_rob_entries_uop_queue_rob_allocation_id_load_1 = load i5 %state_rob_entries_uop_queue_rob_allocation_id_addr_1" [/home/lab_726/boom/hls_boom/src/boom_core_merged.cpp:511]   --->   Operation 35 'load' 'state_rob_entries_uop_queue_rob_allocation_id_load_1' <Predicate = true> <Delay = 1.23> <CoreInst = "RAM">   --->   Core 83 'RAM' <Latency = 1> <II = 1> <Delay = 1.23> <Storage> <Opcode : 'load' 'store'> <Ports = 2> <Width = 32> <Depth = 32> <RAM>

State 2 <SV = 1> <Delay = 3.22>
ST_2 : Operation 36 [1/1] (0.00ns)   --->   "%state_execute_alu_results_valid_0_load = load i1 %state_execute_alu_results_valid_0" [/home/lab_726/boom/hls_boom/src/boom_core_merged.cpp:508]   --->   Operation 36 'load' 'state_execute_alu_results_valid_0_load' <Predicate = true> <Delay = 0.00>
ST_2 : Operation 37 [1/2] (0.67ns)   --->   "%state_rob_entries_valid_load = load i5 %state_rob_entries_valid_addr" [/home/lab_726/boom/hls_boom/src/boom_core_merged.cpp:508]   --->   Operation 37 'load' 'state_rob_entries_valid_load' <Predicate = true> <Delay = 0.67> <CoreInst = "RAM">   --->   Core 83 'RAM' <Latency = 1> <II = 1> <Delay = 0.67> <Storage> <Opcode : 'load' 'store'> <Ports = 2> <Width = 1> <Depth = 32> <RAM>
ST_2 : Operation 38 [1/2] (1.23ns)   --->   "%state_rob_entries_uop_queue_rob_allocation_id_load = load i5 %state_rob_entries_uop_queue_rob_allocation_id_addr" [/home/lab_726/boom/hls_boom/src/boom_core_merged.cpp:509]   --->   Operation 38 'load' 'state_rob_entries_uop_queue_rob_allocation_id_load' <Predicate = true> <Delay = 1.23> <CoreInst = "RAM">   --->   Core 83 'RAM' <Latency = 1> <II = 1> <Delay = 1.23> <Storage> <Opcode : 'load' 'store'> <Ports = 2> <Width = 32> <Depth = 32> <RAM>
ST_2 : Operation 39 [1/1] (0.00ns)   --->   "%state_execute_alu_results_uop_queue_rob_allocation_id_0_load = load i32 %state_execute_alu_results_uop_queue_rob_allocation_id_0" [/home/lab_726/boom/hls_boom/src/boom_core_merged.cpp:509]   --->   Operation 39 'load' 'state_execute_alu_results_uop_queue_rob_allocation_id_0_load' <Predicate = true> <Delay = 0.00>
ST_2 : Operation 40 [1/1] (0.99ns)   --->   "%icmp_ln509 = icmp_eq  i32 %state_rob_entries_uop_queue_rob_allocation_id_load, i32 %state_execute_alu_results_uop_queue_rob_allocation_id_0_load" [/home/lab_726/boom/hls_boom/src/boom_core_merged.cpp:509]   --->   Operation 40 'icmp' 'icmp_ln509' <Predicate = true> <Delay = 0.99> <CoreInst = "Cmp">   --->   Core 9 'Cmp' <Latency = 0> <II = 1> <Delay = 0.84> <FuncUnit> <Opcode : 'icmp'> <InPorts = 2> <OutPorts = 1>
ST_2 : Operation 41 [1/1] (0.00ns) (grouped into LUT with out node mem_valid)   --->   "%and_ln508 = and i1 %state_rob_entries_valid_load, i1 %state_execute_alu_results_valid_0_load" [/home/lab_726/boom/hls_boom/src/boom_core_merged.cpp:508]   --->   Operation 41 'and' 'and_ln508' <Predicate = true> <Delay = 0.00> <CoreInst = "LogicGate">   --->   Core 74 'LogicGate' <Latency = 0> <II = 1> <Delay = 0.28> <FuncUnit> <Opcode : 'and' 'or' 'xor'> <InPorts = 2> <OutPorts = 1>
ST_2 : Operation 42 [1/1] (0.00ns) (grouped into LUT with out node mem_valid)   --->   "%and_ln508_1 = and i1 %icmp_ln508, i1 %icmp_ln509" [/home/lab_726/boom/hls_boom/src/boom_core_merged.cpp:508]   --->   Operation 42 'and' 'and_ln508_1' <Predicate = true> <Delay = 0.00> <CoreInst = "LogicGate">   --->   Core 74 'LogicGate' <Latency = 0> <II = 1> <Delay = 0.28> <FuncUnit> <Opcode : 'and' 'or' 'xor'> <InPorts = 2> <OutPorts = 1>
ST_2 : Operation 43 [1/1] (0.28ns) (out node of the LUT)   --->   "%mem_valid = and i1 %and_ln508_1, i1 %and_ln508" [/home/lab_726/boom/hls_boom/src/boom_core_merged.cpp:508]   --->   Operation 43 'and' 'mem_valid' <Predicate = true> <Delay = 0.28> <CoreInst = "LogicGate">   --->   Core 74 'LogicGate' <Latency = 0> <II = 1> <Delay = 0.28> <FuncUnit> <Opcode : 'and' 'or' 'xor'> <InPorts = 2> <OutPorts = 1>
ST_2 : Operation 44 [1/1] (0.00ns)   --->   "%state_execute_alu_results_valid_1_load = load i1 %state_execute_alu_results_valid_1" [/home/lab_726/boom/hls_boom/src/boom_core_merged.cpp:510]   --->   Operation 44 'load' 'state_execute_alu_results_valid_1_load' <Predicate = true> <Delay = 0.00>
ST_2 : Operation 45 [1/2] (0.67ns)   --->   "%state_rob_entries_valid_load_2 = load i5 %state_rob_entries_valid_addr_2" [/home/lab_726/boom/hls_boom/src/boom_core_merged.cpp:510]   --->   Operation 45 'load' 'state_rob_entries_valid_load_2' <Predicate = true> <Delay = 0.67> <CoreInst = "RAM">   --->   Core 83 'RAM' <Latency = 1> <II = 1> <Delay = 0.67> <Storage> <Opcode : 'load' 'store'> <Ports = 2> <Width = 1> <Depth = 32> <RAM>
ST_2 : Operation 46 [1/2] (1.23ns)   --->   "%state_rob_entries_uop_queue_rob_allocation_id_load_1 = load i5 %state_rob_entries_uop_queue_rob_allocation_id_addr_1" [/home/lab_726/boom/hls_boom/src/boom_core_merged.cpp:511]   --->   Operation 46 'load' 'state_rob_entries_uop_queue_rob_allocation_id_load_1' <Predicate = true> <Delay = 1.23> <CoreInst = "RAM">   --->   Core 83 'RAM' <Latency = 1> <II = 1> <Delay = 1.23> <Storage> <Opcode : 'load' 'store'> <Ports = 2> <Width = 32> <Depth = 32> <RAM>
ST_2 : Operation 47 [1/1] (0.00ns)   --->   "%state_execute_alu_results_uop_queue_rob_allocation_id_1_load = load i32 %state_execute_alu_results_uop_queue_rob_allocation_id_1" [/home/lab_726/boom/hls_boom/src/boom_core_merged.cpp:511]   --->   Operation 47 'load' 'state_execute_alu_results_uop_queue_rob_allocation_id_1_load' <Predicate = true> <Delay = 0.00>
ST_2 : Operation 48 [1/1] (0.99ns)   --->   "%icmp_ln511 = icmp_eq  i32 %state_rob_entries_uop_queue_rob_allocation_id_load_1, i32 %state_execute_alu_results_uop_queue_rob_allocation_id_1_load" [/home/lab_726/boom/hls_boom/src/boom_core_merged.cpp:511]   --->   Operation 48 'icmp' 'icmp_ln511' <Predicate = true> <Delay = 0.99> <CoreInst = "Cmp">   --->   Core 9 'Cmp' <Latency = 0> <II = 1> <Delay = 0.84> <FuncUnit> <Opcode : 'icmp'> <InPorts = 2> <OutPorts = 1>
ST_2 : Operation 49 [1/1] (0.00ns) (grouped into LUT with out node int_valid)   --->   "%and_ln510 = and i1 %state_rob_entries_valid_load_2, i1 %state_execute_alu_results_valid_1_load" [/home/lab_726/boom/hls_boom/src/boom_core_merged.cpp:510]   --->   Operation 49 'and' 'and_ln510' <Predicate = true> <Delay = 0.00> <CoreInst = "LogicGate">   --->   Core 74 'LogicGate' <Latency = 0> <II = 1> <Delay = 0.28> <FuncUnit> <Opcode : 'and' 'or' 'xor'> <InPorts = 2> <OutPorts = 1>
ST_2 : Operation 50 [1/1] (0.00ns) (grouped into LUT with out node int_valid)   --->   "%and_ln510_1 = and i1 %icmp_ln510, i1 %icmp_ln511" [/home/lab_726/boom/hls_boom/src/boom_core_merged.cpp:510]   --->   Operation 50 'and' 'and_ln510_1' <Predicate = true> <Delay = 0.00> <CoreInst = "LogicGate">   --->   Core 74 'LogicGate' <Latency = 0> <II = 1> <Delay = 0.28> <FuncUnit> <Opcode : 'and' 'or' 'xor'> <InPorts = 2> <OutPorts = 1>
ST_2 : Operation 51 [1/1] (0.28ns) (out node of the LUT)   --->   "%int_valid = and i1 %and_ln510_1, i1 %and_ln510" [/home/lab_726/boom/hls_boom/src/boom_core_merged.cpp:510]   --->   Operation 51 'and' 'int_valid' <Predicate = true> <Delay = 0.28> <CoreInst = "LogicGate">   --->   Core 74 'LogicGate' <Latency = 0> <II = 1> <Delay = 0.28> <FuncUnit> <Opcode : 'and' 'or' 'xor'> <InPorts = 2> <OutPorts = 1>
ST_2 : Operation 52 [1/1] (0.00ns) (grouped into LUT with out node or_ln512)   --->   "%xor_ln512 = xor i1 %state_execute_alu_results_valid_0_load, i1 1" [/home/lab_726/boom/hls_boom/src/boom_core_merged.cpp:512]   --->   Operation 52 'xor' 'xor_ln512' <Predicate = true> <Delay = 0.00> <CoreInst = "LogicGate">   --->   Core 74 'LogicGate' <Latency = 0> <II = 1> <Delay = 0.28> <FuncUnit> <Opcode : 'and' 'or' 'xor'> <InPorts = 2> <OutPorts = 1>
ST_2 : Operation 53 [1/1] (0.28ns) (out node of the LUT)   --->   "%or_ln512 = or i1 %mem_valid, i1 %xor_ln512" [/home/lab_726/boom/hls_boom/src/boom_core_merged.cpp:512]   --->   Operation 53 'or' 'or_ln512' <Predicate = true> <Delay = 0.28> <CoreInst = "LogicGate">   --->   Core 74 'LogicGate' <Latency = 0> <II = 1> <Delay = 0.28> <FuncUnit> <Opcode : 'and' 'or' 'xor'> <InPorts = 2> <OutPorts = 1>
ST_2 : Operation 54 [1/1] (0.42ns)   --->   "%br_ln512 = br i1 %or_ln512, void, void %._crit_edge4" [/home/lab_726/boom/hls_boom/src/boom_core_merged.cpp:512]   --->   Operation 54 'br' 'br_ln512' <Predicate = true> <Delay = 0.42>
ST_2 : Operation 55 [1/1] (0.00ns)   --->   "%store_ln512 = store i1 0, i1 %state_execute_alu_results_valid_0" [/home/lab_726/boom/hls_boom/src/boom_core_merged.cpp:512]   --->   Operation 55 'store' 'store_ln512' <Predicate = (!or_ln512)> <Delay = 0.00>
ST_2 : Operation 56 [1/1] (0.00ns)   --->   "%store_ln512 = store i8 0, i8 %state_execute_alu_results_uop_branch_br_mask_0" [/home/lab_726/boom/hls_boom/src/boom_core_merged.cpp:512]   --->   Operation 56 'store' 'store_ln512' <Predicate = (!or_ln512)> <Delay = 0.00>
ST_2 : Operation 57 [1/1] (0.00ns)   --->   "%store_ln512 = store i8 0, i8 %state_execute_alu_results_uop_branch_br_tag_0" [/home/lab_726/boom/hls_boom/src/boom_core_merged.cpp:512]   --->   Operation 57 'store' 'store_ln512' <Predicate = (!or_ln512)> <Delay = 0.00>
ST_2 : Operation 58 [1/1] (0.00ns)   --->   "%store_ln512 = store i1 0, i1 %state_execute_alu_results_uop_branch_is_br_0" [/home/lab_726/boom/hls_boom/src/boom_core_merged.cpp:512]   --->   Operation 58 'store' 'store_ln512' <Predicate = (!or_ln512)> <Delay = 0.00>
ST_2 : Operation 59 [1/1] (0.00ns)   --->   "%store_ln512 = store i1 0, i1 %state_execute_alu_results_uop_branch_is_jalr_0" [/home/lab_726/boom/hls_boom/src/boom_core_merged.cpp:512]   --->   Operation 59 'store' 'store_ln512' <Predicate = (!or_ln512)> <Delay = 0.00>
ST_2 : Operation 60 [1/1] (0.00ns)   --->   "%store_ln512 = store i1 0, i1 %state_execute_alu_results_uop_branch_is_jal_0" [/home/lab_726/boom/hls_boom/src/boom_core_merged.cpp:512]   --->   Operation 60 'store' 'store_ln512' <Predicate = (!or_ln512)> <Delay = 0.00>
ST_2 : Operation 61 [1/1] (0.00ns)   --->   "%store_ln512 = store i8 0, i8 %state_execute_alu_results_uop_queue_rob_idx_0" [/home/lab_726/boom/hls_boom/src/boom_core_merged.cpp:512]   --->   Operation 61 'store' 'store_ln512' <Predicate = (!or_ln512)> <Delay = 0.00>
ST_2 : Operation 62 [1/1] (0.00ns)   --->   "%store_ln512 = store i32 0, i32 %state_execute_alu_results_uop_queue_rob_allocation_id_0" [/home/lab_726/boom/hls_boom/src/boom_core_merged.cpp:512]   --->   Operation 62 'store' 'store_ln512' <Predicate = (!or_ln512)> <Delay = 0.00>
ST_2 : Operation 63 [1/1] (0.00ns)   --->   "%store_ln512 = store i8 0, i8 %state_execute_alu_results_uop_rename_pdst_0" [/home/lab_726/boom/hls_boom/src/boom_core_merged.cpp:512]   --->   Operation 63 'store' 'store_ln512' <Predicate = (!or_ln512)> <Delay = 0.00>
ST_2 : Operation 64 [1/1] (0.00ns)   --->   "%store_ln512 = store i8 0, i8 %state_execute_alu_results_uop_rename_dst_rtype_0" [/home/lab_726/boom/hls_boom/src/boom_core_merged.cpp:512]   --->   Operation 64 'store' 'store_ln512' <Predicate = (!or_ln512)> <Delay = 0.00>
ST_2 : Operation 65 [1/1] (0.00ns)   --->   "%store_ln512 = store i64 0, i64 %state_execute_alu_results_result_0" [/home/lab_726/boom/hls_boom/src/boom_core_merged.cpp:512]   --->   Operation 65 'store' 'store_ln512' <Predicate = (!or_ln512)> <Delay = 0.00>
ST_2 : Operation 66 [1/1] (0.00ns)   --->   "%store_ln512 = store i1 0, i1 %state_execute_alu_results_mispredict_0" [/home/lab_726/boom/hls_boom/src/boom_core_merged.cpp:512]   --->   Operation 66 'store' 'store_ln512' <Predicate = (!or_ln512)> <Delay = 0.00>
ST_2 : Operation 67 [1/1] (0.00ns)   --->   "%store_ln512 = store i64 0, i64 %state_execute_alu_results_redirect_pc_0" [/home/lab_726/boom/hls_boom/src/boom_core_merged.cpp:512]   --->   Operation 67 'store' 'store_ln512' <Predicate = (!or_ln512)> <Delay = 0.00>
ST_2 : Operation 68 [1/1] (0.00ns)   --->   "%store_ln512 = store i1 0, i1 %state_execute_alu_results_memory_valid_0" [/home/lab_726/boom/hls_boom/src/boom_core_merged.cpp:512]   --->   Operation 68 'store' 'store_ln512' <Predicate = (!or_ln512)> <Delay = 0.00>
ST_2 : Operation 69 [1/1] (0.00ns)   --->   "%store_ln512 = store i1 0, i1 %state_execute_alu_results_is_load_0" [/home/lab_726/boom/hls_boom/src/boom_core_merged.cpp:512]   --->   Operation 69 'store' 'store_ln512' <Predicate = (!or_ln512)> <Delay = 0.00>
ST_2 : Operation 70 [1/1] (0.00ns)   --->   "%store_ln512 = store i1 0, i1 %state_execute_alu_results_is_store_0" [/home/lab_726/boom/hls_boom/src/boom_core_merged.cpp:512]   --->   Operation 70 'store' 'store_ln512' <Predicate = (!or_ln512)> <Delay = 0.00>
ST_2 : Operation 71 [1/1] (0.00ns)   --->   "%store_ln512 = store i1 0, i1 %state_execute_alu_results_signed_load_0" [/home/lab_726/boom/hls_boom/src/boom_core_merged.cpp:512]   --->   Operation 71 'store' 'store_ln512' <Predicate = (!or_ln512)> <Delay = 0.00>
ST_2 : Operation 72 [1/1] (0.00ns)   --->   "%store_ln512 = store i64 0, i64 %state_execute_alu_results_memory_address_0" [/home/lab_726/boom/hls_boom/src/boom_core_merged.cpp:512]   --->   Operation 72 'store' 'store_ln512' <Predicate = (!or_ln512)> <Delay = 0.00>
ST_2 : Operation 73 [1/1] (0.00ns)   --->   "%store_ln512 = store i64 0, i64 %state_execute_alu_results_store_data_0" [/home/lab_726/boom/hls_boom/src/boom_core_merged.cpp:512]   --->   Operation 73 'store' 'store_ln512' <Predicate = (!or_ln512)> <Delay = 0.00>
ST_2 : Operation 74 [1/1] (0.00ns)   --->   "%store_ln512 = store i5 0, i5 %state_execute_alu_results_memory_mask_0" [/home/lab_726/boom/hls_boom/src/boom_core_merged.cpp:512]   --->   Operation 74 'store' 'store_ln512' <Predicate = (!or_ln512)> <Delay = 0.00>
ST_2 : Operation 75 [1/1] (0.00ns)   --->   "%store_ln512 = store i8 0, i8 %state_execute_alu_results_memory_size_0" [/home/lab_726/boom/hls_boom/src/boom_core_merged.cpp:512]   --->   Operation 75 'store' 'store_ln512' <Predicate = (!or_ln512)> <Delay = 0.00>
ST_2 : Operation 76 [1/1] (0.42ns)   --->   "%br_ln512 = br void %._crit_edge4" [/home/lab_726/boom/hls_boom/src/boom_core_merged.cpp:512]   --->   Operation 76 'br' 'br_ln512' <Predicate = (!or_ln512)> <Delay = 0.42>
ST_2 : Operation 77 [1/1] (0.00ns)   --->   "%state_execute_alu_results_uop_queue_rob_allocation_id_0_load_1 = phi i32 0, void, i32 %state_execute_alu_results_uop_queue_rob_allocation_id_0_load, void %_ifconv" [/home/lab_726/boom/hls_boom/src/boom_core_merged.cpp:509]   --->   Operation 77 'phi' 'state_execute_alu_results_uop_queue_rob_allocation_id_0_load_1' <Predicate = true> <Delay = 0.00>
ST_2 : Operation 78 [1/1] (0.00ns)   --->   "%ridx = phi i8 0, void, i8 %mem_idx, void %_ifconv"   --->   Operation 78 'phi' 'ridx' <Predicate = true> <Delay = 0.00>
ST_2 : Operation 79 [1/1] (0.00ns) (grouped into LUT with out node or_ln513)   --->   "%xor_ln513 = xor i1 %state_execute_alu_results_valid_1_load, i1 1" [/home/lab_726/boom/hls_boom/src/boom_core_merged.cpp:513]   --->   Operation 79 'xor' 'xor_ln513' <Predicate = true> <Delay = 0.00> <CoreInst = "LogicGate">   --->   Core 74 'LogicGate' <Latency = 0> <II = 1> <Delay = 0.28> <FuncUnit> <Opcode : 'and' 'or' 'xor'> <InPorts = 2> <OutPorts = 1>
ST_2 : Operation 80 [1/1] (0.28ns) (out node of the LUT)   --->   "%or_ln513 = or i1 %int_valid, i1 %xor_ln513" [/home/lab_726/boom/hls_boom/src/boom_core_merged.cpp:513]   --->   Operation 80 'or' 'or_ln513' <Predicate = true> <Delay = 0.28> <CoreInst = "LogicGate">   --->   Core 74 'LogicGate' <Latency = 0> <II = 1> <Delay = 0.28> <FuncUnit> <Opcode : 'and' 'or' 'xor'> <InPorts = 2> <OutPorts = 1>
ST_2 : Operation 81 [1/1] (0.42ns)   --->   "%br_ln513 = br i1 %or_ln513, void, void %._crit_edge5" [/home/lab_726/boom/hls_boom/src/boom_core_merged.cpp:513]   --->   Operation 81 'br' 'br_ln513' <Predicate = true> <Delay = 0.42>
ST_2 : Operation 82 [1/1] (0.00ns)   --->   "%store_ln513 = store i1 0, i1 %state_execute_alu_results_valid_1" [/home/lab_726/boom/hls_boom/src/boom_core_merged.cpp:513]   --->   Operation 82 'store' 'store_ln513' <Predicate = (!or_ln513)> <Delay = 0.00>
ST_2 : Operation 83 [1/1] (0.00ns)   --->   "%store_ln513 = store i8 0, i8 %state_execute_alu_results_uop_branch_br_mask_1" [/home/lab_726/boom/hls_boom/src/boom_core_merged.cpp:513]   --->   Operation 83 'store' 'store_ln513' <Predicate = (!or_ln513)> <Delay = 0.00>
ST_2 : Operation 84 [1/1] (0.00ns)   --->   "%store_ln513 = store i8 0, i8 %state_execute_alu_results_uop_branch_br_tag_1" [/home/lab_726/boom/hls_boom/src/boom_core_merged.cpp:513]   --->   Operation 84 'store' 'store_ln513' <Predicate = (!or_ln513)> <Delay = 0.00>
ST_2 : Operation 85 [1/1] (0.00ns)   --->   "%store_ln513 = store i1 0, i1 %state_execute_alu_results_uop_branch_is_br_1" [/home/lab_726/boom/hls_boom/src/boom_core_merged.cpp:513]   --->   Operation 85 'store' 'store_ln513' <Predicate = (!or_ln513)> <Delay = 0.00>
ST_2 : Operation 86 [1/1] (0.00ns)   --->   "%store_ln513 = store i1 0, i1 %state_execute_alu_results_uop_branch_is_jalr_1" [/home/lab_726/boom/hls_boom/src/boom_core_merged.cpp:513]   --->   Operation 86 'store' 'store_ln513' <Predicate = (!or_ln513)> <Delay = 0.00>
ST_2 : Operation 87 [1/1] (0.00ns)   --->   "%store_ln513 = store i1 0, i1 %state_execute_alu_results_uop_branch_is_jal_1" [/home/lab_726/boom/hls_boom/src/boom_core_merged.cpp:513]   --->   Operation 87 'store' 'store_ln513' <Predicate = (!or_ln513)> <Delay = 0.00>
ST_2 : Operation 88 [1/1] (0.00ns)   --->   "%store_ln513 = store i8 0, i8 %state_execute_alu_results_uop_queue_rob_idx_1" [/home/lab_726/boom/hls_boom/src/boom_core_merged.cpp:513]   --->   Operation 88 'store' 'store_ln513' <Predicate = (!or_ln513)> <Delay = 0.00>
ST_2 : Operation 89 [1/1] (0.00ns)   --->   "%store_ln513 = store i32 0, i32 %state_execute_alu_results_uop_queue_rob_allocation_id_1" [/home/lab_726/boom/hls_boom/src/boom_core_merged.cpp:513]   --->   Operation 89 'store' 'store_ln513' <Predicate = (!or_ln513)> <Delay = 0.00>
ST_2 : Operation 90 [1/1] (0.00ns)   --->   "%store_ln513 = store i8 0, i8 %state_execute_alu_results_uop_rename_pdst_1" [/home/lab_726/boom/hls_boom/src/boom_core_merged.cpp:513]   --->   Operation 90 'store' 'store_ln513' <Predicate = (!or_ln513)> <Delay = 0.00>
ST_2 : Operation 91 [1/1] (0.00ns)   --->   "%store_ln513 = store i8 0, i8 %state_execute_alu_results_uop_rename_dst_rtype_1" [/home/lab_726/boom/hls_boom/src/boom_core_merged.cpp:513]   --->   Operation 91 'store' 'store_ln513' <Predicate = (!or_ln513)> <Delay = 0.00>
ST_2 : Operation 92 [1/1] (0.00ns)   --->   "%store_ln513 = store i64 0, i64 %state_execute_alu_results_result_1" [/home/lab_726/boom/hls_boom/src/boom_core_merged.cpp:513]   --->   Operation 92 'store' 'store_ln513' <Predicate = (!or_ln513)> <Delay = 0.00>
ST_2 : Operation 93 [1/1] (0.00ns)   --->   "%store_ln513 = store i1 0, i1 %state_execute_alu_results_mispredict_1" [/home/lab_726/boom/hls_boom/src/boom_core_merged.cpp:513]   --->   Operation 93 'store' 'store_ln513' <Predicate = (!or_ln513)> <Delay = 0.00>
ST_2 : Operation 94 [1/1] (0.00ns)   --->   "%store_ln513 = store i64 0, i64 %state_execute_alu_results_redirect_pc_1" [/home/lab_726/boom/hls_boom/src/boom_core_merged.cpp:513]   --->   Operation 94 'store' 'store_ln513' <Predicate = (!or_ln513)> <Delay = 0.00>
ST_2 : Operation 95 [1/1] (0.00ns)   --->   "%store_ln513 = store i1 0, i1 %state_execute_alu_results_memory_valid_1" [/home/lab_726/boom/hls_boom/src/boom_core_merged.cpp:513]   --->   Operation 95 'store' 'store_ln513' <Predicate = (!or_ln513)> <Delay = 0.00>
ST_2 : Operation 96 [1/1] (0.00ns)   --->   "%store_ln513 = store i1 0, i1 %state_execute_alu_results_is_load_1" [/home/lab_726/boom/hls_boom/src/boom_core_merged.cpp:513]   --->   Operation 96 'store' 'store_ln513' <Predicate = (!or_ln513)> <Delay = 0.00>
ST_2 : Operation 97 [1/1] (0.00ns)   --->   "%store_ln513 = store i1 0, i1 %state_execute_alu_results_is_store_1" [/home/lab_726/boom/hls_boom/src/boom_core_merged.cpp:513]   --->   Operation 97 'store' 'store_ln513' <Predicate = (!or_ln513)> <Delay = 0.00>
ST_2 : Operation 98 [1/1] (0.00ns)   --->   "%store_ln513 = store i1 0, i1 %state_execute_alu_results_signed_load_1" [/home/lab_726/boom/hls_boom/src/boom_core_merged.cpp:513]   --->   Operation 98 'store' 'store_ln513' <Predicate = (!or_ln513)> <Delay = 0.00>
ST_2 : Operation 99 [1/1] (0.00ns)   --->   "%store_ln513 = store i64 0, i64 %state_execute_alu_results_memory_address_1" [/home/lab_726/boom/hls_boom/src/boom_core_merged.cpp:513]   --->   Operation 99 'store' 'store_ln513' <Predicate = (!or_ln513)> <Delay = 0.00>
ST_2 : Operation 100 [1/1] (0.00ns)   --->   "%store_ln513 = store i64 0, i64 %state_execute_alu_results_store_data_1" [/home/lab_726/boom/hls_boom/src/boom_core_merged.cpp:513]   --->   Operation 100 'store' 'store_ln513' <Predicate = (!or_ln513)> <Delay = 0.00>
ST_2 : Operation 101 [1/1] (0.00ns)   --->   "%store_ln513 = store i5 0, i5 %state_execute_alu_results_memory_mask_1" [/home/lab_726/boom/hls_boom/src/boom_core_merged.cpp:513]   --->   Operation 101 'store' 'store_ln513' <Predicate = (!or_ln513)> <Delay = 0.00>
ST_2 : Operation 102 [1/1] (0.00ns)   --->   "%store_ln513 = store i8 0, i8 %state_execute_alu_results_memory_size_1" [/home/lab_726/boom/hls_boom/src/boom_core_merged.cpp:513]   --->   Operation 102 'store' 'store_ln513' <Predicate = (!or_ln513)> <Delay = 0.00>
ST_2 : Operation 103 [1/1] (0.42ns)   --->   "%br_ln513 = br void %._crit_edge5" [/home/lab_726/boom/hls_boom/src/boom_core_merged.cpp:513]   --->   Operation 103 'br' 'br_ln513' <Predicate = (!or_ln513)> <Delay = 0.42>
ST_2 : Operation 104 [1/1] (0.00ns)   --->   "%state_execute_alu_results_uop_queue_rob_allocation_id_1_load_1 = phi i32 0, void, i32 %state_execute_alu_results_uop_queue_rob_allocation_id_1_load, void %._crit_edge4" [/home/lab_726/boom/hls_boom/src/boom_core_merged.cpp:511]   --->   Operation 104 'phi' 'state_execute_alu_results_uop_queue_rob_allocation_id_1_load_1' <Predicate = true> <Delay = 0.00>
ST_2 : Operation 105 [1/1] (0.00ns)   --->   "%ridx_1 = phi i8 0, void, i8 %int_idx, void %._crit_edge4"   --->   Operation 105 'phi' 'ridx_1' <Predicate = true> <Delay = 0.00>
ST_2 : Operation 106 [1/1] (0.28ns)   --->   "%or_ln514 = or i1 %mem_valid, i1 %int_valid" [/home/lab_726/boom/hls_boom/src/boom_core_merged.cpp:514]   --->   Operation 106 'or' 'or_ln514' <Predicate = true> <Delay = 0.28> <CoreInst = "LogicGate">   --->   Core 74 'LogicGate' <Latency = 0> <II = 1> <Delay = 0.28> <FuncUnit> <Opcode : 'and' 'or' 'xor'> <InPorts = 2> <OutPorts = 1>
ST_2 : Operation 107 [1/1] (0.00ns)   --->   "%br_ln514 = br i1 %or_ln514, void %._crit_edge6, void %_ifconv8" [/home/lab_726/boom/hls_boom/src/boom_core_merged.cpp:514]   --->   Operation 107 'br' 'br_ln514' <Predicate = true> <Delay = 0.00>
ST_2 : Operation 108 [1/1] (0.00ns)   --->   "%state_rob_head_load = load i5 %state_rob_head" [/home/lab_726/boom/hls_boom/src/boom_core_merged.cpp:516]   --->   Operation 108 'load' 'state_rob_head_load' <Predicate = (or_ln514)> <Delay = 0.00>
ST_2 : Operation 109 [1/1] (0.78ns)   --->   "%mem_age = sub i5 %trunc_ln516, i5 %state_rob_head_load" [/home/lab_726/boom/hls_boom/src/boom_core_merged.cpp:516]   --->   Operation 109 'sub' 'mem_age' <Predicate = (or_ln514)> <Delay = 0.78> <CoreInst = "Adder">   --->   Core 1 'Adder' <Latency = 0> <II = 1> <Delay = 0.78> <FuncUnit> <Opcode : 'add' 'sub'> <InPorts = 2> <OutPorts = 1>
ST_2 : Operation 110 [1/1] (0.78ns)   --->   "%int_age = sub i5 %trunc_ln517, i5 %state_rob_head_load" [/home/lab_726/boom/hls_boom/src/boom_core_merged.cpp:517]   --->   Operation 110 'sub' 'int_age' <Predicate = (or_ln514)> <Delay = 0.78> <CoreInst = "Adder">   --->   Core 1 'Adder' <Latency = 0> <II = 1> <Delay = 0.78> <FuncUnit> <Opcode : 'add' 'sub'> <InPorts = 2> <OutPorts = 1>
ST_2 : Operation 111 [1/1] (0.00ns) (grouped into LUT with out node select_ln518)   --->   "%and_ln518 = and i1 %mem_valid, i1 %int_valid" [/home/lab_726/boom/hls_boom/src/boom_core_merged.cpp:518]   --->   Operation 111 'and' 'and_ln518' <Predicate = (or_ln514)> <Delay = 0.00> <CoreInst = "LogicGate">   --->   Core 74 'LogicGate' <Latency = 0> <II = 1> <Delay = 0.28> <FuncUnit> <Opcode : 'and' 'or' 'xor'> <InPorts = 2> <OutPorts = 1>
ST_2 : Operation 112 [1/1] (0.75ns)   --->   "%icmp_ln518 = icmp_ult  i5 %int_age, i5 %mem_age" [/home/lab_726/boom/hls_boom/src/boom_core_merged.cpp:518]   --->   Operation 112 'icmp' 'icmp_ln518' <Predicate = (or_ln514)> <Delay = 0.75> <CoreInst = "Cmp">   --->   Core 9 'Cmp' <Latency = 0> <II = 1> <Delay = 0.84> <FuncUnit> <Opcode : 'icmp'> <InPorts = 2> <OutPorts = 1>
ST_2 : Operation 113 [1/1] (0.00ns) (grouped into LUT with out node select_ln518)   --->   "%xor_ln518 = xor i1 %icmp_ln518, i1 1" [/home/lab_726/boom/hls_boom/src/boom_core_merged.cpp:518]   --->   Operation 113 'xor' 'xor_ln518' <Predicate = (or_ln514)> <Delay = 0.00> <CoreInst = "LogicGate">   --->   Core 74 'LogicGate' <Latency = 0> <II = 1> <Delay = 0.28> <FuncUnit> <Opcode : 'and' 'or' 'xor'> <InPorts = 2> <OutPorts = 1>
ST_2 : Operation 114 [1/1] (0.28ns) (out node of the LUT)   --->   "%select_ln518 = select i1 %and_ln518, i1 %xor_ln518, i1 %mem_valid" [/home/lab_726/boom/hls_boom/src/boom_core_merged.cpp:518]   --->   Operation 114 'select' 'select_ln518' <Predicate = (or_ln514)> <Delay = 0.28> <CoreInst = "Sel">   --->   Core 73 'Sel' <Latency = 0> <II = 1> <Delay = 0.17> <FuncUnit> <Opcode : 'select'> <InPorts = 3> <OutPorts = 1>
ST_2 : Operation 115 [1/1] (0.00ns)   --->   "%br_ln521 = br i1 %select_ln518, void, void" [/home/lab_726/boom/hls_boom/src/boom_core_merged.cpp:521]   --->   Operation 115 'br' 'br_ln521' <Predicate = (or_ln514)> <Delay = 0.00>
ST_2 : Operation 116 [1/1] (0.00ns)   --->   "%state_execute_alu_results_uop_branch_is_br_1_load = load i1 %state_execute_alu_results_uop_branch_is_br_1" [/home/lab_726/boom/hls_boom/src/boom_core_merged.cpp:466]   --->   Operation 116 'load' 'state_execute_alu_results_uop_branch_is_br_1_load' <Predicate = (or_ln514 & !select_ln518)> <Delay = 0.00>
ST_2 : Operation 117 [1/1] (0.00ns)   --->   "%br_ln466 = br i1 %state_execute_alu_results_uop_branch_is_br_1_load, void, void %._crit_edge23" [/home/lab_726/boom/hls_boom/src/boom_core_merged.cpp:466]   --->   Operation 117 'br' 'br_ln466' <Predicate = (or_ln514 & !select_ln518)> <Delay = 0.00>
ST_2 : Operation 118 [1/1] (0.00ns)   --->   "%state_execute_alu_results_uop_branch_is_jal_1_load = load i1 %state_execute_alu_results_uop_branch_is_jal_1" [/home/lab_726/boom/hls_boom/src/boom_core_merged.cpp:466]   --->   Operation 118 'load' 'state_execute_alu_results_uop_branch_is_jal_1_load' <Predicate = (or_ln514 & !select_ln518 & !state_execute_alu_results_uop_branch_is_br_1_load)> <Delay = 0.00>
ST_2 : Operation 119 [1/1] (0.00ns)   --->   "%br_ln466 = br i1 %state_execute_alu_results_uop_branch_is_jal_1_load, void, void %._crit_edge23" [/home/lab_726/boom/hls_boom/src/boom_core_merged.cpp:466]   --->   Operation 119 'br' 'br_ln466' <Predicate = (or_ln514 & !select_ln518 & !state_execute_alu_results_uop_branch_is_br_1_load)> <Delay = 0.00>
ST_2 : Operation 120 [1/1] (0.00ns)   --->   "%state_execute_alu_results_uop_branch_is_jalr_1_load = load i1 %state_execute_alu_results_uop_branch_is_jalr_1" [/home/lab_726/boom/hls_boom/src/boom_core_merged.cpp:466]   --->   Operation 120 'load' 'state_execute_alu_results_uop_branch_is_jalr_1_load' <Predicate = (or_ln514 & !select_ln518 & !state_execute_alu_results_uop_branch_is_br_1_load & !state_execute_alu_results_uop_branch_is_jal_1_load)> <Delay = 0.00>
ST_2 : Operation 121 [1/1] (0.00ns)   --->   "%br_ln466 = br i1 %state_execute_alu_results_uop_branch_is_jalr_1_load, void %._crit_edge26, void %._crit_edge23" [/home/lab_726/boom/hls_boom/src/boom_core_merged.cpp:466]   --->   Operation 121 'br' 'br_ln466' <Predicate = (or_ln514 & !select_ln518 & !state_execute_alu_results_uop_branch_is_br_1_load & !state_execute_alu_results_uop_branch_is_jal_1_load)> <Delay = 0.00>
ST_2 : Operation 122 [1/1] (0.00ns)   --->   "%state_execute_alu_results_uop_branch_br_mask_1_load = load i8 %state_execute_alu_results_uop_branch_br_mask_1" [/home/lab_726/boom/hls_boom/src/boom_core_merged.cpp:467]   --->   Operation 122 'load' 'state_execute_alu_results_uop_branch_br_mask_1_load' <Predicate = (or_ln514 & !select_ln518 & state_execute_alu_results_uop_branch_is_jalr_1_load) | (or_ln514 & !select_ln518 & state_execute_alu_results_uop_branch_is_jal_1_load) | (or_ln514 & !select_ln518 & state_execute_alu_results_uop_branch_is_br_1_load)> <Delay = 0.00>
ST_2 : Operation 123 [1/1] (0.00ns)   --->   "%state_execute_alu_results_uop_branch_br_tag_1_load = load i8 %state_execute_alu_results_uop_branch_br_tag_1" [/home/lab_726/boom/hls_boom/src/boom_core_merged.cpp:467]   --->   Operation 123 'load' 'state_execute_alu_results_uop_branch_br_tag_1_load' <Predicate = (or_ln514 & !select_ln518 & state_execute_alu_results_uop_branch_is_jalr_1_load) | (or_ln514 & !select_ln518 & state_execute_alu_results_uop_branch_is_jal_1_load) | (or_ln514 & !select_ln518 & state_execute_alu_results_uop_branch_is_br_1_load)> <Delay = 0.00>
ST_2 : Operation 124 [1/1] (0.00ns)   --->   "%state_execute_alu_results_mispredict_1_load = load i1 %state_execute_alu_results_mispredict_1" [/home/lab_726/boom/hls_boom/src/boom_core_merged.cpp:467]   --->   Operation 124 'load' 'state_execute_alu_results_mispredict_1_load' <Predicate = (or_ln514 & !select_ln518 & state_execute_alu_results_uop_branch_is_jalr_1_load) | (or_ln514 & !select_ln518 & state_execute_alu_results_uop_branch_is_jal_1_load) | (or_ln514 & !select_ln518 & state_execute_alu_results_uop_branch_is_br_1_load)> <Delay = 0.00>
ST_2 : Operation 125 [1/1] (0.00ns)   --->   "%state_execute_alu_results_redirect_pc_1_load = load i64 %state_execute_alu_results_redirect_pc_1" [/home/lab_726/boom/hls_boom/src/boom_core_merged.cpp:467]   --->   Operation 125 'load' 'state_execute_alu_results_redirect_pc_1_load' <Predicate = (or_ln514 & !select_ln518 & state_execute_alu_results_uop_branch_is_jalr_1_load) | (or_ln514 & !select_ln518 & state_execute_alu_results_uop_branch_is_jal_1_load) | (or_ln514 & !select_ln518 & state_execute_alu_results_uop_branch_is_br_1_load)> <Delay = 0.00>
ST_2 : Operation 126 [1/1] (0.00ns)   --->   "%state_execute_alu_results_uop_branch_is_br_0_load = load i1 %state_execute_alu_results_uop_branch_is_br_0" [/home/lab_726/boom/hls_boom/src/boom_core_merged.cpp:466]   --->   Operation 126 'load' 'state_execute_alu_results_uop_branch_is_br_0_load' <Predicate = (or_ln514 & select_ln518)> <Delay = 0.00>
ST_2 : Operation 127 [1/1] (0.00ns)   --->   "%br_ln466 = br i1 %state_execute_alu_results_uop_branch_is_br_0_load, void, void %._crit_edge8" [/home/lab_726/boom/hls_boom/src/boom_core_merged.cpp:466]   --->   Operation 127 'br' 'br_ln466' <Predicate = (or_ln514 & select_ln518)> <Delay = 0.00>
ST_2 : Operation 128 [1/1] (0.00ns)   --->   "%state_execute_alu_results_uop_branch_is_jal_0_load = load i1 %state_execute_alu_results_uop_branch_is_jal_0" [/home/lab_726/boom/hls_boom/src/boom_core_merged.cpp:466]   --->   Operation 128 'load' 'state_execute_alu_results_uop_branch_is_jal_0_load' <Predicate = (or_ln514 & select_ln518 & !state_execute_alu_results_uop_branch_is_br_0_load)> <Delay = 0.00>
ST_2 : Operation 129 [1/1] (0.00ns)   --->   "%br_ln466 = br i1 %state_execute_alu_results_uop_branch_is_jal_0_load, void, void %._crit_edge8" [/home/lab_726/boom/hls_boom/src/boom_core_merged.cpp:466]   --->   Operation 129 'br' 'br_ln466' <Predicate = (or_ln514 & select_ln518 & !state_execute_alu_results_uop_branch_is_br_0_load)> <Delay = 0.00>
ST_2 : Operation 130 [1/1] (0.00ns)   --->   "%state_execute_alu_results_uop_branch_is_jalr_0_load = load i1 %state_execute_alu_results_uop_branch_is_jalr_0" [/home/lab_726/boom/hls_boom/src/boom_core_merged.cpp:466]   --->   Operation 130 'load' 'state_execute_alu_results_uop_branch_is_jalr_0_load' <Predicate = (or_ln514 & select_ln518 & !state_execute_alu_results_uop_branch_is_br_0_load & !state_execute_alu_results_uop_branch_is_jal_0_load)> <Delay = 0.00>
ST_2 : Operation 131 [1/1] (0.00ns)   --->   "%br_ln466 = br i1 %state_execute_alu_results_uop_branch_is_jalr_0_load, void %._crit_edge11, void %._crit_edge8" [/home/lab_726/boom/hls_boom/src/boom_core_merged.cpp:466]   --->   Operation 131 'br' 'br_ln466' <Predicate = (or_ln514 & select_ln518 & !state_execute_alu_results_uop_branch_is_br_0_load & !state_execute_alu_results_uop_branch_is_jal_0_load)> <Delay = 0.00>
ST_2 : Operation 132 [1/1] (0.00ns)   --->   "%state_execute_alu_results_uop_branch_br_mask_0_load = load i8 %state_execute_alu_results_uop_branch_br_mask_0" [/home/lab_726/boom/hls_boom/src/boom_core_merged.cpp:467]   --->   Operation 132 'load' 'state_execute_alu_results_uop_branch_br_mask_0_load' <Predicate = (or_ln514 & select_ln518 & state_execute_alu_results_uop_branch_is_jalr_0_load) | (or_ln514 & select_ln518 & state_execute_alu_results_uop_branch_is_jal_0_load) | (or_ln514 & select_ln518 & state_execute_alu_results_uop_branch_is_br_0_load)> <Delay = 0.00>
ST_2 : Operation 133 [1/1] (0.00ns)   --->   "%state_execute_alu_results_uop_branch_br_tag_0_load = load i8 %state_execute_alu_results_uop_branch_br_tag_0" [/home/lab_726/boom/hls_boom/src/boom_core_merged.cpp:467]   --->   Operation 133 'load' 'state_execute_alu_results_uop_branch_br_tag_0_load' <Predicate = (or_ln514 & select_ln518 & state_execute_alu_results_uop_branch_is_jalr_0_load) | (or_ln514 & select_ln518 & state_execute_alu_results_uop_branch_is_jal_0_load) | (or_ln514 & select_ln518 & state_execute_alu_results_uop_branch_is_br_0_load)> <Delay = 0.00>
ST_2 : Operation 134 [1/1] (0.00ns)   --->   "%state_execute_alu_results_mispredict_0_load = load i1 %state_execute_alu_results_mispredict_0" [/home/lab_726/boom/hls_boom/src/boom_core_merged.cpp:467]   --->   Operation 134 'load' 'state_execute_alu_results_mispredict_0_load' <Predicate = (or_ln514 & select_ln518 & state_execute_alu_results_uop_branch_is_jalr_0_load) | (or_ln514 & select_ln518 & state_execute_alu_results_uop_branch_is_jal_0_load) | (or_ln514 & select_ln518 & state_execute_alu_results_uop_branch_is_br_0_load)> <Delay = 0.00>
ST_2 : Operation 135 [1/1] (0.00ns)   --->   "%state_execute_alu_results_redirect_pc_0_load = load i64 %state_execute_alu_results_redirect_pc_0" [/home/lab_726/boom/hls_boom/src/boom_core_merged.cpp:467]   --->   Operation 135 'load' 'state_execute_alu_results_redirect_pc_0_load' <Predicate = (or_ln514 & select_ln518 & state_execute_alu_results_uop_branch_is_jalr_0_load) | (or_ln514 & select_ln518 & state_execute_alu_results_uop_branch_is_jal_0_load) | (or_ln514 & select_ln518 & state_execute_alu_results_uop_branch_is_br_0_load)> <Delay = 0.00>

State 3 <SV = 2> <Delay = 1.10>
ST_3 : Operation 136 [2/2] (1.10ns)   --->   "%call_ln467 = call void @branch_complete, i8 %state_execute_alu_results_uop_branch_br_mask_1_load, i8 %state_execute_alu_results_uop_branch_br_tag_1_load, i8 %ridx_1, i32 %state_execute_alu_results_uop_queue_rob_allocation_id_1_load_1, i1 %state_execute_alu_results_mispredict_1_load, i64 %state_execute_alu_results_redirect_pc_1_load, i1 %state_rob_entries_valid, i32 %state_rob_entries_uop_queue_rob_allocation_id, i1 %state_brupdate_valid, i1 %state_brupdate_mispredict, i64 %state_brupdate_jalr_target, i8 %state_brupdate_resolve_mask, i8 %state_brupdate_mispredict_mask, i8 %state_brupdate_br_tag, i8 %state_brupdate_uop_branch_br_mask, i8 %state_brupdate_uop_queue_rob_idx, i32 %state_branch_state_mispredicts, i32 %state_branch_state_rollbacks, i1 %state_issue_alu_iq_entries_valid, i8 %state_issue_alu_iq_entries_uop_branch_br_mask, i1 %state_issue_alu_iq_entries_killed, i1 %state_issue_alu_iq_entries_request, i1 %state_issue_alu_iq_entries_granted, i1 %state_issue_alu_iq_entries_pdst_busy, i1 %state_issue_alu_iq_entries_prs1_busy, i1 %state_issue_alu_iq_entries_prs2_busy, i1 %state_issue_alu_iq_entries_prs3_busy, i8 %state_issue_alu_iq_entries_uop_uopc, i32 %state_issue_alu_iq_entries_uop_inst, i32 %state_issue_alu_iq_entries_uop_debug_inst, i1 %state_issue_alu_iq_entries_uop_is_rvc, i64 %state_issue_alu_iq_entries_uop_debug_pc, i8 %state_issue_alu_iq_entries_uop_iq_type, i8 %state_issue_alu_iq_entries_uop_fu_code, i8 %state_issue_alu_iq_entries_uop_ctrl_br_type, i8 %state_issue_alu_iq_entries_uop_ctrl_op1_sel, i8 %state_issue_alu_iq_entries_uop_ctrl_op2_sel, i8 %state_issue_alu_iq_entries_uop_ctrl_imm_sel, i8 %state_issue_alu_iq_entries_uop_ctrl_op_fcn, i8 %state_issue_alu_iq_entries_uop_ctrl_fcn_dw, i8 %state_issue_alu_iq_entries_uop_ctrl_csr_cmd, i1 %state_issue_alu_iq_entries_uop_ctrl_is_load, i1 %state_issue_alu_iq_entries_uop_ctrl_is_sta, i1 %state_issue_alu_iq_entries_uop_ctrl_is_std, i8 %state_issue_alu_iq_entries_uop_iw_state, i1 %state_issue_alu_iq_entries_uop_iw_p1_poisoned, i1 %state_issue_alu_iq_entries_uop_iw_p2_poisoned, i8 %state_issue_alu_iq_entries_uop_branch_br_tag, i8 %state_issue_alu_iq_entries_uop_branch_ftq_idx, i8 %state_issue_alu_iq_entries_uop_branch_pc_lob, i1 %state_issue_alu_iq_entries_uop_branch_edge_inst, i1 %state_issue_alu_iq_entries_uop_branch_taken, i1 %state_issue_alu_iq_entries_uop_branch_is_br, i1 %state_issue_alu_iq_entries_uop_branch_is_jalr, i1 %state_issue_alu_iq_entries_uop_branch_is_jal, i1 %state_issue_alu_iq_entries_uop_branch_is_sfb, i32 %state_issue_alu_iq_entries_uop_imm_packed, i16 %state_issue_alu_iq_entries_uop_csr_addr, i8 %state_issue_alu_iq_entries_uop_queue_rob_idx, i8 %state_issue_alu_iq_entries_uop_queue_ldq_idx, i8 %state_issue_alu_iq_entries_uop_queue_stq_idx, i8 %state_issue_alu_iq_entries_uop_queue_rxq_idx, i32 %state_issue_alu_iq_entries_uop_queue_rob_allocation_id, i8 %state_issue_alu_iq_entries_uop_rename_ldst, i8 %state_issue_alu_iq_entries_uop_rename_lrs1, i8 %state_issue_alu_iq_entries_uop_rename_lrs2, i8 %state_issue_alu_iq_entries_uop_rename_lrs3, i8 %state_issue_alu_iq_entries_uop_rename_pdst, i8 %state_issue_alu_iq_entries_uop_rename_prs1, i8 %state_issue_alu_iq_entries_uop_rename_prs2, i8 %state_issue_alu_iq_entries_uop_rename_prs3, i8 %state_issue_alu_iq_entries_uop_rename_ppred, i1 %state_issue_alu_iq_entries_uop_rename_prs1_busy, i1 %state_issue_alu_iq_entries_uop_rename_prs2_busy, i1 %state_issue_alu_iq_entries_uop_rename_prs3_busy, i1 %state_issue_alu_iq_entries_uop_rename_ppred_busy, i8 %state_issue_alu_iq_entries_uop_rename_stale_pdst, i8 %state_issue_alu_iq_entries_uop_rename_dst_rtype, i8 %state_issue_alu_iq_entries_uop_rename_lrs1_rtype, i8 %state_issue_alu_iq_entries_uop_rename_lrs2_rtype, i1 %state_issue_alu_iq_entries_uop_rename_frs3_en, i1 %state_issue_alu_iq_entries_uop_rename_fp_val, i1 %state_issue_alu_iq_entries_uop_rename_fp_single, i1 %state_issue_alu_iq_entries_uop_exception, i64 %state_issue_alu_iq_entries_uop_exc_cause, i1 %state_issue_alu_iq_entries_uop_bypassable, i8 %state_issue_alu_iq_entries_uop_mem_mem_cmd, i8 %state_issue_alu_iq_entries_uop_mem_mem_size, i1 %state_issue_alu_iq_entries_uop_mem_mem_signed, i1 %state_issue_alu_iq_entries_uop_mem_is_fence, i1 %state_issue_alu_iq_entries_uop_mem_is_fencei, i1 %state_issue_alu_iq_entries_uop_mem_is_amo, i1 %state_issue_alu_iq_entries_uop_mem_uses_ldq, i1 %state_issue_alu_iq_entries_uop_mem_uses_stq, i1 %state_issue_alu_iq_entries_uop_mem_ldst_is_rs1, i1 %state_issue_alu_iq_entries_uop_mem_ldst_val, i1 %state_issue_alu_iq_entries_uop_is_sys_pc2epc, i1 %state_issue_alu_iq_entries_uop_is_unique, i1 %state_issue_alu_iq_entries_uop_flush_on_commit, i1 %state_issue_alu_iq_entries_uop_exc_exception, i64 %state_issue_alu_iq_entries_uop_exc_exc_cause, i1 %state_issue_alu_iq_entries_uop_exc_xcpt_pf_if, i1 %state_issue_alu_iq_entries_uop_exc_xcpt_ae_if, i1 %state_issue_alu_iq_entries_uop_exc_xcpt_ma_if, i1 %state_issue_alu_iq_entries_uop_exc_bp_debug_if, i1 %state_issue_alu_iq_entries_uop_exc_bp_xcpt_if, i8 %state_issue_alu_iq_entries_uop_debug_debug_fsrc, i8 %state_issue_alu_iq_entries_uop_debug_debug_tsrc, i32 %state_issue_alu_iq_entries_uop_debug_debug_inst, i64 %state_issue_alu_iq_entries_uop_debug_debug_pc, i64 %state_issue_alu_iq_entries_prs1_data, i64 %state_issue_alu_iq_entries_prs2_data, i64 %state_issue_alu_iq_entries_prs3_data, i3 %state_issue_alu_iq_tail, i8 %state_issue_alu_iq_count, i1 %state_issue_issued_valids_0, i1 %state_issue_issued_valids_1, i8 %state_issue_issued_uops_branch_br_mask_0, i8 %state_issue_issued_uops_branch_br_mask_1, i8 %state_issue_issued_uops_branch_br_mask_2, i8 %state_issue_issued_uops_uopc_0, i8 %state_issue_issued_uops_uopc_1, i8 %state_issue_issued_uops_rename_prs2_0, i8 %state_issue_issued_uops_rename_prs2_1, i8 %state_issue_issued_uops_rename_prs1_0, i8 %state_issue_issued_uops_rename_prs1_1, i8 %state_issue_issued_uops_rename_pdst_0, i8 %state_issue_issued_uops_rename_pdst_1, i8 %state_issue_issued_uops_rename_dst_rtype_0, i8 %state_issue_issued_uops_rename_dst_rtype_1, i8 %state_issue_issued_uops_queue_rob_idx_0, i8 %state_issue_issued_uops_queue_rob_idx_1, i32 %state_issue_issued_uops_queue_rob_allocation_id_0, i32 %state_issue_issued_uops_queue_rob_allocation_id_1, i8 %state_issue_issued_uops_mem_mem_size_0, i8 %state_issue_issued_uops_mem_mem_size_1, i1 %state_issue_issued_uops_mem_mem_signed_0, i1 %state_issue_issued_uops_mem_mem_signed_1, i8 %state_issue_issued_uops_iq_type_0, i8 %state_issue_issued_uops_iq_type_1, i32 %state_issue_issued_uops_imm_packed_0, i32 %state_issue_issued_uops_imm_packed_1, i8 %state_issue_issued_uops_fu_code_0, i8 %state_issue_issued_uops_fu_code_1, i1 %state_issue_issued_uops_exception_0, i1 %state_issue_issued_uops_exception_1, i64 %state_issue_issued_uops_debug_pc_0, i64 %state_issue_issued_uops_debug_pc_1, i8 %state_issue_issued_uops_ctrl_op2_sel_0, i8 %state_issue_issued_uops_ctrl_op2_sel_1, i8 %state_issue_issued_uops_ctrl_op1_sel_0, i8 %state_issue_issued_uops_ctrl_op1_sel_1, i1 %state_issue_issued_uops_branch_is_jalr_0, i1 %state_issue_issued_uops_branch_is_jalr_1, i1 %state_issue_issued_uops_branch_is_jal_0, i1 %state_issue_issued_uops_branch_is_jal_1, i1 %state_issue_issued_uops_branch_is_br_0, i1 %state_issue_issued_uops_branch_is_br_1, i8 %state_issue_issued_uops_branch_br_tag_0, i8 %state_issue_issued_uops_branch_br_tag_1, i1 %state_execute_alu_results_valid_0, i1 %state_execute_alu_results_valid_1, i8 %state_execute_alu_results_uop_branch_br_mask_0, i8 %state_execute_alu_results_uop_branch_br_mask_1, i8 %state_execute_alu_results_uop_branch_br_mask_2, i8 %state_execute_alu_results_uop_rename_pdst_0, i8 %state_execute_alu_results_uop_rename_pdst_1, i8 %state_execute_alu_results_uop_rename_dst_rtype_0, i8 %state_execute_alu_results_uop_rename_dst_rtype_1, i8 %state_execute_alu_results_uop_queue_rob_idx_0, i8 %state_execute_alu_results_uop_queue_rob_idx_1, i32 %state_execute_alu_results_uop_queue_rob_allocation_id_0, i32 %state_execute_alu_results_uop_queue_rob_allocation_id_1, i1 %state_execute_alu_results_uop_branch_is_jalr_0, i1 %state_execute_alu_results_uop_branch_is_jalr_1, i1 %state_execute_alu_results_uop_branch_is_jal_0, i1 %state_execute_alu_results_uop_branch_is_jal_1, i1 %state_execute_alu_results_uop_branch_is_br_0, i1 %state_execute_alu_results_uop_branch_is_br_1, i8 %state_execute_alu_results_uop_branch_br_tag_0, i8 %state_execute_alu_results_uop_branch_br_tag_1, i64 %state_execute_alu_results_store_data_0, i64 %state_execute_alu_results_store_data_1, i1 %state_execute_alu_results_signed_load_0, i1 %state_execute_alu_results_signed_load_1, i64 %state_execute_alu_results_result_0, i64 %state_execute_alu_results_result_1, i64 %state_execute_alu_results_redirect_pc_0, i64 %state_execute_alu_results_redirect_pc_1, i1 %state_execute_alu_results_mispredict_0, i1 %state_execute_alu_results_mispredict_1, i1 %state_execute_alu_results_memory_valid_0, i1 %state_execute_alu_results_memory_valid_1, i8 %state_execute_alu_results_memory_size_0, i8 %state_execute_alu_results_memory_size_1, i5 %state_execute_alu_results_memory_mask_0, i5 %state_execute_alu_results_memory_mask_1, i64 %state_execute_alu_results_memory_address_0, i64 %state_execute_alu_results_memory_address_1, i1 %state_execute_alu_results_is_store_0, i1 %state_execute_alu_results_is_store_1, i1 %state_execute_alu_results_is_load_0, i1 %state_execute_alu_results_is_load_1, i1 %state_lsu_ldq_valid, i8 %state_lsu_ldq_branch_mask, i1 %state_lsu_load_response_pending, i5 %state_lsu_pending_load_rob_idx, i8 %state_lsu_ldq_rob_idx, i32 %state_lsu_pending_load_allocation_id, i32 %state_lsu_ldq_rob_allocation_id, i32 %state_lsu_pending_load_transaction_id, i1 %state_lsu_ldq_signed_load, i1 %state_lsu_ldq_response_pending, i1 %state_lsu_ldq_completed, i1 %state_lsu_ldq_killed, i8 %state_lsu_ldq_size, i32 %state_lsu_ldq_transaction_id, i64 %state_lsu_ldq_address, i64 %state_lsu_ldq_result, i1 %state_lsu_stq_valid, i8 %state_lsu_stq_branch_mask, i1 %state_lsu_stq_address_valid, i1 %state_lsu_stq_data_valid, i1 %state_lsu_stq_committed, i1 %state_lsu_stq_issued_to_memory, i1 %state_lsu_stq_completed, i1 %state_lsu_stq_killed, i8 %state_lsu_stq_rob_idx, i8 %state_lsu_stq_mask, i8 %state_lsu_stq_size, i32 %state_lsu_stq_rob_allocation_id, i64 %state_lsu_stq_address, i64 %state_lsu_stq_data, i3 %state_lsu_ldq_tail, i8 %state_lsu_ldq_count, i3 %state_lsu_stq_tail, i8 %state_lsu_stq_count, i5 %state_rob_head, i1 %state_rob_entries_busy, i1 %state_rob_entries_exception, i8 %state_rob_entries_uop_uopc, i32 %state_rob_entries_uop_inst, i64 %state_rob_entries_uop_debug_pc, i1 %state_rob_entries_uop_ctrl_is_load, i1 %state_rob_entries_uop_ctrl_is_sta, i8 %state_rob_entries_uop_branch_br_mask, i5 %state_rob_entries_uop_queue_rob_idx, i5 %state_rob_entries_uop_rename_ldst, i8 %state_rob_entries_uop_rename_pdst, i8 %state_rob_entries_uop_rename_stale_pdst, i2 %state_rob_entries_uop_rename_dst_rtype, i1 %state_rob_entries_memory_valid, i1 %state_rob_entries_is_load, i1 %state_rob_entries_is_store, i1 %state_rob_entries_signed_load, i1 %state_rob_entries_memory_request_sent, i1 %state_rob_entries_memory_completed, i64 %state_rob_entries_memory_address, i64 %state_rob_entries_memory_data, i5 %state_rob_entries_memory_mask, i8 %state_rob_entries_memory_size, i32 %state_rob_entries_memory_transaction_id, i5 %state_rob_tail, i1 %state_rob_maybe_full, i1 %state_decode_dec_valids_0, i8 %state_decode_dec_uops_uopc_0, i32 %state_decode_dec_uops_inst_0, i64 %state_decode_dec_uops_debug_pc_0, i1 %state_decode_dec_uops_iq_type_0, i3 %state_decode_dec_uops_fu_code_0, i4 %state_decode_dec_uops_ctrl_br_type_0, i2 %state_decode_dec_uops_ctrl_op1_sel_0, i2 %state_decode_dec_uops_ctrl_op2_sel_0, i1 %state_decode_dec_uops_ctrl_fcn_dw_0, i3 %state_decode_dec_uops_ctrl_csr_cmd_0, i1 %state_decode_dec_uops_ctrl_is_load_0, i1 %state_decode_dec_uops_ctrl_is_sta_0, i8 %state_decode_dec_uops_branch_br_mask_0, i6 %state_decode_dec_uops_branch_pc_lob_0, i1 %state_decode_dec_uops_branch_is_br_0, i1 %state_decode_dec_uops_branch_is_jalr_0, i1 %state_decode_dec_uops_branch_is_jal_0, i32 %state_decode_dec_uops_imm_packed_0, i12 %state_decode_dec_uops_csr_addr_0, i5 %state_decode_dec_uops_rename_ldst_0, i5 %state_decode_dec_uops_rename_lrs1_0, i5 %state_decode_dec_uops_rename_lrs2_0, i2 %state_decode_dec_uops_rename_dst_rtype_0, i1 %state_decode_dec_uops_exception_0, i4 %state_decode_dec_uops_exc_cause_0, i2 %state_decode_dec_uops_mem_mem_size_0, i1 %state_decode_dec_uops_mem_mem_signed_0, i1 %state_decode_dec_uops_mem_uses_ldq_0, i1 %state_decode_dec_uops_mem_uses_stq_0, i1 %state_decode_dec_uops_is_sys_pc2epc_0, i1 %state_rename_dispatch_packets_valid_0, i8 %state_rename_dispatch_packets_uop_branch_br_mask_0, i8 %state_rename_dispatch_packets_uop_uopc_0, i32 %state_rename_dispatch_packets_uop_inst_0, i64 %state_rename_dispatch_packets_uop_debug_pc_0, i1 %state_rename_dispatch_packets_uop_iq_type_0, i3 %state_rename_dispatch_packets_uop_fu_code_0, i4 %state_rename_dispatch_packets_uop_ctrl_br_type_0, i2 %state_rename_dispatch_packets_uop_ctrl_op1_sel_0, i2 %state_rename_dispatch_packets_uop_ctrl_op2_sel_0, i1 %state_rename_dispatch_packets_uop_ctrl_fcn_dw_0, i3 %state_rename_dispatch_packets_uop_ctrl_csr_cmd_0, i1 %state_rename_dispatch_packets_uop_ctrl_is_load_0, i1 %state_rename_dispatch_packets_uop_ctrl_is_sta_0, i3 %state_rename_dispatch_packets_uop_branch_br_tag_0, i6 %state_rename_dispatch_packets_uop_branch_pc_lob_0, i1 %state_rename_dispatch_packets_uop_branch_is_br_0, i1 %state_rename_dispatch_packets_uop_branch_is_jalr_0, i1 %state_rename_dispatch_packets_uop_branch_is_jal_0, i32 %state_rename_dispatch_packets_uop_imm_packed_0, i12 %state_rename_dispatch_packets_uop_csr_addr_0, i5 %state_rename_dispatch_packets_uop_queue_rob_idx_0, i32 %state_rename_dispatch_packets_uop_queue_rob_allocation_id_0, i5 %state_rename_dispatch_packets_uop_rename_ldst_0, i5 %state_rename_dispatch_packets_uop_rename_lrs1_0, i5 %state_rename_dispatch_packets_uop_rename_lrs2_0, i8 %state_rename_dispatch_packets_uop_rename_pdst_0, i8 %state_rename_dispatch_packets_uop_rename_prs1_0, i8 %state_rename_dispatch_packets_uop_rename_prs2_0, i1 %state_rename_dispatch_packets_uop_rename_prs1_busy_0, i1 %state_rename_dispatch_packets_uop_rename_prs2_busy_0, i8 %state_rename_dispatch_packets_uop_rename_stale_pdst_0, i2 %state_rename_dispatch_packets_uop_rename_dst_rtype_0, i1 %state_rename_dispatch_packets_uop_exception_0, i4 %state_rename_dispatch_packets_uop_exc_cause_0, i2 %state_rename_dispatch_packets_uop_mem_mem_size_0, i1 %state_rename_dispatch_packets_uop_mem_mem_signed_0, i1 %state_rename_dispatch_packets_uop_mem_uses_ldq_0, i1 %state_rename_dispatch_packets_uop_mem_uses_stq_0, i1 %state_rename_dispatch_packets_uop_is_sys_pc2epc_0, i1 %state_rename_dispatch_packets_rob_allocated_0, i1 %state_frontend_fetch_packet_valid, i1 %state_frontend_response_received, i1 %state_frontend_request_sent, i64 %state_frontend_pc, i1 %state_branch_state_snapshot_valid, i8 %state_rename_int_map_table_br_snapshots, i8 %state_rename_int_map_table_map_table, i8 %state_rename_int_map_table_committed_map_table, i6 %state_rename_int_free_list_head, i1 %state_branch_state_br_alloc_lists, i1 %state_rename_int_free_list_busy_table, i8 %state_rename_int_free_list_count, i8 %state_rename_int_free_list_free_list, i6 %state_rename_int_free_list_tail, i1 %state_branch_state_tag_valid, i8 %state_branch_state_active_mask, i32 %state_branch_state_releases" [/home/lab_726/boom/hls_boom/src/boom_core_merged.cpp:467]   --->   Operation 136 'call' 'call_ln467' <Predicate = true> <Delay = 1.10> <CoreType = "Generic">   --->   Core 0 '' <Latency = 0> <II = 1> <Delay = 1.00> <Generic> <Opcode : >

State 4 <SV = 3> <Delay = 0.00>
ST_4 : Operation 137 [1/2] (0.00ns)   --->   "%call_ln467 = call void @branch_complete, i8 %state_execute_alu_results_uop_branch_br_mask_1_load, i8 %state_execute_alu_results_uop_branch_br_tag_1_load, i8 %ridx_1, i32 %state_execute_alu_results_uop_queue_rob_allocation_id_1_load_1, i1 %state_execute_alu_results_mispredict_1_load, i64 %state_execute_alu_results_redirect_pc_1_load, i1 %state_rob_entries_valid, i32 %state_rob_entries_uop_queue_rob_allocation_id, i1 %state_brupdate_valid, i1 %state_brupdate_mispredict, i64 %state_brupdate_jalr_target, i8 %state_brupdate_resolve_mask, i8 %state_brupdate_mispredict_mask, i8 %state_brupdate_br_tag, i8 %state_brupdate_uop_branch_br_mask, i8 %state_brupdate_uop_queue_rob_idx, i32 %state_branch_state_mispredicts, i32 %state_branch_state_rollbacks, i1 %state_issue_alu_iq_entries_valid, i8 %state_issue_alu_iq_entries_uop_branch_br_mask, i1 %state_issue_alu_iq_entries_killed, i1 %state_issue_alu_iq_entries_request, i1 %state_issue_alu_iq_entries_granted, i1 %state_issue_alu_iq_entries_pdst_busy, i1 %state_issue_alu_iq_entries_prs1_busy, i1 %state_issue_alu_iq_entries_prs2_busy, i1 %state_issue_alu_iq_entries_prs3_busy, i8 %state_issue_alu_iq_entries_uop_uopc, i32 %state_issue_alu_iq_entries_uop_inst, i32 %state_issue_alu_iq_entries_uop_debug_inst, i1 %state_issue_alu_iq_entries_uop_is_rvc, i64 %state_issue_alu_iq_entries_uop_debug_pc, i8 %state_issue_alu_iq_entries_uop_iq_type, i8 %state_issue_alu_iq_entries_uop_fu_code, i8 %state_issue_alu_iq_entries_uop_ctrl_br_type, i8 %state_issue_alu_iq_entries_uop_ctrl_op1_sel, i8 %state_issue_alu_iq_entries_uop_ctrl_op2_sel, i8 %state_issue_alu_iq_entries_uop_ctrl_imm_sel, i8 %state_issue_alu_iq_entries_uop_ctrl_op_fcn, i8 %state_issue_alu_iq_entries_uop_ctrl_fcn_dw, i8 %state_issue_alu_iq_entries_uop_ctrl_csr_cmd, i1 %state_issue_alu_iq_entries_uop_ctrl_is_load, i1 %state_issue_alu_iq_entries_uop_ctrl_is_sta, i1 %state_issue_alu_iq_entries_uop_ctrl_is_std, i8 %state_issue_alu_iq_entries_uop_iw_state, i1 %state_issue_alu_iq_entries_uop_iw_p1_poisoned, i1 %state_issue_alu_iq_entries_uop_iw_p2_poisoned, i8 %state_issue_alu_iq_entries_uop_branch_br_tag, i8 %state_issue_alu_iq_entries_uop_branch_ftq_idx, i8 %state_issue_alu_iq_entries_uop_branch_pc_lob, i1 %state_issue_alu_iq_entries_uop_branch_edge_inst, i1 %state_issue_alu_iq_entries_uop_branch_taken, i1 %state_issue_alu_iq_entries_uop_branch_is_br, i1 %state_issue_alu_iq_entries_uop_branch_is_jalr, i1 %state_issue_alu_iq_entries_uop_branch_is_jal, i1 %state_issue_alu_iq_entries_uop_branch_is_sfb, i32 %state_issue_alu_iq_entries_uop_imm_packed, i16 %state_issue_alu_iq_entries_uop_csr_addr, i8 %state_issue_alu_iq_entries_uop_queue_rob_idx, i8 %state_issue_alu_iq_entries_uop_queue_ldq_idx, i8 %state_issue_alu_iq_entries_uop_queue_stq_idx, i8 %state_issue_alu_iq_entries_uop_queue_rxq_idx, i32 %state_issue_alu_iq_entries_uop_queue_rob_allocation_id, i8 %state_issue_alu_iq_entries_uop_rename_ldst, i8 %state_issue_alu_iq_entries_uop_rename_lrs1, i8 %state_issue_alu_iq_entries_uop_rename_lrs2, i8 %state_issue_alu_iq_entries_uop_rename_lrs3, i8 %state_issue_alu_iq_entries_uop_rename_pdst, i8 %state_issue_alu_iq_entries_uop_rename_prs1, i8 %state_issue_alu_iq_entries_uop_rename_prs2, i8 %state_issue_alu_iq_entries_uop_rename_prs3, i8 %state_issue_alu_iq_entries_uop_rename_ppred, i1 %state_issue_alu_iq_entries_uop_rename_prs1_busy, i1 %state_issue_alu_iq_entries_uop_rename_prs2_busy, i1 %state_issue_alu_iq_entries_uop_rename_prs3_busy, i1 %state_issue_alu_iq_entries_uop_rename_ppred_busy, i8 %state_issue_alu_iq_entries_uop_rename_stale_pdst, i8 %state_issue_alu_iq_entries_uop_rename_dst_rtype, i8 %state_issue_alu_iq_entries_uop_rename_lrs1_rtype, i8 %state_issue_alu_iq_entries_uop_rename_lrs2_rtype, i1 %state_issue_alu_iq_entries_uop_rename_frs3_en, i1 %state_issue_alu_iq_entries_uop_rename_fp_val, i1 %state_issue_alu_iq_entries_uop_rename_fp_single, i1 %state_issue_alu_iq_entries_uop_exception, i64 %state_issue_alu_iq_entries_uop_exc_cause, i1 %state_issue_alu_iq_entries_uop_bypassable, i8 %state_issue_alu_iq_entries_uop_mem_mem_cmd, i8 %state_issue_alu_iq_entries_uop_mem_mem_size, i1 %state_issue_alu_iq_entries_uop_mem_mem_signed, i1 %state_issue_alu_iq_entries_uop_mem_is_fence, i1 %state_issue_alu_iq_entries_uop_mem_is_fencei, i1 %state_issue_alu_iq_entries_uop_mem_is_amo, i1 %state_issue_alu_iq_entries_uop_mem_uses_ldq, i1 %state_issue_alu_iq_entries_uop_mem_uses_stq, i1 %state_issue_alu_iq_entries_uop_mem_ldst_is_rs1, i1 %state_issue_alu_iq_entries_uop_mem_ldst_val, i1 %state_issue_alu_iq_entries_uop_is_sys_pc2epc, i1 %state_issue_alu_iq_entries_uop_is_unique, i1 %state_issue_alu_iq_entries_uop_flush_on_commit, i1 %state_issue_alu_iq_entries_uop_exc_exception, i64 %state_issue_alu_iq_entries_uop_exc_exc_cause, i1 %state_issue_alu_iq_entries_uop_exc_xcpt_pf_if, i1 %state_issue_alu_iq_entries_uop_exc_xcpt_ae_if, i1 %state_issue_alu_iq_entries_uop_exc_xcpt_ma_if, i1 %state_issue_alu_iq_entries_uop_exc_bp_debug_if, i1 %state_issue_alu_iq_entries_uop_exc_bp_xcpt_if, i8 %state_issue_alu_iq_entries_uop_debug_debug_fsrc, i8 %state_issue_alu_iq_entries_uop_debug_debug_tsrc, i32 %state_issue_alu_iq_entries_uop_debug_debug_inst, i64 %state_issue_alu_iq_entries_uop_debug_debug_pc, i64 %state_issue_alu_iq_entries_prs1_data, i64 %state_issue_alu_iq_entries_prs2_data, i64 %state_issue_alu_iq_entries_prs3_data, i3 %state_issue_alu_iq_tail, i8 %state_issue_alu_iq_count, i1 %state_issue_issued_valids_0, i1 %state_issue_issued_valids_1, i8 %state_issue_issued_uops_branch_br_mask_0, i8 %state_issue_issued_uops_branch_br_mask_1, i8 %state_issue_issued_uops_branch_br_mask_2, i8 %state_issue_issued_uops_uopc_0, i8 %state_issue_issued_uops_uopc_1, i8 %state_issue_issued_uops_rename_prs2_0, i8 %state_issue_issued_uops_rename_prs2_1, i8 %state_issue_issued_uops_rename_prs1_0, i8 %state_issue_issued_uops_rename_prs1_1, i8 %state_issue_issued_uops_rename_pdst_0, i8 %state_issue_issued_uops_rename_pdst_1, i8 %state_issue_issued_uops_rename_dst_rtype_0, i8 %state_issue_issued_uops_rename_dst_rtype_1, i8 %state_issue_issued_uops_queue_rob_idx_0, i8 %state_issue_issued_uops_queue_rob_idx_1, i32 %state_issue_issued_uops_queue_rob_allocation_id_0, i32 %state_issue_issued_uops_queue_rob_allocation_id_1, i8 %state_issue_issued_uops_mem_mem_size_0, i8 %state_issue_issued_uops_mem_mem_size_1, i1 %state_issue_issued_uops_mem_mem_signed_0, i1 %state_issue_issued_uops_mem_mem_signed_1, i8 %state_issue_issued_uops_iq_type_0, i8 %state_issue_issued_uops_iq_type_1, i32 %state_issue_issued_uops_imm_packed_0, i32 %state_issue_issued_uops_imm_packed_1, i8 %state_issue_issued_uops_fu_code_0, i8 %state_issue_issued_uops_fu_code_1, i1 %state_issue_issued_uops_exception_0, i1 %state_issue_issued_uops_exception_1, i64 %state_issue_issued_uops_debug_pc_0, i64 %state_issue_issued_uops_debug_pc_1, i8 %state_issue_issued_uops_ctrl_op2_sel_0, i8 %state_issue_issued_uops_ctrl_op2_sel_1, i8 %state_issue_issued_uops_ctrl_op1_sel_0, i8 %state_issue_issued_uops_ctrl_op1_sel_1, i1 %state_issue_issued_uops_branch_is_jalr_0, i1 %state_issue_issued_uops_branch_is_jalr_1, i1 %state_issue_issued_uops_branch_is_jal_0, i1 %state_issue_issued_uops_branch_is_jal_1, i1 %state_issue_issued_uops_branch_is_br_0, i1 %state_issue_issued_uops_branch_is_br_1, i8 %state_issue_issued_uops_branch_br_tag_0, i8 %state_issue_issued_uops_branch_br_tag_1, i1 %state_execute_alu_results_valid_0, i1 %state_execute_alu_results_valid_1, i8 %state_execute_alu_results_uop_branch_br_mask_0, i8 %state_execute_alu_results_uop_branch_br_mask_1, i8 %state_execute_alu_results_uop_branch_br_mask_2, i8 %state_execute_alu_results_uop_rename_pdst_0, i8 %state_execute_alu_results_uop_rename_pdst_1, i8 %state_execute_alu_results_uop_rename_dst_rtype_0, i8 %state_execute_alu_results_uop_rename_dst_rtype_1, i8 %state_execute_alu_results_uop_queue_rob_idx_0, i8 %state_execute_alu_results_uop_queue_rob_idx_1, i32 %state_execute_alu_results_uop_queue_rob_allocation_id_0, i32 %state_execute_alu_results_uop_queue_rob_allocation_id_1, i1 %state_execute_alu_results_uop_branch_is_jalr_0, i1 %state_execute_alu_results_uop_branch_is_jalr_1, i1 %state_execute_alu_results_uop_branch_is_jal_0, i1 %state_execute_alu_results_uop_branch_is_jal_1, i1 %state_execute_alu_results_uop_branch_is_br_0, i1 %state_execute_alu_results_uop_branch_is_br_1, i8 %state_execute_alu_results_uop_branch_br_tag_0, i8 %state_execute_alu_results_uop_branch_br_tag_1, i64 %state_execute_alu_results_store_data_0, i64 %state_execute_alu_results_store_data_1, i1 %state_execute_alu_results_signed_load_0, i1 %state_execute_alu_results_signed_load_1, i64 %state_execute_alu_results_result_0, i64 %state_execute_alu_results_result_1, i64 %state_execute_alu_results_redirect_pc_0, i64 %state_execute_alu_results_redirect_pc_1, i1 %state_execute_alu_results_mispredict_0, i1 %state_execute_alu_results_mispredict_1, i1 %state_execute_alu_results_memory_valid_0, i1 %state_execute_alu_results_memory_valid_1, i8 %state_execute_alu_results_memory_size_0, i8 %state_execute_alu_results_memory_size_1, i5 %state_execute_alu_results_memory_mask_0, i5 %state_execute_alu_results_memory_mask_1, i64 %state_execute_alu_results_memory_address_0, i64 %state_execute_alu_results_memory_address_1, i1 %state_execute_alu_results_is_store_0, i1 %state_execute_alu_results_is_store_1, i1 %state_execute_alu_results_is_load_0, i1 %state_execute_alu_results_is_load_1, i1 %state_lsu_ldq_valid, i8 %state_lsu_ldq_branch_mask, i1 %state_lsu_load_response_pending, i5 %state_lsu_pending_load_rob_idx, i8 %state_lsu_ldq_rob_idx, i32 %state_lsu_pending_load_allocation_id, i32 %state_lsu_ldq_rob_allocation_id, i32 %state_lsu_pending_load_transaction_id, i1 %state_lsu_ldq_signed_load, i1 %state_lsu_ldq_response_pending, i1 %state_lsu_ldq_completed, i1 %state_lsu_ldq_killed, i8 %state_lsu_ldq_size, i32 %state_lsu_ldq_transaction_id, i64 %state_lsu_ldq_address, i64 %state_lsu_ldq_result, i1 %state_lsu_stq_valid, i8 %state_lsu_stq_branch_mask, i1 %state_lsu_stq_address_valid, i1 %state_lsu_stq_data_valid, i1 %state_lsu_stq_committed, i1 %state_lsu_stq_issued_to_memory, i1 %state_lsu_stq_completed, i1 %state_lsu_stq_killed, i8 %state_lsu_stq_rob_idx, i8 %state_lsu_stq_mask, i8 %state_lsu_stq_size, i32 %state_lsu_stq_rob_allocation_id, i64 %state_lsu_stq_address, i64 %state_lsu_stq_data, i3 %state_lsu_ldq_tail, i8 %state_lsu_ldq_count, i3 %state_lsu_stq_tail, i8 %state_lsu_stq_count, i5 %state_rob_head, i1 %state_rob_entries_busy, i1 %state_rob_entries_exception, i8 %state_rob_entries_uop_uopc, i32 %state_rob_entries_uop_inst, i64 %state_rob_entries_uop_debug_pc, i1 %state_rob_entries_uop_ctrl_is_load, i1 %state_rob_entries_uop_ctrl_is_sta, i8 %state_rob_entries_uop_branch_br_mask, i5 %state_rob_entries_uop_queue_rob_idx, i5 %state_rob_entries_uop_rename_ldst, i8 %state_rob_entries_uop_rename_pdst, i8 %state_rob_entries_uop_rename_stale_pdst, i2 %state_rob_entries_uop_rename_dst_rtype, i1 %state_rob_entries_memory_valid, i1 %state_rob_entries_is_load, i1 %state_rob_entries_is_store, i1 %state_rob_entries_signed_load, i1 %state_rob_entries_memory_request_sent, i1 %state_rob_entries_memory_completed, i64 %state_rob_entries_memory_address, i64 %state_rob_entries_memory_data, i5 %state_rob_entries_memory_mask, i8 %state_rob_entries_memory_size, i32 %state_rob_entries_memory_transaction_id, i5 %state_rob_tail, i1 %state_rob_maybe_full, i1 %state_decode_dec_valids_0, i8 %state_decode_dec_uops_uopc_0, i32 %state_decode_dec_uops_inst_0, i64 %state_decode_dec_uops_debug_pc_0, i1 %state_decode_dec_uops_iq_type_0, i3 %state_decode_dec_uops_fu_code_0, i4 %state_decode_dec_uops_ctrl_br_type_0, i2 %state_decode_dec_uops_ctrl_op1_sel_0, i2 %state_decode_dec_uops_ctrl_op2_sel_0, i1 %state_decode_dec_uops_ctrl_fcn_dw_0, i3 %state_decode_dec_uops_ctrl_csr_cmd_0, i1 %state_decode_dec_uops_ctrl_is_load_0, i1 %state_decode_dec_uops_ctrl_is_sta_0, i8 %state_decode_dec_uops_branch_br_mask_0, i6 %state_decode_dec_uops_branch_pc_lob_0, i1 %state_decode_dec_uops_branch_is_br_0, i1 %state_decode_dec_uops_branch_is_jalr_0, i1 %state_decode_dec_uops_branch_is_jal_0, i32 %state_decode_dec_uops_imm_packed_0, i12 %state_decode_dec_uops_csr_addr_0, i5 %state_decode_dec_uops_rename_ldst_0, i5 %state_decode_dec_uops_rename_lrs1_0, i5 %state_decode_dec_uops_rename_lrs2_0, i2 %state_decode_dec_uops_rename_dst_rtype_0, i1 %state_decode_dec_uops_exception_0, i4 %state_decode_dec_uops_exc_cause_0, i2 %state_decode_dec_uops_mem_mem_size_0, i1 %state_decode_dec_uops_mem_mem_signed_0, i1 %state_decode_dec_uops_mem_uses_ldq_0, i1 %state_decode_dec_uops_mem_uses_stq_0, i1 %state_decode_dec_uops_is_sys_pc2epc_0, i1 %state_rename_dispatch_packets_valid_0, i8 %state_rename_dispatch_packets_uop_branch_br_mask_0, i8 %state_rename_dispatch_packets_uop_uopc_0, i32 %state_rename_dispatch_packets_uop_inst_0, i64 %state_rename_dispatch_packets_uop_debug_pc_0, i1 %state_rename_dispatch_packets_uop_iq_type_0, i3 %state_rename_dispatch_packets_uop_fu_code_0, i4 %state_rename_dispatch_packets_uop_ctrl_br_type_0, i2 %state_rename_dispatch_packets_uop_ctrl_op1_sel_0, i2 %state_rename_dispatch_packets_uop_ctrl_op2_sel_0, i1 %state_rename_dispatch_packets_uop_ctrl_fcn_dw_0, i3 %state_rename_dispatch_packets_uop_ctrl_csr_cmd_0, i1 %state_rename_dispatch_packets_uop_ctrl_is_load_0, i1 %state_rename_dispatch_packets_uop_ctrl_is_sta_0, i3 %state_rename_dispatch_packets_uop_branch_br_tag_0, i6 %state_rename_dispatch_packets_uop_branch_pc_lob_0, i1 %state_rename_dispatch_packets_uop_branch_is_br_0, i1 %state_rename_dispatch_packets_uop_branch_is_jalr_0, i1 %state_rename_dispatch_packets_uop_branch_is_jal_0, i32 %state_rename_dispatch_packets_uop_imm_packed_0, i12 %state_rename_dispatch_packets_uop_csr_addr_0, i5 %state_rename_dispatch_packets_uop_queue_rob_idx_0, i32 %state_rename_dispatch_packets_uop_queue_rob_allocation_id_0, i5 %state_rename_dispatch_packets_uop_rename_ldst_0, i5 %state_rename_dispatch_packets_uop_rename_lrs1_0, i5 %state_rename_dispatch_packets_uop_rename_lrs2_0, i8 %state_rename_dispatch_packets_uop_rename_pdst_0, i8 %state_rename_dispatch_packets_uop_rename_prs1_0, i8 %state_rename_dispatch_packets_uop_rename_prs2_0, i1 %state_rename_dispatch_packets_uop_rename_prs1_busy_0, i1 %state_rename_dispatch_packets_uop_rename_prs2_busy_0, i8 %state_rename_dispatch_packets_uop_rename_stale_pdst_0, i2 %state_rename_dispatch_packets_uop_rename_dst_rtype_0, i1 %state_rename_dispatch_packets_uop_exception_0, i4 %state_rename_dispatch_packets_uop_exc_cause_0, i2 %state_rename_dispatch_packets_uop_mem_mem_size_0, i1 %state_rename_dispatch_packets_uop_mem_mem_signed_0, i1 %state_rename_dispatch_packets_uop_mem_uses_ldq_0, i1 %state_rename_dispatch_packets_uop_mem_uses_stq_0, i1 %state_rename_dispatch_packets_uop_is_sys_pc2epc_0, i1 %state_rename_dispatch_packets_rob_allocated_0, i1 %state_frontend_fetch_packet_valid, i1 %state_frontend_response_received, i1 %state_frontend_request_sent, i64 %state_frontend_pc, i1 %state_branch_state_snapshot_valid, i8 %state_rename_int_map_table_br_snapshots, i8 %state_rename_int_map_table_map_table, i8 %state_rename_int_map_table_committed_map_table, i6 %state_rename_int_free_list_head, i1 %state_branch_state_br_alloc_lists, i1 %state_rename_int_free_list_busy_table, i8 %state_rename_int_free_list_count, i8 %state_rename_int_free_list_free_list, i6 %state_rename_int_free_list_tail, i1 %state_branch_state_tag_valid, i8 %state_branch_state_active_mask, i32 %state_branch_state_releases" [/home/lab_726/boom/hls_boom/src/boom_core_merged.cpp:467]   --->   Operation 137 'call' 'call_ln467' <Predicate = (state_execute_alu_results_uop_branch_is_jalr_1_load) | (state_execute_alu_results_uop_branch_is_jal_1_load) | (state_execute_alu_results_uop_branch_is_br_1_load)> <Delay = 0.00> <CoreType = "Generic">   --->   Core 0 '' <Latency = 0> <II = 1> <Delay = 1.00> <Generic> <Opcode : >
ST_4 : Operation 138 [1/1] (0.00ns)   --->   "%br_ln467 = br void %._crit_edge26" [/home/lab_726/boom/hls_boom/src/boom_core_merged.cpp:467]   --->   Operation 138 'br' 'br_ln467' <Predicate = (state_execute_alu_results_uop_branch_is_jalr_1_load) | (state_execute_alu_results_uop_branch_is_jal_1_load) | (state_execute_alu_results_uop_branch_is_br_1_load)> <Delay = 0.00>

State 5 <SV = 4> <Delay = 0.67>
ST_5 : Operation 139 [1/1] (0.00ns)   --->   "%zext_ln468_1 = zext i8 %ridx_1" [/home/lab_726/boom/hls_boom/src/boom_core_merged.cpp:468]   --->   Operation 139 'zext' 'zext_ln468_1' <Predicate = true> <Delay = 0.00>
ST_5 : Operation 140 [1/1] (0.00ns)   --->   "%state_rob_entries_valid_addr_4 = getelementptr i1 %state_rob_entries_valid, i64 0, i64 %zext_ln468_1" [/home/lab_726/boom/hls_boom/src/boom_core_merged.cpp:468]   --->   Operation 140 'getelementptr' 'state_rob_entries_valid_addr_4' <Predicate = true> <Delay = 0.00>
ST_5 : Operation 141 [2/2] (0.67ns)   --->   "%state_rob_entries_valid_load_4 = load i5 %state_rob_entries_valid_addr_4" [/home/lab_726/boom/hls_boom/src/boom_core_merged.cpp:468]   --->   Operation 141 'load' 'state_rob_entries_valid_load_4' <Predicate = true> <Delay = 0.67> <CoreInst = "RAM">   --->   Core 83 'RAM' <Latency = 1> <II = 1> <Delay = 0.67> <Storage> <Opcode : 'load' 'store'> <Ports = 2> <Width = 1> <Depth = 32> <RAM>

State 6 <SV = 5> <Delay = 1.23>
ST_6 : Operation 142 [1/2] (0.67ns)   --->   "%state_rob_entries_valid_load_4 = load i5 %state_rob_entries_valid_addr_4" [/home/lab_726/boom/hls_boom/src/boom_core_merged.cpp:468]   --->   Operation 142 'load' 'state_rob_entries_valid_load_4' <Predicate = true> <Delay = 0.67> <CoreInst = "RAM">   --->   Core 83 'RAM' <Latency = 1> <II = 1> <Delay = 0.67> <Storage> <Opcode : 'load' 'store'> <Ports = 2> <Width = 1> <Depth = 32> <RAM>
ST_6 : Operation 143 [1/1] (0.00ns)   --->   "%br_ln468 = br i1 %state_rob_entries_valid_load_4, void %._crit_edge27, void" [/home/lab_726/boom/hls_boom/src/boom_core_merged.cpp:468]   --->   Operation 143 'br' 'br_ln468' <Predicate = true> <Delay = 0.00>
ST_6 : Operation 144 [1/1] (0.00ns)   --->   "%state_rob_entries_uop_queue_rob_allocation_id_addr_3 = getelementptr i32 %state_rob_entries_uop_queue_rob_allocation_id, i64 0, i64 %zext_ln468_1" [/home/lab_726/boom/hls_boom/src/boom_core_merged.cpp:469]   --->   Operation 144 'getelementptr' 'state_rob_entries_uop_queue_rob_allocation_id_addr_3' <Predicate = (state_rob_entries_valid_load_4)> <Delay = 0.00>
ST_6 : Operation 145 [2/2] (1.23ns)   --->   "%state_rob_entries_uop_queue_rob_allocation_id_load_3 = load i5 %state_rob_entries_uop_queue_rob_allocation_id_addr_3" [/home/lab_726/boom/hls_boom/src/boom_core_merged.cpp:469]   --->   Operation 145 'load' 'state_rob_entries_uop_queue_rob_allocation_id_load_3' <Predicate = (state_rob_entries_valid_load_4)> <Delay = 1.23> <CoreInst = "RAM">   --->   Core 83 'RAM' <Latency = 1> <II = 1> <Delay = 1.23> <Storage> <Opcode : 'load' 'store'> <Ports = 2> <Width = 32> <Depth = 32> <RAM>

State 7 <SV = 6> <Delay = 2.22>
ST_7 : Operation 146 [1/2] (1.23ns)   --->   "%state_rob_entries_uop_queue_rob_allocation_id_load_3 = load i5 %state_rob_entries_uop_queue_rob_allocation_id_addr_3" [/home/lab_726/boom/hls_boom/src/boom_core_merged.cpp:469]   --->   Operation 146 'load' 'state_rob_entries_uop_queue_rob_allocation_id_load_3' <Predicate = (state_rob_entries_valid_load_4)> <Delay = 1.23> <CoreInst = "RAM">   --->   Core 83 'RAM' <Latency = 1> <II = 1> <Delay = 1.23> <Storage> <Opcode : 'load' 'store'> <Ports = 2> <Width = 32> <Depth = 32> <RAM>
ST_7 : Operation 147 [1/1] (0.00ns)   --->   "%state_execute_alu_results_uop_queue_rob_allocation_id_1_load_2 = load i32 %state_execute_alu_results_uop_queue_rob_allocation_id_1" [/home/lab_726/boom/hls_boom/src/boom_core_merged.cpp:469]   --->   Operation 147 'load' 'state_execute_alu_results_uop_queue_rob_allocation_id_1_load_2' <Predicate = (state_rob_entries_valid_load_4)> <Delay = 0.00>
ST_7 : Operation 148 [1/1] (0.99ns)   --->   "%icmp_ln469_1 = icmp_eq  i32 %state_rob_entries_uop_queue_rob_allocation_id_load_3, i32 %state_execute_alu_results_uop_queue_rob_allocation_id_1_load_2" [/home/lab_726/boom/hls_boom/src/boom_core_merged.cpp:469]   --->   Operation 148 'icmp' 'icmp_ln469_1' <Predicate = (state_rob_entries_valid_load_4)> <Delay = 0.99> <CoreInst = "Cmp">   --->   Core 9 'Cmp' <Latency = 0> <II = 1> <Delay = 0.84> <FuncUnit> <Opcode : 'icmp'> <InPorts = 2> <OutPorts = 1>
ST_7 : Operation 149 [1/1] (0.00ns)   --->   "%br_ln468 = br i1 %icmp_ln469_1, void %._crit_edge27, void" [/home/lab_726/boom/hls_boom/src/boom_core_merged.cpp:468]   --->   Operation 149 'br' 'br_ln468' <Predicate = (state_rob_entries_valid_load_4)> <Delay = 0.00>
ST_7 : Operation 150 [1/1] (0.00ns)   --->   "%store_ln470 = store i1 0, i1 %state_execute_alu_results_valid_1" [/home/lab_726/boom/hls_boom/src/boom_core_merged.cpp:470]   --->   Operation 150 'store' 'store_ln470' <Predicate = (!icmp_ln469_1) | (!state_rob_entries_valid_load_4)> <Delay = 0.00>
ST_7 : Operation 151 [1/1] (0.00ns)   --->   "%store_ln470 = store i8 0, i8 %state_execute_alu_results_uop_branch_br_mask_1" [/home/lab_726/boom/hls_boom/src/boom_core_merged.cpp:470]   --->   Operation 151 'store' 'store_ln470' <Predicate = (!icmp_ln469_1) | (!state_rob_entries_valid_load_4)> <Delay = 0.00>
ST_7 : Operation 152 [1/1] (0.00ns)   --->   "%store_ln470 = store i8 0, i8 %state_execute_alu_results_uop_branch_br_tag_1" [/home/lab_726/boom/hls_boom/src/boom_core_merged.cpp:470]   --->   Operation 152 'store' 'store_ln470' <Predicate = (!icmp_ln469_1) | (!state_rob_entries_valid_load_4)> <Delay = 0.00>
ST_7 : Operation 153 [1/1] (0.00ns)   --->   "%store_ln470 = store i1 0, i1 %state_execute_alu_results_uop_branch_is_br_1" [/home/lab_726/boom/hls_boom/src/boom_core_merged.cpp:470]   --->   Operation 153 'store' 'store_ln470' <Predicate = (!icmp_ln469_1) | (!state_rob_entries_valid_load_4)> <Delay = 0.00>
ST_7 : Operation 154 [1/1] (0.00ns)   --->   "%store_ln470 = store i1 0, i1 %state_execute_alu_results_uop_branch_is_jalr_1" [/home/lab_726/boom/hls_boom/src/boom_core_merged.cpp:470]   --->   Operation 154 'store' 'store_ln470' <Predicate = (!icmp_ln469_1) | (!state_rob_entries_valid_load_4)> <Delay = 0.00>
ST_7 : Operation 155 [1/1] (0.00ns)   --->   "%store_ln470 = store i1 0, i1 %state_execute_alu_results_uop_branch_is_jal_1" [/home/lab_726/boom/hls_boom/src/boom_core_merged.cpp:470]   --->   Operation 155 'store' 'store_ln470' <Predicate = (!icmp_ln469_1) | (!state_rob_entries_valid_load_4)> <Delay = 0.00>
ST_7 : Operation 156 [1/1] (0.00ns)   --->   "%store_ln470 = store i8 0, i8 %state_execute_alu_results_uop_queue_rob_idx_1" [/home/lab_726/boom/hls_boom/src/boom_core_merged.cpp:470]   --->   Operation 156 'store' 'store_ln470' <Predicate = (!icmp_ln469_1) | (!state_rob_entries_valid_load_4)> <Delay = 0.00>
ST_7 : Operation 157 [1/1] (0.00ns)   --->   "%store_ln470 = store i32 0, i32 %state_execute_alu_results_uop_queue_rob_allocation_id_1" [/home/lab_726/boom/hls_boom/src/boom_core_merged.cpp:470]   --->   Operation 157 'store' 'store_ln470' <Predicate = (!icmp_ln469_1) | (!state_rob_entries_valid_load_4)> <Delay = 0.00>
ST_7 : Operation 158 [1/1] (0.00ns)   --->   "%store_ln470 = store i8 0, i8 %state_execute_alu_results_uop_rename_pdst_1" [/home/lab_726/boom/hls_boom/src/boom_core_merged.cpp:470]   --->   Operation 158 'store' 'store_ln470' <Predicate = (!icmp_ln469_1) | (!state_rob_entries_valid_load_4)> <Delay = 0.00>
ST_7 : Operation 159 [1/1] (0.00ns)   --->   "%store_ln470 = store i8 0, i8 %state_execute_alu_results_uop_rename_dst_rtype_1" [/home/lab_726/boom/hls_boom/src/boom_core_merged.cpp:470]   --->   Operation 159 'store' 'store_ln470' <Predicate = (!icmp_ln469_1) | (!state_rob_entries_valid_load_4)> <Delay = 0.00>
ST_7 : Operation 160 [1/1] (0.00ns)   --->   "%store_ln470 = store i64 0, i64 %state_execute_alu_results_result_1" [/home/lab_726/boom/hls_boom/src/boom_core_merged.cpp:470]   --->   Operation 160 'store' 'store_ln470' <Predicate = (!icmp_ln469_1) | (!state_rob_entries_valid_load_4)> <Delay = 0.00>
ST_7 : Operation 161 [1/1] (0.00ns)   --->   "%store_ln470 = store i1 0, i1 %state_execute_alu_results_mispredict_1" [/home/lab_726/boom/hls_boom/src/boom_core_merged.cpp:470]   --->   Operation 161 'store' 'store_ln470' <Predicate = (!icmp_ln469_1) | (!state_rob_entries_valid_load_4)> <Delay = 0.00>
ST_7 : Operation 162 [1/1] (0.00ns)   --->   "%store_ln470 = store i64 0, i64 %state_execute_alu_results_redirect_pc_1" [/home/lab_726/boom/hls_boom/src/boom_core_merged.cpp:470]   --->   Operation 162 'store' 'store_ln470' <Predicate = (!icmp_ln469_1) | (!state_rob_entries_valid_load_4)> <Delay = 0.00>
ST_7 : Operation 163 [1/1] (0.00ns)   --->   "%store_ln470 = store i1 0, i1 %state_execute_alu_results_memory_valid_1" [/home/lab_726/boom/hls_boom/src/boom_core_merged.cpp:470]   --->   Operation 163 'store' 'store_ln470' <Predicate = (!icmp_ln469_1) | (!state_rob_entries_valid_load_4)> <Delay = 0.00>
ST_7 : Operation 164 [1/1] (0.00ns)   --->   "%store_ln470 = store i1 0, i1 %state_execute_alu_results_is_load_1" [/home/lab_726/boom/hls_boom/src/boom_core_merged.cpp:470]   --->   Operation 164 'store' 'store_ln470' <Predicate = (!icmp_ln469_1) | (!state_rob_entries_valid_load_4)> <Delay = 0.00>
ST_7 : Operation 165 [1/1] (0.00ns)   --->   "%store_ln470 = store i1 0, i1 %state_execute_alu_results_is_store_1" [/home/lab_726/boom/hls_boom/src/boom_core_merged.cpp:470]   --->   Operation 165 'store' 'store_ln470' <Predicate = (!icmp_ln469_1) | (!state_rob_entries_valid_load_4)> <Delay = 0.00>
ST_7 : Operation 166 [1/1] (0.00ns)   --->   "%store_ln470 = store i1 0, i1 %state_execute_alu_results_signed_load_1" [/home/lab_726/boom/hls_boom/src/boom_core_merged.cpp:470]   --->   Operation 166 'store' 'store_ln470' <Predicate = (!icmp_ln469_1) | (!state_rob_entries_valid_load_4)> <Delay = 0.00>
ST_7 : Operation 167 [1/1] (0.00ns)   --->   "%store_ln470 = store i64 0, i64 %state_execute_alu_results_memory_address_1" [/home/lab_726/boom/hls_boom/src/boom_core_merged.cpp:470]   --->   Operation 167 'store' 'store_ln470' <Predicate = (!icmp_ln469_1) | (!state_rob_entries_valid_load_4)> <Delay = 0.00>
ST_7 : Operation 168 [1/1] (0.00ns)   --->   "%store_ln470 = store i64 0, i64 %state_execute_alu_results_store_data_1" [/home/lab_726/boom/hls_boom/src/boom_core_merged.cpp:470]   --->   Operation 168 'store' 'store_ln470' <Predicate = (!icmp_ln469_1) | (!state_rob_entries_valid_load_4)> <Delay = 0.00>
ST_7 : Operation 169 [1/1] (0.00ns)   --->   "%store_ln470 = store i5 0, i5 %state_execute_alu_results_memory_mask_1" [/home/lab_726/boom/hls_boom/src/boom_core_merged.cpp:470]   --->   Operation 169 'store' 'store_ln470' <Predicate = (!icmp_ln469_1) | (!state_rob_entries_valid_load_4)> <Delay = 0.00>
ST_7 : Operation 170 [1/1] (0.00ns)   --->   "%store_ln470 = store i8 0, i8 %state_execute_alu_results_memory_size_1" [/home/lab_726/boom/hls_boom/src/boom_core_merged.cpp:470]   --->   Operation 170 'store' 'store_ln470' <Predicate = (!icmp_ln469_1) | (!state_rob_entries_valid_load_4)> <Delay = 0.00>
ST_7 : Operation 171 [1/1] (0.00ns)   --->   "%br_ln471 = br void %_ZN4boomL17complete_selectedER13BoomCoreStateRN12ExecuteState9AluResultE.exit77" [/home/lab_726/boom/hls_boom/src/boom_core_merged.cpp:471]   --->   Operation 171 'br' 'br_ln471' <Predicate = (!icmp_ln469_1) | (!state_rob_entries_valid_load_4)> <Delay = 0.00>
ST_7 : Operation 172 [1/1] (0.00ns)   --->   "%state_execute_alu_results_memory_valid_1_load = load i1 %state_execute_alu_results_memory_valid_1" [/home/lab_726/boom/hls_boom/src/boom_core_merged.cpp:473]   --->   Operation 172 'load' 'state_execute_alu_results_memory_valid_1_load' <Predicate = (state_rob_entries_valid_load_4 & icmp_ln469_1)> <Delay = 0.00>
ST_7 : Operation 173 [1/1] (0.00ns)   --->   "%br_ln473 = br i1 %state_execute_alu_results_memory_valid_1_load, void, void %._crit_edge29" [/home/lab_726/boom/hls_boom/src/boom_core_merged.cpp:473]   --->   Operation 173 'br' 'br_ln473' <Predicate = (state_rob_entries_valid_load_4 & icmp_ln469_1)> <Delay = 0.00>
ST_7 : Operation 174 [1/1] (0.00ns)   --->   "%state_execute_alu_results_is_load_1_load = load i1 %state_execute_alu_results_is_load_1" [/home/lab_726/boom/hls_boom/src/boom_core_merged.cpp:473]   --->   Operation 174 'load' 'state_execute_alu_results_is_load_1_load' <Predicate = (state_rob_entries_valid_load_4 & icmp_ln469_1 & !state_execute_alu_results_memory_valid_1_load)> <Delay = 0.00>
ST_7 : Operation 175 [1/1] (0.00ns)   --->   "%br_ln473 = br i1 %state_execute_alu_results_is_load_1_load, void, void %._crit_edge29" [/home/lab_726/boom/hls_boom/src/boom_core_merged.cpp:473]   --->   Operation 175 'br' 'br_ln473' <Predicate = (state_rob_entries_valid_load_4 & icmp_ln469_1 & !state_execute_alu_results_memory_valid_1_load)> <Delay = 0.00>
ST_7 : Operation 176 [1/1] (0.00ns)   --->   "%state_execute_alu_results_is_store_1_load = load i1 %state_execute_alu_results_is_store_1" [/home/lab_726/boom/hls_boom/src/boom_core_merged.cpp:473]   --->   Operation 176 'load' 'state_execute_alu_results_is_store_1_load' <Predicate = (state_rob_entries_valid_load_4 & icmp_ln469_1 & !state_execute_alu_results_memory_valid_1_load & !state_execute_alu_results_is_load_1_load)> <Delay = 0.00>
ST_7 : Operation 177 [1/1] (0.00ns)   --->   "%br_ln473 = br i1 %state_execute_alu_results_is_store_1_load, void %.thread3, void %._crit_edge29" [/home/lab_726/boom/hls_boom/src/boom_core_merged.cpp:473]   --->   Operation 177 'br' 'br_ln473' <Predicate = (state_rob_entries_valid_load_4 & icmp_ln469_1 & !state_execute_alu_results_memory_valid_1_load & !state_execute_alu_results_is_load_1_load)> <Delay = 0.00>

State 8 <SV = 7> <Delay = 1.10>
ST_8 : Operation 178 [1/1] (0.00ns)   --->   "%state_execute_alu_results_uop_branch_br_mask_1_load_1 = load i8 %state_execute_alu_results_uop_branch_br_mask_1" [/home/lab_726/boom/hls_boom/src/boom_core_merged.cpp:474]   --->   Operation 178 'load' 'state_execute_alu_results_uop_branch_br_mask_1_load_1' <Predicate = true> <Delay = 0.00>
ST_8 : Operation 179 [1/1] (0.00ns)   --->   "%state_execute_alu_results_uop_queue_rob_idx_1_load = load i8 %state_execute_alu_results_uop_queue_rob_idx_1" [/home/lab_726/boom/hls_boom/src/boom_core_merged.cpp:474]   --->   Operation 179 'load' 'state_execute_alu_results_uop_queue_rob_idx_1_load' <Predicate = true> <Delay = 0.00>
ST_8 : Operation 180 [1/1] (0.00ns)   --->   "%state_execute_alu_results_is_load_1_load_1 = load i1 %state_execute_alu_results_is_load_1" [/home/lab_726/boom/hls_boom/src/boom_core_merged.cpp:474]   --->   Operation 180 'load' 'state_execute_alu_results_is_load_1_load_1' <Predicate = true> <Delay = 0.00>
ST_8 : Operation 181 [1/1] (0.00ns)   --->   "%state_execute_alu_results_is_store_1_load_1 = load i1 %state_execute_alu_results_is_store_1" [/home/lab_726/boom/hls_boom/src/boom_core_merged.cpp:474]   --->   Operation 181 'load' 'state_execute_alu_results_is_store_1_load_1' <Predicate = true> <Delay = 0.00>
ST_8 : Operation 182 [1/1] (0.00ns)   --->   "%state_execute_alu_results_signed_load_1_load = load i1 %state_execute_alu_results_signed_load_1" [/home/lab_726/boom/hls_boom/src/boom_core_merged.cpp:474]   --->   Operation 182 'load' 'state_execute_alu_results_signed_load_1_load' <Predicate = true> <Delay = 0.00>
ST_8 : Operation 183 [1/1] (0.00ns)   --->   "%state_execute_alu_results_memory_address_1_load = load i64 %state_execute_alu_results_memory_address_1" [/home/lab_726/boom/hls_boom/src/boom_core_merged.cpp:474]   --->   Operation 183 'load' 'state_execute_alu_results_memory_address_1_load' <Predicate = true> <Delay = 0.00>
ST_8 : Operation 184 [1/1] (0.00ns)   --->   "%state_execute_alu_results_store_data_1_load = load i64 %state_execute_alu_results_store_data_1" [/home/lab_726/boom/hls_boom/src/boom_core_merged.cpp:474]   --->   Operation 184 'load' 'state_execute_alu_results_store_data_1_load' <Predicate = true> <Delay = 0.00>
ST_8 : Operation 185 [1/1] (0.00ns)   --->   "%state_execute_alu_results_memory_mask_1_load = load i5 %state_execute_alu_results_memory_mask_1" [/home/lab_726/boom/hls_boom/src/boom_core_merged.cpp:474]   --->   Operation 185 'load' 'state_execute_alu_results_memory_mask_1_load' <Predicate = true> <Delay = 0.00>
ST_8 : Operation 186 [1/1] (0.00ns)   --->   "%state_execute_alu_results_memory_size_1_load = load i8 %state_execute_alu_results_memory_size_1" [/home/lab_726/boom/hls_boom/src/boom_core_merged.cpp:474]   --->   Operation 186 'load' 'state_execute_alu_results_memory_size_1_load' <Predicate = true> <Delay = 0.00>
ST_8 : Operation 187 [2/2] (1.10ns)   --->   "%tmp_8 = call i1 @lsu_accept_completion, i8 %state_execute_alu_results_uop_branch_br_mask_1_load_1, i8 %state_execute_alu_results_uop_queue_rob_idx_1_load, i32 %state_rob_entries_uop_queue_rob_allocation_id_load_3, i1 %state_execute_alu_results_is_load_1_load_1, i1 %state_execute_alu_results_is_store_1_load_1, i1 %state_execute_alu_results_signed_load_1_load, i64 %state_execute_alu_results_memory_address_1_load, i64 %state_execute_alu_results_store_data_1_load, i5 %state_execute_alu_results_memory_mask_1_load, i8 %state_execute_alu_results_memory_size_1_load, i1 %state_rob_entries_valid, i32 %state_rob_entries_uop_queue_rob_allocation_id, i8 %state_lsu_stq_count, i1 %state_rob_entries_memory_valid, i1 %state_rob_entries_is_store, i1 %state_rob_entries_is_load, i1 %state_rob_entries_memory_completed, i64 %state_rob_entries_memory_address, i64 %state_rob_entries_memory_data, i5 %state_rob_entries_memory_mask, i8 %state_rob_entries_memory_size, i1 %state_rob_entries_busy, i3 %state_lsu_stq_tail, i1 %state_lsu_stq_valid, i8 %state_lsu_stq_rob_idx, i32 %state_lsu_stq_rob_allocation_id, i1 %state_lsu_stq_address_valid, i64 %state_lsu_stq_address, i1 %state_lsu_stq_data_valid, i64 %state_lsu_stq_data, i8 %state_lsu_stq_mask, i8 %state_lsu_stq_size, i8 %state_lsu_stq_branch_mask, i8 %state_lsu_ldq_count, i1 %state_rob_entries_signed_load, i3 %state_lsu_ldq_tail, i1 %state_lsu_ldq_valid, i8 %state_lsu_ldq_rob_idx, i32 %state_lsu_ldq_rob_allocation_id, i64 %state_lsu_ldq_address, i8 %state_lsu_ldq_size, i1 %state_lsu_ldq_signed_load, i8 %state_lsu_ldq_branch_mask" [/home/lab_726/boom/hls_boom/src/boom_core_merged.cpp:474]   --->   Operation 187 'call' 'tmp_8' <Predicate = true> <Delay = 1.10> <CoreType = "Generic">   --->   Core 0 '' <Latency = 0> <II = 1> <Delay = 1.00> <Generic> <Opcode : >

State 9 <SV = 8> <Delay = 1.18>
ST_9 : Operation 188 [1/2] (1.18ns)   --->   "%tmp_8 = call i1 @lsu_accept_completion, i8 %state_execute_alu_results_uop_branch_br_mask_1_load_1, i8 %state_execute_alu_results_uop_queue_rob_idx_1_load, i32 %state_rob_entries_uop_queue_rob_allocation_id_load_3, i1 %state_execute_alu_results_is_load_1_load_1, i1 %state_execute_alu_results_is_store_1_load_1, i1 %state_execute_alu_results_signed_load_1_load, i64 %state_execute_alu_results_memory_address_1_load, i64 %state_execute_alu_results_store_data_1_load, i5 %state_execute_alu_results_memory_mask_1_load, i8 %state_execute_alu_results_memory_size_1_load, i1 %state_rob_entries_valid, i32 %state_rob_entries_uop_queue_rob_allocation_id, i8 %state_lsu_stq_count, i1 %state_rob_entries_memory_valid, i1 %state_rob_entries_is_store, i1 %state_rob_entries_is_load, i1 %state_rob_entries_memory_completed, i64 %state_rob_entries_memory_address, i64 %state_rob_entries_memory_data, i5 %state_rob_entries_memory_mask, i8 %state_rob_entries_memory_size, i1 %state_rob_entries_busy, i3 %state_lsu_stq_tail, i1 %state_lsu_stq_valid, i8 %state_lsu_stq_rob_idx, i32 %state_lsu_stq_rob_allocation_id, i1 %state_lsu_stq_address_valid, i64 %state_lsu_stq_address, i1 %state_lsu_stq_data_valid, i64 %state_lsu_stq_data, i8 %state_lsu_stq_mask, i8 %state_lsu_stq_size, i8 %state_lsu_stq_branch_mask, i8 %state_lsu_ldq_count, i1 %state_rob_entries_signed_load, i3 %state_lsu_ldq_tail, i1 %state_lsu_ldq_valid, i8 %state_lsu_ldq_rob_idx, i32 %state_lsu_ldq_rob_allocation_id, i64 %state_lsu_ldq_address, i8 %state_lsu_ldq_size, i1 %state_lsu_ldq_signed_load, i8 %state_lsu_ldq_branch_mask" [/home/lab_726/boom/hls_boom/src/boom_core_merged.cpp:474]   --->   Operation 188 'call' 'tmp_8' <Predicate = (state_execute_alu_results_is_store_1_load) | (state_execute_alu_results_is_load_1_load) | (state_execute_alu_results_memory_valid_1_load)> <Delay = 1.18> <CoreType = "Generic">   --->   Core 0 '' <Latency = 0> <II = 1> <Delay = 1.00> <Generic> <Opcode : >
ST_9 : Operation 189 [1/1] (0.00ns)   --->   "%br_ln473 = br i1 %tmp_8, void %_ZN4boomL17complete_selectedER13BoomCoreStateRN12ExecuteState9AluResultE.exit77, void" [/home/lab_726/boom/hls_boom/src/boom_core_merged.cpp:473]   --->   Operation 189 'br' 'br_ln473' <Predicate = (state_execute_alu_results_is_store_1_load) | (state_execute_alu_results_is_load_1_load) | (state_execute_alu_results_memory_valid_1_load)> <Delay = 0.00>
ST_9 : Operation 190 [1/1] (0.42ns)   --->   "%br_ln477 = br i1 %state_execute_alu_results_is_load_1_load_1, void %.thread3, void %._crit_edge34" [/home/lab_726/boom/hls_boom/src/boom_core_merged.cpp:477]   --->   Operation 190 'br' 'br_ln477' <Predicate = (state_execute_alu_results_is_store_1_load & tmp_8) | (state_execute_alu_results_is_load_1_load & tmp_8) | (state_execute_alu_results_memory_valid_1_load & tmp_8)> <Delay = 0.42>

State 10 <SV = 9> <Delay = 2.37>
ST_10 : Operation 191 [1/1] (0.00ns)   --->   "%state_rob_entries_busy_addr_1 = getelementptr i1 %state_rob_entries_busy, i64 0, i64 %zext_ln468_1" [/home/lab_726/boom/hls_boom/src/boom_core_merged.cpp:477]   --->   Operation 191 'getelementptr' 'state_rob_entries_busy_addr_1' <Predicate = (or_ln514 & !select_ln518 & state_rob_entries_valid_load_4 & icmp_ln469_1 & tmp_8 & !state_execute_alu_results_is_load_1_load_1) | (or_ln514 & !select_ln518 & state_rob_entries_valid_load_4 & icmp_ln469_1 & !state_execute_alu_results_memory_valid_1_load & !state_execute_alu_results_is_load_1_load & !state_execute_alu_results_is_store_1_load)> <Delay = 0.00>
ST_10 : Operation 192 [1/1] (0.67ns)   --->   "%store_ln477 = store i1 0, i5 %state_rob_entries_busy_addr_1" [/home/lab_726/boom/hls_boom/src/boom_core_merged.cpp:477]   --->   Operation 192 'store' 'store_ln477' <Predicate = (or_ln514 & !select_ln518 & state_rob_entries_valid_load_4 & icmp_ln469_1 & tmp_8 & !state_execute_alu_results_is_load_1_load_1) | (or_ln514 & !select_ln518 & state_rob_entries_valid_load_4 & icmp_ln469_1 & !state_execute_alu_results_memory_valid_1_load & !state_execute_alu_results_is_load_1_load & !state_execute_alu_results_is_store_1_load)> <Delay = 0.67> <CoreInst = "RAM">   --->   Core 83 'RAM' <Latency = 1> <II = 1> <Delay = 0.67> <Storage> <Opcode : 'load' 'store'> <Ports = 2> <Width = 1> <Depth = 32> <RAM>
ST_10 : Operation 193 [1/1] (0.42ns)   --->   "%br_ln477 = br void %._crit_edge34" [/home/lab_726/boom/hls_boom/src/boom_core_merged.cpp:477]   --->   Operation 193 'br' 'br_ln477' <Predicate = (or_ln514 & !select_ln518 & state_rob_entries_valid_load_4 & icmp_ln469_1 & tmp_8 & !state_execute_alu_results_is_load_1_load_1) | (or_ln514 & !select_ln518 & state_rob_entries_valid_load_4 & icmp_ln469_1 & !state_execute_alu_results_memory_valid_1_load & !state_execute_alu_results_is_load_1_load & !state_execute_alu_results_is_store_1_load)> <Delay = 0.42>
ST_10 : Operation 194 [1/1] (0.00ns) (grouped into LUT with out node and_ln479_1)   --->   "%phi_ln479_1 = phi i1 1, void %.thread3, i1 0, void" [/home/lab_726/boom/hls_boom/src/boom_core_merged.cpp:479]   --->   Operation 194 'phi' 'phi_ln479_1' <Predicate = (or_ln514 & !select_ln518 & state_rob_entries_valid_load_4 & icmp_ln469_1 & tmp_8) | (or_ln514 & !select_ln518 & state_rob_entries_valid_load_4 & icmp_ln469_1 & !state_execute_alu_results_memory_valid_1_load & !state_execute_alu_results_is_load_1_load & !state_execute_alu_results_is_store_1_load)> <Delay = 0.00>
ST_10 : Operation 195 [1/1] (0.00ns)   --->   "%state_execute_alu_results_uop_rename_dst_rtype_1_load = load i8 %state_execute_alu_results_uop_rename_dst_rtype_1" [/home/lab_726/boom/hls_boom/src/boom_core_merged.cpp:479]   --->   Operation 195 'load' 'state_execute_alu_results_uop_rename_dst_rtype_1_load' <Predicate = (or_ln514 & !select_ln518 & state_rob_entries_valid_load_4 & icmp_ln469_1 & tmp_8) | (or_ln514 & !select_ln518 & state_rob_entries_valid_load_4 & icmp_ln469_1 & !state_execute_alu_results_memory_valid_1_load & !state_execute_alu_results_is_load_1_load & !state_execute_alu_results_is_store_1_load)> <Delay = 0.00>
ST_10 : Operation 196 [1/1] (0.84ns)   --->   "%icmp_ln479_1 = icmp_eq  i8 %state_execute_alu_results_uop_rename_dst_rtype_1_load, i8 0" [/home/lab_726/boom/hls_boom/src/boom_core_merged.cpp:479]   --->   Operation 196 'icmp' 'icmp_ln479_1' <Predicate = (or_ln514 & !select_ln518 & state_rob_entries_valid_load_4 & icmp_ln469_1 & tmp_8) | (or_ln514 & !select_ln518 & state_rob_entries_valid_load_4 & icmp_ln469_1 & !state_execute_alu_results_memory_valid_1_load & !state_execute_alu_results_is_load_1_load & !state_execute_alu_results_is_store_1_load)> <Delay = 0.84> <CoreInst = "Cmp">   --->   Core 9 'Cmp' <Latency = 0> <II = 1> <Delay = 0.84> <FuncUnit> <Opcode : 'icmp'> <InPorts = 2> <OutPorts = 1>
ST_10 : Operation 197 [1/1] (0.28ns) (out node of the LUT)   --->   "%and_ln479_1 = and i1 %phi_ln479_1, i1 %icmp_ln479_1" [/home/lab_726/boom/hls_boom/src/boom_core_merged.cpp:479]   --->   Operation 197 'and' 'and_ln479_1' <Predicate = (or_ln514 & !select_ln518 & state_rob_entries_valid_load_4 & icmp_ln469_1 & tmp_8) | (or_ln514 & !select_ln518 & state_rob_entries_valid_load_4 & icmp_ln469_1 & !state_execute_alu_results_memory_valid_1_load & !state_execute_alu_results_is_load_1_load & !state_execute_alu_results_is_store_1_load)> <Delay = 0.28> <CoreInst = "LogicGate">   --->   Core 74 'LogicGate' <Latency = 0> <II = 1> <Delay = 0.28> <FuncUnit> <Opcode : 'and' 'or' 'xor'> <InPorts = 2> <OutPorts = 1>
ST_10 : Operation 198 [1/1] (0.00ns)   --->   "%br_ln479 = br i1 %and_ln479_1, void %._crit_edge35, void" [/home/lab_726/boom/hls_boom/src/boom_core_merged.cpp:479]   --->   Operation 198 'br' 'br_ln479' <Predicate = (or_ln514 & !select_ln518 & state_rob_entries_valid_load_4 & icmp_ln469_1 & tmp_8) | (or_ln514 & !select_ln518 & state_rob_entries_valid_load_4 & icmp_ln469_1 & !state_execute_alu_results_memory_valid_1_load & !state_execute_alu_results_is_load_1_load & !state_execute_alu_results_is_store_1_load)> <Delay = 0.00>
ST_10 : Operation 199 [1/1] (0.00ns)   --->   "%state_execute_alu_results_uop_rename_pdst_1_load = load i8 %state_execute_alu_results_uop_rename_pdst_1" [/home/lab_726/boom/hls_boom/src/boom_core_merged.cpp:479]   --->   Operation 199 'load' 'state_execute_alu_results_uop_rename_pdst_1_load' <Predicate = (or_ln514 & !select_ln518 & state_rob_entries_valid_load_4 & icmp_ln469_1 & tmp_8 & and_ln479_1) | (or_ln514 & !select_ln518 & state_rob_entries_valid_load_4 & icmp_ln469_1 & !state_execute_alu_results_memory_valid_1_load & !state_execute_alu_results_is_load_1_load & !state_execute_alu_results_is_store_1_load & and_ln479_1)> <Delay = 0.00>
ST_10 : Operation 200 [1/1] (0.84ns)   --->   "%icmp_ln479_3 = icmp_eq  i8 %state_execute_alu_results_uop_rename_pdst_1_load, i8 0" [/home/lab_726/boom/hls_boom/src/boom_core_merged.cpp:479]   --->   Operation 200 'icmp' 'icmp_ln479_3' <Predicate = (or_ln514 & !select_ln518 & state_rob_entries_valid_load_4 & icmp_ln469_1 & tmp_8 & and_ln479_1) | (or_ln514 & !select_ln518 & state_rob_entries_valid_load_4 & icmp_ln469_1 & !state_execute_alu_results_memory_valid_1_load & !state_execute_alu_results_is_load_1_load & !state_execute_alu_results_is_store_1_load & and_ln479_1)> <Delay = 0.84> <CoreInst = "Cmp">   --->   Core 9 'Cmp' <Latency = 0> <II = 1> <Delay = 0.84> <FuncUnit> <Opcode : 'icmp'> <InPorts = 2> <OutPorts = 1>
ST_10 : Operation 201 [1/1] (0.00ns)   --->   "%br_ln479 = br i1 %icmp_ln479_3, void, void %._crit_edge35" [/home/lab_726/boom/hls_boom/src/boom_core_merged.cpp:479]   --->   Operation 201 'br' 'br_ln479' <Predicate = (or_ln514 & !select_ln518 & state_rob_entries_valid_load_4 & icmp_ln469_1 & tmp_8 & and_ln479_1) | (or_ln514 & !select_ln518 & state_rob_entries_valid_load_4 & icmp_ln469_1 & !state_execute_alu_results_memory_valid_1_load & !state_execute_alu_results_is_load_1_load & !state_execute_alu_results_is_store_1_load & and_ln479_1)> <Delay = 0.00>
ST_10 : Operation 202 [1/1] (0.00ns)   --->   "%state_execute_alu_results_result_1_load = load i64 %state_execute_alu_results_result_1" [/home/lab_726/boom/hls_boom/src/boom_core_merged.cpp:480]   --->   Operation 202 'load' 'state_execute_alu_results_result_1_load' <Predicate = (or_ln514 & !select_ln518 & state_rob_entries_valid_load_4 & icmp_ln469_1 & tmp_8 & and_ln479_1 & !icmp_ln479_3) | (or_ln514 & !select_ln518 & state_rob_entries_valid_load_4 & icmp_ln469_1 & !state_execute_alu_results_memory_valid_1_load & !state_execute_alu_results_is_load_1_load & !state_execute_alu_results_is_store_1_load & and_ln479_1 & !icmp_ln479_3)> <Delay = 0.00>
ST_10 : Operation 203 [1/1] (0.00ns)   --->   "%zext_ln480_1 = zext i8 %state_execute_alu_results_uop_rename_pdst_1_load" [/home/lab_726/boom/hls_boom/src/boom_core_merged.cpp:480]   --->   Operation 203 'zext' 'zext_ln480_1' <Predicate = (or_ln514 & !select_ln518 & state_rob_entries_valid_load_4 & icmp_ln469_1 & tmp_8 & and_ln479_1 & !icmp_ln479_3) | (or_ln514 & !select_ln518 & state_rob_entries_valid_load_4 & icmp_ln469_1 & !state_execute_alu_results_memory_valid_1_load & !state_execute_alu_results_is_load_1_load & !state_execute_alu_results_is_store_1_load & and_ln479_1 & !icmp_ln479_3)> <Delay = 0.00>
ST_10 : Operation 204 [1/1] (0.00ns)   --->   "%state_int_rf_addr_1 = getelementptr i64 %state_int_rf, i64 0, i64 %zext_ln480_1" [/home/lab_726/boom/hls_boom/src/boom_core_merged.cpp:480]   --->   Operation 204 'getelementptr' 'state_int_rf_addr_1' <Predicate = (or_ln514 & !select_ln518 & state_rob_entries_valid_load_4 & icmp_ln469_1 & tmp_8 & and_ln479_1 & !icmp_ln479_3) | (or_ln514 & !select_ln518 & state_rob_entries_valid_load_4 & icmp_ln469_1 & !state_execute_alu_results_memory_valid_1_load & !state_execute_alu_results_is_load_1_load & !state_execute_alu_results_is_store_1_load & and_ln479_1 & !icmp_ln479_3)> <Delay = 0.00>
ST_10 : Operation 205 [1/1] (1.23ns)   --->   "%store_ln480 = store i64 %state_execute_alu_results_result_1_load, i6 %state_int_rf_addr_1" [/home/lab_726/boom/hls_boom/src/boom_core_merged.cpp:480]   --->   Operation 205 'store' 'store_ln480' <Predicate = (or_ln514 & !select_ln518 & state_rob_entries_valid_load_4 & icmp_ln469_1 & tmp_8 & and_ln479_1 & !icmp_ln479_3) | (or_ln514 & !select_ln518 & state_rob_entries_valid_load_4 & icmp_ln469_1 & !state_execute_alu_results_memory_valid_1_load & !state_execute_alu_results_is_load_1_load & !state_execute_alu_results_is_store_1_load & and_ln479_1 & !icmp_ln479_3)> <Delay = 1.23> <CoreInst = "RAM">   --->   Core 83 'RAM' <Latency = 1> <II = 1> <Delay = 1.23> <Storage> <Opcode : 'load' 'store'> <Ports = 2> <Width = 64> <Depth = 52> <RAM>
ST_10 : Operation 206 [1/1] (0.00ns)   --->   "%state_rename_int_free_list_busy_table_addr_1 = getelementptr i1 %state_rename_int_free_list_busy_table, i64 0, i64 %zext_ln480_1" [/home/lab_726/boom/hls_boom/src/boom_core_merged.cpp:481]   --->   Operation 206 'getelementptr' 'state_rename_int_free_list_busy_table_addr_1' <Predicate = (or_ln514 & !select_ln518 & state_rob_entries_valid_load_4 & icmp_ln469_1 & tmp_8 & and_ln479_1 & !icmp_ln479_3) | (or_ln514 & !select_ln518 & state_rob_entries_valid_load_4 & icmp_ln469_1 & !state_execute_alu_results_memory_valid_1_load & !state_execute_alu_results_is_load_1_load & !state_execute_alu_results_is_store_1_load & and_ln479_1 & !icmp_ln479_3)> <Delay = 0.00>
ST_10 : Operation 207 [1/1] (0.67ns)   --->   "%store_ln481 = store i1 0, i6 %state_rename_int_free_list_busy_table_addr_1" [/home/lab_726/boom/hls_boom/src/boom_core_merged.cpp:481]   --->   Operation 207 'store' 'store_ln481' <Predicate = (or_ln514 & !select_ln518 & state_rob_entries_valid_load_4 & icmp_ln469_1 & tmp_8 & and_ln479_1 & !icmp_ln479_3) | (or_ln514 & !select_ln518 & state_rob_entries_valid_load_4 & icmp_ln469_1 & !state_execute_alu_results_memory_valid_1_load & !state_execute_alu_results_is_load_1_load & !state_execute_alu_results_is_store_1_load & and_ln479_1 & !icmp_ln479_3)> <Delay = 0.67> <CoreInst = "RAM">   --->   Core 83 'RAM' <Latency = 1> <II = 1> <Delay = 0.67> <Storage> <Opcode : 'load' 'store'> <Ports = 2> <Width = 1> <Depth = 52> <RAM>
ST_10 : Operation 208 [1/1] (0.00ns)   --->   "%br_ln482 = br void %._crit_edge35" [/home/lab_726/boom/hls_boom/src/boom_core_merged.cpp:482]   --->   Operation 208 'br' 'br_ln482' <Predicate = (or_ln514 & !select_ln518 & state_rob_entries_valid_load_4 & icmp_ln469_1 & tmp_8 & and_ln479_1 & !icmp_ln479_3) | (or_ln514 & !select_ln518 & state_rob_entries_valid_load_4 & icmp_ln469_1 & !state_execute_alu_results_memory_valid_1_load & !state_execute_alu_results_is_load_1_load & !state_execute_alu_results_is_store_1_load & and_ln479_1 & !icmp_ln479_3)> <Delay = 0.00>
ST_10 : Operation 209 [1/1] (0.00ns)   --->   "%store_ln483 = store i1 0, i1 %state_execute_alu_results_valid_1" [/home/lab_726/boom/hls_boom/src/boom_core_merged.cpp:483]   --->   Operation 209 'store' 'store_ln483' <Predicate = (or_ln514 & !select_ln518 & state_rob_entries_valid_load_4 & icmp_ln469_1 & tmp_8) | (or_ln514 & !select_ln518 & state_rob_entries_valid_load_4 & icmp_ln469_1 & !state_execute_alu_results_memory_valid_1_load & !state_execute_alu_results_is_load_1_load & !state_execute_alu_results_is_store_1_load)> <Delay = 0.00>
ST_10 : Operation 210 [1/1] (0.00ns)   --->   "%store_ln483 = store i8 0, i8 %state_execute_alu_results_uop_branch_br_mask_1" [/home/lab_726/boom/hls_boom/src/boom_core_merged.cpp:483]   --->   Operation 210 'store' 'store_ln483' <Predicate = (or_ln514 & !select_ln518 & state_rob_entries_valid_load_4 & icmp_ln469_1 & tmp_8) | (or_ln514 & !select_ln518 & state_rob_entries_valid_load_4 & icmp_ln469_1 & !state_execute_alu_results_memory_valid_1_load & !state_execute_alu_results_is_load_1_load & !state_execute_alu_results_is_store_1_load)> <Delay = 0.00>
ST_10 : Operation 211 [1/1] (0.00ns)   --->   "%store_ln483 = store i8 0, i8 %state_execute_alu_results_uop_branch_br_tag_1" [/home/lab_726/boom/hls_boom/src/boom_core_merged.cpp:483]   --->   Operation 211 'store' 'store_ln483' <Predicate = (or_ln514 & !select_ln518 & state_rob_entries_valid_load_4 & icmp_ln469_1 & tmp_8) | (or_ln514 & !select_ln518 & state_rob_entries_valid_load_4 & icmp_ln469_1 & !state_execute_alu_results_memory_valid_1_load & !state_execute_alu_results_is_load_1_load & !state_execute_alu_results_is_store_1_load)> <Delay = 0.00>
ST_10 : Operation 212 [1/1] (0.00ns)   --->   "%store_ln483 = store i1 0, i1 %state_execute_alu_results_uop_branch_is_br_1" [/home/lab_726/boom/hls_boom/src/boom_core_merged.cpp:483]   --->   Operation 212 'store' 'store_ln483' <Predicate = (or_ln514 & !select_ln518 & state_rob_entries_valid_load_4 & icmp_ln469_1 & tmp_8) | (or_ln514 & !select_ln518 & state_rob_entries_valid_load_4 & icmp_ln469_1 & !state_execute_alu_results_memory_valid_1_load & !state_execute_alu_results_is_load_1_load & !state_execute_alu_results_is_store_1_load)> <Delay = 0.00>
ST_10 : Operation 213 [1/1] (0.00ns)   --->   "%store_ln483 = store i1 0, i1 %state_execute_alu_results_uop_branch_is_jalr_1" [/home/lab_726/boom/hls_boom/src/boom_core_merged.cpp:483]   --->   Operation 213 'store' 'store_ln483' <Predicate = (or_ln514 & !select_ln518 & state_rob_entries_valid_load_4 & icmp_ln469_1 & tmp_8) | (or_ln514 & !select_ln518 & state_rob_entries_valid_load_4 & icmp_ln469_1 & !state_execute_alu_results_memory_valid_1_load & !state_execute_alu_results_is_load_1_load & !state_execute_alu_results_is_store_1_load)> <Delay = 0.00>
ST_10 : Operation 214 [1/1] (0.00ns)   --->   "%store_ln483 = store i1 0, i1 %state_execute_alu_results_uop_branch_is_jal_1" [/home/lab_726/boom/hls_boom/src/boom_core_merged.cpp:483]   --->   Operation 214 'store' 'store_ln483' <Predicate = (or_ln514 & !select_ln518 & state_rob_entries_valid_load_4 & icmp_ln469_1 & tmp_8) | (or_ln514 & !select_ln518 & state_rob_entries_valid_load_4 & icmp_ln469_1 & !state_execute_alu_results_memory_valid_1_load & !state_execute_alu_results_is_load_1_load & !state_execute_alu_results_is_store_1_load)> <Delay = 0.00>
ST_10 : Operation 215 [1/1] (0.00ns)   --->   "%store_ln483 = store i8 0, i8 %state_execute_alu_results_uop_queue_rob_idx_1" [/home/lab_726/boom/hls_boom/src/boom_core_merged.cpp:483]   --->   Operation 215 'store' 'store_ln483' <Predicate = (or_ln514 & !select_ln518 & state_rob_entries_valid_load_4 & icmp_ln469_1 & tmp_8) | (or_ln514 & !select_ln518 & state_rob_entries_valid_load_4 & icmp_ln469_1 & !state_execute_alu_results_memory_valid_1_load & !state_execute_alu_results_is_load_1_load & !state_execute_alu_results_is_store_1_load)> <Delay = 0.00>
ST_10 : Operation 216 [1/1] (0.00ns)   --->   "%store_ln483 = store i32 0, i32 %state_execute_alu_results_uop_queue_rob_allocation_id_1" [/home/lab_726/boom/hls_boom/src/boom_core_merged.cpp:483]   --->   Operation 216 'store' 'store_ln483' <Predicate = (or_ln514 & !select_ln518 & state_rob_entries_valid_load_4 & icmp_ln469_1 & tmp_8) | (or_ln514 & !select_ln518 & state_rob_entries_valid_load_4 & icmp_ln469_1 & !state_execute_alu_results_memory_valid_1_load & !state_execute_alu_results_is_load_1_load & !state_execute_alu_results_is_store_1_load)> <Delay = 0.00>
ST_10 : Operation 217 [1/1] (0.00ns)   --->   "%store_ln483 = store i8 0, i8 %state_execute_alu_results_uop_rename_pdst_1" [/home/lab_726/boom/hls_boom/src/boom_core_merged.cpp:483]   --->   Operation 217 'store' 'store_ln483' <Predicate = (or_ln514 & !select_ln518 & state_rob_entries_valid_load_4 & icmp_ln469_1 & tmp_8) | (or_ln514 & !select_ln518 & state_rob_entries_valid_load_4 & icmp_ln469_1 & !state_execute_alu_results_memory_valid_1_load & !state_execute_alu_results_is_load_1_load & !state_execute_alu_results_is_store_1_load)> <Delay = 0.00>
ST_10 : Operation 218 [1/1] (0.00ns)   --->   "%store_ln483 = store i8 0, i8 %state_execute_alu_results_uop_rename_dst_rtype_1" [/home/lab_726/boom/hls_boom/src/boom_core_merged.cpp:483]   --->   Operation 218 'store' 'store_ln483' <Predicate = (or_ln514 & !select_ln518 & state_rob_entries_valid_load_4 & icmp_ln469_1 & tmp_8) | (or_ln514 & !select_ln518 & state_rob_entries_valid_load_4 & icmp_ln469_1 & !state_execute_alu_results_memory_valid_1_load & !state_execute_alu_results_is_load_1_load & !state_execute_alu_results_is_store_1_load)> <Delay = 0.00>
ST_10 : Operation 219 [1/1] (0.00ns)   --->   "%store_ln483 = store i64 0, i64 %state_execute_alu_results_result_1" [/home/lab_726/boom/hls_boom/src/boom_core_merged.cpp:483]   --->   Operation 219 'store' 'store_ln483' <Predicate = (or_ln514 & !select_ln518 & state_rob_entries_valid_load_4 & icmp_ln469_1 & tmp_8) | (or_ln514 & !select_ln518 & state_rob_entries_valid_load_4 & icmp_ln469_1 & !state_execute_alu_results_memory_valid_1_load & !state_execute_alu_results_is_load_1_load & !state_execute_alu_results_is_store_1_load)> <Delay = 0.00>
ST_10 : Operation 220 [1/1] (0.00ns)   --->   "%store_ln483 = store i1 0, i1 %state_execute_alu_results_mispredict_1" [/home/lab_726/boom/hls_boom/src/boom_core_merged.cpp:483]   --->   Operation 220 'store' 'store_ln483' <Predicate = (or_ln514 & !select_ln518 & state_rob_entries_valid_load_4 & icmp_ln469_1 & tmp_8) | (or_ln514 & !select_ln518 & state_rob_entries_valid_load_4 & icmp_ln469_1 & !state_execute_alu_results_memory_valid_1_load & !state_execute_alu_results_is_load_1_load & !state_execute_alu_results_is_store_1_load)> <Delay = 0.00>
ST_10 : Operation 221 [1/1] (0.00ns)   --->   "%store_ln483 = store i64 0, i64 %state_execute_alu_results_redirect_pc_1" [/home/lab_726/boom/hls_boom/src/boom_core_merged.cpp:483]   --->   Operation 221 'store' 'store_ln483' <Predicate = (or_ln514 & !select_ln518 & state_rob_entries_valid_load_4 & icmp_ln469_1 & tmp_8) | (or_ln514 & !select_ln518 & state_rob_entries_valid_load_4 & icmp_ln469_1 & !state_execute_alu_results_memory_valid_1_load & !state_execute_alu_results_is_load_1_load & !state_execute_alu_results_is_store_1_load)> <Delay = 0.00>
ST_10 : Operation 222 [1/1] (0.00ns)   --->   "%store_ln483 = store i1 0, i1 %state_execute_alu_results_memory_valid_1" [/home/lab_726/boom/hls_boom/src/boom_core_merged.cpp:483]   --->   Operation 222 'store' 'store_ln483' <Predicate = (or_ln514 & !select_ln518 & state_rob_entries_valid_load_4 & icmp_ln469_1 & tmp_8) | (or_ln514 & !select_ln518 & state_rob_entries_valid_load_4 & icmp_ln469_1 & !state_execute_alu_results_memory_valid_1_load & !state_execute_alu_results_is_load_1_load & !state_execute_alu_results_is_store_1_load)> <Delay = 0.00>
ST_10 : Operation 223 [1/1] (0.00ns)   --->   "%store_ln483 = store i1 0, i1 %state_execute_alu_results_is_load_1" [/home/lab_726/boom/hls_boom/src/boom_core_merged.cpp:483]   --->   Operation 223 'store' 'store_ln483' <Predicate = (or_ln514 & !select_ln518 & state_rob_entries_valid_load_4 & icmp_ln469_1 & tmp_8) | (or_ln514 & !select_ln518 & state_rob_entries_valid_load_4 & icmp_ln469_1 & !state_execute_alu_results_memory_valid_1_load & !state_execute_alu_results_is_load_1_load & !state_execute_alu_results_is_store_1_load)> <Delay = 0.00>
ST_10 : Operation 224 [1/1] (0.00ns)   --->   "%store_ln483 = store i1 0, i1 %state_execute_alu_results_is_store_1" [/home/lab_726/boom/hls_boom/src/boom_core_merged.cpp:483]   --->   Operation 224 'store' 'store_ln483' <Predicate = (or_ln514 & !select_ln518 & state_rob_entries_valid_load_4 & icmp_ln469_1 & tmp_8) | (or_ln514 & !select_ln518 & state_rob_entries_valid_load_4 & icmp_ln469_1 & !state_execute_alu_results_memory_valid_1_load & !state_execute_alu_results_is_load_1_load & !state_execute_alu_results_is_store_1_load)> <Delay = 0.00>
ST_10 : Operation 225 [1/1] (0.00ns)   --->   "%store_ln483 = store i1 0, i1 %state_execute_alu_results_signed_load_1" [/home/lab_726/boom/hls_boom/src/boom_core_merged.cpp:483]   --->   Operation 225 'store' 'store_ln483' <Predicate = (or_ln514 & !select_ln518 & state_rob_entries_valid_load_4 & icmp_ln469_1 & tmp_8) | (or_ln514 & !select_ln518 & state_rob_entries_valid_load_4 & icmp_ln469_1 & !state_execute_alu_results_memory_valid_1_load & !state_execute_alu_results_is_load_1_load & !state_execute_alu_results_is_store_1_load)> <Delay = 0.00>
ST_10 : Operation 226 [1/1] (0.00ns)   --->   "%store_ln483 = store i64 0, i64 %state_execute_alu_results_memory_address_1" [/home/lab_726/boom/hls_boom/src/boom_core_merged.cpp:483]   --->   Operation 226 'store' 'store_ln483' <Predicate = (or_ln514 & !select_ln518 & state_rob_entries_valid_load_4 & icmp_ln469_1 & tmp_8) | (or_ln514 & !select_ln518 & state_rob_entries_valid_load_4 & icmp_ln469_1 & !state_execute_alu_results_memory_valid_1_load & !state_execute_alu_results_is_load_1_load & !state_execute_alu_results_is_store_1_load)> <Delay = 0.00>
ST_10 : Operation 227 [1/1] (0.00ns)   --->   "%store_ln483 = store i64 0, i64 %state_execute_alu_results_store_data_1" [/home/lab_726/boom/hls_boom/src/boom_core_merged.cpp:483]   --->   Operation 227 'store' 'store_ln483' <Predicate = (or_ln514 & !select_ln518 & state_rob_entries_valid_load_4 & icmp_ln469_1 & tmp_8) | (or_ln514 & !select_ln518 & state_rob_entries_valid_load_4 & icmp_ln469_1 & !state_execute_alu_results_memory_valid_1_load & !state_execute_alu_results_is_load_1_load & !state_execute_alu_results_is_store_1_load)> <Delay = 0.00>
ST_10 : Operation 228 [1/1] (0.00ns)   --->   "%store_ln483 = store i5 0, i5 %state_execute_alu_results_memory_mask_1" [/home/lab_726/boom/hls_boom/src/boom_core_merged.cpp:483]   --->   Operation 228 'store' 'store_ln483' <Predicate = (or_ln514 & !select_ln518 & state_rob_entries_valid_load_4 & icmp_ln469_1 & tmp_8) | (or_ln514 & !select_ln518 & state_rob_entries_valid_load_4 & icmp_ln469_1 & !state_execute_alu_results_memory_valid_1_load & !state_execute_alu_results_is_load_1_load & !state_execute_alu_results_is_store_1_load)> <Delay = 0.00>
ST_10 : Operation 229 [1/1] (0.00ns)   --->   "%store_ln483 = store i8 0, i8 %state_execute_alu_results_memory_size_1" [/home/lab_726/boom/hls_boom/src/boom_core_merged.cpp:483]   --->   Operation 229 'store' 'store_ln483' <Predicate = (or_ln514 & !select_ln518 & state_rob_entries_valid_load_4 & icmp_ln469_1 & tmp_8) | (or_ln514 & !select_ln518 & state_rob_entries_valid_load_4 & icmp_ln469_1 & !state_execute_alu_results_memory_valid_1_load & !state_execute_alu_results_is_load_1_load & !state_execute_alu_results_is_store_1_load)> <Delay = 0.00>
ST_10 : Operation 230 [1/1] (0.00ns)   --->   "%br_ln484 = br void %_ZN4boomL17complete_selectedER13BoomCoreStateRN12ExecuteState9AluResultE.exit77" [/home/lab_726/boom/hls_boom/src/boom_core_merged.cpp:484]   --->   Operation 230 'br' 'br_ln484' <Predicate = (or_ln514 & !select_ln518 & state_rob_entries_valid_load_4 & icmp_ln469_1 & tmp_8) | (or_ln514 & !select_ln518 & state_rob_entries_valid_load_4 & icmp_ln469_1 & !state_execute_alu_results_memory_valid_1_load & !state_execute_alu_results_is_load_1_load & !state_execute_alu_results_is_store_1_load)> <Delay = 0.00>
ST_10 : Operation 231 [1/1] (0.00ns)   --->   "%br_ln0 = br void %._crit_edge6"   --->   Operation 231 'br' 'br_ln0' <Predicate = (or_ln514 & !select_ln518)> <Delay = 0.00>
ST_10 : Operation 232 [1/1] (0.00ns)   --->   "%state_rob_entries_busy_addr = getelementptr i1 %state_rob_entries_busy, i64 0, i64 %zext_ln468" [/home/lab_726/boom/hls_boom/src/boom_core_merged.cpp:477]   --->   Operation 232 'getelementptr' 'state_rob_entries_busy_addr' <Predicate = (or_ln514 & select_ln518 & state_rob_entries_valid_load_3 & icmp_ln469 & tmp & !state_execute_alu_results_is_load_0_load_1) | (or_ln514 & select_ln518 & state_rob_entries_valid_load_3 & icmp_ln469 & !state_execute_alu_results_memory_valid_0_load & !state_execute_alu_results_is_load_0_load & !state_execute_alu_results_is_store_0_load)> <Delay = 0.00>
ST_10 : Operation 233 [1/1] (0.67ns)   --->   "%store_ln477 = store i1 0, i5 %state_rob_entries_busy_addr" [/home/lab_726/boom/hls_boom/src/boom_core_merged.cpp:477]   --->   Operation 233 'store' 'store_ln477' <Predicate = (or_ln514 & select_ln518 & state_rob_entries_valid_load_3 & icmp_ln469 & tmp & !state_execute_alu_results_is_load_0_load_1) | (or_ln514 & select_ln518 & state_rob_entries_valid_load_3 & icmp_ln469 & !state_execute_alu_results_memory_valid_0_load & !state_execute_alu_results_is_load_0_load & !state_execute_alu_results_is_store_0_load)> <Delay = 0.67> <CoreInst = "RAM">   --->   Core 83 'RAM' <Latency = 1> <II = 1> <Delay = 0.67> <Storage> <Opcode : 'load' 'store'> <Ports = 2> <Width = 1> <Depth = 32> <RAM>
ST_10 : Operation 234 [1/1] (0.42ns)   --->   "%br_ln477 = br void %._crit_edge19" [/home/lab_726/boom/hls_boom/src/boom_core_merged.cpp:477]   --->   Operation 234 'br' 'br_ln477' <Predicate = (or_ln514 & select_ln518 & state_rob_entries_valid_load_3 & icmp_ln469 & tmp & !state_execute_alu_results_is_load_0_load_1) | (or_ln514 & select_ln518 & state_rob_entries_valid_load_3 & icmp_ln469 & !state_execute_alu_results_memory_valid_0_load & !state_execute_alu_results_is_load_0_load & !state_execute_alu_results_is_store_0_load)> <Delay = 0.42>
ST_10 : Operation 235 [1/1] (0.00ns) (grouped into LUT with out node and_ln479)   --->   "%phi_ln479 = phi i1 1, void %.thread, i1 0, void" [/home/lab_726/boom/hls_boom/src/boom_core_merged.cpp:479]   --->   Operation 235 'phi' 'phi_ln479' <Predicate = (or_ln514 & select_ln518 & state_rob_entries_valid_load_3 & icmp_ln469 & tmp) | (or_ln514 & select_ln518 & state_rob_entries_valid_load_3 & icmp_ln469 & !state_execute_alu_results_memory_valid_0_load & !state_execute_alu_results_is_load_0_load & !state_execute_alu_results_is_store_0_load)> <Delay = 0.00>
ST_10 : Operation 236 [1/1] (0.00ns)   --->   "%state_execute_alu_results_uop_rename_dst_rtype_0_load = load i8 %state_execute_alu_results_uop_rename_dst_rtype_0" [/home/lab_726/boom/hls_boom/src/boom_core_merged.cpp:479]   --->   Operation 236 'load' 'state_execute_alu_results_uop_rename_dst_rtype_0_load' <Predicate = (or_ln514 & select_ln518 & state_rob_entries_valid_load_3 & icmp_ln469 & tmp) | (or_ln514 & select_ln518 & state_rob_entries_valid_load_3 & icmp_ln469 & !state_execute_alu_results_memory_valid_0_load & !state_execute_alu_results_is_load_0_load & !state_execute_alu_results_is_store_0_load)> <Delay = 0.00>
ST_10 : Operation 237 [1/1] (0.84ns)   --->   "%icmp_ln479 = icmp_eq  i8 %state_execute_alu_results_uop_rename_dst_rtype_0_load, i8 0" [/home/lab_726/boom/hls_boom/src/boom_core_merged.cpp:479]   --->   Operation 237 'icmp' 'icmp_ln479' <Predicate = (or_ln514 & select_ln518 & state_rob_entries_valid_load_3 & icmp_ln469 & tmp) | (or_ln514 & select_ln518 & state_rob_entries_valid_load_3 & icmp_ln469 & !state_execute_alu_results_memory_valid_0_load & !state_execute_alu_results_is_load_0_load & !state_execute_alu_results_is_store_0_load)> <Delay = 0.84> <CoreInst = "Cmp">   --->   Core 9 'Cmp' <Latency = 0> <II = 1> <Delay = 0.84> <FuncUnit> <Opcode : 'icmp'> <InPorts = 2> <OutPorts = 1>
ST_10 : Operation 238 [1/1] (0.28ns) (out node of the LUT)   --->   "%and_ln479 = and i1 %phi_ln479, i1 %icmp_ln479" [/home/lab_726/boom/hls_boom/src/boom_core_merged.cpp:479]   --->   Operation 238 'and' 'and_ln479' <Predicate = (or_ln514 & select_ln518 & state_rob_entries_valid_load_3 & icmp_ln469 & tmp) | (or_ln514 & select_ln518 & state_rob_entries_valid_load_3 & icmp_ln469 & !state_execute_alu_results_memory_valid_0_load & !state_execute_alu_results_is_load_0_load & !state_execute_alu_results_is_store_0_load)> <Delay = 0.28> <CoreInst = "LogicGate">   --->   Core 74 'LogicGate' <Latency = 0> <II = 1> <Delay = 0.28> <FuncUnit> <Opcode : 'and' 'or' 'xor'> <InPorts = 2> <OutPorts = 1>
ST_10 : Operation 239 [1/1] (0.00ns)   --->   "%br_ln479 = br i1 %and_ln479, void %._crit_edge20, void" [/home/lab_726/boom/hls_boom/src/boom_core_merged.cpp:479]   --->   Operation 239 'br' 'br_ln479' <Predicate = (or_ln514 & select_ln518 & state_rob_entries_valid_load_3 & icmp_ln469 & tmp) | (or_ln514 & select_ln518 & state_rob_entries_valid_load_3 & icmp_ln469 & !state_execute_alu_results_memory_valid_0_load & !state_execute_alu_results_is_load_0_load & !state_execute_alu_results_is_store_0_load)> <Delay = 0.00>
ST_10 : Operation 240 [1/1] (0.00ns)   --->   "%state_execute_alu_results_uop_rename_pdst_0_load = load i8 %state_execute_alu_results_uop_rename_pdst_0" [/home/lab_726/boom/hls_boom/src/boom_core_merged.cpp:479]   --->   Operation 240 'load' 'state_execute_alu_results_uop_rename_pdst_0_load' <Predicate = (or_ln514 & select_ln518 & state_rob_entries_valid_load_3 & icmp_ln469 & tmp & and_ln479) | (or_ln514 & select_ln518 & state_rob_entries_valid_load_3 & icmp_ln469 & !state_execute_alu_results_memory_valid_0_load & !state_execute_alu_results_is_load_0_load & !state_execute_alu_results_is_store_0_load & and_ln479)> <Delay = 0.00>
ST_10 : Operation 241 [1/1] (0.84ns)   --->   "%icmp_ln479_2 = icmp_eq  i8 %state_execute_alu_results_uop_rename_pdst_0_load, i8 0" [/home/lab_726/boom/hls_boom/src/boom_core_merged.cpp:479]   --->   Operation 241 'icmp' 'icmp_ln479_2' <Predicate = (or_ln514 & select_ln518 & state_rob_entries_valid_load_3 & icmp_ln469 & tmp & and_ln479) | (or_ln514 & select_ln518 & state_rob_entries_valid_load_3 & icmp_ln469 & !state_execute_alu_results_memory_valid_0_load & !state_execute_alu_results_is_load_0_load & !state_execute_alu_results_is_store_0_load & and_ln479)> <Delay = 0.84> <CoreInst = "Cmp">   --->   Core 9 'Cmp' <Latency = 0> <II = 1> <Delay = 0.84> <FuncUnit> <Opcode : 'icmp'> <InPorts = 2> <OutPorts = 1>
ST_10 : Operation 242 [1/1] (0.00ns)   --->   "%br_ln479 = br i1 %icmp_ln479_2, void, void %._crit_edge20" [/home/lab_726/boom/hls_boom/src/boom_core_merged.cpp:479]   --->   Operation 242 'br' 'br_ln479' <Predicate = (or_ln514 & select_ln518 & state_rob_entries_valid_load_3 & icmp_ln469 & tmp & and_ln479) | (or_ln514 & select_ln518 & state_rob_entries_valid_load_3 & icmp_ln469 & !state_execute_alu_results_memory_valid_0_load & !state_execute_alu_results_is_load_0_load & !state_execute_alu_results_is_store_0_load & and_ln479)> <Delay = 0.00>
ST_10 : Operation 243 [1/1] (0.00ns)   --->   "%state_execute_alu_results_result_0_load = load i64 %state_execute_alu_results_result_0" [/home/lab_726/boom/hls_boom/src/boom_core_merged.cpp:480]   --->   Operation 243 'load' 'state_execute_alu_results_result_0_load' <Predicate = (or_ln514 & select_ln518 & state_rob_entries_valid_load_3 & icmp_ln469 & tmp & and_ln479 & !icmp_ln479_2) | (or_ln514 & select_ln518 & state_rob_entries_valid_load_3 & icmp_ln469 & !state_execute_alu_results_memory_valid_0_load & !state_execute_alu_results_is_load_0_load & !state_execute_alu_results_is_store_0_load & and_ln479 & !icmp_ln479_2)> <Delay = 0.00>
ST_10 : Operation 244 [1/1] (0.00ns)   --->   "%zext_ln480 = zext i8 %state_execute_alu_results_uop_rename_pdst_0_load" [/home/lab_726/boom/hls_boom/src/boom_core_merged.cpp:480]   --->   Operation 244 'zext' 'zext_ln480' <Predicate = (or_ln514 & select_ln518 & state_rob_entries_valid_load_3 & icmp_ln469 & tmp & and_ln479 & !icmp_ln479_2) | (or_ln514 & select_ln518 & state_rob_entries_valid_load_3 & icmp_ln469 & !state_execute_alu_results_memory_valid_0_load & !state_execute_alu_results_is_load_0_load & !state_execute_alu_results_is_store_0_load & and_ln479 & !icmp_ln479_2)> <Delay = 0.00>
ST_10 : Operation 245 [1/1] (0.00ns)   --->   "%state_int_rf_addr = getelementptr i64 %state_int_rf, i64 0, i64 %zext_ln480" [/home/lab_726/boom/hls_boom/src/boom_core_merged.cpp:480]   --->   Operation 245 'getelementptr' 'state_int_rf_addr' <Predicate = (or_ln514 & select_ln518 & state_rob_entries_valid_load_3 & icmp_ln469 & tmp & and_ln479 & !icmp_ln479_2) | (or_ln514 & select_ln518 & state_rob_entries_valid_load_3 & icmp_ln469 & !state_execute_alu_results_memory_valid_0_load & !state_execute_alu_results_is_load_0_load & !state_execute_alu_results_is_store_0_load & and_ln479 & !icmp_ln479_2)> <Delay = 0.00>
ST_10 : Operation 246 [1/1] (1.23ns)   --->   "%store_ln480 = store i64 %state_execute_alu_results_result_0_load, i6 %state_int_rf_addr" [/home/lab_726/boom/hls_boom/src/boom_core_merged.cpp:480]   --->   Operation 246 'store' 'store_ln480' <Predicate = (or_ln514 & select_ln518 & state_rob_entries_valid_load_3 & icmp_ln469 & tmp & and_ln479 & !icmp_ln479_2) | (or_ln514 & select_ln518 & state_rob_entries_valid_load_3 & icmp_ln469 & !state_execute_alu_results_memory_valid_0_load & !state_execute_alu_results_is_load_0_load & !state_execute_alu_results_is_store_0_load & and_ln479 & !icmp_ln479_2)> <Delay = 1.23> <CoreInst = "RAM">   --->   Core 83 'RAM' <Latency = 1> <II = 1> <Delay = 1.23> <Storage> <Opcode : 'load' 'store'> <Ports = 2> <Width = 64> <Depth = 52> <RAM>
ST_10 : Operation 247 [1/1] (0.00ns)   --->   "%state_rename_int_free_list_busy_table_addr = getelementptr i1 %state_rename_int_free_list_busy_table, i64 0, i64 %zext_ln480" [/home/lab_726/boom/hls_boom/src/boom_core_merged.cpp:481]   --->   Operation 247 'getelementptr' 'state_rename_int_free_list_busy_table_addr' <Predicate = (or_ln514 & select_ln518 & state_rob_entries_valid_load_3 & icmp_ln469 & tmp & and_ln479 & !icmp_ln479_2) | (or_ln514 & select_ln518 & state_rob_entries_valid_load_3 & icmp_ln469 & !state_execute_alu_results_memory_valid_0_load & !state_execute_alu_results_is_load_0_load & !state_execute_alu_results_is_store_0_load & and_ln479 & !icmp_ln479_2)> <Delay = 0.00>
ST_10 : Operation 248 [1/1] (0.67ns)   --->   "%store_ln481 = store i1 0, i6 %state_rename_int_free_list_busy_table_addr" [/home/lab_726/boom/hls_boom/src/boom_core_merged.cpp:481]   --->   Operation 248 'store' 'store_ln481' <Predicate = (or_ln514 & select_ln518 & state_rob_entries_valid_load_3 & icmp_ln469 & tmp & and_ln479 & !icmp_ln479_2) | (or_ln514 & select_ln518 & state_rob_entries_valid_load_3 & icmp_ln469 & !state_execute_alu_results_memory_valid_0_load & !state_execute_alu_results_is_load_0_load & !state_execute_alu_results_is_store_0_load & and_ln479 & !icmp_ln479_2)> <Delay = 0.67> <CoreInst = "RAM">   --->   Core 83 'RAM' <Latency = 1> <II = 1> <Delay = 0.67> <Storage> <Opcode : 'load' 'store'> <Ports = 2> <Width = 1> <Depth = 52> <RAM>
ST_10 : Operation 249 [1/1] (0.00ns)   --->   "%br_ln482 = br void %._crit_edge20" [/home/lab_726/boom/hls_boom/src/boom_core_merged.cpp:482]   --->   Operation 249 'br' 'br_ln482' <Predicate = (or_ln514 & select_ln518 & state_rob_entries_valid_load_3 & icmp_ln469 & tmp & and_ln479 & !icmp_ln479_2) | (or_ln514 & select_ln518 & state_rob_entries_valid_load_3 & icmp_ln469 & !state_execute_alu_results_memory_valid_0_load & !state_execute_alu_results_is_load_0_load & !state_execute_alu_results_is_store_0_load & and_ln479 & !icmp_ln479_2)> <Delay = 0.00>
ST_10 : Operation 250 [1/1] (0.00ns)   --->   "%store_ln483 = store i1 0, i1 %state_execute_alu_results_valid_0" [/home/lab_726/boom/hls_boom/src/boom_core_merged.cpp:483]   --->   Operation 250 'store' 'store_ln483' <Predicate = (or_ln514 & select_ln518 & state_rob_entries_valid_load_3 & icmp_ln469 & tmp) | (or_ln514 & select_ln518 & state_rob_entries_valid_load_3 & icmp_ln469 & !state_execute_alu_results_memory_valid_0_load & !state_execute_alu_results_is_load_0_load & !state_execute_alu_results_is_store_0_load)> <Delay = 0.00>
ST_10 : Operation 251 [1/1] (0.00ns)   --->   "%store_ln483 = store i8 0, i8 %state_execute_alu_results_uop_branch_br_mask_0" [/home/lab_726/boom/hls_boom/src/boom_core_merged.cpp:483]   --->   Operation 251 'store' 'store_ln483' <Predicate = (or_ln514 & select_ln518 & state_rob_entries_valid_load_3 & icmp_ln469 & tmp) | (or_ln514 & select_ln518 & state_rob_entries_valid_load_3 & icmp_ln469 & !state_execute_alu_results_memory_valid_0_load & !state_execute_alu_results_is_load_0_load & !state_execute_alu_results_is_store_0_load)> <Delay = 0.00>
ST_10 : Operation 252 [1/1] (0.00ns)   --->   "%store_ln483 = store i8 0, i8 %state_execute_alu_results_uop_branch_br_tag_0" [/home/lab_726/boom/hls_boom/src/boom_core_merged.cpp:483]   --->   Operation 252 'store' 'store_ln483' <Predicate = (or_ln514 & select_ln518 & state_rob_entries_valid_load_3 & icmp_ln469 & tmp) | (or_ln514 & select_ln518 & state_rob_entries_valid_load_3 & icmp_ln469 & !state_execute_alu_results_memory_valid_0_load & !state_execute_alu_results_is_load_0_load & !state_execute_alu_results_is_store_0_load)> <Delay = 0.00>
ST_10 : Operation 253 [1/1] (0.00ns)   --->   "%store_ln483 = store i1 0, i1 %state_execute_alu_results_uop_branch_is_br_0" [/home/lab_726/boom/hls_boom/src/boom_core_merged.cpp:483]   --->   Operation 253 'store' 'store_ln483' <Predicate = (or_ln514 & select_ln518 & state_rob_entries_valid_load_3 & icmp_ln469 & tmp) | (or_ln514 & select_ln518 & state_rob_entries_valid_load_3 & icmp_ln469 & !state_execute_alu_results_memory_valid_0_load & !state_execute_alu_results_is_load_0_load & !state_execute_alu_results_is_store_0_load)> <Delay = 0.00>
ST_10 : Operation 254 [1/1] (0.00ns)   --->   "%store_ln483 = store i1 0, i1 %state_execute_alu_results_uop_branch_is_jalr_0" [/home/lab_726/boom/hls_boom/src/boom_core_merged.cpp:483]   --->   Operation 254 'store' 'store_ln483' <Predicate = (or_ln514 & select_ln518 & state_rob_entries_valid_load_3 & icmp_ln469 & tmp) | (or_ln514 & select_ln518 & state_rob_entries_valid_load_3 & icmp_ln469 & !state_execute_alu_results_memory_valid_0_load & !state_execute_alu_results_is_load_0_load & !state_execute_alu_results_is_store_0_load)> <Delay = 0.00>
ST_10 : Operation 255 [1/1] (0.00ns)   --->   "%store_ln483 = store i1 0, i1 %state_execute_alu_results_uop_branch_is_jal_0" [/home/lab_726/boom/hls_boom/src/boom_core_merged.cpp:483]   --->   Operation 255 'store' 'store_ln483' <Predicate = (or_ln514 & select_ln518 & state_rob_entries_valid_load_3 & icmp_ln469 & tmp) | (or_ln514 & select_ln518 & state_rob_entries_valid_load_3 & icmp_ln469 & !state_execute_alu_results_memory_valid_0_load & !state_execute_alu_results_is_load_0_load & !state_execute_alu_results_is_store_0_load)> <Delay = 0.00>
ST_10 : Operation 256 [1/1] (0.00ns)   --->   "%store_ln483 = store i8 0, i8 %state_execute_alu_results_uop_queue_rob_idx_0" [/home/lab_726/boom/hls_boom/src/boom_core_merged.cpp:483]   --->   Operation 256 'store' 'store_ln483' <Predicate = (or_ln514 & select_ln518 & state_rob_entries_valid_load_3 & icmp_ln469 & tmp) | (or_ln514 & select_ln518 & state_rob_entries_valid_load_3 & icmp_ln469 & !state_execute_alu_results_memory_valid_0_load & !state_execute_alu_results_is_load_0_load & !state_execute_alu_results_is_store_0_load)> <Delay = 0.00>
ST_10 : Operation 257 [1/1] (0.00ns)   --->   "%store_ln483 = store i32 0, i32 %state_execute_alu_results_uop_queue_rob_allocation_id_0" [/home/lab_726/boom/hls_boom/src/boom_core_merged.cpp:483]   --->   Operation 257 'store' 'store_ln483' <Predicate = (or_ln514 & select_ln518 & state_rob_entries_valid_load_3 & icmp_ln469 & tmp) | (or_ln514 & select_ln518 & state_rob_entries_valid_load_3 & icmp_ln469 & !state_execute_alu_results_memory_valid_0_load & !state_execute_alu_results_is_load_0_load & !state_execute_alu_results_is_store_0_load)> <Delay = 0.00>
ST_10 : Operation 258 [1/1] (0.00ns)   --->   "%store_ln483 = store i8 0, i8 %state_execute_alu_results_uop_rename_pdst_0" [/home/lab_726/boom/hls_boom/src/boom_core_merged.cpp:483]   --->   Operation 258 'store' 'store_ln483' <Predicate = (or_ln514 & select_ln518 & state_rob_entries_valid_load_3 & icmp_ln469 & tmp) | (or_ln514 & select_ln518 & state_rob_entries_valid_load_3 & icmp_ln469 & !state_execute_alu_results_memory_valid_0_load & !state_execute_alu_results_is_load_0_load & !state_execute_alu_results_is_store_0_load)> <Delay = 0.00>
ST_10 : Operation 259 [1/1] (0.00ns)   --->   "%store_ln483 = store i8 0, i8 %state_execute_alu_results_uop_rename_dst_rtype_0" [/home/lab_726/boom/hls_boom/src/boom_core_merged.cpp:483]   --->   Operation 259 'store' 'store_ln483' <Predicate = (or_ln514 & select_ln518 & state_rob_entries_valid_load_3 & icmp_ln469 & tmp) | (or_ln514 & select_ln518 & state_rob_entries_valid_load_3 & icmp_ln469 & !state_execute_alu_results_memory_valid_0_load & !state_execute_alu_results_is_load_0_load & !state_execute_alu_results_is_store_0_load)> <Delay = 0.00>
ST_10 : Operation 260 [1/1] (0.00ns)   --->   "%store_ln483 = store i64 0, i64 %state_execute_alu_results_result_0" [/home/lab_726/boom/hls_boom/src/boom_core_merged.cpp:483]   --->   Operation 260 'store' 'store_ln483' <Predicate = (or_ln514 & select_ln518 & state_rob_entries_valid_load_3 & icmp_ln469 & tmp) | (or_ln514 & select_ln518 & state_rob_entries_valid_load_3 & icmp_ln469 & !state_execute_alu_results_memory_valid_0_load & !state_execute_alu_results_is_load_0_load & !state_execute_alu_results_is_store_0_load)> <Delay = 0.00>
ST_10 : Operation 261 [1/1] (0.00ns)   --->   "%store_ln483 = store i1 0, i1 %state_execute_alu_results_mispredict_0" [/home/lab_726/boom/hls_boom/src/boom_core_merged.cpp:483]   --->   Operation 261 'store' 'store_ln483' <Predicate = (or_ln514 & select_ln518 & state_rob_entries_valid_load_3 & icmp_ln469 & tmp) | (or_ln514 & select_ln518 & state_rob_entries_valid_load_3 & icmp_ln469 & !state_execute_alu_results_memory_valid_0_load & !state_execute_alu_results_is_load_0_load & !state_execute_alu_results_is_store_0_load)> <Delay = 0.00>
ST_10 : Operation 262 [1/1] (0.00ns)   --->   "%store_ln483 = store i64 0, i64 %state_execute_alu_results_redirect_pc_0" [/home/lab_726/boom/hls_boom/src/boom_core_merged.cpp:483]   --->   Operation 262 'store' 'store_ln483' <Predicate = (or_ln514 & select_ln518 & state_rob_entries_valid_load_3 & icmp_ln469 & tmp) | (or_ln514 & select_ln518 & state_rob_entries_valid_load_3 & icmp_ln469 & !state_execute_alu_results_memory_valid_0_load & !state_execute_alu_results_is_load_0_load & !state_execute_alu_results_is_store_0_load)> <Delay = 0.00>
ST_10 : Operation 263 [1/1] (0.00ns)   --->   "%store_ln483 = store i1 0, i1 %state_execute_alu_results_memory_valid_0" [/home/lab_726/boom/hls_boom/src/boom_core_merged.cpp:483]   --->   Operation 263 'store' 'store_ln483' <Predicate = (or_ln514 & select_ln518 & state_rob_entries_valid_load_3 & icmp_ln469 & tmp) | (or_ln514 & select_ln518 & state_rob_entries_valid_load_3 & icmp_ln469 & !state_execute_alu_results_memory_valid_0_load & !state_execute_alu_results_is_load_0_load & !state_execute_alu_results_is_store_0_load)> <Delay = 0.00>
ST_10 : Operation 264 [1/1] (0.00ns)   --->   "%store_ln483 = store i1 0, i1 %state_execute_alu_results_is_load_0" [/home/lab_726/boom/hls_boom/src/boom_core_merged.cpp:483]   --->   Operation 264 'store' 'store_ln483' <Predicate = (or_ln514 & select_ln518 & state_rob_entries_valid_load_3 & icmp_ln469 & tmp) | (or_ln514 & select_ln518 & state_rob_entries_valid_load_3 & icmp_ln469 & !state_execute_alu_results_memory_valid_0_load & !state_execute_alu_results_is_load_0_load & !state_execute_alu_results_is_store_0_load)> <Delay = 0.00>
ST_10 : Operation 265 [1/1] (0.00ns)   --->   "%store_ln483 = store i1 0, i1 %state_execute_alu_results_is_store_0" [/home/lab_726/boom/hls_boom/src/boom_core_merged.cpp:483]   --->   Operation 265 'store' 'store_ln483' <Predicate = (or_ln514 & select_ln518 & state_rob_entries_valid_load_3 & icmp_ln469 & tmp) | (or_ln514 & select_ln518 & state_rob_entries_valid_load_3 & icmp_ln469 & !state_execute_alu_results_memory_valid_0_load & !state_execute_alu_results_is_load_0_load & !state_execute_alu_results_is_store_0_load)> <Delay = 0.00>
ST_10 : Operation 266 [1/1] (0.00ns)   --->   "%store_ln483 = store i1 0, i1 %state_execute_alu_results_signed_load_0" [/home/lab_726/boom/hls_boom/src/boom_core_merged.cpp:483]   --->   Operation 266 'store' 'store_ln483' <Predicate = (or_ln514 & select_ln518 & state_rob_entries_valid_load_3 & icmp_ln469 & tmp) | (or_ln514 & select_ln518 & state_rob_entries_valid_load_3 & icmp_ln469 & !state_execute_alu_results_memory_valid_0_load & !state_execute_alu_results_is_load_0_load & !state_execute_alu_results_is_store_0_load)> <Delay = 0.00>
ST_10 : Operation 267 [1/1] (0.00ns)   --->   "%store_ln483 = store i64 0, i64 %state_execute_alu_results_memory_address_0" [/home/lab_726/boom/hls_boom/src/boom_core_merged.cpp:483]   --->   Operation 267 'store' 'store_ln483' <Predicate = (or_ln514 & select_ln518 & state_rob_entries_valid_load_3 & icmp_ln469 & tmp) | (or_ln514 & select_ln518 & state_rob_entries_valid_load_3 & icmp_ln469 & !state_execute_alu_results_memory_valid_0_load & !state_execute_alu_results_is_load_0_load & !state_execute_alu_results_is_store_0_load)> <Delay = 0.00>
ST_10 : Operation 268 [1/1] (0.00ns)   --->   "%store_ln483 = store i64 0, i64 %state_execute_alu_results_store_data_0" [/home/lab_726/boom/hls_boom/src/boom_core_merged.cpp:483]   --->   Operation 268 'store' 'store_ln483' <Predicate = (or_ln514 & select_ln518 & state_rob_entries_valid_load_3 & icmp_ln469 & tmp) | (or_ln514 & select_ln518 & state_rob_entries_valid_load_3 & icmp_ln469 & !state_execute_alu_results_memory_valid_0_load & !state_execute_alu_results_is_load_0_load & !state_execute_alu_results_is_store_0_load)> <Delay = 0.00>
ST_10 : Operation 269 [1/1] (0.00ns)   --->   "%store_ln483 = store i5 0, i5 %state_execute_alu_results_memory_mask_0" [/home/lab_726/boom/hls_boom/src/boom_core_merged.cpp:483]   --->   Operation 269 'store' 'store_ln483' <Predicate = (or_ln514 & select_ln518 & state_rob_entries_valid_load_3 & icmp_ln469 & tmp) | (or_ln514 & select_ln518 & state_rob_entries_valid_load_3 & icmp_ln469 & !state_execute_alu_results_memory_valid_0_load & !state_execute_alu_results_is_load_0_load & !state_execute_alu_results_is_store_0_load)> <Delay = 0.00>
ST_10 : Operation 270 [1/1] (0.00ns)   --->   "%store_ln483 = store i8 0, i8 %state_execute_alu_results_memory_size_0" [/home/lab_726/boom/hls_boom/src/boom_core_merged.cpp:483]   --->   Operation 270 'store' 'store_ln483' <Predicate = (or_ln514 & select_ln518 & state_rob_entries_valid_load_3 & icmp_ln469 & tmp) | (or_ln514 & select_ln518 & state_rob_entries_valid_load_3 & icmp_ln469 & !state_execute_alu_results_memory_valid_0_load & !state_execute_alu_results_is_load_0_load & !state_execute_alu_results_is_store_0_load)> <Delay = 0.00>
ST_10 : Operation 271 [1/1] (0.00ns)   --->   "%br_ln484 = br void %_ZN4boomL17complete_selectedER13BoomCoreStateRN12ExecuteState9AluResultE.exit" [/home/lab_726/boom/hls_boom/src/boom_core_merged.cpp:484]   --->   Operation 271 'br' 'br_ln484' <Predicate = (or_ln514 & select_ln518 & state_rob_entries_valid_load_3 & icmp_ln469 & tmp) | (or_ln514 & select_ln518 & state_rob_entries_valid_load_3 & icmp_ln469 & !state_execute_alu_results_memory_valid_0_load & !state_execute_alu_results_is_load_0_load & !state_execute_alu_results_is_store_0_load)> <Delay = 0.00>
ST_10 : Operation 272 [1/1] (0.00ns)   --->   "%br_ln521 = br void %._crit_edge6" [/home/lab_726/boom/hls_boom/src/boom_core_merged.cpp:521]   --->   Operation 272 'br' 'br_ln521' <Predicate = (or_ln514 & select_ln518)> <Delay = 0.00>
ST_10 : Operation 273 [1/1] (0.00ns)   --->   "%ret_ln523 = ret" [/home/lab_726/boom/hls_boom/src/boom_core_merged.cpp:523]   --->   Operation 273 'ret' 'ret_ln523' <Predicate = true> <Delay = 0.00>

State 11 <SV = 2> <Delay = 1.10>
ST_11 : Operation 274 [2/2] (1.10ns)   --->   "%call_ln467 = call void @branch_complete, i8 %state_execute_alu_results_uop_branch_br_mask_0_load, i8 %state_execute_alu_results_uop_branch_br_tag_0_load, i8 %ridx, i32 %state_execute_alu_results_uop_queue_rob_allocation_id_0_load_1, i1 %state_execute_alu_results_mispredict_0_load, i64 %state_execute_alu_results_redirect_pc_0_load, i1 %state_rob_entries_valid, i32 %state_rob_entries_uop_queue_rob_allocation_id, i1 %state_brupdate_valid, i1 %state_brupdate_mispredict, i64 %state_brupdate_jalr_target, i8 %state_brupdate_resolve_mask, i8 %state_brupdate_mispredict_mask, i8 %state_brupdate_br_tag, i8 %state_brupdate_uop_branch_br_mask, i8 %state_brupdate_uop_queue_rob_idx, i32 %state_branch_state_mispredicts, i32 %state_branch_state_rollbacks, i1 %state_issue_alu_iq_entries_valid, i8 %state_issue_alu_iq_entries_uop_branch_br_mask, i1 %state_issue_alu_iq_entries_killed, i1 %state_issue_alu_iq_entries_request, i1 %state_issue_alu_iq_entries_granted, i1 %state_issue_alu_iq_entries_pdst_busy, i1 %state_issue_alu_iq_entries_prs1_busy, i1 %state_issue_alu_iq_entries_prs2_busy, i1 %state_issue_alu_iq_entries_prs3_busy, i8 %state_issue_alu_iq_entries_uop_uopc, i32 %state_issue_alu_iq_entries_uop_inst, i32 %state_issue_alu_iq_entries_uop_debug_inst, i1 %state_issue_alu_iq_entries_uop_is_rvc, i64 %state_issue_alu_iq_entries_uop_debug_pc, i8 %state_issue_alu_iq_entries_uop_iq_type, i8 %state_issue_alu_iq_entries_uop_fu_code, i8 %state_issue_alu_iq_entries_uop_ctrl_br_type, i8 %state_issue_alu_iq_entries_uop_ctrl_op1_sel, i8 %state_issue_alu_iq_entries_uop_ctrl_op2_sel, i8 %state_issue_alu_iq_entries_uop_ctrl_imm_sel, i8 %state_issue_alu_iq_entries_uop_ctrl_op_fcn, i8 %state_issue_alu_iq_entries_uop_ctrl_fcn_dw, i8 %state_issue_alu_iq_entries_uop_ctrl_csr_cmd, i1 %state_issue_alu_iq_entries_uop_ctrl_is_load, i1 %state_issue_alu_iq_entries_uop_ctrl_is_sta, i1 %state_issue_alu_iq_entries_uop_ctrl_is_std, i8 %state_issue_alu_iq_entries_uop_iw_state, i1 %state_issue_alu_iq_entries_uop_iw_p1_poisoned, i1 %state_issue_alu_iq_entries_uop_iw_p2_poisoned, i8 %state_issue_alu_iq_entries_uop_branch_br_tag, i8 %state_issue_alu_iq_entries_uop_branch_ftq_idx, i8 %state_issue_alu_iq_entries_uop_branch_pc_lob, i1 %state_issue_alu_iq_entries_uop_branch_edge_inst, i1 %state_issue_alu_iq_entries_uop_branch_taken, i1 %state_issue_alu_iq_entries_uop_branch_is_br, i1 %state_issue_alu_iq_entries_uop_branch_is_jalr, i1 %state_issue_alu_iq_entries_uop_branch_is_jal, i1 %state_issue_alu_iq_entries_uop_branch_is_sfb, i32 %state_issue_alu_iq_entries_uop_imm_packed, i16 %state_issue_alu_iq_entries_uop_csr_addr, i8 %state_issue_alu_iq_entries_uop_queue_rob_idx, i8 %state_issue_alu_iq_entries_uop_queue_ldq_idx, i8 %state_issue_alu_iq_entries_uop_queue_stq_idx, i8 %state_issue_alu_iq_entries_uop_queue_rxq_idx, i32 %state_issue_alu_iq_entries_uop_queue_rob_allocation_id, i8 %state_issue_alu_iq_entries_uop_rename_ldst, i8 %state_issue_alu_iq_entries_uop_rename_lrs1, i8 %state_issue_alu_iq_entries_uop_rename_lrs2, i8 %state_issue_alu_iq_entries_uop_rename_lrs3, i8 %state_issue_alu_iq_entries_uop_rename_pdst, i8 %state_issue_alu_iq_entries_uop_rename_prs1, i8 %state_issue_alu_iq_entries_uop_rename_prs2, i8 %state_issue_alu_iq_entries_uop_rename_prs3, i8 %state_issue_alu_iq_entries_uop_rename_ppred, i1 %state_issue_alu_iq_entries_uop_rename_prs1_busy, i1 %state_issue_alu_iq_entries_uop_rename_prs2_busy, i1 %state_issue_alu_iq_entries_uop_rename_prs3_busy, i1 %state_issue_alu_iq_entries_uop_rename_ppred_busy, i8 %state_issue_alu_iq_entries_uop_rename_stale_pdst, i8 %state_issue_alu_iq_entries_uop_rename_dst_rtype, i8 %state_issue_alu_iq_entries_uop_rename_lrs1_rtype, i8 %state_issue_alu_iq_entries_uop_rename_lrs2_rtype, i1 %state_issue_alu_iq_entries_uop_rename_frs3_en, i1 %state_issue_alu_iq_entries_uop_rename_fp_val, i1 %state_issue_alu_iq_entries_uop_rename_fp_single, i1 %state_issue_alu_iq_entries_uop_exception, i64 %state_issue_alu_iq_entries_uop_exc_cause, i1 %state_issue_alu_iq_entries_uop_bypassable, i8 %state_issue_alu_iq_entries_uop_mem_mem_cmd, i8 %state_issue_alu_iq_entries_uop_mem_mem_size, i1 %state_issue_alu_iq_entries_uop_mem_mem_signed, i1 %state_issue_alu_iq_entries_uop_mem_is_fence, i1 %state_issue_alu_iq_entries_uop_mem_is_fencei, i1 %state_issue_alu_iq_entries_uop_mem_is_amo, i1 %state_issue_alu_iq_entries_uop_mem_uses_ldq, i1 %state_issue_alu_iq_entries_uop_mem_uses_stq, i1 %state_issue_alu_iq_entries_uop_mem_ldst_is_rs1, i1 %state_issue_alu_iq_entries_uop_mem_ldst_val, i1 %state_issue_alu_iq_entries_uop_is_sys_pc2epc, i1 %state_issue_alu_iq_entries_uop_is_unique, i1 %state_issue_alu_iq_entries_uop_flush_on_commit, i1 %state_issue_alu_iq_entries_uop_exc_exception, i64 %state_issue_alu_iq_entries_uop_exc_exc_cause, i1 %state_issue_alu_iq_entries_uop_exc_xcpt_pf_if, i1 %state_issue_alu_iq_entries_uop_exc_xcpt_ae_if, i1 %state_issue_alu_iq_entries_uop_exc_xcpt_ma_if, i1 %state_issue_alu_iq_entries_uop_exc_bp_debug_if, i1 %state_issue_alu_iq_entries_uop_exc_bp_xcpt_if, i8 %state_issue_alu_iq_entries_uop_debug_debug_fsrc, i8 %state_issue_alu_iq_entries_uop_debug_debug_tsrc, i32 %state_issue_alu_iq_entries_uop_debug_debug_inst, i64 %state_issue_alu_iq_entries_uop_debug_debug_pc, i64 %state_issue_alu_iq_entries_prs1_data, i64 %state_issue_alu_iq_entries_prs2_data, i64 %state_issue_alu_iq_entries_prs3_data, i3 %state_issue_alu_iq_tail, i8 %state_issue_alu_iq_count, i1 %state_issue_issued_valids_0, i1 %state_issue_issued_valids_1, i8 %state_issue_issued_uops_branch_br_mask_0, i8 %state_issue_issued_uops_branch_br_mask_1, i8 %state_issue_issued_uops_branch_br_mask_2, i8 %state_issue_issued_uops_uopc_0, i8 %state_issue_issued_uops_uopc_1, i8 %state_issue_issued_uops_rename_prs2_0, i8 %state_issue_issued_uops_rename_prs2_1, i8 %state_issue_issued_uops_rename_prs1_0, i8 %state_issue_issued_uops_rename_prs1_1, i8 %state_issue_issued_uops_rename_pdst_0, i8 %state_issue_issued_uops_rename_pdst_1, i8 %state_issue_issued_uops_rename_dst_rtype_0, i8 %state_issue_issued_uops_rename_dst_rtype_1, i8 %state_issue_issued_uops_queue_rob_idx_0, i8 %state_issue_issued_uops_queue_rob_idx_1, i32 %state_issue_issued_uops_queue_rob_allocation_id_0, i32 %state_issue_issued_uops_queue_rob_allocation_id_1, i8 %state_issue_issued_uops_mem_mem_size_0, i8 %state_issue_issued_uops_mem_mem_size_1, i1 %state_issue_issued_uops_mem_mem_signed_0, i1 %state_issue_issued_uops_mem_mem_signed_1, i8 %state_issue_issued_uops_iq_type_0, i8 %state_issue_issued_uops_iq_type_1, i32 %state_issue_issued_uops_imm_packed_0, i32 %state_issue_issued_uops_imm_packed_1, i8 %state_issue_issued_uops_fu_code_0, i8 %state_issue_issued_uops_fu_code_1, i1 %state_issue_issued_uops_exception_0, i1 %state_issue_issued_uops_exception_1, i64 %state_issue_issued_uops_debug_pc_0, i64 %state_issue_issued_uops_debug_pc_1, i8 %state_issue_issued_uops_ctrl_op2_sel_0, i8 %state_issue_issued_uops_ctrl_op2_sel_1, i8 %state_issue_issued_uops_ctrl_op1_sel_0, i8 %state_issue_issued_uops_ctrl_op1_sel_1, i1 %state_issue_issued_uops_branch_is_jalr_0, i1 %state_issue_issued_uops_branch_is_jalr_1, i1 %state_issue_issued_uops_branch_is_jal_0, i1 %state_issue_issued_uops_branch_is_jal_1, i1 %state_issue_issued_uops_branch_is_br_0, i1 %state_issue_issued_uops_branch_is_br_1, i8 %state_issue_issued_uops_branch_br_tag_0, i8 %state_issue_issued_uops_branch_br_tag_1, i1 %state_execute_alu_results_valid_0, i1 %state_execute_alu_results_valid_1, i8 %state_execute_alu_results_uop_branch_br_mask_0, i8 %state_execute_alu_results_uop_branch_br_mask_1, i8 %state_execute_alu_results_uop_branch_br_mask_2, i8 %state_execute_alu_results_uop_rename_pdst_0, i8 %state_execute_alu_results_uop_rename_pdst_1, i8 %state_execute_alu_results_uop_rename_dst_rtype_0, i8 %state_execute_alu_results_uop_rename_dst_rtype_1, i8 %state_execute_alu_results_uop_queue_rob_idx_0, i8 %state_execute_alu_results_uop_queue_rob_idx_1, i32 %state_execute_alu_results_uop_queue_rob_allocation_id_0, i32 %state_execute_alu_results_uop_queue_rob_allocation_id_1, i1 %state_execute_alu_results_uop_branch_is_jalr_0, i1 %state_execute_alu_results_uop_branch_is_jalr_1, i1 %state_execute_alu_results_uop_branch_is_jal_0, i1 %state_execute_alu_results_uop_branch_is_jal_1, i1 %state_execute_alu_results_uop_branch_is_br_0, i1 %state_execute_alu_results_uop_branch_is_br_1, i8 %state_execute_alu_results_uop_branch_br_tag_0, i8 %state_execute_alu_results_uop_branch_br_tag_1, i64 %state_execute_alu_results_store_data_0, i64 %state_execute_alu_results_store_data_1, i1 %state_execute_alu_results_signed_load_0, i1 %state_execute_alu_results_signed_load_1, i64 %state_execute_alu_results_result_0, i64 %state_execute_alu_results_result_1, i64 %state_execute_alu_results_redirect_pc_0, i64 %state_execute_alu_results_redirect_pc_1, i1 %state_execute_alu_results_mispredict_0, i1 %state_execute_alu_results_mispredict_1, i1 %state_execute_alu_results_memory_valid_0, i1 %state_execute_alu_results_memory_valid_1, i8 %state_execute_alu_results_memory_size_0, i8 %state_execute_alu_results_memory_size_1, i5 %state_execute_alu_results_memory_mask_0, i5 %state_execute_alu_results_memory_mask_1, i64 %state_execute_alu_results_memory_address_0, i64 %state_execute_alu_results_memory_address_1, i1 %state_execute_alu_results_is_store_0, i1 %state_execute_alu_results_is_store_1, i1 %state_execute_alu_results_is_load_0, i1 %state_execute_alu_results_is_load_1, i1 %state_lsu_ldq_valid, i8 %state_lsu_ldq_branch_mask, i1 %state_lsu_load_response_pending, i5 %state_lsu_pending_load_rob_idx, i8 %state_lsu_ldq_rob_idx, i32 %state_lsu_pending_load_allocation_id, i32 %state_lsu_ldq_rob_allocation_id, i32 %state_lsu_pending_load_transaction_id, i1 %state_lsu_ldq_signed_load, i1 %state_lsu_ldq_response_pending, i1 %state_lsu_ldq_completed, i1 %state_lsu_ldq_killed, i8 %state_lsu_ldq_size, i32 %state_lsu_ldq_transaction_id, i64 %state_lsu_ldq_address, i64 %state_lsu_ldq_result, i1 %state_lsu_stq_valid, i8 %state_lsu_stq_branch_mask, i1 %state_lsu_stq_address_valid, i1 %state_lsu_stq_data_valid, i1 %state_lsu_stq_committed, i1 %state_lsu_stq_issued_to_memory, i1 %state_lsu_stq_completed, i1 %state_lsu_stq_killed, i8 %state_lsu_stq_rob_idx, i8 %state_lsu_stq_mask, i8 %state_lsu_stq_size, i32 %state_lsu_stq_rob_allocation_id, i64 %state_lsu_stq_address, i64 %state_lsu_stq_data, i3 %state_lsu_ldq_tail, i8 %state_lsu_ldq_count, i3 %state_lsu_stq_tail, i8 %state_lsu_stq_count, i5 %state_rob_head, i1 %state_rob_entries_busy, i1 %state_rob_entries_exception, i8 %state_rob_entries_uop_uopc, i32 %state_rob_entries_uop_inst, i64 %state_rob_entries_uop_debug_pc, i1 %state_rob_entries_uop_ctrl_is_load, i1 %state_rob_entries_uop_ctrl_is_sta, i8 %state_rob_entries_uop_branch_br_mask, i5 %state_rob_entries_uop_queue_rob_idx, i5 %state_rob_entries_uop_rename_ldst, i8 %state_rob_entries_uop_rename_pdst, i8 %state_rob_entries_uop_rename_stale_pdst, i2 %state_rob_entries_uop_rename_dst_rtype, i1 %state_rob_entries_memory_valid, i1 %state_rob_entries_is_load, i1 %state_rob_entries_is_store, i1 %state_rob_entries_signed_load, i1 %state_rob_entries_memory_request_sent, i1 %state_rob_entries_memory_completed, i64 %state_rob_entries_memory_address, i64 %state_rob_entries_memory_data, i5 %state_rob_entries_memory_mask, i8 %state_rob_entries_memory_size, i32 %state_rob_entries_memory_transaction_id, i5 %state_rob_tail, i1 %state_rob_maybe_full, i1 %state_decode_dec_valids_0, i8 %state_decode_dec_uops_uopc_0, i32 %state_decode_dec_uops_inst_0, i64 %state_decode_dec_uops_debug_pc_0, i1 %state_decode_dec_uops_iq_type_0, i3 %state_decode_dec_uops_fu_code_0, i4 %state_decode_dec_uops_ctrl_br_type_0, i2 %state_decode_dec_uops_ctrl_op1_sel_0, i2 %state_decode_dec_uops_ctrl_op2_sel_0, i1 %state_decode_dec_uops_ctrl_fcn_dw_0, i3 %state_decode_dec_uops_ctrl_csr_cmd_0, i1 %state_decode_dec_uops_ctrl_is_load_0, i1 %state_decode_dec_uops_ctrl_is_sta_0, i8 %state_decode_dec_uops_branch_br_mask_0, i6 %state_decode_dec_uops_branch_pc_lob_0, i1 %state_decode_dec_uops_branch_is_br_0, i1 %state_decode_dec_uops_branch_is_jalr_0, i1 %state_decode_dec_uops_branch_is_jal_0, i32 %state_decode_dec_uops_imm_packed_0, i12 %state_decode_dec_uops_csr_addr_0, i5 %state_decode_dec_uops_rename_ldst_0, i5 %state_decode_dec_uops_rename_lrs1_0, i5 %state_decode_dec_uops_rename_lrs2_0, i2 %state_decode_dec_uops_rename_dst_rtype_0, i1 %state_decode_dec_uops_exception_0, i4 %state_decode_dec_uops_exc_cause_0, i2 %state_decode_dec_uops_mem_mem_size_0, i1 %state_decode_dec_uops_mem_mem_signed_0, i1 %state_decode_dec_uops_mem_uses_ldq_0, i1 %state_decode_dec_uops_mem_uses_stq_0, i1 %state_decode_dec_uops_is_sys_pc2epc_0, i1 %state_rename_dispatch_packets_valid_0, i8 %state_rename_dispatch_packets_uop_branch_br_mask_0, i8 %state_rename_dispatch_packets_uop_uopc_0, i32 %state_rename_dispatch_packets_uop_inst_0, i64 %state_rename_dispatch_packets_uop_debug_pc_0, i1 %state_rename_dispatch_packets_uop_iq_type_0, i3 %state_rename_dispatch_packets_uop_fu_code_0, i4 %state_rename_dispatch_packets_uop_ctrl_br_type_0, i2 %state_rename_dispatch_packets_uop_ctrl_op1_sel_0, i2 %state_rename_dispatch_packets_uop_ctrl_op2_sel_0, i1 %state_rename_dispatch_packets_uop_ctrl_fcn_dw_0, i3 %state_rename_dispatch_packets_uop_ctrl_csr_cmd_0, i1 %state_rename_dispatch_packets_uop_ctrl_is_load_0, i1 %state_rename_dispatch_packets_uop_ctrl_is_sta_0, i3 %state_rename_dispatch_packets_uop_branch_br_tag_0, i6 %state_rename_dispatch_packets_uop_branch_pc_lob_0, i1 %state_rename_dispatch_packets_uop_branch_is_br_0, i1 %state_rename_dispatch_packets_uop_branch_is_jalr_0, i1 %state_rename_dispatch_packets_uop_branch_is_jal_0, i32 %state_rename_dispatch_packets_uop_imm_packed_0, i12 %state_rename_dispatch_packets_uop_csr_addr_0, i5 %state_rename_dispatch_packets_uop_queue_rob_idx_0, i32 %state_rename_dispatch_packets_uop_queue_rob_allocation_id_0, i5 %state_rename_dispatch_packets_uop_rename_ldst_0, i5 %state_rename_dispatch_packets_uop_rename_lrs1_0, i5 %state_rename_dispatch_packets_uop_rename_lrs2_0, i8 %state_rename_dispatch_packets_uop_rename_pdst_0, i8 %state_rename_dispatch_packets_uop_rename_prs1_0, i8 %state_rename_dispatch_packets_uop_rename_prs2_0, i1 %state_rename_dispatch_packets_uop_rename_prs1_busy_0, i1 %state_rename_dispatch_packets_uop_rename_prs2_busy_0, i8 %state_rename_dispatch_packets_uop_rename_stale_pdst_0, i2 %state_rename_dispatch_packets_uop_rename_dst_rtype_0, i1 %state_rename_dispatch_packets_uop_exception_0, i4 %state_rename_dispatch_packets_uop_exc_cause_0, i2 %state_rename_dispatch_packets_uop_mem_mem_size_0, i1 %state_rename_dispatch_packets_uop_mem_mem_signed_0, i1 %state_rename_dispatch_packets_uop_mem_uses_ldq_0, i1 %state_rename_dispatch_packets_uop_mem_uses_stq_0, i1 %state_rename_dispatch_packets_uop_is_sys_pc2epc_0, i1 %state_rename_dispatch_packets_rob_allocated_0, i1 %state_frontend_fetch_packet_valid, i1 %state_frontend_response_received, i1 %state_frontend_request_sent, i64 %state_frontend_pc, i1 %state_branch_state_snapshot_valid, i8 %state_rename_int_map_table_br_snapshots, i8 %state_rename_int_map_table_map_table, i8 %state_rename_int_map_table_committed_map_table, i6 %state_rename_int_free_list_head, i1 %state_branch_state_br_alloc_lists, i1 %state_rename_int_free_list_busy_table, i8 %state_rename_int_free_list_count, i8 %state_rename_int_free_list_free_list, i6 %state_rename_int_free_list_tail, i1 %state_branch_state_tag_valid, i8 %state_branch_state_active_mask, i32 %state_branch_state_releases" [/home/lab_726/boom/hls_boom/src/boom_core_merged.cpp:467]   --->   Operation 274 'call' 'call_ln467' <Predicate = true> <Delay = 1.10> <CoreType = "Generic">   --->   Core 0 '' <Latency = 0> <II = 1> <Delay = 1.00> <Generic> <Opcode : >

State 12 <SV = 3> <Delay = 0.00>
ST_12 : Operation 275 [1/2] (0.00ns)   --->   "%call_ln467 = call void @branch_complete, i8 %state_execute_alu_results_uop_branch_br_mask_0_load, i8 %state_execute_alu_results_uop_branch_br_tag_0_load, i8 %ridx, i32 %state_execute_alu_results_uop_queue_rob_allocation_id_0_load_1, i1 %state_execute_alu_results_mispredict_0_load, i64 %state_execute_alu_results_redirect_pc_0_load, i1 %state_rob_entries_valid, i32 %state_rob_entries_uop_queue_rob_allocation_id, i1 %state_brupdate_valid, i1 %state_brupdate_mispredict, i64 %state_brupdate_jalr_target, i8 %state_brupdate_resolve_mask, i8 %state_brupdate_mispredict_mask, i8 %state_brupdate_br_tag, i8 %state_brupdate_uop_branch_br_mask, i8 %state_brupdate_uop_queue_rob_idx, i32 %state_branch_state_mispredicts, i32 %state_branch_state_rollbacks, i1 %state_issue_alu_iq_entries_valid, i8 %state_issue_alu_iq_entries_uop_branch_br_mask, i1 %state_issue_alu_iq_entries_killed, i1 %state_issue_alu_iq_entries_request, i1 %state_issue_alu_iq_entries_granted, i1 %state_issue_alu_iq_entries_pdst_busy, i1 %state_issue_alu_iq_entries_prs1_busy, i1 %state_issue_alu_iq_entries_prs2_busy, i1 %state_issue_alu_iq_entries_prs3_busy, i8 %state_issue_alu_iq_entries_uop_uopc, i32 %state_issue_alu_iq_entries_uop_inst, i32 %state_issue_alu_iq_entries_uop_debug_inst, i1 %state_issue_alu_iq_entries_uop_is_rvc, i64 %state_issue_alu_iq_entries_uop_debug_pc, i8 %state_issue_alu_iq_entries_uop_iq_type, i8 %state_issue_alu_iq_entries_uop_fu_code, i8 %state_issue_alu_iq_entries_uop_ctrl_br_type, i8 %state_issue_alu_iq_entries_uop_ctrl_op1_sel, i8 %state_issue_alu_iq_entries_uop_ctrl_op2_sel, i8 %state_issue_alu_iq_entries_uop_ctrl_imm_sel, i8 %state_issue_alu_iq_entries_uop_ctrl_op_fcn, i8 %state_issue_alu_iq_entries_uop_ctrl_fcn_dw, i8 %state_issue_alu_iq_entries_uop_ctrl_csr_cmd, i1 %state_issue_alu_iq_entries_uop_ctrl_is_load, i1 %state_issue_alu_iq_entries_uop_ctrl_is_sta, i1 %state_issue_alu_iq_entries_uop_ctrl_is_std, i8 %state_issue_alu_iq_entries_uop_iw_state, i1 %state_issue_alu_iq_entries_uop_iw_p1_poisoned, i1 %state_issue_alu_iq_entries_uop_iw_p2_poisoned, i8 %state_issue_alu_iq_entries_uop_branch_br_tag, i8 %state_issue_alu_iq_entries_uop_branch_ftq_idx, i8 %state_issue_alu_iq_entries_uop_branch_pc_lob, i1 %state_issue_alu_iq_entries_uop_branch_edge_inst, i1 %state_issue_alu_iq_entries_uop_branch_taken, i1 %state_issue_alu_iq_entries_uop_branch_is_br, i1 %state_issue_alu_iq_entries_uop_branch_is_jalr, i1 %state_issue_alu_iq_entries_uop_branch_is_jal, i1 %state_issue_alu_iq_entries_uop_branch_is_sfb, i32 %state_issue_alu_iq_entries_uop_imm_packed, i16 %state_issue_alu_iq_entries_uop_csr_addr, i8 %state_issue_alu_iq_entries_uop_queue_rob_idx, i8 %state_issue_alu_iq_entries_uop_queue_ldq_idx, i8 %state_issue_alu_iq_entries_uop_queue_stq_idx, i8 %state_issue_alu_iq_entries_uop_queue_rxq_idx, i32 %state_issue_alu_iq_entries_uop_queue_rob_allocation_id, i8 %state_issue_alu_iq_entries_uop_rename_ldst, i8 %state_issue_alu_iq_entries_uop_rename_lrs1, i8 %state_issue_alu_iq_entries_uop_rename_lrs2, i8 %state_issue_alu_iq_entries_uop_rename_lrs3, i8 %state_issue_alu_iq_entries_uop_rename_pdst, i8 %state_issue_alu_iq_entries_uop_rename_prs1, i8 %state_issue_alu_iq_entries_uop_rename_prs2, i8 %state_issue_alu_iq_entries_uop_rename_prs3, i8 %state_issue_alu_iq_entries_uop_rename_ppred, i1 %state_issue_alu_iq_entries_uop_rename_prs1_busy, i1 %state_issue_alu_iq_entries_uop_rename_prs2_busy, i1 %state_issue_alu_iq_entries_uop_rename_prs3_busy, i1 %state_issue_alu_iq_entries_uop_rename_ppred_busy, i8 %state_issue_alu_iq_entries_uop_rename_stale_pdst, i8 %state_issue_alu_iq_entries_uop_rename_dst_rtype, i8 %state_issue_alu_iq_entries_uop_rename_lrs1_rtype, i8 %state_issue_alu_iq_entries_uop_rename_lrs2_rtype, i1 %state_issue_alu_iq_entries_uop_rename_frs3_en, i1 %state_issue_alu_iq_entries_uop_rename_fp_val, i1 %state_issue_alu_iq_entries_uop_rename_fp_single, i1 %state_issue_alu_iq_entries_uop_exception, i64 %state_issue_alu_iq_entries_uop_exc_cause, i1 %state_issue_alu_iq_entries_uop_bypassable, i8 %state_issue_alu_iq_entries_uop_mem_mem_cmd, i8 %state_issue_alu_iq_entries_uop_mem_mem_size, i1 %state_issue_alu_iq_entries_uop_mem_mem_signed, i1 %state_issue_alu_iq_entries_uop_mem_is_fence, i1 %state_issue_alu_iq_entries_uop_mem_is_fencei, i1 %state_issue_alu_iq_entries_uop_mem_is_amo, i1 %state_issue_alu_iq_entries_uop_mem_uses_ldq, i1 %state_issue_alu_iq_entries_uop_mem_uses_stq, i1 %state_issue_alu_iq_entries_uop_mem_ldst_is_rs1, i1 %state_issue_alu_iq_entries_uop_mem_ldst_val, i1 %state_issue_alu_iq_entries_uop_is_sys_pc2epc, i1 %state_issue_alu_iq_entries_uop_is_unique, i1 %state_issue_alu_iq_entries_uop_flush_on_commit, i1 %state_issue_alu_iq_entries_uop_exc_exception, i64 %state_issue_alu_iq_entries_uop_exc_exc_cause, i1 %state_issue_alu_iq_entries_uop_exc_xcpt_pf_if, i1 %state_issue_alu_iq_entries_uop_exc_xcpt_ae_if, i1 %state_issue_alu_iq_entries_uop_exc_xcpt_ma_if, i1 %state_issue_alu_iq_entries_uop_exc_bp_debug_if, i1 %state_issue_alu_iq_entries_uop_exc_bp_xcpt_if, i8 %state_issue_alu_iq_entries_uop_debug_debug_fsrc, i8 %state_issue_alu_iq_entries_uop_debug_debug_tsrc, i32 %state_issue_alu_iq_entries_uop_debug_debug_inst, i64 %state_issue_alu_iq_entries_uop_debug_debug_pc, i64 %state_issue_alu_iq_entries_prs1_data, i64 %state_issue_alu_iq_entries_prs2_data, i64 %state_issue_alu_iq_entries_prs3_data, i3 %state_issue_alu_iq_tail, i8 %state_issue_alu_iq_count, i1 %state_issue_issued_valids_0, i1 %state_issue_issued_valids_1, i8 %state_issue_issued_uops_branch_br_mask_0, i8 %state_issue_issued_uops_branch_br_mask_1, i8 %state_issue_issued_uops_branch_br_mask_2, i8 %state_issue_issued_uops_uopc_0, i8 %state_issue_issued_uops_uopc_1, i8 %state_issue_issued_uops_rename_prs2_0, i8 %state_issue_issued_uops_rename_prs2_1, i8 %state_issue_issued_uops_rename_prs1_0, i8 %state_issue_issued_uops_rename_prs1_1, i8 %state_issue_issued_uops_rename_pdst_0, i8 %state_issue_issued_uops_rename_pdst_1, i8 %state_issue_issued_uops_rename_dst_rtype_0, i8 %state_issue_issued_uops_rename_dst_rtype_1, i8 %state_issue_issued_uops_queue_rob_idx_0, i8 %state_issue_issued_uops_queue_rob_idx_1, i32 %state_issue_issued_uops_queue_rob_allocation_id_0, i32 %state_issue_issued_uops_queue_rob_allocation_id_1, i8 %state_issue_issued_uops_mem_mem_size_0, i8 %state_issue_issued_uops_mem_mem_size_1, i1 %state_issue_issued_uops_mem_mem_signed_0, i1 %state_issue_issued_uops_mem_mem_signed_1, i8 %state_issue_issued_uops_iq_type_0, i8 %state_issue_issued_uops_iq_type_1, i32 %state_issue_issued_uops_imm_packed_0, i32 %state_issue_issued_uops_imm_packed_1, i8 %state_issue_issued_uops_fu_code_0, i8 %state_issue_issued_uops_fu_code_1, i1 %state_issue_issued_uops_exception_0, i1 %state_issue_issued_uops_exception_1, i64 %state_issue_issued_uops_debug_pc_0, i64 %state_issue_issued_uops_debug_pc_1, i8 %state_issue_issued_uops_ctrl_op2_sel_0, i8 %state_issue_issued_uops_ctrl_op2_sel_1, i8 %state_issue_issued_uops_ctrl_op1_sel_0, i8 %state_issue_issued_uops_ctrl_op1_sel_1, i1 %state_issue_issued_uops_branch_is_jalr_0, i1 %state_issue_issued_uops_branch_is_jalr_1, i1 %state_issue_issued_uops_branch_is_jal_0, i1 %state_issue_issued_uops_branch_is_jal_1, i1 %state_issue_issued_uops_branch_is_br_0, i1 %state_issue_issued_uops_branch_is_br_1, i8 %state_issue_issued_uops_branch_br_tag_0, i8 %state_issue_issued_uops_branch_br_tag_1, i1 %state_execute_alu_results_valid_0, i1 %state_execute_alu_results_valid_1, i8 %state_execute_alu_results_uop_branch_br_mask_0, i8 %state_execute_alu_results_uop_branch_br_mask_1, i8 %state_execute_alu_results_uop_branch_br_mask_2, i8 %state_execute_alu_results_uop_rename_pdst_0, i8 %state_execute_alu_results_uop_rename_pdst_1, i8 %state_execute_alu_results_uop_rename_dst_rtype_0, i8 %state_execute_alu_results_uop_rename_dst_rtype_1, i8 %state_execute_alu_results_uop_queue_rob_idx_0, i8 %state_execute_alu_results_uop_queue_rob_idx_1, i32 %state_execute_alu_results_uop_queue_rob_allocation_id_0, i32 %state_execute_alu_results_uop_queue_rob_allocation_id_1, i1 %state_execute_alu_results_uop_branch_is_jalr_0, i1 %state_execute_alu_results_uop_branch_is_jalr_1, i1 %state_execute_alu_results_uop_branch_is_jal_0, i1 %state_execute_alu_results_uop_branch_is_jal_1, i1 %state_execute_alu_results_uop_branch_is_br_0, i1 %state_execute_alu_results_uop_branch_is_br_1, i8 %state_execute_alu_results_uop_branch_br_tag_0, i8 %state_execute_alu_results_uop_branch_br_tag_1, i64 %state_execute_alu_results_store_data_0, i64 %state_execute_alu_results_store_data_1, i1 %state_execute_alu_results_signed_load_0, i1 %state_execute_alu_results_signed_load_1, i64 %state_execute_alu_results_result_0, i64 %state_execute_alu_results_result_1, i64 %state_execute_alu_results_redirect_pc_0, i64 %state_execute_alu_results_redirect_pc_1, i1 %state_execute_alu_results_mispredict_0, i1 %state_execute_alu_results_mispredict_1, i1 %state_execute_alu_results_memory_valid_0, i1 %state_execute_alu_results_memory_valid_1, i8 %state_execute_alu_results_memory_size_0, i8 %state_execute_alu_results_memory_size_1, i5 %state_execute_alu_results_memory_mask_0, i5 %state_execute_alu_results_memory_mask_1, i64 %state_execute_alu_results_memory_address_0, i64 %state_execute_alu_results_memory_address_1, i1 %state_execute_alu_results_is_store_0, i1 %state_execute_alu_results_is_store_1, i1 %state_execute_alu_results_is_load_0, i1 %state_execute_alu_results_is_load_1, i1 %state_lsu_ldq_valid, i8 %state_lsu_ldq_branch_mask, i1 %state_lsu_load_response_pending, i5 %state_lsu_pending_load_rob_idx, i8 %state_lsu_ldq_rob_idx, i32 %state_lsu_pending_load_allocation_id, i32 %state_lsu_ldq_rob_allocation_id, i32 %state_lsu_pending_load_transaction_id, i1 %state_lsu_ldq_signed_load, i1 %state_lsu_ldq_response_pending, i1 %state_lsu_ldq_completed, i1 %state_lsu_ldq_killed, i8 %state_lsu_ldq_size, i32 %state_lsu_ldq_transaction_id, i64 %state_lsu_ldq_address, i64 %state_lsu_ldq_result, i1 %state_lsu_stq_valid, i8 %state_lsu_stq_branch_mask, i1 %state_lsu_stq_address_valid, i1 %state_lsu_stq_data_valid, i1 %state_lsu_stq_committed, i1 %state_lsu_stq_issued_to_memory, i1 %state_lsu_stq_completed, i1 %state_lsu_stq_killed, i8 %state_lsu_stq_rob_idx, i8 %state_lsu_stq_mask, i8 %state_lsu_stq_size, i32 %state_lsu_stq_rob_allocation_id, i64 %state_lsu_stq_address, i64 %state_lsu_stq_data, i3 %state_lsu_ldq_tail, i8 %state_lsu_ldq_count, i3 %state_lsu_stq_tail, i8 %state_lsu_stq_count, i5 %state_rob_head, i1 %state_rob_entries_busy, i1 %state_rob_entries_exception, i8 %state_rob_entries_uop_uopc, i32 %state_rob_entries_uop_inst, i64 %state_rob_entries_uop_debug_pc, i1 %state_rob_entries_uop_ctrl_is_load, i1 %state_rob_entries_uop_ctrl_is_sta, i8 %state_rob_entries_uop_branch_br_mask, i5 %state_rob_entries_uop_queue_rob_idx, i5 %state_rob_entries_uop_rename_ldst, i8 %state_rob_entries_uop_rename_pdst, i8 %state_rob_entries_uop_rename_stale_pdst, i2 %state_rob_entries_uop_rename_dst_rtype, i1 %state_rob_entries_memory_valid, i1 %state_rob_entries_is_load, i1 %state_rob_entries_is_store, i1 %state_rob_entries_signed_load, i1 %state_rob_entries_memory_request_sent, i1 %state_rob_entries_memory_completed, i64 %state_rob_entries_memory_address, i64 %state_rob_entries_memory_data, i5 %state_rob_entries_memory_mask, i8 %state_rob_entries_memory_size, i32 %state_rob_entries_memory_transaction_id, i5 %state_rob_tail, i1 %state_rob_maybe_full, i1 %state_decode_dec_valids_0, i8 %state_decode_dec_uops_uopc_0, i32 %state_decode_dec_uops_inst_0, i64 %state_decode_dec_uops_debug_pc_0, i1 %state_decode_dec_uops_iq_type_0, i3 %state_decode_dec_uops_fu_code_0, i4 %state_decode_dec_uops_ctrl_br_type_0, i2 %state_decode_dec_uops_ctrl_op1_sel_0, i2 %state_decode_dec_uops_ctrl_op2_sel_0, i1 %state_decode_dec_uops_ctrl_fcn_dw_0, i3 %state_decode_dec_uops_ctrl_csr_cmd_0, i1 %state_decode_dec_uops_ctrl_is_load_0, i1 %state_decode_dec_uops_ctrl_is_sta_0, i8 %state_decode_dec_uops_branch_br_mask_0, i6 %state_decode_dec_uops_branch_pc_lob_0, i1 %state_decode_dec_uops_branch_is_br_0, i1 %state_decode_dec_uops_branch_is_jalr_0, i1 %state_decode_dec_uops_branch_is_jal_0, i32 %state_decode_dec_uops_imm_packed_0, i12 %state_decode_dec_uops_csr_addr_0, i5 %state_decode_dec_uops_rename_ldst_0, i5 %state_decode_dec_uops_rename_lrs1_0, i5 %state_decode_dec_uops_rename_lrs2_0, i2 %state_decode_dec_uops_rename_dst_rtype_0, i1 %state_decode_dec_uops_exception_0, i4 %state_decode_dec_uops_exc_cause_0, i2 %state_decode_dec_uops_mem_mem_size_0, i1 %state_decode_dec_uops_mem_mem_signed_0, i1 %state_decode_dec_uops_mem_uses_ldq_0, i1 %state_decode_dec_uops_mem_uses_stq_0, i1 %state_decode_dec_uops_is_sys_pc2epc_0, i1 %state_rename_dispatch_packets_valid_0, i8 %state_rename_dispatch_packets_uop_branch_br_mask_0, i8 %state_rename_dispatch_packets_uop_uopc_0, i32 %state_rename_dispatch_packets_uop_inst_0, i64 %state_rename_dispatch_packets_uop_debug_pc_0, i1 %state_rename_dispatch_packets_uop_iq_type_0, i3 %state_rename_dispatch_packets_uop_fu_code_0, i4 %state_rename_dispatch_packets_uop_ctrl_br_type_0, i2 %state_rename_dispatch_packets_uop_ctrl_op1_sel_0, i2 %state_rename_dispatch_packets_uop_ctrl_op2_sel_0, i1 %state_rename_dispatch_packets_uop_ctrl_fcn_dw_0, i3 %state_rename_dispatch_packets_uop_ctrl_csr_cmd_0, i1 %state_rename_dispatch_packets_uop_ctrl_is_load_0, i1 %state_rename_dispatch_packets_uop_ctrl_is_sta_0, i3 %state_rename_dispatch_packets_uop_branch_br_tag_0, i6 %state_rename_dispatch_packets_uop_branch_pc_lob_0, i1 %state_rename_dispatch_packets_uop_branch_is_br_0, i1 %state_rename_dispatch_packets_uop_branch_is_jalr_0, i1 %state_rename_dispatch_packets_uop_branch_is_jal_0, i32 %state_rename_dispatch_packets_uop_imm_packed_0, i12 %state_rename_dispatch_packets_uop_csr_addr_0, i5 %state_rename_dispatch_packets_uop_queue_rob_idx_0, i32 %state_rename_dispatch_packets_uop_queue_rob_allocation_id_0, i5 %state_rename_dispatch_packets_uop_rename_ldst_0, i5 %state_rename_dispatch_packets_uop_rename_lrs1_0, i5 %state_rename_dispatch_packets_uop_rename_lrs2_0, i8 %state_rename_dispatch_packets_uop_rename_pdst_0, i8 %state_rename_dispatch_packets_uop_rename_prs1_0, i8 %state_rename_dispatch_packets_uop_rename_prs2_0, i1 %state_rename_dispatch_packets_uop_rename_prs1_busy_0, i1 %state_rename_dispatch_packets_uop_rename_prs2_busy_0, i8 %state_rename_dispatch_packets_uop_rename_stale_pdst_0, i2 %state_rename_dispatch_packets_uop_rename_dst_rtype_0, i1 %state_rename_dispatch_packets_uop_exception_0, i4 %state_rename_dispatch_packets_uop_exc_cause_0, i2 %state_rename_dispatch_packets_uop_mem_mem_size_0, i1 %state_rename_dispatch_packets_uop_mem_mem_signed_0, i1 %state_rename_dispatch_packets_uop_mem_uses_ldq_0, i1 %state_rename_dispatch_packets_uop_mem_uses_stq_0, i1 %state_rename_dispatch_packets_uop_is_sys_pc2epc_0, i1 %state_rename_dispatch_packets_rob_allocated_0, i1 %state_frontend_fetch_packet_valid, i1 %state_frontend_response_received, i1 %state_frontend_request_sent, i64 %state_frontend_pc, i1 %state_branch_state_snapshot_valid, i8 %state_rename_int_map_table_br_snapshots, i8 %state_rename_int_map_table_map_table, i8 %state_rename_int_map_table_committed_map_table, i6 %state_rename_int_free_list_head, i1 %state_branch_state_br_alloc_lists, i1 %state_rename_int_free_list_busy_table, i8 %state_rename_int_free_list_count, i8 %state_rename_int_free_list_free_list, i6 %state_rename_int_free_list_tail, i1 %state_branch_state_tag_valid, i8 %state_branch_state_active_mask, i32 %state_branch_state_releases" [/home/lab_726/boom/hls_boom/src/boom_core_merged.cpp:467]   --->   Operation 275 'call' 'call_ln467' <Predicate = (state_execute_alu_results_uop_branch_is_jalr_0_load) | (state_execute_alu_results_uop_branch_is_jal_0_load) | (state_execute_alu_results_uop_branch_is_br_0_load)> <Delay = 0.00> <CoreType = "Generic">   --->   Core 0 '' <Latency = 0> <II = 1> <Delay = 1.00> <Generic> <Opcode : >
ST_12 : Operation 276 [1/1] (0.00ns)   --->   "%br_ln467 = br void %._crit_edge11" [/home/lab_726/boom/hls_boom/src/boom_core_merged.cpp:467]   --->   Operation 276 'br' 'br_ln467' <Predicate = (state_execute_alu_results_uop_branch_is_jalr_0_load) | (state_execute_alu_results_uop_branch_is_jal_0_load) | (state_execute_alu_results_uop_branch_is_br_0_load)> <Delay = 0.00>

State 13 <SV = 4> <Delay = 0.67>
ST_13 : Operation 277 [1/1] (0.00ns)   --->   "%zext_ln468 = zext i8 %ridx" [/home/lab_726/boom/hls_boom/src/boom_core_merged.cpp:468]   --->   Operation 277 'zext' 'zext_ln468' <Predicate = true> <Delay = 0.00>
ST_13 : Operation 278 [1/1] (0.00ns)   --->   "%state_rob_entries_valid_addr_3 = getelementptr i1 %state_rob_entries_valid, i64 0, i64 %zext_ln468" [/home/lab_726/boom/hls_boom/src/boom_core_merged.cpp:468]   --->   Operation 278 'getelementptr' 'state_rob_entries_valid_addr_3' <Predicate = true> <Delay = 0.00>
ST_13 : Operation 279 [2/2] (0.67ns)   --->   "%state_rob_entries_valid_load_3 = load i5 %state_rob_entries_valid_addr_3" [/home/lab_726/boom/hls_boom/src/boom_core_merged.cpp:468]   --->   Operation 279 'load' 'state_rob_entries_valid_load_3' <Predicate = true> <Delay = 0.67> <CoreInst = "RAM">   --->   Core 83 'RAM' <Latency = 1> <II = 1> <Delay = 0.67> <Storage> <Opcode : 'load' 'store'> <Ports = 2> <Width = 1> <Depth = 32> <RAM>

State 14 <SV = 5> <Delay = 1.23>
ST_14 : Operation 280 [1/2] (0.67ns)   --->   "%state_rob_entries_valid_load_3 = load i5 %state_rob_entries_valid_addr_3" [/home/lab_726/boom/hls_boom/src/boom_core_merged.cpp:468]   --->   Operation 280 'load' 'state_rob_entries_valid_load_3' <Predicate = true> <Delay = 0.67> <CoreInst = "RAM">   --->   Core 83 'RAM' <Latency = 1> <II = 1> <Delay = 0.67> <Storage> <Opcode : 'load' 'store'> <Ports = 2> <Width = 1> <Depth = 32> <RAM>
ST_14 : Operation 281 [1/1] (0.00ns)   --->   "%br_ln468 = br i1 %state_rob_entries_valid_load_3, void %._crit_edge12, void" [/home/lab_726/boom/hls_boom/src/boom_core_merged.cpp:468]   --->   Operation 281 'br' 'br_ln468' <Predicate = true> <Delay = 0.00>
ST_14 : Operation 282 [1/1] (0.00ns)   --->   "%state_rob_entries_uop_queue_rob_allocation_id_addr_2 = getelementptr i32 %state_rob_entries_uop_queue_rob_allocation_id, i64 0, i64 %zext_ln468" [/home/lab_726/boom/hls_boom/src/boom_core_merged.cpp:469]   --->   Operation 282 'getelementptr' 'state_rob_entries_uop_queue_rob_allocation_id_addr_2' <Predicate = (state_rob_entries_valid_load_3)> <Delay = 0.00>
ST_14 : Operation 283 [2/2] (1.23ns)   --->   "%state_rob_entries_uop_queue_rob_allocation_id_load_2 = load i5 %state_rob_entries_uop_queue_rob_allocation_id_addr_2" [/home/lab_726/boom/hls_boom/src/boom_core_merged.cpp:469]   --->   Operation 283 'load' 'state_rob_entries_uop_queue_rob_allocation_id_load_2' <Predicate = (state_rob_entries_valid_load_3)> <Delay = 1.23> <CoreInst = "RAM">   --->   Core 83 'RAM' <Latency = 1> <II = 1> <Delay = 1.23> <Storage> <Opcode : 'load' 'store'> <Ports = 2> <Width = 32> <Depth = 32> <RAM>

State 15 <SV = 6> <Delay = 2.22>
ST_15 : Operation 284 [1/2] (1.23ns)   --->   "%state_rob_entries_uop_queue_rob_allocation_id_load_2 = load i5 %state_rob_entries_uop_queue_rob_allocation_id_addr_2" [/home/lab_726/boom/hls_boom/src/boom_core_merged.cpp:469]   --->   Operation 284 'load' 'state_rob_entries_uop_queue_rob_allocation_id_load_2' <Predicate = (state_rob_entries_valid_load_3)> <Delay = 1.23> <CoreInst = "RAM">   --->   Core 83 'RAM' <Latency = 1> <II = 1> <Delay = 1.23> <Storage> <Opcode : 'load' 'store'> <Ports = 2> <Width = 32> <Depth = 32> <RAM>
ST_15 : Operation 285 [1/1] (0.00ns)   --->   "%state_execute_alu_results_uop_queue_rob_allocation_id_0_load_2 = load i32 %state_execute_alu_results_uop_queue_rob_allocation_id_0" [/home/lab_726/boom/hls_boom/src/boom_core_merged.cpp:469]   --->   Operation 285 'load' 'state_execute_alu_results_uop_queue_rob_allocation_id_0_load_2' <Predicate = (state_rob_entries_valid_load_3)> <Delay = 0.00>
ST_15 : Operation 286 [1/1] (0.99ns)   --->   "%icmp_ln469 = icmp_eq  i32 %state_rob_entries_uop_queue_rob_allocation_id_load_2, i32 %state_execute_alu_results_uop_queue_rob_allocation_id_0_load_2" [/home/lab_726/boom/hls_boom/src/boom_core_merged.cpp:469]   --->   Operation 286 'icmp' 'icmp_ln469' <Predicate = (state_rob_entries_valid_load_3)> <Delay = 0.99> <CoreInst = "Cmp">   --->   Core 9 'Cmp' <Latency = 0> <II = 1> <Delay = 0.84> <FuncUnit> <Opcode : 'icmp'> <InPorts = 2> <OutPorts = 1>
ST_15 : Operation 287 [1/1] (0.00ns)   --->   "%br_ln468 = br i1 %icmp_ln469, void %._crit_edge12, void" [/home/lab_726/boom/hls_boom/src/boom_core_merged.cpp:468]   --->   Operation 287 'br' 'br_ln468' <Predicate = (state_rob_entries_valid_load_3)> <Delay = 0.00>
ST_15 : Operation 288 [1/1] (0.00ns)   --->   "%store_ln470 = store i1 0, i1 %state_execute_alu_results_valid_0" [/home/lab_726/boom/hls_boom/src/boom_core_merged.cpp:470]   --->   Operation 288 'store' 'store_ln470' <Predicate = (!icmp_ln469) | (!state_rob_entries_valid_load_3)> <Delay = 0.00>
ST_15 : Operation 289 [1/1] (0.00ns)   --->   "%store_ln470 = store i8 0, i8 %state_execute_alu_results_uop_branch_br_mask_0" [/home/lab_726/boom/hls_boom/src/boom_core_merged.cpp:470]   --->   Operation 289 'store' 'store_ln470' <Predicate = (!icmp_ln469) | (!state_rob_entries_valid_load_3)> <Delay = 0.00>
ST_15 : Operation 290 [1/1] (0.00ns)   --->   "%store_ln470 = store i8 0, i8 %state_execute_alu_results_uop_branch_br_tag_0" [/home/lab_726/boom/hls_boom/src/boom_core_merged.cpp:470]   --->   Operation 290 'store' 'store_ln470' <Predicate = (!icmp_ln469) | (!state_rob_entries_valid_load_3)> <Delay = 0.00>
ST_15 : Operation 291 [1/1] (0.00ns)   --->   "%store_ln470 = store i1 0, i1 %state_execute_alu_results_uop_branch_is_br_0" [/home/lab_726/boom/hls_boom/src/boom_core_merged.cpp:470]   --->   Operation 291 'store' 'store_ln470' <Predicate = (!icmp_ln469) | (!state_rob_entries_valid_load_3)> <Delay = 0.00>
ST_15 : Operation 292 [1/1] (0.00ns)   --->   "%store_ln470 = store i1 0, i1 %state_execute_alu_results_uop_branch_is_jalr_0" [/home/lab_726/boom/hls_boom/src/boom_core_merged.cpp:470]   --->   Operation 292 'store' 'store_ln470' <Predicate = (!icmp_ln469) | (!state_rob_entries_valid_load_3)> <Delay = 0.00>
ST_15 : Operation 293 [1/1] (0.00ns)   --->   "%store_ln470 = store i1 0, i1 %state_execute_alu_results_uop_branch_is_jal_0" [/home/lab_726/boom/hls_boom/src/boom_core_merged.cpp:470]   --->   Operation 293 'store' 'store_ln470' <Predicate = (!icmp_ln469) | (!state_rob_entries_valid_load_3)> <Delay = 0.00>
ST_15 : Operation 294 [1/1] (0.00ns)   --->   "%store_ln470 = store i8 0, i8 %state_execute_alu_results_uop_queue_rob_idx_0" [/home/lab_726/boom/hls_boom/src/boom_core_merged.cpp:470]   --->   Operation 294 'store' 'store_ln470' <Predicate = (!icmp_ln469) | (!state_rob_entries_valid_load_3)> <Delay = 0.00>
ST_15 : Operation 295 [1/1] (0.00ns)   --->   "%store_ln470 = store i32 0, i32 %state_execute_alu_results_uop_queue_rob_allocation_id_0" [/home/lab_726/boom/hls_boom/src/boom_core_merged.cpp:470]   --->   Operation 295 'store' 'store_ln470' <Predicate = (!icmp_ln469) | (!state_rob_entries_valid_load_3)> <Delay = 0.00>
ST_15 : Operation 296 [1/1] (0.00ns)   --->   "%store_ln470 = store i8 0, i8 %state_execute_alu_results_uop_rename_pdst_0" [/home/lab_726/boom/hls_boom/src/boom_core_merged.cpp:470]   --->   Operation 296 'store' 'store_ln470' <Predicate = (!icmp_ln469) | (!state_rob_entries_valid_load_3)> <Delay = 0.00>
ST_15 : Operation 297 [1/1] (0.00ns)   --->   "%store_ln470 = store i8 0, i8 %state_execute_alu_results_uop_rename_dst_rtype_0" [/home/lab_726/boom/hls_boom/src/boom_core_merged.cpp:470]   --->   Operation 297 'store' 'store_ln470' <Predicate = (!icmp_ln469) | (!state_rob_entries_valid_load_3)> <Delay = 0.00>
ST_15 : Operation 298 [1/1] (0.00ns)   --->   "%store_ln470 = store i64 0, i64 %state_execute_alu_results_result_0" [/home/lab_726/boom/hls_boom/src/boom_core_merged.cpp:470]   --->   Operation 298 'store' 'store_ln470' <Predicate = (!icmp_ln469) | (!state_rob_entries_valid_load_3)> <Delay = 0.00>
ST_15 : Operation 299 [1/1] (0.00ns)   --->   "%store_ln470 = store i1 0, i1 %state_execute_alu_results_mispredict_0" [/home/lab_726/boom/hls_boom/src/boom_core_merged.cpp:470]   --->   Operation 299 'store' 'store_ln470' <Predicate = (!icmp_ln469) | (!state_rob_entries_valid_load_3)> <Delay = 0.00>
ST_15 : Operation 300 [1/1] (0.00ns)   --->   "%store_ln470 = store i64 0, i64 %state_execute_alu_results_redirect_pc_0" [/home/lab_726/boom/hls_boom/src/boom_core_merged.cpp:470]   --->   Operation 300 'store' 'store_ln470' <Predicate = (!icmp_ln469) | (!state_rob_entries_valid_load_3)> <Delay = 0.00>
ST_15 : Operation 301 [1/1] (0.00ns)   --->   "%store_ln470 = store i1 0, i1 %state_execute_alu_results_memory_valid_0" [/home/lab_726/boom/hls_boom/src/boom_core_merged.cpp:470]   --->   Operation 301 'store' 'store_ln470' <Predicate = (!icmp_ln469) | (!state_rob_entries_valid_load_3)> <Delay = 0.00>
ST_15 : Operation 302 [1/1] (0.00ns)   --->   "%store_ln470 = store i1 0, i1 %state_execute_alu_results_is_load_0" [/home/lab_726/boom/hls_boom/src/boom_core_merged.cpp:470]   --->   Operation 302 'store' 'store_ln470' <Predicate = (!icmp_ln469) | (!state_rob_entries_valid_load_3)> <Delay = 0.00>
ST_15 : Operation 303 [1/1] (0.00ns)   --->   "%store_ln470 = store i1 0, i1 %state_execute_alu_results_is_store_0" [/home/lab_726/boom/hls_boom/src/boom_core_merged.cpp:470]   --->   Operation 303 'store' 'store_ln470' <Predicate = (!icmp_ln469) | (!state_rob_entries_valid_load_3)> <Delay = 0.00>
ST_15 : Operation 304 [1/1] (0.00ns)   --->   "%store_ln470 = store i1 0, i1 %state_execute_alu_results_signed_load_0" [/home/lab_726/boom/hls_boom/src/boom_core_merged.cpp:470]   --->   Operation 304 'store' 'store_ln470' <Predicate = (!icmp_ln469) | (!state_rob_entries_valid_load_3)> <Delay = 0.00>
ST_15 : Operation 305 [1/1] (0.00ns)   --->   "%store_ln470 = store i64 0, i64 %state_execute_alu_results_memory_address_0" [/home/lab_726/boom/hls_boom/src/boom_core_merged.cpp:470]   --->   Operation 305 'store' 'store_ln470' <Predicate = (!icmp_ln469) | (!state_rob_entries_valid_load_3)> <Delay = 0.00>
ST_15 : Operation 306 [1/1] (0.00ns)   --->   "%store_ln470 = store i64 0, i64 %state_execute_alu_results_store_data_0" [/home/lab_726/boom/hls_boom/src/boom_core_merged.cpp:470]   --->   Operation 306 'store' 'store_ln470' <Predicate = (!icmp_ln469) | (!state_rob_entries_valid_load_3)> <Delay = 0.00>
ST_15 : Operation 307 [1/1] (0.00ns)   --->   "%store_ln470 = store i5 0, i5 %state_execute_alu_results_memory_mask_0" [/home/lab_726/boom/hls_boom/src/boom_core_merged.cpp:470]   --->   Operation 307 'store' 'store_ln470' <Predicate = (!icmp_ln469) | (!state_rob_entries_valid_load_3)> <Delay = 0.00>
ST_15 : Operation 308 [1/1] (0.00ns)   --->   "%store_ln470 = store i8 0, i8 %state_execute_alu_results_memory_size_0" [/home/lab_726/boom/hls_boom/src/boom_core_merged.cpp:470]   --->   Operation 308 'store' 'store_ln470' <Predicate = (!icmp_ln469) | (!state_rob_entries_valid_load_3)> <Delay = 0.00>
ST_15 : Operation 309 [1/1] (0.00ns)   --->   "%br_ln471 = br void %_ZN4boomL17complete_selectedER13BoomCoreStateRN12ExecuteState9AluResultE.exit" [/home/lab_726/boom/hls_boom/src/boom_core_merged.cpp:471]   --->   Operation 309 'br' 'br_ln471' <Predicate = (!icmp_ln469) | (!state_rob_entries_valid_load_3)> <Delay = 0.00>
ST_15 : Operation 310 [1/1] (0.00ns)   --->   "%state_execute_alu_results_memory_valid_0_load = load i1 %state_execute_alu_results_memory_valid_0" [/home/lab_726/boom/hls_boom/src/boom_core_merged.cpp:473]   --->   Operation 310 'load' 'state_execute_alu_results_memory_valid_0_load' <Predicate = (state_rob_entries_valid_load_3 & icmp_ln469)> <Delay = 0.00>
ST_15 : Operation 311 [1/1] (0.00ns)   --->   "%br_ln473 = br i1 %state_execute_alu_results_memory_valid_0_load, void, void %._crit_edge14" [/home/lab_726/boom/hls_boom/src/boom_core_merged.cpp:473]   --->   Operation 311 'br' 'br_ln473' <Predicate = (state_rob_entries_valid_load_3 & icmp_ln469)> <Delay = 0.00>
ST_15 : Operation 312 [1/1] (0.00ns)   --->   "%state_execute_alu_results_is_load_0_load = load i1 %state_execute_alu_results_is_load_0" [/home/lab_726/boom/hls_boom/src/boom_core_merged.cpp:473]   --->   Operation 312 'load' 'state_execute_alu_results_is_load_0_load' <Predicate = (state_rob_entries_valid_load_3 & icmp_ln469 & !state_execute_alu_results_memory_valid_0_load)> <Delay = 0.00>
ST_15 : Operation 313 [1/1] (0.00ns)   --->   "%br_ln473 = br i1 %state_execute_alu_results_is_load_0_load, void, void %._crit_edge14" [/home/lab_726/boom/hls_boom/src/boom_core_merged.cpp:473]   --->   Operation 313 'br' 'br_ln473' <Predicate = (state_rob_entries_valid_load_3 & icmp_ln469 & !state_execute_alu_results_memory_valid_0_load)> <Delay = 0.00>
ST_15 : Operation 314 [1/1] (0.00ns)   --->   "%state_execute_alu_results_is_store_0_load = load i1 %state_execute_alu_results_is_store_0" [/home/lab_726/boom/hls_boom/src/boom_core_merged.cpp:473]   --->   Operation 314 'load' 'state_execute_alu_results_is_store_0_load' <Predicate = (state_rob_entries_valid_load_3 & icmp_ln469 & !state_execute_alu_results_memory_valid_0_load & !state_execute_alu_results_is_load_0_load)> <Delay = 0.00>
ST_15 : Operation 315 [1/1] (0.00ns)   --->   "%br_ln473 = br i1 %state_execute_alu_results_is_store_0_load, void %.thread, void %._crit_edge14" [/home/lab_726/boom/hls_boom/src/boom_core_merged.cpp:473]   --->   Operation 315 'br' 'br_ln473' <Predicate = (state_rob_entries_valid_load_3 & icmp_ln469 & !state_execute_alu_results_memory_valid_0_load & !state_execute_alu_results_is_load_0_load)> <Delay = 0.00>

State 16 <SV = 7> <Delay = 1.10>
ST_16 : Operation 316 [1/1] (0.00ns)   --->   "%state_execute_alu_results_uop_branch_br_mask_0_load_1 = load i8 %state_execute_alu_results_uop_branch_br_mask_0" [/home/lab_726/boom/hls_boom/src/boom_core_merged.cpp:474]   --->   Operation 316 'load' 'state_execute_alu_results_uop_branch_br_mask_0_load_1' <Predicate = true> <Delay = 0.00>
ST_16 : Operation 317 [1/1] (0.00ns)   --->   "%state_execute_alu_results_uop_queue_rob_idx_0_load = load i8 %state_execute_alu_results_uop_queue_rob_idx_0" [/home/lab_726/boom/hls_boom/src/boom_core_merged.cpp:474]   --->   Operation 317 'load' 'state_execute_alu_results_uop_queue_rob_idx_0_load' <Predicate = true> <Delay = 0.00>
ST_16 : Operation 318 [1/1] (0.00ns)   --->   "%state_execute_alu_results_is_load_0_load_1 = load i1 %state_execute_alu_results_is_load_0" [/home/lab_726/boom/hls_boom/src/boom_core_merged.cpp:474]   --->   Operation 318 'load' 'state_execute_alu_results_is_load_0_load_1' <Predicate = true> <Delay = 0.00>
ST_16 : Operation 319 [1/1] (0.00ns)   --->   "%state_execute_alu_results_is_store_0_load_1 = load i1 %state_execute_alu_results_is_store_0" [/home/lab_726/boom/hls_boom/src/boom_core_merged.cpp:474]   --->   Operation 319 'load' 'state_execute_alu_results_is_store_0_load_1' <Predicate = true> <Delay = 0.00>
ST_16 : Operation 320 [1/1] (0.00ns)   --->   "%state_execute_alu_results_signed_load_0_load = load i1 %state_execute_alu_results_signed_load_0" [/home/lab_726/boom/hls_boom/src/boom_core_merged.cpp:474]   --->   Operation 320 'load' 'state_execute_alu_results_signed_load_0_load' <Predicate = true> <Delay = 0.00>
ST_16 : Operation 321 [1/1] (0.00ns)   --->   "%state_execute_alu_results_memory_address_0_load = load i64 %state_execute_alu_results_memory_address_0" [/home/lab_726/boom/hls_boom/src/boom_core_merged.cpp:474]   --->   Operation 321 'load' 'state_execute_alu_results_memory_address_0_load' <Predicate = true> <Delay = 0.00>
ST_16 : Operation 322 [1/1] (0.00ns)   --->   "%state_execute_alu_results_store_data_0_load = load i64 %state_execute_alu_results_store_data_0" [/home/lab_726/boom/hls_boom/src/boom_core_merged.cpp:474]   --->   Operation 322 'load' 'state_execute_alu_results_store_data_0_load' <Predicate = true> <Delay = 0.00>
ST_16 : Operation 323 [1/1] (0.00ns)   --->   "%state_execute_alu_results_memory_mask_0_load = load i5 %state_execute_alu_results_memory_mask_0" [/home/lab_726/boom/hls_boom/src/boom_core_merged.cpp:474]   --->   Operation 323 'load' 'state_execute_alu_results_memory_mask_0_load' <Predicate = true> <Delay = 0.00>
ST_16 : Operation 324 [1/1] (0.00ns)   --->   "%state_execute_alu_results_memory_size_0_load = load i8 %state_execute_alu_results_memory_size_0" [/home/lab_726/boom/hls_boom/src/boom_core_merged.cpp:474]   --->   Operation 324 'load' 'state_execute_alu_results_memory_size_0_load' <Predicate = true> <Delay = 0.00>
ST_16 : Operation 325 [2/2] (1.10ns)   --->   "%tmp = call i1 @lsu_accept_completion, i8 %state_execute_alu_results_uop_branch_br_mask_0_load_1, i8 %state_execute_alu_results_uop_queue_rob_idx_0_load, i32 %state_rob_entries_uop_queue_rob_allocation_id_load_2, i1 %state_execute_alu_results_is_load_0_load_1, i1 %state_execute_alu_results_is_store_0_load_1, i1 %state_execute_alu_results_signed_load_0_load, i64 %state_execute_alu_results_memory_address_0_load, i64 %state_execute_alu_results_store_data_0_load, i5 %state_execute_alu_results_memory_mask_0_load, i8 %state_execute_alu_results_memory_size_0_load, i1 %state_rob_entries_valid, i32 %state_rob_entries_uop_queue_rob_allocation_id, i8 %state_lsu_stq_count, i1 %state_rob_entries_memory_valid, i1 %state_rob_entries_is_store, i1 %state_rob_entries_is_load, i1 %state_rob_entries_memory_completed, i64 %state_rob_entries_memory_address, i64 %state_rob_entries_memory_data, i5 %state_rob_entries_memory_mask, i8 %state_rob_entries_memory_size, i1 %state_rob_entries_busy, i3 %state_lsu_stq_tail, i1 %state_lsu_stq_valid, i8 %state_lsu_stq_rob_idx, i32 %state_lsu_stq_rob_allocation_id, i1 %state_lsu_stq_address_valid, i64 %state_lsu_stq_address, i1 %state_lsu_stq_data_valid, i64 %state_lsu_stq_data, i8 %state_lsu_stq_mask, i8 %state_lsu_stq_size, i8 %state_lsu_stq_branch_mask, i8 %state_lsu_ldq_count, i1 %state_rob_entries_signed_load, i3 %state_lsu_ldq_tail, i1 %state_lsu_ldq_valid, i8 %state_lsu_ldq_rob_idx, i32 %state_lsu_ldq_rob_allocation_id, i64 %state_lsu_ldq_address, i8 %state_lsu_ldq_size, i1 %state_lsu_ldq_signed_load, i8 %state_lsu_ldq_branch_mask" [/home/lab_726/boom/hls_boom/src/boom_core_merged.cpp:474]   --->   Operation 325 'call' 'tmp' <Predicate = true> <Delay = 1.10> <CoreType = "Generic">   --->   Core 0 '' <Latency = 0> <II = 1> <Delay = 1.00> <Generic> <Opcode : >

State 17 <SV = 8> <Delay = 1.18>
ST_17 : Operation 326 [1/2] (1.18ns)   --->   "%tmp = call i1 @lsu_accept_completion, i8 %state_execute_alu_results_uop_branch_br_mask_0_load_1, i8 %state_execute_alu_results_uop_queue_rob_idx_0_load, i32 %state_rob_entries_uop_queue_rob_allocation_id_load_2, i1 %state_execute_alu_results_is_load_0_load_1, i1 %state_execute_alu_results_is_store_0_load_1, i1 %state_execute_alu_results_signed_load_0_load, i64 %state_execute_alu_results_memory_address_0_load, i64 %state_execute_alu_results_store_data_0_load, i5 %state_execute_alu_results_memory_mask_0_load, i8 %state_execute_alu_results_memory_size_0_load, i1 %state_rob_entries_valid, i32 %state_rob_entries_uop_queue_rob_allocation_id, i8 %state_lsu_stq_count, i1 %state_rob_entries_memory_valid, i1 %state_rob_entries_is_store, i1 %state_rob_entries_is_load, i1 %state_rob_entries_memory_completed, i64 %state_rob_entries_memory_address, i64 %state_rob_entries_memory_data, i5 %state_rob_entries_memory_mask, i8 %state_rob_entries_memory_size, i1 %state_rob_entries_busy, i3 %state_lsu_stq_tail, i1 %state_lsu_stq_valid, i8 %state_lsu_stq_rob_idx, i32 %state_lsu_stq_rob_allocation_id, i1 %state_lsu_stq_address_valid, i64 %state_lsu_stq_address, i1 %state_lsu_stq_data_valid, i64 %state_lsu_stq_data, i8 %state_lsu_stq_mask, i8 %state_lsu_stq_size, i8 %state_lsu_stq_branch_mask, i8 %state_lsu_ldq_count, i1 %state_rob_entries_signed_load, i3 %state_lsu_ldq_tail, i1 %state_lsu_ldq_valid, i8 %state_lsu_ldq_rob_idx, i32 %state_lsu_ldq_rob_allocation_id, i64 %state_lsu_ldq_address, i8 %state_lsu_ldq_size, i1 %state_lsu_ldq_signed_load, i8 %state_lsu_ldq_branch_mask" [/home/lab_726/boom/hls_boom/src/boom_core_merged.cpp:474]   --->   Operation 326 'call' 'tmp' <Predicate = (state_execute_alu_results_is_store_0_load) | (state_execute_alu_results_is_load_0_load) | (state_execute_alu_results_memory_valid_0_load)> <Delay = 1.18> <CoreType = "Generic">   --->   Core 0 '' <Latency = 0> <II = 1> <Delay = 1.00> <Generic> <Opcode : >
ST_17 : Operation 327 [1/1] (0.00ns)   --->   "%br_ln473 = br i1 %tmp, void %_ZN4boomL17complete_selectedER13BoomCoreStateRN12ExecuteState9AluResultE.exit, void" [/home/lab_726/boom/hls_boom/src/boom_core_merged.cpp:473]   --->   Operation 327 'br' 'br_ln473' <Predicate = (state_execute_alu_results_is_store_0_load) | (state_execute_alu_results_is_load_0_load) | (state_execute_alu_results_memory_valid_0_load)> <Delay = 0.00>
ST_17 : Operation 328 [1/1] (0.42ns)   --->   "%br_ln477 = br i1 %state_execute_alu_results_is_load_0_load_1, void %.thread, void %._crit_edge19" [/home/lab_726/boom/hls_boom/src/boom_core_merged.cpp:477]   --->   Operation 328 'br' 'br_ln477' <Predicate = (state_execute_alu_results_is_store_0_load & tmp) | (state_execute_alu_results_is_load_0_load & tmp) | (state_execute_alu_results_memory_valid_0_load & tmp)> <Delay = 0.42>


============================================================
+ Verbose Summary: Timing violations
============================================================
Target clock period: 10ns, clock uncertainty: 2.7ns.

 <State 1>: 1.24ns
The critical path consists of the following:
	'load' operation ('mem_idx', /home/lab_726/boom/hls_boom/src/boom_core_merged.cpp:506) on static variable 'state_execute_alu_results_uop_queue_rob_idx_0' [349]  (0 ns)
	'getelementptr' operation ('state_rob_entries_uop_queue_rob_allocation_id_addr', /home/lab_726/boom/hls_boom/src/boom_core_merged.cpp:509) [358]  (0 ns)
	'load' operation ('state_rob_entries_uop_queue_rob_allocation_id_load', /home/lab_726/boom/hls_boom/src/boom_core_merged.cpp:509) on array 'state_rob_entries_uop_queue_rob_allocation_id' [359]  (1.24 ns)

 <State 2>: 3.23ns
The critical path consists of the following:
	'load' operation ('state_rob_entries_uop_queue_rob_allocation_id_load_1', /home/lab_726/boom/hls_boom/src/boom_core_merged.cpp:511) on array 'state_rob_entries_uop_queue_rob_allocation_id' [373]  (1.24 ns)
	'icmp' operation ('icmp_ln511', /home/lab_726/boom/hls_boom/src/boom_core_merged.cpp:511) [375]  (0.991 ns)
	'and' operation ('and_ln510_1', /home/lab_726/boom/hls_boom/src/boom_core_merged.cpp:510) [377]  (0 ns)
	'and' operation ('int_valid', /home/lab_726/boom/hls_boom/src/boom_core_merged.cpp:510) [378]  (0.287 ns)
	'or' operation ('or_ln513', /home/lab_726/boom/hls_boom/src/boom_core_merged.cpp:513) [409]  (0.287 ns)
	multiplexor before 'phi' operation ('state_execute_alu_results_uop_queue_rob_allocation_id_1_load_1', /home/lab_726/boom/hls_boom/src/boom_core_merged.cpp:511) with incoming values : ('state_execute_alu_results_uop_queue_rob_allocation_id_1_load', /home/lab_726/boom/hls_boom/src/boom_core_merged.cpp:511) [435]  (0.427 ns)
	'phi' operation ('state_execute_alu_results_uop_queue_rob_allocation_id_1_load_1', /home/lab_726/boom/hls_boom/src/boom_core_merged.cpp:511) with incoming values : ('state_execute_alu_results_uop_queue_rob_allocation_id_1_load', /home/lab_726/boom/hls_boom/src/boom_core_merged.cpp:511) [435]  (0 ns)

 <State 3>: 1.1ns
The critical path consists of the following:
	'call' operation ('call_ln467', /home/lab_726/boom/hls_boom/src/boom_core_merged.cpp:467) to 'branch_complete' [462]  (1.1 ns)

 <State 4>: 0ns
The critical path consists of the following:

 <State 5>: 0.677ns
The critical path consists of the following:
	'getelementptr' operation ('state_rob_entries_valid_addr_4', /home/lab_726/boom/hls_boom/src/boom_core_merged.cpp:468) [466]  (0 ns)
	'load' operation ('state_rob_entries_valid_load_4', /home/lab_726/boom/hls_boom/src/boom_core_merged.cpp:468) on array 'state_rob_entries_valid' [467]  (0.677 ns)

 <State 6>: 1.24ns
The critical path consists of the following:
	'getelementptr' operation ('state_rob_entries_uop_queue_rob_allocation_id_addr_3', /home/lab_726/boom/hls_boom/src/boom_core_merged.cpp:469) [470]  (0 ns)
	'load' operation ('state_rob_entries_uop_queue_rob_allocation_id_load_3', /home/lab_726/boom/hls_boom/src/boom_core_merged.cpp:469) on array 'state_rob_entries_uop_queue_rob_allocation_id' [471]  (1.24 ns)

 <State 7>: 2.23ns
The critical path consists of the following:
	'load' operation ('state_rob_entries_uop_queue_rob_allocation_id_load_3', /home/lab_726/boom/hls_boom/src/boom_core_merged.cpp:469) on array 'state_rob_entries_uop_queue_rob_allocation_id' [471]  (1.24 ns)
	'icmp' operation ('icmp_ln469_1', /home/lab_726/boom/hls_boom/src/boom_core_merged.cpp:469) [473]  (0.991 ns)

 <State 8>: 1.1ns
The critical path consists of the following:
	'load' operation ('state_execute_alu_results_uop_branch_br_mask_1_load_1', /home/lab_726/boom/hls_boom/src/boom_core_merged.cpp:474) on static variable 'state_execute_alu_results_uop_branch_br_mask_1' [508]  (0 ns)
	'call' operation ('tmp_8', /home/lab_726/boom/hls_boom/src/boom_core_merged.cpp:474) to 'lsu_accept_completion' [517]  (1.1 ns)

 <State 9>: 1.18ns
The critical path consists of the following:
	'call' operation ('tmp_8', /home/lab_726/boom/hls_boom/src/boom_core_merged.cpp:474) to 'lsu_accept_completion' [517]  (1.18 ns)

 <State 10>: 2.37ns
The critical path consists of the following:
	'load' operation ('state_execute_alu_results_uop_rename_pdst_0_load', /home/lab_726/boom/hls_boom/src/boom_core_merged.cpp:479) on static variable 'state_execute_alu_results_uop_rename_pdst_0' [652]  (0 ns)
	'getelementptr' operation ('state_int_rf_addr', /home/lab_726/boom/hls_boom/src/boom_core_merged.cpp:480) [658]  (0 ns)
	'store' operation ('store_ln480', /home/lab_726/boom/hls_boom/src/boom_core_merged.cpp:480) of variable 'state_execute_alu_results_result_0_load', /home/lab_726/boom/hls_boom/src/boom_core_merged.cpp:480 on array 'state_int_rf' [659]  (1.24 ns)
	blocking operation 1.14 ns on control path)

 <State 11>: 1.1ns
The critical path consists of the following:
	'call' operation ('call_ln467', /home/lab_726/boom/hls_boom/src/boom_core_merged.cpp:467) to 'branch_complete' [582]  (1.1 ns)

 <State 12>: 0ns
The critical path consists of the following:

 <State 13>: 0.677ns
The critical path consists of the following:
	'getelementptr' operation ('state_rob_entries_valid_addr_3', /home/lab_726/boom/hls_boom/src/boom_core_merged.cpp:468) [586]  (0 ns)
	'load' operation ('state_rob_entries_valid_load_3', /home/lab_726/boom/hls_boom/src/boom_core_merged.cpp:468) on array 'state_rob_entries_valid' [587]  (0.677 ns)

 <State 14>: 1.24ns
The critical path consists of the following:
	'getelementptr' operation ('state_rob_entries_uop_queue_rob_allocation_id_addr_2', /home/lab_726/boom/hls_boom/src/boom_core_merged.cpp:469) [590]  (0 ns)
	'load' operation ('state_rob_entries_uop_queue_rob_allocation_id_load_2', /home/lab_726/boom/hls_boom/src/boom_core_merged.cpp:469) on array 'state_rob_entries_uop_queue_rob_allocation_id' [591]  (1.24 ns)

 <State 15>: 2.23ns
The critical path consists of the following:
	'load' operation ('state_rob_entries_uop_queue_rob_allocation_id_load_2', /home/lab_726/boom/hls_boom/src/boom_core_merged.cpp:469) on array 'state_rob_entries_uop_queue_rob_allocation_id' [591]  (1.24 ns)
	'icmp' operation ('icmp_ln469', /home/lab_726/boom/hls_boom/src/boom_core_merged.cpp:469) [593]  (0.991 ns)

 <State 16>: 1.1ns
The critical path consists of the following:
	'load' operation ('state_execute_alu_results_uop_branch_br_mask_0_load_1', /home/lab_726/boom/hls_boom/src/boom_core_merged.cpp:474) on static variable 'state_execute_alu_results_uop_branch_br_mask_0' [628]  (0 ns)
	'call' operation ('tmp', /home/lab_726/boom/hls_boom/src/boom_core_merged.cpp:474) to 'lsu_accept_completion' [637]  (1.1 ns)

 <State 17>: 1.18ns
The critical path consists of the following:
	'call' operation ('tmp', /home/lab_726/boom/hls_boom/src/boom_core_merged.cpp:474) to 'lsu_accept_completion' [637]  (1.18 ns)


============================================================
+ Verbose Summary: Binding
============================================================
N/A
* FSMD analyzer results:
  - Output states:
 - Input state : 
  - Chain level:
	State 1
	State 2
	State 3
	State 4
	State 5
	State 6
	State 7
	State 8
	State 9
	State 10
	State 11
	State 12
	State 13
	State 14
	State 15
	State 16
	State 17


============================================================
+ Verbose Summary: Datapath Resource usage 
============================================================
N/A
