

================================================================
== Vitis HLS Report for 'begin_completion_cycle'
================================================================
* Date:           Mon Aug  3 11:23:53 2026

* Version:        2021.2 (Build 3367213 on Tue Oct 19 02:47:39 MDT 2021)
* Project:        synth_completion_top
* Solution:       solution_w4c_csynth (Vivado IP Flow Target)
* Product family: zynquplus
* Target device:  xczu7ev-ffvc1156-2-e


================================================================
== Performance Estimates
================================================================
+ Timing: 
    * Summary: 
    +--------+----------+----------+------------+
    |  Clock |  Target  | Estimated| Uncertainty|
    +--------+----------+----------+------------+
    |ap_clk  |  10.00 ns|  6.443 ns|     2.70 ns|
    +--------+----------+----------+------------+

+ Latency: 
    * Summary: 
    +---------+---------+----------+----------+-----+-----+---------+
    |  Latency (cycles) |  Latency (absolute) |  Interval | Pipeline|
    |   min   |   max   |    min   |    max   | min | max |   Type  |
    +---------+---------+----------+----------+-----+-----+---------+
    |       61|      541|  0.610 us|  5.410 us|   61|  541|       no|
    +---------+---------+----------+----------+-----+-----+---------+

    + Detail: 
        * Instance: 
        +--------------------------------+---------------------+---------+---------+-----------+-----------+-----+-----+---------+
        |                                |                     |  Latency (cycles) |   Latency (absolute)  |  Interval | Pipeline|
        |            Instance            |        Module       |   min   |   max   |    min    |    max    | min | max |   Type  |
        +--------------------------------+---------------------+---------+---------+-----------+-----------+-----+-----+---------+
        |grp_completion_is_valid_fu_435  |completion_is_valid  |        1|        1|  10.000 ns|  10.000 ns|    1|    1|       no|
        |grp_service_pending_fu_461      |service_pending      |       14|      485|   0.140 us|   4.850 us|   14|  485|       no|
        +--------------------------------+---------------------+---------+---------+-----------+-----------+-----+-----+---------+

        * Loop: 
        +---------------------+---------+---------+----------+-----------+-----------+-------+----------+
        |                     |  Latency (cycles) | Iteration|  Initiation Interval  |  Trip |          |
        |      Loop Name      |   min   |   max   |  Latency |  achieved |   target  | Count | Pipelined|
        +---------------------+---------+---------+----------+-----------+-----------+-------+----------+
        |- VITIS_LOOP_684_1   |        3|        3|         1|          -|          -|      3|        no|
        |- VITIS_LOOP_686_2   |        3|        3|         1|          -|          -|      3|        no|
        |- VITIS_LOOP_691_3   |       15|       15|         5|          -|          -|      3|        no|
        |- VITIS_LOOP_698_4   |        9|        9|         3|          -|          -|      3|        no|
        |- VITIS_LOOP_708_5   |        3|        3|         1|          -|          -|      3|        no|
        |- VITIS_LOOP_712_6   |        6|       12|     2 ~ 4|          -|          -|      3|        no|
        | + VITIS_LOOP_714_7  |        0|        2|         1|          -|          -|  0 ~ 2|        no|
        |- VITIS_LOOP_741_8   |        3|        3|         1|          -|          -|      3|        no|
        +---------------------+---------+---------+----------+-----------+-----------+-------+----------+

============================================================
+ Verbose Summary: Synthesis Manager
============================================================
InlineROM: 1
ExposeGlobal: 0
============================================================
+ Verbose Summary: CDFG Model
============================================================
IsTopModel: 0
ResetActiveHigh: 1
IsCombinational: 0
IsDatapathOnly: 0
HasWiredReturn: 1
HasMFsm: 0
HasVarLatency: 1
IsPipeline: 0
IsRtlPipelined: 0
IsInstanceOverlapped: 0
IsDontTouch: 0
HasImplIP: 0
IsGatedGlobalClock: 0


============================================================
+ Verbose Summary: Schedule
============================================================
* Number of FSM states : 14
* Pipeline : 0
* Dataflow Pipeline: 0

* FSM state transitions: 
1 --> 2 
2 --> 2 3 
3 --> 3 4 
4 --> 5 8 
5 --> 6 
6 --> 7 
7 --> 4 
8 --> 9 10 
9 --> 8 
10 --> 10 11 
11 --> 12 13 
12 --> 12 11 
13 --> 13 14 
14 --> 

* FSM state operations: 

State 1 <SV = 0> <Delay = 1.01>
ST_1 : Operation 15 [1/1] (0.00ns)   --->   "%store_ln972 = store i8 0, i8 %state_completion_rob_completes_this_cycle" [/home/lab_726/boom/hls_boom/src/boom_core_merged.cpp:972]   --->   Operation 15 'store' 'store_ln972' <Predicate = true> <Delay = 0.00>
ST_1 : Operation 16 [1/1] (0.00ns)   --->   "%store_ln973 = store i8 0, i8 %state_completion_prf_writes_this_cycle" [/home/lab_726/boom/hls_boom/src/boom_core_merged.cpp:973]   --->   Operation 16 'store' 'store_ln973' <Predicate = true> <Delay = 0.00>
ST_1 : Operation 17 [1/1] (0.00ns)   --->   "%state_completion_mem_execute_valid_load = load i1 %state_completion_mem_execute_valid" [/home/lab_726/boom/hls_boom/src/boom_core_merged.cpp:809]   --->   Operation 17 'load' 'state_completion_mem_execute_valid_load' <Predicate = true> <Delay = 0.00>
ST_1 : Operation 18 [1/1] (0.47ns)   --->   "%br_ln809 = br i1 %state_completion_mem_execute_valid_load, void, void %._crit_edge3" [/home/lab_726/boom/hls_boom/src/boom_core_merged.cpp:809]   --->   Operation 18 'br' 'br_ln809' <Predicate = true> <Delay = 0.47>
ST_1 : Operation 19 [1/1] (0.00ns)   --->   "%state_execute_alu_results_valid_0_load = load i1 %state_execute_alu_results_valid_0" [/home/lab_726/boom/hls_boom/src/boom_core_merged.cpp:810]   --->   Operation 19 'load' 'state_execute_alu_results_valid_0_load' <Predicate = (!state_completion_mem_execute_valid_load)> <Delay = 0.00>
ST_1 : Operation 20 [1/1] (0.47ns)   --->   "%br_ln809 = br i1 %state_execute_alu_results_valid_0_load, void %._crit_edge3, void %_ifconv99" [/home/lab_726/boom/hls_boom/src/boom_core_merged.cpp:809]   --->   Operation 20 'br' 'br_ln809' <Predicate = (!state_completion_mem_execute_valid_load)> <Delay = 0.47>
ST_1 : Operation 21 [1/1] (0.42ns)   --->   "%store_ln498 = store i1 1, i1 %state_completion_mem_execute_valid" [/home/lab_726/boom/hls_boom/src/boom_core_merged.cpp:498]   --->   Operation 21 'store' 'store_ln498' <Predicate = (!state_completion_mem_execute_valid_load & state_execute_alu_results_valid_0_load)> <Delay = 0.42>
ST_1 : Operation 22 [1/1] (0.42ns)   --->   "%store_ln499 = store i1 1, i1 %state_completion_mem_execute_source" [/home/lab_726/boom/hls_boom/src/boom_core_merged.cpp:499]   --->   Operation 22 'store' 'store_ln499' <Predicate = (!state_completion_mem_execute_valid_load & state_execute_alu_results_valid_0_load)> <Delay = 0.42>
ST_1 : Operation 23 [1/1] (0.00ns)   --->   "%state_execute_alu_results_uop_branch_is_br_0_load = load i1 %state_execute_alu_results_uop_branch_is_br_0" [/home/lab_726/boom/hls_boom/src/boom_core_merged.cpp:475]   --->   Operation 23 'load' 'state_execute_alu_results_uop_branch_is_br_0_load' <Predicate = (!state_completion_mem_execute_valid_load & state_execute_alu_results_valid_0_load)> <Delay = 0.00>
ST_1 : Operation 24 [1/1] (0.00ns)   --->   "%state_execute_alu_results_uop_branch_is_jalr_0_load = load i1 %state_execute_alu_results_uop_branch_is_jalr_0" [/home/lab_726/boom/hls_boom/src/boom_core_merged.cpp:504]   --->   Operation 24 'load' 'state_execute_alu_results_uop_branch_is_jalr_0_load' <Predicate = (!state_completion_mem_execute_valid_load & state_execute_alu_results_valid_0_load)> <Delay = 0.00>
ST_1 : Operation 25 [1/1] (0.00ns)   --->   "%state_execute_alu_results_uop_branch_is_jal_0_load = load i1 %state_execute_alu_results_uop_branch_is_jal_0" [/home/lab_726/boom/hls_boom/src/boom_core_merged.cpp:504]   --->   Operation 25 'load' 'state_execute_alu_results_uop_branch_is_jal_0_load' <Predicate = (!state_completion_mem_execute_valid_load & state_execute_alu_results_valid_0_load)> <Delay = 0.00>
ST_1 : Operation 26 [1/1] (0.00ns) (grouped into LUT with out node select_ln475)   --->   "%or_ln475 = or i1 %state_execute_alu_results_uop_branch_is_jal_0_load, i1 %state_execute_alu_results_uop_branch_is_jalr_0_load" [/home/lab_726/boom/hls_boom/src/boom_core_merged.cpp:475]   --->   Operation 26 'or' 'or_ln475' <Predicate = (!state_completion_mem_execute_valid_load & state_execute_alu_results_valid_0_load)> <Delay = 0.00> <CoreInst = "LogicGate">   --->   Core 74 'LogicGate' <Latency = 0> <II = 1> <Delay = 0.28> <FuncUnit> <Opcode : 'and' 'or' 'xor'> <InPorts = 2> <OutPorts = 1>
ST_1 : Operation 27 [1/1] (0.00ns) (grouped into LUT with out node select_ln475)   --->   "%or_ln475_2 = or i1 %state_execute_alu_results_uop_branch_is_br_0_load, i1 %or_ln475" [/home/lab_726/boom/hls_boom/src/boom_core_merged.cpp:475]   --->   Operation 27 'or' 'or_ln475_2' <Predicate = (!state_completion_mem_execute_valid_load & state_execute_alu_results_valid_0_load)> <Delay = 0.00> <CoreInst = "LogicGate">   --->   Core 74 'LogicGate' <Latency = 0> <II = 1> <Delay = 0.28> <FuncUnit> <Opcode : 'and' 'or' 'xor'> <InPorts = 2> <OutPorts = 1>
ST_1 : Operation 28 [1/1] (0.28ns) (out node of the LUT)   --->   "%select_ln475 = select i1 %or_ln475_2, i3 5, i3 1" [/home/lab_726/boom/hls_boom/src/boom_core_merged.cpp:475]   --->   Operation 28 'select' 'select_ln475' <Predicate = (!state_completion_mem_execute_valid_load & state_execute_alu_results_valid_0_load)> <Delay = 0.28> <CoreInst = "Sel">   --->   Core 73 'Sel' <Latency = 0> <II = 1> <Delay = 0.42> <FuncUnit> <Opcode : 'select'> <InPorts = 3> <OutPorts = 1>
ST_1 : Operation 29 [1/1] (0.42ns)   --->   "%store_ln500 = store i3 %select_ln475, i3 %state_completion_mem_execute_kind" [/home/lab_726/boom/hls_boom/src/boom_core_merged.cpp:500]   --->   Operation 29 'store' 'store_ln500' <Predicate = (!state_completion_mem_execute_valid_load & state_execute_alu_results_valid_0_load)> <Delay = 0.42>
ST_1 : Operation 30 [1/1] (0.00ns)   --->   "%state_execute_alu_results_uop_branch_br_mask_0_load = load i8 %state_execute_alu_results_uop_branch_br_mask_0" [/home/lab_726/boom/hls_boom/src/boom_core_merged.cpp:504]   --->   Operation 30 'load' 'state_execute_alu_results_uop_branch_br_mask_0_load' <Predicate = (!state_completion_mem_execute_valid_load & state_execute_alu_results_valid_0_load)> <Delay = 0.00>
ST_1 : Operation 31 [1/1] (0.00ns)   --->   "%state_execute_alu_results_uop_branch_br_tag_0_load = load i1 %state_execute_alu_results_uop_branch_br_tag_0" [/home/lab_726/boom/hls_boom/src/boom_core_merged.cpp:504]   --->   Operation 31 'load' 'state_execute_alu_results_uop_branch_br_tag_0_load' <Predicate = (!state_completion_mem_execute_valid_load & state_execute_alu_results_valid_0_load)> <Delay = 0.00>
ST_1 : Operation 32 [1/1] (0.00ns)   --->   "%state_execute_alu_results_uop_queue_rob_idx_0_load = load i5 %state_execute_alu_results_uop_queue_rob_idx_0" [/home/lab_726/boom/hls_boom/src/boom_core_merged.cpp:504]   --->   Operation 32 'load' 'state_execute_alu_results_uop_queue_rob_idx_0_load' <Predicate = (!state_completion_mem_execute_valid_load & state_execute_alu_results_valid_0_load)> <Delay = 0.00>
ST_1 : Operation 33 [1/1] (0.00ns)   --->   "%state_execute_alu_results_uop_queue_rob_allocation_id_0_load = load i2 %state_execute_alu_results_uop_queue_rob_allocation_id_0" [/home/lab_726/boom/hls_boom/src/boom_core_merged.cpp:504]   --->   Operation 33 'load' 'state_execute_alu_results_uop_queue_rob_allocation_id_0_load' <Predicate = (!state_completion_mem_execute_valid_load & state_execute_alu_results_valid_0_load)> <Delay = 0.00>
ST_1 : Operation 34 [1/1] (0.00ns)   --->   "%state_execute_alu_results_uop_rename_pdst_0_load = load i2 %state_execute_alu_results_uop_rename_pdst_0" [/home/lab_726/boom/hls_boom/src/boom_core_merged.cpp:504]   --->   Operation 34 'load' 'state_execute_alu_results_uop_rename_pdst_0_load' <Predicate = (!state_completion_mem_execute_valid_load & state_execute_alu_results_valid_0_load)> <Delay = 0.00>
ST_1 : Operation 35 [1/1] (0.42ns)   --->   "%store_ln504 = store i8 %state_execute_alu_results_uop_branch_br_mask_0_load, i8 %state_completion_mem_execute_uop_branch_br_mask" [/home/lab_726/boom/hls_boom/src/boom_core_merged.cpp:504]   --->   Operation 35 'store' 'store_ln504' <Predicate = (!state_completion_mem_execute_valid_load & state_execute_alu_results_valid_0_load)> <Delay = 0.42>
ST_1 : Operation 36 [1/1] (0.42ns)   --->   "%store_ln504 = store i1 %state_execute_alu_results_uop_branch_br_tag_0_load, i1 %state_completion_mem_execute_uop_branch_br_tag" [/home/lab_726/boom/hls_boom/src/boom_core_merged.cpp:504]   --->   Operation 36 'store' 'store_ln504' <Predicate = (!state_completion_mem_execute_valid_load & state_execute_alu_results_valid_0_load)> <Delay = 0.42>
ST_1 : Operation 37 [1/1] (0.42ns)   --->   "%store_ln504 = store i5 %state_execute_alu_results_uop_queue_rob_idx_0_load, i5 %state_completion_mem_execute_uop_queue_rob_idx" [/home/lab_726/boom/hls_boom/src/boom_core_merged.cpp:504]   --->   Operation 37 'store' 'store_ln504' <Predicate = (!state_completion_mem_execute_valid_load & state_execute_alu_results_valid_0_load)> <Delay = 0.42>
ST_1 : Operation 38 [1/1] (0.42ns)   --->   "%store_ln504 = store i2 %state_execute_alu_results_uop_queue_rob_allocation_id_0_load, i2 %state_completion_mem_execute_uop_queue_rob_allocation_id" [/home/lab_726/boom/hls_boom/src/boom_core_merged.cpp:504]   --->   Operation 38 'store' 'store_ln504' <Predicate = (!state_completion_mem_execute_valid_load & state_execute_alu_results_valid_0_load)> <Delay = 0.42>
ST_1 : Operation 39 [1/1] (0.42ns)   --->   "%store_ln504 = store i2 %state_execute_alu_results_uop_rename_pdst_0_load, i2 %state_completion_mem_execute_uop_rename_pdst" [/home/lab_726/boom/hls_boom/src/boom_core_merged.cpp:504]   --->   Operation 39 'store' 'store_ln504' <Predicate = (!state_completion_mem_execute_valid_load & state_execute_alu_results_valid_0_load)> <Delay = 0.42>
ST_1 : Operation 40 [1/1] (0.44ns)   --->   "%icmp_ln508 = icmp_ne  i2 %state_execute_alu_results_uop_rename_pdst_0_load, i2 0" [/home/lab_726/boom/hls_boom/src/boom_core_merged.cpp:508]   --->   Operation 40 'icmp' 'icmp_ln508' <Predicate = (!state_completion_mem_execute_valid_load & state_execute_alu_results_valid_0_load)> <Delay = 0.44> <CoreInst = "Cmp">   --->   Core 9 'Cmp' <Latency = 0> <II = 1> <Delay = 0.84> <FuncUnit> <Opcode : 'icmp'> <InPorts = 2> <OutPorts = 1>
ST_1 : Operation 41 [1/1] (0.42ns)   --->   "%store_ln505 = store i1 %icmp_ln508, i1 %state_completion_mem_execute_writes_prf" [/home/lab_726/boom/hls_boom/src/boom_core_merged.cpp:505]   --->   Operation 41 'store' 'store_ln505' <Predicate = (!state_completion_mem_execute_valid_load & state_execute_alu_results_valid_0_load)> <Delay = 0.42>
ST_1 : Operation 42 [1/1] (0.00ns)   --->   "%state_execute_alu_results_result_0_load = load i64 %state_execute_alu_results_result_0" [/home/lab_726/boom/hls_boom/src/boom_core_merged.cpp:511]   --->   Operation 42 'load' 'state_execute_alu_results_result_0_load' <Predicate = (!state_completion_mem_execute_valid_load & state_execute_alu_results_valid_0_load)> <Delay = 0.00>
ST_1 : Operation 43 [1/1] (0.42ns)   --->   "%store_ln511 = store i64 %state_execute_alu_results_result_0_load, i64 %state_completion_mem_execute_value" [/home/lab_726/boom/hls_boom/src/boom_core_merged.cpp:511]   --->   Operation 43 'store' 'store_ln511' <Predicate = (!state_completion_mem_execute_valid_load & state_execute_alu_results_valid_0_load)> <Delay = 0.42>
ST_1 : Operation 44 [1/1] (0.00ns)   --->   "%store_ln814 = store i1 0, i1 %state_execute_alu_results_valid_0" [/home/lab_726/boom/hls_boom/src/boom_core_merged.cpp:814]   --->   Operation 44 'store' 'store_ln814' <Predicate = (!state_completion_mem_execute_valid_load & state_execute_alu_results_valid_0_load)> <Delay = 0.00>
ST_1 : Operation 45 [1/1] (0.00ns)   --->   "%store_ln814 = store i8 0, i8 %state_execute_alu_results_uop_branch_br_mask_0" [/home/lab_726/boom/hls_boom/src/boom_core_merged.cpp:814]   --->   Operation 45 'store' 'store_ln814' <Predicate = (!state_completion_mem_execute_valid_load & state_execute_alu_results_valid_0_load)> <Delay = 0.00>
ST_1 : Operation 46 [1/1] (0.00ns)   --->   "%store_ln814 = store i1 0, i1 %state_execute_alu_results_uop_branch_br_tag_0" [/home/lab_726/boom/hls_boom/src/boom_core_merged.cpp:814]   --->   Operation 46 'store' 'store_ln814' <Predicate = (!state_completion_mem_execute_valid_load & state_execute_alu_results_valid_0_load)> <Delay = 0.00>
ST_1 : Operation 47 [1/1] (0.00ns)   --->   "%store_ln814 = store i1 0, i1 %state_execute_alu_results_uop_branch_is_br_0" [/home/lab_726/boom/hls_boom/src/boom_core_merged.cpp:814]   --->   Operation 47 'store' 'store_ln814' <Predicate = (!state_completion_mem_execute_valid_load & state_execute_alu_results_valid_0_load)> <Delay = 0.00>
ST_1 : Operation 48 [1/1] (0.00ns)   --->   "%store_ln814 = store i1 0, i1 %state_execute_alu_results_uop_branch_is_jalr_0" [/home/lab_726/boom/hls_boom/src/boom_core_merged.cpp:814]   --->   Operation 48 'store' 'store_ln814' <Predicate = (!state_completion_mem_execute_valid_load & state_execute_alu_results_valid_0_load)> <Delay = 0.00>
ST_1 : Operation 49 [1/1] (0.00ns)   --->   "%store_ln814 = store i1 0, i1 %state_execute_alu_results_uop_branch_is_jal_0" [/home/lab_726/boom/hls_boom/src/boom_core_merged.cpp:814]   --->   Operation 49 'store' 'store_ln814' <Predicate = (!state_completion_mem_execute_valid_load & state_execute_alu_results_valid_0_load)> <Delay = 0.00>
ST_1 : Operation 50 [1/1] (0.00ns)   --->   "%store_ln814 = store i5 0, i5 %state_execute_alu_results_uop_queue_rob_idx_0" [/home/lab_726/boom/hls_boom/src/boom_core_merged.cpp:814]   --->   Operation 50 'store' 'store_ln814' <Predicate = (!state_completion_mem_execute_valid_load & state_execute_alu_results_valid_0_load)> <Delay = 0.00>
ST_1 : Operation 51 [1/1] (0.00ns)   --->   "%store_ln814 = store i2 0, i2 %state_execute_alu_results_uop_queue_rob_allocation_id_0" [/home/lab_726/boom/hls_boom/src/boom_core_merged.cpp:814]   --->   Operation 51 'store' 'store_ln814' <Predicate = (!state_completion_mem_execute_valid_load & state_execute_alu_results_valid_0_load)> <Delay = 0.00>
ST_1 : Operation 52 [1/1] (0.00ns)   --->   "%store_ln814 = store i2 0, i2 %state_execute_alu_results_uop_rename_pdst_0" [/home/lab_726/boom/hls_boom/src/boom_core_merged.cpp:814]   --->   Operation 52 'store' 'store_ln814' <Predicate = (!state_completion_mem_execute_valid_load & state_execute_alu_results_valid_0_load)> <Delay = 0.00>
ST_1 : Operation 53 [1/1] (0.00ns)   --->   "%store_ln814 = store i64 0, i64 %state_execute_alu_results_result_0" [/home/lab_726/boom/hls_boom/src/boom_core_merged.cpp:814]   --->   Operation 53 'store' 'store_ln814' <Predicate = (!state_completion_mem_execute_valid_load & state_execute_alu_results_valid_0_load)> <Delay = 0.00>
ST_1 : Operation 54 [1/1] (0.47ns)   --->   "%br_ln815 = br void %._crit_edge3" [/home/lab_726/boom/hls_boom/src/boom_core_merged.cpp:815]   --->   Operation 54 'br' 'br_ln815' <Predicate = (!state_completion_mem_execute_valid_load & state_execute_alu_results_valid_0_load)> <Delay = 0.47>
ST_1 : Operation 55 [1/1] (0.00ns)   --->   "%ports_valid_1 = phi i1 0, void, i1 %state_completion_mem_execute_valid_load, void, i1 1, void %_ifconv99" [/home/lab_726/boom/hls_boom/src/boom_core_merged.cpp:809]   --->   Operation 55 'phi' 'ports_valid_1' <Predicate = true> <Delay = 0.00>
ST_1 : Operation 56 [1/1] (0.00ns)   --->   "%state_completion_int_execute_valid_load = load i1 %state_completion_int_execute_valid" [/home/lab_726/boom/hls_boom/src/boom_core_merged.cpp:816]   --->   Operation 56 'load' 'state_completion_int_execute_valid_load' <Predicate = true> <Delay = 0.00>
ST_1 : Operation 57 [1/1] (0.47ns)   --->   "%br_ln816 = br i1 %state_completion_int_execute_valid_load, void, void %_ZN4boomL22capture_execute_eventsER13BoomCoreState.exit" [/home/lab_726/boom/hls_boom/src/boom_core_merged.cpp:816]   --->   Operation 57 'br' 'br_ln816' <Predicate = true> <Delay = 0.47>
ST_1 : Operation 58 [1/1] (0.00ns)   --->   "%state_execute_alu_results_valid_1_load = load i1 %state_execute_alu_results_valid_1" [/home/lab_726/boom/hls_boom/src/boom_core_merged.cpp:817]   --->   Operation 58 'load' 'state_execute_alu_results_valid_1_load' <Predicate = (!state_completion_int_execute_valid_load)> <Delay = 0.00>
ST_1 : Operation 59 [1/1] (0.47ns)   --->   "%br_ln816 = br i1 %state_execute_alu_results_valid_1_load, void %_ZN4boomL22capture_execute_eventsER13BoomCoreState.exit, void %_ifconv101" [/home/lab_726/boom/hls_boom/src/boom_core_merged.cpp:816]   --->   Operation 59 'br' 'br_ln816' <Predicate = (!state_completion_int_execute_valid_load)> <Delay = 0.47>
ST_1 : Operation 60 [1/1] (0.42ns)   --->   "%store_ln498 = store i1 1, i1 %state_completion_int_execute_valid" [/home/lab_726/boom/hls_boom/src/boom_core_merged.cpp:498]   --->   Operation 60 'store' 'store_ln498' <Predicate = (!state_completion_int_execute_valid_load & state_execute_alu_results_valid_1_load)> <Delay = 0.42>
ST_1 : Operation 61 [1/1] (0.42ns)   --->   "%store_ln499 = store i2 2, i2 %state_completion_int_execute_source" [/home/lab_726/boom/hls_boom/src/boom_core_merged.cpp:499]   --->   Operation 61 'store' 'store_ln499' <Predicate = (!state_completion_int_execute_valid_load & state_execute_alu_results_valid_1_load)> <Delay = 0.42>
ST_1 : Operation 62 [1/1] (0.00ns)   --->   "%state_execute_alu_results_uop_branch_is_br_1_load = load i1 %state_execute_alu_results_uop_branch_is_br_1" [/home/lab_726/boom/hls_boom/src/boom_core_merged.cpp:475]   --->   Operation 62 'load' 'state_execute_alu_results_uop_branch_is_br_1_load' <Predicate = (!state_completion_int_execute_valid_load & state_execute_alu_results_valid_1_load)> <Delay = 0.00>
ST_1 : Operation 63 [1/1] (0.00ns)   --->   "%state_execute_alu_results_uop_branch_is_jalr_1_load = load i1 %state_execute_alu_results_uop_branch_is_jalr_1" [/home/lab_726/boom/hls_boom/src/boom_core_merged.cpp:504]   --->   Operation 63 'load' 'state_execute_alu_results_uop_branch_is_jalr_1_load' <Predicate = (!state_completion_int_execute_valid_load & state_execute_alu_results_valid_1_load)> <Delay = 0.00>
ST_1 : Operation 64 [1/1] (0.00ns)   --->   "%state_execute_alu_results_uop_branch_is_jal_1_load = load i1 %state_execute_alu_results_uop_branch_is_jal_1" [/home/lab_726/boom/hls_boom/src/boom_core_merged.cpp:504]   --->   Operation 64 'load' 'state_execute_alu_results_uop_branch_is_jal_1_load' <Predicate = (!state_completion_int_execute_valid_load & state_execute_alu_results_valid_1_load)> <Delay = 0.00>
ST_1 : Operation 65 [1/1] (0.00ns) (grouped into LUT with out node select_ln475_1)   --->   "%or_ln475_1 = or i1 %state_execute_alu_results_uop_branch_is_jal_1_load, i1 %state_execute_alu_results_uop_branch_is_jalr_1_load" [/home/lab_726/boom/hls_boom/src/boom_core_merged.cpp:475]   --->   Operation 65 'or' 'or_ln475_1' <Predicate = (!state_completion_int_execute_valid_load & state_execute_alu_results_valid_1_load)> <Delay = 0.00> <CoreInst = "LogicGate">   --->   Core 74 'LogicGate' <Latency = 0> <II = 1> <Delay = 0.28> <FuncUnit> <Opcode : 'and' 'or' 'xor'> <InPorts = 2> <OutPorts = 1>
ST_1 : Operation 66 [1/1] (0.00ns) (grouped into LUT with out node select_ln475_1)   --->   "%or_ln475_3 = or i1 %state_execute_alu_results_uop_branch_is_br_1_load, i1 %or_ln475_1" [/home/lab_726/boom/hls_boom/src/boom_core_merged.cpp:475]   --->   Operation 66 'or' 'or_ln475_3' <Predicate = (!state_completion_int_execute_valid_load & state_execute_alu_results_valid_1_load)> <Delay = 0.00> <CoreInst = "LogicGate">   --->   Core 74 'LogicGate' <Latency = 0> <II = 1> <Delay = 0.28> <FuncUnit> <Opcode : 'and' 'or' 'xor'> <InPorts = 2> <OutPorts = 1>
ST_1 : Operation 67 [1/1] (0.28ns) (out node of the LUT)   --->   "%select_ln475_1 = select i1 %or_ln475_3, i3 5, i3 1" [/home/lab_726/boom/hls_boom/src/boom_core_merged.cpp:475]   --->   Operation 67 'select' 'select_ln475_1' <Predicate = (!state_completion_int_execute_valid_load & state_execute_alu_results_valid_1_load)> <Delay = 0.28> <CoreInst = "Sel">   --->   Core 73 'Sel' <Latency = 0> <II = 1> <Delay = 0.42> <FuncUnit> <Opcode : 'select'> <InPorts = 3> <OutPorts = 1>
ST_1 : Operation 68 [1/1] (0.42ns)   --->   "%store_ln500 = store i3 %select_ln475_1, i3 %state_completion_int_execute_kind" [/home/lab_726/boom/hls_boom/src/boom_core_merged.cpp:500]   --->   Operation 68 'store' 'store_ln500' <Predicate = (!state_completion_int_execute_valid_load & state_execute_alu_results_valid_1_load)> <Delay = 0.42>
ST_1 : Operation 69 [1/1] (0.00ns)   --->   "%state_execute_alu_results_uop_branch_br_mask_1_load = load i8 %state_execute_alu_results_uop_branch_br_mask_1" [/home/lab_726/boom/hls_boom/src/boom_core_merged.cpp:504]   --->   Operation 69 'load' 'state_execute_alu_results_uop_branch_br_mask_1_load' <Predicate = (!state_completion_int_execute_valid_load & state_execute_alu_results_valid_1_load)> <Delay = 0.00>
ST_1 : Operation 70 [1/1] (0.00ns)   --->   "%state_execute_alu_results_uop_branch_br_tag_1_load = load i1 %state_execute_alu_results_uop_branch_br_tag_1" [/home/lab_726/boom/hls_boom/src/boom_core_merged.cpp:504]   --->   Operation 70 'load' 'state_execute_alu_results_uop_branch_br_tag_1_load' <Predicate = (!state_completion_int_execute_valid_load & state_execute_alu_results_valid_1_load)> <Delay = 0.00>
ST_1 : Operation 71 [1/1] (0.00ns)   --->   "%state_execute_alu_results_uop_queue_rob_idx_1_load = load i5 %state_execute_alu_results_uop_queue_rob_idx_1" [/home/lab_726/boom/hls_boom/src/boom_core_merged.cpp:504]   --->   Operation 71 'load' 'state_execute_alu_results_uop_queue_rob_idx_1_load' <Predicate = (!state_completion_int_execute_valid_load & state_execute_alu_results_valid_1_load)> <Delay = 0.00>
ST_1 : Operation 72 [1/1] (0.00ns)   --->   "%state_execute_alu_results_uop_queue_rob_allocation_id_1_load = load i2 %state_execute_alu_results_uop_queue_rob_allocation_id_1" [/home/lab_726/boom/hls_boom/src/boom_core_merged.cpp:504]   --->   Operation 72 'load' 'state_execute_alu_results_uop_queue_rob_allocation_id_1_load' <Predicate = (!state_completion_int_execute_valid_load & state_execute_alu_results_valid_1_load)> <Delay = 0.00>
ST_1 : Operation 73 [1/1] (0.00ns)   --->   "%state_execute_alu_results_uop_rename_pdst_1_load = load i3 %state_execute_alu_results_uop_rename_pdst_1" [/home/lab_726/boom/hls_boom/src/boom_core_merged.cpp:504]   --->   Operation 73 'load' 'state_execute_alu_results_uop_rename_pdst_1_load' <Predicate = (!state_completion_int_execute_valid_load & state_execute_alu_results_valid_1_load)> <Delay = 0.00>
ST_1 : Operation 74 [1/1] (0.42ns)   --->   "%store_ln504 = store i8 %state_execute_alu_results_uop_branch_br_mask_1_load, i8 %state_completion_int_execute_uop_branch_br_mask" [/home/lab_726/boom/hls_boom/src/boom_core_merged.cpp:504]   --->   Operation 74 'store' 'store_ln504' <Predicate = (!state_completion_int_execute_valid_load & state_execute_alu_results_valid_1_load)> <Delay = 0.42>
ST_1 : Operation 75 [1/1] (0.42ns)   --->   "%store_ln504 = store i1 %state_execute_alu_results_uop_branch_br_tag_1_load, i1 %state_completion_int_execute_uop_branch_br_tag" [/home/lab_726/boom/hls_boom/src/boom_core_merged.cpp:504]   --->   Operation 75 'store' 'store_ln504' <Predicate = (!state_completion_int_execute_valid_load & state_execute_alu_results_valid_1_load)> <Delay = 0.42>
ST_1 : Operation 76 [1/1] (0.42ns)   --->   "%store_ln504 = store i5 %state_execute_alu_results_uop_queue_rob_idx_1_load, i5 %state_completion_int_execute_uop_queue_rob_idx" [/home/lab_726/boom/hls_boom/src/boom_core_merged.cpp:504]   --->   Operation 76 'store' 'store_ln504' <Predicate = (!state_completion_int_execute_valid_load & state_execute_alu_results_valid_1_load)> <Delay = 0.42>
ST_1 : Operation 77 [1/1] (0.42ns)   --->   "%store_ln504 = store i2 %state_execute_alu_results_uop_queue_rob_allocation_id_1_load, i2 %state_completion_int_execute_uop_queue_rob_allocation_id" [/home/lab_726/boom/hls_boom/src/boom_core_merged.cpp:504]   --->   Operation 77 'store' 'store_ln504' <Predicate = (!state_completion_int_execute_valid_load & state_execute_alu_results_valid_1_load)> <Delay = 0.42>
ST_1 : Operation 78 [1/1] (0.42ns)   --->   "%store_ln504 = store i3 %state_execute_alu_results_uop_rename_pdst_1_load, i3 %state_completion_int_execute_uop_rename_pdst" [/home/lab_726/boom/hls_boom/src/boom_core_merged.cpp:504]   --->   Operation 78 'store' 'store_ln504' <Predicate = (!state_completion_int_execute_valid_load & state_execute_alu_results_valid_1_load)> <Delay = 0.42>
ST_1 : Operation 79 [1/1] (0.58ns)   --->   "%icmp_ln508_1 = icmp_ne  i3 %state_execute_alu_results_uop_rename_pdst_1_load, i3 0" [/home/lab_726/boom/hls_boom/src/boom_core_merged.cpp:508]   --->   Operation 79 'icmp' 'icmp_ln508_1' <Predicate = (!state_completion_int_execute_valid_load & state_execute_alu_results_valid_1_load)> <Delay = 0.58> <CoreInst = "Cmp">   --->   Core 9 'Cmp' <Latency = 0> <II = 1> <Delay = 0.84> <FuncUnit> <Opcode : 'icmp'> <InPorts = 2> <OutPorts = 1>
ST_1 : Operation 80 [1/1] (0.42ns)   --->   "%store_ln505 = store i1 %icmp_ln508_1, i1 %state_completion_int_execute_writes_prf" [/home/lab_726/boom/hls_boom/src/boom_core_merged.cpp:505]   --->   Operation 80 'store' 'store_ln505' <Predicate = (!state_completion_int_execute_valid_load & state_execute_alu_results_valid_1_load)> <Delay = 0.42>
ST_1 : Operation 81 [1/1] (0.00ns)   --->   "%state_execute_alu_results_result_1_load = load i64 %state_execute_alu_results_result_1" [/home/lab_726/boom/hls_boom/src/boom_core_merged.cpp:511]   --->   Operation 81 'load' 'state_execute_alu_results_result_1_load' <Predicate = (!state_completion_int_execute_valid_load & state_execute_alu_results_valid_1_load)> <Delay = 0.00>
ST_1 : Operation 82 [1/1] (0.42ns)   --->   "%store_ln511 = store i64 %state_execute_alu_results_result_1_load, i64 %state_completion_int_execute_value" [/home/lab_726/boom/hls_boom/src/boom_core_merged.cpp:511]   --->   Operation 82 'store' 'store_ln511' <Predicate = (!state_completion_int_execute_valid_load & state_execute_alu_results_valid_1_load)> <Delay = 0.42>
ST_1 : Operation 83 [1/1] (0.00ns)   --->   "%store_ln821 = store i1 0, i1 %state_execute_alu_results_valid_1" [/home/lab_726/boom/hls_boom/src/boom_core_merged.cpp:821]   --->   Operation 83 'store' 'store_ln821' <Predicate = (!state_completion_int_execute_valid_load & state_execute_alu_results_valid_1_load)> <Delay = 0.00>
ST_1 : Operation 84 [1/1] (0.00ns)   --->   "%store_ln821 = store i8 0, i8 %state_execute_alu_results_uop_branch_br_mask_1" [/home/lab_726/boom/hls_boom/src/boom_core_merged.cpp:821]   --->   Operation 84 'store' 'store_ln821' <Predicate = (!state_completion_int_execute_valid_load & state_execute_alu_results_valid_1_load)> <Delay = 0.00>
ST_1 : Operation 85 [1/1] (0.00ns)   --->   "%store_ln821 = store i1 0, i1 %state_execute_alu_results_uop_branch_br_tag_1" [/home/lab_726/boom/hls_boom/src/boom_core_merged.cpp:821]   --->   Operation 85 'store' 'store_ln821' <Predicate = (!state_completion_int_execute_valid_load & state_execute_alu_results_valid_1_load)> <Delay = 0.00>
ST_1 : Operation 86 [1/1] (0.00ns)   --->   "%store_ln821 = store i1 0, i1 %state_execute_alu_results_uop_branch_is_br_1" [/home/lab_726/boom/hls_boom/src/boom_core_merged.cpp:821]   --->   Operation 86 'store' 'store_ln821' <Predicate = (!state_completion_int_execute_valid_load & state_execute_alu_results_valid_1_load)> <Delay = 0.00>
ST_1 : Operation 87 [1/1] (0.00ns)   --->   "%store_ln821 = store i1 0, i1 %state_execute_alu_results_uop_branch_is_jalr_1" [/home/lab_726/boom/hls_boom/src/boom_core_merged.cpp:821]   --->   Operation 87 'store' 'store_ln821' <Predicate = (!state_completion_int_execute_valid_load & state_execute_alu_results_valid_1_load)> <Delay = 0.00>
ST_1 : Operation 88 [1/1] (0.00ns)   --->   "%store_ln821 = store i1 0, i1 %state_execute_alu_results_uop_branch_is_jal_1" [/home/lab_726/boom/hls_boom/src/boom_core_merged.cpp:821]   --->   Operation 88 'store' 'store_ln821' <Predicate = (!state_completion_int_execute_valid_load & state_execute_alu_results_valid_1_load)> <Delay = 0.00>
ST_1 : Operation 89 [1/1] (0.00ns)   --->   "%store_ln821 = store i5 0, i5 %state_execute_alu_results_uop_queue_rob_idx_1" [/home/lab_726/boom/hls_boom/src/boom_core_merged.cpp:821]   --->   Operation 89 'store' 'store_ln821' <Predicate = (!state_completion_int_execute_valid_load & state_execute_alu_results_valid_1_load)> <Delay = 0.00>
ST_1 : Operation 90 [1/1] (0.00ns)   --->   "%store_ln821 = store i2 0, i2 %state_execute_alu_results_uop_queue_rob_allocation_id_1" [/home/lab_726/boom/hls_boom/src/boom_core_merged.cpp:821]   --->   Operation 90 'store' 'store_ln821' <Predicate = (!state_completion_int_execute_valid_load & state_execute_alu_results_valid_1_load)> <Delay = 0.00>
ST_1 : Operation 91 [1/1] (0.00ns)   --->   "%store_ln821 = store i3 0, i3 %state_execute_alu_results_uop_rename_pdst_1" [/home/lab_726/boom/hls_boom/src/boom_core_merged.cpp:821]   --->   Operation 91 'store' 'store_ln821' <Predicate = (!state_completion_int_execute_valid_load & state_execute_alu_results_valid_1_load)> <Delay = 0.00>
ST_1 : Operation 92 [1/1] (0.00ns)   --->   "%store_ln821 = store i64 0, i64 %state_execute_alu_results_result_1" [/home/lab_726/boom/hls_boom/src/boom_core_merged.cpp:821]   --->   Operation 92 'store' 'store_ln821' <Predicate = (!state_completion_int_execute_valid_load & state_execute_alu_results_valid_1_load)> <Delay = 0.00>
ST_1 : Operation 93 [1/1] (0.47ns)   --->   "%br_ln822 = br void %_ZN4boomL22capture_execute_eventsER13BoomCoreState.exit" [/home/lab_726/boom/hls_boom/src/boom_core_merged.cpp:822]   --->   Operation 93 'br' 'br_ln822' <Predicate = (!state_completion_int_execute_valid_load & state_execute_alu_results_valid_1_load)> <Delay = 0.47>
ST_1 : Operation 94 [1/1] (0.00ns)   --->   "%ports_valid_2 = phi i1 0, void, i1 %state_completion_int_execute_valid_load, void %._crit_edge3, i1 1, void %_ifconv101" [/home/lab_726/boom/hls_boom/src/boom_core_merged.cpp:816]   --->   Operation 94 'phi' 'ports_valid_2' <Predicate = true> <Delay = 0.00>
ST_1 : Operation 95 [1/1] (0.00ns)   --->   "%i = alloca i32 1"   --->   Operation 95 'alloca' 'i' <Predicate = true> <Delay = 0.00>
ST_1 : Operation 96 [1/1] (0.00ns)   --->   "%store_ln824 = store i8 0, i8 %state_execute_alu_results_uop_branch_br_mask_2" [/home/lab_726/boom/hls_boom/src/boom_core_merged.cpp:824]   --->   Operation 96 'store' 'store_ln824' <Predicate = true> <Delay = 0.00>
ST_1 : Operation 97 [1/1] (0.00ns)   --->   "%ports_kind_1 = load i3 %state_completion_mem_execute_kind" [/home/lab_726/boom/hls_boom/src/boom_core_merged.cpp:667]   --->   Operation 97 'load' 'ports_kind_1' <Predicate = true> <Delay = 0.00>
ST_1 : Operation 98 [1/1] (0.00ns)   --->   "%zext_ln667 = zext i3 %ports_kind_1" [/home/lab_726/boom/hls_boom/src/boom_core_merged.cpp:667]   --->   Operation 98 'zext' 'zext_ln667' <Predicate = true> <Delay = 0.00>
ST_1 : Operation 99 [1/1] (0.00ns)   --->   "%ports_source_1 = load i1 %state_completion_mem_execute_source" [/home/lab_726/boom/hls_boom/src/boom_core_merged.cpp:667]   --->   Operation 99 'load' 'ports_source_1' <Predicate = true> <Delay = 0.00>
ST_1 : Operation 100 [1/1] (0.00ns)   --->   "%zext_ln667_4 = zext i1 %ports_source_1" [/home/lab_726/boom/hls_boom/src/boom_core_merged.cpp:667]   --->   Operation 100 'zext' 'zext_ln667_4' <Predicate = true> <Delay = 0.00>
ST_1 : Operation 101 [1/1] (0.00ns)   --->   "%ports_uop_branch_br_mask_1 = load i8 %state_completion_mem_execute_uop_branch_br_mask" [/home/lab_726/boom/hls_boom/src/boom_core_merged.cpp:667]   --->   Operation 101 'load' 'ports_uop_branch_br_mask_1' <Predicate = true> <Delay = 0.00>
ST_1 : Operation 102 [1/1] (0.00ns)   --->   "%ports_uop_queue_rob_idx_1 = load i5 %state_completion_mem_execute_uop_queue_rob_idx" [/home/lab_726/boom/hls_boom/src/boom_core_merged.cpp:667]   --->   Operation 102 'load' 'ports_uop_queue_rob_idx_1' <Predicate = true> <Delay = 0.00>
ST_1 : Operation 103 [1/1] (0.00ns)   --->   "%zext_ln667_5 = zext i5 %ports_uop_queue_rob_idx_1" [/home/lab_726/boom/hls_boom/src/boom_core_merged.cpp:667]   --->   Operation 103 'zext' 'zext_ln667_5' <Predicate = true> <Delay = 0.00>
ST_1 : Operation 104 [1/1] (0.00ns)   --->   "%ports_uop_queue_rob_allocation_id_1 = load i2 %state_completion_mem_execute_uop_queue_rob_allocation_id" [/home/lab_726/boom/hls_boom/src/boom_core_merged.cpp:667]   --->   Operation 104 'load' 'ports_uop_queue_rob_allocation_id_1' <Predicate = true> <Delay = 0.00>
ST_1 : Operation 105 [1/1] (0.00ns)   --->   "%zext_ln667_6 = zext i2 %ports_uop_queue_rob_allocation_id_1" [/home/lab_726/boom/hls_boom/src/boom_core_merged.cpp:667]   --->   Operation 105 'zext' 'zext_ln667_6' <Predicate = true> <Delay = 0.00>
ST_1 : Operation 106 [1/1] (0.00ns)   --->   "%ports_uop_rename_pdst_1 = load i2 %state_completion_mem_execute_uop_rename_pdst" [/home/lab_726/boom/hls_boom/src/boom_core_merged.cpp:667]   --->   Operation 106 'load' 'ports_uop_rename_pdst_1' <Predicate = true> <Delay = 0.00>
ST_1 : Operation 107 [1/1] (0.00ns)   --->   "%zext_ln667_7 = zext i2 %ports_uop_rename_pdst_1" [/home/lab_726/boom/hls_boom/src/boom_core_merged.cpp:667]   --->   Operation 107 'zext' 'zext_ln667_7' <Predicate = true> <Delay = 0.00>
ST_1 : Operation 108 [1/1] (0.00ns)   --->   "%zext_ln667_8 = zext i2 %ports_uop_rename_pdst_1" [/home/lab_726/boom/hls_boom/src/boom_core_merged.cpp:667]   --->   Operation 108 'zext' 'zext_ln667_8' <Predicate = true> <Delay = 0.00>
ST_1 : Operation 109 [1/1] (0.00ns)   --->   "%ports_writes_prf_1 = load i1 %state_completion_mem_execute_writes_prf" [/home/lab_726/boom/hls_boom/src/boom_core_merged.cpp:667]   --->   Operation 109 'load' 'ports_writes_prf_1' <Predicate = true> <Delay = 0.00>
ST_1 : Operation 110 [1/1] (0.00ns)   --->   "%ports_value_1 = load i64 %state_completion_mem_execute_value" [/home/lab_726/boom/hls_boom/src/boom_core_merged.cpp:667]   --->   Operation 110 'load' 'ports_value_1' <Predicate = true> <Delay = 0.00>
ST_1 : Operation 111 [1/1] (0.00ns)   --->   "%ports_kind_2 = load i3 %state_completion_int_execute_kind" [/home/lab_726/boom/hls_boom/src/boom_core_merged.cpp:668]   --->   Operation 111 'load' 'ports_kind_2' <Predicate = true> <Delay = 0.00>
ST_1 : Operation 112 [1/1] (0.00ns)   --->   "%zext_ln668 = zext i3 %ports_kind_2" [/home/lab_726/boom/hls_boom/src/boom_core_merged.cpp:668]   --->   Operation 112 'zext' 'zext_ln668' <Predicate = true> <Delay = 0.00>
ST_1 : Operation 113 [1/1] (0.00ns)   --->   "%ports_source_2 = load i2 %state_completion_int_execute_source" [/home/lab_726/boom/hls_boom/src/boom_core_merged.cpp:668]   --->   Operation 113 'load' 'ports_source_2' <Predicate = true> <Delay = 0.00>
ST_1 : Operation 114 [1/1] (0.00ns)   --->   "%zext_ln668_4 = zext i2 %ports_source_2" [/home/lab_726/boom/hls_boom/src/boom_core_merged.cpp:668]   --->   Operation 114 'zext' 'zext_ln668_4' <Predicate = true> <Delay = 0.00>
ST_1 : Operation 115 [1/1] (0.00ns)   --->   "%ports_uop_branch_br_mask_2 = load i8 %state_completion_int_execute_uop_branch_br_mask" [/home/lab_726/boom/hls_boom/src/boom_core_merged.cpp:668]   --->   Operation 115 'load' 'ports_uop_branch_br_mask_2' <Predicate = true> <Delay = 0.00>
ST_1 : Operation 116 [1/1] (0.00ns)   --->   "%ports_uop_queue_rob_idx_2 = load i5 %state_completion_int_execute_uop_queue_rob_idx" [/home/lab_726/boom/hls_boom/src/boom_core_merged.cpp:668]   --->   Operation 116 'load' 'ports_uop_queue_rob_idx_2' <Predicate = true> <Delay = 0.00>
ST_1 : Operation 117 [1/1] (0.00ns)   --->   "%zext_ln668_5 = zext i5 %ports_uop_queue_rob_idx_2" [/home/lab_726/boom/hls_boom/src/boom_core_merged.cpp:668]   --->   Operation 117 'zext' 'zext_ln668_5' <Predicate = true> <Delay = 0.00>
ST_1 : Operation 118 [1/1] (0.00ns)   --->   "%ports_uop_queue_rob_allocation_id_2 = load i2 %state_completion_int_execute_uop_queue_rob_allocation_id" [/home/lab_726/boom/hls_boom/src/boom_core_merged.cpp:668]   --->   Operation 118 'load' 'ports_uop_queue_rob_allocation_id_2' <Predicate = true> <Delay = 0.00>
ST_1 : Operation 119 [1/1] (0.00ns)   --->   "%zext_ln668_6 = zext i2 %ports_uop_queue_rob_allocation_id_2" [/home/lab_726/boom/hls_boom/src/boom_core_merged.cpp:668]   --->   Operation 119 'zext' 'zext_ln668_6' <Predicate = true> <Delay = 0.00>
ST_1 : Operation 120 [1/1] (0.00ns)   --->   "%ports_uop_rename_pdst_2 = load i3 %state_completion_int_execute_uop_rename_pdst" [/home/lab_726/boom/hls_boom/src/boom_core_merged.cpp:668]   --->   Operation 120 'load' 'ports_uop_rename_pdst_2' <Predicate = true> <Delay = 0.00>
ST_1 : Operation 121 [1/1] (0.00ns)   --->   "%zext_ln668_7 = zext i3 %ports_uop_rename_pdst_2" [/home/lab_726/boom/hls_boom/src/boom_core_merged.cpp:668]   --->   Operation 121 'zext' 'zext_ln668_7' <Predicate = true> <Delay = 0.00>
ST_1 : Operation 122 [1/1] (0.00ns)   --->   "%ports_writes_prf_2 = load i1 %state_completion_int_execute_writes_prf" [/home/lab_726/boom/hls_boom/src/boom_core_merged.cpp:668]   --->   Operation 122 'load' 'ports_writes_prf_2' <Predicate = true> <Delay = 0.00>
ST_1 : Operation 123 [1/1] (0.00ns)   --->   "%ports_value_2 = load i64 %state_completion_int_execute_value" [/home/lab_726/boom/hls_boom/src/boom_core_merged.cpp:668]   --->   Operation 123 'load' 'ports_value_2' <Predicate = true> <Delay = 0.00>
ST_1 : Operation 124 [1/1] (0.42ns)   --->   "%store_ln684 = store i2 0, i2 %i" [/home/lab_726/boom/hls_boom/src/boom_core_merged.cpp:684]   --->   Operation 124 'store' 'store_ln684' <Predicate = true> <Delay = 0.42>
ST_1 : Operation 125 [1/1] (0.00ns)   --->   "%br_ln684 = br void" [/home/lab_726/boom/hls_boom/src/boom_core_merged.cpp:684]   --->   Operation 125 'br' 'br_ln684' <Predicate = true> <Delay = 0.00>

State 2 <SV = 1> <Delay = 0.97>
ST_2 : Operation 126 [1/1] (0.00ns)   --->   "%i_24 = load i2 %i" [/home/lab_726/boom/hls_boom/src/boom_core_merged.cpp:684]   --->   Operation 126 'load' 'i_24' <Predicate = true> <Delay = 0.00>
ST_2 : Operation 127 [1/1] (0.44ns)   --->   "%icmp_ln684 = icmp_eq  i2 %i_24, i2 3" [/home/lab_726/boom/hls_boom/src/boom_core_merged.cpp:684]   --->   Operation 127 'icmp' 'icmp_ln684' <Predicate = true> <Delay = 0.44> <CoreInst = "Cmp">   --->   Core 9 'Cmp' <Latency = 0> <II = 1> <Delay = 0.84> <FuncUnit> <Opcode : 'icmp'> <InPorts = 2> <OutPorts = 1>
ST_2 : Operation 128 [1/1] (0.00ns)   --->   "%empty = speclooptripcount i32 @_ssdm_op_SpecLoopTripCount, i64 3, i64 3, i64 3"   --->   Operation 128 'speclooptripcount' 'empty' <Predicate = true> <Delay = 0.00>
ST_2 : Operation 129 [1/1] (0.54ns)   --->   "%add_ln684 = add i2 %i_24, i2 1" [/home/lab_726/boom/hls_boom/src/boom_core_merged.cpp:684]   --->   Operation 129 'add' 'add_ln684' <Predicate = true> <Delay = 0.54> <CoreInst = "Adder">   --->   Core 1 'Adder' <Latency = 0> <II = 1> <Delay = 0.76> <FuncUnit> <Opcode : 'add' 'sub'> <InPorts = 2> <OutPorts = 1>
ST_2 : Operation 130 [1/1] (0.00ns)   --->   "%br_ln684 = br i1 %icmp_ln684, void %.split17, void %.preheader2.preheader" [/home/lab_726/boom/hls_boom/src/boom_core_merged.cpp:684]   --->   Operation 130 'br' 'br_ln684' <Predicate = true> <Delay = 0.00>
ST_2 : Operation 131 [1/1] (0.00ns)   --->   "%specloopname_ln684 = specloopname void @_ssdm_op_SpecLoopName, void @empty_3" [/home/lab_726/boom/hls_boom/src/boom_core_merged.cpp:684]   --->   Operation 131 'specloopname' 'specloopname_ln684' <Predicate = (!icmp_ln684)> <Delay = 0.00>
ST_2 : Operation 132 [1/1] (0.58ns)   --->   "%switch_ln685 = switch i2 %i_24, void %branch5, i2 0, void %branch3, i2 1, void %branch4" [/home/lab_726/boom/hls_boom/src/boom_core_merged.cpp:685]   --->   Operation 132 'switch' 'switch_ln685' <Predicate = (!icmp_ln684)> <Delay = 0.58>
ST_2 : Operation 133 [1/1] (0.42ns)   --->   "%store_ln685 = store i8 0, i8 %state_completion_wakeups_branch_mask_1" [/home/lab_726/boom/hls_boom/src/boom_core_merged.cpp:685]   --->   Operation 133 'store' 'store_ln685' <Predicate = (!icmp_ln684 & i_24 == 1)> <Delay = 0.42>
ST_2 : Operation 134 [1/1] (0.00ns)   --->   "%br_ln0 = br void %.split171827"   --->   Operation 134 'br' 'br_ln0' <Predicate = (!icmp_ln684 & i_24 == 1)> <Delay = 0.00>
ST_2 : Operation 135 [1/1] (0.42ns)   --->   "%store_ln685 = store i8 0, i8 %state_completion_wakeups_branch_mask_0" [/home/lab_726/boom/hls_boom/src/boom_core_merged.cpp:685]   --->   Operation 135 'store' 'store_ln685' <Predicate = (!icmp_ln684 & i_24 == 0)> <Delay = 0.42>
ST_2 : Operation 136 [1/1] (0.00ns)   --->   "%br_ln0 = br void %.split171827"   --->   Operation 136 'br' 'br_ln0' <Predicate = (!icmp_ln684 & i_24 == 0)> <Delay = 0.00>
ST_2 : Operation 137 [1/1] (0.42ns)   --->   "%store_ln685 = store i8 0, i8 %state_completion_wakeups_branch_mask_2" [/home/lab_726/boom/hls_boom/src/boom_core_merged.cpp:685]   --->   Operation 137 'store' 'store_ln685' <Predicate = (!icmp_ln684 & i_24 != 0 & i_24 != 1)> <Delay = 0.42>
ST_2 : Operation 138 [1/1] (0.00ns)   --->   "%br_ln0 = br void %.split171827"   --->   Operation 138 'br' 'br_ln0' <Predicate = (!icmp_ln684 & i_24 != 0 & i_24 != 1)> <Delay = 0.00>
ST_2 : Operation 139 [1/1] (0.42ns)   --->   "%store_ln684 = store i2 %add_ln684, i2 %i" [/home/lab_726/boom/hls_boom/src/boom_core_merged.cpp:684]   --->   Operation 139 'store' 'store_ln684' <Predicate = (!icmp_ln684)> <Delay = 0.42>
ST_2 : Operation 140 [1/1] (0.00ns)   --->   "%br_ln0 = br void"   --->   Operation 140 'br' 'br_ln0' <Predicate = (!icmp_ln684)> <Delay = 0.00>
ST_2 : Operation 141 [1/1] (0.00ns)   --->   "%i_15 = alloca i32 1"   --->   Operation 141 'alloca' 'i_15' <Predicate = (icmp_ln684)> <Delay = 0.00>
ST_2 : Operation 142 [1/1] (0.42ns)   --->   "%store_ln686 = store i2 0, i2 %i_15" [/home/lab_726/boom/hls_boom/src/boom_core_merged.cpp:686]   --->   Operation 142 'store' 'store_ln686' <Predicate = (icmp_ln684)> <Delay = 0.42>
ST_2 : Operation 143 [1/1] (0.00ns)   --->   "%br_ln686 = br void %.preheader2" [/home/lab_726/boom/hls_boom/src/boom_core_merged.cpp:686]   --->   Operation 143 'br' 'br_ln686' <Predicate = (icmp_ln684)> <Delay = 0.00>

State 3 <SV = 2> <Delay = 0.97>
ST_3 : Operation 144 [1/1] (0.00ns)   --->   "%i_25 = load i2 %i_15" [/home/lab_726/boom/hls_boom/src/boom_core_merged.cpp:686]   --->   Operation 144 'load' 'i_25' <Predicate = true> <Delay = 0.00>
ST_3 : Operation 145 [1/1] (0.44ns)   --->   "%icmp_ln686 = icmp_eq  i2 %i_25, i2 3" [/home/lab_726/boom/hls_boom/src/boom_core_merged.cpp:686]   --->   Operation 145 'icmp' 'icmp_ln686' <Predicate = true> <Delay = 0.44> <CoreInst = "Cmp">   --->   Core 9 'Cmp' <Latency = 0> <II = 1> <Delay = 0.84> <FuncUnit> <Opcode : 'icmp'> <InPorts = 2> <OutPorts = 1>
ST_3 : Operation 146 [1/1] (0.00ns)   --->   "%empty_55 = speclooptripcount i32 @_ssdm_op_SpecLoopTripCount, i64 3, i64 3, i64 3"   --->   Operation 146 'speclooptripcount' 'empty_55' <Predicate = true> <Delay = 0.00>
ST_3 : Operation 147 [1/1] (0.54ns)   --->   "%add_ln686 = add i2 %i_25, i2 1" [/home/lab_726/boom/hls_boom/src/boom_core_merged.cpp:686]   --->   Operation 147 'add' 'add_ln686' <Predicate = true> <Delay = 0.54> <CoreInst = "Adder">   --->   Core 1 'Adder' <Latency = 0> <II = 1> <Delay = 0.76> <FuncUnit> <Opcode : 'add' 'sub'> <InPorts = 2> <OutPorts = 1>
ST_3 : Operation 148 [1/1] (0.00ns)   --->   "%br_ln686 = br i1 %icmp_ln686, void %.split15, void %.preheader1.preheader" [/home/lab_726/boom/hls_boom/src/boom_core_merged.cpp:686]   --->   Operation 148 'br' 'br_ln686' <Predicate = true> <Delay = 0.00>
ST_3 : Operation 149 [1/1] (0.00ns)   --->   "%specloopname_ln686 = specloopname void @_ssdm_op_SpecLoopName, void @empty_26" [/home/lab_726/boom/hls_boom/src/boom_core_merged.cpp:686]   --->   Operation 149 'specloopname' 'specloopname_ln686' <Predicate = (!icmp_ln686)> <Delay = 0.00>
ST_3 : Operation 150 [1/1] (0.58ns)   --->   "%switch_ln687 = switch i2 %i_25, void %branch26, i2 0, void %branch24, i2 1, void %branch25" [/home/lab_726/boom/hls_boom/src/boom_core_merged.cpp:687]   --->   Operation 150 'switch' 'switch_ln687' <Predicate = (!icmp_ln686)> <Delay = 0.58>
ST_3 : Operation 151 [1/1] (0.42ns)   --->   "%store_ln687 = store i8 0, i8 %state_completion_bypass_branch_mask_1" [/home/lab_726/boom/hls_boom/src/boom_core_merged.cpp:687]   --->   Operation 151 'store' 'store_ln687' <Predicate = (!icmp_ln686 & i_25 == 1)> <Delay = 0.42>
ST_3 : Operation 152 [1/1] (0.00ns)   --->   "%br_ln0 = br void %.split154554"   --->   Operation 152 'br' 'br_ln0' <Predicate = (!icmp_ln686 & i_25 == 1)> <Delay = 0.00>
ST_3 : Operation 153 [1/1] (0.42ns)   --->   "%store_ln687 = store i8 0, i8 %state_completion_bypass_branch_mask_0" [/home/lab_726/boom/hls_boom/src/boom_core_merged.cpp:687]   --->   Operation 153 'store' 'store_ln687' <Predicate = (!icmp_ln686 & i_25 == 0)> <Delay = 0.42>
ST_3 : Operation 154 [1/1] (0.00ns)   --->   "%br_ln0 = br void %.split154554"   --->   Operation 154 'br' 'br_ln0' <Predicate = (!icmp_ln686 & i_25 == 0)> <Delay = 0.00>
ST_3 : Operation 155 [1/1] (0.42ns)   --->   "%store_ln687 = store i8 0, i8 %state_completion_bypass_branch_mask_2" [/home/lab_726/boom/hls_boom/src/boom_core_merged.cpp:687]   --->   Operation 155 'store' 'store_ln687' <Predicate = (!icmp_ln686 & i_25 != 0 & i_25 != 1)> <Delay = 0.42>
ST_3 : Operation 156 [1/1] (0.00ns)   --->   "%br_ln0 = br void %.split154554"   --->   Operation 156 'br' 'br_ln0' <Predicate = (!icmp_ln686 & i_25 != 0 & i_25 != 1)> <Delay = 0.00>
ST_3 : Operation 157 [1/1] (0.42ns)   --->   "%store_ln686 = store i2 %add_ln686, i2 %i_15" [/home/lab_726/boom/hls_boom/src/boom_core_merged.cpp:686]   --->   Operation 157 'store' 'store_ln686' <Predicate = (!icmp_ln686)> <Delay = 0.42>
ST_3 : Operation 158 [1/1] (0.00ns)   --->   "%br_ln0 = br void %.preheader2"   --->   Operation 158 'br' 'br_ln0' <Predicate = (!icmp_ln686)> <Delay = 0.00>
ST_3 : Operation 159 [1/1] (0.00ns)   --->   "%i_16 = alloca i32 1"   --->   Operation 159 'alloca' 'i_16' <Predicate = (icmp_ln686)> <Delay = 0.00>
ST_3 : Operation 160 [1/1] (0.00ns)   --->   "%rejected_1_0 = alloca i32 1"   --->   Operation 160 'alloca' 'rejected_1_0' <Predicate = (icmp_ln686)> <Delay = 0.00>
ST_3 : Operation 161 [1/1] (0.00ns)   --->   "%rejected_2_0 = alloca i32 1"   --->   Operation 161 'alloca' 'rejected_2_0' <Predicate = (icmp_ln686)> <Delay = 0.00>
ST_3 : Operation 162 [1/1] (0.00ns)   --->   "%usable_2_1 = alloca i32 1"   --->   Operation 162 'alloca' 'usable_2_1' <Predicate = (icmp_ln686)> <Delay = 0.00>
ST_3 : Operation 163 [1/1] (0.00ns)   --->   "%usable_2_3 = alloca i32 1"   --->   Operation 163 'alloca' 'usable_2_3' <Predicate = (icmp_ln686)> <Delay = 0.00>
ST_3 : Operation 164 [1/1] (0.00ns)   --->   "%usable_2 = alloca i32 1"   --->   Operation 164 'alloca' 'usable_2' <Predicate = (icmp_ln686)> <Delay = 0.00>
ST_3 : Operation 165 [1/1] (0.42ns)   --->   "%store_ln691 = store i2 0, i2 %i_16" [/home/lab_726/boom/hls_boom/src/boom_core_merged.cpp:691]   --->   Operation 165 'store' 'store_ln691' <Predicate = (icmp_ln686)> <Delay = 0.42>
ST_3 : Operation 166 [1/1] (0.00ns)   --->   "%br_ln691 = br void %.preheader1" [/home/lab_726/boom/hls_boom/src/boom_core_merged.cpp:691]   --->   Operation 166 'br' 'br_ln691' <Predicate = (icmp_ln686)> <Delay = 0.00>

State 4 <SV = 3> <Delay = 0.87>
ST_4 : Operation 167 [1/1] (0.00ns)   --->   "%i_26 = load i2 %i_16" [/home/lab_726/boom/hls_boom/src/boom_core_merged.cpp:691]   --->   Operation 167 'load' 'i_26' <Predicate = true> <Delay = 0.00>
ST_4 : Operation 168 [1/1] (0.00ns)   --->   "%rejected_1_0_load = load i1 %rejected_1_0"   --->   Operation 168 'load' 'rejected_1_0_load' <Predicate = true> <Delay = 0.00>
ST_4 : Operation 169 [1/1] (0.00ns)   --->   "%rejected_2_0_load = load i1 %rejected_2_0"   --->   Operation 169 'load' 'rejected_2_0_load' <Predicate = true> <Delay = 0.00>
ST_4 : Operation 170 [1/1] (0.00ns)   --->   "%usable_2_1_load = load i1 %usable_2_1"   --->   Operation 170 'load' 'usable_2_1_load' <Predicate = true> <Delay = 0.00>
ST_4 : Operation 171 [1/1] (0.00ns)   --->   "%usable_2_3_load = load i1 %usable_2_3"   --->   Operation 171 'load' 'usable_2_3_load' <Predicate = true> <Delay = 0.00>
ST_4 : Operation 172 [1/1] (0.00ns)   --->   "%usable_2_10 = load i1 %usable_2"   --->   Operation 172 'load' 'usable_2_10' <Predicate = true> <Delay = 0.00>
ST_4 : Operation 173 [1/1] (0.44ns)   --->   "%icmp_ln691 = icmp_eq  i2 %i_26, i2 3" [/home/lab_726/boom/hls_boom/src/boom_core_merged.cpp:691]   --->   Operation 173 'icmp' 'icmp_ln691' <Predicate = true> <Delay = 0.44> <CoreInst = "Cmp">   --->   Core 9 'Cmp' <Latency = 0> <II = 1> <Delay = 0.84> <FuncUnit> <Opcode : 'icmp'> <InPorts = 2> <OutPorts = 1>
ST_4 : Operation 174 [1/1] (0.00ns)   --->   "%empty_56 = speclooptripcount i32 @_ssdm_op_SpecLoopTripCount, i64 3, i64 3, i64 3"   --->   Operation 174 'speclooptripcount' 'empty_56' <Predicate = true> <Delay = 0.00>
ST_4 : Operation 175 [1/1] (0.54ns)   --->   "%add_ln691 = add i2 %i_26, i2 1" [/home/lab_726/boom/hls_boom/src/boom_core_merged.cpp:691]   --->   Operation 175 'add' 'add_ln691' <Predicate = true> <Delay = 0.54> <CoreInst = "Adder">   --->   Core 1 'Adder' <Latency = 0> <II = 1> <Delay = 0.76> <FuncUnit> <Opcode : 'add' 'sub'> <InPorts = 2> <OutPorts = 1>
ST_4 : Operation 176 [1/1] (0.00ns)   --->   "%br_ln691 = br i1 %icmp_ln691, void %.split13, void" [/home/lab_726/boom/hls_boom/src/boom_core_merged.cpp:691]   --->   Operation 176 'br' 'br_ln691' <Predicate = true> <Delay = 0.00>
ST_4 : Operation 177 [1/1] (0.00ns)   --->   "%specloopname_ln691 = specloopname void @_ssdm_op_SpecLoopName, void @empty_22" [/home/lab_726/boom/hls_boom/src/boom_core_merged.cpp:691]   --->   Operation 177 'specloopname' 'specloopname_ln691' <Predicate = (!icmp_ln691)> <Delay = 0.00>
ST_4 : Operation 178 [1/1] (0.58ns)   --->   "%switch_ln675 = switch i2 %i_26, void %branch39, i2 0, void %.split1369, i2 1, void %branch38" [/home/lab_726/boom/hls_boom/src/boom_core_merged.cpp:675]   --->   Operation 178 'switch' 'switch_ln675' <Predicate = (!icmp_ln691)> <Delay = 0.58>
ST_4 : Operation 179 [1/1] (0.47ns)   --->   "%br_ln675 = br void %.split1369" [/home/lab_726/boom/hls_boom/src/boom_core_merged.cpp:675]   --->   Operation 179 'br' 'br_ln675' <Predicate = (!icmp_ln691 & i_26 == 1)> <Delay = 0.47>
ST_4 : Operation 180 [1/1] (0.47ns)   --->   "%br_ln675 = br void %.split1369" [/home/lab_726/boom/hls_boom/src/boom_core_merged.cpp:675]   --->   Operation 180 'br' 'br_ln675' <Predicate = (!icmp_ln691 & i_26 != 0 & i_26 != 1)> <Delay = 0.47>
ST_4 : Operation 181 [1/1] (0.00ns)   --->   "%i_17 = alloca i32 1"   --->   Operation 181 'alloca' 'i_17' <Predicate = (icmp_ln691)> <Delay = 0.00>
ST_4 : Operation 182 [1/1] (0.00ns)   --->   "%precise_age = alloca i32 1"   --->   Operation 182 'alloca' 'precise_age' <Predicate = (icmp_ln691)> <Delay = 0.00>
ST_4 : Operation 183 [1/1] (0.00ns)   --->   "%precise_valid = alloca i32 1"   --->   Operation 183 'alloca' 'precise_valid' <Predicate = (icmp_ln691)> <Delay = 0.00>
ST_4 : Operation 184 [1/1] (0.00ns)   --->   "%state_rob_head_load = load i5 %state_rob_head"   --->   Operation 184 'load' 'state_rob_head_load' <Predicate = (icmp_ln691)> <Delay = 0.00>
ST_4 : Operation 185 [1/1] (0.42ns)   --->   "%store_ln698 = store i1 0, i1 %precise_valid" [/home/lab_726/boom/hls_boom/src/boom_core_merged.cpp:698]   --->   Operation 185 'store' 'store_ln698' <Predicate = (icmp_ln691)> <Delay = 0.42>
ST_4 : Operation 186 [1/1] (0.42ns)   --->   "%store_ln698 = store i8 32, i8 %precise_age" [/home/lab_726/boom/hls_boom/src/boom_core_merged.cpp:698]   --->   Operation 186 'store' 'store_ln698' <Predicate = (icmp_ln691)> <Delay = 0.42>
ST_4 : Operation 187 [1/1] (0.42ns)   --->   "%store_ln698 = store i2 0, i2 %i_17" [/home/lab_726/boom/hls_boom/src/boom_core_merged.cpp:698]   --->   Operation 187 'store' 'store_ln698' <Predicate = (icmp_ln691)> <Delay = 0.42>
ST_4 : Operation 188 [1/1] (0.00ns)   --->   "%br_ln698 = br void" [/home/lab_726/boom/hls_boom/src/boom_core_merged.cpp:698]   --->   Operation 188 'br' 'br_ln698' <Predicate = (icmp_ln691)> <Delay = 0.00>

State 5 <SV = 4> <Delay = 4.81>
ST_5 : Operation 189 [1/1] (0.00ns)   --->   "%phi_ln675 = phi i1 %ports_valid_1, void %branch38, i1 %ports_valid_2, void %branch39, i1 0, void %.split13"   --->   Operation 189 'phi' 'phi_ln675' <Predicate = true> <Delay = 0.00>
ST_5 : Operation 190 [1/1] (0.52ns)   --->   "%phi_ln675_1 = mux i8 @_ssdm_op_Mux.ap_auto.4i8.i2, i8 0, i8 %zext_ln667, i8 %zext_ln668, i8 0, i2 %i_26" [/home/lab_726/boom/hls_boom/src/boom_core_merged.cpp:675]   --->   Operation 190 'mux' 'phi_ln675_1' <Predicate = true> <Delay = 0.52> <CoreInst = "Multiplexer">   --->   Core 76 'Multiplexer' <Latency = 0> <II = 1> <Delay = 0.52> <FuncUnit> <Opcode : 'mux'> <InPorts = 2> <OutPorts = 1>
ST_5 : Operation 191 [1/1] (0.52ns)   --->   "%phi_ln675_2 = mux i8 @_ssdm_op_Mux.ap_auto.4i8.i2, i8 0, i8 %zext_ln667_4, i8 %zext_ln668_4, i8 0, i2 %i_26" [/home/lab_726/boom/hls_boom/src/boom_core_merged.cpp:675]   --->   Operation 191 'mux' 'phi_ln675_2' <Predicate = true> <Delay = 0.52> <CoreInst = "Multiplexer">   --->   Core 76 'Multiplexer' <Latency = 0> <II = 1> <Delay = 0.52> <FuncUnit> <Opcode : 'mux'> <InPorts = 2> <OutPorts = 1>
ST_5 : Operation 192 [1/1] (0.52ns)   --->   "%phi_ln675_3 = mux i8 @_ssdm_op_Mux.ap_auto.4i8.i2, i8 0, i8 %zext_ln667_5, i8 %zext_ln668_5, i8 0, i2 %i_26" [/home/lab_726/boom/hls_boom/src/boom_core_merged.cpp:675]   --->   Operation 192 'mux' 'phi_ln675_3' <Predicate = true> <Delay = 0.52> <CoreInst = "Multiplexer">   --->   Core 76 'Multiplexer' <Latency = 0> <II = 1> <Delay = 0.52> <FuncUnit> <Opcode : 'mux'> <InPorts = 2> <OutPorts = 1>
ST_5 : Operation 193 [1/1] (0.52ns)   --->   "%phi_ln675_4 = mux i32 @_ssdm_op_Mux.ap_auto.4i32.i2, i32 0, i32 %zext_ln667_6, i32 %zext_ln668_6, i32 0, i2 %i_26" [/home/lab_726/boom/hls_boom/src/boom_core_merged.cpp:675]   --->   Operation 193 'mux' 'phi_ln675_4' <Predicate = true> <Delay = 0.52> <CoreInst = "Multiplexer">   --->   Core 76 'Multiplexer' <Latency = 0> <II = 1> <Delay = 0.52> <FuncUnit> <Opcode : 'mux'> <InPorts = 2> <OutPorts = 1>
ST_5 : Operation 194 [2/2] (4.28ns)   --->   "%tmp = call i1 @completion_is_valid, i1 %phi_ln675, i8 %phi_ln675_1, i8 %phi_ln675_2, i8 %phi_ln675_3, i32 %phi_ln675_4, i1 %state_rob_entries_valid, i2 %state_rob_entries_uop_queue_rob_allocation_id, i1 %state_rob_entries_busy, i1 %state_rob_entries_memory_valid, i1 %state_rob_entries_memory_completed, i1 %state_rob_entries_is_load, i1 %state_rob_entries_memory_request_sent, i1 %state_rob_entries_memory_transaction_id" [/home/lab_726/boom/hls_boom/src/boom_core_merged.cpp:675]   --->   Operation 194 'call' 'tmp' <Predicate = true> <Delay = 4.28> <CoreType = "Generic">   --->   Core 0 '' <Latency = 0> <II = 1> <Delay = 1.00> <Generic> <Opcode : >

State 6 <SV = 5> <Delay = 4.53>
ST_6 : Operation 195 [1/2] (4.53ns)   --->   "%tmp = call i1 @completion_is_valid, i1 %phi_ln675, i8 %phi_ln675_1, i8 %phi_ln675_2, i8 %phi_ln675_3, i32 %phi_ln675_4, i1 %state_rob_entries_valid, i2 %state_rob_entries_uop_queue_rob_allocation_id, i1 %state_rob_entries_busy, i1 %state_rob_entries_memory_valid, i1 %state_rob_entries_memory_completed, i1 %state_rob_entries_is_load, i1 %state_rob_entries_memory_request_sent, i1 %state_rob_entries_memory_transaction_id" [/home/lab_726/boom/hls_boom/src/boom_core_merged.cpp:675]   --->   Operation 195 'call' 'tmp' <Predicate = true> <Delay = 4.53> <CoreType = "Generic">   --->   Core 0 '' <Latency = 0> <II = 1> <Delay = 1.00> <Generic> <Opcode : >
ST_6 : Operation 196 [1/1] (0.00ns)   --->   "%br_ln675 = br i1 %tmp, void %_ZN4boomL18result_can_forwardERK13BoomCoreStateRK16RobCompleteEvent.exit.i.thread_ifconv, void" [/home/lab_726/boom/hls_boom/src/boom_core_merged.cpp:675]   --->   Operation 196 'br' 'br_ln675' <Predicate = true> <Delay = 0.00>
ST_6 : Operation 197 [1/1] (0.58ns)   --->   "%switch_ln675 = switch i2 %i_26, void %branch135, i2 0, void %_ZN4boomL18result_can_forwardERK13BoomCoreStateRK16RobCompleteEvent.exit.i.thread_ifconv, i2 1, void %branch134" [/home/lab_726/boom/hls_boom/src/boom_core_merged.cpp:675]   --->   Operation 197 'switch' 'switch_ln675' <Predicate = (tmp)> <Delay = 0.58>
ST_6 : Operation 198 [1/1] (0.42ns)   --->   "%br_ln675 = br void %branch134" [/home/lab_726/boom/hls_boom/src/boom_core_merged.cpp:675]   --->   Operation 198 'br' 'br_ln675' <Predicate = (i_26 != 0 & i_26 != 1 & tmp)> <Delay = 0.42>

State 7 <SV = 6> <Delay = 2.03>
ST_7 : Operation 199 [1/1] (0.00ns)   --->   "%phi_ln675_5 = phi i1 %ports_writes_prf_2, void %branch135, i1 %ports_writes_prf_1, void"   --->   Operation 199 'phi' 'phi_ln675_5' <Predicate = (i_26 != 0 & tmp)> <Delay = 0.00>
ST_7 : Operation 200 [1/1] (0.00ns)   --->   "%br_ln675 = br i1 %phi_ln675_5, void %_ZN4boomL18result_can_forwardERK13BoomCoreStateRK16RobCompleteEvent.exit.i.thread_ifconv, void %_ZN4boomL18result_can_forwardERK13BoomCoreStateRK16RobCompleteEvent.exit.i_ifconv" [/home/lab_726/boom/hls_boom/src/boom_core_merged.cpp:675]   --->   Operation 200 'br' 'br_ln675' <Predicate = (i_26 != 0 & tmp)> <Delay = 0.00>
ST_7 : Operation 201 [1/1] (0.44ns)   --->   "%icmp_ln692 = icmp_ne  i2 %i_26, i2 0" [/home/lab_726/boom/hls_boom/src/boom_core_merged.cpp:692]   --->   Operation 201 'icmp' 'icmp_ln692' <Predicate = (!phi_ln675_5) | (!tmp) | (i_26 == 0)> <Delay = 0.44> <CoreInst = "Cmp">   --->   Core 9 'Cmp' <Latency = 0> <II = 1> <Delay = 0.84> <FuncUnit> <Opcode : 'icmp'> <InPorts = 2> <OutPorts = 1>
ST_7 : Operation 202 [1/1] (0.28ns)   --->   "%and_ln692 = and i1 %usable_2_10, i1 %icmp_ln692" [/home/lab_726/boom/hls_boom/src/boom_core_merged.cpp:692]   --->   Operation 202 'and' 'and_ln692' <Predicate = (!phi_ln675_5) | (!tmp) | (i_26 == 0)> <Delay = 0.28> <CoreInst = "LogicGate">   --->   Core 74 'LogicGate' <Latency = 0> <II = 1> <Delay = 0.28> <FuncUnit> <Opcode : 'and' 'or' 'xor'> <InPorts = 2> <OutPorts = 1>
ST_7 : Operation 203 [1/1] (0.44ns)   --->   "%icmp_ln692_1 = icmp_ne  i2 %i_26, i2 1" [/home/lab_726/boom/hls_boom/src/boom_core_merged.cpp:692]   --->   Operation 203 'icmp' 'icmp_ln692_1' <Predicate = (!phi_ln675_5) | (!tmp) | (i_26 == 0)> <Delay = 0.44> <CoreInst = "Cmp">   --->   Core 9 'Cmp' <Latency = 0> <II = 1> <Delay = 0.84> <FuncUnit> <Opcode : 'icmp'> <InPorts = 2> <OutPorts = 1>
ST_7 : Operation 204 [1/1] (0.28ns)   --->   "%and_ln692_1 = and i1 %usable_2_3_load, i1 %icmp_ln692_1" [/home/lab_726/boom/hls_boom/src/boom_core_merged.cpp:692]   --->   Operation 204 'and' 'and_ln692_1' <Predicate = (!phi_ln675_5) | (!tmp) | (i_26 == 0)> <Delay = 0.28> <CoreInst = "LogicGate">   --->   Core 74 'LogicGate' <Latency = 0> <II = 1> <Delay = 0.28> <FuncUnit> <Opcode : 'and' 'or' 'xor'> <InPorts = 2> <OutPorts = 1>
ST_7 : Operation 205 [1/1] (0.44ns)   --->   "%icmp_ln692_2 = icmp_eq  i2 %i_26, i2 1" [/home/lab_726/boom/hls_boom/src/boom_core_merged.cpp:692]   --->   Operation 205 'icmp' 'icmp_ln692_2' <Predicate = (!phi_ln675_5) | (!tmp) | (i_26 == 0)> <Delay = 0.44> <CoreInst = "Cmp">   --->   Core 9 'Cmp' <Latency = 0> <II = 1> <Delay = 0.84> <FuncUnit> <Opcode : 'icmp'> <InPorts = 2> <OutPorts = 1>
ST_7 : Operation 206 [1/1] (0.44ns)   --->   "%icmp_ln692_3 = icmp_eq  i2 %i_26, i2 0" [/home/lab_726/boom/hls_boom/src/boom_core_merged.cpp:692]   --->   Operation 206 'icmp' 'icmp_ln692_3' <Predicate = (!phi_ln675_5) | (!tmp) | (i_26 == 0)> <Delay = 0.44> <CoreInst = "Cmp">   --->   Core 9 'Cmp' <Latency = 0> <II = 1> <Delay = 0.84> <FuncUnit> <Opcode : 'icmp'> <InPorts = 2> <OutPorts = 1>
ST_7 : Operation 207 [1/1] (0.00ns) (grouped into LUT with out node and_ln692_2)   --->   "%or_ln692 = or i1 %icmp_ln692_3, i1 %icmp_ln692_2" [/home/lab_726/boom/hls_boom/src/boom_core_merged.cpp:692]   --->   Operation 207 'or' 'or_ln692' <Predicate = (!phi_ln675_5) | (!tmp) | (i_26 == 0)> <Delay = 0.00> <CoreInst = "LogicGate">   --->   Core 74 'LogicGate' <Latency = 0> <II = 1> <Delay = 0.28> <FuncUnit> <Opcode : 'and' 'or' 'xor'> <InPorts = 2> <OutPorts = 1>
ST_7 : Operation 208 [1/1] (0.28ns) (out node of the LUT)   --->   "%and_ln692_2 = and i1 %usable_2_1_load, i1 %or_ln692" [/home/lab_726/boom/hls_boom/src/boom_core_merged.cpp:692]   --->   Operation 208 'and' 'and_ln692_2' <Predicate = (!phi_ln675_5) | (!tmp) | (i_26 == 0)> <Delay = 0.28> <CoreInst = "LogicGate">   --->   Core 74 'LogicGate' <Latency = 0> <II = 1> <Delay = 0.28> <FuncUnit> <Opcode : 'and' 'or' 'xor'> <InPorts = 2> <OutPorts = 1>
ST_7 : Operation 209 [1/1] (0.58ns)   --->   "%switch_ln693 = switch i2 %i_26, void %branch206, i2 0, void %_ZN4boomL18result_can_forwardERK13BoomCoreStateRK16RobCompleteEvent.exit.i.thread_ifconv._ZN4boomL18result_can_forwardERK13BoomCoreStateRK16RobCompleteEvent.exit.i._crit_edge7_crit_edge, i2 1, void %branch205" [/home/lab_726/boom/hls_boom/src/boom_core_merged.cpp:693]   --->   Operation 209 'switch' 'switch_ln693' <Predicate = (!phi_ln675_5) | (!tmp) | (i_26 == 0)> <Delay = 0.58>
ST_7 : Operation 210 [1/1] (0.42ns)   --->   "%store_ln693 = store i1 %and_ln692, i1 %usable_2" [/home/lab_726/boom/hls_boom/src/boom_core_merged.cpp:693]   --->   Operation 210 'store' 'store_ln693' <Predicate = (i_26 == 1 & !phi_ln675_5) | (i_26 == 1 & !tmp)> <Delay = 0.42>
ST_7 : Operation 211 [1/1] (0.42ns)   --->   "%store_ln693 = store i1 %and_ln692_1, i1 %usable_2_3" [/home/lab_726/boom/hls_boom/src/boom_core_merged.cpp:693]   --->   Operation 211 'store' 'store_ln693' <Predicate = (i_26 == 1 & !phi_ln675_5) | (i_26 == 1 & !tmp)> <Delay = 0.42>
ST_7 : Operation 212 [1/1] (0.42ns)   --->   "%store_ln693 = store i1 %and_ln692_2, i1 %usable_2_1" [/home/lab_726/boom/hls_boom/src/boom_core_merged.cpp:693]   --->   Operation 212 'store' 'store_ln693' <Predicate = (i_26 == 1 & !phi_ln675_5) | (i_26 == 1 & !tmp)> <Delay = 0.42>
ST_7 : Operation 213 [1/1] (0.42ns)   --->   "%store_ln693 = store i1 0, i1 %rejected_1_0" [/home/lab_726/boom/hls_boom/src/boom_core_merged.cpp:693]   --->   Operation 213 'store' 'store_ln693' <Predicate = (i_26 == 1 & !phi_ln675_5) | (i_26 == 1 & !tmp)> <Delay = 0.42>
ST_7 : Operation 214 [1/1] (0.00ns)   --->   "%br_ln693 = br void %_ZN4boomL18result_can_forwardERK13BoomCoreStateRK16RobCompleteEvent.exit.i._crit_edge7" [/home/lab_726/boom/hls_boom/src/boom_core_merged.cpp:693]   --->   Operation 214 'br' 'br_ln693' <Predicate = (i_26 == 1 & !phi_ln675_5) | (i_26 == 1 & !tmp)> <Delay = 0.00>
ST_7 : Operation 215 [1/1] (0.42ns)   --->   "%store_ln693 = store i1 %and_ln692, i1 %usable_2" [/home/lab_726/boom/hls_boom/src/boom_core_merged.cpp:693]   --->   Operation 215 'store' 'store_ln693' <Predicate = (i_26 == 0)> <Delay = 0.42>
ST_7 : Operation 216 [1/1] (0.42ns)   --->   "%store_ln693 = store i1 %and_ln692_1, i1 %usable_2_3" [/home/lab_726/boom/hls_boom/src/boom_core_merged.cpp:693]   --->   Operation 216 'store' 'store_ln693' <Predicate = (i_26 == 0)> <Delay = 0.42>
ST_7 : Operation 217 [1/1] (0.42ns)   --->   "%store_ln693 = store i1 %and_ln692_2, i1 %usable_2_1" [/home/lab_726/boom/hls_boom/src/boom_core_merged.cpp:693]   --->   Operation 217 'store' 'store_ln693' <Predicate = (i_26 == 0)> <Delay = 0.42>
ST_7 : Operation 218 [1/1] (0.00ns)   --->   "%br_ln693 = br void %_ZN4boomL18result_can_forwardERK13BoomCoreStateRK16RobCompleteEvent.exit.i._crit_edge7" [/home/lab_726/boom/hls_boom/src/boom_core_merged.cpp:693]   --->   Operation 218 'br' 'br_ln693' <Predicate = (i_26 == 0)> <Delay = 0.00>
ST_7 : Operation 219 [1/1] (0.42ns)   --->   "%store_ln693 = store i1 %and_ln692, i1 %usable_2" [/home/lab_726/boom/hls_boom/src/boom_core_merged.cpp:693]   --->   Operation 219 'store' 'store_ln693' <Predicate = (i_26 != 0 & i_26 != 1 & !phi_ln675_5) | (i_26 != 0 & i_26 != 1 & !tmp)> <Delay = 0.42>
ST_7 : Operation 220 [1/1] (0.42ns)   --->   "%store_ln693 = store i1 %and_ln692_1, i1 %usable_2_3" [/home/lab_726/boom/hls_boom/src/boom_core_merged.cpp:693]   --->   Operation 220 'store' 'store_ln693' <Predicate = (i_26 != 0 & i_26 != 1 & !phi_ln675_5) | (i_26 != 0 & i_26 != 1 & !tmp)> <Delay = 0.42>
ST_7 : Operation 221 [1/1] (0.42ns)   --->   "%store_ln693 = store i1 %and_ln692_2, i1 %usable_2_1" [/home/lab_726/boom/hls_boom/src/boom_core_merged.cpp:693]   --->   Operation 221 'store' 'store_ln693' <Predicate = (i_26 != 0 & i_26 != 1 & !phi_ln675_5) | (i_26 != 0 & i_26 != 1 & !tmp)> <Delay = 0.42>
ST_7 : Operation 222 [1/1] (0.42ns)   --->   "%store_ln693 = store i1 0, i1 %rejected_2_0" [/home/lab_726/boom/hls_boom/src/boom_core_merged.cpp:693]   --->   Operation 222 'store' 'store_ln693' <Predicate = (i_26 != 0 & i_26 != 1 & !phi_ln675_5) | (i_26 != 0 & i_26 != 1 & !tmp)> <Delay = 0.42>
ST_7 : Operation 223 [1/1] (0.00ns)   --->   "%br_ln693 = br void %_ZN4boomL18result_can_forwardERK13BoomCoreStateRK16RobCompleteEvent.exit.i._crit_edge7" [/home/lab_726/boom/hls_boom/src/boom_core_merged.cpp:693]   --->   Operation 223 'br' 'br_ln693' <Predicate = (i_26 != 0 & i_26 != 1 & !phi_ln675_5) | (i_26 != 0 & i_26 != 1 & !tmp)> <Delay = 0.00>
ST_7 : Operation 224 [1/1] (0.44ns)   --->   "%icmp_ln676 = icmp_eq  i2 %i_26, i2 1" [/home/lab_726/boom/hls_boom/src/boom_core_merged.cpp:676]   --->   Operation 224 'icmp' 'icmp_ln676' <Predicate = (i_26 != 0 & tmp & phi_ln675_5)> <Delay = 0.44> <CoreInst = "Cmp">   --->   Core 9 'Cmp' <Latency = 0> <II = 1> <Delay = 0.84> <FuncUnit> <Opcode : 'icmp'> <InPorts = 2> <OutPorts = 1>
ST_7 : Operation 225 [1/1] (0.00ns) (grouped into LUT with out node icmp_ln676_2)   --->   "%select_ln676 = select i1 %icmp_ln676, i3 %zext_ln667_8, i3 %ports_uop_rename_pdst_2" [/home/lab_726/boom/hls_boom/src/boom_core_merged.cpp:676]   --->   Operation 225 'select' 'select_ln676' <Predicate = (i_26 != 0 & tmp & phi_ln675_5)> <Delay = 0.00> <CoreInst = "Sel">   --->   Core 73 'Sel' <Latency = 0> <II = 1> <Delay = 0.42> <FuncUnit> <Opcode : 'select'> <InPorts = 3> <OutPorts = 1>
ST_7 : Operation 226 [1/1] (0.44ns)   --->   "%icmp_ln676_1 = icmp_eq  i2 %i_26, i2 0" [/home/lab_726/boom/hls_boom/src/boom_core_merged.cpp:676]   --->   Operation 226 'icmp' 'icmp_ln676_1' <Predicate = (i_26 != 0 & tmp & phi_ln675_5)> <Delay = 0.44> <CoreInst = "Cmp">   --->   Core 9 'Cmp' <Latency = 0> <II = 1> <Delay = 0.84> <FuncUnit> <Opcode : 'icmp'> <InPorts = 2> <OutPorts = 1>
ST_7 : Operation 227 [1/1] (0.58ns) (out node of the LUT)   --->   "%icmp_ln676_2 = icmp_ne  i3 %select_ln676, i3 0" [/home/lab_726/boom/hls_boom/src/boom_core_merged.cpp:676]   --->   Operation 227 'icmp' 'icmp_ln676_2' <Predicate = (i_26 != 0 & tmp & phi_ln675_5)> <Delay = 0.58> <CoreInst = "Cmp">   --->   Core 9 'Cmp' <Latency = 0> <II = 1> <Delay = 0.84> <FuncUnit> <Opcode : 'icmp'> <InPorts = 2> <OutPorts = 1>
ST_7 : Operation 228 [1/1] (0.00ns) (grouped into LUT with out node usable_2_19)   --->   "%xor_ln676 = xor i1 %icmp_ln676_1, i1 1" [/home/lab_726/boom/hls_boom/src/boom_core_merged.cpp:676]   --->   Operation 228 'xor' 'xor_ln676' <Predicate = (i_26 != 0 & tmp & phi_ln675_5)> <Delay = 0.00> <CoreInst = "LogicGate">   --->   Core 74 'LogicGate' <Latency = 0> <II = 1> <Delay = 0.28> <FuncUnit> <Opcode : 'and' 'or' 'xor'> <InPorts = 2> <OutPorts = 1>
ST_7 : Operation 229 [1/1] (0.28ns) (out node of the LUT)   --->   "%usable_2_19 = and i1 %icmp_ln676_2, i1 %xor_ln676" [/home/lab_726/boom/hls_boom/src/boom_core_merged.cpp:676]   --->   Operation 229 'and' 'usable_2_19' <Predicate = (i_26 != 0 & tmp & phi_ln675_5)> <Delay = 0.28> <CoreInst = "LogicGate">   --->   Core 74 'LogicGate' <Latency = 0> <II = 1> <Delay = 0.28> <FuncUnit> <Opcode : 'and' 'or' 'xor'> <InPorts = 2> <OutPorts = 1>
ST_7 : Operation 230 [1/1] (0.17ns)   --->   "%usable_2_13 = select i1 %icmp_ln676_1, i1 %usable_2_19, i1 %usable_2_10" [/home/lab_726/boom/hls_boom/src/boom_core_merged.cpp:692]   --->   Operation 230 'select' 'usable_2_13' <Predicate = (i_26 != 0 & tmp & phi_ln675_5)> <Delay = 0.17> <CoreInst = "Sel">   --->   Core 73 'Sel' <Latency = 0> <II = 1> <Delay = 0.42> <FuncUnit> <Opcode : 'select'> <InPorts = 3> <OutPorts = 1>
ST_7 : Operation 231 [1/1] (0.00ns) (grouped into LUT with out node usable_2_15)   --->   "%usable_2_14 = select i1 %icmp_ln676, i1 %usable_2_19, i1 %usable_2_3_load" [/home/lab_726/boom/hls_boom/src/boom_core_merged.cpp:692]   --->   Operation 231 'select' 'usable_2_14' <Predicate = (i_26 != 0 & tmp & phi_ln675_5)> <Delay = 0.00> <CoreInst = "Sel">   --->   Core 73 'Sel' <Latency = 0> <II = 1> <Delay = 0.42> <FuncUnit> <Opcode : 'select'> <InPorts = 3> <OutPorts = 1>
ST_7 : Operation 232 [1/1] (0.17ns) (out node of the LUT)   --->   "%usable_2_15 = select i1 %icmp_ln676_1, i1 %usable_2_3_load, i1 %usable_2_14" [/home/lab_726/boom/hls_boom/src/boom_core_merged.cpp:692]   --->   Operation 232 'select' 'usable_2_15' <Predicate = (i_26 != 0 & tmp & phi_ln675_5)> <Delay = 0.17> <CoreInst = "Sel">   --->   Core 73 'Sel' <Latency = 0> <II = 1> <Delay = 0.42> <FuncUnit> <Opcode : 'select'> <InPorts = 3> <OutPorts = 1>
ST_7 : Operation 233 [1/1] (0.00ns) (grouped into LUT with out node usable_2_17)   --->   "%usable_2_16 = select i1 %icmp_ln676, i1 %usable_2_1_load, i1 %usable_2_19" [/home/lab_726/boom/hls_boom/src/boom_core_merged.cpp:692]   --->   Operation 233 'select' 'usable_2_16' <Predicate = (i_26 != 0 & tmp & phi_ln675_5)> <Delay = 0.00> <CoreInst = "Sel">   --->   Core 73 'Sel' <Latency = 0> <II = 1> <Delay = 0.42> <FuncUnit> <Opcode : 'select'> <InPorts = 3> <OutPorts = 1>
ST_7 : Operation 234 [1/1] (0.17ns) (out node of the LUT)   --->   "%usable_2_17 = select i1 %icmp_ln676_1, i1 %usable_2_1_load, i1 %usable_2_16" [/home/lab_726/boom/hls_boom/src/boom_core_merged.cpp:692]   --->   Operation 234 'select' 'usable_2_17' <Predicate = (i_26 != 0 & tmp & phi_ln675_5)> <Delay = 0.17> <CoreInst = "Sel">   --->   Core 73 'Sel' <Latency = 0> <II = 1> <Delay = 0.42> <FuncUnit> <Opcode : 'select'> <InPorts = 3> <OutPorts = 1>
ST_7 : Operation 235 [1/1] (0.00ns) (grouped into LUT with out node and_ln693)   --->   "%or_ln693 = or i1 %icmp_ln676_1, i1 %icmp_ln676" [/home/lab_726/boom/hls_boom/src/boom_core_merged.cpp:693]   --->   Operation 235 'or' 'or_ln693' <Predicate = (i_26 != 0 & tmp & phi_ln675_5)> <Delay = 0.00> <CoreInst = "LogicGate">   --->   Core 74 'LogicGate' <Latency = 0> <II = 1> <Delay = 0.28> <FuncUnit> <Opcode : 'and' 'or' 'xor'> <InPorts = 2> <OutPorts = 1>
ST_7 : Operation 236 [1/1] (0.28ns) (out node of the LUT)   --->   "%and_ln693 = and i1 %rejected_2_0_load, i1 %or_ln693" [/home/lab_726/boom/hls_boom/src/boom_core_merged.cpp:693]   --->   Operation 236 'and' 'and_ln693' <Predicate = (i_26 != 0 & tmp & phi_ln675_5)> <Delay = 0.28> <CoreInst = "LogicGate">   --->   Core 74 'LogicGate' <Latency = 0> <II = 1> <Delay = 0.28> <FuncUnit> <Opcode : 'and' 'or' 'xor'> <InPorts = 2> <OutPorts = 1>
ST_7 : Operation 237 [1/1] (0.44ns)   --->   "%icmp_ln693 = icmp_ne  i2 %i_26, i2 1" [/home/lab_726/boom/hls_boom/src/boom_core_merged.cpp:693]   --->   Operation 237 'icmp' 'icmp_ln693' <Predicate = (i_26 != 0 & tmp & phi_ln675_5)> <Delay = 0.44> <CoreInst = "Cmp">   --->   Core 9 'Cmp' <Latency = 0> <II = 1> <Delay = 0.84> <FuncUnit> <Opcode : 'icmp'> <InPorts = 2> <OutPorts = 1>
ST_7 : Operation 238 [1/1] (0.28ns)   --->   "%and_ln693_1 = and i1 %rejected_1_0_load, i1 %icmp_ln693" [/home/lab_726/boom/hls_boom/src/boom_core_merged.cpp:693]   --->   Operation 238 'and' 'and_ln693_1' <Predicate = (i_26 != 0 & tmp & phi_ln675_5)> <Delay = 0.28> <CoreInst = "LogicGate">   --->   Core 74 'LogicGate' <Latency = 0> <II = 1> <Delay = 0.28> <FuncUnit> <Opcode : 'and' 'or' 'xor'> <InPorts = 2> <OutPorts = 1>
ST_7 : Operation 239 [1/1] (0.42ns)   --->   "%store_ln694 = store i1 %usable_2_13, i1 %usable_2" [/home/lab_726/boom/hls_boom/src/boom_core_merged.cpp:694]   --->   Operation 239 'store' 'store_ln694' <Predicate = (i_26 != 0 & tmp & phi_ln675_5)> <Delay = 0.42>
ST_7 : Operation 240 [1/1] (0.42ns)   --->   "%store_ln694 = store i1 %usable_2_15, i1 %usable_2_3" [/home/lab_726/boom/hls_boom/src/boom_core_merged.cpp:694]   --->   Operation 240 'store' 'store_ln694' <Predicate = (i_26 != 0 & tmp & phi_ln675_5)> <Delay = 0.42>
ST_7 : Operation 241 [1/1] (0.42ns)   --->   "%store_ln694 = store i1 %usable_2_17, i1 %usable_2_1" [/home/lab_726/boom/hls_boom/src/boom_core_merged.cpp:694]   --->   Operation 241 'store' 'store_ln694' <Predicate = (i_26 != 0 & tmp & phi_ln675_5)> <Delay = 0.42>
ST_7 : Operation 242 [1/1] (0.42ns)   --->   "%store_ln694 = store i1 %and_ln693, i1 %rejected_2_0" [/home/lab_726/boom/hls_boom/src/boom_core_merged.cpp:694]   --->   Operation 242 'store' 'store_ln694' <Predicate = (i_26 != 0 & tmp & phi_ln675_5)> <Delay = 0.42>
ST_7 : Operation 243 [1/1] (0.42ns)   --->   "%store_ln694 = store i1 %and_ln693_1, i1 %rejected_1_0" [/home/lab_726/boom/hls_boom/src/boom_core_merged.cpp:694]   --->   Operation 243 'store' 'store_ln694' <Predicate = (i_26 != 0 & tmp & phi_ln675_5)> <Delay = 0.42>
ST_7 : Operation 244 [1/1] (0.00ns)   --->   "%br_ln694 = br i1 %usable_2_19, void %_ZN4boomL18result_can_forwardERK13BoomCoreStateRK16RobCompleteEvent.exit.i._crit_edge7, void %_ZN4boomL18result_can_forwardERK13BoomCoreStateRK16RobCompleteEvent.exit.i._crit_edge" [/home/lab_726/boom/hls_boom/src/boom_core_merged.cpp:694]   --->   Operation 244 'br' 'br_ln694' <Predicate = (i_26 != 0 & tmp & phi_ln675_5)> <Delay = 0.00>
ST_7 : Operation 245 [1/1] (0.58ns)   --->   "%switch_ln694 = switch i2 %i_26, void %branch20, i2 0, void %branch18, i2 1, void %branch19" [/home/lab_726/boom/hls_boom/src/boom_core_merged.cpp:694]   --->   Operation 245 'switch' 'switch_ln694' <Predicate = (!usable_2_19) | (!phi_ln675_5) | (!tmp) | (i_26 == 0)> <Delay = 0.58>
ST_7 : Operation 246 [1/1] (0.42ns)   --->   "%store_ln694 = store i1 0, i1 %state_completion_wakeup_sent_1" [/home/lab_726/boom/hls_boom/src/boom_core_merged.cpp:694]   --->   Operation 246 'store' 'store_ln694' <Predicate = (i_26 == 1 & !usable_2_19) | (i_26 == 1 & !phi_ln675_5) | (i_26 == 1 & !tmp)> <Delay = 0.42>
ST_7 : Operation 247 [1/1] (0.00ns)   --->   "%br_ln694 = br void %_ZN4boomL18result_can_forwardERK13BoomCoreStateRK16RobCompleteEvent.exit.i._crit_edge737" [/home/lab_726/boom/hls_boom/src/boom_core_merged.cpp:694]   --->   Operation 247 'br' 'br_ln694' <Predicate = (i_26 == 1 & !usable_2_19) | (i_26 == 1 & !phi_ln675_5) | (i_26 == 1 & !tmp)> <Delay = 0.00>
ST_7 : Operation 248 [1/1] (0.42ns)   --->   "%store_ln694 = store i1 0, i1 %state_completion_wakeup_sent_0" [/home/lab_726/boom/hls_boom/src/boom_core_merged.cpp:694]   --->   Operation 248 'store' 'store_ln694' <Predicate = (i_26 == 0)> <Delay = 0.42>
ST_7 : Operation 249 [1/1] (0.00ns)   --->   "%br_ln694 = br void %_ZN4boomL18result_can_forwardERK13BoomCoreStateRK16RobCompleteEvent.exit.i._crit_edge737" [/home/lab_726/boom/hls_boom/src/boom_core_merged.cpp:694]   --->   Operation 249 'br' 'br_ln694' <Predicate = (i_26 == 0)> <Delay = 0.00>
ST_7 : Operation 250 [1/1] (0.42ns)   --->   "%store_ln694 = store i1 0, i1 %state_completion_wakeup_sent_2" [/home/lab_726/boom/hls_boom/src/boom_core_merged.cpp:694]   --->   Operation 250 'store' 'store_ln694' <Predicate = (i_26 != 0 & i_26 != 1 & !usable_2_19) | (i_26 != 0 & i_26 != 1 & !phi_ln675_5) | (i_26 != 0 & i_26 != 1 & !tmp)> <Delay = 0.42>
ST_7 : Operation 251 [1/1] (0.00ns)   --->   "%br_ln694 = br void %_ZN4boomL18result_can_forwardERK13BoomCoreStateRK16RobCompleteEvent.exit.i._crit_edge737" [/home/lab_726/boom/hls_boom/src/boom_core_merged.cpp:694]   --->   Operation 251 'br' 'br_ln694' <Predicate = (i_26 != 0 & i_26 != 1 & !usable_2_19) | (i_26 != 0 & i_26 != 1 & !phi_ln675_5) | (i_26 != 0 & i_26 != 1 & !tmp)> <Delay = 0.00>
ST_7 : Operation 252 [1/1] (0.00ns)   --->   "%br_ln694 = br void %_ZN4boomL18result_can_forwardERK13BoomCoreStateRK16RobCompleteEvent.exit.i._crit_edge" [/home/lab_726/boom/hls_boom/src/boom_core_merged.cpp:694]   --->   Operation 252 'br' 'br_ln694' <Predicate = (!usable_2_19) | (!phi_ln675_5) | (!tmp) | (i_26 == 0)> <Delay = 0.00>
ST_7 : Operation 253 [1/1] (0.42ns)   --->   "%store_ln691 = store i2 %add_ln691, i2 %i_16" [/home/lab_726/boom/hls_boom/src/boom_core_merged.cpp:691]   --->   Operation 253 'store' 'store_ln691' <Predicate = true> <Delay = 0.42>
ST_7 : Operation 254 [1/1] (0.00ns)   --->   "%br_ln0 = br void %.preheader1"   --->   Operation 254 'br' 'br_ln0' <Predicate = true> <Delay = 0.00>

State 8 <SV = 4> <Delay = 5.02>
ST_8 : Operation 255 [1/1] (0.00ns)   --->   "%i_27 = load i2 %i_17" [/home/lab_726/boom/hls_boom/src/boom_core_merged.cpp:698]   --->   Operation 255 'load' 'i_27' <Predicate = true> <Delay = 0.00>
ST_8 : Operation 256 [1/1] (0.44ns)   --->   "%icmp_ln698 = icmp_eq  i2 %i_27, i2 3" [/home/lab_726/boom/hls_boom/src/boom_core_merged.cpp:698]   --->   Operation 256 'icmp' 'icmp_ln698' <Predicate = true> <Delay = 0.44> <CoreInst = "Cmp">   --->   Core 9 'Cmp' <Latency = 0> <II = 1> <Delay = 0.84> <FuncUnit> <Opcode : 'icmp'> <InPorts = 2> <OutPorts = 1>
ST_8 : Operation 257 [1/1] (0.00ns)   --->   "%empty_57 = speclooptripcount i32 @_ssdm_op_SpecLoopTripCount, i64 3, i64 3, i64 3"   --->   Operation 257 'speclooptripcount' 'empty_57' <Predicate = true> <Delay = 0.00>
ST_8 : Operation 258 [1/1] (0.54ns)   --->   "%add_ln698 = add i2 %i_27, i2 1" [/home/lab_726/boom/hls_boom/src/boom_core_merged.cpp:698]   --->   Operation 258 'add' 'add_ln698' <Predicate = true> <Delay = 0.54> <CoreInst = "Adder">   --->   Core 1 'Adder' <Latency = 0> <II = 1> <Delay = 0.76> <FuncUnit> <Opcode : 'add' 'sub'> <InPorts = 2> <OutPorts = 1>
ST_8 : Operation 259 [1/1] (0.00ns)   --->   "%br_ln698 = br i1 %icmp_ln698, void %.split11_ifconv, void" [/home/lab_726/boom/hls_boom/src/boom_core_merged.cpp:698]   --->   Operation 259 'br' 'br_ln698' <Predicate = true> <Delay = 0.00>
ST_8 : Operation 260 [1/1] (0.44ns)   --->   "%icmp_ln699 = icmp_eq  i2 %i_27, i2 1" [/home/lab_726/boom/hls_boom/src/boom_core_merged.cpp:699]   --->   Operation 260 'icmp' 'icmp_ln699' <Predicate = (!icmp_ln698)> <Delay = 0.44> <CoreInst = "Cmp">   --->   Core 9 'Cmp' <Latency = 0> <II = 1> <Delay = 0.84> <FuncUnit> <Opcode : 'icmp'> <InPorts = 2> <OutPorts = 1>
ST_8 : Operation 261 [1/1] (0.00ns) (grouped into LUT with out node and_ln699)   --->   "%select_ln699 = select i1 %icmp_ln699, i1 %ports_valid_1, i1 %ports_valid_2" [/home/lab_726/boom/hls_boom/src/boom_core_merged.cpp:699]   --->   Operation 261 'select' 'select_ln699' <Predicate = (!icmp_ln698)> <Delay = 0.00> <CoreInst = "Sel">   --->   Core 73 'Sel' <Latency = 0> <II = 1> <Delay = 0.42> <FuncUnit> <Opcode : 'select'> <InPorts = 3> <OutPorts = 1>
ST_8 : Operation 262 [1/1] (0.44ns)   --->   "%icmp_ln699_1 = icmp_ne  i2 %i_27, i2 0" [/home/lab_726/boom/hls_boom/src/boom_core_merged.cpp:699]   --->   Operation 262 'icmp' 'icmp_ln699_1' <Predicate = (!icmp_ln698)> <Delay = 0.44> <CoreInst = "Cmp">   --->   Core 9 'Cmp' <Latency = 0> <II = 1> <Delay = 0.84> <FuncUnit> <Opcode : 'icmp'> <InPorts = 2> <OutPorts = 1>
ST_8 : Operation 263 [1/1] (0.28ns) (out node of the LUT)   --->   "%and_ln699 = and i1 %select_ln699, i1 %icmp_ln699_1" [/home/lab_726/boom/hls_boom/src/boom_core_merged.cpp:699]   --->   Operation 263 'and' 'and_ln699' <Predicate = (!icmp_ln698)> <Delay = 0.28> <CoreInst = "LogicGate">   --->   Core 74 'LogicGate' <Latency = 0> <II = 1> <Delay = 0.28> <FuncUnit> <Opcode : 'and' 'or' 'xor'> <InPorts = 2> <OutPorts = 1>
ST_8 : Operation 264 [1/1] (0.52ns)   --->   "%phi_ln699_1 = mux i8 @_ssdm_op_Mux.ap_auto.4i8.i2, i8 0, i8 %zext_ln667, i8 %zext_ln668, i8 0, i2 %i_27" [/home/lab_726/boom/hls_boom/src/boom_core_merged.cpp:699]   --->   Operation 264 'mux' 'phi_ln699_1' <Predicate = (!icmp_ln698)> <Delay = 0.52> <CoreInst = "Multiplexer">   --->   Core 76 'Multiplexer' <Latency = 0> <II = 1> <Delay = 0.52> <FuncUnit> <Opcode : 'mux'> <InPorts = 2> <OutPorts = 1>
ST_8 : Operation 265 [1/1] (0.52ns)   --->   "%phi_ln699_2 = mux i8 @_ssdm_op_Mux.ap_auto.4i8.i2, i8 0, i8 %zext_ln667_4, i8 %zext_ln668_4, i8 0, i2 %i_27" [/home/lab_726/boom/hls_boom/src/boom_core_merged.cpp:699]   --->   Operation 265 'mux' 'phi_ln699_2' <Predicate = (!icmp_ln698)> <Delay = 0.52> <CoreInst = "Multiplexer">   --->   Core 76 'Multiplexer' <Latency = 0> <II = 1> <Delay = 0.52> <FuncUnit> <Opcode : 'mux'> <InPorts = 2> <OutPorts = 1>
ST_8 : Operation 266 [1/1] (0.52ns)   --->   "%phi_ln699_3 = mux i8 @_ssdm_op_Mux.ap_auto.4i8.i2, i8 0, i8 %zext_ln667_5, i8 %zext_ln668_5, i8 0, i2 %i_27" [/home/lab_726/boom/hls_boom/src/boom_core_merged.cpp:699]   --->   Operation 266 'mux' 'phi_ln699_3' <Predicate = (!icmp_ln698)> <Delay = 0.52> <CoreInst = "Multiplexer">   --->   Core 76 'Multiplexer' <Latency = 0> <II = 1> <Delay = 0.52> <FuncUnit> <Opcode : 'mux'> <InPorts = 2> <OutPorts = 1>
ST_8 : Operation 267 [1/1] (0.52ns)   --->   "%phi_ln699_4 = mux i32 @_ssdm_op_Mux.ap_auto.4i32.i2, i32 0, i32 %zext_ln667_6, i32 %zext_ln668_6, i32 0, i2 %i_27" [/home/lab_726/boom/hls_boom/src/boom_core_merged.cpp:699]   --->   Operation 267 'mux' 'phi_ln699_4' <Predicate = (!icmp_ln698)> <Delay = 0.52> <CoreInst = "Multiplexer">   --->   Core 76 'Multiplexer' <Latency = 0> <II = 1> <Delay = 0.52> <FuncUnit> <Opcode : 'mux'> <InPorts = 2> <OutPorts = 1>
ST_8 : Operation 268 [2/2] (4.28ns)   --->   "%tmp_s = call i1 @completion_is_valid, i1 %and_ln699, i8 %phi_ln699_1, i8 %phi_ln699_2, i8 %phi_ln699_3, i32 %phi_ln699_4, i1 %state_rob_entries_valid, i2 %state_rob_entries_uop_queue_rob_allocation_id, i1 %state_rob_entries_busy, i1 %state_rob_entries_memory_valid, i1 %state_rob_entries_memory_completed, i1 %state_rob_entries_is_load, i1 %state_rob_entries_memory_request_sent, i1 %state_rob_entries_memory_transaction_id" [/home/lab_726/boom/hls_boom/src/boom_core_merged.cpp:699]   --->   Operation 268 'call' 'tmp_s' <Predicate = (!icmp_ln698)> <Delay = 4.28> <CoreType = "Generic">   --->   Core 0 '' <Latency = 0> <II = 1> <Delay = 1.00> <Generic> <Opcode : >
ST_8 : Operation 269 [1/1] (0.00ns)   --->   "%precise_valid_load_1 = load i1 %precise_valid" [/home/lab_726/boom/hls_boom/src/boom_core_merged.cpp:707]   --->   Operation 269 'load' 'precise_valid_load_1' <Predicate = (icmp_ln698)> <Delay = 0.00>
ST_8 : Operation 270 [1/1] (0.42ns)   --->   "%br_ln707 = br i1 %precise_valid_load_1, void %.loopexit.preheader, void %.preheader.preheader" [/home/lab_726/boom/hls_boom/src/boom_core_merged.cpp:707]   --->   Operation 270 'br' 'br_ln707' <Predicate = (icmp_ln698)> <Delay = 0.42>
ST_8 : Operation 271 [1/1] (0.00ns)   --->   "%i_18 = alloca i32 1"   --->   Operation 271 'alloca' 'i_18' <Predicate = (icmp_ln698 & precise_valid_load_1)> <Delay = 0.00>
ST_8 : Operation 272 [1/1] (0.00ns)   --->   "%usable_2_5 = alloca i32 1"   --->   Operation 272 'alloca' 'usable_2_5' <Predicate = (icmp_ln698 & precise_valid_load_1)> <Delay = 0.00>
ST_8 : Operation 273 [1/1] (0.00ns)   --->   "%usable_1_5 = alloca i32 1"   --->   Operation 273 'alloca' 'usable_1_5' <Predicate = (icmp_ln698 & precise_valid_load_1)> <Delay = 0.00>
ST_8 : Operation 274 [1/1] (0.00ns)   --->   "%usable_2_4 = alloca i32 1"   --->   Operation 274 'alloca' 'usable_2_4' <Predicate = (icmp_ln698 & precise_valid_load_1)> <Delay = 0.00>
ST_8 : Operation 275 [1/1] (0.42ns)   --->   "%store_ln708 = store i1 %usable_2_10, i1 %usable_2_4" [/home/lab_726/boom/hls_boom/src/boom_core_merged.cpp:708]   --->   Operation 275 'store' 'store_ln708' <Predicate = (icmp_ln698 & precise_valid_load_1)> <Delay = 0.42>
ST_8 : Operation 276 [1/1] (0.42ns)   --->   "%store_ln708 = store i1 %usable_2_3_load, i1 %usable_1_5" [/home/lab_726/boom/hls_boom/src/boom_core_merged.cpp:708]   --->   Operation 276 'store' 'store_ln708' <Predicate = (icmp_ln698 & precise_valid_load_1)> <Delay = 0.42>
ST_8 : Operation 277 [1/1] (0.42ns)   --->   "%store_ln708 = store i1 %usable_2_1_load, i1 %usable_2_5" [/home/lab_726/boom/hls_boom/src/boom_core_merged.cpp:708]   --->   Operation 277 'store' 'store_ln708' <Predicate = (icmp_ln698 & precise_valid_load_1)> <Delay = 0.42>
ST_8 : Operation 278 [1/1] (0.42ns)   --->   "%store_ln708 = store i2 0, i2 %i_18" [/home/lab_726/boom/hls_boom/src/boom_core_merged.cpp:708]   --->   Operation 278 'store' 'store_ln708' <Predicate = (icmp_ln698 & precise_valid_load_1)> <Delay = 0.42>
ST_8 : Operation 279 [1/1] (0.00ns)   --->   "%br_ln708 = br void %.preheader" [/home/lab_726/boom/hls_boom/src/boom_core_merged.cpp:708]   --->   Operation 279 'br' 'br_ln708' <Predicate = (icmp_ln698 & precise_valid_load_1)> <Delay = 0.00>

State 9 <SV = 5> <Delay = 4.96>
ST_9 : Operation 280 [1/1] (0.00ns)   --->   "%specloopname_ln698 = specloopname void @_ssdm_op_SpecLoopName, void @empty_16" [/home/lab_726/boom/hls_boom/src/boom_core_merged.cpp:698]   --->   Operation 280 'specloopname' 'specloopname_ln698' <Predicate = true> <Delay = 0.00>
ST_9 : Operation 281 [1/2] (4.53ns)   --->   "%tmp_s = call i1 @completion_is_valid, i1 %and_ln699, i8 %phi_ln699_1, i8 %phi_ln699_2, i8 %phi_ln699_3, i32 %phi_ln699_4, i1 %state_rob_entries_valid, i2 %state_rob_entries_uop_queue_rob_allocation_id, i1 %state_rob_entries_busy, i1 %state_rob_entries_memory_valid, i1 %state_rob_entries_memory_completed, i1 %state_rob_entries_is_load, i1 %state_rob_entries_memory_request_sent, i1 %state_rob_entries_memory_transaction_id" [/home/lab_726/boom/hls_boom/src/boom_core_merged.cpp:699]   --->   Operation 281 'call' 'tmp_s' <Predicate = true> <Delay = 4.53> <CoreType = "Generic">   --->   Core 0 '' <Latency = 0> <II = 1> <Delay = 1.00> <Generic> <Opcode : >
ST_9 : Operation 282 [1/1] (0.00ns)   --->   "%br_ln699 = br i1 %tmp_s, void %.split11._crit_edge, void %branch153" [/home/lab_726/boom/hls_boom/src/boom_core_merged.cpp:699]   --->   Operation 282 'br' 'br_ln699' <Predicate = true> <Delay = 0.00>
ST_9 : Operation 283 [1/1] (0.00ns)   --->   "%trunc_ln602 = trunc i8 %phi_ln699_3" [/home/lab_726/boom/hls_boom/src/boom_core_merged.cpp:602]   --->   Operation 283 'trunc' 'trunc_ln602' <Predicate = (tmp_s)> <Delay = 0.00>
ST_9 : Operation 284 [1/1] (0.78ns)   --->   "%precise_age_2 = sub i5 %trunc_ln602, i5 %state_rob_head_load" [/home/lab_726/boom/hls_boom/src/boom_core_merged.cpp:602]   --->   Operation 284 'sub' 'precise_age_2' <Predicate = (tmp_s)> <Delay = 0.78> <CoreInst = "Adder">   --->   Core 1 'Adder' <Latency = 0> <II = 1> <Delay = 0.76> <FuncUnit> <Opcode : 'add' 'sub'> <InPorts = 2> <OutPorts = 1>
ST_9 : Operation 285 [1/1] (0.00ns)   --->   "%zext_ln602 = zext i5 %precise_age_2" [/home/lab_726/boom/hls_boom/src/boom_core_merged.cpp:602]   --->   Operation 285 'zext' 'zext_ln602' <Predicate = (tmp_s)> <Delay = 0.00>
ST_9 : Operation 286 [1/1] (0.84ns)   --->   "%icmp_ln700 = icmp_eq  i8 %phi_ln699_1, i8 5" [/home/lab_726/boom/hls_boom/src/boom_core_merged.cpp:700]   --->   Operation 286 'icmp' 'icmp_ln700' <Predicate = (tmp_s)> <Delay = 0.84> <CoreInst = "Cmp">   --->   Core 9 'Cmp' <Latency = 0> <II = 1> <Delay = 0.84> <FuncUnit> <Opcode : 'icmp'> <InPorts = 2> <OutPorts = 1>
ST_9 : Operation 287 [1/1] (0.00ns)   --->   "%br_ln700 = br i1 %icmp_ln700, void %.split11._crit_edge, void %.thread10" [/home/lab_726/boom/hls_boom/src/boom_core_merged.cpp:700]   --->   Operation 287 'br' 'br_ln700' <Predicate = (tmp_s)> <Delay = 0.00>
ST_9 : Operation 288 [1/1] (0.00ns)   --->   "%precise_age_load = load i8 %precise_age" [/home/lab_726/boom/hls_boom/src/boom_core_merged.cpp:698]   --->   Operation 288 'load' 'precise_age_load' <Predicate = (tmp_s & icmp_ln700)> <Delay = 0.00>
ST_9 : Operation 289 [1/1] (0.00ns)   --->   "%precise_valid_load = load i1 %precise_valid" [/home/lab_726/boom/hls_boom/src/boom_core_merged.cpp:702]   --->   Operation 289 'load' 'precise_valid_load' <Predicate = (tmp_s & icmp_ln700)> <Delay = 0.00>
ST_9 : Operation 290 [1/1] (0.00ns) (grouped into LUT with out node select_ln702)   --->   "%xor_ln702 = xor i1 %precise_valid_load, i1 1" [/home/lab_726/boom/hls_boom/src/boom_core_merged.cpp:702]   --->   Operation 290 'xor' 'xor_ln702' <Predicate = (tmp_s & icmp_ln700)> <Delay = 0.00> <CoreInst = "LogicGate">   --->   Core 74 'LogicGate' <Latency = 0> <II = 1> <Delay = 0.28> <FuncUnit> <Opcode : 'and' 'or' 'xor'> <InPorts = 2> <OutPorts = 1>
ST_9 : Operation 291 [1/1] (0.84ns)   --->   "%icmp_ln702 = icmp_ult  i8 %zext_ln602, i8 %precise_age_load" [/home/lab_726/boom/hls_boom/src/boom_core_merged.cpp:702]   --->   Operation 291 'icmp' 'icmp_ln702' <Predicate = (tmp_s & icmp_ln700)> <Delay = 0.84> <CoreInst = "Cmp">   --->   Core 9 'Cmp' <Latency = 0> <II = 1> <Delay = 0.84> <FuncUnit> <Opcode : 'icmp'> <InPorts = 2> <OutPorts = 1>
ST_9 : Operation 292 [1/1] (0.00ns) (grouped into LUT with out node select_ln702)   --->   "%or_ln702 = or i1 %icmp_ln702, i1 %xor_ln702" [/home/lab_726/boom/hls_boom/src/boom_core_merged.cpp:702]   --->   Operation 292 'or' 'or_ln702' <Predicate = (tmp_s & icmp_ln700)> <Delay = 0.00> <CoreInst = "LogicGate">   --->   Core 74 'LogicGate' <Latency = 0> <II = 1> <Delay = 0.28> <FuncUnit> <Opcode : 'and' 'or' 'xor'> <InPorts = 2> <OutPorts = 1>
ST_9 : Operation 293 [1/1] (0.00ns) (grouped into LUT with out node select_ln702)   --->   "%trunc_ln698 = trunc i8 %precise_age_load" [/home/lab_726/boom/hls_boom/src/boom_core_merged.cpp:698]   --->   Operation 293 'trunc' 'trunc_ln698' <Predicate = (tmp_s & icmp_ln700)> <Delay = 0.00>
ST_9 : Operation 294 [1/1] (0.41ns) (out node of the LUT)   --->   "%select_ln702 = select i1 %or_ln702, i5 %precise_age_2, i5 %trunc_ln698" [/home/lab_726/boom/hls_boom/src/boom_core_merged.cpp:702]   --->   Operation 294 'select' 'select_ln702' <Predicate = (tmp_s & icmp_ln700)> <Delay = 0.41> <CoreInst = "Sel">   --->   Core 73 'Sel' <Latency = 0> <II = 1> <Delay = 0.42> <FuncUnit> <Opcode : 'select'> <InPorts = 3> <OutPorts = 1>
ST_9 : Operation 295 [1/1] (0.00ns)   --->   "%zext_ln702 = zext i5 %select_ln702" [/home/lab_726/boom/hls_boom/src/boom_core_merged.cpp:702]   --->   Operation 295 'zext' 'zext_ln702' <Predicate = (tmp_s & icmp_ln700)> <Delay = 0.00>
ST_9 : Operation 296 [1/1] (0.42ns)   --->   "%store_ln702 = store i1 1, i1 %precise_valid" [/home/lab_726/boom/hls_boom/src/boom_core_merged.cpp:702]   --->   Operation 296 'store' 'store_ln702' <Predicate = (tmp_s & icmp_ln700)> <Delay = 0.42>
ST_9 : Operation 297 [1/1] (0.42ns)   --->   "%store_ln702 = store i8 %zext_ln702, i8 %precise_age" [/home/lab_726/boom/hls_boom/src/boom_core_merged.cpp:702]   --->   Operation 297 'store' 'store_ln702' <Predicate = (tmp_s & icmp_ln700)> <Delay = 0.42>
ST_9 : Operation 298 [1/1] (0.00ns)   --->   "%br_ln702 = br void %.split11._crit_edge" [/home/lab_726/boom/hls_boom/src/boom_core_merged.cpp:702]   --->   Operation 298 'br' 'br_ln702' <Predicate = (tmp_s & icmp_ln700)> <Delay = 0.00>
ST_9 : Operation 299 [1/1] (0.42ns)   --->   "%store_ln698 = store i2 %add_ln698, i2 %i_17" [/home/lab_726/boom/hls_boom/src/boom_core_merged.cpp:698]   --->   Operation 299 'store' 'store_ln698' <Predicate = true> <Delay = 0.42>
ST_9 : Operation 300 [1/1] (0.00ns)   --->   "%br_ln0 = br void"   --->   Operation 300 'br' 'br_ln0' <Predicate = true> <Delay = 0.00>

State 10 <SV = 5> <Delay = 2.79>
ST_10 : Operation 301 [1/1] (0.00ns)   --->   "%i_28 = load i2 %i_18" [/home/lab_726/boom/hls_boom/src/boom_core_merged.cpp:708]   --->   Operation 301 'load' 'i_28' <Predicate = (precise_valid_load_1)> <Delay = 0.00>
ST_10 : Operation 302 [1/1] (0.00ns)   --->   "%usable_2_5_load = load i1 %usable_2_5"   --->   Operation 302 'load' 'usable_2_5_load' <Predicate = (precise_valid_load_1)> <Delay = 0.00>
ST_10 : Operation 303 [1/1] (0.00ns)   --->   "%usable_1_5_load = load i1 %usable_1_5"   --->   Operation 303 'load' 'usable_1_5_load' <Predicate = (precise_valid_load_1)> <Delay = 0.00>
ST_10 : Operation 304 [1/1] (0.00ns)   --->   "%usable_2_4_load = load i1 %usable_2_4"   --->   Operation 304 'load' 'usable_2_4_load' <Predicate = (precise_valid_load_1)> <Delay = 0.00>
ST_10 : Operation 305 [1/1] (0.44ns)   --->   "%icmp_ln708 = icmp_eq  i2 %i_28, i2 3" [/home/lab_726/boom/hls_boom/src/boom_core_merged.cpp:708]   --->   Operation 305 'icmp' 'icmp_ln708' <Predicate = (precise_valid_load_1)> <Delay = 0.44> <CoreInst = "Cmp">   --->   Core 9 'Cmp' <Latency = 0> <II = 1> <Delay = 0.84> <FuncUnit> <Opcode : 'icmp'> <InPorts = 2> <OutPorts = 1>
ST_10 : Operation 306 [1/1] (0.00ns)   --->   "%empty_58 = speclooptripcount i32 @_ssdm_op_SpecLoopTripCount, i64 3, i64 3, i64 3"   --->   Operation 306 'speclooptripcount' 'empty_58' <Predicate = (precise_valid_load_1)> <Delay = 0.00>
ST_10 : Operation 307 [1/1] (0.54ns)   --->   "%add_ln708 = add i2 %i_28, i2 1" [/home/lab_726/boom/hls_boom/src/boom_core_merged.cpp:708]   --->   Operation 307 'add' 'add_ln708' <Predicate = (precise_valid_load_1)> <Delay = 0.54> <CoreInst = "Adder">   --->   Core 1 'Adder' <Latency = 0> <II = 1> <Delay = 0.76> <FuncUnit> <Opcode : 'add' 'sub'> <InPorts = 2> <OutPorts = 1>
ST_10 : Operation 308 [1/1] (0.00ns)   --->   "%br_ln708 = br i1 %icmp_ln708, void %.split9, void %.loopexit.preheader.loopexit" [/home/lab_726/boom/hls_boom/src/boom_core_merged.cpp:708]   --->   Operation 308 'br' 'br_ln708' <Predicate = (precise_valid_load_1)> <Delay = 0.00>
ST_10 : Operation 309 [1/1] (0.00ns)   --->   "%specloopname_ln708 = specloopname void @_ssdm_op_SpecLoopName, void @empty_24" [/home/lab_726/boom/hls_boom/src/boom_core_merged.cpp:708]   --->   Operation 309 'specloopname' 'specloopname_ln708' <Predicate = (precise_valid_load_1 & !icmp_ln708)> <Delay = 0.00>
ST_10 : Operation 310 [1/1] (0.47ns)   --->   "%tmp_4 = mux i1 @_ssdm_op_Mux.ap_auto.3i1.i2, i1 %usable_2_4_load, i1 %usable_1_5_load, i1 %usable_2_5_load, i2 %i_28" [/home/lab_726/boom/hls_boom/src/boom_core_merged.cpp:709]   --->   Operation 310 'mux' 'tmp_4' <Predicate = (precise_valid_load_1 & !icmp_ln708)> <Delay = 0.47> <CoreInst = "Multiplexer">   --->   Core 76 'Multiplexer' <Latency = 0> <II = 1> <Delay = 0.47> <FuncUnit> <Opcode : 'mux'> <InPorts = 2> <OutPorts = 1>
ST_10 : Operation 311 [1/1] (0.00ns)   --->   "%br_ln709 = br i1 %tmp_4, void %.split9._crit_edge, void %_ifconv" [/home/lab_726/boom/hls_boom/src/boom_core_merged.cpp:709]   --->   Operation 311 'br' 'br_ln709' <Predicate = (precise_valid_load_1 & !icmp_ln708)> <Delay = 0.00>
ST_10 : Operation 312 [1/1] (0.00ns)   --->   "%precise_age_load_1 = load i8 %precise_age" [/home/lab_726/boom/hls_boom/src/boom_core_merged.cpp:709]   --->   Operation 312 'load' 'precise_age_load_1' <Predicate = (precise_valid_load_1 & !icmp_ln708 & tmp_4)> <Delay = 0.00>
ST_10 : Operation 313 [1/1] (0.44ns)   --->   "%icmp_ln602 = icmp_eq  i2 %i_28, i2 1" [/home/lab_726/boom/hls_boom/src/boom_core_merged.cpp:602]   --->   Operation 313 'icmp' 'icmp_ln602' <Predicate = (precise_valid_load_1 & !icmp_ln708 & tmp_4)> <Delay = 0.44> <CoreInst = "Cmp">   --->   Core 9 'Cmp' <Latency = 0> <II = 1> <Delay = 0.84> <FuncUnit> <Opcode : 'icmp'> <InPorts = 2> <OutPorts = 1>
ST_10 : Operation 314 [1/1] (0.00ns) (grouped into LUT with out node sub_ln602)   --->   "%select_ln602 = select i1 %icmp_ln602, i5 %ports_uop_queue_rob_idx_1, i5 %ports_uop_queue_rob_idx_2" [/home/lab_726/boom/hls_boom/src/boom_core_merged.cpp:602]   --->   Operation 314 'select' 'select_ln602' <Predicate = (precise_valid_load_1 & !icmp_ln708 & tmp_4)> <Delay = 0.00> <CoreInst = "Sel">   --->   Core 73 'Sel' <Latency = 0> <II = 1> <Delay = 0.42> <FuncUnit> <Opcode : 'select'> <InPorts = 3> <OutPorts = 1>
ST_10 : Operation 315 [1/1] (0.44ns)   --->   "%icmp_ln602_1 = icmp_eq  i2 %i_28, i2 0" [/home/lab_726/boom/hls_boom/src/boom_core_merged.cpp:602]   --->   Operation 315 'icmp' 'icmp_ln602_1' <Predicate = (precise_valid_load_1 & !icmp_ln708 & tmp_4)> <Delay = 0.44> <CoreInst = "Cmp">   --->   Core 9 'Cmp' <Latency = 0> <II = 1> <Delay = 0.84> <FuncUnit> <Opcode : 'icmp'> <InPorts = 2> <OutPorts = 1>
ST_10 : Operation 316 [1/1] (0.00ns) (grouped into LUT with out node sub_ln602)   --->   "%select_ln602_1 = select i1 %icmp_ln602_1, i5 0, i5 %select_ln602" [/home/lab_726/boom/hls_boom/src/boom_core_merged.cpp:602]   --->   Operation 316 'select' 'select_ln602_1' <Predicate = (precise_valid_load_1 & !icmp_ln708 & tmp_4)> <Delay = 0.00> <CoreInst = "Sel">   --->   Core 73 'Sel' <Latency = 0> <II = 1> <Delay = 0.42> <FuncUnit> <Opcode : 'select'> <InPorts = 3> <OutPorts = 1>
ST_10 : Operation 317 [1/1] (0.78ns) (out node of the LUT)   --->   "%sub_ln602 = sub i5 %select_ln602_1, i5 %state_rob_head_load" [/home/lab_726/boom/hls_boom/src/boom_core_merged.cpp:602]   --->   Operation 317 'sub' 'sub_ln602' <Predicate = (precise_valid_load_1 & !icmp_ln708 & tmp_4)> <Delay = 0.78> <CoreInst = "Adder">   --->   Core 1 'Adder' <Latency = 0> <II = 1> <Delay = 0.76> <FuncUnit> <Opcode : 'add' 'sub'> <InPorts = 2> <OutPorts = 1>
ST_10 : Operation 318 [1/1] (0.00ns)   --->   "%zext_ln602_1 = zext i5 %sub_ln602" [/home/lab_726/boom/hls_boom/src/boom_core_merged.cpp:602]   --->   Operation 318 'zext' 'zext_ln602_1' <Predicate = (precise_valid_load_1 & !icmp_ln708 & tmp_4)> <Delay = 0.00>
ST_10 : Operation 319 [1/1] (0.84ns)   --->   "%icmp_ln709 = icmp_ugt  i8 %zext_ln602_1, i8 %precise_age_load_1" [/home/lab_726/boom/hls_boom/src/boom_core_merged.cpp:709]   --->   Operation 319 'icmp' 'icmp_ln709' <Predicate = (precise_valid_load_1 & !icmp_ln708 & tmp_4)> <Delay = 0.84> <CoreInst = "Cmp">   --->   Core 9 'Cmp' <Latency = 0> <II = 1> <Delay = 0.84> <FuncUnit> <Opcode : 'icmp'> <InPorts = 2> <OutPorts = 1>
ST_10 : Operation 320 [1/1] (0.00ns)   --->   "%br_ln709 = br i1 %icmp_ln709, void %.split9._crit_edge, void %_ifconv45" [/home/lab_726/boom/hls_boom/src/boom_core_merged.cpp:709]   --->   Operation 320 'br' 'br_ln709' <Predicate = (precise_valid_load_1 & !icmp_ln708 & tmp_4)> <Delay = 0.00>
ST_10 : Operation 321 [1/1] (0.44ns)   --->   "%icmp_ln710 = icmp_ne  i2 %i_28, i2 0" [/home/lab_726/boom/hls_boom/src/boom_core_merged.cpp:710]   --->   Operation 321 'icmp' 'icmp_ln710' <Predicate = (precise_valid_load_1 & !icmp_ln708 & tmp_4 & icmp_ln709)> <Delay = 0.44> <CoreInst = "Cmp">   --->   Core 9 'Cmp' <Latency = 0> <II = 1> <Delay = 0.84> <FuncUnit> <Opcode : 'icmp'> <InPorts = 2> <OutPorts = 1>
ST_10 : Operation 322 [1/1] (0.28ns)   --->   "%and_ln710 = and i1 %usable_2_4_load, i1 %icmp_ln710" [/home/lab_726/boom/hls_boom/src/boom_core_merged.cpp:710]   --->   Operation 322 'and' 'and_ln710' <Predicate = (precise_valid_load_1 & !icmp_ln708 & tmp_4 & icmp_ln709)> <Delay = 0.28> <CoreInst = "LogicGate">   --->   Core 74 'LogicGate' <Latency = 0> <II = 1> <Delay = 0.28> <FuncUnit> <Opcode : 'and' 'or' 'xor'> <InPorts = 2> <OutPorts = 1>
ST_10 : Operation 323 [1/1] (0.44ns)   --->   "%icmp_ln710_1 = icmp_ne  i2 %i_28, i2 1" [/home/lab_726/boom/hls_boom/src/boom_core_merged.cpp:710]   --->   Operation 323 'icmp' 'icmp_ln710_1' <Predicate = (precise_valid_load_1 & !icmp_ln708 & tmp_4 & icmp_ln709)> <Delay = 0.44> <CoreInst = "Cmp">   --->   Core 9 'Cmp' <Latency = 0> <II = 1> <Delay = 0.84> <FuncUnit> <Opcode : 'icmp'> <InPorts = 2> <OutPorts = 1>
ST_10 : Operation 324 [1/1] (0.28ns)   --->   "%and_ln710_1 = and i1 %usable_1_5_load, i1 %icmp_ln710_1" [/home/lab_726/boom/hls_boom/src/boom_core_merged.cpp:710]   --->   Operation 324 'and' 'and_ln710_1' <Predicate = (precise_valid_load_1 & !icmp_ln708 & tmp_4 & icmp_ln709)> <Delay = 0.28> <CoreInst = "LogicGate">   --->   Core 74 'LogicGate' <Latency = 0> <II = 1> <Delay = 0.28> <FuncUnit> <Opcode : 'and' 'or' 'xor'> <InPorts = 2> <OutPorts = 1>
ST_10 : Operation 325 [1/1] (0.00ns) (grouped into LUT with out node and_ln710_2)   --->   "%or_ln710 = or i1 %icmp_ln602_1, i1 %icmp_ln602" [/home/lab_726/boom/hls_boom/src/boom_core_merged.cpp:710]   --->   Operation 325 'or' 'or_ln710' <Predicate = (precise_valid_load_1 & !icmp_ln708 & tmp_4 & icmp_ln709)> <Delay = 0.00> <CoreInst = "LogicGate">   --->   Core 74 'LogicGate' <Latency = 0> <II = 1> <Delay = 0.28> <FuncUnit> <Opcode : 'and' 'or' 'xor'> <InPorts = 2> <OutPorts = 1>
ST_10 : Operation 326 [1/1] (0.28ns) (out node of the LUT)   --->   "%and_ln710_2 = and i1 %usable_2_5_load, i1 %or_ln710" [/home/lab_726/boom/hls_boom/src/boom_core_merged.cpp:710]   --->   Operation 326 'and' 'and_ln710_2' <Predicate = (precise_valid_load_1 & !icmp_ln708 & tmp_4 & icmp_ln709)> <Delay = 0.28> <CoreInst = "LogicGate">   --->   Core 74 'LogicGate' <Latency = 0> <II = 1> <Delay = 0.28> <FuncUnit> <Opcode : 'and' 'or' 'xor'> <InPorts = 2> <OutPorts = 1>
ST_10 : Operation 327 [1/1] (0.42ns)   --->   "%store_ln710 = store i1 %and_ln710, i1 %usable_2_4" [/home/lab_726/boom/hls_boom/src/boom_core_merged.cpp:710]   --->   Operation 327 'store' 'store_ln710' <Predicate = (precise_valid_load_1 & !icmp_ln708 & tmp_4 & icmp_ln709)> <Delay = 0.42>
ST_10 : Operation 328 [1/1] (0.42ns)   --->   "%store_ln710 = store i1 %and_ln710_1, i1 %usable_1_5" [/home/lab_726/boom/hls_boom/src/boom_core_merged.cpp:710]   --->   Operation 328 'store' 'store_ln710' <Predicate = (precise_valid_load_1 & !icmp_ln708 & tmp_4 & icmp_ln709)> <Delay = 0.42>
ST_10 : Operation 329 [1/1] (0.42ns)   --->   "%store_ln710 = store i1 %and_ln710_2, i1 %usable_2_5" [/home/lab_726/boom/hls_boom/src/boom_core_merged.cpp:710]   --->   Operation 329 'store' 'store_ln710' <Predicate = (precise_valid_load_1 & !icmp_ln708 & tmp_4 & icmp_ln709)> <Delay = 0.42>
ST_10 : Operation 330 [1/1] (0.00ns)   --->   "%br_ln710 = br void %.split9._crit_edge" [/home/lab_726/boom/hls_boom/src/boom_core_merged.cpp:710]   --->   Operation 330 'br' 'br_ln710' <Predicate = (precise_valid_load_1 & !icmp_ln708 & tmp_4 & icmp_ln709)> <Delay = 0.00>
ST_10 : Operation 331 [1/1] (0.42ns)   --->   "%store_ln708 = store i2 %add_ln708, i2 %i_18" [/home/lab_726/boom/hls_boom/src/boom_core_merged.cpp:708]   --->   Operation 331 'store' 'store_ln708' <Predicate = (precise_valid_load_1 & !icmp_ln708)> <Delay = 0.42>
ST_10 : Operation 332 [1/1] (0.00ns)   --->   "%br_ln0 = br void %.preheader"   --->   Operation 332 'br' 'br_ln0' <Predicate = (precise_valid_load_1 & !icmp_ln708)> <Delay = 0.00>
ST_10 : Operation 333 [1/1] (0.42ns)   --->   "%br_ln0 = br void %.loopexit.preheader"   --->   Operation 333 'br' 'br_ln0' <Predicate = (precise_valid_load_1 & icmp_ln708)> <Delay = 0.42>
ST_10 : Operation 334 [1/1] (0.00ns)   --->   "%usable_0_9_ph = phi i1 %usable_2_10, void, i1 %usable_2_4_load, void %.loopexit.preheader.loopexit"   --->   Operation 334 'phi' 'usable_0_9_ph' <Predicate = (icmp_ln708) | (!precise_valid_load_1)> <Delay = 0.00>
ST_10 : Operation 335 [1/1] (0.00ns)   --->   "%usable_1_9_ph = phi i1 %usable_2_3_load, void, i1 %usable_1_5_load, void %.loopexit.preheader.loopexit"   --->   Operation 335 'phi' 'usable_1_9_ph' <Predicate = (icmp_ln708) | (!precise_valid_load_1)> <Delay = 0.00>
ST_10 : Operation 336 [1/1] (0.00ns)   --->   "%usable_2_9_ph = phi i1 %usable_2_1_load, void, i1 %usable_2_5_load, void %.loopexit.preheader.loopexit"   --->   Operation 336 'phi' 'usable_2_9_ph' <Predicate = (icmp_ln708) | (!precise_valid_load_1)> <Delay = 0.00>
ST_10 : Operation 337 [1/1] (0.00ns)   --->   "%indvars_iv50 = alloca i32 1"   --->   Operation 337 'alloca' 'indvars_iv50' <Predicate = (icmp_ln708) | (!precise_valid_load_1)> <Delay = 0.00>
ST_10 : Operation 338 [1/1] (0.00ns)   --->   "%i_19 = alloca i32 1"   --->   Operation 338 'alloca' 'i_19' <Predicate = (icmp_ln708) | (!precise_valid_load_1)> <Delay = 0.00>
ST_10 : Operation 339 [1/1] (0.00ns)   --->   "%conflict_seen = alloca i32 1"   --->   Operation 339 'alloca' 'conflict_seen' <Predicate = (icmp_ln708) | (!precise_valid_load_1)> <Delay = 0.00>
ST_10 : Operation 340 [1/1] (0.00ns)   --->   "%rejected_1_5 = alloca i32 1"   --->   Operation 340 'alloca' 'rejected_1_5' <Predicate = (icmp_ln708) | (!precise_valid_load_1)> <Delay = 0.00>
ST_10 : Operation 341 [1/1] (0.00ns)   --->   "%rejected_2_5 = alloca i32 1"   --->   Operation 341 'alloca' 'rejected_2_5' <Predicate = (icmp_ln708) | (!precise_valid_load_1)> <Delay = 0.00>
ST_10 : Operation 342 [1/1] (0.00ns)   --->   "%usable_2_9 = alloca i32 1"   --->   Operation 342 'alloca' 'usable_2_9' <Predicate = (icmp_ln708) | (!precise_valid_load_1)> <Delay = 0.00>
ST_10 : Operation 343 [1/1] (0.00ns)   --->   "%usable_1_9 = alloca i32 1"   --->   Operation 343 'alloca' 'usable_1_9' <Predicate = (icmp_ln708) | (!precise_valid_load_1)> <Delay = 0.00>
ST_10 : Operation 344 [1/1] (0.00ns)   --->   "%usable_2_18 = alloca i32 1"   --->   Operation 344 'alloca' 'usable_2_18' <Predicate = (icmp_ln708) | (!precise_valid_load_1)> <Delay = 0.00>
ST_10 : Operation 345 [1/1] (0.47ns)   --->   "%store_ln712 = store i1 %usable_0_9_ph, i1 %usable_2_18" [/home/lab_726/boom/hls_boom/src/boom_core_merged.cpp:712]   --->   Operation 345 'store' 'store_ln712' <Predicate = (icmp_ln708) | (!precise_valid_load_1)> <Delay = 0.47>
ST_10 : Operation 346 [1/1] (0.47ns)   --->   "%store_ln712 = store i1 %usable_1_9_ph, i1 %usable_1_9" [/home/lab_726/boom/hls_boom/src/boom_core_merged.cpp:712]   --->   Operation 346 'store' 'store_ln712' <Predicate = (icmp_ln708) | (!precise_valid_load_1)> <Delay = 0.47>
ST_10 : Operation 347 [1/1] (0.47ns)   --->   "%store_ln712 = store i1 %usable_2_9_ph, i1 %usable_2_9" [/home/lab_726/boom/hls_boom/src/boom_core_merged.cpp:712]   --->   Operation 347 'store' 'store_ln712' <Predicate = (icmp_ln708) | (!precise_valid_load_1)> <Delay = 0.47>
ST_10 : Operation 348 [1/1] (0.47ns)   --->   "%store_ln712 = store i1 %rejected_2_0_load, i1 %rejected_2_5" [/home/lab_726/boom/hls_boom/src/boom_core_merged.cpp:712]   --->   Operation 348 'store' 'store_ln712' <Predicate = (icmp_ln708) | (!precise_valid_load_1)> <Delay = 0.47>
ST_10 : Operation 349 [1/1] (0.47ns)   --->   "%store_ln712 = store i1 %rejected_1_0_load, i1 %rejected_1_5" [/home/lab_726/boom/hls_boom/src/boom_core_merged.cpp:712]   --->   Operation 349 'store' 'store_ln712' <Predicate = (icmp_ln708) | (!precise_valid_load_1)> <Delay = 0.47>
ST_10 : Operation 350 [1/1] (0.42ns)   --->   "%store_ln712 = store i1 0, i1 %conflict_seen" [/home/lab_726/boom/hls_boom/src/boom_core_merged.cpp:712]   --->   Operation 350 'store' 'store_ln712' <Predicate = (icmp_ln708) | (!precise_valid_load_1)> <Delay = 0.42>
ST_10 : Operation 351 [1/1] (0.42ns)   --->   "%store_ln712 = store i2 0, i2 %i_19" [/home/lab_726/boom/hls_boom/src/boom_core_merged.cpp:712]   --->   Operation 351 'store' 'store_ln712' <Predicate = (icmp_ln708) | (!precise_valid_load_1)> <Delay = 0.42>
ST_10 : Operation 352 [1/1] (0.42ns)   --->   "%store_ln712 = store i3 1, i3 %indvars_iv50" [/home/lab_726/boom/hls_boom/src/boom_core_merged.cpp:712]   --->   Operation 352 'store' 'store_ln712' <Predicate = (icmp_ln708) | (!precise_valid_load_1)> <Delay = 0.42>
ST_10 : Operation 353 [1/1] (0.00ns)   --->   "%br_ln712 = br void %.loopexit" [/home/lab_726/boom/hls_boom/src/boom_core_merged.cpp:712]   --->   Operation 353 'br' 'br_ln712' <Predicate = (icmp_ln708) | (!precise_valid_load_1)> <Delay = 0.00>

State 11 <SV = 6> <Delay = 1.70>
ST_11 : Operation 354 [1/1] (0.00ns)   --->   "%indvars_iv50_load = load i3 %indvars_iv50" [/home/lab_726/boom/hls_boom/src/boom_core_merged.cpp:712]   --->   Operation 354 'load' 'indvars_iv50_load' <Predicate = true> <Delay = 0.00>
ST_11 : Operation 355 [1/1] (0.00ns)   --->   "%i_29 = load i2 %i_19" [/home/lab_726/boom/hls_boom/src/boom_core_merged.cpp:713]   --->   Operation 355 'load' 'i_29' <Predicate = true> <Delay = 0.00>
ST_11 : Operation 356 [1/1] (0.00ns)   --->   "%zext_ln712 = zext i3 %indvars_iv50_load" [/home/lab_726/boom/hls_boom/src/boom_core_merged.cpp:712]   --->   Operation 356 'zext' 'zext_ln712' <Predicate = true> <Delay = 0.00>
ST_11 : Operation 357 [1/1] (0.00ns)   --->   "%zext_ln712_1 = zext i2 %i_29" [/home/lab_726/boom/hls_boom/src/boom_core_merged.cpp:712]   --->   Operation 357 'zext' 'zext_ln712_1' <Predicate = true> <Delay = 0.00>
ST_11 : Operation 358 [1/1] (0.44ns)   --->   "%icmp_ln712 = icmp_eq  i2 %i_29, i2 3" [/home/lab_726/boom/hls_boom/src/boom_core_merged.cpp:712]   --->   Operation 358 'icmp' 'icmp_ln712' <Predicate = true> <Delay = 0.44> <CoreInst = "Cmp">   --->   Core 9 'Cmp' <Latency = 0> <II = 1> <Delay = 0.84> <FuncUnit> <Opcode : 'icmp'> <InPorts = 2> <OutPorts = 1>
ST_11 : Operation 359 [1/1] (0.00ns)   --->   "%empty_59 = speclooptripcount i32 @_ssdm_op_SpecLoopTripCount, i64 3, i64 3, i64 3"   --->   Operation 359 'speclooptripcount' 'empty_59' <Predicate = true> <Delay = 0.00>
ST_11 : Operation 360 [1/1] (0.54ns)   --->   "%add_ln712 = add i3 %zext_ln712_1, i3 1" [/home/lab_726/boom/hls_boom/src/boom_core_merged.cpp:712]   --->   Operation 360 'add' 'add_ln712' <Predicate = true> <Delay = 0.54> <CoreInst = "Adder">   --->   Core 1 'Adder' <Latency = 0> <II = 1> <Delay = 0.76> <FuncUnit> <Opcode : 'add' 'sub'> <InPorts = 2> <OutPorts = 1>
ST_11 : Operation 361 [1/1] (0.00ns)   --->   "%trunc_ln712 = trunc i3 %add_ln712" [/home/lab_726/boom/hls_boom/src/boom_core_merged.cpp:712]   --->   Operation 361 'trunc' 'trunc_ln712' <Predicate = true> <Delay = 0.00>
ST_11 : Operation 362 [1/1] (0.00ns)   --->   "%br_ln712 = br i1 %icmp_ln712, void %.split7, void" [/home/lab_726/boom/hls_boom/src/boom_core_merged.cpp:712]   --->   Operation 362 'br' 'br_ln712' <Predicate = true> <Delay = 0.00>
ST_11 : Operation 363 [1/1] (0.00ns)   --->   "%usable_2_9_load_1 = load i1 %usable_2_9" [/home/lab_726/boom/hls_boom/src/boom_core_merged.cpp:713]   --->   Operation 363 'load' 'usable_2_9_load_1' <Predicate = (!icmp_ln712)> <Delay = 0.00>
ST_11 : Operation 364 [1/1] (0.00ns)   --->   "%usable_1_9_load_1 = load i1 %usable_1_9" [/home/lab_726/boom/hls_boom/src/boom_core_merged.cpp:713]   --->   Operation 364 'load' 'usable_1_9_load_1' <Predicate = (!icmp_ln712)> <Delay = 0.00>
ST_11 : Operation 365 [1/1] (0.00ns)   --->   "%usable_2_18_load = load i1 %usable_2_18" [/home/lab_726/boom/hls_boom/src/boom_core_merged.cpp:713]   --->   Operation 365 'load' 'usable_2_18_load' <Predicate = (!icmp_ln712)> <Delay = 0.00>
ST_11 : Operation 366 [1/1] (0.00ns)   --->   "%specloopname_ln712 = specloopname void @_ssdm_op_SpecLoopName, void @empty_6" [/home/lab_726/boom/hls_boom/src/boom_core_merged.cpp:712]   --->   Operation 366 'specloopname' 'specloopname_ln712' <Predicate = (!icmp_ln712)> <Delay = 0.00>
ST_11 : Operation 367 [1/1] (0.47ns)   --->   "%tmp_5 = mux i1 @_ssdm_op_Mux.ap_auto.3i1.i2, i1 %usable_2_18_load, i1 %usable_1_9_load_1, i1 %usable_2_9_load_1, i2 %i_29" [/home/lab_726/boom/hls_boom/src/boom_core_merged.cpp:713]   --->   Operation 367 'mux' 'tmp_5' <Predicate = (!icmp_ln712)> <Delay = 0.47> <CoreInst = "Multiplexer">   --->   Core 76 'Multiplexer' <Latency = 0> <II = 1> <Delay = 0.47> <FuncUnit> <Opcode : 'mux'> <InPorts = 2> <OutPorts = 1>
ST_11 : Operation 368 [1/1] (0.00ns) (grouped into LUT with out node or_ln713)   --->   "%xor_ln713 = xor i1 %tmp_5, i1 1" [/home/lab_726/boom/hls_boom/src/boom_core_merged.cpp:713]   --->   Operation 368 'xor' 'xor_ln713' <Predicate = (!icmp_ln712)> <Delay = 0.00> <CoreInst = "LogicGate">   --->   Core 74 'LogicGate' <Latency = 0> <II = 1> <Delay = 0.28> <FuncUnit> <Opcode : 'and' 'or' 'xor'> <InPorts = 2> <OutPorts = 1>
ST_11 : Operation 369 [1/1] (0.58ns)   --->   "%icmp_ln713 = icmp_ugt  i3 %add_ln712, i3 2" [/home/lab_726/boom/hls_boom/src/boom_core_merged.cpp:713]   --->   Operation 369 'icmp' 'icmp_ln713' <Predicate = (!icmp_ln712)> <Delay = 0.58> <CoreInst = "Cmp">   --->   Core 9 'Cmp' <Latency = 0> <II = 1> <Delay = 0.84> <FuncUnit> <Opcode : 'icmp'> <InPorts = 2> <OutPorts = 1>
ST_11 : Operation 370 [1/1] (0.28ns) (out node of the LUT)   --->   "%or_ln713 = or i1 %icmp_ln713, i1 %xor_ln713" [/home/lab_726/boom/hls_boom/src/boom_core_merged.cpp:713]   --->   Operation 370 'or' 'or_ln713' <Predicate = (!icmp_ln712)> <Delay = 0.28> <CoreInst = "LogicGate">   --->   Core 74 'LogicGate' <Latency = 0> <II = 1> <Delay = 0.28> <FuncUnit> <Opcode : 'and' 'or' 'xor'> <InPorts = 2> <OutPorts = 1>
ST_11 : Operation 371 [1/1] (0.00ns)   --->   "%br_ln713 = br i1 %or_ln713, void %.lr.ph.preheader_ifconv, void %._crit_edge" [/home/lab_726/boom/hls_boom/src/boom_core_merged.cpp:713]   --->   Operation 371 'br' 'br_ln713' <Predicate = (!icmp_ln712)> <Delay = 0.00>
ST_11 : Operation 372 [1/1] (0.44ns)   --->   "%icmp_ln715_1 = icmp_eq  i2 %i_29, i2 0" [/home/lab_726/boom/hls_boom/src/boom_core_merged.cpp:715]   --->   Operation 372 'icmp' 'icmp_ln715_1' <Predicate = (!icmp_ln712 & !or_ln713)> <Delay = 0.44> <CoreInst = "Cmp">   --->   Core 9 'Cmp' <Latency = 0> <II = 1> <Delay = 0.84> <FuncUnit> <Opcode : 'icmp'> <InPorts = 2> <OutPorts = 1>
ST_11 : Operation 373 [1/1] (0.00ns) (grouped into LUT with out node select_ln715_1)   --->   "%select_ln715 = select i1 %icmp_ln715_1, i3 0, i3 %ports_uop_rename_pdst_2" [/home/lab_726/boom/hls_boom/src/boom_core_merged.cpp:715]   --->   Operation 373 'select' 'select_ln715' <Predicate = (!icmp_ln712 & !or_ln713)> <Delay = 0.00> <CoreInst = "Sel">   --->   Core 73 'Sel' <Latency = 0> <II = 1> <Delay = 0.42> <FuncUnit> <Opcode : 'select'> <InPorts = 3> <OutPorts = 1>
ST_11 : Operation 374 [1/1] (0.44ns)   --->   "%icmp_ln715_2 = icmp_eq  i2 %i_29, i2 1" [/home/lab_726/boom/hls_boom/src/boom_core_merged.cpp:715]   --->   Operation 374 'icmp' 'icmp_ln715_2' <Predicate = (!icmp_ln712 & !or_ln713)> <Delay = 0.44> <CoreInst = "Cmp">   --->   Core 9 'Cmp' <Latency = 0> <II = 1> <Delay = 0.84> <FuncUnit> <Opcode : 'icmp'> <InPorts = 2> <OutPorts = 1>
ST_11 : Operation 375 [1/1] (0.20ns) (out node of the LUT)   --->   "%select_ln715_1 = select i1 %icmp_ln715_2, i3 %zext_ln667_8, i3 %select_ln715" [/home/lab_726/boom/hls_boom/src/boom_core_merged.cpp:715]   --->   Operation 375 'select' 'select_ln715_1' <Predicate = (!icmp_ln712 & !or_ln713)> <Delay = 0.20> <CoreInst = "Sel">   --->   Core 73 'Sel' <Latency = 0> <II = 1> <Delay = 0.42> <FuncUnit> <Opcode : 'select'> <InPorts = 3> <OutPorts = 1>
ST_11 : Operation 376 [1/1] (0.00ns)   --->   "%zext_ln717 = zext i3 %select_ln715_1" [/home/lab_726/boom/hls_boom/src/boom_core_merged.cpp:717]   --->   Operation 376 'zext' 'zext_ln717' <Predicate = (!icmp_ln712 & !or_ln713)> <Delay = 0.00>
ST_11 : Operation 377 [1/1] (0.00ns) (grouped into LUT with out node select_ln717_1)   --->   "%select_ln717 = select i1 %icmp_ln715_1, i64 0, i64 %ports_value_2" [/home/lab_726/boom/hls_boom/src/boom_core_merged.cpp:717]   --->   Operation 377 'select' 'select_ln717' <Predicate = (!icmp_ln712 & !or_ln713)> <Delay = 0.00> <CoreInst = "Sel">   --->   Core 73 'Sel' <Latency = 0> <II = 1> <Delay = 0.42> <FuncUnit> <Opcode : 'select'> <InPorts = 3> <OutPorts = 1>
ST_11 : Operation 378 [1/1] (0.42ns) (out node of the LUT)   --->   "%select_ln717_1 = select i1 %icmp_ln715_2, i64 %ports_value_1, i64 %select_ln717" [/home/lab_726/boom/hls_boom/src/boom_core_merged.cpp:717]   --->   Operation 378 'select' 'select_ln717_1' <Predicate = (!icmp_ln712 & !or_ln713)> <Delay = 0.42> <CoreInst = "Sel">   --->   Core 73 'Sel' <Latency = 0> <II = 1> <Delay = 0.42> <FuncUnit> <Opcode : 'select'> <InPorts = 3> <OutPorts = 1>
ST_11 : Operation 379 [1/1] (0.44ns)   --->   "%icmp_ln718 = icmp_ne  i2 %i_29, i2 0" [/home/lab_726/boom/hls_boom/src/boom_core_merged.cpp:718]   --->   Operation 379 'icmp' 'icmp_ln718' <Predicate = (!icmp_ln712 & !or_ln713)> <Delay = 0.44> <CoreInst = "Cmp">   --->   Core 9 'Cmp' <Latency = 0> <II = 1> <Delay = 0.84> <FuncUnit> <Opcode : 'icmp'> <InPorts = 2> <OutPorts = 1>
ST_11 : Operation 380 [1/1] (0.44ns)   --->   "%icmp_ln718_1 = icmp_ne  i2 %i_29, i2 1" [/home/lab_726/boom/hls_boom/src/boom_core_merged.cpp:718]   --->   Operation 380 'icmp' 'icmp_ln718_1' <Predicate = (!icmp_ln712 & !or_ln713)> <Delay = 0.44> <CoreInst = "Cmp">   --->   Core 9 'Cmp' <Latency = 0> <II = 1> <Delay = 0.84> <FuncUnit> <Opcode : 'icmp'> <InPorts = 2> <OutPorts = 1>
ST_11 : Operation 381 [1/1] (0.28ns)   --->   "%or_ln718 = or i1 %icmp_ln715_1, i1 %icmp_ln715_2" [/home/lab_726/boom/hls_boom/src/boom_core_merged.cpp:718]   --->   Operation 381 'or' 'or_ln718' <Predicate = (!icmp_ln712 & !or_ln713)> <Delay = 0.28> <CoreInst = "LogicGate">   --->   Core 74 'LogicGate' <Latency = 0> <II = 1> <Delay = 0.28> <FuncUnit> <Opcode : 'and' 'or' 'xor'> <InPorts = 2> <OutPorts = 1>
ST_11 : Operation 382 [1/1] (0.28ns)   --->   "%and_ln720 = and i1 %icmp_ln718_1, i1 %icmp_ln718" [/home/lab_726/boom/hls_boom/src/boom_core_merged.cpp:720]   --->   Operation 382 'and' 'and_ln720' <Predicate = (!icmp_ln712 & !or_ln713)> <Delay = 0.28> <CoreInst = "LogicGate">   --->   Core 74 'LogicGate' <Latency = 0> <II = 1> <Delay = 0.28> <FuncUnit> <Opcode : 'and' 'or' 'xor'> <InPorts = 2> <OutPorts = 1>
ST_11 : Operation 383 [1/1] (0.42ns)   --->   "%br_ln714 = br void %.lr.ph" [/home/lab_726/boom/hls_boom/src/boom_core_merged.cpp:714]   --->   Operation 383 'br' 'br_ln714' <Predicate = (!icmp_ln712 & !or_ln713)> <Delay = 0.42>
ST_11 : Operation 384 [1/1] (0.00ns)   --->   "%conflict_seen_load = load i1 %conflict_seen" [/home/lab_726/boom/hls_boom/src/boom_core_merged.cpp:729]   --->   Operation 384 'load' 'conflict_seen_load' <Predicate = (icmp_ln712)> <Delay = 0.00>
ST_11 : Operation 385 [1/1] (0.00ns)   --->   "%br_ln729 = br i1 %conflict_seen_load, void %._crit_edge12, void %._crit_edge13" [/home/lab_726/boom/hls_boom/src/boom_core_merged.cpp:729]   --->   Operation 385 'br' 'br_ln729' <Predicate = (icmp_ln712)> <Delay = 0.00>
ST_11 : Operation 386 [1/1] (0.00ns)   --->   "%rejected_1_5_load = load i1 %rejected_1_5" [/home/lab_726/boom/hls_boom/src/boom_core_merged.cpp:734]   --->   Operation 386 'load' 'rejected_1_5_load' <Predicate = (icmp_ln712 & conflict_seen_load)> <Delay = 0.00>
ST_11 : Operation 387 [1/1] (0.00ns)   --->   "%state_completion_wakeup_conflicts_load = load i64 %state_completion_wakeup_conflicts" [/home/lab_726/boom/hls_boom/src/boom_core_merged.cpp:730]   --->   Operation 387 'load' 'state_completion_wakeup_conflicts_load' <Predicate = (icmp_ln712 & conflict_seen_load)> <Delay = 0.00>
ST_11 : Operation 388 [1/1] (1.08ns)   --->   "%add_ln730 = add i64 %state_completion_wakeup_conflicts_load, i64 1" [/home/lab_726/boom/hls_boom/src/boom_core_merged.cpp:730]   --->   Operation 388 'add' 'add_ln730' <Predicate = (icmp_ln712 & conflict_seen_load)> <Delay = 1.08> <CoreInst = "Adder">   --->   Core 1 'Adder' <Latency = 0> <II = 1> <Delay = 0.76> <FuncUnit> <Opcode : 'add' 'sub'> <InPorts = 2> <OutPorts = 1>
ST_11 : Operation 389 [1/1] (0.00ns)   --->   "%store_ln730 = store i64 %add_ln730, i64 %state_completion_wakeup_conflicts" [/home/lab_726/boom/hls_boom/src/boom_core_merged.cpp:730]   --->   Operation 389 'store' 'store_ln730' <Predicate = (icmp_ln712 & conflict_seen_load)> <Delay = 0.00>
ST_11 : Operation 390 [1/1] (0.00ns)   --->   "%state_completion_bypass_conflicts_load = load i64 %state_completion_bypass_conflicts" [/home/lab_726/boom/hls_boom/src/boom_core_merged.cpp:731]   --->   Operation 390 'load' 'state_completion_bypass_conflicts_load' <Predicate = (icmp_ln712 & conflict_seen_load)> <Delay = 0.00>
ST_11 : Operation 391 [1/1] (1.08ns)   --->   "%add_ln731 = add i64 %state_completion_bypass_conflicts_load, i64 1" [/home/lab_726/boom/hls_boom/src/boom_core_merged.cpp:731]   --->   Operation 391 'add' 'add_ln731' <Predicate = (icmp_ln712 & conflict_seen_load)> <Delay = 1.08> <CoreInst = "Adder">   --->   Core 1 'Adder' <Latency = 0> <II = 1> <Delay = 0.76> <FuncUnit> <Opcode : 'add' 'sub'> <InPorts = 2> <OutPorts = 1>
ST_11 : Operation 392 [1/1] (0.00ns)   --->   "%store_ln731 = store i64 %add_ln731, i64 %state_completion_bypass_conflicts" [/home/lab_726/boom/hls_boom/src/boom_core_merged.cpp:731]   --->   Operation 392 'store' 'store_ln731' <Predicate = (icmp_ln712 & conflict_seen_load)> <Delay = 0.00>
ST_11 : Operation 393 [1/1] (0.00ns)   --->   "%br_ln734 = br i1 %rejected_1_5_load, void %._crit_edge14, void" [/home/lab_726/boom/hls_boom/src/boom_core_merged.cpp:734]   --->   Operation 393 'br' 'br_ln734' <Predicate = (icmp_ln712 & conflict_seen_load)> <Delay = 0.00>
ST_11 : Operation 394 [1/1] (0.42ns)   --->   "%store_ln735 = store i1 0, i1 %state_completion_mem_execute_valid" [/home/lab_726/boom/hls_boom/src/boom_core_merged.cpp:735]   --->   Operation 394 'store' 'store_ln735' <Predicate = (icmp_ln712 & conflict_seen_load & rejected_1_5_load)> <Delay = 0.42>
ST_11 : Operation 395 [1/1] (0.42ns)   --->   "%store_ln735 = store i3 0, i3 %state_completion_mem_execute_kind" [/home/lab_726/boom/hls_boom/src/boom_core_merged.cpp:735]   --->   Operation 395 'store' 'store_ln735' <Predicate = (icmp_ln712 & conflict_seen_load & rejected_1_5_load)> <Delay = 0.42>
ST_11 : Operation 396 [1/1] (0.42ns)   --->   "%store_ln735 = store i1 0, i1 %state_completion_mem_execute_source" [/home/lab_726/boom/hls_boom/src/boom_core_merged.cpp:735]   --->   Operation 396 'store' 'store_ln735' <Predicate = (icmp_ln712 & conflict_seen_load & rejected_1_5_load)> <Delay = 0.42>
ST_11 : Operation 397 [1/1] (0.42ns)   --->   "%store_ln735 = store i8 0, i8 %state_completion_mem_execute_uop_branch_br_mask" [/home/lab_726/boom/hls_boom/src/boom_core_merged.cpp:735]   --->   Operation 397 'store' 'store_ln735' <Predicate = (icmp_ln712 & conflict_seen_load & rejected_1_5_load)> <Delay = 0.42>
ST_11 : Operation 398 [1/1] (0.42ns)   --->   "%store_ln735 = store i1 0, i1 %state_completion_mem_execute_uop_branch_br_tag" [/home/lab_726/boom/hls_boom/src/boom_core_merged.cpp:735]   --->   Operation 398 'store' 'store_ln735' <Predicate = (icmp_ln712 & conflict_seen_load & rejected_1_5_load)> <Delay = 0.42>
ST_11 : Operation 399 [1/1] (0.42ns)   --->   "%store_ln735 = store i5 0, i5 %state_completion_mem_execute_uop_queue_rob_idx" [/home/lab_726/boom/hls_boom/src/boom_core_merged.cpp:735]   --->   Operation 399 'store' 'store_ln735' <Predicate = (icmp_ln712 & conflict_seen_load & rejected_1_5_load)> <Delay = 0.42>
ST_11 : Operation 400 [1/1] (0.42ns)   --->   "%store_ln735 = store i2 0, i2 %state_completion_mem_execute_uop_queue_rob_allocation_id" [/home/lab_726/boom/hls_boom/src/boom_core_merged.cpp:735]   --->   Operation 400 'store' 'store_ln735' <Predicate = (icmp_ln712 & conflict_seen_load & rejected_1_5_load)> <Delay = 0.42>
ST_11 : Operation 401 [1/1] (0.42ns)   --->   "%store_ln735 = store i2 0, i2 %state_completion_mem_execute_uop_rename_pdst" [/home/lab_726/boom/hls_boom/src/boom_core_merged.cpp:735]   --->   Operation 401 'store' 'store_ln735' <Predicate = (icmp_ln712 & conflict_seen_load & rejected_1_5_load)> <Delay = 0.42>
ST_11 : Operation 402 [1/1] (0.42ns)   --->   "%store_ln735 = store i1 0, i1 %state_completion_mem_execute_writes_prf" [/home/lab_726/boom/hls_boom/src/boom_core_merged.cpp:735]   --->   Operation 402 'store' 'store_ln735' <Predicate = (icmp_ln712 & conflict_seen_load & rejected_1_5_load)> <Delay = 0.42>
ST_11 : Operation 403 [1/1] (0.42ns)   --->   "%store_ln735 = store i64 0, i64 %state_completion_mem_execute_value" [/home/lab_726/boom/hls_boom/src/boom_core_merged.cpp:735]   --->   Operation 403 'store' 'store_ln735' <Predicate = (icmp_ln712 & conflict_seen_load & rejected_1_5_load)> <Delay = 0.42>
ST_11 : Operation 404 [1/1] (0.00ns)   --->   "%br_ln735 = br void %._crit_edge14" [/home/lab_726/boom/hls_boom/src/boom_core_merged.cpp:735]   --->   Operation 404 'br' 'br_ln735' <Predicate = (icmp_ln712 & conflict_seen_load & rejected_1_5_load)> <Delay = 0.00>
ST_11 : Operation 405 [1/1] (0.00ns)   --->   "%rejected_2_5_load = load i1 %rejected_2_5" [/home/lab_726/boom/hls_boom/src/boom_core_merged.cpp:736]   --->   Operation 405 'load' 'rejected_2_5_load' <Predicate = (icmp_ln712 & conflict_seen_load)> <Delay = 0.00>
ST_11 : Operation 406 [1/1] (0.00ns)   --->   "%br_ln736 = br i1 %rejected_2_5_load, void %._crit_edge15, void" [/home/lab_726/boom/hls_boom/src/boom_core_merged.cpp:736]   --->   Operation 406 'br' 'br_ln736' <Predicate = (icmp_ln712 & conflict_seen_load)> <Delay = 0.00>
ST_11 : Operation 407 [1/1] (0.42ns)   --->   "%store_ln737 = store i1 0, i1 %state_completion_int_execute_valid" [/home/lab_726/boom/hls_boom/src/boom_core_merged.cpp:737]   --->   Operation 407 'store' 'store_ln737' <Predicate = (icmp_ln712 & conflict_seen_load & rejected_2_5_load)> <Delay = 0.42>
ST_11 : Operation 408 [1/1] (0.42ns)   --->   "%store_ln737 = store i3 0, i3 %state_completion_int_execute_kind" [/home/lab_726/boom/hls_boom/src/boom_core_merged.cpp:737]   --->   Operation 408 'store' 'store_ln737' <Predicate = (icmp_ln712 & conflict_seen_load & rejected_2_5_load)> <Delay = 0.42>
ST_11 : Operation 409 [1/1] (0.42ns)   --->   "%store_ln737 = store i2 0, i2 %state_completion_int_execute_source" [/home/lab_726/boom/hls_boom/src/boom_core_merged.cpp:737]   --->   Operation 409 'store' 'store_ln737' <Predicate = (icmp_ln712 & conflict_seen_load & rejected_2_5_load)> <Delay = 0.42>
ST_11 : Operation 410 [1/1] (0.42ns)   --->   "%store_ln737 = store i8 0, i8 %state_completion_int_execute_uop_branch_br_mask" [/home/lab_726/boom/hls_boom/src/boom_core_merged.cpp:737]   --->   Operation 410 'store' 'store_ln737' <Predicate = (icmp_ln712 & conflict_seen_load & rejected_2_5_load)> <Delay = 0.42>
ST_11 : Operation 411 [1/1] (0.42ns)   --->   "%store_ln737 = store i1 0, i1 %state_completion_int_execute_uop_branch_br_tag" [/home/lab_726/boom/hls_boom/src/boom_core_merged.cpp:737]   --->   Operation 411 'store' 'store_ln737' <Predicate = (icmp_ln712 & conflict_seen_load & rejected_2_5_load)> <Delay = 0.42>
ST_11 : Operation 412 [1/1] (0.42ns)   --->   "%store_ln737 = store i5 0, i5 %state_completion_int_execute_uop_queue_rob_idx" [/home/lab_726/boom/hls_boom/src/boom_core_merged.cpp:737]   --->   Operation 412 'store' 'store_ln737' <Predicate = (icmp_ln712 & conflict_seen_load & rejected_2_5_load)> <Delay = 0.42>
ST_11 : Operation 413 [1/1] (0.42ns)   --->   "%store_ln737 = store i2 0, i2 %state_completion_int_execute_uop_queue_rob_allocation_id" [/home/lab_726/boom/hls_boom/src/boom_core_merged.cpp:737]   --->   Operation 413 'store' 'store_ln737' <Predicate = (icmp_ln712 & conflict_seen_load & rejected_2_5_load)> <Delay = 0.42>
ST_11 : Operation 414 [1/1] (0.42ns)   --->   "%store_ln737 = store i3 0, i3 %state_completion_int_execute_uop_rename_pdst" [/home/lab_726/boom/hls_boom/src/boom_core_merged.cpp:737]   --->   Operation 414 'store' 'store_ln737' <Predicate = (icmp_ln712 & conflict_seen_load & rejected_2_5_load)> <Delay = 0.42>
ST_11 : Operation 415 [1/1] (0.42ns)   --->   "%store_ln737 = store i1 0, i1 %state_completion_int_execute_writes_prf" [/home/lab_726/boom/hls_boom/src/boom_core_merged.cpp:737]   --->   Operation 415 'store' 'store_ln737' <Predicate = (icmp_ln712 & conflict_seen_load & rejected_2_5_load)> <Delay = 0.42>
ST_11 : Operation 416 [1/1] (0.42ns)   --->   "%store_ln737 = store i64 0, i64 %state_completion_int_execute_value" [/home/lab_726/boom/hls_boom/src/boom_core_merged.cpp:737]   --->   Operation 416 'store' 'store_ln737' <Predicate = (icmp_ln712 & conflict_seen_load & rejected_2_5_load)> <Delay = 0.42>
ST_11 : Operation 417 [1/1] (0.00ns)   --->   "%br_ln737 = br void %._crit_edge15" [/home/lab_726/boom/hls_boom/src/boom_core_merged.cpp:737]   --->   Operation 417 'br' 'br_ln737' <Predicate = (icmp_ln712 & conflict_seen_load & rejected_2_5_load)> <Delay = 0.00>
ST_11 : Operation 418 [1/1] (0.00ns)   --->   "%br_ln738 = br void %._crit_edge12" [/home/lab_726/boom/hls_boom/src/boom_core_merged.cpp:738]   --->   Operation 418 'br' 'br_ln738' <Predicate = (icmp_ln712 & conflict_seen_load)> <Delay = 0.00>
ST_11 : Operation 419 [1/1] (0.00ns)   --->   "%i_20 = alloca i32 1"   --->   Operation 419 'alloca' 'i_20' <Predicate = (icmp_ln712)> <Delay = 0.00>
ST_11 : Operation 420 [1/1] (0.00ns)   --->   "%output = alloca i32 1"   --->   Operation 420 'alloca' 'output' <Predicate = (icmp_ln712)> <Delay = 0.00>
ST_11 : Operation 421 [1/1] (0.42ns)   --->   "%store_ln741 = store i8 0, i8 %output" [/home/lab_726/boom/hls_boom/src/boom_core_merged.cpp:741]   --->   Operation 421 'store' 'store_ln741' <Predicate = (icmp_ln712)> <Delay = 0.42>
ST_11 : Operation 422 [1/1] (0.42ns)   --->   "%store_ln741 = store i2 0, i2 %i_20" [/home/lab_726/boom/hls_boom/src/boom_core_merged.cpp:741]   --->   Operation 422 'store' 'store_ln741' <Predicate = (icmp_ln712)> <Delay = 0.42>
ST_11 : Operation 423 [1/1] (0.00ns)   --->   "%br_ln741 = br void" [/home/lab_726/boom/hls_boom/src/boom_core_merged.cpp:741]   --->   Operation 423 'br' 'br_ln741' <Predicate = (icmp_ln712)> <Delay = 0.00>

State 12 <SV = 7> <Delay = 2.13>
ST_12 : Operation 424 [1/1] (0.00ns)   --->   "%j = phi i64 %zext_ln712, void %.lr.ph.preheader_ifconv, i64 %add_ln714, void %branch195" [/home/lab_726/boom/hls_boom/src/boom_core_merged.cpp:712]   --->   Operation 424 'phi' 'j' <Predicate = (!or_ln713)> <Delay = 0.00>
ST_12 : Operation 425 [1/1] (1.13ns)   --->   "%icmp_ln714 = icmp_eq  i64 %j, i64 3" [/home/lab_726/boom/hls_boom/src/boom_core_merged.cpp:714]   --->   Operation 425 'icmp' 'icmp_ln714' <Predicate = (!or_ln713)> <Delay = 1.13> <CoreInst = "Cmp">   --->   Core 9 'Cmp' <Latency = 0> <II = 1> <Delay = 0.84> <FuncUnit> <Opcode : 'icmp'> <InPorts = 2> <OutPorts = 1>
ST_12 : Operation 426 [1/1] (0.00ns)   --->   "%empty_60 = speclooptripcount i32 @_ssdm_op_SpecLoopTripCount, i64 0, i64 2, i64 0"   --->   Operation 426 'speclooptripcount' 'empty_60' <Predicate = (!or_ln713)> <Delay = 0.00>
ST_12 : Operation 427 [1/1] (0.00ns)   --->   "%br_ln714 = br i1 %icmp_ln714, void %.split5, void %._crit_edge.loopexit" [/home/lab_726/boom/hls_boom/src/boom_core_merged.cpp:714]   --->   Operation 427 'br' 'br_ln714' <Predicate = (!or_ln713)> <Delay = 0.00>
ST_12 : Operation 428 [1/1] (0.00ns)   --->   "%usable_2_9_load_2 = load i1 %usable_2_9" [/home/lab_726/boom/hls_boom/src/boom_core_merged.cpp:715]   --->   Operation 428 'load' 'usable_2_9_load_2' <Predicate = (!or_ln713 & !icmp_ln714)> <Delay = 0.00>
ST_12 : Operation 429 [1/1] (0.00ns)   --->   "%usable_1_9_load_2 = load i1 %usable_1_9" [/home/lab_726/boom/hls_boom/src/boom_core_merged.cpp:715]   --->   Operation 429 'load' 'usable_1_9_load_2' <Predicate = (!or_ln713 & !icmp_ln714)> <Delay = 0.00>
ST_12 : Operation 430 [1/1] (0.00ns)   --->   "%usable_2_18_load_1 = load i1 %usable_2_18" [/home/lab_726/boom/hls_boom/src/boom_core_merged.cpp:715]   --->   Operation 430 'load' 'usable_2_18_load_1' <Predicate = (!or_ln713 & !icmp_ln714)> <Delay = 0.00>
ST_12 : Operation 431 [1/1] (0.00ns)   --->   "%specloopname_ln711 = specloopname void @_ssdm_op_SpecLoopName, void @empty_20" [/home/lab_726/boom/hls_boom/src/boom_core_merged.cpp:711]   --->   Operation 431 'specloopname' 'specloopname_ln711' <Predicate = (!or_ln713 & !icmp_ln714)> <Delay = 0.00>
ST_12 : Operation 432 [1/1] (0.00ns)   --->   "%trunc_ln715 = trunc i64 %j" [/home/lab_726/boom/hls_boom/src/boom_core_merged.cpp:715]   --->   Operation 432 'trunc' 'trunc_ln715' <Predicate = (!or_ln713 & !icmp_ln714)> <Delay = 0.00>
ST_12 : Operation 433 [1/1] (0.47ns)   --->   "%tmp_6 = mux i1 @_ssdm_op_Mux.ap_auto.3i1.i2, i1 %usable_2_18_load_1, i1 %usable_1_9_load_2, i1 %usable_2_9_load_2, i2 %trunc_ln715" [/home/lab_726/boom/hls_boom/src/boom_core_merged.cpp:715]   --->   Operation 433 'mux' 'tmp_6' <Predicate = (!or_ln713 & !icmp_ln714)> <Delay = 0.47> <CoreInst = "Multiplexer">   --->   Core 76 'Multiplexer' <Latency = 0> <II = 1> <Delay = 0.47> <FuncUnit> <Opcode : 'mux'> <InPorts = 2> <OutPorts = 1>
ST_12 : Operation 434 [1/1] (0.00ns)   --->   "%br_ln715 = br i1 %tmp_6, void %.split5._crit_edge, void" [/home/lab_726/boom/hls_boom/src/boom_core_merged.cpp:715]   --->   Operation 434 'br' 'br_ln715' <Predicate = (!or_ln713 & !icmp_ln714)> <Delay = 0.00>
ST_12 : Operation 435 [1/1] (0.52ns)   --->   "%tmp_7 = mux i8 @_ssdm_op_Mux.ap_auto.4i8.i2, i8 0, i8 %zext_ln667_7, i8 %zext_ln668_7, i8 0, i2 %trunc_ln715" [/home/lab_726/boom/hls_boom/src/boom_core_merged.cpp:715]   --->   Operation 435 'mux' 'tmp_7' <Predicate = (!or_ln713 & !icmp_ln714 & tmp_6)> <Delay = 0.52> <CoreInst = "Multiplexer">   --->   Core 76 'Multiplexer' <Latency = 0> <II = 1> <Delay = 0.52> <FuncUnit> <Opcode : 'mux'> <InPorts = 2> <OutPorts = 1>
ST_12 : Operation 436 [1/1] (0.84ns)   --->   "%icmp_ln715 = icmp_eq  i8 %zext_ln717, i8 %tmp_7" [/home/lab_726/boom/hls_boom/src/boom_core_merged.cpp:715]   --->   Operation 436 'icmp' 'icmp_ln715' <Predicate = (!or_ln713 & !icmp_ln714 & tmp_6)> <Delay = 0.84> <CoreInst = "Cmp">   --->   Core 9 'Cmp' <Latency = 0> <II = 1> <Delay = 0.84> <FuncUnit> <Opcode : 'icmp'> <InPorts = 2> <OutPorts = 1>
ST_12 : Operation 437 [1/1] (0.00ns)   --->   "%br_ln715 = br i1 %icmp_ln715, void %.split5._crit_edge, void" [/home/lab_726/boom/hls_boom/src/boom_core_merged.cpp:715]   --->   Operation 437 'br' 'br_ln715' <Predicate = (!or_ln713 & !icmp_ln714 & tmp_6)> <Delay = 0.00>
ST_12 : Operation 438 [1/1] (0.00ns)   --->   "%br_ln716 = br void %branch195" [/home/lab_726/boom/hls_boom/src/boom_core_merged.cpp:716]   --->   Operation 438 'br' 'br_ln716' <Predicate = (!or_ln713 & !icmp_ln714 & !icmp_ln715) | (!or_ln713 & !icmp_ln714 & !tmp_6)> <Delay = 0.00>
ST_12 : Operation 439 [1/1] (0.52ns)   --->   "%tmp_8 = mux i64 @_ssdm_op_Mux.ap_auto.4i64.i2, i64 0, i64 %ports_value_1, i64 %ports_value_2, i64 0, i2 %trunc_ln715" [/home/lab_726/boom/hls_boom/src/boom_core_merged.cpp:717]   --->   Operation 439 'mux' 'tmp_8' <Predicate = (!or_ln713 & !icmp_ln714 & tmp_6 & icmp_ln715)> <Delay = 0.52> <CoreInst = "Multiplexer">   --->   Core 76 'Multiplexer' <Latency = 0> <II = 1> <Delay = 0.52> <FuncUnit> <Opcode : 'mux'> <InPorts = 2> <OutPorts = 1>
ST_12 : Operation 440 [1/1] (1.13ns)   --->   "%icmp_ln717 = icmp_eq  i64 %select_ln717_1, i64 %tmp_8" [/home/lab_726/boom/hls_boom/src/boom_core_merged.cpp:717]   --->   Operation 440 'icmp' 'icmp_ln717' <Predicate = (!or_ln713 & !icmp_ln714 & tmp_6 & icmp_ln715)> <Delay = 1.13> <CoreInst = "Cmp">   --->   Core 9 'Cmp' <Latency = 0> <II = 1> <Delay = 0.84> <FuncUnit> <Opcode : 'icmp'> <InPorts = 2> <OutPorts = 1>
ST_12 : Operation 441 [1/1] (0.00ns)   --->   "%br_ln717 = br i1 %icmp_ln717, void %_ifconv58, void" [/home/lab_726/boom/hls_boom/src/boom_core_merged.cpp:717]   --->   Operation 441 'br' 'br_ln717' <Predicate = (!or_ln713 & !icmp_ln714 & tmp_6 & icmp_ln715)> <Delay = 0.00>
ST_12 : Operation 442 [1/1] (0.00ns)   --->   "%rejected_1_5_load_1 = load i1 %rejected_1_5" [/home/lab_726/boom/hls_boom/src/boom_core_merged.cpp:720]   --->   Operation 442 'load' 'rejected_1_5_load_1' <Predicate = (!or_ln713 & !icmp_ln714 & tmp_6 & icmp_ln715 & !icmp_ln717)> <Delay = 0.00>
ST_12 : Operation 443 [1/1] (0.00ns)   --->   "%rejected_2_5_load_1 = load i1 %rejected_2_5" [/home/lab_726/boom/hls_boom/src/boom_core_merged.cpp:720]   --->   Operation 443 'load' 'rejected_2_5_load_1' <Predicate = (!or_ln713 & !icmp_ln714 & tmp_6 & icmp_ln715 & !icmp_ln717)> <Delay = 0.00>
ST_12 : Operation 444 [1/1] (0.00ns)   --->   "%usable_2_9_load_3 = load i1 %usable_2_9" [/home/lab_726/boom/hls_boom/src/boom_core_merged.cpp:719]   --->   Operation 444 'load' 'usable_2_9_load_3' <Predicate = (!or_ln713 & !icmp_ln714 & tmp_6 & icmp_ln715 & !icmp_ln717)> <Delay = 0.00>
ST_12 : Operation 445 [1/1] (0.00ns)   --->   "%usable_1_9_load_3 = load i1 %usable_1_9" [/home/lab_726/boom/hls_boom/src/boom_core_merged.cpp:719]   --->   Operation 445 'load' 'usable_1_9_load_3' <Predicate = (!or_ln713 & !icmp_ln714 & tmp_6 & icmp_ln715 & !icmp_ln717)> <Delay = 0.00>
ST_12 : Operation 446 [1/1] (0.00ns)   --->   "%usable_2_18_load_3 = load i1 %usable_2_18" [/home/lab_726/boom/hls_boom/src/boom_core_merged.cpp:719]   --->   Operation 446 'load' 'usable_2_18_load_3' <Predicate = (!or_ln713 & !icmp_ln714 & tmp_6 & icmp_ln715 & !icmp_ln717)> <Delay = 0.00>
ST_12 : Operation 447 [1/1] (0.44ns)   --->   "%icmp_ln719 = icmp_ne  i2 %trunc_ln715, i2 0" [/home/lab_726/boom/hls_boom/src/boom_core_merged.cpp:719]   --->   Operation 447 'icmp' 'icmp_ln719' <Predicate = (!or_ln713 & !icmp_ln714 & tmp_6 & icmp_ln715 & !icmp_ln717)> <Delay = 0.44> <CoreInst = "Cmp">   --->   Core 9 'Cmp' <Latency = 0> <II = 1> <Delay = 0.84> <FuncUnit> <Opcode : 'icmp'> <InPorts = 2> <OutPorts = 1>
ST_12 : Operation 448 [1/1] (0.00ns) (grouped into LUT with out node and_ln719_1)   --->   "%and_ln719 = and i1 %icmp_ln718, i1 %icmp_ln719" [/home/lab_726/boom/hls_boom/src/boom_core_merged.cpp:719]   --->   Operation 448 'and' 'and_ln719' <Predicate = (!or_ln713 & !icmp_ln714 & tmp_6 & icmp_ln715 & !icmp_ln717)> <Delay = 0.00> <CoreInst = "LogicGate">   --->   Core 74 'LogicGate' <Latency = 0> <II = 1> <Delay = 0.28> <FuncUnit> <Opcode : 'and' 'or' 'xor'> <InPorts = 2> <OutPorts = 1>
ST_12 : Operation 449 [1/1] (0.28ns) (out node of the LUT)   --->   "%and_ln719_1 = and i1 %and_ln719, i1 %usable_2_18_load_3" [/home/lab_726/boom/hls_boom/src/boom_core_merged.cpp:719]   --->   Operation 449 'and' 'and_ln719_1' <Predicate = (!or_ln713 & !icmp_ln714 & tmp_6 & icmp_ln715 & !icmp_ln717)> <Delay = 0.28> <CoreInst = "LogicGate">   --->   Core 74 'LogicGate' <Latency = 0> <II = 1> <Delay = 0.28> <FuncUnit> <Opcode : 'and' 'or' 'xor'> <InPorts = 2> <OutPorts = 1>
ST_12 : Operation 450 [1/1] (0.44ns)   --->   "%icmp_ln719_1 = icmp_ne  i2 %trunc_ln715, i2 1" [/home/lab_726/boom/hls_boom/src/boom_core_merged.cpp:719]   --->   Operation 450 'icmp' 'icmp_ln719_1' <Predicate = (!or_ln713 & !icmp_ln714 & tmp_6 & icmp_ln715 & !icmp_ln717)> <Delay = 0.44> <CoreInst = "Cmp">   --->   Core 9 'Cmp' <Latency = 0> <II = 1> <Delay = 0.84> <FuncUnit> <Opcode : 'icmp'> <InPorts = 2> <OutPorts = 1>
ST_12 : Operation 451 [1/1] (0.00ns) (grouped into LUT with out node and_ln719_3)   --->   "%and_ln719_2 = and i1 %icmp_ln718_1, i1 %icmp_ln719_1" [/home/lab_726/boom/hls_boom/src/boom_core_merged.cpp:719]   --->   Operation 451 'and' 'and_ln719_2' <Predicate = (!or_ln713 & !icmp_ln714 & tmp_6 & icmp_ln715 & !icmp_ln717)> <Delay = 0.00> <CoreInst = "LogicGate">   --->   Core 74 'LogicGate' <Latency = 0> <II = 1> <Delay = 0.28> <FuncUnit> <Opcode : 'and' 'or' 'xor'> <InPorts = 2> <OutPorts = 1>
ST_12 : Operation 452 [1/1] (0.28ns) (out node of the LUT)   --->   "%and_ln719_3 = and i1 %and_ln719_2, i1 %usable_1_9_load_3" [/home/lab_726/boom/hls_boom/src/boom_core_merged.cpp:719]   --->   Operation 452 'and' 'and_ln719_3' <Predicate = (!or_ln713 & !icmp_ln714 & tmp_6 & icmp_ln715 & !icmp_ln717)> <Delay = 0.28> <CoreInst = "LogicGate">   --->   Core 74 'LogicGate' <Latency = 0> <II = 1> <Delay = 0.28> <FuncUnit> <Opcode : 'and' 'or' 'xor'> <InPorts = 2> <OutPorts = 1>
ST_12 : Operation 453 [1/1] (0.44ns)   --->   "%icmp_ln719_2 = icmp_eq  i2 %trunc_ln715, i2 1" [/home/lab_726/boom/hls_boom/src/boom_core_merged.cpp:719]   --->   Operation 453 'icmp' 'icmp_ln719_2' <Predicate = (!or_ln713 & !icmp_ln714 & tmp_6 & icmp_ln715 & !icmp_ln717)> <Delay = 0.44> <CoreInst = "Cmp">   --->   Core 9 'Cmp' <Latency = 0> <II = 1> <Delay = 0.84> <FuncUnit> <Opcode : 'icmp'> <InPorts = 2> <OutPorts = 1>
ST_12 : Operation 454 [1/1] (0.44ns)   --->   "%icmp_ln719_3 = icmp_eq  i2 %trunc_ln715, i2 0" [/home/lab_726/boom/hls_boom/src/boom_core_merged.cpp:719]   --->   Operation 454 'icmp' 'icmp_ln719_3' <Predicate = (!or_ln713 & !icmp_ln714 & tmp_6 & icmp_ln715 & !icmp_ln717)> <Delay = 0.44> <CoreInst = "Cmp">   --->   Core 9 'Cmp' <Latency = 0> <II = 1> <Delay = 0.84> <FuncUnit> <Opcode : 'icmp'> <InPorts = 2> <OutPorts = 1>
ST_12 : Operation 455 [1/1] (0.00ns) (grouped into LUT with out node and_ln719_5)   --->   "%or_ln719 = or i1 %icmp_ln719_3, i1 %icmp_ln719_2" [/home/lab_726/boom/hls_boom/src/boom_core_merged.cpp:719]   --->   Operation 455 'or' 'or_ln719' <Predicate = (!or_ln713 & !icmp_ln714 & tmp_6 & icmp_ln715 & !icmp_ln717)> <Delay = 0.00> <CoreInst = "LogicGate">   --->   Core 74 'LogicGate' <Latency = 0> <II = 1> <Delay = 0.28> <FuncUnit> <Opcode : 'and' 'or' 'xor'> <InPorts = 2> <OutPorts = 1>
ST_12 : Operation 456 [1/1] (0.00ns) (grouped into LUT with out node and_ln719_5)   --->   "%and_ln719_4 = and i1 %or_ln718, i1 %or_ln719" [/home/lab_726/boom/hls_boom/src/boom_core_merged.cpp:719]   --->   Operation 456 'and' 'and_ln719_4' <Predicate = (!or_ln713 & !icmp_ln714 & tmp_6 & icmp_ln715 & !icmp_ln717)> <Delay = 0.00> <CoreInst = "LogicGate">   --->   Core 74 'LogicGate' <Latency = 0> <II = 1> <Delay = 0.28> <FuncUnit> <Opcode : 'and' 'or' 'xor'> <InPorts = 2> <OutPorts = 1>
ST_12 : Operation 457 [1/1] (0.28ns) (out node of the LUT)   --->   "%and_ln719_5 = and i1 %and_ln719_4, i1 %usable_2_9_load_3" [/home/lab_726/boom/hls_boom/src/boom_core_merged.cpp:719]   --->   Operation 457 'and' 'and_ln719_5' <Predicate = (!or_ln713 & !icmp_ln714 & tmp_6 & icmp_ln715 & !icmp_ln717)> <Delay = 0.28> <CoreInst = "LogicGate">   --->   Core 74 'LogicGate' <Latency = 0> <II = 1> <Delay = 0.28> <FuncUnit> <Opcode : 'and' 'or' 'xor'> <InPorts = 2> <OutPorts = 1>
ST_12 : Operation 458 [1/1] (0.28ns)   --->   "%or_ln720 = or i1 %rejected_2_5_load_1, i1 %and_ln720" [/home/lab_726/boom/hls_boom/src/boom_core_merged.cpp:720]   --->   Operation 458 'or' 'or_ln720' <Predicate = (!or_ln713 & !icmp_ln714 & tmp_6 & icmp_ln715 & !icmp_ln717)> <Delay = 0.28> <CoreInst = "LogicGate">   --->   Core 74 'LogicGate' <Latency = 0> <II = 1> <Delay = 0.28> <FuncUnit> <Opcode : 'and' 'or' 'xor'> <InPorts = 2> <OutPorts = 1>
ST_12 : Operation 459 [1/1] (0.28ns)   --->   "%or_ln720_1 = or i1 %rejected_1_5_load_1, i1 %icmp_ln715_2" [/home/lab_726/boom/hls_boom/src/boom_core_merged.cpp:720]   --->   Operation 459 'or' 'or_ln720_1' <Predicate = (!or_ln713 & !icmp_ln714 & tmp_6 & icmp_ln715 & !icmp_ln717)> <Delay = 0.28> <CoreInst = "LogicGate">   --->   Core 74 'LogicGate' <Latency = 0> <II = 1> <Delay = 0.28> <FuncUnit> <Opcode : 'and' 'or' 'xor'> <InPorts = 2> <OutPorts = 1>
ST_12 : Operation 460 [1/1] (0.58ns)   --->   "%switch_ln721 = switch i2 %trunc_ln715, void %branch197, i2 0, void %_ifconv58.branch195_crit_edge, i2 1, void %branch196" [/home/lab_726/boom/hls_boom/src/boom_core_merged.cpp:721]   --->   Operation 460 'switch' 'switch_ln721' <Predicate = (!or_ln713 & !icmp_ln714 & tmp_6 & icmp_ln715 & !icmp_ln717)> <Delay = 0.58>
ST_12 : Operation 461 [1/1] (0.47ns)   --->   "%store_ln721 = store i1 %and_ln719_1, i1 %usable_2_18" [/home/lab_726/boom/hls_boom/src/boom_core_merged.cpp:721]   --->   Operation 461 'store' 'store_ln721' <Predicate = (!or_ln713 & !icmp_ln714 & tmp_6 & icmp_ln715 & !icmp_ln717 & trunc_ln715 == 1)> <Delay = 0.47>
ST_12 : Operation 462 [1/1] (0.47ns)   --->   "%store_ln721 = store i1 %and_ln719_3, i1 %usable_1_9" [/home/lab_726/boom/hls_boom/src/boom_core_merged.cpp:721]   --->   Operation 462 'store' 'store_ln721' <Predicate = (!or_ln713 & !icmp_ln714 & tmp_6 & icmp_ln715 & !icmp_ln717 & trunc_ln715 == 1)> <Delay = 0.47>
ST_12 : Operation 463 [1/1] (0.47ns)   --->   "%store_ln721 = store i1 %and_ln719_5, i1 %usable_2_9" [/home/lab_726/boom/hls_boom/src/boom_core_merged.cpp:721]   --->   Operation 463 'store' 'store_ln721' <Predicate = (!or_ln713 & !icmp_ln714 & tmp_6 & icmp_ln715 & !icmp_ln717 & trunc_ln715 == 1)> <Delay = 0.47>
ST_12 : Operation 464 [1/1] (0.47ns)   --->   "%store_ln721 = store i1 %or_ln720, i1 %rejected_2_5" [/home/lab_726/boom/hls_boom/src/boom_core_merged.cpp:721]   --->   Operation 464 'store' 'store_ln721' <Predicate = (!or_ln713 & !icmp_ln714 & tmp_6 & icmp_ln715 & !icmp_ln717 & trunc_ln715 == 1)> <Delay = 0.47>
ST_12 : Operation 465 [1/1] (0.47ns)   --->   "%store_ln721 = store i1 1, i1 %rejected_1_5" [/home/lab_726/boom/hls_boom/src/boom_core_merged.cpp:721]   --->   Operation 465 'store' 'store_ln721' <Predicate = (!or_ln713 & !icmp_ln714 & tmp_6 & icmp_ln715 & !icmp_ln717 & trunc_ln715 == 1)> <Delay = 0.47>
ST_12 : Operation 466 [1/1] (0.42ns)   --->   "%store_ln721 = store i1 1, i1 %conflict_seen" [/home/lab_726/boom/hls_boom/src/boom_core_merged.cpp:721]   --->   Operation 466 'store' 'store_ln721' <Predicate = (!or_ln713 & !icmp_ln714 & tmp_6 & icmp_ln715 & !icmp_ln717 & trunc_ln715 == 1)> <Delay = 0.42>
ST_12 : Operation 467 [1/1] (0.00ns)   --->   "%br_ln721 = br void %branch195" [/home/lab_726/boom/hls_boom/src/boom_core_merged.cpp:721]   --->   Operation 467 'br' 'br_ln721' <Predicate = (!or_ln713 & !icmp_ln714 & tmp_6 & icmp_ln715 & !icmp_ln717 & trunc_ln715 == 1)> <Delay = 0.00>
ST_12 : Operation 468 [1/1] (0.47ns)   --->   "%store_ln721 = store i1 %and_ln719_1, i1 %usable_2_18" [/home/lab_726/boom/hls_boom/src/boom_core_merged.cpp:721]   --->   Operation 468 'store' 'store_ln721' <Predicate = (!or_ln713 & !icmp_ln714 & tmp_6 & icmp_ln715 & !icmp_ln717 & trunc_ln715 == 0)> <Delay = 0.47>
ST_12 : Operation 469 [1/1] (0.47ns)   --->   "%store_ln721 = store i1 %and_ln719_3, i1 %usable_1_9" [/home/lab_726/boom/hls_boom/src/boom_core_merged.cpp:721]   --->   Operation 469 'store' 'store_ln721' <Predicate = (!or_ln713 & !icmp_ln714 & tmp_6 & icmp_ln715 & !icmp_ln717 & trunc_ln715 == 0)> <Delay = 0.47>
ST_12 : Operation 470 [1/1] (0.47ns)   --->   "%store_ln721 = store i1 %and_ln719_5, i1 %usable_2_9" [/home/lab_726/boom/hls_boom/src/boom_core_merged.cpp:721]   --->   Operation 470 'store' 'store_ln721' <Predicate = (!or_ln713 & !icmp_ln714 & tmp_6 & icmp_ln715 & !icmp_ln717 & trunc_ln715 == 0)> <Delay = 0.47>
ST_12 : Operation 471 [1/1] (0.47ns)   --->   "%store_ln721 = store i1 %or_ln720, i1 %rejected_2_5" [/home/lab_726/boom/hls_boom/src/boom_core_merged.cpp:721]   --->   Operation 471 'store' 'store_ln721' <Predicate = (!or_ln713 & !icmp_ln714 & tmp_6 & icmp_ln715 & !icmp_ln717 & trunc_ln715 == 0)> <Delay = 0.47>
ST_12 : Operation 472 [1/1] (0.47ns)   --->   "%store_ln721 = store i1 %or_ln720_1, i1 %rejected_1_5" [/home/lab_726/boom/hls_boom/src/boom_core_merged.cpp:721]   --->   Operation 472 'store' 'store_ln721' <Predicate = (!or_ln713 & !icmp_ln714 & tmp_6 & icmp_ln715 & !icmp_ln717 & trunc_ln715 == 0)> <Delay = 0.47>
ST_12 : Operation 473 [1/1] (0.42ns)   --->   "%store_ln721 = store i1 1, i1 %conflict_seen" [/home/lab_726/boom/hls_boom/src/boom_core_merged.cpp:721]   --->   Operation 473 'store' 'store_ln721' <Predicate = (!or_ln713 & !icmp_ln714 & tmp_6 & icmp_ln715 & !icmp_ln717 & trunc_ln715 == 0)> <Delay = 0.42>
ST_12 : Operation 474 [1/1] (0.00ns)   --->   "%br_ln721 = br void %branch195" [/home/lab_726/boom/hls_boom/src/boom_core_merged.cpp:721]   --->   Operation 474 'br' 'br_ln721' <Predicate = (!or_ln713 & !icmp_ln714 & tmp_6 & icmp_ln715 & !icmp_ln717 & trunc_ln715 == 0)> <Delay = 0.00>
ST_12 : Operation 475 [1/1] (0.47ns)   --->   "%store_ln721 = store i1 %and_ln719_1, i1 %usable_2_18" [/home/lab_726/boom/hls_boom/src/boom_core_merged.cpp:721]   --->   Operation 475 'store' 'store_ln721' <Predicate = (!or_ln713 & !icmp_ln714 & tmp_6 & icmp_ln715 & !icmp_ln717 & trunc_ln715 != 0 & trunc_ln715 != 1)> <Delay = 0.47>
ST_12 : Operation 476 [1/1] (0.47ns)   --->   "%store_ln721 = store i1 %and_ln719_3, i1 %usable_1_9" [/home/lab_726/boom/hls_boom/src/boom_core_merged.cpp:721]   --->   Operation 476 'store' 'store_ln721' <Predicate = (!or_ln713 & !icmp_ln714 & tmp_6 & icmp_ln715 & !icmp_ln717 & trunc_ln715 != 0 & trunc_ln715 != 1)> <Delay = 0.47>
ST_12 : Operation 477 [1/1] (0.47ns)   --->   "%store_ln721 = store i1 %and_ln719_5, i1 %usable_2_9" [/home/lab_726/boom/hls_boom/src/boom_core_merged.cpp:721]   --->   Operation 477 'store' 'store_ln721' <Predicate = (!or_ln713 & !icmp_ln714 & tmp_6 & icmp_ln715 & !icmp_ln717 & trunc_ln715 != 0 & trunc_ln715 != 1)> <Delay = 0.47>
ST_12 : Operation 478 [1/1] (0.47ns)   --->   "%store_ln721 = store i1 1, i1 %rejected_2_5" [/home/lab_726/boom/hls_boom/src/boom_core_merged.cpp:721]   --->   Operation 478 'store' 'store_ln721' <Predicate = (!or_ln713 & !icmp_ln714 & tmp_6 & icmp_ln715 & !icmp_ln717 & trunc_ln715 != 0 & trunc_ln715 != 1)> <Delay = 0.47>
ST_12 : Operation 479 [1/1] (0.47ns)   --->   "%store_ln721 = store i1 %or_ln720_1, i1 %rejected_1_5" [/home/lab_726/boom/hls_boom/src/boom_core_merged.cpp:721]   --->   Operation 479 'store' 'store_ln721' <Predicate = (!or_ln713 & !icmp_ln714 & tmp_6 & icmp_ln715 & !icmp_ln717 & trunc_ln715 != 0 & trunc_ln715 != 1)> <Delay = 0.47>
ST_12 : Operation 480 [1/1] (0.42ns)   --->   "%store_ln721 = store i1 1, i1 %conflict_seen" [/home/lab_726/boom/hls_boom/src/boom_core_merged.cpp:721]   --->   Operation 480 'store' 'store_ln721' <Predicate = (!or_ln713 & !icmp_ln714 & tmp_6 & icmp_ln715 & !icmp_ln717 & trunc_ln715 != 0 & trunc_ln715 != 1)> <Delay = 0.42>
ST_12 : Operation 481 [1/1] (0.00ns)   --->   "%br_ln721 = br void %branch195" [/home/lab_726/boom/hls_boom/src/boom_core_merged.cpp:721]   --->   Operation 481 'br' 'br_ln721' <Predicate = (!or_ln713 & !icmp_ln714 & tmp_6 & icmp_ln715 & !icmp_ln717 & trunc_ln715 != 0 & trunc_ln715 != 1)> <Delay = 0.00>
ST_12 : Operation 482 [1/1] (0.58ns)   --->   "%switch_ln724 = switch i2 %trunc_ln715, void %branch179, i2 0, void %branch177, i2 1, void %branch178" [/home/lab_726/boom/hls_boom/src/boom_core_merged.cpp:724]   --->   Operation 482 'switch' 'switch_ln724' <Predicate = (!or_ln713 & !icmp_ln714 & tmp_6 & icmp_ln715 & icmp_ln717)> <Delay = 0.58>
ST_12 : Operation 483 [1/1] (0.42ns)   --->   "%store_ln725 = store i1 1, i1 %state_completion_wakeup_sent_1" [/home/lab_726/boom/hls_boom/src/boom_core_merged.cpp:725]   --->   Operation 483 'store' 'store_ln725' <Predicate = (!or_ln713 & !icmp_ln714 & tmp_6 & icmp_ln715 & icmp_ln717 & trunc_ln715 == 1)> <Delay = 0.42>
ST_12 : Operation 484 [1/1] (0.47ns)   --->   "%store_ln0 = store i1 0, i1 %usable_1_9"   --->   Operation 484 'store' 'store_ln0' <Predicate = (!or_ln713 & !icmp_ln714 & tmp_6 & icmp_ln715 & icmp_ln717 & trunc_ln715 == 1)> <Delay = 0.47>
ST_12 : Operation 485 [1/1] (0.00ns)   --->   "%br_ln0 = br void %branch195"   --->   Operation 485 'br' 'br_ln0' <Predicate = (!or_ln713 & !icmp_ln714 & tmp_6 & icmp_ln715 & icmp_ln717 & trunc_ln715 == 1)> <Delay = 0.00>
ST_12 : Operation 486 [1/1] (0.42ns)   --->   "%store_ln725 = store i1 1, i1 %state_completion_wakeup_sent_0" [/home/lab_726/boom/hls_boom/src/boom_core_merged.cpp:725]   --->   Operation 486 'store' 'store_ln725' <Predicate = (!or_ln713 & !icmp_ln714 & tmp_6 & icmp_ln715 & icmp_ln717 & trunc_ln715 == 0)> <Delay = 0.42>
ST_12 : Operation 487 [1/1] (0.47ns)   --->   "%store_ln0 = store i1 0, i1 %usable_2_18"   --->   Operation 487 'store' 'store_ln0' <Predicate = (!or_ln713 & !icmp_ln714 & tmp_6 & icmp_ln715 & icmp_ln717 & trunc_ln715 == 0)> <Delay = 0.47>
ST_12 : Operation 488 [1/1] (0.00ns)   --->   "%br_ln0 = br void %branch195"   --->   Operation 488 'br' 'br_ln0' <Predicate = (!or_ln713 & !icmp_ln714 & tmp_6 & icmp_ln715 & icmp_ln717 & trunc_ln715 == 0)> <Delay = 0.00>
ST_12 : Operation 489 [1/1] (0.42ns)   --->   "%store_ln725 = store i1 1, i1 %state_completion_wakeup_sent_2" [/home/lab_726/boom/hls_boom/src/boom_core_merged.cpp:725]   --->   Operation 489 'store' 'store_ln725' <Predicate = (!or_ln713 & !icmp_ln714 & tmp_6 & icmp_ln715 & icmp_ln717 & trunc_ln715 != 0 & trunc_ln715 != 1)> <Delay = 0.42>
ST_12 : Operation 490 [1/1] (0.47ns)   --->   "%store_ln0 = store i1 0, i1 %usable_2_9"   --->   Operation 490 'store' 'store_ln0' <Predicate = (!or_ln713 & !icmp_ln714 & tmp_6 & icmp_ln715 & icmp_ln717 & trunc_ln715 != 0 & trunc_ln715 != 1)> <Delay = 0.47>
ST_12 : Operation 491 [1/1] (0.00ns)   --->   "%br_ln0 = br void %branch195"   --->   Operation 491 'br' 'br_ln0' <Predicate = (!or_ln713 & !icmp_ln714 & tmp_6 & icmp_ln715 & icmp_ln717 & trunc_ln715 != 0 & trunc_ln715 != 1)> <Delay = 0.00>
ST_12 : Operation 492 [1/1] (1.08ns)   --->   "%add_ln714 = add i64 %j, i64 1" [/home/lab_726/boom/hls_boom/src/boom_core_merged.cpp:714]   --->   Operation 492 'add' 'add_ln714' <Predicate = (!or_ln713 & !icmp_ln714)> <Delay = 1.08> <CoreInst = "Adder">   --->   Core 1 'Adder' <Latency = 0> <II = 1> <Delay = 0.76> <FuncUnit> <Opcode : 'add' 'sub'> <InPorts = 2> <OutPorts = 1>
ST_12 : Operation 493 [1/1] (0.00ns)   --->   "%br_ln0 = br void %.lr.ph"   --->   Operation 493 'br' 'br_ln0' <Predicate = (!or_ln713 & !icmp_ln714)> <Delay = 0.00>
ST_12 : Operation 494 [1/1] (0.00ns)   --->   "%br_ln0 = br void %._crit_edge"   --->   Operation 494 'br' 'br_ln0' <Predicate = (!or_ln713 & icmp_ln714)> <Delay = 0.00>
ST_12 : Operation 495 [1/1] (0.67ns)   --->   "%add_ln712_1 = add i3 %indvars_iv50_load, i3 1" [/home/lab_726/boom/hls_boom/src/boom_core_merged.cpp:712]   --->   Operation 495 'add' 'add_ln712_1' <Predicate = (icmp_ln714) | (or_ln713)> <Delay = 0.67> <CoreInst = "Adder">   --->   Core 1 'Adder' <Latency = 0> <II = 1> <Delay = 0.76> <FuncUnit> <Opcode : 'add' 'sub'> <InPorts = 2> <OutPorts = 1>
ST_12 : Operation 496 [1/1] (0.42ns)   --->   "%store_ln712 = store i2 %trunc_ln712, i2 %i_19" [/home/lab_726/boom/hls_boom/src/boom_core_merged.cpp:712]   --->   Operation 496 'store' 'store_ln712' <Predicate = (icmp_ln714) | (or_ln713)> <Delay = 0.42>
ST_12 : Operation 497 [1/1] (0.42ns)   --->   "%store_ln712 = store i3 %add_ln712_1, i3 %indvars_iv50" [/home/lab_726/boom/hls_boom/src/boom_core_merged.cpp:712]   --->   Operation 497 'store' 'store_ln712' <Predicate = (icmp_ln714) | (or_ln713)> <Delay = 0.42>
ST_12 : Operation 498 [1/1] (0.00ns)   --->   "%br_ln0 = br void %.loopexit"   --->   Operation 498 'br' 'br_ln0' <Predicate = (icmp_ln714) | (or_ln713)> <Delay = 0.00>

State 13 <SV = 7> <Delay = 1.85>
ST_13 : Operation 499 [1/1] (0.00ns)   --->   "%i_30 = load i2 %i_20" [/home/lab_726/boom/hls_boom/src/boom_core_merged.cpp:741]   --->   Operation 499 'load' 'i_30' <Predicate = true> <Delay = 0.00>
ST_13 : Operation 500 [1/1] (0.44ns)   --->   "%icmp_ln741 = icmp_eq  i2 %i_30, i2 3" [/home/lab_726/boom/hls_boom/src/boom_core_merged.cpp:741]   --->   Operation 500 'icmp' 'icmp_ln741' <Predicate = true> <Delay = 0.44> <CoreInst = "Cmp">   --->   Core 9 'Cmp' <Latency = 0> <II = 1> <Delay = 0.84> <FuncUnit> <Opcode : 'icmp'> <InPorts = 2> <OutPorts = 1>
ST_13 : Operation 501 [1/1] (0.00ns)   --->   "%empty_61 = speclooptripcount i32 @_ssdm_op_SpecLoopTripCount, i64 3, i64 3, i64 3"   --->   Operation 501 'speclooptripcount' 'empty_61' <Predicate = true> <Delay = 0.00>
ST_13 : Operation 502 [1/1] (0.54ns)   --->   "%add_ln741 = add i2 %i_30, i2 1" [/home/lab_726/boom/hls_boom/src/boom_core_merged.cpp:741]   --->   Operation 502 'add' 'add_ln741' <Predicate = true> <Delay = 0.54> <CoreInst = "Adder">   --->   Core 1 'Adder' <Latency = 0> <II = 1> <Delay = 0.76> <FuncUnit> <Opcode : 'add' 'sub'> <InPorts = 2> <OutPorts = 1>
ST_13 : Operation 503 [1/1] (0.00ns)   --->   "%br_ln741 = br i1 %icmp_ln741, void %.split, void" [/home/lab_726/boom/hls_boom/src/boom_core_merged.cpp:741]   --->   Operation 503 'br' 'br_ln741' <Predicate = true> <Delay = 0.00>
ST_13 : Operation 504 [1/1] (0.00ns)   --->   "%output_load_1 = load i8 %output" [/home/lab_726/boom/hls_boom/src/boom_core_merged.cpp:742]   --->   Operation 504 'load' 'output_load_1' <Predicate = (!icmp_ln741)> <Delay = 0.00>
ST_13 : Operation 505 [1/1] (0.00ns)   --->   "%usable_2_9_load = load i1 %usable_2_9" [/home/lab_726/boom/hls_boom/src/boom_core_merged.cpp:742]   --->   Operation 505 'load' 'usable_2_9_load' <Predicate = (!icmp_ln741)> <Delay = 0.00>
ST_13 : Operation 506 [1/1] (0.00ns)   --->   "%usable_1_9_load = load i1 %usable_1_9" [/home/lab_726/boom/hls_boom/src/boom_core_merged.cpp:742]   --->   Operation 506 'load' 'usable_1_9_load' <Predicate = (!icmp_ln741)> <Delay = 0.00>
ST_13 : Operation 507 [1/1] (0.00ns)   --->   "%usable_2_18_load_2 = load i1 %usable_2_18" [/home/lab_726/boom/hls_boom/src/boom_core_merged.cpp:742]   --->   Operation 507 'load' 'usable_2_18_load_2' <Predicate = (!icmp_ln741)> <Delay = 0.00>
ST_13 : Operation 508 [1/1] (0.00ns)   --->   "%specloopname_ln740 = specloopname void @_ssdm_op_SpecLoopName, void @empty_10" [/home/lab_726/boom/hls_boom/src/boom_core_merged.cpp:740]   --->   Operation 508 'specloopname' 'specloopname_ln740' <Predicate = (!icmp_ln741)> <Delay = 0.00>
ST_13 : Operation 509 [1/1] (0.47ns)   --->   "%tmp_9 = mux i1 @_ssdm_op_Mux.ap_auto.3i1.i2, i1 %usable_2_18_load_2, i1 %usable_1_9_load, i1 %usable_2_9_load, i2 %i_30" [/home/lab_726/boom/hls_boom/src/boom_core_merged.cpp:742]   --->   Operation 509 'mux' 'tmp_9' <Predicate = (!icmp_ln741)> <Delay = 0.47> <CoreInst = "Multiplexer">   --->   Core 76 'Multiplexer' <Latency = 0> <II = 1> <Delay = 0.47> <FuncUnit> <Opcode : 'mux'> <InPorts = 2> <OutPorts = 1>
ST_13 : Operation 510 [1/1] (0.00ns) (grouped into LUT with out node or_ln742)   --->   "%xor_ln742 = xor i1 %tmp_9, i1 1" [/home/lab_726/boom/hls_boom/src/boom_core_merged.cpp:742]   --->   Operation 510 'xor' 'xor_ln742' <Predicate = (!icmp_ln741)> <Delay = 0.00> <CoreInst = "LogicGate">   --->   Core 74 'LogicGate' <Latency = 0> <II = 1> <Delay = 0.28> <FuncUnit> <Opcode : 'and' 'or' 'xor'> <InPorts = 2> <OutPorts = 1>
ST_13 : Operation 511 [1/1] (0.84ns)   --->   "%icmp_ln742 = icmp_ugt  i8 %output_load_1, i8 2" [/home/lab_726/boom/hls_boom/src/boom_core_merged.cpp:742]   --->   Operation 511 'icmp' 'icmp_ln742' <Predicate = (!icmp_ln741)> <Delay = 0.84> <CoreInst = "Cmp">   --->   Core 9 'Cmp' <Latency = 0> <II = 1> <Delay = 0.84> <FuncUnit> <Opcode : 'icmp'> <InPorts = 2> <OutPorts = 1>
ST_13 : Operation 512 [1/1] (0.28ns) (out node of the LUT)   --->   "%or_ln742 = or i1 %icmp_ln742, i1 %xor_ln742" [/home/lab_726/boom/hls_boom/src/boom_core_merged.cpp:742]   --->   Operation 512 'or' 'or_ln742' <Predicate = (!icmp_ln741)> <Delay = 0.28> <CoreInst = "LogicGate">   --->   Core 74 'LogicGate' <Latency = 0> <II = 1> <Delay = 0.28> <FuncUnit> <Opcode : 'and' 'or' 'xor'> <InPorts = 2> <OutPorts = 1>
ST_13 : Operation 513 [1/1] (0.00ns)   --->   "%br_ln742 = br i1 %or_ln742, void, void %.split._crit_edge" [/home/lab_726/boom/hls_boom/src/boom_core_merged.cpp:742]   --->   Operation 513 'br' 'br_ln742' <Predicate = (!icmp_ln741)> <Delay = 0.00>
ST_13 : Operation 514 [1/1] (0.00ns)   --->   "%trunc_ln745 = trunc i8 %output_load_1" [/home/lab_726/boom/hls_boom/src/boom_core_merged.cpp:745]   --->   Operation 514 'trunc' 'trunc_ln745' <Predicate = (!icmp_ln741 & !or_ln742)> <Delay = 0.00>
ST_13 : Operation 515 [1/1] (0.52ns)   --->   "%phi_ln = mux i8 @_ssdm_op_Mux.ap_auto.4i8.i2, i8 0, i8 %ports_uop_branch_br_mask_1, i8 %ports_uop_branch_br_mask_2, i8 0, i2 %i_30" [/home/lab_726/boom/hls_boom/src/boom_core_merged.cpp:750]   --->   Operation 515 'mux' 'phi_ln' <Predicate = (!icmp_ln741 & !or_ln742)> <Delay = 0.52> <CoreInst = "Multiplexer">   --->   Core 76 'Multiplexer' <Latency = 0> <II = 1> <Delay = 0.52> <FuncUnit> <Opcode : 'mux'> <InPorts = 2> <OutPorts = 1>
ST_13 : Operation 516 [1/1] (0.58ns)   --->   "%switch_ln745 = switch i2 %trunc_ln745, void %branch2, i2 0, void %branch0, i2 1, void %branch1" [/home/lab_726/boom/hls_boom/src/boom_core_merged.cpp:745]   --->   Operation 516 'switch' 'switch_ln745' <Predicate = (!icmp_ln741 & !or_ln742)> <Delay = 0.58>
ST_13 : Operation 517 [1/1] (0.42ns)   --->   "%store_ln750 = store i8 %phi_ln, i8 %state_completion_wakeups_branch_mask_1" [/home/lab_726/boom/hls_boom/src/boom_core_merged.cpp:750]   --->   Operation 517 'store' 'store_ln750' <Predicate = (!icmp_ln741 & !or_ln742 & trunc_ln745 == 1)> <Delay = 0.42>
ST_13 : Operation 518 [1/1] (0.42ns)   --->   "%store_ln758 = store i8 %phi_ln, i8 %state_completion_bypass_branch_mask_1" [/home/lab_726/boom/hls_boom/src/boom_core_merged.cpp:758]   --->   Operation 518 'store' 'store_ln758' <Predicate = (!icmp_ln741 & !or_ln742 & trunc_ln745 == 1)> <Delay = 0.42>
ST_13 : Operation 519 [1/1] (0.00ns)   --->   "%br_ln0 = br void"   --->   Operation 519 'br' 'br_ln0' <Predicate = (!icmp_ln741 & !or_ln742 & trunc_ln745 == 1)> <Delay = 0.00>
ST_13 : Operation 520 [1/1] (0.42ns)   --->   "%store_ln750 = store i8 %phi_ln, i8 %state_completion_wakeups_branch_mask_0" [/home/lab_726/boom/hls_boom/src/boom_core_merged.cpp:750]   --->   Operation 520 'store' 'store_ln750' <Predicate = (!icmp_ln741 & !or_ln742 & trunc_ln745 == 0)> <Delay = 0.42>
ST_13 : Operation 521 [1/1] (0.42ns)   --->   "%store_ln758 = store i8 %phi_ln, i8 %state_completion_bypass_branch_mask_0" [/home/lab_726/boom/hls_boom/src/boom_core_merged.cpp:758]   --->   Operation 521 'store' 'store_ln758' <Predicate = (!icmp_ln741 & !or_ln742 & trunc_ln745 == 0)> <Delay = 0.42>
ST_13 : Operation 522 [1/1] (0.00ns)   --->   "%br_ln0 = br void"   --->   Operation 522 'br' 'br_ln0' <Predicate = (!icmp_ln741 & !or_ln742 & trunc_ln745 == 0)> <Delay = 0.00>
ST_13 : Operation 523 [1/1] (0.42ns)   --->   "%store_ln750 = store i8 %phi_ln, i8 %state_completion_wakeups_branch_mask_2" [/home/lab_726/boom/hls_boom/src/boom_core_merged.cpp:750]   --->   Operation 523 'store' 'store_ln750' <Predicate = (!icmp_ln741 & !or_ln742 & trunc_ln745 != 0 & trunc_ln745 != 1)> <Delay = 0.42>
ST_13 : Operation 524 [1/1] (0.42ns)   --->   "%store_ln758 = store i8 %phi_ln, i8 %state_completion_bypass_branch_mask_2" [/home/lab_726/boom/hls_boom/src/boom_core_merged.cpp:758]   --->   Operation 524 'store' 'store_ln758' <Predicate = (!icmp_ln741 & !or_ln742 & trunc_ln745 != 0 & trunc_ln745 != 1)> <Delay = 0.42>
ST_13 : Operation 525 [1/1] (0.00ns)   --->   "%br_ln0 = br void"   --->   Operation 525 'br' 'br_ln0' <Predicate = (!icmp_ln741 & !or_ln742 & trunc_ln745 != 0 & trunc_ln745 != 1)> <Delay = 0.00>
ST_13 : Operation 526 [1/1] (0.00ns)   --->   "%state_completion_wakeup_sent_0_load = load i1 %state_completion_wakeup_sent_0" [/home/lab_726/boom/hls_boom/src/boom_core_merged.cpp:760]   --->   Operation 526 'load' 'state_completion_wakeup_sent_0_load' <Predicate = (!icmp_ln741 & !or_ln742)> <Delay = 0.00>
ST_13 : Operation 527 [1/1] (0.00ns)   --->   "%state_completion_wakeup_sent_1_load = load i1 %state_completion_wakeup_sent_1" [/home/lab_726/boom/hls_boom/src/boom_core_merged.cpp:760]   --->   Operation 527 'load' 'state_completion_wakeup_sent_1_load' <Predicate = (!icmp_ln741 & !or_ln742)> <Delay = 0.00>
ST_13 : Operation 528 [1/1] (0.00ns)   --->   "%state_completion_wakeup_sent_2_load = load i1 %state_completion_wakeup_sent_2" [/home/lab_726/boom/hls_boom/src/boom_core_merged.cpp:760]   --->   Operation 528 'load' 'state_completion_wakeup_sent_2_load' <Predicate = (!icmp_ln741 & !or_ln742)> <Delay = 0.00>
ST_13 : Operation 529 [1/1] (0.47ns)   --->   "%tmp_1 = mux i1 @_ssdm_op_Mux.ap_auto.3i1.i2, i1 %state_completion_wakeup_sent_0_load, i1 %state_completion_wakeup_sent_1_load, i1 %state_completion_wakeup_sent_2_load, i2 %i_30" [/home/lab_726/boom/hls_boom/src/boom_core_merged.cpp:760]   --->   Operation 529 'mux' 'tmp_1' <Predicate = (!icmp_ln741 & !or_ln742)> <Delay = 0.47> <CoreInst = "Multiplexer">   --->   Core 76 'Multiplexer' <Latency = 0> <II = 1> <Delay = 0.47> <FuncUnit> <Opcode : 'mux'> <InPorts = 2> <OutPorts = 1>
ST_13 : Operation 530 [1/1] (0.00ns)   --->   "%br_ln760 = br i1 %tmp_1, void, void %._crit_edge16" [/home/lab_726/boom/hls_boom/src/boom_core_merged.cpp:760]   --->   Operation 530 'br' 'br_ln760' <Predicate = (!icmp_ln741 & !or_ln742)> <Delay = 0.00>
ST_13 : Operation 531 [1/1] (0.00ns)   --->   "%state_completion_total_wakeups_load = load i64 %state_completion_total_wakeups" [/home/lab_726/boom/hls_boom/src/boom_core_merged.cpp:761]   --->   Operation 531 'load' 'state_completion_total_wakeups_load' <Predicate = (!icmp_ln741 & !or_ln742 & !tmp_1)> <Delay = 0.00>
ST_13 : Operation 532 [1/1] (1.08ns)   --->   "%add_ln761 = add i64 %state_completion_total_wakeups_load, i64 1" [/home/lab_726/boom/hls_boom/src/boom_core_merged.cpp:761]   --->   Operation 532 'add' 'add_ln761' <Predicate = (!icmp_ln741 & !or_ln742 & !tmp_1)> <Delay = 1.08> <CoreInst = "Adder">   --->   Core 1 'Adder' <Latency = 0> <II = 1> <Delay = 0.76> <FuncUnit> <Opcode : 'add' 'sub'> <InPorts = 2> <OutPorts = 1>
ST_13 : Operation 533 [1/1] (0.00ns)   --->   "%store_ln761 = store i64 %add_ln761, i64 %state_completion_total_wakeups" [/home/lab_726/boom/hls_boom/src/boom_core_merged.cpp:761]   --->   Operation 533 'store' 'store_ln761' <Predicate = (!icmp_ln741 & !or_ln742 & !tmp_1)> <Delay = 0.00>
ST_13 : Operation 534 [1/1] (0.00ns)   --->   "%state_completion_total_bypass_load = load i64 %state_completion_total_bypass" [/home/lab_726/boom/hls_boom/src/boom_core_merged.cpp:762]   --->   Operation 534 'load' 'state_completion_total_bypass_load' <Predicate = (!icmp_ln741 & !or_ln742 & !tmp_1)> <Delay = 0.00>
ST_13 : Operation 535 [1/1] (1.08ns)   --->   "%add_ln762 = add i64 %state_completion_total_bypass_load, i64 1" [/home/lab_726/boom/hls_boom/src/boom_core_merged.cpp:762]   --->   Operation 535 'add' 'add_ln762' <Predicate = (!icmp_ln741 & !or_ln742 & !tmp_1)> <Delay = 1.08> <CoreInst = "Adder">   --->   Core 1 'Adder' <Latency = 0> <II = 1> <Delay = 0.76> <FuncUnit> <Opcode : 'add' 'sub'> <InPorts = 2> <OutPorts = 1>
ST_13 : Operation 536 [1/1] (0.00ns)   --->   "%store_ln762 = store i64 %add_ln762, i64 %state_completion_total_bypass" [/home/lab_726/boom/hls_boom/src/boom_core_merged.cpp:762]   --->   Operation 536 'store' 'store_ln762' <Predicate = (!icmp_ln741 & !or_ln742 & !tmp_1)> <Delay = 0.00>
ST_13 : Operation 537 [1/1] (0.58ns)   --->   "%switch_ln763 = switch i2 %i_30, void %branch14, i2 0, void %branch12, i2 1, void %branch13" [/home/lab_726/boom/hls_boom/src/boom_core_merged.cpp:763]   --->   Operation 537 'switch' 'switch_ln763' <Predicate = (!icmp_ln741 & !or_ln742 & !tmp_1)> <Delay = 0.58>
ST_13 : Operation 538 [1/1] (0.42ns)   --->   "%store_ln763 = store i1 1, i1 %state_completion_wakeup_sent_1" [/home/lab_726/boom/hls_boom/src/boom_core_merged.cpp:763]   --->   Operation 538 'store' 'store_ln763' <Predicate = (!icmp_ln741 & !or_ln742 & !tmp_1 & i_30 == 1)> <Delay = 0.42>
ST_13 : Operation 539 [1/1] (0.00ns)   --->   "%br_ln763 = br void" [/home/lab_726/boom/hls_boom/src/boom_core_merged.cpp:763]   --->   Operation 539 'br' 'br_ln763' <Predicate = (!icmp_ln741 & !or_ln742 & !tmp_1 & i_30 == 1)> <Delay = 0.00>
ST_13 : Operation 540 [1/1] (0.42ns)   --->   "%store_ln763 = store i1 1, i1 %state_completion_wakeup_sent_0" [/home/lab_726/boom/hls_boom/src/boom_core_merged.cpp:763]   --->   Operation 540 'store' 'store_ln763' <Predicate = (!icmp_ln741 & !or_ln742 & !tmp_1 & i_30 == 0)> <Delay = 0.42>
ST_13 : Operation 541 [1/1] (0.00ns)   --->   "%br_ln763 = br void" [/home/lab_726/boom/hls_boom/src/boom_core_merged.cpp:763]   --->   Operation 541 'br' 'br_ln763' <Predicate = (!icmp_ln741 & !or_ln742 & !tmp_1 & i_30 == 0)> <Delay = 0.00>
ST_13 : Operation 542 [1/1] (0.42ns)   --->   "%store_ln763 = store i1 1, i1 %state_completion_wakeup_sent_2" [/home/lab_726/boom/hls_boom/src/boom_core_merged.cpp:763]   --->   Operation 542 'store' 'store_ln763' <Predicate = (!icmp_ln741 & !or_ln742 & !tmp_1 & i_30 != 0 & i_30 != 1)> <Delay = 0.42>
ST_13 : Operation 543 [1/1] (0.00ns)   --->   "%br_ln763 = br void" [/home/lab_726/boom/hls_boom/src/boom_core_merged.cpp:763]   --->   Operation 543 'br' 'br_ln763' <Predicate = (!icmp_ln741 & !or_ln742 & !tmp_1 & i_30 != 0 & i_30 != 1)> <Delay = 0.00>
ST_13 : Operation 544 [1/1] (0.00ns)   --->   "%br_ln764 = br void %._crit_edge16" [/home/lab_726/boom/hls_boom/src/boom_core_merged.cpp:764]   --->   Operation 544 'br' 'br_ln764' <Predicate = (!icmp_ln741 & !or_ln742 & !tmp_1)> <Delay = 0.00>
ST_13 : Operation 545 [1/1] (0.00ns)   --->   "%output_load22 = load i8 %output" [/home/lab_726/boom/hls_boom/src/boom_core_merged.cpp:765]   --->   Operation 545 'load' 'output_load22' <Predicate = (!icmp_ln741 & !or_ln742)> <Delay = 0.00>
ST_13 : Operation 546 [1/1] (0.76ns)   --->   "%output_1 = add i8 %output_load22, i8 1" [/home/lab_726/boom/hls_boom/src/boom_core_merged.cpp:765]   --->   Operation 546 'add' 'output_1' <Predicate = (!icmp_ln741 & !or_ln742)> <Delay = 0.76> <CoreInst = "Adder">   --->   Core 1 'Adder' <Latency = 0> <II = 1> <Delay = 0.76> <FuncUnit> <Opcode : 'add' 'sub'> <InPorts = 2> <OutPorts = 1>
ST_13 : Operation 547 [1/1] (0.42ns)   --->   "%store_ln766 = store i8 %output_1, i8 %output" [/home/lab_726/boom/hls_boom/src/boom_core_merged.cpp:766]   --->   Operation 547 'store' 'store_ln766' <Predicate = (!icmp_ln741 & !or_ln742)> <Delay = 0.42>
ST_13 : Operation 548 [1/1] (0.00ns)   --->   "%br_ln766 = br void %.split._crit_edge" [/home/lab_726/boom/hls_boom/src/boom_core_merged.cpp:766]   --->   Operation 548 'br' 'br_ln766' <Predicate = (!icmp_ln741 & !or_ln742)> <Delay = 0.00>
ST_13 : Operation 549 [1/1] (0.42ns)   --->   "%store_ln741 = store i2 %add_ln741, i2 %i_20" [/home/lab_726/boom/hls_boom/src/boom_core_merged.cpp:741]   --->   Operation 549 'store' 'store_ln741' <Predicate = (!icmp_ln741)> <Delay = 0.42>
ST_13 : Operation 550 [1/1] (0.00ns)   --->   "%br_ln0 = br void"   --->   Operation 550 'br' 'br_ln0' <Predicate = (!icmp_ln741)> <Delay = 0.00>
ST_13 : Operation 551 [1/1] (0.00ns)   --->   "%output_load = load i8 %output" [/home/lab_726/boom/hls_boom/src/boom_core_merged.cpp:769]   --->   Operation 551 'load' 'output_load' <Predicate = (icmp_ln741)> <Delay = 0.00>
ST_13 : Operation 552 [1/1] (0.00ns)   --->   "%state_completion_peak_wakeups_load = load i8 %state_completion_peak_wakeups" [/home/lab_726/boom/hls_boom/src/boom_core_merged.cpp:769]   --->   Operation 552 'load' 'state_completion_peak_wakeups_load' <Predicate = (icmp_ln741)> <Delay = 0.00>
ST_13 : Operation 553 [1/1] (0.84ns)   --->   "%icmp_ln769 = icmp_ugt  i8 %output_load, i8 %state_completion_peak_wakeups_load" [/home/lab_726/boom/hls_boom/src/boom_core_merged.cpp:769]   --->   Operation 553 'icmp' 'icmp_ln769' <Predicate = (icmp_ln741)> <Delay = 0.84> <CoreInst = "Cmp">   --->   Core 9 'Cmp' <Latency = 0> <II = 1> <Delay = 0.84> <FuncUnit> <Opcode : 'icmp'> <InPorts = 2> <OutPorts = 1>
ST_13 : Operation 554 [1/1] (0.00ns)   --->   "%br_ln769 = br i1 %icmp_ln769, void %._crit_edge17, void" [/home/lab_726/boom/hls_boom/src/boom_core_merged.cpp:769]   --->   Operation 554 'br' 'br_ln769' <Predicate = (icmp_ln741)> <Delay = 0.00>
ST_13 : Operation 555 [1/1] (0.00ns)   --->   "%store_ln770 = store i8 %output_load, i8 %state_completion_peak_wakeups" [/home/lab_726/boom/hls_boom/src/boom_core_merged.cpp:770]   --->   Operation 555 'store' 'store_ln770' <Predicate = (icmp_ln741 & icmp_ln769)> <Delay = 0.00>
ST_13 : Operation 556 [1/1] (0.00ns)   --->   "%br_ln770 = br void %._crit_edge17" [/home/lab_726/boom/hls_boom/src/boom_core_merged.cpp:770]   --->   Operation 556 'br' 'br_ln770' <Predicate = (icmp_ln741 & icmp_ln769)> <Delay = 0.00>
ST_13 : Operation 557 [1/1] (0.00ns)   --->   "%output_load_2 = load i8 %output" [/home/lab_726/boom/hls_boom/src/boom_core_merged.cpp:771]   --->   Operation 557 'load' 'output_load_2' <Predicate = (icmp_ln741)> <Delay = 0.00>
ST_13 : Operation 558 [1/1] (0.00ns)   --->   "%state_completion_peak_bypass_load = load i8 %state_completion_peak_bypass" [/home/lab_726/boom/hls_boom/src/boom_core_merged.cpp:771]   --->   Operation 558 'load' 'state_completion_peak_bypass_load' <Predicate = (icmp_ln741)> <Delay = 0.00>
ST_13 : Operation 559 [1/1] (0.84ns)   --->   "%icmp_ln771 = icmp_ugt  i8 %output_load_2, i8 %state_completion_peak_bypass_load" [/home/lab_726/boom/hls_boom/src/boom_core_merged.cpp:771]   --->   Operation 559 'icmp' 'icmp_ln771' <Predicate = (icmp_ln741)> <Delay = 0.84> <CoreInst = "Cmp">   --->   Core 9 'Cmp' <Latency = 0> <II = 1> <Delay = 0.84> <FuncUnit> <Opcode : 'icmp'> <InPorts = 2> <OutPorts = 1>
ST_13 : Operation 560 [1/1] (0.00ns)   --->   "%br_ln771 = br i1 %icmp_ln771, void %_ZN4boom25build_wakeup_bypass_portsER13BoomCoreState.exit, void" [/home/lab_726/boom/hls_boom/src/boom_core_merged.cpp:771]   --->   Operation 560 'br' 'br_ln771' <Predicate = (icmp_ln741)> <Delay = 0.00>
ST_13 : Operation 561 [1/1] (0.00ns)   --->   "%store_ln772 = store i8 %output_load_2, i8 %state_completion_peak_bypass" [/home/lab_726/boom/hls_boom/src/boom_core_merged.cpp:772]   --->   Operation 561 'store' 'store_ln772' <Predicate = (icmp_ln741 & icmp_ln771)> <Delay = 0.00>
ST_13 : Operation 562 [1/1] (0.00ns)   --->   "%br_ln772 = br void %_ZN4boom25build_wakeup_bypass_portsER13BoomCoreState.exit" [/home/lab_726/boom/hls_boom/src/boom_core_merged.cpp:772]   --->   Operation 562 'br' 'br_ln772' <Predicate = (icmp_ln741 & icmp_ln771)> <Delay = 0.00>
ST_13 : Operation 563 [2/2] (0.00ns)   --->   "%call_ln977 = call void @service_pending, i1 %state_completion_mem_execute_valid, i3 %state_completion_mem_execute_kind, i1 %state_completion_mem_execute_source, i5 %state_completion_mem_execute_uop_queue_rob_idx, i2 %state_completion_mem_execute_uop_queue_rob_allocation_id, i1 %state_rob_entries_valid, i2 %state_rob_entries_uop_queue_rob_allocation_id, i1 %state_rob_entries_busy, i1 %state_rob_entries_memory_valid, i1 %state_rob_entries_memory_completed, i1 %state_rob_entries_is_load, i1 %state_rob_entries_memory_request_sent, i1 %state_rob_entries_memory_transaction_id, i8 %state_completion_mem_execute_uop_branch_br_mask, i1 %state_completion_mem_execute_uop_branch_br_tag, i2 %state_completion_mem_execute_uop_rename_pdst, i1 %state_completion_mem_execute_writes_prf, i64 %state_completion_mem_execute_value, i1 %state_completion_int_execute_valid, i3 %state_completion_int_execute_kind, i2 %state_completion_int_execute_source, i5 %state_completion_int_execute_uop_queue_rob_idx, i2 %state_completion_int_execute_uop_queue_rob_allocation_id, i8 %state_completion_int_execute_uop_branch_br_mask, i1 %state_completion_int_execute_uop_branch_br_tag, i3 %state_completion_int_execute_uop_rename_pdst, i1 %state_completion_int_execute_writes_prf, i64 %state_completion_int_execute_value, i5 %state_rob_head, i1 %state_completion_wakeup_sent_0, i8 %state_completion_rob_completes_this_cycle, i64 %state_completion_total_rob_completes, i8 %state_branch_state_active_mask, i32 %state_branch_state_releases, i8 %state_decode_dec_uops_branch_br_mask_0, i8 %state_rename_dispatch_packets_uop_branch_br_mask_0, i8 %state_execute_alu_results_uop_branch_br_mask_0, i8 %state_execute_alu_results_uop_branch_br_mask_1, i8 %state_execute_alu_results_uop_branch_br_mask_2, i8 %state_issue_issued_uops_branch_br_mask_0, i8 %state_issue_issued_uops_branch_br_mask_1, i8 %state_issue_issued_uops_branch_br_mask_2, i8 %state_issue_alu_iq_entries_uop_branch_br_mask, i8 %state_rob_entries_uop_branch_br_mask, i8 %state_completion_wakeups_branch_mask_0, i8 %state_completion_wakeups_branch_mask_1, i8 %state_completion_wakeups_branch_mask_2, i8 %state_completion_bypass_branch_mask_0, i8 %state_completion_bypass_branch_mask_1, i8 %state_completion_bypass_branch_mask_2, i8 %state_lsu_ldq_branch_mask, i8 %state_lsu_stq_branch_mask, i56 %state_int_rf, i1 %state_completion_wakeup_sent_2, i1 %state_completion_wakeup_sent_1, i8 %state_completion_prf_writes_this_cycle, i64 %state_completion_total_prf_writes, i8 %state_completion_peak_rob_completes, i8 %state_completion_peak_prf_writes" [/home/lab_726/boom/hls_boom/src/boom_core_merged.cpp:977]   --->   Operation 563 'call' 'call_ln977' <Predicate = (icmp_ln741)> <Delay = 0.00> <CoreType = "Generic">   --->   Core 0 '' <Latency = 0> <II = 1> <Delay = 1.00> <Generic> <Opcode : >

State 14 <SV = 8> <Delay = 0.00>
ST_14 : Operation 564 [1/2] (0.00ns)   --->   "%call_ln977 = call void @service_pending, i1 %state_completion_mem_execute_valid, i3 %state_completion_mem_execute_kind, i1 %state_completion_mem_execute_source, i5 %state_completion_mem_execute_uop_queue_rob_idx, i2 %state_completion_mem_execute_uop_queue_rob_allocation_id, i1 %state_rob_entries_valid, i2 %state_rob_entries_uop_queue_rob_allocation_id, i1 %state_rob_entries_busy, i1 %state_rob_entries_memory_valid, i1 %state_rob_entries_memory_completed, i1 %state_rob_entries_is_load, i1 %state_rob_entries_memory_request_sent, i1 %state_rob_entries_memory_transaction_id, i8 %state_completion_mem_execute_uop_branch_br_mask, i1 %state_completion_mem_execute_uop_branch_br_tag, i2 %state_completion_mem_execute_uop_rename_pdst, i1 %state_completion_mem_execute_writes_prf, i64 %state_completion_mem_execute_value, i1 %state_completion_int_execute_valid, i3 %state_completion_int_execute_kind, i2 %state_completion_int_execute_source, i5 %state_completion_int_execute_uop_queue_rob_idx, i2 %state_completion_int_execute_uop_queue_rob_allocation_id, i8 %state_completion_int_execute_uop_branch_br_mask, i1 %state_completion_int_execute_uop_branch_br_tag, i3 %state_completion_int_execute_uop_rename_pdst, i1 %state_completion_int_execute_writes_prf, i64 %state_completion_int_execute_value, i5 %state_rob_head, i1 %state_completion_wakeup_sent_0, i8 %state_completion_rob_completes_this_cycle, i64 %state_completion_total_rob_completes, i8 %state_branch_state_active_mask, i32 %state_branch_state_releases, i8 %state_decode_dec_uops_branch_br_mask_0, i8 %state_rename_dispatch_packets_uop_branch_br_mask_0, i8 %state_execute_alu_results_uop_branch_br_mask_0, i8 %state_execute_alu_results_uop_branch_br_mask_1, i8 %state_execute_alu_results_uop_branch_br_mask_2, i8 %state_issue_issued_uops_branch_br_mask_0, i8 %state_issue_issued_uops_branch_br_mask_1, i8 %state_issue_issued_uops_branch_br_mask_2, i8 %state_issue_alu_iq_entries_uop_branch_br_mask, i8 %state_rob_entries_uop_branch_br_mask, i8 %state_completion_wakeups_branch_mask_0, i8 %state_completion_wakeups_branch_mask_1, i8 %state_completion_wakeups_branch_mask_2, i8 %state_completion_bypass_branch_mask_0, i8 %state_completion_bypass_branch_mask_1, i8 %state_completion_bypass_branch_mask_2, i8 %state_lsu_ldq_branch_mask, i8 %state_lsu_stq_branch_mask, i56 %state_int_rf, i1 %state_completion_wakeup_sent_2, i1 %state_completion_wakeup_sent_1, i8 %state_completion_prf_writes_this_cycle, i64 %state_completion_total_prf_writes, i8 %state_completion_peak_rob_completes, i8 %state_completion_peak_prf_writes" [/home/lab_726/boom/hls_boom/src/boom_core_merged.cpp:977]   --->   Operation 564 'call' 'call_ln977' <Predicate = true> <Delay = 0.00> <CoreType = "Generic">   --->   Core 0 '' <Latency = 0> <II = 1> <Delay = 1.00> <Generic> <Opcode : >
ST_14 : Operation 565 [1/1] (0.00ns)   --->   "%ret_ln978 = ret" [/home/lab_726/boom/hls_boom/src/boom_core_merged.cpp:978]   --->   Operation 565 'ret' 'ret_ln978' <Predicate = true> <Delay = 0.00>


============================================================
+ Verbose Summary: Binding
============================================================
STG Binding: 
---------------- STG Properties BEGIN ----------------
- Is combinational: 0
- Is one-state seq: 0
- Is datapath-only: 0
- Is pipelined: 0
- Is top level: 0
Port [ Return ] is wired: 1; IO mode=ap_ctrl_hs:ce=0
Port [ state_completion_rob_completes_this_cycle]:  wired=1; compound=0; hidden=0; nouse=0; global=1; static=1; extern=0; dir=2; type=0; pingpong=0; private_global=0; IO mode=ap_ovld:ce=0
Port [ state_completion_prf_writes_this_cycle]:  wired=1; compound=0; hidden=0; nouse=0; global=1; static=1; extern=0; dir=2; type=0; pingpong=0; private_global=0; IO mode=ap_ovld:ce=0
Port [ state_completion_mem_execute_valid]:  wired=1; compound=0; hidden=0; nouse=0; global=1; static=1; extern=0; dir=2; type=0; pingpong=0; private_global=0; IO mode=ap_ovld:ce=0
Port [ state_execute_alu_results_valid_0]:  wired=1; compound=0; hidden=0; nouse=0; global=1; static=1; extern=0; dir=2; type=0; pingpong=0; private_global=0; IO mode=ap_ovld:ce=0
Port [ state_completion_mem_execute_source]:  wired=1; compound=0; hidden=0; nouse=0; global=1; static=1; extern=0; dir=2; type=0; pingpong=0; private_global=0; IO mode=ap_ovld:ce=0
Port [ state_execute_alu_results_uop_branch_is_br_0]:  wired=1; compound=0; hidden=0; nouse=0; global=1; static=1; extern=0; dir=2; type=0; pingpong=0; private_global=0; IO mode=ap_ovld:ce=0
Port [ state_execute_alu_results_uop_branch_is_jalr_0]:  wired=1; compound=0; hidden=0; nouse=0; global=1; static=1; extern=0; dir=2; type=0; pingpong=0; private_global=0; IO mode=ap_ovld:ce=0
Port [ state_execute_alu_results_uop_branch_is_jal_0]:  wired=1; compound=0; hidden=0; nouse=0; global=1; static=1; extern=0; dir=2; type=0; pingpong=0; private_global=0; IO mode=ap_ovld:ce=0
Port [ state_completion_mem_execute_kind]:  wired=1; compound=0; hidden=0; nouse=0; global=1; static=1; extern=0; dir=2; type=0; pingpong=0; private_global=0; IO mode=ap_ovld:ce=0
Port [ state_execute_alu_results_uop_branch_br_mask_0]:  wired=1; compound=0; hidden=0; nouse=0; global=1; static=1; extern=0; dir=2; type=0; pingpong=0; private_global=0; IO mode=ap_ovld:ce=0
Port [ state_execute_alu_results_uop_branch_br_tag_0]:  wired=1; compound=0; hidden=0; nouse=0; global=1; static=1; extern=0; dir=2; type=0; pingpong=0; private_global=0; IO mode=ap_ovld:ce=0
Port [ state_execute_alu_results_uop_queue_rob_idx_0]:  wired=1; compound=0; hidden=0; nouse=0; global=1; static=1; extern=0; dir=2; type=0; pingpong=0; private_global=0; IO mode=ap_ovld:ce=0
Port [ state_execute_alu_results_uop_queue_rob_allocation_id_0]:  wired=1; compound=0; hidden=0; nouse=0; global=1; static=1; extern=0; dir=2; type=0; pingpong=0; private_global=0; IO mode=ap_ovld:ce=0
Port [ state_execute_alu_results_uop_rename_pdst_0]:  wired=1; compound=0; hidden=0; nouse=0; global=1; static=1; extern=0; dir=2; type=0; pingpong=0; private_global=0; IO mode=ap_ovld:ce=0
Port [ state_completion_mem_execute_uop_branch_br_mask]:  wired=1; compound=0; hidden=0; nouse=0; global=1; static=1; extern=0; dir=2; type=0; pingpong=0; private_global=0; IO mode=ap_ovld:ce=0
Port [ state_completion_mem_execute_uop_branch_br_tag]:  wired=1; compound=0; hidden=0; nouse=0; global=1; static=1; extern=0; dir=2; type=0; pingpong=0; private_global=0; IO mode=ap_ovld:ce=0
Port [ state_completion_mem_execute_uop_queue_rob_idx]:  wired=1; compound=0; hidden=0; nouse=0; global=1; static=1; extern=0; dir=2; type=0; pingpong=0; private_global=0; IO mode=ap_ovld:ce=0
Port [ state_completion_mem_execute_uop_queue_rob_allocation_id]:  wired=1; compound=0; hidden=0; nouse=0; global=1; static=1; extern=0; dir=2; type=0; pingpong=0; private_global=0; IO mode=ap_ovld:ce=0
Port [ state_completion_mem_execute_uop_rename_pdst]:  wired=1; compound=0; hidden=0; nouse=0; global=1; static=1; extern=0; dir=2; type=0; pingpong=0; private_global=0; IO mode=ap_ovld:ce=0
Port [ state_completion_mem_execute_writes_prf]:  wired=1; compound=0; hidden=0; nouse=0; global=1; static=1; extern=0; dir=2; type=0; pingpong=0; private_global=0; IO mode=ap_ovld:ce=0
Port [ state_execute_alu_results_result_0]:  wired=1; compound=0; hidden=0; nouse=0; global=1; static=1; extern=0; dir=2; type=0; pingpong=0; private_global=0; IO mode=ap_ovld:ce=0
Port [ state_completion_mem_execute_value]:  wired=1; compound=0; hidden=0; nouse=0; global=1; static=1; extern=0; dir=2; type=0; pingpong=0; private_global=0; IO mode=ap_ovld:ce=0
Port [ state_completion_int_execute_valid]:  wired=1; compound=0; hidden=0; nouse=0; global=1; static=1; extern=0; dir=2; type=0; pingpong=0; private_global=0; IO mode=ap_ovld:ce=0
Port [ state_execute_alu_results_valid_1]:  wired=1; compound=0; hidden=0; nouse=0; global=1; static=1; extern=0; dir=2; type=0; pingpong=0; private_global=0; IO mode=ap_ovld:ce=0
Port [ state_completion_int_execute_source]:  wired=1; compound=0; hidden=0; nouse=0; global=1; static=1; extern=0; dir=2; type=0; pingpong=0; private_global=0; IO mode=ap_ovld:ce=0
Port [ state_execute_alu_results_uop_branch_is_br_1]:  wired=1; compound=0; hidden=0; nouse=0; global=1; static=1; extern=0; dir=2; type=0; pingpong=0; private_global=0; IO mode=ap_ovld:ce=0
Port [ state_execute_alu_results_uop_branch_is_jalr_1]:  wired=1; compound=0; hidden=0; nouse=0; global=1; static=1; extern=0; dir=2; type=0; pingpong=0; private_global=0; IO mode=ap_ovld:ce=0
Port [ state_execute_alu_results_uop_branch_is_jal_1]:  wired=1; compound=0; hidden=0; nouse=0; global=1; static=1; extern=0; dir=2; type=0; pingpong=0; private_global=0; IO mode=ap_ovld:ce=0
Port [ state_completion_int_execute_kind]:  wired=1; compound=0; hidden=0; nouse=0; global=1; static=1; extern=0; dir=2; type=0; pingpong=0; private_global=0; IO mode=ap_ovld:ce=0
Port [ state_execute_alu_results_uop_branch_br_mask_1]:  wired=1; compound=0; hidden=0; nouse=0; global=1; static=1; extern=0; dir=2; type=0; pingpong=0; private_global=0; IO mode=ap_ovld:ce=0
Port [ state_execute_alu_results_uop_branch_br_tag_1]:  wired=1; compound=0; hidden=0; nouse=0; global=1; static=1; extern=0; dir=2; type=0; pingpong=0; private_global=0; IO mode=ap_ovld:ce=0
Port [ state_execute_alu_results_uop_queue_rob_idx_1]:  wired=1; compound=0; hidden=0; nouse=0; global=1; static=1; extern=0; dir=2; type=0; pingpong=0; private_global=0; IO mode=ap_ovld:ce=0
Port [ state_execute_alu_results_uop_queue_rob_allocation_id_1]:  wired=1; compound=0; hidden=0; nouse=0; global=1; static=1; extern=0; dir=2; type=0; pingpong=0; private_global=0; IO mode=ap_ovld:ce=0
Port [ state_execute_alu_results_uop_rename_pdst_1]:  wired=1; compound=0; hidden=0; nouse=0; global=1; static=1; extern=0; dir=2; type=0; pingpong=0; private_global=0; IO mode=ap_ovld:ce=0
Port [ state_completion_int_execute_uop_branch_br_mask]:  wired=1; compound=0; hidden=0; nouse=0; global=1; static=1; extern=0; dir=2; type=0; pingpong=0; private_global=0; IO mode=ap_ovld:ce=0
Port [ state_completion_int_execute_uop_branch_br_tag]:  wired=1; compound=0; hidden=0; nouse=0; global=1; static=1; extern=0; dir=2; type=0; pingpong=0; private_global=0; IO mode=ap_ovld:ce=0
Port [ state_completion_int_execute_uop_queue_rob_idx]:  wired=1; compound=0; hidden=0; nouse=0; global=1; static=1; extern=0; dir=2; type=0; pingpong=0; private_global=0; IO mode=ap_ovld:ce=0
Port [ state_completion_int_execute_uop_queue_rob_allocation_id]:  wired=1; compound=0; hidden=0; nouse=0; global=1; static=1; extern=0; dir=2; type=0; pingpong=0; private_global=0; IO mode=ap_ovld:ce=0
Port [ state_completion_int_execute_uop_rename_pdst]:  wired=1; compound=0; hidden=0; nouse=0; global=1; static=1; extern=0; dir=2; type=0; pingpong=0; private_global=0; IO mode=ap_ovld:ce=0
Port [ state_completion_int_execute_writes_prf]:  wired=1; compound=0; hidden=0; nouse=0; global=1; static=1; extern=0; dir=2; type=0; pingpong=0; private_global=0; IO mode=ap_ovld:ce=0
Port [ state_execute_alu_results_result_1]:  wired=1; compound=0; hidden=0; nouse=0; global=1; static=1; extern=0; dir=2; type=0; pingpong=0; private_global=0; IO mode=ap_ovld:ce=0
Port [ state_completion_int_execute_value]:  wired=1; compound=0; hidden=0; nouse=0; global=1; static=1; extern=0; dir=2; type=0; pingpong=0; private_global=0; IO mode=ap_ovld:ce=0
Port [ state_execute_alu_results_uop_branch_br_mask_2]:  wired=1; compound=0; hidden=0; nouse=0; global=1; static=1; extern=0; dir=2; type=0; pingpong=0; private_global=0; IO mode=ap_ovld:ce=0
Port [ state_rob_entries_valid]:  wired=1; compound=1; hidden=0; nouse=0; global=1; static=1; extern=0; dir=0; type=1; pingpong=0; private_global=0; MemPort=[13]; IO mode=ap_memory:ce=0
Port [ state_rob_entries_uop_queue_rob_allocation_id]:  wired=1; compound=1; hidden=0; nouse=0; global=1; static=1; extern=0; dir=0; type=1; pingpong=0; private_global=0; MemPort=[13]; IO mode=ap_memory:ce=0
Port [ state_rob_entries_busy]:  wired=1; compound=1; hidden=0; nouse=0; global=1; static=1; extern=0; dir=2; type=1; pingpong=0; private_global=0; MemPort=[23]; IO mode=ap_memory:ce=0
Port [ state_rob_entries_memory_valid]:  wired=1; compound=1; hidden=0; nouse=0; global=1; static=1; extern=0; dir=0; type=1; pingpong=0; private_global=0; MemPort=[13]; IO mode=ap_memory:ce=0
Port [ state_rob_entries_memory_completed]:  wired=1; compound=1; hidden=0; nouse=0; global=1; static=1; extern=0; dir=2; type=1; pingpong=0; private_global=0; MemPort=[23]; IO mode=ap_memory:ce=0
Port [ state_rob_entries_is_load]:  wired=1; compound=1; hidden=0; nouse=0; global=1; static=1; extern=0; dir=0; type=1; pingpong=0; private_global=0; MemPort=[13]; IO mode=ap_memory:ce=0
Port [ state_rob_entries_memory_request_sent]:  wired=1; compound=1; hidden=0; nouse=0; global=1; static=1; extern=0; dir=0; type=1; pingpong=0; private_global=0; MemPort=[13]; IO mode=ap_memory:ce=0
Port [ state_rob_entries_memory_transaction_id]:  wired=1; compound=1; hidden=0; nouse=0; global=1; static=1; extern=0; dir=0; type=1; pingpong=0; private_global=0; MemPort=[13]; IO mode=ap_memory:ce=0
Port [ state_rob_head]:  wired=1; compound=0; hidden=0; nouse=0; global=1; static=1; extern=0; dir=0; type=0; pingpong=0; private_global=0; IO mode=ap_none:ce=0
Port [ state_completion_wakeup_conflicts]:  wired=1; compound=0; hidden=0; nouse=0; global=1; static=1; extern=0; dir=2; type=0; pingpong=0; private_global=0; IO mode=ap_ovld:ce=0
Port [ state_completion_bypass_conflicts]:  wired=1; compound=0; hidden=0; nouse=0; global=1; static=1; extern=0; dir=2; type=0; pingpong=0; private_global=0; IO mode=ap_ovld:ce=0
Port [ state_completion_wakeup_sent_0]:  wired=1; compound=0; hidden=0; nouse=0; global=1; static=1; extern=0; dir=2; type=0; pingpong=0; private_global=0; IO mode=ap_ovld:ce=0
Port [ state_completion_wakeup_sent_1]:  wired=1; compound=0; hidden=0; nouse=0; global=1; static=1; extern=0; dir=2; type=0; pingpong=0; private_global=0; IO mode=ap_ovld:ce=0
Port [ state_completion_wakeup_sent_2]:  wired=1; compound=0; hidden=0; nouse=0; global=1; static=1; extern=0; dir=2; type=0; pingpong=0; private_global=0; IO mode=ap_ovld:ce=0
Port [ state_completion_total_wakeups]:  wired=1; compound=0; hidden=0; nouse=0; global=1; static=1; extern=0; dir=2; type=0; pingpong=0; private_global=0; IO mode=ap_ovld:ce=0
Port [ state_completion_total_bypass]:  wired=1; compound=0; hidden=0; nouse=0; global=1; static=1; extern=0; dir=2; type=0; pingpong=0; private_global=0; IO mode=ap_ovld:ce=0
Port [ state_completion_peak_wakeups]:  wired=1; compound=0; hidden=0; nouse=0; global=1; static=1; extern=0; dir=2; type=0; pingpong=0; private_global=0; IO mode=ap_ovld:ce=0
Port [ state_completion_peak_bypass]:  wired=1; compound=0; hidden=0; nouse=0; global=1; static=1; extern=0; dir=2; type=0; pingpong=0; private_global=0; IO mode=ap_ovld:ce=0
Port [ state_completion_total_rob_completes]:  wired=1; compound=0; hidden=0; nouse=0; global=1; static=1; extern=0; dir=2; type=0; pingpong=0; private_global=0; IO mode=ap_ovld:ce=0
Port [ state_branch_state_active_mask]:  wired=1; compound=0; hidden=0; nouse=0; global=1; static=1; extern=0; dir=2; type=0; pingpong=0; private_global=0; IO mode=ap_ovld:ce=0
Port [ state_branch_state_releases]:  wired=1; compound=0; hidden=0; nouse=0; global=1; static=1; extern=0; dir=2; type=0; pingpong=0; private_global=0; IO mode=ap_ovld:ce=0
Port [ state_decode_dec_uops_branch_br_mask_0]:  wired=1; compound=0; hidden=0; nouse=0; global=1; static=1; extern=0; dir=2; type=0; pingpong=0; private_global=0; IO mode=ap_ovld:ce=0
Port [ state_rename_dispatch_packets_uop_branch_br_mask_0]:  wired=1; compound=0; hidden=0; nouse=0; global=1; static=1; extern=0; dir=2; type=0; pingpong=0; private_global=0; IO mode=ap_ovld:ce=0
Port [ state_issue_issued_uops_branch_br_mask_0]:  wired=1; compound=0; hidden=0; nouse=0; global=1; static=1; extern=0; dir=2; type=0; pingpong=0; private_global=0; IO mode=ap_ovld:ce=0
Port [ state_issue_issued_uops_branch_br_mask_1]:  wired=1; compound=0; hidden=0; nouse=0; global=1; static=1; extern=0; dir=2; type=0; pingpong=0; private_global=0; IO mode=ap_ovld:ce=0
Port [ state_issue_issued_uops_branch_br_mask_2]:  wired=1; compound=0; hidden=0; nouse=0; global=1; static=1; extern=0; dir=2; type=0; pingpong=0; private_global=0; IO mode=ap_ovld:ce=0
Port [ state_issue_alu_iq_entries_uop_branch_br_mask]:  wired=1; compound=1; hidden=0; nouse=0; global=1; static=1; extern=0; dir=2; type=1; pingpong=0; private_global=0; MemPort=[23]; IO mode=ap_memory:ce=0
Port [ state_rob_entries_uop_branch_br_mask]:  wired=1; compound=1; hidden=0; nouse=0; global=1; static=1; extern=0; dir=2; type=1; pingpong=0; private_global=0; MemPort=[23]; IO mode=ap_memory:ce=0
Port [ state_completion_wakeups_branch_mask_0]:  wired=1; compound=0; hidden=0; nouse=0; global=1; static=1; extern=0; dir=2; type=0; pingpong=0; private_global=0; IO mode=ap_ovld:ce=0
Port [ state_completion_wakeups_branch_mask_1]:  wired=1; compound=0; hidden=0; nouse=0; global=1; static=1; extern=0; dir=2; type=0; pingpong=0; private_global=0; IO mode=ap_ovld:ce=0
Port [ state_completion_wakeups_branch_mask_2]:  wired=1; compound=0; hidden=0; nouse=0; global=1; static=1; extern=0; dir=2; type=0; pingpong=0; private_global=0; IO mode=ap_ovld:ce=0
Port [ state_completion_bypass_branch_mask_0]:  wired=1; compound=0; hidden=0; nouse=0; global=1; static=1; extern=0; dir=2; type=0; pingpong=0; private_global=0; IO mode=ap_ovld:ce=0
Port [ state_completion_bypass_branch_mask_1]:  wired=1; compound=0; hidden=0; nouse=0; global=1; static=1; extern=0; dir=2; type=0; pingpong=0; private_global=0; IO mode=ap_ovld:ce=0
Port [ state_completion_bypass_branch_mask_2]:  wired=1; compound=0; hidden=0; nouse=0; global=1; static=1; extern=0; dir=2; type=0; pingpong=0; private_global=0; IO mode=ap_ovld:ce=0
Port [ state_lsu_ldq_branch_mask]:  wired=1; compound=1; hidden=0; nouse=0; global=1; static=1; extern=0; dir=2; type=1; pingpong=0; private_global=0; MemPort=[23]; IO mode=ap_memory:ce=0
Port [ state_lsu_stq_branch_mask]:  wired=1; compound=1; hidden=0; nouse=0; global=1; static=1; extern=0; dir=2; type=1; pingpong=0; private_global=0; MemPort=[23]; IO mode=ap_memory:ce=0
Port [ state_int_rf]:  wired=1; compound=1; hidden=0; nouse=0; global=1; static=1; extern=0; dir=1; type=1; pingpong=0; private_global=0; MemPort=[03]; IO mode=ap_memory:ce=0
Port [ state_completion_total_prf_writes]:  wired=1; compound=0; hidden=0; nouse=0; global=1; static=1; extern=0; dir=2; type=0; pingpong=0; private_global=0; IO mode=ap_ovld:ce=0
Port [ state_completion_peak_rob_completes]:  wired=1; compound=0; hidden=0; nouse=0; global=1; static=1; extern=0; dir=2; type=0; pingpong=0; private_global=0; IO mode=ap_ovld:ce=0
Port [ state_completion_peak_prf_writes]:  wired=1; compound=0; hidden=0; nouse=0; global=1; static=1; extern=0; dir=2; type=0; pingpong=0; private_global=0; IO mode=ap_ovld:ce=0
---------------- STG Properties END ------------------

---------------- Datapath Model BEGIN ----------------

<LifeTime>
<method=bitvector/>
store_ln972                                                  (store            ) [ 000000000000000]
store_ln973                                                  (store            ) [ 000000000000000]
state_completion_mem_execute_valid_load                      (load             ) [ 010000000000000]
br_ln809                                                     (br               ) [ 000000000000000]
state_execute_alu_results_valid_0_load                       (load             ) [ 010000000000000]
br_ln809                                                     (br               ) [ 000000000000000]
store_ln498                                                  (store            ) [ 000000000000000]
store_ln499                                                  (store            ) [ 000000000000000]
state_execute_alu_results_uop_branch_is_br_0_load            (load             ) [ 000000000000000]
state_execute_alu_results_uop_branch_is_jalr_0_load          (load             ) [ 000000000000000]
state_execute_alu_results_uop_branch_is_jal_0_load           (load             ) [ 000000000000000]
or_ln475                                                     (or               ) [ 000000000000000]
or_ln475_2                                                   (or               ) [ 000000000000000]
select_ln475                                                 (select           ) [ 000000000000000]
store_ln500                                                  (store            ) [ 000000000000000]
state_execute_alu_results_uop_branch_br_mask_0_load          (load             ) [ 000000000000000]
state_execute_alu_results_uop_branch_br_tag_0_load           (load             ) [ 000000000000000]
state_execute_alu_results_uop_queue_rob_idx_0_load           (load             ) [ 000000000000000]
state_execute_alu_results_uop_queue_rob_allocation_id_0_load (load             ) [ 000000000000000]
state_execute_alu_results_uop_rename_pdst_0_load             (load             ) [ 000000000000000]
store_ln504                                                  (store            ) [ 000000000000000]
store_ln504                                                  (store            ) [ 000000000000000]
store_ln504                                                  (store            ) [ 000000000000000]
store_ln504                                                  (store            ) [ 000000000000000]
store_ln504                                                  (store            ) [ 000000000000000]
icmp_ln508                                                   (icmp             ) [ 000000000000000]
store_ln505                                                  (store            ) [ 000000000000000]
state_execute_alu_results_result_0_load                      (load             ) [ 000000000000000]
store_ln511                                                  (store            ) [ 000000000000000]
store_ln814                                                  (store            ) [ 000000000000000]
store_ln814                                                  (store            ) [ 000000000000000]
store_ln814                                                  (store            ) [ 000000000000000]
store_ln814                                                  (store            ) [ 000000000000000]
store_ln814                                                  (store            ) [ 000000000000000]
store_ln814                                                  (store            ) [ 000000000000000]
store_ln814                                                  (store            ) [ 000000000000000]
store_ln814                                                  (store            ) [ 000000000000000]
store_ln814                                                  (store            ) [ 000000000000000]
store_ln814                                                  (store            ) [ 000000000000000]
br_ln815                                                     (br               ) [ 000000000000000]
ports_valid_1                                                (phi              ) [ 001111111100000]
state_completion_int_execute_valid_load                      (load             ) [ 010000000000000]
br_ln816                                                     (br               ) [ 000000000000000]
state_execute_alu_results_valid_1_load                       (load             ) [ 010000000000000]
br_ln816                                                     (br               ) [ 000000000000000]
store_ln498                                                  (store            ) [ 000000000000000]
store_ln499                                                  (store            ) [ 000000000000000]
state_execute_alu_results_uop_branch_is_br_1_load            (load             ) [ 000000000000000]
state_execute_alu_results_uop_branch_is_jalr_1_load          (load             ) [ 000000000000000]
state_execute_alu_results_uop_branch_is_jal_1_load           (load             ) [ 000000000000000]
or_ln475_1                                                   (or               ) [ 000000000000000]
or_ln475_3                                                   (or               ) [ 000000000000000]
select_ln475_1                                               (select           ) [ 000000000000000]
store_ln500                                                  (store            ) [ 000000000000000]
state_execute_alu_results_uop_branch_br_mask_1_load          (load             ) [ 000000000000000]
state_execute_alu_results_uop_branch_br_tag_1_load           (load             ) [ 000000000000000]
state_execute_alu_results_uop_queue_rob_idx_1_load           (load             ) [ 000000000000000]
state_execute_alu_results_uop_queue_rob_allocation_id_1_load (load             ) [ 000000000000000]
state_execute_alu_results_uop_rename_pdst_1_load             (load             ) [ 000000000000000]
store_ln504                                                  (store            ) [ 000000000000000]
store_ln504                                                  (store            ) [ 000000000000000]
store_ln504                                                  (store            ) [ 000000000000000]
store_ln504                                                  (store            ) [ 000000000000000]
store_ln504                                                  (store            ) [ 000000000000000]
icmp_ln508_1                                                 (icmp             ) [ 000000000000000]
store_ln505                                                  (store            ) [ 000000000000000]
state_execute_alu_results_result_1_load                      (load             ) [ 000000000000000]
store_ln511                                                  (store            ) [ 000000000000000]
store_ln821                                                  (store            ) [ 000000000000000]
store_ln821                                                  (store            ) [ 000000000000000]
store_ln821                                                  (store            ) [ 000000000000000]
store_ln821                                                  (store            ) [ 000000000000000]
store_ln821                                                  (store            ) [ 000000000000000]
store_ln821                                                  (store            ) [ 000000000000000]
store_ln821                                                  (store            ) [ 000000000000000]
store_ln821                                                  (store            ) [ 000000000000000]
store_ln821                                                  (store            ) [ 000000000000000]
store_ln821                                                  (store            ) [ 000000000000000]
br_ln822                                                     (br               ) [ 000000000000000]
ports_valid_2                                                (phi              ) [ 001111111100000]
i                                                            (alloca           ) [ 011000000000000]
store_ln824                                                  (store            ) [ 000000000000000]
ports_kind_1                                                 (load             ) [ 000000000000000]
zext_ln667                                                   (zext             ) [ 001111111100000]
ports_source_1                                               (load             ) [ 000000000000000]
zext_ln667_4                                                 (zext             ) [ 001111111100000]
ports_uop_branch_br_mask_1                                   (load             ) [ 001111111111110]
ports_uop_queue_rob_idx_1                                    (load             ) [ 001111111110000]
zext_ln667_5                                                 (zext             ) [ 001111111100000]
ports_uop_queue_rob_allocation_id_1                          (load             ) [ 000000000000000]
zext_ln667_6                                                 (zext             ) [ 001111111100000]
ports_uop_rename_pdst_1                                      (load             ) [ 000000000000000]
zext_ln667_7                                                 (zext             ) [ 001111111111100]
zext_ln667_8                                                 (zext             ) [ 001111111111100]
ports_writes_prf_1                                           (load             ) [ 001111110000000]
ports_value_1                                                (load             ) [ 001111111111100]
ports_kind_2                                                 (load             ) [ 000000000000000]
zext_ln668                                                   (zext             ) [ 001111111100000]
ports_source_2                                               (load             ) [ 000000000000000]
zext_ln668_4                                                 (zext             ) [ 001111111100000]
ports_uop_branch_br_mask_2                                   (load             ) [ 001111111111110]
ports_uop_queue_rob_idx_2                                    (load             ) [ 001111111110000]
zext_ln668_5                                                 (zext             ) [ 001111111100000]
ports_uop_queue_rob_allocation_id_2                          (load             ) [ 000000000000000]
zext_ln668_6                                                 (zext             ) [ 001111111100000]
ports_uop_rename_pdst_2                                      (load             ) [ 001111111111100]
zext_ln668_7                                                 (zext             ) [ 001111111111100]
ports_writes_prf_2                                           (load             ) [ 001111110000000]
ports_value_2                                                (load             ) [ 001111111111100]
store_ln684                                                  (store            ) [ 000000000000000]
br_ln684                                                     (br               ) [ 000000000000000]
i_24                                                         (load             ) [ 001000000000000]
icmp_ln684                                                   (icmp             ) [ 001000000000000]
empty                                                        (speclooptripcount) [ 000000000000000]
add_ln684                                                    (add              ) [ 000000000000000]
br_ln684                                                     (br               ) [ 000000000000000]
specloopname_ln684                                           (specloopname     ) [ 000000000000000]
switch_ln685                                                 (switch           ) [ 000000000000000]
store_ln685                                                  (store            ) [ 000000000000000]
br_ln0                                                       (br               ) [ 000000000000000]
store_ln685                                                  (store            ) [ 000000000000000]
br_ln0                                                       (br               ) [ 000000000000000]
store_ln685                                                  (store            ) [ 000000000000000]
br_ln0                                                       (br               ) [ 000000000000000]
store_ln684                                                  (store            ) [ 000000000000000]
br_ln0                                                       (br               ) [ 000000000000000]
i_15                                                         (alloca           ) [ 001100000000000]
store_ln686                                                  (store            ) [ 000000000000000]
br_ln686                                                     (br               ) [ 000000000000000]
i_25                                                         (load             ) [ 000100000000000]
icmp_ln686                                                   (icmp             ) [ 000100000000000]
empty_55                                                     (speclooptripcount) [ 000000000000000]
add_ln686                                                    (add              ) [ 000000000000000]
br_ln686                                                     (br               ) [ 000000000000000]
specloopname_ln686                                           (specloopname     ) [ 000000000000000]
switch_ln687                                                 (switch           ) [ 000000000000000]
store_ln687                                                  (store            ) [ 000000000000000]
br_ln0                                                       (br               ) [ 000000000000000]
store_ln687                                                  (store            ) [ 000000000000000]
br_ln0                                                       (br               ) [ 000000000000000]
store_ln687                                                  (store            ) [ 000000000000000]
br_ln0                                                       (br               ) [ 000000000000000]
store_ln686                                                  (store            ) [ 000000000000000]
br_ln0                                                       (br               ) [ 000000000000000]
i_16                                                         (alloca           ) [ 000111110000000]
rejected_1_0                                                 (alloca           ) [ 000011110000000]
rejected_2_0                                                 (alloca           ) [ 000011110000000]
usable_2_1                                                   (alloca           ) [ 000011110000000]
usable_2_3                                                   (alloca           ) [ 000011110000000]
usable_2                                                     (alloca           ) [ 000011110000000]
store_ln691                                                  (store            ) [ 000000000000000]
br_ln691                                                     (br               ) [ 000000000000000]
i_26                                                         (load             ) [ 000011110000000]
rejected_1_0_load                                            (load             ) [ 000001111110000]
rejected_2_0_load                                            (load             ) [ 000001111110000]
usable_2_1_load                                              (load             ) [ 000001111110000]
usable_2_3_load                                              (load             ) [ 000001111110000]
usable_2_10                                                  (load             ) [ 000001111110000]
icmp_ln691                                                   (icmp             ) [ 000011110000000]
empty_56                                                     (speclooptripcount) [ 000000000000000]
add_ln691                                                    (add              ) [ 000001110000000]
br_ln691                                                     (br               ) [ 000000000000000]
specloopname_ln691                                           (specloopname     ) [ 000000000000000]
switch_ln675                                                 (switch           ) [ 000011110000000]
br_ln675                                                     (br               ) [ 000011110000000]
br_ln675                                                     (br               ) [ 000011110000000]
i_17                                                         (alloca           ) [ 000011111100000]
precise_age                                                  (alloca           ) [ 000011111110000]
precise_valid                                                (alloca           ) [ 000011111100000]
state_rob_head_load                                          (load             ) [ 000000001110000]
store_ln698                                                  (store            ) [ 000000000000000]
store_ln698                                                  (store            ) [ 000000000000000]
store_ln698                                                  (store            ) [ 000000000000000]
br_ln698                                                     (br               ) [ 000000000000000]
phi_ln675                                                    (phi              ) [ 000001100000000]
phi_ln675_1                                                  (mux              ) [ 000000100000000]
phi_ln675_2                                                  (mux              ) [ 000000100000000]
phi_ln675_3                                                  (mux              ) [ 000000100000000]
phi_ln675_4                                                  (mux              ) [ 000000100000000]
tmp                                                          (call             ) [ 000011110000000]
br_ln675                                                     (br               ) [ 000000000000000]
switch_ln675                                                 (switch           ) [ 000011110000000]
br_ln675                                                     (br               ) [ 000011110000000]
phi_ln675_5                                                  (phi              ) [ 000011110000000]
br_ln675                                                     (br               ) [ 000000000000000]
icmp_ln692                                                   (icmp             ) [ 000000000000000]
and_ln692                                                    (and              ) [ 000000000000000]
icmp_ln692_1                                                 (icmp             ) [ 000000000000000]
and_ln692_1                                                  (and              ) [ 000000000000000]
icmp_ln692_2                                                 (icmp             ) [ 000000000000000]
icmp_ln692_3                                                 (icmp             ) [ 000000000000000]
or_ln692                                                     (or               ) [ 000000000000000]
and_ln692_2                                                  (and              ) [ 000000000000000]
switch_ln693                                                 (switch           ) [ 000000000000000]
store_ln693                                                  (store            ) [ 000000000000000]
store_ln693                                                  (store            ) [ 000000000000000]
store_ln693                                                  (store            ) [ 000000000000000]
store_ln693                                                  (store            ) [ 000000000000000]
br_ln693                                                     (br               ) [ 000000000000000]
store_ln693                                                  (store            ) [ 000000000000000]
store_ln693                                                  (store            ) [ 000000000000000]
store_ln693                                                  (store            ) [ 000000000000000]
br_ln693                                                     (br               ) [ 000000000000000]
store_ln693                                                  (store            ) [ 000000000000000]
store_ln693                                                  (store            ) [ 000000000000000]
store_ln693                                                  (store            ) [ 000000000000000]
store_ln693                                                  (store            ) [ 000000000000000]
br_ln693                                                     (br               ) [ 000000000000000]
icmp_ln676                                                   (icmp             ) [ 000000000000000]
select_ln676                                                 (select           ) [ 000000000000000]
icmp_ln676_1                                                 (icmp             ) [ 000000000000000]
icmp_ln676_2                                                 (icmp             ) [ 000000000000000]
xor_ln676                                                    (xor              ) [ 000000000000000]
usable_2_19                                                  (and              ) [ 000011110000000]
usable_2_13                                                  (select           ) [ 000000000000000]
usable_2_14                                                  (select           ) [ 000000000000000]
usable_2_15                                                  (select           ) [ 000000000000000]
usable_2_16                                                  (select           ) [ 000000000000000]
usable_2_17                                                  (select           ) [ 000000000000000]
or_ln693                                                     (or               ) [ 000000000000000]
and_ln693                                                    (and              ) [ 000000000000000]
icmp_ln693                                                   (icmp             ) [ 000000000000000]
and_ln693_1                                                  (and              ) [ 000000000000000]
store_ln694                                                  (store            ) [ 000000000000000]
store_ln694                                                  (store            ) [ 000000000000000]
store_ln694                                                  (store            ) [ 000000000000000]
store_ln694                                                  (store            ) [ 000000000000000]
store_ln694                                                  (store            ) [ 000000000000000]
br_ln694                                                     (br               ) [ 000000000000000]
switch_ln694                                                 (switch           ) [ 000000000000000]
store_ln694                                                  (store            ) [ 000000000000000]
br_ln694                                                     (br               ) [ 000000000000000]
store_ln694                                                  (store            ) [ 000000000000000]
br_ln694                                                     (br               ) [ 000000000000000]
store_ln694                                                  (store            ) [ 000000000000000]
br_ln694                                                     (br               ) [ 000000000000000]
br_ln694                                                     (br               ) [ 000000000000000]
store_ln691                                                  (store            ) [ 000000000000000]
br_ln0                                                       (br               ) [ 000000000000000]
i_27                                                         (load             ) [ 000000000000000]
icmp_ln698                                                   (icmp             ) [ 000000001100000]
empty_57                                                     (speclooptripcount) [ 000000000000000]
add_ln698                                                    (add              ) [ 000000000100000]
br_ln698                                                     (br               ) [ 000000000000000]
icmp_ln699                                                   (icmp             ) [ 000000000000000]
select_ln699                                                 (select           ) [ 000000000000000]
icmp_ln699_1                                                 (icmp             ) [ 000000000000000]
and_ln699                                                    (and              ) [ 000000000100000]
phi_ln699_1                                                  (mux              ) [ 000000000100000]
phi_ln699_2                                                  (mux              ) [ 000000000100000]
phi_ln699_3                                                  (mux              ) [ 000000000100000]
phi_ln699_4                                                  (mux              ) [ 000000000100000]
precise_valid_load_1                                         (load             ) [ 000000001110000]
br_ln707                                                     (br               ) [ 000000001110000]
i_18                                                         (alloca           ) [ 000000001110000]
usable_2_5                                                   (alloca           ) [ 000000001110000]
usable_1_5                                                   (alloca           ) [ 000000001110000]
usable_2_4                                                   (alloca           ) [ 000000001110000]
store_ln708                                                  (store            ) [ 000000000000000]
store_ln708                                                  (store            ) [ 000000000000000]
store_ln708                                                  (store            ) [ 000000000000000]
store_ln708                                                  (store            ) [ 000000000000000]
br_ln708                                                     (br               ) [ 000000000000000]
specloopname_ln698                                           (specloopname     ) [ 000000000000000]
tmp_s                                                        (call             ) [ 000000001100000]
br_ln699                                                     (br               ) [ 000000000000000]
trunc_ln602                                                  (trunc            ) [ 000000000000000]
precise_age_2                                                (sub              ) [ 000000000000000]
zext_ln602                                                   (zext             ) [ 000000000000000]
icmp_ln700                                                   (icmp             ) [ 000000001100000]
br_ln700                                                     (br               ) [ 000000000000000]
precise_age_load                                             (load             ) [ 000000000000000]
precise_valid_load                                           (load             ) [ 000000000000000]
xor_ln702                                                    (xor              ) [ 000000000000000]
icmp_ln702                                                   (icmp             ) [ 000000000000000]
or_ln702                                                     (or               ) [ 000000000000000]
trunc_ln698                                                  (trunc            ) [ 000000000000000]
select_ln702                                                 (select           ) [ 000000000000000]
zext_ln702                                                   (zext             ) [ 000000000000000]
store_ln702                                                  (store            ) [ 000000000000000]
store_ln702                                                  (store            ) [ 000000000000000]
br_ln702                                                     (br               ) [ 000000000000000]
store_ln698                                                  (store            ) [ 000000000000000]
br_ln0                                                       (br               ) [ 000000000000000]
i_28                                                         (load             ) [ 000000000000000]
usable_2_5_load                                              (load             ) [ 000000000000000]
usable_1_5_load                                              (load             ) [ 000000000000000]
usable_2_4_load                                              (load             ) [ 000000000000000]
icmp_ln708                                                   (icmp             ) [ 000000000010000]
empty_58                                                     (speclooptripcount) [ 000000000000000]
add_ln708                                                    (add              ) [ 000000000000000]
br_ln708                                                     (br               ) [ 000000000000000]
specloopname_ln708                                           (specloopname     ) [ 000000000000000]
tmp_4                                                        (mux              ) [ 000000000010000]
br_ln709                                                     (br               ) [ 000000000000000]
precise_age_load_1                                           (load             ) [ 000000000000000]
icmp_ln602                                                   (icmp             ) [ 000000000000000]
select_ln602                                                 (select           ) [ 000000000000000]
icmp_ln602_1                                                 (icmp             ) [ 000000000000000]
select_ln602_1                                               (select           ) [ 000000000000000]
sub_ln602                                                    (sub              ) [ 000000000000000]
zext_ln602_1                                                 (zext             ) [ 000000000000000]
icmp_ln709                                                   (icmp             ) [ 000000000010000]
br_ln709                                                     (br               ) [ 000000000000000]
icmp_ln710                                                   (icmp             ) [ 000000000000000]
and_ln710                                                    (and              ) [ 000000000000000]
icmp_ln710_1                                                 (icmp             ) [ 000000000000000]
and_ln710_1                                                  (and              ) [ 000000000000000]
or_ln710                                                     (or               ) [ 000000000000000]
and_ln710_2                                                  (and              ) [ 000000000000000]
store_ln710                                                  (store            ) [ 000000000000000]
store_ln710                                                  (store            ) [ 000000000000000]
store_ln710                                                  (store            ) [ 000000000000000]
br_ln710                                                     (br               ) [ 000000000000000]
store_ln708                                                  (store            ) [ 000000000000000]
br_ln0                                                       (br               ) [ 000000000000000]
br_ln0                                                       (br               ) [ 000000000000000]
usable_0_9_ph                                                (phi              ) [ 000000000010000]
usable_1_9_ph                                                (phi              ) [ 000000000010000]
usable_2_9_ph                                                (phi              ) [ 000000000010000]
indvars_iv50                                                 (alloca           ) [ 000000000011100]
i_19                                                         (alloca           ) [ 000000000011100]
conflict_seen                                                (alloca           ) [ 000000000011100]
rejected_1_5                                                 (alloca           ) [ 000000000011100]
rejected_2_5                                                 (alloca           ) [ 000000000011100]
usable_2_9                                                   (alloca           ) [ 000000000011110]
usable_1_9                                                   (alloca           ) [ 000000000011110]
usable_2_18                                                  (alloca           ) [ 000000000011110]
store_ln712                                                  (store            ) [ 000000000000000]
store_ln712                                                  (store            ) [ 000000000000000]
store_ln712                                                  (store            ) [ 000000000000000]
store_ln712                                                  (store            ) [ 000000000000000]
store_ln712                                                  (store            ) [ 000000000000000]
store_ln712                                                  (store            ) [ 000000000000000]
store_ln712                                                  (store            ) [ 000000000000000]
store_ln712                                                  (store            ) [ 000000000000000]
br_ln712                                                     (br               ) [ 000000000000000]
indvars_iv50_load                                            (load             ) [ 000000000000100]
i_29                                                         (load             ) [ 000000000000000]
zext_ln712                                                   (zext             ) [ 000000000001100]
zext_ln712_1                                                 (zext             ) [ 000000000000000]
icmp_ln712                                                   (icmp             ) [ 000000000001100]
empty_59                                                     (speclooptripcount) [ 000000000000000]
add_ln712                                                    (add              ) [ 000000000000000]
trunc_ln712                                                  (trunc            ) [ 000000000000100]
br_ln712                                                     (br               ) [ 000000000000000]
usable_2_9_load_1                                            (load             ) [ 000000000000000]
usable_1_9_load_1                                            (load             ) [ 000000000000000]
usable_2_18_load                                             (load             ) [ 000000000000000]
specloopname_ln712                                           (specloopname     ) [ 000000000000000]
tmp_5                                                        (mux              ) [ 000000000000000]
xor_ln713                                                    (xor              ) [ 000000000000000]
icmp_ln713                                                   (icmp             ) [ 000000000000000]
or_ln713                                                     (or               ) [ 000000000001100]
br_ln713                                                     (br               ) [ 000000000000000]
icmp_ln715_1                                                 (icmp             ) [ 000000000000000]
select_ln715                                                 (select           ) [ 000000000000000]
icmp_ln715_2                                                 (icmp             ) [ 000000000000100]
select_ln715_1                                               (select           ) [ 000000000000000]
zext_ln717                                                   (zext             ) [ 000000000000100]
select_ln717                                                 (select           ) [ 000000000000000]
select_ln717_1                                               (select           ) [ 000000000000100]
icmp_ln718                                                   (icmp             ) [ 000000000000100]
icmp_ln718_1                                                 (icmp             ) [ 000000000000100]
or_ln718                                                     (or               ) [ 000000000000100]
and_ln720                                                    (and              ) [ 000000000000100]
br_ln714                                                     (br               ) [ 000000000001100]
conflict_seen_load                                           (load             ) [ 000000000001100]
br_ln729                                                     (br               ) [ 000000000000000]
rejected_1_5_load                                            (load             ) [ 000000000001100]
state_completion_wakeup_conflicts_load                       (load             ) [ 000000000000000]
add_ln730                                                    (add              ) [ 000000000000000]
store_ln730                                                  (store            ) [ 000000000000000]
state_completion_bypass_conflicts_load                       (load             ) [ 000000000000000]
add_ln731                                                    (add              ) [ 000000000000000]
store_ln731                                                  (store            ) [ 000000000000000]
br_ln734                                                     (br               ) [ 000000000000000]
store_ln735                                                  (store            ) [ 000000000000000]
store_ln735                                                  (store            ) [ 000000000000000]
store_ln735                                                  (store            ) [ 000000000000000]
store_ln735                                                  (store            ) [ 000000000000000]
store_ln735                                                  (store            ) [ 000000000000000]
store_ln735                                                  (store            ) [ 000000000000000]
store_ln735                                                  (store            ) [ 000000000000000]
store_ln735                                                  (store            ) [ 000000000000000]
store_ln735                                                  (store            ) [ 000000000000000]
store_ln735                                                  (store            ) [ 000000000000000]
br_ln735                                                     (br               ) [ 000000000000000]
rejected_2_5_load                                            (load             ) [ 000000000001100]
br_ln736                                                     (br               ) [ 000000000000000]
store_ln737                                                  (store            ) [ 000000000000000]
store_ln737                                                  (store            ) [ 000000000000000]
store_ln737                                                  (store            ) [ 000000000000000]
store_ln737                                                  (store            ) [ 000000000000000]
store_ln737                                                  (store            ) [ 000000000000000]
store_ln737                                                  (store            ) [ 000000000000000]
store_ln737                                                  (store            ) [ 000000000000000]
store_ln737                                                  (store            ) [ 000000000000000]
store_ln737                                                  (store            ) [ 000000000000000]
store_ln737                                                  (store            ) [ 000000000000000]
br_ln737                                                     (br               ) [ 000000000000000]
br_ln738                                                     (br               ) [ 000000000000000]
i_20                                                         (alloca           ) [ 000000000001110]
output                                                       (alloca           ) [ 000000000001110]
store_ln741                                                  (store            ) [ 000000000000000]
store_ln741                                                  (store            ) [ 000000000000000]
br_ln741                                                     (br               ) [ 000000000000000]
j                                                            (phi              ) [ 000000000000100]
icmp_ln714                                                   (icmp             ) [ 000000000001100]
empty_60                                                     (speclooptripcount) [ 000000000000000]
br_ln714                                                     (br               ) [ 000000000000000]
usable_2_9_load_2                                            (load             ) [ 000000000000000]
usable_1_9_load_2                                            (load             ) [ 000000000000000]
usable_2_18_load_1                                           (load             ) [ 000000000000000]
specloopname_ln711                                           (specloopname     ) [ 000000000000000]
trunc_ln715                                                  (trunc            ) [ 000000000001100]
tmp_6                                                        (mux              ) [ 000000000001100]
br_ln715                                                     (br               ) [ 000000000000000]
tmp_7                                                        (mux              ) [ 000000000000000]
icmp_ln715                                                   (icmp             ) [ 000000000001100]
br_ln715                                                     (br               ) [ 000000000000000]
br_ln716                                                     (br               ) [ 000000000000000]
tmp_8                                                        (mux              ) [ 000000000000000]
icmp_ln717                                                   (icmp             ) [ 000000000001100]
br_ln717                                                     (br               ) [ 000000000000000]
rejected_1_5_load_1                                          (load             ) [ 000000000000000]
rejected_2_5_load_1                                          (load             ) [ 000000000000000]
usable_2_9_load_3                                            (load             ) [ 000000000000000]
usable_1_9_load_3                                            (load             ) [ 000000000000000]
usable_2_18_load_3                                           (load             ) [ 000000000000000]
icmp_ln719                                                   (icmp             ) [ 000000000000000]
and_ln719                                                    (and              ) [ 000000000000000]
and_ln719_1                                                  (and              ) [ 000000000000000]
icmp_ln719_1                                                 (icmp             ) [ 000000000000000]
and_ln719_2                                                  (and              ) [ 000000000000000]
and_ln719_3                                                  (and              ) [ 000000000000000]
icmp_ln719_2                                                 (icmp             ) [ 000000000000000]
icmp_ln719_3                                                 (icmp             ) [ 000000000000000]
or_ln719                                                     (or               ) [ 000000000000000]
and_ln719_4                                                  (and              ) [ 000000000000000]
and_ln719_5                                                  (and              ) [ 000000000000000]
or_ln720                                                     (or               ) [ 000000000000000]
or_ln720_1                                                   (or               ) [ 000000000000000]
switch_ln721                                                 (switch           ) [ 000000000000000]
store_ln721                                                  (store            ) [ 000000000000000]
store_ln721                                                  (store            ) [ 000000000000000]
store_ln721                                                  (store            ) [ 000000000000000]
store_ln721                                                  (store            ) [ 000000000000000]
store_ln721                                                  (store            ) [ 000000000000000]
store_ln721                                                  (store            ) [ 000000000000000]
br_ln721                                                     (br               ) [ 000000000000000]
store_ln721                                                  (store            ) [ 000000000000000]
store_ln721                                                  (store            ) [ 000000000000000]
store_ln721                                                  (store            ) [ 000000000000000]
store_ln721                                                  (store            ) [ 000000000000000]
store_ln721                                                  (store            ) [ 000000000000000]
store_ln721                                                  (store            ) [ 000000000000000]
br_ln721                                                     (br               ) [ 000000000000000]
store_ln721                                                  (store            ) [ 000000000000000]
store_ln721                                                  (store            ) [ 000000000000000]
store_ln721                                                  (store            ) [ 000000000000000]
store_ln721                                                  (store            ) [ 000000000000000]
store_ln721                                                  (store            ) [ 000000000000000]
store_ln721                                                  (store            ) [ 000000000000000]
br_ln721                                                     (br               ) [ 000000000000000]
switch_ln724                                                 (switch           ) [ 000000000000000]
store_ln725                                                  (store            ) [ 000000000000000]
store_ln0                                                    (store            ) [ 000000000000000]
br_ln0                                                       (br               ) [ 000000000000000]
store_ln725                                                  (store            ) [ 000000000000000]
store_ln0                                                    (store            ) [ 000000000000000]
br_ln0                                                       (br               ) [ 000000000000000]
store_ln725                                                  (store            ) [ 000000000000000]
store_ln0                                                    (store            ) [ 000000000000000]
br_ln0                                                       (br               ) [ 000000000000000]
add_ln714                                                    (add              ) [ 000000000001100]
br_ln0                                                       (br               ) [ 000000000001100]
br_ln0                                                       (br               ) [ 000000000000000]
add_ln712_1                                                  (add              ) [ 000000000000000]
store_ln712                                                  (store            ) [ 000000000000000]
store_ln712                                                  (store            ) [ 000000000000000]
br_ln0                                                       (br               ) [ 000000000000000]
i_30                                                         (load             ) [ 000000000000010]
icmp_ln741                                                   (icmp             ) [ 000000000000010]
empty_61                                                     (speclooptripcount) [ 000000000000000]
add_ln741                                                    (add              ) [ 000000000000000]
br_ln741                                                     (br               ) [ 000000000000000]
output_load_1                                                (load             ) [ 000000000000000]
usable_2_9_load                                              (load             ) [ 000000000000000]
usable_1_9_load                                              (load             ) [ 000000000000000]
usable_2_18_load_2                                           (load             ) [ 000000000000000]
specloopname_ln740                                           (specloopname     ) [ 000000000000000]
tmp_9                                                        (mux              ) [ 000000000000000]
xor_ln742                                                    (xor              ) [ 000000000000000]
icmp_ln742                                                   (icmp             ) [ 000000000000000]
or_ln742                                                     (or               ) [ 000000000000010]
br_ln742                                                     (br               ) [ 000000000000000]
trunc_ln745                                                  (trunc            ) [ 000000000000010]
phi_ln                                                       (mux              ) [ 000000000000000]
switch_ln745                                                 (switch           ) [ 000000000000000]
store_ln750                                                  (store            ) [ 000000000000000]
store_ln758                                                  (store            ) [ 000000000000000]
br_ln0                                                       (br               ) [ 000000000000000]
store_ln750                                                  (store            ) [ 000000000000000]
store_ln758                                                  (store            ) [ 000000000000000]
br_ln0                                                       (br               ) [ 000000000000000]
store_ln750                                                  (store            ) [ 000000000000000]
store_ln758                                                  (store            ) [ 000000000000000]
br_ln0                                                       (br               ) [ 000000000000000]
state_completion_wakeup_sent_0_load                          (load             ) [ 000000000000000]
state_completion_wakeup_sent_1_load                          (load             ) [ 000000000000000]
state_completion_wakeup_sent_2_load                          (load             ) [ 000000000000000]
tmp_1                                                        (mux              ) [ 000000000000010]
br_ln760                                                     (br               ) [ 000000000000000]
state_completion_total_wakeups_load                          (load             ) [ 000000000000000]
add_ln761                                                    (add              ) [ 000000000000000]
store_ln761                                                  (store            ) [ 000000000000000]
state_completion_total_bypass_load                           (load             ) [ 000000000000000]
add_ln762                                                    (add              ) [ 000000000000000]
store_ln762                                                  (store            ) [ 000000000000000]
switch_ln763                                                 (switch           ) [ 000000000000000]
store_ln763                                                  (store            ) [ 000000000000000]
br_ln763                                                     (br               ) [ 000000000000000]
store_ln763                                                  (store            ) [ 000000000000000]
br_ln763                                                     (br               ) [ 000000000000000]
store_ln763                                                  (store            ) [ 000000000000000]
br_ln763                                                     (br               ) [ 000000000000000]
br_ln764                                                     (br               ) [ 000000000000000]
output_load22                                                (load             ) [ 000000000000000]
output_1                                                     (add              ) [ 000000000000000]
store_ln766                                                  (store            ) [ 000000000000000]
br_ln766                                                     (br               ) [ 000000000000000]
store_ln741                                                  (store            ) [ 000000000000000]
br_ln0                                                       (br               ) [ 000000000000000]
output_load                                                  (load             ) [ 000000000000000]
state_completion_peak_wakeups_load                           (load             ) [ 000000000000000]
icmp_ln769                                                   (icmp             ) [ 000000000000010]
br_ln769                                                     (br               ) [ 000000000000000]
store_ln770                                                  (store            ) [ 000000000000000]
br_ln770                                                     (br               ) [ 000000000000000]
output_load_2                                                (load             ) [ 000000000000000]
state_completion_peak_bypass_load                            (load             ) [ 000000000000000]
icmp_ln771                                                   (icmp             ) [ 000000000000010]
br_ln771                                                     (br               ) [ 000000000000000]
store_ln772                                                  (store            ) [ 000000000000000]
br_ln772                                                     (br               ) [ 000000000000000]
call_ln977                                                   (call             ) [ 000000000000000]
ret_ln978                                                    (ret              ) [ 000000000000000]
</LifeTime>

<model>

<comp_list>
<comp id="0" class="1000" name="state_completion_rob_completes_this_cycle">
<pin_list>
<pin id="1" dir="1" index="0" bw="1" slack="0"/>
</pin_list>
<bind>
<StgValue><ssdm name="state_completion_rob_completes_this_cycle"/></StgValue>
</bind>
</comp>

<comp id="2" class="1000" name="state_completion_prf_writes_this_cycle">
<pin_list>
<pin id="3" dir="1" index="0" bw="1" slack="0"/>
</pin_list>
<bind>
<StgValue><ssdm name="state_completion_prf_writes_this_cycle"/></StgValue>
</bind>
</comp>

<comp id="4" class="1000" name="state_completion_mem_execute_valid">
<pin_list>
<pin id="5" dir="1" index="0" bw="1" slack="0"/>
</pin_list>
<bind>
<StgValue><ssdm name="state_completion_mem_execute_valid"/></StgValue>
</bind>
</comp>

<comp id="6" class="1000" name="state_execute_alu_results_valid_0">
<pin_list>
<pin id="7" dir="1" index="0" bw="1" slack="0"/>
</pin_list>
<bind>
<StgValue><ssdm name="state_execute_alu_results_valid_0"/></StgValue>
</bind>
</comp>

<comp id="8" class="1000" name="state_completion_mem_execute_source">
<pin_list>
<pin id="9" dir="1" index="0" bw="1" slack="0"/>
</pin_list>
<bind>
<StgValue><ssdm name="state_completion_mem_execute_source"/></StgValue>
</bind>
</comp>

<comp id="10" class="1000" name="state_execute_alu_results_uop_branch_is_br_0">
<pin_list>
<pin id="11" dir="1" index="0" bw="1" slack="0"/>
</pin_list>
<bind>
<StgValue><ssdm name="state_execute_alu_results_uop_branch_is_br_0"/></StgValue>
</bind>
</comp>

<comp id="12" class="1000" name="state_execute_alu_results_uop_branch_is_jalr_0">
<pin_list>
<pin id="13" dir="1" index="0" bw="1" slack="0"/>
</pin_list>
<bind>
<StgValue><ssdm name="state_execute_alu_results_uop_branch_is_jalr_0"/></StgValue>
</bind>
</comp>

<comp id="14" class="1000" name="state_execute_alu_results_uop_branch_is_jal_0">
<pin_list>
<pin id="15" dir="1" index="0" bw="1" slack="0"/>
</pin_list>
<bind>
<StgValue><ssdm name="state_execute_alu_results_uop_branch_is_jal_0"/></StgValue>
</bind>
</comp>

<comp id="16" class="1000" name="state_completion_mem_execute_kind">
<pin_list>
<pin id="17" dir="1" index="0" bw="1" slack="0"/>
</pin_list>
<bind>
<StgValue><ssdm name="state_completion_mem_execute_kind"/></StgValue>
</bind>
</comp>

<comp id="18" class="1000" name="state_execute_alu_results_uop_branch_br_mask_0">
<pin_list>
<pin id="19" dir="1" index="0" bw="1" slack="0"/>
</pin_list>
<bind>
<StgValue><ssdm name="state_execute_alu_results_uop_branch_br_mask_0"/></StgValue>
</bind>
</comp>

<comp id="20" class="1000" name="state_execute_alu_results_uop_branch_br_tag_0">
<pin_list>
<pin id="21" dir="1" index="0" bw="1" slack="0"/>
</pin_list>
<bind>
<StgValue><ssdm name="state_execute_alu_results_uop_branch_br_tag_0"/></StgValue>
</bind>
</comp>

<comp id="22" class="1000" name="state_execute_alu_results_uop_queue_rob_idx_0">
<pin_list>
<pin id="23" dir="1" index="0" bw="1" slack="0"/>
</pin_list>
<bind>
<StgValue><ssdm name="state_execute_alu_results_uop_queue_rob_idx_0"/></StgValue>
</bind>
</comp>

<comp id="24" class="1000" name="state_execute_alu_results_uop_queue_rob_allocation_id_0">
<pin_list>
<pin id="25" dir="1" index="0" bw="1" slack="0"/>
</pin_list>
<bind>
<StgValue><ssdm name="state_execute_alu_results_uop_queue_rob_allocation_id_0"/></StgValue>
</bind>
</comp>

<comp id="26" class="1000" name="state_execute_alu_results_uop_rename_pdst_0">
<pin_list>
<pin id="27" dir="1" index="0" bw="1" slack="0"/>
</pin_list>
<bind>
<StgValue><ssdm name="state_execute_alu_results_uop_rename_pdst_0"/></StgValue>
</bind>
</comp>

<comp id="28" class="1000" name="state_completion_mem_execute_uop_branch_br_mask">
<pin_list>
<pin id="29" dir="1" index="0" bw="1" slack="0"/>
</pin_list>
<bind>
<StgValue><ssdm name="state_completion_mem_execute_uop_branch_br_mask"/></StgValue>
</bind>
</comp>

<comp id="30" class="1000" name="state_completion_mem_execute_uop_branch_br_tag">
<pin_list>
<pin id="31" dir="1" index="0" bw="1" slack="0"/>
</pin_list>
<bind>
<StgValue><ssdm name="state_completion_mem_execute_uop_branch_br_tag"/></StgValue>
</bind>
</comp>

<comp id="32" class="1000" name="state_completion_mem_execute_uop_queue_rob_idx">
<pin_list>
<pin id="33" dir="1" index="0" bw="1" slack="0"/>
</pin_list>
<bind>
<StgValue><ssdm name="state_completion_mem_execute_uop_queue_rob_idx"/></StgValue>
</bind>
</comp>

<comp id="34" class="1000" name="state_completion_mem_execute_uop_queue_rob_allocation_id">
<pin_list>
<pin id="35" dir="1" index="0" bw="1" slack="0"/>
</pin_list>
<bind>
<StgValue><ssdm name="state_completion_mem_execute_uop_queue_rob_allocation_id"/></StgValue>
</bind>
</comp>

<comp id="36" class="1000" name="state_completion_mem_execute_uop_rename_pdst">
<pin_list>
<pin id="37" dir="1" index="0" bw="1" slack="0"/>
</pin_list>
<bind>
<StgValue><ssdm name="state_completion_mem_execute_uop_rename_pdst"/></StgValue>
</bind>
</comp>

<comp id="38" class="1000" name="state_completion_mem_execute_writes_prf">
<pin_list>
<pin id="39" dir="1" index="0" bw="1" slack="0"/>
</pin_list>
<bind>
<StgValue><ssdm name="state_completion_mem_execute_writes_prf"/></StgValue>
</bind>
</comp>

<comp id="40" class="1000" name="state_execute_alu_results_result_0">
<pin_list>
<pin id="41" dir="1" index="0" bw="1" slack="0"/>
</pin_list>
<bind>
<StgValue><ssdm name="state_execute_alu_results_result_0"/></StgValue>
</bind>
</comp>

<comp id="42" class="1000" name="state_completion_mem_execute_value">
<pin_list>
<pin id="43" dir="1" index="0" bw="1" slack="0"/>
</pin_list>
<bind>
<StgValue><ssdm name="state_completion_mem_execute_value"/></StgValue>
</bind>
</comp>

<comp id="44" class="1000" name="state_completion_int_execute_valid">
<pin_list>
<pin id="45" dir="1" index="0" bw="1" slack="0"/>
</pin_list>
<bind>
<StgValue><ssdm name="state_completion_int_execute_valid"/></StgValue>
</bind>
</comp>

<comp id="46" class="1000" name="state_execute_alu_results_valid_1">
<pin_list>
<pin id="47" dir="1" index="0" bw="1" slack="0"/>
</pin_list>
<bind>
<StgValue><ssdm name="state_execute_alu_results_valid_1"/></StgValue>
</bind>
</comp>

<comp id="48" class="1000" name="state_completion_int_execute_source">
<pin_list>
<pin id="49" dir="1" index="0" bw="1" slack="0"/>
</pin_list>
<bind>
<StgValue><ssdm name="state_completion_int_execute_source"/></StgValue>
</bind>
</comp>

<comp id="50" class="1000" name="state_execute_alu_results_uop_branch_is_br_1">
<pin_list>
<pin id="51" dir="1" index="0" bw="1" slack="0"/>
</pin_list>
<bind>
<StgValue><ssdm name="state_execute_alu_results_uop_branch_is_br_1"/></StgValue>
</bind>
</comp>

<comp id="52" class="1000" name="state_execute_alu_results_uop_branch_is_jalr_1">
<pin_list>
<pin id="53" dir="1" index="0" bw="1" slack="0"/>
</pin_list>
<bind>
<StgValue><ssdm name="state_execute_alu_results_uop_branch_is_jalr_1"/></StgValue>
</bind>
</comp>

<comp id="54" class="1000" name="state_execute_alu_results_uop_branch_is_jal_1">
<pin_list>
<pin id="55" dir="1" index="0" bw="1" slack="0"/>
</pin_list>
<bind>
<StgValue><ssdm name="state_execute_alu_results_uop_branch_is_jal_1"/></StgValue>
</bind>
</comp>

<comp id="56" class="1000" name="state_completion_int_execute_kind">
<pin_list>
<pin id="57" dir="1" index="0" bw="1" slack="0"/>
</pin_list>
<bind>
<StgValue><ssdm name="state_completion_int_execute_kind"/></StgValue>
</bind>
</comp>

<comp id="58" class="1000" name="state_execute_alu_results_uop_branch_br_mask_1">
<pin_list>
<pin id="59" dir="1" index="0" bw="1" slack="0"/>
</pin_list>
<bind>
<StgValue><ssdm name="state_execute_alu_results_uop_branch_br_mask_1"/></StgValue>
</bind>
</comp>

<comp id="60" class="1000" name="state_execute_alu_results_uop_branch_br_tag_1">
<pin_list>
<pin id="61" dir="1" index="0" bw="1" slack="0"/>
</pin_list>
<bind>
<StgValue><ssdm name="state_execute_alu_results_uop_branch_br_tag_1"/></StgValue>
</bind>
</comp>

<comp id="62" class="1000" name="state_execute_alu_results_uop_queue_rob_idx_1">
<pin_list>
<pin id="63" dir="1" index="0" bw="1" slack="0"/>
</pin_list>
<bind>
<StgValue><ssdm name="state_execute_alu_results_uop_queue_rob_idx_1"/></StgValue>
</bind>
</comp>

<comp id="64" class="1000" name="state_execute_alu_results_uop_queue_rob_allocation_id_1">
<pin_list>
<pin id="65" dir="1" index="0" bw="1" slack="0"/>
</pin_list>
<bind>
<StgValue><ssdm name="state_execute_alu_results_uop_queue_rob_allocation_id_1"/></StgValue>
</bind>
</comp>

<comp id="66" class="1000" name="state_execute_alu_results_uop_rename_pdst_1">
<pin_list>
<pin id="67" dir="1" index="0" bw="1" slack="0"/>
</pin_list>
<bind>
<StgValue><ssdm name="state_execute_alu_results_uop_rename_pdst_1"/></StgValue>
</bind>
</comp>

<comp id="68" class="1000" name="state_completion_int_execute_uop_branch_br_mask">
<pin_list>
<pin id="69" dir="1" index="0" bw="1" slack="0"/>
</pin_list>
<bind>
<StgValue><ssdm name="state_completion_int_execute_uop_branch_br_mask"/></StgValue>
</bind>
</comp>

<comp id="70" class="1000" name="state_completion_int_execute_uop_branch_br_tag">
<pin_list>
<pin id="71" dir="1" index="0" bw="1" slack="0"/>
</pin_list>
<bind>
<StgValue><ssdm name="state_completion_int_execute_uop_branch_br_tag"/></StgValue>
</bind>
</comp>

<comp id="72" class="1000" name="state_completion_int_execute_uop_queue_rob_idx">
<pin_list>
<pin id="73" dir="1" index="0" bw="1" slack="0"/>
</pin_list>
<bind>
<StgValue><ssdm name="state_completion_int_execute_uop_queue_rob_idx"/></StgValue>
</bind>
</comp>

<comp id="74" class="1000" name="state_completion_int_execute_uop_queue_rob_allocation_id">
<pin_list>
<pin id="75" dir="1" index="0" bw="1" slack="0"/>
</pin_list>
<bind>
<StgValue><ssdm name="state_completion_int_execute_uop_queue_rob_allocation_id"/></StgValue>
</bind>
</comp>

<comp id="76" class="1000" name="state_completion_int_execute_uop_rename_pdst">
<pin_list>
<pin id="77" dir="1" index="0" bw="1" slack="0"/>
</pin_list>
<bind>
<StgValue><ssdm name="state_completion_int_execute_uop_rename_pdst"/></StgValue>
</bind>
</comp>

<comp id="78" class="1000" name="state_completion_int_execute_writes_prf">
<pin_list>
<pin id="79" dir="1" index="0" bw="1" slack="0"/>
</pin_list>
<bind>
<StgValue><ssdm name="state_completion_int_execute_writes_prf"/></StgValue>
</bind>
</comp>

<comp id="80" class="1000" name="state_execute_alu_results_result_1">
<pin_list>
<pin id="81" dir="1" index="0" bw="1" slack="0"/>
</pin_list>
<bind>
<StgValue><ssdm name="state_execute_alu_results_result_1"/></StgValue>
</bind>
</comp>

<comp id="82" class="1000" name="state_completion_int_execute_value">
<pin_list>
<pin id="83" dir="1" index="0" bw="1" slack="0"/>
</pin_list>
<bind>
<StgValue><ssdm name="state_completion_int_execute_value"/></StgValue>
</bind>
</comp>

<comp id="84" class="1000" name="state_execute_alu_results_uop_branch_br_mask_2">
<pin_list>
<pin id="85" dir="1" index="0" bw="1" slack="0"/>
</pin_list>
<bind>
<StgValue><ssdm name="state_execute_alu_results_uop_branch_br_mask_2"/></StgValue>
</bind>
</comp>

<comp id="86" class="1000" name="state_rob_entries_valid">
<pin_list>
<pin id="87" dir="1" index="0" bw="1" slack="0"/>
</pin_list>
<bind>
<StgValue><ssdm name="state_rob_entries_valid"/><MemPortTyVec>1 3 </MemPortTyVec>
</StgValue>
</bind>
</comp>

<comp id="88" class="1000" name="state_rob_entries_uop_queue_rob_allocation_id">
<pin_list>
<pin id="89" dir="1" index="0" bw="1" slack="0"/>
</pin_list>
<bind>
<StgValue><ssdm name="state_rob_entries_uop_queue_rob_allocation_id"/><MemPortTyVec>1 3 </MemPortTyVec>
</StgValue>
</bind>
</comp>

<comp id="90" class="1000" name="state_rob_entries_busy">
<pin_list>
<pin id="91" dir="1" index="0" bw="1" slack="0"/>
</pin_list>
<bind>
<StgValue><ssdm name="state_rob_entries_busy"/><MemPortTyVec>2 3 </MemPortTyVec>
</StgValue>
</bind>
</comp>

<comp id="92" class="1000" name="state_rob_entries_memory_valid">
<pin_list>
<pin id="93" dir="1" index="0" bw="1" slack="0"/>
</pin_list>
<bind>
<StgValue><ssdm name="state_rob_entries_memory_valid"/><MemPortTyVec>1 3 </MemPortTyVec>
</StgValue>
</bind>
</comp>

<comp id="94" class="1000" name="state_rob_entries_memory_completed">
<pin_list>
<pin id="95" dir="1" index="0" bw="1" slack="0"/>
</pin_list>
<bind>
<StgValue><ssdm name="state_rob_entries_memory_completed"/><MemPortTyVec>2 3 </MemPortTyVec>
</StgValue>
</bind>
</comp>

<comp id="96" class="1000" name="state_rob_entries_is_load">
<pin_list>
<pin id="97" dir="1" index="0" bw="1" slack="0"/>
</pin_list>
<bind>
<StgValue><ssdm name="state_rob_entries_is_load"/><MemPortTyVec>1 3 </MemPortTyVec>
</StgValue>
</bind>
</comp>

<comp id="98" class="1000" name="state_rob_entries_memory_request_sent">
<pin_list>
<pin id="99" dir="1" index="0" bw="1" slack="0"/>
</pin_list>
<bind>
<StgValue><ssdm name="state_rob_entries_memory_request_sent"/><MemPortTyVec>1 3 </MemPortTyVec>
</StgValue>
</bind>
</comp>

<comp id="100" class="1000" name="state_rob_entries_memory_transaction_id">
<pin_list>
<pin id="101" dir="1" index="0" bw="1" slack="0"/>
</pin_list>
<bind>
<StgValue><ssdm name="state_rob_entries_memory_transaction_id"/><MemPortTyVec>1 3 </MemPortTyVec>
</StgValue>
</bind>
</comp>

<comp id="102" class="1000" name="state_rob_head">
<pin_list>
<pin id="103" dir="1" index="0" bw="1" slack="0"/>
</pin_list>
<bind>
<StgValue><ssdm name="state_rob_head"/></StgValue>
</bind>
</comp>

<comp id="104" class="1000" name="state_completion_wakeup_conflicts">
<pin_list>
<pin id="105" dir="1" index="0" bw="1" slack="0"/>
</pin_list>
<bind>
<StgValue><ssdm name="state_completion_wakeup_conflicts"/></StgValue>
</bind>
</comp>

<comp id="106" class="1000" name="state_completion_bypass_conflicts">
<pin_list>
<pin id="107" dir="1" index="0" bw="1" slack="0"/>
</pin_list>
<bind>
<StgValue><ssdm name="state_completion_bypass_conflicts"/></StgValue>
</bind>
</comp>

<comp id="108" class="1000" name="state_completion_wakeup_sent_0">
<pin_list>
<pin id="109" dir="1" index="0" bw="1" slack="0"/>
</pin_list>
<bind>
<StgValue><ssdm name="state_completion_wakeup_sent_0"/></StgValue>
</bind>
</comp>

<comp id="110" class="1000" name="state_completion_wakeup_sent_1">
<pin_list>
<pin id="111" dir="1" index="0" bw="1" slack="0"/>
</pin_list>
<bind>
<StgValue><ssdm name="state_completion_wakeup_sent_1"/></StgValue>
</bind>
</comp>

<comp id="112" class="1000" name="state_completion_wakeup_sent_2">
<pin_list>
<pin id="113" dir="1" index="0" bw="1" slack="0"/>
</pin_list>
<bind>
<StgValue><ssdm name="state_completion_wakeup_sent_2"/></StgValue>
</bind>
</comp>

<comp id="114" class="1000" name="state_completion_total_wakeups">
<pin_list>
<pin id="115" dir="1" index="0" bw="1" slack="0"/>
</pin_list>
<bind>
<StgValue><ssdm name="state_completion_total_wakeups"/></StgValue>
</bind>
</comp>

<comp id="116" class="1000" name="state_completion_total_bypass">
<pin_list>
<pin id="117" dir="1" index="0" bw="1" slack="0"/>
</pin_list>
<bind>
<StgValue><ssdm name="state_completion_total_bypass"/></StgValue>
</bind>
</comp>

<comp id="118" class="1000" name="state_completion_peak_wakeups">
<pin_list>
<pin id="119" dir="1" index="0" bw="1" slack="0"/>
</pin_list>
<bind>
<StgValue><ssdm name="state_completion_peak_wakeups"/></StgValue>
</bind>
</comp>

<comp id="120" class="1000" name="state_completion_peak_bypass">
<pin_list>
<pin id="121" dir="1" index="0" bw="1" slack="0"/>
</pin_list>
<bind>
<StgValue><ssdm name="state_completion_peak_bypass"/></StgValue>
</bind>
</comp>

<comp id="122" class="1000" name="state_completion_total_rob_completes">
<pin_list>
<pin id="123" dir="1" index="0" bw="1" slack="0"/>
</pin_list>
<bind>
<StgValue><ssdm name="state_completion_total_rob_completes"/></StgValue>
</bind>
</comp>

<comp id="124" class="1000" name="state_branch_state_active_mask">
<pin_list>
<pin id="125" dir="1" index="0" bw="1" slack="0"/>
</pin_list>
<bind>
<StgValue><ssdm name="state_branch_state_active_mask"/></StgValue>
</bind>
</comp>

<comp id="126" class="1000" name="state_branch_state_releases">
<pin_list>
<pin id="127" dir="1" index="0" bw="1" slack="0"/>
</pin_list>
<bind>
<StgValue><ssdm name="state_branch_state_releases"/></StgValue>
</bind>
</comp>

<comp id="128" class="1000" name="state_decode_dec_uops_branch_br_mask_0">
<pin_list>
<pin id="129" dir="1" index="0" bw="1" slack="0"/>
</pin_list>
<bind>
<StgValue><ssdm name="state_decode_dec_uops_branch_br_mask_0"/></StgValue>
</bind>
</comp>

<comp id="130" class="1000" name="state_rename_dispatch_packets_uop_branch_br_mask_0">
<pin_list>
<pin id="131" dir="1" index="0" bw="1" slack="0"/>
</pin_list>
<bind>
<StgValue><ssdm name="state_rename_dispatch_packets_uop_branch_br_mask_0"/></StgValue>
</bind>
</comp>

<comp id="132" class="1000" name="state_issue_issued_uops_branch_br_mask_0">
<pin_list>
<pin id="133" dir="1" index="0" bw="1" slack="0"/>
</pin_list>
<bind>
<StgValue><ssdm name="state_issue_issued_uops_branch_br_mask_0"/></StgValue>
</bind>
</comp>

<comp id="134" class="1000" name="state_issue_issued_uops_branch_br_mask_1">
<pin_list>
<pin id="135" dir="1" index="0" bw="1" slack="0"/>
</pin_list>
<bind>
<StgValue><ssdm name="state_issue_issued_uops_branch_br_mask_1"/></StgValue>
</bind>
</comp>

<comp id="136" class="1000" name="state_issue_issued_uops_branch_br_mask_2">
<pin_list>
<pin id="137" dir="1" index="0" bw="1" slack="0"/>
</pin_list>
<bind>
<StgValue><ssdm name="state_issue_issued_uops_branch_br_mask_2"/></StgValue>
</bind>
</comp>

<comp id="138" class="1000" name="state_issue_alu_iq_entries_uop_branch_br_mask">
<pin_list>
<pin id="139" dir="1" index="0" bw="1" slack="0"/>
</pin_list>
<bind>
<StgValue><ssdm name="state_issue_alu_iq_entries_uop_branch_br_mask"/><MemPortTyVec>2 3 </MemPortTyVec>
</StgValue>
</bind>
</comp>

<comp id="140" class="1000" name="state_rob_entries_uop_branch_br_mask">
<pin_list>
<pin id="141" dir="1" index="0" bw="1" slack="0"/>
</pin_list>
<bind>
<StgValue><ssdm name="state_rob_entries_uop_branch_br_mask"/><MemPortTyVec>2 3 </MemPortTyVec>
</StgValue>
</bind>
</comp>

<comp id="142" class="1000" name="state_completion_wakeups_branch_mask_0">
<pin_list>
<pin id="143" dir="1" index="0" bw="1" slack="0"/>
</pin_list>
<bind>
<StgValue><ssdm name="state_completion_wakeups_branch_mask_0"/></StgValue>
</bind>
</comp>

<comp id="144" class="1000" name="state_completion_wakeups_branch_mask_1">
<pin_list>
<pin id="145" dir="1" index="0" bw="1" slack="0"/>
</pin_list>
<bind>
<StgValue><ssdm name="state_completion_wakeups_branch_mask_1"/></StgValue>
</bind>
</comp>

<comp id="146" class="1000" name="state_completion_wakeups_branch_mask_2">
<pin_list>
<pin id="147" dir="1" index="0" bw="1" slack="0"/>
</pin_list>
<bind>
<StgValue><ssdm name="state_completion_wakeups_branch_mask_2"/></StgValue>
</bind>
</comp>

<comp id="148" class="1000" name="state_completion_bypass_branch_mask_0">
<pin_list>
<pin id="149" dir="1" index="0" bw="1" slack="0"/>
</pin_list>
<bind>
<StgValue><ssdm name="state_completion_bypass_branch_mask_0"/></StgValue>
</bind>
</comp>

<comp id="150" class="1000" name="state_completion_bypass_branch_mask_1">
<pin_list>
<pin id="151" dir="1" index="0" bw="1" slack="0"/>
</pin_list>
<bind>
<StgValue><ssdm name="state_completion_bypass_branch_mask_1"/></StgValue>
</bind>
</comp>

<comp id="152" class="1000" name="state_completion_bypass_branch_mask_2">
<pin_list>
<pin id="153" dir="1" index="0" bw="1" slack="0"/>
</pin_list>
<bind>
<StgValue><ssdm name="state_completion_bypass_branch_mask_2"/></StgValue>
</bind>
</comp>

<comp id="154" class="1000" name="state_lsu_ldq_branch_mask">
<pin_list>
<pin id="155" dir="1" index="0" bw="1" slack="0"/>
</pin_list>
<bind>
<StgValue><ssdm name="state_lsu_ldq_branch_mask"/><MemPortTyVec>2 3 </MemPortTyVec>
</StgValue>
</bind>
</comp>

<comp id="156" class="1000" name="state_lsu_stq_branch_mask">
<pin_list>
<pin id="157" dir="1" index="0" bw="1" slack="0"/>
</pin_list>
<bind>
<StgValue><ssdm name="state_lsu_stq_branch_mask"/><MemPortTyVec>2 3 </MemPortTyVec>
</StgValue>
</bind>
</comp>

<comp id="158" class="1000" name="state_int_rf">
<pin_list>
<pin id="159" dir="1" index="0" bw="1" slack="0"/>
</pin_list>
<bind>
<StgValue><ssdm name="state_int_rf"/><MemPortTyVec>0 3 </MemPortTyVec>
</StgValue>
</bind>
</comp>

<comp id="160" class="1000" name="state_completion_total_prf_writes">
<pin_list>
<pin id="161" dir="1" index="0" bw="1" slack="0"/>
</pin_list>
<bind>
<StgValue><ssdm name="state_completion_total_prf_writes"/></StgValue>
</bind>
</comp>

<comp id="162" class="1000" name="state_completion_peak_rob_completes">
<pin_list>
<pin id="163" dir="1" index="0" bw="1" slack="0"/>
</pin_list>
<bind>
<StgValue><ssdm name="state_completion_peak_rob_completes"/></StgValue>
</bind>
</comp>

<comp id="164" class="1000" name="state_completion_peak_prf_writes">
<pin_list>
<pin id="165" dir="1" index="0" bw="1" slack="0"/>
</pin_list>
<bind>
<StgValue><ssdm name="state_completion_peak_prf_writes"/></StgValue>
</bind>
</comp>

<comp id="166" class="1001" name="const_166">
<pin_list>
<pin id="167" dir="1" index="0" bw="1" slack="0"/>
</pin_list>
<bind>
<StgValue><ssdm name=""/></StgValue>
</bind>
</comp>

<comp id="168" class="1001" name="const_168">
<pin_list>
<pin id="169" dir="1" index="0" bw="1" slack="0"/>
</pin_list>
<bind>
<StgValue><ssdm name=""/></StgValue>
</bind>
</comp>

<comp id="170" class="1001" name="const_170">
<pin_list>
<pin id="171" dir="1" index="0" bw="1" slack="0"/>
</pin_list>
<bind>
<StgValue><ssdm name=""/></StgValue>
</bind>
</comp>

<comp id="172" class="1001" name="const_172">
<pin_list>
<pin id="173" dir="1" index="0" bw="1" slack="0"/>
</pin_list>
<bind>
<StgValue><ssdm name=""/></StgValue>
</bind>
</comp>

<comp id="174" class="1001" name="const_174">
<pin_list>
<pin id="175" dir="1" index="0" bw="1" slack="0"/>
</pin_list>
<bind>
<StgValue><ssdm name=""/></StgValue>
</bind>
</comp>

<comp id="176" class="1001" name="const_176">
<pin_list>
<pin id="177" dir="1" index="0" bw="1" slack="0"/>
</pin_list>
<bind>
<StgValue><ssdm name=""/></StgValue>
</bind>
</comp>

<comp id="178" class="1001" name="const_178">
<pin_list>
<pin id="179" dir="1" index="0" bw="1" slack="0"/>
</pin_list>
<bind>
<StgValue><ssdm name=""/></StgValue>
</bind>
</comp>

<comp id="180" class="1001" name="const_180">
<pin_list>
<pin id="181" dir="1" index="0" bw="1" slack="0"/>
</pin_list>
<bind>
<StgValue><ssdm name=""/></StgValue>
</bind>
</comp>

<comp id="182" class="1001" name="const_182">
<pin_list>
<pin id="183" dir="1" index="0" bw="1" slack="0"/>
</pin_list>
<bind>
<StgValue><ssdm name=""/></StgValue>
</bind>
</comp>

<comp id="184" class="1001" name="const_184">
<pin_list>
<pin id="185" dir="1" index="0" bw="1" slack="0"/>
</pin_list>
<bind>
<StgValue><ssdm name=""/></StgValue>
</bind>
</comp>

<comp id="186" class="1001" name="const_186">
<pin_list>
<pin id="187" dir="1" index="0" bw="1" slack="0"/>
</pin_list>
<bind>
<StgValue><ssdm name=""/></StgValue>
</bind>
</comp>

<comp id="188" class="1001" name="const_188">
<pin_list>
<pin id="189" dir="1" index="0" bw="1" slack="0"/>
</pin_list>
<bind>
<StgValue><ssdm name=""/></StgValue>
</bind>
</comp>

<comp id="190" class="1001" name="const_190">
<pin_list>
<pin id="191" dir="1" index="0" bw="1" slack="2147483647"/>
</pin_list>
<bind>
<StgValue><ssdm name="_ssdm_op_SpecLoopTripCount"/></StgValue>
</bind>
</comp>

<comp id="192" class="1001" name="const_192">
<pin_list>
<pin id="193" dir="1" index="0" bw="1" slack="0"/>
</pin_list>
<bind>
<StgValue><ssdm name=""/></StgValue>
</bind>
</comp>

<comp id="194" class="1001" name="const_194">
<pin_list>
<pin id="195" dir="1" index="0" bw="1" slack="0"/>
</pin_list>
<bind>
<StgValue><ssdm name=""/></StgValue>
</bind>
</comp>

<comp id="196" class="1001" name="const_196">
<pin_list>
<pin id="197" dir="1" index="0" bw="1" slack="2147483647"/>
</pin_list>
<bind>
<StgValue><ssdm name="_ssdm_op_SpecLoopName"/></StgValue>
</bind>
</comp>

<comp id="198" class="1001" name="const_198">
<pin_list>
<pin id="199" dir="1" index="0" bw="1" slack="2147483647"/>
</pin_list>
<bind>
<StgValue><ssdm name="empty_3"/></StgValue>
</bind>
</comp>

<comp id="200" class="1001" name="const_200">
<pin_list>
<pin id="201" dir="1" index="0" bw="1" slack="2147483647"/>
</pin_list>
<bind>
<StgValue><ssdm name="empty_26"/></StgValue>
</bind>
</comp>

<comp id="202" class="1001" name="const_202">
<pin_list>
<pin id="203" dir="1" index="0" bw="1" slack="2147483647"/>
</pin_list>
<bind>
<StgValue><ssdm name="empty_22"/></StgValue>
</bind>
</comp>

<comp id="204" class="1001" name="const_204">
<pin_list>
<pin id="205" dir="1" index="0" bw="1" slack="0"/>
</pin_list>
<bind>
<StgValue><ssdm name=""/></StgValue>
</bind>
</comp>

<comp id="206" class="1001" name="const_206">
<pin_list>
<pin id="207" dir="1" index="0" bw="1" slack="0"/>
</pin_list>
<bind>
<StgValue><ssdm name="_ssdm_op_Mux.ap_auto.4i8.i2"/></StgValue>
</bind>
</comp>

<comp id="208" class="1001" name="const_208">
<pin_list>
<pin id="209" dir="1" index="0" bw="1" slack="0"/>
</pin_list>
<bind>
<StgValue><ssdm name=""/></StgValue>
</bind>
</comp>

<comp id="210" class="1001" name="const_210">
<pin_list>
<pin id="211" dir="1" index="0" bw="1" slack="0"/>
</pin_list>
<bind>
<StgValue><ssdm name="_ssdm_op_Mux.ap_auto.4i32.i2"/></StgValue>
</bind>
</comp>

<comp id="212" class="1001" name="const_212">
<pin_list>
<pin id="213" dir="1" index="0" bw="1" slack="0"/>
</pin_list>
<bind>
<StgValue><ssdm name=""/></StgValue>
</bind>
</comp>

<comp id="214" class="1001" name="const_214">
<pin_list>
<pin id="215" dir="1" index="0" bw="1" slack="0"/>
</pin_list>
<bind>
<StgValue><ssdm name=""/></StgValue>
</bind>
</comp>

<comp id="216" class="1001" name="const_216">
<pin_list>
<pin id="217" dir="1" index="0" bw="1" slack="0"/>
</pin_list>
<bind>
<StgValue><ssdm name="completion_is_valid"/></StgValue>
</bind>
</comp>

<comp id="218" class="1001" name="const_218">
<pin_list>
<pin id="219" dir="1" index="0" bw="1" slack="2147483647"/>
</pin_list>
<bind>
<StgValue><ssdm name="empty_16"/></StgValue>
</bind>
</comp>

<comp id="220" class="1001" name="const_220">
<pin_list>
<pin id="221" dir="1" index="0" bw="1" slack="0"/>
</pin_list>
<bind>
<StgValue><ssdm name=""/></StgValue>
</bind>
</comp>

<comp id="222" class="1001" name="const_222">
<pin_list>
<pin id="223" dir="1" index="0" bw="1" slack="2147483647"/>
</pin_list>
<bind>
<StgValue><ssdm name="empty_24"/></StgValue>
</bind>
</comp>

<comp id="224" class="1001" name="const_224">
<pin_list>
<pin id="225" dir="1" index="0" bw="1" slack="0"/>
</pin_list>
<bind>
<StgValue><ssdm name="_ssdm_op_Mux.ap_auto.3i1.i2"/></StgValue>
</bind>
</comp>

<comp id="226" class="1001" name="const_226">
<pin_list>
<pin id="227" dir="1" index="0" bw="1" slack="2147483647"/>
</pin_list>
<bind>
<StgValue><ssdm name="empty_6"/></StgValue>
</bind>
</comp>

<comp id="228" class="1001" name="const_228">
<pin_list>
<pin id="229" dir="1" index="0" bw="1" slack="0"/>
</pin_list>
<bind>
<StgValue><ssdm name=""/></StgValue>
</bind>
</comp>

<comp id="230" class="1001" name="const_230">
<pin_list>
<pin id="231" dir="1" index="0" bw="1" slack="0"/>
</pin_list>
<bind>
<StgValue><ssdm name=""/></StgValue>
</bind>
</comp>

<comp id="232" class="1001" name="const_232">
<pin_list>
<pin id="233" dir="1" index="0" bw="1" slack="2147483647"/>
</pin_list>
<bind>
<StgValue><ssdm name=""/></StgValue>
</bind>
</comp>

<comp id="234" class="1001" name="const_234">
<pin_list>
<pin id="235" dir="1" index="0" bw="1" slack="2147483647"/>
</pin_list>
<bind>
<StgValue><ssdm name="empty_20"/></StgValue>
</bind>
</comp>

<comp id="236" class="1001" name="const_236">
<pin_list>
<pin id="237" dir="1" index="0" bw="1" slack="0"/>
</pin_list>
<bind>
<StgValue><ssdm name="_ssdm_op_Mux.ap_auto.4i64.i2"/></StgValue>
</bind>
</comp>

<comp id="238" class="1001" name="const_238">
<pin_list>
<pin id="239" dir="1" index="0" bw="1" slack="2147483647"/>
</pin_list>
<bind>
<StgValue><ssdm name="empty_10"/></StgValue>
</bind>
</comp>

<comp id="240" class="1001" name="const_240">
<pin_list>
<pin id="241" dir="1" index="0" bw="1" slack="0"/>
</pin_list>
<bind>
<StgValue><ssdm name=""/></StgValue>
</bind>
</comp>

<comp id="242" class="1001" name="const_242">
<pin_list>
<pin id="243" dir="1" index="0" bw="1" slack="0"/>
</pin_list>
<bind>
<StgValue><ssdm name=""/></StgValue>
</bind>
</comp>

<comp id="244" class="1001" name="const_244">
<pin_list>
<pin id="245" dir="1" index="0" bw="1" slack="0"/>
</pin_list>
<bind>
<StgValue><ssdm name="service_pending"/></StgValue>
</bind>
</comp>

<comp id="246" class="1004" name="i_fu_246">
<pin_list>
<pin id="247" dir="0" index="0" bw="1" slack="0"/>
<pin id="248" dir="1" index="1" bw="2" slack="0"/>
</pin_list>
<bind>
<opcode="alloca(26) " fcode="alloca"/>
<opset="i/1 "/>
</bind>
</comp>

<comp id="250" class="1004" name="i_15_fu_250">
<pin_list>
<pin id="251" dir="0" index="0" bw="1" slack="0"/>
<pin id="252" dir="1" index="1" bw="2" slack="0"/>
</pin_list>
<bind>
<opcode="alloca(26) " fcode="alloca"/>
<opset="i_15/2 "/>
</bind>
</comp>

<comp id="254" class="1004" name="i_16_fu_254">
<pin_list>
<pin id="255" dir="0" index="0" bw="1" slack="0"/>
<pin id="256" dir="1" index="1" bw="2" slack="0"/>
</pin_list>
<bind>
<opcode="alloca(26) " fcode="alloca"/>
<opset="i_16/3 "/>
</bind>
</comp>

<comp id="258" class="1004" name="rejected_1_0_fu_258">
<pin_list>
<pin id="259" dir="0" index="0" bw="1" slack="0"/>
<pin id="260" dir="1" index="1" bw="1" slack="1"/>
</pin_list>
<bind>
<opcode="alloca(26) " fcode="alloca"/>
<opset="rejected_1_0/3 "/>
</bind>
</comp>

<comp id="262" class="1004" name="rejected_2_0_fu_262">
<pin_list>
<pin id="263" dir="0" index="0" bw="1" slack="0"/>
<pin id="264" dir="1" index="1" bw="1" slack="1"/>
</pin_list>
<bind>
<opcode="alloca(26) " fcode="alloca"/>
<opset="rejected_2_0/3 "/>
</bind>
</comp>

<comp id="266" class="1004" name="usable_2_1_fu_266">
<pin_list>
<pin id="267" dir="0" index="0" bw="1" slack="0"/>
<pin id="268" dir="1" index="1" bw="1" slack="1"/>
</pin_list>
<bind>
<opcode="alloca(26) " fcode="alloca"/>
<opset="usable_2_1/3 "/>
</bind>
</comp>

<comp id="270" class="1004" name="usable_2_3_fu_270">
<pin_list>
<pin id="271" dir="0" index="0" bw="1" slack="0"/>
<pin id="272" dir="1" index="1" bw="1" slack="1"/>
</pin_list>
<bind>
<opcode="alloca(26) " fcode="alloca"/>
<opset="usable_2_3/3 "/>
</bind>
</comp>

<comp id="274" class="1004" name="usable_2_fu_274">
<pin_list>
<pin id="275" dir="0" index="0" bw="1" slack="0"/>
<pin id="276" dir="1" index="1" bw="1" slack="1"/>
</pin_list>
<bind>
<opcode="alloca(26) " fcode="alloca"/>
<opset="usable_2/3 "/>
</bind>
</comp>

<comp id="278" class="1004" name="i_17_fu_278">
<pin_list>
<pin id="279" dir="0" index="0" bw="1" slack="0"/>
<pin id="280" dir="1" index="1" bw="2" slack="0"/>
</pin_list>
<bind>
<opcode="alloca(26) " fcode="alloca"/>
<opset="i_17/4 "/>
</bind>
</comp>

<comp id="282" class="1004" name="precise_age_fu_282">
<pin_list>
<pin id="283" dir="0" index="0" bw="1" slack="0"/>
<pin id="284" dir="1" index="1" bw="8" slack="0"/>
</pin_list>
<bind>
<opcode="alloca(26) " fcode="alloca"/>
<opset="precise_age/4 "/>
</bind>
</comp>

<comp id="286" class="1004" name="precise_valid_fu_286">
<pin_list>
<pin id="287" dir="0" index="0" bw="1" slack="0"/>
<pin id="288" dir="1" index="1" bw="1" slack="0"/>
</pin_list>
<bind>
<opcode="alloca(26) " fcode="alloca"/>
<opset="precise_valid/4 "/>
</bind>
</comp>

<comp id="290" class="1004" name="i_18_fu_290">
<pin_list>
<pin id="291" dir="0" index="0" bw="1" slack="0"/>
<pin id="292" dir="1" index="1" bw="2" slack="0"/>
</pin_list>
<bind>
<opcode="alloca(26) " fcode="alloca"/>
<opset="i_18/8 "/>
</bind>
</comp>

<comp id="294" class="1004" name="usable_2_5_fu_294">
<pin_list>
<pin id="295" dir="0" index="0" bw="1" slack="0"/>
<pin id="296" dir="1" index="1" bw="1" slack="0"/>
</pin_list>
<bind>
<opcode="alloca(26) " fcode="alloca"/>
<opset="usable_2_5/8 "/>
</bind>
</comp>

<comp id="298" class="1004" name="usable_1_5_fu_298">
<pin_list>
<pin id="299" dir="0" index="0" bw="1" slack="0"/>
<pin id="300" dir="1" index="1" bw="1" slack="0"/>
</pin_list>
<bind>
<opcode="alloca(26) " fcode="alloca"/>
<opset="usable_1_5/8 "/>
</bind>
</comp>

<comp id="302" class="1004" name="usable_2_4_fu_302">
<pin_list>
<pin id="303" dir="0" index="0" bw="1" slack="0"/>
<pin id="304" dir="1" index="1" bw="1" slack="0"/>
</pin_list>
<bind>
<opcode="alloca(26) " fcode="alloca"/>
<opset="usable_2_4/8 "/>
</bind>
</comp>

<comp id="306" class="1004" name="indvars_iv50_fu_306">
<pin_list>
<pin id="307" dir="0" index="0" bw="1" slack="0"/>
<pin id="308" dir="1" index="1" bw="3" slack="0"/>
</pin_list>
<bind>
<opcode="alloca(26) " fcode="alloca"/>
<opset="indvars_iv50/10 "/>
</bind>
</comp>

<comp id="310" class="1004" name="i_19_fu_310">
<pin_list>
<pin id="311" dir="0" index="0" bw="1" slack="0"/>
<pin id="312" dir="1" index="1" bw="2" slack="0"/>
</pin_list>
<bind>
<opcode="alloca(26) " fcode="alloca"/>
<opset="i_19/10 "/>
</bind>
</comp>

<comp id="314" class="1004" name="conflict_seen_fu_314">
<pin_list>
<pin id="315" dir="0" index="0" bw="1" slack="0"/>
<pin id="316" dir="1" index="1" bw="1" slack="0"/>
</pin_list>
<bind>
<opcode="alloca(26) " fcode="alloca"/>
<opset="conflict_seen/10 "/>
</bind>
</comp>

<comp id="318" class="1004" name="rejected_1_5_fu_318">
<pin_list>
<pin id="319" dir="0" index="0" bw="1" slack="0"/>
<pin id="320" dir="1" index="1" bw="1" slack="0"/>
</pin_list>
<bind>
<opcode="alloca(26) " fcode="alloca"/>
<opset="rejected_1_5/10 "/>
</bind>
</comp>

<comp id="322" class="1004" name="rejected_2_5_fu_322">
<pin_list>
<pin id="323" dir="0" index="0" bw="1" slack="0"/>
<pin id="324" dir="1" index="1" bw="1" slack="0"/>
</pin_list>
<bind>
<opcode="alloca(26) " fcode="alloca"/>
<opset="rejected_2_5/10 "/>
</bind>
</comp>

<comp id="326" class="1004" name="usable_2_9_fu_326">
<pin_list>
<pin id="327" dir="0" index="0" bw="1" slack="0"/>
<pin id="328" dir="1" index="1" bw="1" slack="0"/>
</pin_list>
<bind>
<opcode="alloca(26) " fcode="alloca"/>
<opset="usable_2_9/10 "/>
</bind>
</comp>

<comp id="330" class="1004" name="usable_1_9_fu_330">
<pin_list>
<pin id="331" dir="0" index="0" bw="1" slack="0"/>
<pin id="332" dir="1" index="1" bw="1" slack="0"/>
</pin_list>
<bind>
<opcode="alloca(26) " fcode="alloca"/>
<opset="usable_1_9/10 "/>
</bind>
</comp>

<comp id="334" class="1004" name="usable_2_18_fu_334">
<pin_list>
<pin id="335" dir="0" index="0" bw="1" slack="0"/>
<pin id="336" dir="1" index="1" bw="1" slack="0"/>
</pin_list>
<bind>
<opcode="alloca(26) " fcode="alloca"/>
<opset="usable_2_18/10 "/>
</bind>
</comp>

<comp id="338" class="1004" name="i_20_fu_338">
<pin_list>
<pin id="339" dir="0" index="0" bw="1" slack="0"/>
<pin id="340" dir="1" index="1" bw="2" slack="0"/>
</pin_list>
<bind>
<opcode="alloca(26) " fcode="alloca"/>
<opset="i_20/11 "/>
</bind>
</comp>

<comp id="342" class="1004" name="output_fu_342">
<pin_list>
<pin id="343" dir="0" index="0" bw="1" slack="0"/>
<pin id="344" dir="1" index="1" bw="8" slack="0"/>
</pin_list>
<bind>
<opcode="alloca(26) " fcode="alloca"/>
<opset="output/11 "/>
</bind>
</comp>

<comp id="346" class="1005" name="ports_valid_1_reg_346">
<pin_list>
<pin id="347" dir="0" index="0" bw="1" slack="4"/>
<pin id="348" dir="1" index="1" bw="1" slack="4"/>
</pin_list>
<bind>
<opset="ports_valid_1 (phireg) "/>
</bind>
</comp>

<comp id="349" class="1004" name="ports_valid_1_phi_fu_349">
<pin_list>
<pin id="350" dir="0" index="0" bw="1" slack="0"/>
<pin id="351" dir="0" index="1" bw="0" slack="2147483647"/>
<pin id="352" dir="0" index="2" bw="1" slack="0"/>
<pin id="353" dir="0" index="3" bw="0" slack="2147483647"/>
<pin id="354" dir="0" index="4" bw="1" slack="0"/>
<pin id="355" dir="0" index="5" bw="0" slack="2147483647"/>
<pin id="356" dir="1" index="6" bw="1" slack="4"/>
</pin_list>
<bind>
<opcode="phi(47) " fcode="phi"/>
<opset="ports_valid_1/1 "/>
</bind>
</comp>

<comp id="360" class="1005" name="ports_valid_2_reg_360">
<pin_list>
<pin id="361" dir="0" index="0" bw="1" slack="4"/>
<pin id="362" dir="1" index="1" bw="1" slack="4"/>
</pin_list>
<bind>
<opset="ports_valid_2 (phireg) "/>
</bind>
</comp>

<comp id="363" class="1004" name="ports_valid_2_phi_fu_363">
<pin_list>
<pin id="364" dir="0" index="0" bw="1" slack="0"/>
<pin id="365" dir="0" index="1" bw="0" slack="2147483647"/>
<pin id="366" dir="0" index="2" bw="1" slack="0"/>
<pin id="367" dir="0" index="3" bw="0" slack="2147483647"/>
<pin id="368" dir="0" index="4" bw="1" slack="0"/>
<pin id="369" dir="0" index="5" bw="0" slack="2147483647"/>
<pin id="370" dir="1" index="6" bw="1" slack="4"/>
</pin_list>
<bind>
<opcode="phi(47) " fcode="phi"/>
<opset="ports_valid_2/1 "/>
</bind>
</comp>

<comp id="374" class="1005" name="phi_ln675_reg_374">
<pin_list>
<pin id="375" dir="0" index="0" bw="1" slack="1"/>
<pin id="376" dir="1" index="1" bw="1" slack="1"/>
</pin_list>
<bind>
<opset="phi_ln675 (phireg) "/>
</bind>
</comp>

<comp id="378" class="1004" name="phi_ln675_phi_fu_378">
<pin_list>
<pin id="379" dir="0" index="0" bw="1" slack="4"/>
<pin id="380" dir="0" index="1" bw="0" slack="2147483647"/>
<pin id="381" dir="0" index="2" bw="1" slack="4"/>
<pin id="382" dir="0" index="3" bw="0" slack="2147483647"/>
<pin id="383" dir="0" index="4" bw="1" slack="1"/>
<pin id="384" dir="0" index="5" bw="0" slack="2147483647"/>
<pin id="385" dir="1" index="6" bw="1" slack="0"/>
</pin_list>
<bind>
<opcode="phi(47) " fcode="phi"/>
<opset="phi_ln675/5 "/>
</bind>
</comp>

<comp id="390" class="1005" name="phi_ln675_5_reg_390">
<pin_list>
<pin id="391" dir="0" index="0" bw="1" slack="2147483647"/>
<pin id="392" dir="1" index="1" bw="1" slack="2147483647"/>
</pin_list>
<bind>
<opset="phi_ln675_5 (phireg) "/>
</bind>
</comp>

<comp id="393" class="1004" name="phi_ln675_5_phi_fu_393">
<pin_list>
<pin id="394" dir="0" index="0" bw="1" slack="6"/>
<pin id="395" dir="0" index="1" bw="0" slack="2147483647"/>
<pin id="396" dir="0" index="2" bw="1" slack="6"/>
<pin id="397" dir="0" index="3" bw="0" slack="2147483647"/>
<pin id="398" dir="1" index="4" bw="1" slack="2147483647"/>
</pin_list>
<bind>
<opcode="phi(47) " fcode="phi"/>
<opset="phi_ln675_5/7 "/>
</bind>
</comp>

<comp id="399" class="1005" name="usable_0_9_ph_reg_399">
<pin_list>
<pin id="400" dir="0" index="0" bw="1" slack="2147483647"/>
<pin id="401" dir="1" index="1" bw="1" slack="2147483647"/>
</pin_list>
<bind>
<opset="usable_0_9_ph (phireg) "/>
</bind>
</comp>

<comp id="402" class="1004" name="usable_0_9_ph_phi_fu_402">
<pin_list>
<pin id="403" dir="0" index="0" bw="1" slack="2"/>
<pin id="404" dir="0" index="1" bw="0" slack="2147483647"/>
<pin id="405" dir="0" index="2" bw="1" slack="0"/>
<pin id="406" dir="0" index="3" bw="0" slack="2147483647"/>
<pin id="407" dir="1" index="4" bw="1" slack="0"/>
</pin_list>
<bind>
<opcode="phi(47) " fcode="phi"/>
<opset="usable_0_9_ph/10 "/>
</bind>
</comp>

<comp id="408" class="1005" name="usable_1_9_ph_reg_408">
<pin_list>
<pin id="409" dir="0" index="0" bw="1" slack="2147483647"/>
<pin id="410" dir="1" index="1" bw="1" slack="2147483647"/>
</pin_list>
<bind>
<opset="usable_1_9_ph (phireg) "/>
</bind>
</comp>

<comp id="411" class="1004" name="usable_1_9_ph_phi_fu_411">
<pin_list>
<pin id="412" dir="0" index="0" bw="1" slack="2"/>
<pin id="413" dir="0" index="1" bw="0" slack="2147483647"/>
<pin id="414" dir="0" index="2" bw="1" slack="0"/>
<pin id="415" dir="0" index="3" bw="0" slack="2147483647"/>
<pin id="416" dir="1" index="4" bw="1" slack="0"/>
</pin_list>
<bind>
<opcode="phi(47) " fcode="phi"/>
<opset="usable_1_9_ph/10 "/>
</bind>
</comp>

<comp id="417" class="1005" name="usable_2_9_ph_reg_417">
<pin_list>
<pin id="418" dir="0" index="0" bw="1" slack="2147483647"/>
<pin id="419" dir="1" index="1" bw="1" slack="2147483647"/>
</pin_list>
<bind>
<opset="usable_2_9_ph (phireg) "/>
</bind>
</comp>

<comp id="420" class="1004" name="usable_2_9_ph_phi_fu_420">
<pin_list>
<pin id="421" dir="0" index="0" bw="1" slack="2"/>
<pin id="422" dir="0" index="1" bw="0" slack="2147483647"/>
<pin id="423" dir="0" index="2" bw="1" slack="0"/>
<pin id="424" dir="0" index="3" bw="0" slack="2147483647"/>
<pin id="425" dir="1" index="4" bw="1" slack="0"/>
</pin_list>
<bind>
<opcode="phi(47) " fcode="phi"/>
<opset="usable_2_9_ph/10 "/>
</bind>
</comp>

<comp id="426" class="1005" name="j_reg_426">
<pin_list>
<pin id="427" dir="0" index="0" bw="64" slack="2147483647"/>
<pin id="428" dir="1" index="1" bw="64" slack="2147483647"/>
</pin_list>
<bind>
<opset="j (phireg) "/>
</bind>
</comp>

<comp id="429" class="1004" name="j_phi_fu_429">
<pin_list>
<pin id="430" dir="0" index="0" bw="3" slack="1"/>
<pin id="431" dir="0" index="1" bw="0" slack="2147483647"/>
<pin id="432" dir="0" index="2" bw="64" slack="0"/>
<pin id="433" dir="0" index="3" bw="0" slack="2147483647"/>
<pin id="434" dir="1" index="4" bw="64" slack="0"/>
</pin_list>
<bind>
<opcode="phi(47) " fcode="phi"/>
<opset="j/12 "/>
</bind>
</comp>

<comp id="435" class="1004" name="grp_completion_is_valid_fu_435">
<pin_list>
<pin id="436" dir="0" index="0" bw="1" slack="0"/>
<pin id="437" dir="0" index="1" bw="1" slack="0"/>
<pin id="438" dir="0" index="2" bw="8" slack="0"/>
<pin id="439" dir="0" index="3" bw="8" slack="0"/>
<pin id="440" dir="0" index="4" bw="8" slack="0"/>
<pin id="441" dir="0" index="5" bw="32" slack="0"/>
<pin id="442" dir="0" index="6" bw="1" slack="0"/>
<pin id="443" dir="0" index="7" bw="2" slack="0"/>
<pin id="444" dir="0" index="8" bw="1" slack="0"/>
<pin id="445" dir="0" index="9" bw="1" slack="0"/>
<pin id="446" dir="0" index="10" bw="1" slack="0"/>
<pin id="447" dir="0" index="11" bw="1" slack="0"/>
<pin id="448" dir="0" index="12" bw="1" slack="0"/>
<pin id="449" dir="0" index="13" bw="1" slack="0"/>
<pin id="450" dir="1" index="14" bw="1" slack="1"/>
</pin_list>
<bind>
<opcode="call(48) " fcode="call"/>
<opset="tmp/5 tmp_s/8 "/>
</bind>
</comp>

<comp id="461" class="1004" name="grp_service_pending_fu_461">
<pin_list>
<pin id="462" dir="0" index="0" bw="0" slack="0"/>
<pin id="463" dir="0" index="1" bw="1" slack="0"/>
<pin id="464" dir="0" index="2" bw="3" slack="0"/>
<pin id="465" dir="0" index="3" bw="1" slack="0"/>
<pin id="466" dir="0" index="4" bw="5" slack="0"/>
<pin id="467" dir="0" index="5" bw="2" slack="0"/>
<pin id="468" dir="0" index="6" bw="1" slack="0"/>
<pin id="469" dir="0" index="7" bw="2" slack="0"/>
<pin id="470" dir="0" index="8" bw="1" slack="0"/>
<pin id="471" dir="0" index="9" bw="1" slack="0"/>
<pin id="472" dir="0" index="10" bw="1" slack="0"/>
<pin id="473" dir="0" index="11" bw="1" slack="0"/>
<pin id="474" dir="0" index="12" bw="1" slack="0"/>
<pin id="475" dir="0" index="13" bw="1" slack="0"/>
<pin id="476" dir="0" index="14" bw="8" slack="0"/>
<pin id="477" dir="0" index="15" bw="1" slack="0"/>
<pin id="478" dir="0" index="16" bw="2" slack="0"/>
<pin id="479" dir="0" index="17" bw="1" slack="0"/>
<pin id="480" dir="0" index="18" bw="64" slack="0"/>
<pin id="481" dir="0" index="19" bw="1" slack="0"/>
<pin id="482" dir="0" index="20" bw="3" slack="0"/>
<pin id="483" dir="0" index="21" bw="2" slack="0"/>
<pin id="484" dir="0" index="22" bw="5" slack="0"/>
<pin id="485" dir="0" index="23" bw="2" slack="0"/>
<pin id="486" dir="0" index="24" bw="8" slack="0"/>
<pin id="487" dir="0" index="25" bw="1" slack="0"/>
<pin id="488" dir="0" index="26" bw="3" slack="0"/>
<pin id="489" dir="0" index="27" bw="1" slack="0"/>
<pin id="490" dir="0" index="28" bw="64" slack="0"/>
<pin id="491" dir="0" index="29" bw="5" slack="0"/>
<pin id="492" dir="0" index="30" bw="1" slack="0"/>
<pin id="493" dir="0" index="31" bw="8" slack="0"/>
<pin id="494" dir="0" index="32" bw="64" slack="0"/>
<pin id="495" dir="0" index="33" bw="8" slack="0"/>
<pin id="496" dir="0" index="34" bw="32" slack="0"/>
<pin id="497" dir="0" index="35" bw="8" slack="0"/>
<pin id="498" dir="0" index="36" bw="8" slack="0"/>
<pin id="499" dir="0" index="37" bw="8" slack="0"/>
<pin id="500" dir="0" index="38" bw="8" slack="0"/>
<pin id="501" dir="0" index="39" bw="8" slack="0"/>
<pin id="502" dir="0" index="40" bw="8" slack="0"/>
<pin id="503" dir="0" index="41" bw="8" slack="0"/>
<pin id="504" dir="0" index="42" bw="8" slack="0"/>
<pin id="505" dir="0" index="43" bw="8" slack="0"/>
<pin id="506" dir="0" index="44" bw="8" slack="0"/>
<pin id="507" dir="0" index="45" bw="8" slack="0"/>
<pin id="508" dir="0" index="46" bw="8" slack="0"/>
<pin id="509" dir="0" index="47" bw="8" slack="0"/>
<pin id="510" dir="0" index="48" bw="8" slack="0"/>
<pin id="511" dir="0" index="49" bw="8" slack="0"/>
<pin id="512" dir="0" index="50" bw="8" slack="0"/>
<pin id="513" dir="0" index="51" bw="8" slack="0"/>
<pin id="514" dir="0" index="52" bw="8" slack="0"/>
<pin id="515" dir="0" index="53" bw="56" slack="0"/>
<pin id="516" dir="0" index="54" bw="1" slack="0"/>
<pin id="517" dir="0" index="55" bw="1" slack="0"/>
<pin id="518" dir="0" index="56" bw="8" slack="0"/>
<pin id="519" dir="0" index="57" bw="64" slack="0"/>
<pin id="520" dir="0" index="58" bw="8" slack="0"/>
<pin id="521" dir="0" index="59" bw="8" slack="0"/>
<pin id="522" dir="1" index="60" bw="0" slack="2147483647"/>
</pin_list>
<bind>
<opcode="call(48) " fcode="call"/>
<opset="call_ln977/13 "/>
</bind>
</comp>

<comp id="583" class="1004" name="grp_fu_583">
<pin_list>
<pin id="584" dir="0" index="0" bw="2" slack="2147483647"/>
<pin id="585" dir="0" index="1" bw="1" slack="0"/>
<pin id="586" dir="1" index="2" bw="1" slack="0"/>
</pin_list>
<bind>
<opcode="icmp(45) " fcode="icmp"/>
<opset="icmp_ln692_1/7 icmp_ln693/7 "/>
</bind>
</comp>

<comp id="588" class="1004" name="grp_fu_588">
<pin_list>
<pin id="589" dir="0" index="0" bw="2" slack="2147483647"/>
<pin id="590" dir="0" index="1" bw="1" slack="0"/>
<pin id="591" dir="1" index="2" bw="1" slack="0"/>
</pin_list>
<bind>
<opcode="icmp(45) " fcode="icmp"/>
<opset="icmp_ln692_2/7 icmp_ln676/7 "/>
</bind>
</comp>

<comp id="593" class="1004" name="grp_fu_593">
<pin_list>
<pin id="594" dir="0" index="0" bw="2" slack="2147483647"/>
<pin id="595" dir="0" index="1" bw="1" slack="0"/>
<pin id="596" dir="1" index="2" bw="1" slack="0"/>
</pin_list>
<bind>
<opcode="icmp(45) " fcode="icmp"/>
<opset="icmp_ln692_3/7 icmp_ln676_1/7 "/>
</bind>
</comp>

<comp id="598" class="1004" name="grp_load_fu_598">
<pin_list>
<pin id="599" dir="0" index="0" bw="1" slack="1"/>
<pin id="600" dir="1" index="1" bw="1" slack="0"/>
</pin_list>
<bind>
<opcode="load(27) " fcode="load"/>
<opset="precise_valid_load_1/8 precise_valid_load/9 "/>
</bind>
</comp>

<comp id="601" class="1004" name="grp_load_fu_601">
<pin_list>
<pin id="602" dir="0" index="0" bw="8" slack="2"/>
<pin id="603" dir="1" index="1" bw="8" slack="0"/>
</pin_list>
<bind>
<opcode="load(27) " fcode="load"/>
<opset="precise_age_load/9 precise_age_load_1/10 "/>
</bind>
</comp>

<comp id="604" class="1004" name="grp_load_fu_604">
<pin_list>
<pin id="605" dir="0" index="0" bw="1" slack="1"/>
<pin id="606" dir="1" index="1" bw="1" slack="0"/>
</pin_list>
<bind>
<opcode="load(27) " fcode="load"/>
<opset="usable_2_9_load_1/11 usable_2_9_load_2/12 usable_2_9_load/13 "/>
</bind>
</comp>

<comp id="607" class="1004" name="grp_load_fu_607">
<pin_list>
<pin id="608" dir="0" index="0" bw="1" slack="1"/>
<pin id="609" dir="1" index="1" bw="1" slack="0"/>
</pin_list>
<bind>
<opcode="load(27) " fcode="load"/>
<opset="usable_1_9_load_1/11 usable_1_9_load_2/12 usable_1_9_load/13 "/>
</bind>
</comp>

<comp id="610" class="1004" name="grp_load_fu_610">
<pin_list>
<pin id="611" dir="0" index="0" bw="1" slack="1"/>
<pin id="612" dir="1" index="1" bw="1" slack="0"/>
</pin_list>
<bind>
<opcode="load(27) " fcode="load"/>
<opset="usable_2_18_load/11 usable_2_18_load_1/12 usable_2_18_load_2/13 "/>
</bind>
</comp>

<comp id="613" class="1004" name="grp_load_fu_613">
<pin_list>
<pin id="614" dir="0" index="0" bw="1" slack="1"/>
<pin id="615" dir="1" index="1" bw="1" slack="0"/>
</pin_list>
<bind>
<opcode="load(27) " fcode="load"/>
<opset="rejected_1_5_load/11 rejected_1_5_load_1/12 "/>
</bind>
</comp>

<comp id="616" class="1004" name="grp_load_fu_616">
<pin_list>
<pin id="617" dir="0" index="0" bw="1" slack="1"/>
<pin id="618" dir="1" index="1" bw="1" slack="0"/>
</pin_list>
<bind>
<opcode="load(27) " fcode="load"/>
<opset="rejected_2_5_load/11 rejected_2_5_load_1/12 "/>
</bind>
</comp>

<comp id="619" class="1004" name="grp_load_fu_619">
<pin_list>
<pin id="620" dir="0" index="0" bw="8" slack="1"/>
<pin id="621" dir="1" index="1" bw="8" slack="0"/>
</pin_list>
<bind>
<opcode="load(27) " fcode="load"/>
<opset="output_load_1/13 output_load/13 "/>
</bind>
</comp>

<comp id="622" class="1004" name="grp_load_fu_622">
<pin_list>
<pin id="623" dir="0" index="0" bw="8" slack="1"/>
<pin id="624" dir="1" index="1" bw="8" slack="0"/>
</pin_list>
<bind>
<opcode="load(27) " fcode="load"/>
<opset="output_load22/13 output_load_2/13 "/>
</bind>
</comp>

<comp id="625" class="1004" name="store_ln972_store_fu_625">
<pin_list>
<pin id="626" dir="0" index="0" bw="1" slack="0"/>
<pin id="627" dir="0" index="1" bw="8" slack="0"/>
<pin id="628" dir="1" index="2" bw="0" slack="2147483647"/>
</pin_list>
<bind>
<opcode="store(28) " fcode="store"/>
<opset="store_ln972/1 "/>
</bind>
</comp>

<comp id="631" class="1004" name="store_ln973_store_fu_631">
<pin_list>
<pin id="632" dir="0" index="0" bw="1" slack="0"/>
<pin id="633" dir="0" index="1" bw="8" slack="0"/>
<pin id="634" dir="1" index="2" bw="0" slack="2147483647"/>
</pin_list>
<bind>
<opcode="store(28) " fcode="store"/>
<opset="store_ln973/1 "/>
</bind>
</comp>

<comp id="637" class="1004" name="state_completion_mem_execute_valid_load_load_fu_637">
<pin_list>
<pin id="638" dir="0" index="0" bw="1" slack="0"/>
<pin id="639" dir="1" index="1" bw="1" slack="0"/>
</pin_list>
<bind>
<opcode="load(27) " fcode="load"/>
<opset="state_completion_mem_execute_valid_load/1 "/>
</bind>
</comp>

<comp id="642" class="1004" name="state_execute_alu_results_valid_0_load_load_fu_642">
<pin_list>
<pin id="643" dir="0" index="0" bw="1" slack="0"/>
<pin id="644" dir="1" index="1" bw="1" slack="2147483647"/>
</pin_list>
<bind>
<opcode="load(27) " fcode="load"/>
<opset="state_execute_alu_results_valid_0_load/1 "/>
</bind>
</comp>

<comp id="646" class="1004" name="store_ln498_store_fu_646">
<pin_list>
<pin id="647" dir="0" index="0" bw="1" slack="0"/>
<pin id="648" dir="0" index="1" bw="1" slack="0"/>
<pin id="649" dir="1" index="2" bw="0" slack="2147483647"/>
</pin_list>
<bind>
<opcode="store(28) " fcode="store"/>
<opset="store_ln498/1 "/>
</bind>
</comp>

<comp id="652" class="1004" name="store_ln499_store_fu_652">
<pin_list>
<pin id="653" dir="0" index="0" bw="1" slack="0"/>
<pin id="654" dir="0" index="1" bw="1" slack="0"/>
<pin id="655" dir="1" index="2" bw="0" slack="2147483647"/>
</pin_list>
<bind>
<opcode="store(28) " fcode="store"/>
<opset="store_ln499/1 "/>
</bind>
</comp>

<comp id="658" class="1004" name="state_execute_alu_results_uop_branch_is_br_0_load_load_fu_658">
<pin_list>
<pin id="659" dir="0" index="0" bw="1" slack="0"/>
<pin id="660" dir="1" index="1" bw="1" slack="0"/>
</pin_list>
<bind>
<opcode="load(27) " fcode="load"/>
<opset="state_execute_alu_results_uop_branch_is_br_0_load/1 "/>
</bind>
</comp>

<comp id="662" class="1004" name="state_execute_alu_results_uop_branch_is_jalr_0_load_load_fu_662">
<pin_list>
<pin id="663" dir="0" index="0" bw="1" slack="0"/>
<pin id="664" dir="1" index="1" bw="1" slack="0"/>
</pin_list>
<bind>
<opcode="load(27) " fcode="load"/>
<opset="state_execute_alu_results_uop_branch_is_jalr_0_load/1 "/>
</bind>
</comp>

<comp id="666" class="1004" name="state_execute_alu_results_uop_branch_is_jal_0_load_load_fu_666">
<pin_list>
<pin id="667" dir="0" index="0" bw="1" slack="0"/>
<pin id="668" dir="1" index="1" bw="1" slack="0"/>
</pin_list>
<bind>
<opcode="load(27) " fcode="load"/>
<opset="state_execute_alu_results_uop_branch_is_jal_0_load/1 "/>
</bind>
</comp>

<comp id="670" class="1004" name="or_ln475_fu_670">
<pin_list>
<pin id="671" dir="0" index="0" bw="1" slack="0"/>
<pin id="672" dir="0" index="1" bw="1" slack="0"/>
<pin id="673" dir="1" index="2" bw="1" slack="0"/>
</pin_list>
<bind>
<opcode="or(24) " fcode="or"/>
<opset="or_ln475/1 "/>
</bind>
</comp>

<comp id="676" class="1004" name="or_ln475_2_fu_676">
<pin_list>
<pin id="677" dir="0" index="0" bw="1" slack="0"/>
<pin id="678" dir="0" index="1" bw="1" slack="0"/>
<pin id="679" dir="1" index="2" bw="1" slack="0"/>
</pin_list>
<bind>
<opcode="or(24) " fcode="or"/>
<opset="or_ln475_2/1 "/>
</bind>
</comp>

<comp id="682" class="1004" name="select_ln475_fu_682">
<pin_list>
<pin id="683" dir="0" index="0" bw="1" slack="0"/>
<pin id="684" dir="0" index="1" bw="3" slack="0"/>
<pin id="685" dir="0" index="2" bw="1" slack="0"/>
<pin id="686" dir="1" index="3" bw="3" slack="0"/>
</pin_list>
<bind>
<opcode="select(49) " fcode="select"/>
<opset="select_ln475/1 "/>
</bind>
</comp>

<comp id="690" class="1004" name="store_ln500_store_fu_690">
<pin_list>
<pin id="691" dir="0" index="0" bw="3" slack="0"/>
<pin id="692" dir="0" index="1" bw="3" slack="0"/>
<pin id="693" dir="1" index="2" bw="0" slack="2147483647"/>
</pin_list>
<bind>
<opcode="store(28) " fcode="store"/>
<opset="store_ln500/1 "/>
</bind>
</comp>

<comp id="696" class="1004" name="state_execute_alu_results_uop_branch_br_mask_0_load_load_fu_696">
<pin_list>
<pin id="697" dir="0" index="0" bw="8" slack="0"/>
<pin id="698" dir="1" index="1" bw="8" slack="0"/>
</pin_list>
<bind>
<opcode="load(27) " fcode="load"/>
<opset="state_execute_alu_results_uop_branch_br_mask_0_load/1 "/>
</bind>
</comp>

<comp id="700" class="1004" name="state_execute_alu_results_uop_branch_br_tag_0_load_load_fu_700">
<pin_list>
<pin id="701" dir="0" index="0" bw="1" slack="0"/>
<pin id="702" dir="1" index="1" bw="1" slack="0"/>
</pin_list>
<bind>
<opcode="load(27) " fcode="load"/>
<opset="state_execute_alu_results_uop_branch_br_tag_0_load/1 "/>
</bind>
</comp>

<comp id="704" class="1004" name="state_execute_alu_results_uop_queue_rob_idx_0_load_load_fu_704">
<pin_list>
<pin id="705" dir="0" index="0" bw="5" slack="0"/>
<pin id="706" dir="1" index="1" bw="5" slack="0"/>
</pin_list>
<bind>
<opcode="load(27) " fcode="load"/>
<opset="state_execute_alu_results_uop_queue_rob_idx_0_load/1 "/>
</bind>
</comp>

<comp id="708" class="1004" name="state_execute_alu_results_uop_queue_rob_allocation_id_0_load_load_fu_708">
<pin_list>
<pin id="709" dir="0" index="0" bw="2" slack="0"/>
<pin id="710" dir="1" index="1" bw="2" slack="0"/>
</pin_list>
<bind>
<opcode="load(27) " fcode="load"/>
<opset="state_execute_alu_results_uop_queue_rob_allocation_id_0_load/1 "/>
</bind>
</comp>

<comp id="712" class="1004" name="state_execute_alu_results_uop_rename_pdst_0_load_load_fu_712">
<pin_list>
<pin id="713" dir="0" index="0" bw="2" slack="0"/>
<pin id="714" dir="1" index="1" bw="2" slack="0"/>
</pin_list>
<bind>
<opcode="load(27) " fcode="load"/>
<opset="state_execute_alu_results_uop_rename_pdst_0_load/1 "/>
</bind>
</comp>

<comp id="716" class="1004" name="store_ln504_store_fu_716">
<pin_list>
<pin id="717" dir="0" index="0" bw="8" slack="0"/>
<pin id="718" dir="0" index="1" bw="8" slack="0"/>
<pin id="719" dir="1" index="2" bw="0" slack="2147483647"/>
</pin_list>
<bind>
<opcode="store(28) " fcode="store"/>
<opset="store_ln504/1 "/>
</bind>
</comp>

<comp id="722" class="1004" name="store_ln504_store_fu_722">
<pin_list>
<pin id="723" dir="0" index="0" bw="1" slack="0"/>
<pin id="724" dir="0" index="1" bw="1" slack="0"/>
<pin id="725" dir="1" index="2" bw="0" slack="2147483647"/>
</pin_list>
<bind>
<opcode="store(28) " fcode="store"/>
<opset="store_ln504/1 "/>
</bind>
</comp>

<comp id="728" class="1004" name="store_ln504_store_fu_728">
<pin_list>
<pin id="729" dir="0" index="0" bw="5" slack="0"/>
<pin id="730" dir="0" index="1" bw="5" slack="0"/>
<pin id="731" dir="1" index="2" bw="0" slack="2147483647"/>
</pin_list>
<bind>
<opcode="store(28) " fcode="store"/>
<opset="store_ln504/1 "/>
</bind>
</comp>

<comp id="734" class="1004" name="store_ln504_store_fu_734">
<pin_list>
<pin id="735" dir="0" index="0" bw="2" slack="0"/>
<pin id="736" dir="0" index="1" bw="2" slack="0"/>
<pin id="737" dir="1" index="2" bw="0" slack="2147483647"/>
</pin_list>
<bind>
<opcode="store(28) " fcode="store"/>
<opset="store_ln504/1 "/>
</bind>
</comp>

<comp id="740" class="1004" name="store_ln504_store_fu_740">
<pin_list>
<pin id="741" dir="0" index="0" bw="2" slack="0"/>
<pin id="742" dir="0" index="1" bw="2" slack="0"/>
<pin id="743" dir="1" index="2" bw="0" slack="2147483647"/>
</pin_list>
<bind>
<opcode="store(28) " fcode="store"/>
<opset="store_ln504/1 "/>
</bind>
</comp>

<comp id="746" class="1004" name="icmp_ln508_fu_746">
<pin_list>
<pin id="747" dir="0" index="0" bw="2" slack="0"/>
<pin id="748" dir="0" index="1" bw="1" slack="0"/>
<pin id="749" dir="1" index="2" bw="1" slack="0"/>
</pin_list>
<bind>
<opcode="icmp(45) " fcode="icmp"/>
<opset="icmp_ln508/1 "/>
</bind>
</comp>

<comp id="752" class="1004" name="store_ln505_store_fu_752">
<pin_list>
<pin id="753" dir="0" index="0" bw="1" slack="0"/>
<pin id="754" dir="0" index="1" bw="1" slack="0"/>
<pin id="755" dir="1" index="2" bw="0" slack="2147483647"/>
</pin_list>
<bind>
<opcode="store(28) " fcode="store"/>
<opset="store_ln505/1 "/>
</bind>
</comp>

<comp id="758" class="1004" name="state_execute_alu_results_result_0_load_load_fu_758">
<pin_list>
<pin id="759" dir="0" index="0" bw="64" slack="0"/>
<pin id="760" dir="1" index="1" bw="64" slack="0"/>
</pin_list>
<bind>
<opcode="load(27) " fcode="load"/>
<opset="state_execute_alu_results_result_0_load/1 "/>
</bind>
</comp>

<comp id="762" class="1004" name="store_ln511_store_fu_762">
<pin_list>
<pin id="763" dir="0" index="0" bw="64" slack="0"/>
<pin id="764" dir="0" index="1" bw="64" slack="0"/>
<pin id="765" dir="1" index="2" bw="0" slack="2147483647"/>
</pin_list>
<bind>
<opcode="store(28) " fcode="store"/>
<opset="store_ln511/1 "/>
</bind>
</comp>

<comp id="768" class="1004" name="store_ln814_store_fu_768">
<pin_list>
<pin id="769" dir="0" index="0" bw="1" slack="0"/>
<pin id="770" dir="0" index="1" bw="1" slack="0"/>
<pin id="771" dir="1" index="2" bw="0" slack="2147483647"/>
</pin_list>
<bind>
<opcode="store(28) " fcode="store"/>
<opset="store_ln814/1 "/>
</bind>
</comp>

<comp id="774" class="1004" name="store_ln814_store_fu_774">
<pin_list>
<pin id="775" dir="0" index="0" bw="1" slack="0"/>
<pin id="776" dir="0" index="1" bw="8" slack="0"/>
<pin id="777" dir="1" index="2" bw="0" slack="2147483647"/>
</pin_list>
<bind>
<opcode="store(28) " fcode="store"/>
<opset="store_ln814/1 "/>
</bind>
</comp>

<comp id="780" class="1004" name="store_ln814_store_fu_780">
<pin_list>
<pin id="781" dir="0" index="0" bw="1" slack="0"/>
<pin id="782" dir="0" index="1" bw="1" slack="0"/>
<pin id="783" dir="1" index="2" bw="0" slack="2147483647"/>
</pin_list>
<bind>
<opcode="store(28) " fcode="store"/>
<opset="store_ln814/1 "/>
</bind>
</comp>

<comp id="786" class="1004" name="store_ln814_store_fu_786">
<pin_list>
<pin id="787" dir="0" index="0" bw="1" slack="0"/>
<pin id="788" dir="0" index="1" bw="1" slack="0"/>
<pin id="789" dir="1" index="2" bw="0" slack="2147483647"/>
</pin_list>
<bind>
<opcode="store(28) " fcode="store"/>
<opset="store_ln814/1 "/>
</bind>
</comp>

<comp id="792" class="1004" name="store_ln814_store_fu_792">
<pin_list>
<pin id="793" dir="0" index="0" bw="1" slack="0"/>
<pin id="794" dir="0" index="1" bw="1" slack="0"/>
<pin id="795" dir="1" index="2" bw="0" slack="2147483647"/>
</pin_list>
<bind>
<opcode="store(28) " fcode="store"/>
<opset="store_ln814/1 "/>
</bind>
</comp>

<comp id="798" class="1004" name="store_ln814_store_fu_798">
<pin_list>
<pin id="799" dir="0" index="0" bw="1" slack="0"/>
<pin id="800" dir="0" index="1" bw="1" slack="0"/>
<pin id="801" dir="1" index="2" bw="0" slack="2147483647"/>
</pin_list>
<bind>
<opcode="store(28) " fcode="store"/>
<opset="store_ln814/1 "/>
</bind>
</comp>

<comp id="804" class="1004" name="store_ln814_store_fu_804">
<pin_list>
<pin id="805" dir="0" index="0" bw="1" slack="0"/>
<pin id="806" dir="0" index="1" bw="5" slack="0"/>
<pin id="807" dir="1" index="2" bw="0" slack="2147483647"/>
</pin_list>
<bind>
<opcode="store(28) " fcode="store"/>
<opset="store_ln814/1 "/>
</bind>
</comp>

<comp id="810" class="1004" name="store_ln814_store_fu_810">
<pin_list>
<pin id="811" dir="0" index="0" bw="1" slack="0"/>
<pin id="812" dir="0" index="1" bw="2" slack="0"/>
<pin id="813" dir="1" index="2" bw="0" slack="2147483647"/>
</pin_list>
<bind>
<opcode="store(28) " fcode="store"/>
<opset="store_ln814/1 "/>
</bind>
</comp>

<comp id="816" class="1004" name="store_ln814_store_fu_816">
<pin_list>
<pin id="817" dir="0" index="0" bw="1" slack="0"/>
<pin id="818" dir="0" index="1" bw="2" slack="0"/>
<pin id="819" dir="1" index="2" bw="0" slack="2147483647"/>
</pin_list>
<bind>
<opcode="store(28) " fcode="store"/>
<opset="store_ln814/1 "/>
</bind>
</comp>

<comp id="822" class="1004" name="store_ln814_store_fu_822">
<pin_list>
<pin id="823" dir="0" index="0" bw="1" slack="0"/>
<pin id="824" dir="0" index="1" bw="64" slack="0"/>
<pin id="825" dir="1" index="2" bw="0" slack="2147483647"/>
</pin_list>
<bind>
<opcode="store(28) " fcode="store"/>
<opset="store_ln814/1 "/>
</bind>
</comp>

<comp id="828" class="1004" name="state_completion_int_execute_valid_load_load_fu_828">
<pin_list>
<pin id="829" dir="0" index="0" bw="1" slack="0"/>
<pin id="830" dir="1" index="1" bw="1" slack="0"/>
</pin_list>
<bind>
<opcode="load(27) " fcode="load"/>
<opset="state_completion_int_execute_valid_load/1 "/>
</bind>
</comp>

<comp id="833" class="1004" name="state_execute_alu_results_valid_1_load_load_fu_833">
<pin_list>
<pin id="834" dir="0" index="0" bw="1" slack="0"/>
<pin id="835" dir="1" index="1" bw="1" slack="2147483647"/>
</pin_list>
<bind>
<opcode="load(27) " fcode="load"/>
<opset="state_execute_alu_results_valid_1_load/1 "/>
</bind>
</comp>

<comp id="837" class="1004" name="store_ln498_store_fu_837">
<pin_list>
<pin id="838" dir="0" index="0" bw="1" slack="0"/>
<pin id="839" dir="0" index="1" bw="1" slack="0"/>
<pin id="840" dir="1" index="2" bw="0" slack="2147483647"/>
</pin_list>
<bind>
<opcode="store(28) " fcode="store"/>
<opset="store_ln498/1 "/>
</bind>
</comp>

<comp id="843" class="1004" name="store_ln499_store_fu_843">
<pin_list>
<pin id="844" dir="0" index="0" bw="2" slack="0"/>
<pin id="845" dir="0" index="1" bw="2" slack="0"/>
<pin id="846" dir="1" index="2" bw="0" slack="2147483647"/>
</pin_list>
<bind>
<opcode="store(28) " fcode="store"/>
<opset="store_ln499/1 "/>
</bind>
</comp>

<comp id="849" class="1004" name="state_execute_alu_results_uop_branch_is_br_1_load_load_fu_849">
<pin_list>
<pin id="850" dir="0" index="0" bw="1" slack="0"/>
<pin id="851" dir="1" index="1" bw="1" slack="0"/>
</pin_list>
<bind>
<opcode="load(27) " fcode="load"/>
<opset="state_execute_alu_results_uop_branch_is_br_1_load/1 "/>
</bind>
</comp>

<comp id="853" class="1004" name="state_execute_alu_results_uop_branch_is_jalr_1_load_load_fu_853">
<pin_list>
<pin id="854" dir="0" index="0" bw="1" slack="0"/>
<pin id="855" dir="1" index="1" bw="1" slack="0"/>
</pin_list>
<bind>
<opcode="load(27) " fcode="load"/>
<opset="state_execute_alu_results_uop_branch_is_jalr_1_load/1 "/>
</bind>
</comp>

<comp id="857" class="1004" name="state_execute_alu_results_uop_branch_is_jal_1_load_load_fu_857">
<pin_list>
<pin id="858" dir="0" index="0" bw="1" slack="0"/>
<pin id="859" dir="1" index="1" bw="1" slack="0"/>
</pin_list>
<bind>
<opcode="load(27) " fcode="load"/>
<opset="state_execute_alu_results_uop_branch_is_jal_1_load/1 "/>
</bind>
</comp>

<comp id="861" class="1004" name="or_ln475_1_fu_861">
<pin_list>
<pin id="862" dir="0" index="0" bw="1" slack="0"/>
<pin id="863" dir="0" index="1" bw="1" slack="0"/>
<pin id="864" dir="1" index="2" bw="1" slack="0"/>
</pin_list>
<bind>
<opcode="or(24) " fcode="or"/>
<opset="or_ln475_1/1 "/>
</bind>
</comp>

<comp id="867" class="1004" name="or_ln475_3_fu_867">
<pin_list>
<pin id="868" dir="0" index="0" bw="1" slack="0"/>
<pin id="869" dir="0" index="1" bw="1" slack="0"/>
<pin id="870" dir="1" index="2" bw="1" slack="0"/>
</pin_list>
<bind>
<opcode="or(24) " fcode="or"/>
<opset="or_ln475_3/1 "/>
</bind>
</comp>

<comp id="873" class="1004" name="select_ln475_1_fu_873">
<pin_list>
<pin id="874" dir="0" index="0" bw="1" slack="0"/>
<pin id="875" dir="0" index="1" bw="3" slack="0"/>
<pin id="876" dir="0" index="2" bw="1" slack="0"/>
<pin id="877" dir="1" index="3" bw="3" slack="0"/>
</pin_list>
<bind>
<opcode="select(49) " fcode="select"/>
<opset="select_ln475_1/1 "/>
</bind>
</comp>

<comp id="881" class="1004" name="store_ln500_store_fu_881">
<pin_list>
<pin id="882" dir="0" index="0" bw="3" slack="0"/>
<pin id="883" dir="0" index="1" bw="3" slack="0"/>
<pin id="884" dir="1" index="2" bw="0" slack="2147483647"/>
</pin_list>
<bind>
<opcode="store(28) " fcode="store"/>
<opset="store_ln500/1 "/>
</bind>
</comp>

<comp id="887" class="1004" name="state_execute_alu_results_uop_branch_br_mask_1_load_load_fu_887">
<pin_list>
<pin id="888" dir="0" index="0" bw="8" slack="0"/>
<pin id="889" dir="1" index="1" bw="8" slack="0"/>
</pin_list>
<bind>
<opcode="load(27) " fcode="load"/>
<opset="state_execute_alu_results_uop_branch_br_mask_1_load/1 "/>
</bind>
</comp>

<comp id="891" class="1004" name="state_execute_alu_results_uop_branch_br_tag_1_load_load_fu_891">
<pin_list>
<pin id="892" dir="0" index="0" bw="1" slack="0"/>
<pin id="893" dir="1" index="1" bw="1" slack="0"/>
</pin_list>
<bind>
<opcode="load(27) " fcode="load"/>
<opset="state_execute_alu_results_uop_branch_br_tag_1_load/1 "/>
</bind>
</comp>

<comp id="895" class="1004" name="state_execute_alu_results_uop_queue_rob_idx_1_load_load_fu_895">
<pin_list>
<pin id="896" dir="0" index="0" bw="5" slack="0"/>
<pin id="897" dir="1" index="1" bw="5" slack="0"/>
</pin_list>
<bind>
<opcode="load(27) " fcode="load"/>
<opset="state_execute_alu_results_uop_queue_rob_idx_1_load/1 "/>
</bind>
</comp>

<comp id="899" class="1004" name="state_execute_alu_results_uop_queue_rob_allocation_id_1_load_load_fu_899">
<pin_list>
<pin id="900" dir="0" index="0" bw="2" slack="0"/>
<pin id="901" dir="1" index="1" bw="2" slack="0"/>
</pin_list>
<bind>
<opcode="load(27) " fcode="load"/>
<opset="state_execute_alu_results_uop_queue_rob_allocation_id_1_load/1 "/>
</bind>
</comp>

<comp id="903" class="1004" name="state_execute_alu_results_uop_rename_pdst_1_load_load_fu_903">
<pin_list>
<pin id="904" dir="0" index="0" bw="3" slack="0"/>
<pin id="905" dir="1" index="1" bw="3" slack="0"/>
</pin_list>
<bind>
<opcode="load(27) " fcode="load"/>
<opset="state_execute_alu_results_uop_rename_pdst_1_load/1 "/>
</bind>
</comp>

<comp id="907" class="1004" name="store_ln504_store_fu_907">
<pin_list>
<pin id="908" dir="0" index="0" bw="8" slack="0"/>
<pin id="909" dir="0" index="1" bw="8" slack="0"/>
<pin id="910" dir="1" index="2" bw="0" slack="2147483647"/>
</pin_list>
<bind>
<opcode="store(28) " fcode="store"/>
<opset="store_ln504/1 "/>
</bind>
</comp>

<comp id="913" class="1004" name="store_ln504_store_fu_913">
<pin_list>
<pin id="914" dir="0" index="0" bw="1" slack="0"/>
<pin id="915" dir="0" index="1" bw="1" slack="0"/>
<pin id="916" dir="1" index="2" bw="0" slack="2147483647"/>
</pin_list>
<bind>
<opcode="store(28) " fcode="store"/>
<opset="store_ln504/1 "/>
</bind>
</comp>

<comp id="919" class="1004" name="store_ln504_store_fu_919">
<pin_list>
<pin id="920" dir="0" index="0" bw="5" slack="0"/>
<pin id="921" dir="0" index="1" bw="5" slack="0"/>
<pin id="922" dir="1" index="2" bw="0" slack="2147483647"/>
</pin_list>
<bind>
<opcode="store(28) " fcode="store"/>
<opset="store_ln504/1 "/>
</bind>
</comp>

<comp id="925" class="1004" name="store_ln504_store_fu_925">
<pin_list>
<pin id="926" dir="0" index="0" bw="2" slack="0"/>
<pin id="927" dir="0" index="1" bw="2" slack="0"/>
<pin id="928" dir="1" index="2" bw="0" slack="2147483647"/>
</pin_list>
<bind>
<opcode="store(28) " fcode="store"/>
<opset="store_ln504/1 "/>
</bind>
</comp>

<comp id="931" class="1004" name="store_ln504_store_fu_931">
<pin_list>
<pin id="932" dir="0" index="0" bw="3" slack="0"/>
<pin id="933" dir="0" index="1" bw="3" slack="0"/>
<pin id="934" dir="1" index="2" bw="0" slack="2147483647"/>
</pin_list>
<bind>
<opcode="store(28) " fcode="store"/>
<opset="store_ln504/1 "/>
</bind>
</comp>

<comp id="937" class="1004" name="icmp_ln508_1_fu_937">
<pin_list>
<pin id="938" dir="0" index="0" bw="3" slack="0"/>
<pin id="939" dir="0" index="1" bw="1" slack="0"/>
<pin id="940" dir="1" index="2" bw="1" slack="0"/>
</pin_list>
<bind>
<opcode="icmp(45) " fcode="icmp"/>
<opset="icmp_ln508_1/1 "/>
</bind>
</comp>

<comp id="943" class="1004" name="store_ln505_store_fu_943">
<pin_list>
<pin id="944" dir="0" index="0" bw="1" slack="0"/>
<pin id="945" dir="0" index="1" bw="1" slack="0"/>
<pin id="946" dir="1" index="2" bw="0" slack="2147483647"/>
</pin_list>
<bind>
<opcode="store(28) " fcode="store"/>
<opset="store_ln505/1 "/>
</bind>
</comp>

<comp id="949" class="1004" name="state_execute_alu_results_result_1_load_load_fu_949">
<pin_list>
<pin id="950" dir="0" index="0" bw="64" slack="0"/>
<pin id="951" dir="1" index="1" bw="64" slack="0"/>
</pin_list>
<bind>
<opcode="load(27) " fcode="load"/>
<opset="state_execute_alu_results_result_1_load/1 "/>
</bind>
</comp>

<comp id="953" class="1004" name="store_ln511_store_fu_953">
<pin_list>
<pin id="954" dir="0" index="0" bw="64" slack="0"/>
<pin id="955" dir="0" index="1" bw="64" slack="0"/>
<pin id="956" dir="1" index="2" bw="0" slack="2147483647"/>
</pin_list>
<bind>
<opcode="store(28) " fcode="store"/>
<opset="store_ln511/1 "/>
</bind>
</comp>

<comp id="959" class="1004" name="store_ln821_store_fu_959">
<pin_list>
<pin id="960" dir="0" index="0" bw="1" slack="0"/>
<pin id="961" dir="0" index="1" bw="1" slack="0"/>
<pin id="962" dir="1" index="2" bw="0" slack="2147483647"/>
</pin_list>
<bind>
<opcode="store(28) " fcode="store"/>
<opset="store_ln821/1 "/>
</bind>
</comp>

<comp id="965" class="1004" name="store_ln821_store_fu_965">
<pin_list>
<pin id="966" dir="0" index="0" bw="1" slack="0"/>
<pin id="967" dir="0" index="1" bw="8" slack="0"/>
<pin id="968" dir="1" index="2" bw="0" slack="2147483647"/>
</pin_list>
<bind>
<opcode="store(28) " fcode="store"/>
<opset="store_ln821/1 "/>
</bind>
</comp>

<comp id="971" class="1004" name="store_ln821_store_fu_971">
<pin_list>
<pin id="972" dir="0" index="0" bw="1" slack="0"/>
<pin id="973" dir="0" index="1" bw="1" slack="0"/>
<pin id="974" dir="1" index="2" bw="0" slack="2147483647"/>
</pin_list>
<bind>
<opcode="store(28) " fcode="store"/>
<opset="store_ln821/1 "/>
</bind>
</comp>

<comp id="977" class="1004" name="store_ln821_store_fu_977">
<pin_list>
<pin id="978" dir="0" index="0" bw="1" slack="0"/>
<pin id="979" dir="0" index="1" bw="1" slack="0"/>
<pin id="980" dir="1" index="2" bw="0" slack="2147483647"/>
</pin_list>
<bind>
<opcode="store(28) " fcode="store"/>
<opset="store_ln821/1 "/>
</bind>
</comp>

<comp id="983" class="1004" name="store_ln821_store_fu_983">
<pin_list>
<pin id="984" dir="0" index="0" bw="1" slack="0"/>
<pin id="985" dir="0" index="1" bw="1" slack="0"/>
<pin id="986" dir="1" index="2" bw="0" slack="2147483647"/>
</pin_list>
<bind>
<opcode="store(28) " fcode="store"/>
<opset="store_ln821/1 "/>
</bind>
</comp>

<comp id="989" class="1004" name="store_ln821_store_fu_989">
<pin_list>
<pin id="990" dir="0" index="0" bw="1" slack="0"/>
<pin id="991" dir="0" index="1" bw="1" slack="0"/>
<pin id="992" dir="1" index="2" bw="0" slack="2147483647"/>
</pin_list>
<bind>
<opcode="store(28) " fcode="store"/>
<opset="store_ln821/1 "/>
</bind>
</comp>

<comp id="995" class="1004" name="store_ln821_store_fu_995">
<pin_list>
<pin id="996" dir="0" index="0" bw="1" slack="0"/>
<pin id="997" dir="0" index="1" bw="5" slack="0"/>
<pin id="998" dir="1" index="2" bw="0" slack="2147483647"/>
</pin_list>
<bind>
<opcode="store(28) " fcode="store"/>
<opset="store_ln821/1 "/>
</bind>
</comp>

<comp id="1001" class="1004" name="store_ln821_store_fu_1001">
<pin_list>
<pin id="1002" dir="0" index="0" bw="1" slack="0"/>
<pin id="1003" dir="0" index="1" bw="2" slack="0"/>
<pin id="1004" dir="1" index="2" bw="0" slack="2147483647"/>
</pin_list>
<bind>
<opcode="store(28) " fcode="store"/>
<opset="store_ln821/1 "/>
</bind>
</comp>

<comp id="1007" class="1004" name="store_ln821_store_fu_1007">
<pin_list>
<pin id="1008" dir="0" index="0" bw="1" slack="0"/>
<pin id="1009" dir="0" index="1" bw="3" slack="0"/>
<pin id="1010" dir="1" index="2" bw="0" slack="2147483647"/>
</pin_list>
<bind>
<opcode="store(28) " fcode="store"/>
<opset="store_ln821/1 "/>
</bind>
</comp>

<comp id="1013" class="1004" name="store_ln821_store_fu_1013">
<pin_list>
<pin id="1014" dir="0" index="0" bw="1" slack="0"/>
<pin id="1015" dir="0" index="1" bw="64" slack="0"/>
<pin id="1016" dir="1" index="2" bw="0" slack="2147483647"/>
</pin_list>
<bind>
<opcode="store(28) " fcode="store"/>
<opset="store_ln821/1 "/>
</bind>
</comp>

<comp id="1019" class="1004" name="store_ln824_store_fu_1019">
<pin_list>
<pin id="1020" dir="0" index="0" bw="1" slack="0"/>
<pin id="1021" dir="0" index="1" bw="8" slack="0"/>
<pin id="1022" dir="1" index="2" bw="0" slack="2147483647"/>
</pin_list>
<bind>
<opcode="store(28) " fcode="store"/>
<opset="store_ln824/1 "/>
</bind>
</comp>

<comp id="1025" class="1004" name="ports_kind_1_load_fu_1025">
<pin_list>
<pin id="1026" dir="0" index="0" bw="3" slack="0"/>
<pin id="1027" dir="1" index="1" bw="3" slack="0"/>
</pin_list>
<bind>
<opcode="load(27) " fcode="load"/>
<opset="ports_kind_1/1 "/>
</bind>
</comp>

<comp id="1029" class="1004" name="zext_ln667_fu_1029">
<pin_list>
<pin id="1030" dir="0" index="0" bw="3" slack="0"/>
<pin id="1031" dir="1" index="1" bw="8" slack="4"/>
</pin_list>
<bind>
<opcode="zext(34) " fcode="zext"/>
<opset="zext_ln667/1 "/>
</bind>
</comp>

<comp id="1033" class="1004" name="ports_source_1_load_fu_1033">
<pin_list>
<pin id="1034" dir="0" index="0" bw="1" slack="0"/>
<pin id="1035" dir="1" index="1" bw="1" slack="0"/>
</pin_list>
<bind>
<opcode="load(27) " fcode="load"/>
<opset="ports_source_1/1 "/>
</bind>
</comp>

<comp id="1037" class="1004" name="zext_ln667_4_fu_1037">
<pin_list>
<pin id="1038" dir="0" index="0" bw="1" slack="0"/>
<pin id="1039" dir="1" index="1" bw="8" slack="4"/>
</pin_list>
<bind>
<opcode="zext(34) " fcode="zext"/>
<opset="zext_ln667_4/1 "/>
</bind>
</comp>

<comp id="1041" class="1004" name="ports_uop_branch_br_mask_1_load_fu_1041">
<pin_list>
<pin id="1042" dir="0" index="0" bw="8" slack="0"/>
<pin id="1043" dir="1" index="1" bw="8" slack="7"/>
</pin_list>
<bind>
<opcode="load(27) " fcode="load"/>
<opset="ports_uop_branch_br_mask_1/1 "/>
</bind>
</comp>

<comp id="1045" class="1004" name="ports_uop_queue_rob_idx_1_load_fu_1045">
<pin_list>
<pin id="1046" dir="0" index="0" bw="5" slack="0"/>
<pin id="1047" dir="1" index="1" bw="5" slack="0"/>
</pin_list>
<bind>
<opcode="load(27) " fcode="load"/>
<opset="ports_uop_queue_rob_idx_1/1 "/>
</bind>
</comp>

<comp id="1049" class="1004" name="zext_ln667_5_fu_1049">
<pin_list>
<pin id="1050" dir="0" index="0" bw="5" slack="0"/>
<pin id="1051" dir="1" index="1" bw="8" slack="4"/>
</pin_list>
<bind>
<opcode="zext(34) " fcode="zext"/>
<opset="zext_ln667_5/1 "/>
</bind>
</comp>

<comp id="1053" class="1004" name="ports_uop_queue_rob_allocation_id_1_load_fu_1053">
<pin_list>
<pin id="1054" dir="0" index="0" bw="2" slack="0"/>
<pin id="1055" dir="1" index="1" bw="2" slack="0"/>
</pin_list>
<bind>
<opcode="load(27) " fcode="load"/>
<opset="ports_uop_queue_rob_allocation_id_1/1 "/>
</bind>
</comp>

<comp id="1057" class="1004" name="zext_ln667_6_fu_1057">
<pin_list>
<pin id="1058" dir="0" index="0" bw="2" slack="0"/>
<pin id="1059" dir="1" index="1" bw="32" slack="4"/>
</pin_list>
<bind>
<opcode="zext(34) " fcode="zext"/>
<opset="zext_ln667_6/1 "/>
</bind>
</comp>

<comp id="1061" class="1004" name="ports_uop_rename_pdst_1_load_fu_1061">
<pin_list>
<pin id="1062" dir="0" index="0" bw="2" slack="0"/>
<pin id="1063" dir="1" index="1" bw="2" slack="0"/>
</pin_list>
<bind>
<opcode="load(27) " fcode="load"/>
<opset="ports_uop_rename_pdst_1/1 "/>
</bind>
</comp>

<comp id="1065" class="1004" name="zext_ln667_7_fu_1065">
<pin_list>
<pin id="1066" dir="0" index="0" bw="2" slack="0"/>
<pin id="1067" dir="1" index="1" bw="8" slack="7"/>
</pin_list>
<bind>
<opcode="zext(34) " fcode="zext"/>
<opset="zext_ln667_7/1 "/>
</bind>
</comp>

<comp id="1069" class="1004" name="zext_ln667_8_fu_1069">
<pin_list>
<pin id="1070" dir="0" index="0" bw="2" slack="0"/>
<pin id="1071" dir="1" index="1" bw="3" slack="6"/>
</pin_list>
<bind>
<opcode="zext(34) " fcode="zext"/>
<opset="zext_ln667_8/1 "/>
</bind>
</comp>

<comp id="1073" class="1004" name="ports_writes_prf_1_load_fu_1073">
<pin_list>
<pin id="1074" dir="0" index="0" bw="1" slack="0"/>
<pin id="1075" dir="1" index="1" bw="1" slack="6"/>
</pin_list>
<bind>
<opcode="load(27) " fcode="load"/>
<opset="ports_writes_prf_1/1 "/>
</bind>
</comp>

<comp id="1077" class="1004" name="ports_value_1_load_fu_1077">
<pin_list>
<pin id="1078" dir="0" index="0" bw="64" slack="0"/>
<pin id="1079" dir="1" index="1" bw="64" slack="6"/>
</pin_list>
<bind>
<opcode="load(27) " fcode="load"/>
<opset="ports_value_1/1 "/>
</bind>
</comp>

<comp id="1081" class="1004" name="ports_kind_2_load_fu_1081">
<pin_list>
<pin id="1082" dir="0" index="0" bw="3" slack="0"/>
<pin id="1083" dir="1" index="1" bw="3" slack="0"/>
</pin_list>
<bind>
<opcode="load(27) " fcode="load"/>
<opset="ports_kind_2/1 "/>
</bind>
</comp>

<comp id="1085" class="1004" name="zext_ln668_fu_1085">
<pin_list>
<pin id="1086" dir="0" index="0" bw="3" slack="0"/>
<pin id="1087" dir="1" index="1" bw="8" slack="4"/>
</pin_list>
<bind>
<opcode="zext(34) " fcode="zext"/>
<opset="zext_ln668/1 "/>
</bind>
</comp>

<comp id="1089" class="1004" name="ports_source_2_load_fu_1089">
<pin_list>
<pin id="1090" dir="0" index="0" bw="2" slack="0"/>
<pin id="1091" dir="1" index="1" bw="2" slack="0"/>
</pin_list>
<bind>
<opcode="load(27) " fcode="load"/>
<opset="ports_source_2/1 "/>
</bind>
</comp>

<comp id="1093" class="1004" name="zext_ln668_4_fu_1093">
<pin_list>
<pin id="1094" dir="0" index="0" bw="2" slack="0"/>
<pin id="1095" dir="1" index="1" bw="8" slack="4"/>
</pin_list>
<bind>
<opcode="zext(34) " fcode="zext"/>
<opset="zext_ln668_4/1 "/>
</bind>
</comp>

<comp id="1097" class="1004" name="ports_uop_branch_br_mask_2_load_fu_1097">
<pin_list>
<pin id="1098" dir="0" index="0" bw="8" slack="0"/>
<pin id="1099" dir="1" index="1" bw="8" slack="7"/>
</pin_list>
<bind>
<opcode="load(27) " fcode="load"/>
<opset="ports_uop_branch_br_mask_2/1 "/>
</bind>
</comp>

<comp id="1101" class="1004" name="ports_uop_queue_rob_idx_2_load_fu_1101">
<pin_list>
<pin id="1102" dir="0" index="0" bw="5" slack="0"/>
<pin id="1103" dir="1" index="1" bw="5" slack="0"/>
</pin_list>
<bind>
<opcode="load(27) " fcode="load"/>
<opset="ports_uop_queue_rob_idx_2/1 "/>
</bind>
</comp>

<comp id="1105" class="1004" name="zext_ln668_5_fu_1105">
<pin_list>
<pin id="1106" dir="0" index="0" bw="5" slack="0"/>
<pin id="1107" dir="1" index="1" bw="8" slack="4"/>
</pin_list>
<bind>
<opcode="zext(34) " fcode="zext"/>
<opset="zext_ln668_5/1 "/>
</bind>
</comp>

<comp id="1109" class="1004" name="ports_uop_queue_rob_allocation_id_2_load_fu_1109">
<pin_list>
<pin id="1110" dir="0" index="0" bw="2" slack="0"/>
<pin id="1111" dir="1" index="1" bw="2" slack="0"/>
</pin_list>
<bind>
<opcode="load(27) " fcode="load"/>
<opset="ports_uop_queue_rob_allocation_id_2/1 "/>
</bind>
</comp>

<comp id="1113" class="1004" name="zext_ln668_6_fu_1113">
<pin_list>
<pin id="1114" dir="0" index="0" bw="2" slack="0"/>
<pin id="1115" dir="1" index="1" bw="32" slack="4"/>
</pin_list>
<bind>
<opcode="zext(34) " fcode="zext"/>
<opset="zext_ln668_6/1 "/>
</bind>
</comp>

<comp id="1117" class="1004" name="ports_uop_rename_pdst_2_load_fu_1117">
<pin_list>
<pin id="1118" dir="0" index="0" bw="3" slack="0"/>
<pin id="1119" dir="1" index="1" bw="3" slack="0"/>
</pin_list>
<bind>
<opcode="load(27) " fcode="load"/>
<opset="ports_uop_rename_pdst_2/1 "/>
</bind>
</comp>

<comp id="1121" class="1004" name="zext_ln668_7_fu_1121">
<pin_list>
<pin id="1122" dir="0" index="0" bw="3" slack="0"/>
<pin id="1123" dir="1" index="1" bw="8" slack="7"/>
</pin_list>
<bind>
<opcode="zext(34) " fcode="zext"/>
<opset="zext_ln668_7/1 "/>
</bind>
</comp>

<comp id="1125" class="1004" name="ports_writes_prf_2_load_fu_1125">
<pin_list>
<pin id="1126" dir="0" index="0" bw="1" slack="0"/>
<pin id="1127" dir="1" index="1" bw="1" slack="6"/>
</pin_list>
<bind>
<opcode="load(27) " fcode="load"/>
<opset="ports_writes_prf_2/1 "/>
</bind>
</comp>

<comp id="1129" class="1004" name="ports_value_2_load_fu_1129">
<pin_list>
<pin id="1130" dir="0" index="0" bw="64" slack="0"/>
<pin id="1131" dir="1" index="1" bw="64" slack="6"/>
</pin_list>
<bind>
<opcode="load(27) " fcode="load"/>
<opset="ports_value_2/1 "/>
</bind>
</comp>

<comp id="1133" class="1004" name="store_ln684_store_fu_1133">
<pin_list>
<pin id="1134" dir="0" index="0" bw="1" slack="0"/>
<pin id="1135" dir="0" index="1" bw="2" slack="0"/>
<pin id="1136" dir="1" index="2" bw="0" slack="2147483647"/>
</pin_list>
<bind>
<opcode="store(28) " fcode="store"/>
<opset="store_ln684/1 "/>
</bind>
</comp>

<comp id="1138" class="1004" name="i_24_load_fu_1138">
<pin_list>
<pin id="1139" dir="0" index="0" bw="2" slack="1"/>
<pin id="1140" dir="1" index="1" bw="2" slack="0"/>
</pin_list>
<bind>
<opcode="load(27) " fcode="load"/>
<opset="i_24/2 "/>
</bind>
</comp>

<comp id="1141" class="1004" name="icmp_ln684_fu_1141">
<pin_list>
<pin id="1142" dir="0" index="0" bw="2" slack="0"/>
<pin id="1143" dir="0" index="1" bw="1" slack="0"/>
<pin id="1144" dir="1" index="2" bw="1" slack="2147483647"/>
</pin_list>
<bind>
<opcode="icmp(45) " fcode="icmp"/>
<opset="icmp_ln684/2 "/>
</bind>
</comp>

<comp id="1147" class="1004" name="add_ln684_fu_1147">
<pin_list>
<pin id="1148" dir="0" index="0" bw="2" slack="0"/>
<pin id="1149" dir="0" index="1" bw="1" slack="0"/>
<pin id="1150" dir="1" index="2" bw="2" slack="0"/>
</pin_list>
<bind>
<opcode="add(8) " fcode="add"/>
<opset="add_ln684/2 "/>
</bind>
</comp>

<comp id="1153" class="1004" name="store_ln685_store_fu_1153">
<pin_list>
<pin id="1154" dir="0" index="0" bw="1" slack="0"/>
<pin id="1155" dir="0" index="1" bw="8" slack="0"/>
<pin id="1156" dir="1" index="2" bw="0" slack="2147483647"/>
</pin_list>
<bind>
<opcode="store(28) " fcode="store"/>
<opset="store_ln685/2 "/>
</bind>
</comp>

<comp id="1159" class="1004" name="store_ln685_store_fu_1159">
<pin_list>
<pin id="1160" dir="0" index="0" bw="1" slack="0"/>
<pin id="1161" dir="0" index="1" bw="8" slack="0"/>
<pin id="1162" dir="1" index="2" bw="0" slack="2147483647"/>
</pin_list>
<bind>
<opcode="store(28) " fcode="store"/>
<opset="store_ln685/2 "/>
</bind>
</comp>

<comp id="1165" class="1004" name="store_ln685_store_fu_1165">
<pin_list>
<pin id="1166" dir="0" index="0" bw="1" slack="0"/>
<pin id="1167" dir="0" index="1" bw="8" slack="0"/>
<pin id="1168" dir="1" index="2" bw="0" slack="2147483647"/>
</pin_list>
<bind>
<opcode="store(28) " fcode="store"/>
<opset="store_ln685/2 "/>
</bind>
</comp>

<comp id="1171" class="1004" name="store_ln684_store_fu_1171">
<pin_list>
<pin id="1172" dir="0" index="0" bw="2" slack="0"/>
<pin id="1173" dir="0" index="1" bw="2" slack="1"/>
<pin id="1174" dir="1" index="2" bw="0" slack="2147483647"/>
</pin_list>
<bind>
<opcode="store(28) " fcode="store"/>
<opset="store_ln684/2 "/>
</bind>
</comp>

<comp id="1176" class="1004" name="store_ln686_store_fu_1176">
<pin_list>
<pin id="1177" dir="0" index="0" bw="1" slack="0"/>
<pin id="1178" dir="0" index="1" bw="2" slack="0"/>
<pin id="1179" dir="1" index="2" bw="0" slack="2147483647"/>
</pin_list>
<bind>
<opcode="store(28) " fcode="store"/>
<opset="store_ln686/2 "/>
</bind>
</comp>

<comp id="1181" class="1004" name="i_25_load_fu_1181">
<pin_list>
<pin id="1182" dir="0" index="0" bw="2" slack="1"/>
<pin id="1183" dir="1" index="1" bw="2" slack="0"/>
</pin_list>
<bind>
<opcode="load(27) " fcode="load"/>
<opset="i_25/3 "/>
</bind>
</comp>

<comp id="1184" class="1004" name="icmp_ln686_fu_1184">
<pin_list>
<pin id="1185" dir="0" index="0" bw="2" slack="0"/>
<pin id="1186" dir="0" index="1" bw="1" slack="0"/>
<pin id="1187" dir="1" index="2" bw="1" slack="2147483647"/>
</pin_list>
<bind>
<opcode="icmp(45) " fcode="icmp"/>
<opset="icmp_ln686/3 "/>
</bind>
</comp>

<comp id="1190" class="1004" name="add_ln686_fu_1190">
<pin_list>
<pin id="1191" dir="0" index="0" bw="2" slack="0"/>
<pin id="1192" dir="0" index="1" bw="1" slack="0"/>
<pin id="1193" dir="1" index="2" bw="2" slack="0"/>
</pin_list>
<bind>
<opcode="add(8) " fcode="add"/>
<opset="add_ln686/3 "/>
</bind>
</comp>

<comp id="1196" class="1004" name="store_ln687_store_fu_1196">
<pin_list>
<pin id="1197" dir="0" index="0" bw="1" slack="0"/>
<pin id="1198" dir="0" index="1" bw="8" slack="0"/>
<pin id="1199" dir="1" index="2" bw="0" slack="2147483647"/>
</pin_list>
<bind>
<opcode="store(28) " fcode="store"/>
<opset="store_ln687/3 "/>
</bind>
</comp>

<comp id="1202" class="1004" name="store_ln687_store_fu_1202">
<pin_list>
<pin id="1203" dir="0" index="0" bw="1" slack="0"/>
<pin id="1204" dir="0" index="1" bw="8" slack="0"/>
<pin id="1205" dir="1" index="2" bw="0" slack="2147483647"/>
</pin_list>
<bind>
<opcode="store(28) " fcode="store"/>
<opset="store_ln687/3 "/>
</bind>
</comp>

<comp id="1208" class="1004" name="store_ln687_store_fu_1208">
<pin_list>
<pin id="1209" dir="0" index="0" bw="1" slack="0"/>
<pin id="1210" dir="0" index="1" bw="8" slack="0"/>
<pin id="1211" dir="1" index="2" bw="0" slack="2147483647"/>
</pin_list>
<bind>
<opcode="store(28) " fcode="store"/>
<opset="store_ln687/3 "/>
</bind>
</comp>

<comp id="1214" class="1004" name="store_ln686_store_fu_1214">
<pin_list>
<pin id="1215" dir="0" index="0" bw="2" slack="0"/>
<pin id="1216" dir="0" index="1" bw="2" slack="1"/>
<pin id="1217" dir="1" index="2" bw="0" slack="2147483647"/>
</pin_list>
<bind>
<opcode="store(28) " fcode="store"/>
<opset="store_ln686/3 "/>
</bind>
</comp>

<comp id="1219" class="1004" name="store_ln691_store_fu_1219">
<pin_list>
<pin id="1220" dir="0" index="0" bw="1" slack="0"/>
<pin id="1221" dir="0" index="1" bw="2" slack="0"/>
<pin id="1222" dir="1" index="2" bw="0" slack="2147483647"/>
</pin_list>
<bind>
<opcode="store(28) " fcode="store"/>
<opset="store_ln691/3 "/>
</bind>
</comp>

<comp id="1224" class="1004" name="i_26_load_fu_1224">
<pin_list>
<pin id="1225" dir="0" index="0" bw="2" slack="1"/>
<pin id="1226" dir="1" index="1" bw="2" slack="0"/>
</pin_list>
<bind>
<opcode="load(27) " fcode="load"/>
<opset="i_26/4 "/>
</bind>
</comp>

<comp id="1227" class="1004" name="rejected_1_0_load_load_fu_1227">
<pin_list>
<pin id="1228" dir="0" index="0" bw="1" slack="1"/>
<pin id="1229" dir="1" index="1" bw="1" slack="2"/>
</pin_list>
<bind>
<opcode="load(27) " fcode="load"/>
<opset="rejected_1_0_load/4 "/>
</bind>
</comp>

<comp id="1230" class="1004" name="rejected_2_0_load_load_fu_1230">
<pin_list>
<pin id="1231" dir="0" index="0" bw="1" slack="1"/>
<pin id="1232" dir="1" index="1" bw="1" slack="2"/>
</pin_list>
<bind>
<opcode="load(27) " fcode="load"/>
<opset="rejected_2_0_load/4 "/>
</bind>
</comp>

<comp id="1233" class="1004" name="usable_2_1_load_load_fu_1233">
<pin_list>
<pin id="1234" dir="0" index="0" bw="1" slack="1"/>
<pin id="1235" dir="1" index="1" bw="1" slack="1"/>
</pin_list>
<bind>
<opcode="load(27) " fcode="load"/>
<opset="usable_2_1_load/4 "/>
</bind>
</comp>

<comp id="1236" class="1004" name="usable_2_3_load_load_fu_1236">
<pin_list>
<pin id="1237" dir="0" index="0" bw="1" slack="1"/>
<pin id="1238" dir="1" index="1" bw="1" slack="1"/>
</pin_list>
<bind>
<opcode="load(27) " fcode="load"/>
<opset="usable_2_3_load/4 "/>
</bind>
</comp>

<comp id="1239" class="1004" name="usable_2_10_load_fu_1239">
<pin_list>
<pin id="1240" dir="0" index="0" bw="1" slack="1"/>
<pin id="1241" dir="1" index="1" bw="1" slack="1"/>
</pin_list>
<bind>
<opcode="load(27) " fcode="load"/>
<opset="usable_2_10/4 "/>
</bind>
</comp>

<comp id="1242" class="1004" name="icmp_ln691_fu_1242">
<pin_list>
<pin id="1243" dir="0" index="0" bw="2" slack="0"/>
<pin id="1244" dir="0" index="1" bw="1" slack="0"/>
<pin id="1245" dir="1" index="2" bw="1" slack="2147483647"/>
</pin_list>
<bind>
<opcode="icmp(45) " fcode="icmp"/>
<opset="icmp_ln691/4 "/>
</bind>
</comp>

<comp id="1248" class="1004" name="add_ln691_fu_1248">
<pin_list>
<pin id="1249" dir="0" index="0" bw="2" slack="0"/>
<pin id="1250" dir="0" index="1" bw="1" slack="0"/>
<pin id="1251" dir="1" index="2" bw="2" slack="3"/>
</pin_list>
<bind>
<opcode="add(8) " fcode="add"/>
<opset="add_ln691/4 "/>
</bind>
</comp>

<comp id="1254" class="1004" name="state_rob_head_load_load_fu_1254">
<pin_list>
<pin id="1255" dir="0" index="0" bw="5" slack="0"/>
<pin id="1256" dir="1" index="1" bw="5" slack="2147483647"/>
</pin_list>
<bind>
<opcode="load(27) " fcode="load"/>
<opset="state_rob_head_load/4 "/>
</bind>
</comp>

<comp id="1258" class="1004" name="store_ln698_store_fu_1258">
<pin_list>
<pin id="1259" dir="0" index="0" bw="1" slack="0"/>
<pin id="1260" dir="0" index="1" bw="1" slack="0"/>
<pin id="1261" dir="1" index="2" bw="0" slack="2147483647"/>
</pin_list>
<bind>
<opcode="store(28) " fcode="store"/>
<opset="store_ln698/4 "/>
</bind>
</comp>

<comp id="1263" class="1004" name="store_ln698_store_fu_1263">
<pin_list>
<pin id="1264" dir="0" index="0" bw="7" slack="0"/>
<pin id="1265" dir="0" index="1" bw="8" slack="0"/>
<pin id="1266" dir="1" index="2" bw="0" slack="2147483647"/>
</pin_list>
<bind>
<opcode="store(28) " fcode="store"/>
<opset="store_ln698/4 "/>
</bind>
</comp>

<comp id="1268" class="1004" name="store_ln698_store_fu_1268">
<pin_list>
<pin id="1269" dir="0" index="0" bw="1" slack="0"/>
<pin id="1270" dir="0" index="1" bw="2" slack="0"/>
<pin id="1271" dir="1" index="2" bw="0" slack="2147483647"/>
</pin_list>
<bind>
<opcode="store(28) " fcode="store"/>
<opset="store_ln698/4 "/>
</bind>
</comp>

<comp id="1273" class="1004" name="phi_ln675_1_fu_1273">
<pin_list>
<pin id="1274" dir="0" index="0" bw="8" slack="0"/>
<pin id="1275" dir="0" index="1" bw="1" slack="0"/>
<pin id="1276" dir="0" index="2" bw="3" slack="4"/>
<pin id="1277" dir="0" index="3" bw="3" slack="4"/>
<pin id="1278" dir="0" index="4" bw="1" slack="0"/>
<pin id="1279" dir="0" index="5" bw="2" slack="2147483647"/>
<pin id="1280" dir="1" index="6" bw="8" slack="0"/>
</pin_list>
<bind>
<opcode="mux(1196) " fcode="mux"/>
<opset="phi_ln675_1/5 "/>
</bind>
</comp>

<comp id="1285" class="1004" name="phi_ln675_2_fu_1285">
<pin_list>
<pin id="1286" dir="0" index="0" bw="8" slack="0"/>
<pin id="1287" dir="0" index="1" bw="1" slack="0"/>
<pin id="1288" dir="0" index="2" bw="1" slack="4"/>
<pin id="1289" dir="0" index="3" bw="2" slack="4"/>
<pin id="1290" dir="0" index="4" bw="1" slack="0"/>
<pin id="1291" dir="0" index="5" bw="2" slack="2147483647"/>
<pin id="1292" dir="1" index="6" bw="8" slack="0"/>
</pin_list>
<bind>
<opcode="mux(1196) " fcode="mux"/>
<opset="phi_ln675_2/5 "/>
</bind>
</comp>

<comp id="1297" class="1004" name="phi_ln675_3_fu_1297">
<pin_list>
<pin id="1298" dir="0" index="0" bw="8" slack="0"/>
<pin id="1299" dir="0" index="1" bw="1" slack="0"/>
<pin id="1300" dir="0" index="2" bw="5" slack="4"/>
<pin id="1301" dir="0" index="3" bw="5" slack="4"/>
<pin id="1302" dir="0" index="4" bw="1" slack="0"/>
<pin id="1303" dir="0" index="5" bw="2" slack="2147483647"/>
<pin id="1304" dir="1" index="6" bw="8" slack="0"/>
</pin_list>
<bind>
<opcode="mux(1196) " fcode="mux"/>
<opset="phi_ln675_3/5 "/>
</bind>
</comp>

<comp id="1309" class="1004" name="phi_ln675_4_fu_1309">
<pin_list>
<pin id="1310" dir="0" index="0" bw="32" slack="0"/>
<pin id="1311" dir="0" index="1" bw="1" slack="0"/>
<pin id="1312" dir="0" index="2" bw="2" slack="4"/>
<pin id="1313" dir="0" index="3" bw="2" slack="4"/>
<pin id="1314" dir="0" index="4" bw="1" slack="0"/>
<pin id="1315" dir="0" index="5" bw="2" slack="2147483647"/>
<pin id="1316" dir="1" index="6" bw="32" slack="0"/>
</pin_list>
<bind>
<opcode="mux(1196) " fcode="mux"/>
<opset="phi_ln675_4/5 "/>
</bind>
</comp>

<comp id="1321" class="1004" name="icmp_ln692_fu_1321">
<pin_list>
<pin id="1322" dir="0" index="0" bw="2" slack="2147483647"/>
<pin id="1323" dir="0" index="1" bw="1" slack="0"/>
<pin id="1324" dir="1" index="2" bw="1" slack="0"/>
</pin_list>
<bind>
<opcode="icmp(45) " fcode="icmp"/>
<opset="icmp_ln692/7 "/>
</bind>
</comp>

<comp id="1326" class="1004" name="and_ln692_fu_1326">
<pin_list>
<pin id="1327" dir="0" index="0" bw="1" slack="2147483647"/>
<pin id="1328" dir="0" index="1" bw="1" slack="0"/>
<pin id="1329" dir="1" index="2" bw="1" slack="0"/>
</pin_list>
<bind>
<opcode="and(23) " fcode="and"/>
<opset="and_ln692/7 "/>
</bind>
</comp>

<comp id="1331" class="1004" name="and_ln692_1_fu_1331">
<pin_list>
<pin id="1332" dir="0" index="0" bw="1" slack="2147483647"/>
<pin id="1333" dir="0" index="1" bw="1" slack="0"/>
<pin id="1334" dir="1" index="2" bw="1" slack="0"/>
</pin_list>
<bind>
<opcode="and(23) " fcode="and"/>
<opset="and_ln692_1/7 "/>
</bind>
</comp>

<comp id="1336" class="1004" name="or_ln692_fu_1336">
<pin_list>
<pin id="1337" dir="0" index="0" bw="1" slack="0"/>
<pin id="1338" dir="0" index="1" bw="1" slack="0"/>
<pin id="1339" dir="1" index="2" bw="1" slack="0"/>
</pin_list>
<bind>
<opcode="or(24) " fcode="or"/>
<opset="or_ln692/7 "/>
</bind>
</comp>

<comp id="1342" class="1004" name="and_ln692_2_fu_1342">
<pin_list>
<pin id="1343" dir="0" index="0" bw="1" slack="2147483647"/>
<pin id="1344" dir="0" index="1" bw="1" slack="0"/>
<pin id="1345" dir="1" index="2" bw="1" slack="0"/>
</pin_list>
<bind>
<opcode="and(23) " fcode="and"/>
<opset="and_ln692_2/7 "/>
</bind>
</comp>

<comp id="1347" class="1004" name="store_ln693_store_fu_1347">
<pin_list>
<pin id="1348" dir="0" index="0" bw="1" slack="0"/>
<pin id="1349" dir="0" index="1" bw="1" slack="4"/>
<pin id="1350" dir="1" index="2" bw="0" slack="2147483647"/>
</pin_list>
<bind>
<opcode="store(28) " fcode="store"/>
<opset="store_ln693/7 "/>
</bind>
</comp>

<comp id="1352" class="1004" name="store_ln693_store_fu_1352">
<pin_list>
<pin id="1353" dir="0" index="0" bw="1" slack="0"/>
<pin id="1354" dir="0" index="1" bw="1" slack="4"/>
<pin id="1355" dir="1" index="2" bw="0" slack="2147483647"/>
</pin_list>
<bind>
<opcode="store(28) " fcode="store"/>
<opset="store_ln693/7 "/>
</bind>
</comp>

<comp id="1357" class="1004" name="store_ln693_store_fu_1357">
<pin_list>
<pin id="1358" dir="0" index="0" bw="1" slack="0"/>
<pin id="1359" dir="0" index="1" bw="1" slack="4"/>
<pin id="1360" dir="1" index="2" bw="0" slack="2147483647"/>
</pin_list>
<bind>
<opcode="store(28) " fcode="store"/>
<opset="store_ln693/7 "/>
</bind>
</comp>

<comp id="1362" class="1004" name="store_ln693_store_fu_1362">
<pin_list>
<pin id="1363" dir="0" index="0" bw="1" slack="0"/>
<pin id="1364" dir="0" index="1" bw="1" slack="4"/>
<pin id="1365" dir="1" index="2" bw="0" slack="2147483647"/>
</pin_list>
<bind>
<opcode="store(28) " fcode="store"/>
<opset="store_ln693/7 "/>
</bind>
</comp>

<comp id="1367" class="1004" name="store_ln693_store_fu_1367">
<pin_list>
<pin id="1368" dir="0" index="0" bw="1" slack="0"/>
<pin id="1369" dir="0" index="1" bw="1" slack="4"/>
<pin id="1370" dir="1" index="2" bw="0" slack="2147483647"/>
</pin_list>
<bind>
<opcode="store(28) " fcode="store"/>
<opset="store_ln693/7 "/>
</bind>
</comp>

<comp id="1372" class="1004" name="store_ln693_store_fu_1372">
<pin_list>
<pin id="1373" dir="0" index="0" bw="1" slack="0"/>
<pin id="1374" dir="0" index="1" bw="1" slack="4"/>
<pin id="1375" dir="1" index="2" bw="0" slack="2147483647"/>
</pin_list>
<bind>
<opcode="store(28) " fcode="store"/>
<opset="store_ln693/7 "/>
</bind>
</comp>

<comp id="1377" class="1004" name="store_ln693_store_fu_1377">
<pin_list>
<pin id="1378" dir="0" index="0" bw="1" slack="0"/>
<pin id="1379" dir="0" index="1" bw="1" slack="4"/>
<pin id="1380" dir="1" index="2" bw="0" slack="2147483647"/>
</pin_list>
<bind>
<opcode="store(28) " fcode="store"/>
<opset="store_ln693/7 "/>
</bind>
</comp>

<comp id="1382" class="1004" name="store_ln693_store_fu_1382">
<pin_list>
<pin id="1383" dir="0" index="0" bw="1" slack="0"/>
<pin id="1384" dir="0" index="1" bw="1" slack="4"/>
<pin id="1385" dir="1" index="2" bw="0" slack="2147483647"/>
</pin_list>
<bind>
<opcode="store(28) " fcode="store"/>
<opset="store_ln693/7 "/>
</bind>
</comp>

<comp id="1387" class="1004" name="store_ln693_store_fu_1387">
<pin_list>
<pin id="1388" dir="0" index="0" bw="1" slack="0"/>
<pin id="1389" dir="0" index="1" bw="1" slack="4"/>
<pin id="1390" dir="1" index="2" bw="0" slack="2147483647"/>
</pin_list>
<bind>
<opcode="store(28) " fcode="store"/>
<opset="store_ln693/7 "/>
</bind>
</comp>

<comp id="1392" class="1004" name="store_ln693_store_fu_1392">
<pin_list>
<pin id="1393" dir="0" index="0" bw="1" slack="0"/>
<pin id="1394" dir="0" index="1" bw="1" slack="4"/>
<pin id="1395" dir="1" index="2" bw="0" slack="2147483647"/>
</pin_list>
<bind>
<opcode="store(28) " fcode="store"/>
<opset="store_ln693/7 "/>
</bind>
</comp>

<comp id="1397" class="1004" name="store_ln693_store_fu_1397">
<pin_list>
<pin id="1398" dir="0" index="0" bw="1" slack="0"/>
<pin id="1399" dir="0" index="1" bw="1" slack="4"/>
<pin id="1400" dir="1" index="2" bw="0" slack="2147483647"/>
</pin_list>
<bind>
<opcode="store(28) " fcode="store"/>
<opset="store_ln693/7 "/>
</bind>
</comp>

<comp id="1402" class="1004" name="select_ln676_fu_1402">
<pin_list>
<pin id="1403" dir="0" index="0" bw="1" slack="0"/>
<pin id="1404" dir="0" index="1" bw="2" slack="6"/>
<pin id="1405" dir="0" index="2" bw="3" slack="6"/>
<pin id="1406" dir="1" index="3" bw="3" slack="0"/>
</pin_list>
<bind>
<opcode="select(49) " fcode="select"/>
<opset="select_ln676/7 "/>
</bind>
</comp>

<comp id="1408" class="1004" name="icmp_ln676_2_fu_1408">
<pin_list>
<pin id="1409" dir="0" index="0" bw="3" slack="0"/>
<pin id="1410" dir="0" index="1" bw="1" slack="0"/>
<pin id="1411" dir="1" index="2" bw="1" slack="0"/>
</pin_list>
<bind>
<opcode="icmp(45) " fcode="icmp"/>
<opset="icmp_ln676_2/7 "/>
</bind>
</comp>

<comp id="1414" class="1004" name="xor_ln676_fu_1414">
<pin_list>
<pin id="1415" dir="0" index="0" bw="1" slack="0"/>
<pin id="1416" dir="0" index="1" bw="1" slack="0"/>
<pin id="1417" dir="1" index="2" bw="1" slack="0"/>
</pin_list>
<bind>
<opcode="xor(25) " fcode="xor"/>
<opset="xor_ln676/7 "/>
</bind>
</comp>

<comp id="1420" class="1004" name="usable_2_19_fu_1420">
<pin_list>
<pin id="1421" dir="0" index="0" bw="1" slack="0"/>
<pin id="1422" dir="0" index="1" bw="1" slack="0"/>
<pin id="1423" dir="1" index="2" bw="1" slack="0"/>
</pin_list>
<bind>
<opcode="and(23) " fcode="and"/>
<opset="usable_2_19/7 "/>
</bind>
</comp>

<comp id="1426" class="1004" name="usable_2_13_fu_1426">
<pin_list>
<pin id="1427" dir="0" index="0" bw="1" slack="0"/>
<pin id="1428" dir="0" index="1" bw="1" slack="0"/>
<pin id="1429" dir="0" index="2" bw="1" slack="2147483647"/>
<pin id="1430" dir="1" index="3" bw="1" slack="0"/>
</pin_list>
<bind>
<opcode="select(49) " fcode="select"/>
<opset="usable_2_13/7 "/>
</bind>
</comp>

<comp id="1433" class="1004" name="usable_2_14_fu_1433">
<pin_list>
<pin id="1434" dir="0" index="0" bw="1" slack="0"/>
<pin id="1435" dir="0" index="1" bw="1" slack="0"/>
<pin id="1436" dir="0" index="2" bw="1" slack="2147483647"/>
<pin id="1437" dir="1" index="3" bw="1" slack="0"/>
</pin_list>
<bind>
<opcode="select(49) " fcode="select"/>
<opset="usable_2_14/7 "/>
</bind>
</comp>

<comp id="1440" class="1004" name="usable_2_15_fu_1440">
<pin_list>
<pin id="1441" dir="0" index="0" bw="1" slack="0"/>
<pin id="1442" dir="0" index="1" bw="1" slack="2147483647"/>
<pin id="1443" dir="0" index="2" bw="1" slack="0"/>
<pin id="1444" dir="1" index="3" bw="1" slack="0"/>
</pin_list>
<bind>
<opcode="select(49) " fcode="select"/>
<opset="usable_2_15/7 "/>
</bind>
</comp>

<comp id="1447" class="1004" name="usable_2_16_fu_1447">
<pin_list>
<pin id="1448" dir="0" index="0" bw="1" slack="0"/>
<pin id="1449" dir="0" index="1" bw="1" slack="2147483647"/>
<pin id="1450" dir="0" index="2" bw="1" slack="0"/>
<pin id="1451" dir="1" index="3" bw="1" slack="0"/>
</pin_list>
<bind>
<opcode="select(49) " fcode="select"/>
<opset="usable_2_16/7 "/>
</bind>
</comp>

<comp id="1454" class="1004" name="usable_2_17_fu_1454">
<pin_list>
<pin id="1455" dir="0" index="0" bw="1" slack="0"/>
<pin id="1456" dir="0" index="1" bw="1" slack="2147483647"/>
<pin id="1457" dir="0" index="2" bw="1" slack="0"/>
<pin id="1458" dir="1" index="3" bw="1" slack="0"/>
</pin_list>
<bind>
<opcode="select(49) " fcode="select"/>
<opset="usable_2_17/7 "/>
</bind>
</comp>

<comp id="1461" class="1004" name="or_ln693_fu_1461">
<pin_list>
<pin id="1462" dir="0" index="0" bw="1" slack="0"/>
<pin id="1463" dir="0" index="1" bw="1" slack="0"/>
<pin id="1464" dir="1" index="2" bw="1" slack="0"/>
</pin_list>
<bind>
<opcode="or(24) " fcode="or"/>
<opset="or_ln693/7 "/>
</bind>
</comp>

<comp id="1467" class="1004" name="and_ln693_fu_1467">
<pin_list>
<pin id="1468" dir="0" index="0" bw="1" slack="2147483647"/>
<pin id="1469" dir="0" index="1" bw="1" slack="0"/>
<pin id="1470" dir="1" index="2" bw="1" slack="0"/>
</pin_list>
<bind>
<opcode="and(23) " fcode="and"/>
<opset="and_ln693/7 "/>
</bind>
</comp>

<comp id="1472" class="1004" name="and_ln693_1_fu_1472">
<pin_list>
<pin id="1473" dir="0" index="0" bw="1" slack="2147483647"/>
<pin id="1474" dir="0" index="1" bw="1" slack="0"/>
<pin id="1475" dir="1" index="2" bw="1" slack="0"/>
</pin_list>
<bind>
<opcode="and(23) " fcode="and"/>
<opset="and_ln693_1/7 "/>
</bind>
</comp>

<comp id="1477" class="1004" name="store_ln694_store_fu_1477">
<pin_list>
<pin id="1478" dir="0" index="0" bw="1" slack="0"/>
<pin id="1479" dir="0" index="1" bw="1" slack="4"/>
<pin id="1480" dir="1" index="2" bw="0" slack="2147483647"/>
</pin_list>
<bind>
<opcode="store(28) " fcode="store"/>
<opset="store_ln694/7 "/>
</bind>
</comp>

<comp id="1482" class="1004" name="store_ln694_store_fu_1482">
<pin_list>
<pin id="1483" dir="0" index="0" bw="1" slack="0"/>
<pin id="1484" dir="0" index="1" bw="1" slack="4"/>
<pin id="1485" dir="1" index="2" bw="0" slack="2147483647"/>
</pin_list>
<bind>
<opcode="store(28) " fcode="store"/>
<opset="store_ln694/7 "/>
</bind>
</comp>

<comp id="1487" class="1004" name="store_ln694_store_fu_1487">
<pin_list>
<pin id="1488" dir="0" index="0" bw="1" slack="0"/>
<pin id="1489" dir="0" index="1" bw="1" slack="4"/>
<pin id="1490" dir="1" index="2" bw="0" slack="2147483647"/>
</pin_list>
<bind>
<opcode="store(28) " fcode="store"/>
<opset="store_ln694/7 "/>
</bind>
</comp>

<comp id="1492" class="1004" name="store_ln694_store_fu_1492">
<pin_list>
<pin id="1493" dir="0" index="0" bw="1" slack="0"/>
<pin id="1494" dir="0" index="1" bw="1" slack="4"/>
<pin id="1495" dir="1" index="2" bw="0" slack="2147483647"/>
</pin_list>
<bind>
<opcode="store(28) " fcode="store"/>
<opset="store_ln694/7 "/>
</bind>
</comp>

<comp id="1497" class="1004" name="store_ln694_store_fu_1497">
<pin_list>
<pin id="1498" dir="0" index="0" bw="1" slack="0"/>
<pin id="1499" dir="0" index="1" bw="1" slack="4"/>
<pin id="1500" dir="1" index="2" bw="0" slack="2147483647"/>
</pin_list>
<bind>
<opcode="store(28) " fcode="store"/>
<opset="store_ln694/7 "/>
</bind>
</comp>

<comp id="1502" class="1004" name="store_ln694_store_fu_1502">
<pin_list>
<pin id="1503" dir="0" index="0" bw="1" slack="0"/>
<pin id="1504" dir="0" index="1" bw="1" slack="0"/>
<pin id="1505" dir="1" index="2" bw="0" slack="2147483647"/>
</pin_list>
<bind>
<opcode="store(28) " fcode="store"/>
<opset="store_ln694/7 "/>
</bind>
</comp>

<comp id="1508" class="1004" name="store_ln694_store_fu_1508">
<pin_list>
<pin id="1509" dir="0" index="0" bw="1" slack="0"/>
<pin id="1510" dir="0" index="1" bw="1" slack="0"/>
<pin id="1511" dir="1" index="2" bw="0" slack="2147483647"/>
</pin_list>
<bind>
<opcode="store(28) " fcode="store"/>
<opset="store_ln694/7 "/>
</bind>
</comp>

<comp id="1514" class="1004" name="store_ln694_store_fu_1514">
<pin_list>
<pin id="1515" dir="0" index="0" bw="1" slack="0"/>
<pin id="1516" dir="0" index="1" bw="1" slack="0"/>
<pin id="1517" dir="1" index="2" bw="0" slack="2147483647"/>
</pin_list>
<bind>
<opcode="store(28) " fcode="store"/>
<opset="store_ln694/7 "/>
</bind>
</comp>

<comp id="1520" class="1004" name="store_ln691_store_fu_1520">
<pin_list>
<pin id="1521" dir="0" index="0" bw="2" slack="3"/>
<pin id="1522" dir="0" index="1" bw="2" slack="4"/>
<pin id="1523" dir="1" index="2" bw="0" slack="2147483647"/>
</pin_list>
<bind>
<opcode="store(28) " fcode="store"/>
<opset="store_ln691/7 "/>
</bind>
</comp>

<comp id="1524" class="1004" name="i_27_load_fu_1524">
<pin_list>
<pin id="1525" dir="0" index="0" bw="2" slack="1"/>
<pin id="1526" dir="1" index="1" bw="2" slack="0"/>
</pin_list>
<bind>
<opcode="load(27) " fcode="load"/>
<opset="i_27/8 "/>
</bind>
</comp>

<comp id="1527" class="1004" name="icmp_ln698_fu_1527">
<pin_list>
<pin id="1528" dir="0" index="0" bw="2" slack="0"/>
<pin id="1529" dir="0" index="1" bw="1" slack="0"/>
<pin id="1530" dir="1" index="2" bw="1" slack="2147483647"/>
</pin_list>
<bind>
<opcode="icmp(45) " fcode="icmp"/>
<opset="icmp_ln698/8 "/>
</bind>
</comp>

<comp id="1533" class="1004" name="add_ln698_fu_1533">
<pin_list>
<pin id="1534" dir="0" index="0" bw="2" slack="0"/>
<pin id="1535" dir="0" index="1" bw="1" slack="0"/>
<pin id="1536" dir="1" index="2" bw="2" slack="1"/>
</pin_list>
<bind>
<opcode="add(8) " fcode="add"/>
<opset="add_ln698/8 "/>
</bind>
</comp>

<comp id="1539" class="1004" name="icmp_ln699_fu_1539">
<pin_list>
<pin id="1540" dir="0" index="0" bw="2" slack="0"/>
<pin id="1541" dir="0" index="1" bw="1" slack="0"/>
<pin id="1542" dir="1" index="2" bw="1" slack="0"/>
</pin_list>
<bind>
<opcode="icmp(45) " fcode="icmp"/>
<opset="icmp_ln699/8 "/>
</bind>
</comp>

<comp id="1545" class="1004" name="select_ln699_fu_1545">
<pin_list>
<pin id="1546" dir="0" index="0" bw="1" slack="0"/>
<pin id="1547" dir="0" index="1" bw="1" slack="4"/>
<pin id="1548" dir="0" index="2" bw="1" slack="4"/>
<pin id="1549" dir="1" index="3" bw="1" slack="0"/>
</pin_list>
<bind>
<opcode="select(49) " fcode="select"/>
<opset="select_ln699/8 "/>
</bind>
</comp>

<comp id="1553" class="1004" name="icmp_ln699_1_fu_1553">
<pin_list>
<pin id="1554" dir="0" index="0" bw="2" slack="0"/>
<pin id="1555" dir="0" index="1" bw="1" slack="0"/>
<pin id="1556" dir="1" index="2" bw="1" slack="0"/>
</pin_list>
<bind>
<opcode="icmp(45) " fcode="icmp"/>
<opset="icmp_ln699_1/8 "/>
</bind>
</comp>

<comp id="1559" class="1004" name="and_ln699_fu_1559">
<pin_list>
<pin id="1560" dir="0" index="0" bw="1" slack="0"/>
<pin id="1561" dir="0" index="1" bw="1" slack="0"/>
<pin id="1562" dir="1" index="2" bw="1" slack="0"/>
</pin_list>
<bind>
<opcode="and(23) " fcode="and"/>
<opset="and_ln699/8 "/>
</bind>
</comp>

<comp id="1566" class="1004" name="phi_ln699_1_fu_1566">
<pin_list>
<pin id="1567" dir="0" index="0" bw="8" slack="0"/>
<pin id="1568" dir="0" index="1" bw="1" slack="0"/>
<pin id="1569" dir="0" index="2" bw="3" slack="4"/>
<pin id="1570" dir="0" index="3" bw="3" slack="4"/>
<pin id="1571" dir="0" index="4" bw="1" slack="0"/>
<pin id="1572" dir="0" index="5" bw="2" slack="0"/>
<pin id="1573" dir="1" index="6" bw="8" slack="0"/>
</pin_list>
<bind>
<opcode="mux(1196) " fcode="mux"/>
<opset="phi_ln699_1/8 "/>
</bind>
</comp>

<comp id="1579" class="1004" name="phi_ln699_2_fu_1579">
<pin_list>
<pin id="1580" dir="0" index="0" bw="8" slack="0"/>
<pin id="1581" dir="0" index="1" bw="1" slack="0"/>
<pin id="1582" dir="0" index="2" bw="1" slack="4"/>
<pin id="1583" dir="0" index="3" bw="2" slack="4"/>
<pin id="1584" dir="0" index="4" bw="1" slack="0"/>
<pin id="1585" dir="0" index="5" bw="2" slack="0"/>
<pin id="1586" dir="1" index="6" bw="8" slack="0"/>
</pin_list>
<bind>
<opcode="mux(1196) " fcode="mux"/>
<opset="phi_ln699_2/8 "/>
</bind>
</comp>

<comp id="1592" class="1004" name="phi_ln699_3_fu_1592">
<pin_list>
<pin id="1593" dir="0" index="0" bw="8" slack="0"/>
<pin id="1594" dir="0" index="1" bw="1" slack="0"/>
<pin id="1595" dir="0" index="2" bw="5" slack="4"/>
<pin id="1596" dir="0" index="3" bw="5" slack="4"/>
<pin id="1597" dir="0" index="4" bw="1" slack="0"/>
<pin id="1598" dir="0" index="5" bw="2" slack="0"/>
<pin id="1599" dir="1" index="6" bw="8" slack="0"/>
</pin_list>
<bind>
<opcode="mux(1196) " fcode="mux"/>
<opset="phi_ln699_3/8 "/>
</bind>
</comp>

<comp id="1605" class="1004" name="phi_ln699_4_fu_1605">
<pin_list>
<pin id="1606" dir="0" index="0" bw="32" slack="0"/>
<pin id="1607" dir="0" index="1" bw="1" slack="0"/>
<pin id="1608" dir="0" index="2" bw="2" slack="4"/>
<pin id="1609" dir="0" index="3" bw="2" slack="4"/>
<pin id="1610" dir="0" index="4" bw="1" slack="0"/>
<pin id="1611" dir="0" index="5" bw="2" slack="0"/>
<pin id="1612" dir="1" index="6" bw="32" slack="0"/>
</pin_list>
<bind>
<opcode="mux(1196) " fcode="mux"/>
<opset="phi_ln699_4/8 "/>
</bind>
</comp>

<comp id="1618" class="1004" name="store_ln708_store_fu_1618">
<pin_list>
<pin id="1619" dir="0" index="0" bw="1" slack="1"/>
<pin id="1620" dir="0" index="1" bw="1" slack="0"/>
<pin id="1621" dir="1" index="2" bw="0" slack="2147483647"/>
</pin_list>
<bind>
<opcode="store(28) " fcode="store"/>
<opset="store_ln708/8 "/>
</bind>
</comp>

<comp id="1622" class="1004" name="store_ln708_store_fu_1622">
<pin_list>
<pin id="1623" dir="0" index="0" bw="1" slack="1"/>
<pin id="1624" dir="0" index="1" bw="1" slack="0"/>
<pin id="1625" dir="1" index="2" bw="0" slack="2147483647"/>
</pin_list>
<bind>
<opcode="store(28) " fcode="store"/>
<opset="store_ln708/8 "/>
</bind>
</comp>

<comp id="1626" class="1004" name="store_ln708_store_fu_1626">
<pin_list>
<pin id="1627" dir="0" index="0" bw="1" slack="1"/>
<pin id="1628" dir="0" index="1" bw="1" slack="0"/>
<pin id="1629" dir="1" index="2" bw="0" slack="2147483647"/>
</pin_list>
<bind>
<opcode="store(28) " fcode="store"/>
<opset="store_ln708/8 "/>
</bind>
</comp>

<comp id="1630" class="1004" name="store_ln708_store_fu_1630">
<pin_list>
<pin id="1631" dir="0" index="0" bw="1" slack="0"/>
<pin id="1632" dir="0" index="1" bw="2" slack="0"/>
<pin id="1633" dir="1" index="2" bw="0" slack="2147483647"/>
</pin_list>
<bind>
<opcode="store(28) " fcode="store"/>
<opset="store_ln708/8 "/>
</bind>
</comp>

<comp id="1635" class="1004" name="trunc_ln602_fu_1635">
<pin_list>
<pin id="1636" dir="0" index="0" bw="8" slack="1"/>
<pin id="1637" dir="1" index="1" bw="5" slack="0"/>
</pin_list>
<bind>
<opcode="trunc(33) " fcode="trunc"/>
<opset="trunc_ln602/9 "/>
</bind>
</comp>

<comp id="1638" class="1004" name="precise_age_2_fu_1638">
<pin_list>
<pin id="1639" dir="0" index="0" bw="5" slack="0"/>
<pin id="1640" dir="0" index="1" bw="5" slack="2147483647"/>
<pin id="1641" dir="1" index="2" bw="5" slack="0"/>
</pin_list>
<bind>
<opcode="sub(10) " fcode="sub"/>
<opset="precise_age_2/9 "/>
</bind>
</comp>

<comp id="1643" class="1004" name="zext_ln602_fu_1643">
<pin_list>
<pin id="1644" dir="0" index="0" bw="5" slack="0"/>
<pin id="1645" dir="1" index="1" bw="8" slack="0"/>
</pin_list>
<bind>
<opcode="zext(34) " fcode="zext"/>
<opset="zext_ln602/9 "/>
</bind>
</comp>

<comp id="1647" class="1004" name="icmp_ln700_fu_1647">
<pin_list>
<pin id="1648" dir="0" index="0" bw="8" slack="1"/>
<pin id="1649" dir="0" index="1" bw="4" slack="0"/>
<pin id="1650" dir="1" index="2" bw="1" slack="2147483647"/>
</pin_list>
<bind>
<opcode="icmp(45) " fcode="icmp"/>
<opset="icmp_ln700/9 "/>
</bind>
</comp>

<comp id="1652" class="1004" name="xor_ln702_fu_1652">
<pin_list>
<pin id="1653" dir="0" index="0" bw="1" slack="0"/>
<pin id="1654" dir="0" index="1" bw="1" slack="0"/>
<pin id="1655" dir="1" index="2" bw="1" slack="0"/>
</pin_list>
<bind>
<opcode="xor(25) " fcode="xor"/>
<opset="xor_ln702/9 "/>
</bind>
</comp>

<comp id="1658" class="1004" name="icmp_ln702_fu_1658">
<pin_list>
<pin id="1659" dir="0" index="0" bw="5" slack="0"/>
<pin id="1660" dir="0" index="1" bw="8" slack="0"/>
<pin id="1661" dir="1" index="2" bw="1" slack="0"/>
</pin_list>
<bind>
<opcode="icmp(45) " fcode="icmp"/>
<opset="icmp_ln702/9 "/>
</bind>
</comp>

<comp id="1664" class="1004" name="or_ln702_fu_1664">
<pin_list>
<pin id="1665" dir="0" index="0" bw="1" slack="0"/>
<pin id="1666" dir="0" index="1" bw="1" slack="0"/>
<pin id="1667" dir="1" index="2" bw="1" slack="0"/>
</pin_list>
<bind>
<opcode="or(24) " fcode="or"/>
<opset="or_ln702/9 "/>
</bind>
</comp>

<comp id="1670" class="1004" name="trunc_ln698_fu_1670">
<pin_list>
<pin id="1671" dir="0" index="0" bw="8" slack="0"/>
<pin id="1672" dir="1" index="1" bw="5" slack="0"/>
</pin_list>
<bind>
<opcode="trunc(33) " fcode="trunc"/>
<opset="trunc_ln698/9 "/>
</bind>
</comp>

<comp id="1674" class="1004" name="select_ln702_fu_1674">
<pin_list>
<pin id="1675" dir="0" index="0" bw="1" slack="0"/>
<pin id="1676" dir="0" index="1" bw="5" slack="0"/>
<pin id="1677" dir="0" index="2" bw="5" slack="0"/>
<pin id="1678" dir="1" index="3" bw="5" slack="0"/>
</pin_list>
<bind>
<opcode="select(49) " fcode="select"/>
<opset="select_ln702/9 "/>
</bind>
</comp>

<comp id="1682" class="1004" name="zext_ln702_fu_1682">
<pin_list>
<pin id="1683" dir="0" index="0" bw="5" slack="0"/>
<pin id="1684" dir="1" index="1" bw="8" slack="0"/>
</pin_list>
<bind>
<opcode="zext(34) " fcode="zext"/>
<opset="zext_ln702/9 "/>
</bind>
</comp>

<comp id="1686" class="1004" name="store_ln702_store_fu_1686">
<pin_list>
<pin id="1687" dir="0" index="0" bw="1" slack="0"/>
<pin id="1688" dir="0" index="1" bw="1" slack="2"/>
<pin id="1689" dir="1" index="2" bw="0" slack="2147483647"/>
</pin_list>
<bind>
<opcode="store(28) " fcode="store"/>
<opset="store_ln702/9 "/>
</bind>
</comp>

<comp id="1691" class="1004" name="store_ln702_store_fu_1691">
<pin_list>
<pin id="1692" dir="0" index="0" bw="5" slack="0"/>
<pin id="1693" dir="0" index="1" bw="8" slack="2"/>
<pin id="1694" dir="1" index="2" bw="0" slack="2147483647"/>
</pin_list>
<bind>
<opcode="store(28) " fcode="store"/>
<opset="store_ln702/9 "/>
</bind>
</comp>

<comp id="1696" class="1004" name="store_ln698_store_fu_1696">
<pin_list>
<pin id="1697" dir="0" index="0" bw="2" slack="1"/>
<pin id="1698" dir="0" index="1" bw="2" slack="2"/>
<pin id="1699" dir="1" index="2" bw="0" slack="2147483647"/>
</pin_list>
<bind>
<opcode="store(28) " fcode="store"/>
<opset="store_ln698/9 "/>
</bind>
</comp>

<comp id="1700" class="1004" name="i_28_load_fu_1700">
<pin_list>
<pin id="1701" dir="0" index="0" bw="2" slack="1"/>
<pin id="1702" dir="1" index="1" bw="2" slack="0"/>
</pin_list>
<bind>
<opcode="load(27) " fcode="load"/>
<opset="i_28/10 "/>
</bind>
</comp>

<comp id="1703" class="1004" name="usable_2_5_load_load_fu_1703">
<pin_list>
<pin id="1704" dir="0" index="0" bw="1" slack="1"/>
<pin id="1705" dir="1" index="1" bw="1" slack="0"/>
</pin_list>
<bind>
<opcode="load(27) " fcode="load"/>
<opset="usable_2_5_load/10 "/>
</bind>
</comp>

<comp id="1707" class="1004" name="usable_1_5_load_load_fu_1707">
<pin_list>
<pin id="1708" dir="0" index="0" bw="1" slack="1"/>
<pin id="1709" dir="1" index="1" bw="1" slack="0"/>
</pin_list>
<bind>
<opcode="load(27) " fcode="load"/>
<opset="usable_1_5_load/10 "/>
</bind>
</comp>

<comp id="1711" class="1004" name="usable_2_4_load_load_fu_1711">
<pin_list>
<pin id="1712" dir="0" index="0" bw="1" slack="1"/>
<pin id="1713" dir="1" index="1" bw="1" slack="0"/>
</pin_list>
<bind>
<opcode="load(27) " fcode="load"/>
<opset="usable_2_4_load/10 "/>
</bind>
</comp>

<comp id="1715" class="1004" name="icmp_ln708_fu_1715">
<pin_list>
<pin id="1716" dir="0" index="0" bw="2" slack="0"/>
<pin id="1717" dir="0" index="1" bw="1" slack="0"/>
<pin id="1718" dir="1" index="2" bw="1" slack="2147483647"/>
</pin_list>
<bind>
<opcode="icmp(45) " fcode="icmp"/>
<opset="icmp_ln708/10 "/>
</bind>
</comp>

<comp id="1721" class="1004" name="add_ln708_fu_1721">
<pin_list>
<pin id="1722" dir="0" index="0" bw="2" slack="0"/>
<pin id="1723" dir="0" index="1" bw="1" slack="0"/>
<pin id="1724" dir="1" index="2" bw="2" slack="0"/>
</pin_list>
<bind>
<opcode="add(8) " fcode="add"/>
<opset="add_ln708/10 "/>
</bind>
</comp>

<comp id="1727" class="1004" name="tmp_4_fu_1727">
<pin_list>
<pin id="1728" dir="0" index="0" bw="1" slack="0"/>
<pin id="1729" dir="0" index="1" bw="1" slack="0"/>
<pin id="1730" dir="0" index="2" bw="1" slack="0"/>
<pin id="1731" dir="0" index="3" bw="1" slack="0"/>
<pin id="1732" dir="0" index="4" bw="2" slack="0"/>
<pin id="1733" dir="1" index="5" bw="1" slack="2147483647"/>
</pin_list>
<bind>
<opcode="mux(1196) " fcode="mux"/>
<opset="tmp_4/10 "/>
</bind>
</comp>

<comp id="1739" class="1004" name="icmp_ln602_fu_1739">
<pin_list>
<pin id="1740" dir="0" index="0" bw="2" slack="0"/>
<pin id="1741" dir="0" index="1" bw="1" slack="0"/>
<pin id="1742" dir="1" index="2" bw="1" slack="0"/>
</pin_list>
<bind>
<opcode="icmp(45) " fcode="icmp"/>
<opset="icmp_ln602/10 "/>
</bind>
</comp>

<comp id="1745" class="1004" name="select_ln602_fu_1745">
<pin_list>
<pin id="1746" dir="0" index="0" bw="1" slack="0"/>
<pin id="1747" dir="0" index="1" bw="5" slack="5"/>
<pin id="1748" dir="0" index="2" bw="5" slack="5"/>
<pin id="1749" dir="1" index="3" bw="5" slack="0"/>
</pin_list>
<bind>
<opcode="select(49) " fcode="select"/>
<opset="select_ln602/10 "/>
</bind>
</comp>

<comp id="1751" class="1004" name="icmp_ln602_1_fu_1751">
<pin_list>
<pin id="1752" dir="0" index="0" bw="2" slack="0"/>
<pin id="1753" dir="0" index="1" bw="1" slack="0"/>
<pin id="1754" dir="1" index="2" bw="1" slack="0"/>
</pin_list>
<bind>
<opcode="icmp(45) " fcode="icmp"/>
<opset="icmp_ln602_1/10 "/>
</bind>
</comp>

<comp id="1757" class="1004" name="select_ln602_1_fu_1757">
<pin_list>
<pin id="1758" dir="0" index="0" bw="1" slack="0"/>
<pin id="1759" dir="0" index="1" bw="1" slack="0"/>
<pin id="1760" dir="0" index="2" bw="5" slack="0"/>
<pin id="1761" dir="1" index="3" bw="5" slack="0"/>
</pin_list>
<bind>
<opcode="select(49) " fcode="select"/>
<opset="select_ln602_1/10 "/>
</bind>
</comp>

<comp id="1765" class="1004" name="sub_ln602_fu_1765">
<pin_list>
<pin id="1766" dir="0" index="0" bw="5" slack="0"/>
<pin id="1767" dir="0" index="1" bw="5" slack="2147483647"/>
<pin id="1768" dir="1" index="2" bw="5" slack="0"/>
</pin_list>
<bind>
<opcode="sub(10) " fcode="sub"/>
<opset="sub_ln602/10 "/>
</bind>
</comp>

<comp id="1770" class="1004" name="zext_ln602_1_fu_1770">
<pin_list>
<pin id="1771" dir="0" index="0" bw="5" slack="0"/>
<pin id="1772" dir="1" index="1" bw="8" slack="0"/>
</pin_list>
<bind>
<opcode="zext(34) " fcode="zext"/>
<opset="zext_ln602_1/10 "/>
</bind>
</comp>

<comp id="1774" class="1004" name="icmp_ln709_fu_1774">
<pin_list>
<pin id="1775" dir="0" index="0" bw="5" slack="0"/>
<pin id="1776" dir="0" index="1" bw="8" slack="0"/>
<pin id="1777" dir="1" index="2" bw="1" slack="2147483647"/>
</pin_list>
<bind>
<opcode="icmp(45) " fcode="icmp"/>
<opset="icmp_ln709/10 "/>
</bind>
</comp>

<comp id="1780" class="1004" name="icmp_ln710_fu_1780">
<pin_list>
<pin id="1781" dir="0" index="0" bw="2" slack="0"/>
<pin id="1782" dir="0" index="1" bw="1" slack="0"/>
<pin id="1783" dir="1" index="2" bw="1" slack="0"/>
</pin_list>
<bind>
<opcode="icmp(45) " fcode="icmp"/>
<opset="icmp_ln710/10 "/>
</bind>
</comp>

<comp id="1786" class="1004" name="and_ln710_fu_1786">
<pin_list>
<pin id="1787" dir="0" index="0" bw="1" slack="0"/>
<pin id="1788" dir="0" index="1" bw="1" slack="0"/>
<pin id="1789" dir="1" index="2" bw="1" slack="0"/>
</pin_list>
<bind>
<opcode="and(23) " fcode="and"/>
<opset="and_ln710/10 "/>
</bind>
</comp>

<comp id="1792" class="1004" name="icmp_ln710_1_fu_1792">
<pin_list>
<pin id="1793" dir="0" index="0" bw="2" slack="0"/>
<pin id="1794" dir="0" index="1" bw="1" slack="0"/>
<pin id="1795" dir="1" index="2" bw="1" slack="0"/>
</pin_list>
<bind>
<opcode="icmp(45) " fcode="icmp"/>
<opset="icmp_ln710_1/10 "/>
</bind>
</comp>

<comp id="1798" class="1004" name="and_ln710_1_fu_1798">
<pin_list>
<pin id="1799" dir="0" index="0" bw="1" slack="0"/>
<pin id="1800" dir="0" index="1" bw="1" slack="0"/>
<pin id="1801" dir="1" index="2" bw="1" slack="0"/>
</pin_list>
<bind>
<opcode="and(23) " fcode="and"/>
<opset="and_ln710_1/10 "/>
</bind>
</comp>

<comp id="1804" class="1004" name="or_ln710_fu_1804">
<pin_list>
<pin id="1805" dir="0" index="0" bw="1" slack="0"/>
<pin id="1806" dir="0" index="1" bw="1" slack="0"/>
<pin id="1807" dir="1" index="2" bw="1" slack="0"/>
</pin_list>
<bind>
<opcode="or(24) " fcode="or"/>
<opset="or_ln710/10 "/>
</bind>
</comp>

<comp id="1810" class="1004" name="and_ln710_2_fu_1810">
<pin_list>
<pin id="1811" dir="0" index="0" bw="1" slack="0"/>
<pin id="1812" dir="0" index="1" bw="1" slack="0"/>
<pin id="1813" dir="1" index="2" bw="1" slack="0"/>
</pin_list>
<bind>
<opcode="and(23) " fcode="and"/>
<opset="and_ln710_2/10 "/>
</bind>
</comp>

<comp id="1816" class="1004" name="store_ln710_store_fu_1816">
<pin_list>
<pin id="1817" dir="0" index="0" bw="1" slack="0"/>
<pin id="1818" dir="0" index="1" bw="1" slack="1"/>
<pin id="1819" dir="1" index="2" bw="0" slack="2147483647"/>
</pin_list>
<bind>
<opcode="store(28) " fcode="store"/>
<opset="store_ln710/10 "/>
</bind>
</comp>

<comp id="1821" class="1004" name="store_ln710_store_fu_1821">
<pin_list>
<pin id="1822" dir="0" index="0" bw="1" slack="0"/>
<pin id="1823" dir="0" index="1" bw="1" slack="1"/>
<pin id="1824" dir="1" index="2" bw="0" slack="2147483647"/>
</pin_list>
<bind>
<opcode="store(28) " fcode="store"/>
<opset="store_ln710/10 "/>
</bind>
</comp>

<comp id="1826" class="1004" name="store_ln710_store_fu_1826">
<pin_list>
<pin id="1827" dir="0" index="0" bw="1" slack="0"/>
<pin id="1828" dir="0" index="1" bw="1" slack="1"/>
<pin id="1829" dir="1" index="2" bw="0" slack="2147483647"/>
</pin_list>
<bind>
<opcode="store(28) " fcode="store"/>
<opset="store_ln710/10 "/>
</bind>
</comp>

<comp id="1831" class="1004" name="store_ln708_store_fu_1831">
<pin_list>
<pin id="1832" dir="0" index="0" bw="2" slack="0"/>
<pin id="1833" dir="0" index="1" bw="2" slack="1"/>
<pin id="1834" dir="1" index="2" bw="0" slack="2147483647"/>
</pin_list>
<bind>
<opcode="store(28) " fcode="store"/>
<opset="store_ln708/10 "/>
</bind>
</comp>

<comp id="1836" class="1004" name="store_ln712_store_fu_1836">
<pin_list>
<pin id="1837" dir="0" index="0" bw="1" slack="0"/>
<pin id="1838" dir="0" index="1" bw="1" slack="0"/>
<pin id="1839" dir="1" index="2" bw="0" slack="2147483647"/>
</pin_list>
<bind>
<opcode="store(28) " fcode="store"/>
<opset="store_ln712/10 "/>
</bind>
</comp>

<comp id="1841" class="1004" name="store_ln712_store_fu_1841">
<pin_list>
<pin id="1842" dir="0" index="0" bw="1" slack="0"/>
<pin id="1843" dir="0" index="1" bw="1" slack="0"/>
<pin id="1844" dir="1" index="2" bw="0" slack="2147483647"/>
</pin_list>
<bind>
<opcode="store(28) " fcode="store"/>
<opset="store_ln712/10 "/>
</bind>
</comp>

<comp id="1846" class="1004" name="store_ln712_store_fu_1846">
<pin_list>
<pin id="1847" dir="0" index="0" bw="1" slack="0"/>
<pin id="1848" dir="0" index="1" bw="1" slack="0"/>
<pin id="1849" dir="1" index="2" bw="0" slack="2147483647"/>
</pin_list>
<bind>
<opcode="store(28) " fcode="store"/>
<opset="store_ln712/10 "/>
</bind>
</comp>

<comp id="1851" class="1004" name="store_ln712_store_fu_1851">
<pin_list>
<pin id="1852" dir="0" index="0" bw="1" slack="2"/>
<pin id="1853" dir="0" index="1" bw="1" slack="0"/>
<pin id="1854" dir="1" index="2" bw="0" slack="2147483647"/>
</pin_list>
<bind>
<opcode="store(28) " fcode="store"/>
<opset="store_ln712/10 "/>
</bind>
</comp>

<comp id="1855" class="1004" name="store_ln712_store_fu_1855">
<pin_list>
<pin id="1856" dir="0" index="0" bw="1" slack="2"/>
<pin id="1857" dir="0" index="1" bw="1" slack="0"/>
<pin id="1858" dir="1" index="2" bw="0" slack="2147483647"/>
</pin_list>
<bind>
<opcode="store(28) " fcode="store"/>
<opset="store_ln712/10 "/>
</bind>
</comp>

<comp id="1859" class="1004" name="store_ln712_store_fu_1859">
<pin_list>
<pin id="1860" dir="0" index="0" bw="1" slack="0"/>
<pin id="1861" dir="0" index="1" bw="1" slack="0"/>
<pin id="1862" dir="1" index="2" bw="0" slack="2147483647"/>
</pin_list>
<bind>
<opcode="store(28) " fcode="store"/>
<opset="store_ln712/10 "/>
</bind>
</comp>

<comp id="1864" class="1004" name="store_ln712_store_fu_1864">
<pin_list>
<pin id="1865" dir="0" index="0" bw="1" slack="0"/>
<pin id="1866" dir="0" index="1" bw="2" slack="0"/>
<pin id="1867" dir="1" index="2" bw="0" slack="2147483647"/>
</pin_list>
<bind>
<opcode="store(28) " fcode="store"/>
<opset="store_ln712/10 "/>
</bind>
</comp>

<comp id="1869" class="1004" name="store_ln712_store_fu_1869">
<pin_list>
<pin id="1870" dir="0" index="0" bw="1" slack="0"/>
<pin id="1871" dir="0" index="1" bw="3" slack="0"/>
<pin id="1872" dir="1" index="2" bw="0" slack="2147483647"/>
</pin_list>
<bind>
<opcode="store(28) " fcode="store"/>
<opset="store_ln712/10 "/>
</bind>
</comp>

<comp id="1874" class="1004" name="indvars_iv50_load_load_fu_1874">
<pin_list>
<pin id="1875" dir="0" index="0" bw="3" slack="1"/>
<pin id="1876" dir="1" index="1" bw="3" slack="0"/>
</pin_list>
<bind>
<opcode="load(27) " fcode="load"/>
<opset="indvars_iv50_load/11 "/>
</bind>
</comp>

<comp id="1877" class="1004" name="i_29_load_fu_1877">
<pin_list>
<pin id="1878" dir="0" index="0" bw="2" slack="1"/>
<pin id="1879" dir="1" index="1" bw="2" slack="0"/>
</pin_list>
<bind>
<opcode="load(27) " fcode="load"/>
<opset="i_29/11 "/>
</bind>
</comp>

<comp id="1880" class="1004" name="zext_ln712_fu_1880">
<pin_list>
<pin id="1881" dir="0" index="0" bw="3" slack="0"/>
<pin id="1882" dir="1" index="1" bw="64" slack="1"/>
</pin_list>
<bind>
<opcode="zext(34) " fcode="zext"/>
<opset="zext_ln712/11 "/>
</bind>
</comp>

<comp id="1884" class="1004" name="zext_ln712_1_fu_1884">
<pin_list>
<pin id="1885" dir="0" index="0" bw="2" slack="0"/>
<pin id="1886" dir="1" index="1" bw="3" slack="0"/>
</pin_list>
<bind>
<opcode="zext(34) " fcode="zext"/>
<opset="zext_ln712_1/11 "/>
</bind>
</comp>

<comp id="1888" class="1004" name="icmp_ln712_fu_1888">
<pin_list>
<pin id="1889" dir="0" index="0" bw="2" slack="0"/>
<pin id="1890" dir="0" index="1" bw="1" slack="0"/>
<pin id="1891" dir="1" index="2" bw="1" slack="2147483647"/>
</pin_list>
<bind>
<opcode="icmp(45) " fcode="icmp"/>
<opset="icmp_ln712/11 "/>
</bind>
</comp>

<comp id="1894" class="1004" name="add_ln712_fu_1894">
<pin_list>
<pin id="1895" dir="0" index="0" bw="2" slack="0"/>
<pin id="1896" dir="0" index="1" bw="1" slack="0"/>
<pin id="1897" dir="1" index="2" bw="3" slack="0"/>
</pin_list>
<bind>
<opcode="add(8) " fcode="add"/>
<opset="add_ln712/11 "/>
</bind>
</comp>

<comp id="1900" class="1004" name="trunc_ln712_fu_1900">
<pin_list>
<pin id="1901" dir="0" index="0" bw="3" slack="0"/>
<pin id="1902" dir="1" index="1" bw="2" slack="1"/>
</pin_list>
<bind>
<opcode="trunc(33) " fcode="trunc"/>
<opset="trunc_ln712/11 "/>
</bind>
</comp>

<comp id="1904" class="1004" name="tmp_5_fu_1904">
<pin_list>
<pin id="1905" dir="0" index="0" bw="1" slack="0"/>
<pin id="1906" dir="0" index="1" bw="1" slack="0"/>
<pin id="1907" dir="0" index="2" bw="1" slack="0"/>
<pin id="1908" dir="0" index="3" bw="1" slack="0"/>
<pin id="1909" dir="0" index="4" bw="2" slack="0"/>
<pin id="1910" dir="1" index="5" bw="1" slack="0"/>
</pin_list>
<bind>
<opcode="mux(1196) " fcode="mux"/>
<opset="tmp_5/11 "/>
</bind>
</comp>

<comp id="1916" class="1004" name="xor_ln713_fu_1916">
<pin_list>
<pin id="1917" dir="0" index="0" bw="1" slack="0"/>
<pin id="1918" dir="0" index="1" bw="1" slack="0"/>
<pin id="1919" dir="1" index="2" bw="1" slack="0"/>
</pin_list>
<bind>
<opcode="xor(25) " fcode="xor"/>
<opset="xor_ln713/11 "/>
</bind>
</comp>

<comp id="1922" class="1004" name="icmp_ln713_fu_1922">
<pin_list>
<pin id="1923" dir="0" index="0" bw="3" slack="0"/>
<pin id="1924" dir="0" index="1" bw="3" slack="0"/>
<pin id="1925" dir="1" index="2" bw="1" slack="0"/>
</pin_list>
<bind>
<opcode="icmp(45) " fcode="icmp"/>
<opset="icmp_ln713/11 "/>
</bind>
</comp>

<comp id="1928" class="1004" name="or_ln713_fu_1928">
<pin_list>
<pin id="1929" dir="0" index="0" bw="1" slack="0"/>
<pin id="1930" dir="0" index="1" bw="1" slack="0"/>
<pin id="1931" dir="1" index="2" bw="1" slack="1"/>
</pin_list>
<bind>
<opcode="or(24) " fcode="or"/>
<opset="or_ln713/11 "/>
</bind>
</comp>

<comp id="1934" class="1004" name="icmp_ln715_1_fu_1934">
<pin_list>
<pin id="1935" dir="0" index="0" bw="2" slack="0"/>
<pin id="1936" dir="0" index="1" bw="1" slack="0"/>
<pin id="1937" dir="1" index="2" bw="1" slack="0"/>
</pin_list>
<bind>
<opcode="icmp(45) " fcode="icmp"/>
<opset="icmp_ln715_1/11 "/>
</bind>
</comp>

<comp id="1940" class="1004" name="select_ln715_fu_1940">
<pin_list>
<pin id="1941" dir="0" index="0" bw="1" slack="0"/>
<pin id="1942" dir="0" index="1" bw="1" slack="0"/>
<pin id="1943" dir="0" index="2" bw="3" slack="6"/>
<pin id="1944" dir="1" index="3" bw="3" slack="0"/>
</pin_list>
<bind>
<opcode="select(49) " fcode="select"/>
<opset="select_ln715/11 "/>
</bind>
</comp>

<comp id="1947" class="1004" name="icmp_ln715_2_fu_1947">
<pin_list>
<pin id="1948" dir="0" index="0" bw="2" slack="0"/>
<pin id="1949" dir="0" index="1" bw="1" slack="0"/>
<pin id="1950" dir="1" index="2" bw="1" slack="0"/>
</pin_list>
<bind>
<opcode="icmp(45) " fcode="icmp"/>
<opset="icmp_ln715_2/11 "/>
</bind>
</comp>

<comp id="1953" class="1004" name="select_ln715_1_fu_1953">
<pin_list>
<pin id="1954" dir="0" index="0" bw="1" slack="0"/>
<pin id="1955" dir="0" index="1" bw="2" slack="6"/>
<pin id="1956" dir="0" index="2" bw="3" slack="0"/>
<pin id="1957" dir="1" index="3" bw="3" slack="0"/>
</pin_list>
<bind>
<opcode="select(49) " fcode="select"/>
<opset="select_ln715_1/11 "/>
</bind>
</comp>

<comp id="1960" class="1004" name="zext_ln717_fu_1960">
<pin_list>
<pin id="1961" dir="0" index="0" bw="3" slack="0"/>
<pin id="1962" dir="1" index="1" bw="8" slack="1"/>
</pin_list>
<bind>
<opcode="zext(34) " fcode="zext"/>
<opset="zext_ln717/11 "/>
</bind>
</comp>

<comp id="1964" class="1004" name="select_ln717_fu_1964">
<pin_list>
<pin id="1965" dir="0" index="0" bw="1" slack="0"/>
<pin id="1966" dir="0" index="1" bw="1" slack="0"/>
<pin id="1967" dir="0" index="2" bw="64" slack="6"/>
<pin id="1968" dir="1" index="3" bw="64" slack="0"/>
</pin_list>
<bind>
<opcode="select(49) " fcode="select"/>
<opset="select_ln717/11 "/>
</bind>
</comp>

<comp id="1971" class="1004" name="select_ln717_1_fu_1971">
<pin_list>
<pin id="1972" dir="0" index="0" bw="1" slack="0"/>
<pin id="1973" dir="0" index="1" bw="64" slack="6"/>
<pin id="1974" dir="0" index="2" bw="64" slack="0"/>
<pin id="1975" dir="1" index="3" bw="64" slack="1"/>
</pin_list>
<bind>
<opcode="select(49) " fcode="select"/>
<opset="select_ln717_1/11 "/>
</bind>
</comp>

<comp id="1978" class="1004" name="icmp_ln718_fu_1978">
<pin_list>
<pin id="1979" dir="0" index="0" bw="2" slack="0"/>
<pin id="1980" dir="0" index="1" bw="1" slack="0"/>
<pin id="1981" dir="1" index="2" bw="1" slack="0"/>
</pin_list>
<bind>
<opcode="icmp(45) " fcode="icmp"/>
<opset="icmp_ln718/11 "/>
</bind>
</comp>

<comp id="1984" class="1004" name="icmp_ln718_1_fu_1984">
<pin_list>
<pin id="1985" dir="0" index="0" bw="2" slack="0"/>
<pin id="1986" dir="0" index="1" bw="1" slack="0"/>
<pin id="1987" dir="1" index="2" bw="1" slack="0"/>
</pin_list>
<bind>
<opcode="icmp(45) " fcode="icmp"/>
<opset="icmp_ln718_1/11 "/>
</bind>
</comp>

<comp id="1990" class="1004" name="or_ln718_fu_1990">
<pin_list>
<pin id="1991" dir="0" index="0" bw="1" slack="0"/>
<pin id="1992" dir="0" index="1" bw="1" slack="0"/>
<pin id="1993" dir="1" index="2" bw="1" slack="1"/>
</pin_list>
<bind>
<opcode="or(24) " fcode="or"/>
<opset="or_ln718/11 "/>
</bind>
</comp>

<comp id="1996" class="1004" name="and_ln720_fu_1996">
<pin_list>
<pin id="1997" dir="0" index="0" bw="1" slack="0"/>
<pin id="1998" dir="0" index="1" bw="1" slack="0"/>
<pin id="1999" dir="1" index="2" bw="1" slack="1"/>
</pin_list>
<bind>
<opcode="and(23) " fcode="and"/>
<opset="and_ln720/11 "/>
</bind>
</comp>

<comp id="2002" class="1004" name="conflict_seen_load_load_fu_2002">
<pin_list>
<pin id="2003" dir="0" index="0" bw="1" slack="1"/>
<pin id="2004" dir="1" index="1" bw="1" slack="2147483647"/>
</pin_list>
<bind>
<opcode="load(27) " fcode="load"/>
<opset="conflict_seen_load/11 "/>
</bind>
</comp>

<comp id="2005" class="1004" name="state_completion_wakeup_conflicts_load_load_fu_2005">
<pin_list>
<pin id="2006" dir="0" index="0" bw="64" slack="0"/>
<pin id="2007" dir="1" index="1" bw="64" slack="0"/>
</pin_list>
<bind>
<opcode="load(27) " fcode="load"/>
<opset="state_completion_wakeup_conflicts_load/11 "/>
</bind>
</comp>

<comp id="2009" class="1004" name="add_ln730_fu_2009">
<pin_list>
<pin id="2010" dir="0" index="0" bw="64" slack="0"/>
<pin id="2011" dir="0" index="1" bw="1" slack="0"/>
<pin id="2012" dir="1" index="2" bw="64" slack="0"/>
</pin_list>
<bind>
<opcode="add(8) " fcode="add"/>
<opset="add_ln730/11 "/>
</bind>
</comp>

<comp id="2015" class="1004" name="store_ln730_store_fu_2015">
<pin_list>
<pin id="2016" dir="0" index="0" bw="64" slack="0"/>
<pin id="2017" dir="0" index="1" bw="64" slack="0"/>
<pin id="2018" dir="1" index="2" bw="0" slack="2147483647"/>
</pin_list>
<bind>
<opcode="store(28) " fcode="store"/>
<opset="store_ln730/11 "/>
</bind>
</comp>

<comp id="2021" class="1004" name="state_completion_bypass_conflicts_load_load_fu_2021">
<pin_list>
<pin id="2022" dir="0" index="0" bw="64" slack="0"/>
<pin id="2023" dir="1" index="1" bw="64" slack="0"/>
</pin_list>
<bind>
<opcode="load(27) " fcode="load"/>
<opset="state_completion_bypass_conflicts_load/11 "/>
</bind>
</comp>

<comp id="2025" class="1004" name="add_ln731_fu_2025">
<pin_list>
<pin id="2026" dir="0" index="0" bw="64" slack="0"/>
<pin id="2027" dir="0" index="1" bw="1" slack="0"/>
<pin id="2028" dir="1" index="2" bw="64" slack="0"/>
</pin_list>
<bind>
<opcode="add(8) " fcode="add"/>
<opset="add_ln731/11 "/>
</bind>
</comp>

<comp id="2031" class="1004" name="store_ln731_store_fu_2031">
<pin_list>
<pin id="2032" dir="0" index="0" bw="64" slack="0"/>
<pin id="2033" dir="0" index="1" bw="64" slack="0"/>
<pin id="2034" dir="1" index="2" bw="0" slack="2147483647"/>
</pin_list>
<bind>
<opcode="store(28) " fcode="store"/>
<opset="store_ln731/11 "/>
</bind>
</comp>

<comp id="2037" class="1004" name="store_ln735_store_fu_2037">
<pin_list>
<pin id="2038" dir="0" index="0" bw="1" slack="0"/>
<pin id="2039" dir="0" index="1" bw="1" slack="0"/>
<pin id="2040" dir="1" index="2" bw="0" slack="2147483647"/>
</pin_list>
<bind>
<opcode="store(28) " fcode="store"/>
<opset="store_ln735/11 "/>
</bind>
</comp>

<comp id="2043" class="1004" name="store_ln735_store_fu_2043">
<pin_list>
<pin id="2044" dir="0" index="0" bw="1" slack="0"/>
<pin id="2045" dir="0" index="1" bw="3" slack="0"/>
<pin id="2046" dir="1" index="2" bw="0" slack="2147483647"/>
</pin_list>
<bind>
<opcode="store(28) " fcode="store"/>
<opset="store_ln735/11 "/>
</bind>
</comp>

<comp id="2049" class="1004" name="store_ln735_store_fu_2049">
<pin_list>
<pin id="2050" dir="0" index="0" bw="1" slack="0"/>
<pin id="2051" dir="0" index="1" bw="1" slack="0"/>
<pin id="2052" dir="1" index="2" bw="0" slack="2147483647"/>
</pin_list>
<bind>
<opcode="store(28) " fcode="store"/>
<opset="store_ln735/11 "/>
</bind>
</comp>

<comp id="2055" class="1004" name="store_ln735_store_fu_2055">
<pin_list>
<pin id="2056" dir="0" index="0" bw="1" slack="0"/>
<pin id="2057" dir="0" index="1" bw="8" slack="0"/>
<pin id="2058" dir="1" index="2" bw="0" slack="2147483647"/>
</pin_list>
<bind>
<opcode="store(28) " fcode="store"/>
<opset="store_ln735/11 "/>
</bind>
</comp>

<comp id="2061" class="1004" name="store_ln735_store_fu_2061">
<pin_list>
<pin id="2062" dir="0" index="0" bw="1" slack="0"/>
<pin id="2063" dir="0" index="1" bw="1" slack="0"/>
<pin id="2064" dir="1" index="2" bw="0" slack="2147483647"/>
</pin_list>
<bind>
<opcode="store(28) " fcode="store"/>
<opset="store_ln735/11 "/>
</bind>
</comp>

<comp id="2067" class="1004" name="store_ln735_store_fu_2067">
<pin_list>
<pin id="2068" dir="0" index="0" bw="1" slack="0"/>
<pin id="2069" dir="0" index="1" bw="5" slack="0"/>
<pin id="2070" dir="1" index="2" bw="0" slack="2147483647"/>
</pin_list>
<bind>
<opcode="store(28) " fcode="store"/>
<opset="store_ln735/11 "/>
</bind>
</comp>

<comp id="2073" class="1004" name="store_ln735_store_fu_2073">
<pin_list>
<pin id="2074" dir="0" index="0" bw="1" slack="0"/>
<pin id="2075" dir="0" index="1" bw="2" slack="0"/>
<pin id="2076" dir="1" index="2" bw="0" slack="2147483647"/>
</pin_list>
<bind>
<opcode="store(28) " fcode="store"/>
<opset="store_ln735/11 "/>
</bind>
</comp>

<comp id="2079" class="1004" name="store_ln735_store_fu_2079">
<pin_list>
<pin id="2080" dir="0" index="0" bw="1" slack="0"/>
<pin id="2081" dir="0" index="1" bw="2" slack="0"/>
<pin id="2082" dir="1" index="2" bw="0" slack="2147483647"/>
</pin_list>
<bind>
<opcode="store(28) " fcode="store"/>
<opset="store_ln735/11 "/>
</bind>
</comp>

<comp id="2085" class="1004" name="store_ln735_store_fu_2085">
<pin_list>
<pin id="2086" dir="0" index="0" bw="1" slack="0"/>
<pin id="2087" dir="0" index="1" bw="1" slack="0"/>
<pin id="2088" dir="1" index="2" bw="0" slack="2147483647"/>
</pin_list>
<bind>
<opcode="store(28) " fcode="store"/>
<opset="store_ln735/11 "/>
</bind>
</comp>

<comp id="2091" class="1004" name="store_ln735_store_fu_2091">
<pin_list>
<pin id="2092" dir="0" index="0" bw="1" slack="0"/>
<pin id="2093" dir="0" index="1" bw="64" slack="0"/>
<pin id="2094" dir="1" index="2" bw="0" slack="2147483647"/>
</pin_list>
<bind>
<opcode="store(28) " fcode="store"/>
<opset="store_ln735/11 "/>
</bind>
</comp>

<comp id="2097" class="1004" name="store_ln737_store_fu_2097">
<pin_list>
<pin id="2098" dir="0" index="0" bw="1" slack="0"/>
<pin id="2099" dir="0" index="1" bw="1" slack="0"/>
<pin id="2100" dir="1" index="2" bw="0" slack="2147483647"/>
</pin_list>
<bind>
<opcode="store(28) " fcode="store"/>
<opset="store_ln737/11 "/>
</bind>
</comp>

<comp id="2103" class="1004" name="store_ln737_store_fu_2103">
<pin_list>
<pin id="2104" dir="0" index="0" bw="1" slack="0"/>
<pin id="2105" dir="0" index="1" bw="3" slack="0"/>
<pin id="2106" dir="1" index="2" bw="0" slack="2147483647"/>
</pin_list>
<bind>
<opcode="store(28) " fcode="store"/>
<opset="store_ln737/11 "/>
</bind>
</comp>

<comp id="2109" class="1004" name="store_ln737_store_fu_2109">
<pin_list>
<pin id="2110" dir="0" index="0" bw="1" slack="0"/>
<pin id="2111" dir="0" index="1" bw="2" slack="0"/>
<pin id="2112" dir="1" index="2" bw="0" slack="2147483647"/>
</pin_list>
<bind>
<opcode="store(28) " fcode="store"/>
<opset="store_ln737/11 "/>
</bind>
</comp>

<comp id="2115" class="1004" name="store_ln737_store_fu_2115">
<pin_list>
<pin id="2116" dir="0" index="0" bw="1" slack="0"/>
<pin id="2117" dir="0" index="1" bw="8" slack="0"/>
<pin id="2118" dir="1" index="2" bw="0" slack="2147483647"/>
</pin_list>
<bind>
<opcode="store(28) " fcode="store"/>
<opset="store_ln737/11 "/>
</bind>
</comp>

<comp id="2121" class="1004" name="store_ln737_store_fu_2121">
<pin_list>
<pin id="2122" dir="0" index="0" bw="1" slack="0"/>
<pin id="2123" dir="0" index="1" bw="1" slack="0"/>
<pin id="2124" dir="1" index="2" bw="0" slack="2147483647"/>
</pin_list>
<bind>
<opcode="store(28) " fcode="store"/>
<opset="store_ln737/11 "/>
</bind>
</comp>

<comp id="2127" class="1004" name="store_ln737_store_fu_2127">
<pin_list>
<pin id="2128" dir="0" index="0" bw="1" slack="0"/>
<pin id="2129" dir="0" index="1" bw="5" slack="0"/>
<pin id="2130" dir="1" index="2" bw="0" slack="2147483647"/>
</pin_list>
<bind>
<opcode="store(28) " fcode="store"/>
<opset="store_ln737/11 "/>
</bind>
</comp>

<comp id="2133" class="1004" name="store_ln737_store_fu_2133">
<pin_list>
<pin id="2134" dir="0" index="0" bw="1" slack="0"/>
<pin id="2135" dir="0" index="1" bw="2" slack="0"/>
<pin id="2136" dir="1" index="2" bw="0" slack="2147483647"/>
</pin_list>
<bind>
<opcode="store(28) " fcode="store"/>
<opset="store_ln737/11 "/>
</bind>
</comp>

<comp id="2139" class="1004" name="store_ln737_store_fu_2139">
<pin_list>
<pin id="2140" dir="0" index="0" bw="1" slack="0"/>
<pin id="2141" dir="0" index="1" bw="3" slack="0"/>
<pin id="2142" dir="1" index="2" bw="0" slack="2147483647"/>
</pin_list>
<bind>
<opcode="store(28) " fcode="store"/>
<opset="store_ln737/11 "/>
</bind>
</comp>

<comp id="2145" class="1004" name="store_ln737_store_fu_2145">
<pin_list>
<pin id="2146" dir="0" index="0" bw="1" slack="0"/>
<pin id="2147" dir="0" index="1" bw="1" slack="0"/>
<pin id="2148" dir="1" index="2" bw="0" slack="2147483647"/>
</pin_list>
<bind>
<opcode="store(28) " fcode="store"/>
<opset="store_ln737/11 "/>
</bind>
</comp>

<comp id="2151" class="1004" name="store_ln737_store_fu_2151">
<pin_list>
<pin id="2152" dir="0" index="0" bw="1" slack="0"/>
<pin id="2153" dir="0" index="1" bw="64" slack="0"/>
<pin id="2154" dir="1" index="2" bw="0" slack="2147483647"/>
</pin_list>
<bind>
<opcode="store(28) " fcode="store"/>
<opset="store_ln737/11 "/>
</bind>
</comp>

<comp id="2157" class="1004" name="store_ln741_store_fu_2157">
<pin_list>
<pin id="2158" dir="0" index="0" bw="1" slack="0"/>
<pin id="2159" dir="0" index="1" bw="8" slack="0"/>
<pin id="2160" dir="1" index="2" bw="0" slack="2147483647"/>
</pin_list>
<bind>
<opcode="store(28) " fcode="store"/>
<opset="store_ln741/11 "/>
</bind>
</comp>

<comp id="2162" class="1004" name="store_ln741_store_fu_2162">
<pin_list>
<pin id="2163" dir="0" index="0" bw="1" slack="0"/>
<pin id="2164" dir="0" index="1" bw="2" slack="0"/>
<pin id="2165" dir="1" index="2" bw="0" slack="2147483647"/>
</pin_list>
<bind>
<opcode="store(28) " fcode="store"/>
<opset="store_ln741/11 "/>
</bind>
</comp>

<comp id="2167" class="1004" name="icmp_ln714_fu_2167">
<pin_list>
<pin id="2168" dir="0" index="0" bw="64" slack="0"/>
<pin id="2169" dir="0" index="1" bw="3" slack="0"/>
<pin id="2170" dir="1" index="2" bw="1" slack="2147483647"/>
</pin_list>
<bind>
<opcode="icmp(45) " fcode="icmp"/>
<opset="icmp_ln714/12 "/>
</bind>
</comp>

<comp id="2173" class="1004" name="trunc_ln715_fu_2173">
<pin_list>
<pin id="2174" dir="0" index="0" bw="64" slack="0"/>
<pin id="2175" dir="1" index="1" bw="2" slack="0"/>
</pin_list>
<bind>
<opcode="trunc(33) " fcode="trunc"/>
<opset="trunc_ln715/12 "/>
</bind>
</comp>

<comp id="2177" class="1004" name="tmp_6_fu_2177">
<pin_list>
<pin id="2178" dir="0" index="0" bw="1" slack="0"/>
<pin id="2179" dir="0" index="1" bw="1" slack="0"/>
<pin id="2180" dir="0" index="2" bw="1" slack="0"/>
<pin id="2181" dir="0" index="3" bw="1" slack="0"/>
<pin id="2182" dir="0" index="4" bw="2" slack="0"/>
<pin id="2183" dir="1" index="5" bw="1" slack="2147483647"/>
</pin_list>
<bind>
<opcode="mux(1196) " fcode="mux"/>
<opset="tmp_6/12 "/>
</bind>
</comp>

<comp id="2189" class="1004" name="tmp_7_fu_2189">
<pin_list>
<pin id="2190" dir="0" index="0" bw="8" slack="0"/>
<pin id="2191" dir="0" index="1" bw="1" slack="0"/>
<pin id="2192" dir="0" index="2" bw="2" slack="7"/>
<pin id="2193" dir="0" index="3" bw="3" slack="7"/>
<pin id="2194" dir="0" index="4" bw="1" slack="0"/>
<pin id="2195" dir="0" index="5" bw="2" slack="0"/>
<pin id="2196" dir="1" index="6" bw="8" slack="0"/>
</pin_list>
<bind>
<opcode="mux(1196) " fcode="mux"/>
<opset="tmp_7/12 "/>
</bind>
</comp>

<comp id="2201" class="1004" name="icmp_ln715_fu_2201">
<pin_list>
<pin id="2202" dir="0" index="0" bw="3" slack="1"/>
<pin id="2203" dir="0" index="1" bw="8" slack="0"/>
<pin id="2204" dir="1" index="2" bw="1" slack="2147483647"/>
</pin_list>
<bind>
<opcode="icmp(45) " fcode="icmp"/>
<opset="icmp_ln715/12 "/>
</bind>
</comp>

<comp id="2206" class="1004" name="tmp_8_fu_2206">
<pin_list>
<pin id="2207" dir="0" index="0" bw="64" slack="0"/>
<pin id="2208" dir="0" index="1" bw="1" slack="0"/>
<pin id="2209" dir="0" index="2" bw="64" slack="7"/>
<pin id="2210" dir="0" index="3" bw="64" slack="7"/>
<pin id="2211" dir="0" index="4" bw="1" slack="0"/>
<pin id="2212" dir="0" index="5" bw="2" slack="0"/>
<pin id="2213" dir="1" index="6" bw="64" slack="0"/>
</pin_list>
<bind>
<opcode="mux(1196) " fcode="mux"/>
<opset="tmp_8/12 "/>
</bind>
</comp>

<comp id="2218" class="1004" name="icmp_ln717_fu_2218">
<pin_list>
<pin id="2219" dir="0" index="0" bw="64" slack="1"/>
<pin id="2220" dir="0" index="1" bw="64" slack="0"/>
<pin id="2221" dir="1" index="2" bw="1" slack="2147483647"/>
</pin_list>
<bind>
<opcode="icmp(45) " fcode="icmp"/>
<opset="icmp_ln717/12 "/>
</bind>
</comp>

<comp id="2223" class="1004" name="usable_2_9_load_3_load_fu_2223">
<pin_list>
<pin id="2224" dir="0" index="0" bw="1" slack="2"/>
<pin id="2225" dir="1" index="1" bw="1" slack="0"/>
</pin_list>
<bind>
<opcode="load(27) " fcode="load"/>
<opset="usable_2_9_load_3/12 "/>
</bind>
</comp>

<comp id="2226" class="1004" name="usable_1_9_load_3_load_fu_2226">
<pin_list>
<pin id="2227" dir="0" index="0" bw="1" slack="2"/>
<pin id="2228" dir="1" index="1" bw="1" slack="0"/>
</pin_list>
<bind>
<opcode="load(27) " fcode="load"/>
<opset="usable_1_9_load_3/12 "/>
</bind>
</comp>

<comp id="2229" class="1004" name="usable_2_18_load_3_load_fu_2229">
<pin_list>
<pin id="2230" dir="0" index="0" bw="1" slack="2"/>
<pin id="2231" dir="1" index="1" bw="1" slack="0"/>
</pin_list>
<bind>
<opcode="load(27) " fcode="load"/>
<opset="usable_2_18_load_3/12 "/>
</bind>
</comp>

<comp id="2232" class="1004" name="icmp_ln719_fu_2232">
<pin_list>
<pin id="2233" dir="0" index="0" bw="2" slack="0"/>
<pin id="2234" dir="0" index="1" bw="1" slack="0"/>
<pin id="2235" dir="1" index="2" bw="1" slack="0"/>
</pin_list>
<bind>
<opcode="icmp(45) " fcode="icmp"/>
<opset="icmp_ln719/12 "/>
</bind>
</comp>

<comp id="2238" class="1004" name="and_ln719_fu_2238">
<pin_list>
<pin id="2239" dir="0" index="0" bw="1" slack="1"/>
<pin id="2240" dir="0" index="1" bw="1" slack="0"/>
<pin id="2241" dir="1" index="2" bw="1" slack="0"/>
</pin_list>
<bind>
<opcode="and(23) " fcode="and"/>
<opset="and_ln719/12 "/>
</bind>
</comp>

<comp id="2243" class="1004" name="and_ln719_1_fu_2243">
<pin_list>
<pin id="2244" dir="0" index="0" bw="1" slack="0"/>
<pin id="2245" dir="0" index="1" bw="1" slack="0"/>
<pin id="2246" dir="1" index="2" bw="1" slack="0"/>
</pin_list>
<bind>
<opcode="and(23) " fcode="and"/>
<opset="and_ln719_1/12 "/>
</bind>
</comp>

<comp id="2249" class="1004" name="icmp_ln719_1_fu_2249">
<pin_list>
<pin id="2250" dir="0" index="0" bw="2" slack="0"/>
<pin id="2251" dir="0" index="1" bw="1" slack="0"/>
<pin id="2252" dir="1" index="2" bw="1" slack="0"/>
</pin_list>
<bind>
<opcode="icmp(45) " fcode="icmp"/>
<opset="icmp_ln719_1/12 "/>
</bind>
</comp>

<comp id="2255" class="1004" name="and_ln719_2_fu_2255">
<pin_list>
<pin id="2256" dir="0" index="0" bw="1" slack="1"/>
<pin id="2257" dir="0" index="1" bw="1" slack="0"/>
<pin id="2258" dir="1" index="2" bw="1" slack="0"/>
</pin_list>
<bind>
<opcode="and(23) " fcode="and"/>
<opset="and_ln719_2/12 "/>
</bind>
</comp>

<comp id="2260" class="1004" name="and_ln719_3_fu_2260">
<pin_list>
<pin id="2261" dir="0" index="0" bw="1" slack="0"/>
<pin id="2262" dir="0" index="1" bw="1" slack="0"/>
<pin id="2263" dir="1" index="2" bw="1" slack="0"/>
</pin_list>
<bind>
<opcode="and(23) " fcode="and"/>
<opset="and_ln719_3/12 "/>
</bind>
</comp>

<comp id="2266" class="1004" name="icmp_ln719_2_fu_2266">
<pin_list>
<pin id="2267" dir="0" index="0" bw="2" slack="0"/>
<pin id="2268" dir="0" index="1" bw="1" slack="0"/>
<pin id="2269" dir="1" index="2" bw="1" slack="0"/>
</pin_list>
<bind>
<opcode="icmp(45) " fcode="icmp"/>
<opset="icmp_ln719_2/12 "/>
</bind>
</comp>

<comp id="2272" class="1004" name="icmp_ln719_3_fu_2272">
<pin_list>
<pin id="2273" dir="0" index="0" bw="2" slack="0"/>
<pin id="2274" dir="0" index="1" bw="1" slack="0"/>
<pin id="2275" dir="1" index="2" bw="1" slack="0"/>
</pin_list>
<bind>
<opcode="icmp(45) " fcode="icmp"/>
<opset="icmp_ln719_3/12 "/>
</bind>
</comp>

<comp id="2278" class="1004" name="or_ln719_fu_2278">
<pin_list>
<pin id="2279" dir="0" index="0" bw="1" slack="0"/>
<pin id="2280" dir="0" index="1" bw="1" slack="0"/>
<pin id="2281" dir="1" index="2" bw="1" slack="0"/>
</pin_list>
<bind>
<opcode="or(24) " fcode="or"/>
<opset="or_ln719/12 "/>
</bind>
</comp>

<comp id="2284" class="1004" name="and_ln719_4_fu_2284">
<pin_list>
<pin id="2285" dir="0" index="0" bw="1" slack="1"/>
<pin id="2286" dir="0" index="1" bw="1" slack="0"/>
<pin id="2287" dir="1" index="2" bw="1" slack="0"/>
</pin_list>
<bind>
<opcode="and(23) " fcode="and"/>
<opset="and_ln719_4/12 "/>
</bind>
</comp>

<comp id="2289" class="1004" name="and_ln719_5_fu_2289">
<pin_list>
<pin id="2290" dir="0" index="0" bw="1" slack="0"/>
<pin id="2291" dir="0" index="1" bw="1" slack="0"/>
<pin id="2292" dir="1" index="2" bw="1" slack="0"/>
</pin_list>
<bind>
<opcode="and(23) " fcode="and"/>
<opset="and_ln719_5/12 "/>
</bind>
</comp>

<comp id="2295" class="1004" name="or_ln720_fu_2295">
<pin_list>
<pin id="2296" dir="0" index="0" bw="1" slack="0"/>
<pin id="2297" dir="0" index="1" bw="1" slack="1"/>
<pin id="2298" dir="1" index="2" bw="1" slack="0"/>
</pin_list>
<bind>
<opcode="or(24) " fcode="or"/>
<opset="or_ln720/12 "/>
</bind>
</comp>

<comp id="2300" class="1004" name="or_ln720_1_fu_2300">
<pin_list>
<pin id="2301" dir="0" index="0" bw="1" slack="0"/>
<pin id="2302" dir="0" index="1" bw="1" slack="1"/>
<pin id="2303" dir="1" index="2" bw="1" slack="0"/>
</pin_list>
<bind>
<opcode="or(24) " fcode="or"/>
<opset="or_ln720_1/12 "/>
</bind>
</comp>

<comp id="2305" class="1004" name="store_ln721_store_fu_2305">
<pin_list>
<pin id="2306" dir="0" index="0" bw="1" slack="0"/>
<pin id="2307" dir="0" index="1" bw="1" slack="2"/>
<pin id="2308" dir="1" index="2" bw="0" slack="2147483647"/>
</pin_list>
<bind>
<opcode="store(28) " fcode="store"/>
<opset="store_ln721/12 "/>
</bind>
</comp>

<comp id="2310" class="1004" name="store_ln721_store_fu_2310">
<pin_list>
<pin id="2311" dir="0" index="0" bw="1" slack="0"/>
<pin id="2312" dir="0" index="1" bw="1" slack="2"/>
<pin id="2313" dir="1" index="2" bw="0" slack="2147483647"/>
</pin_list>
<bind>
<opcode="store(28) " fcode="store"/>
<opset="store_ln721/12 "/>
</bind>
</comp>

<comp id="2315" class="1004" name="store_ln721_store_fu_2315">
<pin_list>
<pin id="2316" dir="0" index="0" bw="1" slack="0"/>
<pin id="2317" dir="0" index="1" bw="1" slack="2"/>
<pin id="2318" dir="1" index="2" bw="0" slack="2147483647"/>
</pin_list>
<bind>
<opcode="store(28) " fcode="store"/>
<opset="store_ln721/12 "/>
</bind>
</comp>

<comp id="2320" class="1004" name="store_ln721_store_fu_2320">
<pin_list>
<pin id="2321" dir="0" index="0" bw="1" slack="0"/>
<pin id="2322" dir="0" index="1" bw="1" slack="2"/>
<pin id="2323" dir="1" index="2" bw="0" slack="2147483647"/>
</pin_list>
<bind>
<opcode="store(28) " fcode="store"/>
<opset="store_ln721/12 "/>
</bind>
</comp>

<comp id="2325" class="1004" name="store_ln721_store_fu_2325">
<pin_list>
<pin id="2326" dir="0" index="0" bw="1" slack="0"/>
<pin id="2327" dir="0" index="1" bw="1" slack="2"/>
<pin id="2328" dir="1" index="2" bw="0" slack="2147483647"/>
</pin_list>
<bind>
<opcode="store(28) " fcode="store"/>
<opset="store_ln721/12 "/>
</bind>
</comp>

<comp id="2330" class="1004" name="store_ln721_store_fu_2330">
<pin_list>
<pin id="2331" dir="0" index="0" bw="1" slack="0"/>
<pin id="2332" dir="0" index="1" bw="1" slack="2"/>
<pin id="2333" dir="1" index="2" bw="0" slack="2147483647"/>
</pin_list>
<bind>
<opcode="store(28) " fcode="store"/>
<opset="store_ln721/12 "/>
</bind>
</comp>

<comp id="2335" class="1004" name="store_ln721_store_fu_2335">
<pin_list>
<pin id="2336" dir="0" index="0" bw="1" slack="0"/>
<pin id="2337" dir="0" index="1" bw="1" slack="2"/>
<pin id="2338" dir="1" index="2" bw="0" slack="2147483647"/>
</pin_list>
<bind>
<opcode="store(28) " fcode="store"/>
<opset="store_ln721/12 "/>
</bind>
</comp>

<comp id="2340" class="1004" name="store_ln721_store_fu_2340">
<pin_list>
<pin id="2341" dir="0" index="0" bw="1" slack="0"/>
<pin id="2342" dir="0" index="1" bw="1" slack="2"/>
<pin id="2343" dir="1" index="2" bw="0" slack="2147483647"/>
</pin_list>
<bind>
<opcode="store(28) " fcode="store"/>
<opset="store_ln721/12 "/>
</bind>
</comp>

<comp id="2345" class="1004" name="store_ln721_store_fu_2345">
<pin_list>
<pin id="2346" dir="0" index="0" bw="1" slack="0"/>
<pin id="2347" dir="0" index="1" bw="1" slack="2"/>
<pin id="2348" dir="1" index="2" bw="0" slack="2147483647"/>
</pin_list>
<bind>
<opcode="store(28) " fcode="store"/>
<opset="store_ln721/12 "/>
</bind>
</comp>

<comp id="2350" class="1004" name="store_ln721_store_fu_2350">
<pin_list>
<pin id="2351" dir="0" index="0" bw="1" slack="0"/>
<pin id="2352" dir="0" index="1" bw="1" slack="2"/>
<pin id="2353" dir="1" index="2" bw="0" slack="2147483647"/>
</pin_list>
<bind>
<opcode="store(28) " fcode="store"/>
<opset="store_ln721/12 "/>
</bind>
</comp>

<comp id="2355" class="1004" name="store_ln721_store_fu_2355">
<pin_list>
<pin id="2356" dir="0" index="0" bw="1" slack="0"/>
<pin id="2357" dir="0" index="1" bw="1" slack="2"/>
<pin id="2358" dir="1" index="2" bw="0" slack="2147483647"/>
</pin_list>
<bind>
<opcode="store(28) " fcode="store"/>
<opset="store_ln721/12 "/>
</bind>
</comp>

<comp id="2360" class="1004" name="store_ln721_store_fu_2360">
<pin_list>
<pin id="2361" dir="0" index="0" bw="1" slack="0"/>
<pin id="2362" dir="0" index="1" bw="1" slack="2"/>
<pin id="2363" dir="1" index="2" bw="0" slack="2147483647"/>
</pin_list>
<bind>
<opcode="store(28) " fcode="store"/>
<opset="store_ln721/12 "/>
</bind>
</comp>

<comp id="2365" class="1004" name="store_ln721_store_fu_2365">
<pin_list>
<pin id="2366" dir="0" index="0" bw="1" slack="0"/>
<pin id="2367" dir="0" index="1" bw="1" slack="2"/>
<pin id="2368" dir="1" index="2" bw="0" slack="2147483647"/>
</pin_list>
<bind>
<opcode="store(28) " fcode="store"/>
<opset="store_ln721/12 "/>
</bind>
</comp>

<comp id="2370" class="1004" name="store_ln721_store_fu_2370">
<pin_list>
<pin id="2371" dir="0" index="0" bw="1" slack="0"/>
<pin id="2372" dir="0" index="1" bw="1" slack="2"/>
<pin id="2373" dir="1" index="2" bw="0" slack="2147483647"/>
</pin_list>
<bind>
<opcode="store(28) " fcode="store"/>
<opset="store_ln721/12 "/>
</bind>
</comp>

<comp id="2375" class="1004" name="store_ln721_store_fu_2375">
<pin_list>
<pin id="2376" dir="0" index="0" bw="1" slack="0"/>
<pin id="2377" dir="0" index="1" bw="1" slack="2"/>
<pin id="2378" dir="1" index="2" bw="0" slack="2147483647"/>
</pin_list>
<bind>
<opcode="store(28) " fcode="store"/>
<opset="store_ln721/12 "/>
</bind>
</comp>

<comp id="2380" class="1004" name="store_ln721_store_fu_2380">
<pin_list>
<pin id="2381" dir="0" index="0" bw="1" slack="0"/>
<pin id="2382" dir="0" index="1" bw="1" slack="2"/>
<pin id="2383" dir="1" index="2" bw="0" slack="2147483647"/>
</pin_list>
<bind>
<opcode="store(28) " fcode="store"/>
<opset="store_ln721/12 "/>
</bind>
</comp>

<comp id="2385" class="1004" name="store_ln721_store_fu_2385">
<pin_list>
<pin id="2386" dir="0" index="0" bw="1" slack="0"/>
<pin id="2387" dir="0" index="1" bw="1" slack="2"/>
<pin id="2388" dir="1" index="2" bw="0" slack="2147483647"/>
</pin_list>
<bind>
<opcode="store(28) " fcode="store"/>
<opset="store_ln721/12 "/>
</bind>
</comp>

<comp id="2390" class="1004" name="store_ln721_store_fu_2390">
<pin_list>
<pin id="2391" dir="0" index="0" bw="1" slack="0"/>
<pin id="2392" dir="0" index="1" bw="1" slack="2"/>
<pin id="2393" dir="1" index="2" bw="0" slack="2147483647"/>
</pin_list>
<bind>
<opcode="store(28) " fcode="store"/>
<opset="store_ln721/12 "/>
</bind>
</comp>

<comp id="2395" class="1004" name="store_ln725_store_fu_2395">
<pin_list>
<pin id="2396" dir="0" index="0" bw="1" slack="0"/>
<pin id="2397" dir="0" index="1" bw="1" slack="0"/>
<pin id="2398" dir="1" index="2" bw="0" slack="2147483647"/>
</pin_list>
<bind>
<opcode="store(28) " fcode="store"/>
<opset="store_ln725/12 "/>
</bind>
</comp>

<comp id="2401" class="1004" name="store_ln0_store_fu_2401">
<pin_list>
<pin id="2402" dir="0" index="0" bw="1" slack="0"/>
<pin id="2403" dir="0" index="1" bw="1" slack="2"/>
<pin id="2404" dir="1" index="2" bw="0" slack="2147483647"/>
</pin_list>
<bind>
<opcode="store(28) " fcode="store"/>
<opset="store_ln0/12 "/>
</bind>
</comp>

<comp id="2406" class="1004" name="store_ln725_store_fu_2406">
<pin_list>
<pin id="2407" dir="0" index="0" bw="1" slack="0"/>
<pin id="2408" dir="0" index="1" bw="1" slack="0"/>
<pin id="2409" dir="1" index="2" bw="0" slack="2147483647"/>
</pin_list>
<bind>
<opcode="store(28) " fcode="store"/>
<opset="store_ln725/12 "/>
</bind>
</comp>

<comp id="2412" class="1004" name="store_ln0_store_fu_2412">
<pin_list>
<pin id="2413" dir="0" index="0" bw="1" slack="0"/>
<pin id="2414" dir="0" index="1" bw="1" slack="2"/>
<pin id="2415" dir="1" index="2" bw="0" slack="2147483647"/>
</pin_list>
<bind>
<opcode="store(28) " fcode="store"/>
<opset="store_ln0/12 "/>
</bind>
</comp>

<comp id="2417" class="1004" name="store_ln725_store_fu_2417">
<pin_list>
<pin id="2418" dir="0" index="0" bw="1" slack="0"/>
<pin id="2419" dir="0" index="1" bw="1" slack="0"/>
<pin id="2420" dir="1" index="2" bw="0" slack="2147483647"/>
</pin_list>
<bind>
<opcode="store(28) " fcode="store"/>
<opset="store_ln725/12 "/>
</bind>
</comp>

<comp id="2423" class="1004" name="store_ln0_store_fu_2423">
<pin_list>
<pin id="2424" dir="0" index="0" bw="1" slack="0"/>
<pin id="2425" dir="0" index="1" bw="1" slack="2"/>
<pin id="2426" dir="1" index="2" bw="0" slack="2147483647"/>
</pin_list>
<bind>
<opcode="store(28) " fcode="store"/>
<opset="store_ln0/12 "/>
</bind>
</comp>

<comp id="2428" class="1004" name="add_ln714_fu_2428">
<pin_list>
<pin id="2429" dir="0" index="0" bw="64" slack="0"/>
<pin id="2430" dir="0" index="1" bw="1" slack="0"/>
<pin id="2431" dir="1" index="2" bw="64" slack="0"/>
</pin_list>
<bind>
<opcode="add(8) " fcode="add"/>
<opset="add_ln714/12 "/>
</bind>
</comp>

<comp id="2434" class="1004" name="add_ln712_1_fu_2434">
<pin_list>
<pin id="2435" dir="0" index="0" bw="3" slack="2147483647"/>
<pin id="2436" dir="0" index="1" bw="1" slack="0"/>
<pin id="2437" dir="1" index="2" bw="3" slack="0"/>
</pin_list>
<bind>
<opcode="add(8) " fcode="add"/>
<opset="add_ln712_1/12 "/>
</bind>
</comp>

<comp id="2439" class="1004" name="store_ln712_store_fu_2439">
<pin_list>
<pin id="2440" dir="0" index="0" bw="2" slack="1"/>
<pin id="2441" dir="0" index="1" bw="2" slack="2"/>
<pin id="2442" dir="1" index="2" bw="0" slack="2147483647"/>
</pin_list>
<bind>
<opcode="store(28) " fcode="store"/>
<opset="store_ln712/12 "/>
</bind>
</comp>

<comp id="2443" class="1004" name="store_ln712_store_fu_2443">
<pin_list>
<pin id="2444" dir="0" index="0" bw="3" slack="0"/>
<pin id="2445" dir="0" index="1" bw="3" slack="2"/>
<pin id="2446" dir="1" index="2" bw="0" slack="2147483647"/>
</pin_list>
<bind>
<opcode="store(28) " fcode="store"/>
<opset="store_ln712/12 "/>
</bind>
</comp>

<comp id="2448" class="1004" name="i_30_load_fu_2448">
<pin_list>
<pin id="2449" dir="0" index="0" bw="2" slack="1"/>
<pin id="2450" dir="1" index="1" bw="2" slack="0"/>
</pin_list>
<bind>
<opcode="load(27) " fcode="load"/>
<opset="i_30/13 "/>
</bind>
</comp>

<comp id="2451" class="1004" name="icmp_ln741_fu_2451">
<pin_list>
<pin id="2452" dir="0" index="0" bw="2" slack="0"/>
<pin id="2453" dir="0" index="1" bw="1" slack="0"/>
<pin id="2454" dir="1" index="2" bw="1" slack="2147483647"/>
</pin_list>
<bind>
<opcode="icmp(45) " fcode="icmp"/>
<opset="icmp_ln741/13 "/>
</bind>
</comp>

<comp id="2457" class="1004" name="add_ln741_fu_2457">
<pin_list>
<pin id="2458" dir="0" index="0" bw="2" slack="0"/>
<pin id="2459" dir="0" index="1" bw="1" slack="0"/>
<pin id="2460" dir="1" index="2" bw="2" slack="0"/>
</pin_list>
<bind>
<opcode="add(8) " fcode="add"/>
<opset="add_ln741/13 "/>
</bind>
</comp>

<comp id="2463" class="1004" name="tmp_9_fu_2463">
<pin_list>
<pin id="2464" dir="0" index="0" bw="1" slack="0"/>
<pin id="2465" dir="0" index="1" bw="1" slack="0"/>
<pin id="2466" dir="0" index="2" bw="1" slack="0"/>
<pin id="2467" dir="0" index="3" bw="1" slack="0"/>
<pin id="2468" dir="0" index="4" bw="2" slack="0"/>
<pin id="2469" dir="1" index="5" bw="1" slack="0"/>
</pin_list>
<bind>
<opcode="mux(1196) " fcode="mux"/>
<opset="tmp_9/13 "/>
</bind>
</comp>

<comp id="2475" class="1004" name="xor_ln742_fu_2475">
<pin_list>
<pin id="2476" dir="0" index="0" bw="1" slack="0"/>
<pin id="2477" dir="0" index="1" bw="1" slack="0"/>
<pin id="2478" dir="1" index="2" bw="1" slack="0"/>
</pin_list>
<bind>
<opcode="xor(25) " fcode="xor"/>
<opset="xor_ln742/13 "/>
</bind>
</comp>

<comp id="2481" class="1004" name="icmp_ln742_fu_2481">
<pin_list>
<pin id="2482" dir="0" index="0" bw="8" slack="0"/>
<pin id="2483" dir="0" index="1" bw="3" slack="0"/>
<pin id="2484" dir="1" index="2" bw="1" slack="0"/>
</pin_list>
<bind>
<opcode="icmp(45) " fcode="icmp"/>
<opset="icmp_ln742/13 "/>
</bind>
</comp>

<comp id="2487" class="1004" name="or_ln742_fu_2487">
<pin_list>
<pin id="2488" dir="0" index="0" bw="1" slack="0"/>
<pin id="2489" dir="0" index="1" bw="1" slack="0"/>
<pin id="2490" dir="1" index="2" bw="1" slack="2147483647"/>
</pin_list>
<bind>
<opcode="or(24) " fcode="or"/>
<opset="or_ln742/13 "/>
</bind>
</comp>

<comp id="2493" class="1004" name="trunc_ln745_fu_2493">
<pin_list>
<pin id="2494" dir="0" index="0" bw="8" slack="0"/>
<pin id="2495" dir="1" index="1" bw="2" slack="2147483647"/>
</pin_list>
<bind>
<opcode="trunc(33) " fcode="trunc"/>
<opset="trunc_ln745/13 "/>
</bind>
</comp>

<comp id="2497" class="1004" name="phi_ln_fu_2497">
<pin_list>
<pin id="2498" dir="0" index="0" bw="8" slack="0"/>
<pin id="2499" dir="0" index="1" bw="1" slack="0"/>
<pin id="2500" dir="0" index="2" bw="8" slack="7"/>
<pin id="2501" dir="0" index="3" bw="8" slack="7"/>
<pin id="2502" dir="0" index="4" bw="1" slack="0"/>
<pin id="2503" dir="0" index="5" bw="2" slack="0"/>
<pin id="2504" dir="1" index="6" bw="8" slack="0"/>
</pin_list>
<bind>
<opcode="mux(1196) " fcode="mux"/>
<opset="phi_ln/13 "/>
</bind>
</comp>

<comp id="2509" class="1004" name="store_ln750_store_fu_2509">
<pin_list>
<pin id="2510" dir="0" index="0" bw="8" slack="0"/>
<pin id="2511" dir="0" index="1" bw="8" slack="0"/>
<pin id="2512" dir="1" index="2" bw="0" slack="2147483647"/>
</pin_list>
<bind>
<opcode="store(28) " fcode="store"/>
<opset="store_ln750/13 "/>
</bind>
</comp>

<comp id="2515" class="1004" name="store_ln758_store_fu_2515">
<pin_list>
<pin id="2516" dir="0" index="0" bw="8" slack="0"/>
<pin id="2517" dir="0" index="1" bw="8" slack="0"/>
<pin id="2518" dir="1" index="2" bw="0" slack="2147483647"/>
</pin_list>
<bind>
<opcode="store(28) " fcode="store"/>
<opset="store_ln758/13 "/>
</bind>
</comp>

<comp id="2521" class="1004" name="store_ln750_store_fu_2521">
<pin_list>
<pin id="2522" dir="0" index="0" bw="8" slack="0"/>
<pin id="2523" dir="0" index="1" bw="8" slack="0"/>
<pin id="2524" dir="1" index="2" bw="0" slack="2147483647"/>
</pin_list>
<bind>
<opcode="store(28) " fcode="store"/>
<opset="store_ln750/13 "/>
</bind>
</comp>

<comp id="2527" class="1004" name="store_ln758_store_fu_2527">
<pin_list>
<pin id="2528" dir="0" index="0" bw="8" slack="0"/>
<pin id="2529" dir="0" index="1" bw="8" slack="0"/>
<pin id="2530" dir="1" index="2" bw="0" slack="2147483647"/>
</pin_list>
<bind>
<opcode="store(28) " fcode="store"/>
<opset="store_ln758/13 "/>
</bind>
</comp>

<comp id="2533" class="1004" name="store_ln750_store_fu_2533">
<pin_list>
<pin id="2534" dir="0" index="0" bw="8" slack="0"/>
<pin id="2535" dir="0" index="1" bw="8" slack="0"/>
<pin id="2536" dir="1" index="2" bw="0" slack="2147483647"/>
</pin_list>
<bind>
<opcode="store(28) " fcode="store"/>
<opset="store_ln750/13 "/>
</bind>
</comp>

<comp id="2539" class="1004" name="store_ln758_store_fu_2539">
<pin_list>
<pin id="2540" dir="0" index="0" bw="8" slack="0"/>
<pin id="2541" dir="0" index="1" bw="8" slack="0"/>
<pin id="2542" dir="1" index="2" bw="0" slack="2147483647"/>
</pin_list>
<bind>
<opcode="store(28) " fcode="store"/>
<opset="store_ln758/13 "/>
</bind>
</comp>

<comp id="2545" class="1004" name="state_completion_wakeup_sent_0_load_load_fu_2545">
<pin_list>
<pin id="2546" dir="0" index="0" bw="1" slack="0"/>
<pin id="2547" dir="1" index="1" bw="1" slack="0"/>
</pin_list>
<bind>
<opcode="load(27) " fcode="load"/>
<opset="state_completion_wakeup_sent_0_load/13 "/>
</bind>
</comp>

<comp id="2549" class="1004" name="state_completion_wakeup_sent_1_load_load_fu_2549">
<pin_list>
<pin id="2550" dir="0" index="0" bw="1" slack="0"/>
<pin id="2551" dir="1" index="1" bw="1" slack="0"/>
</pin_list>
<bind>
<opcode="load(27) " fcode="load"/>
<opset="state_completion_wakeup_sent_1_load/13 "/>
</bind>
</comp>

<comp id="2553" class="1004" name="state_completion_wakeup_sent_2_load_load_fu_2553">
<pin_list>
<pin id="2554" dir="0" index="0" bw="1" slack="0"/>
<pin id="2555" dir="1" index="1" bw="1" slack="0"/>
</pin_list>
<bind>
<opcode="load(27) " fcode="load"/>
<opset="state_completion_wakeup_sent_2_load/13 "/>
</bind>
</comp>

<comp id="2557" class="1004" name="tmp_1_fu_2557">
<pin_list>
<pin id="2558" dir="0" index="0" bw="1" slack="0"/>
<pin id="2559" dir="0" index="1" bw="1" slack="0"/>
<pin id="2560" dir="0" index="2" bw="1" slack="0"/>
<pin id="2561" dir="0" index="3" bw="1" slack="0"/>
<pin id="2562" dir="0" index="4" bw="2" slack="0"/>
<pin id="2563" dir="1" index="5" bw="1" slack="2147483647"/>
</pin_list>
<bind>
<opcode="mux(1196) " fcode="mux"/>
<opset="tmp_1/13 "/>
</bind>
</comp>

<comp id="2569" class="1004" name="state_completion_total_wakeups_load_load_fu_2569">
<pin_list>
<pin id="2570" dir="0" index="0" bw="64" slack="0"/>
<pin id="2571" dir="1" index="1" bw="64" slack="0"/>
</pin_list>
<bind>
<opcode="load(27) " fcode="load"/>
<opset="state_completion_total_wakeups_load/13 "/>
</bind>
</comp>

<comp id="2573" class="1004" name="add_ln761_fu_2573">
<pin_list>
<pin id="2574" dir="0" index="0" bw="64" slack="0"/>
<pin id="2575" dir="0" index="1" bw="1" slack="0"/>
<pin id="2576" dir="1" index="2" bw="64" slack="0"/>
</pin_list>
<bind>
<opcode="add(8) " fcode="add"/>
<opset="add_ln761/13 "/>
</bind>
</comp>

<comp id="2579" class="1004" name="store_ln761_store_fu_2579">
<pin_list>
<pin id="2580" dir="0" index="0" bw="64" slack="0"/>
<pin id="2581" dir="0" index="1" bw="64" slack="0"/>
<pin id="2582" dir="1" index="2" bw="0" slack="2147483647"/>
</pin_list>
<bind>
<opcode="store(28) " fcode="store"/>
<opset="store_ln761/13 "/>
</bind>
</comp>

<comp id="2585" class="1004" name="state_completion_total_bypass_load_load_fu_2585">
<pin_list>
<pin id="2586" dir="0" index="0" bw="64" slack="0"/>
<pin id="2587" dir="1" index="1" bw="64" slack="0"/>
</pin_list>
<bind>
<opcode="load(27) " fcode="load"/>
<opset="state_completion_total_bypass_load/13 "/>
</bind>
</comp>

<comp id="2589" class="1004" name="add_ln762_fu_2589">
<pin_list>
<pin id="2590" dir="0" index="0" bw="64" slack="0"/>
<pin id="2591" dir="0" index="1" bw="1" slack="0"/>
<pin id="2592" dir="1" index="2" bw="64" slack="0"/>
</pin_list>
<bind>
<opcode="add(8) " fcode="add"/>
<opset="add_ln762/13 "/>
</bind>
</comp>

<comp id="2595" class="1004" name="store_ln762_store_fu_2595">
<pin_list>
<pin id="2596" dir="0" index="0" bw="64" slack="0"/>
<pin id="2597" dir="0" index="1" bw="64" slack="0"/>
<pin id="2598" dir="1" index="2" bw="0" slack="2147483647"/>
</pin_list>
<bind>
<opcode="store(28) " fcode="store"/>
<opset="store_ln762/13 "/>
</bind>
</comp>

<comp id="2601" class="1004" name="store_ln763_store_fu_2601">
<pin_list>
<pin id="2602" dir="0" index="0" bw="1" slack="0"/>
<pin id="2603" dir="0" index="1" bw="1" slack="0"/>
<pin id="2604" dir="1" index="2" bw="0" slack="2147483647"/>
</pin_list>
<bind>
<opcode="store(28) " fcode="store"/>
<opset="store_ln763/13 "/>
</bind>
</comp>

<comp id="2607" class="1004" name="store_ln763_store_fu_2607">
<pin_list>
<pin id="2608" dir="0" index="0" bw="1" slack="0"/>
<pin id="2609" dir="0" index="1" bw="1" slack="0"/>
<pin id="2610" dir="1" index="2" bw="0" slack="2147483647"/>
</pin_list>
<bind>
<opcode="store(28) " fcode="store"/>
<opset="store_ln763/13 "/>
</bind>
</comp>

<comp id="2613" class="1004" name="store_ln763_store_fu_2613">
<pin_list>
<pin id="2614" dir="0" index="0" bw="1" slack="0"/>
<pin id="2615" dir="0" index="1" bw="1" slack="0"/>
<pin id="2616" dir="1" index="2" bw="0" slack="2147483647"/>
</pin_list>
<bind>
<opcode="store(28) " fcode="store"/>
<opset="store_ln763/13 "/>
</bind>
</comp>

<comp id="2619" class="1004" name="output_1_fu_2619">
<pin_list>
<pin id="2620" dir="0" index="0" bw="8" slack="0"/>
<pin id="2621" dir="0" index="1" bw="1" slack="0"/>
<pin id="2622" dir="1" index="2" bw="8" slack="0"/>
</pin_list>
<bind>
<opcode="add(8) " fcode="add"/>
<opset="output_1/13 "/>
</bind>
</comp>

<comp id="2625" class="1004" name="store_ln766_store_fu_2625">
<pin_list>
<pin id="2626" dir="0" index="0" bw="8" slack="0"/>
<pin id="2627" dir="0" index="1" bw="8" slack="1"/>
<pin id="2628" dir="1" index="2" bw="0" slack="2147483647"/>
</pin_list>
<bind>
<opcode="store(28) " fcode="store"/>
<opset="store_ln766/13 "/>
</bind>
</comp>

<comp id="2630" class="1004" name="store_ln741_store_fu_2630">
<pin_list>
<pin id="2631" dir="0" index="0" bw="2" slack="0"/>
<pin id="2632" dir="0" index="1" bw="2" slack="1"/>
<pin id="2633" dir="1" index="2" bw="0" slack="2147483647"/>
</pin_list>
<bind>
<opcode="store(28) " fcode="store"/>
<opset="store_ln741/13 "/>
</bind>
</comp>

<comp id="2635" class="1004" name="state_completion_peak_wakeups_load_load_fu_2635">
<pin_list>
<pin id="2636" dir="0" index="0" bw="8" slack="0"/>
<pin id="2637" dir="1" index="1" bw="8" slack="0"/>
</pin_list>
<bind>
<opcode="load(27) " fcode="load"/>
<opset="state_completion_peak_wakeups_load/13 "/>
</bind>
</comp>

<comp id="2639" class="1004" name="icmp_ln769_fu_2639">
<pin_list>
<pin id="2640" dir="0" index="0" bw="8" slack="0"/>
<pin id="2641" dir="0" index="1" bw="8" slack="0"/>
<pin id="2642" dir="1" index="2" bw="1" slack="2147483647"/>
</pin_list>
<bind>
<opcode="icmp(45) " fcode="icmp"/>
<opset="icmp_ln769/13 "/>
</bind>
</comp>

<comp id="2645" class="1004" name="store_ln770_store_fu_2645">
<pin_list>
<pin id="2646" dir="0" index="0" bw="8" slack="0"/>
<pin id="2647" dir="0" index="1" bw="8" slack="0"/>
<pin id="2648" dir="1" index="2" bw="0" slack="2147483647"/>
</pin_list>
<bind>
<opcode="store(28) " fcode="store"/>
<opset="store_ln770/13 "/>
</bind>
</comp>

<comp id="2651" class="1004" name="state_completion_peak_bypass_load_load_fu_2651">
<pin_list>
<pin id="2652" dir="0" index="0" bw="8" slack="0"/>
<pin id="2653" dir="1" index="1" bw="8" slack="0"/>
</pin_list>
<bind>
<opcode="load(27) " fcode="load"/>
<opset="state_completion_peak_bypass_load/13 "/>
</bind>
</comp>

<comp id="2655" class="1004" name="icmp_ln771_fu_2655">
<pin_list>
<pin id="2656" dir="0" index="0" bw="8" slack="0"/>
<pin id="2657" dir="0" index="1" bw="8" slack="0"/>
<pin id="2658" dir="1" index="2" bw="1" slack="2147483647"/>
</pin_list>
<bind>
<opcode="icmp(45) " fcode="icmp"/>
<opset="icmp_ln771/13 "/>
</bind>
</comp>

<comp id="2661" class="1004" name="store_ln772_store_fu_2661">
<pin_list>
<pin id="2662" dir="0" index="0" bw="8" slack="0"/>
<pin id="2663" dir="0" index="1" bw="8" slack="0"/>
<pin id="2664" dir="1" index="2" bw="0" slack="2147483647"/>
</pin_list>
<bind>
<opcode="store(28) " fcode="store"/>
<opset="store_ln772/13 "/>
</bind>
</comp>

<comp id="2679" class="1005" name="i_reg_2679">
<pin_list>
<pin id="2680" dir="0" index="0" bw="2" slack="0"/>
<pin id="2681" dir="1" index="1" bw="2" slack="0"/>
</pin_list>
<bind>
<opset="i "/>
</bind>
</comp>

<comp id="2686" class="1005" name="zext_ln667_reg_2686">
<pin_list>
<pin id="2687" dir="0" index="0" bw="8" slack="4"/>
<pin id="2688" dir="1" index="1" bw="8" slack="4"/>
</pin_list>
<bind>
<opset="zext_ln667 "/>
</bind>
</comp>

<comp id="2692" class="1005" name="zext_ln667_4_reg_2692">
<pin_list>
<pin id="2693" dir="0" index="0" bw="8" slack="4"/>
<pin id="2694" dir="1" index="1" bw="8" slack="4"/>
</pin_list>
<bind>
<opset="zext_ln667_4 "/>
</bind>
</comp>

<comp id="2698" class="1005" name="ports_uop_branch_br_mask_1_reg_2698">
<pin_list>
<pin id="2699" dir="0" index="0" bw="8" slack="7"/>
<pin id="2700" dir="1" index="1" bw="8" slack="7"/>
</pin_list>
<bind>
<opset="ports_uop_branch_br_mask_1 "/>
</bind>
</comp>

<comp id="2703" class="1005" name="ports_uop_queue_rob_idx_1_reg_2703">
<pin_list>
<pin id="2704" dir="0" index="0" bw="5" slack="5"/>
<pin id="2705" dir="1" index="1" bw="5" slack="5"/>
</pin_list>
<bind>
<opset="ports_uop_queue_rob_idx_1 "/>
</bind>
</comp>

<comp id="2708" class="1005" name="zext_ln667_5_reg_2708">
<pin_list>
<pin id="2709" dir="0" index="0" bw="8" slack="4"/>
<pin id="2710" dir="1" index="1" bw="8" slack="4"/>
</pin_list>
<bind>
<opset="zext_ln667_5 "/>
</bind>
</comp>

<comp id="2714" class="1005" name="zext_ln667_6_reg_2714">
<pin_list>
<pin id="2715" dir="0" index="0" bw="32" slack="4"/>
<pin id="2716" dir="1" index="1" bw="32" slack="4"/>
</pin_list>
<bind>
<opset="zext_ln667_6 "/>
</bind>
</comp>

<comp id="2720" class="1005" name="zext_ln667_7_reg_2720">
<pin_list>
<pin id="2721" dir="0" index="0" bw="8" slack="7"/>
<pin id="2722" dir="1" index="1" bw="8" slack="7"/>
</pin_list>
<bind>
<opset="zext_ln667_7 "/>
</bind>
</comp>

<comp id="2725" class="1005" name="zext_ln667_8_reg_2725">
<pin_list>
<pin id="2726" dir="0" index="0" bw="3" slack="6"/>
<pin id="2727" dir="1" index="1" bw="3" slack="6"/>
</pin_list>
<bind>
<opset="zext_ln667_8 "/>
</bind>
</comp>

<comp id="2731" class="1005" name="ports_writes_prf_1_reg_2731">
<pin_list>
<pin id="2732" dir="0" index="0" bw="1" slack="6"/>
<pin id="2733" dir="1" index="1" bw="1" slack="6"/>
</pin_list>
<bind>
<opset="ports_writes_prf_1 "/>
</bind>
</comp>

<comp id="2736" class="1005" name="ports_value_1_reg_2736">
<pin_list>
<pin id="2737" dir="0" index="0" bw="64" slack="6"/>
<pin id="2738" dir="1" index="1" bw="64" slack="6"/>
</pin_list>
<bind>
<opset="ports_value_1 "/>
</bind>
</comp>

<comp id="2742" class="1005" name="zext_ln668_reg_2742">
<pin_list>
<pin id="2743" dir="0" index="0" bw="8" slack="4"/>
<pin id="2744" dir="1" index="1" bw="8" slack="4"/>
</pin_list>
<bind>
<opset="zext_ln668 "/>
</bind>
</comp>

<comp id="2748" class="1005" name="zext_ln668_4_reg_2748">
<pin_list>
<pin id="2749" dir="0" index="0" bw="8" slack="4"/>
<pin id="2750" dir="1" index="1" bw="8" slack="4"/>
</pin_list>
<bind>
<opset="zext_ln668_4 "/>
</bind>
</comp>

<comp id="2754" class="1005" name="ports_uop_branch_br_mask_2_reg_2754">
<pin_list>
<pin id="2755" dir="0" index="0" bw="8" slack="7"/>
<pin id="2756" dir="1" index="1" bw="8" slack="7"/>
</pin_list>
<bind>
<opset="ports_uop_branch_br_mask_2 "/>
</bind>
</comp>

<comp id="2759" class="1005" name="ports_uop_queue_rob_idx_2_reg_2759">
<pin_list>
<pin id="2760" dir="0" index="0" bw="5" slack="5"/>
<pin id="2761" dir="1" index="1" bw="5" slack="5"/>
</pin_list>
<bind>
<opset="ports_uop_queue_rob_idx_2 "/>
</bind>
</comp>

<comp id="2764" class="1005" name="zext_ln668_5_reg_2764">
<pin_list>
<pin id="2765" dir="0" index="0" bw="8" slack="4"/>
<pin id="2766" dir="1" index="1" bw="8" slack="4"/>
</pin_list>
<bind>
<opset="zext_ln668_5 "/>
</bind>
</comp>

<comp id="2770" class="1005" name="zext_ln668_6_reg_2770">
<pin_list>
<pin id="2771" dir="0" index="0" bw="32" slack="4"/>
<pin id="2772" dir="1" index="1" bw="32" slack="4"/>
</pin_list>
<bind>
<opset="zext_ln668_6 "/>
</bind>
</comp>

<comp id="2776" class="1005" name="ports_uop_rename_pdst_2_reg_2776">
<pin_list>
<pin id="2777" dir="0" index="0" bw="3" slack="6"/>
<pin id="2778" dir="1" index="1" bw="3" slack="6"/>
</pin_list>
<bind>
<opset="ports_uop_rename_pdst_2 "/>
</bind>
</comp>

<comp id="2782" class="1005" name="zext_ln668_7_reg_2782">
<pin_list>
<pin id="2783" dir="0" index="0" bw="8" slack="7"/>
<pin id="2784" dir="1" index="1" bw="8" slack="7"/>
</pin_list>
<bind>
<opset="zext_ln668_7 "/>
</bind>
</comp>

<comp id="2787" class="1005" name="ports_writes_prf_2_reg_2787">
<pin_list>
<pin id="2788" dir="0" index="0" bw="1" slack="6"/>
<pin id="2789" dir="1" index="1" bw="1" slack="6"/>
</pin_list>
<bind>
<opset="ports_writes_prf_2 "/>
</bind>
</comp>

<comp id="2792" class="1005" name="ports_value_2_reg_2792">
<pin_list>
<pin id="2793" dir="0" index="0" bw="64" slack="6"/>
<pin id="2794" dir="1" index="1" bw="64" slack="6"/>
</pin_list>
<bind>
<opset="ports_value_2 "/>
</bind>
</comp>

<comp id="2804" class="1005" name="i_15_reg_2804">
<pin_list>
<pin id="2805" dir="0" index="0" bw="2" slack="0"/>
<pin id="2806" dir="1" index="1" bw="2" slack="0"/>
</pin_list>
<bind>
<opset="i_15 "/>
</bind>
</comp>

<comp id="2817" class="1005" name="i_16_reg_2817">
<pin_list>
<pin id="2818" dir="0" index="0" bw="2" slack="0"/>
<pin id="2819" dir="1" index="1" bw="2" slack="0"/>
</pin_list>
<bind>
<opset="i_16 "/>
</bind>
</comp>

<comp id="2824" class="1005" name="rejected_1_0_reg_2824">
<pin_list>
<pin id="2825" dir="0" index="0" bw="1" slack="1"/>
<pin id="2826" dir="1" index="1" bw="1" slack="1"/>
</pin_list>
<bind>
<opset="rejected_1_0 "/>
</bind>
</comp>

<comp id="2831" class="1005" name="rejected_2_0_reg_2831">
<pin_list>
<pin id="2832" dir="0" index="0" bw="1" slack="1"/>
<pin id="2833" dir="1" index="1" bw="1" slack="1"/>
</pin_list>
<bind>
<opset="rejected_2_0 "/>
</bind>
</comp>

<comp id="2838" class="1005" name="usable_2_1_reg_2838">
<pin_list>
<pin id="2839" dir="0" index="0" bw="1" slack="1"/>
<pin id="2840" dir="1" index="1" bw="1" slack="1"/>
</pin_list>
<bind>
<opset="usable_2_1 "/>
</bind>
</comp>

<comp id="2847" class="1005" name="usable_2_3_reg_2847">
<pin_list>
<pin id="2848" dir="0" index="0" bw="1" slack="1"/>
<pin id="2849" dir="1" index="1" bw="1" slack="1"/>
</pin_list>
<bind>
<opset="usable_2_3 "/>
</bind>
</comp>

<comp id="2856" class="1005" name="usable_2_reg_2856">
<pin_list>
<pin id="2857" dir="0" index="0" bw="1" slack="1"/>
<pin id="2858" dir="1" index="1" bw="1" slack="1"/>
</pin_list>
<bind>
<opset="usable_2 "/>
</bind>
</comp>

<comp id="2865" class="1005" name="i_26_reg_2865">
<pin_list>
<pin id="2866" dir="0" index="0" bw="2" slack="2"/>
<pin id="2867" dir="1" index="1" bw="2" slack="2147483647"/>
</pin_list>
<bind>
<opset="i_26 "/>
</bind>
</comp>

<comp id="2869" class="1005" name="rejected_1_0_load_reg_2869">
<pin_list>
<pin id="2870" dir="0" index="0" bw="1" slack="2"/>
<pin id="2871" dir="1" index="1" bw="1" slack="2"/>
</pin_list>
<bind>
<opset="rejected_1_0_load "/>
</bind>
</comp>

<comp id="2874" class="1005" name="rejected_2_0_load_reg_2874">
<pin_list>
<pin id="2875" dir="0" index="0" bw="1" slack="2"/>
<pin id="2876" dir="1" index="1" bw="1" slack="2"/>
</pin_list>
<bind>
<opset="rejected_2_0_load "/>
</bind>
</comp>

<comp id="2879" class="1005" name="usable_2_1_load_reg_2879">
<pin_list>
<pin id="2880" dir="0" index="0" bw="1" slack="1"/>
<pin id="2881" dir="1" index="1" bw="1" slack="1"/>
</pin_list>
<bind>
<opset="usable_2_1_load "/>
</bind>
</comp>

<comp id="2885" class="1005" name="usable_2_3_load_reg_2885">
<pin_list>
<pin id="2886" dir="0" index="0" bw="1" slack="1"/>
<pin id="2887" dir="1" index="1" bw="1" slack="1"/>
</pin_list>
<bind>
<opset="usable_2_3_load "/>
</bind>
</comp>

<comp id="2891" class="1005" name="usable_2_10_reg_2891">
<pin_list>
<pin id="2892" dir="0" index="0" bw="1" slack="1"/>
<pin id="2893" dir="1" index="1" bw="1" slack="1"/>
</pin_list>
<bind>
<opset="usable_2_10 "/>
</bind>
</comp>

<comp id="2900" class="1005" name="add_ln691_reg_2900">
<pin_list>
<pin id="2901" dir="0" index="0" bw="2" slack="3"/>
<pin id="2902" dir="1" index="1" bw="2" slack="3"/>
</pin_list>
<bind>
<opset="add_ln691 "/>
</bind>
</comp>

<comp id="2905" class="1005" name="i_17_reg_2905">
<pin_list>
<pin id="2906" dir="0" index="0" bw="2" slack="0"/>
<pin id="2907" dir="1" index="1" bw="2" slack="0"/>
</pin_list>
<bind>
<opset="i_17 "/>
</bind>
</comp>

<comp id="2912" class="1005" name="precise_age_reg_2912">
<pin_list>
<pin id="2913" dir="0" index="0" bw="8" slack="0"/>
<pin id="2914" dir="1" index="1" bw="8" slack="0"/>
</pin_list>
<bind>
<opset="precise_age "/>
</bind>
</comp>

<comp id="2919" class="1005" name="precise_valid_reg_2919">
<pin_list>
<pin id="2920" dir="0" index="0" bw="1" slack="0"/>
<pin id="2921" dir="1" index="1" bw="1" slack="0"/>
</pin_list>
<bind>
<opset="precise_valid "/>
</bind>
</comp>

<comp id="2929" class="1005" name="phi_ln675_1_reg_2929">
<pin_list>
<pin id="2930" dir="0" index="0" bw="8" slack="1"/>
<pin id="2931" dir="1" index="1" bw="8" slack="1"/>
</pin_list>
<bind>
<opset="phi_ln675_1 "/>
</bind>
</comp>

<comp id="2934" class="1005" name="phi_ln675_2_reg_2934">
<pin_list>
<pin id="2935" dir="0" index="0" bw="8" slack="1"/>
<pin id="2936" dir="1" index="1" bw="8" slack="1"/>
</pin_list>
<bind>
<opset="phi_ln675_2 "/>
</bind>
</comp>

<comp id="2939" class="1005" name="phi_ln675_3_reg_2939">
<pin_list>
<pin id="2940" dir="0" index="0" bw="8" slack="1"/>
<pin id="2941" dir="1" index="1" bw="8" slack="1"/>
</pin_list>
<bind>
<opset="phi_ln675_3 "/>
</bind>
</comp>

<comp id="2944" class="1005" name="phi_ln675_4_reg_2944">
<pin_list>
<pin id="2945" dir="0" index="0" bw="32" slack="1"/>
<pin id="2946" dir="1" index="1" bw="32" slack="1"/>
</pin_list>
<bind>
<opset="phi_ln675_4 "/>
</bind>
</comp>

<comp id="2949" class="1005" name="tmp_reg_2949">
<pin_list>
<pin id="2950" dir="0" index="0" bw="1" slack="1"/>
<pin id="2951" dir="1" index="1" bw="1" slack="2147483647"/>
</pin_list>
<bind>
<opset="tmp "/>
</bind>
</comp>

<comp id="2959" class="1005" name="add_ln698_reg_2959">
<pin_list>
<pin id="2960" dir="0" index="0" bw="2" slack="1"/>
<pin id="2961" dir="1" index="1" bw="2" slack="1"/>
</pin_list>
<bind>
<opset="add_ln698 "/>
</bind>
</comp>

<comp id="2964" class="1005" name="and_ln699_reg_2964">
<pin_list>
<pin id="2965" dir="0" index="0" bw="1" slack="1"/>
<pin id="2966" dir="1" index="1" bw="1" slack="1"/>
</pin_list>
<bind>
<opset="and_ln699 "/>
</bind>
</comp>

<comp id="2969" class="1005" name="phi_ln699_1_reg_2969">
<pin_list>
<pin id="2970" dir="0" index="0" bw="8" slack="1"/>
<pin id="2971" dir="1" index="1" bw="8" slack="1"/>
</pin_list>
<bind>
<opset="phi_ln699_1 "/>
</bind>
</comp>

<comp id="2975" class="1005" name="phi_ln699_2_reg_2975">
<pin_list>
<pin id="2976" dir="0" index="0" bw="8" slack="1"/>
<pin id="2977" dir="1" index="1" bw="8" slack="1"/>
</pin_list>
<bind>
<opset="phi_ln699_2 "/>
</bind>
</comp>

<comp id="2980" class="1005" name="phi_ln699_3_reg_2980">
<pin_list>
<pin id="2981" dir="0" index="0" bw="8" slack="1"/>
<pin id="2982" dir="1" index="1" bw="8" slack="1"/>
</pin_list>
<bind>
<opset="phi_ln699_3 "/>
</bind>
</comp>

<comp id="2986" class="1005" name="phi_ln699_4_reg_2986">
<pin_list>
<pin id="2987" dir="0" index="0" bw="32" slack="1"/>
<pin id="2988" dir="1" index="1" bw="32" slack="1"/>
</pin_list>
<bind>
<opset="phi_ln699_4 "/>
</bind>
</comp>

<comp id="2991" class="1005" name="precise_valid_load_1_reg_2991">
<pin_list>
<pin id="2992" dir="0" index="0" bw="1" slack="1"/>
<pin id="2993" dir="1" index="1" bw="1" slack="2147483647"/>
</pin_list>
<bind>
<opset="precise_valid_load_1 "/>
</bind>
</comp>

<comp id="2995" class="1005" name="i_18_reg_2995">
<pin_list>
<pin id="2996" dir="0" index="0" bw="2" slack="0"/>
<pin id="2997" dir="1" index="1" bw="2" slack="0"/>
</pin_list>
<bind>
<opset="i_18 "/>
</bind>
</comp>

<comp id="3002" class="1005" name="usable_2_5_reg_3002">
<pin_list>
<pin id="3003" dir="0" index="0" bw="1" slack="0"/>
<pin id="3004" dir="1" index="1" bw="1" slack="0"/>
</pin_list>
<bind>
<opset="usable_2_5 "/>
</bind>
</comp>

<comp id="3009" class="1005" name="usable_1_5_reg_3009">
<pin_list>
<pin id="3010" dir="0" index="0" bw="1" slack="0"/>
<pin id="3011" dir="1" index="1" bw="1" slack="0"/>
</pin_list>
<bind>
<opset="usable_1_5 "/>
</bind>
</comp>

<comp id="3016" class="1005" name="usable_2_4_reg_3016">
<pin_list>
<pin id="3017" dir="0" index="0" bw="1" slack="0"/>
<pin id="3018" dir="1" index="1" bw="1" slack="0"/>
</pin_list>
<bind>
<opset="usable_2_4 "/>
</bind>
</comp>

<comp id="3038" class="1005" name="indvars_iv50_reg_3038">
<pin_list>
<pin id="3039" dir="0" index="0" bw="3" slack="0"/>
<pin id="3040" dir="1" index="1" bw="3" slack="0"/>
</pin_list>
<bind>
<opset="indvars_iv50 "/>
</bind>
</comp>

<comp id="3045" class="1005" name="i_19_reg_3045">
<pin_list>
<pin id="3046" dir="0" index="0" bw="2" slack="0"/>
<pin id="3047" dir="1" index="1" bw="2" slack="0"/>
</pin_list>
<bind>
<opset="i_19 "/>
</bind>
</comp>

<comp id="3052" class="1005" name="conflict_seen_reg_3052">
<pin_list>
<pin id="3053" dir="0" index="0" bw="1" slack="0"/>
<pin id="3054" dir="1" index="1" bw="1" slack="0"/>
</pin_list>
<bind>
<opset="conflict_seen "/>
</bind>
</comp>

<comp id="3061" class="1005" name="rejected_1_5_reg_3061">
<pin_list>
<pin id="3062" dir="0" index="0" bw="1" slack="0"/>
<pin id="3063" dir="1" index="1" bw="1" slack="0"/>
</pin_list>
<bind>
<opset="rejected_1_5 "/>
</bind>
</comp>

<comp id="3070" class="1005" name="rejected_2_5_reg_3070">
<pin_list>
<pin id="3071" dir="0" index="0" bw="1" slack="0"/>
<pin id="3072" dir="1" index="1" bw="1" slack="0"/>
</pin_list>
<bind>
<opset="rejected_2_5 "/>
</bind>
</comp>

<comp id="3079" class="1005" name="usable_2_9_reg_3079">
<pin_list>
<pin id="3080" dir="0" index="0" bw="1" slack="0"/>
<pin id="3081" dir="1" index="1" bw="1" slack="0"/>
</pin_list>
<bind>
<opset="usable_2_9 "/>
</bind>
</comp>

<comp id="3090" class="1005" name="usable_1_9_reg_3090">
<pin_list>
<pin id="3091" dir="0" index="0" bw="1" slack="0"/>
<pin id="3092" dir="1" index="1" bw="1" slack="0"/>
</pin_list>
<bind>
<opset="usable_1_9 "/>
</bind>
</comp>

<comp id="3101" class="1005" name="usable_2_18_reg_3101">
<pin_list>
<pin id="3102" dir="0" index="0" bw="1" slack="0"/>
<pin id="3103" dir="1" index="1" bw="1" slack="0"/>
</pin_list>
<bind>
<opset="usable_2_18 "/>
</bind>
</comp>

<comp id="3115" class="1005" name="zext_ln712_reg_3115">
<pin_list>
<pin id="3116" dir="0" index="0" bw="64" slack="1"/>
<pin id="3117" dir="1" index="1" bw="64" slack="1"/>
</pin_list>
<bind>
<opset="zext_ln712 "/>
</bind>
</comp>

<comp id="3123" class="1005" name="trunc_ln712_reg_3123">
<pin_list>
<pin id="3124" dir="0" index="0" bw="2" slack="1"/>
<pin id="3125" dir="1" index="1" bw="2" slack="1"/>
</pin_list>
<bind>
<opset="trunc_ln712 "/>
</bind>
</comp>

<comp id="3128" class="1005" name="or_ln713_reg_3128">
<pin_list>
<pin id="3129" dir="0" index="0" bw="1" slack="1"/>
<pin id="3130" dir="1" index="1" bw="1" slack="2147483647"/>
</pin_list>
<bind>
<opset="or_ln713 "/>
</bind>
</comp>

<comp id="3132" class="1005" name="icmp_ln715_2_reg_3132">
<pin_list>
<pin id="3133" dir="0" index="0" bw="1" slack="1"/>
<pin id="3134" dir="1" index="1" bw="1" slack="1"/>
</pin_list>
<bind>
<opset="icmp_ln715_2 "/>
</bind>
</comp>

<comp id="3137" class="1005" name="zext_ln717_reg_3137">
<pin_list>
<pin id="3138" dir="0" index="0" bw="8" slack="1"/>
<pin id="3139" dir="1" index="1" bw="8" slack="1"/>
</pin_list>
<bind>
<opset="zext_ln717 "/>
</bind>
</comp>

<comp id="3142" class="1005" name="select_ln717_1_reg_3142">
<pin_list>
<pin id="3143" dir="0" index="0" bw="64" slack="1"/>
<pin id="3144" dir="1" index="1" bw="64" slack="1"/>
</pin_list>
<bind>
<opset="select_ln717_1 "/>
</bind>
</comp>

<comp id="3147" class="1005" name="icmp_ln718_reg_3147">
<pin_list>
<pin id="3148" dir="0" index="0" bw="1" slack="1"/>
<pin id="3149" dir="1" index="1" bw="1" slack="1"/>
</pin_list>
<bind>
<opset="icmp_ln718 "/>
</bind>
</comp>

<comp id="3152" class="1005" name="icmp_ln718_1_reg_3152">
<pin_list>
<pin id="3153" dir="0" index="0" bw="1" slack="1"/>
<pin id="3154" dir="1" index="1" bw="1" slack="1"/>
</pin_list>
<bind>
<opset="icmp_ln718_1 "/>
</bind>
</comp>

<comp id="3157" class="1005" name="or_ln718_reg_3157">
<pin_list>
<pin id="3158" dir="0" index="0" bw="1" slack="1"/>
<pin id="3159" dir="1" index="1" bw="1" slack="1"/>
</pin_list>
<bind>
<opset="or_ln718 "/>
</bind>
</comp>

<comp id="3162" class="1005" name="and_ln720_reg_3162">
<pin_list>
<pin id="3163" dir="0" index="0" bw="1" slack="1"/>
<pin id="3164" dir="1" index="1" bw="1" slack="1"/>
</pin_list>
<bind>
<opset="and_ln720 "/>
</bind>
</comp>

<comp id="3176" class="1005" name="i_20_reg_3176">
<pin_list>
<pin id="3177" dir="0" index="0" bw="2" slack="0"/>
<pin id="3178" dir="1" index="1" bw="2" slack="0"/>
</pin_list>
<bind>
<opset="i_20 "/>
</bind>
</comp>

<comp id="3183" class="1005" name="output_reg_3183">
<pin_list>
<pin id="3184" dir="0" index="0" bw="8" slack="0"/>
<pin id="3185" dir="1" index="1" bw="8" slack="0"/>
</pin_list>
<bind>
<opset="output "/>
</bind>
</comp>

<comp id="3206" class="1005" name="add_ln714_reg_3206">
<pin_list>
<pin id="3207" dir="0" index="0" bw="64" slack="0"/>
<pin id="3208" dir="1" index="1" bw="64" slack="0"/>
</pin_list>
<bind>
<opset="add_ln714 "/>
</bind>
</comp>

</comp_list>

<net_list>
<net id="249"><net_src comp="186" pin="0"/><net_sink comp="246" pin=0"/></net>

<net id="253"><net_src comp="186" pin="0"/><net_sink comp="250" pin=0"/></net>

<net id="257"><net_src comp="186" pin="0"/><net_sink comp="254" pin=0"/></net>

<net id="261"><net_src comp="186" pin="0"/><net_sink comp="258" pin=0"/></net>

<net id="265"><net_src comp="186" pin="0"/><net_sink comp="262" pin=0"/></net>

<net id="269"><net_src comp="186" pin="0"/><net_sink comp="266" pin=0"/></net>

<net id="273"><net_src comp="186" pin="0"/><net_sink comp="270" pin=0"/></net>

<net id="277"><net_src comp="186" pin="0"/><net_sink comp="274" pin=0"/></net>

<net id="281"><net_src comp="186" pin="0"/><net_sink comp="278" pin=0"/></net>

<net id="285"><net_src comp="186" pin="0"/><net_sink comp="282" pin=0"/></net>

<net id="289"><net_src comp="186" pin="0"/><net_sink comp="286" pin=0"/></net>

<net id="293"><net_src comp="186" pin="0"/><net_sink comp="290" pin=0"/></net>

<net id="297"><net_src comp="186" pin="0"/><net_sink comp="294" pin=0"/></net>

<net id="301"><net_src comp="186" pin="0"/><net_sink comp="298" pin=0"/></net>

<net id="305"><net_src comp="186" pin="0"/><net_sink comp="302" pin=0"/></net>

<net id="309"><net_src comp="186" pin="0"/><net_sink comp="306" pin=0"/></net>

<net id="313"><net_src comp="186" pin="0"/><net_sink comp="310" pin=0"/></net>

<net id="317"><net_src comp="186" pin="0"/><net_sink comp="314" pin=0"/></net>

<net id="321"><net_src comp="186" pin="0"/><net_sink comp="318" pin=0"/></net>

<net id="325"><net_src comp="186" pin="0"/><net_sink comp="322" pin=0"/></net>

<net id="329"><net_src comp="186" pin="0"/><net_sink comp="326" pin=0"/></net>

<net id="333"><net_src comp="186" pin="0"/><net_sink comp="330" pin=0"/></net>

<net id="337"><net_src comp="186" pin="0"/><net_sink comp="334" pin=0"/></net>

<net id="341"><net_src comp="186" pin="0"/><net_sink comp="338" pin=0"/></net>

<net id="345"><net_src comp="186" pin="0"/><net_sink comp="342" pin=0"/></net>

<net id="357"><net_src comp="176" pin="0"/><net_sink comp="349" pin=0"/></net>

<net id="358"><net_src comp="168" pin="0"/><net_sink comp="349" pin=4"/></net>

<net id="359"><net_src comp="349" pin="6"/><net_sink comp="346" pin=0"/></net>

<net id="371"><net_src comp="176" pin="0"/><net_sink comp="363" pin=0"/></net>

<net id="372"><net_src comp="168" pin="0"/><net_sink comp="363" pin=4"/></net>

<net id="373"><net_src comp="363" pin="6"/><net_sink comp="360" pin=0"/></net>

<net id="377"><net_src comp="176" pin="0"/><net_sink comp="374" pin=0"/></net>

<net id="386"><net_src comp="346" pin="1"/><net_sink comp="378" pin=0"/></net>

<net id="387"><net_src comp="360" pin="1"/><net_sink comp="378" pin=2"/></net>

<net id="388"><net_src comp="374" pin="1"/><net_sink comp="378" pin=4"/></net>

<net id="389"><net_src comp="378" pin="6"/><net_sink comp="374" pin=0"/></net>

<net id="451"><net_src comp="216" pin="0"/><net_sink comp="435" pin=0"/></net>

<net id="452"><net_src comp="378" pin="6"/><net_sink comp="435" pin=1"/></net>

<net id="453"><net_src comp="86" pin="0"/><net_sink comp="435" pin=6"/></net>

<net id="454"><net_src comp="88" pin="0"/><net_sink comp="435" pin=7"/></net>

<net id="455"><net_src comp="90" pin="0"/><net_sink comp="435" pin=8"/></net>

<net id="456"><net_src comp="92" pin="0"/><net_sink comp="435" pin=9"/></net>

<net id="457"><net_src comp="94" pin="0"/><net_sink comp="435" pin=10"/></net>

<net id="458"><net_src comp="96" pin="0"/><net_sink comp="435" pin=11"/></net>

<net id="459"><net_src comp="98" pin="0"/><net_sink comp="435" pin=12"/></net>

<net id="460"><net_src comp="100" pin="0"/><net_sink comp="435" pin=13"/></net>

<net id="523"><net_src comp="244" pin="0"/><net_sink comp="461" pin=0"/></net>

<net id="524"><net_src comp="4" pin="0"/><net_sink comp="461" pin=1"/></net>

<net id="525"><net_src comp="16" pin="0"/><net_sink comp="461" pin=2"/></net>

<net id="526"><net_src comp="8" pin="0"/><net_sink comp="461" pin=3"/></net>

<net id="527"><net_src comp="32" pin="0"/><net_sink comp="461" pin=4"/></net>

<net id="528"><net_src comp="34" pin="0"/><net_sink comp="461" pin=5"/></net>

<net id="529"><net_src comp="86" pin="0"/><net_sink comp="461" pin=6"/></net>

<net id="530"><net_src comp="88" pin="0"/><net_sink comp="461" pin=7"/></net>

<net id="531"><net_src comp="90" pin="0"/><net_sink comp="461" pin=8"/></net>

<net id="532"><net_src comp="92" pin="0"/><net_sink comp="461" pin=9"/></net>

<net id="533"><net_src comp="94" pin="0"/><net_sink comp="461" pin=10"/></net>

<net id="534"><net_src comp="96" pin="0"/><net_sink comp="461" pin=11"/></net>

<net id="535"><net_src comp="98" pin="0"/><net_sink comp="461" pin=12"/></net>

<net id="536"><net_src comp="100" pin="0"/><net_sink comp="461" pin=13"/></net>

<net id="537"><net_src comp="28" pin="0"/><net_sink comp="461" pin=14"/></net>

<net id="538"><net_src comp="30" pin="0"/><net_sink comp="461" pin=15"/></net>

<net id="539"><net_src comp="36" pin="0"/><net_sink comp="461" pin=16"/></net>

<net id="540"><net_src comp="38" pin="0"/><net_sink comp="461" pin=17"/></net>

<net id="541"><net_src comp="42" pin="0"/><net_sink comp="461" pin=18"/></net>

<net id="542"><net_src comp="44" pin="0"/><net_sink comp="461" pin=19"/></net>

<net id="543"><net_src comp="56" pin="0"/><net_sink comp="461" pin=20"/></net>

<net id="544"><net_src comp="48" pin="0"/><net_sink comp="461" pin=21"/></net>

<net id="545"><net_src comp="72" pin="0"/><net_sink comp="461" pin=22"/></net>

<net id="546"><net_src comp="74" pin="0"/><net_sink comp="461" pin=23"/></net>

<net id="547"><net_src comp="68" pin="0"/><net_sink comp="461" pin=24"/></net>

<net id="548"><net_src comp="70" pin="0"/><net_sink comp="461" pin=25"/></net>

<net id="549"><net_src comp="76" pin="0"/><net_sink comp="461" pin=26"/></net>

<net id="550"><net_src comp="78" pin="0"/><net_sink comp="461" pin=27"/></net>

<net id="551"><net_src comp="82" pin="0"/><net_sink comp="461" pin=28"/></net>

<net id="552"><net_src comp="102" pin="0"/><net_sink comp="461" pin=29"/></net>

<net id="553"><net_src comp="108" pin="0"/><net_sink comp="461" pin=30"/></net>

<net id="554"><net_src comp="0" pin="0"/><net_sink comp="461" pin=31"/></net>

<net id="555"><net_src comp="122" pin="0"/><net_sink comp="461" pin=32"/></net>

<net id="556"><net_src comp="124" pin="0"/><net_sink comp="461" pin=33"/></net>

<net id="557"><net_src comp="126" pin="0"/><net_sink comp="461" pin=34"/></net>

<net id="558"><net_src comp="128" pin="0"/><net_sink comp="461" pin=35"/></net>

<net id="559"><net_src comp="130" pin="0"/><net_sink comp="461" pin=36"/></net>

<net id="560"><net_src comp="18" pin="0"/><net_sink comp="461" pin=37"/></net>

<net id="561"><net_src comp="58" pin="0"/><net_sink comp="461" pin=38"/></net>

<net id="562"><net_src comp="84" pin="0"/><net_sink comp="461" pin=39"/></net>

<net id="563"><net_src comp="132" pin="0"/><net_sink comp="461" pin=40"/></net>

<net id="564"><net_src comp="134" pin="0"/><net_sink comp="461" pin=41"/></net>

<net id="565"><net_src comp="136" pin="0"/><net_sink comp="461" pin=42"/></net>

<net id="566"><net_src comp="138" pin="0"/><net_sink comp="461" pin=43"/></net>

<net id="567"><net_src comp="140" pin="0"/><net_sink comp="461" pin=44"/></net>

<net id="568"><net_src comp="142" pin="0"/><net_sink comp="461" pin=45"/></net>

<net id="569"><net_src comp="144" pin="0"/><net_sink comp="461" pin=46"/></net>

<net id="570"><net_src comp="146" pin="0"/><net_sink comp="461" pin=47"/></net>

<net id="571"><net_src comp="148" pin="0"/><net_sink comp="461" pin=48"/></net>

<net id="572"><net_src comp="150" pin="0"/><net_sink comp="461" pin=49"/></net>

<net id="573"><net_src comp="152" pin="0"/><net_sink comp="461" pin=50"/></net>

<net id="574"><net_src comp="154" pin="0"/><net_sink comp="461" pin=51"/></net>

<net id="575"><net_src comp="156" pin="0"/><net_sink comp="461" pin=52"/></net>

<net id="576"><net_src comp="158" pin="0"/><net_sink comp="461" pin=53"/></net>

<net id="577"><net_src comp="112" pin="0"/><net_sink comp="461" pin=54"/></net>

<net id="578"><net_src comp="110" pin="0"/><net_sink comp="461" pin=55"/></net>

<net id="579"><net_src comp="2" pin="0"/><net_sink comp="461" pin=56"/></net>

<net id="580"><net_src comp="160" pin="0"/><net_sink comp="461" pin=57"/></net>

<net id="581"><net_src comp="162" pin="0"/><net_sink comp="461" pin=58"/></net>

<net id="582"><net_src comp="164" pin="0"/><net_sink comp="461" pin=59"/></net>

<net id="587"><net_src comp="194" pin="0"/><net_sink comp="583" pin=1"/></net>

<net id="592"><net_src comp="194" pin="0"/><net_sink comp="588" pin=1"/></net>

<net id="597"><net_src comp="174" pin="0"/><net_sink comp="593" pin=1"/></net>

<net id="629"><net_src comp="166" pin="0"/><net_sink comp="625" pin=0"/></net>

<net id="630"><net_src comp="0" pin="0"/><net_sink comp="625" pin=1"/></net>

<net id="635"><net_src comp="166" pin="0"/><net_sink comp="631" pin=0"/></net>

<net id="636"><net_src comp="2" pin="0"/><net_sink comp="631" pin=1"/></net>

<net id="640"><net_src comp="4" pin="0"/><net_sink comp="637" pin=0"/></net>

<net id="641"><net_src comp="637" pin="1"/><net_sink comp="349" pin=2"/></net>

<net id="645"><net_src comp="6" pin="0"/><net_sink comp="642" pin=0"/></net>

<net id="650"><net_src comp="168" pin="0"/><net_sink comp="646" pin=0"/></net>

<net id="651"><net_src comp="4" pin="0"/><net_sink comp="646" pin=1"/></net>

<net id="656"><net_src comp="168" pin="0"/><net_sink comp="652" pin=0"/></net>

<net id="657"><net_src comp="8" pin="0"/><net_sink comp="652" pin=1"/></net>

<net id="661"><net_src comp="10" pin="0"/><net_sink comp="658" pin=0"/></net>

<net id="665"><net_src comp="12" pin="0"/><net_sink comp="662" pin=0"/></net>

<net id="669"><net_src comp="14" pin="0"/><net_sink comp="666" pin=0"/></net>

<net id="674"><net_src comp="666" pin="1"/><net_sink comp="670" pin=0"/></net>

<net id="675"><net_src comp="662" pin="1"/><net_sink comp="670" pin=1"/></net>

<net id="680"><net_src comp="658" pin="1"/><net_sink comp="676" pin=0"/></net>

<net id="681"><net_src comp="670" pin="2"/><net_sink comp="676" pin=1"/></net>

<net id="687"><net_src comp="676" pin="2"/><net_sink comp="682" pin=0"/></net>

<net id="688"><net_src comp="170" pin="0"/><net_sink comp="682" pin=1"/></net>

<net id="689"><net_src comp="172" pin="0"/><net_sink comp="682" pin=2"/></net>

<net id="694"><net_src comp="682" pin="3"/><net_sink comp="690" pin=0"/></net>

<net id="695"><net_src comp="16" pin="0"/><net_sink comp="690" pin=1"/></net>

<net id="699"><net_src comp="18" pin="0"/><net_sink comp="696" pin=0"/></net>

<net id="703"><net_src comp="20" pin="0"/><net_sink comp="700" pin=0"/></net>

<net id="707"><net_src comp="22" pin="0"/><net_sink comp="704" pin=0"/></net>

<net id="711"><net_src comp="24" pin="0"/><net_sink comp="708" pin=0"/></net>

<net id="715"><net_src comp="26" pin="0"/><net_sink comp="712" pin=0"/></net>

<net id="720"><net_src comp="696" pin="1"/><net_sink comp="716" pin=0"/></net>

<net id="721"><net_src comp="28" pin="0"/><net_sink comp="716" pin=1"/></net>

<net id="726"><net_src comp="700" pin="1"/><net_sink comp="722" pin=0"/></net>

<net id="727"><net_src comp="30" pin="0"/><net_sink comp="722" pin=1"/></net>

<net id="732"><net_src comp="704" pin="1"/><net_sink comp="728" pin=0"/></net>

<net id="733"><net_src comp="32" pin="0"/><net_sink comp="728" pin=1"/></net>

<net id="738"><net_src comp="708" pin="1"/><net_sink comp="734" pin=0"/></net>

<net id="739"><net_src comp="34" pin="0"/><net_sink comp="734" pin=1"/></net>

<net id="744"><net_src comp="712" pin="1"/><net_sink comp="740" pin=0"/></net>

<net id="745"><net_src comp="36" pin="0"/><net_sink comp="740" pin=1"/></net>

<net id="750"><net_src comp="712" pin="1"/><net_sink comp="746" pin=0"/></net>

<net id="751"><net_src comp="174" pin="0"/><net_sink comp="746" pin=1"/></net>

<net id="756"><net_src comp="746" pin="2"/><net_sink comp="752" pin=0"/></net>

<net id="757"><net_src comp="38" pin="0"/><net_sink comp="752" pin=1"/></net>

<net id="761"><net_src comp="40" pin="0"/><net_sink comp="758" pin=0"/></net>

<net id="766"><net_src comp="758" pin="1"/><net_sink comp="762" pin=0"/></net>

<net id="767"><net_src comp="42" pin="0"/><net_sink comp="762" pin=1"/></net>

<net id="772"><net_src comp="176" pin="0"/><net_sink comp="768" pin=0"/></net>

<net id="773"><net_src comp="6" pin="0"/><net_sink comp="768" pin=1"/></net>

<net id="778"><net_src comp="166" pin="0"/><net_sink comp="774" pin=0"/></net>

<net id="779"><net_src comp="18" pin="0"/><net_sink comp="774" pin=1"/></net>

<net id="784"><net_src comp="176" pin="0"/><net_sink comp="780" pin=0"/></net>

<net id="785"><net_src comp="20" pin="0"/><net_sink comp="780" pin=1"/></net>

<net id="790"><net_src comp="176" pin="0"/><net_sink comp="786" pin=0"/></net>

<net id="791"><net_src comp="10" pin="0"/><net_sink comp="786" pin=1"/></net>

<net id="796"><net_src comp="176" pin="0"/><net_sink comp="792" pin=0"/></net>

<net id="797"><net_src comp="12" pin="0"/><net_sink comp="792" pin=1"/></net>

<net id="802"><net_src comp="176" pin="0"/><net_sink comp="798" pin=0"/></net>

<net id="803"><net_src comp="14" pin="0"/><net_sink comp="798" pin=1"/></net>

<net id="808"><net_src comp="178" pin="0"/><net_sink comp="804" pin=0"/></net>

<net id="809"><net_src comp="22" pin="0"/><net_sink comp="804" pin=1"/></net>

<net id="814"><net_src comp="174" pin="0"/><net_sink comp="810" pin=0"/></net>

<net id="815"><net_src comp="24" pin="0"/><net_sink comp="810" pin=1"/></net>

<net id="820"><net_src comp="174" pin="0"/><net_sink comp="816" pin=0"/></net>

<net id="821"><net_src comp="26" pin="0"/><net_sink comp="816" pin=1"/></net>

<net id="826"><net_src comp="180" pin="0"/><net_sink comp="822" pin=0"/></net>

<net id="827"><net_src comp="40" pin="0"/><net_sink comp="822" pin=1"/></net>

<net id="831"><net_src comp="44" pin="0"/><net_sink comp="828" pin=0"/></net>

<net id="832"><net_src comp="828" pin="1"/><net_sink comp="363" pin=2"/></net>

<net id="836"><net_src comp="46" pin="0"/><net_sink comp="833" pin=0"/></net>

<net id="841"><net_src comp="168" pin="0"/><net_sink comp="837" pin=0"/></net>

<net id="842"><net_src comp="44" pin="0"/><net_sink comp="837" pin=1"/></net>

<net id="847"><net_src comp="182" pin="0"/><net_sink comp="843" pin=0"/></net>

<net id="848"><net_src comp="48" pin="0"/><net_sink comp="843" pin=1"/></net>

<net id="852"><net_src comp="50" pin="0"/><net_sink comp="849" pin=0"/></net>

<net id="856"><net_src comp="52" pin="0"/><net_sink comp="853" pin=0"/></net>

<net id="860"><net_src comp="54" pin="0"/><net_sink comp="857" pin=0"/></net>

<net id="865"><net_src comp="857" pin="1"/><net_sink comp="861" pin=0"/></net>

<net id="866"><net_src comp="853" pin="1"/><net_sink comp="861" pin=1"/></net>

<net id="871"><net_src comp="849" pin="1"/><net_sink comp="867" pin=0"/></net>

<net id="872"><net_src comp="861" pin="2"/><net_sink comp="867" pin=1"/></net>

<net id="878"><net_src comp="867" pin="2"/><net_sink comp="873" pin=0"/></net>

<net id="879"><net_src comp="170" pin="0"/><net_sink comp="873" pin=1"/></net>

<net id="880"><net_src comp="172" pin="0"/><net_sink comp="873" pin=2"/></net>

<net id="885"><net_src comp="873" pin="3"/><net_sink comp="881" pin=0"/></net>

<net id="886"><net_src comp="56" pin="0"/><net_sink comp="881" pin=1"/></net>

<net id="890"><net_src comp="58" pin="0"/><net_sink comp="887" pin=0"/></net>

<net id="894"><net_src comp="60" pin="0"/><net_sink comp="891" pin=0"/></net>

<net id="898"><net_src comp="62" pin="0"/><net_sink comp="895" pin=0"/></net>

<net id="902"><net_src comp="64" pin="0"/><net_sink comp="899" pin=0"/></net>

<net id="906"><net_src comp="66" pin="0"/><net_sink comp="903" pin=0"/></net>

<net id="911"><net_src comp="887" pin="1"/><net_sink comp="907" pin=0"/></net>

<net id="912"><net_src comp="68" pin="0"/><net_sink comp="907" pin=1"/></net>

<net id="917"><net_src comp="891" pin="1"/><net_sink comp="913" pin=0"/></net>

<net id="918"><net_src comp="70" pin="0"/><net_sink comp="913" pin=1"/></net>

<net id="923"><net_src comp="895" pin="1"/><net_sink comp="919" pin=0"/></net>

<net id="924"><net_src comp="72" pin="0"/><net_sink comp="919" pin=1"/></net>

<net id="929"><net_src comp="899" pin="1"/><net_sink comp="925" pin=0"/></net>

<net id="930"><net_src comp="74" pin="0"/><net_sink comp="925" pin=1"/></net>

<net id="935"><net_src comp="903" pin="1"/><net_sink comp="931" pin=0"/></net>

<net id="936"><net_src comp="76" pin="0"/><net_sink comp="931" pin=1"/></net>

<net id="941"><net_src comp="903" pin="1"/><net_sink comp="937" pin=0"/></net>

<net id="942"><net_src comp="184" pin="0"/><net_sink comp="937" pin=1"/></net>

<net id="947"><net_src comp="937" pin="2"/><net_sink comp="943" pin=0"/></net>

<net id="948"><net_src comp="78" pin="0"/><net_sink comp="943" pin=1"/></net>

<net id="952"><net_src comp="80" pin="0"/><net_sink comp="949" pin=0"/></net>

<net id="957"><net_src comp="949" pin="1"/><net_sink comp="953" pin=0"/></net>

<net id="958"><net_src comp="82" pin="0"/><net_sink comp="953" pin=1"/></net>

<net id="963"><net_src comp="176" pin="0"/><net_sink comp="959" pin=0"/></net>

<net id="964"><net_src comp="46" pin="0"/><net_sink comp="959" pin=1"/></net>

<net id="969"><net_src comp="166" pin="0"/><net_sink comp="965" pin=0"/></net>

<net id="970"><net_src comp="58" pin="0"/><net_sink comp="965" pin=1"/></net>

<net id="975"><net_src comp="176" pin="0"/><net_sink comp="971" pin=0"/></net>

<net id="976"><net_src comp="60" pin="0"/><net_sink comp="971" pin=1"/></net>

<net id="981"><net_src comp="176" pin="0"/><net_sink comp="977" pin=0"/></net>

<net id="982"><net_src comp="50" pin="0"/><net_sink comp="977" pin=1"/></net>

<net id="987"><net_src comp="176" pin="0"/><net_sink comp="983" pin=0"/></net>

<net id="988"><net_src comp="52" pin="0"/><net_sink comp="983" pin=1"/></net>

<net id="993"><net_src comp="176" pin="0"/><net_sink comp="989" pin=0"/></net>

<net id="994"><net_src comp="54" pin="0"/><net_sink comp="989" pin=1"/></net>

<net id="999"><net_src comp="178" pin="0"/><net_sink comp="995" pin=0"/></net>

<net id="1000"><net_src comp="62" pin="0"/><net_sink comp="995" pin=1"/></net>

<net id="1005"><net_src comp="174" pin="0"/><net_sink comp="1001" pin=0"/></net>

<net id="1006"><net_src comp="64" pin="0"/><net_sink comp="1001" pin=1"/></net>

<net id="1011"><net_src comp="184" pin="0"/><net_sink comp="1007" pin=0"/></net>

<net id="1012"><net_src comp="66" pin="0"/><net_sink comp="1007" pin=1"/></net>

<net id="1017"><net_src comp="180" pin="0"/><net_sink comp="1013" pin=0"/></net>

<net id="1018"><net_src comp="80" pin="0"/><net_sink comp="1013" pin=1"/></net>

<net id="1023"><net_src comp="166" pin="0"/><net_sink comp="1019" pin=0"/></net>

<net id="1024"><net_src comp="84" pin="0"/><net_sink comp="1019" pin=1"/></net>

<net id="1028"><net_src comp="16" pin="0"/><net_sink comp="1025" pin=0"/></net>

<net id="1032"><net_src comp="1025" pin="1"/><net_sink comp="1029" pin=0"/></net>

<net id="1036"><net_src comp="8" pin="0"/><net_sink comp="1033" pin=0"/></net>

<net id="1040"><net_src comp="1033" pin="1"/><net_sink comp="1037" pin=0"/></net>

<net id="1044"><net_src comp="28" pin="0"/><net_sink comp="1041" pin=0"/></net>

<net id="1048"><net_src comp="32" pin="0"/><net_sink comp="1045" pin=0"/></net>

<net id="1052"><net_src comp="1045" pin="1"/><net_sink comp="1049" pin=0"/></net>

<net id="1056"><net_src comp="34" pin="0"/><net_sink comp="1053" pin=0"/></net>

<net id="1060"><net_src comp="1053" pin="1"/><net_sink comp="1057" pin=0"/></net>

<net id="1064"><net_src comp="36" pin="0"/><net_sink comp="1061" pin=0"/></net>

<net id="1068"><net_src comp="1061" pin="1"/><net_sink comp="1065" pin=0"/></net>

<net id="1072"><net_src comp="1061" pin="1"/><net_sink comp="1069" pin=0"/></net>

<net id="1076"><net_src comp="38" pin="0"/><net_sink comp="1073" pin=0"/></net>

<net id="1080"><net_src comp="42" pin="0"/><net_sink comp="1077" pin=0"/></net>

<net id="1084"><net_src comp="56" pin="0"/><net_sink comp="1081" pin=0"/></net>

<net id="1088"><net_src comp="1081" pin="1"/><net_sink comp="1085" pin=0"/></net>

<net id="1092"><net_src comp="48" pin="0"/><net_sink comp="1089" pin=0"/></net>

<net id="1096"><net_src comp="1089" pin="1"/><net_sink comp="1093" pin=0"/></net>

<net id="1100"><net_src comp="68" pin="0"/><net_sink comp="1097" pin=0"/></net>

<net id="1104"><net_src comp="72" pin="0"/><net_sink comp="1101" pin=0"/></net>

<net id="1108"><net_src comp="1101" pin="1"/><net_sink comp="1105" pin=0"/></net>

<net id="1112"><net_src comp="74" pin="0"/><net_sink comp="1109" pin=0"/></net>

<net id="1116"><net_src comp="1109" pin="1"/><net_sink comp="1113" pin=0"/></net>

<net id="1120"><net_src comp="76" pin="0"/><net_sink comp="1117" pin=0"/></net>

<net id="1124"><net_src comp="1117" pin="1"/><net_sink comp="1121" pin=0"/></net>

<net id="1128"><net_src comp="78" pin="0"/><net_sink comp="1125" pin=0"/></net>

<net id="1132"><net_src comp="82" pin="0"/><net_sink comp="1129" pin=0"/></net>

<net id="1137"><net_src comp="174" pin="0"/><net_sink comp="1133" pin=0"/></net>

<net id="1145"><net_src comp="1138" pin="1"/><net_sink comp="1141" pin=0"/></net>

<net id="1146"><net_src comp="188" pin="0"/><net_sink comp="1141" pin=1"/></net>

<net id="1151"><net_src comp="1138" pin="1"/><net_sink comp="1147" pin=0"/></net>

<net id="1152"><net_src comp="194" pin="0"/><net_sink comp="1147" pin=1"/></net>

<net id="1157"><net_src comp="166" pin="0"/><net_sink comp="1153" pin=0"/></net>

<net id="1158"><net_src comp="144" pin="0"/><net_sink comp="1153" pin=1"/></net>

<net id="1163"><net_src comp="166" pin="0"/><net_sink comp="1159" pin=0"/></net>

<net id="1164"><net_src comp="142" pin="0"/><net_sink comp="1159" pin=1"/></net>

<net id="1169"><net_src comp="166" pin="0"/><net_sink comp="1165" pin=0"/></net>

<net id="1170"><net_src comp="146" pin="0"/><net_sink comp="1165" pin=1"/></net>

<net id="1175"><net_src comp="1147" pin="2"/><net_sink comp="1171" pin=0"/></net>

<net id="1180"><net_src comp="174" pin="0"/><net_sink comp="1176" pin=0"/></net>

<net id="1188"><net_src comp="1181" pin="1"/><net_sink comp="1184" pin=0"/></net>

<net id="1189"><net_src comp="188" pin="0"/><net_sink comp="1184" pin=1"/></net>

<net id="1194"><net_src comp="1181" pin="1"/><net_sink comp="1190" pin=0"/></net>

<net id="1195"><net_src comp="194" pin="0"/><net_sink comp="1190" pin=1"/></net>

<net id="1200"><net_src comp="166" pin="0"/><net_sink comp="1196" pin=0"/></net>

<net id="1201"><net_src comp="150" pin="0"/><net_sink comp="1196" pin=1"/></net>

<net id="1206"><net_src comp="166" pin="0"/><net_sink comp="1202" pin=0"/></net>

<net id="1207"><net_src comp="148" pin="0"/><net_sink comp="1202" pin=1"/></net>

<net id="1212"><net_src comp="166" pin="0"/><net_sink comp="1208" pin=0"/></net>

<net id="1213"><net_src comp="152" pin="0"/><net_sink comp="1208" pin=1"/></net>

<net id="1218"><net_src comp="1190" pin="2"/><net_sink comp="1214" pin=0"/></net>

<net id="1223"><net_src comp="174" pin="0"/><net_sink comp="1219" pin=0"/></net>

<net id="1246"><net_src comp="1224" pin="1"/><net_sink comp="1242" pin=0"/></net>

<net id="1247"><net_src comp="188" pin="0"/><net_sink comp="1242" pin=1"/></net>

<net id="1252"><net_src comp="1224" pin="1"/><net_sink comp="1248" pin=0"/></net>

<net id="1253"><net_src comp="194" pin="0"/><net_sink comp="1248" pin=1"/></net>

<net id="1257"><net_src comp="102" pin="0"/><net_sink comp="1254" pin=0"/></net>

<net id="1262"><net_src comp="176" pin="0"/><net_sink comp="1258" pin=0"/></net>

<net id="1267"><net_src comp="204" pin="0"/><net_sink comp="1263" pin=0"/></net>

<net id="1272"><net_src comp="174" pin="0"/><net_sink comp="1268" pin=0"/></net>

<net id="1281"><net_src comp="206" pin="0"/><net_sink comp="1273" pin=0"/></net>

<net id="1282"><net_src comp="166" pin="0"/><net_sink comp="1273" pin=1"/></net>

<net id="1283"><net_src comp="208" pin="0"/><net_sink comp="1273" pin=4"/></net>

<net id="1284"><net_src comp="1273" pin="6"/><net_sink comp="435" pin=2"/></net>

<net id="1293"><net_src comp="206" pin="0"/><net_sink comp="1285" pin=0"/></net>

<net id="1294"><net_src comp="166" pin="0"/><net_sink comp="1285" pin=1"/></net>

<net id="1295"><net_src comp="208" pin="0"/><net_sink comp="1285" pin=4"/></net>

<net id="1296"><net_src comp="1285" pin="6"/><net_sink comp="435" pin=3"/></net>

<net id="1305"><net_src comp="206" pin="0"/><net_sink comp="1297" pin=0"/></net>

<net id="1306"><net_src comp="166" pin="0"/><net_sink comp="1297" pin=1"/></net>

<net id="1307"><net_src comp="208" pin="0"/><net_sink comp="1297" pin=4"/></net>

<net id="1308"><net_src comp="1297" pin="6"/><net_sink comp="435" pin=4"/></net>

<net id="1317"><net_src comp="210" pin="0"/><net_sink comp="1309" pin=0"/></net>

<net id="1318"><net_src comp="212" pin="0"/><net_sink comp="1309" pin=1"/></net>

<net id="1319"><net_src comp="214" pin="0"/><net_sink comp="1309" pin=4"/></net>

<net id="1320"><net_src comp="1309" pin="6"/><net_sink comp="435" pin=5"/></net>

<net id="1325"><net_src comp="174" pin="0"/><net_sink comp="1321" pin=1"/></net>

<net id="1330"><net_src comp="1321" pin="2"/><net_sink comp="1326" pin=1"/></net>

<net id="1335"><net_src comp="583" pin="2"/><net_sink comp="1331" pin=1"/></net>

<net id="1340"><net_src comp="593" pin="2"/><net_sink comp="1336" pin=0"/></net>

<net id="1341"><net_src comp="588" pin="2"/><net_sink comp="1336" pin=1"/></net>

<net id="1346"><net_src comp="1336" pin="2"/><net_sink comp="1342" pin=1"/></net>

<net id="1351"><net_src comp="1326" pin="2"/><net_sink comp="1347" pin=0"/></net>

<net id="1356"><net_src comp="1331" pin="2"/><net_sink comp="1352" pin=0"/></net>

<net id="1361"><net_src comp="1342" pin="2"/><net_sink comp="1357" pin=0"/></net>

<net id="1366"><net_src comp="176" pin="0"/><net_sink comp="1362" pin=0"/></net>

<net id="1371"><net_src comp="1326" pin="2"/><net_sink comp="1367" pin=0"/></net>

<net id="1376"><net_src comp="1331" pin="2"/><net_sink comp="1372" pin=0"/></net>

<net id="1381"><net_src comp="1342" pin="2"/><net_sink comp="1377" pin=0"/></net>

<net id="1386"><net_src comp="1326" pin="2"/><net_sink comp="1382" pin=0"/></net>

<net id="1391"><net_src comp="1331" pin="2"/><net_sink comp="1387" pin=0"/></net>

<net id="1396"><net_src comp="1342" pin="2"/><net_sink comp="1392" pin=0"/></net>

<net id="1401"><net_src comp="176" pin="0"/><net_sink comp="1397" pin=0"/></net>

<net id="1407"><net_src comp="588" pin="2"/><net_sink comp="1402" pin=0"/></net>

<net id="1412"><net_src comp="1402" pin="3"/><net_sink comp="1408" pin=0"/></net>

<net id="1413"><net_src comp="184" pin="0"/><net_sink comp="1408" pin=1"/></net>

<net id="1418"><net_src comp="593" pin="2"/><net_sink comp="1414" pin=0"/></net>

<net id="1419"><net_src comp="168" pin="0"/><net_sink comp="1414" pin=1"/></net>

<net id="1424"><net_src comp="1408" pin="2"/><net_sink comp="1420" pin=0"/></net>

<net id="1425"><net_src comp="1414" pin="2"/><net_sink comp="1420" pin=1"/></net>

<net id="1431"><net_src comp="593" pin="2"/><net_sink comp="1426" pin=0"/></net>

<net id="1432"><net_src comp="1420" pin="2"/><net_sink comp="1426" pin=1"/></net>

<net id="1438"><net_src comp="588" pin="2"/><net_sink comp="1433" pin=0"/></net>

<net id="1439"><net_src comp="1420" pin="2"/><net_sink comp="1433" pin=1"/></net>

<net id="1445"><net_src comp="593" pin="2"/><net_sink comp="1440" pin=0"/></net>

<net id="1446"><net_src comp="1433" pin="3"/><net_sink comp="1440" pin=2"/></net>

<net id="1452"><net_src comp="588" pin="2"/><net_sink comp="1447" pin=0"/></net>

<net id="1453"><net_src comp="1420" pin="2"/><net_sink comp="1447" pin=2"/></net>

<net id="1459"><net_src comp="593" pin="2"/><net_sink comp="1454" pin=0"/></net>

<net id="1460"><net_src comp="1447" pin="3"/><net_sink comp="1454" pin=2"/></net>

<net id="1465"><net_src comp="593" pin="2"/><net_sink comp="1461" pin=0"/></net>

<net id="1466"><net_src comp="588" pin="2"/><net_sink comp="1461" pin=1"/></net>

<net id="1471"><net_src comp="1461" pin="2"/><net_sink comp="1467" pin=1"/></net>

<net id="1476"><net_src comp="583" pin="2"/><net_sink comp="1472" pin=1"/></net>

<net id="1481"><net_src comp="1426" pin="3"/><net_sink comp="1477" pin=0"/></net>

<net id="1486"><net_src comp="1440" pin="3"/><net_sink comp="1482" pin=0"/></net>

<net id="1491"><net_src comp="1454" pin="3"/><net_sink comp="1487" pin=0"/></net>

<net id="1496"><net_src comp="1467" pin="2"/><net_sink comp="1492" pin=0"/></net>

<net id="1501"><net_src comp="1472" pin="2"/><net_sink comp="1497" pin=0"/></net>

<net id="1506"><net_src comp="176" pin="0"/><net_sink comp="1502" pin=0"/></net>

<net id="1507"><net_src comp="110" pin="0"/><net_sink comp="1502" pin=1"/></net>

<net id="1512"><net_src comp="176" pin="0"/><net_sink comp="1508" pin=0"/></net>

<net id="1513"><net_src comp="108" pin="0"/><net_sink comp="1508" pin=1"/></net>

<net id="1518"><net_src comp="176" pin="0"/><net_sink comp="1514" pin=0"/></net>

<net id="1519"><net_src comp="112" pin="0"/><net_sink comp="1514" pin=1"/></net>

<net id="1531"><net_src comp="1524" pin="1"/><net_sink comp="1527" pin=0"/></net>

<net id="1532"><net_src comp="188" pin="0"/><net_sink comp="1527" pin=1"/></net>

<net id="1537"><net_src comp="1524" pin="1"/><net_sink comp="1533" pin=0"/></net>

<net id="1538"><net_src comp="194" pin="0"/><net_sink comp="1533" pin=1"/></net>

<net id="1543"><net_src comp="1524" pin="1"/><net_sink comp="1539" pin=0"/></net>

<net id="1544"><net_src comp="194" pin="0"/><net_sink comp="1539" pin=1"/></net>

<net id="1550"><net_src comp="1539" pin="2"/><net_sink comp="1545" pin=0"/></net>

<net id="1551"><net_src comp="346" pin="1"/><net_sink comp="1545" pin=1"/></net>

<net id="1552"><net_src comp="360" pin="1"/><net_sink comp="1545" pin=2"/></net>

<net id="1557"><net_src comp="1524" pin="1"/><net_sink comp="1553" pin=0"/></net>

<net id="1558"><net_src comp="174" pin="0"/><net_sink comp="1553" pin=1"/></net>

<net id="1563"><net_src comp="1545" pin="3"/><net_sink comp="1559" pin=0"/></net>

<net id="1564"><net_src comp="1553" pin="2"/><net_sink comp="1559" pin=1"/></net>

<net id="1565"><net_src comp="1559" pin="2"/><net_sink comp="435" pin=1"/></net>

<net id="1574"><net_src comp="206" pin="0"/><net_sink comp="1566" pin=0"/></net>

<net id="1575"><net_src comp="166" pin="0"/><net_sink comp="1566" pin=1"/></net>

<net id="1576"><net_src comp="208" pin="0"/><net_sink comp="1566" pin=4"/></net>

<net id="1577"><net_src comp="1524" pin="1"/><net_sink comp="1566" pin=5"/></net>

<net id="1578"><net_src comp="1566" pin="6"/><net_sink comp="435" pin=2"/></net>

<net id="1587"><net_src comp="206" pin="0"/><net_sink comp="1579" pin=0"/></net>

<net id="1588"><net_src comp="166" pin="0"/><net_sink comp="1579" pin=1"/></net>

<net id="1589"><net_src comp="208" pin="0"/><net_sink comp="1579" pin=4"/></net>

<net id="1590"><net_src comp="1524" pin="1"/><net_sink comp="1579" pin=5"/></net>

<net id="1591"><net_src comp="1579" pin="6"/><net_sink comp="435" pin=3"/></net>

<net id="1600"><net_src comp="206" pin="0"/><net_sink comp="1592" pin=0"/></net>

<net id="1601"><net_src comp="166" pin="0"/><net_sink comp="1592" pin=1"/></net>

<net id="1602"><net_src comp="208" pin="0"/><net_sink comp="1592" pin=4"/></net>

<net id="1603"><net_src comp="1524" pin="1"/><net_sink comp="1592" pin=5"/></net>

<net id="1604"><net_src comp="1592" pin="6"/><net_sink comp="435" pin=4"/></net>

<net id="1613"><net_src comp="210" pin="0"/><net_sink comp="1605" pin=0"/></net>

<net id="1614"><net_src comp="212" pin="0"/><net_sink comp="1605" pin=1"/></net>

<net id="1615"><net_src comp="214" pin="0"/><net_sink comp="1605" pin=4"/></net>

<net id="1616"><net_src comp="1524" pin="1"/><net_sink comp="1605" pin=5"/></net>

<net id="1617"><net_src comp="1605" pin="6"/><net_sink comp="435" pin=5"/></net>

<net id="1634"><net_src comp="174" pin="0"/><net_sink comp="1630" pin=0"/></net>

<net id="1642"><net_src comp="1635" pin="1"/><net_sink comp="1638" pin=0"/></net>

<net id="1646"><net_src comp="1638" pin="2"/><net_sink comp="1643" pin=0"/></net>

<net id="1651"><net_src comp="220" pin="0"/><net_sink comp="1647" pin=1"/></net>

<net id="1656"><net_src comp="598" pin="1"/><net_sink comp="1652" pin=0"/></net>

<net id="1657"><net_src comp="168" pin="0"/><net_sink comp="1652" pin=1"/></net>

<net id="1662"><net_src comp="1643" pin="1"/><net_sink comp="1658" pin=0"/></net>

<net id="1663"><net_src comp="601" pin="1"/><net_sink comp="1658" pin=1"/></net>

<net id="1668"><net_src comp="1658" pin="2"/><net_sink comp="1664" pin=0"/></net>

<net id="1669"><net_src comp="1652" pin="2"/><net_sink comp="1664" pin=1"/></net>

<net id="1673"><net_src comp="601" pin="1"/><net_sink comp="1670" pin=0"/></net>

<net id="1679"><net_src comp="1664" pin="2"/><net_sink comp="1674" pin=0"/></net>

<net id="1680"><net_src comp="1638" pin="2"/><net_sink comp="1674" pin=1"/></net>

<net id="1681"><net_src comp="1670" pin="1"/><net_sink comp="1674" pin=2"/></net>

<net id="1685"><net_src comp="1674" pin="3"/><net_sink comp="1682" pin=0"/></net>

<net id="1690"><net_src comp="168" pin="0"/><net_sink comp="1686" pin=0"/></net>

<net id="1695"><net_src comp="1682" pin="1"/><net_sink comp="1691" pin=0"/></net>

<net id="1706"><net_src comp="1703" pin="1"/><net_sink comp="420" pin=2"/></net>

<net id="1710"><net_src comp="1707" pin="1"/><net_sink comp="411" pin=2"/></net>

<net id="1714"><net_src comp="1711" pin="1"/><net_sink comp="402" pin=2"/></net>

<net id="1719"><net_src comp="1700" pin="1"/><net_sink comp="1715" pin=0"/></net>

<net id="1720"><net_src comp="188" pin="0"/><net_sink comp="1715" pin=1"/></net>

<net id="1725"><net_src comp="1700" pin="1"/><net_sink comp="1721" pin=0"/></net>

<net id="1726"><net_src comp="194" pin="0"/><net_sink comp="1721" pin=1"/></net>

<net id="1734"><net_src comp="224" pin="0"/><net_sink comp="1727" pin=0"/></net>

<net id="1735"><net_src comp="1711" pin="1"/><net_sink comp="1727" pin=1"/></net>

<net id="1736"><net_src comp="1707" pin="1"/><net_sink comp="1727" pin=2"/></net>

<net id="1737"><net_src comp="1703" pin="1"/><net_sink comp="1727" pin=3"/></net>

<net id="1738"><net_src comp="1700" pin="1"/><net_sink comp="1727" pin=4"/></net>

<net id="1743"><net_src comp="1700" pin="1"/><net_sink comp="1739" pin=0"/></net>

<net id="1744"><net_src comp="194" pin="0"/><net_sink comp="1739" pin=1"/></net>

<net id="1750"><net_src comp="1739" pin="2"/><net_sink comp="1745" pin=0"/></net>

<net id="1755"><net_src comp="1700" pin="1"/><net_sink comp="1751" pin=0"/></net>

<net id="1756"><net_src comp="174" pin="0"/><net_sink comp="1751" pin=1"/></net>

<net id="1762"><net_src comp="1751" pin="2"/><net_sink comp="1757" pin=0"/></net>

<net id="1763"><net_src comp="178" pin="0"/><net_sink comp="1757" pin=1"/></net>

<net id="1764"><net_src comp="1745" pin="3"/><net_sink comp="1757" pin=2"/></net>

<net id="1769"><net_src comp="1757" pin="3"/><net_sink comp="1765" pin=0"/></net>

<net id="1773"><net_src comp="1765" pin="2"/><net_sink comp="1770" pin=0"/></net>

<net id="1778"><net_src comp="1770" pin="1"/><net_sink comp="1774" pin=0"/></net>

<net id="1779"><net_src comp="601" pin="1"/><net_sink comp="1774" pin=1"/></net>

<net id="1784"><net_src comp="1700" pin="1"/><net_sink comp="1780" pin=0"/></net>

<net id="1785"><net_src comp="174" pin="0"/><net_sink comp="1780" pin=1"/></net>

<net id="1790"><net_src comp="1711" pin="1"/><net_sink comp="1786" pin=0"/></net>

<net id="1791"><net_src comp="1780" pin="2"/><net_sink comp="1786" pin=1"/></net>

<net id="1796"><net_src comp="1700" pin="1"/><net_sink comp="1792" pin=0"/></net>

<net id="1797"><net_src comp="194" pin="0"/><net_sink comp="1792" pin=1"/></net>

<net id="1802"><net_src comp="1707" pin="1"/><net_sink comp="1798" pin=0"/></net>

<net id="1803"><net_src comp="1792" pin="2"/><net_sink comp="1798" pin=1"/></net>

<net id="1808"><net_src comp="1751" pin="2"/><net_sink comp="1804" pin=0"/></net>

<net id="1809"><net_src comp="1739" pin="2"/><net_sink comp="1804" pin=1"/></net>

<net id="1814"><net_src comp="1703" pin="1"/><net_sink comp="1810" pin=0"/></net>

<net id="1815"><net_src comp="1804" pin="2"/><net_sink comp="1810" pin=1"/></net>

<net id="1820"><net_src comp="1786" pin="2"/><net_sink comp="1816" pin=0"/></net>

<net id="1825"><net_src comp="1798" pin="2"/><net_sink comp="1821" pin=0"/></net>

<net id="1830"><net_src comp="1810" pin="2"/><net_sink comp="1826" pin=0"/></net>

<net id="1835"><net_src comp="1721" pin="2"/><net_sink comp="1831" pin=0"/></net>

<net id="1840"><net_src comp="402" pin="4"/><net_sink comp="1836" pin=0"/></net>

<net id="1845"><net_src comp="411" pin="4"/><net_sink comp="1841" pin=0"/></net>

<net id="1850"><net_src comp="420" pin="4"/><net_sink comp="1846" pin=0"/></net>

<net id="1863"><net_src comp="176" pin="0"/><net_sink comp="1859" pin=0"/></net>

<net id="1868"><net_src comp="174" pin="0"/><net_sink comp="1864" pin=0"/></net>

<net id="1873"><net_src comp="172" pin="0"/><net_sink comp="1869" pin=0"/></net>

<net id="1883"><net_src comp="1874" pin="1"/><net_sink comp="1880" pin=0"/></net>

<net id="1887"><net_src comp="1877" pin="1"/><net_sink comp="1884" pin=0"/></net>

<net id="1892"><net_src comp="1877" pin="1"/><net_sink comp="1888" pin=0"/></net>

<net id="1893"><net_src comp="188" pin="0"/><net_sink comp="1888" pin=1"/></net>

<net id="1898"><net_src comp="1884" pin="1"/><net_sink comp="1894" pin=0"/></net>

<net id="1899"><net_src comp="172" pin="0"/><net_sink comp="1894" pin=1"/></net>

<net id="1903"><net_src comp="1894" pin="2"/><net_sink comp="1900" pin=0"/></net>

<net id="1911"><net_src comp="224" pin="0"/><net_sink comp="1904" pin=0"/></net>

<net id="1912"><net_src comp="610" pin="1"/><net_sink comp="1904" pin=1"/></net>

<net id="1913"><net_src comp="607" pin="1"/><net_sink comp="1904" pin=2"/></net>

<net id="1914"><net_src comp="604" pin="1"/><net_sink comp="1904" pin=3"/></net>

<net id="1915"><net_src comp="1877" pin="1"/><net_sink comp="1904" pin=4"/></net>

<net id="1920"><net_src comp="1904" pin="5"/><net_sink comp="1916" pin=0"/></net>

<net id="1921"><net_src comp="168" pin="0"/><net_sink comp="1916" pin=1"/></net>

<net id="1926"><net_src comp="1894" pin="2"/><net_sink comp="1922" pin=0"/></net>

<net id="1927"><net_src comp="228" pin="0"/><net_sink comp="1922" pin=1"/></net>

<net id="1932"><net_src comp="1922" pin="2"/><net_sink comp="1928" pin=0"/></net>

<net id="1933"><net_src comp="1916" pin="2"/><net_sink comp="1928" pin=1"/></net>

<net id="1938"><net_src comp="1877" pin="1"/><net_sink comp="1934" pin=0"/></net>

<net id="1939"><net_src comp="174" pin="0"/><net_sink comp="1934" pin=1"/></net>

<net id="1945"><net_src comp="1934" pin="2"/><net_sink comp="1940" pin=0"/></net>

<net id="1946"><net_src comp="184" pin="0"/><net_sink comp="1940" pin=1"/></net>

<net id="1951"><net_src comp="1877" pin="1"/><net_sink comp="1947" pin=0"/></net>

<net id="1952"><net_src comp="194" pin="0"/><net_sink comp="1947" pin=1"/></net>

<net id="1958"><net_src comp="1947" pin="2"/><net_sink comp="1953" pin=0"/></net>

<net id="1959"><net_src comp="1940" pin="3"/><net_sink comp="1953" pin=2"/></net>

<net id="1963"><net_src comp="1953" pin="3"/><net_sink comp="1960" pin=0"/></net>

<net id="1969"><net_src comp="1934" pin="2"/><net_sink comp="1964" pin=0"/></net>

<net id="1970"><net_src comp="180" pin="0"/><net_sink comp="1964" pin=1"/></net>

<net id="1976"><net_src comp="1947" pin="2"/><net_sink comp="1971" pin=0"/></net>

<net id="1977"><net_src comp="1964" pin="3"/><net_sink comp="1971" pin=2"/></net>

<net id="1982"><net_src comp="1877" pin="1"/><net_sink comp="1978" pin=0"/></net>

<net id="1983"><net_src comp="174" pin="0"/><net_sink comp="1978" pin=1"/></net>

<net id="1988"><net_src comp="1877" pin="1"/><net_sink comp="1984" pin=0"/></net>

<net id="1989"><net_src comp="194" pin="0"/><net_sink comp="1984" pin=1"/></net>

<net id="1994"><net_src comp="1934" pin="2"/><net_sink comp="1990" pin=0"/></net>

<net id="1995"><net_src comp="1947" pin="2"/><net_sink comp="1990" pin=1"/></net>

<net id="2000"><net_src comp="1984" pin="2"/><net_sink comp="1996" pin=0"/></net>

<net id="2001"><net_src comp="1978" pin="2"/><net_sink comp="1996" pin=1"/></net>

<net id="2008"><net_src comp="104" pin="0"/><net_sink comp="2005" pin=0"/></net>

<net id="2013"><net_src comp="2005" pin="1"/><net_sink comp="2009" pin=0"/></net>

<net id="2014"><net_src comp="230" pin="0"/><net_sink comp="2009" pin=1"/></net>

<net id="2019"><net_src comp="2009" pin="2"/><net_sink comp="2015" pin=0"/></net>

<net id="2020"><net_src comp="104" pin="0"/><net_sink comp="2015" pin=1"/></net>

<net id="2024"><net_src comp="106" pin="0"/><net_sink comp="2021" pin=0"/></net>

<net id="2029"><net_src comp="2021" pin="1"/><net_sink comp="2025" pin=0"/></net>

<net id="2030"><net_src comp="230" pin="0"/><net_sink comp="2025" pin=1"/></net>

<net id="2035"><net_src comp="2025" pin="2"/><net_sink comp="2031" pin=0"/></net>

<net id="2036"><net_src comp="106" pin="0"/><net_sink comp="2031" pin=1"/></net>

<net id="2041"><net_src comp="176" pin="0"/><net_sink comp="2037" pin=0"/></net>

<net id="2042"><net_src comp="4" pin="0"/><net_sink comp="2037" pin=1"/></net>

<net id="2047"><net_src comp="184" pin="0"/><net_sink comp="2043" pin=0"/></net>

<net id="2048"><net_src comp="16" pin="0"/><net_sink comp="2043" pin=1"/></net>

<net id="2053"><net_src comp="176" pin="0"/><net_sink comp="2049" pin=0"/></net>

<net id="2054"><net_src comp="8" pin="0"/><net_sink comp="2049" pin=1"/></net>

<net id="2059"><net_src comp="166" pin="0"/><net_sink comp="2055" pin=0"/></net>

<net id="2060"><net_src comp="28" pin="0"/><net_sink comp="2055" pin=1"/></net>

<net id="2065"><net_src comp="176" pin="0"/><net_sink comp="2061" pin=0"/></net>

<net id="2066"><net_src comp="30" pin="0"/><net_sink comp="2061" pin=1"/></net>

<net id="2071"><net_src comp="178" pin="0"/><net_sink comp="2067" pin=0"/></net>

<net id="2072"><net_src comp="32" pin="0"/><net_sink comp="2067" pin=1"/></net>

<net id="2077"><net_src comp="174" pin="0"/><net_sink comp="2073" pin=0"/></net>

<net id="2078"><net_src comp="34" pin="0"/><net_sink comp="2073" pin=1"/></net>

<net id="2083"><net_src comp="174" pin="0"/><net_sink comp="2079" pin=0"/></net>

<net id="2084"><net_src comp="36" pin="0"/><net_sink comp="2079" pin=1"/></net>

<net id="2089"><net_src comp="176" pin="0"/><net_sink comp="2085" pin=0"/></net>

<net id="2090"><net_src comp="38" pin="0"/><net_sink comp="2085" pin=1"/></net>

<net id="2095"><net_src comp="180" pin="0"/><net_sink comp="2091" pin=0"/></net>

<net id="2096"><net_src comp="42" pin="0"/><net_sink comp="2091" pin=1"/></net>

<net id="2101"><net_src comp="176" pin="0"/><net_sink comp="2097" pin=0"/></net>

<net id="2102"><net_src comp="44" pin="0"/><net_sink comp="2097" pin=1"/></net>

<net id="2107"><net_src comp="184" pin="0"/><net_sink comp="2103" pin=0"/></net>

<net id="2108"><net_src comp="56" pin="0"/><net_sink comp="2103" pin=1"/></net>

<net id="2113"><net_src comp="174" pin="0"/><net_sink comp="2109" pin=0"/></net>

<net id="2114"><net_src comp="48" pin="0"/><net_sink comp="2109" pin=1"/></net>

<net id="2119"><net_src comp="166" pin="0"/><net_sink comp="2115" pin=0"/></net>

<net id="2120"><net_src comp="68" pin="0"/><net_sink comp="2115" pin=1"/></net>

<net id="2125"><net_src comp="176" pin="0"/><net_sink comp="2121" pin=0"/></net>

<net id="2126"><net_src comp="70" pin="0"/><net_sink comp="2121" pin=1"/></net>

<net id="2131"><net_src comp="178" pin="0"/><net_sink comp="2127" pin=0"/></net>

<net id="2132"><net_src comp="72" pin="0"/><net_sink comp="2127" pin=1"/></net>

<net id="2137"><net_src comp="174" pin="0"/><net_sink comp="2133" pin=0"/></net>

<net id="2138"><net_src comp="74" pin="0"/><net_sink comp="2133" pin=1"/></net>

<net id="2143"><net_src comp="184" pin="0"/><net_sink comp="2139" pin=0"/></net>

<net id="2144"><net_src comp="76" pin="0"/><net_sink comp="2139" pin=1"/></net>

<net id="2149"><net_src comp="176" pin="0"/><net_sink comp="2145" pin=0"/></net>

<net id="2150"><net_src comp="78" pin="0"/><net_sink comp="2145" pin=1"/></net>

<net id="2155"><net_src comp="180" pin="0"/><net_sink comp="2151" pin=0"/></net>

<net id="2156"><net_src comp="82" pin="0"/><net_sink comp="2151" pin=1"/></net>

<net id="2161"><net_src comp="166" pin="0"/><net_sink comp="2157" pin=0"/></net>

<net id="2166"><net_src comp="174" pin="0"/><net_sink comp="2162" pin=0"/></net>

<net id="2171"><net_src comp="429" pin="4"/><net_sink comp="2167" pin=0"/></net>

<net id="2172"><net_src comp="192" pin="0"/><net_sink comp="2167" pin=1"/></net>

<net id="2176"><net_src comp="429" pin="4"/><net_sink comp="2173" pin=0"/></net>

<net id="2184"><net_src comp="224" pin="0"/><net_sink comp="2177" pin=0"/></net>

<net id="2185"><net_src comp="610" pin="1"/><net_sink comp="2177" pin=1"/></net>

<net id="2186"><net_src comp="607" pin="1"/><net_sink comp="2177" pin=2"/></net>

<net id="2187"><net_src comp="604" pin="1"/><net_sink comp="2177" pin=3"/></net>

<net id="2188"><net_src comp="2173" pin="1"/><net_sink comp="2177" pin=4"/></net>

<net id="2197"><net_src comp="206" pin="0"/><net_sink comp="2189" pin=0"/></net>

<net id="2198"><net_src comp="166" pin="0"/><net_sink comp="2189" pin=1"/></net>

<net id="2199"><net_src comp="166" pin="0"/><net_sink comp="2189" pin=4"/></net>

<net id="2200"><net_src comp="2173" pin="1"/><net_sink comp="2189" pin=5"/></net>

<net id="2205"><net_src comp="2189" pin="6"/><net_sink comp="2201" pin=1"/></net>

<net id="2214"><net_src comp="236" pin="0"/><net_sink comp="2206" pin=0"/></net>

<net id="2215"><net_src comp="180" pin="0"/><net_sink comp="2206" pin=1"/></net>

<net id="2216"><net_src comp="180" pin="0"/><net_sink comp="2206" pin=4"/></net>

<net id="2217"><net_src comp="2173" pin="1"/><net_sink comp="2206" pin=5"/></net>

<net id="2222"><net_src comp="2206" pin="6"/><net_sink comp="2218" pin=1"/></net>

<net id="2236"><net_src comp="2173" pin="1"/><net_sink comp="2232" pin=0"/></net>

<net id="2237"><net_src comp="174" pin="0"/><net_sink comp="2232" pin=1"/></net>

<net id="2242"><net_src comp="2232" pin="2"/><net_sink comp="2238" pin=1"/></net>

<net id="2247"><net_src comp="2238" pin="2"/><net_sink comp="2243" pin=0"/></net>

<net id="2248"><net_src comp="2229" pin="1"/><net_sink comp="2243" pin=1"/></net>

<net id="2253"><net_src comp="2173" pin="1"/><net_sink comp="2249" pin=0"/></net>

<net id="2254"><net_src comp="194" pin="0"/><net_sink comp="2249" pin=1"/></net>

<net id="2259"><net_src comp="2249" pin="2"/><net_sink comp="2255" pin=1"/></net>

<net id="2264"><net_src comp="2255" pin="2"/><net_sink comp="2260" pin=0"/></net>

<net id="2265"><net_src comp="2226" pin="1"/><net_sink comp="2260" pin=1"/></net>

<net id="2270"><net_src comp="2173" pin="1"/><net_sink comp="2266" pin=0"/></net>

<net id="2271"><net_src comp="194" pin="0"/><net_sink comp="2266" pin=1"/></net>

<net id="2276"><net_src comp="2173" pin="1"/><net_sink comp="2272" pin=0"/></net>

<net id="2277"><net_src comp="174" pin="0"/><net_sink comp="2272" pin=1"/></net>

<net id="2282"><net_src comp="2272" pin="2"/><net_sink comp="2278" pin=0"/></net>

<net id="2283"><net_src comp="2266" pin="2"/><net_sink comp="2278" pin=1"/></net>

<net id="2288"><net_src comp="2278" pin="2"/><net_sink comp="2284" pin=1"/></net>

<net id="2293"><net_src comp="2284" pin="2"/><net_sink comp="2289" pin=0"/></net>

<net id="2294"><net_src comp="2223" pin="1"/><net_sink comp="2289" pin=1"/></net>

<net id="2299"><net_src comp="616" pin="1"/><net_sink comp="2295" pin=0"/></net>

<net id="2304"><net_src comp="613" pin="1"/><net_sink comp="2300" pin=0"/></net>

<net id="2309"><net_src comp="2243" pin="2"/><net_sink comp="2305" pin=0"/></net>

<net id="2314"><net_src comp="2260" pin="2"/><net_sink comp="2310" pin=0"/></net>

<net id="2319"><net_src comp="2289" pin="2"/><net_sink comp="2315" pin=0"/></net>

<net id="2324"><net_src comp="2295" pin="2"/><net_sink comp="2320" pin=0"/></net>

<net id="2329"><net_src comp="168" pin="0"/><net_sink comp="2325" pin=0"/></net>

<net id="2334"><net_src comp="168" pin="0"/><net_sink comp="2330" pin=0"/></net>

<net id="2339"><net_src comp="2243" pin="2"/><net_sink comp="2335" pin=0"/></net>

<net id="2344"><net_src comp="2260" pin="2"/><net_sink comp="2340" pin=0"/></net>

<net id="2349"><net_src comp="2289" pin="2"/><net_sink comp="2345" pin=0"/></net>

<net id="2354"><net_src comp="2295" pin="2"/><net_sink comp="2350" pin=0"/></net>

<net id="2359"><net_src comp="2300" pin="2"/><net_sink comp="2355" pin=0"/></net>

<net id="2364"><net_src comp="168" pin="0"/><net_sink comp="2360" pin=0"/></net>

<net id="2369"><net_src comp="2243" pin="2"/><net_sink comp="2365" pin=0"/></net>

<net id="2374"><net_src comp="2260" pin="2"/><net_sink comp="2370" pin=0"/></net>

<net id="2379"><net_src comp="2289" pin="2"/><net_sink comp="2375" pin=0"/></net>

<net id="2384"><net_src comp="168" pin="0"/><net_sink comp="2380" pin=0"/></net>

<net id="2389"><net_src comp="2300" pin="2"/><net_sink comp="2385" pin=0"/></net>

<net id="2394"><net_src comp="168" pin="0"/><net_sink comp="2390" pin=0"/></net>

<net id="2399"><net_src comp="168" pin="0"/><net_sink comp="2395" pin=0"/></net>

<net id="2400"><net_src comp="110" pin="0"/><net_sink comp="2395" pin=1"/></net>

<net id="2405"><net_src comp="176" pin="0"/><net_sink comp="2401" pin=0"/></net>

<net id="2410"><net_src comp="168" pin="0"/><net_sink comp="2406" pin=0"/></net>

<net id="2411"><net_src comp="108" pin="0"/><net_sink comp="2406" pin=1"/></net>

<net id="2416"><net_src comp="176" pin="0"/><net_sink comp="2412" pin=0"/></net>

<net id="2421"><net_src comp="168" pin="0"/><net_sink comp="2417" pin=0"/></net>

<net id="2422"><net_src comp="112" pin="0"/><net_sink comp="2417" pin=1"/></net>

<net id="2427"><net_src comp="176" pin="0"/><net_sink comp="2423" pin=0"/></net>

<net id="2432"><net_src comp="429" pin="4"/><net_sink comp="2428" pin=0"/></net>

<net id="2433"><net_src comp="230" pin="0"/><net_sink comp="2428" pin=1"/></net>

<net id="2438"><net_src comp="172" pin="0"/><net_sink comp="2434" pin=1"/></net>

<net id="2447"><net_src comp="2434" pin="2"/><net_sink comp="2443" pin=0"/></net>

<net id="2455"><net_src comp="2448" pin="1"/><net_sink comp="2451" pin=0"/></net>

<net id="2456"><net_src comp="188" pin="0"/><net_sink comp="2451" pin=1"/></net>

<net id="2461"><net_src comp="2448" pin="1"/><net_sink comp="2457" pin=0"/></net>

<net id="2462"><net_src comp="194" pin="0"/><net_sink comp="2457" pin=1"/></net>

<net id="2470"><net_src comp="224" pin="0"/><net_sink comp="2463" pin=0"/></net>

<net id="2471"><net_src comp="610" pin="1"/><net_sink comp="2463" pin=1"/></net>

<net id="2472"><net_src comp="607" pin="1"/><net_sink comp="2463" pin=2"/></net>

<net id="2473"><net_src comp="604" pin="1"/><net_sink comp="2463" pin=3"/></net>

<net id="2474"><net_src comp="2448" pin="1"/><net_sink comp="2463" pin=4"/></net>

<net id="2479"><net_src comp="2463" pin="5"/><net_sink comp="2475" pin=0"/></net>

<net id="2480"><net_src comp="168" pin="0"/><net_sink comp="2475" pin=1"/></net>

<net id="2485"><net_src comp="619" pin="1"/><net_sink comp="2481" pin=0"/></net>

<net id="2486"><net_src comp="240" pin="0"/><net_sink comp="2481" pin=1"/></net>

<net id="2491"><net_src comp="2481" pin="2"/><net_sink comp="2487" pin=0"/></net>

<net id="2492"><net_src comp="2475" pin="2"/><net_sink comp="2487" pin=1"/></net>

<net id="2496"><net_src comp="619" pin="1"/><net_sink comp="2493" pin=0"/></net>

<net id="2505"><net_src comp="206" pin="0"/><net_sink comp="2497" pin=0"/></net>

<net id="2506"><net_src comp="166" pin="0"/><net_sink comp="2497" pin=1"/></net>

<net id="2507"><net_src comp="208" pin="0"/><net_sink comp="2497" pin=4"/></net>

<net id="2508"><net_src comp="2448" pin="1"/><net_sink comp="2497" pin=5"/></net>

<net id="2513"><net_src comp="2497" pin="6"/><net_sink comp="2509" pin=0"/></net>

<net id="2514"><net_src comp="144" pin="0"/><net_sink comp="2509" pin=1"/></net>

<net id="2519"><net_src comp="2497" pin="6"/><net_sink comp="2515" pin=0"/></net>

<net id="2520"><net_src comp="150" pin="0"/><net_sink comp="2515" pin=1"/></net>

<net id="2525"><net_src comp="2497" pin="6"/><net_sink comp="2521" pin=0"/></net>

<net id="2526"><net_src comp="142" pin="0"/><net_sink comp="2521" pin=1"/></net>

<net id="2531"><net_src comp="2497" pin="6"/><net_sink comp="2527" pin=0"/></net>

<net id="2532"><net_src comp="148" pin="0"/><net_sink comp="2527" pin=1"/></net>

<net id="2537"><net_src comp="2497" pin="6"/><net_sink comp="2533" pin=0"/></net>

<net id="2538"><net_src comp="146" pin="0"/><net_sink comp="2533" pin=1"/></net>

<net id="2543"><net_src comp="2497" pin="6"/><net_sink comp="2539" pin=0"/></net>

<net id="2544"><net_src comp="152" pin="0"/><net_sink comp="2539" pin=1"/></net>

<net id="2548"><net_src comp="108" pin="0"/><net_sink comp="2545" pin=0"/></net>

<net id="2552"><net_src comp="110" pin="0"/><net_sink comp="2549" pin=0"/></net>

<net id="2556"><net_src comp="112" pin="0"/><net_sink comp="2553" pin=0"/></net>

<net id="2564"><net_src comp="224" pin="0"/><net_sink comp="2557" pin=0"/></net>

<net id="2565"><net_src comp="2545" pin="1"/><net_sink comp="2557" pin=1"/></net>

<net id="2566"><net_src comp="2549" pin="1"/><net_sink comp="2557" pin=2"/></net>

<net id="2567"><net_src comp="2553" pin="1"/><net_sink comp="2557" pin=3"/></net>

<net id="2568"><net_src comp="2448" pin="1"/><net_sink comp="2557" pin=4"/></net>

<net id="2572"><net_src comp="114" pin="0"/><net_sink comp="2569" pin=0"/></net>

<net id="2577"><net_src comp="2569" pin="1"/><net_sink comp="2573" pin=0"/></net>

<net id="2578"><net_src comp="230" pin="0"/><net_sink comp="2573" pin=1"/></net>

<net id="2583"><net_src comp="2573" pin="2"/><net_sink comp="2579" pin=0"/></net>

<net id="2584"><net_src comp="114" pin="0"/><net_sink comp="2579" pin=1"/></net>

<net id="2588"><net_src comp="116" pin="0"/><net_sink comp="2585" pin=0"/></net>

<net id="2593"><net_src comp="2585" pin="1"/><net_sink comp="2589" pin=0"/></net>

<net id="2594"><net_src comp="230" pin="0"/><net_sink comp="2589" pin=1"/></net>

<net id="2599"><net_src comp="2589" pin="2"/><net_sink comp="2595" pin=0"/></net>

<net id="2600"><net_src comp="116" pin="0"/><net_sink comp="2595" pin=1"/></net>

<net id="2605"><net_src comp="168" pin="0"/><net_sink comp="2601" pin=0"/></net>

<net id="2606"><net_src comp="110" pin="0"/><net_sink comp="2601" pin=1"/></net>

<net id="2611"><net_src comp="168" pin="0"/><net_sink comp="2607" pin=0"/></net>

<net id="2612"><net_src comp="108" pin="0"/><net_sink comp="2607" pin=1"/></net>

<net id="2617"><net_src comp="168" pin="0"/><net_sink comp="2613" pin=0"/></net>

<net id="2618"><net_src comp="112" pin="0"/><net_sink comp="2613" pin=1"/></net>

<net id="2623"><net_src comp="622" pin="1"/><net_sink comp="2619" pin=0"/></net>

<net id="2624"><net_src comp="242" pin="0"/><net_sink comp="2619" pin=1"/></net>

<net id="2629"><net_src comp="2619" pin="2"/><net_sink comp="2625" pin=0"/></net>

<net id="2634"><net_src comp="2457" pin="2"/><net_sink comp="2630" pin=0"/></net>

<net id="2638"><net_src comp="118" pin="0"/><net_sink comp="2635" pin=0"/></net>

<net id="2643"><net_src comp="619" pin="1"/><net_sink comp="2639" pin=0"/></net>

<net id="2644"><net_src comp="2635" pin="1"/><net_sink comp="2639" pin=1"/></net>

<net id="2649"><net_src comp="619" pin="1"/><net_sink comp="2645" pin=0"/></net>

<net id="2650"><net_src comp="118" pin="0"/><net_sink comp="2645" pin=1"/></net>

<net id="2654"><net_src comp="120" pin="0"/><net_sink comp="2651" pin=0"/></net>

<net id="2659"><net_src comp="622" pin="1"/><net_sink comp="2655" pin=0"/></net>

<net id="2660"><net_src comp="2651" pin="1"/><net_sink comp="2655" pin=1"/></net>

<net id="2665"><net_src comp="622" pin="1"/><net_sink comp="2661" pin=0"/></net>

<net id="2666"><net_src comp="120" pin="0"/><net_sink comp="2661" pin=1"/></net>

<net id="2682"><net_src comp="246" pin="1"/><net_sink comp="2679" pin=0"/></net>

<net id="2683"><net_src comp="2679" pin="1"/><net_sink comp="1133" pin=1"/></net>

<net id="2684"><net_src comp="2679" pin="1"/><net_sink comp="1138" pin=0"/></net>

<net id="2685"><net_src comp="2679" pin="1"/><net_sink comp="1171" pin=1"/></net>

<net id="2689"><net_src comp="1029" pin="1"/><net_sink comp="2686" pin=0"/></net>

<net id="2690"><net_src comp="2686" pin="1"/><net_sink comp="1273" pin=2"/></net>

<net id="2691"><net_src comp="2686" pin="1"/><net_sink comp="1566" pin=2"/></net>

<net id="2695"><net_src comp="1037" pin="1"/><net_sink comp="2692" pin=0"/></net>

<net id="2696"><net_src comp="2692" pin="1"/><net_sink comp="1285" pin=2"/></net>

<net id="2697"><net_src comp="2692" pin="1"/><net_sink comp="1579" pin=2"/></net>

<net id="2701"><net_src comp="1041" pin="1"/><net_sink comp="2698" pin=0"/></net>

<net id="2702"><net_src comp="2698" pin="1"/><net_sink comp="2497" pin=2"/></net>

<net id="2706"><net_src comp="1045" pin="1"/><net_sink comp="2703" pin=0"/></net>

<net id="2707"><net_src comp="2703" pin="1"/><net_sink comp="1745" pin=1"/></net>

<net id="2711"><net_src comp="1049" pin="1"/><net_sink comp="2708" pin=0"/></net>

<net id="2712"><net_src comp="2708" pin="1"/><net_sink comp="1297" pin=2"/></net>

<net id="2713"><net_src comp="2708" pin="1"/><net_sink comp="1592" pin=2"/></net>

<net id="2717"><net_src comp="1057" pin="1"/><net_sink comp="2714" pin=0"/></net>

<net id="2718"><net_src comp="2714" pin="1"/><net_sink comp="1309" pin=2"/></net>

<net id="2719"><net_src comp="2714" pin="1"/><net_sink comp="1605" pin=2"/></net>

<net id="2723"><net_src comp="1065" pin="1"/><net_sink comp="2720" pin=0"/></net>

<net id="2724"><net_src comp="2720" pin="1"/><net_sink comp="2189" pin=2"/></net>

<net id="2728"><net_src comp="1069" pin="1"/><net_sink comp="2725" pin=0"/></net>

<net id="2729"><net_src comp="2725" pin="1"/><net_sink comp="1402" pin=1"/></net>

<net id="2730"><net_src comp="2725" pin="1"/><net_sink comp="1953" pin=1"/></net>

<net id="2734"><net_src comp="1073" pin="1"/><net_sink comp="2731" pin=0"/></net>

<net id="2735"><net_src comp="2731" pin="1"/><net_sink comp="393" pin=2"/></net>

<net id="2739"><net_src comp="1077" pin="1"/><net_sink comp="2736" pin=0"/></net>

<net id="2740"><net_src comp="2736" pin="1"/><net_sink comp="1971" pin=1"/></net>

<net id="2741"><net_src comp="2736" pin="1"/><net_sink comp="2206" pin=2"/></net>

<net id="2745"><net_src comp="1085" pin="1"/><net_sink comp="2742" pin=0"/></net>

<net id="2746"><net_src comp="2742" pin="1"/><net_sink comp="1273" pin=3"/></net>

<net id="2747"><net_src comp="2742" pin="1"/><net_sink comp="1566" pin=3"/></net>

<net id="2751"><net_src comp="1093" pin="1"/><net_sink comp="2748" pin=0"/></net>

<net id="2752"><net_src comp="2748" pin="1"/><net_sink comp="1285" pin=3"/></net>

<net id="2753"><net_src comp="2748" pin="1"/><net_sink comp="1579" pin=3"/></net>

<net id="2757"><net_src comp="1097" pin="1"/><net_sink comp="2754" pin=0"/></net>

<net id="2758"><net_src comp="2754" pin="1"/><net_sink comp="2497" pin=3"/></net>

<net id="2762"><net_src comp="1101" pin="1"/><net_sink comp="2759" pin=0"/></net>

<net id="2763"><net_src comp="2759" pin="1"/><net_sink comp="1745" pin=2"/></net>

<net id="2767"><net_src comp="1105" pin="1"/><net_sink comp="2764" pin=0"/></net>

<net id="2768"><net_src comp="2764" pin="1"/><net_sink comp="1297" pin=3"/></net>

<net id="2769"><net_src comp="2764" pin="1"/><net_sink comp="1592" pin=3"/></net>

<net id="2773"><net_src comp="1113" pin="1"/><net_sink comp="2770" pin=0"/></net>

<net id="2774"><net_src comp="2770" pin="1"/><net_sink comp="1309" pin=3"/></net>

<net id="2775"><net_src comp="2770" pin="1"/><net_sink comp="1605" pin=3"/></net>

<net id="2779"><net_src comp="1117" pin="1"/><net_sink comp="2776" pin=0"/></net>

<net id="2780"><net_src comp="2776" pin="1"/><net_sink comp="1402" pin=2"/></net>

<net id="2781"><net_src comp="2776" pin="1"/><net_sink comp="1940" pin=2"/></net>

<net id="2785"><net_src comp="1121" pin="1"/><net_sink comp="2782" pin=0"/></net>

<net id="2786"><net_src comp="2782" pin="1"/><net_sink comp="2189" pin=3"/></net>

<net id="2790"><net_src comp="1125" pin="1"/><net_sink comp="2787" pin=0"/></net>

<net id="2791"><net_src comp="2787" pin="1"/><net_sink comp="393" pin=0"/></net>

<net id="2795"><net_src comp="1129" pin="1"/><net_sink comp="2792" pin=0"/></net>

<net id="2796"><net_src comp="2792" pin="1"/><net_sink comp="1964" pin=2"/></net>

<net id="2797"><net_src comp="2792" pin="1"/><net_sink comp="2206" pin=3"/></net>

<net id="2807"><net_src comp="250" pin="1"/><net_sink comp="2804" pin=0"/></net>

<net id="2808"><net_src comp="2804" pin="1"/><net_sink comp="1176" pin=1"/></net>

<net id="2809"><net_src comp="2804" pin="1"/><net_sink comp="1181" pin=0"/></net>

<net id="2810"><net_src comp="2804" pin="1"/><net_sink comp="1214" pin=1"/></net>

<net id="2820"><net_src comp="254" pin="1"/><net_sink comp="2817" pin=0"/></net>

<net id="2821"><net_src comp="2817" pin="1"/><net_sink comp="1219" pin=1"/></net>

<net id="2822"><net_src comp="2817" pin="1"/><net_sink comp="1224" pin=0"/></net>

<net id="2823"><net_src comp="2817" pin="1"/><net_sink comp="1520" pin=1"/></net>

<net id="2827"><net_src comp="258" pin="1"/><net_sink comp="2824" pin=0"/></net>

<net id="2828"><net_src comp="2824" pin="1"/><net_sink comp="1227" pin=0"/></net>

<net id="2829"><net_src comp="2824" pin="1"/><net_sink comp="1362" pin=1"/></net>

<net id="2830"><net_src comp="2824" pin="1"/><net_sink comp="1497" pin=1"/></net>

<net id="2834"><net_src comp="262" pin="1"/><net_sink comp="2831" pin=0"/></net>

<net id="2835"><net_src comp="2831" pin="1"/><net_sink comp="1230" pin=0"/></net>

<net id="2836"><net_src comp="2831" pin="1"/><net_sink comp="1397" pin=1"/></net>

<net id="2837"><net_src comp="2831" pin="1"/><net_sink comp="1492" pin=1"/></net>

<net id="2841"><net_src comp="266" pin="1"/><net_sink comp="2838" pin=0"/></net>

<net id="2842"><net_src comp="2838" pin="1"/><net_sink comp="1233" pin=0"/></net>

<net id="2843"><net_src comp="2838" pin="1"/><net_sink comp="1357" pin=1"/></net>

<net id="2844"><net_src comp="2838" pin="1"/><net_sink comp="1377" pin=1"/></net>

<net id="2845"><net_src comp="2838" pin="1"/><net_sink comp="1392" pin=1"/></net>

<net id="2846"><net_src comp="2838" pin="1"/><net_sink comp="1487" pin=1"/></net>

<net id="2850"><net_src comp="270" pin="1"/><net_sink comp="2847" pin=0"/></net>

<net id="2851"><net_src comp="2847" pin="1"/><net_sink comp="1236" pin=0"/></net>

<net id="2852"><net_src comp="2847" pin="1"/><net_sink comp="1352" pin=1"/></net>

<net id="2853"><net_src comp="2847" pin="1"/><net_sink comp="1372" pin=1"/></net>

<net id="2854"><net_src comp="2847" pin="1"/><net_sink comp="1387" pin=1"/></net>

<net id="2855"><net_src comp="2847" pin="1"/><net_sink comp="1482" pin=1"/></net>

<net id="2859"><net_src comp="274" pin="1"/><net_sink comp="2856" pin=0"/></net>

<net id="2860"><net_src comp="2856" pin="1"/><net_sink comp="1239" pin=0"/></net>

<net id="2861"><net_src comp="2856" pin="1"/><net_sink comp="1347" pin=1"/></net>

<net id="2862"><net_src comp="2856" pin="1"/><net_sink comp="1367" pin=1"/></net>

<net id="2863"><net_src comp="2856" pin="1"/><net_sink comp="1382" pin=1"/></net>

<net id="2864"><net_src comp="2856" pin="1"/><net_sink comp="1477" pin=1"/></net>

<net id="2868"><net_src comp="1224" pin="1"/><net_sink comp="2865" pin=0"/></net>

<net id="2872"><net_src comp="1227" pin="1"/><net_sink comp="2869" pin=0"/></net>

<net id="2873"><net_src comp="2869" pin="1"/><net_sink comp="1855" pin=0"/></net>

<net id="2877"><net_src comp="1230" pin="1"/><net_sink comp="2874" pin=0"/></net>

<net id="2878"><net_src comp="2874" pin="1"/><net_sink comp="1851" pin=0"/></net>

<net id="2882"><net_src comp="1233" pin="1"/><net_sink comp="2879" pin=0"/></net>

<net id="2883"><net_src comp="2879" pin="1"/><net_sink comp="1626" pin=0"/></net>

<net id="2884"><net_src comp="2879" pin="1"/><net_sink comp="420" pin=0"/></net>

<net id="2888"><net_src comp="1236" pin="1"/><net_sink comp="2885" pin=0"/></net>

<net id="2889"><net_src comp="2885" pin="1"/><net_sink comp="1622" pin=0"/></net>

<net id="2890"><net_src comp="2885" pin="1"/><net_sink comp="411" pin=0"/></net>

<net id="2894"><net_src comp="1239" pin="1"/><net_sink comp="2891" pin=0"/></net>

<net id="2895"><net_src comp="2891" pin="1"/><net_sink comp="1618" pin=0"/></net>

<net id="2896"><net_src comp="2891" pin="1"/><net_sink comp="402" pin=0"/></net>

<net id="2903"><net_src comp="1248" pin="2"/><net_sink comp="2900" pin=0"/></net>

<net id="2904"><net_src comp="2900" pin="1"/><net_sink comp="1520" pin=0"/></net>

<net id="2908"><net_src comp="278" pin="1"/><net_sink comp="2905" pin=0"/></net>

<net id="2909"><net_src comp="2905" pin="1"/><net_sink comp="1268" pin=1"/></net>

<net id="2910"><net_src comp="2905" pin="1"/><net_sink comp="1524" pin=0"/></net>

<net id="2911"><net_src comp="2905" pin="1"/><net_sink comp="1696" pin=1"/></net>

<net id="2915"><net_src comp="282" pin="1"/><net_sink comp="2912" pin=0"/></net>

<net id="2916"><net_src comp="2912" pin="1"/><net_sink comp="1263" pin=1"/></net>

<net id="2917"><net_src comp="2912" pin="1"/><net_sink comp="601" pin=0"/></net>

<net id="2918"><net_src comp="2912" pin="1"/><net_sink comp="1691" pin=1"/></net>

<net id="2922"><net_src comp="286" pin="1"/><net_sink comp="2919" pin=0"/></net>

<net id="2923"><net_src comp="2919" pin="1"/><net_sink comp="1258" pin=1"/></net>

<net id="2924"><net_src comp="2919" pin="1"/><net_sink comp="598" pin=0"/></net>

<net id="2925"><net_src comp="2919" pin="1"/><net_sink comp="1686" pin=1"/></net>

<net id="2932"><net_src comp="1273" pin="6"/><net_sink comp="2929" pin=0"/></net>

<net id="2933"><net_src comp="2929" pin="1"/><net_sink comp="435" pin=2"/></net>

<net id="2937"><net_src comp="1285" pin="6"/><net_sink comp="2934" pin=0"/></net>

<net id="2938"><net_src comp="2934" pin="1"/><net_sink comp="435" pin=3"/></net>

<net id="2942"><net_src comp="1297" pin="6"/><net_sink comp="2939" pin=0"/></net>

<net id="2943"><net_src comp="2939" pin="1"/><net_sink comp="435" pin=4"/></net>

<net id="2947"><net_src comp="1309" pin="6"/><net_sink comp="2944" pin=0"/></net>

<net id="2948"><net_src comp="2944" pin="1"/><net_sink comp="435" pin=5"/></net>

<net id="2952"><net_src comp="435" pin="14"/><net_sink comp="2949" pin=0"/></net>

<net id="2962"><net_src comp="1533" pin="2"/><net_sink comp="2959" pin=0"/></net>

<net id="2963"><net_src comp="2959" pin="1"/><net_sink comp="1696" pin=0"/></net>

<net id="2967"><net_src comp="1559" pin="2"/><net_sink comp="2964" pin=0"/></net>

<net id="2968"><net_src comp="2964" pin="1"/><net_sink comp="435" pin=1"/></net>

<net id="2972"><net_src comp="1566" pin="6"/><net_sink comp="2969" pin=0"/></net>

<net id="2973"><net_src comp="2969" pin="1"/><net_sink comp="435" pin=2"/></net>

<net id="2974"><net_src comp="2969" pin="1"/><net_sink comp="1647" pin=0"/></net>

<net id="2978"><net_src comp="1579" pin="6"/><net_sink comp="2975" pin=0"/></net>

<net id="2979"><net_src comp="2975" pin="1"/><net_sink comp="435" pin=3"/></net>

<net id="2983"><net_src comp="1592" pin="6"/><net_sink comp="2980" pin=0"/></net>

<net id="2984"><net_src comp="2980" pin="1"/><net_sink comp="435" pin=4"/></net>

<net id="2985"><net_src comp="2980" pin="1"/><net_sink comp="1635" pin=0"/></net>

<net id="2989"><net_src comp="1605" pin="6"/><net_sink comp="2986" pin=0"/></net>

<net id="2990"><net_src comp="2986" pin="1"/><net_sink comp="435" pin=5"/></net>

<net id="2994"><net_src comp="598" pin="1"/><net_sink comp="2991" pin=0"/></net>

<net id="2998"><net_src comp="290" pin="1"/><net_sink comp="2995" pin=0"/></net>

<net id="2999"><net_src comp="2995" pin="1"/><net_sink comp="1630" pin=1"/></net>

<net id="3000"><net_src comp="2995" pin="1"/><net_sink comp="1700" pin=0"/></net>

<net id="3001"><net_src comp="2995" pin="1"/><net_sink comp="1831" pin=1"/></net>

<net id="3005"><net_src comp="294" pin="1"/><net_sink comp="3002" pin=0"/></net>

<net id="3006"><net_src comp="3002" pin="1"/><net_sink comp="1626" pin=1"/></net>

<net id="3007"><net_src comp="3002" pin="1"/><net_sink comp="1703" pin=0"/></net>

<net id="3008"><net_src comp="3002" pin="1"/><net_sink comp="1826" pin=1"/></net>

<net id="3012"><net_src comp="298" pin="1"/><net_sink comp="3009" pin=0"/></net>

<net id="3013"><net_src comp="3009" pin="1"/><net_sink comp="1622" pin=1"/></net>

<net id="3014"><net_src comp="3009" pin="1"/><net_sink comp="1707" pin=0"/></net>

<net id="3015"><net_src comp="3009" pin="1"/><net_sink comp="1821" pin=1"/></net>

<net id="3019"><net_src comp="302" pin="1"/><net_sink comp="3016" pin=0"/></net>

<net id="3020"><net_src comp="3016" pin="1"/><net_sink comp="1618" pin=1"/></net>

<net id="3021"><net_src comp="3016" pin="1"/><net_sink comp="1711" pin=0"/></net>

<net id="3022"><net_src comp="3016" pin="1"/><net_sink comp="1816" pin=1"/></net>

<net id="3041"><net_src comp="306" pin="1"/><net_sink comp="3038" pin=0"/></net>

<net id="3042"><net_src comp="3038" pin="1"/><net_sink comp="1869" pin=1"/></net>

<net id="3043"><net_src comp="3038" pin="1"/><net_sink comp="1874" pin=0"/></net>

<net id="3044"><net_src comp="3038" pin="1"/><net_sink comp="2443" pin=1"/></net>

<net id="3048"><net_src comp="310" pin="1"/><net_sink comp="3045" pin=0"/></net>

<net id="3049"><net_src comp="3045" pin="1"/><net_sink comp="1864" pin=1"/></net>

<net id="3050"><net_src comp="3045" pin="1"/><net_sink comp="1877" pin=0"/></net>

<net id="3051"><net_src comp="3045" pin="1"/><net_sink comp="2439" pin=1"/></net>

<net id="3055"><net_src comp="314" pin="1"/><net_sink comp="3052" pin=0"/></net>

<net id="3056"><net_src comp="3052" pin="1"/><net_sink comp="1859" pin=1"/></net>

<net id="3057"><net_src comp="3052" pin="1"/><net_sink comp="2002" pin=0"/></net>

<net id="3058"><net_src comp="3052" pin="1"/><net_sink comp="2330" pin=1"/></net>

<net id="3059"><net_src comp="3052" pin="1"/><net_sink comp="2360" pin=1"/></net>

<net id="3060"><net_src comp="3052" pin="1"/><net_sink comp="2390" pin=1"/></net>

<net id="3064"><net_src comp="318" pin="1"/><net_sink comp="3061" pin=0"/></net>

<net id="3065"><net_src comp="3061" pin="1"/><net_sink comp="1855" pin=1"/></net>

<net id="3066"><net_src comp="3061" pin="1"/><net_sink comp="613" pin=0"/></net>

<net id="3067"><net_src comp="3061" pin="1"/><net_sink comp="2325" pin=1"/></net>

<net id="3068"><net_src comp="3061" pin="1"/><net_sink comp="2355" pin=1"/></net>

<net id="3069"><net_src comp="3061" pin="1"/><net_sink comp="2385" pin=1"/></net>

<net id="3073"><net_src comp="322" pin="1"/><net_sink comp="3070" pin=0"/></net>

<net id="3074"><net_src comp="3070" pin="1"/><net_sink comp="1851" pin=1"/></net>

<net id="3075"><net_src comp="3070" pin="1"/><net_sink comp="616" pin=0"/></net>

<net id="3076"><net_src comp="3070" pin="1"/><net_sink comp="2320" pin=1"/></net>

<net id="3077"><net_src comp="3070" pin="1"/><net_sink comp="2350" pin=1"/></net>

<net id="3078"><net_src comp="3070" pin="1"/><net_sink comp="2380" pin=1"/></net>

<net id="3082"><net_src comp="326" pin="1"/><net_sink comp="3079" pin=0"/></net>

<net id="3083"><net_src comp="3079" pin="1"/><net_sink comp="1846" pin=1"/></net>

<net id="3084"><net_src comp="3079" pin="1"/><net_sink comp="604" pin=0"/></net>

<net id="3085"><net_src comp="3079" pin="1"/><net_sink comp="2223" pin=0"/></net>

<net id="3086"><net_src comp="3079" pin="1"/><net_sink comp="2315" pin=1"/></net>

<net id="3087"><net_src comp="3079" pin="1"/><net_sink comp="2345" pin=1"/></net>

<net id="3088"><net_src comp="3079" pin="1"/><net_sink comp="2375" pin=1"/></net>

<net id="3089"><net_src comp="3079" pin="1"/><net_sink comp="2423" pin=1"/></net>

<net id="3093"><net_src comp="330" pin="1"/><net_sink comp="3090" pin=0"/></net>

<net id="3094"><net_src comp="3090" pin="1"/><net_sink comp="1841" pin=1"/></net>

<net id="3095"><net_src comp="3090" pin="1"/><net_sink comp="607" pin=0"/></net>

<net id="3096"><net_src comp="3090" pin="1"/><net_sink comp="2226" pin=0"/></net>

<net id="3097"><net_src comp="3090" pin="1"/><net_sink comp="2310" pin=1"/></net>

<net id="3098"><net_src comp="3090" pin="1"/><net_sink comp="2340" pin=1"/></net>

<net id="3099"><net_src comp="3090" pin="1"/><net_sink comp="2370" pin=1"/></net>

<net id="3100"><net_src comp="3090" pin="1"/><net_sink comp="2401" pin=1"/></net>

<net id="3104"><net_src comp="334" pin="1"/><net_sink comp="3101" pin=0"/></net>

<net id="3105"><net_src comp="3101" pin="1"/><net_sink comp="1836" pin=1"/></net>

<net id="3106"><net_src comp="3101" pin="1"/><net_sink comp="610" pin=0"/></net>

<net id="3107"><net_src comp="3101" pin="1"/><net_sink comp="2229" pin=0"/></net>

<net id="3108"><net_src comp="3101" pin="1"/><net_sink comp="2305" pin=1"/></net>

<net id="3109"><net_src comp="3101" pin="1"/><net_sink comp="2335" pin=1"/></net>

<net id="3110"><net_src comp="3101" pin="1"/><net_sink comp="2365" pin=1"/></net>

<net id="3111"><net_src comp="3101" pin="1"/><net_sink comp="2412" pin=1"/></net>

<net id="3118"><net_src comp="1880" pin="1"/><net_sink comp="3115" pin=0"/></net>

<net id="3119"><net_src comp="3115" pin="1"/><net_sink comp="429" pin=0"/></net>

<net id="3126"><net_src comp="1900" pin="1"/><net_sink comp="3123" pin=0"/></net>

<net id="3127"><net_src comp="3123" pin="1"/><net_sink comp="2439" pin=0"/></net>

<net id="3131"><net_src comp="1928" pin="2"/><net_sink comp="3128" pin=0"/></net>

<net id="3135"><net_src comp="1947" pin="2"/><net_sink comp="3132" pin=0"/></net>

<net id="3136"><net_src comp="3132" pin="1"/><net_sink comp="2300" pin=1"/></net>

<net id="3140"><net_src comp="1960" pin="1"/><net_sink comp="3137" pin=0"/></net>

<net id="3141"><net_src comp="3137" pin="1"/><net_sink comp="2201" pin=0"/></net>

<net id="3145"><net_src comp="1971" pin="3"/><net_sink comp="3142" pin=0"/></net>

<net id="3146"><net_src comp="3142" pin="1"/><net_sink comp="2218" pin=0"/></net>

<net id="3150"><net_src comp="1978" pin="2"/><net_sink comp="3147" pin=0"/></net>

<net id="3151"><net_src comp="3147" pin="1"/><net_sink comp="2238" pin=0"/></net>

<net id="3155"><net_src comp="1984" pin="2"/><net_sink comp="3152" pin=0"/></net>

<net id="3156"><net_src comp="3152" pin="1"/><net_sink comp="2255" pin=0"/></net>

<net id="3160"><net_src comp="1990" pin="2"/><net_sink comp="3157" pin=0"/></net>

<net id="3161"><net_src comp="3157" pin="1"/><net_sink comp="2284" pin=0"/></net>

<net id="3165"><net_src comp="1996" pin="2"/><net_sink comp="3162" pin=0"/></net>

<net id="3166"><net_src comp="3162" pin="1"/><net_sink comp="2295" pin=1"/></net>

<net id="3179"><net_src comp="338" pin="1"/><net_sink comp="3176" pin=0"/></net>

<net id="3180"><net_src comp="3176" pin="1"/><net_sink comp="2162" pin=1"/></net>

<net id="3181"><net_src comp="3176" pin="1"/><net_sink comp="2448" pin=0"/></net>

<net id="3182"><net_src comp="3176" pin="1"/><net_sink comp="2630" pin=1"/></net>

<net id="3186"><net_src comp="342" pin="1"/><net_sink comp="3183" pin=0"/></net>

<net id="3187"><net_src comp="3183" pin="1"/><net_sink comp="2157" pin=1"/></net>

<net id="3188"><net_src comp="3183" pin="1"/><net_sink comp="619" pin=0"/></net>

<net id="3189"><net_src comp="3183" pin="1"/><net_sink comp="622" pin=0"/></net>

<net id="3190"><net_src comp="3183" pin="1"/><net_sink comp="2625" pin=1"/></net>

<net id="3209"><net_src comp="2428" pin="2"/><net_sink comp="3206" pin=0"/></net>

<net id="3210"><net_src comp="3206" pin="1"/><net_sink comp="429" pin=2"/></net>

</net_list>

</model> 
---------------- Datapath Model END ------------------

* FSMD analyzer results:
  - Output states:
	Port: state_completion_rob_completes_this_cycle | {1 13 14 }
	Port: state_completion_prf_writes_this_cycle | {1 13 14 }
	Port: state_completion_mem_execute_valid | {1 11 13 14 }
	Port: state_execute_alu_results_valid_0 | {1 }
	Port: state_completion_mem_execute_source | {1 11 13 14 }
	Port: state_execute_alu_results_uop_branch_is_br_0 | {1 }
	Port: state_execute_alu_results_uop_branch_is_jalr_0 | {1 }
	Port: state_execute_alu_results_uop_branch_is_jal_0 | {1 }
	Port: state_completion_mem_execute_kind | {1 11 13 14 }
	Port: state_execute_alu_results_uop_branch_br_mask_0 | {1 13 14 }
	Port: state_execute_alu_results_uop_branch_br_tag_0 | {1 }
	Port: state_execute_alu_results_uop_queue_rob_idx_0 | {1 }
	Port: state_execute_alu_results_uop_queue_rob_allocation_id_0 | {1 }
	Port: state_execute_alu_results_uop_rename_pdst_0 | {1 }
	Port: state_completion_mem_execute_uop_branch_br_mask | {1 11 13 14 }
	Port: state_completion_mem_execute_uop_branch_br_tag | {1 11 13 14 }
	Port: state_completion_mem_execute_uop_queue_rob_idx | {1 11 13 14 }
	Port: state_completion_mem_execute_uop_queue_rob_allocation_id | {1 11 13 14 }
	Port: state_completion_mem_execute_uop_rename_pdst | {1 11 13 14 }
	Port: state_completion_mem_execute_writes_prf | {1 11 13 14 }
	Port: state_execute_alu_results_result_0 | {1 }
	Port: state_completion_mem_execute_value | {1 11 13 14 }
	Port: state_completion_int_execute_valid | {1 11 13 14 }
	Port: state_execute_alu_results_valid_1 | {1 }
	Port: state_completion_int_execute_source | {1 11 13 14 }
	Port: state_execute_alu_results_uop_branch_is_br_1 | {1 }
	Port: state_execute_alu_results_uop_branch_is_jalr_1 | {1 }
	Port: state_execute_alu_results_uop_branch_is_jal_1 | {1 }
	Port: state_completion_int_execute_kind | {1 11 13 14 }
	Port: state_execute_alu_results_uop_branch_br_mask_1 | {1 13 14 }
	Port: state_execute_alu_results_uop_branch_br_tag_1 | {1 }
	Port: state_execute_alu_results_uop_queue_rob_idx_1 | {1 }
	Port: state_execute_alu_results_uop_queue_rob_allocation_id_1 | {1 }
	Port: state_execute_alu_results_uop_rename_pdst_1 | {1 }
	Port: state_completion_int_execute_uop_branch_br_mask | {1 11 13 14 }
	Port: state_completion_int_execute_uop_branch_br_tag | {1 11 13 14 }
	Port: state_completion_int_execute_uop_queue_rob_idx | {1 11 13 14 }
	Port: state_completion_int_execute_uop_queue_rob_allocation_id | {1 11 13 14 }
	Port: state_completion_int_execute_uop_rename_pdst | {1 11 13 14 }
	Port: state_completion_int_execute_writes_prf | {1 11 13 14 }
	Port: state_execute_alu_results_result_1 | {1 }
	Port: state_completion_int_execute_value | {1 11 13 14 }
	Port: state_execute_alu_results_uop_branch_br_mask_2 | {1 13 14 }
	Port: state_rob_entries_busy | {13 14 }
	Port: state_rob_entries_memory_completed | {13 14 }
	Port: state_completion_wakeup_conflicts | {11 }
	Port: state_completion_bypass_conflicts | {11 }
	Port: state_completion_wakeup_sent_0 | {7 12 13 14 }
	Port: state_completion_wakeup_sent_1 | {7 12 13 14 }
	Port: state_completion_wakeup_sent_2 | {7 12 13 14 }
	Port: state_completion_total_wakeups | {13 }
	Port: state_completion_total_bypass | {13 }
	Port: state_completion_peak_wakeups | {13 }
	Port: state_completion_peak_bypass | {13 }
	Port: state_completion_total_rob_completes | {13 14 }
	Port: state_branch_state_active_mask | {13 14 }
	Port: state_branch_state_releases | {13 14 }
	Port: state_decode_dec_uops_branch_br_mask_0 | {13 14 }
	Port: state_rename_dispatch_packets_uop_branch_br_mask_0 | {13 14 }
	Port: state_issue_issued_uops_branch_br_mask_0 | {13 14 }
	Port: state_issue_issued_uops_branch_br_mask_1 | {13 14 }
	Port: state_issue_issued_uops_branch_br_mask_2 | {13 14 }
	Port: state_issue_alu_iq_entries_uop_branch_br_mask | {13 14 }
	Port: state_rob_entries_uop_branch_br_mask | {13 14 }
	Port: state_completion_wakeups_branch_mask_0 | {2 13 14 }
	Port: state_completion_wakeups_branch_mask_1 | {2 13 14 }
	Port: state_completion_wakeups_branch_mask_2 | {2 13 14 }
	Port: state_completion_bypass_branch_mask_0 | {3 13 14 }
	Port: state_completion_bypass_branch_mask_1 | {3 13 14 }
	Port: state_completion_bypass_branch_mask_2 | {3 13 14 }
	Port: state_lsu_ldq_branch_mask | {13 14 }
	Port: state_lsu_stq_branch_mask | {13 14 }
	Port: state_int_rf | {13 14 }
	Port: state_completion_total_prf_writes | {13 14 }
	Port: state_completion_peak_rob_completes | {13 14 }
	Port: state_completion_peak_prf_writes | {13 14 }
 - Input state : 
	Port: begin_completion_cycle : state_completion_rob_completes_this_cycle | {13 14 }
	Port: begin_completion_cycle : state_completion_prf_writes_this_cycle | {13 14 }
	Port: begin_completion_cycle : state_completion_mem_execute_valid | {1 13 14 }
	Port: begin_completion_cycle : state_execute_alu_results_valid_0 | {1 }
	Port: begin_completion_cycle : state_completion_mem_execute_source | {1 13 14 }
	Port: begin_completion_cycle : state_execute_alu_results_uop_branch_is_br_0 | {1 }
	Port: begin_completion_cycle : state_execute_alu_results_uop_branch_is_jalr_0 | {1 }
	Port: begin_completion_cycle : state_execute_alu_results_uop_branch_is_jal_0 | {1 }
	Port: begin_completion_cycle : state_completion_mem_execute_kind | {1 13 14 }
	Port: begin_completion_cycle : state_execute_alu_results_uop_branch_br_mask_0 | {1 13 14 }
	Port: begin_completion_cycle : state_execute_alu_results_uop_branch_br_tag_0 | {1 }
	Port: begin_completion_cycle : state_execute_alu_results_uop_queue_rob_idx_0 | {1 }
	Port: begin_completion_cycle : state_execute_alu_results_uop_queue_rob_allocation_id_0 | {1 }
	Port: begin_completion_cycle : state_execute_alu_results_uop_rename_pdst_0 | {1 }
	Port: begin_completion_cycle : state_completion_mem_execute_uop_branch_br_mask | {1 13 14 }
	Port: begin_completion_cycle : state_completion_mem_execute_uop_branch_br_tag | {13 14 }
	Port: begin_completion_cycle : state_completion_mem_execute_uop_queue_rob_idx | {1 13 14 }
	Port: begin_completion_cycle : state_completion_mem_execute_uop_queue_rob_allocation_id | {1 13 14 }
	Port: begin_completion_cycle : state_completion_mem_execute_uop_rename_pdst | {1 13 14 }
	Port: begin_completion_cycle : state_completion_mem_execute_writes_prf | {1 13 14 }
	Port: begin_completion_cycle : state_execute_alu_results_result_0 | {1 }
	Port: begin_completion_cycle : state_completion_mem_execute_value | {1 13 14 }
	Port: begin_completion_cycle : state_completion_int_execute_valid | {1 13 14 }
	Port: begin_completion_cycle : state_execute_alu_results_valid_1 | {1 }
	Port: begin_completion_cycle : state_completion_int_execute_source | {1 13 14 }
	Port: begin_completion_cycle : state_execute_alu_results_uop_branch_is_br_1 | {1 }
	Port: begin_completion_cycle : state_execute_alu_results_uop_branch_is_jalr_1 | {1 }
	Port: begin_completion_cycle : state_execute_alu_results_uop_branch_is_jal_1 | {1 }
	Port: begin_completion_cycle : state_completion_int_execute_kind | {1 13 14 }
	Port: begin_completion_cycle : state_execute_alu_results_uop_branch_br_mask_1 | {1 13 14 }
	Port: begin_completion_cycle : state_execute_alu_results_uop_branch_br_tag_1 | {1 }
	Port: begin_completion_cycle : state_execute_alu_results_uop_queue_rob_idx_1 | {1 }
	Port: begin_completion_cycle : state_execute_alu_results_uop_queue_rob_allocation_id_1 | {1 }
	Port: begin_completion_cycle : state_execute_alu_results_uop_rename_pdst_1 | {1 }
	Port: begin_completion_cycle : state_completion_int_execute_uop_branch_br_mask | {1 13 14 }
	Port: begin_completion_cycle : state_completion_int_execute_uop_branch_br_tag | {13 14 }
	Port: begin_completion_cycle : state_completion_int_execute_uop_queue_rob_idx | {1 13 14 }
	Port: begin_completion_cycle : state_completion_int_execute_uop_queue_rob_allocation_id | {1 13 14 }
	Port: begin_completion_cycle : state_completion_int_execute_uop_rename_pdst | {1 13 14 }
	Port: begin_completion_cycle : state_completion_int_execute_writes_prf | {1 13 14 }
	Port: begin_completion_cycle : state_execute_alu_results_result_1 | {1 }
	Port: begin_completion_cycle : state_completion_int_execute_value | {1 13 14 }
	Port: begin_completion_cycle : state_execute_alu_results_uop_branch_br_mask_2 | {13 14 }
	Port: begin_completion_cycle : state_rob_entries_valid | {5 6 8 9 13 14 }
	Port: begin_completion_cycle : state_rob_entries_uop_queue_rob_allocation_id | {5 6 8 9 13 14 }
	Port: begin_completion_cycle : state_rob_entries_busy | {5 6 8 9 13 14 }
	Port: begin_completion_cycle : state_rob_entries_memory_valid | {5 6 8 9 13 14 }
	Port: begin_completion_cycle : state_rob_entries_memory_completed | {5 6 8 9 13 14 }
	Port: begin_completion_cycle : state_rob_entries_is_load | {5 6 8 9 13 14 }
	Port: begin_completion_cycle : state_rob_entries_memory_request_sent | {5 6 8 9 13 14 }
	Port: begin_completion_cycle : state_rob_entries_memory_transaction_id | {5 6 8 9 13 14 }
	Port: begin_completion_cycle : state_rob_head | {4 13 14 }
	Port: begin_completion_cycle : state_completion_wakeup_conflicts | {11 }
	Port: begin_completion_cycle : state_completion_bypass_conflicts | {11 }
	Port: begin_completion_cycle : state_completion_wakeup_sent_0 | {13 }
	Port: begin_completion_cycle : state_completion_wakeup_sent_1 | {13 }
	Port: begin_completion_cycle : state_completion_wakeup_sent_2 | {13 }
	Port: begin_completion_cycle : state_completion_total_wakeups | {13 }
	Port: begin_completion_cycle : state_completion_total_bypass | {13 }
	Port: begin_completion_cycle : state_completion_peak_wakeups | {13 }
	Port: begin_completion_cycle : state_completion_peak_bypass | {13 }
	Port: begin_completion_cycle : state_completion_total_rob_completes | {13 14 }
	Port: begin_completion_cycle : state_branch_state_active_mask | {13 14 }
	Port: begin_completion_cycle : state_branch_state_releases | {13 14 }
	Port: begin_completion_cycle : state_decode_dec_uops_branch_br_mask_0 | {13 14 }
	Port: begin_completion_cycle : state_rename_dispatch_packets_uop_branch_br_mask_0 | {13 14 }
	Port: begin_completion_cycle : state_issue_issued_uops_branch_br_mask_0 | {13 14 }
	Port: begin_completion_cycle : state_issue_issued_uops_branch_br_mask_1 | {13 14 }
	Port: begin_completion_cycle : state_issue_issued_uops_branch_br_mask_2 | {13 14 }
	Port: begin_completion_cycle : state_issue_alu_iq_entries_uop_branch_br_mask | {13 14 }
	Port: begin_completion_cycle : state_rob_entries_uop_branch_br_mask | {13 14 }
	Port: begin_completion_cycle : state_completion_wakeups_branch_mask_0 | {13 14 }
	Port: begin_completion_cycle : state_completion_wakeups_branch_mask_1 | {13 14 }
	Port: begin_completion_cycle : state_completion_wakeups_branch_mask_2 | {13 14 }
	Port: begin_completion_cycle : state_completion_bypass_branch_mask_0 | {13 14 }
	Port: begin_completion_cycle : state_completion_bypass_branch_mask_1 | {13 14 }
	Port: begin_completion_cycle : state_completion_bypass_branch_mask_2 | {13 14 }
	Port: begin_completion_cycle : state_lsu_ldq_branch_mask | {13 14 }
	Port: begin_completion_cycle : state_lsu_stq_branch_mask | {13 14 }
	Port: begin_completion_cycle : state_completion_total_prf_writes | {13 14 }
	Port: begin_completion_cycle : state_completion_peak_rob_completes | {13 14 }
	Port: begin_completion_cycle : state_completion_peak_prf_writes | {13 14 }
  - Chain level:
	State 1
		br_ln809 : 1
		br_ln809 : 1
		or_ln475 : 1
		or_ln475_2 : 1
		select_ln475 : 1
		store_ln500 : 2
		store_ln504 : 1
		store_ln504 : 1
		store_ln504 : 1
		store_ln504 : 1
		store_ln504 : 1
		icmp_ln508 : 1
		store_ln505 : 2
		store_ln511 : 1
		ports_valid_1 : 2
		br_ln816 : 1
		br_ln816 : 1
		or_ln475_1 : 1
		or_ln475_3 : 1
		select_ln475_1 : 1
		store_ln500 : 2
		store_ln504 : 1
		store_ln504 : 1
		store_ln504 : 1
		store_ln504 : 1
		store_ln504 : 1
		icmp_ln508_1 : 1
		store_ln505 : 2
		store_ln511 : 1
		ports_valid_2 : 2
		zext_ln667 : 1
		zext_ln667_4 : 1
		zext_ln667_5 : 1
		zext_ln667_6 : 1
		zext_ln667_7 : 1
		zext_ln667_8 : 1
		zext_ln668 : 1
		zext_ln668_4 : 1
		zext_ln668_5 : 1
		zext_ln668_6 : 1
		zext_ln668_7 : 1
		store_ln684 : 1
	State 2
		icmp_ln684 : 1
		add_ln684 : 1
		br_ln684 : 2
		switch_ln685 : 1
		store_ln684 : 2
		store_ln686 : 1
	State 3
		icmp_ln686 : 1
		add_ln686 : 1
		br_ln686 : 2
		switch_ln687 : 1
		store_ln686 : 2
		store_ln691 : 1
	State 4
		icmp_ln691 : 1
		add_ln691 : 1
		br_ln691 : 2
		switch_ln675 : 1
		store_ln698 : 1
		store_ln698 : 1
		store_ln698 : 1
	State 5
		tmp : 1
	State 6
		br_ln675 : 1
	State 7
		br_ln675 : 1
		and_ln692 : 1
		and_ln692_1 : 1
		or_ln692 : 1
		and_ln692_2 : 1
		store_ln693 : 1
		store_ln693 : 1
		store_ln693 : 1
		store_ln693 : 1
		store_ln693 : 1
		store_ln693 : 1
		store_ln693 : 1
		store_ln693 : 1
		store_ln693 : 1
		select_ln676 : 1
		icmp_ln676_2 : 2
		xor_ln676 : 1
		usable_2_19 : 3
		usable_2_13 : 3
		usable_2_14 : 3
		usable_2_15 : 4
		usable_2_16 : 3
		usable_2_17 : 4
		or_ln693 : 1
		and_ln693 : 1
		and_ln693_1 : 1
		store_ln694 : 4
		store_ln694 : 5
		store_ln694 : 5
		store_ln694 : 1
		store_ln694 : 1
		br_ln694 : 3
	State 8
		icmp_ln698 : 1
		add_ln698 : 1
		br_ln698 : 2
		icmp_ln699 : 1
		select_ln699 : 2
		icmp_ln699_1 : 1
		and_ln699 : 3
		phi_ln699_1 : 1
		phi_ln699_2 : 1
		phi_ln699_3 : 1
		phi_ln699_4 : 1
		tmp_s : 3
		br_ln707 : 1
		store_ln708 : 1
		store_ln708 : 1
		store_ln708 : 1
		store_ln708 : 1
	State 9
		br_ln699 : 1
		precise_age_2 : 1
		zext_ln602 : 2
		br_ln700 : 1
		xor_ln702 : 1
		icmp_ln702 : 3
		or_ln702 : 4
		trunc_ln698 : 1
		select_ln702 : 4
		zext_ln702 : 5
		store_ln702 : 6
	State 10
		icmp_ln708 : 1
		add_ln708 : 1
		br_ln708 : 2
		tmp_4 : 1
		br_ln709 : 2
		icmp_ln602 : 1
		select_ln602 : 2
		icmp_ln602_1 : 1
		select_ln602_1 : 3
		sub_ln602 : 4
		zext_ln602_1 : 5
		icmp_ln709 : 6
		br_ln709 : 7
		icmp_ln710 : 1
		and_ln710 : 2
		icmp_ln710_1 : 1
		and_ln710_1 : 2
		or_ln710 : 2
		and_ln710_2 : 2
		store_ln710 : 2
		store_ln710 : 2
		store_ln710 : 2
		store_ln708 : 2
		usable_0_9_ph : 1
		usable_1_9_ph : 1
		usable_2_9_ph : 1
		store_ln712 : 2
		store_ln712 : 2
		store_ln712 : 2
		store_ln712 : 1
		store_ln712 : 1
		store_ln712 : 1
		store_ln712 : 1
		store_ln712 : 1
	State 11
		zext_ln712 : 1
		zext_ln712_1 : 1
		icmp_ln712 : 1
		add_ln712 : 2
		trunc_ln712 : 3
		br_ln712 : 2
		tmp_5 : 1
		xor_ln713 : 2
		icmp_ln713 : 3
		or_ln713 : 4
		br_ln713 : 4
		icmp_ln715_1 : 1
		select_ln715 : 2
		icmp_ln715_2 : 1
		select_ln715_1 : 3
		zext_ln717 : 4
		select_ln717 : 2
		select_ln717_1 : 3
		icmp_ln718 : 1
		icmp_ln718_1 : 1
		or_ln718 : 2
		and_ln720 : 2
		br_ln729 : 1
		add_ln730 : 1
		store_ln730 : 2
		add_ln731 : 1
		store_ln731 : 2
		br_ln734 : 1
		br_ln736 : 1
		store_ln741 : 1
		store_ln741 : 1
	State 12
		icmp_ln714 : 1
		br_ln714 : 2
		trunc_ln715 : 1
		tmp_6 : 2
		br_ln715 : 3
		tmp_7 : 2
		icmp_ln715 : 3
		br_ln715 : 4
		tmp_8 : 2
		icmp_ln717 : 3
		br_ln717 : 4
		icmp_ln719 : 2
		and_ln719 : 3
		and_ln719_1 : 3
		icmp_ln719_1 : 2
		and_ln719_2 : 3
		and_ln719_3 : 3
		icmp_ln719_2 : 2
		icmp_ln719_3 : 2
		or_ln719 : 3
		and_ln719_4 : 3
		and_ln719_5 : 3
		or_ln720 : 1
		or_ln720_1 : 1
		switch_ln721 : 2
		store_ln721 : 3
		store_ln721 : 3
		store_ln721 : 3
		store_ln721 : 1
		store_ln721 : 3
		store_ln721 : 3
		store_ln721 : 3
		store_ln721 : 1
		store_ln721 : 1
		store_ln721 : 3
		store_ln721 : 3
		store_ln721 : 3
		store_ln721 : 1
		switch_ln724 : 2
		add_ln714 : 1
		store_ln712 : 1
	State 13
		icmp_ln741 : 1
		add_ln741 : 1
		br_ln741 : 2
		tmp_9 : 1
		xor_ln742 : 2
		icmp_ln742 : 1
		or_ln742 : 2
		br_ln742 : 2
		trunc_ln745 : 1
		phi_ln : 1
		switch_ln745 : 2
		store_ln750 : 2
		store_ln758 : 2
		store_ln750 : 2
		store_ln758 : 2
		store_ln750 : 2
		store_ln758 : 2
		tmp_1 : 1
		br_ln760 : 2
		add_ln761 : 1
		store_ln761 : 2
		add_ln762 : 1
		store_ln762 : 2
		switch_ln763 : 1
		output_1 : 1
		store_ln766 : 2
		store_ln741 : 2
		icmp_ln769 : 1
		br_ln769 : 2
		store_ln770 : 1
		icmp_ln771 : 1
		br_ln771 : 2
		store_ln772 : 1
	State 14


============================================================
+ Verbose Summary: Datapath Resource usage 
============================================================

* Functional unit list:
|----------|--------------------------------|---------|---------|---------|
| Operation|         Functional Unit        |  Delay  |    FF   |   LUT   |
|----------|--------------------------------|---------|---------|---------|
|   call   | grp_completion_is_valid_fu_435 |  3.416  |    41   |   225   |
|          |   grp_service_pending_fu_461   |  13.769 |   734   |   1462  |
|----------|--------------------------------|---------|---------|---------|
|          |        add_ln684_fu_1147       |    0    |    0    |    9    |
|          |        add_ln686_fu_1190       |    0    |    0    |    9    |
|          |        add_ln691_fu_1248       |    0    |    0    |    9    |
|          |        add_ln698_fu_1533       |    0    |    0    |    9    |
|          |        add_ln708_fu_1721       |    0    |    0    |    9    |
|          |        add_ln712_fu_1894       |    0    |    0    |    9    |
|    add   |        add_ln730_fu_2009       |    0    |    0    |    71   |
|          |        add_ln731_fu_2025       |    0    |    0    |    71   |
|          |        add_ln714_fu_2428       |    0    |    0    |    71   |
|          |       add_ln712_1_fu_2434      |    0    |    0    |    10   |
|          |        add_ln741_fu_2457       |    0    |    0    |    9    |
|          |        add_ln761_fu_2573       |    0    |    0    |    71   |
|          |        add_ln762_fu_2589       |    0    |    0    |    71   |
|          |        output_1_fu_2619        |    0    |    0    |    15   |
|----------|--------------------------------|---------|---------|---------|
|          |           grp_fu_583           |    0    |    0    |    8    |
|          |           grp_fu_588           |    0    |    0    |    8    |
|          |           grp_fu_593           |    0    |    0    |    8    |
|          |        icmp_ln508_fu_746       |    0    |    0    |    8    |
|          |       icmp_ln508_1_fu_937      |    0    |    0    |    8    |
|          |       icmp_ln684_fu_1141       |    0    |    0    |    8    |
|          |       icmp_ln686_fu_1184       |    0    |    0    |    8    |
|          |       icmp_ln691_fu_1242       |    0    |    0    |    8    |
|          |       icmp_ln692_fu_1321       |    0    |    0    |    8    |
|          |      icmp_ln676_2_fu_1408      |    0    |    0    |    8    |
|          |       icmp_ln698_fu_1527       |    0    |    0    |    8    |
|          |       icmp_ln699_fu_1539       |    0    |    0    |    8    |
|          |      icmp_ln699_1_fu_1553      |    0    |    0    |    8    |
|          |       icmp_ln700_fu_1647       |    0    |    0    |    11   |
|          |       icmp_ln702_fu_1658       |    0    |    0    |    11   |
|          |       icmp_ln708_fu_1715       |    0    |    0    |    8    |
|          |       icmp_ln602_fu_1739       |    0    |    0    |    8    |
|          |      icmp_ln602_1_fu_1751      |    0    |    0    |    8    |
|   icmp   |       icmp_ln709_fu_1774       |    0    |    0    |    11   |
|          |       icmp_ln710_fu_1780       |    0    |    0    |    8    |
|          |      icmp_ln710_1_fu_1792      |    0    |    0    |    8    |
|          |       icmp_ln712_fu_1888       |    0    |    0    |    8    |
|          |       icmp_ln713_fu_1922       |    0    |    0    |    8    |
|          |      icmp_ln715_1_fu_1934      |    0    |    0    |    8    |
|          |      icmp_ln715_2_fu_1947      |    0    |    0    |    8    |
|          |       icmp_ln718_fu_1978       |    0    |    0    |    8    |
|          |      icmp_ln718_1_fu_1984      |    0    |    0    |    8    |
|          |       icmp_ln714_fu_2167       |    0    |    0    |    29   |
|          |       icmp_ln715_fu_2201       |    0    |    0    |    11   |
|          |       icmp_ln717_fu_2218       |    0    |    0    |    29   |
|          |       icmp_ln719_fu_2232       |    0    |    0    |    8    |
|          |      icmp_ln719_1_fu_2249      |    0    |    0    |    8    |
|          |      icmp_ln719_2_fu_2266      |    0    |    0    |    8    |
|          |      icmp_ln719_3_fu_2272      |    0    |    0    |    8    |
|          |       icmp_ln741_fu_2451       |    0    |    0    |    8    |
|          |       icmp_ln742_fu_2481       |    0    |    0    |    11   |
|          |       icmp_ln769_fu_2639       |    0    |    0    |    11   |
|          |       icmp_ln771_fu_2655       |    0    |    0    |    11   |
|----------|--------------------------------|---------|---------|---------|
|          |       phi_ln675_1_fu_1273      |    0    |    0    |    20   |
|          |       phi_ln675_2_fu_1285      |    0    |    0    |    20   |
|          |       phi_ln675_3_fu_1297      |    0    |    0    |    20   |
|          |       phi_ln675_4_fu_1309      |    0    |    0    |    20   |
|          |       phi_ln699_1_fu_1566      |    0    |    0    |    20   |
|          |       phi_ln699_2_fu_1579      |    0    |    0    |    20   |
|          |       phi_ln699_3_fu_1592      |    0    |    0    |    20   |
|    mux   |       phi_ln699_4_fu_1605      |    0    |    0    |    20   |
|          |          tmp_4_fu_1727         |    0    |    0    |    14   |
|          |          tmp_5_fu_1904         |    0    |    0    |    14   |
|          |          tmp_6_fu_2177         |    0    |    0    |    14   |
|          |          tmp_7_fu_2189         |    0    |    0    |    20   |
|          |          tmp_8_fu_2206         |    0    |    0    |    20   |
|          |          tmp_9_fu_2463         |    0    |    0    |    14   |
|          |         phi_ln_fu_2497         |    0    |    0    |    20   |
|          |          tmp_1_fu_2557         |    0    |    0    |    14   |
|----------|--------------------------------|---------|---------|---------|
|          |       select_ln475_fu_682      |    0    |    0    |    3    |
|          |      select_ln475_1_fu_873     |    0    |    0    |    3    |
|          |      select_ln676_fu_1402      |    0    |    0    |    3    |
|          |       usable_2_13_fu_1426      |    0    |    0    |    2    |
|          |       usable_2_14_fu_1433      |    0    |    0    |    2    |
|          |       usable_2_15_fu_1440      |    0    |    0    |    2    |
|          |       usable_2_16_fu_1447      |    0    |    0    |    2    |
|  select  |       usable_2_17_fu_1454      |    0    |    0    |    2    |
|          |      select_ln699_fu_1545      |    0    |    0    |    2    |
|          |      select_ln702_fu_1674      |    0    |    0    |    5    |
|          |      select_ln602_fu_1745      |    0    |    0    |    5    |
|          |     select_ln602_1_fu_1757     |    0    |    0    |    5    |
|          |      select_ln715_fu_1940      |    0    |    0    |    3    |
|          |     select_ln715_1_fu_1953     |    0    |    0    |    3    |
|          |      select_ln717_fu_1964      |    0    |    0    |    64   |
|          |     select_ln717_1_fu_1971     |    0    |    0    |    64   |
|----------|--------------------------------|---------|---------|---------|
|          |        and_ln692_fu_1326       |    0    |    0    |    2    |
|          |       and_ln692_1_fu_1331      |    0    |    0    |    2    |
|          |       and_ln692_2_fu_1342      |    0    |    0    |    2    |
|          |       usable_2_19_fu_1420      |    0    |    0    |    2    |
|          |        and_ln693_fu_1467       |    0    |    0    |    2    |
|          |       and_ln693_1_fu_1472      |    0    |    0    |    2    |
|          |        and_ln699_fu_1559       |    0    |    0    |    2    |
|          |        and_ln710_fu_1786       |    0    |    0    |    2    |
|    and   |       and_ln710_1_fu_1798      |    0    |    0    |    2    |
|          |       and_ln710_2_fu_1810      |    0    |    0    |    2    |
|          |        and_ln720_fu_1996       |    0    |    0    |    2    |
|          |        and_ln719_fu_2238       |    0    |    0    |    2    |
|          |       and_ln719_1_fu_2243      |    0    |    0    |    2    |
|          |       and_ln719_2_fu_2255      |    0    |    0    |    2    |
|          |       and_ln719_3_fu_2260      |    0    |    0    |    2    |
|          |       and_ln719_4_fu_2284      |    0    |    0    |    2    |
|          |       and_ln719_5_fu_2289      |    0    |    0    |    2    |
|----------|--------------------------------|---------|---------|---------|
|          |         or_ln475_fu_670        |    0    |    0    |    2    |
|          |        or_ln475_2_fu_676       |    0    |    0    |    2    |
|          |        or_ln475_1_fu_861       |    0    |    0    |    2    |
|          |        or_ln475_3_fu_867       |    0    |    0    |    2    |
|          |        or_ln692_fu_1336        |    0    |    0    |    2    |
|          |        or_ln693_fu_1461        |    0    |    0    |    2    |
|    or    |        or_ln702_fu_1664        |    0    |    0    |    2    |
|          |        or_ln710_fu_1804        |    0    |    0    |    2    |
|          |        or_ln713_fu_1928        |    0    |    0    |    2    |
|          |        or_ln718_fu_1990        |    0    |    0    |    2    |
|          |        or_ln719_fu_2278        |    0    |    0    |    2    |
|          |        or_ln720_fu_2295        |    0    |    0    |    2    |
|          |       or_ln720_1_fu_2300       |    0    |    0    |    2    |
|          |        or_ln742_fu_2487        |    0    |    0    |    2    |
|----------|--------------------------------|---------|---------|---------|
|    sub   |      precise_age_2_fu_1638     |    0    |    0    |    12   |
|          |        sub_ln602_fu_1765       |    0    |    0    |    12   |
|----------|--------------------------------|---------|---------|---------|
|          |        xor_ln676_fu_1414       |    0    |    0    |    2    |
|    xor   |        xor_ln702_fu_1652       |    0    |    0    |    2    |
|          |        xor_ln713_fu_1916       |    0    |    0    |    2    |
|          |        xor_ln742_fu_2475       |    0    |    0    |    2    |
|----------|--------------------------------|---------|---------|---------|
|          |       zext_ln667_fu_1029       |    0    |    0    |    0    |
|          |      zext_ln667_4_fu_1037      |    0    |    0    |    0    |
|          |      zext_ln667_5_fu_1049      |    0    |    0    |    0    |
|          |      zext_ln667_6_fu_1057      |    0    |    0    |    0    |
|          |      zext_ln667_7_fu_1065      |    0    |    0    |    0    |
|          |      zext_ln667_8_fu_1069      |    0    |    0    |    0    |
|          |       zext_ln668_fu_1085       |    0    |    0    |    0    |
|          |      zext_ln668_4_fu_1093      |    0    |    0    |    0    |
|   zext   |      zext_ln668_5_fu_1105      |    0    |    0    |    0    |
|          |      zext_ln668_6_fu_1113      |    0    |    0    |    0    |
|          |      zext_ln668_7_fu_1121      |    0    |    0    |    0    |
|          |       zext_ln602_fu_1643       |    0    |    0    |    0    |
|          |       zext_ln702_fu_1682       |    0    |    0    |    0    |
|          |      zext_ln602_1_fu_1770      |    0    |    0    |    0    |
|          |       zext_ln712_fu_1880       |    0    |    0    |    0    |
|          |      zext_ln712_1_fu_1884      |    0    |    0    |    0    |
|          |       zext_ln717_fu_1960       |    0    |    0    |    0    |
|----------|--------------------------------|---------|---------|---------|
|          |       trunc_ln602_fu_1635      |    0    |    0    |    0    |
|          |       trunc_ln698_fu_1670      |    0    |    0    |    0    |
|   trunc  |       trunc_ln712_fu_1900      |    0    |    0    |    0    |
|          |       trunc_ln715_fu_2173      |    0    |    0    |    0    |
|          |       trunc_ln745_fu_2493      |    0    |    0    |    0    |
|----------|--------------------------------|---------|---------|---------|
|   Total  |                                |  17.185 |   775   |   3051  |
|----------|--------------------------------|---------|---------|---------|

Memories:
N/A

* Register list:
+-----------------------------------+--------+
|                                   |   FF   |
+-----------------------------------+--------+
|         add_ln691_reg_2900        |    2   |
|         add_ln698_reg_2959        |    2   |
|         add_ln714_reg_3206        |   64   |
|         and_ln699_reg_2964        |    1   |
|         and_ln720_reg_3162        |    1   |
|       conflict_seen_reg_3052      |    1   |
|           i_15_reg_2804           |    2   |
|           i_16_reg_2817           |    2   |
|           i_17_reg_2905           |    2   |
|           i_18_reg_2995           |    2   |
|           i_19_reg_3045           |    2   |
|           i_20_reg_3176           |    2   |
|           i_26_reg_2865           |    2   |
|             i_reg_2679            |    2   |
|       icmp_ln715_2_reg_3132       |    1   |
|       icmp_ln718_1_reg_3152       |    1   |
|        icmp_ln718_reg_3147        |    1   |
|       indvars_iv50_reg_3038       |    3   |
|             j_reg_426             |   64   |
|         or_ln713_reg_3128         |    1   |
|         or_ln718_reg_3157         |    1   |
|          output_reg_3183          |    8   |
|        phi_ln675_1_reg_2929       |    8   |
|        phi_ln675_2_reg_2934       |    8   |
|        phi_ln675_3_reg_2939       |    8   |
|        phi_ln675_4_reg_2944       |   32   |
|        phi_ln675_5_reg_390        |    1   |
|         phi_ln675_reg_374         |    1   |
|        phi_ln699_1_reg_2969       |    8   |
|        phi_ln699_2_reg_2975       |    8   |
|        phi_ln699_3_reg_2980       |    8   |
|        phi_ln699_4_reg_2986       |   32   |
|ports_uop_branch_br_mask_1_reg_2698|    8   |
|ports_uop_branch_br_mask_2_reg_2754|    8   |
| ports_uop_queue_rob_idx_1_reg_2703|    5   |
| ports_uop_queue_rob_idx_2_reg_2759|    5   |
|  ports_uop_rename_pdst_2_reg_2776 |    3   |
|       ports_valid_1_reg_346       |    1   |
|       ports_valid_2_reg_360       |    1   |
|       ports_value_1_reg_2736      |   64   |
|       ports_value_2_reg_2792      |   64   |
|    ports_writes_prf_1_reg_2731    |    1   |
|    ports_writes_prf_2_reg_2787    |    1   |
|        precise_age_reg_2912       |    8   |
|   precise_valid_load_1_reg_2991   |    1   |
|       precise_valid_reg_2919      |    1   |
|     rejected_1_0_load_reg_2869    |    1   |
|       rejected_1_0_reg_2824       |    1   |
|       rejected_1_5_reg_3061       |    1   |
|     rejected_2_0_load_reg_2874    |    1   |
|       rejected_2_0_reg_2831       |    1   |
|       rejected_2_5_reg_3070       |    1   |
|      select_ln717_1_reg_3142      |   64   |
|            tmp_reg_2949           |    1   |
|        trunc_ln712_reg_3123       |    2   |
|       usable_0_9_ph_reg_399       |    1   |
|        usable_1_5_reg_3009        |    1   |
|       usable_1_9_ph_reg_408       |    1   |
|        usable_1_9_reg_3090        |    1   |
|        usable_2_10_reg_2891       |    1   |
|        usable_2_18_reg_3101       |    1   |
|      usable_2_1_load_reg_2879     |    1   |
|        usable_2_1_reg_2838        |    1   |
|      usable_2_3_load_reg_2885     |    1   |
|        usable_2_3_reg_2847        |    1   |
|        usable_2_4_reg_3016        |    1   |
|        usable_2_5_reg_3002        |    1   |
|       usable_2_9_ph_reg_417       |    1   |
|        usable_2_9_reg_3079        |    1   |
|         usable_2_reg_2856         |    1   |
|       zext_ln667_4_reg_2692       |    8   |
|       zext_ln667_5_reg_2708       |    8   |
|       zext_ln667_6_reg_2714       |   32   |
|       zext_ln667_7_reg_2720       |    8   |
|       zext_ln667_8_reg_2725       |    3   |
|        zext_ln667_reg_2686        |    8   |
|       zext_ln668_4_reg_2748       |    8   |
|       zext_ln668_5_reg_2764       |    8   |
|       zext_ln668_6_reg_2770       |   32   |
|       zext_ln668_7_reg_2782       |    8   |
|        zext_ln668_reg_2742        |    8   |
|        zext_ln712_reg_3115        |   64   |
|        zext_ln717_reg_3137        |    8   |
+-----------------------------------+--------+
|               Total               |   743  |
+-----------------------------------+--------+

* Multiplexer (MUX) list: 
|--------------------------------|------|------|------|--------||---------||---------|
|              Comp              |  Pin | Size |  BW  | S x BW ||  Delay  ||   LUT   |
|--------------------------------|------|------|------|--------||---------||---------|
|        phi_ln675_reg_374       |  p0  |   2  |   1  |    2   ||    9    |
| grp_completion_is_valid_fu_435 |  p1  |   3  |   1  |    3   ||    14   |
| grp_completion_is_valid_fu_435 |  p2  |   4  |   8  |   32   ||    20   |
| grp_completion_is_valid_fu_435 |  p3  |   4  |   8  |   32   ||    20   |
| grp_completion_is_valid_fu_435 |  p4  |   4  |   8  |   32   ||    20   |
| grp_completion_is_valid_fu_435 |  p5  |   4  |  32  |   128  ||    20   |
|--------------------------------|------|------|------|--------||---------||---------|
|              Total             |      |      |      |   229  ||  3.003  ||   103   |
|--------------------------------|------|------|------|--------||---------||---------|



* Summary:
+-----------+--------+--------+--------+
|           |  Delay |   FF   |   LUT  |
+-----------+--------+--------+--------+
|  Function |   17   |   775  |  3051  |
|   Memory  |    -   |    -   |    -   |
|Multiplexer|    3   |    -   |   103  |
|  Register |    -   |   743  |    -   |
+-----------+--------+--------+--------+
|   Total   |   20   |  1518  |  3154  |
+-----------+--------+--------+--------+
