

================================================================
== Vitis HLS Report for 'service_pending'
================================================================
* Date:           Mon Aug  3 11:23:52 2026

* Version:        2021.2 (Build 3367213 on Tue Oct 19 02:47:39 MDT 2021)
* Project:        synth_completion_top
* Solution:       solution_w4c_csynth (Vivado IP Flow Target)
* Product family: zynquplus
* Target device:  xczu7ev-ffvc1156-2-e


================================================================
== Performance Estimates
================================================================
+ Timing: 
    * Summary: 
    +--------+----------+----------+------------+
    |  Clock |  Target  | Estimated| Uncertainty|
    +--------+----------+----------+------------+
    |ap_clk  |  10.00 ns|  6.443 ns|     2.70 ns|
    +--------+----------+----------+------------+

+ Latency: 
    * Summary: 
    +---------+---------+----------+----------+-----+-----+---------+
    |  Latency (cycles) |  Latency (absolute) |  Interval | Pipeline|
    |   min   |   max   |    min   |    max   | min | max |   Type  |
    +---------+---------+----------+----------+-----+-----+---------+
    |       14|      485|  0.140 us|  4.850 us|   14|  485|       no|
    +---------+---------+----------+----------+-----+-----+---------+

    + Detail: 
        * Instance: 
        +----------------------------------+-----------------------+---------+---------+-----------+-----------+-----+-----+---------+
        |                                  |                       |  Latency (cycles) |   Latency (absolute)  |  Interval | Pipeline|
        |             Instance             |         Module        |   min   |   max   |    min    |    max    | min | max |   Type  |
        +----------------------------------+-----------------------+---------+---------+-----------+-----------+-----+-----+---------+
        |grp_completion_is_valid_fu_378    |completion_is_valid    |        1|        1|  10.000 ns|  10.000 ns|    1|    1|       no|
        |grp_branch_complete_event_fu_409  |branch_complete_event  |        3|      135|  30.000 ns|   1.350 us|    3|  135|       no|
        +----------------------------------+-----------------------+---------+---------+-----------+-----------+-----+-----+---------+

        * Loop: 
        +-------------------------+---------+---------+----------+-----------+-----------+-------+----------+
        |                         |  Latency (cycles) | Iteration|  Initiation Interval  |  Trip |          |
        |        Loop Name        |   min   |   max   |  Latency |  achieved |   target  | Count | Pipelined|
        +-------------------------+---------+---------+----------+-----------+-----------+-------+----------+
        |- SERVICE_FIXED_PENDING  |       13|      483|  13 ~ 158|          -|          -|  1 ~ 3|        no|
        +-------------------------+---------+---------+----------+-----------+-----------+-------+----------+

============================================================
+ Verbose Summary: Synthesis Manager
============================================================
InlineROM: 1
ExposeGlobal: 0
============================================================
+ Verbose Summary: CDFG Model
============================================================
IsTopModel: 0
ResetActiveHigh: 1
IsCombinational: 0
IsDatapathOnly: 0
HasWiredReturn: 1
HasMFsm: 0
HasVarLatency: 1
IsPipeline: 0
IsRtlPipelined: 0
IsInstanceOverlapped: 0
IsDontTouch: 0
HasImplIP: 0
IsGatedGlobalClock: 0


============================================================
+ Verbose Summary: Schedule
============================================================
* Number of FSM states : 25
* Pipeline : 0
* Dataflow Pipeline: 0

* FSM state transitions: 
1 --> 2 
2 --> 11 3 
3 --> 4 6 
4 --> 5 
5 --> 6 
6 --> 7 
7 --> 8 
8 --> 9 
9 --> 10 
10 --> 11 
11 --> 12 
12 --> 18 13 19 21 
13 --> 18 14 
14 --> 15 
15 --> 16 
16 --> 17 
17 --> 18 
18 --> 2 
19 --> 18 20 
20 --> 18 
21 --> 18 22 
22 --> 23 
23 --> 24 
24 --> 25 
25 --> 18 

* FSM state operations: 

State 1 <SV = 0> <Delay = 0.42>
ST_1 : Operation 26 [1/1] (0.00ns)   --->   "%service = alloca i32 1"   --->   Operation 26 'alloca' 'service' <Predicate = true> <Delay = 0.00>
ST_1 : Operation 27 [1/1] (0.00ns)   --->   "%prf_used = alloca i32 1"   --->   Operation 27 'alloca' 'prf_used' <Predicate = true> <Delay = 0.00>
ST_1 : Operation 28 [1/1] (0.42ns)   --->   "%store_ln909 = store i1 0, i1 %prf_used" [/home/lab_726/boom/hls_boom/src/boom_core_merged.cpp:909]   --->   Operation 28 'store' 'store_ln909' <Predicate = true> <Delay = 0.42>
ST_1 : Operation 29 [1/1] (0.42ns)   --->   "%store_ln909 = store i2 0, i2 %service" [/home/lab_726/boom/hls_boom/src/boom_core_merged.cpp:909]   --->   Operation 29 'store' 'store_ln909' <Predicate = true> <Delay = 0.42>
ST_1 : Operation 30 [1/1] (0.00ns)   --->   "%br_ln909 = br void" [/home/lab_726/boom/hls_boom/src/boom_core_merged.cpp:909]   --->   Operation 30 'br' 'br_ln909' <Predicate = true> <Delay = 0.00>

State 2 <SV = 1> <Delay = 5.02>
ST_2 : Operation 31 [1/1] (0.00ns)   --->   "%service_1 = load i2 %service" [/home/lab_726/boom/hls_boom/src/boom_core_merged.cpp:909]   --->   Operation 31 'load' 'service_1' <Predicate = true> <Delay = 0.00>
ST_2 : Operation 32 [1/1] (0.44ns)   --->   "%icmp_ln909 = icmp_eq  i2 %service_1, i2 3" [/home/lab_726/boom/hls_boom/src/boom_core_merged.cpp:909]   --->   Operation 32 'icmp' 'icmp_ln909' <Predicate = true> <Delay = 0.44> <CoreInst = "Cmp">   --->   Core 9 'Cmp' <Latency = 0> <II = 1> <Delay = 0.58> <FuncUnit> <Opcode : 'icmp'> <InPorts = 2> <OutPorts = 1>
ST_2 : Operation 33 [1/1] (0.00ns)   --->   "%empty = speclooptripcount i32 @_ssdm_op_SpecLoopTripCount, i64 1, i64 3, i64 2"   --->   Operation 33 'speclooptripcount' 'empty' <Predicate = true> <Delay = 0.00>
ST_2 : Operation 34 [1/1] (0.54ns)   --->   "%service_2 = add i2 %service_1, i2 1" [/home/lab_726/boom/hls_boom/src/boom_core_merged.cpp:909]   --->   Operation 34 'add' 'service_2' <Predicate = true> <Delay = 0.54> <CoreInst = "Adder">   --->   Core 1 'Adder' <Latency = 0> <II = 1> <Delay = 1.08> <FuncUnit> <Opcode : 'add' 'sub'> <InPorts = 2> <OutPorts = 1>
ST_2 : Operation 35 [1/1] (0.00ns)   --->   "%br_ln909 = br i1 %icmp_ln909, void %.split4, void %.loopexit" [/home/lab_726/boom/hls_boom/src/boom_core_merged.cpp:909]   --->   Operation 35 'br' 'br_ln909' <Predicate = true> <Delay = 0.00>
ST_2 : Operation 36 [1/1] (0.00ns)   --->   "%specloopname_ln909 = specloopname void @_ssdm_op_SpecLoopName, void @empty_25" [/home/lab_726/boom/hls_boom/src/boom_core_merged.cpp:909]   --->   Operation 36 'specloopname' 'specloopname_ln909' <Predicate = (!icmp_ln909)> <Delay = 0.00>
ST_2 : Operation 37 [1/1] (0.00ns)   --->   "%state_completion_mem_execute_valid_load = load i1 %state_completion_mem_execute_valid" [/home/lab_726/boom/hls_boom/src/boom_core_merged.cpp:832]   --->   Operation 37 'load' 'state_completion_mem_execute_valid_load' <Predicate = (!icmp_ln909)> <Delay = 0.00>
ST_2 : Operation 38 [1/1] (0.00ns)   --->   "%br_ln832 = br i1 %state_completion_mem_execute_valid_load, void %._crit_edge20, void" [/home/lab_726/boom/hls_boom/src/boom_core_merged.cpp:832]   --->   Operation 38 'br' 'br_ln832' <Predicate = (!icmp_ln909)> <Delay = 0.00>
ST_2 : Operation 39 [1/1] (0.00ns)   --->   "%state_completion_mem_execute_kind_load_1 = load i3 %state_completion_mem_execute_kind" [/home/lab_726/boom/hls_boom/src/boom_core_merged.cpp:833]   --->   Operation 39 'load' 'state_completion_mem_execute_kind_load_1' <Predicate = (!icmp_ln909 & state_completion_mem_execute_valid_load)> <Delay = 0.00>
ST_2 : Operation 40 [1/1] (0.00ns)   --->   "%zext_ln833 = zext i3 %state_completion_mem_execute_kind_load_1" [/home/lab_726/boom/hls_boom/src/boom_core_merged.cpp:833]   --->   Operation 40 'zext' 'zext_ln833' <Predicate = (!icmp_ln909 & state_completion_mem_execute_valid_load)> <Delay = 0.00>
ST_2 : Operation 41 [1/1] (0.00ns)   --->   "%state_completion_mem_execute_source_load_1 = load i1 %state_completion_mem_execute_source" [/home/lab_726/boom/hls_boom/src/boom_core_merged.cpp:833]   --->   Operation 41 'load' 'state_completion_mem_execute_source_load_1' <Predicate = (!icmp_ln909 & state_completion_mem_execute_valid_load)> <Delay = 0.00>
ST_2 : Operation 42 [1/1] (0.00ns)   --->   "%zext_ln833_1 = zext i1 %state_completion_mem_execute_source_load_1" [/home/lab_726/boom/hls_boom/src/boom_core_merged.cpp:833]   --->   Operation 42 'zext' 'zext_ln833_1' <Predicate = (!icmp_ln909 & state_completion_mem_execute_valid_load)> <Delay = 0.00>
ST_2 : Operation 43 [1/1] (0.00ns)   --->   "%state_completion_mem_execute_uop_queue_rob_idx_load = load i5 %state_completion_mem_execute_uop_queue_rob_idx" [/home/lab_726/boom/hls_boom/src/boom_core_merged.cpp:833]   --->   Operation 43 'load' 'state_completion_mem_execute_uop_queue_rob_idx_load' <Predicate = (!icmp_ln909 & state_completion_mem_execute_valid_load)> <Delay = 0.00>
ST_2 : Operation 44 [1/1] (0.00ns)   --->   "%zext_ln833_2 = zext i5 %state_completion_mem_execute_uop_queue_rob_idx_load" [/home/lab_726/boom/hls_boom/src/boom_core_merged.cpp:833]   --->   Operation 44 'zext' 'zext_ln833_2' <Predicate = (!icmp_ln909 & state_completion_mem_execute_valid_load)> <Delay = 0.00>
ST_2 : Operation 45 [1/1] (0.00ns)   --->   "%state_completion_mem_execute_uop_queue_rob_allocation_id_load_1 = load i2 %state_completion_mem_execute_uop_queue_rob_allocation_id" [/home/lab_726/boom/hls_boom/src/boom_core_merged.cpp:833]   --->   Operation 45 'load' 'state_completion_mem_execute_uop_queue_rob_allocation_id_load_1' <Predicate = (!icmp_ln909 & state_completion_mem_execute_valid_load)> <Delay = 0.00>
ST_2 : Operation 46 [1/1] (0.00ns)   --->   "%zext_ln833_3 = zext i2 %state_completion_mem_execute_uop_queue_rob_allocation_id_load_1" [/home/lab_726/boom/hls_boom/src/boom_core_merged.cpp:833]   --->   Operation 46 'zext' 'zext_ln833_3' <Predicate = (!icmp_ln909 & state_completion_mem_execute_valid_load)> <Delay = 0.00>
ST_2 : Operation 47 [2/2] (4.58ns)   --->   "%tmp_1 = call i1 @completion_is_valid, i1 1, i8 %zext_ln833, i8 %zext_ln833_1, i8 %zext_ln833_2, i32 %zext_ln833_3, i1 %state_rob_entries_valid, i2 %state_rob_entries_uop_queue_rob_allocation_id, i1 %state_rob_entries_busy, i1 %state_rob_entries_memory_valid, i1 %state_rob_entries_memory_completed, i1 %state_rob_entries_is_load, i1 %state_rob_entries_memory_request_sent, i1 %state_rob_entries_memory_transaction_id" [/home/lab_726/boom/hls_boom/src/boom_core_merged.cpp:833]   --->   Operation 47 'call' 'tmp_1' <Predicate = (!icmp_ln909 & state_completion_mem_execute_valid_load)> <Delay = 4.58> <CoreType = "Generic">   --->   Core 0 '' <Latency = 0> <II = 1> <Delay = 1.00> <Generic> <Opcode : >

State 3 <SV = 2> <Delay = 4.53>
ST_3 : Operation 48 [1/2] (4.53ns)   --->   "%tmp_1 = call i1 @completion_is_valid, i1 1, i8 %zext_ln833, i8 %zext_ln833_1, i8 %zext_ln833_2, i32 %zext_ln833_3, i1 %state_rob_entries_valid, i2 %state_rob_entries_uop_queue_rob_allocation_id, i1 %state_rob_entries_busy, i1 %state_rob_entries_memory_valid, i1 %state_rob_entries_memory_completed, i1 %state_rob_entries_is_load, i1 %state_rob_entries_memory_request_sent, i1 %state_rob_entries_memory_transaction_id" [/home/lab_726/boom/hls_boom/src/boom_core_merged.cpp:833]   --->   Operation 48 'call' 'tmp_1' <Predicate = (state_completion_mem_execute_valid_load)> <Delay = 4.53> <CoreType = "Generic">   --->   Core 0 '' <Latency = 0> <II = 1> <Delay = 1.00> <Generic> <Opcode : >
ST_3 : Operation 49 [1/1] (0.00ns)   --->   "%br_ln832 = br i1 %tmp_1, void, void %._crit_edge20" [/home/lab_726/boom/hls_boom/src/boom_core_merged.cpp:832]   --->   Operation 49 'br' 'br_ln832' <Predicate = (state_completion_mem_execute_valid_load)> <Delay = 0.00>
ST_3 : Operation 50 [1/1] (0.00ns)   --->   "%store_ln834 = store i1 0, i1 %state_completion_mem_execute_valid" [/home/lab_726/boom/hls_boom/src/boom_core_merged.cpp:834]   --->   Operation 50 'store' 'store_ln834' <Predicate = (state_completion_mem_execute_valid_load & !tmp_1)> <Delay = 0.00>
ST_3 : Operation 51 [1/1] (0.00ns)   --->   "%store_ln834 = store i3 0, i3 %state_completion_mem_execute_kind" [/home/lab_726/boom/hls_boom/src/boom_core_merged.cpp:834]   --->   Operation 51 'store' 'store_ln834' <Predicate = (state_completion_mem_execute_valid_load & !tmp_1)> <Delay = 0.00>
ST_3 : Operation 52 [1/1] (0.00ns)   --->   "%store_ln834 = store i1 0, i1 %state_completion_mem_execute_source" [/home/lab_726/boom/hls_boom/src/boom_core_merged.cpp:834]   --->   Operation 52 'store' 'store_ln834' <Predicate = (state_completion_mem_execute_valid_load & !tmp_1)> <Delay = 0.00>
ST_3 : Operation 53 [1/1] (0.00ns)   --->   "%store_ln834 = store i8 0, i8 %state_completion_mem_execute_uop_branch_br_mask" [/home/lab_726/boom/hls_boom/src/boom_core_merged.cpp:834]   --->   Operation 53 'store' 'store_ln834' <Predicate = (state_completion_mem_execute_valid_load & !tmp_1)> <Delay = 0.00>
ST_3 : Operation 54 [1/1] (0.00ns)   --->   "%store_ln834 = store i1 0, i1 %state_completion_mem_execute_uop_branch_br_tag" [/home/lab_726/boom/hls_boom/src/boom_core_merged.cpp:834]   --->   Operation 54 'store' 'store_ln834' <Predicate = (state_completion_mem_execute_valid_load & !tmp_1)> <Delay = 0.00>
ST_3 : Operation 55 [1/1] (0.00ns)   --->   "%store_ln834 = store i5 0, i5 %state_completion_mem_execute_uop_queue_rob_idx" [/home/lab_726/boom/hls_boom/src/boom_core_merged.cpp:834]   --->   Operation 55 'store' 'store_ln834' <Predicate = (state_completion_mem_execute_valid_load & !tmp_1)> <Delay = 0.00>
ST_3 : Operation 56 [1/1] (0.00ns)   --->   "%store_ln834 = store i2 0, i2 %state_completion_mem_execute_uop_queue_rob_allocation_id" [/home/lab_726/boom/hls_boom/src/boom_core_merged.cpp:834]   --->   Operation 56 'store' 'store_ln834' <Predicate = (state_completion_mem_execute_valid_load & !tmp_1)> <Delay = 0.00>
ST_3 : Operation 57 [1/1] (0.00ns)   --->   "%store_ln834 = store i2 0, i2 %state_completion_mem_execute_uop_rename_pdst" [/home/lab_726/boom/hls_boom/src/boom_core_merged.cpp:834]   --->   Operation 57 'store' 'store_ln834' <Predicate = (state_completion_mem_execute_valid_load & !tmp_1)> <Delay = 0.00>
ST_3 : Operation 58 [1/1] (0.00ns)   --->   "%store_ln834 = store i1 0, i1 %state_completion_mem_execute_writes_prf" [/home/lab_726/boom/hls_boom/src/boom_core_merged.cpp:834]   --->   Operation 58 'store' 'store_ln834' <Predicate = (state_completion_mem_execute_valid_load & !tmp_1)> <Delay = 0.00>
ST_3 : Operation 59 [1/1] (0.00ns)   --->   "%store_ln834 = store i64 0, i64 %state_completion_mem_execute_value" [/home/lab_726/boom/hls_boom/src/boom_core_merged.cpp:834]   --->   Operation 59 'store' 'store_ln834' <Predicate = (state_completion_mem_execute_valid_load & !tmp_1)> <Delay = 0.00>
ST_3 : Operation 60 [1/1] (0.00ns)   --->   "%br_ln834 = br void %._crit_edge20" [/home/lab_726/boom/hls_boom/src/boom_core_merged.cpp:834]   --->   Operation 60 'br' 'br_ln834' <Predicate = (state_completion_mem_execute_valid_load & !tmp_1)> <Delay = 0.00>
ST_3 : Operation 61 [1/1] (0.00ns)   --->   "%state_completion_int_execute_valid_load = load i1 %state_completion_int_execute_valid" [/home/lab_726/boom/hls_boom/src/boom_core_merged.cpp:835]   --->   Operation 61 'load' 'state_completion_int_execute_valid_load' <Predicate = true> <Delay = 0.00>
ST_3 : Operation 62 [1/1] (0.00ns)   --->   "%br_ln835 = br i1 %state_completion_int_execute_valid_load, void %_ZN4boomL23discard_invalid_pendingER13BoomCoreState.exit, void" [/home/lab_726/boom/hls_boom/src/boom_core_merged.cpp:835]   --->   Operation 62 'br' 'br_ln835' <Predicate = true> <Delay = 0.00>

State 4 <SV = 3> <Delay = 4.58>
ST_4 : Operation 63 [1/1] (0.00ns)   --->   "%state_completion_int_execute_kind_load_1 = load i3 %state_completion_int_execute_kind" [/home/lab_726/boom/hls_boom/src/boom_core_merged.cpp:836]   --->   Operation 63 'load' 'state_completion_int_execute_kind_load_1' <Predicate = true> <Delay = 0.00>
ST_4 : Operation 64 [1/1] (0.00ns)   --->   "%zext_ln836 = zext i3 %state_completion_int_execute_kind_load_1" [/home/lab_726/boom/hls_boom/src/boom_core_merged.cpp:836]   --->   Operation 64 'zext' 'zext_ln836' <Predicate = true> <Delay = 0.00>
ST_4 : Operation 65 [1/1] (0.00ns)   --->   "%state_completion_int_execute_source_load_1 = load i2 %state_completion_int_execute_source" [/home/lab_726/boom/hls_boom/src/boom_core_merged.cpp:836]   --->   Operation 65 'load' 'state_completion_int_execute_source_load_1' <Predicate = true> <Delay = 0.00>
ST_4 : Operation 66 [1/1] (0.00ns)   --->   "%zext_ln836_1 = zext i2 %state_completion_int_execute_source_load_1" [/home/lab_726/boom/hls_boom/src/boom_core_merged.cpp:836]   --->   Operation 66 'zext' 'zext_ln836_1' <Predicate = true> <Delay = 0.00>
ST_4 : Operation 67 [1/1] (0.00ns)   --->   "%state_completion_int_execute_uop_queue_rob_idx_load = load i5 %state_completion_int_execute_uop_queue_rob_idx" [/home/lab_726/boom/hls_boom/src/boom_core_merged.cpp:836]   --->   Operation 67 'load' 'state_completion_int_execute_uop_queue_rob_idx_load' <Predicate = true> <Delay = 0.00>
ST_4 : Operation 68 [1/1] (0.00ns)   --->   "%zext_ln836_2 = zext i5 %state_completion_int_execute_uop_queue_rob_idx_load" [/home/lab_726/boom/hls_boom/src/boom_core_merged.cpp:836]   --->   Operation 68 'zext' 'zext_ln836_2' <Predicate = true> <Delay = 0.00>
ST_4 : Operation 69 [1/1] (0.00ns)   --->   "%state_completion_int_execute_uop_queue_rob_allocation_id_load_1 = load i2 %state_completion_int_execute_uop_queue_rob_allocation_id" [/home/lab_726/boom/hls_boom/src/boom_core_merged.cpp:836]   --->   Operation 69 'load' 'state_completion_int_execute_uop_queue_rob_allocation_id_load_1' <Predicate = true> <Delay = 0.00>
ST_4 : Operation 70 [1/1] (0.00ns)   --->   "%zext_ln836_3 = zext i2 %state_completion_int_execute_uop_queue_rob_allocation_id_load_1" [/home/lab_726/boom/hls_boom/src/boom_core_merged.cpp:836]   --->   Operation 70 'zext' 'zext_ln836_3' <Predicate = true> <Delay = 0.00>
ST_4 : Operation 71 [2/2] (4.58ns)   --->   "%tmp_2 = call i1 @completion_is_valid, i1 1, i8 %zext_ln836, i8 %zext_ln836_1, i8 %zext_ln836_2, i32 %zext_ln836_3, i1 %state_rob_entries_valid, i2 %state_rob_entries_uop_queue_rob_allocation_id, i1 %state_rob_entries_busy, i1 %state_rob_entries_memory_valid, i1 %state_rob_entries_memory_completed, i1 %state_rob_entries_is_load, i1 %state_rob_entries_memory_request_sent, i1 %state_rob_entries_memory_transaction_id" [/home/lab_726/boom/hls_boom/src/boom_core_merged.cpp:836]   --->   Operation 71 'call' 'tmp_2' <Predicate = true> <Delay = 4.58> <CoreType = "Generic">   --->   Core 0 '' <Latency = 0> <II = 1> <Delay = 1.00> <Generic> <Opcode : >

State 5 <SV = 4> <Delay = 4.53>
ST_5 : Operation 72 [1/2] (4.53ns)   --->   "%tmp_2 = call i1 @completion_is_valid, i1 1, i8 %zext_ln836, i8 %zext_ln836_1, i8 %zext_ln836_2, i32 %zext_ln836_3, i1 %state_rob_entries_valid, i2 %state_rob_entries_uop_queue_rob_allocation_id, i1 %state_rob_entries_busy, i1 %state_rob_entries_memory_valid, i1 %state_rob_entries_memory_completed, i1 %state_rob_entries_is_load, i1 %state_rob_entries_memory_request_sent, i1 %state_rob_entries_memory_transaction_id" [/home/lab_726/boom/hls_boom/src/boom_core_merged.cpp:836]   --->   Operation 72 'call' 'tmp_2' <Predicate = true> <Delay = 4.53> <CoreType = "Generic">   --->   Core 0 '' <Latency = 0> <II = 1> <Delay = 1.00> <Generic> <Opcode : >
ST_5 : Operation 73 [1/1] (0.00ns)   --->   "%br_ln835 = br i1 %tmp_2, void, void %_ZN4boomL23discard_invalid_pendingER13BoomCoreState.exit" [/home/lab_726/boom/hls_boom/src/boom_core_merged.cpp:835]   --->   Operation 73 'br' 'br_ln835' <Predicate = true> <Delay = 0.00>
ST_5 : Operation 74 [1/1] (0.00ns)   --->   "%store_ln837 = store i1 0, i1 %state_completion_int_execute_valid" [/home/lab_726/boom/hls_boom/src/boom_core_merged.cpp:837]   --->   Operation 74 'store' 'store_ln837' <Predicate = (!tmp_2)> <Delay = 0.00>
ST_5 : Operation 75 [1/1] (0.00ns)   --->   "%store_ln837 = store i3 0, i3 %state_completion_int_execute_kind" [/home/lab_726/boom/hls_boom/src/boom_core_merged.cpp:837]   --->   Operation 75 'store' 'store_ln837' <Predicate = (!tmp_2)> <Delay = 0.00>
ST_5 : Operation 76 [1/1] (0.00ns)   --->   "%store_ln837 = store i2 0, i2 %state_completion_int_execute_source" [/home/lab_726/boom/hls_boom/src/boom_core_merged.cpp:837]   --->   Operation 76 'store' 'store_ln837' <Predicate = (!tmp_2)> <Delay = 0.00>
ST_5 : Operation 77 [1/1] (0.00ns)   --->   "%store_ln837 = store i8 0, i8 %state_completion_int_execute_uop_branch_br_mask" [/home/lab_726/boom/hls_boom/src/boom_core_merged.cpp:837]   --->   Operation 77 'store' 'store_ln837' <Predicate = (!tmp_2)> <Delay = 0.00>
ST_5 : Operation 78 [1/1] (0.00ns)   --->   "%store_ln837 = store i1 0, i1 %state_completion_int_execute_uop_branch_br_tag" [/home/lab_726/boom/hls_boom/src/boom_core_merged.cpp:837]   --->   Operation 78 'store' 'store_ln837' <Predicate = (!tmp_2)> <Delay = 0.00>
ST_5 : Operation 79 [1/1] (0.00ns)   --->   "%store_ln837 = store i5 0, i5 %state_completion_int_execute_uop_queue_rob_idx" [/home/lab_726/boom/hls_boom/src/boom_core_merged.cpp:837]   --->   Operation 79 'store' 'store_ln837' <Predicate = (!tmp_2)> <Delay = 0.00>
ST_5 : Operation 80 [1/1] (0.00ns)   --->   "%store_ln837 = store i2 0, i2 %state_completion_int_execute_uop_queue_rob_allocation_id" [/home/lab_726/boom/hls_boom/src/boom_core_merged.cpp:837]   --->   Operation 80 'store' 'store_ln837' <Predicate = (!tmp_2)> <Delay = 0.00>
ST_5 : Operation 81 [1/1] (0.00ns)   --->   "%store_ln837 = store i3 0, i3 %state_completion_int_execute_uop_rename_pdst" [/home/lab_726/boom/hls_boom/src/boom_core_merged.cpp:837]   --->   Operation 81 'store' 'store_ln837' <Predicate = (!tmp_2)> <Delay = 0.00>
ST_5 : Operation 82 [1/1] (0.00ns)   --->   "%store_ln837 = store i1 0, i1 %state_completion_int_execute_writes_prf" [/home/lab_726/boom/hls_boom/src/boom_core_merged.cpp:837]   --->   Operation 82 'store' 'store_ln837' <Predicate = (!tmp_2)> <Delay = 0.00>
ST_5 : Operation 83 [1/1] (0.00ns)   --->   "%store_ln837 = store i64 0, i64 %state_completion_int_execute_value" [/home/lab_726/boom/hls_boom/src/boom_core_merged.cpp:837]   --->   Operation 83 'store' 'store_ln837' <Predicate = (!tmp_2)> <Delay = 0.00>
ST_5 : Operation 84 [1/1] (0.00ns)   --->   "%br_ln837 = br void %_ZN4boomL23discard_invalid_pendingER13BoomCoreState.exit" [/home/lab_726/boom/hls_boom/src/boom_core_merged.cpp:837]   --->   Operation 84 'br' 'br_ln837' <Predicate = (!tmp_2)> <Delay = 0.00>

State 6 <SV = 5> <Delay = 4.58>
ST_6 : Operation 85 [2/2] (4.58ns)   --->   "%load_any = call i1 @completion_is_valid, i1 0, i8 0, i8 0, i8 0, i32 0, i1 %state_rob_entries_valid, i2 %state_rob_entries_uop_queue_rob_allocation_id, i1 %state_rob_entries_busy, i1 %state_rob_entries_memory_valid, i1 %state_rob_entries_memory_completed, i1 %state_rob_entries_is_load, i1 %state_rob_entries_memory_request_sent, i1 %state_rob_entries_memory_transaction_id" [/home/lab_726/boom/hls_boom/src/boom_core_merged.cpp:853]   --->   Operation 85 'call' 'load_any' <Predicate = true> <Delay = 4.58> <CoreType = "Generic">   --->   Core 0 '' <Latency = 0> <II = 1> <Delay = 1.00> <Generic> <Opcode : >

State 7 <SV = 6> <Delay = 4.53>
ST_7 : Operation 86 [1/2] (4.53ns)   --->   "%load_any = call i1 @completion_is_valid, i1 0, i8 0, i8 0, i8 0, i32 0, i1 %state_rob_entries_valid, i2 %state_rob_entries_uop_queue_rob_allocation_id, i1 %state_rob_entries_busy, i1 %state_rob_entries_memory_valid, i1 %state_rob_entries_memory_completed, i1 %state_rob_entries_is_load, i1 %state_rob_entries_memory_request_sent, i1 %state_rob_entries_memory_transaction_id" [/home/lab_726/boom/hls_boom/src/boom_core_merged.cpp:853]   --->   Operation 86 'call' 'load_any' <Predicate = true> <Delay = 4.53> <CoreType = "Generic">   --->   Core 0 '' <Latency = 0> <II = 1> <Delay = 1.00> <Generic> <Opcode : >

State 8 <SV = 7> <Delay = 4.58>
ST_8 : Operation 87 [1/1] (0.00ns)   --->   "%state_completion_mem_execute_valid_load_1 = load i1 %state_completion_mem_execute_valid" [/home/lab_726/boom/hls_boom/src/boom_core_merged.cpp:667]   --->   Operation 87 'load' 'state_completion_mem_execute_valid_load_1' <Predicate = true> <Delay = 0.00>
ST_8 : Operation 88 [1/1] (0.00ns)   --->   "%state_completion_mem_execute_kind_load = load i3 %state_completion_mem_execute_kind" [/home/lab_726/boom/hls_boom/src/boom_core_merged.cpp:667]   --->   Operation 88 'load' 'state_completion_mem_execute_kind_load' <Predicate = true> <Delay = 0.00>
ST_8 : Operation 89 [1/1] (0.00ns)   --->   "%zext_ln667 = zext i3 %state_completion_mem_execute_kind_load" [/home/lab_726/boom/hls_boom/src/boom_core_merged.cpp:667]   --->   Operation 89 'zext' 'zext_ln667' <Predicate = true> <Delay = 0.00>
ST_8 : Operation 90 [1/1] (0.00ns)   --->   "%state_completion_mem_execute_source_load = load i1 %state_completion_mem_execute_source" [/home/lab_726/boom/hls_boom/src/boom_core_merged.cpp:667]   --->   Operation 90 'load' 'state_completion_mem_execute_source_load' <Predicate = true> <Delay = 0.00>
ST_8 : Operation 91 [1/1] (0.00ns)   --->   "%zext_ln667_1 = zext i1 %state_completion_mem_execute_source_load" [/home/lab_726/boom/hls_boom/src/boom_core_merged.cpp:667]   --->   Operation 91 'zext' 'zext_ln667_1' <Predicate = true> <Delay = 0.00>
ST_8 : Operation 92 [1/1] (0.00ns)   --->   "%index_1 = load i5 %state_completion_mem_execute_uop_queue_rob_idx" [/home/lab_726/boom/hls_boom/src/boom_core_merged.cpp:667]   --->   Operation 92 'load' 'index_1' <Predicate = true> <Delay = 0.00>
ST_8 : Operation 93 [1/1] (0.00ns)   --->   "%zext_ln667_2 = zext i5 %index_1" [/home/lab_726/boom/hls_boom/src/boom_core_merged.cpp:667]   --->   Operation 93 'zext' 'zext_ln667_2' <Predicate = true> <Delay = 0.00>
ST_8 : Operation 94 [1/1] (0.00ns)   --->   "%state_completion_mem_execute_uop_queue_rob_allocation_id_load = load i2 %state_completion_mem_execute_uop_queue_rob_allocation_id" [/home/lab_726/boom/hls_boom/src/boom_core_merged.cpp:667]   --->   Operation 94 'load' 'state_completion_mem_execute_uop_queue_rob_allocation_id_load' <Predicate = true> <Delay = 0.00>
ST_8 : Operation 95 [1/1] (0.00ns)   --->   "%zext_ln667_3 = zext i2 %state_completion_mem_execute_uop_queue_rob_allocation_id_load" [/home/lab_726/boom/hls_boom/src/boom_core_merged.cpp:667]   --->   Operation 95 'zext' 'zext_ln667_3' <Predicate = true> <Delay = 0.00>
ST_8 : Operation 96 [2/2] (4.58ns)   --->   "%mem_any = call i1 @completion_is_valid, i1 %state_completion_mem_execute_valid_load_1, i8 %zext_ln667, i8 %zext_ln667_1, i8 %zext_ln667_2, i32 %zext_ln667_3, i1 %state_rob_entries_valid, i2 %state_rob_entries_uop_queue_rob_allocation_id, i1 %state_rob_entries_busy, i1 %state_rob_entries_memory_valid, i1 %state_rob_entries_memory_completed, i1 %state_rob_entries_is_load, i1 %state_rob_entries_memory_request_sent, i1 %state_rob_entries_memory_transaction_id" [/home/lab_726/boom/hls_boom/src/boom_core_merged.cpp:846]   --->   Operation 96 'call' 'mem_any' <Predicate = true> <Delay = 4.58> <CoreType = "Generic">   --->   Core 0 '' <Latency = 0> <II = 1> <Delay = 1.00> <Generic> <Opcode : >

State 9 <SV = 8> <Delay = 4.53>
ST_9 : Operation 97 [1/2] (4.53ns)   --->   "%mem_any = call i1 @completion_is_valid, i1 %state_completion_mem_execute_valid_load_1, i8 %zext_ln667, i8 %zext_ln667_1, i8 %zext_ln667_2, i32 %zext_ln667_3, i1 %state_rob_entries_valid, i2 %state_rob_entries_uop_queue_rob_allocation_id, i1 %state_rob_entries_busy, i1 %state_rob_entries_memory_valid, i1 %state_rob_entries_memory_completed, i1 %state_rob_entries_is_load, i1 %state_rob_entries_memory_request_sent, i1 %state_rob_entries_memory_transaction_id" [/home/lab_726/boom/hls_boom/src/boom_core_merged.cpp:846]   --->   Operation 97 'call' 'mem_any' <Predicate = true> <Delay = 4.53> <CoreType = "Generic">   --->   Core 0 '' <Latency = 0> <II = 1> <Delay = 1.00> <Generic> <Opcode : >

State 10 <SV = 9> <Delay = 4.58>
ST_10 : Operation 98 [1/1] (0.00ns)   --->   "%state_completion_int_execute_valid_load_1 = load i1 %state_completion_int_execute_valid" [/home/lab_726/boom/hls_boom/src/boom_core_merged.cpp:668]   --->   Operation 98 'load' 'state_completion_int_execute_valid_load_1' <Predicate = true> <Delay = 0.00>
ST_10 : Operation 99 [1/1] (0.00ns)   --->   "%state_completion_int_execute_kind_load = load i3 %state_completion_int_execute_kind" [/home/lab_726/boom/hls_boom/src/boom_core_merged.cpp:668]   --->   Operation 99 'load' 'state_completion_int_execute_kind_load' <Predicate = true> <Delay = 0.00>
ST_10 : Operation 100 [1/1] (0.00ns)   --->   "%zext_ln668 = zext i3 %state_completion_int_execute_kind_load" [/home/lab_726/boom/hls_boom/src/boom_core_merged.cpp:668]   --->   Operation 100 'zext' 'zext_ln668' <Predicate = true> <Delay = 0.00>
ST_10 : Operation 101 [1/1] (0.00ns)   --->   "%state_completion_int_execute_source_load = load i2 %state_completion_int_execute_source" [/home/lab_726/boom/hls_boom/src/boom_core_merged.cpp:668]   --->   Operation 101 'load' 'state_completion_int_execute_source_load' <Predicate = true> <Delay = 0.00>
ST_10 : Operation 102 [1/1] (0.00ns)   --->   "%zext_ln668_1 = zext i2 %state_completion_int_execute_source_load" [/home/lab_726/boom/hls_boom/src/boom_core_merged.cpp:668]   --->   Operation 102 'zext' 'zext_ln668_1' <Predicate = true> <Delay = 0.00>
ST_10 : Operation 103 [1/1] (0.00ns)   --->   "%index = load i5 %state_completion_int_execute_uop_queue_rob_idx" [/home/lab_726/boom/hls_boom/src/boom_core_merged.cpp:668]   --->   Operation 103 'load' 'index' <Predicate = true> <Delay = 0.00>
ST_10 : Operation 104 [1/1] (0.00ns)   --->   "%zext_ln668_2 = zext i5 %index" [/home/lab_726/boom/hls_boom/src/boom_core_merged.cpp:668]   --->   Operation 104 'zext' 'zext_ln668_2' <Predicate = true> <Delay = 0.00>
ST_10 : Operation 105 [1/1] (0.00ns)   --->   "%state_completion_int_execute_uop_queue_rob_allocation_id_load = load i2 %state_completion_int_execute_uop_queue_rob_allocation_id" [/home/lab_726/boom/hls_boom/src/boom_core_merged.cpp:668]   --->   Operation 105 'load' 'state_completion_int_execute_uop_queue_rob_allocation_id_load' <Predicate = true> <Delay = 0.00>
ST_10 : Operation 106 [1/1] (0.00ns)   --->   "%zext_ln668_3 = zext i2 %state_completion_int_execute_uop_queue_rob_allocation_id_load" [/home/lab_726/boom/hls_boom/src/boom_core_merged.cpp:668]   --->   Operation 106 'zext' 'zext_ln668_3' <Predicate = true> <Delay = 0.00>
ST_10 : Operation 107 [2/2] (4.58ns)   --->   "%int_any = call i1 @completion_is_valid, i1 %state_completion_int_execute_valid_load_1, i8 %zext_ln668, i8 %zext_ln668_1, i8 %zext_ln668_2, i32 %zext_ln668_3, i1 %state_rob_entries_valid, i2 %state_rob_entries_uop_queue_rob_allocation_id, i1 %state_rob_entries_busy, i1 %state_rob_entries_memory_valid, i1 %state_rob_entries_memory_completed, i1 %state_rob_entries_is_load, i1 %state_rob_entries_memory_request_sent, i1 %state_rob_entries_memory_transaction_id" [/home/lab_726/boom/hls_boom/src/boom_core_merged.cpp:847]   --->   Operation 107 'call' 'int_any' <Predicate = true> <Delay = 4.58> <CoreType = "Generic">   --->   Core 0 '' <Latency = 0> <II = 1> <Delay = 1.00> <Generic> <Opcode : >

State 11 <SV = 10> <Delay = 6.27>
ST_11 : Operation 108 [1/1] (0.00ns)   --->   "%state_completion_mem_execute_uop_branch_br_tag_load = load i1 %state_completion_mem_execute_uop_branch_br_tag" [/home/lab_726/boom/hls_boom/src/boom_core_merged.cpp:667]   --->   Operation 108 'load' 'state_completion_mem_execute_uop_branch_br_tag_load' <Predicate = (!icmp_ln909)> <Delay = 0.00>
ST_11 : Operation 109 [1/1] (0.00ns)   --->   "%state_completion_mem_execute_uop_rename_pdst_load = load i2 %state_completion_mem_execute_uop_rename_pdst" [/home/lab_726/boom/hls_boom/src/boom_core_merged.cpp:667]   --->   Operation 109 'load' 'state_completion_mem_execute_uop_rename_pdst_load' <Predicate = (!icmp_ln909)> <Delay = 0.00>
ST_11 : Operation 110 [1/1] (0.00ns)   --->   "%oldest_writes_2 = load i1 %state_completion_mem_execute_writes_prf" [/home/lab_726/boom/hls_boom/src/boom_core_merged.cpp:667]   --->   Operation 110 'load' 'oldest_writes_2' <Predicate = (!icmp_ln909)> <Delay = 0.00>
ST_11 : Operation 111 [1/1] (0.00ns)   --->   "%state_completion_mem_execute_value_load = load i64 %state_completion_mem_execute_value" [/home/lab_726/boom/hls_boom/src/boom_core_merged.cpp:667]   --->   Operation 111 'load' 'state_completion_mem_execute_value_load' <Predicate = (!icmp_ln909)> <Delay = 0.00>
ST_11 : Operation 112 [1/1] (0.00ns)   --->   "%trunc_ln668 = trunc i64 %state_completion_mem_execute_value_load" [/home/lab_726/boom/hls_boom/src/boom_core_merged.cpp:668]   --->   Operation 112 'trunc' 'trunc_ln668' <Predicate = (!icmp_ln909)> <Delay = 0.00>
ST_11 : Operation 113 [1/1] (0.00ns)   --->   "%state_completion_int_execute_uop_branch_br_tag_load = load i1 %state_completion_int_execute_uop_branch_br_tag" [/home/lab_726/boom/hls_boom/src/boom_core_merged.cpp:668]   --->   Operation 113 'load' 'state_completion_int_execute_uop_branch_br_tag_load' <Predicate = (!icmp_ln909)> <Delay = 0.00>
ST_11 : Operation 114 [1/1] (0.00ns)   --->   "%state_completion_int_execute_uop_rename_pdst_load = load i3 %state_completion_int_execute_uop_rename_pdst" [/home/lab_726/boom/hls_boom/src/boom_core_merged.cpp:668]   --->   Operation 114 'load' 'state_completion_int_execute_uop_rename_pdst_load' <Predicate = (!icmp_ln909)> <Delay = 0.00>
ST_11 : Operation 115 [1/1] (0.00ns)   --->   "%oldest_writes = load i1 %state_completion_int_execute_writes_prf" [/home/lab_726/boom/hls_boom/src/boom_core_merged.cpp:668]   --->   Operation 115 'load' 'oldest_writes' <Predicate = (!icmp_ln909)> <Delay = 0.00>
ST_11 : Operation 116 [1/1] (0.00ns)   --->   "%state_completion_int_execute_value_load = load i64 %state_completion_int_execute_value" [/home/lab_726/boom/hls_boom/src/boom_core_merged.cpp:668]   --->   Operation 116 'load' 'state_completion_int_execute_value_load' <Predicate = (!icmp_ln909)> <Delay = 0.00>
ST_11 : Operation 117 [1/1] (0.00ns)   --->   "%trunc_ln853 = trunc i64 %state_completion_int_execute_value_load" [/home/lab_726/boom/hls_boom/src/boom_core_merged.cpp:853]   --->   Operation 117 'trunc' 'trunc_ln853' <Predicate = (!icmp_ln909)> <Delay = 0.00>
ST_11 : Operation 118 [1/2] (4.53ns)   --->   "%int_any = call i1 @completion_is_valid, i1 %state_completion_int_execute_valid_load_1, i8 %zext_ln668, i8 %zext_ln668_1, i8 %zext_ln668_2, i32 %zext_ln668_3, i1 %state_rob_entries_valid, i2 %state_rob_entries_uop_queue_rob_allocation_id, i1 %state_rob_entries_busy, i1 %state_rob_entries_memory_valid, i1 %state_rob_entries_memory_completed, i1 %state_rob_entries_is_load, i1 %state_rob_entries_memory_request_sent, i1 %state_rob_entries_memory_transaction_id" [/home/lab_726/boom/hls_boom/src/boom_core_merged.cpp:847]   --->   Operation 118 'call' 'int_any' <Predicate = (!icmp_ln909)> <Delay = 4.53> <CoreType = "Generic">   --->   Core 0 '' <Latency = 0> <II = 1> <Delay = 1.00> <Generic> <Opcode : >
ST_11 : Operation 119 [1/1] (0.42ns)   --->   "%br_ln850 = br i1 %load_any, void %._crit_edge23, void" [/home/lab_726/boom/hls_boom/src/boom_core_merged.cpp:850]   --->   Operation 119 'br' 'br_ln850' <Predicate = (!icmp_ln909)> <Delay = 0.42>
ST_11 : Operation 120 [1/1] (0.00ns)   --->   "%state_rob_head_load = load i5 %state_rob_head" [/home/lab_726/boom/hls_boom/src/boom_core_merged.cpp:602]   --->   Operation 120 'load' 'state_rob_head_load' <Predicate = (!icmp_ln909 & load_any)> <Delay = 0.00>
ST_11 : Operation 121 [1/1] (0.78ns)   --->   "%oldest_age = sub i5 0, i5 %state_rob_head_load" [/home/lab_726/boom/hls_boom/src/boom_core_merged.cpp:849]   --->   Operation 121 'sub' 'oldest_age' <Predicate = (!icmp_ln909 & load_any)> <Delay = 0.78> <CoreInst = "Adder">   --->   Core 1 'Adder' <Latency = 0> <II = 1> <Delay = 1.08> <FuncUnit> <Opcode : 'add' 'sub'> <InPorts = 2> <OutPorts = 1>
ST_11 : Operation 122 [1/1] (0.00ns)   --->   "%zext_ln849 = zext i5 %oldest_age" [/home/lab_726/boom/hls_boom/src/boom_core_merged.cpp:849]   --->   Operation 122 'zext' 'zext_ln849' <Predicate = (!icmp_ln909 & load_any)> <Delay = 0.00>
ST_11 : Operation 123 [1/1] (0.42ns)   --->   "%br_ln850 = br void %._crit_edge23" [/home/lab_726/boom/hls_boom/src/boom_core_merged.cpp:850]   --->   Operation 123 'br' 'br_ln850' <Predicate = (!icmp_ln909 & load_any)> <Delay = 0.42>
ST_11 : Operation 124 [1/1] (0.00ns)   --->   "%oldest_age_1 = phi i6 %zext_ln849, void, i6 32, void %_ZN4boomL23discard_invalid_pendingER13BoomCoreState.exit" [/home/lab_726/boom/hls_boom/src/boom_core_merged.cpp:849]   --->   Operation 124 'phi' 'oldest_age_1' <Predicate = (!icmp_ln909)> <Delay = 0.00>
ST_11 : Operation 125 [1/1] (0.00ns)   --->   "%trunc_ln849 = trunc i6 %oldest_age_1" [/home/lab_726/boom/hls_boom/src/boom_core_merged.cpp:849]   --->   Operation 125 'trunc' 'trunc_ln849' <Predicate = (!icmp_ln909)> <Delay = 0.00>
ST_11 : Operation 126 [1/1] (0.42ns)   --->   "%br_ln851 = br i1 %mem_any, void %._crit_edge24, void" [/home/lab_726/boom/hls_boom/src/boom_core_merged.cpp:851]   --->   Operation 126 'br' 'br_ln851' <Predicate = (!icmp_ln909)> <Delay = 0.42>
ST_11 : Operation 127 [1/1] (0.00ns)   --->   "%state_rob_head_load_1 = load i5 %state_rob_head" [/home/lab_726/boom/hls_boom/src/boom_core_merged.cpp:602]   --->   Operation 127 'load' 'state_rob_head_load_1' <Predicate = (!icmp_ln909 & mem_any)> <Delay = 0.00>
ST_11 : Operation 128 [1/1] (0.78ns)   --->   "%oldest_age_4 = sub i5 %index_1, i5 %state_rob_head_load_1" [/home/lab_726/boom/hls_boom/src/boom_core_merged.cpp:849]   --->   Operation 128 'sub' 'oldest_age_4' <Predicate = (!icmp_ln909 & mem_any)> <Delay = 0.78> <CoreInst = "Adder">   --->   Core 1 'Adder' <Latency = 0> <II = 1> <Delay = 1.08> <FuncUnit> <Opcode : 'add' 'sub'> <InPorts = 2> <OutPorts = 1>
ST_11 : Operation 129 [1/1] (0.00ns)   --->   "%zext_ln849_1 = zext i5 %oldest_age_4" [/home/lab_726/boom/hls_boom/src/boom_core_merged.cpp:849]   --->   Operation 129 'zext' 'zext_ln849_1' <Predicate = (!icmp_ln909 & mem_any)> <Delay = 0.00>
ST_11 : Operation 130 [1/1] (0.00ns) (grouped into LUT with out node or_ln853)   --->   "%xor_ln853 = xor i1 %load_any, i1 1" [/home/lab_726/boom/hls_boom/src/boom_core_merged.cpp:853]   --->   Operation 130 'xor' 'xor_ln853' <Predicate = (!icmp_ln909 & mem_any)> <Delay = 0.00> <CoreInst = "LogicGate">   --->   Core 74 'LogicGate' <Latency = 0> <II = 1> <Delay = 0.28> <FuncUnit> <Opcode : 'and' 'or' 'xor'> <InPorts = 2> <OutPorts = 1>
ST_11 : Operation 131 [1/1] (0.78ns)   --->   "%icmp_ln853 = icmp_ult  i6 %zext_ln849_1, i6 %oldest_age_1" [/home/lab_726/boom/hls_boom/src/boom_core_merged.cpp:853]   --->   Operation 131 'icmp' 'icmp_ln853' <Predicate = (!icmp_ln909 & mem_any)> <Delay = 0.78> <CoreInst = "Cmp">   --->   Core 9 'Cmp' <Latency = 0> <II = 1> <Delay = 0.58> <FuncUnit> <Opcode : 'icmp'> <InPorts = 2> <OutPorts = 1>
ST_11 : Operation 132 [1/1] (0.28ns) (out node of the LUT)   --->   "%or_ln853 = or i1 %icmp_ln853, i1 %xor_ln853" [/home/lab_726/boom/hls_boom/src/boom_core_merged.cpp:853]   --->   Operation 132 'or' 'or_ln853' <Predicate = (!icmp_ln909 & mem_any)> <Delay = 0.28> <CoreInst = "LogicGate">   --->   Core 74 'LogicGate' <Latency = 0> <II = 1> <Delay = 0.28> <FuncUnit> <Opcode : 'and' 'or' 'xor'> <InPorts = 2> <OutPorts = 1>
ST_11 : Operation 133 [1/1] (0.41ns)   --->   "%select_ln853 = select i1 %or_ln853, i5 %oldest_age_4, i5 %trunc_ln849" [/home/lab_726/boom/hls_boom/src/boom_core_merged.cpp:853]   --->   Operation 133 'select' 'select_ln853' <Predicate = (!icmp_ln909 & mem_any)> <Delay = 0.41> <CoreInst = "Sel">   --->   Core 73 'Sel' <Latency = 0> <II = 1> <Delay = 0.17> <FuncUnit> <Opcode : 'select'> <InPorts = 3> <OutPorts = 1>
ST_11 : Operation 134 [1/1] (0.00ns)   --->   "%zext_ln853 = zext i5 %select_ln853" [/home/lab_726/boom/hls_boom/src/boom_core_merged.cpp:853]   --->   Operation 134 'zext' 'zext_ln853' <Predicate = (!icmp_ln909 & mem_any)> <Delay = 0.00>
ST_11 : Operation 135 [1/1] (0.42ns)   --->   "%br_ln853 = br void %._crit_edge24" [/home/lab_726/boom/hls_boom/src/boom_core_merged.cpp:853]   --->   Operation 135 'br' 'br_ln853' <Predicate = (!icmp_ln909 & mem_any)> <Delay = 0.42>
ST_11 : Operation 136 [1/1] (0.00ns)   --->   "%oldest = phi i1 %or_ln853, void, i1 0, void %._crit_edge23" [/home/lab_726/boom/hls_boom/src/boom_core_merged.cpp:853]   --->   Operation 136 'phi' 'oldest' <Predicate = (!icmp_ln909)> <Delay = 0.00>
ST_11 : Operation 137 [1/1] (0.00ns)   --->   "%oldest_age_3 = phi i6 %zext_ln853, void, i6 %oldest_age_1, void %._crit_edge23"   --->   Operation 137 'phi' 'oldest_age_3' <Predicate = (!icmp_ln909)> <Delay = 0.00>
ST_11 : Operation 138 [1/1] (0.00ns)   --->   "%zext_ln849_2 = zext i1 %oldest" [/home/lab_726/boom/hls_boom/src/boom_core_merged.cpp:849]   --->   Operation 138 'zext' 'zext_ln849_2' <Predicate = (!icmp_ln909)> <Delay = 0.00>
ST_11 : Operation 139 [1/1] (0.42ns)   --->   "%br_ln858 = br i1 %int_any, void %._crit_edge25_ifconv, void" [/home/lab_726/boom/hls_boom/src/boom_core_merged.cpp:858]   --->   Operation 139 'br' 'br_ln858' <Predicate = (!icmp_ln909)> <Delay = 0.42>
ST_11 : Operation 140 [1/1] (0.00ns)   --->   "%state_rob_head_load_2 = load i5 %state_rob_head" [/home/lab_726/boom/hls_boom/src/boom_core_merged.cpp:602]   --->   Operation 140 'load' 'state_rob_head_load_2' <Predicate = (!icmp_ln909 & int_any)> <Delay = 0.00>
ST_11 : Operation 141 [1/1] (0.78ns)   --->   "%age_1 = sub i5 %index, i5 %state_rob_head_load_2" [/home/lab_726/boom/hls_boom/src/boom_core_merged.cpp:859]   --->   Operation 141 'sub' 'age_1' <Predicate = (!icmp_ln909 & int_any)> <Delay = 0.78> <CoreInst = "Adder">   --->   Core 1 'Adder' <Latency = 0> <II = 1> <Delay = 1.08> <FuncUnit> <Opcode : 'add' 'sub'> <InPorts = 2> <OutPorts = 1>
ST_11 : Operation 142 [1/1] (0.00ns)   --->   "%zext_ln859 = zext i5 %age_1" [/home/lab_726/boom/hls_boom/src/boom_core_merged.cpp:859]   --->   Operation 142 'zext' 'zext_ln859' <Predicate = (!icmp_ln909 & int_any)> <Delay = 0.00>
ST_11 : Operation 143 [1/1] (0.00ns) (grouped into LUT with out node select_ln860)   --->   "%or_ln860 = or i1 %load_any, i1 %mem_any" [/home/lab_726/boom/hls_boom/src/boom_core_merged.cpp:860]   --->   Operation 143 'or' 'or_ln860' <Predicate = (!icmp_ln909 & int_any)> <Delay = 0.00> <CoreInst = "LogicGate">   --->   Core 74 'LogicGate' <Latency = 0> <II = 1> <Delay = 0.28> <FuncUnit> <Opcode : 'and' 'or' 'xor'> <InPorts = 2> <OutPorts = 1>
ST_11 : Operation 144 [1/1] (0.00ns) (grouped into LUT with out node select_ln860)   --->   "%xor_ln860 = xor i1 %or_ln860, i1 1" [/home/lab_726/boom/hls_boom/src/boom_core_merged.cpp:860]   --->   Operation 144 'xor' 'xor_ln860' <Predicate = (!icmp_ln909 & int_any)> <Delay = 0.00> <CoreInst = "LogicGate">   --->   Core 74 'LogicGate' <Latency = 0> <II = 1> <Delay = 0.28> <FuncUnit> <Opcode : 'and' 'or' 'xor'> <InPorts = 2> <OutPorts = 1>
ST_11 : Operation 145 [1/1] (0.78ns)   --->   "%icmp_ln860 = icmp_ult  i6 %zext_ln859, i6 %oldest_age_3" [/home/lab_726/boom/hls_boom/src/boom_core_merged.cpp:860]   --->   Operation 145 'icmp' 'icmp_ln860' <Predicate = (!icmp_ln909 & int_any)> <Delay = 0.78> <CoreInst = "Cmp">   --->   Core 9 'Cmp' <Latency = 0> <II = 1> <Delay = 0.58> <FuncUnit> <Opcode : 'icmp'> <InPorts = 2> <OutPorts = 1>
ST_11 : Operation 146 [1/1] (0.00ns) (grouped into LUT with out node select_ln860)   --->   "%or_ln860_1 = or i1 %icmp_ln860, i1 %xor_ln860" [/home/lab_726/boom/hls_boom/src/boom_core_merged.cpp:860]   --->   Operation 146 'or' 'or_ln860_1' <Predicate = (!icmp_ln909 & int_any)> <Delay = 0.00> <CoreInst = "LogicGate">   --->   Core 74 'LogicGate' <Latency = 0> <II = 1> <Delay = 0.28> <FuncUnit> <Opcode : 'and' 'or' 'xor'> <InPorts = 2> <OutPorts = 1>
ST_11 : Operation 147 [1/1] (0.28ns) (out node of the LUT)   --->   "%select_ln860 = select i1 %or_ln860_1, i2 2, i2 %zext_ln849_2" [/home/lab_726/boom/hls_boom/src/boom_core_merged.cpp:860]   --->   Operation 147 'select' 'select_ln860' <Predicate = (!icmp_ln909 & int_any)> <Delay = 0.28> <CoreInst = "Sel">   --->   Core 73 'Sel' <Latency = 0> <II = 1> <Delay = 0.17> <FuncUnit> <Opcode : 'select'> <InPorts = 3> <OutPorts = 1>
ST_11 : Operation 148 [1/1] (0.42ns)   --->   "%br_ln860 = br void %._crit_edge25_ifconv" [/home/lab_726/boom/hls_boom/src/boom_core_merged.cpp:860]   --->   Operation 148 'br' 'br_ln860' <Predicate = (!icmp_ln909 & int_any)> <Delay = 0.42>
ST_11 : Operation 149 [1/1] (0.00ns)   --->   "%oldest_1 = phi i2 %select_ln860, void, i2 %zext_ln849_2, void %._crit_edge24" [/home/lab_726/boom/hls_boom/src/boom_core_merged.cpp:860]   --->   Operation 149 'phi' 'oldest_1' <Predicate = (!icmp_ln909)> <Delay = 0.00>
ST_11 : Operation 150 [1/1] (0.00ns)   --->   "%prf_used_load = load i1 %prf_used" [/home/lab_726/boom/hls_boom/src/boom_core_merged.cpp:875]   --->   Operation 150 'load' 'prf_used_load' <Predicate = (!icmp_ln909)> <Delay = 0.00>
ST_11 : Operation 151 [1/1] (0.44ns)   --->   "%icmp_ln865 = icmp_ne  i2 %oldest_1, i2 0" [/home/lab_726/boom/hls_boom/src/boom_core_merged.cpp:865]   --->   Operation 151 'icmp' 'icmp_ln865' <Predicate = (!icmp_ln909)> <Delay = 0.44> <CoreInst = "Cmp">   --->   Core 9 'Cmp' <Latency = 0> <II = 1> <Delay = 0.58> <FuncUnit> <Opcode : 'icmp'> <InPorts = 2> <OutPorts = 1>
ST_11 : Operation 152 [1/1] (0.28ns)   --->   "%xor_ln865 = xor i1 %load_any, i1 1" [/home/lab_726/boom/hls_boom/src/boom_core_merged.cpp:865]   --->   Operation 152 'xor' 'xor_ln865' <Predicate = (!icmp_ln909)> <Delay = 0.28> <CoreInst = "LogicGate">   --->   Core 74 'LogicGate' <Latency = 0> <II = 1> <Delay = 0.28> <FuncUnit> <Opcode : 'and' 'or' 'xor'> <InPorts = 2> <OutPorts = 1>
ST_11 : Operation 153 [1/1] (0.28ns)   --->   "%or_ln865 = or i1 %icmp_ln865, i1 %xor_ln865" [/home/lab_726/boom/hls_boom/src/boom_core_merged.cpp:865]   --->   Operation 153 'or' 'or_ln865' <Predicate = (!icmp_ln909)> <Delay = 0.28> <CoreInst = "LogicGate">   --->   Core 74 'LogicGate' <Latency = 0> <II = 1> <Delay = 0.28> <FuncUnit> <Opcode : 'and' 'or' 'xor'> <InPorts = 2> <OutPorts = 1>
ST_11 : Operation 154 [1/1] (0.44ns)   --->   "%icmp_ln868 = icmp_ne  i2 %oldest_1, i2 1" [/home/lab_726/boom/hls_boom/src/boom_core_merged.cpp:868]   --->   Operation 154 'icmp' 'icmp_ln868' <Predicate = (!icmp_ln909)> <Delay = 0.44> <CoreInst = "Cmp">   --->   Core 9 'Cmp' <Latency = 0> <II = 1> <Delay = 0.58> <FuncUnit> <Opcode : 'icmp'> <InPorts = 2> <OutPorts = 1>
ST_11 : Operation 155 [1/1] (0.00ns) (grouped into LUT with out node or_ln868)   --->   "%xor_ln868 = xor i1 %mem_any, i1 1" [/home/lab_726/boom/hls_boom/src/boom_core_merged.cpp:868]   --->   Operation 155 'xor' 'xor_ln868' <Predicate = (!icmp_ln909)> <Delay = 0.00> <CoreInst = "LogicGate">   --->   Core 74 'LogicGate' <Latency = 0> <II = 1> <Delay = 0.28> <FuncUnit> <Opcode : 'and' 'or' 'xor'> <InPorts = 2> <OutPorts = 1>
ST_11 : Operation 156 [1/1] (0.28ns) (out node of the LUT)   --->   "%or_ln868 = or i1 %icmp_ln868, i1 %xor_ln868" [/home/lab_726/boom/hls_boom/src/boom_core_merged.cpp:868]   --->   Operation 156 'or' 'or_ln868' <Predicate = (!icmp_ln909)> <Delay = 0.28> <CoreInst = "LogicGate">   --->   Core 74 'LogicGate' <Latency = 0> <II = 1> <Delay = 0.28> <FuncUnit> <Opcode : 'and' 'or' 'xor'> <InPorts = 2> <OutPorts = 1>
ST_11 : Operation 157 [1/1] (0.58ns)   --->   "%icmp_ln872 = icmp_eq  i3 %state_completion_int_execute_kind_load, i3 5" [/home/lab_726/boom/hls_boom/src/boom_core_merged.cpp:872]   --->   Operation 157 'icmp' 'icmp_ln872' <Predicate = (!icmp_ln909)> <Delay = 0.58> <CoreInst = "Cmp">   --->   Core 9 'Cmp' <Latency = 0> <II = 1> <Delay = 0.58> <FuncUnit> <Opcode : 'icmp'> <InPorts = 2> <OutPorts = 1>
ST_11 : Operation 158 [1/1] (0.28ns)   --->   "%and_ln872 = and i1 %int_any, i1 %icmp_ln872" [/home/lab_726/boom/hls_boom/src/boom_core_merged.cpp:872]   --->   Operation 158 'and' 'and_ln872' <Predicate = (!icmp_ln909)> <Delay = 0.28> <CoreInst = "LogicGate">   --->   Core 74 'LogicGate' <Latency = 0> <II = 1> <Delay = 0.28> <FuncUnit> <Opcode : 'and' 'or' 'xor'> <InPorts = 2> <OutPorts = 1>
ST_11 : Operation 159 [1/1] (0.00ns) (grouped into LUT with out node precise_fence)   --->   "%and_ln872_1 = and i1 %or_ln868, i1 %and_ln872" [/home/lab_726/boom/hls_boom/src/boom_core_merged.cpp:872]   --->   Operation 159 'and' 'and_ln872_1' <Predicate = (!icmp_ln909)> <Delay = 0.00> <CoreInst = "LogicGate">   --->   Core 74 'LogicGate' <Latency = 0> <II = 1> <Delay = 0.28> <FuncUnit> <Opcode : 'and' 'or' 'xor'> <InPorts = 2> <OutPorts = 1>
ST_11 : Operation 160 [1/1] (0.00ns) (grouped into LUT with out node precise_fence)   --->   "%writes_integer = select i1 %and_ln872_1, i1 %oldest_writes, i1 %oldest_writes_2" [/home/lab_726/boom/hls_boom/src/boom_core_merged.cpp:872]   --->   Operation 160 'select' 'writes_integer' <Predicate = (!icmp_ln909)> <Delay = 0.00> <CoreInst = "Sel">   --->   Core 73 'Sel' <Latency = 0> <II = 1> <Delay = 0.17> <FuncUnit> <Opcode : 'select'> <InPorts = 3> <OutPorts = 1>
ST_11 : Operation 161 [1/1] (0.00ns) (grouped into LUT with out node or_ln872)   --->   "%and_ln868 = and i1 %or_ln865, i1 %or_ln868" [/home/lab_726/boom/hls_boom/src/boom_core_merged.cpp:868]   --->   Operation 161 'and' 'and_ln868' <Predicate = (!icmp_ln909)> <Delay = 0.00> <CoreInst = "LogicGate">   --->   Core 74 'LogicGate' <Latency = 0> <II = 1> <Delay = 0.28> <FuncUnit> <Opcode : 'and' 'or' 'xor'> <InPorts = 2> <OutPorts = 1>
ST_11 : Operation 162 [1/1] (0.00ns) (grouped into LUT with out node or_ln872)   --->   "%xor_ln872 = xor i1 %and_ln868, i1 1" [/home/lab_726/boom/hls_boom/src/boom_core_merged.cpp:872]   --->   Operation 162 'xor' 'xor_ln872' <Predicate = (!icmp_ln909)> <Delay = 0.00> <CoreInst = "LogicGate">   --->   Core 74 'LogicGate' <Latency = 0> <II = 1> <Delay = 0.28> <FuncUnit> <Opcode : 'and' 'or' 'xor'> <InPorts = 2> <OutPorts = 1>
ST_11 : Operation 163 [1/1] (0.28ns) (out node of the LUT)   --->   "%or_ln872 = or i1 %and_ln872, i1 %xor_ln872" [/home/lab_726/boom/hls_boom/src/boom_core_merged.cpp:872]   --->   Operation 163 'or' 'or_ln872' <Predicate = (!icmp_ln909)> <Delay = 0.28> <CoreInst = "LogicGate">   --->   Core 74 'LogicGate' <Latency = 0> <II = 1> <Delay = 0.28> <FuncUnit> <Opcode : 'and' 'or' 'xor'> <InPorts = 2> <OutPorts = 1>
ST_11 : Operation 164 [1/1] (0.00ns) (grouped into LUT with out node and_ln875_2)   --->   "%xor_ln868_1 = xor i1 %icmp_ln868, i1 1" [/home/lab_726/boom/hls_boom/src/boom_core_merged.cpp:868]   --->   Operation 164 'xor' 'xor_ln868_1' <Predicate = (!icmp_ln909)> <Delay = 0.00> <CoreInst = "LogicGate">   --->   Core 74 'LogicGate' <Latency = 0> <II = 1> <Delay = 0.28> <FuncUnit> <Opcode : 'and' 'or' 'xor'> <InPorts = 2> <OutPorts = 1>
ST_11 : Operation 165 [1/1] (0.58ns)   --->   "%icmp_ln869 = icmp_ne  i3 %state_completion_mem_execute_kind_load, i3 5" [/home/lab_726/boom/hls_boom/src/boom_core_merged.cpp:869]   --->   Operation 165 'icmp' 'icmp_ln869' <Predicate = (!icmp_ln909)> <Delay = 0.58> <CoreInst = "Cmp">   --->   Core 9 'Cmp' <Latency = 0> <II = 1> <Delay = 0.58> <FuncUnit> <Opcode : 'icmp'> <InPorts = 2> <OutPorts = 1>
ST_11 : Operation 166 [1/1] (0.00ns) (grouped into LUT with out node and_ln875_2)   --->   "%and_ln869 = and i1 %mem_any, i1 %xor_ln868_1" [/home/lab_726/boom/hls_boom/src/boom_core_merged.cpp:869]   --->   Operation 166 'and' 'and_ln869' <Predicate = (!icmp_ln909)> <Delay = 0.00> <CoreInst = "LogicGate">   --->   Core 74 'LogicGate' <Latency = 0> <II = 1> <Delay = 0.28> <FuncUnit> <Opcode : 'and' 'or' 'xor'> <InPorts = 2> <OutPorts = 1>
ST_11 : Operation 167 [1/1] (0.00ns) (grouped into LUT with out node and_ln875_2)   --->   "%and_ln869_1 = and i1 %or_ln865, i1 %icmp_ln869" [/home/lab_726/boom/hls_boom/src/boom_core_merged.cpp:869]   --->   Operation 167 'and' 'and_ln869_1' <Predicate = (!icmp_ln909)> <Delay = 0.00> <CoreInst = "LogicGate">   --->   Core 74 'LogicGate' <Latency = 0> <II = 1> <Delay = 0.28> <FuncUnit> <Opcode : 'and' 'or' 'xor'> <InPorts = 2> <OutPorts = 1>
ST_11 : Operation 168 [1/1] (0.00ns) (grouped into LUT with out node and_ln875_2)   --->   "%and_ln869_2 = and i1 %and_ln869_1, i1 %and_ln869" [/home/lab_726/boom/hls_boom/src/boom_core_merged.cpp:869]   --->   Operation 168 'and' 'and_ln869_2' <Predicate = (!icmp_ln909)> <Delay = 0.00> <CoreInst = "LogicGate">   --->   Core 74 'LogicGate' <Latency = 0> <II = 1> <Delay = 0.28> <FuncUnit> <Opcode : 'and' 'or' 'xor'> <InPorts = 2> <OutPorts = 1>
ST_11 : Operation 169 [1/1] (0.00ns) (grouped into LUT with out node and_ln875_2)   --->   "%xor_ln869 = xor i1 %and_ln869_2, i1 1" [/home/lab_726/boom/hls_boom/src/boom_core_merged.cpp:869]   --->   Operation 169 'xor' 'xor_ln869' <Predicate = (!icmp_ln909)> <Delay = 0.00> <CoreInst = "LogicGate">   --->   Core 74 'LogicGate' <Latency = 0> <II = 1> <Delay = 0.28> <FuncUnit> <Opcode : 'and' 'or' 'xor'> <InPorts = 2> <OutPorts = 1>
ST_11 : Operation 170 [1/1] (0.00ns) (grouped into LUT with out node precise_fence)   --->   "%and_ln875 = and i1 %writes_integer, i1 %or_ln872" [/home/lab_726/boom/hls_boom/src/boom_core_merged.cpp:875]   --->   Operation 170 'and' 'and_ln875' <Predicate = (!icmp_ln909)> <Delay = 0.00> <CoreInst = "LogicGate">   --->   Core 74 'LogicGate' <Latency = 0> <II = 1> <Delay = 0.28> <FuncUnit> <Opcode : 'and' 'or' 'xor'> <InPorts = 2> <OutPorts = 1>
ST_11 : Operation 171 [1/1] (0.00ns) (grouped into LUT with out node and_ln875_2)   --->   "%and_ln875_1 = and i1 %or_ln865, i1 %prf_used_load" [/home/lab_726/boom/hls_boom/src/boom_core_merged.cpp:875]   --->   Operation 171 'and' 'and_ln875_1' <Predicate = (!icmp_ln909)> <Delay = 0.00> <CoreInst = "LogicGate">   --->   Core 74 'LogicGate' <Latency = 0> <II = 1> <Delay = 0.28> <FuncUnit> <Opcode : 'and' 'or' 'xor'> <InPorts = 2> <OutPorts = 1>
ST_11 : Operation 172 [1/1] (0.28ns) (out node of the LUT)   --->   "%and_ln875_2 = and i1 %and_ln875_1, i1 %xor_ln869" [/home/lab_726/boom/hls_boom/src/boom_core_merged.cpp:875]   --->   Operation 172 'and' 'and_ln875_2' <Predicate = (!icmp_ln909)> <Delay = 0.28> <CoreInst = "LogicGate">   --->   Core 74 'LogicGate' <Latency = 0> <II = 1> <Delay = 0.28> <FuncUnit> <Opcode : 'and' 'or' 'xor'> <InPorts = 2> <OutPorts = 1>
ST_11 : Operation 173 [1/1] (0.28ns) (out node of the LUT)   --->   "%precise_fence = and i1 %and_ln875_2, i1 %and_ln875" [/home/lab_726/boom/hls_boom/src/boom_core_merged.cpp:875]   --->   Operation 173 'and' 'precise_fence' <Predicate = (!icmp_ln909)> <Delay = 0.28> <CoreInst = "LogicGate">   --->   Core 74 'LogicGate' <Latency = 0> <II = 1> <Delay = 0.28> <FuncUnit> <Opcode : 'and' 'or' 'xor'> <InPorts = 2> <OutPorts = 1>
ST_11 : Operation 174 [1/1] (0.00ns)   --->   "%br_ln876 = br i1 %precise_fence, void %_ifconv, void %.loopexit" [/home/lab_726/boom/hls_boom/src/boom_core_merged.cpp:876]   --->   Operation 174 'br' 'br_ln876' <Predicate = (!icmp_ln909)> <Delay = 0.00>
ST_11 : Operation 175 [1/1] (0.28ns)   --->   "%xor_ln881 = xor i1 %prf_used_load, i1 1" [/home/lab_726/boom/hls_boom/src/boom_core_merged.cpp:881]   --->   Operation 175 'xor' 'xor_ln881' <Predicate = (!icmp_ln909 & !precise_fence)> <Delay = 0.28> <CoreInst = "LogicGate">   --->   Core 74 'LogicGate' <Latency = 0> <II = 1> <Delay = 0.28> <FuncUnit> <Opcode : 'and' 'or' 'xor'> <InPorts = 2> <OutPorts = 1>
ST_11 : Operation 176 [1/1] (0.00ns) (grouped into LUT with out node mem)   --->   "%xor_ln882 = xor i1 %oldest_writes_2, i1 1" [/home/lab_726/boom/hls_boom/src/boom_core_merged.cpp:882]   --->   Operation 176 'xor' 'xor_ln882' <Predicate = (!icmp_ln909 & !precise_fence)> <Delay = 0.00> <CoreInst = "LogicGate">   --->   Core 74 'LogicGate' <Latency = 0> <II = 1> <Delay = 0.28> <FuncUnit> <Opcode : 'and' 'or' 'xor'> <InPorts = 2> <OutPorts = 1>
ST_11 : Operation 177 [1/1] (0.00ns) (grouped into LUT with out node mem)   --->   "%or_ln882 = or i1 %xor_ln882, i1 %xor_ln881" [/home/lab_726/boom/hls_boom/src/boom_core_merged.cpp:882]   --->   Operation 177 'or' 'or_ln882' <Predicate = (!icmp_ln909 & !precise_fence)> <Delay = 0.00> <CoreInst = "LogicGate">   --->   Core 74 'LogicGate' <Latency = 0> <II = 1> <Delay = 0.28> <FuncUnit> <Opcode : 'and' 'or' 'xor'> <InPorts = 2> <OutPorts = 1>
ST_11 : Operation 178 [1/1] (0.28ns) (out node of the LUT)   --->   "%mem = and i1 %mem_any, i1 %or_ln882" [/home/lab_726/boom/hls_boom/src/boom_core_merged.cpp:846]   --->   Operation 178 'and' 'mem' <Predicate = (!icmp_ln909 & !precise_fence)> <Delay = 0.28> <CoreInst = "LogicGate">   --->   Core 74 'LogicGate' <Latency = 0> <II = 1> <Delay = 0.28> <FuncUnit> <Opcode : 'and' 'or' 'xor'> <InPorts = 2> <OutPorts = 1>
ST_11 : Operation 179 [1/1] (0.00ns) (grouped into LUT with out node integer)   --->   "%xor_ln883 = xor i1 %oldest_writes, i1 1" [/home/lab_726/boom/hls_boom/src/boom_core_merged.cpp:883]   --->   Operation 179 'xor' 'xor_ln883' <Predicate = (!icmp_ln909 & !precise_fence)> <Delay = 0.00> <CoreInst = "LogicGate">   --->   Core 74 'LogicGate' <Latency = 0> <II = 1> <Delay = 0.28> <FuncUnit> <Opcode : 'and' 'or' 'xor'> <InPorts = 2> <OutPorts = 1>
ST_11 : Operation 180 [1/1] (0.00ns) (grouped into LUT with out node integer)   --->   "%or_ln883 = or i1 %xor_ln883, i1 %xor_ln881" [/home/lab_726/boom/hls_boom/src/boom_core_merged.cpp:883]   --->   Operation 180 'or' 'or_ln883' <Predicate = (!icmp_ln909 & !precise_fence)> <Delay = 0.00> <CoreInst = "LogicGate">   --->   Core 74 'LogicGate' <Latency = 0> <II = 1> <Delay = 0.28> <FuncUnit> <Opcode : 'and' 'or' 'xor'> <InPorts = 2> <OutPorts = 1>
ST_11 : Operation 181 [1/1] (0.28ns) (out node of the LUT)   --->   "%integer = and i1 %int_any, i1 %or_ln883" [/home/lab_726/boom/hls_boom/src/boom_core_merged.cpp:847]   --->   Operation 181 'and' 'integer' <Predicate = (!icmp_ln909 & !precise_fence)> <Delay = 0.28> <CoreInst = "LogicGate">   --->   Core 74 'LogicGate' <Latency = 0> <II = 1> <Delay = 0.28> <FuncUnit> <Opcode : 'and' 'or' 'xor'> <InPorts = 2> <OutPorts = 1>
ST_11 : Operation 182 [1/1] (0.00ns) (grouped into LUT with out node selected_valid)   --->   "%or_ln884 = or i1 %integer, i1 %load_any" [/home/lab_726/boom/hls_boom/src/boom_core_merged.cpp:884]   --->   Operation 182 'or' 'or_ln884' <Predicate = (!icmp_ln909 & !precise_fence)> <Delay = 0.00> <CoreInst = "LogicGate">   --->   Core 74 'LogicGate' <Latency = 0> <II = 1> <Delay = 0.28> <FuncUnit> <Opcode : 'and' 'or' 'xor'> <InPorts = 2> <OutPorts = 1>
ST_11 : Operation 183 [1/1] (0.28ns) (out node of the LUT)   --->   "%selected_valid = or i1 %or_ln884, i1 %mem" [/home/lab_726/boom/hls_boom/src/boom_core_merged.cpp:884]   --->   Operation 183 'or' 'selected_valid' <Predicate = (!icmp_ln909 & !precise_fence)> <Delay = 0.28> <CoreInst = "LogicGate">   --->   Core 74 'LogicGate' <Latency = 0> <II = 1> <Delay = 0.28> <FuncUnit> <Opcode : 'and' 'or' 'xor'> <InPorts = 2> <OutPorts = 1>
ST_11 : Operation 184 [1/1] (0.42ns)   --->   "%br_ln887 = br i1 %load_any, void %._crit_edge36, void" [/home/lab_726/boom/hls_boom/src/boom_core_merged.cpp:887]   --->   Operation 184 'br' 'br_ln887' <Predicate = (!icmp_ln909 & !precise_fence)> <Delay = 0.42>
ST_11 : Operation 185 [1/1] (0.00ns)   --->   "%state_rob_head_load_3 = load i5 %state_rob_head" [/home/lab_726/boom/hls_boom/src/boom_core_merged.cpp:602]   --->   Operation 185 'load' 'state_rob_head_load_3' <Predicate = (!icmp_ln909 & load_any & !precise_fence)> <Delay = 0.00>
ST_11 : Operation 186 [1/1] (0.78ns)   --->   "%selected_age = sub i5 0, i5 %state_rob_head_load_3" [/home/lab_726/boom/hls_boom/src/boom_core_merged.cpp:886]   --->   Operation 186 'sub' 'selected_age' <Predicate = (!icmp_ln909 & load_any & !precise_fence)> <Delay = 0.78> <CoreInst = "Adder">   --->   Core 1 'Adder' <Latency = 0> <II = 1> <Delay = 1.08> <FuncUnit> <Opcode : 'add' 'sub'> <InPorts = 2> <OutPorts = 1>
ST_11 : Operation 187 [1/1] (0.00ns)   --->   "%zext_ln886 = zext i5 %selected_age" [/home/lab_726/boom/hls_boom/src/boom_core_merged.cpp:886]   --->   Operation 187 'zext' 'zext_ln886' <Predicate = (!icmp_ln909 & load_any & !precise_fence)> <Delay = 0.00>
ST_11 : Operation 188 [1/1] (0.42ns)   --->   "%br_ln890 = br void %._crit_edge36" [/home/lab_726/boom/hls_boom/src/boom_core_merged.cpp:890]   --->   Operation 188 'br' 'br_ln890' <Predicate = (!icmp_ln909 & load_any & !precise_fence)> <Delay = 0.42>
ST_11 : Operation 189 [1/1] (0.00ns)   --->   "%selected_age_1 = phi i6 %zext_ln886, void, i6 32, void %_ifconv" [/home/lab_726/boom/hls_boom/src/boom_core_merged.cpp:886]   --->   Operation 189 'phi' 'selected_age_1' <Predicate = (!icmp_ln909 & !precise_fence)> <Delay = 0.00>
ST_11 : Operation 190 [1/1] (0.00ns)   --->   "%trunc_ln886 = trunc i6 %selected_age_1" [/home/lab_726/boom/hls_boom/src/boom_core_merged.cpp:886]   --->   Operation 190 'trunc' 'trunc_ln886' <Predicate = (!icmp_ln909 & !precise_fence)> <Delay = 0.00>
ST_11 : Operation 191 [1/1] (0.42ns)   --->   "%br_ln891 = br i1 %mem, void %._crit_edge37, void" [/home/lab_726/boom/hls_boom/src/boom_core_merged.cpp:891]   --->   Operation 191 'br' 'br_ln891' <Predicate = (!icmp_ln909 & !precise_fence)> <Delay = 0.42>
ST_11 : Operation 192 [1/1] (0.00ns)   --->   "%state_rob_head_load_4 = load i5 %state_rob_head" [/home/lab_726/boom/hls_boom/src/boom_core_merged.cpp:602]   --->   Operation 192 'load' 'state_rob_head_load_4' <Predicate = (!icmp_ln909 & !precise_fence & mem)> <Delay = 0.00>
ST_11 : Operation 193 [1/1] (0.78ns)   --->   "%selected_age_4 = sub i5 %index_1, i5 %state_rob_head_load_4" [/home/lab_726/boom/hls_boom/src/boom_core_merged.cpp:886]   --->   Operation 193 'sub' 'selected_age_4' <Predicate = (!icmp_ln909 & !precise_fence & mem)> <Delay = 0.78> <CoreInst = "Adder">   --->   Core 1 'Adder' <Latency = 0> <II = 1> <Delay = 1.08> <FuncUnit> <Opcode : 'add' 'sub'> <InPorts = 2> <OutPorts = 1>
ST_11 : Operation 194 [1/1] (0.00ns)   --->   "%zext_ln886_1 = zext i5 %selected_age_4" [/home/lab_726/boom/hls_boom/src/boom_core_merged.cpp:886]   --->   Operation 194 'zext' 'zext_ln886_1' <Predicate = (!icmp_ln909 & !precise_fence & mem)> <Delay = 0.00>
ST_11 : Operation 195 [1/1] (0.78ns)   --->   "%icmp_ln893 = icmp_ult  i6 %zext_ln886_1, i6 %selected_age_1" [/home/lab_726/boom/hls_boom/src/boom_core_merged.cpp:893]   --->   Operation 195 'icmp' 'icmp_ln893' <Predicate = (!icmp_ln909 & !precise_fence & mem)> <Delay = 0.78> <CoreInst = "Cmp">   --->   Core 9 'Cmp' <Latency = 0> <II = 1> <Delay = 0.58> <FuncUnit> <Opcode : 'icmp'> <InPorts = 2> <OutPorts = 1>
ST_11 : Operation 196 [1/1] (0.28ns)   --->   "%or_ln893 = or i1 %icmp_ln893, i1 %xor_ln865" [/home/lab_726/boom/hls_boom/src/boom_core_merged.cpp:893]   --->   Operation 196 'or' 'or_ln893' <Predicate = (!icmp_ln909 & !precise_fence & mem)> <Delay = 0.28> <CoreInst = "LogicGate">   --->   Core 74 'LogicGate' <Latency = 0> <II = 1> <Delay = 0.28> <FuncUnit> <Opcode : 'and' 'or' 'xor'> <InPorts = 2> <OutPorts = 1>
ST_11 : Operation 197 [1/1] (0.41ns)   --->   "%select_ln893 = select i1 %or_ln893, i5 %selected_age_4, i5 %trunc_ln886" [/home/lab_726/boom/hls_boom/src/boom_core_merged.cpp:893]   --->   Operation 197 'select' 'select_ln893' <Predicate = (!icmp_ln909 & !precise_fence & mem)> <Delay = 0.41> <CoreInst = "Sel">   --->   Core 73 'Sel' <Latency = 0> <II = 1> <Delay = 0.17> <FuncUnit> <Opcode : 'select'> <InPorts = 3> <OutPorts = 1>
ST_11 : Operation 198 [1/1] (0.00ns)   --->   "%zext_ln893 = zext i5 %select_ln893" [/home/lab_726/boom/hls_boom/src/boom_core_merged.cpp:893]   --->   Operation 198 'zext' 'zext_ln893' <Predicate = (!icmp_ln909 & !precise_fence & mem)> <Delay = 0.00>
ST_11 : Operation 199 [1/1] (0.42ns)   --->   "%br_ln893 = br void %._crit_edge37" [/home/lab_726/boom/hls_boom/src/boom_core_merged.cpp:893]   --->   Operation 199 'br' 'br_ln893' <Predicate = (!icmp_ln909 & !precise_fence & mem)> <Delay = 0.42>
ST_11 : Operation 200 [1/1] (0.00ns)   --->   "%state_completion_rob_completes_this_cycle_load = load i8 %state_completion_rob_completes_this_cycle" [/home/lab_726/boom/hls_boom/src/boom_core_merged.cpp:965]   --->   Operation 200 'load' 'state_completion_rob_completes_this_cycle_load' <Predicate = (precise_fence) | (icmp_ln909)> <Delay = 0.00>
ST_11 : Operation 201 [1/1] (0.00ns)   --->   "%state_completion_peak_rob_completes_load = load i8 %state_completion_peak_rob_completes" [/home/lab_726/boom/hls_boom/src/boom_core_merged.cpp:965]   --->   Operation 201 'load' 'state_completion_peak_rob_completes_load' <Predicate = (precise_fence) | (icmp_ln909)> <Delay = 0.00>
ST_11 : Operation 202 [1/1] (0.84ns)   --->   "%icmp_ln965 = icmp_ugt  i8 %state_completion_rob_completes_this_cycle_load, i8 %state_completion_peak_rob_completes_load" [/home/lab_726/boom/hls_boom/src/boom_core_merged.cpp:965]   --->   Operation 202 'icmp' 'icmp_ln965' <Predicate = (precise_fence) | (icmp_ln909)> <Delay = 0.84> <CoreInst = "Cmp">   --->   Core 9 'Cmp' <Latency = 0> <II = 1> <Delay = 0.58> <FuncUnit> <Opcode : 'icmp'> <InPorts = 2> <OutPorts = 1>
ST_11 : Operation 203 [1/1] (0.00ns)   --->   "%br_ln965 = br i1 %icmp_ln965, void %.loopexit._crit_edge, void" [/home/lab_726/boom/hls_boom/src/boom_core_merged.cpp:965]   --->   Operation 203 'br' 'br_ln965' <Predicate = (precise_fence) | (icmp_ln909)> <Delay = 0.00>
ST_11 : Operation 204 [1/1] (0.00ns)   --->   "%store_ln966 = store i8 %state_completion_rob_completes_this_cycle_load, i8 %state_completion_peak_rob_completes" [/home/lab_726/boom/hls_boom/src/boom_core_merged.cpp:966]   --->   Operation 204 'store' 'store_ln966' <Predicate = (precise_fence & icmp_ln965) | (icmp_ln909 & icmp_ln965)> <Delay = 0.00>
ST_11 : Operation 205 [1/1] (0.00ns)   --->   "%br_ln966 = br void %.loopexit._crit_edge" [/home/lab_726/boom/hls_boom/src/boom_core_merged.cpp:966]   --->   Operation 205 'br' 'br_ln966' <Predicate = (precise_fence & icmp_ln965) | (icmp_ln909 & icmp_ln965)> <Delay = 0.00>
ST_11 : Operation 206 [1/1] (0.00ns)   --->   "%state_completion_prf_writes_this_cycle_load = load i8 %state_completion_prf_writes_this_cycle" [/home/lab_726/boom/hls_boom/src/boom_core_merged.cpp:967]   --->   Operation 206 'load' 'state_completion_prf_writes_this_cycle_load' <Predicate = (precise_fence) | (icmp_ln909)> <Delay = 0.00>
ST_11 : Operation 207 [1/1] (0.00ns)   --->   "%state_completion_peak_prf_writes_load = load i8 %state_completion_peak_prf_writes" [/home/lab_726/boom/hls_boom/src/boom_core_merged.cpp:967]   --->   Operation 207 'load' 'state_completion_peak_prf_writes_load' <Predicate = (precise_fence) | (icmp_ln909)> <Delay = 0.00>
ST_11 : Operation 208 [1/1] (0.84ns)   --->   "%icmp_ln967 = icmp_ugt  i8 %state_completion_prf_writes_this_cycle_load, i8 %state_completion_peak_prf_writes_load" [/home/lab_726/boom/hls_boom/src/boom_core_merged.cpp:967]   --->   Operation 208 'icmp' 'icmp_ln967' <Predicate = (precise_fence) | (icmp_ln909)> <Delay = 0.84> <CoreInst = "Cmp">   --->   Core 9 'Cmp' <Latency = 0> <II = 1> <Delay = 0.58> <FuncUnit> <Opcode : 'icmp'> <InPorts = 2> <OutPorts = 1>
ST_11 : Operation 209 [1/1] (0.00ns)   --->   "%br_ln967 = br i1 %icmp_ln967, void %._crit_edge88, void" [/home/lab_726/boom/hls_boom/src/boom_core_merged.cpp:967]   --->   Operation 209 'br' 'br_ln967' <Predicate = (precise_fence) | (icmp_ln909)> <Delay = 0.00>
ST_11 : Operation 210 [1/1] (0.00ns)   --->   "%store_ln968 = store i8 %state_completion_prf_writes_this_cycle_load, i8 %state_completion_peak_prf_writes" [/home/lab_726/boom/hls_boom/src/boom_core_merged.cpp:968]   --->   Operation 210 'store' 'store_ln968' <Predicate = (precise_fence & icmp_ln967) | (icmp_ln909 & icmp_ln967)> <Delay = 0.00>
ST_11 : Operation 211 [1/1] (0.00ns)   --->   "%br_ln968 = br void %._crit_edge88" [/home/lab_726/boom/hls_boom/src/boom_core_merged.cpp:968]   --->   Operation 211 'br' 'br_ln968' <Predicate = (precise_fence & icmp_ln967) | (icmp_ln909 & icmp_ln967)> <Delay = 0.00>
ST_11 : Operation 212 [1/1] (0.00ns)   --->   "%ret_ln969 = ret" [/home/lab_726/boom/hls_boom/src/boom_core_merged.cpp:969]   --->   Operation 212 'ret' 'ret_ln969' <Predicate = (precise_fence) | (icmp_ln909)> <Delay = 0.00>

State 12 <SV = 11> <Delay = 6.44>
ST_12 : Operation 213 [1/1] (0.00ns)   --->   "%selected = phi i1 %or_ln893, void, i1 0, void %._crit_edge36" [/home/lab_726/boom/hls_boom/src/boom_core_merged.cpp:893]   --->   Operation 213 'phi' 'selected' <Predicate = true> <Delay = 0.00>
ST_12 : Operation 214 [1/1] (0.00ns)   --->   "%selected_age_3 = phi i6 %zext_ln893, void, i6 %selected_age_1, void %._crit_edge36"   --->   Operation 214 'phi' 'selected_age_3' <Predicate = true> <Delay = 0.00>
ST_12 : Operation 215 [1/1] (0.00ns)   --->   "%zext_ln886_2 = zext i1 %selected" [/home/lab_726/boom/hls_boom/src/boom_core_merged.cpp:886]   --->   Operation 215 'zext' 'zext_ln886_2' <Predicate = true> <Delay = 0.00>
ST_12 : Operation 216 [1/1] (0.42ns)   --->   "%br_ln898 = br i1 %integer, void %._crit_edge38, void" [/home/lab_726/boom/hls_boom/src/boom_core_merged.cpp:898]   --->   Operation 216 'br' 'br_ln898' <Predicate = true> <Delay = 0.42>
ST_12 : Operation 217 [1/1] (0.00ns)   --->   "%state_rob_head_load_5 = load i5 %state_rob_head" [/home/lab_726/boom/hls_boom/src/boom_core_merged.cpp:602]   --->   Operation 217 'load' 'state_rob_head_load_5' <Predicate = (integer)> <Delay = 0.00>
ST_12 : Operation 218 [1/1] (0.78ns)   --->   "%age_3 = sub i5 %index, i5 %state_rob_head_load_5" [/home/lab_726/boom/hls_boom/src/boom_core_merged.cpp:899]   --->   Operation 218 'sub' 'age_3' <Predicate = (integer)> <Delay = 0.78> <CoreInst = "Adder">   --->   Core 1 'Adder' <Latency = 0> <II = 1> <Delay = 1.08> <FuncUnit> <Opcode : 'add' 'sub'> <InPorts = 2> <OutPorts = 1>
ST_12 : Operation 219 [1/1] (0.00ns)   --->   "%zext_ln899 = zext i5 %age_3" [/home/lab_726/boom/hls_boom/src/boom_core_merged.cpp:899]   --->   Operation 219 'zext' 'zext_ln899' <Predicate = (integer)> <Delay = 0.00>
ST_12 : Operation 220 [1/1] (0.00ns) (grouped into LUT with out node select_ln900)   --->   "%or_ln900 = or i1 %load_any, i1 %mem" [/home/lab_726/boom/hls_boom/src/boom_core_merged.cpp:900]   --->   Operation 220 'or' 'or_ln900' <Predicate = (integer)> <Delay = 0.00> <CoreInst = "LogicGate">   --->   Core 74 'LogicGate' <Latency = 0> <II = 1> <Delay = 0.28> <FuncUnit> <Opcode : 'and' 'or' 'xor'> <InPorts = 2> <OutPorts = 1>
ST_12 : Operation 221 [1/1] (0.00ns) (grouped into LUT with out node select_ln900)   --->   "%xor_ln900 = xor i1 %or_ln900, i1 1" [/home/lab_726/boom/hls_boom/src/boom_core_merged.cpp:900]   --->   Operation 221 'xor' 'xor_ln900' <Predicate = (integer)> <Delay = 0.00> <CoreInst = "LogicGate">   --->   Core 74 'LogicGate' <Latency = 0> <II = 1> <Delay = 0.28> <FuncUnit> <Opcode : 'and' 'or' 'xor'> <InPorts = 2> <OutPorts = 1>
ST_12 : Operation 222 [1/1] (0.78ns)   --->   "%icmp_ln900 = icmp_ult  i6 %zext_ln899, i6 %selected_age_3" [/home/lab_726/boom/hls_boom/src/boom_core_merged.cpp:900]   --->   Operation 222 'icmp' 'icmp_ln900' <Predicate = (integer)> <Delay = 0.78> <CoreInst = "Cmp">   --->   Core 9 'Cmp' <Latency = 0> <II = 1> <Delay = 0.58> <FuncUnit> <Opcode : 'icmp'> <InPorts = 2> <OutPorts = 1>
ST_12 : Operation 223 [1/1] (0.00ns) (grouped into LUT with out node select_ln900)   --->   "%or_ln900_1 = or i1 %icmp_ln900, i1 %xor_ln900" [/home/lab_726/boom/hls_boom/src/boom_core_merged.cpp:900]   --->   Operation 223 'or' 'or_ln900_1' <Predicate = (integer)> <Delay = 0.00> <CoreInst = "LogicGate">   --->   Core 74 'LogicGate' <Latency = 0> <II = 1> <Delay = 0.28> <FuncUnit> <Opcode : 'and' 'or' 'xor'> <InPorts = 2> <OutPorts = 1>
ST_12 : Operation 224 [1/1] (0.28ns) (out node of the LUT)   --->   "%select_ln900 = select i1 %or_ln900_1, i2 2, i2 %zext_ln886_2" [/home/lab_726/boom/hls_boom/src/boom_core_merged.cpp:900]   --->   Operation 224 'select' 'select_ln900' <Predicate = (integer)> <Delay = 0.28> <CoreInst = "Sel">   --->   Core 73 'Sel' <Latency = 0> <II = 1> <Delay = 0.17> <FuncUnit> <Opcode : 'select'> <InPorts = 3> <OutPorts = 1>
ST_12 : Operation 225 [1/1] (0.42ns)   --->   "%br_ln900 = br void %._crit_edge38" [/home/lab_726/boom/hls_boom/src/boom_core_merged.cpp:900]   --->   Operation 225 'br' 'br_ln900' <Predicate = (integer)> <Delay = 0.42>
ST_12 : Operation 226 [1/1] (0.00ns)   --->   "%retval_0_i_ph = phi i2 %select_ln900, void, i2 %zext_ln886_2, void %._crit_edge37" [/home/lab_726/boom/hls_boom/src/boom_core_merged.cpp:900]   --->   Operation 226 'phi' 'retval_0_i_ph' <Predicate = true> <Delay = 0.00>
ST_12 : Operation 227 [1/1] (0.00ns)   --->   "%br_ln918 = br i1 %selected_valid, void %._crit_edge39, void" [/home/lab_726/boom/hls_boom/src/boom_core_merged.cpp:918]   --->   Operation 227 'br' 'br_ln918' <Predicate = true> <Delay = 0.00>
ST_12 : Operation 228 [1/1] (0.58ns)   --->   "%switch_ln922 = switch i2 %retval_0_i_ph, void %._crit_edge66, i2 0, void, i2 1, void %._crit_edge52" [/home/lab_726/boom/hls_boom/src/boom_core_merged.cpp:922]   --->   Operation 228 'switch' 'switch_ln922' <Predicate = (selected_valid)> <Delay = 0.58>
ST_12 : Operation 229 [2/2] (4.58ns)   --->   "%tmp_9 = call i1 @completion_is_valid, i1 %state_completion_mem_execute_valid_load_1, i8 %zext_ln667, i8 %zext_ln667_1, i8 %zext_ln667_2, i32 %zext_ln667_3, i1 %state_rob_entries_valid, i2 %state_rob_entries_uop_queue_rob_allocation_id, i1 %state_rob_entries_busy, i1 %state_rob_entries_memory_valid, i1 %state_rob_entries_memory_completed, i1 %state_rob_entries_is_load, i1 %state_rob_entries_memory_request_sent, i1 %state_rob_entries_memory_transaction_id" [/home/lab_726/boom/hls_boom/src/boom_core_merged.cpp:623]   --->   Operation 229 'call' 'tmp_9' <Predicate = (selected_valid & retval_0_i_ph == 1)> <Delay = 4.58> <CoreType = "Generic">   --->   Core 0 '' <Latency = 0> <II = 1> <Delay = 1.00> <Generic> <Opcode : >
ST_12 : Operation 230 [2/2] (4.58ns)   --->   "%tmp_6 = call i1 @completion_is_valid, i1 0, i8 0, i8 0, i8 0, i32 0, i1 %state_rob_entries_valid, i2 %state_rob_entries_uop_queue_rob_allocation_id, i1 %state_rob_entries_busy, i1 %state_rob_entries_memory_valid, i1 %state_rob_entries_memory_completed, i1 %state_rob_entries_is_load, i1 %state_rob_entries_memory_request_sent, i1 %state_rob_entries_memory_transaction_id" [/home/lab_726/boom/hls_boom/src/boom_core_merged.cpp:623]   --->   Operation 230 'call' 'tmp_6' <Predicate = (selected_valid & retval_0_i_ph == 0)> <Delay = 4.58> <CoreType = "Generic">   --->   Core 0 '' <Latency = 0> <II = 1> <Delay = 1.00> <Generic> <Opcode : >
ST_12 : Operation 231 [2/2] (4.58ns)   --->   "%tmp_7 = call i1 @completion_is_valid, i1 %state_completion_int_execute_valid_load_1, i8 %zext_ln668, i8 %zext_ln668_1, i8 %zext_ln668_2, i32 %zext_ln668_3, i1 %state_rob_entries_valid, i2 %state_rob_entries_uop_queue_rob_allocation_id, i1 %state_rob_entries_busy, i1 %state_rob_entries_memory_valid, i1 %state_rob_entries_memory_completed, i1 %state_rob_entries_is_load, i1 %state_rob_entries_memory_request_sent, i1 %state_rob_entries_memory_transaction_id" [/home/lab_726/boom/hls_boom/src/boom_core_merged.cpp:623]   --->   Operation 231 'call' 'tmp_7' <Predicate = (selected_valid & retval_0_i_ph != 0 & retval_0_i_ph != 1)> <Delay = 4.58> <CoreType = "Generic">   --->   Core 0 '' <Latency = 0> <II = 1> <Delay = 1.00> <Generic> <Opcode : >

State 13 <SV = 12> <Delay = 4.53>
ST_13 : Operation 232 [1/2] (4.53ns)   --->   "%tmp_9 = call i1 @completion_is_valid, i1 %state_completion_mem_execute_valid_load_1, i8 %zext_ln667, i8 %zext_ln667_1, i8 %zext_ln667_2, i32 %zext_ln667_3, i1 %state_rob_entries_valid, i2 %state_rob_entries_uop_queue_rob_allocation_id, i1 %state_rob_entries_busy, i1 %state_rob_entries_memory_valid, i1 %state_rob_entries_memory_completed, i1 %state_rob_entries_is_load, i1 %state_rob_entries_memory_request_sent, i1 %state_rob_entries_memory_transaction_id" [/home/lab_726/boom/hls_boom/src/boom_core_merged.cpp:623]   --->   Operation 232 'call' 'tmp_9' <Predicate = true> <Delay = 4.53> <CoreType = "Generic">   --->   Core 0 '' <Latency = 0> <II = 1> <Delay = 1.00> <Generic> <Opcode : >
ST_13 : Operation 233 [1/1] (0.00ns)   --->   "%br_ln623 = br i1 %tmp_9, void %._crit_edge39, void" [/home/lab_726/boom/hls_boom/src/boom_core_merged.cpp:623]   --->   Operation 233 'br' 'br_ln623' <Predicate = true> <Delay = 0.00>
ST_13 : Operation 234 [1/1] (0.72ns)   --->   "%switch_ln626 = switch i3 %state_completion_mem_execute_kind_load, void %._crit_edge53, i3 5, void, i3 2, void %._crit_edge55, i3 3, void %._crit_edge55" [/home/lab_726/boom/hls_boom/src/boom_core_merged.cpp:626]   --->   Operation 234 'switch' 'switch_ln626' <Predicate = (tmp_9)> <Delay = 0.72>
ST_13 : Operation 235 [1/1] (0.00ns)   --->   "%br_ln633 = br void %._crit_edge53" [/home/lab_726/boom/hls_boom/src/boom_core_merged.cpp:633]   --->   Operation 235 'br' 'br_ln633' <Predicate = (tmp_9 & state_completion_mem_execute_kind_load == 3) | (tmp_9 & state_completion_mem_execute_kind_load == 2)> <Delay = 0.00>

State 14 <SV = 13> <Delay = 1.10>
ST_14 : Operation 236 [2/2] (1.10ns)   --->   "%call_ln627 = call void @branch_complete_event, i1 %state_completion_mem_execute_uop_branch_br_tag_load, i5 %index_1, i2 %state_completion_mem_execute_uop_queue_rob_allocation_id_load, i1 %state_rob_entries_valid, i2 %state_rob_entries_uop_queue_rob_allocation_id, i8 %state_branch_state_active_mask, i32 %state_branch_state_releases, i8 %state_decode_dec_uops_branch_br_mask_0, i8 %state_rename_dispatch_packets_uop_branch_br_mask_0, i8 %state_execute_alu_results_uop_branch_br_mask_0, i8 %state_execute_alu_results_uop_branch_br_mask_1, i8 %state_execute_alu_results_uop_branch_br_mask_2, i8 %state_issue_issued_uops_branch_br_mask_0, i8 %state_issue_issued_uops_branch_br_mask_1, i8 %state_issue_issued_uops_branch_br_mask_2, i8 %state_issue_alu_iq_entries_uop_branch_br_mask, i8 %state_rob_entries_uop_branch_br_mask, i1 %state_completion_mem_execute_valid, i8 %state_completion_mem_execute_uop_branch_br_mask, i1 %state_completion_int_execute_valid, i8 %state_completion_int_execute_uop_branch_br_mask, i8 %state_completion_wakeups_branch_mask_0, i8 %state_completion_wakeups_branch_mask_1, i8 %state_completion_wakeups_branch_mask_2, i8 %state_completion_bypass_branch_mask_0, i8 %state_completion_bypass_branch_mask_1, i8 %state_completion_bypass_branch_mask_2, i8 %state_lsu_ldq_branch_mask, i8 %state_lsu_stq_branch_mask" [/home/lab_726/boom/hls_boom/src/boom_core_merged.cpp:627]   --->   Operation 236 'call' 'call_ln627' <Predicate = true> <Delay = 1.10> <CoreType = "Generic">   --->   Core 0 '' <Latency = 0> <II = 1> <Delay = 1.00> <Generic> <Opcode : >

State 15 <SV = 14> <Delay = 0.00>
ST_15 : Operation 237 [1/2] (0.00ns)   --->   "%call_ln627 = call void @branch_complete_event, i1 %state_completion_mem_execute_uop_branch_br_tag_load, i5 %index_1, i2 %state_completion_mem_execute_uop_queue_rob_allocation_id_load, i1 %state_rob_entries_valid, i2 %state_rob_entries_uop_queue_rob_allocation_id, i8 %state_branch_state_active_mask, i32 %state_branch_state_releases, i8 %state_decode_dec_uops_branch_br_mask_0, i8 %state_rename_dispatch_packets_uop_branch_br_mask_0, i8 %state_execute_alu_results_uop_branch_br_mask_0, i8 %state_execute_alu_results_uop_branch_br_mask_1, i8 %state_execute_alu_results_uop_branch_br_mask_2, i8 %state_issue_issued_uops_branch_br_mask_0, i8 %state_issue_issued_uops_branch_br_mask_1, i8 %state_issue_issued_uops_branch_br_mask_2, i8 %state_issue_alu_iq_entries_uop_branch_br_mask, i8 %state_rob_entries_uop_branch_br_mask, i1 %state_completion_mem_execute_valid, i8 %state_completion_mem_execute_uop_branch_br_mask, i1 %state_completion_int_execute_valid, i8 %state_completion_int_execute_uop_branch_br_mask, i8 %state_completion_wakeups_branch_mask_0, i8 %state_completion_wakeups_branch_mask_1, i8 %state_completion_wakeups_branch_mask_2, i8 %state_completion_bypass_branch_mask_0, i8 %state_completion_bypass_branch_mask_1, i8 %state_completion_bypass_branch_mask_2, i8 %state_lsu_ldq_branch_mask, i8 %state_lsu_stq_branch_mask" [/home/lab_726/boom/hls_boom/src/boom_core_merged.cpp:627]   --->   Operation 237 'call' 'call_ln627' <Predicate = true> <Delay = 0.00> <CoreType = "Generic">   --->   Core 0 '' <Latency = 0> <II = 1> <Delay = 1.00> <Generic> <Opcode : >

State 16 <SV = 15> <Delay = 0.67>
ST_16 : Operation 238 [1/1] (0.00ns)   --->   "%zext_ln576_1 = zext i5 %index_1" [/home/lab_726/boom/hls_boom/src/boom_core_merged.cpp:576]   --->   Operation 238 'zext' 'zext_ln576_1' <Predicate = true> <Delay = 0.00>
ST_16 : Operation 239 [1/1] (0.00ns)   --->   "%state_rob_entries_valid_addr = getelementptr i1 %state_rob_entries_valid, i64 0, i64 %zext_ln576_1" [/home/lab_726/boom/hls_boom/src/boom_core_merged.cpp:576]   --->   Operation 239 'getelementptr' 'state_rob_entries_valid_addr' <Predicate = true> <Delay = 0.00>
ST_16 : Operation 240 [2/2] (0.67ns)   --->   "%state_rob_entries_valid_load_1 = load i5 %state_rob_entries_valid_addr" [/home/lab_726/boom/hls_boom/src/boom_core_merged.cpp:576]   --->   Operation 240 'load' 'state_rob_entries_valid_load_1' <Predicate = true> <Delay = 0.67> <CoreInst = "RAM">   --->   Core 83 'RAM' <Latency = 1> <II = 1> <Delay = 0.67> <Storage> <Opcode : 'load' 'store'> <Ports = 2> <Width = 1> <Depth = 32> <RAM>

State 17 <SV = 16> <Delay = 0.67>
ST_17 : Operation 241 [1/2] (0.67ns)   --->   "%state_rob_entries_valid_load_1 = load i5 %state_rob_entries_valid_addr" [/home/lab_726/boom/hls_boom/src/boom_core_merged.cpp:576]   --->   Operation 241 'load' 'state_rob_entries_valid_load_1' <Predicate = true> <Delay = 0.67> <CoreInst = "RAM">   --->   Core 83 'RAM' <Latency = 1> <II = 1> <Delay = 0.67> <Storage> <Opcode : 'load' 'store'> <Ports = 2> <Width = 1> <Depth = 32> <RAM>
ST_17 : Operation 242 [1/1] (0.00ns)   --->   "%br_ln576 = br i1 %state_rob_entries_valid_load_1, void %._crit_edge56, void %_ZN4boom24completion_has_rob_ownerERK13BoomCoreStateRK16RobCompleteEvent.80.92.134.162.190.218.246.274.302.exit66" [/home/lab_726/boom/hls_boom/src/boom_core_merged.cpp:576]   --->   Operation 242 'br' 'br_ln576' <Predicate = true> <Delay = 0.00>
ST_17 : Operation 243 [1/1] (0.00ns)   --->   "%state_rob_entries_uop_queue_rob_allocation_id_addr = getelementptr i2 %state_rob_entries_uop_queue_rob_allocation_id, i64 0, i64 %zext_ln576_1" [/home/lab_726/boom/hls_boom/src/boom_core_merged.cpp:577]   --->   Operation 243 'getelementptr' 'state_rob_entries_uop_queue_rob_allocation_id_addr' <Predicate = (state_rob_entries_valid_load_1)> <Delay = 0.00>
ST_17 : Operation 244 [2/2] (0.67ns)   --->   "%state_rob_entries_uop_queue_rob_allocation_id_load_1 = load i5 %state_rob_entries_uop_queue_rob_allocation_id_addr" [/home/lab_726/boom/hls_boom/src/boom_core_merged.cpp:577]   --->   Operation 244 'load' 'state_rob_entries_uop_queue_rob_allocation_id_load_1' <Predicate = (state_rob_entries_valid_load_1)> <Delay = 0.67> <CoreInst = "RAM">   --->   Core 83 'RAM' <Latency = 1> <II = 1> <Delay = 0.67> <Storage> <Opcode : 'load' 'store'> <Ports = 2> <Width = 2> <Depth = 32> <RAM>

State 18 <SV = 17> <Delay = 2.36>
ST_18 : Operation 245 [1/2] (0.67ns)   --->   "%state_rob_entries_uop_queue_rob_allocation_id_load_1 = load i5 %state_rob_entries_uop_queue_rob_allocation_id_addr" [/home/lab_726/boom/hls_boom/src/boom_core_merged.cpp:577]   --->   Operation 245 'load' 'state_rob_entries_uop_queue_rob_allocation_id_load_1' <Predicate = (selected_valid & retval_0_i_ph == 1 & tmp_9 & state_completion_mem_execute_kind_load == 5 & state_rob_entries_valid_load_1)> <Delay = 0.67> <CoreInst = "RAM">   --->   Core 83 'RAM' <Latency = 1> <II = 1> <Delay = 0.67> <Storage> <Opcode : 'load' 'store'> <Ports = 2> <Width = 2> <Depth = 32> <RAM>
ST_18 : Operation 246 [1/1] (0.44ns)   --->   "%icmp_ln577_1 = icmp_eq  i2 %state_rob_entries_uop_queue_rob_allocation_id_load_1, i2 %state_completion_mem_execute_uop_queue_rob_allocation_id_load" [/home/lab_726/boom/hls_boom/src/boom_core_merged.cpp:577]   --->   Operation 246 'icmp' 'icmp_ln577_1' <Predicate = (selected_valid & retval_0_i_ph == 1 & tmp_9 & state_completion_mem_execute_kind_load == 5 & state_rob_entries_valid_load_1)> <Delay = 0.44> <CoreInst = "Cmp">   --->   Core 9 'Cmp' <Latency = 0> <II = 1> <Delay = 0.58> <FuncUnit> <Opcode : 'icmp'> <InPorts = 2> <OutPorts = 1>
ST_18 : Operation 247 [1/1] (0.00ns)   --->   "%br_ln629 = br i1 %icmp_ln577_1, void %._crit_edge56, void %._crit_edge53" [/home/lab_726/boom/hls_boom/src/boom_core_merged.cpp:629]   --->   Operation 247 'br' 'br_ln629' <Predicate = (selected_valid & retval_0_i_ph == 1 & tmp_9 & state_completion_mem_execute_kind_load == 5 & state_rob_entries_valid_load_1)> <Delay = 0.00>
ST_18 : Operation 248 [1/1] (0.00ns)   --->   "%zext_ln638_1 = zext i5 %index_1" [/home/lab_726/boom/hls_boom/src/boom_core_merged.cpp:638]   --->   Operation 248 'zext' 'zext_ln638_1' <Predicate = (selected_valid & retval_0_i_ph == 1 & tmp_9 & state_rob_entries_valid_load_1 & icmp_ln577_1) | (selected_valid & retval_0_i_ph == 1 & tmp_9 & state_completion_mem_execute_kind_load != 5)> <Delay = 0.00>
ST_18 : Operation 249 [1/1] (0.00ns)   --->   "%state_rob_entries_busy_addr = getelementptr i1 %state_rob_entries_busy, i64 0, i64 %zext_ln638_1" [/home/lab_726/boom/hls_boom/src/boom_core_merged.cpp:640]   --->   Operation 249 'getelementptr' 'state_rob_entries_busy_addr' <Predicate = (selected_valid & retval_0_i_ph == 1 & tmp_9 & state_rob_entries_valid_load_1 & icmp_ln577_1) | (selected_valid & retval_0_i_ph == 1 & tmp_9 & state_completion_mem_execute_kind_load != 5)> <Delay = 0.00>
ST_18 : Operation 250 [1/1] (0.67ns)   --->   "%store_ln640 = store i1 0, i5 %state_rob_entries_busy_addr" [/home/lab_726/boom/hls_boom/src/boom_core_merged.cpp:640]   --->   Operation 250 'store' 'store_ln640' <Predicate = (selected_valid & retval_0_i_ph == 1 & tmp_9 & state_rob_entries_valid_load_1 & icmp_ln577_1) | (selected_valid & retval_0_i_ph == 1 & tmp_9 & state_completion_mem_execute_kind_load != 5)> <Delay = 0.67> <CoreInst = "RAM">   --->   Core 83 'RAM' <Latency = 1> <II = 1> <Delay = 0.67> <Storage> <Opcode : 'load' 'store'> <Ports = 2> <Width = 1> <Depth = 32> <RAM>
ST_18 : Operation 251 [1/1] (0.58ns)   --->   "%icmp_ln648_1 = icmp_eq  i3 %state_completion_mem_execute_kind_load, i3 4" [/home/lab_726/boom/hls_boom/src/boom_core_merged.cpp:648]   --->   Operation 251 'icmp' 'icmp_ln648_1' <Predicate = (selected_valid & retval_0_i_ph == 1 & tmp_9 & state_rob_entries_valid_load_1 & icmp_ln577_1) | (selected_valid & retval_0_i_ph == 1 & tmp_9 & state_completion_mem_execute_kind_load != 5)> <Delay = 0.58> <CoreInst = "Cmp">   --->   Core 9 'Cmp' <Latency = 0> <II = 1> <Delay = 0.58> <FuncUnit> <Opcode : 'icmp'> <InPorts = 2> <OutPorts = 1>
ST_18 : Operation 252 [1/1] (0.00ns)   --->   "%br_ln650 = br i1 %oldest_writes_2, void %._crit_edge63, void" [/home/lab_726/boom/hls_boom/src/boom_core_merged.cpp:650]   --->   Operation 252 'br' 'br_ln650' <Predicate = (selected_valid & retval_0_i_ph == 1 & tmp_9 & state_rob_entries_valid_load_1 & icmp_ln577_1) | (selected_valid & retval_0_i_ph == 1 & tmp_9 & state_completion_mem_execute_kind_load != 5)> <Delay = 0.00>
ST_18 : Operation 253 [1/1] (0.00ns)   --->   "%zext_ln651_1 = zext i2 %state_completion_mem_execute_uop_rename_pdst_load" [/home/lab_726/boom/hls_boom/src/boom_core_merged.cpp:651]   --->   Operation 253 'zext' 'zext_ln651_1' <Predicate = (selected_valid & retval_0_i_ph == 1 & tmp_9 & state_rob_entries_valid_load_1 & icmp_ln577_1 & oldest_writes_2) | (selected_valid & retval_0_i_ph == 1 & tmp_9 & state_completion_mem_execute_kind_load != 5 & oldest_writes_2)> <Delay = 0.00>
ST_18 : Operation 254 [1/1] (0.00ns)   --->   "%state_int_rf_addr_1 = getelementptr i56 %state_int_rf, i64 0, i64 %zext_ln651_1" [/home/lab_726/boom/hls_boom/src/boom_core_merged.cpp:651]   --->   Operation 254 'getelementptr' 'state_int_rf_addr_1' <Predicate = (selected_valid & retval_0_i_ph == 1 & tmp_9 & state_rob_entries_valid_load_1 & icmp_ln577_1 & oldest_writes_2) | (selected_valid & retval_0_i_ph == 1 & tmp_9 & state_completion_mem_execute_kind_load != 5 & oldest_writes_2)> <Delay = 0.00>
ST_18 : Operation 255 [1/1] (1.23ns)   --->   "%store_ln651 = store i56 %trunc_ln668, i6 %state_int_rf_addr_1" [/home/lab_726/boom/hls_boom/src/boom_core_merged.cpp:651]   --->   Operation 255 'store' 'store_ln651' <Predicate = (selected_valid & retval_0_i_ph == 1 & tmp_9 & state_rob_entries_valid_load_1 & icmp_ln577_1 & oldest_writes_2) | (selected_valid & retval_0_i_ph == 1 & tmp_9 & state_completion_mem_execute_kind_load != 5 & oldest_writes_2)> <Delay = 1.23> <CoreInst = "RAM">   --->   Core 83 'RAM' <Latency = 1> <II = 1> <Delay = 1.23> <Storage> <Opcode : 'load' 'store'> <Ports = 2> <Width = 56> <Depth = 52> <RAM>
ST_18 : Operation 256 [1/1] (0.00ns)   --->   "%br_ln653 = br void %._crit_edge63" [/home/lab_726/boom/hls_boom/src/boom_core_merged.cpp:653]   --->   Operation 256 'br' 'br_ln653' <Predicate = (selected_valid & retval_0_i_ph == 1 & tmp_9 & state_rob_entries_valid_load_1 & icmp_ln577_1 & oldest_writes_2) | (selected_valid & retval_0_i_ph == 1 & tmp_9 & state_completion_mem_execute_kind_load != 5 & oldest_writes_2)> <Delay = 0.00>
ST_18 : Operation 257 [1/1] (0.00ns)   --->   "%br_ln654 = br i1 %icmp_ln648_1, void %._crit_edge64, void %._crit_edge65" [/home/lab_726/boom/hls_boom/src/boom_core_merged.cpp:654]   --->   Operation 257 'br' 'br_ln654' <Predicate = (selected_valid & retval_0_i_ph == 1 & tmp_9 & state_rob_entries_valid_load_1 & icmp_ln577_1) | (selected_valid & retval_0_i_ph == 1 & tmp_9 & state_completion_mem_execute_kind_load != 5)> <Delay = 0.00>
ST_18 : Operation 258 [1/1] (0.00ns)   --->   "%state_rob_entries_memory_completed_addr = getelementptr i1 %state_rob_entries_memory_completed, i64 0, i64 %zext_ln638_1" [/home/lab_726/boom/hls_boom/src/boom_core_merged.cpp:655]   --->   Operation 258 'getelementptr' 'state_rob_entries_memory_completed_addr' <Predicate = (selected_valid & retval_0_i_ph == 1 & tmp_9 & state_rob_entries_valid_load_1 & icmp_ln577_1 & icmp_ln648_1) | (selected_valid & retval_0_i_ph == 1 & tmp_9 & state_completion_mem_execute_kind_load != 5 & icmp_ln648_1)> <Delay = 0.00>
ST_18 : Operation 259 [1/1] (0.67ns)   --->   "%store_ln655 = store i1 1, i5 %state_rob_entries_memory_completed_addr" [/home/lab_726/boom/hls_boom/src/boom_core_merged.cpp:655]   --->   Operation 259 'store' 'store_ln655' <Predicate = (selected_valid & retval_0_i_ph == 1 & tmp_9 & state_rob_entries_valid_load_1 & icmp_ln577_1 & icmp_ln648_1) | (selected_valid & retval_0_i_ph == 1 & tmp_9 & state_completion_mem_execute_kind_load != 5 & icmp_ln648_1)> <Delay = 0.67> <CoreInst = "RAM">   --->   Core 83 'RAM' <Latency = 1> <II = 1> <Delay = 0.67> <Storage> <Opcode : 'load' 'store'> <Ports = 2> <Width = 1> <Depth = 32> <RAM>
ST_18 : Operation 260 [1/1] (0.00ns)   --->   "%br_ln657 = br void %._crit_edge64" [/home/lab_726/boom/hls_boom/src/boom_core_merged.cpp:657]   --->   Operation 260 'br' 'br_ln657' <Predicate = (selected_valid & retval_0_i_ph == 1 & tmp_9 & state_rob_entries_valid_load_1 & icmp_ln577_1 & icmp_ln648_1) | (selected_valid & retval_0_i_ph == 1 & tmp_9 & state_completion_mem_execute_kind_load != 5 & icmp_ln648_1)> <Delay = 0.00>
ST_18 : Operation 261 [1/1] (0.00ns)   --->   "%br_ln658 = br void %._crit_edge56" [/home/lab_726/boom/hls_boom/src/boom_core_merged.cpp:658]   --->   Operation 261 'br' 'br_ln658' <Predicate = (selected_valid & retval_0_i_ph == 1 & tmp_9 & state_rob_entries_valid_load_1 & icmp_ln577_1) | (selected_valid & retval_0_i_ph == 1 & tmp_9 & state_completion_mem_execute_kind_load != 5)> <Delay = 0.00>
ST_18 : Operation 262 [1/1] (0.00ns)   --->   "%store_ln940 = store i1 0, i1 %state_completion_mem_execute_valid" [/home/lab_726/boom/hls_boom/src/boom_core_merged.cpp:940]   --->   Operation 262 'store' 'store_ln940' <Predicate = (selected_valid & retval_0_i_ph == 1 & tmp_9)> <Delay = 0.00>
ST_18 : Operation 263 [1/1] (0.00ns)   --->   "%store_ln940 = store i3 0, i3 %state_completion_mem_execute_kind" [/home/lab_726/boom/hls_boom/src/boom_core_merged.cpp:940]   --->   Operation 263 'store' 'store_ln940' <Predicate = (selected_valid & retval_0_i_ph == 1 & tmp_9)> <Delay = 0.00>
ST_18 : Operation 264 [1/1] (0.00ns)   --->   "%store_ln940 = store i1 0, i1 %state_completion_mem_execute_source" [/home/lab_726/boom/hls_boom/src/boom_core_merged.cpp:940]   --->   Operation 264 'store' 'store_ln940' <Predicate = (selected_valid & retval_0_i_ph == 1 & tmp_9)> <Delay = 0.00>
ST_18 : Operation 265 [1/1] (0.00ns)   --->   "%store_ln940 = store i8 0, i8 %state_completion_mem_execute_uop_branch_br_mask" [/home/lab_726/boom/hls_boom/src/boom_core_merged.cpp:940]   --->   Operation 265 'store' 'store_ln940' <Predicate = (selected_valid & retval_0_i_ph == 1 & tmp_9)> <Delay = 0.00>
ST_18 : Operation 266 [1/1] (0.00ns)   --->   "%store_ln940 = store i1 0, i1 %state_completion_mem_execute_uop_branch_br_tag" [/home/lab_726/boom/hls_boom/src/boom_core_merged.cpp:940]   --->   Operation 266 'store' 'store_ln940' <Predicate = (selected_valid & retval_0_i_ph == 1 & tmp_9)> <Delay = 0.00>
ST_18 : Operation 267 [1/1] (0.00ns)   --->   "%store_ln940 = store i5 0, i5 %state_completion_mem_execute_uop_queue_rob_idx" [/home/lab_726/boom/hls_boom/src/boom_core_merged.cpp:940]   --->   Operation 267 'store' 'store_ln940' <Predicate = (selected_valid & retval_0_i_ph == 1 & tmp_9)> <Delay = 0.00>
ST_18 : Operation 268 [1/1] (0.00ns)   --->   "%store_ln940 = store i2 0, i2 %state_completion_mem_execute_uop_queue_rob_allocation_id" [/home/lab_726/boom/hls_boom/src/boom_core_merged.cpp:940]   --->   Operation 268 'store' 'store_ln940' <Predicate = (selected_valid & retval_0_i_ph == 1 & tmp_9)> <Delay = 0.00>
ST_18 : Operation 269 [1/1] (0.00ns)   --->   "%store_ln940 = store i2 0, i2 %state_completion_mem_execute_uop_rename_pdst" [/home/lab_726/boom/hls_boom/src/boom_core_merged.cpp:940]   --->   Operation 269 'store' 'store_ln940' <Predicate = (selected_valid & retval_0_i_ph == 1 & tmp_9)> <Delay = 0.00>
ST_18 : Operation 270 [1/1] (0.00ns)   --->   "%store_ln940 = store i1 0, i1 %state_completion_mem_execute_writes_prf" [/home/lab_726/boom/hls_boom/src/boom_core_merged.cpp:940]   --->   Operation 270 'store' 'store_ln940' <Predicate = (selected_valid & retval_0_i_ph == 1 & tmp_9)> <Delay = 0.00>
ST_18 : Operation 271 [1/1] (0.00ns)   --->   "%store_ln940 = store i64 0, i64 %state_completion_mem_execute_value" [/home/lab_726/boom/hls_boom/src/boom_core_merged.cpp:940]   --->   Operation 271 'store' 'store_ln940' <Predicate = (selected_valid & retval_0_i_ph == 1 & tmp_9)> <Delay = 0.00>
ST_18 : Operation 272 [1/1] (0.00ns)   --->   "%store_ln941 = store i1 0, i1 %state_completion_wakeup_sent_1" [/home/lab_726/boom/hls_boom/src/boom_core_merged.cpp:941]   --->   Operation 272 'store' 'store_ln941' <Predicate = (selected_valid & retval_0_i_ph == 1 & tmp_9)> <Delay = 0.00>
ST_18 : Operation 273 [1/1] (0.42ns)   --->   "%br_ln954 = br void %._crit_edge80" [/home/lab_726/boom/hls_boom/src/boom_core_merged.cpp:954]   --->   Operation 273 'br' 'br_ln954' <Predicate = (selected_valid & retval_0_i_ph == 1 & tmp_9)> <Delay = 0.42>
ST_18 : Operation 274 [1/2] (0.67ns)   --->   "%state_rob_entries_uop_queue_rob_allocation_id_load = load i5 %state_rob_entries_uop_queue_rob_allocation_id_addr_3" [/home/lab_726/boom/hls_boom/src/boom_core_merged.cpp:577]   --->   Operation 274 'load' 'state_rob_entries_uop_queue_rob_allocation_id_load' <Predicate = (selected_valid & retval_0_i_ph != 0 & retval_0_i_ph != 1 & tmp_7 & state_completion_int_execute_kind_load == 5 & state_rob_entries_valid_load)> <Delay = 0.67> <CoreInst = "RAM">   --->   Core 83 'RAM' <Latency = 1> <II = 1> <Delay = 0.67> <Storage> <Opcode : 'load' 'store'> <Ports = 2> <Width = 2> <Depth = 32> <RAM>
ST_18 : Operation 275 [1/1] (0.44ns)   --->   "%icmp_ln577 = icmp_eq  i2 %state_rob_entries_uop_queue_rob_allocation_id_load, i2 %state_completion_int_execute_uop_queue_rob_allocation_id_load" [/home/lab_726/boom/hls_boom/src/boom_core_merged.cpp:577]   --->   Operation 275 'icmp' 'icmp_ln577' <Predicate = (selected_valid & retval_0_i_ph != 0 & retval_0_i_ph != 1 & tmp_7 & state_completion_int_execute_kind_load == 5 & state_rob_entries_valid_load)> <Delay = 0.44> <CoreInst = "Cmp">   --->   Core 9 'Cmp' <Latency = 0> <II = 1> <Delay = 0.58> <FuncUnit> <Opcode : 'icmp'> <InPorts = 2> <OutPorts = 1>
ST_18 : Operation 276 [1/1] (0.00ns)   --->   "%br_ln629 = br i1 %icmp_ln577, void %._crit_edge70, void %._crit_edge67" [/home/lab_726/boom/hls_boom/src/boom_core_merged.cpp:629]   --->   Operation 276 'br' 'br_ln629' <Predicate = (selected_valid & retval_0_i_ph != 0 & retval_0_i_ph != 1 & tmp_7 & state_completion_int_execute_kind_load == 5 & state_rob_entries_valid_load)> <Delay = 0.00>
ST_18 : Operation 277 [1/1] (0.00ns)   --->   "%zext_ln638 = zext i5 %index" [/home/lab_726/boom/hls_boom/src/boom_core_merged.cpp:638]   --->   Operation 277 'zext' 'zext_ln638' <Predicate = (selected_valid & retval_0_i_ph != 0 & retval_0_i_ph != 1 & tmp_7 & state_rob_entries_valid_load & icmp_ln577) | (selected_valid & retval_0_i_ph != 0 & retval_0_i_ph != 1 & tmp_7 & state_completion_int_execute_kind_load != 5)> <Delay = 0.00>
ST_18 : Operation 278 [1/1] (0.00ns)   --->   "%state_rob_entries_busy_addr_3 = getelementptr i1 %state_rob_entries_busy, i64 0, i64 %zext_ln638" [/home/lab_726/boom/hls_boom/src/boom_core_merged.cpp:640]   --->   Operation 278 'getelementptr' 'state_rob_entries_busy_addr_3' <Predicate = (selected_valid & retval_0_i_ph != 0 & retval_0_i_ph != 1 & tmp_7 & state_rob_entries_valid_load & icmp_ln577) | (selected_valid & retval_0_i_ph != 0 & retval_0_i_ph != 1 & tmp_7 & state_completion_int_execute_kind_load != 5)> <Delay = 0.00>
ST_18 : Operation 279 [1/1] (0.67ns)   --->   "%store_ln640 = store i1 0, i5 %state_rob_entries_busy_addr_3" [/home/lab_726/boom/hls_boom/src/boom_core_merged.cpp:640]   --->   Operation 279 'store' 'store_ln640' <Predicate = (selected_valid & retval_0_i_ph != 0 & retval_0_i_ph != 1 & tmp_7 & state_rob_entries_valid_load & icmp_ln577) | (selected_valid & retval_0_i_ph != 0 & retval_0_i_ph != 1 & tmp_7 & state_completion_int_execute_kind_load != 5)> <Delay = 0.67> <CoreInst = "RAM">   --->   Core 83 'RAM' <Latency = 1> <II = 1> <Delay = 0.67> <Storage> <Opcode : 'load' 'store'> <Ports = 2> <Width = 1> <Depth = 32> <RAM>
ST_18 : Operation 280 [1/1] (0.58ns)   --->   "%icmp_ln648 = icmp_eq  i3 %state_completion_int_execute_kind_load, i3 4" [/home/lab_726/boom/hls_boom/src/boom_core_merged.cpp:648]   --->   Operation 280 'icmp' 'icmp_ln648' <Predicate = (selected_valid & retval_0_i_ph != 0 & retval_0_i_ph != 1 & tmp_7 & state_rob_entries_valid_load & icmp_ln577) | (selected_valid & retval_0_i_ph != 0 & retval_0_i_ph != 1 & tmp_7 & state_completion_int_execute_kind_load != 5)> <Delay = 0.58> <CoreInst = "Cmp">   --->   Core 9 'Cmp' <Latency = 0> <II = 1> <Delay = 0.58> <FuncUnit> <Opcode : 'icmp'> <InPorts = 2> <OutPorts = 1>
ST_18 : Operation 281 [1/1] (0.00ns)   --->   "%br_ln650 = br i1 %oldest_writes, void %._crit_edge77, void" [/home/lab_726/boom/hls_boom/src/boom_core_merged.cpp:650]   --->   Operation 281 'br' 'br_ln650' <Predicate = (selected_valid & retval_0_i_ph != 0 & retval_0_i_ph != 1 & tmp_7 & state_rob_entries_valid_load & icmp_ln577) | (selected_valid & retval_0_i_ph != 0 & retval_0_i_ph != 1 & tmp_7 & state_completion_int_execute_kind_load != 5)> <Delay = 0.00>
ST_18 : Operation 282 [1/1] (0.00ns)   --->   "%zext_ln651 = zext i3 %state_completion_int_execute_uop_rename_pdst_load" [/home/lab_726/boom/hls_boom/src/boom_core_merged.cpp:651]   --->   Operation 282 'zext' 'zext_ln651' <Predicate = (selected_valid & retval_0_i_ph != 0 & retval_0_i_ph != 1 & tmp_7 & state_rob_entries_valid_load & icmp_ln577 & oldest_writes) | (selected_valid & retval_0_i_ph != 0 & retval_0_i_ph != 1 & tmp_7 & state_completion_int_execute_kind_load != 5 & oldest_writes)> <Delay = 0.00>
ST_18 : Operation 283 [1/1] (0.00ns)   --->   "%state_int_rf_addr = getelementptr i56 %state_int_rf, i64 0, i64 %zext_ln651" [/home/lab_726/boom/hls_boom/src/boom_core_merged.cpp:651]   --->   Operation 283 'getelementptr' 'state_int_rf_addr' <Predicate = (selected_valid & retval_0_i_ph != 0 & retval_0_i_ph != 1 & tmp_7 & state_rob_entries_valid_load & icmp_ln577 & oldest_writes) | (selected_valid & retval_0_i_ph != 0 & retval_0_i_ph != 1 & tmp_7 & state_completion_int_execute_kind_load != 5 & oldest_writes)> <Delay = 0.00>
ST_18 : Operation 284 [1/1] (1.23ns)   --->   "%store_ln651 = store i56 %trunc_ln853, i6 %state_int_rf_addr" [/home/lab_726/boom/hls_boom/src/boom_core_merged.cpp:651]   --->   Operation 284 'store' 'store_ln651' <Predicate = (selected_valid & retval_0_i_ph != 0 & retval_0_i_ph != 1 & tmp_7 & state_rob_entries_valid_load & icmp_ln577 & oldest_writes) | (selected_valid & retval_0_i_ph != 0 & retval_0_i_ph != 1 & tmp_7 & state_completion_int_execute_kind_load != 5 & oldest_writes)> <Delay = 1.23> <CoreInst = "RAM">   --->   Core 83 'RAM' <Latency = 1> <II = 1> <Delay = 1.23> <Storage> <Opcode : 'load' 'store'> <Ports = 2> <Width = 56> <Depth = 52> <RAM>
ST_18 : Operation 285 [1/1] (0.00ns)   --->   "%br_ln653 = br void %._crit_edge77" [/home/lab_726/boom/hls_boom/src/boom_core_merged.cpp:653]   --->   Operation 285 'br' 'br_ln653' <Predicate = (selected_valid & retval_0_i_ph != 0 & retval_0_i_ph != 1 & tmp_7 & state_rob_entries_valid_load & icmp_ln577 & oldest_writes) | (selected_valid & retval_0_i_ph != 0 & retval_0_i_ph != 1 & tmp_7 & state_completion_int_execute_kind_load != 5 & oldest_writes)> <Delay = 0.00>
ST_18 : Operation 286 [1/1] (0.00ns)   --->   "%br_ln654 = br i1 %icmp_ln648, void %._crit_edge78, void %._crit_edge79" [/home/lab_726/boom/hls_boom/src/boom_core_merged.cpp:654]   --->   Operation 286 'br' 'br_ln654' <Predicate = (selected_valid & retval_0_i_ph != 0 & retval_0_i_ph != 1 & tmp_7 & state_rob_entries_valid_load & icmp_ln577) | (selected_valid & retval_0_i_ph != 0 & retval_0_i_ph != 1 & tmp_7 & state_completion_int_execute_kind_load != 5)> <Delay = 0.00>
ST_18 : Operation 287 [1/1] (0.00ns)   --->   "%state_rob_entries_memory_completed_addr_1 = getelementptr i1 %state_rob_entries_memory_completed, i64 0, i64 %zext_ln638" [/home/lab_726/boom/hls_boom/src/boom_core_merged.cpp:655]   --->   Operation 287 'getelementptr' 'state_rob_entries_memory_completed_addr_1' <Predicate = (selected_valid & retval_0_i_ph != 0 & retval_0_i_ph != 1 & tmp_7 & state_rob_entries_valid_load & icmp_ln577 & icmp_ln648) | (selected_valid & retval_0_i_ph != 0 & retval_0_i_ph != 1 & tmp_7 & state_completion_int_execute_kind_load != 5 & icmp_ln648)> <Delay = 0.00>
ST_18 : Operation 288 [1/1] (0.67ns)   --->   "%store_ln655 = store i1 1, i5 %state_rob_entries_memory_completed_addr_1" [/home/lab_726/boom/hls_boom/src/boom_core_merged.cpp:655]   --->   Operation 288 'store' 'store_ln655' <Predicate = (selected_valid & retval_0_i_ph != 0 & retval_0_i_ph != 1 & tmp_7 & state_rob_entries_valid_load & icmp_ln577 & icmp_ln648) | (selected_valid & retval_0_i_ph != 0 & retval_0_i_ph != 1 & tmp_7 & state_completion_int_execute_kind_load != 5 & icmp_ln648)> <Delay = 0.67> <CoreInst = "RAM">   --->   Core 83 'RAM' <Latency = 1> <II = 1> <Delay = 0.67> <Storage> <Opcode : 'load' 'store'> <Ports = 2> <Width = 1> <Depth = 32> <RAM>
ST_18 : Operation 289 [1/1] (0.00ns)   --->   "%br_ln657 = br void %._crit_edge78" [/home/lab_726/boom/hls_boom/src/boom_core_merged.cpp:657]   --->   Operation 289 'br' 'br_ln657' <Predicate = (selected_valid & retval_0_i_ph != 0 & retval_0_i_ph != 1 & tmp_7 & state_rob_entries_valid_load & icmp_ln577 & icmp_ln648) | (selected_valid & retval_0_i_ph != 0 & retval_0_i_ph != 1 & tmp_7 & state_completion_int_execute_kind_load != 5 & icmp_ln648)> <Delay = 0.00>
ST_18 : Operation 290 [1/1] (0.00ns)   --->   "%br_ln658 = br void %._crit_edge70" [/home/lab_726/boom/hls_boom/src/boom_core_merged.cpp:658]   --->   Operation 290 'br' 'br_ln658' <Predicate = (selected_valid & retval_0_i_ph != 0 & retval_0_i_ph != 1 & tmp_7 & state_rob_entries_valid_load & icmp_ln577) | (selected_valid & retval_0_i_ph != 0 & retval_0_i_ph != 1 & tmp_7 & state_completion_int_execute_kind_load != 5)> <Delay = 0.00>
ST_18 : Operation 291 [1/1] (0.00ns)   --->   "%store_ln949 = store i1 0, i1 %state_completion_int_execute_valid" [/home/lab_726/boom/hls_boom/src/boom_core_merged.cpp:949]   --->   Operation 291 'store' 'store_ln949' <Predicate = (selected_valid & retval_0_i_ph != 0 & retval_0_i_ph != 1 & tmp_7)> <Delay = 0.00>
ST_18 : Operation 292 [1/1] (0.00ns)   --->   "%store_ln949 = store i3 0, i3 %state_completion_int_execute_kind" [/home/lab_726/boom/hls_boom/src/boom_core_merged.cpp:949]   --->   Operation 292 'store' 'store_ln949' <Predicate = (selected_valid & retval_0_i_ph != 0 & retval_0_i_ph != 1 & tmp_7)> <Delay = 0.00>
ST_18 : Operation 293 [1/1] (0.00ns)   --->   "%store_ln949 = store i2 0, i2 %state_completion_int_execute_source" [/home/lab_726/boom/hls_boom/src/boom_core_merged.cpp:949]   --->   Operation 293 'store' 'store_ln949' <Predicate = (selected_valid & retval_0_i_ph != 0 & retval_0_i_ph != 1 & tmp_7)> <Delay = 0.00>
ST_18 : Operation 294 [1/1] (0.00ns)   --->   "%store_ln949 = store i8 0, i8 %state_completion_int_execute_uop_branch_br_mask" [/home/lab_726/boom/hls_boom/src/boom_core_merged.cpp:949]   --->   Operation 294 'store' 'store_ln949' <Predicate = (selected_valid & retval_0_i_ph != 0 & retval_0_i_ph != 1 & tmp_7)> <Delay = 0.00>
ST_18 : Operation 295 [1/1] (0.00ns)   --->   "%store_ln949 = store i1 0, i1 %state_completion_int_execute_uop_branch_br_tag" [/home/lab_726/boom/hls_boom/src/boom_core_merged.cpp:949]   --->   Operation 295 'store' 'store_ln949' <Predicate = (selected_valid & retval_0_i_ph != 0 & retval_0_i_ph != 1 & tmp_7)> <Delay = 0.00>
ST_18 : Operation 296 [1/1] (0.00ns)   --->   "%store_ln949 = store i5 0, i5 %state_completion_int_execute_uop_queue_rob_idx" [/home/lab_726/boom/hls_boom/src/boom_core_merged.cpp:949]   --->   Operation 296 'store' 'store_ln949' <Predicate = (selected_valid & retval_0_i_ph != 0 & retval_0_i_ph != 1 & tmp_7)> <Delay = 0.00>
ST_18 : Operation 297 [1/1] (0.00ns)   --->   "%store_ln949 = store i2 0, i2 %state_completion_int_execute_uop_queue_rob_allocation_id" [/home/lab_726/boom/hls_boom/src/boom_core_merged.cpp:949]   --->   Operation 297 'store' 'store_ln949' <Predicate = (selected_valid & retval_0_i_ph != 0 & retval_0_i_ph != 1 & tmp_7)> <Delay = 0.00>
ST_18 : Operation 298 [1/1] (0.00ns)   --->   "%store_ln949 = store i3 0, i3 %state_completion_int_execute_uop_rename_pdst" [/home/lab_726/boom/hls_boom/src/boom_core_merged.cpp:949]   --->   Operation 298 'store' 'store_ln949' <Predicate = (selected_valid & retval_0_i_ph != 0 & retval_0_i_ph != 1 & tmp_7)> <Delay = 0.00>
ST_18 : Operation 299 [1/1] (0.00ns)   --->   "%store_ln949 = store i1 0, i1 %state_completion_int_execute_writes_prf" [/home/lab_726/boom/hls_boom/src/boom_core_merged.cpp:949]   --->   Operation 299 'store' 'store_ln949' <Predicate = (selected_valid & retval_0_i_ph != 0 & retval_0_i_ph != 1 & tmp_7)> <Delay = 0.00>
ST_18 : Operation 300 [1/1] (0.00ns)   --->   "%store_ln949 = store i64 0, i64 %state_completion_int_execute_value" [/home/lab_726/boom/hls_boom/src/boom_core_merged.cpp:949]   --->   Operation 300 'store' 'store_ln949' <Predicate = (selected_valid & retval_0_i_ph != 0 & retval_0_i_ph != 1 & tmp_7)> <Delay = 0.00>
ST_18 : Operation 301 [1/1] (0.00ns)   --->   "%store_ln950 = store i1 0, i1 %state_completion_wakeup_sent_2" [/home/lab_726/boom/hls_boom/src/boom_core_merged.cpp:950]   --->   Operation 301 'store' 'store_ln950' <Predicate = (selected_valid & retval_0_i_ph != 0 & retval_0_i_ph != 1 & tmp_7)> <Delay = 0.00>
ST_18 : Operation 302 [1/1] (0.42ns)   --->   "%br_ln954 = br void %._crit_edge80" [/home/lab_726/boom/hls_boom/src/boom_core_merged.cpp:954]   --->   Operation 302 'br' 'br_ln954' <Predicate = (selected_valid & retval_0_i_ph != 0 & retval_0_i_ph != 1 & tmp_7)> <Delay = 0.42>
ST_18 : Operation 303 [1/1] (0.00ns)   --->   "%writes_prf_1_ph26 = phi i1 %oldest_writes, void %._crit_edge70, i1 %oldest_writes_2, void %._crit_edge56"   --->   Operation 303 'phi' 'writes_prf_1_ph26' <Predicate = (selected_valid & retval_0_i_ph != 0 & retval_0_i_ph != 1 & tmp_7) | (selected_valid & retval_0_i_ph != 0 & retval_0_i_ph == 1 & tmp_9)> <Delay = 0.00>
ST_18 : Operation 304 [1/1] (0.00ns)   --->   "%state_completion_rob_completes_this_cycle_load_2 = load i8 %state_completion_rob_completes_this_cycle" [/home/lab_726/boom/hls_boom/src/boom_core_merged.cpp:955]   --->   Operation 304 'load' 'state_completion_rob_completes_this_cycle_load_2' <Predicate = (selected_valid & retval_0_i_ph != 0 & retval_0_i_ph != 1 & tmp_7) | (selected_valid & retval_0_i_ph != 0 & retval_0_i_ph == 1 & tmp_9)> <Delay = 0.00>
ST_18 : Operation 305 [1/1] (0.76ns)   --->   "%add_ln955_1 = add i8 %state_completion_rob_completes_this_cycle_load_2, i8 1" [/home/lab_726/boom/hls_boom/src/boom_core_merged.cpp:955]   --->   Operation 305 'add' 'add_ln955_1' <Predicate = (selected_valid & retval_0_i_ph != 0 & retval_0_i_ph != 1 & tmp_7) | (selected_valid & retval_0_i_ph != 0 & retval_0_i_ph == 1 & tmp_9)> <Delay = 0.76> <CoreInst = "Adder">   --->   Core 1 'Adder' <Latency = 0> <II = 1> <Delay = 1.08> <FuncUnit> <Opcode : 'add' 'sub'> <InPorts = 2> <OutPorts = 1>
ST_18 : Operation 306 [1/1] (0.42ns)   --->   "%store_ln955 = store i8 %add_ln955_1, i8 %state_completion_rob_completes_this_cycle" [/home/lab_726/boom/hls_boom/src/boom_core_merged.cpp:955]   --->   Operation 306 'store' 'store_ln955' <Predicate = (selected_valid & retval_0_i_ph != 0 & retval_0_i_ph != 1 & tmp_7) | (selected_valid & retval_0_i_ph != 0 & retval_0_i_ph == 1 & tmp_9)> <Delay = 0.42>
ST_18 : Operation 307 [1/1] (0.00ns)   --->   "%state_completion_total_rob_completes_load_1 = load i64 %state_completion_total_rob_completes" [/home/lab_726/boom/hls_boom/src/boom_core_merged.cpp:956]   --->   Operation 307 'load' 'state_completion_total_rob_completes_load_1' <Predicate = (selected_valid & retval_0_i_ph != 0 & retval_0_i_ph != 1 & tmp_7) | (selected_valid & retval_0_i_ph != 0 & retval_0_i_ph == 1 & tmp_9)> <Delay = 0.00>
ST_18 : Operation 308 [1/1] (1.08ns)   --->   "%add_ln956_1 = add i64 %state_completion_total_rob_completes_load_1, i64 1" [/home/lab_726/boom/hls_boom/src/boom_core_merged.cpp:956]   --->   Operation 308 'add' 'add_ln956_1' <Predicate = (selected_valid & retval_0_i_ph != 0 & retval_0_i_ph != 1 & tmp_7) | (selected_valid & retval_0_i_ph != 0 & retval_0_i_ph == 1 & tmp_9)> <Delay = 1.08> <CoreInst = "Adder">   --->   Core 1 'Adder' <Latency = 0> <II = 1> <Delay = 1.08> <FuncUnit> <Opcode : 'add' 'sub'> <InPorts = 2> <OutPorts = 1>
ST_18 : Operation 309 [1/1] (0.42ns)   --->   "%store_ln956 = store i64 %add_ln956_1, i64 %state_completion_total_rob_completes" [/home/lab_726/boom/hls_boom/src/boom_core_merged.cpp:956]   --->   Operation 309 'store' 'store_ln956' <Predicate = (selected_valid & retval_0_i_ph != 0 & retval_0_i_ph != 1 & tmp_7) | (selected_valid & retval_0_i_ph != 0 & retval_0_i_ph == 1 & tmp_9)> <Delay = 0.42>
ST_18 : Operation 310 [1/1] (0.00ns)   --->   "%br_ln958 = br i1 %writes_prf_1_ph26, void %._crit_edge39, void %.thread24._crit_edge" [/home/lab_726/boom/hls_boom/src/boom_core_merged.cpp:958]   --->   Operation 310 'br' 'br_ln958' <Predicate = (selected_valid & retval_0_i_ph != 0 & retval_0_i_ph != 1 & tmp_7) | (selected_valid & retval_0_i_ph != 0 & retval_0_i_ph == 1 & tmp_9)> <Delay = 0.00>
ST_18 : Operation 311 [1/1] (0.00ns)   --->   "%state_completion_prf_writes_this_cycle_load_1 = load i8 %state_completion_prf_writes_this_cycle" [/home/lab_726/boom/hls_boom/src/boom_core_merged.cpp:960]   --->   Operation 311 'load' 'state_completion_prf_writes_this_cycle_load_1' <Predicate = (selected_valid & retval_0_i_ph != 0 & retval_0_i_ph != 1 & tmp_7 & writes_prf_1_ph26) | (selected_valid & retval_0_i_ph != 0 & retval_0_i_ph == 1 & tmp_9 & writes_prf_1_ph26)> <Delay = 0.00>
ST_18 : Operation 312 [1/1] (0.76ns)   --->   "%add_ln960 = add i8 %state_completion_prf_writes_this_cycle_load_1, i8 1" [/home/lab_726/boom/hls_boom/src/boom_core_merged.cpp:960]   --->   Operation 312 'add' 'add_ln960' <Predicate = (selected_valid & retval_0_i_ph != 0 & retval_0_i_ph != 1 & tmp_7 & writes_prf_1_ph26) | (selected_valid & retval_0_i_ph != 0 & retval_0_i_ph == 1 & tmp_9 & writes_prf_1_ph26)> <Delay = 0.76> <CoreInst = "Adder">   --->   Core 1 'Adder' <Latency = 0> <II = 1> <Delay = 1.08> <FuncUnit> <Opcode : 'add' 'sub'> <InPorts = 2> <OutPorts = 1>
ST_18 : Operation 313 [1/1] (0.00ns)   --->   "%store_ln960 = store i8 %add_ln960, i8 %state_completion_prf_writes_this_cycle" [/home/lab_726/boom/hls_boom/src/boom_core_merged.cpp:960]   --->   Operation 313 'store' 'store_ln960' <Predicate = (selected_valid & retval_0_i_ph != 0 & retval_0_i_ph != 1 & tmp_7 & writes_prf_1_ph26) | (selected_valid & retval_0_i_ph != 0 & retval_0_i_ph == 1 & tmp_9 & writes_prf_1_ph26)> <Delay = 0.00>
ST_18 : Operation 314 [1/1] (0.00ns)   --->   "%state_completion_total_prf_writes_load = load i64 %state_completion_total_prf_writes" [/home/lab_726/boom/hls_boom/src/boom_core_merged.cpp:961]   --->   Operation 314 'load' 'state_completion_total_prf_writes_load' <Predicate = (selected_valid & retval_0_i_ph != 0 & retval_0_i_ph != 1 & tmp_7 & writes_prf_1_ph26) | (selected_valid & retval_0_i_ph != 0 & retval_0_i_ph == 1 & tmp_9 & writes_prf_1_ph26)> <Delay = 0.00>
ST_18 : Operation 315 [1/1] (1.08ns)   --->   "%add_ln961 = add i64 %state_completion_total_prf_writes_load, i64 1" [/home/lab_726/boom/hls_boom/src/boom_core_merged.cpp:961]   --->   Operation 315 'add' 'add_ln961' <Predicate = (selected_valid & retval_0_i_ph != 0 & retval_0_i_ph != 1 & tmp_7 & writes_prf_1_ph26) | (selected_valid & retval_0_i_ph != 0 & retval_0_i_ph == 1 & tmp_9 & writes_prf_1_ph26)> <Delay = 1.08> <CoreInst = "Adder">   --->   Core 1 'Adder' <Latency = 0> <II = 1> <Delay = 1.08> <FuncUnit> <Opcode : 'add' 'sub'> <InPorts = 2> <OutPorts = 1>
ST_18 : Operation 316 [1/1] (0.00ns)   --->   "%store_ln961 = store i64 %add_ln961, i64 %state_completion_total_prf_writes" [/home/lab_726/boom/hls_boom/src/boom_core_merged.cpp:961]   --->   Operation 316 'store' 'store_ln961' <Predicate = (selected_valid & retval_0_i_ph != 0 & retval_0_i_ph != 1 & tmp_7 & writes_prf_1_ph26) | (selected_valid & retval_0_i_ph != 0 & retval_0_i_ph == 1 & tmp_9 & writes_prf_1_ph26)> <Delay = 0.00>
ST_18 : Operation 317 [1/1] (0.42ns)   --->   "%store_ln962 = store i1 1, i1 %prf_used" [/home/lab_726/boom/hls_boom/src/boom_core_merged.cpp:962]   --->   Operation 317 'store' 'store_ln962' <Predicate = (selected_valid & retval_0_i_ph != 0 & retval_0_i_ph != 1 & tmp_7 & writes_prf_1_ph26) | (selected_valid & retval_0_i_ph != 0 & retval_0_i_ph == 1 & tmp_9 & writes_prf_1_ph26)> <Delay = 0.42>
ST_18 : Operation 318 [1/1] (0.00ns)   --->   "%br_ln962 = br void %._crit_edge39" [/home/lab_726/boom/hls_boom/src/boom_core_merged.cpp:962]   --->   Operation 318 'br' 'br_ln962' <Predicate = (selected_valid & retval_0_i_ph != 0 & retval_0_i_ph != 1 & tmp_7 & writes_prf_1_ph26) | (selected_valid & retval_0_i_ph != 0 & retval_0_i_ph == 1 & tmp_9 & writes_prf_1_ph26)> <Delay = 0.00>
ST_18 : Operation 319 [1/1] (0.42ns)   --->   "%store_ln909 = store i2 %service_2, i2 %service" [/home/lab_726/boom/hls_boom/src/boom_core_merged.cpp:909]   --->   Operation 319 'store' 'store_ln909' <Predicate = true> <Delay = 0.42>
ST_18 : Operation 320 [1/1] (0.00ns)   --->   "%br_ln0 = br void"   --->   Operation 320 'br' 'br_ln0' <Predicate = true> <Delay = 0.00>

State 19 <SV = 12> <Delay = 4.96>
ST_19 : Operation 321 [1/2] (4.53ns)   --->   "%tmp_6 = call i1 @completion_is_valid, i1 0, i8 0, i8 0, i8 0, i32 0, i1 %state_rob_entries_valid, i2 %state_rob_entries_uop_queue_rob_allocation_id, i1 %state_rob_entries_busy, i1 %state_rob_entries_memory_valid, i1 %state_rob_entries_memory_completed, i1 %state_rob_entries_is_load, i1 %state_rob_entries_memory_request_sent, i1 %state_rob_entries_memory_transaction_id" [/home/lab_726/boom/hls_boom/src/boom_core_merged.cpp:623]   --->   Operation 321 'call' 'tmp_6' <Predicate = true> <Delay = 4.53> <CoreType = "Generic">   --->   Core 0 '' <Latency = 0> <II = 1> <Delay = 1.00> <Generic> <Opcode : >
ST_19 : Operation 322 [1/1] (0.00ns)   --->   "%br_ln623 = br i1 %tmp_6, void %._crit_edge39, void %.thread9" [/home/lab_726/boom/hls_boom/src/boom_core_merged.cpp:623]   --->   Operation 322 'br' 'br_ln623' <Predicate = true> <Delay = 0.00>
ST_19 : Operation 323 [1/1] (0.00ns)   --->   "%state_completion_rob_completes_this_cycle_load_1 = load i8 %state_completion_rob_completes_this_cycle" [/home/lab_726/boom/hls_boom/src/boom_core_merged.cpp:955]   --->   Operation 323 'load' 'state_completion_rob_completes_this_cycle_load_1' <Predicate = (tmp_6)> <Delay = 0.00>
ST_19 : Operation 324 [1/1] (0.76ns)   --->   "%add_ln955 = add i8 %state_completion_rob_completes_this_cycle_load_1, i8 1" [/home/lab_726/boom/hls_boom/src/boom_core_merged.cpp:955]   --->   Operation 324 'add' 'add_ln955' <Predicate = (tmp_6)> <Delay = 0.76> <CoreInst = "Adder">   --->   Core 1 'Adder' <Latency = 0> <II = 1> <Delay = 1.08> <FuncUnit> <Opcode : 'add' 'sub'> <InPorts = 2> <OutPorts = 1>
ST_19 : Operation 325 [1/1] (0.42ns)   --->   "%store_ln955 = store i8 %add_ln955, i8 %state_completion_rob_completes_this_cycle" [/home/lab_726/boom/hls_boom/src/boom_core_merged.cpp:955]   --->   Operation 325 'store' 'store_ln955' <Predicate = (tmp_6)> <Delay = 0.42>
ST_19 : Operation 326 [1/1] (0.00ns)   --->   "%state_completion_total_rob_completes_load = load i64 %state_completion_total_rob_completes" [/home/lab_726/boom/hls_boom/src/boom_core_merged.cpp:956]   --->   Operation 326 'load' 'state_completion_total_rob_completes_load' <Predicate = (tmp_6)> <Delay = 0.00>
ST_19 : Operation 327 [1/1] (1.08ns)   --->   "%add_ln956 = add i64 %state_completion_total_rob_completes_load, i64 1" [/home/lab_726/boom/hls_boom/src/boom_core_merged.cpp:956]   --->   Operation 327 'add' 'add_ln956' <Predicate = (tmp_6)> <Delay = 1.08> <CoreInst = "Adder">   --->   Core 1 'Adder' <Latency = 0> <II = 1> <Delay = 1.08> <FuncUnit> <Opcode : 'add' 'sub'> <InPorts = 2> <OutPorts = 1>
ST_19 : Operation 328 [1/1] (0.42ns)   --->   "%store_ln956 = store i64 %add_ln956, i64 %state_completion_total_rob_completes" [/home/lab_726/boom/hls_boom/src/boom_core_merged.cpp:956]   --->   Operation 328 'store' 'store_ln956' <Predicate = (tmp_6)> <Delay = 0.42>

State 20 <SV = 13> <Delay = 0.67>
ST_20 : Operation 329 [1/1] (0.67ns)   --->   "%store_ln640 = store i1 0, i1 0" [/home/lab_726/boom/hls_boom/src/boom_core_merged.cpp:640]   --->   Operation 329 'store' 'store_ln640' <Predicate = true> <Delay = 0.67> <CoreInst = "RAM">   --->   Core 83 'RAM' <Latency = 1> <II = 1> <Delay = 0.67> <Storage> <Opcode : 'load' 'store'> <Ports = 2> <Width = 1> <Depth = 32> <RAM>
ST_20 : Operation 330 [1/1] (0.00ns)   --->   "%store_ln932 = store i1 0, i1 %state_completion_wakeup_sent_0" [/home/lab_726/boom/hls_boom/src/boom_core_merged.cpp:932]   --->   Operation 330 'store' 'store_ln932' <Predicate = true> <Delay = 0.00>
ST_20 : Operation 331 [1/1] (0.00ns)   --->   "%br_ln958 = br void %._crit_edge39" [/home/lab_726/boom/hls_boom/src/boom_core_merged.cpp:958]   --->   Operation 331 'br' 'br_ln958' <Predicate = true> <Delay = 0.00>

State 21 <SV = 12> <Delay = 4.53>
ST_21 : Operation 332 [1/2] (4.53ns)   --->   "%tmp_7 = call i1 @completion_is_valid, i1 %state_completion_int_execute_valid_load_1, i8 %zext_ln668, i8 %zext_ln668_1, i8 %zext_ln668_2, i32 %zext_ln668_3, i1 %state_rob_entries_valid, i2 %state_rob_entries_uop_queue_rob_allocation_id, i1 %state_rob_entries_busy, i1 %state_rob_entries_memory_valid, i1 %state_rob_entries_memory_completed, i1 %state_rob_entries_is_load, i1 %state_rob_entries_memory_request_sent, i1 %state_rob_entries_memory_transaction_id" [/home/lab_726/boom/hls_boom/src/boom_core_merged.cpp:623]   --->   Operation 332 'call' 'tmp_7' <Predicate = true> <Delay = 4.53> <CoreType = "Generic">   --->   Core 0 '' <Latency = 0> <II = 1> <Delay = 1.00> <Generic> <Opcode : >
ST_21 : Operation 333 [1/1] (0.00ns)   --->   "%br_ln623 = br i1 %tmp_7, void %._crit_edge39, void" [/home/lab_726/boom/hls_boom/src/boom_core_merged.cpp:623]   --->   Operation 333 'br' 'br_ln623' <Predicate = true> <Delay = 0.00>
ST_21 : Operation 334 [1/1] (0.72ns)   --->   "%switch_ln626 = switch i3 %state_completion_int_execute_kind_load, void %._crit_edge67, i3 5, void, i3 2, void %._crit_edge69, i3 3, void %._crit_edge69" [/home/lab_726/boom/hls_boom/src/boom_core_merged.cpp:626]   --->   Operation 334 'switch' 'switch_ln626' <Predicate = (tmp_7)> <Delay = 0.72>
ST_21 : Operation 335 [1/1] (0.00ns)   --->   "%br_ln633 = br void %._crit_edge67" [/home/lab_726/boom/hls_boom/src/boom_core_merged.cpp:633]   --->   Operation 335 'br' 'br_ln633' <Predicate = (tmp_7 & state_completion_int_execute_kind_load == 3) | (tmp_7 & state_completion_int_execute_kind_load == 2)> <Delay = 0.00>

State 22 <SV = 13> <Delay = 1.10>
ST_22 : Operation 336 [2/2] (1.10ns)   --->   "%call_ln627 = call void @branch_complete_event, i1 %state_completion_int_execute_uop_branch_br_tag_load, i5 %index, i2 %state_completion_int_execute_uop_queue_rob_allocation_id_load, i1 %state_rob_entries_valid, i2 %state_rob_entries_uop_queue_rob_allocation_id, i8 %state_branch_state_active_mask, i32 %state_branch_state_releases, i8 %state_decode_dec_uops_branch_br_mask_0, i8 %state_rename_dispatch_packets_uop_branch_br_mask_0, i8 %state_execute_alu_results_uop_branch_br_mask_0, i8 %state_execute_alu_results_uop_branch_br_mask_1, i8 %state_execute_alu_results_uop_branch_br_mask_2, i8 %state_issue_issued_uops_branch_br_mask_0, i8 %state_issue_issued_uops_branch_br_mask_1, i8 %state_issue_issued_uops_branch_br_mask_2, i8 %state_issue_alu_iq_entries_uop_branch_br_mask, i8 %state_rob_entries_uop_branch_br_mask, i1 %state_completion_mem_execute_valid, i8 %state_completion_mem_execute_uop_branch_br_mask, i1 %state_completion_int_execute_valid, i8 %state_completion_int_execute_uop_branch_br_mask, i8 %state_completion_wakeups_branch_mask_0, i8 %state_completion_wakeups_branch_mask_1, i8 %state_completion_wakeups_branch_mask_2, i8 %state_completion_bypass_branch_mask_0, i8 %state_completion_bypass_branch_mask_1, i8 %state_completion_bypass_branch_mask_2, i8 %state_lsu_ldq_branch_mask, i8 %state_lsu_stq_branch_mask" [/home/lab_726/boom/hls_boom/src/boom_core_merged.cpp:627]   --->   Operation 336 'call' 'call_ln627' <Predicate = true> <Delay = 1.10> <CoreType = "Generic">   --->   Core 0 '' <Latency = 0> <II = 1> <Delay = 1.00> <Generic> <Opcode : >

State 23 <SV = 14> <Delay = 0.00>
ST_23 : Operation 337 [1/2] (0.00ns)   --->   "%call_ln627 = call void @branch_complete_event, i1 %state_completion_int_execute_uop_branch_br_tag_load, i5 %index, i2 %state_completion_int_execute_uop_queue_rob_allocation_id_load, i1 %state_rob_entries_valid, i2 %state_rob_entries_uop_queue_rob_allocation_id, i8 %state_branch_state_active_mask, i32 %state_branch_state_releases, i8 %state_decode_dec_uops_branch_br_mask_0, i8 %state_rename_dispatch_packets_uop_branch_br_mask_0, i8 %state_execute_alu_results_uop_branch_br_mask_0, i8 %state_execute_alu_results_uop_branch_br_mask_1, i8 %state_execute_alu_results_uop_branch_br_mask_2, i8 %state_issue_issued_uops_branch_br_mask_0, i8 %state_issue_issued_uops_branch_br_mask_1, i8 %state_issue_issued_uops_branch_br_mask_2, i8 %state_issue_alu_iq_entries_uop_branch_br_mask, i8 %state_rob_entries_uop_branch_br_mask, i1 %state_completion_mem_execute_valid, i8 %state_completion_mem_execute_uop_branch_br_mask, i1 %state_completion_int_execute_valid, i8 %state_completion_int_execute_uop_branch_br_mask, i8 %state_completion_wakeups_branch_mask_0, i8 %state_completion_wakeups_branch_mask_1, i8 %state_completion_wakeups_branch_mask_2, i8 %state_completion_bypass_branch_mask_0, i8 %state_completion_bypass_branch_mask_1, i8 %state_completion_bypass_branch_mask_2, i8 %state_lsu_ldq_branch_mask, i8 %state_lsu_stq_branch_mask" [/home/lab_726/boom/hls_boom/src/boom_core_merged.cpp:627]   --->   Operation 337 'call' 'call_ln627' <Predicate = true> <Delay = 0.00> <CoreType = "Generic">   --->   Core 0 '' <Latency = 0> <II = 1> <Delay = 1.00> <Generic> <Opcode : >

State 24 <SV = 15> <Delay = 0.67>
ST_24 : Operation 338 [1/1] (0.00ns)   --->   "%zext_ln576 = zext i5 %index" [/home/lab_726/boom/hls_boom/src/boom_core_merged.cpp:576]   --->   Operation 338 'zext' 'zext_ln576' <Predicate = true> <Delay = 0.00>
ST_24 : Operation 339 [1/1] (0.00ns)   --->   "%state_rob_entries_valid_addr_3 = getelementptr i1 %state_rob_entries_valid, i64 0, i64 %zext_ln576" [/home/lab_726/boom/hls_boom/src/boom_core_merged.cpp:576]   --->   Operation 339 'getelementptr' 'state_rob_entries_valid_addr_3' <Predicate = true> <Delay = 0.00>
ST_24 : Operation 340 [2/2] (0.67ns)   --->   "%state_rob_entries_valid_load = load i5 %state_rob_entries_valid_addr_3" [/home/lab_726/boom/hls_boom/src/boom_core_merged.cpp:576]   --->   Operation 340 'load' 'state_rob_entries_valid_load' <Predicate = true> <Delay = 0.67> <CoreInst = "RAM">   --->   Core 83 'RAM' <Latency = 1> <II = 1> <Delay = 0.67> <Storage> <Opcode : 'load' 'store'> <Ports = 2> <Width = 1> <Depth = 32> <RAM>

State 25 <SV = 16> <Delay = 0.67>
ST_25 : Operation 341 [1/2] (0.67ns)   --->   "%state_rob_entries_valid_load = load i5 %state_rob_entries_valid_addr_3" [/home/lab_726/boom/hls_boom/src/boom_core_merged.cpp:576]   --->   Operation 341 'load' 'state_rob_entries_valid_load' <Predicate = true> <Delay = 0.67> <CoreInst = "RAM">   --->   Core 83 'RAM' <Latency = 1> <II = 1> <Delay = 0.67> <Storage> <Opcode : 'load' 'store'> <Ports = 2> <Width = 1> <Depth = 32> <RAM>
ST_25 : Operation 342 [1/1] (0.00ns)   --->   "%br_ln576 = br i1 %state_rob_entries_valid_load, void %._crit_edge70, void %_ZN4boom24completion_has_rob_ownerERK13BoomCoreStateRK16RobCompleteEvent.80.92.134.162.190.218.246.274.302.exit74" [/home/lab_726/boom/hls_boom/src/boom_core_merged.cpp:576]   --->   Operation 342 'br' 'br_ln576' <Predicate = true> <Delay = 0.00>
ST_25 : Operation 343 [1/1] (0.00ns)   --->   "%state_rob_entries_uop_queue_rob_allocation_id_addr_3 = getelementptr i2 %state_rob_entries_uop_queue_rob_allocation_id, i64 0, i64 %zext_ln576" [/home/lab_726/boom/hls_boom/src/boom_core_merged.cpp:577]   --->   Operation 343 'getelementptr' 'state_rob_entries_uop_queue_rob_allocation_id_addr_3' <Predicate = (state_rob_entries_valid_load)> <Delay = 0.00>
ST_25 : Operation 344 [2/2] (0.67ns)   --->   "%state_rob_entries_uop_queue_rob_allocation_id_load = load i5 %state_rob_entries_uop_queue_rob_allocation_id_addr_3" [/home/lab_726/boom/hls_boom/src/boom_core_merged.cpp:577]   --->   Operation 344 'load' 'state_rob_entries_uop_queue_rob_allocation_id_load' <Predicate = (state_rob_entries_valid_load)> <Delay = 0.67> <CoreInst = "RAM">   --->   Core 83 'RAM' <Latency = 1> <II = 1> <Delay = 0.67> <Storage> <Opcode : 'load' 'store'> <Ports = 2> <Width = 2> <Depth = 32> <RAM>


============================================================
+ Verbose Summary: Binding
============================================================
STG Binding: 
---------------- STG Properties BEGIN ----------------
- Is combinational: 0
- Is one-state seq: 0
- Is datapath-only: 0
- Is pipelined: 0
- Is top level: 0
Port [ Return ] is wired: 1; IO mode=ap_ctrl_hs:ce=0
Port [ state_completion_mem_execute_valid]:  wired=1; compound=0; hidden=0; nouse=0; global=1; static=1; extern=0; dir=2; type=0; pingpong=0; private_global=0; IO mode=ap_ovld:ce=0
Port [ state_completion_mem_execute_kind]:  wired=1; compound=0; hidden=0; nouse=0; global=1; static=1; extern=0; dir=2; type=0; pingpong=0; private_global=0; IO mode=ap_ovld:ce=0
Port [ state_completion_mem_execute_source]:  wired=1; compound=0; hidden=0; nouse=0; global=1; static=1; extern=0; dir=2; type=0; pingpong=0; private_global=0; IO mode=ap_ovld:ce=0
Port [ state_completion_mem_execute_uop_queue_rob_idx]:  wired=1; compound=0; hidden=0; nouse=0; global=1; static=1; extern=0; dir=2; type=0; pingpong=0; private_global=0; IO mode=ap_ovld:ce=0
Port [ state_completion_mem_execute_uop_queue_rob_allocation_id]:  wired=1; compound=0; hidden=0; nouse=0; global=1; static=1; extern=0; dir=2; type=0; pingpong=0; private_global=0; IO mode=ap_ovld:ce=0
Port [ state_rob_entries_valid]:  wired=1; compound=1; hidden=0; nouse=0; global=1; static=1; extern=0; dir=0; type=1; pingpong=0; private_global=0; MemPort=[13]; IO mode=ap_memory:ce=0
Port [ state_rob_entries_uop_queue_rob_allocation_id]:  wired=1; compound=1; hidden=0; nouse=0; global=1; static=1; extern=0; dir=0; type=1; pingpong=0; private_global=0; MemPort=[13]; IO mode=ap_memory:ce=0
Port [ state_rob_entries_busy]:  wired=1; compound=1; hidden=0; nouse=0; global=1; static=1; extern=0; dir=2; type=1; pingpong=0; private_global=0; MemPort=[23]; IO mode=ap_memory:ce=0
Port [ state_rob_entries_memory_valid]:  wired=1; compound=1; hidden=0; nouse=0; global=1; static=1; extern=0; dir=0; type=1; pingpong=0; private_global=0; MemPort=[13]; IO mode=ap_memory:ce=0
Port [ state_rob_entries_memory_completed]:  wired=1; compound=1; hidden=0; nouse=0; global=1; static=1; extern=0; dir=2; type=1; pingpong=0; private_global=0; MemPort=[23]; IO mode=ap_memory:ce=0
Port [ state_rob_entries_is_load]:  wired=1; compound=1; hidden=0; nouse=0; global=1; static=1; extern=0; dir=0; type=1; pingpong=0; private_global=0; MemPort=[13]; IO mode=ap_memory:ce=0
Port [ state_rob_entries_memory_request_sent]:  wired=1; compound=1; hidden=0; nouse=0; global=1; static=1; extern=0; dir=0; type=1; pingpong=0; private_global=0; MemPort=[13]; IO mode=ap_memory:ce=0
Port [ state_rob_entries_memory_transaction_id]:  wired=1; compound=1; hidden=0; nouse=0; global=1; static=1; extern=0; dir=0; type=1; pingpong=0; private_global=0; MemPort=[13]; IO mode=ap_memory:ce=0
Port [ state_completion_mem_execute_uop_branch_br_mask]:  wired=1; compound=0; hidden=0; nouse=0; global=1; static=1; extern=0; dir=2; type=0; pingpong=0; private_global=0; IO mode=ap_ovld:ce=0
Port [ state_completion_mem_execute_uop_branch_br_tag]:  wired=1; compound=0; hidden=0; nouse=0; global=1; static=1; extern=0; dir=2; type=0; pingpong=0; private_global=0; IO mode=ap_ovld:ce=0
Port [ state_completion_mem_execute_uop_rename_pdst]:  wired=1; compound=0; hidden=0; nouse=0; global=1; static=1; extern=0; dir=2; type=0; pingpong=0; private_global=0; IO mode=ap_ovld:ce=0
Port [ state_completion_mem_execute_writes_prf]:  wired=1; compound=0; hidden=0; nouse=0; global=1; static=1; extern=0; dir=2; type=0; pingpong=0; private_global=0; IO mode=ap_ovld:ce=0
Port [ state_completion_mem_execute_value]:  wired=1; compound=0; hidden=0; nouse=0; global=1; static=1; extern=0; dir=2; type=0; pingpong=0; private_global=0; IO mode=ap_ovld:ce=0
Port [ state_completion_int_execute_valid]:  wired=1; compound=0; hidden=0; nouse=0; global=1; static=1; extern=0; dir=2; type=0; pingpong=0; private_global=0; IO mode=ap_ovld:ce=0
Port [ state_completion_int_execute_kind]:  wired=1; compound=0; hidden=0; nouse=0; global=1; static=1; extern=0; dir=2; type=0; pingpong=0; private_global=0; IO mode=ap_ovld:ce=0
Port [ state_completion_int_execute_source]:  wired=1; compound=0; hidden=0; nouse=0; global=1; static=1; extern=0; dir=2; type=0; pingpong=0; private_global=0; IO mode=ap_ovld:ce=0
Port [ state_completion_int_execute_uop_queue_rob_idx]:  wired=1; compound=0; hidden=0; nouse=0; global=1; static=1; extern=0; dir=2; type=0; pingpong=0; private_global=0; IO mode=ap_ovld:ce=0
Port [ state_completion_int_execute_uop_queue_rob_allocation_id]:  wired=1; compound=0; hidden=0; nouse=0; global=1; static=1; extern=0; dir=2; type=0; pingpong=0; private_global=0; IO mode=ap_ovld:ce=0
Port [ state_completion_int_execute_uop_branch_br_mask]:  wired=1; compound=0; hidden=0; nouse=0; global=1; static=1; extern=0; dir=2; type=0; pingpong=0; private_global=0; IO mode=ap_ovld:ce=0
Port [ state_completion_int_execute_uop_branch_br_tag]:  wired=1; compound=0; hidden=0; nouse=0; global=1; static=1; extern=0; dir=2; type=0; pingpong=0; private_global=0; IO mode=ap_ovld:ce=0
Port [ state_completion_int_execute_uop_rename_pdst]:  wired=1; compound=0; hidden=0; nouse=0; global=1; static=1; extern=0; dir=2; type=0; pingpong=0; private_global=0; IO mode=ap_ovld:ce=0
Port [ state_completion_int_execute_writes_prf]:  wired=1; compound=0; hidden=0; nouse=0; global=1; static=1; extern=0; dir=2; type=0; pingpong=0; private_global=0; IO mode=ap_ovld:ce=0
Port [ state_completion_int_execute_value]:  wired=1; compound=0; hidden=0; nouse=0; global=1; static=1; extern=0; dir=2; type=0; pingpong=0; private_global=0; IO mode=ap_ovld:ce=0
Port [ state_rob_head]:  wired=1; compound=0; hidden=0; nouse=0; global=1; static=1; extern=0; dir=0; type=0; pingpong=0; private_global=0; IO mode=ap_none:ce=0
Port [ state_completion_wakeup_sent_0]:  wired=1; compound=0; hidden=0; nouse=0; global=1; static=1; extern=0; dir=1; type=0; pingpong=0; private_global=0; IO mode=ap_vld:ce=0
Port [ state_completion_rob_completes_this_cycle]:  wired=1; compound=0; hidden=0; nouse=0; global=1; static=1; extern=0; dir=2; type=0; pingpong=0; private_global=0; IO mode=ap_ovld:ce=0
Port [ state_completion_total_rob_completes]:  wired=1; compound=0; hidden=0; nouse=0; global=1; static=1; extern=0; dir=2; type=0; pingpong=0; private_global=0; IO mode=ap_ovld:ce=0
Port [ state_branch_state_active_mask]:  wired=1; compound=0; hidden=0; nouse=0; global=1; static=1; extern=0; dir=2; type=0; pingpong=0; private_global=0; IO mode=ap_ovld:ce=0
Port [ state_branch_state_releases]:  wired=1; compound=0; hidden=0; nouse=0; global=1; static=1; extern=0; dir=2; type=0; pingpong=0; private_global=0; IO mode=ap_ovld:ce=0
Port [ state_decode_dec_uops_branch_br_mask_0]:  wired=1; compound=0; hidden=0; nouse=0; global=1; static=1; extern=0; dir=2; type=0; pingpong=0; private_global=0; IO mode=ap_ovld:ce=0
Port [ state_rename_dispatch_packets_uop_branch_br_mask_0]:  wired=1; compound=0; hidden=0; nouse=0; global=1; static=1; extern=0; dir=2; type=0; pingpong=0; private_global=0; IO mode=ap_ovld:ce=0
Port [ state_execute_alu_results_uop_branch_br_mask_0]:  wired=1; compound=0; hidden=0; nouse=0; global=1; static=1; extern=0; dir=2; type=0; pingpong=0; private_global=0; IO mode=ap_ovld:ce=0
Port [ state_execute_alu_results_uop_branch_br_mask_1]:  wired=1; compound=0; hidden=0; nouse=0; global=1; static=1; extern=0; dir=2; type=0; pingpong=0; private_global=0; IO mode=ap_ovld:ce=0
Port [ state_execute_alu_results_uop_branch_br_mask_2]:  wired=1; compound=0; hidden=0; nouse=0; global=1; static=1; extern=0; dir=2; type=0; pingpong=0; private_global=0; IO mode=ap_ovld:ce=0
Port [ state_issue_issued_uops_branch_br_mask_0]:  wired=1; compound=0; hidden=0; nouse=0; global=1; static=1; extern=0; dir=2; type=0; pingpong=0; private_global=0; IO mode=ap_ovld:ce=0
Port [ state_issue_issued_uops_branch_br_mask_1]:  wired=1; compound=0; hidden=0; nouse=0; global=1; static=1; extern=0; dir=2; type=0; pingpong=0; private_global=0; IO mode=ap_ovld:ce=0
Port [ state_issue_issued_uops_branch_br_mask_2]:  wired=1; compound=0; hidden=0; nouse=0; global=1; static=1; extern=0; dir=2; type=0; pingpong=0; private_global=0; IO mode=ap_ovld:ce=0
Port [ state_issue_alu_iq_entries_uop_branch_br_mask]:  wired=1; compound=1; hidden=0; nouse=0; global=1; static=1; extern=0; dir=2; type=1; pingpong=0; private_global=0; MemPort=[23]; IO mode=ap_memory:ce=0
Port [ state_rob_entries_uop_branch_br_mask]:  wired=1; compound=1; hidden=0; nouse=0; global=1; static=1; extern=0; dir=2; type=1; pingpong=0; private_global=0; MemPort=[23]; IO mode=ap_memory:ce=0
Port [ state_completion_wakeups_branch_mask_0]:  wired=1; compound=0; hidden=0; nouse=0; global=1; static=1; extern=0; dir=2; type=0; pingpong=0; private_global=0; IO mode=ap_ovld:ce=0
Port [ state_completion_wakeups_branch_mask_1]:  wired=1; compound=0; hidden=0; nouse=0; global=1; static=1; extern=0; dir=2; type=0; pingpong=0; private_global=0; IO mode=ap_ovld:ce=0
Port [ state_completion_wakeups_branch_mask_2]:  wired=1; compound=0; hidden=0; nouse=0; global=1; static=1; extern=0; dir=2; type=0; pingpong=0; private_global=0; IO mode=ap_ovld:ce=0
Port [ state_completion_bypass_branch_mask_0]:  wired=1; compound=0; hidden=0; nouse=0; global=1; static=1; extern=0; dir=2; type=0; pingpong=0; private_global=0; IO mode=ap_ovld:ce=0
Port [ state_completion_bypass_branch_mask_1]:  wired=1; compound=0; hidden=0; nouse=0; global=1; static=1; extern=0; dir=2; type=0; pingpong=0; private_global=0; IO mode=ap_ovld:ce=0
Port [ state_completion_bypass_branch_mask_2]:  wired=1; compound=0; hidden=0; nouse=0; global=1; static=1; extern=0; dir=2; type=0; pingpong=0; private_global=0; IO mode=ap_ovld:ce=0
Port [ state_lsu_ldq_branch_mask]:  wired=1; compound=1; hidden=0; nouse=0; global=1; static=1; extern=0; dir=2; type=1; pingpong=0; private_global=0; MemPort=[23]; IO mode=ap_memory:ce=0
Port [ state_lsu_stq_branch_mask]:  wired=1; compound=1; hidden=0; nouse=0; global=1; static=1; extern=0; dir=2; type=1; pingpong=0; private_global=0; MemPort=[23]; IO mode=ap_memory:ce=0
Port [ state_int_rf]:  wired=1; compound=1; hidden=0; nouse=0; global=1; static=1; extern=0; dir=1; type=1; pingpong=0; private_global=0; MemPort=[03]; IO mode=ap_memory:ce=0
Port [ state_completion_wakeup_sent_2]:  wired=1; compound=0; hidden=0; nouse=0; global=1; static=1; extern=0; dir=1; type=0; pingpong=0; private_global=0; IO mode=ap_vld:ce=0
Port [ state_completion_wakeup_sent_1]:  wired=1; compound=0; hidden=0; nouse=0; global=1; static=1; extern=0; dir=1; type=0; pingpong=0; private_global=0; IO mode=ap_vld:ce=0
Port [ state_completion_prf_writes_this_cycle]:  wired=1; compound=0; hidden=0; nouse=0; global=1; static=1; extern=0; dir=2; type=0; pingpong=0; private_global=0; IO mode=ap_ovld:ce=0
Port [ state_completion_total_prf_writes]:  wired=1; compound=0; hidden=0; nouse=0; global=1; static=1; extern=0; dir=2; type=0; pingpong=0; private_global=0; IO mode=ap_ovld:ce=0
Port [ state_completion_peak_rob_completes]:  wired=1; compound=0; hidden=0; nouse=0; global=1; static=1; extern=0; dir=2; type=0; pingpong=0; private_global=0; IO mode=ap_ovld:ce=0
Port [ state_completion_peak_prf_writes]:  wired=1; compound=0; hidden=0; nouse=0; global=1; static=1; extern=0; dir=2; type=0; pingpong=0; private_global=0; IO mode=ap_ovld:ce=0
---------------- STG Properties END ------------------

---------------- Datapath Model BEGIN ----------------

<LifeTime>
<method=bitvector/>
service                                                         (alloca           ) [ 01111111111111111111111111]
prf_used                                                        (alloca           ) [ 01111111111111111111111111]
store_ln909                                                     (store            ) [ 00000000000000000000000000]
store_ln909                                                     (store            ) [ 00000000000000000000000000]
br_ln909                                                        (br               ) [ 00000000000000000000000000]
service_1                                                       (load             ) [ 00000000000000000000000000]
icmp_ln909                                                      (icmp             ) [ 00111111111111111111111111]
empty                                                           (speclooptripcount) [ 00000000000000000000000000]
service_2                                                       (add              ) [ 00011111111111111111111111]
br_ln909                                                        (br               ) [ 00000000000000000000000000]
specloopname_ln909                                              (specloopname     ) [ 00000000000000000000000000]
state_completion_mem_execute_valid_load                         (load             ) [ 00111111111111111111111111]
br_ln832                                                        (br               ) [ 00000000000000000000000000]
state_completion_mem_execute_kind_load_1                        (load             ) [ 00000000000000000000000000]
zext_ln833                                                      (zext             ) [ 00010000000000000000000000]
state_completion_mem_execute_source_load_1                      (load             ) [ 00000000000000000000000000]
zext_ln833_1                                                    (zext             ) [ 00010000000000000000000000]
state_completion_mem_execute_uop_queue_rob_idx_load             (load             ) [ 00000000000000000000000000]
zext_ln833_2                                                    (zext             ) [ 00010000000000000000000000]
state_completion_mem_execute_uop_queue_rob_allocation_id_load_1 (load             ) [ 00000000000000000000000000]
zext_ln833_3                                                    (zext             ) [ 00010000000000000000000000]
tmp_1                                                           (call             ) [ 00111111111111111111111111]
br_ln832                                                        (br               ) [ 00000000000000000000000000]
store_ln834                                                     (store            ) [ 00000000000000000000000000]
store_ln834                                                     (store            ) [ 00000000000000000000000000]
store_ln834                                                     (store            ) [ 00000000000000000000000000]
store_ln834                                                     (store            ) [ 00000000000000000000000000]
store_ln834                                                     (store            ) [ 00000000000000000000000000]
store_ln834                                                     (store            ) [ 00000000000000000000000000]
store_ln834                                                     (store            ) [ 00000000000000000000000000]
store_ln834                                                     (store            ) [ 00000000000000000000000000]
store_ln834                                                     (store            ) [ 00000000000000000000000000]
store_ln834                                                     (store            ) [ 00000000000000000000000000]
br_ln834                                                        (br               ) [ 00000000000000000000000000]
state_completion_int_execute_valid_load                         (load             ) [ 00111111111111111111111111]
br_ln835                                                        (br               ) [ 00000000000000000000000000]
state_completion_int_execute_kind_load_1                        (load             ) [ 00000000000000000000000000]
zext_ln836                                                      (zext             ) [ 00000100000000000000000000]
state_completion_int_execute_source_load_1                      (load             ) [ 00000000000000000000000000]
zext_ln836_1                                                    (zext             ) [ 00000100000000000000000000]
state_completion_int_execute_uop_queue_rob_idx_load             (load             ) [ 00000000000000000000000000]
zext_ln836_2                                                    (zext             ) [ 00000100000000000000000000]
state_completion_int_execute_uop_queue_rob_allocation_id_load_1 (load             ) [ 00000000000000000000000000]
zext_ln836_3                                                    (zext             ) [ 00000100000000000000000000]
tmp_2                                                           (call             ) [ 00111111111111111111111111]
br_ln835                                                        (br               ) [ 00000000000000000000000000]
store_ln837                                                     (store            ) [ 00000000000000000000000000]
store_ln837                                                     (store            ) [ 00000000000000000000000000]
store_ln837                                                     (store            ) [ 00000000000000000000000000]
store_ln837                                                     (store            ) [ 00000000000000000000000000]
store_ln837                                                     (store            ) [ 00000000000000000000000000]
store_ln837                                                     (store            ) [ 00000000000000000000000000]
store_ln837                                                     (store            ) [ 00000000000000000000000000]
store_ln837                                                     (store            ) [ 00000000000000000000000000]
store_ln837                                                     (store            ) [ 00000000000000000000000000]
store_ln837                                                     (store            ) [ 00000000000000000000000000]
br_ln837                                                        (br               ) [ 00000000000000000000000000]
load_any                                                        (call             ) [ 00100000111111111111111111]
state_completion_mem_execute_valid_load_1                       (load             ) [ 00100000011111111111111111]
state_completion_mem_execute_kind_load                          (load             ) [ 00100000011111111111111111]
zext_ln667                                                      (zext             ) [ 00100000011111111111111111]
state_completion_mem_execute_source_load                        (load             ) [ 00000000000000000000000000]
zext_ln667_1                                                    (zext             ) [ 00100000011111111111111111]
index_1                                                         (load             ) [ 00100000011111111111111111]
zext_ln667_2                                                    (zext             ) [ 00100000011111111111111111]
state_completion_mem_execute_uop_queue_rob_allocation_id_load   (load             ) [ 00100000011111111111111111]
zext_ln667_3                                                    (zext             ) [ 00100000011111111111111111]
mem_any                                                         (call             ) [ 00100000001111111111111111]
state_completion_int_execute_valid_load_1                       (load             ) [ 00100000000111111111111111]
state_completion_int_execute_kind_load                          (load             ) [ 00100000000111111111111111]
zext_ln668                                                      (zext             ) [ 00100000000111111111111111]
state_completion_int_execute_source_load                        (load             ) [ 00000000000000000000000000]
zext_ln668_1                                                    (zext             ) [ 00100000000111111111111111]
index                                                           (load             ) [ 00100000000111111111111111]
zext_ln668_2                                                    (zext             ) [ 00100000000111111111111111]
state_completion_int_execute_uop_queue_rob_allocation_id_load   (load             ) [ 00100000000111111111111111]
zext_ln668_3                                                    (zext             ) [ 00100000000111111111111111]
state_completion_mem_execute_uop_branch_br_tag_load             (load             ) [ 00000000000011110000000000]
state_completion_mem_execute_uop_rename_pdst_load               (load             ) [ 00000000000011111111111111]
oldest_writes_2                                                 (load             ) [ 00000000000011111111111111]
state_completion_mem_execute_value_load                         (load             ) [ 00000000000000000000000000]
trunc_ln668                                                     (trunc            ) [ 00000000000011111111111111]
state_completion_int_execute_uop_branch_br_tag_load             (load             ) [ 00000000000010000000011100]
state_completion_int_execute_uop_rename_pdst_load               (load             ) [ 00000000000011111111111111]
oldest_writes                                                   (load             ) [ 00000000000011111111111111]
state_completion_int_execute_value_load                         (load             ) [ 00000000000000000000000000]
trunc_ln853                                                     (trunc            ) [ 00000000000011111111111111]
int_any                                                         (call             ) [ 00111111111111111111111111]
br_ln850                                                        (br               ) [ 00000000000000000000000000]
state_rob_head_load                                             (load             ) [ 00000000000000000000000000]
oldest_age                                                      (sub              ) [ 00000000000000000000000000]
zext_ln849                                                      (zext             ) [ 00000000000000000000000000]
br_ln850                                                        (br               ) [ 00000000000000000000000000]
oldest_age_1                                                    (phi              ) [ 00000000000000000000000000]
trunc_ln849                                                     (trunc            ) [ 00000000000000000000000000]
br_ln851                                                        (br               ) [ 00000000000000000000000000]
state_rob_head_load_1                                           (load             ) [ 00000000000000000000000000]
oldest_age_4                                                    (sub              ) [ 00000000000000000000000000]
zext_ln849_1                                                    (zext             ) [ 00000000000000000000000000]
xor_ln853                                                       (xor              ) [ 00000000000000000000000000]
icmp_ln853                                                      (icmp             ) [ 00000000000000000000000000]
or_ln853                                                        (or               ) [ 00000000000000000000000000]
select_ln853                                                    (select           ) [ 00000000000000000000000000]
zext_ln853                                                      (zext             ) [ 00000000000000000000000000]
br_ln853                                                        (br               ) [ 00000000000000000000000000]
oldest                                                          (phi              ) [ 00000000000000000000000000]
oldest_age_3                                                    (phi              ) [ 00000000000000000000000000]
zext_ln849_2                                                    (zext             ) [ 00000000000000000000000000]
br_ln858                                                        (br               ) [ 00000000000000000000000000]
state_rob_head_load_2                                           (load             ) [ 00000000000000000000000000]
age_1                                                           (sub              ) [ 00000000000000000000000000]
zext_ln859                                                      (zext             ) [ 00000000000000000000000000]
or_ln860                                                        (or               ) [ 00000000000000000000000000]
xor_ln860                                                       (xor              ) [ 00000000000000000000000000]
icmp_ln860                                                      (icmp             ) [ 00000000000000000000000000]
or_ln860_1                                                      (or               ) [ 00000000000000000000000000]
select_ln860                                                    (select           ) [ 00000000000000000000000000]
br_ln860                                                        (br               ) [ 00000000000000000000000000]
oldest_1                                                        (phi              ) [ 00000000000000000000000000]
prf_used_load                                                   (load             ) [ 00000000000000000000000000]
icmp_ln865                                                      (icmp             ) [ 00000000000000000000000000]
xor_ln865                                                       (xor              ) [ 00000000000000000000000000]
or_ln865                                                        (or               ) [ 00000000000000000000000000]
icmp_ln868                                                      (icmp             ) [ 00000000000000000000000000]
xor_ln868                                                       (xor              ) [ 00000000000000000000000000]
or_ln868                                                        (or               ) [ 00000000000000000000000000]
icmp_ln872                                                      (icmp             ) [ 00000000000000000000000000]
and_ln872                                                       (and              ) [ 00000000000000000000000000]
and_ln872_1                                                     (and              ) [ 00000000000000000000000000]
writes_integer                                                  (select           ) [ 00000000000000000000000000]
and_ln868                                                       (and              ) [ 00000000000000000000000000]
xor_ln872                                                       (xor              ) [ 00000000000000000000000000]
or_ln872                                                        (or               ) [ 00000000000000000000000000]
xor_ln868_1                                                     (xor              ) [ 00000000000000000000000000]
icmp_ln869                                                      (icmp             ) [ 00000000000000000000000000]
and_ln869                                                       (and              ) [ 00000000000000000000000000]
and_ln869_1                                                     (and              ) [ 00000000000000000000000000]
and_ln869_2                                                     (and              ) [ 00000000000000000000000000]
xor_ln869                                                       (xor              ) [ 00000000000000000000000000]
and_ln875                                                       (and              ) [ 00000000000000000000000000]
and_ln875_1                                                     (and              ) [ 00000000000000000000000000]
and_ln875_2                                                     (and              ) [ 00000000000000000000000000]
precise_fence                                                   (and              ) [ 00111111111111111111111111]
br_ln876                                                        (br               ) [ 00000000000000000000000000]
xor_ln881                                                       (xor              ) [ 00000000000000000000000000]
xor_ln882                                                       (xor              ) [ 00000000000000000000000000]
or_ln882                                                        (or               ) [ 00000000000000000000000000]
mem                                                             (and              ) [ 00111111111111111111111111]
xor_ln883                                                       (xor              ) [ 00000000000000000000000000]
or_ln883                                                        (or               ) [ 00000000000000000000000000]
integer                                                         (and              ) [ 00000000000010000000000000]
or_ln884                                                        (or               ) [ 00000000000000000000000000]
selected_valid                                                  (or               ) [ 00000000000011111111111111]
br_ln887                                                        (br               ) [ 00000000000000000000000000]
state_rob_head_load_3                                           (load             ) [ 00000000000000000000000000]
selected_age                                                    (sub              ) [ 00000000000000000000000000]
zext_ln886                                                      (zext             ) [ 00000000000000000000000000]
br_ln890                                                        (br               ) [ 00000000000000000000000000]
selected_age_1                                                  (phi              ) [ 00111111111111111111111111]
trunc_ln886                                                     (trunc            ) [ 00000000000000000000000000]
br_ln891                                                        (br               ) [ 00111111111111111111111111]
state_rob_head_load_4                                           (load             ) [ 00000000000000000000000000]
selected_age_4                                                  (sub              ) [ 00000000000000000000000000]
zext_ln886_1                                                    (zext             ) [ 00000000000000000000000000]
icmp_ln893                                                      (icmp             ) [ 00000000000000000000000000]
or_ln893                                                        (or               ) [ 00111111111111111111111111]
select_ln893                                                    (select           ) [ 00000000000000000000000000]
zext_ln893                                                      (zext             ) [ 00111111111111111111111111]
br_ln893                                                        (br               ) [ 00111111111111111111111111]
state_completion_rob_completes_this_cycle_load                  (load             ) [ 00000000000000000000000000]
state_completion_peak_rob_completes_load                        (load             ) [ 00000000000000000000000000]
icmp_ln965                                                      (icmp             ) [ 00111111111111111111111111]
br_ln965                                                        (br               ) [ 00000000000000000000000000]
store_ln966                                                     (store            ) [ 00000000000000000000000000]
br_ln966                                                        (br               ) [ 00000000000000000000000000]
state_completion_prf_writes_this_cycle_load                     (load             ) [ 00000000000000000000000000]
state_completion_peak_prf_writes_load                           (load             ) [ 00000000000000000000000000]
icmp_ln967                                                      (icmp             ) [ 00111111111111111111111111]
br_ln967                                                        (br               ) [ 00000000000000000000000000]
store_ln968                                                     (store            ) [ 00000000000000000000000000]
br_ln968                                                        (br               ) [ 00000000000000000000000000]
ret_ln969                                                       (ret              ) [ 00000000000000000000000000]
selected                                                        (phi              ) [ 00000000000010000000000000]
selected_age_3                                                  (phi              ) [ 00000000000010000000000000]
zext_ln886_2                                                    (zext             ) [ 00000000000000000000000000]
br_ln898                                                        (br               ) [ 00000000000000000000000000]
state_rob_head_load_5                                           (load             ) [ 00000000000000000000000000]
age_3                                                           (sub              ) [ 00000000000000000000000000]
zext_ln899                                                      (zext             ) [ 00000000000000000000000000]
or_ln900                                                        (or               ) [ 00000000000000000000000000]
xor_ln900                                                       (xor              ) [ 00000000000000000000000000]
icmp_ln900                                                      (icmp             ) [ 00000000000000000000000000]
or_ln900_1                                                      (or               ) [ 00000000000000000000000000]
select_ln900                                                    (select           ) [ 00000000000000000000000000]
br_ln900                                                        (br               ) [ 00000000000000000000000000]
retval_0_i_ph                                                   (phi              ) [ 00111111111111111111111111]
br_ln918                                                        (br               ) [ 00000000000000000000000000]
switch_ln922                                                    (switch           ) [ 00000000000000000000000000]
tmp_9                                                           (call             ) [ 00111111111111111111111111]
br_ln623                                                        (br               ) [ 00000000000000000000000000]
switch_ln626                                                    (switch           ) [ 00000000000000000000000000]
br_ln633                                                        (br               ) [ 00000000000000000000000000]
call_ln627                                                      (call             ) [ 00000000000000000000000000]
zext_ln576_1                                                    (zext             ) [ 00000000000000000100000000]
state_rob_entries_valid_addr                                    (getelementptr    ) [ 00000000000000000100000000]
state_rob_entries_valid_load_1                                  (load             ) [ 00111111111111111111111111]
br_ln576                                                        (br               ) [ 00000000000000000000000000]
state_rob_entries_uop_queue_rob_allocation_id_addr              (getelementptr    ) [ 00111111111111000011111111]
state_rob_entries_uop_queue_rob_allocation_id_load_1            (load             ) [ 00000000000000000000000000]
icmp_ln577_1                                                    (icmp             ) [ 00111111111111111111111111]
br_ln629                                                        (br               ) [ 00000000000000000000000000]
zext_ln638_1                                                    (zext             ) [ 00000000000000000000000000]
state_rob_entries_busy_addr                                     (getelementptr    ) [ 00000000000000000000000000]
store_ln640                                                     (store            ) [ 00000000000000000000000000]
icmp_ln648_1                                                    (icmp             ) [ 00111111111111111111111111]
br_ln650                                                        (br               ) [ 00000000000000000000000000]
zext_ln651_1                                                    (zext             ) [ 00000000000000000000000000]
state_int_rf_addr_1                                             (getelementptr    ) [ 00000000000000000000000000]
store_ln651                                                     (store            ) [ 00000000000000000000000000]
br_ln653                                                        (br               ) [ 00000000000000000000000000]
br_ln654                                                        (br               ) [ 00000000000000000000000000]
state_rob_entries_memory_completed_addr                         (getelementptr    ) [ 00000000000000000000000000]
store_ln655                                                     (store            ) [ 00000000000000000000000000]
br_ln657                                                        (br               ) [ 00000000000000000000000000]
br_ln658                                                        (br               ) [ 00000000000000000000000000]
store_ln940                                                     (store            ) [ 00000000000000000000000000]
store_ln940                                                     (store            ) [ 00000000000000000000000000]
store_ln940                                                     (store            ) [ 00000000000000000000000000]
store_ln940                                                     (store            ) [ 00000000000000000000000000]
store_ln940                                                     (store            ) [ 00000000000000000000000000]
store_ln940                                                     (store            ) [ 00000000000000000000000000]
store_ln940                                                     (store            ) [ 00000000000000000000000000]
store_ln940                                                     (store            ) [ 00000000000000000000000000]
store_ln940                                                     (store            ) [ 00000000000000000000000000]
store_ln940                                                     (store            ) [ 00000000000000000000000000]
store_ln941                                                     (store            ) [ 00000000000000000000000000]
br_ln954                                                        (br               ) [ 00000000000000000000000000]
state_rob_entries_uop_queue_rob_allocation_id_load              (load             ) [ 00000000000000000000000000]
icmp_ln577                                                      (icmp             ) [ 00111111111111111111111111]
br_ln629                                                        (br               ) [ 00000000000000000000000000]
zext_ln638                                                      (zext             ) [ 00000000000000000000000000]
state_rob_entries_busy_addr_3                                   (getelementptr    ) [ 00000000000000000000000000]
store_ln640                                                     (store            ) [ 00000000000000000000000000]
icmp_ln648                                                      (icmp             ) [ 00111111111111111111111111]
br_ln650                                                        (br               ) [ 00000000000000000000000000]
zext_ln651                                                      (zext             ) [ 00000000000000000000000000]
state_int_rf_addr                                               (getelementptr    ) [ 00000000000000000000000000]
store_ln651                                                     (store            ) [ 00000000000000000000000000]
br_ln653                                                        (br               ) [ 00000000000000000000000000]
br_ln654                                                        (br               ) [ 00000000000000000000000000]
state_rob_entries_memory_completed_addr_1                       (getelementptr    ) [ 00000000000000000000000000]
store_ln655                                                     (store            ) [ 00000000000000000000000000]
br_ln657                                                        (br               ) [ 00000000000000000000000000]
br_ln658                                                        (br               ) [ 00000000000000000000000000]
store_ln949                                                     (store            ) [ 00000000000000000000000000]
store_ln949                                                     (store            ) [ 00000000000000000000000000]
store_ln949                                                     (store            ) [ 00000000000000000000000000]
store_ln949                                                     (store            ) [ 00000000000000000000000000]
store_ln949                                                     (store            ) [ 00000000000000000000000000]
store_ln949                                                     (store            ) [ 00000000000000000000000000]
store_ln949                                                     (store            ) [ 00000000000000000000000000]
store_ln949                                                     (store            ) [ 00000000000000000000000000]
store_ln949                                                     (store            ) [ 00000000000000000000000000]
store_ln949                                                     (store            ) [ 00000000000000000000000000]
store_ln950                                                     (store            ) [ 00000000000000000000000000]
br_ln954                                                        (br               ) [ 00000000000000000000000000]
writes_prf_1_ph26                                               (phi              ) [ 00111111111111111111111111]
state_completion_rob_completes_this_cycle_load_2                (load             ) [ 00000000000000000000000000]
add_ln955_1                                                     (add              ) [ 00000000000000000000000000]
store_ln955                                                     (store            ) [ 00000000000000000000000000]
state_completion_total_rob_completes_load_1                     (load             ) [ 00000000000000000000000000]
add_ln956_1                                                     (add              ) [ 00000000000000000000000000]
store_ln956                                                     (store            ) [ 00000000000000000000000000]
br_ln958                                                        (br               ) [ 00000000000000000000000000]
state_completion_prf_writes_this_cycle_load_1                   (load             ) [ 00000000000000000000000000]
add_ln960                                                       (add              ) [ 00000000000000000000000000]
store_ln960                                                     (store            ) [ 00000000000000000000000000]
state_completion_total_prf_writes_load                          (load             ) [ 00000000000000000000000000]
add_ln961                                                       (add              ) [ 00000000000000000000000000]
store_ln961                                                     (store            ) [ 00000000000000000000000000]
store_ln962                                                     (store            ) [ 00000000000000000000000000]
br_ln962                                                        (br               ) [ 00000000000000000000000000]
store_ln909                                                     (store            ) [ 00000000000000000000000000]
br_ln0                                                          (br               ) [ 00000000000000000000000000]
tmp_6                                                           (call             ) [ 00111111111111111111111111]
br_ln623                                                        (br               ) [ 00000000000000000000000000]
state_completion_rob_completes_this_cycle_load_1                (load             ) [ 00000000000000000000000000]
add_ln955                                                       (add              ) [ 00000000000000000000000000]
store_ln955                                                     (store            ) [ 00000000000000000000000000]
state_completion_total_rob_completes_load                       (load             ) [ 00000000000000000000000000]
add_ln956                                                       (add              ) [ 00000000000000000000000000]
store_ln956                                                     (store            ) [ 00000000000000000000000000]
store_ln640                                                     (store            ) [ 00000000000000000000000000]
store_ln932                                                     (store            ) [ 00000000000000000000000000]
br_ln958                                                        (br               ) [ 00000000000000000000000000]
tmp_7                                                           (call             ) [ 00111111111111111111111111]
br_ln623                                                        (br               ) [ 00000000000000000000000000]
switch_ln626                                                    (switch           ) [ 00000000000000000000000000]
br_ln633                                                        (br               ) [ 00000000000000000000000000]
call_ln627                                                      (call             ) [ 00000000000000000000000000]
zext_ln576                                                      (zext             ) [ 00000000000000000000000001]
state_rob_entries_valid_addr_3                                  (getelementptr    ) [ 00000000000000000000000001]
state_rob_entries_valid_load                                    (load             ) [ 00111111111111111111111111]
br_ln576                                                        (br               ) [ 00000000000000000000000000]
state_rob_entries_uop_queue_rob_allocation_id_addr_3            (getelementptr    ) [ 00111111111111111111110000]
</LifeTime>

<model>

<comp_list>
<comp id="0" class="1000" name="state_completion_mem_execute_valid">
<pin_list>
<pin id="1" dir="1" index="0" bw="1" slack="0"/>
</pin_list>
<bind>
<StgValue><ssdm name="state_completion_mem_execute_valid"/></StgValue>
</bind>
</comp>

<comp id="2" class="1000" name="state_completion_mem_execute_kind">
<pin_list>
<pin id="3" dir="1" index="0" bw="1" slack="0"/>
</pin_list>
<bind>
<StgValue><ssdm name="state_completion_mem_execute_kind"/></StgValue>
</bind>
</comp>

<comp id="4" class="1000" name="state_completion_mem_execute_source">
<pin_list>
<pin id="5" dir="1" index="0" bw="1" slack="0"/>
</pin_list>
<bind>
<StgValue><ssdm name="state_completion_mem_execute_source"/></StgValue>
</bind>
</comp>

<comp id="6" class="1000" name="state_completion_mem_execute_uop_queue_rob_idx">
<pin_list>
<pin id="7" dir="1" index="0" bw="1" slack="0"/>
</pin_list>
<bind>
<StgValue><ssdm name="state_completion_mem_execute_uop_queue_rob_idx"/></StgValue>
</bind>
</comp>

<comp id="8" class="1000" name="state_completion_mem_execute_uop_queue_rob_allocation_id">
<pin_list>
<pin id="9" dir="1" index="0" bw="1" slack="0"/>
</pin_list>
<bind>
<StgValue><ssdm name="state_completion_mem_execute_uop_queue_rob_allocation_id"/></StgValue>
</bind>
</comp>

<comp id="10" class="1000" name="state_rob_entries_valid">
<pin_list>
<pin id="11" dir="1" index="0" bw="1" slack="0"/>
</pin_list>
<bind>
<StgValue><ssdm name="state_rob_entries_valid"/><MemPortTyVec>1 3 </MemPortTyVec>
</StgValue>
</bind>
</comp>

<comp id="12" class="1000" name="state_rob_entries_uop_queue_rob_allocation_id">
<pin_list>
<pin id="13" dir="1" index="0" bw="1" slack="0"/>
</pin_list>
<bind>
<StgValue><ssdm name="state_rob_entries_uop_queue_rob_allocation_id"/><MemPortTyVec>1 3 </MemPortTyVec>
</StgValue>
</bind>
</comp>

<comp id="14" class="1000" name="state_rob_entries_busy">
<pin_list>
<pin id="15" dir="1" index="0" bw="1" slack="0"/>
</pin_list>
<bind>
<StgValue><ssdm name="state_rob_entries_busy"/><MemPortTyVec>2 3 </MemPortTyVec>
</StgValue>
</bind>
</comp>

<comp id="16" class="1000" name="state_rob_entries_memory_valid">
<pin_list>
<pin id="17" dir="1" index="0" bw="1" slack="0"/>
</pin_list>
<bind>
<StgValue><ssdm name="state_rob_entries_memory_valid"/><MemPortTyVec>1 3 </MemPortTyVec>
</StgValue>
</bind>
</comp>

<comp id="18" class="1000" name="state_rob_entries_memory_completed">
<pin_list>
<pin id="19" dir="1" index="0" bw="1" slack="0"/>
</pin_list>
<bind>
<StgValue><ssdm name="state_rob_entries_memory_completed"/><MemPortTyVec>2 3 </MemPortTyVec>
</StgValue>
</bind>
</comp>

<comp id="20" class="1000" name="state_rob_entries_is_load">
<pin_list>
<pin id="21" dir="1" index="0" bw="1" slack="0"/>
</pin_list>
<bind>
<StgValue><ssdm name="state_rob_entries_is_load"/><MemPortTyVec>1 3 </MemPortTyVec>
</StgValue>
</bind>
</comp>

<comp id="22" class="1000" name="state_rob_entries_memory_request_sent">
<pin_list>
<pin id="23" dir="1" index="0" bw="1" slack="0"/>
</pin_list>
<bind>
<StgValue><ssdm name="state_rob_entries_memory_request_sent"/><MemPortTyVec>1 3 </MemPortTyVec>
</StgValue>
</bind>
</comp>

<comp id="24" class="1000" name="state_rob_entries_memory_transaction_id">
<pin_list>
<pin id="25" dir="1" index="0" bw="1" slack="0"/>
</pin_list>
<bind>
<StgValue><ssdm name="state_rob_entries_memory_transaction_id"/><MemPortTyVec>1 3 </MemPortTyVec>
</StgValue>
</bind>
</comp>

<comp id="26" class="1000" name="state_completion_mem_execute_uop_branch_br_mask">
<pin_list>
<pin id="27" dir="1" index="0" bw="1" slack="0"/>
</pin_list>
<bind>
<StgValue><ssdm name="state_completion_mem_execute_uop_branch_br_mask"/></StgValue>
</bind>
</comp>

<comp id="28" class="1000" name="state_completion_mem_execute_uop_branch_br_tag">
<pin_list>
<pin id="29" dir="1" index="0" bw="1" slack="0"/>
</pin_list>
<bind>
<StgValue><ssdm name="state_completion_mem_execute_uop_branch_br_tag"/></StgValue>
</bind>
</comp>

<comp id="30" class="1000" name="state_completion_mem_execute_uop_rename_pdst">
<pin_list>
<pin id="31" dir="1" index="0" bw="1" slack="0"/>
</pin_list>
<bind>
<StgValue><ssdm name="state_completion_mem_execute_uop_rename_pdst"/></StgValue>
</bind>
</comp>

<comp id="32" class="1000" name="state_completion_mem_execute_writes_prf">
<pin_list>
<pin id="33" dir="1" index="0" bw="1" slack="0"/>
</pin_list>
<bind>
<StgValue><ssdm name="state_completion_mem_execute_writes_prf"/></StgValue>
</bind>
</comp>

<comp id="34" class="1000" name="state_completion_mem_execute_value">
<pin_list>
<pin id="35" dir="1" index="0" bw="1" slack="0"/>
</pin_list>
<bind>
<StgValue><ssdm name="state_completion_mem_execute_value"/></StgValue>
</bind>
</comp>

<comp id="36" class="1000" name="state_completion_int_execute_valid">
<pin_list>
<pin id="37" dir="1" index="0" bw="1" slack="0"/>
</pin_list>
<bind>
<StgValue><ssdm name="state_completion_int_execute_valid"/></StgValue>
</bind>
</comp>

<comp id="38" class="1000" name="state_completion_int_execute_kind">
<pin_list>
<pin id="39" dir="1" index="0" bw="1" slack="0"/>
</pin_list>
<bind>
<StgValue><ssdm name="state_completion_int_execute_kind"/></StgValue>
</bind>
</comp>

<comp id="40" class="1000" name="state_completion_int_execute_source">
<pin_list>
<pin id="41" dir="1" index="0" bw="1" slack="0"/>
</pin_list>
<bind>
<StgValue><ssdm name="state_completion_int_execute_source"/></StgValue>
</bind>
</comp>

<comp id="42" class="1000" name="state_completion_int_execute_uop_queue_rob_idx">
<pin_list>
<pin id="43" dir="1" index="0" bw="1" slack="0"/>
</pin_list>
<bind>
<StgValue><ssdm name="state_completion_int_execute_uop_queue_rob_idx"/></StgValue>
</bind>
</comp>

<comp id="44" class="1000" name="state_completion_int_execute_uop_queue_rob_allocation_id">
<pin_list>
<pin id="45" dir="1" index="0" bw="1" slack="0"/>
</pin_list>
<bind>
<StgValue><ssdm name="state_completion_int_execute_uop_queue_rob_allocation_id"/></StgValue>
</bind>
</comp>

<comp id="46" class="1000" name="state_completion_int_execute_uop_branch_br_mask">
<pin_list>
<pin id="47" dir="1" index="0" bw="1" slack="0"/>
</pin_list>
<bind>
<StgValue><ssdm name="state_completion_int_execute_uop_branch_br_mask"/></StgValue>
</bind>
</comp>

<comp id="48" class="1000" name="state_completion_int_execute_uop_branch_br_tag">
<pin_list>
<pin id="49" dir="1" index="0" bw="1" slack="0"/>
</pin_list>
<bind>
<StgValue><ssdm name="state_completion_int_execute_uop_branch_br_tag"/></StgValue>
</bind>
</comp>

<comp id="50" class="1000" name="state_completion_int_execute_uop_rename_pdst">
<pin_list>
<pin id="51" dir="1" index="0" bw="1" slack="0"/>
</pin_list>
<bind>
<StgValue><ssdm name="state_completion_int_execute_uop_rename_pdst"/></StgValue>
</bind>
</comp>

<comp id="52" class="1000" name="state_completion_int_execute_writes_prf">
<pin_list>
<pin id="53" dir="1" index="0" bw="1" slack="0"/>
</pin_list>
<bind>
<StgValue><ssdm name="state_completion_int_execute_writes_prf"/></StgValue>
</bind>
</comp>

<comp id="54" class="1000" name="state_completion_int_execute_value">
<pin_list>
<pin id="55" dir="1" index="0" bw="1" slack="0"/>
</pin_list>
<bind>
<StgValue><ssdm name="state_completion_int_execute_value"/></StgValue>
</bind>
</comp>

<comp id="56" class="1000" name="state_rob_head">
<pin_list>
<pin id="57" dir="1" index="0" bw="1" slack="0"/>
</pin_list>
<bind>
<StgValue><ssdm name="state_rob_head"/></StgValue>
</bind>
</comp>

<comp id="58" class="1000" name="state_completion_wakeup_sent_0">
<pin_list>
<pin id="59" dir="1" index="0" bw="1" slack="0"/>
</pin_list>
<bind>
<StgValue><ssdm name="state_completion_wakeup_sent_0"/></StgValue>
</bind>
</comp>

<comp id="60" class="1000" name="state_completion_rob_completes_this_cycle">
<pin_list>
<pin id="61" dir="1" index="0" bw="1" slack="0"/>
</pin_list>
<bind>
<StgValue><ssdm name="state_completion_rob_completes_this_cycle"/></StgValue>
</bind>
</comp>

<comp id="62" class="1000" name="state_completion_total_rob_completes">
<pin_list>
<pin id="63" dir="1" index="0" bw="1" slack="0"/>
</pin_list>
<bind>
<StgValue><ssdm name="state_completion_total_rob_completes"/></StgValue>
</bind>
</comp>

<comp id="64" class="1000" name="state_branch_state_active_mask">
<pin_list>
<pin id="65" dir="1" index="0" bw="1" slack="0"/>
</pin_list>
<bind>
<StgValue><ssdm name="state_branch_state_active_mask"/></StgValue>
</bind>
</comp>

<comp id="66" class="1000" name="state_branch_state_releases">
<pin_list>
<pin id="67" dir="1" index="0" bw="1" slack="0"/>
</pin_list>
<bind>
<StgValue><ssdm name="state_branch_state_releases"/></StgValue>
</bind>
</comp>

<comp id="68" class="1000" name="state_decode_dec_uops_branch_br_mask_0">
<pin_list>
<pin id="69" dir="1" index="0" bw="1" slack="0"/>
</pin_list>
<bind>
<StgValue><ssdm name="state_decode_dec_uops_branch_br_mask_0"/></StgValue>
</bind>
</comp>

<comp id="70" class="1000" name="state_rename_dispatch_packets_uop_branch_br_mask_0">
<pin_list>
<pin id="71" dir="1" index="0" bw="1" slack="0"/>
</pin_list>
<bind>
<StgValue><ssdm name="state_rename_dispatch_packets_uop_branch_br_mask_0"/></StgValue>
</bind>
</comp>

<comp id="72" class="1000" name="state_execute_alu_results_uop_branch_br_mask_0">
<pin_list>
<pin id="73" dir="1" index="0" bw="1" slack="0"/>
</pin_list>
<bind>
<StgValue><ssdm name="state_execute_alu_results_uop_branch_br_mask_0"/></StgValue>
</bind>
</comp>

<comp id="74" class="1000" name="state_execute_alu_results_uop_branch_br_mask_1">
<pin_list>
<pin id="75" dir="1" index="0" bw="1" slack="0"/>
</pin_list>
<bind>
<StgValue><ssdm name="state_execute_alu_results_uop_branch_br_mask_1"/></StgValue>
</bind>
</comp>

<comp id="76" class="1000" name="state_execute_alu_results_uop_branch_br_mask_2">
<pin_list>
<pin id="77" dir="1" index="0" bw="1" slack="0"/>
</pin_list>
<bind>
<StgValue><ssdm name="state_execute_alu_results_uop_branch_br_mask_2"/></StgValue>
</bind>
</comp>

<comp id="78" class="1000" name="state_issue_issued_uops_branch_br_mask_0">
<pin_list>
<pin id="79" dir="1" index="0" bw="1" slack="0"/>
</pin_list>
<bind>
<StgValue><ssdm name="state_issue_issued_uops_branch_br_mask_0"/></StgValue>
</bind>
</comp>

<comp id="80" class="1000" name="state_issue_issued_uops_branch_br_mask_1">
<pin_list>
<pin id="81" dir="1" index="0" bw="1" slack="0"/>
</pin_list>
<bind>
<StgValue><ssdm name="state_issue_issued_uops_branch_br_mask_1"/></StgValue>
</bind>
</comp>

<comp id="82" class="1000" name="state_issue_issued_uops_branch_br_mask_2">
<pin_list>
<pin id="83" dir="1" index="0" bw="1" slack="0"/>
</pin_list>
<bind>
<StgValue><ssdm name="state_issue_issued_uops_branch_br_mask_2"/></StgValue>
</bind>
</comp>

<comp id="84" class="1000" name="state_issue_alu_iq_entries_uop_branch_br_mask">
<pin_list>
<pin id="85" dir="1" index="0" bw="1" slack="0"/>
</pin_list>
<bind>
<StgValue><ssdm name="state_issue_alu_iq_entries_uop_branch_br_mask"/><MemPortTyVec>2 3 </MemPortTyVec>
</StgValue>
</bind>
</comp>

<comp id="86" class="1000" name="state_rob_entries_uop_branch_br_mask">
<pin_list>
<pin id="87" dir="1" index="0" bw="1" slack="0"/>
</pin_list>
<bind>
<StgValue><ssdm name="state_rob_entries_uop_branch_br_mask"/><MemPortTyVec>2 3 </MemPortTyVec>
</StgValue>
</bind>
</comp>

<comp id="88" class="1000" name="state_completion_wakeups_branch_mask_0">
<pin_list>
<pin id="89" dir="1" index="0" bw="1" slack="0"/>
</pin_list>
<bind>
<StgValue><ssdm name="state_completion_wakeups_branch_mask_0"/></StgValue>
</bind>
</comp>

<comp id="90" class="1000" name="state_completion_wakeups_branch_mask_1">
<pin_list>
<pin id="91" dir="1" index="0" bw="1" slack="0"/>
</pin_list>
<bind>
<StgValue><ssdm name="state_completion_wakeups_branch_mask_1"/></StgValue>
</bind>
</comp>

<comp id="92" class="1000" name="state_completion_wakeups_branch_mask_2">
<pin_list>
<pin id="93" dir="1" index="0" bw="1" slack="0"/>
</pin_list>
<bind>
<StgValue><ssdm name="state_completion_wakeups_branch_mask_2"/></StgValue>
</bind>
</comp>

<comp id="94" class="1000" name="state_completion_bypass_branch_mask_0">
<pin_list>
<pin id="95" dir="1" index="0" bw="1" slack="0"/>
</pin_list>
<bind>
<StgValue><ssdm name="state_completion_bypass_branch_mask_0"/></StgValue>
</bind>
</comp>

<comp id="96" class="1000" name="state_completion_bypass_branch_mask_1">
<pin_list>
<pin id="97" dir="1" index="0" bw="1" slack="0"/>
</pin_list>
<bind>
<StgValue><ssdm name="state_completion_bypass_branch_mask_1"/></StgValue>
</bind>
</comp>

<comp id="98" class="1000" name="state_completion_bypass_branch_mask_2">
<pin_list>
<pin id="99" dir="1" index="0" bw="1" slack="0"/>
</pin_list>
<bind>
<StgValue><ssdm name="state_completion_bypass_branch_mask_2"/></StgValue>
</bind>
</comp>

<comp id="100" class="1000" name="state_lsu_ldq_branch_mask">
<pin_list>
<pin id="101" dir="1" index="0" bw="1" slack="0"/>
</pin_list>
<bind>
<StgValue><ssdm name="state_lsu_ldq_branch_mask"/><MemPortTyVec>2 3 </MemPortTyVec>
</StgValue>
</bind>
</comp>

<comp id="102" class="1000" name="state_lsu_stq_branch_mask">
<pin_list>
<pin id="103" dir="1" index="0" bw="1" slack="0"/>
</pin_list>
<bind>
<StgValue><ssdm name="state_lsu_stq_branch_mask"/><MemPortTyVec>2 3 </MemPortTyVec>
</StgValue>
</bind>
</comp>

<comp id="104" class="1000" name="state_int_rf">
<pin_list>
<pin id="105" dir="1" index="0" bw="1" slack="0"/>
</pin_list>
<bind>
<StgValue><ssdm name="state_int_rf"/><MemPortTyVec>0 3 </MemPortTyVec>
</StgValue>
</bind>
</comp>

<comp id="106" class="1000" name="state_completion_wakeup_sent_2">
<pin_list>
<pin id="107" dir="1" index="0" bw="1" slack="0"/>
</pin_list>
<bind>
<StgValue><ssdm name="state_completion_wakeup_sent_2"/></StgValue>
</bind>
</comp>

<comp id="108" class="1000" name="state_completion_wakeup_sent_1">
<pin_list>
<pin id="109" dir="1" index="0" bw="1" slack="0"/>
</pin_list>
<bind>
<StgValue><ssdm name="state_completion_wakeup_sent_1"/></StgValue>
</bind>
</comp>

<comp id="110" class="1000" name="state_completion_prf_writes_this_cycle">
<pin_list>
<pin id="111" dir="1" index="0" bw="1" slack="0"/>
</pin_list>
<bind>
<StgValue><ssdm name="state_completion_prf_writes_this_cycle"/></StgValue>
</bind>
</comp>

<comp id="112" class="1000" name="state_completion_total_prf_writes">
<pin_list>
<pin id="113" dir="1" index="0" bw="1" slack="0"/>
</pin_list>
<bind>
<StgValue><ssdm name="state_completion_total_prf_writes"/></StgValue>
</bind>
</comp>

<comp id="114" class="1000" name="state_completion_peak_rob_completes">
<pin_list>
<pin id="115" dir="1" index="0" bw="1" slack="0"/>
</pin_list>
<bind>
<StgValue><ssdm name="state_completion_peak_rob_completes"/></StgValue>
</bind>
</comp>

<comp id="116" class="1000" name="state_completion_peak_prf_writes">
<pin_list>
<pin id="117" dir="1" index="0" bw="1" slack="0"/>
</pin_list>
<bind>
<StgValue><ssdm name="state_completion_peak_prf_writes"/></StgValue>
</bind>
</comp>

<comp id="118" class="1001" name="const_118">
<pin_list>
<pin id="119" dir="1" index="0" bw="1" slack="0"/>
</pin_list>
<bind>
<StgValue><ssdm name=""/></StgValue>
</bind>
</comp>

<comp id="120" class="1001" name="const_120">
<pin_list>
<pin id="121" dir="1" index="0" bw="1" slack="0"/>
</pin_list>
<bind>
<StgValue><ssdm name=""/></StgValue>
</bind>
</comp>

<comp id="122" class="1001" name="const_122">
<pin_list>
<pin id="123" dir="1" index="0" bw="1" slack="0"/>
</pin_list>
<bind>
<StgValue><ssdm name=""/></StgValue>
</bind>
</comp>

<comp id="124" class="1001" name="const_124">
<pin_list>
<pin id="125" dir="1" index="0" bw="1" slack="0"/>
</pin_list>
<bind>
<StgValue><ssdm name=""/></StgValue>
</bind>
</comp>

<comp id="126" class="1001" name="const_126">
<pin_list>
<pin id="127" dir="1" index="0" bw="1" slack="2147483647"/>
</pin_list>
<bind>
<StgValue><ssdm name="_ssdm_op_SpecLoopTripCount"/></StgValue>
</bind>
</comp>

<comp id="128" class="1001" name="const_128">
<pin_list>
<pin id="129" dir="1" index="0" bw="1" slack="0"/>
</pin_list>
<bind>
<StgValue><ssdm name=""/></StgValue>
</bind>
</comp>

<comp id="130" class="1001" name="const_130">
<pin_list>
<pin id="131" dir="1" index="0" bw="1" slack="2147483647"/>
</pin_list>
<bind>
<StgValue><ssdm name=""/></StgValue>
</bind>
</comp>

<comp id="132" class="1001" name="const_132">
<pin_list>
<pin id="133" dir="1" index="0" bw="1" slack="2147483647"/>
</pin_list>
<bind>
<StgValue><ssdm name=""/></StgValue>
</bind>
</comp>

<comp id="134" class="1001" name="const_134">
<pin_list>
<pin id="135" dir="1" index="0" bw="1" slack="0"/>
</pin_list>
<bind>
<StgValue><ssdm name=""/></StgValue>
</bind>
</comp>

<comp id="136" class="1001" name="const_136">
<pin_list>
<pin id="137" dir="1" index="0" bw="1" slack="2147483647"/>
</pin_list>
<bind>
<StgValue><ssdm name="_ssdm_op_SpecLoopName"/></StgValue>
</bind>
</comp>

<comp id="138" class="1001" name="const_138">
<pin_list>
<pin id="139" dir="1" index="0" bw="1" slack="2147483647"/>
</pin_list>
<bind>
<StgValue><ssdm name="empty_25"/></StgValue>
</bind>
</comp>

<comp id="140" class="1001" name="const_140">
<pin_list>
<pin id="141" dir="1" index="0" bw="1" slack="0"/>
</pin_list>
<bind>
<StgValue><ssdm name="completion_is_valid"/></StgValue>
</bind>
</comp>

<comp id="142" class="1001" name="const_142">
<pin_list>
<pin id="143" dir="1" index="0" bw="1" slack="0"/>
</pin_list>
<bind>
<StgValue><ssdm name=""/></StgValue>
</bind>
</comp>

<comp id="144" class="1001" name="const_144">
<pin_list>
<pin id="145" dir="1" index="0" bw="1" slack="0"/>
</pin_list>
<bind>
<StgValue><ssdm name=""/></StgValue>
</bind>
</comp>

<comp id="146" class="1001" name="const_146">
<pin_list>
<pin id="147" dir="1" index="0" bw="1" slack="0"/>
</pin_list>
<bind>
<StgValue><ssdm name=""/></StgValue>
</bind>
</comp>

<comp id="148" class="1001" name="const_148">
<pin_list>
<pin id="149" dir="1" index="0" bw="1" slack="0"/>
</pin_list>
<bind>
<StgValue><ssdm name=""/></StgValue>
</bind>
</comp>

<comp id="150" class="1001" name="const_150">
<pin_list>
<pin id="151" dir="1" index="0" bw="1" slack="0"/>
</pin_list>
<bind>
<StgValue><ssdm name=""/></StgValue>
</bind>
</comp>

<comp id="152" class="1001" name="const_152">
<pin_list>
<pin id="153" dir="1" index="0" bw="1" slack="0"/>
</pin_list>
<bind>
<StgValue><ssdm name=""/></StgValue>
</bind>
</comp>

<comp id="154" class="1001" name="const_154">
<pin_list>
<pin id="155" dir="1" index="0" bw="1" slack="0"/>
</pin_list>
<bind>
<StgValue><ssdm name=""/></StgValue>
</bind>
</comp>

<comp id="156" class="1001" name="const_156">
<pin_list>
<pin id="157" dir="1" index="0" bw="1" slack="0"/>
</pin_list>
<bind>
<StgValue><ssdm name=""/></StgValue>
</bind>
</comp>

<comp id="158" class="1001" name="const_158">
<pin_list>
<pin id="159" dir="1" index="0" bw="1" slack="0"/>
</pin_list>
<bind>
<StgValue><ssdm name=""/></StgValue>
</bind>
</comp>

<comp id="160" class="1001" name="const_160">
<pin_list>
<pin id="161" dir="1" index="0" bw="1" slack="2147483647"/>
</pin_list>
<bind>
<StgValue><ssdm name=""/></StgValue>
</bind>
</comp>

<comp id="162" class="1001" name="const_162">
<pin_list>
<pin id="163" dir="1" index="0" bw="1" slack="2147483647"/>
</pin_list>
<bind>
<StgValue><ssdm name=""/></StgValue>
</bind>
</comp>

<comp id="164" class="1001" name="const_164">
<pin_list>
<pin id="165" dir="1" index="0" bw="1" slack="0"/>
</pin_list>
<bind>
<StgValue><ssdm name="branch_complete_event"/></StgValue>
</bind>
</comp>

<comp id="166" class="1001" name="const_166">
<pin_list>
<pin id="167" dir="1" index="0" bw="1" slack="0"/>
</pin_list>
<bind>
<StgValue><ssdm name=""/></StgValue>
</bind>
</comp>

<comp id="168" class="1001" name="const_168">
<pin_list>
<pin id="169" dir="1" index="0" bw="1" slack="0"/>
</pin_list>
<bind>
<StgValue><ssdm name=""/></StgValue>
</bind>
</comp>

<comp id="170" class="1001" name="const_170">
<pin_list>
<pin id="171" dir="1" index="0" bw="1" slack="0"/>
</pin_list>
<bind>
<StgValue><ssdm name=""/></StgValue>
</bind>
</comp>

<comp id="172" class="1004" name="service_fu_172">
<pin_list>
<pin id="173" dir="0" index="0" bw="1" slack="0"/>
<pin id="174" dir="1" index="1" bw="2" slack="0"/>
</pin_list>
<bind>
<opcode="alloca(26) " fcode="alloca"/>
<opset="service/1 "/>
</bind>
</comp>

<comp id="176" class="1004" name="prf_used_fu_176">
<pin_list>
<pin id="177" dir="0" index="0" bw="1" slack="0"/>
<pin id="178" dir="1" index="1" bw="1" slack="0"/>
</pin_list>
<bind>
<opcode="alloca(26) " fcode="alloca"/>
<opset="prf_used/1 "/>
</bind>
</comp>

<comp id="180" class="1004" name="state_rob_entries_valid_addr_gep_fu_180">
<pin_list>
<pin id="181" dir="0" index="0" bw="1" slack="0"/>
<pin id="182" dir="0" index="1" bw="1" slack="0"/>
<pin id="183" dir="0" index="2" bw="5" slack="0"/>
<pin id="184" dir="1" index="3" bw="5" slack="0"/>
</pin_list>
<bind>
<opcode="getelementptr(29) " fcode="getelementptr"/>
<opset="state_rob_entries_valid_addr/16 "/>
</bind>
</comp>

<comp id="187" class="1004" name="grp_access_fu_187">
<pin_list>
<pin id="188" dir="0" index="0" bw="5" slack="0"/>
<pin id="189" dir="0" index="1" bw="1" slack="2147483647"/>
<pin id="190" dir="0" index="2" bw="0" slack="2147483647"/>
<pin id="191" dir="1" index="3" bw="1" slack="1"/>
</pin_list>
<bind>
<opcode="load(27) " fcode="load"/>
<opset="state_rob_entries_valid_load_1/16 state_rob_entries_valid_load/24 "/>
</bind>
</comp>

<comp id="193" class="1004" name="state_rob_entries_uop_queue_rob_allocation_id_addr_gep_fu_193">
<pin_list>
<pin id="194" dir="0" index="0" bw="2" slack="0"/>
<pin id="195" dir="0" index="1" bw="1" slack="0"/>
<pin id="196" dir="0" index="2" bw="5" slack="1"/>
<pin id="197" dir="1" index="3" bw="5" slack="0"/>
</pin_list>
<bind>
<opcode="getelementptr(29) " fcode="getelementptr"/>
<opset="state_rob_entries_uop_queue_rob_allocation_id_addr/17 "/>
</bind>
</comp>

<comp id="200" class="1004" name="grp_access_fu_200">
<pin_list>
<pin id="201" dir="0" index="0" bw="5" slack="0"/>
<pin id="202" dir="0" index="1" bw="2" slack="2147483647"/>
<pin id="203" dir="0" index="2" bw="0" slack="2147483647"/>
<pin id="204" dir="1" index="3" bw="2" slack="0"/>
</pin_list>
<bind>
<opcode="load(27) " fcode="load"/>
<opset="state_rob_entries_uop_queue_rob_allocation_id_load_1/17 state_rob_entries_uop_queue_rob_allocation_id_load/25 "/>
</bind>
</comp>

<comp id="206" class="1004" name="state_rob_entries_busy_addr_gep_fu_206">
<pin_list>
<pin id="207" dir="0" index="0" bw="1" slack="0"/>
<pin id="208" dir="0" index="1" bw="1" slack="0"/>
<pin id="209" dir="0" index="2" bw="5" slack="0"/>
<pin id="210" dir="1" index="3" bw="5" slack="0"/>
</pin_list>
<bind>
<opcode="getelementptr(29) " fcode="getelementptr"/>
<opset="state_rob_entries_busy_addr/18 "/>
</bind>
</comp>

<comp id="213" class="1004" name="grp_access_fu_213">
<pin_list>
<pin id="214" dir="0" index="0" bw="5" slack="0"/>
<pin id="215" dir="0" index="1" bw="1" slack="0"/>
<pin id="216" dir="0" index="2" bw="0" slack="2147483647"/>
<pin id="217" dir="1" index="3" bw="1" slack="2147483647"/>
</pin_list>
<bind>
<opcode="store(28) " fcode="store"/>
<opset="store_ln640/18 store_ln640/18 store_ln640/20 "/>
</bind>
</comp>

<comp id="220" class="1004" name="state_int_rf_addr_1_gep_fu_220">
<pin_list>
<pin id="221" dir="0" index="0" bw="56" slack="0"/>
<pin id="222" dir="0" index="1" bw="1" slack="0"/>
<pin id="223" dir="0" index="2" bw="2" slack="0"/>
<pin id="224" dir="1" index="3" bw="6" slack="0"/>
</pin_list>
<bind>
<opcode="getelementptr(29) " fcode="getelementptr"/>
<opset="state_int_rf_addr_1/18 "/>
</bind>
</comp>

<comp id="227" class="1004" name="grp_access_fu_227">
<pin_list>
<pin id="228" dir="0" index="0" bw="6" slack="0"/>
<pin id="229" dir="0" index="1" bw="56" slack="7"/>
<pin id="230" dir="0" index="2" bw="0" slack="2147483647"/>
<pin id="231" dir="1" index="3" bw="56" slack="2147483647"/>
</pin_list>
<bind>
<opcode="store(28) " fcode="store"/>
<opset="store_ln651/18 store_ln651/18 "/>
</bind>
</comp>

<comp id="233" class="1004" name="state_rob_entries_memory_completed_addr_gep_fu_233">
<pin_list>
<pin id="234" dir="0" index="0" bw="1" slack="0"/>
<pin id="235" dir="0" index="1" bw="1" slack="0"/>
<pin id="236" dir="0" index="2" bw="5" slack="0"/>
<pin id="237" dir="1" index="3" bw="5" slack="0"/>
</pin_list>
<bind>
<opcode="getelementptr(29) " fcode="getelementptr"/>
<opset="state_rob_entries_memory_completed_addr/18 "/>
</bind>
</comp>

<comp id="240" class="1004" name="grp_access_fu_240">
<pin_list>
<pin id="241" dir="0" index="0" bw="5" slack="0"/>
<pin id="242" dir="0" index="1" bw="1" slack="0"/>
<pin id="243" dir="0" index="2" bw="0" slack="2147483647"/>
<pin id="244" dir="1" index="3" bw="1" slack="2147483647"/>
</pin_list>
<bind>
<opcode="store(28) " fcode="store"/>
<opset="store_ln655/18 store_ln655/18 "/>
</bind>
</comp>

<comp id="247" class="1004" name="state_rob_entries_busy_addr_3_gep_fu_247">
<pin_list>
<pin id="248" dir="0" index="0" bw="1" slack="0"/>
<pin id="249" dir="0" index="1" bw="1" slack="0"/>
<pin id="250" dir="0" index="2" bw="5" slack="0"/>
<pin id="251" dir="1" index="3" bw="5" slack="0"/>
</pin_list>
<bind>
<opcode="getelementptr(29) " fcode="getelementptr"/>
<opset="state_rob_entries_busy_addr_3/18 "/>
</bind>
</comp>

<comp id="255" class="1004" name="state_int_rf_addr_gep_fu_255">
<pin_list>
<pin id="256" dir="0" index="0" bw="56" slack="0"/>
<pin id="257" dir="0" index="1" bw="1" slack="0"/>
<pin id="258" dir="0" index="2" bw="3" slack="0"/>
<pin id="259" dir="1" index="3" bw="6" slack="0"/>
</pin_list>
<bind>
<opcode="getelementptr(29) " fcode="getelementptr"/>
<opset="state_int_rf_addr/18 "/>
</bind>
</comp>

<comp id="263" class="1004" name="state_rob_entries_memory_completed_addr_1_gep_fu_263">
<pin_list>
<pin id="264" dir="0" index="0" bw="1" slack="0"/>
<pin id="265" dir="0" index="1" bw="1" slack="0"/>
<pin id="266" dir="0" index="2" bw="5" slack="0"/>
<pin id="267" dir="1" index="3" bw="5" slack="0"/>
</pin_list>
<bind>
<opcode="getelementptr(29) " fcode="getelementptr"/>
<opset="state_rob_entries_memory_completed_addr_1/18 "/>
</bind>
</comp>

<comp id="272" class="1004" name="state_rob_entries_valid_addr_3_gep_fu_272">
<pin_list>
<pin id="273" dir="0" index="0" bw="1" slack="0"/>
<pin id="274" dir="0" index="1" bw="1" slack="0"/>
<pin id="275" dir="0" index="2" bw="5" slack="0"/>
<pin id="276" dir="1" index="3" bw="5" slack="0"/>
</pin_list>
<bind>
<opcode="getelementptr(29) " fcode="getelementptr"/>
<opset="state_rob_entries_valid_addr_3/24 "/>
</bind>
</comp>

<comp id="280" class="1004" name="state_rob_entries_uop_queue_rob_allocation_id_addr_3_gep_fu_280">
<pin_list>
<pin id="281" dir="0" index="0" bw="2" slack="0"/>
<pin id="282" dir="0" index="1" bw="1" slack="0"/>
<pin id="283" dir="0" index="2" bw="5" slack="1"/>
<pin id="284" dir="1" index="3" bw="5" slack="0"/>
</pin_list>
<bind>
<opcode="getelementptr(29) " fcode="getelementptr"/>
<opset="state_rob_entries_uop_queue_rob_allocation_id_addr_3/25 "/>
</bind>
</comp>

<comp id="288" class="1005" name="oldest_age_1_reg_288">
<pin_list>
<pin id="289" dir="0" index="0" bw="6" slack="2147483647"/>
<pin id="290" dir="1" index="1" bw="6" slack="2147483647"/>
</pin_list>
<bind>
<opset="oldest_age_1 (phireg) "/>
</bind>
</comp>

<comp id="291" class="1004" name="oldest_age_1_phi_fu_291">
<pin_list>
<pin id="292" dir="0" index="0" bw="5" slack="0"/>
<pin id="293" dir="0" index="1" bw="0" slack="2147483647"/>
<pin id="294" dir="0" index="2" bw="6" slack="0"/>
<pin id="295" dir="0" index="3" bw="0" slack="2147483647"/>
<pin id="296" dir="1" index="4" bw="6" slack="0"/>
</pin_list>
<bind>
<opcode="phi(47) " fcode="phi"/>
<opset="oldest_age_1/11 "/>
</bind>
</comp>

<comp id="298" class="1005" name="oldest_reg_298">
<pin_list>
<pin id="299" dir="0" index="0" bw="1" slack="2147483647"/>
<pin id="300" dir="1" index="1" bw="1" slack="2147483647"/>
</pin_list>
<bind>
<opset="oldest (phireg) "/>
</bind>
</comp>

<comp id="301" class="1004" name="oldest_phi_fu_301">
<pin_list>
<pin id="302" dir="0" index="0" bw="1" slack="0"/>
<pin id="303" dir="0" index="1" bw="0" slack="2147483647"/>
<pin id="304" dir="0" index="2" bw="1" slack="0"/>
<pin id="305" dir="0" index="3" bw="0" slack="2147483647"/>
<pin id="306" dir="1" index="4" bw="1" slack="0"/>
</pin_list>
<bind>
<opcode="phi(47) " fcode="phi"/>
<opset="oldest/11 "/>
</bind>
</comp>

<comp id="308" class="1005" name="oldest_age_3_reg_308">
<pin_list>
<pin id="309" dir="0" index="0" bw="6" slack="2147483647"/>
<pin id="310" dir="1" index="1" bw="6" slack="2147483647"/>
</pin_list>
<bind>
<opset="oldest_age_3 (phireg) "/>
</bind>
</comp>

<comp id="311" class="1004" name="oldest_age_3_phi_fu_311">
<pin_list>
<pin id="312" dir="0" index="0" bw="5" slack="0"/>
<pin id="313" dir="0" index="1" bw="0" slack="2147483647"/>
<pin id="314" dir="0" index="2" bw="6" slack="0"/>
<pin id="315" dir="0" index="3" bw="0" slack="2147483647"/>
<pin id="316" dir="1" index="4" bw="6" slack="0"/>
</pin_list>
<bind>
<opcode="phi(47) " fcode="phi"/>
<opset="oldest_age_3/11 "/>
</bind>
</comp>

<comp id="318" class="1005" name="oldest_1_reg_318">
<pin_list>
<pin id="319" dir="0" index="0" bw="2" slack="2147483647"/>
<pin id="320" dir="1" index="1" bw="2" slack="2147483647"/>
</pin_list>
<bind>
<opset="oldest_1 (phireg) "/>
</bind>
</comp>

<comp id="321" class="1004" name="oldest_1_phi_fu_321">
<pin_list>
<pin id="322" dir="0" index="0" bw="2" slack="0"/>
<pin id="323" dir="0" index="1" bw="0" slack="2147483647"/>
<pin id="324" dir="0" index="2" bw="1" slack="0"/>
<pin id="325" dir="0" index="3" bw="0" slack="2147483647"/>
<pin id="326" dir="1" index="4" bw="2" slack="0"/>
</pin_list>
<bind>
<opcode="phi(47) " fcode="phi"/>
<opset="oldest_1/11 "/>
</bind>
</comp>

<comp id="327" class="1005" name="selected_age_1_reg_327">
<pin_list>
<pin id="328" dir="0" index="0" bw="6" slack="1"/>
<pin id="329" dir="1" index="1" bw="6" slack="1"/>
</pin_list>
<bind>
<opset="selected_age_1 (phireg) "/>
</bind>
</comp>

<comp id="330" class="1004" name="selected_age_1_phi_fu_330">
<pin_list>
<pin id="331" dir="0" index="0" bw="5" slack="0"/>
<pin id="332" dir="0" index="1" bw="0" slack="2147483647"/>
<pin id="333" dir="0" index="2" bw="6" slack="0"/>
<pin id="334" dir="0" index="3" bw="0" slack="2147483647"/>
<pin id="335" dir="1" index="4" bw="6" slack="0"/>
</pin_list>
<bind>
<opcode="phi(47) " fcode="phi"/>
<opset="selected_age_1/11 "/>
</bind>
</comp>

<comp id="338" class="1005" name="selected_reg_338">
<pin_list>
<pin id="339" dir="0" index="0" bw="1" slack="1"/>
<pin id="340" dir="1" index="1" bw="1" slack="1"/>
</pin_list>
<bind>
<opset="selected (phireg) "/>
</bind>
</comp>

<comp id="342" class="1004" name="selected_phi_fu_342">
<pin_list>
<pin id="343" dir="0" index="0" bw="1" slack="1"/>
<pin id="344" dir="0" index="1" bw="0" slack="2147483647"/>
<pin id="345" dir="0" index="2" bw="1" slack="1"/>
<pin id="346" dir="0" index="3" bw="0" slack="2147483647"/>
<pin id="347" dir="1" index="4" bw="1" slack="0"/>
</pin_list>
<bind>
<opcode="phi(47) " fcode="phi"/>
<opset="selected/12 "/>
</bind>
</comp>

<comp id="349" class="1005" name="selected_age_3_reg_349">
<pin_list>
<pin id="350" dir="0" index="0" bw="6" slack="2147483647"/>
<pin id="351" dir="1" index="1" bw="6" slack="2147483647"/>
</pin_list>
<bind>
<opset="selected_age_3 (phireg) "/>
</bind>
</comp>

<comp id="352" class="1004" name="selected_age_3_phi_fu_352">
<pin_list>
<pin id="353" dir="0" index="0" bw="5" slack="1"/>
<pin id="354" dir="0" index="1" bw="0" slack="2147483647"/>
<pin id="355" dir="0" index="2" bw="6" slack="1"/>
<pin id="356" dir="0" index="3" bw="0" slack="2147483647"/>
<pin id="357" dir="1" index="4" bw="6" slack="0"/>
</pin_list>
<bind>
<opcode="phi(47) " fcode="phi"/>
<opset="selected_age_3/12 "/>
</bind>
</comp>

<comp id="359" class="1005" name="retval_0_i_ph_reg_359">
<pin_list>
<pin id="360" dir="0" index="0" bw="2" slack="6"/>
<pin id="361" dir="1" index="1" bw="2" slack="2147483647"/>
</pin_list>
<bind>
<opset="retval_0_i_ph (phireg) "/>
</bind>
</comp>

<comp id="362" class="1004" name="retval_0_i_ph_phi_fu_362">
<pin_list>
<pin id="363" dir="0" index="0" bw="2" slack="0"/>
<pin id="364" dir="0" index="1" bw="0" slack="2147483647"/>
<pin id="365" dir="0" index="2" bw="1" slack="0"/>
<pin id="366" dir="0" index="3" bw="0" slack="2147483647"/>
<pin id="367" dir="1" index="4" bw="2" slack="6"/>
</pin_list>
<bind>
<opcode="phi(47) " fcode="phi"/>
<opset="retval_0_i_ph/12 "/>
</bind>
</comp>

<comp id="369" class="1005" name="writes_prf_1_ph26_reg_369">
<pin_list>
<pin id="370" dir="0" index="0" bw="1" slack="2147483647"/>
<pin id="371" dir="1" index="1" bw="1" slack="2147483647"/>
</pin_list>
<bind>
<opset="writes_prf_1_ph26 (phireg) "/>
</bind>
</comp>

<comp id="372" class="1004" name="writes_prf_1_ph26_phi_fu_372">
<pin_list>
<pin id="373" dir="0" index="0" bw="1" slack="2147483647"/>
<pin id="374" dir="0" index="1" bw="0" slack="2147483647"/>
<pin id="375" dir="0" index="2" bw="1" slack="2147483647"/>
<pin id="376" dir="0" index="3" bw="0" slack="2147483647"/>
<pin id="377" dir="1" index="4" bw="1" slack="2147483647"/>
</pin_list>
<bind>
<opcode="phi(47) " fcode="phi"/>
<opset="writes_prf_1_ph26/18 "/>
</bind>
</comp>

<comp id="378" class="1004" name="grp_completion_is_valid_fu_378">
<pin_list>
<pin id="379" dir="0" index="0" bw="1" slack="0"/>
<pin id="380" dir="0" index="1" bw="1" slack="0"/>
<pin id="381" dir="0" index="2" bw="3" slack="0"/>
<pin id="382" dir="0" index="3" bw="2" slack="0"/>
<pin id="383" dir="0" index="4" bw="5" slack="0"/>
<pin id="384" dir="0" index="5" bw="2" slack="0"/>
<pin id="385" dir="0" index="6" bw="1" slack="0"/>
<pin id="386" dir="0" index="7" bw="2" slack="0"/>
<pin id="387" dir="0" index="8" bw="1" slack="0"/>
<pin id="388" dir="0" index="9" bw="1" slack="0"/>
<pin id="389" dir="0" index="10" bw="1" slack="0"/>
<pin id="390" dir="0" index="11" bw="1" slack="0"/>
<pin id="391" dir="0" index="12" bw="1" slack="0"/>
<pin id="392" dir="0" index="13" bw="1" slack="0"/>
<pin id="393" dir="1" index="14" bw="1" slack="0"/>
</pin_list>
<bind>
<opcode="call(48) " fcode="call"/>
<opset="tmp_1/2 tmp_2/4 load_any/6 mem_any/8 int_any/10 tmp_9/12 tmp_6/12 tmp_7/12 "/>
</bind>
</comp>

<comp id="409" class="1004" name="grp_branch_complete_event_fu_409">
<pin_list>
<pin id="410" dir="0" index="0" bw="0" slack="0"/>
<pin id="411" dir="0" index="1" bw="1" slack="3"/>
<pin id="412" dir="0" index="2" bw="5" slack="4"/>
<pin id="413" dir="0" index="3" bw="2" slack="4"/>
<pin id="414" dir="0" index="4" bw="1" slack="0"/>
<pin id="415" dir="0" index="5" bw="2" slack="0"/>
<pin id="416" dir="0" index="6" bw="8" slack="0"/>
<pin id="417" dir="0" index="7" bw="32" slack="0"/>
<pin id="418" dir="0" index="8" bw="8" slack="0"/>
<pin id="419" dir="0" index="9" bw="8" slack="0"/>
<pin id="420" dir="0" index="10" bw="8" slack="0"/>
<pin id="421" dir="0" index="11" bw="8" slack="0"/>
<pin id="422" dir="0" index="12" bw="8" slack="0"/>
<pin id="423" dir="0" index="13" bw="8" slack="0"/>
<pin id="424" dir="0" index="14" bw="8" slack="0"/>
<pin id="425" dir="0" index="15" bw="8" slack="0"/>
<pin id="426" dir="0" index="16" bw="8" slack="0"/>
<pin id="427" dir="0" index="17" bw="8" slack="0"/>
<pin id="428" dir="0" index="18" bw="1" slack="0"/>
<pin id="429" dir="0" index="19" bw="8" slack="0"/>
<pin id="430" dir="0" index="20" bw="1" slack="0"/>
<pin id="431" dir="0" index="21" bw="8" slack="0"/>
<pin id="432" dir="0" index="22" bw="8" slack="0"/>
<pin id="433" dir="0" index="23" bw="8" slack="0"/>
<pin id="434" dir="0" index="24" bw="8" slack="0"/>
<pin id="435" dir="0" index="25" bw="8" slack="0"/>
<pin id="436" dir="0" index="26" bw="8" slack="0"/>
<pin id="437" dir="0" index="27" bw="8" slack="0"/>
<pin id="438" dir="0" index="28" bw="8" slack="0"/>
<pin id="439" dir="0" index="29" bw="8" slack="0"/>
<pin id="440" dir="1" index="30" bw="0" slack="2147483647"/>
</pin_list>
<bind>
<opcode="call(48) " fcode="call"/>
<opset="call_ln627/14 call_ln627/22 "/>
</bind>
</comp>

<comp id="468" class="1004" name="grp_load_fu_468">
<pin_list>
<pin id="469" dir="0" index="0" bw="1" slack="0"/>
<pin id="470" dir="1" index="1" bw="1" slack="0"/>
</pin_list>
<bind>
<opcode="load(27) " fcode="load"/>
<opset="state_completion_mem_execute_valid_load/2 state_completion_mem_execute_valid_load_1/8 "/>
</bind>
</comp>

<comp id="473" class="1004" name="grp_load_fu_473">
<pin_list>
<pin id="474" dir="0" index="0" bw="3" slack="0"/>
<pin id="475" dir="1" index="1" bw="3" slack="0"/>
</pin_list>
<bind>
<opcode="load(27) " fcode="load"/>
<opset="state_completion_mem_execute_kind_load_1/2 state_completion_mem_execute_kind_load/8 "/>
</bind>
</comp>

<comp id="477" class="1004" name="grp_load_fu_477">
<pin_list>
<pin id="478" dir="0" index="0" bw="1" slack="0"/>
<pin id="479" dir="1" index="1" bw="1" slack="0"/>
</pin_list>
<bind>
<opcode="load(27) " fcode="load"/>
<opset="state_completion_mem_execute_source_load_1/2 state_completion_mem_execute_source_load/8 "/>
</bind>
</comp>

<comp id="481" class="1004" name="grp_load_fu_481">
<pin_list>
<pin id="482" dir="0" index="0" bw="5" slack="0"/>
<pin id="483" dir="1" index="1" bw="5" slack="0"/>
</pin_list>
<bind>
<opcode="load(27) " fcode="load"/>
<opset="state_completion_mem_execute_uop_queue_rob_idx_load/2 index_1/8 "/>
</bind>
</comp>

<comp id="485" class="1004" name="grp_load_fu_485">
<pin_list>
<pin id="486" dir="0" index="0" bw="2" slack="0"/>
<pin id="487" dir="1" index="1" bw="2" slack="0"/>
</pin_list>
<bind>
<opcode="load(27) " fcode="load"/>
<opset="state_completion_mem_execute_uop_queue_rob_allocation_id_load_1/2 state_completion_mem_execute_uop_queue_rob_allocation_id_load/8 "/>
</bind>
</comp>

<comp id="489" class="1004" name="grp_load_fu_489">
<pin_list>
<pin id="490" dir="0" index="0" bw="1" slack="0"/>
<pin id="491" dir="1" index="1" bw="1" slack="0"/>
</pin_list>
<bind>
<opcode="load(27) " fcode="load"/>
<opset="state_completion_int_execute_valid_load/3 state_completion_int_execute_valid_load_1/10 "/>
</bind>
</comp>

<comp id="494" class="1004" name="grp_load_fu_494">
<pin_list>
<pin id="495" dir="0" index="0" bw="3" slack="0"/>
<pin id="496" dir="1" index="1" bw="3" slack="0"/>
</pin_list>
<bind>
<opcode="load(27) " fcode="load"/>
<opset="state_completion_int_execute_kind_load_1/4 state_completion_int_execute_kind_load/10 "/>
</bind>
</comp>

<comp id="498" class="1004" name="grp_load_fu_498">
<pin_list>
<pin id="499" dir="0" index="0" bw="2" slack="0"/>
<pin id="500" dir="1" index="1" bw="2" slack="0"/>
</pin_list>
<bind>
<opcode="load(27) " fcode="load"/>
<opset="state_completion_int_execute_source_load_1/4 state_completion_int_execute_source_load/10 "/>
</bind>
</comp>

<comp id="502" class="1004" name="grp_load_fu_502">
<pin_list>
<pin id="503" dir="0" index="0" bw="5" slack="0"/>
<pin id="504" dir="1" index="1" bw="5" slack="0"/>
</pin_list>
<bind>
<opcode="load(27) " fcode="load"/>
<opset="state_completion_int_execute_uop_queue_rob_idx_load/4 index/10 "/>
</bind>
</comp>

<comp id="506" class="1004" name="grp_load_fu_506">
<pin_list>
<pin id="507" dir="0" index="0" bw="2" slack="0"/>
<pin id="508" dir="1" index="1" bw="2" slack="0"/>
</pin_list>
<bind>
<opcode="load(27) " fcode="load"/>
<opset="state_completion_int_execute_uop_queue_rob_allocation_id_load_1/4 state_completion_int_execute_uop_queue_rob_allocation_id_load/10 "/>
</bind>
</comp>

<comp id="510" class="1004" name="grp_load_fu_510">
<pin_list>
<pin id="511" dir="0" index="0" bw="5" slack="0"/>
<pin id="512" dir="1" index="1" bw="5" slack="0"/>
</pin_list>
<bind>
<opcode="load(27) " fcode="load"/>
<opset="state_rob_head_load/11 state_rob_head_load_5/12 "/>
</bind>
</comp>

<comp id="514" class="1004" name="grp_load_fu_514">
<pin_list>
<pin id="515" dir="0" index="0" bw="8" slack="0"/>
<pin id="516" dir="1" index="1" bw="8" slack="0"/>
</pin_list>
<bind>
<opcode="load(27) " fcode="load"/>
<opset="state_completion_rob_completes_this_cycle_load/11 state_completion_rob_completes_this_cycle_load_2/18 state_completion_rob_completes_this_cycle_load_1/19 "/>
</bind>
</comp>

<comp id="518" class="1004" name="grp_load_fu_518">
<pin_list>
<pin id="519" dir="0" index="0" bw="8" slack="0"/>
<pin id="520" dir="1" index="1" bw="8" slack="0"/>
</pin_list>
<bind>
<opcode="load(27) " fcode="load"/>
<opset="state_completion_prf_writes_this_cycle_load/11 state_completion_prf_writes_this_cycle_load_1/18 "/>
</bind>
</comp>

<comp id="522" class="1004" name="grp_fu_522">
<pin_list>
<pin id="523" dir="0" index="0" bw="8" slack="0"/>
<pin id="524" dir="0" index="1" bw="1" slack="0"/>
<pin id="525" dir="1" index="2" bw="8" slack="0"/>
</pin_list>
<bind>
<opcode="add(8) " fcode="add"/>
<opset="add_ln955_1/18 add_ln955/19 "/>
</bind>
</comp>

<comp id="528" class="1004" name="grp_load_fu_528">
<pin_list>
<pin id="529" dir="0" index="0" bw="64" slack="0"/>
<pin id="530" dir="1" index="1" bw="64" slack="0"/>
</pin_list>
<bind>
<opcode="load(27) " fcode="load"/>
<opset="state_completion_total_rob_completes_load_1/18 state_completion_total_rob_completes_load/19 "/>
</bind>
</comp>

<comp id="532" class="1004" name="grp_fu_532">
<pin_list>
<pin id="533" dir="0" index="0" bw="64" slack="0"/>
<pin id="534" dir="0" index="1" bw="1" slack="0"/>
<pin id="535" dir="1" index="2" bw="64" slack="0"/>
</pin_list>
<bind>
<opcode="add(8) " fcode="add"/>
<opset="add_ln956_1/18 add_ln956/19 "/>
</bind>
</comp>

<comp id="538" class="1004" name="store_ln909_store_fu_538">
<pin_list>
<pin id="539" dir="0" index="0" bw="1" slack="0"/>
<pin id="540" dir="0" index="1" bw="1" slack="0"/>
<pin id="541" dir="1" index="2" bw="0" slack="2147483647"/>
</pin_list>
<bind>
<opcode="store(28) " fcode="store"/>
<opset="store_ln909/1 "/>
</bind>
</comp>

<comp id="543" class="1004" name="store_ln909_store_fu_543">
<pin_list>
<pin id="544" dir="0" index="0" bw="1" slack="0"/>
<pin id="545" dir="0" index="1" bw="2" slack="0"/>
<pin id="546" dir="1" index="2" bw="0" slack="2147483647"/>
</pin_list>
<bind>
<opcode="store(28) " fcode="store"/>
<opset="store_ln909/1 "/>
</bind>
</comp>

<comp id="548" class="1004" name="service_1_load_fu_548">
<pin_list>
<pin id="549" dir="0" index="0" bw="2" slack="1"/>
<pin id="550" dir="1" index="1" bw="2" slack="0"/>
</pin_list>
<bind>
<opcode="load(27) " fcode="load"/>
<opset="service_1/2 "/>
</bind>
</comp>

<comp id="551" class="1004" name="icmp_ln909_fu_551">
<pin_list>
<pin id="552" dir="0" index="0" bw="2" slack="0"/>
<pin id="553" dir="0" index="1" bw="1" slack="0"/>
<pin id="554" dir="1" index="2" bw="1" slack="9"/>
</pin_list>
<bind>
<opcode="icmp(45) " fcode="icmp"/>
<opset="icmp_ln909/2 "/>
</bind>
</comp>

<comp id="557" class="1004" name="service_2_fu_557">
<pin_list>
<pin id="558" dir="0" index="0" bw="2" slack="0"/>
<pin id="559" dir="0" index="1" bw="1" slack="0"/>
<pin id="560" dir="1" index="2" bw="2" slack="16"/>
</pin_list>
<bind>
<opcode="add(8) " fcode="add"/>
<opset="service_2/2 "/>
</bind>
</comp>

<comp id="563" class="1004" name="zext_ln833_fu_563">
<pin_list>
<pin id="564" dir="0" index="0" bw="3" slack="0"/>
<pin id="565" dir="1" index="1" bw="8" slack="0"/>
</pin_list>
<bind>
<opcode="zext(34) " fcode="zext"/>
<opset="zext_ln833/2 "/>
</bind>
</comp>

<comp id="568" class="1004" name="zext_ln833_1_fu_568">
<pin_list>
<pin id="569" dir="0" index="0" bw="1" slack="0"/>
<pin id="570" dir="1" index="1" bw="8" slack="0"/>
</pin_list>
<bind>
<opcode="zext(34) " fcode="zext"/>
<opset="zext_ln833_1/2 "/>
</bind>
</comp>

<comp id="573" class="1004" name="zext_ln833_2_fu_573">
<pin_list>
<pin id="574" dir="0" index="0" bw="5" slack="0"/>
<pin id="575" dir="1" index="1" bw="8" slack="0"/>
</pin_list>
<bind>
<opcode="zext(34) " fcode="zext"/>
<opset="zext_ln833_2/2 "/>
</bind>
</comp>

<comp id="578" class="1004" name="zext_ln833_3_fu_578">
<pin_list>
<pin id="579" dir="0" index="0" bw="2" slack="0"/>
<pin id="580" dir="1" index="1" bw="32" slack="0"/>
</pin_list>
<bind>
<opcode="zext(34) " fcode="zext"/>
<opset="zext_ln833_3/2 "/>
</bind>
</comp>

<comp id="583" class="1004" name="store_ln834_store_fu_583">
<pin_list>
<pin id="584" dir="0" index="0" bw="1" slack="0"/>
<pin id="585" dir="0" index="1" bw="1" slack="0"/>
<pin id="586" dir="1" index="2" bw="0" slack="2147483647"/>
</pin_list>
<bind>
<opcode="store(28) " fcode="store"/>
<opset="store_ln834/3 "/>
</bind>
</comp>

<comp id="589" class="1004" name="store_ln834_store_fu_589">
<pin_list>
<pin id="590" dir="0" index="0" bw="1" slack="0"/>
<pin id="591" dir="0" index="1" bw="3" slack="0"/>
<pin id="592" dir="1" index="2" bw="0" slack="2147483647"/>
</pin_list>
<bind>
<opcode="store(28) " fcode="store"/>
<opset="store_ln834/3 "/>
</bind>
</comp>

<comp id="595" class="1004" name="store_ln834_store_fu_595">
<pin_list>
<pin id="596" dir="0" index="0" bw="1" slack="0"/>
<pin id="597" dir="0" index="1" bw="1" slack="0"/>
<pin id="598" dir="1" index="2" bw="0" slack="2147483647"/>
</pin_list>
<bind>
<opcode="store(28) " fcode="store"/>
<opset="store_ln834/3 "/>
</bind>
</comp>

<comp id="601" class="1004" name="store_ln834_store_fu_601">
<pin_list>
<pin id="602" dir="0" index="0" bw="1" slack="0"/>
<pin id="603" dir="0" index="1" bw="8" slack="0"/>
<pin id="604" dir="1" index="2" bw="0" slack="2147483647"/>
</pin_list>
<bind>
<opcode="store(28) " fcode="store"/>
<opset="store_ln834/3 "/>
</bind>
</comp>

<comp id="607" class="1004" name="store_ln834_store_fu_607">
<pin_list>
<pin id="608" dir="0" index="0" bw="1" slack="0"/>
<pin id="609" dir="0" index="1" bw="1" slack="0"/>
<pin id="610" dir="1" index="2" bw="0" slack="2147483647"/>
</pin_list>
<bind>
<opcode="store(28) " fcode="store"/>
<opset="store_ln834/3 "/>
</bind>
</comp>

<comp id="613" class="1004" name="store_ln834_store_fu_613">
<pin_list>
<pin id="614" dir="0" index="0" bw="1" slack="0"/>
<pin id="615" dir="0" index="1" bw="5" slack="0"/>
<pin id="616" dir="1" index="2" bw="0" slack="2147483647"/>
</pin_list>
<bind>
<opcode="store(28) " fcode="store"/>
<opset="store_ln834/3 "/>
</bind>
</comp>

<comp id="619" class="1004" name="store_ln834_store_fu_619">
<pin_list>
<pin id="620" dir="0" index="0" bw="1" slack="0"/>
<pin id="621" dir="0" index="1" bw="2" slack="0"/>
<pin id="622" dir="1" index="2" bw="0" slack="2147483647"/>
</pin_list>
<bind>
<opcode="store(28) " fcode="store"/>
<opset="store_ln834/3 "/>
</bind>
</comp>

<comp id="625" class="1004" name="store_ln834_store_fu_625">
<pin_list>
<pin id="626" dir="0" index="0" bw="1" slack="0"/>
<pin id="627" dir="0" index="1" bw="2" slack="0"/>
<pin id="628" dir="1" index="2" bw="0" slack="2147483647"/>
</pin_list>
<bind>
<opcode="store(28) " fcode="store"/>
<opset="store_ln834/3 "/>
</bind>
</comp>

<comp id="631" class="1004" name="store_ln834_store_fu_631">
<pin_list>
<pin id="632" dir="0" index="0" bw="1" slack="0"/>
<pin id="633" dir="0" index="1" bw="1" slack="0"/>
<pin id="634" dir="1" index="2" bw="0" slack="2147483647"/>
</pin_list>
<bind>
<opcode="store(28) " fcode="store"/>
<opset="store_ln834/3 "/>
</bind>
</comp>

<comp id="637" class="1004" name="store_ln834_store_fu_637">
<pin_list>
<pin id="638" dir="0" index="0" bw="1" slack="0"/>
<pin id="639" dir="0" index="1" bw="64" slack="0"/>
<pin id="640" dir="1" index="2" bw="0" slack="2147483647"/>
</pin_list>
<bind>
<opcode="store(28) " fcode="store"/>
<opset="store_ln834/3 "/>
</bind>
</comp>

<comp id="643" class="1004" name="zext_ln836_fu_643">
<pin_list>
<pin id="644" dir="0" index="0" bw="3" slack="0"/>
<pin id="645" dir="1" index="1" bw="8" slack="0"/>
</pin_list>
<bind>
<opcode="zext(34) " fcode="zext"/>
<opset="zext_ln836/4 "/>
</bind>
</comp>

<comp id="648" class="1004" name="zext_ln836_1_fu_648">
<pin_list>
<pin id="649" dir="0" index="0" bw="2" slack="0"/>
<pin id="650" dir="1" index="1" bw="8" slack="0"/>
</pin_list>
<bind>
<opcode="zext(34) " fcode="zext"/>
<opset="zext_ln836_1/4 "/>
</bind>
</comp>

<comp id="653" class="1004" name="zext_ln836_2_fu_653">
<pin_list>
<pin id="654" dir="0" index="0" bw="5" slack="0"/>
<pin id="655" dir="1" index="1" bw="8" slack="0"/>
</pin_list>
<bind>
<opcode="zext(34) " fcode="zext"/>
<opset="zext_ln836_2/4 "/>
</bind>
</comp>

<comp id="658" class="1004" name="zext_ln836_3_fu_658">
<pin_list>
<pin id="659" dir="0" index="0" bw="2" slack="0"/>
<pin id="660" dir="1" index="1" bw="32" slack="0"/>
</pin_list>
<bind>
<opcode="zext(34) " fcode="zext"/>
<opset="zext_ln836_3/4 "/>
</bind>
</comp>

<comp id="663" class="1004" name="store_ln837_store_fu_663">
<pin_list>
<pin id="664" dir="0" index="0" bw="1" slack="0"/>
<pin id="665" dir="0" index="1" bw="1" slack="0"/>
<pin id="666" dir="1" index="2" bw="0" slack="2147483647"/>
</pin_list>
<bind>
<opcode="store(28) " fcode="store"/>
<opset="store_ln837/5 "/>
</bind>
</comp>

<comp id="669" class="1004" name="store_ln837_store_fu_669">
<pin_list>
<pin id="670" dir="0" index="0" bw="1" slack="0"/>
<pin id="671" dir="0" index="1" bw="3" slack="0"/>
<pin id="672" dir="1" index="2" bw="0" slack="2147483647"/>
</pin_list>
<bind>
<opcode="store(28) " fcode="store"/>
<opset="store_ln837/5 "/>
</bind>
</comp>

<comp id="675" class="1004" name="store_ln837_store_fu_675">
<pin_list>
<pin id="676" dir="0" index="0" bw="1" slack="0"/>
<pin id="677" dir="0" index="1" bw="2" slack="0"/>
<pin id="678" dir="1" index="2" bw="0" slack="2147483647"/>
</pin_list>
<bind>
<opcode="store(28) " fcode="store"/>
<opset="store_ln837/5 "/>
</bind>
</comp>

<comp id="681" class="1004" name="store_ln837_store_fu_681">
<pin_list>
<pin id="682" dir="0" index="0" bw="1" slack="0"/>
<pin id="683" dir="0" index="1" bw="8" slack="0"/>
<pin id="684" dir="1" index="2" bw="0" slack="2147483647"/>
</pin_list>
<bind>
<opcode="store(28) " fcode="store"/>
<opset="store_ln837/5 "/>
</bind>
</comp>

<comp id="687" class="1004" name="store_ln837_store_fu_687">
<pin_list>
<pin id="688" dir="0" index="0" bw="1" slack="0"/>
<pin id="689" dir="0" index="1" bw="1" slack="0"/>
<pin id="690" dir="1" index="2" bw="0" slack="2147483647"/>
</pin_list>
<bind>
<opcode="store(28) " fcode="store"/>
<opset="store_ln837/5 "/>
</bind>
</comp>

<comp id="693" class="1004" name="store_ln837_store_fu_693">
<pin_list>
<pin id="694" dir="0" index="0" bw="1" slack="0"/>
<pin id="695" dir="0" index="1" bw="5" slack="0"/>
<pin id="696" dir="1" index="2" bw="0" slack="2147483647"/>
</pin_list>
<bind>
<opcode="store(28) " fcode="store"/>
<opset="store_ln837/5 "/>
</bind>
</comp>

<comp id="699" class="1004" name="store_ln837_store_fu_699">
<pin_list>
<pin id="700" dir="0" index="0" bw="1" slack="0"/>
<pin id="701" dir="0" index="1" bw="2" slack="0"/>
<pin id="702" dir="1" index="2" bw="0" slack="2147483647"/>
</pin_list>
<bind>
<opcode="store(28) " fcode="store"/>
<opset="store_ln837/5 "/>
</bind>
</comp>

<comp id="705" class="1004" name="store_ln837_store_fu_705">
<pin_list>
<pin id="706" dir="0" index="0" bw="1" slack="0"/>
<pin id="707" dir="0" index="1" bw="3" slack="0"/>
<pin id="708" dir="1" index="2" bw="0" slack="2147483647"/>
</pin_list>
<bind>
<opcode="store(28) " fcode="store"/>
<opset="store_ln837/5 "/>
</bind>
</comp>

<comp id="711" class="1004" name="store_ln837_store_fu_711">
<pin_list>
<pin id="712" dir="0" index="0" bw="1" slack="0"/>
<pin id="713" dir="0" index="1" bw="1" slack="0"/>
<pin id="714" dir="1" index="2" bw="0" slack="2147483647"/>
</pin_list>
<bind>
<opcode="store(28) " fcode="store"/>
<opset="store_ln837/5 "/>
</bind>
</comp>

<comp id="717" class="1004" name="store_ln837_store_fu_717">
<pin_list>
<pin id="718" dir="0" index="0" bw="1" slack="0"/>
<pin id="719" dir="0" index="1" bw="64" slack="0"/>
<pin id="720" dir="1" index="2" bw="0" slack="2147483647"/>
</pin_list>
<bind>
<opcode="store(28) " fcode="store"/>
<opset="store_ln837/5 "/>
</bind>
</comp>

<comp id="723" class="1004" name="zext_ln667_fu_723">
<pin_list>
<pin id="724" dir="0" index="0" bw="3" slack="0"/>
<pin id="725" dir="1" index="1" bw="8" slack="0"/>
</pin_list>
<bind>
<opcode="zext(34) " fcode="zext"/>
<opset="zext_ln667/8 "/>
</bind>
</comp>

<comp id="728" class="1004" name="zext_ln667_1_fu_728">
<pin_list>
<pin id="729" dir="0" index="0" bw="1" slack="0"/>
<pin id="730" dir="1" index="1" bw="8" slack="0"/>
</pin_list>
<bind>
<opcode="zext(34) " fcode="zext"/>
<opset="zext_ln667_1/8 "/>
</bind>
</comp>

<comp id="733" class="1004" name="zext_ln667_2_fu_733">
<pin_list>
<pin id="734" dir="0" index="0" bw="5" slack="0"/>
<pin id="735" dir="1" index="1" bw="8" slack="0"/>
</pin_list>
<bind>
<opcode="zext(34) " fcode="zext"/>
<opset="zext_ln667_2/8 "/>
</bind>
</comp>

<comp id="738" class="1004" name="zext_ln667_3_fu_738">
<pin_list>
<pin id="739" dir="0" index="0" bw="2" slack="0"/>
<pin id="740" dir="1" index="1" bw="32" slack="0"/>
</pin_list>
<bind>
<opcode="zext(34) " fcode="zext"/>
<opset="zext_ln667_3/8 "/>
</bind>
</comp>

<comp id="743" class="1004" name="zext_ln668_fu_743">
<pin_list>
<pin id="744" dir="0" index="0" bw="3" slack="0"/>
<pin id="745" dir="1" index="1" bw="8" slack="0"/>
</pin_list>
<bind>
<opcode="zext(34) " fcode="zext"/>
<opset="zext_ln668/10 "/>
</bind>
</comp>

<comp id="748" class="1004" name="zext_ln668_1_fu_748">
<pin_list>
<pin id="749" dir="0" index="0" bw="2" slack="0"/>
<pin id="750" dir="1" index="1" bw="8" slack="0"/>
</pin_list>
<bind>
<opcode="zext(34) " fcode="zext"/>
<opset="zext_ln668_1/10 "/>
</bind>
</comp>

<comp id="753" class="1004" name="zext_ln668_2_fu_753">
<pin_list>
<pin id="754" dir="0" index="0" bw="5" slack="0"/>
<pin id="755" dir="1" index="1" bw="8" slack="0"/>
</pin_list>
<bind>
<opcode="zext(34) " fcode="zext"/>
<opset="zext_ln668_2/10 "/>
</bind>
</comp>

<comp id="758" class="1004" name="zext_ln668_3_fu_758">
<pin_list>
<pin id="759" dir="0" index="0" bw="2" slack="0"/>
<pin id="760" dir="1" index="1" bw="32" slack="0"/>
</pin_list>
<bind>
<opcode="zext(34) " fcode="zext"/>
<opset="zext_ln668_3/10 "/>
</bind>
</comp>

<comp id="763" class="1004" name="state_completion_mem_execute_uop_branch_br_tag_load_load_fu_763">
<pin_list>
<pin id="764" dir="0" index="0" bw="1" slack="0"/>
<pin id="765" dir="1" index="1" bw="1" slack="2147483647"/>
</pin_list>
<bind>
<opcode="load(27) " fcode="load"/>
<opset="state_completion_mem_execute_uop_branch_br_tag_load/11 "/>
</bind>
</comp>

<comp id="767" class="1004" name="state_completion_mem_execute_uop_rename_pdst_load_load_fu_767">
<pin_list>
<pin id="768" dir="0" index="0" bw="2" slack="0"/>
<pin id="769" dir="1" index="1" bw="2" slack="2147483647"/>
</pin_list>
<bind>
<opcode="load(27) " fcode="load"/>
<opset="state_completion_mem_execute_uop_rename_pdst_load/11 "/>
</bind>
</comp>

<comp id="771" class="1004" name="oldest_writes_2_load_fu_771">
<pin_list>
<pin id="772" dir="0" index="0" bw="1" slack="0"/>
<pin id="773" dir="1" index="1" bw="1" slack="0"/>
</pin_list>
<bind>
<opcode="load(27) " fcode="load"/>
<opset="oldest_writes_2/11 "/>
</bind>
</comp>

<comp id="775" class="1004" name="state_completion_mem_execute_value_load_load_fu_775">
<pin_list>
<pin id="776" dir="0" index="0" bw="64" slack="0"/>
<pin id="777" dir="1" index="1" bw="64" slack="0"/>
</pin_list>
<bind>
<opcode="load(27) " fcode="load"/>
<opset="state_completion_mem_execute_value_load/11 "/>
</bind>
</comp>

<comp id="779" class="1004" name="trunc_ln668_fu_779">
<pin_list>
<pin id="780" dir="0" index="0" bw="64" slack="0"/>
<pin id="781" dir="1" index="1" bw="56" slack="7"/>
</pin_list>
<bind>
<opcode="trunc(33) " fcode="trunc"/>
<opset="trunc_ln668/11 "/>
</bind>
</comp>

<comp id="783" class="1004" name="state_completion_int_execute_uop_branch_br_tag_load_load_fu_783">
<pin_list>
<pin id="784" dir="0" index="0" bw="1" slack="0"/>
<pin id="785" dir="1" index="1" bw="1" slack="3"/>
</pin_list>
<bind>
<opcode="load(27) " fcode="load"/>
<opset="state_completion_int_execute_uop_branch_br_tag_load/11 "/>
</bind>
</comp>

<comp id="787" class="1004" name="state_completion_int_execute_uop_rename_pdst_load_load_fu_787">
<pin_list>
<pin id="788" dir="0" index="0" bw="3" slack="0"/>
<pin id="789" dir="1" index="1" bw="3" slack="2147483647"/>
</pin_list>
<bind>
<opcode="load(27) " fcode="load"/>
<opset="state_completion_int_execute_uop_rename_pdst_load/11 "/>
</bind>
</comp>

<comp id="791" class="1004" name="oldest_writes_load_fu_791">
<pin_list>
<pin id="792" dir="0" index="0" bw="1" slack="0"/>
<pin id="793" dir="1" index="1" bw="1" slack="0"/>
</pin_list>
<bind>
<opcode="load(27) " fcode="load"/>
<opset="oldest_writes/11 "/>
</bind>
</comp>

<comp id="795" class="1004" name="state_completion_int_execute_value_load_load_fu_795">
<pin_list>
<pin id="796" dir="0" index="0" bw="64" slack="0"/>
<pin id="797" dir="1" index="1" bw="64" slack="0"/>
</pin_list>
<bind>
<opcode="load(27) " fcode="load"/>
<opset="state_completion_int_execute_value_load/11 "/>
</bind>
</comp>

<comp id="799" class="1004" name="trunc_ln853_fu_799">
<pin_list>
<pin id="800" dir="0" index="0" bw="64" slack="0"/>
<pin id="801" dir="1" index="1" bw="56" slack="7"/>
</pin_list>
<bind>
<opcode="trunc(33) " fcode="trunc"/>
<opset="trunc_ln853/11 "/>
</bind>
</comp>

<comp id="803" class="1004" name="oldest_age_fu_803">
<pin_list>
<pin id="804" dir="0" index="0" bw="1" slack="0"/>
<pin id="805" dir="0" index="1" bw="5" slack="0"/>
<pin id="806" dir="1" index="2" bw="5" slack="0"/>
</pin_list>
<bind>
<opcode="sub(10) " fcode="sub"/>
<opset="oldest_age/11 "/>
</bind>
</comp>

<comp id="809" class="1004" name="zext_ln849_fu_809">
<pin_list>
<pin id="810" dir="0" index="0" bw="5" slack="0"/>
<pin id="811" dir="1" index="1" bw="6" slack="0"/>
</pin_list>
<bind>
<opcode="zext(34) " fcode="zext"/>
<opset="zext_ln849/11 "/>
</bind>
</comp>

<comp id="814" class="1004" name="trunc_ln849_fu_814">
<pin_list>
<pin id="815" dir="0" index="0" bw="6" slack="0"/>
<pin id="816" dir="1" index="1" bw="5" slack="0"/>
</pin_list>
<bind>
<opcode="trunc(33) " fcode="trunc"/>
<opset="trunc_ln849/11 "/>
</bind>
</comp>

<comp id="818" class="1004" name="state_rob_head_load_1_load_fu_818">
<pin_list>
<pin id="819" dir="0" index="0" bw="5" slack="0"/>
<pin id="820" dir="1" index="1" bw="5" slack="0"/>
</pin_list>
<bind>
<opcode="load(27) " fcode="load"/>
<opset="state_rob_head_load_1/11 "/>
</bind>
</comp>

<comp id="822" class="1004" name="oldest_age_4_fu_822">
<pin_list>
<pin id="823" dir="0" index="0" bw="5" slack="3"/>
<pin id="824" dir="0" index="1" bw="5" slack="0"/>
<pin id="825" dir="1" index="2" bw="5" slack="0"/>
</pin_list>
<bind>
<opcode="sub(10) " fcode="sub"/>
<opset="oldest_age_4/11 "/>
</bind>
</comp>

<comp id="827" class="1004" name="zext_ln849_1_fu_827">
<pin_list>
<pin id="828" dir="0" index="0" bw="5" slack="0"/>
<pin id="829" dir="1" index="1" bw="6" slack="0"/>
</pin_list>
<bind>
<opcode="zext(34) " fcode="zext"/>
<opset="zext_ln849_1/11 "/>
</bind>
</comp>

<comp id="831" class="1004" name="xor_ln853_fu_831">
<pin_list>
<pin id="832" dir="0" index="0" bw="1" slack="4"/>
<pin id="833" dir="0" index="1" bw="1" slack="0"/>
<pin id="834" dir="1" index="2" bw="1" slack="0"/>
</pin_list>
<bind>
<opcode="xor(25) " fcode="xor"/>
<opset="xor_ln853/11 "/>
</bind>
</comp>

<comp id="836" class="1004" name="icmp_ln853_fu_836">
<pin_list>
<pin id="837" dir="0" index="0" bw="5" slack="0"/>
<pin id="838" dir="0" index="1" bw="6" slack="0"/>
<pin id="839" dir="1" index="2" bw="1" slack="0"/>
</pin_list>
<bind>
<opcode="icmp(45) " fcode="icmp"/>
<opset="icmp_ln853/11 "/>
</bind>
</comp>

<comp id="842" class="1004" name="or_ln853_fu_842">
<pin_list>
<pin id="843" dir="0" index="0" bw="1" slack="0"/>
<pin id="844" dir="0" index="1" bw="1" slack="0"/>
<pin id="845" dir="1" index="2" bw="1" slack="0"/>
</pin_list>
<bind>
<opcode="or(24) " fcode="or"/>
<opset="or_ln853/11 "/>
</bind>
</comp>

<comp id="849" class="1004" name="select_ln853_fu_849">
<pin_list>
<pin id="850" dir="0" index="0" bw="1" slack="0"/>
<pin id="851" dir="0" index="1" bw="5" slack="0"/>
<pin id="852" dir="0" index="2" bw="5" slack="0"/>
<pin id="853" dir="1" index="3" bw="5" slack="0"/>
</pin_list>
<bind>
<opcode="select(49) " fcode="select"/>
<opset="select_ln853/11 "/>
</bind>
</comp>

<comp id="857" class="1004" name="zext_ln853_fu_857">
<pin_list>
<pin id="858" dir="0" index="0" bw="5" slack="0"/>
<pin id="859" dir="1" index="1" bw="6" slack="0"/>
</pin_list>
<bind>
<opcode="zext(34) " fcode="zext"/>
<opset="zext_ln853/11 "/>
</bind>
</comp>

<comp id="862" class="1004" name="zext_ln849_2_fu_862">
<pin_list>
<pin id="863" dir="0" index="0" bw="1" slack="0"/>
<pin id="864" dir="1" index="1" bw="2" slack="0"/>
</pin_list>
<bind>
<opcode="zext(34) " fcode="zext"/>
<opset="zext_ln849_2/11 "/>
</bind>
</comp>

<comp id="867" class="1004" name="state_rob_head_load_2_load_fu_867">
<pin_list>
<pin id="868" dir="0" index="0" bw="5" slack="0"/>
<pin id="869" dir="1" index="1" bw="5" slack="0"/>
</pin_list>
<bind>
<opcode="load(27) " fcode="load"/>
<opset="state_rob_head_load_2/11 "/>
</bind>
</comp>

<comp id="871" class="1004" name="age_1_fu_871">
<pin_list>
<pin id="872" dir="0" index="0" bw="5" slack="1"/>
<pin id="873" dir="0" index="1" bw="5" slack="0"/>
<pin id="874" dir="1" index="2" bw="5" slack="0"/>
</pin_list>
<bind>
<opcode="sub(10) " fcode="sub"/>
<opset="age_1/11 "/>
</bind>
</comp>

<comp id="876" class="1004" name="zext_ln859_fu_876">
<pin_list>
<pin id="877" dir="0" index="0" bw="5" slack="0"/>
<pin id="878" dir="1" index="1" bw="6" slack="0"/>
</pin_list>
<bind>
<opcode="zext(34) " fcode="zext"/>
<opset="zext_ln859/11 "/>
</bind>
</comp>

<comp id="880" class="1004" name="or_ln860_fu_880">
<pin_list>
<pin id="881" dir="0" index="0" bw="1" slack="4"/>
<pin id="882" dir="0" index="1" bw="1" slack="2"/>
<pin id="883" dir="1" index="2" bw="1" slack="0"/>
</pin_list>
<bind>
<opcode="or(24) " fcode="or"/>
<opset="or_ln860/11 "/>
</bind>
</comp>

<comp id="884" class="1004" name="xor_ln860_fu_884">
<pin_list>
<pin id="885" dir="0" index="0" bw="1" slack="0"/>
<pin id="886" dir="0" index="1" bw="1" slack="0"/>
<pin id="887" dir="1" index="2" bw="1" slack="0"/>
</pin_list>
<bind>
<opcode="xor(25) " fcode="xor"/>
<opset="xor_ln860/11 "/>
</bind>
</comp>

<comp id="890" class="1004" name="icmp_ln860_fu_890">
<pin_list>
<pin id="891" dir="0" index="0" bw="5" slack="0"/>
<pin id="892" dir="0" index="1" bw="6" slack="0"/>
<pin id="893" dir="1" index="2" bw="1" slack="0"/>
</pin_list>
<bind>
<opcode="icmp(45) " fcode="icmp"/>
<opset="icmp_ln860/11 "/>
</bind>
</comp>

<comp id="896" class="1004" name="or_ln860_1_fu_896">
<pin_list>
<pin id="897" dir="0" index="0" bw="1" slack="0"/>
<pin id="898" dir="0" index="1" bw="1" slack="0"/>
<pin id="899" dir="1" index="2" bw="1" slack="0"/>
</pin_list>
<bind>
<opcode="or(24) " fcode="or"/>
<opset="or_ln860_1/11 "/>
</bind>
</comp>

<comp id="902" class="1004" name="select_ln860_fu_902">
<pin_list>
<pin id="903" dir="0" index="0" bw="1" slack="0"/>
<pin id="904" dir="0" index="1" bw="2" slack="0"/>
<pin id="905" dir="0" index="2" bw="1" slack="0"/>
<pin id="906" dir="1" index="3" bw="2" slack="0"/>
</pin_list>
<bind>
<opcode="select(49) " fcode="select"/>
<opset="select_ln860/11 "/>
</bind>
</comp>

<comp id="911" class="1004" name="prf_used_load_load_fu_911">
<pin_list>
<pin id="912" dir="0" index="0" bw="1" slack="10"/>
<pin id="913" dir="1" index="1" bw="1" slack="0"/>
</pin_list>
<bind>
<opcode="load(27) " fcode="load"/>
<opset="prf_used_load/11 "/>
</bind>
</comp>

<comp id="914" class="1004" name="icmp_ln865_fu_914">
<pin_list>
<pin id="915" dir="0" index="0" bw="2" slack="0"/>
<pin id="916" dir="0" index="1" bw="1" slack="0"/>
<pin id="917" dir="1" index="2" bw="1" slack="0"/>
</pin_list>
<bind>
<opcode="icmp(45) " fcode="icmp"/>
<opset="icmp_ln865/11 "/>
</bind>
</comp>

<comp id="920" class="1004" name="xor_ln865_fu_920">
<pin_list>
<pin id="921" dir="0" index="0" bw="1" slack="4"/>
<pin id="922" dir="0" index="1" bw="1" slack="0"/>
<pin id="923" dir="1" index="2" bw="1" slack="0"/>
</pin_list>
<bind>
<opcode="xor(25) " fcode="xor"/>
<opset="xor_ln865/11 "/>
</bind>
</comp>

<comp id="925" class="1004" name="or_ln865_fu_925">
<pin_list>
<pin id="926" dir="0" index="0" bw="1" slack="0"/>
<pin id="927" dir="0" index="1" bw="1" slack="0"/>
<pin id="928" dir="1" index="2" bw="1" slack="0"/>
</pin_list>
<bind>
<opcode="or(24) " fcode="or"/>
<opset="or_ln865/11 "/>
</bind>
</comp>

<comp id="931" class="1004" name="icmp_ln868_fu_931">
<pin_list>
<pin id="932" dir="0" index="0" bw="2" slack="0"/>
<pin id="933" dir="0" index="1" bw="1" slack="0"/>
<pin id="934" dir="1" index="2" bw="1" slack="0"/>
</pin_list>
<bind>
<opcode="icmp(45) " fcode="icmp"/>
<opset="icmp_ln868/11 "/>
</bind>
</comp>

<comp id="937" class="1004" name="xor_ln868_fu_937">
<pin_list>
<pin id="938" dir="0" index="0" bw="1" slack="2"/>
<pin id="939" dir="0" index="1" bw="1" slack="0"/>
<pin id="940" dir="1" index="2" bw="1" slack="0"/>
</pin_list>
<bind>
<opcode="xor(25) " fcode="xor"/>
<opset="xor_ln868/11 "/>
</bind>
</comp>

<comp id="942" class="1004" name="or_ln868_fu_942">
<pin_list>
<pin id="943" dir="0" index="0" bw="1" slack="0"/>
<pin id="944" dir="0" index="1" bw="1" slack="0"/>
<pin id="945" dir="1" index="2" bw="1" slack="0"/>
</pin_list>
<bind>
<opcode="or(24) " fcode="or"/>
<opset="or_ln868/11 "/>
</bind>
</comp>

<comp id="948" class="1004" name="icmp_ln872_fu_948">
<pin_list>
<pin id="949" dir="0" index="0" bw="3" slack="1"/>
<pin id="950" dir="0" index="1" bw="3" slack="0"/>
<pin id="951" dir="1" index="2" bw="1" slack="0"/>
</pin_list>
<bind>
<opcode="icmp(45) " fcode="icmp"/>
<opset="icmp_ln872/11 "/>
</bind>
</comp>

<comp id="953" class="1004" name="and_ln872_fu_953">
<pin_list>
<pin id="954" dir="0" index="0" bw="1" slack="0"/>
<pin id="955" dir="0" index="1" bw="1" slack="0"/>
<pin id="956" dir="1" index="2" bw="1" slack="0"/>
</pin_list>
<bind>
<opcode="and(23) " fcode="and"/>
<opset="and_ln872/11 "/>
</bind>
</comp>

<comp id="959" class="1004" name="and_ln872_1_fu_959">
<pin_list>
<pin id="960" dir="0" index="0" bw="1" slack="0"/>
<pin id="961" dir="0" index="1" bw="1" slack="0"/>
<pin id="962" dir="1" index="2" bw="1" slack="0"/>
</pin_list>
<bind>
<opcode="and(23) " fcode="and"/>
<opset="and_ln872_1/11 "/>
</bind>
</comp>

<comp id="965" class="1004" name="writes_integer_fu_965">
<pin_list>
<pin id="966" dir="0" index="0" bw="1" slack="0"/>
<pin id="967" dir="0" index="1" bw="1" slack="0"/>
<pin id="968" dir="0" index="2" bw="1" slack="0"/>
<pin id="969" dir="1" index="3" bw="1" slack="0"/>
</pin_list>
<bind>
<opcode="select(49) " fcode="select"/>
<opset="writes_integer/11 "/>
</bind>
</comp>

<comp id="973" class="1004" name="and_ln868_fu_973">
<pin_list>
<pin id="974" dir="0" index="0" bw="1" slack="0"/>
<pin id="975" dir="0" index="1" bw="1" slack="0"/>
<pin id="976" dir="1" index="2" bw="1" slack="0"/>
</pin_list>
<bind>
<opcode="and(23) " fcode="and"/>
<opset="and_ln868/11 "/>
</bind>
</comp>

<comp id="979" class="1004" name="xor_ln872_fu_979">
<pin_list>
<pin id="980" dir="0" index="0" bw="1" slack="0"/>
<pin id="981" dir="0" index="1" bw="1" slack="0"/>
<pin id="982" dir="1" index="2" bw="1" slack="0"/>
</pin_list>
<bind>
<opcode="xor(25) " fcode="xor"/>
<opset="xor_ln872/11 "/>
</bind>
</comp>

<comp id="985" class="1004" name="or_ln872_fu_985">
<pin_list>
<pin id="986" dir="0" index="0" bw="1" slack="0"/>
<pin id="987" dir="0" index="1" bw="1" slack="0"/>
<pin id="988" dir="1" index="2" bw="1" slack="0"/>
</pin_list>
<bind>
<opcode="or(24) " fcode="or"/>
<opset="or_ln872/11 "/>
</bind>
</comp>

<comp id="991" class="1004" name="xor_ln868_1_fu_991">
<pin_list>
<pin id="992" dir="0" index="0" bw="1" slack="0"/>
<pin id="993" dir="0" index="1" bw="1" slack="0"/>
<pin id="994" dir="1" index="2" bw="1" slack="0"/>
</pin_list>
<bind>
<opcode="xor(25) " fcode="xor"/>
<opset="xor_ln868_1/11 "/>
</bind>
</comp>

<comp id="997" class="1004" name="icmp_ln869_fu_997">
<pin_list>
<pin id="998" dir="0" index="0" bw="3" slack="3"/>
<pin id="999" dir="0" index="1" bw="3" slack="0"/>
<pin id="1000" dir="1" index="2" bw="1" slack="0"/>
</pin_list>
<bind>
<opcode="icmp(45) " fcode="icmp"/>
<opset="icmp_ln869/11 "/>
</bind>
</comp>

<comp id="1002" class="1004" name="and_ln869_fu_1002">
<pin_list>
<pin id="1003" dir="0" index="0" bw="1" slack="2"/>
<pin id="1004" dir="0" index="1" bw="1" slack="0"/>
<pin id="1005" dir="1" index="2" bw="1" slack="0"/>
</pin_list>
<bind>
<opcode="and(23) " fcode="and"/>
<opset="and_ln869/11 "/>
</bind>
</comp>

<comp id="1007" class="1004" name="and_ln869_1_fu_1007">
<pin_list>
<pin id="1008" dir="0" index="0" bw="1" slack="0"/>
<pin id="1009" dir="0" index="1" bw="1" slack="0"/>
<pin id="1010" dir="1" index="2" bw="1" slack="0"/>
</pin_list>
<bind>
<opcode="and(23) " fcode="and"/>
<opset="and_ln869_1/11 "/>
</bind>
</comp>

<comp id="1013" class="1004" name="and_ln869_2_fu_1013">
<pin_list>
<pin id="1014" dir="0" index="0" bw="1" slack="0"/>
<pin id="1015" dir="0" index="1" bw="1" slack="0"/>
<pin id="1016" dir="1" index="2" bw="1" slack="0"/>
</pin_list>
<bind>
<opcode="and(23) " fcode="and"/>
<opset="and_ln869_2/11 "/>
</bind>
</comp>

<comp id="1019" class="1004" name="xor_ln869_fu_1019">
<pin_list>
<pin id="1020" dir="0" index="0" bw="1" slack="0"/>
<pin id="1021" dir="0" index="1" bw="1" slack="0"/>
<pin id="1022" dir="1" index="2" bw="1" slack="0"/>
</pin_list>
<bind>
<opcode="xor(25) " fcode="xor"/>
<opset="xor_ln869/11 "/>
</bind>
</comp>

<comp id="1025" class="1004" name="and_ln875_fu_1025">
<pin_list>
<pin id="1026" dir="0" index="0" bw="1" slack="0"/>
<pin id="1027" dir="0" index="1" bw="1" slack="0"/>
<pin id="1028" dir="1" index="2" bw="1" slack="0"/>
</pin_list>
<bind>
<opcode="and(23) " fcode="and"/>
<opset="and_ln875/11 "/>
</bind>
</comp>

<comp id="1031" class="1004" name="and_ln875_1_fu_1031">
<pin_list>
<pin id="1032" dir="0" index="0" bw="1" slack="0"/>
<pin id="1033" dir="0" index="1" bw="1" slack="0"/>
<pin id="1034" dir="1" index="2" bw="1" slack="0"/>
</pin_list>
<bind>
<opcode="and(23) " fcode="and"/>
<opset="and_ln875_1/11 "/>
</bind>
</comp>

<comp id="1037" class="1004" name="and_ln875_2_fu_1037">
<pin_list>
<pin id="1038" dir="0" index="0" bw="1" slack="0"/>
<pin id="1039" dir="0" index="1" bw="1" slack="0"/>
<pin id="1040" dir="1" index="2" bw="1" slack="0"/>
</pin_list>
<bind>
<opcode="and(23) " fcode="and"/>
<opset="and_ln875_2/11 "/>
</bind>
</comp>

<comp id="1043" class="1004" name="precise_fence_fu_1043">
<pin_list>
<pin id="1044" dir="0" index="0" bw="1" slack="0"/>
<pin id="1045" dir="0" index="1" bw="1" slack="0"/>
<pin id="1046" dir="1" index="2" bw="1" slack="2147483647"/>
</pin_list>
<bind>
<opcode="and(23) " fcode="and"/>
<opset="precise_fence/11 "/>
</bind>
</comp>

<comp id="1049" class="1004" name="xor_ln881_fu_1049">
<pin_list>
<pin id="1050" dir="0" index="0" bw="1" slack="0"/>
<pin id="1051" dir="0" index="1" bw="1" slack="0"/>
<pin id="1052" dir="1" index="2" bw="1" slack="0"/>
</pin_list>
<bind>
<opcode="xor(25) " fcode="xor"/>
<opset="xor_ln881/11 "/>
</bind>
</comp>

<comp id="1055" class="1004" name="xor_ln882_fu_1055">
<pin_list>
<pin id="1056" dir="0" index="0" bw="1" slack="0"/>
<pin id="1057" dir="0" index="1" bw="1" slack="0"/>
<pin id="1058" dir="1" index="2" bw="1" slack="0"/>
</pin_list>
<bind>
<opcode="xor(25) " fcode="xor"/>
<opset="xor_ln882/11 "/>
</bind>
</comp>

<comp id="1061" class="1004" name="or_ln882_fu_1061">
<pin_list>
<pin id="1062" dir="0" index="0" bw="1" slack="0"/>
<pin id="1063" dir="0" index="1" bw="1" slack="0"/>
<pin id="1064" dir="1" index="2" bw="1" slack="0"/>
</pin_list>
<bind>
<opcode="or(24) " fcode="or"/>
<opset="or_ln882/11 "/>
</bind>
</comp>

<comp id="1067" class="1004" name="mem_fu_1067">
<pin_list>
<pin id="1068" dir="0" index="0" bw="1" slack="2"/>
<pin id="1069" dir="0" index="1" bw="1" slack="0"/>
<pin id="1070" dir="1" index="2" bw="1" slack="0"/>
</pin_list>
<bind>
<opcode="and(23) " fcode="and"/>
<opset="mem/11 "/>
</bind>
</comp>

<comp id="1072" class="1004" name="xor_ln883_fu_1072">
<pin_list>
<pin id="1073" dir="0" index="0" bw="1" slack="0"/>
<pin id="1074" dir="0" index="1" bw="1" slack="0"/>
<pin id="1075" dir="1" index="2" bw="1" slack="0"/>
</pin_list>
<bind>
<opcode="xor(25) " fcode="xor"/>
<opset="xor_ln883/11 "/>
</bind>
</comp>

<comp id="1078" class="1004" name="or_ln883_fu_1078">
<pin_list>
<pin id="1079" dir="0" index="0" bw="1" slack="0"/>
<pin id="1080" dir="0" index="1" bw="1" slack="0"/>
<pin id="1081" dir="1" index="2" bw="1" slack="0"/>
</pin_list>
<bind>
<opcode="or(24) " fcode="or"/>
<opset="or_ln883/11 "/>
</bind>
</comp>

<comp id="1084" class="1004" name="integer_fu_1084">
<pin_list>
<pin id="1085" dir="0" index="0" bw="1" slack="0"/>
<pin id="1086" dir="0" index="1" bw="1" slack="0"/>
<pin id="1087" dir="1" index="2" bw="1" slack="0"/>
</pin_list>
<bind>
<opcode="and(23) " fcode="and"/>
<opset="integer/11 "/>
</bind>
</comp>

<comp id="1090" class="1004" name="or_ln884_fu_1090">
<pin_list>
<pin id="1091" dir="0" index="0" bw="1" slack="0"/>
<pin id="1092" dir="0" index="1" bw="1" slack="4"/>
<pin id="1093" dir="1" index="2" bw="1" slack="0"/>
</pin_list>
<bind>
<opcode="or(24) " fcode="or"/>
<opset="or_ln884/11 "/>
</bind>
</comp>

<comp id="1095" class="1004" name="selected_valid_fu_1095">
<pin_list>
<pin id="1096" dir="0" index="0" bw="1" slack="0"/>
<pin id="1097" dir="0" index="1" bw="1" slack="0"/>
<pin id="1098" dir="1" index="2" bw="1" slack="1"/>
</pin_list>
<bind>
<opcode="or(24) " fcode="or"/>
<opset="selected_valid/11 "/>
</bind>
</comp>

<comp id="1101" class="1004" name="state_rob_head_load_3_load_fu_1101">
<pin_list>
<pin id="1102" dir="0" index="0" bw="5" slack="0"/>
<pin id="1103" dir="1" index="1" bw="5" slack="0"/>
</pin_list>
<bind>
<opcode="load(27) " fcode="load"/>
<opset="state_rob_head_load_3/11 "/>
</bind>
</comp>

<comp id="1105" class="1004" name="selected_age_fu_1105">
<pin_list>
<pin id="1106" dir="0" index="0" bw="1" slack="0"/>
<pin id="1107" dir="0" index="1" bw="5" slack="0"/>
<pin id="1108" dir="1" index="2" bw="5" slack="0"/>
</pin_list>
<bind>
<opcode="sub(10) " fcode="sub"/>
<opset="selected_age/11 "/>
</bind>
</comp>

<comp id="1111" class="1004" name="zext_ln886_fu_1111">
<pin_list>
<pin id="1112" dir="0" index="0" bw="5" slack="0"/>
<pin id="1113" dir="1" index="1" bw="6" slack="0"/>
</pin_list>
<bind>
<opcode="zext(34) " fcode="zext"/>
<opset="zext_ln886/11 "/>
</bind>
</comp>

<comp id="1116" class="1004" name="trunc_ln886_fu_1116">
<pin_list>
<pin id="1117" dir="0" index="0" bw="6" slack="0"/>
<pin id="1118" dir="1" index="1" bw="5" slack="0"/>
</pin_list>
<bind>
<opcode="trunc(33) " fcode="trunc"/>
<opset="trunc_ln886/11 "/>
</bind>
</comp>

<comp id="1120" class="1004" name="state_rob_head_load_4_load_fu_1120">
<pin_list>
<pin id="1121" dir="0" index="0" bw="5" slack="0"/>
<pin id="1122" dir="1" index="1" bw="5" slack="0"/>
</pin_list>
<bind>
<opcode="load(27) " fcode="load"/>
<opset="state_rob_head_load_4/11 "/>
</bind>
</comp>

<comp id="1124" class="1004" name="selected_age_4_fu_1124">
<pin_list>
<pin id="1125" dir="0" index="0" bw="5" slack="3"/>
<pin id="1126" dir="0" index="1" bw="5" slack="0"/>
<pin id="1127" dir="1" index="2" bw="5" slack="0"/>
</pin_list>
<bind>
<opcode="sub(10) " fcode="sub"/>
<opset="selected_age_4/11 "/>
</bind>
</comp>

<comp id="1129" class="1004" name="zext_ln886_1_fu_1129">
<pin_list>
<pin id="1130" dir="0" index="0" bw="5" slack="0"/>
<pin id="1131" dir="1" index="1" bw="6" slack="0"/>
</pin_list>
<bind>
<opcode="zext(34) " fcode="zext"/>
<opset="zext_ln886_1/11 "/>
</bind>
</comp>

<comp id="1133" class="1004" name="icmp_ln893_fu_1133">
<pin_list>
<pin id="1134" dir="0" index="0" bw="5" slack="0"/>
<pin id="1135" dir="0" index="1" bw="6" slack="0"/>
<pin id="1136" dir="1" index="2" bw="1" slack="0"/>
</pin_list>
<bind>
<opcode="icmp(45) " fcode="icmp"/>
<opset="icmp_ln893/11 "/>
</bind>
</comp>

<comp id="1139" class="1004" name="or_ln893_fu_1139">
<pin_list>
<pin id="1140" dir="0" index="0" bw="1" slack="0"/>
<pin id="1141" dir="0" index="1" bw="1" slack="0"/>
<pin id="1142" dir="1" index="2" bw="1" slack="0"/>
</pin_list>
<bind>
<opcode="or(24) " fcode="or"/>
<opset="or_ln893/11 "/>
</bind>
</comp>

<comp id="1145" class="1004" name="select_ln893_fu_1145">
<pin_list>
<pin id="1146" dir="0" index="0" bw="1" slack="0"/>
<pin id="1147" dir="0" index="1" bw="5" slack="0"/>
<pin id="1148" dir="0" index="2" bw="5" slack="0"/>
<pin id="1149" dir="1" index="3" bw="5" slack="0"/>
</pin_list>
<bind>
<opcode="select(49) " fcode="select"/>
<opset="select_ln893/11 "/>
</bind>
</comp>

<comp id="1153" class="1004" name="zext_ln893_fu_1153">
<pin_list>
<pin id="1154" dir="0" index="0" bw="5" slack="0"/>
<pin id="1155" dir="1" index="1" bw="6" slack="1"/>
</pin_list>
<bind>
<opcode="zext(34) " fcode="zext"/>
<opset="zext_ln893/11 "/>
</bind>
</comp>

<comp id="1157" class="1004" name="state_completion_peak_rob_completes_load_load_fu_1157">
<pin_list>
<pin id="1158" dir="0" index="0" bw="8" slack="0"/>
<pin id="1159" dir="1" index="1" bw="8" slack="0"/>
</pin_list>
<bind>
<opcode="load(27) " fcode="load"/>
<opset="state_completion_peak_rob_completes_load/11 "/>
</bind>
</comp>

<comp id="1161" class="1004" name="icmp_ln965_fu_1161">
<pin_list>
<pin id="1162" dir="0" index="0" bw="8" slack="0"/>
<pin id="1163" dir="0" index="1" bw="8" slack="0"/>
<pin id="1164" dir="1" index="2" bw="1" slack="2147483647"/>
</pin_list>
<bind>
<opcode="icmp(45) " fcode="icmp"/>
<opset="icmp_ln965/11 "/>
</bind>
</comp>

<comp id="1167" class="1004" name="store_ln966_store_fu_1167">
<pin_list>
<pin id="1168" dir="0" index="0" bw="8" slack="0"/>
<pin id="1169" dir="0" index="1" bw="8" slack="0"/>
<pin id="1170" dir="1" index="2" bw="0" slack="2147483647"/>
</pin_list>
<bind>
<opcode="store(28) " fcode="store"/>
<opset="store_ln966/11 "/>
</bind>
</comp>

<comp id="1173" class="1004" name="state_completion_peak_prf_writes_load_load_fu_1173">
<pin_list>
<pin id="1174" dir="0" index="0" bw="8" slack="0"/>
<pin id="1175" dir="1" index="1" bw="8" slack="0"/>
</pin_list>
<bind>
<opcode="load(27) " fcode="load"/>
<opset="state_completion_peak_prf_writes_load/11 "/>
</bind>
</comp>

<comp id="1177" class="1004" name="icmp_ln967_fu_1177">
<pin_list>
<pin id="1178" dir="0" index="0" bw="8" slack="0"/>
<pin id="1179" dir="0" index="1" bw="8" slack="0"/>
<pin id="1180" dir="1" index="2" bw="1" slack="2147483647"/>
</pin_list>
<bind>
<opcode="icmp(45) " fcode="icmp"/>
<opset="icmp_ln967/11 "/>
</bind>
</comp>

<comp id="1183" class="1004" name="store_ln968_store_fu_1183">
<pin_list>
<pin id="1184" dir="0" index="0" bw="8" slack="0"/>
<pin id="1185" dir="0" index="1" bw="8" slack="0"/>
<pin id="1186" dir="1" index="2" bw="0" slack="2147483647"/>
</pin_list>
<bind>
<opcode="store(28) " fcode="store"/>
<opset="store_ln968/11 "/>
</bind>
</comp>

<comp id="1189" class="1004" name="zext_ln886_2_fu_1189">
<pin_list>
<pin id="1190" dir="0" index="0" bw="1" slack="0"/>
<pin id="1191" dir="1" index="1" bw="2" slack="0"/>
</pin_list>
<bind>
<opcode="zext(34) " fcode="zext"/>
<opset="zext_ln886_2/12 "/>
</bind>
</comp>

<comp id="1194" class="1004" name="age_3_fu_1194">
<pin_list>
<pin id="1195" dir="0" index="0" bw="5" slack="2"/>
<pin id="1196" dir="0" index="1" bw="5" slack="0"/>
<pin id="1197" dir="1" index="2" bw="5" slack="0"/>
</pin_list>
<bind>
<opcode="sub(10) " fcode="sub"/>
<opset="age_3/12 "/>
</bind>
</comp>

<comp id="1199" class="1004" name="zext_ln899_fu_1199">
<pin_list>
<pin id="1200" dir="0" index="0" bw="5" slack="0"/>
<pin id="1201" dir="1" index="1" bw="6" slack="0"/>
</pin_list>
<bind>
<opcode="zext(34) " fcode="zext"/>
<opset="zext_ln899/12 "/>
</bind>
</comp>

<comp id="1203" class="1004" name="or_ln900_fu_1203">
<pin_list>
<pin id="1204" dir="0" index="0" bw="1" slack="5"/>
<pin id="1205" dir="0" index="1" bw="1" slack="1"/>
<pin id="1206" dir="1" index="2" bw="1" slack="0"/>
</pin_list>
<bind>
<opcode="or(24) " fcode="or"/>
<opset="or_ln900/12 "/>
</bind>
</comp>

<comp id="1207" class="1004" name="xor_ln900_fu_1207">
<pin_list>
<pin id="1208" dir="0" index="0" bw="1" slack="0"/>
<pin id="1209" dir="0" index="1" bw="1" slack="0"/>
<pin id="1210" dir="1" index="2" bw="1" slack="0"/>
</pin_list>
<bind>
<opcode="xor(25) " fcode="xor"/>
<opset="xor_ln900/12 "/>
</bind>
</comp>

<comp id="1213" class="1004" name="icmp_ln900_fu_1213">
<pin_list>
<pin id="1214" dir="0" index="0" bw="5" slack="0"/>
<pin id="1215" dir="0" index="1" bw="6" slack="0"/>
<pin id="1216" dir="1" index="2" bw="1" slack="0"/>
</pin_list>
<bind>
<opcode="icmp(45) " fcode="icmp"/>
<opset="icmp_ln900/12 "/>
</bind>
</comp>

<comp id="1219" class="1004" name="or_ln900_1_fu_1219">
<pin_list>
<pin id="1220" dir="0" index="0" bw="1" slack="0"/>
<pin id="1221" dir="0" index="1" bw="1" slack="0"/>
<pin id="1222" dir="1" index="2" bw="1" slack="0"/>
</pin_list>
<bind>
<opcode="or(24) " fcode="or"/>
<opset="or_ln900_1/12 "/>
</bind>
</comp>

<comp id="1225" class="1004" name="select_ln900_fu_1225">
<pin_list>
<pin id="1226" dir="0" index="0" bw="1" slack="0"/>
<pin id="1227" dir="0" index="1" bw="2" slack="0"/>
<pin id="1228" dir="0" index="2" bw="1" slack="0"/>
<pin id="1229" dir="1" index="3" bw="2" slack="0"/>
</pin_list>
<bind>
<opcode="select(49) " fcode="select"/>
<opset="select_ln900/12 "/>
</bind>
</comp>

<comp id="1234" class="1004" name="zext_ln576_1_fu_1234">
<pin_list>
<pin id="1235" dir="0" index="0" bw="5" slack="8"/>
<pin id="1236" dir="1" index="1" bw="64" slack="0"/>
</pin_list>
<bind>
<opcode="zext(34) " fcode="zext"/>
<opset="zext_ln576_1/16 "/>
</bind>
</comp>

<comp id="1238" class="1004" name="icmp_ln577_1_fu_1238">
<pin_list>
<pin id="1239" dir="0" index="0" bw="2" slack="0"/>
<pin id="1240" dir="0" index="1" bw="2" slack="10"/>
<pin id="1241" dir="1" index="2" bw="1" slack="2147483647"/>
</pin_list>
<bind>
<opcode="icmp(45) " fcode="icmp"/>
<opset="icmp_ln577_1/18 "/>
</bind>
</comp>

<comp id="1243" class="1004" name="zext_ln638_1_fu_1243">
<pin_list>
<pin id="1244" dir="0" index="0" bw="5" slack="10"/>
<pin id="1245" dir="1" index="1" bw="64" slack="0"/>
</pin_list>
<bind>
<opcode="zext(34) " fcode="zext"/>
<opset="zext_ln638_1/18 "/>
</bind>
</comp>

<comp id="1248" class="1004" name="icmp_ln648_1_fu_1248">
<pin_list>
<pin id="1249" dir="0" index="0" bw="3" slack="10"/>
<pin id="1250" dir="0" index="1" bw="3" slack="0"/>
<pin id="1251" dir="1" index="2" bw="1" slack="2147483647"/>
</pin_list>
<bind>
<opcode="icmp(45) " fcode="icmp"/>
<opset="icmp_ln648_1/18 "/>
</bind>
</comp>

<comp id="1253" class="1004" name="zext_ln651_1_fu_1253">
<pin_list>
<pin id="1254" dir="0" index="0" bw="2" slack="2147483647"/>
<pin id="1255" dir="1" index="1" bw="64" slack="0"/>
</pin_list>
<bind>
<opcode="zext(34) " fcode="zext"/>
<opset="zext_ln651_1/18 "/>
</bind>
</comp>

<comp id="1257" class="1004" name="store_ln940_store_fu_1257">
<pin_list>
<pin id="1258" dir="0" index="0" bw="1" slack="0"/>
<pin id="1259" dir="0" index="1" bw="1" slack="0"/>
<pin id="1260" dir="1" index="2" bw="0" slack="2147483647"/>
</pin_list>
<bind>
<opcode="store(28) " fcode="store"/>
<opset="store_ln940/18 "/>
</bind>
</comp>

<comp id="1263" class="1004" name="store_ln940_store_fu_1263">
<pin_list>
<pin id="1264" dir="0" index="0" bw="1" slack="0"/>
<pin id="1265" dir="0" index="1" bw="3" slack="0"/>
<pin id="1266" dir="1" index="2" bw="0" slack="2147483647"/>
</pin_list>
<bind>
<opcode="store(28) " fcode="store"/>
<opset="store_ln940/18 "/>
</bind>
</comp>

<comp id="1269" class="1004" name="store_ln940_store_fu_1269">
<pin_list>
<pin id="1270" dir="0" index="0" bw="1" slack="0"/>
<pin id="1271" dir="0" index="1" bw="1" slack="0"/>
<pin id="1272" dir="1" index="2" bw="0" slack="2147483647"/>
</pin_list>
<bind>
<opcode="store(28) " fcode="store"/>
<opset="store_ln940/18 "/>
</bind>
</comp>

<comp id="1275" class="1004" name="store_ln940_store_fu_1275">
<pin_list>
<pin id="1276" dir="0" index="0" bw="1" slack="0"/>
<pin id="1277" dir="0" index="1" bw="8" slack="0"/>
<pin id="1278" dir="1" index="2" bw="0" slack="2147483647"/>
</pin_list>
<bind>
<opcode="store(28) " fcode="store"/>
<opset="store_ln940/18 "/>
</bind>
</comp>

<comp id="1281" class="1004" name="store_ln940_store_fu_1281">
<pin_list>
<pin id="1282" dir="0" index="0" bw="1" slack="0"/>
<pin id="1283" dir="0" index="1" bw="1" slack="0"/>
<pin id="1284" dir="1" index="2" bw="0" slack="2147483647"/>
</pin_list>
<bind>
<opcode="store(28) " fcode="store"/>
<opset="store_ln940/18 "/>
</bind>
</comp>

<comp id="1287" class="1004" name="store_ln940_store_fu_1287">
<pin_list>
<pin id="1288" dir="0" index="0" bw="1" slack="0"/>
<pin id="1289" dir="0" index="1" bw="5" slack="0"/>
<pin id="1290" dir="1" index="2" bw="0" slack="2147483647"/>
</pin_list>
<bind>
<opcode="store(28) " fcode="store"/>
<opset="store_ln940/18 "/>
</bind>
</comp>

<comp id="1293" class="1004" name="store_ln940_store_fu_1293">
<pin_list>
<pin id="1294" dir="0" index="0" bw="1" slack="0"/>
<pin id="1295" dir="0" index="1" bw="2" slack="0"/>
<pin id="1296" dir="1" index="2" bw="0" slack="2147483647"/>
</pin_list>
<bind>
<opcode="store(28) " fcode="store"/>
<opset="store_ln940/18 "/>
</bind>
</comp>

<comp id="1299" class="1004" name="store_ln940_store_fu_1299">
<pin_list>
<pin id="1300" dir="0" index="0" bw="1" slack="0"/>
<pin id="1301" dir="0" index="1" bw="2" slack="0"/>
<pin id="1302" dir="1" index="2" bw="0" slack="2147483647"/>
</pin_list>
<bind>
<opcode="store(28) " fcode="store"/>
<opset="store_ln940/18 "/>
</bind>
</comp>

<comp id="1305" class="1004" name="store_ln940_store_fu_1305">
<pin_list>
<pin id="1306" dir="0" index="0" bw="1" slack="0"/>
<pin id="1307" dir="0" index="1" bw="1" slack="0"/>
<pin id="1308" dir="1" index="2" bw="0" slack="2147483647"/>
</pin_list>
<bind>
<opcode="store(28) " fcode="store"/>
<opset="store_ln940/18 "/>
</bind>
</comp>

<comp id="1311" class="1004" name="store_ln940_store_fu_1311">
<pin_list>
<pin id="1312" dir="0" index="0" bw="1" slack="0"/>
<pin id="1313" dir="0" index="1" bw="64" slack="0"/>
<pin id="1314" dir="1" index="2" bw="0" slack="2147483647"/>
</pin_list>
<bind>
<opcode="store(28) " fcode="store"/>
<opset="store_ln940/18 "/>
</bind>
</comp>

<comp id="1317" class="1004" name="store_ln941_store_fu_1317">
<pin_list>
<pin id="1318" dir="0" index="0" bw="1" slack="0"/>
<pin id="1319" dir="0" index="1" bw="1" slack="0"/>
<pin id="1320" dir="1" index="2" bw="0" slack="2147483647"/>
</pin_list>
<bind>
<opcode="store(28) " fcode="store"/>
<opset="store_ln941/18 "/>
</bind>
</comp>

<comp id="1323" class="1004" name="icmp_ln577_fu_1323">
<pin_list>
<pin id="1324" dir="0" index="0" bw="2" slack="0"/>
<pin id="1325" dir="0" index="1" bw="2" slack="8"/>
<pin id="1326" dir="1" index="2" bw="1" slack="2147483647"/>
</pin_list>
<bind>
<opcode="icmp(45) " fcode="icmp"/>
<opset="icmp_ln577/18 "/>
</bind>
</comp>

<comp id="1328" class="1004" name="zext_ln638_fu_1328">
<pin_list>
<pin id="1329" dir="0" index="0" bw="5" slack="8"/>
<pin id="1330" dir="1" index="1" bw="64" slack="0"/>
</pin_list>
<bind>
<opcode="zext(34) " fcode="zext"/>
<opset="zext_ln638/18 "/>
</bind>
</comp>

<comp id="1333" class="1004" name="icmp_ln648_fu_1333">
<pin_list>
<pin id="1334" dir="0" index="0" bw="3" slack="8"/>
<pin id="1335" dir="0" index="1" bw="3" slack="0"/>
<pin id="1336" dir="1" index="2" bw="1" slack="2147483647"/>
</pin_list>
<bind>
<opcode="icmp(45) " fcode="icmp"/>
<opset="icmp_ln648/18 "/>
</bind>
</comp>

<comp id="1338" class="1004" name="zext_ln651_fu_1338">
<pin_list>
<pin id="1339" dir="0" index="0" bw="3" slack="2147483647"/>
<pin id="1340" dir="1" index="1" bw="64" slack="0"/>
</pin_list>
<bind>
<opcode="zext(34) " fcode="zext"/>
<opset="zext_ln651/18 "/>
</bind>
</comp>

<comp id="1342" class="1004" name="store_ln949_store_fu_1342">
<pin_list>
<pin id="1343" dir="0" index="0" bw="1" slack="0"/>
<pin id="1344" dir="0" index="1" bw="1" slack="0"/>
<pin id="1345" dir="1" index="2" bw="0" slack="2147483647"/>
</pin_list>
<bind>
<opcode="store(28) " fcode="store"/>
<opset="store_ln949/18 "/>
</bind>
</comp>

<comp id="1348" class="1004" name="store_ln949_store_fu_1348">
<pin_list>
<pin id="1349" dir="0" index="0" bw="1" slack="0"/>
<pin id="1350" dir="0" index="1" bw="3" slack="0"/>
<pin id="1351" dir="1" index="2" bw="0" slack="2147483647"/>
</pin_list>
<bind>
<opcode="store(28) " fcode="store"/>
<opset="store_ln949/18 "/>
</bind>
</comp>

<comp id="1354" class="1004" name="store_ln949_store_fu_1354">
<pin_list>
<pin id="1355" dir="0" index="0" bw="1" slack="0"/>
<pin id="1356" dir="0" index="1" bw="2" slack="0"/>
<pin id="1357" dir="1" index="2" bw="0" slack="2147483647"/>
</pin_list>
<bind>
<opcode="store(28) " fcode="store"/>
<opset="store_ln949/18 "/>
</bind>
</comp>

<comp id="1360" class="1004" name="store_ln949_store_fu_1360">
<pin_list>
<pin id="1361" dir="0" index="0" bw="1" slack="0"/>
<pin id="1362" dir="0" index="1" bw="8" slack="0"/>
<pin id="1363" dir="1" index="2" bw="0" slack="2147483647"/>
</pin_list>
<bind>
<opcode="store(28) " fcode="store"/>
<opset="store_ln949/18 "/>
</bind>
</comp>

<comp id="1366" class="1004" name="store_ln949_store_fu_1366">
<pin_list>
<pin id="1367" dir="0" index="0" bw="1" slack="0"/>
<pin id="1368" dir="0" index="1" bw="1" slack="0"/>
<pin id="1369" dir="1" index="2" bw="0" slack="2147483647"/>
</pin_list>
<bind>
<opcode="store(28) " fcode="store"/>
<opset="store_ln949/18 "/>
</bind>
</comp>

<comp id="1372" class="1004" name="store_ln949_store_fu_1372">
<pin_list>
<pin id="1373" dir="0" index="0" bw="1" slack="0"/>
<pin id="1374" dir="0" index="1" bw="5" slack="0"/>
<pin id="1375" dir="1" index="2" bw="0" slack="2147483647"/>
</pin_list>
<bind>
<opcode="store(28) " fcode="store"/>
<opset="store_ln949/18 "/>
</bind>
</comp>

<comp id="1378" class="1004" name="store_ln949_store_fu_1378">
<pin_list>
<pin id="1379" dir="0" index="0" bw="1" slack="0"/>
<pin id="1380" dir="0" index="1" bw="2" slack="0"/>
<pin id="1381" dir="1" index="2" bw="0" slack="2147483647"/>
</pin_list>
<bind>
<opcode="store(28) " fcode="store"/>
<opset="store_ln949/18 "/>
</bind>
</comp>

<comp id="1384" class="1004" name="store_ln949_store_fu_1384">
<pin_list>
<pin id="1385" dir="0" index="0" bw="1" slack="0"/>
<pin id="1386" dir="0" index="1" bw="3" slack="0"/>
<pin id="1387" dir="1" index="2" bw="0" slack="2147483647"/>
</pin_list>
<bind>
<opcode="store(28) " fcode="store"/>
<opset="store_ln949/18 "/>
</bind>
</comp>

<comp id="1390" class="1004" name="store_ln949_store_fu_1390">
<pin_list>
<pin id="1391" dir="0" index="0" bw="1" slack="0"/>
<pin id="1392" dir="0" index="1" bw="1" slack="0"/>
<pin id="1393" dir="1" index="2" bw="0" slack="2147483647"/>
</pin_list>
<bind>
<opcode="store(28) " fcode="store"/>
<opset="store_ln949/18 "/>
</bind>
</comp>

<comp id="1396" class="1004" name="store_ln949_store_fu_1396">
<pin_list>
<pin id="1397" dir="0" index="0" bw="1" slack="0"/>
<pin id="1398" dir="0" index="1" bw="64" slack="0"/>
<pin id="1399" dir="1" index="2" bw="0" slack="2147483647"/>
</pin_list>
<bind>
<opcode="store(28) " fcode="store"/>
<opset="store_ln949/18 "/>
</bind>
</comp>

<comp id="1402" class="1004" name="store_ln950_store_fu_1402">
<pin_list>
<pin id="1403" dir="0" index="0" bw="1" slack="0"/>
<pin id="1404" dir="0" index="1" bw="1" slack="0"/>
<pin id="1405" dir="1" index="2" bw="0" slack="2147483647"/>
</pin_list>
<bind>
<opcode="store(28) " fcode="store"/>
<opset="store_ln950/18 "/>
</bind>
</comp>

<comp id="1408" class="1004" name="store_ln955_store_fu_1408">
<pin_list>
<pin id="1409" dir="0" index="0" bw="8" slack="0"/>
<pin id="1410" dir="0" index="1" bw="8" slack="0"/>
<pin id="1411" dir="1" index="2" bw="0" slack="2147483647"/>
</pin_list>
<bind>
<opcode="store(28) " fcode="store"/>
<opset="store_ln955/18 "/>
</bind>
</comp>

<comp id="1414" class="1004" name="store_ln956_store_fu_1414">
<pin_list>
<pin id="1415" dir="0" index="0" bw="64" slack="0"/>
<pin id="1416" dir="0" index="1" bw="64" slack="0"/>
<pin id="1417" dir="1" index="2" bw="0" slack="2147483647"/>
</pin_list>
<bind>
<opcode="store(28) " fcode="store"/>
<opset="store_ln956/18 "/>
</bind>
</comp>

<comp id="1420" class="1004" name="add_ln960_fu_1420">
<pin_list>
<pin id="1421" dir="0" index="0" bw="8" slack="0"/>
<pin id="1422" dir="0" index="1" bw="1" slack="0"/>
<pin id="1423" dir="1" index="2" bw="8" slack="0"/>
</pin_list>
<bind>
<opcode="add(8) " fcode="add"/>
<opset="add_ln960/18 "/>
</bind>
</comp>

<comp id="1426" class="1004" name="store_ln960_store_fu_1426">
<pin_list>
<pin id="1427" dir="0" index="0" bw="8" slack="0"/>
<pin id="1428" dir="0" index="1" bw="8" slack="0"/>
<pin id="1429" dir="1" index="2" bw="0" slack="2147483647"/>
</pin_list>
<bind>
<opcode="store(28) " fcode="store"/>
<opset="store_ln960/18 "/>
</bind>
</comp>

<comp id="1432" class="1004" name="state_completion_total_prf_writes_load_load_fu_1432">
<pin_list>
<pin id="1433" dir="0" index="0" bw="64" slack="0"/>
<pin id="1434" dir="1" index="1" bw="64" slack="0"/>
</pin_list>
<bind>
<opcode="load(27) " fcode="load"/>
<opset="state_completion_total_prf_writes_load/18 "/>
</bind>
</comp>

<comp id="1436" class="1004" name="add_ln961_fu_1436">
<pin_list>
<pin id="1437" dir="0" index="0" bw="64" slack="0"/>
<pin id="1438" dir="0" index="1" bw="1" slack="0"/>
<pin id="1439" dir="1" index="2" bw="64" slack="0"/>
</pin_list>
<bind>
<opcode="add(8) " fcode="add"/>
<opset="add_ln961/18 "/>
</bind>
</comp>

<comp id="1442" class="1004" name="store_ln961_store_fu_1442">
<pin_list>
<pin id="1443" dir="0" index="0" bw="64" slack="0"/>
<pin id="1444" dir="0" index="1" bw="64" slack="0"/>
<pin id="1445" dir="1" index="2" bw="0" slack="2147483647"/>
</pin_list>
<bind>
<opcode="store(28) " fcode="store"/>
<opset="store_ln961/18 "/>
</bind>
</comp>

<comp id="1448" class="1004" name="store_ln962_store_fu_1448">
<pin_list>
<pin id="1449" dir="0" index="0" bw="1" slack="0"/>
<pin id="1450" dir="0" index="1" bw="1" slack="17"/>
<pin id="1451" dir="1" index="2" bw="0" slack="2147483647"/>
</pin_list>
<bind>
<opcode="store(28) " fcode="store"/>
<opset="store_ln962/18 "/>
</bind>
</comp>

<comp id="1453" class="1004" name="store_ln909_store_fu_1453">
<pin_list>
<pin id="1454" dir="0" index="0" bw="2" slack="16"/>
<pin id="1455" dir="0" index="1" bw="2" slack="17"/>
<pin id="1456" dir="1" index="2" bw="0" slack="2147483647"/>
</pin_list>
<bind>
<opcode="store(28) " fcode="store"/>
<opset="store_ln909/18 "/>
</bind>
</comp>

<comp id="1457" class="1004" name="store_ln955_store_fu_1457">
<pin_list>
<pin id="1458" dir="0" index="0" bw="8" slack="0"/>
<pin id="1459" dir="0" index="1" bw="8" slack="0"/>
<pin id="1460" dir="1" index="2" bw="0" slack="2147483647"/>
</pin_list>
<bind>
<opcode="store(28) " fcode="store"/>
<opset="store_ln955/19 "/>
</bind>
</comp>

<comp id="1463" class="1004" name="store_ln956_store_fu_1463">
<pin_list>
<pin id="1464" dir="0" index="0" bw="64" slack="0"/>
<pin id="1465" dir="0" index="1" bw="64" slack="0"/>
<pin id="1466" dir="1" index="2" bw="0" slack="2147483647"/>
</pin_list>
<bind>
<opcode="store(28) " fcode="store"/>
<opset="store_ln956/19 "/>
</bind>
</comp>

<comp id="1469" class="1004" name="store_ln932_store_fu_1469">
<pin_list>
<pin id="1470" dir="0" index="0" bw="1" slack="0"/>
<pin id="1471" dir="0" index="1" bw="1" slack="0"/>
<pin id="1472" dir="1" index="2" bw="0" slack="2147483647"/>
</pin_list>
<bind>
<opcode="store(28) " fcode="store"/>
<opset="store_ln932/20 "/>
</bind>
</comp>

<comp id="1475" class="1004" name="zext_ln576_fu_1475">
<pin_list>
<pin id="1476" dir="0" index="0" bw="5" slack="6"/>
<pin id="1477" dir="1" index="1" bw="64" slack="0"/>
</pin_list>
<bind>
<opcode="zext(34) " fcode="zext"/>
<opset="zext_ln576/24 "/>
</bind>
</comp>

<comp id="1479" class="1005" name="service_reg_1479">
<pin_list>
<pin id="1480" dir="0" index="0" bw="2" slack="0"/>
<pin id="1481" dir="1" index="1" bw="2" slack="0"/>
</pin_list>
<bind>
<opset="service "/>
</bind>
</comp>

<comp id="1486" class="1005" name="prf_used_reg_1486">
<pin_list>
<pin id="1487" dir="0" index="0" bw="1" slack="0"/>
<pin id="1488" dir="1" index="1" bw="1" slack="0"/>
</pin_list>
<bind>
<opset="prf_used "/>
</bind>
</comp>

<comp id="1493" class="1005" name="icmp_ln909_reg_1493">
<pin_list>
<pin id="1494" dir="0" index="0" bw="1" slack="9"/>
<pin id="1495" dir="1" index="1" bw="1" slack="2147483647"/>
</pin_list>
<bind>
<opset="icmp_ln909 "/>
</bind>
</comp>

<comp id="1497" class="1005" name="service_2_reg_1497">
<pin_list>
<pin id="1498" dir="0" index="0" bw="2" slack="16"/>
<pin id="1499" dir="1" index="1" bw="2" slack="16"/>
</pin_list>
<bind>
<opset="service_2 "/>
</bind>
</comp>

<comp id="1502" class="1005" name="state_completion_mem_execute_valid_load_reg_1502">
<pin_list>
<pin id="1503" dir="0" index="0" bw="1" slack="1"/>
<pin id="1504" dir="1" index="1" bw="1" slack="2147483647"/>
</pin_list>
<bind>
<opset="state_completion_mem_execute_valid_load "/>
</bind>
</comp>

<comp id="1506" class="1005" name="zext_ln833_reg_1506">
<pin_list>
<pin id="1507" dir="0" index="0" bw="8" slack="1"/>
<pin id="1508" dir="1" index="1" bw="8" slack="1"/>
</pin_list>
<bind>
<opset="zext_ln833 "/>
</bind>
</comp>

<comp id="1511" class="1005" name="zext_ln833_1_reg_1511">
<pin_list>
<pin id="1512" dir="0" index="0" bw="8" slack="1"/>
<pin id="1513" dir="1" index="1" bw="8" slack="1"/>
</pin_list>
<bind>
<opset="zext_ln833_1 "/>
</bind>
</comp>

<comp id="1516" class="1005" name="zext_ln833_2_reg_1516">
<pin_list>
<pin id="1517" dir="0" index="0" bw="8" slack="1"/>
<pin id="1518" dir="1" index="1" bw="8" slack="1"/>
</pin_list>
<bind>
<opset="zext_ln833_2 "/>
</bind>
</comp>

<comp id="1521" class="1005" name="zext_ln833_3_reg_1521">
<pin_list>
<pin id="1522" dir="0" index="0" bw="32" slack="1"/>
<pin id="1523" dir="1" index="1" bw="32" slack="1"/>
</pin_list>
<bind>
<opset="zext_ln833_3 "/>
</bind>
</comp>

<comp id="1532" class="1005" name="zext_ln836_reg_1532">
<pin_list>
<pin id="1533" dir="0" index="0" bw="8" slack="1"/>
<pin id="1534" dir="1" index="1" bw="8" slack="1"/>
</pin_list>
<bind>
<opset="zext_ln836 "/>
</bind>
</comp>

<comp id="1537" class="1005" name="zext_ln836_1_reg_1537">
<pin_list>
<pin id="1538" dir="0" index="0" bw="8" slack="1"/>
<pin id="1539" dir="1" index="1" bw="8" slack="1"/>
</pin_list>
<bind>
<opset="zext_ln836_1 "/>
</bind>
</comp>

<comp id="1542" class="1005" name="zext_ln836_2_reg_1542">
<pin_list>
<pin id="1543" dir="0" index="0" bw="8" slack="1"/>
<pin id="1544" dir="1" index="1" bw="8" slack="1"/>
</pin_list>
<bind>
<opset="zext_ln836_2 "/>
</bind>
</comp>

<comp id="1547" class="1005" name="zext_ln836_3_reg_1547">
<pin_list>
<pin id="1548" dir="0" index="0" bw="32" slack="1"/>
<pin id="1549" dir="1" index="1" bw="32" slack="1"/>
</pin_list>
<bind>
<opset="zext_ln836_3 "/>
</bind>
</comp>

<comp id="1555" class="1005" name="load_any_reg_1555">
<pin_list>
<pin id="1556" dir="0" index="0" bw="1" slack="4"/>
<pin id="1557" dir="1" index="1" bw="1" slack="4"/>
</pin_list>
<bind>
<opset="load_any "/>
</bind>
</comp>

<comp id="1564" class="1005" name="state_completion_mem_execute_valid_load_1_reg_1564">
<pin_list>
<pin id="1565" dir="0" index="0" bw="1" slack="1"/>
<pin id="1566" dir="1" index="1" bw="1" slack="1"/>
</pin_list>
<bind>
<opset="state_completion_mem_execute_valid_load_1 "/>
</bind>
</comp>

<comp id="1569" class="1005" name="state_completion_mem_execute_kind_load_reg_1569">
<pin_list>
<pin id="1570" dir="0" index="0" bw="3" slack="3"/>
<pin id="1571" dir="1" index="1" bw="3" slack="3"/>
</pin_list>
<bind>
<opset="state_completion_mem_execute_kind_load "/>
</bind>
</comp>

<comp id="1575" class="1005" name="zext_ln667_reg_1575">
<pin_list>
<pin id="1576" dir="0" index="0" bw="8" slack="1"/>
<pin id="1577" dir="1" index="1" bw="8" slack="1"/>
</pin_list>
<bind>
<opset="zext_ln667 "/>
</bind>
</comp>

<comp id="1580" class="1005" name="zext_ln667_1_reg_1580">
<pin_list>
<pin id="1581" dir="0" index="0" bw="8" slack="1"/>
<pin id="1582" dir="1" index="1" bw="8" slack="1"/>
</pin_list>
<bind>
<opset="zext_ln667_1 "/>
</bind>
</comp>

<comp id="1585" class="1005" name="index_1_reg_1585">
<pin_list>
<pin id="1586" dir="0" index="0" bw="5" slack="3"/>
<pin id="1587" dir="1" index="1" bw="5" slack="3"/>
</pin_list>
<bind>
<opset="index_1 "/>
</bind>
</comp>

<comp id="1594" class="1005" name="zext_ln667_2_reg_1594">
<pin_list>
<pin id="1595" dir="0" index="0" bw="8" slack="1"/>
<pin id="1596" dir="1" index="1" bw="8" slack="1"/>
</pin_list>
<bind>
<opset="zext_ln667_2 "/>
</bind>
</comp>

<comp id="1599" class="1005" name="state_completion_mem_execute_uop_queue_rob_allocation_id_load_reg_1599">
<pin_list>
<pin id="1600" dir="0" index="0" bw="2" slack="6"/>
<pin id="1601" dir="1" index="1" bw="2" slack="6"/>
</pin_list>
<bind>
<opset="state_completion_mem_execute_uop_queue_rob_allocation_id_load "/>
</bind>
</comp>

<comp id="1605" class="1005" name="zext_ln667_3_reg_1605">
<pin_list>
<pin id="1606" dir="0" index="0" bw="32" slack="1"/>
<pin id="1607" dir="1" index="1" bw="32" slack="1"/>
</pin_list>
<bind>
<opset="zext_ln667_3 "/>
</bind>
</comp>

<comp id="1610" class="1005" name="mem_any_reg_1610">
<pin_list>
<pin id="1611" dir="0" index="0" bw="1" slack="2"/>
<pin id="1612" dir="1" index="1" bw="1" slack="2"/>
</pin_list>
<bind>
<opset="mem_any "/>
</bind>
</comp>

<comp id="1618" class="1005" name="state_completion_int_execute_valid_load_1_reg_1618">
<pin_list>
<pin id="1619" dir="0" index="0" bw="1" slack="1"/>
<pin id="1620" dir="1" index="1" bw="1" slack="1"/>
</pin_list>
<bind>
<opset="state_completion_int_execute_valid_load_1 "/>
</bind>
</comp>

<comp id="1623" class="1005" name="state_completion_int_execute_kind_load_reg_1623">
<pin_list>
<pin id="1624" dir="0" index="0" bw="3" slack="1"/>
<pin id="1625" dir="1" index="1" bw="3" slack="1"/>
</pin_list>
<bind>
<opset="state_completion_int_execute_kind_load "/>
</bind>
</comp>

<comp id="1629" class="1005" name="zext_ln668_reg_1629">
<pin_list>
<pin id="1630" dir="0" index="0" bw="8" slack="1"/>
<pin id="1631" dir="1" index="1" bw="8" slack="1"/>
</pin_list>
<bind>
<opset="zext_ln668 "/>
</bind>
</comp>

<comp id="1634" class="1005" name="zext_ln668_1_reg_1634">
<pin_list>
<pin id="1635" dir="0" index="0" bw="8" slack="1"/>
<pin id="1636" dir="1" index="1" bw="8" slack="1"/>
</pin_list>
<bind>
<opset="zext_ln668_1 "/>
</bind>
</comp>

<comp id="1639" class="1005" name="index_reg_1639">
<pin_list>
<pin id="1640" dir="0" index="0" bw="5" slack="1"/>
<pin id="1641" dir="1" index="1" bw="5" slack="1"/>
</pin_list>
<bind>
<opset="index "/>
</bind>
</comp>

<comp id="1648" class="1005" name="zext_ln668_2_reg_1648">
<pin_list>
<pin id="1649" dir="0" index="0" bw="8" slack="1"/>
<pin id="1650" dir="1" index="1" bw="8" slack="1"/>
</pin_list>
<bind>
<opset="zext_ln668_2 "/>
</bind>
</comp>

<comp id="1653" class="1005" name="state_completion_int_execute_uop_queue_rob_allocation_id_load_reg_1653">
<pin_list>
<pin id="1654" dir="0" index="0" bw="2" slack="4"/>
<pin id="1655" dir="1" index="1" bw="2" slack="4"/>
</pin_list>
<bind>
<opset="state_completion_int_execute_uop_queue_rob_allocation_id_load "/>
</bind>
</comp>

<comp id="1659" class="1005" name="zext_ln668_3_reg_1659">
<pin_list>
<pin id="1660" dir="0" index="0" bw="32" slack="1"/>
<pin id="1661" dir="1" index="1" bw="32" slack="1"/>
</pin_list>
<bind>
<opset="zext_ln668_3 "/>
</bind>
</comp>

<comp id="1670" class="1005" name="oldest_writes_2_reg_1670">
<pin_list>
<pin id="1671" dir="0" index="0" bw="1" slack="7"/>
<pin id="1672" dir="1" index="1" bw="1" slack="2147483647"/>
</pin_list>
<bind>
<opset="oldest_writes_2 "/>
</bind>
</comp>

<comp id="1674" class="1005" name="trunc_ln668_reg_1674">
<pin_list>
<pin id="1675" dir="0" index="0" bw="56" slack="7"/>
<pin id="1676" dir="1" index="1" bw="56" slack="7"/>
</pin_list>
<bind>
<opset="trunc_ln668 "/>
</bind>
</comp>

<comp id="1679" class="1005" name="state_completion_int_execute_uop_branch_br_tag_load_reg_1679">
<pin_list>
<pin id="1680" dir="0" index="0" bw="1" slack="3"/>
<pin id="1681" dir="1" index="1" bw="1" slack="3"/>
</pin_list>
<bind>
<opset="state_completion_int_execute_uop_branch_br_tag_load "/>
</bind>
</comp>

<comp id="1687" class="1005" name="oldest_writes_reg_1687">
<pin_list>
<pin id="1688" dir="0" index="0" bw="1" slack="7"/>
<pin id="1689" dir="1" index="1" bw="1" slack="2147483647"/>
</pin_list>
<bind>
<opset="oldest_writes "/>
</bind>
</comp>

<comp id="1691" class="1005" name="trunc_ln853_reg_1691">
<pin_list>
<pin id="1692" dir="0" index="0" bw="56" slack="7"/>
<pin id="1693" dir="1" index="1" bw="56" slack="7"/>
</pin_list>
<bind>
<opset="trunc_ln853 "/>
</bind>
</comp>

<comp id="1702" class="1005" name="mem_reg_1702">
<pin_list>
<pin id="1703" dir="0" index="0" bw="1" slack="1"/>
<pin id="1704" dir="1" index="1" bw="1" slack="1"/>
</pin_list>
<bind>
<opset="mem "/>
</bind>
</comp>

<comp id="1707" class="1005" name="integer_reg_1707">
<pin_list>
<pin id="1708" dir="0" index="0" bw="1" slack="1"/>
<pin id="1709" dir="1" index="1" bw="1" slack="2147483647"/>
</pin_list>
<bind>
<opset="integer "/>
</bind>
</comp>

<comp id="1711" class="1005" name="selected_valid_reg_1711">
<pin_list>
<pin id="1712" dir="0" index="0" bw="1" slack="1"/>
<pin id="1713" dir="1" index="1" bw="1" slack="2147483647"/>
</pin_list>
<bind>
<opset="selected_valid "/>
</bind>
</comp>

<comp id="1715" class="1005" name="or_ln893_reg_1715">
<pin_list>
<pin id="1716" dir="0" index="0" bw="1" slack="1"/>
<pin id="1717" dir="1" index="1" bw="1" slack="1"/>
</pin_list>
<bind>
<opset="or_ln893 "/>
</bind>
</comp>

<comp id="1720" class="1005" name="zext_ln893_reg_1720">
<pin_list>
<pin id="1721" dir="0" index="0" bw="6" slack="1"/>
<pin id="1722" dir="1" index="1" bw="6" slack="1"/>
</pin_list>
<bind>
<opset="zext_ln893 "/>
</bind>
</comp>

<comp id="1731" class="1005" name="tmp_9_reg_1731">
<pin_list>
<pin id="1732" dir="0" index="0" bw="1" slack="5"/>
<pin id="1733" dir="1" index="1" bw="1" slack="2147483647"/>
</pin_list>
<bind>
<opset="tmp_9 "/>
</bind>
</comp>

<comp id="1735" class="1005" name="zext_ln576_1_reg_1735">
<pin_list>
<pin id="1736" dir="0" index="0" bw="64" slack="1"/>
<pin id="1737" dir="1" index="1" bw="64" slack="1"/>
</pin_list>
<bind>
<opset="zext_ln576_1 "/>
</bind>
</comp>

<comp id="1740" class="1005" name="state_rob_entries_valid_addr_reg_1740">
<pin_list>
<pin id="1741" dir="0" index="0" bw="5" slack="1"/>
<pin id="1742" dir="1" index="1" bw="5" slack="1"/>
</pin_list>
<bind>
<opset="state_rob_entries_valid_addr "/>
</bind>
</comp>

<comp id="1745" class="1005" name="state_rob_entries_valid_load_1_reg_1745">
<pin_list>
<pin id="1746" dir="0" index="0" bw="1" slack="1"/>
<pin id="1747" dir="1" index="1" bw="1" slack="2147483647"/>
</pin_list>
<bind>
<opset="state_rob_entries_valid_load_1 "/>
</bind>
</comp>

<comp id="1749" class="1005" name="state_rob_entries_uop_queue_rob_allocation_id_addr_reg_1749">
<pin_list>
<pin id="1750" dir="0" index="0" bw="5" slack="1"/>
<pin id="1751" dir="1" index="1" bw="5" slack="1"/>
</pin_list>
<bind>
<opset="state_rob_entries_uop_queue_rob_allocation_id_addr "/>
</bind>
</comp>

<comp id="1769" class="1005" name="tmp_7_reg_1769">
<pin_list>
<pin id="1770" dir="0" index="0" bw="1" slack="5"/>
<pin id="1771" dir="1" index="1" bw="1" slack="2147483647"/>
</pin_list>
<bind>
<opset="tmp_7 "/>
</bind>
</comp>

<comp id="1773" class="1005" name="zext_ln576_reg_1773">
<pin_list>
<pin id="1774" dir="0" index="0" bw="64" slack="1"/>
<pin id="1775" dir="1" index="1" bw="64" slack="1"/>
</pin_list>
<bind>
<opset="zext_ln576 "/>
</bind>
</comp>

<comp id="1778" class="1005" name="state_rob_entries_valid_addr_3_reg_1778">
<pin_list>
<pin id="1779" dir="0" index="0" bw="5" slack="1"/>
<pin id="1780" dir="1" index="1" bw="5" slack="1"/>
</pin_list>
<bind>
<opset="state_rob_entries_valid_addr_3 "/>
</bind>
</comp>

<comp id="1783" class="1005" name="state_rob_entries_valid_load_reg_1783">
<pin_list>
<pin id="1784" dir="0" index="0" bw="1" slack="1"/>
<pin id="1785" dir="1" index="1" bw="1" slack="2147483647"/>
</pin_list>
<bind>
<opset="state_rob_entries_valid_load "/>
</bind>
</comp>

<comp id="1787" class="1005" name="state_rob_entries_uop_queue_rob_allocation_id_addr_3_reg_1787">
<pin_list>
<pin id="1788" dir="0" index="0" bw="5" slack="1"/>
<pin id="1789" dir="1" index="1" bw="5" slack="1"/>
</pin_list>
<bind>
<opset="state_rob_entries_uop_queue_rob_allocation_id_addr_3 "/>
</bind>
</comp>

</comp_list>

<net_list>
<net id="175"><net_src comp="118" pin="0"/><net_sink comp="172" pin=0"/></net>

<net id="179"><net_src comp="118" pin="0"/><net_sink comp="176" pin=0"/></net>

<net id="185"><net_src comp="10" pin="0"/><net_sink comp="180" pin=0"/></net>

<net id="186"><net_src comp="150" pin="0"/><net_sink comp="180" pin=1"/></net>

<net id="192"><net_src comp="180" pin="3"/><net_sink comp="187" pin=0"/></net>

<net id="198"><net_src comp="12" pin="0"/><net_sink comp="193" pin=0"/></net>

<net id="199"><net_src comp="150" pin="0"/><net_sink comp="193" pin=1"/></net>

<net id="205"><net_src comp="193" pin="3"/><net_sink comp="200" pin=0"/></net>

<net id="211"><net_src comp="14" pin="0"/><net_sink comp="206" pin=0"/></net>

<net id="212"><net_src comp="150" pin="0"/><net_sink comp="206" pin=1"/></net>

<net id="218"><net_src comp="120" pin="0"/><net_sink comp="213" pin=1"/></net>

<net id="219"><net_src comp="206" pin="3"/><net_sink comp="213" pin=0"/></net>

<net id="225"><net_src comp="104" pin="0"/><net_sink comp="220" pin=0"/></net>

<net id="226"><net_src comp="150" pin="0"/><net_sink comp="220" pin=1"/></net>

<net id="232"><net_src comp="220" pin="3"/><net_sink comp="227" pin=0"/></net>

<net id="238"><net_src comp="18" pin="0"/><net_sink comp="233" pin=0"/></net>

<net id="239"><net_src comp="150" pin="0"/><net_sink comp="233" pin=1"/></net>

<net id="245"><net_src comp="142" pin="0"/><net_sink comp="240" pin=1"/></net>

<net id="246"><net_src comp="233" pin="3"/><net_sink comp="240" pin=0"/></net>

<net id="252"><net_src comp="14" pin="0"/><net_sink comp="247" pin=0"/></net>

<net id="253"><net_src comp="150" pin="0"/><net_sink comp="247" pin=1"/></net>

<net id="254"><net_src comp="247" pin="3"/><net_sink comp="213" pin=0"/></net>

<net id="260"><net_src comp="104" pin="0"/><net_sink comp="255" pin=0"/></net>

<net id="261"><net_src comp="150" pin="0"/><net_sink comp="255" pin=1"/></net>

<net id="262"><net_src comp="255" pin="3"/><net_sink comp="227" pin=0"/></net>

<net id="268"><net_src comp="18" pin="0"/><net_sink comp="263" pin=0"/></net>

<net id="269"><net_src comp="150" pin="0"/><net_sink comp="263" pin=1"/></net>

<net id="270"><net_src comp="263" pin="3"/><net_sink comp="240" pin=0"/></net>

<net id="271"><net_src comp="170" pin="0"/><net_sink comp="213" pin=0"/></net>

<net id="277"><net_src comp="10" pin="0"/><net_sink comp="272" pin=0"/></net>

<net id="278"><net_src comp="150" pin="0"/><net_sink comp="272" pin=1"/></net>

<net id="279"><net_src comp="272" pin="3"/><net_sink comp="187" pin=0"/></net>

<net id="285"><net_src comp="12" pin="0"/><net_sink comp="280" pin=0"/></net>

<net id="286"><net_src comp="150" pin="0"/><net_sink comp="280" pin=1"/></net>

<net id="287"><net_src comp="280" pin="3"/><net_sink comp="200" pin=0"/></net>

<net id="297"><net_src comp="154" pin="0"/><net_sink comp="291" pin=2"/></net>

<net id="307"><net_src comp="120" pin="0"/><net_sink comp="301" pin=2"/></net>

<net id="317"><net_src comp="291" pin="4"/><net_sink comp="311" pin=2"/></net>

<net id="336"><net_src comp="154" pin="0"/><net_sink comp="330" pin=2"/></net>

<net id="337"><net_src comp="330" pin="4"/><net_sink comp="327" pin=0"/></net>

<net id="341"><net_src comp="120" pin="0"/><net_sink comp="338" pin=0"/></net>

<net id="348"><net_src comp="338" pin="1"/><net_sink comp="342" pin=2"/></net>

<net id="358"><net_src comp="327" pin="1"/><net_sink comp="352" pin=2"/></net>

<net id="368"><net_src comp="362" pin="4"/><net_sink comp="359" pin=0"/></net>

<net id="394"><net_src comp="140" pin="0"/><net_sink comp="378" pin=0"/></net>

<net id="395"><net_src comp="142" pin="0"/><net_sink comp="378" pin=1"/></net>

<net id="396"><net_src comp="10" pin="0"/><net_sink comp="378" pin=6"/></net>

<net id="397"><net_src comp="12" pin="0"/><net_sink comp="378" pin=7"/></net>

<net id="398"><net_src comp="14" pin="0"/><net_sink comp="378" pin=8"/></net>

<net id="399"><net_src comp="16" pin="0"/><net_sink comp="378" pin=9"/></net>

<net id="400"><net_src comp="18" pin="0"/><net_sink comp="378" pin=10"/></net>

<net id="401"><net_src comp="20" pin="0"/><net_sink comp="378" pin=11"/></net>

<net id="402"><net_src comp="22" pin="0"/><net_sink comp="378" pin=12"/></net>

<net id="403"><net_src comp="24" pin="0"/><net_sink comp="378" pin=13"/></net>

<net id="404"><net_src comp="120" pin="0"/><net_sink comp="378" pin=1"/></net>

<net id="405"><net_src comp="146" pin="0"/><net_sink comp="378" pin=2"/></net>

<net id="406"><net_src comp="146" pin="0"/><net_sink comp="378" pin=3"/></net>

<net id="407"><net_src comp="146" pin="0"/><net_sink comp="378" pin=4"/></net>

<net id="408"><net_src comp="152" pin="0"/><net_sink comp="378" pin=5"/></net>

<net id="441"><net_src comp="164" pin="0"/><net_sink comp="409" pin=0"/></net>

<net id="442"><net_src comp="10" pin="0"/><net_sink comp="409" pin=4"/></net>

<net id="443"><net_src comp="12" pin="0"/><net_sink comp="409" pin=5"/></net>

<net id="444"><net_src comp="64" pin="0"/><net_sink comp="409" pin=6"/></net>

<net id="445"><net_src comp="66" pin="0"/><net_sink comp="409" pin=7"/></net>

<net id="446"><net_src comp="68" pin="0"/><net_sink comp="409" pin=8"/></net>

<net id="447"><net_src comp="70" pin="0"/><net_sink comp="409" pin=9"/></net>

<net id="448"><net_src comp="72" pin="0"/><net_sink comp="409" pin=10"/></net>

<net id="449"><net_src comp="74" pin="0"/><net_sink comp="409" pin=11"/></net>

<net id="450"><net_src comp="76" pin="0"/><net_sink comp="409" pin=12"/></net>

<net id="451"><net_src comp="78" pin="0"/><net_sink comp="409" pin=13"/></net>

<net id="452"><net_src comp="80" pin="0"/><net_sink comp="409" pin=14"/></net>

<net id="453"><net_src comp="82" pin="0"/><net_sink comp="409" pin=15"/></net>

<net id="454"><net_src comp="84" pin="0"/><net_sink comp="409" pin=16"/></net>

<net id="455"><net_src comp="86" pin="0"/><net_sink comp="409" pin=17"/></net>

<net id="456"><net_src comp="0" pin="0"/><net_sink comp="409" pin=18"/></net>

<net id="457"><net_src comp="26" pin="0"/><net_sink comp="409" pin=19"/></net>

<net id="458"><net_src comp="36" pin="0"/><net_sink comp="409" pin=20"/></net>

<net id="459"><net_src comp="46" pin="0"/><net_sink comp="409" pin=21"/></net>

<net id="460"><net_src comp="88" pin="0"/><net_sink comp="409" pin=22"/></net>

<net id="461"><net_src comp="90" pin="0"/><net_sink comp="409" pin=23"/></net>

<net id="462"><net_src comp="92" pin="0"/><net_sink comp="409" pin=24"/></net>

<net id="463"><net_src comp="94" pin="0"/><net_sink comp="409" pin=25"/></net>

<net id="464"><net_src comp="96" pin="0"/><net_sink comp="409" pin=26"/></net>

<net id="465"><net_src comp="98" pin="0"/><net_sink comp="409" pin=27"/></net>

<net id="466"><net_src comp="100" pin="0"/><net_sink comp="409" pin=28"/></net>

<net id="467"><net_src comp="102" pin="0"/><net_sink comp="409" pin=29"/></net>

<net id="471"><net_src comp="0" pin="0"/><net_sink comp="468" pin=0"/></net>

<net id="472"><net_src comp="468" pin="1"/><net_sink comp="378" pin=1"/></net>

<net id="476"><net_src comp="2" pin="0"/><net_sink comp="473" pin=0"/></net>

<net id="480"><net_src comp="4" pin="0"/><net_sink comp="477" pin=0"/></net>

<net id="484"><net_src comp="6" pin="0"/><net_sink comp="481" pin=0"/></net>

<net id="488"><net_src comp="8" pin="0"/><net_sink comp="485" pin=0"/></net>

<net id="492"><net_src comp="36" pin="0"/><net_sink comp="489" pin=0"/></net>

<net id="493"><net_src comp="489" pin="1"/><net_sink comp="378" pin=1"/></net>

<net id="497"><net_src comp="38" pin="0"/><net_sink comp="494" pin=0"/></net>

<net id="501"><net_src comp="40" pin="0"/><net_sink comp="498" pin=0"/></net>

<net id="505"><net_src comp="42" pin="0"/><net_sink comp="502" pin=0"/></net>

<net id="509"><net_src comp="44" pin="0"/><net_sink comp="506" pin=0"/></net>

<net id="513"><net_src comp="56" pin="0"/><net_sink comp="510" pin=0"/></net>

<net id="517"><net_src comp="60" pin="0"/><net_sink comp="514" pin=0"/></net>

<net id="521"><net_src comp="110" pin="0"/><net_sink comp="518" pin=0"/></net>

<net id="526"><net_src comp="514" pin="1"/><net_sink comp="522" pin=0"/></net>

<net id="527"><net_src comp="168" pin="0"/><net_sink comp="522" pin=1"/></net>

<net id="531"><net_src comp="62" pin="0"/><net_sink comp="528" pin=0"/></net>

<net id="536"><net_src comp="528" pin="1"/><net_sink comp="532" pin=0"/></net>

<net id="537"><net_src comp="128" pin="0"/><net_sink comp="532" pin=1"/></net>

<net id="542"><net_src comp="120" pin="0"/><net_sink comp="538" pin=0"/></net>

<net id="547"><net_src comp="122" pin="0"/><net_sink comp="543" pin=0"/></net>

<net id="555"><net_src comp="548" pin="1"/><net_sink comp="551" pin=0"/></net>

<net id="556"><net_src comp="124" pin="0"/><net_sink comp="551" pin=1"/></net>

<net id="561"><net_src comp="548" pin="1"/><net_sink comp="557" pin=0"/></net>

<net id="562"><net_src comp="134" pin="0"/><net_sink comp="557" pin=1"/></net>

<net id="566"><net_src comp="473" pin="1"/><net_sink comp="563" pin=0"/></net>

<net id="567"><net_src comp="563" pin="1"/><net_sink comp="378" pin=2"/></net>

<net id="571"><net_src comp="477" pin="1"/><net_sink comp="568" pin=0"/></net>

<net id="572"><net_src comp="568" pin="1"/><net_sink comp="378" pin=3"/></net>

<net id="576"><net_src comp="481" pin="1"/><net_sink comp="573" pin=0"/></net>

<net id="577"><net_src comp="573" pin="1"/><net_sink comp="378" pin=4"/></net>

<net id="581"><net_src comp="485" pin="1"/><net_sink comp="578" pin=0"/></net>

<net id="582"><net_src comp="578" pin="1"/><net_sink comp="378" pin=5"/></net>

<net id="587"><net_src comp="120" pin="0"/><net_sink comp="583" pin=0"/></net>

<net id="588"><net_src comp="0" pin="0"/><net_sink comp="583" pin=1"/></net>

<net id="593"><net_src comp="144" pin="0"/><net_sink comp="589" pin=0"/></net>

<net id="594"><net_src comp="2" pin="0"/><net_sink comp="589" pin=1"/></net>

<net id="599"><net_src comp="120" pin="0"/><net_sink comp="595" pin=0"/></net>

<net id="600"><net_src comp="4" pin="0"/><net_sink comp="595" pin=1"/></net>

<net id="605"><net_src comp="146" pin="0"/><net_sink comp="601" pin=0"/></net>

<net id="606"><net_src comp="26" pin="0"/><net_sink comp="601" pin=1"/></net>

<net id="611"><net_src comp="120" pin="0"/><net_sink comp="607" pin=0"/></net>

<net id="612"><net_src comp="28" pin="0"/><net_sink comp="607" pin=1"/></net>

<net id="617"><net_src comp="148" pin="0"/><net_sink comp="613" pin=0"/></net>

<net id="618"><net_src comp="6" pin="0"/><net_sink comp="613" pin=1"/></net>

<net id="623"><net_src comp="122" pin="0"/><net_sink comp="619" pin=0"/></net>

<net id="624"><net_src comp="8" pin="0"/><net_sink comp="619" pin=1"/></net>

<net id="629"><net_src comp="122" pin="0"/><net_sink comp="625" pin=0"/></net>

<net id="630"><net_src comp="30" pin="0"/><net_sink comp="625" pin=1"/></net>

<net id="635"><net_src comp="120" pin="0"/><net_sink comp="631" pin=0"/></net>

<net id="636"><net_src comp="32" pin="0"/><net_sink comp="631" pin=1"/></net>

<net id="641"><net_src comp="150" pin="0"/><net_sink comp="637" pin=0"/></net>

<net id="642"><net_src comp="34" pin="0"/><net_sink comp="637" pin=1"/></net>

<net id="646"><net_src comp="494" pin="1"/><net_sink comp="643" pin=0"/></net>

<net id="647"><net_src comp="643" pin="1"/><net_sink comp="378" pin=2"/></net>

<net id="651"><net_src comp="498" pin="1"/><net_sink comp="648" pin=0"/></net>

<net id="652"><net_src comp="648" pin="1"/><net_sink comp="378" pin=3"/></net>

<net id="656"><net_src comp="502" pin="1"/><net_sink comp="653" pin=0"/></net>

<net id="657"><net_src comp="653" pin="1"/><net_sink comp="378" pin=4"/></net>

<net id="661"><net_src comp="506" pin="1"/><net_sink comp="658" pin=0"/></net>

<net id="662"><net_src comp="658" pin="1"/><net_sink comp="378" pin=5"/></net>

<net id="667"><net_src comp="120" pin="0"/><net_sink comp="663" pin=0"/></net>

<net id="668"><net_src comp="36" pin="0"/><net_sink comp="663" pin=1"/></net>

<net id="673"><net_src comp="144" pin="0"/><net_sink comp="669" pin=0"/></net>

<net id="674"><net_src comp="38" pin="0"/><net_sink comp="669" pin=1"/></net>

<net id="679"><net_src comp="122" pin="0"/><net_sink comp="675" pin=0"/></net>

<net id="680"><net_src comp="40" pin="0"/><net_sink comp="675" pin=1"/></net>

<net id="685"><net_src comp="146" pin="0"/><net_sink comp="681" pin=0"/></net>

<net id="686"><net_src comp="46" pin="0"/><net_sink comp="681" pin=1"/></net>

<net id="691"><net_src comp="120" pin="0"/><net_sink comp="687" pin=0"/></net>

<net id="692"><net_src comp="48" pin="0"/><net_sink comp="687" pin=1"/></net>

<net id="697"><net_src comp="148" pin="0"/><net_sink comp="693" pin=0"/></net>

<net id="698"><net_src comp="42" pin="0"/><net_sink comp="693" pin=1"/></net>

<net id="703"><net_src comp="122" pin="0"/><net_sink comp="699" pin=0"/></net>

<net id="704"><net_src comp="44" pin="0"/><net_sink comp="699" pin=1"/></net>

<net id="709"><net_src comp="144" pin="0"/><net_sink comp="705" pin=0"/></net>

<net id="710"><net_src comp="50" pin="0"/><net_sink comp="705" pin=1"/></net>

<net id="715"><net_src comp="120" pin="0"/><net_sink comp="711" pin=0"/></net>

<net id="716"><net_src comp="52" pin="0"/><net_sink comp="711" pin=1"/></net>

<net id="721"><net_src comp="150" pin="0"/><net_sink comp="717" pin=0"/></net>

<net id="722"><net_src comp="54" pin="0"/><net_sink comp="717" pin=1"/></net>

<net id="726"><net_src comp="473" pin="1"/><net_sink comp="723" pin=0"/></net>

<net id="727"><net_src comp="723" pin="1"/><net_sink comp="378" pin=2"/></net>

<net id="731"><net_src comp="477" pin="1"/><net_sink comp="728" pin=0"/></net>

<net id="732"><net_src comp="728" pin="1"/><net_sink comp="378" pin=3"/></net>

<net id="736"><net_src comp="481" pin="1"/><net_sink comp="733" pin=0"/></net>

<net id="737"><net_src comp="733" pin="1"/><net_sink comp="378" pin=4"/></net>

<net id="741"><net_src comp="485" pin="1"/><net_sink comp="738" pin=0"/></net>

<net id="742"><net_src comp="738" pin="1"/><net_sink comp="378" pin=5"/></net>

<net id="746"><net_src comp="494" pin="1"/><net_sink comp="743" pin=0"/></net>

<net id="747"><net_src comp="743" pin="1"/><net_sink comp="378" pin=2"/></net>

<net id="751"><net_src comp="498" pin="1"/><net_sink comp="748" pin=0"/></net>

<net id="752"><net_src comp="748" pin="1"/><net_sink comp="378" pin=3"/></net>

<net id="756"><net_src comp="502" pin="1"/><net_sink comp="753" pin=0"/></net>

<net id="757"><net_src comp="753" pin="1"/><net_sink comp="378" pin=4"/></net>

<net id="761"><net_src comp="506" pin="1"/><net_sink comp="758" pin=0"/></net>

<net id="762"><net_src comp="758" pin="1"/><net_sink comp="378" pin=5"/></net>

<net id="766"><net_src comp="28" pin="0"/><net_sink comp="763" pin=0"/></net>

<net id="770"><net_src comp="30" pin="0"/><net_sink comp="767" pin=0"/></net>

<net id="774"><net_src comp="32" pin="0"/><net_sink comp="771" pin=0"/></net>

<net id="778"><net_src comp="34" pin="0"/><net_sink comp="775" pin=0"/></net>

<net id="782"><net_src comp="775" pin="1"/><net_sink comp="779" pin=0"/></net>

<net id="786"><net_src comp="48" pin="0"/><net_sink comp="783" pin=0"/></net>

<net id="790"><net_src comp="50" pin="0"/><net_sink comp="787" pin=0"/></net>

<net id="794"><net_src comp="52" pin="0"/><net_sink comp="791" pin=0"/></net>

<net id="798"><net_src comp="54" pin="0"/><net_sink comp="795" pin=0"/></net>

<net id="802"><net_src comp="795" pin="1"/><net_sink comp="799" pin=0"/></net>

<net id="807"><net_src comp="148" pin="0"/><net_sink comp="803" pin=0"/></net>

<net id="808"><net_src comp="510" pin="1"/><net_sink comp="803" pin=1"/></net>

<net id="812"><net_src comp="803" pin="2"/><net_sink comp="809" pin=0"/></net>

<net id="813"><net_src comp="809" pin="1"/><net_sink comp="291" pin=0"/></net>

<net id="817"><net_src comp="291" pin="4"/><net_sink comp="814" pin=0"/></net>

<net id="821"><net_src comp="56" pin="0"/><net_sink comp="818" pin=0"/></net>

<net id="826"><net_src comp="818" pin="1"/><net_sink comp="822" pin=1"/></net>

<net id="830"><net_src comp="822" pin="2"/><net_sink comp="827" pin=0"/></net>

<net id="835"><net_src comp="142" pin="0"/><net_sink comp="831" pin=1"/></net>

<net id="840"><net_src comp="827" pin="1"/><net_sink comp="836" pin=0"/></net>

<net id="841"><net_src comp="291" pin="4"/><net_sink comp="836" pin=1"/></net>

<net id="846"><net_src comp="836" pin="2"/><net_sink comp="842" pin=0"/></net>

<net id="847"><net_src comp="831" pin="2"/><net_sink comp="842" pin=1"/></net>

<net id="848"><net_src comp="842" pin="2"/><net_sink comp="301" pin=0"/></net>

<net id="854"><net_src comp="842" pin="2"/><net_sink comp="849" pin=0"/></net>

<net id="855"><net_src comp="822" pin="2"/><net_sink comp="849" pin=1"/></net>

<net id="856"><net_src comp="814" pin="1"/><net_sink comp="849" pin=2"/></net>

<net id="860"><net_src comp="849" pin="3"/><net_sink comp="857" pin=0"/></net>

<net id="861"><net_src comp="857" pin="1"/><net_sink comp="311" pin=0"/></net>

<net id="865"><net_src comp="301" pin="4"/><net_sink comp="862" pin=0"/></net>

<net id="866"><net_src comp="862" pin="1"/><net_sink comp="321" pin=2"/></net>

<net id="870"><net_src comp="56" pin="0"/><net_sink comp="867" pin=0"/></net>

<net id="875"><net_src comp="867" pin="1"/><net_sink comp="871" pin=1"/></net>

<net id="879"><net_src comp="871" pin="2"/><net_sink comp="876" pin=0"/></net>

<net id="888"><net_src comp="880" pin="2"/><net_sink comp="884" pin=0"/></net>

<net id="889"><net_src comp="142" pin="0"/><net_sink comp="884" pin=1"/></net>

<net id="894"><net_src comp="876" pin="1"/><net_sink comp="890" pin=0"/></net>

<net id="895"><net_src comp="311" pin="4"/><net_sink comp="890" pin=1"/></net>

<net id="900"><net_src comp="890" pin="2"/><net_sink comp="896" pin=0"/></net>

<net id="901"><net_src comp="884" pin="2"/><net_sink comp="896" pin=1"/></net>

<net id="907"><net_src comp="896" pin="2"/><net_sink comp="902" pin=0"/></net>

<net id="908"><net_src comp="156" pin="0"/><net_sink comp="902" pin=1"/></net>

<net id="909"><net_src comp="862" pin="1"/><net_sink comp="902" pin=2"/></net>

<net id="910"><net_src comp="902" pin="3"/><net_sink comp="321" pin=0"/></net>

<net id="918"><net_src comp="321" pin="4"/><net_sink comp="914" pin=0"/></net>

<net id="919"><net_src comp="122" pin="0"/><net_sink comp="914" pin=1"/></net>

<net id="924"><net_src comp="142" pin="0"/><net_sink comp="920" pin=1"/></net>

<net id="929"><net_src comp="914" pin="2"/><net_sink comp="925" pin=0"/></net>

<net id="930"><net_src comp="920" pin="2"/><net_sink comp="925" pin=1"/></net>

<net id="935"><net_src comp="321" pin="4"/><net_sink comp="931" pin=0"/></net>

<net id="936"><net_src comp="134" pin="0"/><net_sink comp="931" pin=1"/></net>

<net id="941"><net_src comp="142" pin="0"/><net_sink comp="937" pin=1"/></net>

<net id="946"><net_src comp="931" pin="2"/><net_sink comp="942" pin=0"/></net>

<net id="947"><net_src comp="937" pin="2"/><net_sink comp="942" pin=1"/></net>

<net id="952"><net_src comp="158" pin="0"/><net_sink comp="948" pin=1"/></net>

<net id="957"><net_src comp="378" pin="14"/><net_sink comp="953" pin=0"/></net>

<net id="958"><net_src comp="948" pin="2"/><net_sink comp="953" pin=1"/></net>

<net id="963"><net_src comp="942" pin="2"/><net_sink comp="959" pin=0"/></net>

<net id="964"><net_src comp="953" pin="2"/><net_sink comp="959" pin=1"/></net>

<net id="970"><net_src comp="959" pin="2"/><net_sink comp="965" pin=0"/></net>

<net id="971"><net_src comp="791" pin="1"/><net_sink comp="965" pin=1"/></net>

<net id="972"><net_src comp="771" pin="1"/><net_sink comp="965" pin=2"/></net>

<net id="977"><net_src comp="925" pin="2"/><net_sink comp="973" pin=0"/></net>

<net id="978"><net_src comp="942" pin="2"/><net_sink comp="973" pin=1"/></net>

<net id="983"><net_src comp="973" pin="2"/><net_sink comp="979" pin=0"/></net>

<net id="984"><net_src comp="142" pin="0"/><net_sink comp="979" pin=1"/></net>

<net id="989"><net_src comp="953" pin="2"/><net_sink comp="985" pin=0"/></net>

<net id="990"><net_src comp="979" pin="2"/><net_sink comp="985" pin=1"/></net>

<net id="995"><net_src comp="931" pin="2"/><net_sink comp="991" pin=0"/></net>

<net id="996"><net_src comp="142" pin="0"/><net_sink comp="991" pin=1"/></net>

<net id="1001"><net_src comp="158" pin="0"/><net_sink comp="997" pin=1"/></net>

<net id="1006"><net_src comp="991" pin="2"/><net_sink comp="1002" pin=1"/></net>

<net id="1011"><net_src comp="925" pin="2"/><net_sink comp="1007" pin=0"/></net>

<net id="1012"><net_src comp="997" pin="2"/><net_sink comp="1007" pin=1"/></net>

<net id="1017"><net_src comp="1007" pin="2"/><net_sink comp="1013" pin=0"/></net>

<net id="1018"><net_src comp="1002" pin="2"/><net_sink comp="1013" pin=1"/></net>

<net id="1023"><net_src comp="1013" pin="2"/><net_sink comp="1019" pin=0"/></net>

<net id="1024"><net_src comp="142" pin="0"/><net_sink comp="1019" pin=1"/></net>

<net id="1029"><net_src comp="965" pin="3"/><net_sink comp="1025" pin=0"/></net>

<net id="1030"><net_src comp="985" pin="2"/><net_sink comp="1025" pin=1"/></net>

<net id="1035"><net_src comp="925" pin="2"/><net_sink comp="1031" pin=0"/></net>

<net id="1036"><net_src comp="911" pin="1"/><net_sink comp="1031" pin=1"/></net>

<net id="1041"><net_src comp="1031" pin="2"/><net_sink comp="1037" pin=0"/></net>

<net id="1042"><net_src comp="1019" pin="2"/><net_sink comp="1037" pin=1"/></net>

<net id="1047"><net_src comp="1037" pin="2"/><net_sink comp="1043" pin=0"/></net>

<net id="1048"><net_src comp="1025" pin="2"/><net_sink comp="1043" pin=1"/></net>

<net id="1053"><net_src comp="911" pin="1"/><net_sink comp="1049" pin=0"/></net>

<net id="1054"><net_src comp="142" pin="0"/><net_sink comp="1049" pin=1"/></net>

<net id="1059"><net_src comp="771" pin="1"/><net_sink comp="1055" pin=0"/></net>

<net id="1060"><net_src comp="142" pin="0"/><net_sink comp="1055" pin=1"/></net>

<net id="1065"><net_src comp="1055" pin="2"/><net_sink comp="1061" pin=0"/></net>

<net id="1066"><net_src comp="1049" pin="2"/><net_sink comp="1061" pin=1"/></net>

<net id="1071"><net_src comp="1061" pin="2"/><net_sink comp="1067" pin=1"/></net>

<net id="1076"><net_src comp="791" pin="1"/><net_sink comp="1072" pin=0"/></net>

<net id="1077"><net_src comp="142" pin="0"/><net_sink comp="1072" pin=1"/></net>

<net id="1082"><net_src comp="1072" pin="2"/><net_sink comp="1078" pin=0"/></net>

<net id="1083"><net_src comp="1049" pin="2"/><net_sink comp="1078" pin=1"/></net>

<net id="1088"><net_src comp="378" pin="14"/><net_sink comp="1084" pin=0"/></net>

<net id="1089"><net_src comp="1078" pin="2"/><net_sink comp="1084" pin=1"/></net>

<net id="1094"><net_src comp="1084" pin="2"/><net_sink comp="1090" pin=0"/></net>

<net id="1099"><net_src comp="1090" pin="2"/><net_sink comp="1095" pin=0"/></net>

<net id="1100"><net_src comp="1067" pin="2"/><net_sink comp="1095" pin=1"/></net>

<net id="1104"><net_src comp="56" pin="0"/><net_sink comp="1101" pin=0"/></net>

<net id="1109"><net_src comp="148" pin="0"/><net_sink comp="1105" pin=0"/></net>

<net id="1110"><net_src comp="1101" pin="1"/><net_sink comp="1105" pin=1"/></net>

<net id="1114"><net_src comp="1105" pin="2"/><net_sink comp="1111" pin=0"/></net>

<net id="1115"><net_src comp="1111" pin="1"/><net_sink comp="330" pin=0"/></net>

<net id="1119"><net_src comp="330" pin="4"/><net_sink comp="1116" pin=0"/></net>

<net id="1123"><net_src comp="56" pin="0"/><net_sink comp="1120" pin=0"/></net>

<net id="1128"><net_src comp="1120" pin="1"/><net_sink comp="1124" pin=1"/></net>

<net id="1132"><net_src comp="1124" pin="2"/><net_sink comp="1129" pin=0"/></net>

<net id="1137"><net_src comp="1129" pin="1"/><net_sink comp="1133" pin=0"/></net>

<net id="1138"><net_src comp="330" pin="4"/><net_sink comp="1133" pin=1"/></net>

<net id="1143"><net_src comp="1133" pin="2"/><net_sink comp="1139" pin=0"/></net>

<net id="1144"><net_src comp="920" pin="2"/><net_sink comp="1139" pin=1"/></net>

<net id="1150"><net_src comp="1139" pin="2"/><net_sink comp="1145" pin=0"/></net>

<net id="1151"><net_src comp="1124" pin="2"/><net_sink comp="1145" pin=1"/></net>

<net id="1152"><net_src comp="1116" pin="1"/><net_sink comp="1145" pin=2"/></net>

<net id="1156"><net_src comp="1145" pin="3"/><net_sink comp="1153" pin=0"/></net>

<net id="1160"><net_src comp="114" pin="0"/><net_sink comp="1157" pin=0"/></net>

<net id="1165"><net_src comp="514" pin="1"/><net_sink comp="1161" pin=0"/></net>

<net id="1166"><net_src comp="1157" pin="1"/><net_sink comp="1161" pin=1"/></net>

<net id="1171"><net_src comp="514" pin="1"/><net_sink comp="1167" pin=0"/></net>

<net id="1172"><net_src comp="114" pin="0"/><net_sink comp="1167" pin=1"/></net>

<net id="1176"><net_src comp="116" pin="0"/><net_sink comp="1173" pin=0"/></net>

<net id="1181"><net_src comp="518" pin="1"/><net_sink comp="1177" pin=0"/></net>

<net id="1182"><net_src comp="1173" pin="1"/><net_sink comp="1177" pin=1"/></net>

<net id="1187"><net_src comp="518" pin="1"/><net_sink comp="1183" pin=0"/></net>

<net id="1188"><net_src comp="116" pin="0"/><net_sink comp="1183" pin=1"/></net>

<net id="1192"><net_src comp="342" pin="4"/><net_sink comp="1189" pin=0"/></net>

<net id="1193"><net_src comp="1189" pin="1"/><net_sink comp="362" pin=2"/></net>

<net id="1198"><net_src comp="510" pin="1"/><net_sink comp="1194" pin=1"/></net>

<net id="1202"><net_src comp="1194" pin="2"/><net_sink comp="1199" pin=0"/></net>

<net id="1211"><net_src comp="1203" pin="2"/><net_sink comp="1207" pin=0"/></net>

<net id="1212"><net_src comp="142" pin="0"/><net_sink comp="1207" pin=1"/></net>

<net id="1217"><net_src comp="1199" pin="1"/><net_sink comp="1213" pin=0"/></net>

<net id="1218"><net_src comp="352" pin="4"/><net_sink comp="1213" pin=1"/></net>

<net id="1223"><net_src comp="1213" pin="2"/><net_sink comp="1219" pin=0"/></net>

<net id="1224"><net_src comp="1207" pin="2"/><net_sink comp="1219" pin=1"/></net>

<net id="1230"><net_src comp="1219" pin="2"/><net_sink comp="1225" pin=0"/></net>

<net id="1231"><net_src comp="156" pin="0"/><net_sink comp="1225" pin=1"/></net>

<net id="1232"><net_src comp="1189" pin="1"/><net_sink comp="1225" pin=2"/></net>

<net id="1233"><net_src comp="1225" pin="3"/><net_sink comp="362" pin=0"/></net>

<net id="1237"><net_src comp="1234" pin="1"/><net_sink comp="180" pin=2"/></net>

<net id="1242"><net_src comp="200" pin="3"/><net_sink comp="1238" pin=0"/></net>

<net id="1246"><net_src comp="1243" pin="1"/><net_sink comp="206" pin=2"/></net>

<net id="1247"><net_src comp="1243" pin="1"/><net_sink comp="233" pin=2"/></net>

<net id="1252"><net_src comp="166" pin="0"/><net_sink comp="1248" pin=1"/></net>

<net id="1256"><net_src comp="1253" pin="1"/><net_sink comp="220" pin=2"/></net>

<net id="1261"><net_src comp="120" pin="0"/><net_sink comp="1257" pin=0"/></net>

<net id="1262"><net_src comp="0" pin="0"/><net_sink comp="1257" pin=1"/></net>

<net id="1267"><net_src comp="144" pin="0"/><net_sink comp="1263" pin=0"/></net>

<net id="1268"><net_src comp="2" pin="0"/><net_sink comp="1263" pin=1"/></net>

<net id="1273"><net_src comp="120" pin="0"/><net_sink comp="1269" pin=0"/></net>

<net id="1274"><net_src comp="4" pin="0"/><net_sink comp="1269" pin=1"/></net>

<net id="1279"><net_src comp="146" pin="0"/><net_sink comp="1275" pin=0"/></net>

<net id="1280"><net_src comp="26" pin="0"/><net_sink comp="1275" pin=1"/></net>

<net id="1285"><net_src comp="120" pin="0"/><net_sink comp="1281" pin=0"/></net>

<net id="1286"><net_src comp="28" pin="0"/><net_sink comp="1281" pin=1"/></net>

<net id="1291"><net_src comp="148" pin="0"/><net_sink comp="1287" pin=0"/></net>

<net id="1292"><net_src comp="6" pin="0"/><net_sink comp="1287" pin=1"/></net>

<net id="1297"><net_src comp="122" pin="0"/><net_sink comp="1293" pin=0"/></net>

<net id="1298"><net_src comp="8" pin="0"/><net_sink comp="1293" pin=1"/></net>

<net id="1303"><net_src comp="122" pin="0"/><net_sink comp="1299" pin=0"/></net>

<net id="1304"><net_src comp="30" pin="0"/><net_sink comp="1299" pin=1"/></net>

<net id="1309"><net_src comp="120" pin="0"/><net_sink comp="1305" pin=0"/></net>

<net id="1310"><net_src comp="32" pin="0"/><net_sink comp="1305" pin=1"/></net>

<net id="1315"><net_src comp="150" pin="0"/><net_sink comp="1311" pin=0"/></net>

<net id="1316"><net_src comp="34" pin="0"/><net_sink comp="1311" pin=1"/></net>

<net id="1321"><net_src comp="120" pin="0"/><net_sink comp="1317" pin=0"/></net>

<net id="1322"><net_src comp="108" pin="0"/><net_sink comp="1317" pin=1"/></net>

<net id="1327"><net_src comp="200" pin="3"/><net_sink comp="1323" pin=0"/></net>

<net id="1331"><net_src comp="1328" pin="1"/><net_sink comp="247" pin=2"/></net>

<net id="1332"><net_src comp="1328" pin="1"/><net_sink comp="263" pin=2"/></net>

<net id="1337"><net_src comp="166" pin="0"/><net_sink comp="1333" pin=1"/></net>

<net id="1341"><net_src comp="1338" pin="1"/><net_sink comp="255" pin=2"/></net>

<net id="1346"><net_src comp="120" pin="0"/><net_sink comp="1342" pin=0"/></net>

<net id="1347"><net_src comp="36" pin="0"/><net_sink comp="1342" pin=1"/></net>

<net id="1352"><net_src comp="144" pin="0"/><net_sink comp="1348" pin=0"/></net>

<net id="1353"><net_src comp="38" pin="0"/><net_sink comp="1348" pin=1"/></net>

<net id="1358"><net_src comp="122" pin="0"/><net_sink comp="1354" pin=0"/></net>

<net id="1359"><net_src comp="40" pin="0"/><net_sink comp="1354" pin=1"/></net>

<net id="1364"><net_src comp="146" pin="0"/><net_sink comp="1360" pin=0"/></net>

<net id="1365"><net_src comp="46" pin="0"/><net_sink comp="1360" pin=1"/></net>

<net id="1370"><net_src comp="120" pin="0"/><net_sink comp="1366" pin=0"/></net>

<net id="1371"><net_src comp="48" pin="0"/><net_sink comp="1366" pin=1"/></net>

<net id="1376"><net_src comp="148" pin="0"/><net_sink comp="1372" pin=0"/></net>

<net id="1377"><net_src comp="42" pin="0"/><net_sink comp="1372" pin=1"/></net>

<net id="1382"><net_src comp="122" pin="0"/><net_sink comp="1378" pin=0"/></net>

<net id="1383"><net_src comp="44" pin="0"/><net_sink comp="1378" pin=1"/></net>

<net id="1388"><net_src comp="144" pin="0"/><net_sink comp="1384" pin=0"/></net>

<net id="1389"><net_src comp="50" pin="0"/><net_sink comp="1384" pin=1"/></net>

<net id="1394"><net_src comp="120" pin="0"/><net_sink comp="1390" pin=0"/></net>

<net id="1395"><net_src comp="52" pin="0"/><net_sink comp="1390" pin=1"/></net>

<net id="1400"><net_src comp="150" pin="0"/><net_sink comp="1396" pin=0"/></net>

<net id="1401"><net_src comp="54" pin="0"/><net_sink comp="1396" pin=1"/></net>

<net id="1406"><net_src comp="120" pin="0"/><net_sink comp="1402" pin=0"/></net>

<net id="1407"><net_src comp="106" pin="0"/><net_sink comp="1402" pin=1"/></net>

<net id="1412"><net_src comp="522" pin="2"/><net_sink comp="1408" pin=0"/></net>

<net id="1413"><net_src comp="60" pin="0"/><net_sink comp="1408" pin=1"/></net>

<net id="1418"><net_src comp="532" pin="2"/><net_sink comp="1414" pin=0"/></net>

<net id="1419"><net_src comp="62" pin="0"/><net_sink comp="1414" pin=1"/></net>

<net id="1424"><net_src comp="518" pin="1"/><net_sink comp="1420" pin=0"/></net>

<net id="1425"><net_src comp="168" pin="0"/><net_sink comp="1420" pin=1"/></net>

<net id="1430"><net_src comp="1420" pin="2"/><net_sink comp="1426" pin=0"/></net>

<net id="1431"><net_src comp="110" pin="0"/><net_sink comp="1426" pin=1"/></net>

<net id="1435"><net_src comp="112" pin="0"/><net_sink comp="1432" pin=0"/></net>

<net id="1440"><net_src comp="1432" pin="1"/><net_sink comp="1436" pin=0"/></net>

<net id="1441"><net_src comp="128" pin="0"/><net_sink comp="1436" pin=1"/></net>

<net id="1446"><net_src comp="1436" pin="2"/><net_sink comp="1442" pin=0"/></net>

<net id="1447"><net_src comp="112" pin="0"/><net_sink comp="1442" pin=1"/></net>

<net id="1452"><net_src comp="142" pin="0"/><net_sink comp="1448" pin=0"/></net>

<net id="1461"><net_src comp="522" pin="2"/><net_sink comp="1457" pin=0"/></net>

<net id="1462"><net_src comp="60" pin="0"/><net_sink comp="1457" pin=1"/></net>

<net id="1467"><net_src comp="532" pin="2"/><net_sink comp="1463" pin=0"/></net>

<net id="1468"><net_src comp="62" pin="0"/><net_sink comp="1463" pin=1"/></net>

<net id="1473"><net_src comp="120" pin="0"/><net_sink comp="1469" pin=0"/></net>

<net id="1474"><net_src comp="58" pin="0"/><net_sink comp="1469" pin=1"/></net>

<net id="1478"><net_src comp="1475" pin="1"/><net_sink comp="272" pin=2"/></net>

<net id="1482"><net_src comp="172" pin="1"/><net_sink comp="1479" pin=0"/></net>

<net id="1483"><net_src comp="1479" pin="1"/><net_sink comp="543" pin=1"/></net>

<net id="1484"><net_src comp="1479" pin="1"/><net_sink comp="548" pin=0"/></net>

<net id="1485"><net_src comp="1479" pin="1"/><net_sink comp="1453" pin=1"/></net>

<net id="1489"><net_src comp="176" pin="1"/><net_sink comp="1486" pin=0"/></net>

<net id="1490"><net_src comp="1486" pin="1"/><net_sink comp="538" pin=1"/></net>

<net id="1491"><net_src comp="1486" pin="1"/><net_sink comp="911" pin=0"/></net>

<net id="1492"><net_src comp="1486" pin="1"/><net_sink comp="1448" pin=1"/></net>

<net id="1496"><net_src comp="551" pin="2"/><net_sink comp="1493" pin=0"/></net>

<net id="1500"><net_src comp="557" pin="2"/><net_sink comp="1497" pin=0"/></net>

<net id="1501"><net_src comp="1497" pin="1"/><net_sink comp="1453" pin=0"/></net>

<net id="1505"><net_src comp="468" pin="1"/><net_sink comp="1502" pin=0"/></net>

<net id="1509"><net_src comp="563" pin="1"/><net_sink comp="1506" pin=0"/></net>

<net id="1510"><net_src comp="1506" pin="1"/><net_sink comp="378" pin=2"/></net>

<net id="1514"><net_src comp="568" pin="1"/><net_sink comp="1511" pin=0"/></net>

<net id="1515"><net_src comp="1511" pin="1"/><net_sink comp="378" pin=3"/></net>

<net id="1519"><net_src comp="573" pin="1"/><net_sink comp="1516" pin=0"/></net>

<net id="1520"><net_src comp="1516" pin="1"/><net_sink comp="378" pin=4"/></net>

<net id="1524"><net_src comp="578" pin="1"/><net_sink comp="1521" pin=0"/></net>

<net id="1525"><net_src comp="1521" pin="1"/><net_sink comp="378" pin=5"/></net>

<net id="1535"><net_src comp="643" pin="1"/><net_sink comp="1532" pin=0"/></net>

<net id="1536"><net_src comp="1532" pin="1"/><net_sink comp="378" pin=2"/></net>

<net id="1540"><net_src comp="648" pin="1"/><net_sink comp="1537" pin=0"/></net>

<net id="1541"><net_src comp="1537" pin="1"/><net_sink comp="378" pin=3"/></net>

<net id="1545"><net_src comp="653" pin="1"/><net_sink comp="1542" pin=0"/></net>

<net id="1546"><net_src comp="1542" pin="1"/><net_sink comp="378" pin=4"/></net>

<net id="1550"><net_src comp="658" pin="1"/><net_sink comp="1547" pin=0"/></net>

<net id="1551"><net_src comp="1547" pin="1"/><net_sink comp="378" pin=5"/></net>

<net id="1558"><net_src comp="378" pin="14"/><net_sink comp="1555" pin=0"/></net>

<net id="1559"><net_src comp="1555" pin="1"/><net_sink comp="831" pin=0"/></net>

<net id="1560"><net_src comp="1555" pin="1"/><net_sink comp="880" pin=0"/></net>

<net id="1561"><net_src comp="1555" pin="1"/><net_sink comp="920" pin=0"/></net>

<net id="1562"><net_src comp="1555" pin="1"/><net_sink comp="1090" pin=1"/></net>

<net id="1563"><net_src comp="1555" pin="1"/><net_sink comp="1203" pin=0"/></net>

<net id="1567"><net_src comp="468" pin="1"/><net_sink comp="1564" pin=0"/></net>

<net id="1568"><net_src comp="1564" pin="1"/><net_sink comp="378" pin=1"/></net>

<net id="1572"><net_src comp="473" pin="1"/><net_sink comp="1569" pin=0"/></net>

<net id="1573"><net_src comp="1569" pin="1"/><net_sink comp="997" pin=0"/></net>

<net id="1574"><net_src comp="1569" pin="1"/><net_sink comp="1248" pin=0"/></net>

<net id="1578"><net_src comp="723" pin="1"/><net_sink comp="1575" pin=0"/></net>

<net id="1579"><net_src comp="1575" pin="1"/><net_sink comp="378" pin=2"/></net>

<net id="1583"><net_src comp="728" pin="1"/><net_sink comp="1580" pin=0"/></net>

<net id="1584"><net_src comp="1580" pin="1"/><net_sink comp="378" pin=3"/></net>

<net id="1588"><net_src comp="481" pin="1"/><net_sink comp="1585" pin=0"/></net>

<net id="1589"><net_src comp="1585" pin="1"/><net_sink comp="822" pin=0"/></net>

<net id="1590"><net_src comp="1585" pin="1"/><net_sink comp="1124" pin=0"/></net>

<net id="1591"><net_src comp="1585" pin="1"/><net_sink comp="409" pin=2"/></net>

<net id="1592"><net_src comp="1585" pin="1"/><net_sink comp="1234" pin=0"/></net>

<net id="1593"><net_src comp="1585" pin="1"/><net_sink comp="1243" pin=0"/></net>

<net id="1597"><net_src comp="733" pin="1"/><net_sink comp="1594" pin=0"/></net>

<net id="1598"><net_src comp="1594" pin="1"/><net_sink comp="378" pin=4"/></net>

<net id="1602"><net_src comp="485" pin="1"/><net_sink comp="1599" pin=0"/></net>

<net id="1603"><net_src comp="1599" pin="1"/><net_sink comp="409" pin=3"/></net>

<net id="1604"><net_src comp="1599" pin="1"/><net_sink comp="1238" pin=1"/></net>

<net id="1608"><net_src comp="738" pin="1"/><net_sink comp="1605" pin=0"/></net>

<net id="1609"><net_src comp="1605" pin="1"/><net_sink comp="378" pin=5"/></net>

<net id="1613"><net_src comp="378" pin="14"/><net_sink comp="1610" pin=0"/></net>

<net id="1614"><net_src comp="1610" pin="1"/><net_sink comp="880" pin=1"/></net>

<net id="1615"><net_src comp="1610" pin="1"/><net_sink comp="937" pin=0"/></net>

<net id="1616"><net_src comp="1610" pin="1"/><net_sink comp="1002" pin=0"/></net>

<net id="1617"><net_src comp="1610" pin="1"/><net_sink comp="1067" pin=0"/></net>

<net id="1621"><net_src comp="489" pin="1"/><net_sink comp="1618" pin=0"/></net>

<net id="1622"><net_src comp="1618" pin="1"/><net_sink comp="378" pin=1"/></net>

<net id="1626"><net_src comp="494" pin="1"/><net_sink comp="1623" pin=0"/></net>

<net id="1627"><net_src comp="1623" pin="1"/><net_sink comp="948" pin=0"/></net>

<net id="1628"><net_src comp="1623" pin="1"/><net_sink comp="1333" pin=0"/></net>

<net id="1632"><net_src comp="743" pin="1"/><net_sink comp="1629" pin=0"/></net>

<net id="1633"><net_src comp="1629" pin="1"/><net_sink comp="378" pin=2"/></net>

<net id="1637"><net_src comp="748" pin="1"/><net_sink comp="1634" pin=0"/></net>

<net id="1638"><net_src comp="1634" pin="1"/><net_sink comp="378" pin=3"/></net>

<net id="1642"><net_src comp="502" pin="1"/><net_sink comp="1639" pin=0"/></net>

<net id="1643"><net_src comp="1639" pin="1"/><net_sink comp="871" pin=0"/></net>

<net id="1644"><net_src comp="1639" pin="1"/><net_sink comp="1194" pin=0"/></net>

<net id="1645"><net_src comp="1639" pin="1"/><net_sink comp="1328" pin=0"/></net>

<net id="1646"><net_src comp="1639" pin="1"/><net_sink comp="409" pin=2"/></net>

<net id="1647"><net_src comp="1639" pin="1"/><net_sink comp="1475" pin=0"/></net>

<net id="1651"><net_src comp="753" pin="1"/><net_sink comp="1648" pin=0"/></net>

<net id="1652"><net_src comp="1648" pin="1"/><net_sink comp="378" pin=4"/></net>

<net id="1656"><net_src comp="506" pin="1"/><net_sink comp="1653" pin=0"/></net>

<net id="1657"><net_src comp="1653" pin="1"/><net_sink comp="1323" pin=1"/></net>

<net id="1658"><net_src comp="1653" pin="1"/><net_sink comp="409" pin=3"/></net>

<net id="1662"><net_src comp="758" pin="1"/><net_sink comp="1659" pin=0"/></net>

<net id="1663"><net_src comp="1659" pin="1"/><net_sink comp="378" pin=5"/></net>

<net id="1673"><net_src comp="771" pin="1"/><net_sink comp="1670" pin=0"/></net>

<net id="1677"><net_src comp="779" pin="1"/><net_sink comp="1674" pin=0"/></net>

<net id="1678"><net_src comp="1674" pin="1"/><net_sink comp="227" pin=1"/></net>

<net id="1682"><net_src comp="783" pin="1"/><net_sink comp="1679" pin=0"/></net>

<net id="1683"><net_src comp="1679" pin="1"/><net_sink comp="409" pin=1"/></net>

<net id="1690"><net_src comp="791" pin="1"/><net_sink comp="1687" pin=0"/></net>

<net id="1694"><net_src comp="799" pin="1"/><net_sink comp="1691" pin=0"/></net>

<net id="1695"><net_src comp="1691" pin="1"/><net_sink comp="227" pin=1"/></net>

<net id="1705"><net_src comp="1067" pin="2"/><net_sink comp="1702" pin=0"/></net>

<net id="1706"><net_src comp="1702" pin="1"/><net_sink comp="1203" pin=1"/></net>

<net id="1710"><net_src comp="1084" pin="2"/><net_sink comp="1707" pin=0"/></net>

<net id="1714"><net_src comp="1095" pin="2"/><net_sink comp="1711" pin=0"/></net>

<net id="1718"><net_src comp="1139" pin="2"/><net_sink comp="1715" pin=0"/></net>

<net id="1719"><net_src comp="1715" pin="1"/><net_sink comp="342" pin=0"/></net>

<net id="1723"><net_src comp="1153" pin="1"/><net_sink comp="1720" pin=0"/></net>

<net id="1724"><net_src comp="1720" pin="1"/><net_sink comp="352" pin=0"/></net>

<net id="1734"><net_src comp="378" pin="14"/><net_sink comp="1731" pin=0"/></net>

<net id="1738"><net_src comp="1234" pin="1"/><net_sink comp="1735" pin=0"/></net>

<net id="1739"><net_src comp="1735" pin="1"/><net_sink comp="193" pin=2"/></net>

<net id="1743"><net_src comp="180" pin="3"/><net_sink comp="1740" pin=0"/></net>

<net id="1744"><net_src comp="1740" pin="1"/><net_sink comp="187" pin=0"/></net>

<net id="1748"><net_src comp="187" pin="3"/><net_sink comp="1745" pin=0"/></net>

<net id="1752"><net_src comp="193" pin="3"/><net_sink comp="1749" pin=0"/></net>

<net id="1753"><net_src comp="1749" pin="1"/><net_sink comp="200" pin=0"/></net>

<net id="1772"><net_src comp="378" pin="14"/><net_sink comp="1769" pin=0"/></net>

<net id="1776"><net_src comp="1475" pin="1"/><net_sink comp="1773" pin=0"/></net>

<net id="1777"><net_src comp="1773" pin="1"/><net_sink comp="280" pin=2"/></net>

<net id="1781"><net_src comp="272" pin="3"/><net_sink comp="1778" pin=0"/></net>

<net id="1782"><net_src comp="1778" pin="1"/><net_sink comp="187" pin=0"/></net>

<net id="1786"><net_src comp="187" pin="3"/><net_sink comp="1783" pin=0"/></net>

<net id="1790"><net_src comp="280" pin="3"/><net_sink comp="1787" pin=0"/></net>

<net id="1791"><net_src comp="1787" pin="1"/><net_sink comp="200" pin=0"/></net>

</net_list>

</model> 
---------------- Datapath Model END ------------------

* FSMD analyzer results:
  - Output states:
	Port: state_completion_mem_execute_valid | {3 18 }
	Port: state_completion_mem_execute_kind | {3 18 }
	Port: state_completion_mem_execute_source | {3 18 }
	Port: state_completion_mem_execute_uop_queue_rob_idx | {3 18 }
	Port: state_completion_mem_execute_uop_queue_rob_allocation_id | {3 18 }
	Port: state_rob_entries_busy | {18 20 }
	Port: state_rob_entries_memory_completed | {18 }
	Port: state_completion_mem_execute_uop_branch_br_mask | {3 14 15 18 22 23 }
	Port: state_completion_mem_execute_uop_branch_br_tag | {3 18 }
	Port: state_completion_mem_execute_uop_rename_pdst | {3 18 }
	Port: state_completion_mem_execute_writes_prf | {3 18 }
	Port: state_completion_mem_execute_value | {3 18 }
	Port: state_completion_int_execute_valid | {5 18 }
	Port: state_completion_int_execute_kind | {5 18 }
	Port: state_completion_int_execute_source | {5 18 }
	Port: state_completion_int_execute_uop_queue_rob_idx | {5 18 }
	Port: state_completion_int_execute_uop_queue_rob_allocation_id | {5 18 }
	Port: state_completion_int_execute_uop_branch_br_mask | {5 14 15 18 22 23 }
	Port: state_completion_int_execute_uop_branch_br_tag | {5 18 }
	Port: state_completion_int_execute_uop_rename_pdst | {5 18 }
	Port: state_completion_int_execute_writes_prf | {5 18 }
	Port: state_completion_int_execute_value | {5 18 }
	Port: state_completion_wakeup_sent_0 | {20 }
	Port: state_completion_rob_completes_this_cycle | {18 19 }
	Port: state_completion_total_rob_completes | {18 19 }
	Port: state_branch_state_active_mask | {14 15 22 23 }
	Port: state_branch_state_releases | {14 15 22 23 }
	Port: state_decode_dec_uops_branch_br_mask_0 | {14 15 22 23 }
	Port: state_rename_dispatch_packets_uop_branch_br_mask_0 | {14 15 22 23 }
	Port: state_execute_alu_results_uop_branch_br_mask_0 | {14 15 22 23 }
	Port: state_execute_alu_results_uop_branch_br_mask_1 | {14 15 22 23 }
	Port: state_execute_alu_results_uop_branch_br_mask_2 | {14 15 22 23 }
	Port: state_issue_issued_uops_branch_br_mask_0 | {14 15 22 23 }
	Port: state_issue_issued_uops_branch_br_mask_1 | {14 15 22 23 }
	Port: state_issue_issued_uops_branch_br_mask_2 | {14 15 22 23 }
	Port: state_issue_alu_iq_entries_uop_branch_br_mask | {14 15 22 23 }
	Port: state_rob_entries_uop_branch_br_mask | {14 15 22 23 }
	Port: state_completion_wakeups_branch_mask_0 | {14 15 22 23 }
	Port: state_completion_wakeups_branch_mask_1 | {14 15 22 23 }
	Port: state_completion_wakeups_branch_mask_2 | {14 15 22 23 }
	Port: state_completion_bypass_branch_mask_0 | {14 15 22 23 }
	Port: state_completion_bypass_branch_mask_1 | {14 15 22 23 }
	Port: state_completion_bypass_branch_mask_2 | {14 15 22 23 }
	Port: state_lsu_ldq_branch_mask | {14 15 22 23 }
	Port: state_lsu_stq_branch_mask | {14 15 22 23 }
	Port: state_int_rf | {18 }
	Port: state_completion_wakeup_sent_2 | {18 }
	Port: state_completion_wakeup_sent_1 | {18 }
	Port: state_completion_prf_writes_this_cycle | {18 }
	Port: state_completion_total_prf_writes | {18 }
	Port: state_completion_peak_rob_completes | {11 }
	Port: state_completion_peak_prf_writes | {11 }
 - Input state : 
	Port: service_pending : state_completion_mem_execute_valid | {2 8 14 15 22 23 }
	Port: service_pending : state_completion_mem_execute_kind | {2 8 }
	Port: service_pending : state_completion_mem_execute_source | {2 8 }
	Port: service_pending : state_completion_mem_execute_uop_queue_rob_idx | {2 8 }
	Port: service_pending : state_completion_mem_execute_uop_queue_rob_allocation_id | {2 8 }
	Port: service_pending : state_rob_entries_valid | {2 3 4 5 6 7 8 9 10 11 12 13 14 15 16 17 19 21 22 23 24 25 }
	Port: service_pending : state_rob_entries_uop_queue_rob_allocation_id | {2 3 4 5 6 7 8 9 10 11 12 13 14 15 17 18 19 21 22 23 25 }
	Port: service_pending : state_rob_entries_busy | {2 3 4 5 6 7 8 9 10 11 12 13 19 21 }
	Port: service_pending : state_rob_entries_memory_valid | {2 3 4 5 6 7 8 9 10 11 12 13 19 21 }
	Port: service_pending : state_rob_entries_memory_completed | {2 3 4 5 6 7 8 9 10 11 12 13 19 21 }
	Port: service_pending : state_rob_entries_is_load | {2 3 4 5 6 7 8 9 10 11 12 13 19 21 }
	Port: service_pending : state_rob_entries_memory_request_sent | {2 3 4 5 6 7 8 9 10 11 12 13 19 21 }
	Port: service_pending : state_rob_entries_memory_transaction_id | {2 3 4 5 6 7 8 9 10 11 12 13 19 21 }
	Port: service_pending : state_completion_mem_execute_uop_branch_br_mask | {14 15 22 23 }
	Port: service_pending : state_completion_mem_execute_uop_branch_br_tag | {11 }
	Port: service_pending : state_completion_mem_execute_uop_rename_pdst | {11 }
	Port: service_pending : state_completion_mem_execute_writes_prf | {11 }
	Port: service_pending : state_completion_mem_execute_value | {11 }
	Port: service_pending : state_completion_int_execute_valid | {3 10 14 15 22 23 }
	Port: service_pending : state_completion_int_execute_kind | {4 10 }
	Port: service_pending : state_completion_int_execute_source | {4 10 }
	Port: service_pending : state_completion_int_execute_uop_queue_rob_idx | {4 10 }
	Port: service_pending : state_completion_int_execute_uop_queue_rob_allocation_id | {4 10 }
	Port: service_pending : state_completion_int_execute_uop_branch_br_mask | {14 15 22 23 }
	Port: service_pending : state_completion_int_execute_uop_branch_br_tag | {11 }
	Port: service_pending : state_completion_int_execute_uop_rename_pdst | {11 }
	Port: service_pending : state_completion_int_execute_writes_prf | {11 }
	Port: service_pending : state_completion_int_execute_value | {11 }
	Port: service_pending : state_rob_head | {11 12 }
	Port: service_pending : state_completion_rob_completes_this_cycle | {11 18 19 }
	Port: service_pending : state_completion_total_rob_completes | {18 19 }
	Port: service_pending : state_branch_state_active_mask | {14 15 22 23 }
	Port: service_pending : state_branch_state_releases | {14 15 22 23 }
	Port: service_pending : state_decode_dec_uops_branch_br_mask_0 | {14 15 22 23 }
	Port: service_pending : state_rename_dispatch_packets_uop_branch_br_mask_0 | {14 15 22 23 }
	Port: service_pending : state_execute_alu_results_uop_branch_br_mask_0 | {14 15 22 23 }
	Port: service_pending : state_execute_alu_results_uop_branch_br_mask_1 | {14 15 22 23 }
	Port: service_pending : state_execute_alu_results_uop_branch_br_mask_2 | {14 15 22 23 }
	Port: service_pending : state_issue_issued_uops_branch_br_mask_0 | {14 15 22 23 }
	Port: service_pending : state_issue_issued_uops_branch_br_mask_1 | {14 15 22 23 }
	Port: service_pending : state_issue_issued_uops_branch_br_mask_2 | {14 15 22 23 }
	Port: service_pending : state_issue_alu_iq_entries_uop_branch_br_mask | {14 15 22 23 }
	Port: service_pending : state_rob_entries_uop_branch_br_mask | {14 15 22 23 }
	Port: service_pending : state_completion_wakeups_branch_mask_0 | {14 15 22 23 }
	Port: service_pending : state_completion_wakeups_branch_mask_1 | {14 15 22 23 }
	Port: service_pending : state_completion_wakeups_branch_mask_2 | {14 15 22 23 }
	Port: service_pending : state_completion_bypass_branch_mask_0 | {14 15 22 23 }
	Port: service_pending : state_completion_bypass_branch_mask_1 | {14 15 22 23 }
	Port: service_pending : state_completion_bypass_branch_mask_2 | {14 15 22 23 }
	Port: service_pending : state_lsu_ldq_branch_mask | {14 15 22 23 }
	Port: service_pending : state_lsu_stq_branch_mask | {14 15 22 23 }
	Port: service_pending : state_completion_prf_writes_this_cycle | {11 18 }
	Port: service_pending : state_completion_total_prf_writes | {18 }
	Port: service_pending : state_completion_peak_rob_completes | {11 }
	Port: service_pending : state_completion_peak_prf_writes | {11 }
  - Chain level:
	State 1
		store_ln909 : 1
		store_ln909 : 1
	State 2
		icmp_ln909 : 1
		service_2 : 1
		br_ln909 : 2
		br_ln832 : 1
		zext_ln833 : 1
		zext_ln833_1 : 1
		zext_ln833_2 : 1
		zext_ln833_3 : 1
		tmp_1 : 2
	State 3
		br_ln832 : 1
		br_ln835 : 1
	State 4
		zext_ln836 : 1
		zext_ln836_1 : 1
		zext_ln836_2 : 1
		zext_ln836_3 : 1
		tmp_2 : 2
	State 5
		br_ln835 : 1
	State 6
	State 7
	State 8
		zext_ln667 : 1
		zext_ln667_1 : 1
		zext_ln667_2 : 1
		zext_ln667_3 : 1
		mem_any : 2
	State 9
	State 10
		zext_ln668 : 1
		zext_ln668_1 : 1
		zext_ln668_2 : 1
		zext_ln668_3 : 1
		int_any : 2
	State 11
		trunc_ln668 : 1
		trunc_ln853 : 1
		oldest_age : 1
		zext_ln849 : 2
		oldest_age_1 : 3
		trunc_ln849 : 4
		oldest_age_4 : 1
		zext_ln849_1 : 2
		icmp_ln853 : 4
		or_ln853 : 5
		select_ln853 : 5
		zext_ln853 : 6
		oldest : 5
		oldest_age_3 : 7
		zext_ln849_2 : 6
		br_ln858 : 1
		age_1 : 1
		zext_ln859 : 2
		icmp_ln860 : 8
		or_ln860_1 : 9
		select_ln860 : 9
		oldest_1 : 10
		icmp_ln865 : 11
		or_ln865 : 12
		icmp_ln868 : 11
		or_ln868 : 12
		and_ln872 : 1
		and_ln872_1 : 12
		writes_integer : 12
		and_ln868 : 12
		xor_ln872 : 12
		or_ln872 : 12
		xor_ln868_1 : 12
		and_ln869 : 12
		and_ln869_1 : 12
		and_ln869_2 : 12
		xor_ln869 : 12
		and_ln875 : 12
		and_ln875_1 : 12
		and_ln875_2 : 12
		precise_fence : 12
		br_ln876 : 12
		xor_ln881 : 1
		xor_ln882 : 1
		or_ln882 : 1
		mem : 1
		xor_ln883 : 1
		or_ln883 : 1
		integer : 1
		or_ln884 : 1
		selected_valid : 1
		selected_age : 1
		zext_ln886 : 2
		selected_age_1 : 3
		trunc_ln886 : 4
		br_ln891 : 1
		selected_age_4 : 1
		zext_ln886_1 : 2
		icmp_ln893 : 4
		or_ln893 : 5
		select_ln893 : 5
		zext_ln893 : 6
		icmp_ln965 : 1
		br_ln965 : 2
		store_ln966 : 1
		icmp_ln967 : 1
		br_ln967 : 2
		store_ln968 : 1
	State 12
		zext_ln886_2 : 1
		age_3 : 1
		zext_ln899 : 2
		icmp_ln900 : 3
		or_ln900_1 : 4
		select_ln900 : 4
		retval_0_i_ph : 5
		switch_ln922 : 6
	State 13
		br_ln623 : 1
	State 14
	State 15
	State 16
		state_rob_entries_valid_addr : 1
		state_rob_entries_valid_load_1 : 2
	State 17
		br_ln576 : 1
		state_rob_entries_uop_queue_rob_allocation_id_load_1 : 1
	State 18
		icmp_ln577_1 : 1
		br_ln629 : 2
		state_rob_entries_busy_addr : 1
		store_ln640 : 2
		state_int_rf_addr_1 : 1
		store_ln651 : 2
		br_ln654 : 1
		state_rob_entries_memory_completed_addr : 1
		store_ln655 : 2
		icmp_ln577 : 1
		br_ln629 : 2
		state_rob_entries_busy_addr_3 : 1
		store_ln640 : 2
		state_int_rf_addr : 1
		store_ln651 : 2
		br_ln654 : 1
		state_rob_entries_memory_completed_addr_1 : 1
		store_ln655 : 2
		writes_prf_1_ph26 : 1
		add_ln955_1 : 1
		store_ln955 : 2
		add_ln956_1 : 1
		store_ln956 : 2
		br_ln958 : 2
		add_ln960 : 1
		store_ln960 : 2
		add_ln961 : 1
		store_ln961 : 2
	State 19
		br_ln623 : 1
		add_ln955 : 1
		store_ln955 : 2
		add_ln956 : 1
		store_ln956 : 2
	State 20
	State 21
		br_ln623 : 1
	State 22
	State 23
	State 24
		state_rob_entries_valid_addr_3 : 1
		state_rob_entries_valid_load : 2
	State 25
		br_ln576 : 1
		state_rob_entries_uop_queue_rob_allocation_id_load : 1


============================================================
+ Verbose Summary: Datapath Resource usage 
============================================================

* Functional unit list:
|----------|----------------------------------|---------|---------|---------|
| Operation|          Functional Unit         |  Delay  |    FF   |   LUT   |
|----------|----------------------------------|---------|---------|---------|
|   call   |  grp_completion_is_valid_fu_378  |  3.416  |    41   |   225   |
|          | grp_branch_complete_event_fu_409 |  2.989  |   130   |   441   |
|----------|----------------------------------|---------|---------|---------|
|          |            grp_fu_522            |    0    |    0    |    15   |
|          |            grp_fu_532            |    0    |    0    |    71   |
|    add   |         service_2_fu_557         |    0    |    0    |    9    |
|          |         add_ln960_fu_1420        |    0    |    0    |    15   |
|          |         add_ln961_fu_1436        |    0    |    0    |    71   |
|----------|----------------------------------|---------|---------|---------|
|          |         icmp_ln909_fu_551        |    0    |    0    |    8    |
|          |         icmp_ln853_fu_836        |    0    |    0    |    10   |
|          |         icmp_ln860_fu_890        |    0    |    0    |    10   |
|          |         icmp_ln865_fu_914        |    0    |    0    |    8    |
|          |         icmp_ln868_fu_931        |    0    |    0    |    8    |
|          |         icmp_ln872_fu_948        |    0    |    0    |    8    |
|          |         icmp_ln869_fu_997        |    0    |    0    |    8    |
|   icmp   |        icmp_ln893_fu_1133        |    0    |    0    |    10   |
|          |        icmp_ln965_fu_1161        |    0    |    0    |    11   |
|          |        icmp_ln967_fu_1177        |    0    |    0    |    11   |
|          |        icmp_ln900_fu_1213        |    0    |    0    |    10   |
|          |       icmp_ln577_1_fu_1238       |    0    |    0    |    8    |
|          |       icmp_ln648_1_fu_1248       |    0    |    0    |    8    |
|          |        icmp_ln577_fu_1323        |    0    |    0    |    8    |
|          |        icmp_ln648_fu_1333        |    0    |    0    |    8    |
|----------|----------------------------------|---------|---------|---------|
|          |         oldest_age_fu_803        |    0    |    0    |    12   |
|          |        oldest_age_4_fu_822       |    0    |    0    |    12   |
|    sub   |           age_1_fu_871           |    0    |    0    |    12   |
|          |       selected_age_fu_1105       |    0    |    0    |    12   |
|          |      selected_age_4_fu_1124      |    0    |    0    |    12   |
|          |           age_3_fu_1194          |    0    |    0    |    12   |
|----------|----------------------------------|---------|---------|---------|
|          |          or_ln853_fu_842         |    0    |    0    |    2    |
|          |          or_ln860_fu_880         |    0    |    0    |    2    |
|          |         or_ln860_1_fu_896        |    0    |    0    |    2    |
|          |          or_ln865_fu_925         |    0    |    0    |    2    |
|          |          or_ln868_fu_942         |    0    |    0    |    2    |
|          |          or_ln872_fu_985         |    0    |    0    |    2    |
|    or    |         or_ln882_fu_1061         |    0    |    0    |    2    |
|          |         or_ln883_fu_1078         |    0    |    0    |    2    |
|          |         or_ln884_fu_1090         |    0    |    0    |    2    |
|          |      selected_valid_fu_1095      |    0    |    0    |    2    |
|          |         or_ln893_fu_1139         |    0    |    0    |    2    |
|          |         or_ln900_fu_1203         |    0    |    0    |    2    |
|          |        or_ln900_1_fu_1219        |    0    |    0    |    2    |
|----------|----------------------------------|---------|---------|---------|
|          |         and_ln872_fu_953         |    0    |    0    |    2    |
|          |        and_ln872_1_fu_959        |    0    |    0    |    2    |
|          |         and_ln868_fu_973         |    0    |    0    |    2    |
|          |         and_ln869_fu_1002        |    0    |    0    |    2    |
|          |        and_ln869_1_fu_1007       |    0    |    0    |    2    |
|    and   |        and_ln869_2_fu_1013       |    0    |    0    |    2    |
|          |         and_ln875_fu_1025        |    0    |    0    |    2    |
|          |        and_ln875_1_fu_1031       |    0    |    0    |    2    |
|          |        and_ln875_2_fu_1037       |    0    |    0    |    2    |
|          |       precise_fence_fu_1043      |    0    |    0    |    2    |
|          |            mem_fu_1067           |    0    |    0    |    2    |
|          |          integer_fu_1084         |    0    |    0    |    2    |
|----------|----------------------------------|---------|---------|---------|
|          |         xor_ln853_fu_831         |    0    |    0    |    2    |
|          |         xor_ln860_fu_884         |    0    |    0    |    2    |
|          |         xor_ln865_fu_920         |    0    |    0    |    2    |
|          |         xor_ln868_fu_937         |    0    |    0    |    2    |
|          |         xor_ln872_fu_979         |    0    |    0    |    2    |
|    xor   |        xor_ln868_1_fu_991        |    0    |    0    |    2    |
|          |         xor_ln869_fu_1019        |    0    |    0    |    2    |
|          |         xor_ln881_fu_1049        |    0    |    0    |    2    |
|          |         xor_ln882_fu_1055        |    0    |    0    |    2    |
|          |         xor_ln883_fu_1072        |    0    |    0    |    2    |
|          |         xor_ln900_fu_1207        |    0    |    0    |    2    |
|----------|----------------------------------|---------|---------|---------|
|          |        select_ln853_fu_849       |    0    |    0    |    5    |
|          |        select_ln860_fu_902       |    0    |    0    |    2    |
|  select  |       writes_integer_fu_965      |    0    |    0    |    2    |
|          |       select_ln893_fu_1145       |    0    |    0    |    5    |
|          |       select_ln900_fu_1225       |    0    |    0    |    2    |
|----------|----------------------------------|---------|---------|---------|
|          |         zext_ln833_fu_563        |    0    |    0    |    0    |
|          |        zext_ln833_1_fu_568       |    0    |    0    |    0    |
|          |        zext_ln833_2_fu_573       |    0    |    0    |    0    |
|          |        zext_ln833_3_fu_578       |    0    |    0    |    0    |
|          |         zext_ln836_fu_643        |    0    |    0    |    0    |
|          |        zext_ln836_1_fu_648       |    0    |    0    |    0    |
|          |        zext_ln836_2_fu_653       |    0    |    0    |    0    |
|          |        zext_ln836_3_fu_658       |    0    |    0    |    0    |
|          |         zext_ln667_fu_723        |    0    |    0    |    0    |
|          |        zext_ln667_1_fu_728       |    0    |    0    |    0    |
|          |        zext_ln667_2_fu_733       |    0    |    0    |    0    |
|          |        zext_ln667_3_fu_738       |    0    |    0    |    0    |
|          |         zext_ln668_fu_743        |    0    |    0    |    0    |
|          |        zext_ln668_1_fu_748       |    0    |    0    |    0    |
|          |        zext_ln668_2_fu_753       |    0    |    0    |    0    |
|   zext   |        zext_ln668_3_fu_758       |    0    |    0    |    0    |
|          |         zext_ln849_fu_809        |    0    |    0    |    0    |
|          |        zext_ln849_1_fu_827       |    0    |    0    |    0    |
|          |         zext_ln853_fu_857        |    0    |    0    |    0    |
|          |        zext_ln849_2_fu_862       |    0    |    0    |    0    |
|          |         zext_ln859_fu_876        |    0    |    0    |    0    |
|          |        zext_ln886_fu_1111        |    0    |    0    |    0    |
|          |       zext_ln886_1_fu_1129       |    0    |    0    |    0    |
|          |        zext_ln893_fu_1153        |    0    |    0    |    0    |
|          |       zext_ln886_2_fu_1189       |    0    |    0    |    0    |
|          |        zext_ln899_fu_1199        |    0    |    0    |    0    |
|          |       zext_ln576_1_fu_1234       |    0    |    0    |    0    |
|          |       zext_ln638_1_fu_1243       |    0    |    0    |    0    |
|          |       zext_ln651_1_fu_1253       |    0    |    0    |    0    |
|          |        zext_ln638_fu_1328        |    0    |    0    |    0    |
|          |        zext_ln651_fu_1338        |    0    |    0    |    0    |
|          |        zext_ln576_fu_1475        |    0    |    0    |    0    |
|----------|----------------------------------|---------|---------|---------|
|          |        trunc_ln668_fu_779        |    0    |    0    |    0    |
|   trunc  |        trunc_ln853_fu_799        |    0    |    0    |    0    |
|          |        trunc_ln849_fu_814        |    0    |    0    |    0    |
|          |        trunc_ln886_fu_1116       |    0    |    0    |    0    |
|----------|----------------------------------|---------|---------|---------|
|   Total  |                                  |  6.405  |   171   |   1141  |
|----------|----------------------------------|---------|---------|---------|

Memories:
N/A

* Register list:
+----------------------------------------------------------------------+--------+
|                                                                      |   FF   |
+----------------------------------------------------------------------+--------+
|                          icmp_ln909_reg_1493                         |    1   |
|                           index_1_reg_1585                           |    5   |
|                            index_reg_1639                            |    5   |
|                           integer_reg_1707                           |    1   |
|                           load_any_reg_1555                          |    1   |
|                           mem_any_reg_1610                           |    1   |
|                             mem_reg_1702                             |    1   |
|                           oldest_1_reg_318                           |    2   |
|                         oldest_age_1_reg_288                         |    6   |
|                         oldest_age_3_reg_308                         |    6   |
|                            oldest_reg_298                            |    1   |
|                       oldest_writes_2_reg_1670                       |    1   |
|                        oldest_writes_reg_1687                        |    1   |
|                           or_ln893_reg_1715                          |    1   |
|                           prf_used_reg_1486                          |    1   |
|                         retval_0_i_ph_reg_359                        |    2   |
|                        selected_age_1_reg_327                        |    6   |
|                        selected_age_3_reg_349                        |    6   |
|                           selected_reg_338                           |    1   |
|                        selected_valid_reg_1711                       |    1   |
|                          service_2_reg_1497                          |    2   |
|                           service_reg_1479                           |    2   |
|            state_completion_int_execute_kind_load_reg_1623           |    3   |
|     state_completion_int_execute_uop_branch_br_tag_load_reg_1679     |    1   |
|state_completion_int_execute_uop_queue_rob_allocation_id_load_reg_1653|    2   |
|          state_completion_int_execute_valid_load_1_reg_1618          |    1   |
|            state_completion_mem_execute_kind_load_reg_1569           |    3   |
|state_completion_mem_execute_uop_queue_rob_allocation_id_load_reg_1599|    2   |
|          state_completion_mem_execute_valid_load_1_reg_1564          |    1   |
|           state_completion_mem_execute_valid_load_reg_1502           |    1   |
|     state_rob_entries_uop_queue_rob_allocation_id_addr_3_reg_1787    |    5   |
|      state_rob_entries_uop_queue_rob_allocation_id_addr_reg_1749     |    5   |
|                state_rob_entries_valid_addr_3_reg_1778               |    5   |
|                 state_rob_entries_valid_addr_reg_1740                |    5   |
|                state_rob_entries_valid_load_1_reg_1745               |    1   |
|                 state_rob_entries_valid_load_reg_1783                |    1   |
|                            tmp_7_reg_1769                            |    1   |
|                            tmp_9_reg_1731                            |    1   |
|                         trunc_ln668_reg_1674                         |   56   |
|                         trunc_ln853_reg_1691                         |   56   |
|                       writes_prf_1_ph26_reg_369                      |    1   |
|                         zext_ln576_1_reg_1735                        |   64   |
|                          zext_ln576_reg_1773                         |   64   |
|                         zext_ln667_1_reg_1580                        |    8   |
|                         zext_ln667_2_reg_1594                        |    8   |
|                         zext_ln667_3_reg_1605                        |   32   |
|                          zext_ln667_reg_1575                         |    8   |
|                         zext_ln668_1_reg_1634                        |    8   |
|                         zext_ln668_2_reg_1648                        |    8   |
|                         zext_ln668_3_reg_1659                        |   32   |
|                          zext_ln668_reg_1629                         |    8   |
|                         zext_ln833_1_reg_1511                        |    8   |
|                         zext_ln833_2_reg_1516                        |    8   |
|                         zext_ln833_3_reg_1521                        |   32   |
|                          zext_ln833_reg_1506                         |    8   |
|                         zext_ln836_1_reg_1537                        |    8   |
|                         zext_ln836_2_reg_1542                        |    8   |
|                         zext_ln836_3_reg_1547                        |   32   |
|                          zext_ln836_reg_1532                         |    8   |
|                          zext_ln893_reg_1720                         |    6   |
+----------------------------------------------------------------------+--------+
|                                 Total                                |   563  |
+----------------------------------------------------------------------+--------+

* Multiplexer (MUX) list: 
|----------------------------------|------|------|------|--------||---------||---------|
|               Comp               |  Pin | Size |  BW  | S x BW ||  Delay  ||   LUT   |
|----------------------------------|------|------|------|--------||---------||---------|
|         grp_access_fu_187        |  p0  |   4  |   5  |   20   ||    20   |
|         grp_access_fu_200        |  p0  |   4  |   5  |   20   ||    20   |
|         grp_access_fu_213        |  p0  |   3  |   5  |   15   ||    14   |
|         grp_access_fu_227        |  p0  |   2  |   6  |   12   ||    9    |
|         grp_access_fu_227        |  p1  |   2  |  56  |   112  ||    9    |
|         grp_access_fu_240        |  p0  |   2  |   5  |   10   ||    9    |
|  grp_completion_is_valid_fu_378  |  p1  |   6  |   1  |    6   ||    26   |
|  grp_completion_is_valid_fu_378  |  p2  |   9  |   3  |   27   ||    49   |
|  grp_completion_is_valid_fu_378  |  p3  |   9  |   2  |   18   ||    49   |
|  grp_completion_is_valid_fu_378  |  p4  |   9  |   5  |   45   ||    49   |
|  grp_completion_is_valid_fu_378  |  p5  |   9  |   2  |   18   ||    49   |
| grp_branch_complete_event_fu_409 |  p2  |   2  |   5  |   10   ||    9    |
| grp_branch_complete_event_fu_409 |  p3  |   2  |   2  |    4   ||    9    |
|----------------------------------|------|------|------|--------||---------||---------|
|               Total              |      |      |      |   317  ||  7.364  ||   321   |
|----------------------------------|------|------|------|--------||---------||---------|



* Summary:
+-----------+--------+--------+--------+
|           |  Delay |   FF   |   LUT  |
+-----------+--------+--------+--------+
|  Function |    6   |   171  |  1141  |
|   Memory  |    -   |    -   |    -   |
|Multiplexer|    7   |    -   |   321  |
|  Register |    -   |   563  |    -   |
+-----------+--------+--------+--------+
|   Total   |   13   |   734  |  1462  |
+-----------+--------+--------+--------+
