path,bytes,sha256
baseline_manifest.md,2791,765559b07d6699f49bfac59951e0b7a11162d17ae8d878085096dac87c78dbfc
concurrency_metrics.csv,4152,089f75dcf7e902729c63a4a52d6f900ba91ea62fbc2a6dd5eaf2f264c91306d2
critical_path_analysis.md,1067,363f800acaae6e8898136fa464ef00f79b085ebb19d393392a9ebeee077684b7
csynth/boom_core_top/boom_core_top_csynth.rpt,61398,b73c770994ab18585e4f2d83ef35cf56a758654c5012e82af919a508bcb1eb0e
csynth/boom_core_top/boom_core_top_csynth.xml,8154,419d41839b2b1f04bb1831772bd0444f2d92d72d7336cf3f89a5e6aa71f5f27f
csynth/boom_core_top/csynth.log,238671,e2b57b67e6c64735e9efe943bc39695e67ec322e0c18010ab2a374f1659b7c61
csynth/boom_core_top/csynth.time,46,c08c027628859ddd71c934c886f32bd451a367210fa87cb406d4aeef575ccb4f
csynth/boom_core_top/verbose/completion_is_valid.verbose.bind.rpt,54300,2896d4e89f6cc6be674bc371dac6c391bd9abc0c98b94461de18486e9daab0f0
csynth/boom_core_top/verbose/completion_service_cycle.verbose.bind.rpt,510481,804d756985de3ad96bfde0e989bcefc13d06b8052b92e6427eec682d940a076e
csynth/boom_core_top/verbose/completion_service_execute.verbose.bind.rpt,586855,5391985aae8ab7ea852f272a0c5f58f7b903e4afb7d683f284bb1318d4e5388a
csynth/synth_completion_top/csynth.log,57577,c39afd1d6d3ad23f8ea70177bf54e4331b3b7ec30398731c8c9d3265296e68bc
csynth/synth_completion_top/csynth.time,45,a446a1e02567d626fd23f8fe3f1c019308e94914f6bb51322e5666ec4fe560f7
csynth/synth_completion_top/synth_completion_top_csynth.rpt,16623,31cd3dcc61e7cd3a698f1986646461964c5fac022e0c594c960eac78c024b057
csynth/synth_completion_top/synth_completion_top_csynth.xml,4546,d6f34ca54f8a26634291c1e3ee9662f5bef7a346115c4a985d2ed148d7999bb7
csynth/synth_completion_top/verbose/completion_is_valid.verbose.bind.rpt,25746,334bbe3bcde286006a1f7b86bd462430e793836568f7c1a9878c578b78e49fb7
csynth/synth_completion_top/verbose/completion_service_execute.verbose.bind.rpt,162449,3ebec5a8a7b9dea887fa337072f413651f253d972022870a836bd8aacbfa83e6
csynth/synth_core_step_top/csynth.log,228437,73b8b414b2a03c0fc803b8a45eb57b5e3856a206bafec3afaeeae30d8a58555a
csynth/synth_core_step_top/csynth.time,46,8d05d6ac094c759321d92a98d7e2c61f60617a776e6f6e248e0adb46f3533c79
csynth/synth_core_step_top/synth_core_step_top_csynth.rpt,10815,c164dbf1f7780307e8089dbd24497bfe9fa38528b44319339298f8b84a86710d
csynth/synth_core_step_top/synth_core_step_top_csynth.xml,7929,1fe1a3ba9beeaf8f14e530ef9c0ca310c00b3f54d43902599080ffdec6341b0d
csynth/synth_core_step_top/verbose/completion_is_valid.verbose.bind.rpt,54306,a8b61bd178fc5c476a749940413cff4462be117889a5804154566ecedf0e8139
csynth/synth_core_step_top/verbose/completion_service_cycle.verbose.bind.rpt,510494,cab827c8591da3b3dc4108f111881d8e2d48d1cb822dc2c99474f1eec0a9e7db
csynth/synth_core_step_top/verbose/completion_service_execute.verbose.bind.rpt,586861,7d8a8d3b0d09bcd2200ee4b8b61b0400f699d9083143e24fb7e84ad1b4ad1622
csynth/synth_execute_top/csynth.log,17056,99f688d5a3c379cfbdc8ab18d78f4f2f0875cabfe77d52e9f4a1a2613bb4a597
csynth/synth_execute_top/csynth.time,45,cb4b438d4b1a1185343dbebd293e7ab7afba5f6787305faf95528b719b7c6dea
csynth/synth_execute_top/synth_execute_top_csynth.rpt,8544,02c245e4b20f6c720cf40fe74639d92a652f2914d42a07bd1fd2f1a33ba39cdf
csynth/synth_execute_top/synth_execute_top_csynth.xml,4503,f5de89f2d2bb592735c59acd7aa02ee871e3a1d522d763f1f99c00d218362470
csynth/synth_issue_top/csynth.log,59867,3431164ca67dac6157716d3b87bfce20ed13d589e6f1190111812c55607977e4
csynth/synth_issue_top/csynth.time,45,c581f4e74954b0141cf0a807238b175a6e97f49294fd2ed37397db584f620ebc
csynth/synth_issue_top/synth_issue_top_csynth.rpt,70246,a3420aa1522195f72827456b5bf14e112170dba5f43a247ca45120a2366daa56
csynth/synth_issue_top/synth_issue_top_csynth.xml,4504,3a3b7c36b9923fb1492c5d8c5c0c4589670cd340e36759e323ac189da95d1b3f
csynth/synth_lsu_top/csynth.log,67049,fe6457e679061806dcf5b87577ec39aa8be8d8a7c67399472a0ed51193dcbb38
csynth/synth_lsu_top/csynth.time,45,59b35031c1f4a4f907a903bdb7e7fb067717333bcd39bf3f255c1ce1d7d6baa4
csynth/synth_lsu_top/synth_lsu_top_csynth.rpt,17975,73e8bb25d5ea406387d03c48708e99ae4159f48b991ad80792fab008b3cb92d2
csynth/synth_lsu_top/synth_lsu_top_csynth.xml,5972,b9f66350cc4425a5fd0720c397650379267ad54952c0af47c643d4a9690ebbef
csynth/synth_lsu_top/verbose/completion_is_valid.verbose.bind.rpt,25584,d975c1cfd81fabf02368f74e64381cde868d4c528a7e90e65289d6e39b2305e9
csynth/synth_lsu_top/verbose/completion_service_cycle.verbose.bind.rpt,157498,8f4d2ad440d20cac38c228300261a5c7482709920da8b3c263f00b6091879429
csynth/synth_lsu_top/verbose/completion_service_execute.verbose.bind.rpt,93024,2e28a290696e212e577f9f69b983c2459ca49699124359135d8f369af7a8f801
csynth/synth_rob_top/csynth.log,56387,66d6f5e31453593530ceae94afb08618be66e990d3d6b9cb726f49762f04a531
csynth/synth_rob_top/csynth.time,45,df29a1a3d3836457ad4aff8189e92b9b9b55480dd19751027171394865638516
csynth/synth_rob_top/synth_rob_top_csynth.rpt,6578,b8f0252fc1bec4271f91dcd17d3d7ce36b5f11666cdef532f5f17f23ab5bd47b
csynth/synth_rob_top/synth_rob_top_csynth.xml,4224,21e33a60c01990b114554cb3ce68433e19fc92debbfbd3f04d8e9ad82e32a3d1
csynth/w4b/boom_core_top/boom_core_top_csynth.rpt,245144,015d17e3a02a657418089476890ebb419a54a8c8821ea541560d7d464d2bb281
csynth/w4b/boom_core_top/boom_core_top_csynth.xml,11437,7921eec0826d99bdd32532c7f090ae85213bda4ed44c4e4e26fd1722fc47689b
csynth/w4b/boom_core_top/csynth.log,259961,8e4235c594e0f01e81c9fd66c5a3ea5c9d1cfc6c3e18a7f458935b9f570497c4
csynth/w4b/boom_core_top/csynth.time,46,0fca773a69a01e18d55fc3504b0aa2bc96d154ecb1d31addcb86d5c799cee55a
csynth/w4b/boom_core_top/verbose/completion_is_valid.verbose.bind.rpt,91337,ba4c21da21f8224636941e1bf2671aa9981de58189ce36c046f16e1bf38e2607
csynth/w4b/boom_core_top/verbose/completion_service_cycle.verbose.bind.rpt,694785,7b078612babed2d49f631db6f26128dfcf72fba0e258ddb3b664874570319a30
csynth/w4b/boom_core_top/verbose/service_pending.verbose.bind.rpt,1008191,fc8f0fb415d59e141e52541a0c17f2939682b6f3e1b77196cc8439abefd67cc9
csynth/w4b/synth_completion_top/csynth.log,67586,714616d9336bab32a98fb7a840e46b7e9dbb638798c9eb76c9da1eba43a618d2
csynth/w4b/synth_completion_top/csynth.time,45,674fbbcf5a5f7a4d0958598956e2bca7d38f41fc49ec24176cae203428b77571
csynth/w4b/synth_completion_top/synth_completion_top_csynth.rpt,40488,978e6988ff01b1352f5575ea7415eaeb4e807a88911b79173d9cac39e4aabed4
csynth/w4b/synth_completion_top/synth_completion_top_csynth.xml,6683,234b689bc40df68fd9d54bfe69d163639483609f32c8aa2f5cbea4859127310a
csynth/w4b/synth_completion_top/verbose/begin_completion_cycle.verbose.bind.rpt,133158,fc76d421d5c2de5227436e7506341bedde2877455e9db2b1bcf1e437ea62c2a4
csynth/w4b/synth_completion_top/verbose/completion_is_valid.verbose.bind.rpt,85758,5c3aa7c1b523086af28012bcc88c03111bcf59e0ce56874a1b03c860c89d1d1b
csynth/w4b/synth_completion_top/verbose/service_pending.verbose.bind.rpt,328674,080eabd1a209afe5f8bf50e26116c8001ac88d10649652e9610e5a915ce1573c
csynth/w4b/synth_core_step_top/csynth.log,250395,96dcb8e711929e1bda4fd20a950b6ca78b4e48d72751eceb0be9a7fbbbea5731
csynth/w4b/synth_core_step_top/csynth.time,46,8599d5306a9e252774d3937ed1508272b31a61e3895276b76f4bee74f5a8c91c
csynth/w4b/synth_core_step_top/synth_core_step_top_csynth.rpt,238179,3c0306cda891a8f807c6a4dd113ccbae5a99d636137db3e059b5e7ebc6c4a3d7
csynth/w4b/synth_core_step_top/synth_core_step_top_csynth.xml,11259,72c3e958d2a96e42d8ba1dae18ba21e41b782cb3884e890364a12db9b7bb1384
csynth/w4b/synth_core_step_top/verbose/completion_is_valid.verbose.bind.rpt,91343,4879132e6df57ed56e4aaf1b163934af11ead8ec7724cdd121201391293c3f4b
csynth/w4b/synth_core_step_top/verbose/completion_service_cycle.verbose.bind.rpt,694792,a053bf5f558582fd0e548313d265f6b2db6a7c41a888d9bb5448b88b842420b8
csynth/w4b/synth_core_step_top/verbose/service_pending.verbose.bind.rpt,1008197,d9c57132ea070da9b8ca80dd034af277c7d7bcb9c78d0c0d0902f3af5acdf427
csynth/w4b/synth_execute_top/csynth.log,36424,c2644a814c03d31f7b23c493031060c1e63439ae20092c6e9428eee05a3a8f1d
csynth/w4b/synth_execute_top/csynth.time,45,10eef2d0a28f115ebb8bb4d8c4b6d6a157aa2375aa53f5c023cd417429709715
csynth/w4b/synth_execute_top/synth_execute_top_csynth.rpt,12587,16449e08543928c9e7096654fa72b615cd3171dc9bda9c8400e933e74c51dddb
csynth/w4b/synth_execute_top/synth_execute_top_csynth.xml,5136,b35563cd5614e2d1dcea7cde0d86b80dbef46528813c420273cf129730f1653b
csynth/w4b/synth_issue_top/csynth.log,67306,b7b6563b8d02da04f10e5192210e8c289f84f75b116be6cf369038e36839d5a4
csynth/w4b/synth_issue_top/csynth.time,45,23b02d40672355b97efa10345eeff4da3647eacd13df17a915e7dea9fb1e857b
csynth/w4b/synth_issue_top/synth_issue_top_csynth.rpt,79537,33918da71d2b4e7dd5ae72fb5f6bf51ee2031348fd46b957544d849e0a98cdfb
csynth/w4b/synth_issue_top/synth_issue_top_csynth.xml,5643,a788ab142b5ffe05f07ac8b78279f71db92359e011740ca07d0147d5340bf670
csynth/w4b/synth_lsu_top/csynth.log,82642,85df699e07504b3e0e5520d1d2c4850676cae94aacc3df22016621209d6eb7ee
csynth/w4b/synth_lsu_top/csynth.time,46,688a73f63b40a2ded031fa2d3d553648dbd66b84e31659c7c99ae11ea2b179a1
csynth/w4b/synth_lsu_top/synth_lsu_top_csynth.rpt,51669,96682b6ad41b4809dc17f64ceb3deef33469d4d529b33d90a6d2f55e2b0357a4
csynth/w4b/synth_lsu_top/synth_lsu_top_csynth.xml,7860,b841c5e4e6d6e176b01dbf2dc885fb879250b598228dacffac066a5350073e13
csynth/w4b/synth_lsu_top/verbose/completion_is_valid.verbose.bind.rpt,84390,acf97cfb2317eb7abffb9c0b5a00075cf91f067fee8e24dff0db6c641cd24148
csynth/w4b/synth_lsu_top/verbose/completion_service_cycle.verbose.bind.rpt,248806,418ea935b22733505d1e8830b320ee11a7671c9d8fe12956c935ce1f1d4045c7
csynth/w4b/synth_lsu_top/verbose/service_pending.verbose.bind.rpt,392908,2284b94c592505f0bca328fbba73352942b8b3a527ab77f47193825545e13762
csynth/w4b/synth_rob_top/csynth.log,65173,e6b5a43699813a7ff4fff4763ec368dfdf75a2389caa4aa93c378a69aa40ca0d
csynth/w4b/synth_rob_top/csynth.time,45,1070a8c2d97c93130648eb247bf2af78c7c670332a78dcac6e6c24af7df4805e
csynth/w4b/synth_rob_top/synth_rob_top_csynth.rpt,20638,9d9308cb12a6d564027346c43175eb0b71ad88e7c5668ddf6834469f6b08fb28
csynth/w4b/synth_rob_top/synth_rob_top_csynth.xml,6162,38412d3755dc1c642905dd38c2ffa9156aa59facb7dc40365c9d404dfc395ac8
csynth/w4b/synth_rob_top/verbose/completion_is_valid.verbose.bind.rpt,18660,4efa37c89955920db2cbb0fff2edbb2e76c6ca0b6aea4d3fe1e420fa9b3a1f26
csynth/w4b/synth_rob_top/verbose/service_pending.verbose.bind.rpt,85975,a33dceda62cb9d012edb4c645b7d83804bda3491fe76213c484c43cca62ede67
csynth/w4c/boom_core_top/boom_core_top_csynth.rpt,262252,3f49b15c455eb6a174b709645acfe7f7c4e3bc08a5f44fded8358a8d7b2e43a4
csynth/w4c/boom_core_top/boom_core_top_csynth.xml,12403,c31555d1c12a24f8c3fac37cc64d40d0f09017ffaa45537a2dd1a1b89715042d
csynth/w4c/boom_core_top/csynth.log,280015,7c466eaa0e68591bfc161298b9e34a6b5bae38f329562a8a1fbe0f6280e68d76
csynth/w4c/boom_core_top/csynth.time,46,d717845103176d00e027ee1e097a52bcf4d7c511bb8a9eb6c1e3b7827079d5d3
csynth/w4c/boom_core_top/verbose/completion_is_valid.verbose.bind.rpt,90926,71c0efa717536e37872618f0791ac0424f69c1e724ec615c9fa82859f91c39d3
csynth/w4c/boom_core_top/verbose/completion_service_cycle.verbose.bind.rpt,1249376,88914d8e939e36a0907e37afe2415ccf49bd3bc6f1d6f194f26661056ee4a478
csynth/w4c/boom_core_top/verbose/service_pending.verbose.bind.rpt,1029344,a813f7771eedb356c0930497c71032202badab2ae7ecb3b21cd87ed76ec83aa9
csynth/w4c/synth_completion_top/csynth.log,77561,9190f2094406c9b479fd184267ba31aaed9f57e3686a9f9e28946e1cedff87d2
csynth/w4c/synth_completion_top/csynth.time,46,fd27e942bbc238f6c3b733b78a54cb15d0e8c9f4dba45239d123c335be543226
csynth/w4c/synth_completion_top/synth_completion_top_csynth.rpt,45987,6a138781a04fd39c553743b3f28b36ca8590666339307e9ea936ea4bbe2d7267
csynth/w4c/synth_completion_top/synth_completion_top_csynth.xml,7647,b2b6bd43d0e72fc4c681d26787e4160ea38d0f4199193be429da509313ae58c8
csynth/w4c/synth_completion_top/verbose/begin_completion_cycle.verbose.bind.rpt,553080,d38c265f2a3b093e34da937680dd140a2e4c769666b25241acafad01a94755dc
csynth/w4c/synth_completion_top/verbose/completion_is_valid.verbose.bind.rpt,90149,7558cb6e3a263364341f115f425d733cf4083d4b11d3950bc9f513d2fa72e6f6
csynth/w4c/synth_completion_top/verbose/service_pending.verbose.bind.rpt,352054,ddb25cd917d01f91eba9fdd7882e252bb03a0be3badeff226fa51e64abf3ca64
csynth/w4c/synth_core_step_top/csynth.log,270476,e8db24a7451f787e77cbefdaf17d840480d8584f7752c58f4b21ce0ee1c7cce9
csynth/w4c/synth_core_step_top/csynth.time,46,847d78c97e178d0782b0874b24f7df87ad0b614fe5c5fb71b26ecd51ca7eb992
csynth/w4c/synth_core_step_top/synth_core_step_top_csynth.rpt,254052,85365e8712516f172fbd3bbabcb4a2f644e7eeebbe2138d3be2d109a7313f987
csynth/w4c/synth_core_step_top/synth_core_step_top_csynth.xml,12224,396b53af7ad09081bf3e20001130daae58aa120cb2ff8be348dc2945ecadeaca
csynth/w4c/synth_core_step_top/verbose/completion_is_valid.verbose.bind.rpt,90932,340661464c8b5fd756256cf1ef24d7edddc901baf6748a6e6efd976ad00c6093
csynth/w4c/synth_core_step_top/verbose/completion_service_cycle.verbose.bind.rpt,1249388,538499889651cb1f4d858781f0bfdf3e7aa173424852bd606994dcf63e611d1d
csynth/w4c/synth_core_step_top/verbose/service_pending.verbose.bind.rpt,1029347,581f6f391fe6dfafab0eaa0eacbd279750a4aae0804bd63e09faece72bf88250
csynth/w4c/synth_execute_top/csynth.log,39614,121266e7fa460d2f18d34031f290da664dd618ac5fe764cf1e2e5c168ca24bcf
csynth/w4c/synth_execute_top/csynth.time,45,a765a3ea6b14a2061c59e70bee31d70afb64e5137a34da6e7900d9f5097822f7
csynth/w4c/synth_execute_top/synth_execute_top_csynth.rpt,14078,2a4226dd3c7580ddf923931e6c449bd918763718ab0d05beaae59afdb29b0405
csynth/w4c/synth_execute_top/synth_execute_top_csynth.xml,5340,dd8e3e33ef0b8573f59f5cdf2c10d9c047cb09a0bc4737b699e34ba7d45969e9
csynth/w4c/synth_issue_top/csynth.log,73167,22adb5384a7fe16d8fe1f82e95861a61c9f19002707e55f0f644bd7ac152bf1e
csynth/w4c/synth_issue_top/csynth.time,45,0bcf329c0f96b67f324102e5bc8a808a2645a929750887e52221deff6589d863
csynth/w4c/synth_issue_top/synth_issue_top_csynth.rpt,80206,ba6e5a13c51b7f34e5240ba822e58b7bfc31f1315fc43636a012eccac687e53e
csynth/w4c/synth_issue_top/synth_issue_top_csynth.xml,5847,19a184a8bbf83b8527fe2264885ab53ad5a98d87ab787dbaf3caea758fa6c052
csynth/w4c/synth_lsu_top/csynth.log,92637,c238992c66287d1ab70532b8c9fa19c75296c5ac74469678652a5445dc78410a
csynth/w4c/synth_lsu_top/csynth.time,46,fa9711ea0c8b0f7f35ee31cadecf6379d4d9d20166889a5665124529d6492283
csynth/w4c/synth_lsu_top/synth_lsu_top_csynth.rpt,58858,2a09566b6208a7d0698638527983491988d992c0ffe1b4df4792806b44e63c8a
csynth/w4c/synth_lsu_top/synth_lsu_top_csynth.xml,8826,7ad102f23730cb2fde95223bdf39539a35750b8e329f3d621c177c47403cd216
csynth/w4c/synth_lsu_top/verbose/completion_is_valid.verbose.bind.rpt,87613,b4aea6f04911564e9b55ef17355570953845236ea748b244d7bac8f8063a2377
csynth/w4c/synth_lsu_top/verbose/completion_service_cycle.verbose.bind.rpt,723941,d1dafc31ab4197f301ae9382e72a27a34cea0d8042b54c6b4a73b8ab9d0e86c3
csynth/w4c/synth_lsu_top/verbose/service_pending.verbose.bind.rpt,406455,84d7ee5747039b965a9b73e2d5f85e9353dbf7c64a3b6ff04485022e1cc367f0
csynth/w4c/synth_rob_top/csynth.log,75150,92877cd03a61ff08be0d0ebdf2b1a3fcb58ea112aa713f5d6a1b44460d18552e
csynth/w4c/synth_rob_top/csynth.time,45,64de7f71be9b988752149e873d1b47799a516e9c2a4f2e6f5290992039500f32
csynth/w4c/synth_rob_top/synth_rob_top_csynth.rpt,26367,ab0ebbd54567563d23836d34e48b5b7b72e4f86ff0a0ed67850018b5cad13136
csynth/w4c/synth_rob_top/synth_rob_top_csynth.xml,7126,7fbc33705d75a1f8e91b3ed7bcbcfc50b87d0e0c83f51f6655c61560de32341e
csynth/w4c/synth_rob_top/verbose/begin_completion_cycle.verbose.bind.rpt,265538,3c05175e380d8e7ee013c02141ed12d90b2c965730aa89f2a6f3a57a70ec3ae1
csynth/w4c/synth_rob_top/verbose/completion_is_valid.verbose.bind.rpt,18660,419981335c9ceea6b2f10552e9dc354c5fb99dd79b845a2b4191fd8008987ff6
csynth/w4c/synth_rob_top/verbose/service_pending.verbose.bind.rpt,89971,2f1794dec80ad7412b46c2ceffc815a1d557c5490943bc9082c765110bc5e99b
csynth/w4d/boom_core_top/boom_core_top_csynth.rpt,280144,ec69b18f68a94232c8c7572015e9e5ad36672f202bf63f465c3ebee78226910a
csynth/w4d/boom_core_top/boom_core_top_csynth.xml,12791,b3d4538bf548497b9b6302d9cb1eaf0fb0a475f28ae79d60e073741105089747
csynth/w4d/boom_core_top/csynth.log,314293,adab8e1a1c08f98782104424cda6d19cb2c9ff11aed4b061b126832aa0056ff2
csynth/w4d/boom_core_top/csynth.time,46,105b1912f428b59a9465403c030ebf7e1f4498a06d4b32f07073cc8c46e9cc04
csynth/w4d/boom_core_top/verbose/completion_is_valid.verbose.bind.rpt,90926,7ca6b6a1b3dd72ab8ae8e75c659f2ceec4df62e7ad770849a9dd06599a18fedf
csynth/w4d/boom_core_top/verbose/completion_service_cycle.verbose.bind.rpt,2175198,d615b327da3f87956cb42956b2f8275d2bcee91399d618683de37977ee4be6c7
csynth/w4d/boom_core_top/verbose/service_pending.verbose.bind.rpt,990425,2f348c72a094df67b4e1f42d133ce76e63e322008a1d79e9475dfce767d73f00
csynth/w4d/synth_completion_top/csynth.log,142834,84ef2e28ba5895c616f1fc26d8c6daeb83b583f5fc43b159471cef16d25a344f
csynth/w4d/synth_completion_top/csynth.time,46,e885d937fdb8519d42ada62326bf56b5d7e1e25055a2c7352630c26f88c086b4
csynth/w4d/synth_completion_top/synth_completion_top_csynth.rpt,141335,78be68f4bf8e261267765e68b1cdb05bef6fc37e9821ce9a2ccf78d8f794b135
csynth/w4d/synth_completion_top/synth_completion_top_csynth.xml,9049,80b9eeb00b2ce52fc35c0a1e67d6e09b026feba11913720fa4f678af56cbde02
csynth/w4d/synth_completion_top/verbose/begin_completion_cycle.verbose.bind.rpt,1360776,956218189d1c5fe357b33d2a532178dc858fea57d65272d64e513941d5a2a144
csynth/w4d/synth_completion_top/verbose/completion_is_valid.verbose.bind.rpt,92333,0164c0ae7b4c033b1e2df1dae083f19b580a96304b69fd208605f946da2a524c
csynth/w4d/synth_completion_top/verbose/service_pending.verbose.bind.rpt,560584,ffe28461b67b5fc779f0b1d86a59d7742c2b982957d18cfbb10d654698a8c2f3
csynth/w4d/synth_core_step_top/csynth.log,304464,5cfdaefb95850c775f2e325f35d2f67a11db2f7d961feeb759dc3e54d2f43a29
csynth/w4d/synth_core_step_top/csynth.time,46,1e933a13898e9199af1c1b5eed8db965c5494d1ca0d0b20ed1240924334cca4c
csynth/w4d/synth_core_step_top/synth_core_step_top_csynth.rpt,264201,623240b3f6d0f6e3add217d1426cd6dff1b28d9c6a43df981c89d343a5c638f6
csynth/w4d/synth_core_step_top/synth_core_step_top_csynth.xml,12607,92fa189967c50f48b4b41ea90368d75196d38f2e639404d20960fead4bb10cfb
csynth/w4d/synth_core_step_top/verbose/completion_is_valid.verbose.bind.rpt,90932,0e39474376104a5e03645ce4997343cef8cae6b880b09fc401a160b006105cf9
csynth/w4d/synth_core_step_top/verbose/completion_service_cycle.verbose.bind.rpt,2175383,d070620bc6794fab363a97399b5e40d8d3ee6ebb0f4ab414ac82a7372e7903ae
csynth/w4d/synth_core_step_top/verbose/service_pending.verbose.bind.rpt,990466,062ea30bfaa53183269472d08ed3d7920e67945a136d1527abf88cb0721558be
csynth/w4d/synth_execute_top/csynth.log,40596,6a3304285ef3264ead69c057c02c965ed82049f3a13519cc15ec49222f81e9ee
csynth/w4d/synth_execute_top/csynth.time,45,2656a18f0d5221a55c7562e211fe463ac400d30fa62ea6ce0118aadeada6f1b9
csynth/w4d/synth_execute_top/synth_execute_top_csynth.rpt,14078,928cd93e111cc17721f7cc23922425d9ee2e4c13f5f19719f08ca1d96fa2572f
csynth/w4d/synth_execute_top/synth_execute_top_csynth.xml,5340,a1d95a393b40ba1835ecef4e524dce3a9971b08ab9dcc4ee50c5e2c51aa48fe3
csynth/w4d/synth_issue_top/csynth.log,74156,e7211115a034a76e929fd6510c4c453e3ec895bff7cde3fe3d6628ba0584c768
csynth/w4d/synth_issue_top/csynth.time,45,969a78caa0d6e057420d0f87f2800c308048bd0cdfca5375c5b5071bde92313e
csynth/w4d/synth_issue_top/synth_issue_top_csynth.rpt,80206,648ed552aa42815c0cc0ae61955467643492e330f443fb56bd971826bf1faa88
csynth/w4d/synth_issue_top/synth_issue_top_csynth.xml,5847,04f75865f4c1b5894adb7fbe72f904f81f164df1e996d77533f2916a08a9d3bd
csynth/w4d/synth_lsu_top/csynth.log,156956,1654566590c4fac9696b41144f3196a03c895c07fe72c1416edcebbe783e8f82
csynth/w4d/synth_lsu_top/csynth.time,46,591b087a0d679182f62151b3b90de64c544977d3d63a1c8aa2a22b5ef0c4696a
csynth/w4d/synth_lsu_top/synth_lsu_top_csynth.rpt,147306,b9eaf32e2ef37511b7cd12cf5ae705df7df7e091908589d06df3b76b521340ac
csynth/w4d/synth_lsu_top/synth_lsu_top_csynth.xml,10427,6b7e23927e5c9a6be99c3ec29ebd64fd7ee3cef42852fc73abbaf993e31d2cbc
csynth/w4d/synth_lsu_top/verbose/completion_is_valid.verbose.bind.rpt,91626,968e2277513d096be4a70c28f336b8efacc8fa741e4df971b8560c80a7860685
csynth/w4d/synth_lsu_top/verbose/completion_service_cycle.verbose.bind.rpt,1591155,46211953b9ec2b442121426aa85d207988592b873c02047699e4428b19134862
csynth/w4d/synth_lsu_top/verbose/service_pending.verbose.bind.rpt,779612,926f2e17d0ca76bd2578874b050beedd8d4acfec623bf133e4a25d4bad0ab14e
csynth/w4d/synth_rob_top/csynth.log,145145,e24f0a0750f9bfcc6a36cc6c39d7adaa0886663f29591d2ef5c2c7e500712f26
csynth/w4d/synth_rob_top/csynth.time,46,602f908ab85a88a25b1b49298fd0b22ffa02789b20120fa4606121a71bd04540
csynth/w4d/synth_rob_top/synth_rob_top_csynth.rpt,125591,b32a2d87af172ed52ef63d5182212494b6f0ba2af29dac973cd648517738b09b
csynth/w4d/synth_rob_top/synth_rob_top_csynth.xml,8732,c88081d39938bdf3a3e65f79b4a1386440a646610f67ce711b0aec4495844eb8
csynth/w4d/synth_rob_top/verbose/begin_completion_cycle.verbose.bind.rpt,564709,985aedeb58938a292f5857c9198fc9be0347f8c6888d3fad252be2e0907f6e23
csynth/w4d/synth_rob_top/verbose/completion_is_valid.verbose.bind.rpt,22350,9fc4de920c5ade2b2d3d39d040337b734727f90473aa2b331275b5fde6391e14
csynth/w4d/synth_rob_top/verbose/service_pending.verbose.bind.rpt,262928,3b846904f8707e313c6bdb042b01ecf0d15df3cb9bfb452a066654df707f7260
csynth/w4d_oracle/synth_w4d_oracle_top/csynth.log,151587,836e9b696996c0df98bdfa6212f77c84540e3623a4043a64547303be3e5e335a
csynth/w4d_oracle/synth_w4d_oracle_top/csynth.time,46,b5d84ae1e626c8f4589169c1902060c7fa1863d9db9c4f1fd92f26b6784cc8ed
csynth/w4d_oracle/synth_w4d_oracle_top/synth_w4d_oracle_top_csynth.rpt,154067,e6ecf920c2594c1d00c7da9eee7a185f6a8ab432dfc1f978ff19fde6d97004fd
csynth/w4d_oracle/synth_w4d_oracle_top/synth_w4d_oracle_top_csynth.xml,7592,85313a0dea211e971681442ab591815e0713da355a2c7ccb897f0a19e7353475
csynth/w4d_oracle/synth_w4d_oracle_top/verbose/begin_completion_cycle.verbose.bind.rpt,1449940,88105d3fd97552897b3157f8347560351c2bec3564ede8c35aa84f018199fa7d
csynth/w4d_oracle/synth_w4d_oracle_top/verbose/completion_is_valid.verbose.bind.rpt,92349,b21f1930d0aef53e512402805496af59d6938b8c0f6234281bd494a671c3c9ad
csynth/w4d_oracle/synth_w4d_oracle_top/verbose/service_pending.verbose.bind.rpt,638392,df321831bafa6c896a425265d6e969423368ce2a618436d94d7e9b00b9049a53
csynth/w4d_probe/synth_completion_top/csynth.log,90291,8ce62e2e9bd48e7ad8bae4c96061e84fac4aae43f3fdc6290d51224e138c2f5f
csynth/w4d_probe/synth_completion_top/csynth.time,45,61b6530de87c72d65f9b38934adfe4076d1acfe54b9bdc9e5334bbd90e72adfb
csynth/w4d_probe/synth_completion_top/synth_completion_top_csynth.rpt,49493,e2d7f425f5a041877f19c5e241940f0d183fa80b6c37f5fe1d85815ac9963789
csynth/w4d_probe/synth_completion_top/synth_completion_top_csynth.xml,8030,a4b2de25941d1776177538ce7d77654b6649828f94274964222a3cc89a3ea0c6
csynth/w4d_probe/synth_completion_top/verbose/begin_completion_cycle.verbose.bind.rpt,502049,9f829c98134bac0546d3d4fd926de809b0e512bf3afbc147e8d0be763145861f
csynth/w4d_probe/synth_completion_top/verbose/completion_is_valid.verbose.bind.rpt,90155,fc69f2b627b1c2fb791a13edd190e2ab1c234a6a4724864995a4aa00e7add7c4
csynth/w4d_probe/synth_completion_top/verbose/service_pending.verbose.bind.rpt,510509,db268a6a2b2b56a47ff1f45db1d79dd77254823660a465f42faa175198c47343
csynth/w4d_probe2/synth_completion_top/csynth.log,90302,030490efdb681209d5e5e33a5e5428bbfc7da245faebbb81a08bafbe9a4ee399
csynth/w4d_probe2/synth_completion_top/csynth.time,45,8d43ad3c6f9c04b12f753c245b6d3951f5bd148bb4a6e89d6d36ab3f7958bc3d
csynth/w4d_probe2/synth_completion_top/synth_completion_top_csynth.rpt,49494,45e4be89cac13a71263afc240f66c1a83fa3ea7e8a3798a0954f608a10eb6175
csynth/w4d_probe2/synth_completion_top/synth_completion_top_csynth.xml,8030,a4b2de25941d1776177538ce7d77654b6649828f94274964222a3cc89a3ea0c6
csynth/w4d_probe2/synth_completion_top/verbose/begin_completion_cycle.verbose.bind.rpt,502050,0c46ddcb09c76dcca4153b1e94870c5d62230be79a7ea269ee6f75b2b20db3e4
csynth/w4d_probe2/synth_completion_top/verbose/completion_is_valid.verbose.bind.rpt,90156,81f0ab224014eab00d95c3689a41f971c14cc76dadc28cbf72e76b8a934b524e
csynth/w4d_probe2/synth_completion_top/verbose/service_pending.verbose.bind.rpt,510532,9bd4c8f7da562c2fc879a88dd651366db356750de622236991c30da0d6ee9a8e
csynth/w4d_probe3/synth_completion_top/csynth.log,96978,2434ce6e36db9bc91ddaf74084b270cacf85a5a3f880b97451271b3a45313848
csynth/w4d_probe3/synth_completion_top/csynth.time,46,02691acacac4cdc67191c61f05fbcfca8ae9bf7f4989a0ee7e15de5489c9a880
csynth/w4d_probe3/synth_completion_top/synth_completion_top_csynth.rpt,49513,e1e2fd1dce740ebb0f34b674fc5dcd8f1650cfee8f18ad7a840a9d8b471f0286
csynth/w4d_probe3/synth_completion_top/synth_completion_top_csynth.xml,8033,07ed894e8806e368eee42061d7eabece1d1e9d76a6141e8e7564d5be1c8b544f
csynth/w4d_probe3/synth_completion_top/verbose/begin_completion_cycle.verbose.bind.rpt,502119,a0bd7b9f3d3af4128ef3bf25a2d5a5b7ab415a6d1481596576b0898cfa89aeab
csynth/w4d_probe3/synth_completion_top/verbose/completion_is_valid.verbose.bind.rpt,90156,072bbc3adcf88d1152747c285797960ea0ecc451986b4e4f4813f3ff8831d74c
csynth/w4d_probe3/synth_completion_top/verbose/service_pending.verbose.bind.rpt,1442477,dac1ca3708f8ab824d54110e7aa06360752316a1361c41f4802a72fbe8e7e8af
csynth/w4d_probe4/synth_completion_top/csynth.log,90297,ad57457824f4e166945a0707767775a3883aaa37dc5dfb29040c5a13cd94589e
csynth/w4d_probe4/synth_completion_top/csynth.time,45,0462b88d6d46bc97b7696d619711bec6f7244c4997b018560e3795b96975c12e
csynth/w4d_probe4/synth_completion_top/synth_completion_top_csynth.rpt,49494,68e6184a32382f9b06fd6bdff51eb7c25c242534d49574cb8f2c655561064c7c
csynth/w4d_probe4/synth_completion_top/synth_completion_top_csynth.xml,8030,afb077777703c93ba3c6dbbd27d139ccb1bb5a1e72858d46423d8ccfce613357
csynth/w4d_probe4/synth_completion_top/verbose/begin_completion_cycle.verbose.bind.rpt,502057,98b2e00156363858290cc1845020882e1658cc14cea5031c99e0c8986fb651dd
csynth/w4d_probe4/synth_completion_top/verbose/completion_is_valid.verbose.bind.rpt,90156,a5e40d52002f73f67c914f2eceb4003147b1bdf03c72398b6654d81e4364b56c
csynth/w4d_probe4/synth_completion_top/verbose/service_pending.verbose.bind.rpt,510539,ca97c4b2c9a6026e57c54493bc493040209d5f1ac863a295f8bdb8828186da2d
csynth/w4d_probe5/synth_completion_top/csynth.log,92810,5893fc8cf335e6e91ef6adbd9081e9219d5b2065a75fbd6a0e91000e8a073e17
csynth/w4d_probe5/synth_completion_top/csynth.time,45,1f5a3af93ac8073fe4d192df837416c0eab4dd82bb7c73a7c616703777b5ef00
csynth/w4d_probe5/synth_completion_top/synth_completion_top_csynth.rpt,49494,7ae12c652617f0c5d16f17cf2e80d66970d590119e39890645c656be626c2f65
csynth/w4d_probe5/synth_completion_top/synth_completion_top_csynth.xml,8030,63c5d7a499a46b1ddde07abbfbd9886baed2e59ec3632d3c5fb52d0f97878039
csynth/w4d_probe5/synth_completion_top/verbose/begin_completion_cycle.verbose.bind.rpt,502072,2ce181d38eed1b0ed41d7b2f22c2f6736f723dea5aa1b539845ee0ba0c2b35bb
csynth/w4d_probe5/synth_completion_top/verbose/completion_is_valid.verbose.bind.rpt,90156,4ec81ee159026d2d60ad5c92d03c35df3242eee213e113abf1dbffe15a711603
csynth/w4d_probe5/synth_completion_top/verbose/service_pending.verbose.bind.rpt,496642,77b95f585b9cad23d19b214c62b50ae799f5b26dc8d4c1a870f19fde828eb48c
csynth/w4d_probe6/synth_completion_top/csynth.log,92211,bf7e9e66e9900f6fa3cca5c36aa3d62bc30e81956bc2785dba7cf896f928c949
csynth/w4d_probe6/synth_completion_top/csynth.time,46,8cb13bf962509d5281a681fd8e64768b7142f8f6ec7917a10b46d720cf5e129e
csynth/w4d_probe6/synth_completion_top/synth_completion_top_csynth.rpt,49797,e48529aa7bf2305303142a0778d41f1dff0ba5127fdeb127842367cf289a9dde
csynth/w4d_probe6/synth_completion_top/synth_completion_top_csynth.xml,8030,c000032ce65965cd66f68c9bc1adc001c9aee28f50343bafcb012c825a5997a0
csynth/w4d_probe6/synth_completion_top/verbose/begin_completion_cycle.verbose.bind.rpt,502072,06e34a28429749f8c30eb48dd6f6300c815573bfa92df6774c1cb233986dd709
csynth/w4d_probe6/synth_completion_top/verbose/completion_is_valid.verbose.bind.rpt,90156,108de76b36e84157c07ed106a42b14e7bda2095b6ea62dea5bf95ea3c412310f
csynth/w4d_probe6/synth_completion_top/verbose/service_pending.verbose.bind.rpt,499981,c9f3bec12e290c73eae928661e1eeb8147d92c427b4bc8a67776827413f55be3
csynth/w4e_inline_probe/synth_completion_top/csynth.log,141205,6ef71fb139d9e91401649476f51e092bd09c2995a339361174e471cb9e75468b
csynth/w4e_inline_probe/synth_completion_top/csynth.time,46,f6e4d3311761659258002ff50a18c52906851c07fad1a3f511b53151d1a6212d
csynth/w4e_inline_probe/synth_completion_top/synth_completion_top_csynth.rpt,141024,8f85e845d13ed12d76aca42b047345f7755b9358f9c142ec67deb002dd9ed85e
csynth/w4e_inline_probe/synth_completion_top/synth_completion_top_csynth.xml,9049,35b3ef4bbcb0c8c08f27abe9f119e1e0316e83aa00a9774a2551d7722e4b7989
csynth/w4e_inline_probe/synth_completion_top/verbose/begin_completion_cycle.verbose.bind.rpt,1360789,c0c4b8997b6f6a3e72a3e733b1854f338a56eb7cdef9f15eccd9727c9f127d32
csynth/w4e_inline_probe/synth_completion_top/verbose/completion_is_valid.verbose.bind.rpt,92346,6c0efdd1ecacca6c1e0046ab508c59b3aa4106e5a0f843458337299b3932986f
csynth/w4e_inline_probe/synth_completion_top/verbose/service_pending.verbose.bind.rpt,594809,4255b4894e75c7e73a3721fcb4c89983e6b003321e8451187126d244f965c04f
csynth/w4e_latency0_probe/synth_completion_top/csynth.log,141220,5f7142c25bc9c1689c595875396c59002be173dfbbaf5e3eb5ab3282e15f1603
csynth/w4e_latency0_probe/synth_completion_top/csynth.time,46,096e784d87b2d24b5de03e10fdc187f68be3bd3a44efd48b93e390429296a378
csynth/w4e_latency0_probe/synth_completion_top/synth_completion_top_csynth.rpt,141026,f7fe10181ec69380daca44cc17e5ae1a0fbc4d322c02afc95ba8b948735444c9
csynth/w4e_latency0_probe/synth_completion_top/synth_completion_top_csynth.xml,9049,6cdb65bacd28ff875922d22d6edb6e286ec1bcd66d014ce3e9c83279ce6ddfbf
csynth/w4e_latency0_probe/synth_completion_top/verbose/begin_completion_cycle.verbose.bind.rpt,1360789,f303057824de39009fd630ce7fb9c673af8becbc8e8bfb91c85d322391a8fd32
csynth/w4e_latency0_probe/synth_completion_top/verbose/completion_is_valid.verbose.bind.rpt,92348,c02a6f9c2b8fd71fbdd150b4469633edc39690b3b87b7a154da7e96d42ca57e8
csynth/w4e_latency0_probe/synth_completion_top/verbose/service_pending.verbose.bind.rpt,594180,da0247b4aac32d9f05185d0c246126c9f64e4eba4a8b51c74fb5148c2daee16d
csynth/w4e_latency_probe/synth_completion_top/csynth.log,141202,c3cdb05e529dfde29eae0098ca218fcbf90c70fa74b77cc189122f9f7d0a2a8b
csynth/w4e_latency_probe/synth_completion_top/csynth.time,46,5008f104dc85785f413b4a134a0a471e6091db336a62b570cd1fa7cbf739dafc
csynth/w4e_latency_probe/synth_completion_top/synth_completion_top_csynth.rpt,141025,33f59c1198c4c0d9b508c15d2e1a4a3383a50a611a808429e12c73b7db3f6889
csynth/w4e_latency_probe/synth_completion_top/synth_completion_top_csynth.xml,9049,6cdb65bacd28ff875922d22d6edb6e286ec1bcd66d014ce3e9c83279ce6ddfbf
csynth/w4e_latency_probe/synth_completion_top/verbose/begin_completion_cycle.verbose.bind.rpt,1360788,842b4e57edd4c61dc570c92f5e4f95cc02b25597ae30f8fed64b084aa0f5e625
csynth/w4e_latency_probe/synth_completion_top/verbose/completion_is_valid.verbose.bind.rpt,92347,41b78f21f965d136a45ea15183a2fd3a50a4d7226de08111bec6f820816bffd3
csynth/w4e_latency_probe/synth_completion_top/verbose/service_pending.verbose.bind.rpt,594179,59fec835dfc9ba22abf30c24050473b69b8288201354685838ac305a0c679cb5
csynth/w4e_lvt_probe/synth_completion_top/csynth.log,144690,ebc71e41d0aea8ed286ab911a07dc7a09ed83075194d9cafbb899a8e41d47ffd
csynth/w4e_lvt_probe/synth_completion_top/csynth.time,46,534fb6357bc67c2f7a986ba0c5c6bf402a838a1b399d7813d4cb1ef591940296
csynth/w4e_lvt_probe/synth_completion_top/synth_completion_top_csynth.rpt,142185,7ad9cb59a85668f5e43e0d749adaad44fbdd3892cbdf60935d746e8a5eb23841
csynth/w4e_lvt_probe/synth_completion_top/synth_completion_top_csynth.xml,9049,3b5aeec4348a1fe0f59d0e86eb0f9ddb9f71ffd49067d886baa807f6de3ffd2b
csynth/w4e_lvt_probe/synth_completion_top/verbose/begin_completion_cycle.verbose.bind.rpt,1362174,946164b8bd3cd3a42d2b80d8f11b733e57579dd619241c3b48885b2647258c3e
csynth/w4e_lvt_probe/synth_completion_top/verbose/completion_is_valid.verbose.bind.rpt,92343,ce08b589f7ebabb64daf03386b76dfd2c22ece17e4033b3704b47017385b19a4
csynth/w4e_lvt_probe/synth_completion_top/verbose/service_pending.verbose.bind.rpt,562126,146fe2e0efa9bd0c2a955f02b0bdaa12baee659dafd95ae3c7906782b4022cdd
csynth/w4e_named_ports_probe/synth_completion_top/csynth.log,144034,a62183ca841e2b247319bdc776cc8f43a08a84e5c3c2e6d76c8c222cfed759a0
csynth/w4e_named_ports_probe/synth_completion_top/csynth.time,46,c793bec4aa9e44db8181c1d4fe922e899a9740c86dd3961ca02465f7ef6bd963
csynth/w4e_named_ports_probe/synth_completion_top/synth_completion_top_csynth.rpt,141029,ab9d405089ac34829b805716a6d70576080270ff848f32e19719fdbbb9db8709
csynth/w4e_named_ports_probe/synth_completion_top/synth_completion_top_csynth.xml,9049,7ded3d764595c1963988d35223b40b0bf5a0adb141a591f9af2c70f14966f4ea
csynth/w4e_named_ports_probe/synth_completion_top/verbose/begin_completion_cycle.verbose.bind.rpt,1360794,e54de663cd26805fa17f58046678a1ee6b7e80e0bee77bcc5503de1f95be9470
csynth/w4e_named_ports_probe/synth_completion_top/verbose/completion_is_valid.verbose.bind.rpt,92351,de5adfd6be826e6b157054c0fb1a8b090cab79e368c5d82415701cef5f861c28
csynth/w4e_named_ports_probe/synth_completion_top/verbose/service_pending.verbose.bind.rpt,594143,17e9258d337bb7856ed7b9058d2fa523da2d01e389f57503caded478690b9c82
csynth/w4e_nopipe_probe/synth_completion_top/csynth.log,141218,4bd8754f88daf6464adeefbd937abf788c53799ff605174c60c208a81aea61d6
csynth/w4e_nopipe_probe/synth_completion_top/csynth.time,46,5e6787e0c726851bac3071939288975730b61fe9d63b4198334162bd3e640869
csynth/w4e_nopipe_probe/synth_completion_top/synth_completion_top_csynth.rpt,141024,0d43a31c5eb187c2af872f0b567e45a17b693914d7a2ecbd05cf0e561f002cc5
csynth/w4e_nopipe_probe/synth_completion_top/synth_completion_top_csynth.xml,9049,35b3ef4bbcb0c8c08f27abe9f119e1e0316e83aa00a9774a2551d7722e4b7989
csynth/w4e_nopipe_probe/synth_completion_top/verbose/begin_completion_cycle.verbose.bind.rpt,1360789,7aaf9972703613f78e4fed83708fc841b31f8d086b5a5cffc5058d0e2bdbe8c7
csynth/w4e_nopipe_probe/synth_completion_top/verbose/completion_is_valid.verbose.bind.rpt,92346,402af80504c048377a85424b9539ec954e377c6715d7de6a2f1187bd3b94d0b3
csynth/w4e_nopipe_probe/synth_completion_top/verbose/service_pending.verbose.bind.rpt,594809,aec92ed057185ec8b570bfee91edd9e3b7b9c017dbddc4cdc3dc6692a1540978
csynth/w4e_ordered_probe/synth_completion_top/csynth.log,143932,bd6a92950b6c167ca3e86a7f228676042f092ed8dd6186426afb36359cac1e4d
csynth/w4e_ordered_probe/synth_completion_top/csynth.time,46,e654912beac482eacf1c568611c0066eb85b42f2fcedb294995efe9558db2033
csynth/w4e_ordered_probe/synth_completion_top/synth_completion_top_csynth.rpt,141025,b6b896e68d104a579b6e70302f615df8ae2f6d816499801fbf23b93dd8640ef6
csynth/w4e_ordered_probe/synth_completion_top/synth_completion_top_csynth.xml,9049,94778007342a7097426a847a4016497ef275b22668628a96e2ba2051ad96b01d
csynth/w4e_ordered_probe/synth_completion_top/verbose/begin_completion_cycle.verbose.bind.rpt,1360790,447fac44c1b72b5a7c18c6174dba3a98b6b7dc7d26e5024fc89341a0f93d221b
csynth/w4e_ordered_probe/synth_completion_top/verbose/completion_is_valid.verbose.bind.rpt,92347,4d10a03a624d3a74db42c670cae72c04eb7f5e840f2ba66c21aa23e2032cbd01
csynth/w4e_ordered_probe/synth_completion_top/verbose/service_pending.verbose.bind.rpt,560384,eee317d00173e4cb7e6114b478042312de9c57ee1d96ec12342682831d67cfa6
csynth/w4e_unroll_probe/synth_completion_top/csynth.log,141341,d3daf11f7ea6f5d3d4057b4ae6c463575b18a484c618b6f81546d04b28dbdf73
csynth/w4e_unroll_probe/synth_completion_top/csynth.time,46,cd215d25c1be266174b8c7208bb2b1e991afb3fad680eaa418005f03c86c03d2
csynth/w4e_unroll_probe/synth_completion_top/synth_completion_top_csynth.rpt,141024,fe8fc0e8e7db07115534165483c8630e1fbf4e5f6df71df3aa7916439ab753b6
csynth/w4e_unroll_probe/synth_completion_top/synth_completion_top_csynth.xml,9049,35b3ef4bbcb0c8c08f27abe9f119e1e0316e83aa00a9774a2551d7722e4b7989
csynth/w4e_unroll_probe/synth_completion_top/verbose/begin_completion_cycle.verbose.bind.rpt,1360789,a859ad1a8515c81a0e73f8606c6c368294e5872d05c7d28779491aadc2b62052
csynth/w4e_unroll_probe/synth_completion_top/verbose/completion_is_valid.verbose.bind.rpt,92346,1892e0bcae1f2fbb09baa07f80ce8d0ae2e1a576dc18fa27ca0542b673612b26
csynth/w4e_unroll_probe/synth_completion_top/verbose/service_pending.verbose.bind.rpt,594833,4167ebced682b0a98ff4a6b8d2c73adb703231d956787b7811aa90bed513553d
csynth_final/boom_core_top/boom_core_top_csynth.rpt,280912,a3ce1a4fa99b7b73efac0d3216e8c3901d3eab5b4adcd312c970a83eeda06e54
csynth_final/boom_core_top/boom_core_top_csynth.xml,12791,131bedf72055d9b23a98fc5f373d2507d5620205bf6237a7af85670afc6e7a9e
csynth_final/boom_core_top/csynth.log,317609,b6401101b0d97c0e9c327cef659f07d67727a50b2b3c52d4529c89d0a4e16bc7
csynth_final/boom_core_top/csynth.time,46,977e7a3ac2846d1593f2d3a0469cb66439d2a9dd6b04ac19b84975ec731935ce
csynth_final/boom_core_top/verbose/boom_core_top.verbose.bind.rpt,2596021,d89d69b3af46528a07d86d896cd31cd1512c010bb5b70e5f4364c0a1bcb06962
csynth_final/boom_core_top/verbose/boom_core_top.verbose.rpt,2871487,aa6eb409c0ebfb649a63d8c9097a5c762156d27f5dfc3116fc8b45df1523c5c9
csynth_final/boom_core_top/verbose/boom_core_top.verbose.sched.rpt,883919,91adab422fca151746e091dd8baf81ad6d78615f2ff0753ab18a917de94bf7ca
csynth_final/boom_core_top/verbose/execute_module.verbose.rpt,702509,df87798007ccc6d01f00d2059f51e912538f2315f13dc9a9f98c2604db725c81
csynth_final/boom_core_top/verbose/execute_module.verbose.sched.rpt,281231,0f59b4d5be78f2ebe063ba341433f614c6663c674ead45708bcb1dabb58e03fa
csynth_final/synth_completion_top/csynth.log,142688,46148431b0ed10bdfaccd78cf270c7061ccf94c32cf8c276bbb104522f6a0e1e
csynth_final/synth_completion_top/csynth.time,46,4d72d597a6641dcf0382c7f9054de345b4986e787c10c2efa4b5d47980227d21
csynth_final/synth_completion_top/synth_completion_top_csynth.rpt,142174,5442793f4c59b13e8cc43bfa40a9fd5563f8aa0542be2a535d3f415bd3f61a52
csynth_final/synth_completion_top/synth_completion_top_csynth.xml,9049,3b5aeec4348a1fe0f59d0e86eb0f9ddb9f71ffd49067d886baa807f6de3ffd2b
csynth_final/synth_completion_top/verbose/synth_completion_top.verbose.bind.rpt,1412845,62e7bd8c195c106b91aa221412e6cdfa4bbf00beeb7c099619f1c77c5593dfe2
csynth_final/synth_completion_top/verbose/synth_completion_top.verbose.rpt,1549889,061e34ca00fe8e9982866c208bf06f58819b132d86fc53adf0a5d6d7cf83dd31
csynth_final/synth_completion_top/verbose/synth_completion_top.verbose.sched.rpt,525787,371092fbe3b1b0a1993b35bce56673f4602d24c0030cfb1593b2845f4f6a7eb9
csynth_final/synth_core_step_top/csynth.log,307007,cd98c2c65494f6bb5b46a36fcd5f1b06cc050e694a58e25c69b49fc33fa71cbd
csynth_final/synth_core_step_top/csynth.time,46,da094bfeab324bc3d155172c6259ca6666f71965067d29707aca24272bd67777
csynth_final/synth_core_step_top/synth_core_step_top_csynth.rpt,264944,2d14ca73690ef69f1b241d24ffd24c418ade8fb822f298f3ed7b08487985f439
csynth_final/synth_core_step_top/synth_core_step_top_csynth.xml,12607,c6a3fa94142f1f968a062b2d1e7afc5fa2bb8ba818e0e09ed08f9a5a900f18f9
csynth_final/synth_core_step_top/verbose/execute_module.verbose.rpt,702515,db59ae8f421242f1bbb442b7c31c0571c5036da04b11e467755e0b728b9c1757
csynth_final/synth_core_step_top/verbose/execute_module.verbose.sched.rpt,281237,c1366b052b6e740de48a7e12a948c1dc33d996280d1d94824e71507d9306d3d5
csynth_final/synth_core_step_top/verbose/synth_core_step_top.verbose.bind.rpt,2467469,c3bf9ea46df274f57fd76f5fe3a99c922ca3fc51f19462c1706b99c450adb398
csynth_final/synth_core_step_top/verbose/synth_core_step_top.verbose.rpt,2727277,57ed50f9e0b1d13eb96b4024a34a038ea06c00915d06dd212e847c00547a9a08
csynth_final/synth_core_step_top/verbose/synth_core_step_top.verbose.sched.rpt,856484,e2a19b6f6b144ee1e8e3907dc8295429356c18a601830b82c9fe893e7e07e1c2
csynth_final/synth_execute_top/csynth.log,40636,ec23e76a4f11fb306517ac03186879715a96fc77c5f2e2d4ef693545456d15cb
csynth_final/synth_execute_top/csynth.time,45,0b3c30a169b83a339e440a7527c6645aa40b8a29d487aa00089cfd04ac6c6cf0
csynth_final/synth_execute_top/synth_execute_top_csynth.rpt,15016,f4b8190d025c669d6bf83b32ffda883c3d9c0e79ad6ed28f4b401877dbd5b0d9
csynth_final/synth_execute_top/synth_execute_top_csynth.xml,5340,04a79bb5b07dbdcdf57d5e6ce9861d845fcb24fc335dbc1d419735714162a08e
csynth_final/synth_execute_top/verbose/synth_execute_top.verbose.bind.rpt,111085,3fe6a9accb65cc2648cece3ea7f06e2ac3757a1e6b4928e847a80751e5d4d894
csynth_final/synth_execute_top/verbose/synth_execute_top.verbose.rpt,123049,b164db53567c684fb05a3e0f2132001781eb2d947285eecb5d6edbeb36564d5b
csynth_final/synth_execute_top/verbose/synth_execute_top.verbose.sched.rpt,43425,0dbf4f5f0f0757e9eadf2acb1ae55c29e27ba4373d6f94d088c8e88f47c72dc9
csynth_final/synth_issue_top/csynth.log,74065,38e24c9005f28d30e053a0923714ee533095b217299e1bbedf591ec5e9e693e8
csynth_final/synth_issue_top/csynth.time,45,4e693b0131633a69a7ae3a6f50c75d1aee53d7c57721ce13c47d1907fc36f69e
csynth_final/synth_issue_top/synth_issue_top_csynth.rpt,80205,1ef3c64d854c2609385dd68c66763eea9ac9663257c1b25bc13b44353f8283a3
csynth_final/synth_issue_top/synth_issue_top_csynth.xml,5847,85701f9f64587504c2746a2d582c8d8d145c06b450f6258d73c6dc0400ee2cc5
csynth_final/synth_issue_top/verbose/synth_issue_top.verbose.bind.rpt,983430,604f2b4fb6d61f1a249e2a9e20bc2f91c8a8f72cd7a1e8a20c096431b69b83ef
csynth_final/synth_issue_top/verbose/synth_issue_top.verbose.rpt,1060182,303f6ce4589fc49d194b118089af701237def53e18cfcdb9e93d7f814f9847de
csynth_final/synth_issue_top/verbose/synth_issue_top.verbose.sched.rpt,387997,8390d7d1ecc634f0e8c631f7d6f0849b676ada9b9e02a48623a65e82a0e34c5a
csynth_final/synth_lsu_top/csynth.log,20030,875ba00ee706a8bb2ba413d03f0cef3e6e2d93da1d7885774969a4527216b553
csynth_final/synth_lsu_top/csynth.time,45,ed07f3ea9ceabda9f149426790a3c2b15583858af4b9654d038e580051dda031
csynth_final/synth_lsu_top/synth_lsu_top_csynth.rpt,17535,61840046d2569f5b247be0f1ad84ecc663dcc5e0eb3c14b8a5e199e76f931d3a
csynth_final/synth_lsu_top/synth_lsu_top_csynth.xml,6359,45687270421d8eac29bc5f72042edfd260175f030d42f54f1a6218c9a5084930
csynth_final/synth_lsu_top/verbose/synth_lsu_top.verbose.bind.rpt,137609,906fcfeabc062d9b3ddf2896084857d0cf881610c7dc247ff16491fe11229fb3
csynth_final/synth_lsu_top/verbose/synth_lsu_top.verbose.rpt,152146,c3204da3fe3d481ce3ecf4af1b17e14eff16a2530b492bf994e04939009c7b4e
csynth_final/synth_lsu_top/verbose/synth_lsu_top.verbose.sched.rpt,55800,783f2ac002bad6cfca899f678b30fd74899e05667b9474d8242c36fb61f90284
csynth_final/synth_rob_top/csynth.log,143596,1fcdbe3a91df53148f3a3cee0d7645b473a189ef9dd07e1c110364247d685e84
csynth_final/synth_rob_top/csynth.time,46,e9874dc869c03d551cf57ebf68906c8dd50452bbc2002896c42a5825c3f2d286
csynth_final/synth_rob_top/synth_rob_top_csynth.rpt,124008,ec6125d7971b951dab66081784c32767501522ce5192e1adea0f88df335a9af0
csynth_final/synth_rob_top/synth_rob_top_csynth.xml,8528,e4ad8abc49fa3b48912ef738c16841e9ad44feef81f62e338259394e99e6a15a
csynth_final/synth_rob_top/verbose/synth_rob_top.verbose.bind.rpt,1114292,7fc9ab988cf7894a53e0bf6c01578393d679c768aab2fe0d7241d8eae3335af3
csynth_final/synth_rob_top/verbose/synth_rob_top.verbose.rpt,1233152,fcca59617e5d84bb4527cd59e20c4512d77da30f1c3aeb61f37154fa79275f27
csynth_final/synth_rob_top/verbose/synth_rob_top.verbose.sched.rpt,419254,fcd46e1cc416d534019f3c3d0ed8bd26dc449b4656d4311756c81bd08f548487
csynth_source_binding.json,842,827eeaa1c15d002287a11512827527294cc6b36b5440951eba64de76d1a2ed31
diagnostic_rtl_hashes.txt,31738,19493af738b039ead3f2b7160696b0113baa9c8907dcb45618e0e6fe26407d13
diagnostic_source_hashes.txt,540,11881dceb2c0e9aca6d9ebe8f000f5f7f5589f2a62ca7eea2b439ffafdfddb56
full_core_prf_ports.csv,165,45a74a2d95d37beb2daa58ec166350b596607752cc12765d13c69ad874155802
full_core_rtl/hls_project/hls.app,491,563057a5794e897fb12391cbdafb4cf68a9d6a2852ddecde1fdac81de85bdcae
full_core_rtl/hls_project/solution_w4_full_core_rtl/.autopilot/.autopilot_exit,20,654e14a81986ad10a2617c30081159d9ebe65997754b5f52c54fa998d007e5ea
full_core_rtl/hls_project/solution_w4_full_core_rtl/.autopilot/db/.message_syn.xml,556659,9c32a1997c0cee1b02aa8b2e5e8d1ea0ab8cdcb534798e62295fd34e9a7cefb6
full_core_rtl/hls_project/solution_w4_full_core_rtl/.autopilot/db/a.g,1906380,d58942d9f956e3bb98ce41a5ccfc9dd8f684cb53813d9043e4b6578ba3840acf
full_core_rtl/hls_project/solution_w4_full_core_rtl/.autopilot/db/a.g.0.bc,1906380,d58942d9f956e3bb98ce41a5ccfc9dd8f684cb53813d9043e4b6578ba3840acf
full_core_rtl/hls_project/solution_w4_full_core_rtl/.autopilot/db/a.g.1.bc,1439716,6b95739efe63cc88d3ca424e6df790a96c0d500ed7292090899a4a70f563c139
full_core_rtl/hls_project/solution_w4_full_core_rtl/.autopilot/db/a.g.2.bc,1428608,9b6e6f957148d3f58557c8e7d7db50363d441f33927df1745c15ac0ecc19f9ea
full_core_rtl/hls_project/solution_w4_full_core_rtl/.autopilot/db/a.g.2.prechk.bc,1428608,e944a9ab2b464657ecfb6567299ebe72f0bae807836b1274f778ee4c0bff9b35
full_core_rtl/hls_project/solution_w4_full_core_rtl/.autopilot/db/a.g.bc,1906380,d58942d9f956e3bb98ce41a5ccfc9dd8f684cb53813d9043e4b6578ba3840acf
full_core_rtl/hls_project/solution_w4_full_core_rtl/.autopilot/db/a.g.ld.0.bc,599368,ed648e503fe3350087e3c7c5b2fd7ebd4096989344eddf930d103d8bb5f9f738
full_core_rtl/hls_project/solution_w4_full_core_rtl/.autopilot/db/a.g.ld.1.lower.bc,583628,0d17dd7a906a5d065b250afb26d7b36b9fde6b1f357c406dc220c6c2faf04664
full_core_rtl/hls_project/solution_w4_full_core_rtl/.autopilot/db/a.g.ld.2.m1.bc,18155036,37c6ee30eb45399e628b04a6709ad8cbb6bea50b87cf80b2c40e962bda4e215a
full_core_rtl/hls_project/solution_w4_full_core_rtl/.autopilot/db/a.g.ld.3.fpc.bc,438096,3caf4be142b9960f1a5ea3d4aca33f4c8c1753f1eee4a3b2e0996b6b11282f3e
full_core_rtl/hls_project/solution_w4_full_core_rtl/.autopilot/db/a.g.ld.4.m2.bc,1085748,913a77a88d42768250ae6184f8628692b4cfe37896159ab4b993bdf5490eb32d
full_core_rtl/hls_project/solution_w4_full_core_rtl/.autopilot/db/a.g.ld.5.gdce.bc,438124,3edeb7b7abffd2bc111c5d77e8877bb346ae9be67943da1af0ab2bf32ed06812
full_core_rtl/hls_project/solution_w4_full_core_rtl/.autopilot/db/a.g.lto.bc,1906380,d58942d9f956e3bb98ce41a5ccfc9dd8f684cb53813d9043e4b6578ba3840acf
full_core_rtl/hls_project/solution_w4_full_core_rtl/.autopilot/db/a.o.1.bc,1439716,6b95739efe63cc88d3ca424e6df790a96c0d500ed7292090899a4a70f563c139
full_core_rtl/hls_project/solution_w4_full_core_rtl/.autopilot/db/a.o.1.tmp.bc,1257152,f8595f008af5ff2e07fb982a36d47c89a74a7e5fa69d6141b049b59aa518f773
full_core_rtl/hls_project/solution_w4_full_core_rtl/.autopilot/db/a.o.2.bc,1087912,9b8856f66d811a6d5cdb951c37dab96af21e90bd083e4e84c504de5f11f90164
full_core_rtl/hls_project/solution_w4_full_core_rtl/.autopilot/db/a.o.3.bc,1417464,cbd5b07850672ec1f48105ff3145353f6e714902a7063f9bd889d2d26b7b16b2
full_core_rtl/hls_project/solution_w4_full_core_rtl/.autopilot/db/a.pp.bc,1906380,d58942d9f956e3bb98ce41a5ccfc9dd8f684cb53813d9043e4b6578ba3840acf
full_core_rtl/hls_project/solution_w4_full_core_rtl/.autopilot/db/all.directive.json,350,c84da0f75bb7fcf804b8be2a3689f16bad8e477bab3d27b3566e196695a9b112
full_core_rtl/hls_project/solution_w4_full_core_rtl/.autopilot/db/apatb_boom_core_top.cpp,56233,fcbd276c5cdd7a98597b88059339295ac3e422b2f40b9306b0e7681b35323cf2
full_core_rtl/hls_project/solution_w4_full_core_rtl/.autopilot/db/apatb_boom_core_top_ir.bc,8648,3698bdcb07b1332ce014edfd2d768aca6940d9f2604222b2c0285d408d0bd319
full_core_rtl/hls_project/solution_w4_full_core_rtl/.autopilot/db/apatb_boom_core_top_ir.ll,28144,104fc0c8d5e5c711d6dbf55632add91e48679a4f8cc570e5de7fd9d657180ed0
full_core_rtl/hls_project/solution_w4_full_core_rtl/.autopilot/db/apatb_boom_core_top_util.cpp,2427,91f228273463a733de387f17da67f9a6fd328484a306f5d759c8289d94259de4
full_core_rtl/hls_project/solution_w4_full_core_rtl/.autopilot/db/apply_writeback_ports.adb,174254,ddc01bd7e7ece4b13f6f3322ce7253e9892d572f3dc1d7feb2164179bfe54e7a
full_core_rtl/hls_project/solution_w4_full_core_rtl/.autopilot/db/apply_writeback_ports.adb.xml,26108,723e6f2d7c733f6c4f9dbcf477caaca2a788a002985abf064aeabbf8c072e97a
full_core_rtl/hls_project/solution_w4_full_core_rtl/.autopilot/db/apply_writeback_ports.bind.adb,135012,47393b6a201f373489e96c556e42e49738468e211c75886a0f233c4c7d550298
full_core_rtl/hls_project/solution_w4_full_core_rtl/.autopilot/db/apply_writeback_ports.bind.adb.xml,26108,723e6f2d7c733f6c4f9dbcf477caaca2a788a002985abf064aeabbf8c072e97a
full_core_rtl/hls_project/solution_w4_full_core_rtl/.autopilot/db/apply_writeback_ports.compgen.dataonly.tcl,63,e46a3953139e7b82d22fb1873c9ef5c39a7bdd291aefc492638cfefdd2bbbae0
full_core_rtl/hls_project/solution_w4_full_core_rtl/.autopilot/db/apply_writeback_ports.compgen.tcl,5669,85ead31d0d23b9883b80792f2d0e3e55f32f31d522be9cca439a0d04fa832d88
full_core_rtl/hls_project/solution_w4_full_core_rtl/.autopilot/db/apply_writeback_ports.sched.adb,114994,116766461fbba1e30f06281929480de4baa780bd307b49c479d3378e9439fc86
full_core_rtl/hls_project/solution_w4_full_core_rtl/.autopilot/db/apply_writeback_ports.sched.adb.xml,16510,0886a12262862cb611f984a1f917dea3e31c1fecdf55fba4e3f750ae080b650f
full_core_rtl/hls_project/solution_w4_full_core_rtl/.autopilot/db/apply_writeback_ports.tbgen.tcl,13397,abb33085b88ce0172a94585deb3f80681f26792cc6e3445ab568f29750930887
full_core_rtl/hls_project/solution_w4_full_core_rtl/.autopilot/db/apply_writeback_ports.verbose.bind.rpt,42484,e9e988d12823e1757a8072d7f9a7dffe382741097e48a417f7271505257cfd63
full_core_rtl/hls_project/solution_w4_full_core_rtl/.autopilot/db/apply_writeback_ports.verbose.bind.rpt.xml,1419,f9298617e5c224fd9cd7f947cf7499908fbf149125c80c4f75ec4cfad0316add
full_core_rtl/hls_project/solution_w4_full_core_rtl/.autopilot/db/apply_writeback_ports.verbose.rpt,50457,81e2a2c7237b73340ae0ef1c03b1cc72c055354eb3362ed3683444fbb9399dc8
full_core_rtl/hls_project/solution_w4_full_core_rtl/.autopilot/db/apply_writeback_ports.verbose.rpt.xml,7078,77e25e2fa69efdbf32edeeecbc72852c27fb4f7bf5d4b047c5e898a589c7a81a
full_core_rtl/hls_project/solution_w4_full_core_rtl/.autopilot/db/apply_writeback_ports.verbose.sched.rpt,17242,f1b85486c71a70f26ac4c2b1f5763f3ddedc4e7e06cf2933755d2f27484b5194
full_core_rtl/hls_project/solution_w4_full_core_rtl/.autopilot/db/apply_writeback_ports.verbose.sched.rpt.xml,1419,f9298617e5c224fd9cd7f947cf7499908fbf149125c80c4f75ec4cfad0316add
full_core_rtl/hls_project/solution_w4_full_core_rtl/.autopilot/db/apply_writeback_portsap_header.systemc.txt.ap_header.txt,0,e3b0c44298fc1c149afbf4c8996fb92427ae41e4649b934ca495991b7852b855
full_core_rtl/hls_project/solution_w4_full_core_rtl/.autopilot/db/apply_writeback_portsap_header.verilog.txt.ap_header.txt,0,e3b0c44298fc1c149afbf4c8996fb92427ae41e4649b934ca495991b7852b855
full_core_rtl/hls_project/solution_w4_full_core_rtl/.autopilot/db/apply_writeback_portsap_header.vhdl.txt.ap_header.txt,0,e3b0c44298fc1c149afbf4c8996fb92427ae41e4649b934ca495991b7852b855
full_core_rtl/hls_project/solution_w4_full_core_rtl/.autopilot/db/autopilot.flow.log,723860,d0d367905a20ce0065692cd7a911b6a57875447865c645c3384bf80b45588de0
full_core_rtl/hls_project/solution_w4_full_core_rtl/.autopilot/db/autopilot.rtl.models.tcl,10514,6fae75bc8cd2e093d6a2c3c3545820d7cf7c72aeca14784ab9a5187d1bbd436a
full_core_rtl/hls_project/solution_w4_full_core_rtl/.autopilot/db/autopilot.rtl.models.txt,2573,9358a0fa29d16454494e6576963ed7b83848fce90c24052a8f609fca4af16a82
full_core_rtl/hls_project/solution_w4_full_core_rtl/.autopilot/db/boom_core_cycle_io.adb,1553673,bfd8f1dd5e149d7691ef0490b3499ee4e51a31d1790004f0de4f6b342b0d5b94
full_core_rtl/hls_project/solution_w4_full_core_rtl/.autopilot/db/boom_core_cycle_io.adb.xml,367038,370b038233a3059876a5ea71751a8f59c94eaeaa66feeb5c64abd4610633785f
full_core_rtl/hls_project/solution_w4_full_core_rtl/.autopilot/db/boom_core_cycle_io.bind.adb,1085948,c66cfdae95ac393dc87a67b5216d48e53b65088d56304f208980eb84392bcc0e
full_core_rtl/hls_project/solution_w4_full_core_rtl/.autopilot/db/boom_core_cycle_io.bind.adb.xml,367038,370b038233a3059876a5ea71751a8f59c94eaeaa66feeb5c64abd4610633785f
full_core_rtl/hls_project/solution_w4_full_core_rtl/.autopilot/db/boom_core_cycle_io.compgen.dataonly.tcl,63,e46a3953139e7b82d22fb1873c9ef5c39a7bdd291aefc492638cfefdd2bbbae0
full_core_rtl/hls_project/solution_w4_full_core_rtl/.autopilot/db/boom_core_cycle_io.compgen.tcl,338602,77f4618df4bf6ab781970e14549674b57f1573fb3c73cbef5e528c58a6d2cfc5
full_core_rtl/hls_project/solution_w4_full_core_rtl/.autopilot/db/boom_core_cycle_io.sched.adb,906885,5f0c68403d2c79f7b8a61562a878f5d243a5bb614dcbc1113d62cfa2e4737ae6
full_core_rtl/hls_project/solution_w4_full_core_rtl/.autopilot/db/boom_core_cycle_io.sched.adb.xml,98561,b8ee4e401c431a89f236abd722d8ef8df9bcc96eebc43731702e427c653c6bad
full_core_rtl/hls_project/solution_w4_full_core_rtl/.autopilot/db/boom_core_cycle_io.tbgen.tcl,2281632,44076ca0dd4b533aa39d17a847abc8f85f2296a7afa4d3a71f9e7d4ab0d22aff
full_core_rtl/hls_project/solution_w4_full_core_rtl/.autopilot/db/boom_core_cycle_io.verbose.bind.rpt,530437,e740d705fe457e5cf5078c3a03c1a6352ad8efaf4eb293d13af50c18a856ce34
full_core_rtl/hls_project/solution_w4_full_core_rtl/.autopilot/db/boom_core_cycle_io.verbose.bind.rpt.xml,1497,27f92ab6b0c44b32d49fa759a5c70cd4da3b7b5ac77c1d1f4a5b6c63645ef690
full_core_rtl/hls_project/solution_w4_full_core_rtl/.autopilot/db/boom_core_cycle_io.verbose.rpt,938685,a672d74f394dbc40e262971a44f1c2628c334fd5a755c7ad9a452e404d74605e
full_core_rtl/hls_project/solution_w4_full_core_rtl/.autopilot/db/boom_core_cycle_io.verbose.rpt.xml,298262,b821f1f44a92442d977676d14bc8e5842eaef137fa89b8ab13704de9c17d7d13
full_core_rtl/hls_project/solution_w4_full_core_rtl/.autopilot/db/boom_core_cycle_io.verbose.sched.rpt,76400,cb5fc031c43c8db70c682c2b3f7e13cf4e5799798247c96b0afd4e57931c8d6c
full_core_rtl/hls_project/solution_w4_full_core_rtl/.autopilot/db/boom_core_cycle_io.verbose.sched.rpt.xml,1409,7ec914428d52a0b59fd6ebffea525b1e39033a85564b63bf0921566e5abb049c
full_core_rtl/hls_project/solution_w4_full_core_rtl/.autopilot/db/boom_core_cycle_ioap_header.systemc.txt.ap_header.txt,0,e3b0c44298fc1c149afbf4c8996fb92427ae41e4649b934ca495991b7852b855
full_core_rtl/hls_project/solution_w4_full_core_rtl/.autopilot/db/boom_core_cycle_ioap_header.verilog.txt.ap_header.txt,0,e3b0c44298fc1c149afbf4c8996fb92427ae41e4649b934ca495991b7852b855
full_core_rtl/hls_project/solution_w4_full_core_rtl/.autopilot/db/boom_core_cycle_ioap_header.vhdl.txt.ap_header.txt,0,e3b0c44298fc1c149afbf4c8996fb92427ae41e4649b934ca495991b7852b855
full_core_rtl/hls_project/solution_w4_full_core_rtl/.autopilot/db/boom_core_merged.bc,574108,a48e5a6b01f4dea370435b641b96bfb64070c9bb39da64f767c3a513e3bf934f
full_core_rtl/hls_project/solution_w4_full_core_rtl/.autopilot/db/boom_core_merged.g.bc,574108,a48e5a6b01f4dea370435b641b96bfb64070c9bb39da64f767c3a513e3bf934f
full_core_rtl/hls_project/solution_w4_full_core_rtl/.autopilot/db/boom_core_merged.pp.0.cpp,210389,1b7f7378ca93aed2a0cba9bb8f96615e265d4ab072996e1c823ab7f81a6e1017
full_core_rtl/hls_project/solution_w4_full_core_rtl/.autopilot/db/boom_core_reset_step.adb,3017835,6b23df316e4767ed5197e15a7d9ec8c11b098938b5d467f8f4dfac8206a091ad
full_core_rtl/hls_project/solution_w4_full_core_rtl/.autopilot/db/boom_core_reset_step.adb.xml,466778,adaab1aabfaeaa6b8c6ffc949c55990c258710f8bd96d8c999ac09425383acef
full_core_rtl/hls_project/solution_w4_full_core_rtl/.autopilot/db/boom_core_reset_step.bind.adb,2528374,03ad2d816fb17ba4c314785df5b029856e830fe38f5300c26a5991cfe60ccb1f
full_core_rtl/hls_project/solution_w4_full_core_rtl/.autopilot/db/boom_core_reset_step.bind.adb.xml,466778,adaab1aabfaeaa6b8c6ffc949c55990c258710f8bd96d8c999ac09425383acef
full_core_rtl/hls_project/solution_w4_full_core_rtl/.autopilot/db/boom_core_reset_step.compgen.dataonly.tcl,63,e46a3953139e7b82d22fb1873c9ef5c39a7bdd291aefc492638cfefdd2bbbae0
full_core_rtl/hls_project/solution_w4_full_core_rtl/.autopilot/db/boom_core_reset_step.compgen.tcl,151356,73b4b8f1d3722871128c7d650ebfecbc84dcec5fd5fb439dd8c50151c8676ff7
full_core_rtl/hls_project/solution_w4_full_core_rtl/.autopilot/db/boom_core_reset_step.sched.adb,2228830,7b8db9edd1648173905df65df083fe573c3394135369f9ea2b7a69488fef7b5f
full_core_rtl/hls_project/solution_w4_full_core_rtl/.autopilot/db/boom_core_reset_step.sched.adb.xml,290448,885d2c20430c7afc116986dc4c9c3f55db40c399fe898bf97fca421aee2f4b9d
full_core_rtl/hls_project/solution_w4_full_core_rtl/.autopilot/db/boom_core_reset_step.tbgen.tcl,389033,377eca3aa10cc201065de277a8e66675eb63c8bc919f4de63b85222137b85240
full_core_rtl/hls_project/solution_w4_full_core_rtl/.autopilot/db/boom_core_reset_step.verbose.bind.rpt,638217,4c707c6bb7ca0b512c1fae3f008fba06cdda9f5357b09ccdfe758846e3b8980a
full_core_rtl/hls_project/solution_w4_full_core_rtl/.autopilot/db/boom_core_reset_step.verbose.bind.rpt.xml,1622,34c44d32b0005b34618a6e93d0b4b54075fde9fee1eded547a3e10856cb19e50
full_core_rtl/hls_project/solution_w4_full_core_rtl/.autopilot/db/boom_core_reset_step.verbose.rpt,791383,f30986efe3a18e4af4dc031edbf0d5bf7cb90d9a8c5714ed029b5ea2b86780f2
full_core_rtl/hls_project/solution_w4_full_core_rtl/.autopilot/db/boom_core_reset_step.verbose.rpt.xml,95605,43d7516626f6b1d30b222d6e8def01d1d42da0a930b3cb330c44909b2b131975
full_core_rtl/hls_project/solution_w4_full_core_rtl/.autopilot/db/boom_core_reset_step.verbose.sched.rpt,193546,a6ad7f5c90c2ed402877bc96a097b4e0949387c1513785d6b9fa6f09306e142b
full_core_rtl/hls_project/solution_w4_full_core_rtl/.autopilot/db/boom_core_reset_step.verbose.sched.rpt.xml,1622,34c44d32b0005b34618a6e93d0b4b54075fde9fee1eded547a3e10856cb19e50
full_core_rtl/hls_project/solution_w4_full_core_rtl/.autopilot/db/boom_core_reset_stepap_header.systemc.txt.ap_header.txt,0,e3b0c44298fc1c149afbf4c8996fb92427ae41e4649b934ca495991b7852b855
full_core_rtl/hls_project/solution_w4_full_core_rtl/.autopilot/db/boom_core_reset_stepap_header.verilog.txt.ap_header.txt,0,e3b0c44298fc1c149afbf4c8996fb92427ae41e4649b934ca495991b7852b855
full_core_rtl/hls_project/solution_w4_full_core_rtl/.autopilot/db/boom_core_reset_stepap_header.vhdl.txt.ap_header.txt,0,e3b0c44298fc1c149afbf4c8996fb92427ae41e4649b934ca495991b7852b855
full_core_rtl/hls_project/solution_w4_full_core_rtl/.autopilot/db/boom_core_step.adb,2140617,f6ef0e62a82322e0bc22997f236654ebb492b2d6f862a30e129be26d93c26a08
full_core_rtl/hls_project/solution_w4_full_core_rtl/.autopilot/db/boom_core_step.adb.xml,519075,55bdf44bc5d901c3ec0178b1f730fa382ed7f2a51055da4562e0467ed1b73fbd
full_core_rtl/hls_project/solution_w4_full_core_rtl/.autopilot/db/boom_core_step.bind.adb,1137202,4612ba0428543828662c4b25ddc22a76f1888f4a0e2c69f1875cdf6c59f09ca6
full_core_rtl/hls_project/solution_w4_full_core_rtl/.autopilot/db/boom_core_step.bind.adb.xml,519075,55bdf44bc5d901c3ec0178b1f730fa382ed7f2a51055da4562e0467ed1b73fbd
full_core_rtl/hls_project/solution_w4_full_core_rtl/.autopilot/db/boom_core_step.compgen.dataonly.tcl,63,e46a3953139e7b82d22fb1873c9ef5c39a7bdd291aefc492638cfefdd2bbbae0
full_core_rtl/hls_project/solution_w4_full_core_rtl/.autopilot/db/boom_core_step.compgen.tcl,334828,b37752e1c01d58de01442dcdc016ce9e1ebef5b17c24511186418a5229a8dd28
full_core_rtl/hls_project/solution_w4_full_core_rtl/.autopilot/db/boom_core_step.sched.adb,952856,6e66759899e18e3b8b2db97ec67efee982e08692087f1a575b775a450185bb95
full_core_rtl/hls_project/solution_w4_full_core_rtl/.autopilot/db/boom_core_step.sched.adb.xml,147643,ef57c9be9c38b33dab2689c14276025b03f1991873ed54b0a4d6fe9bfb82a61e
full_core_rtl/hls_project/solution_w4_full_core_rtl/.autopilot/db/boom_core_step.tbgen.tcl,2060608,deeaf0527f1cc0d42e9753c67611c278f45e34f026518c63838fed131f1ee26d
full_core_rtl/hls_project/solution_w4_full_core_rtl/.autopilot/db/boom_core_step.verbose.bind.rpt,617552,eae9c4e9ca6c8de3730515ce1e246095e9e30a4500ea12fec75868f082b0cfca
full_core_rtl/hls_project/solution_w4_full_core_rtl/.autopilot/db/boom_core_step.verbose.bind.rpt.xml,2391,7dc28ce0431f016bad37f0ddb9d953999ccc41f8959e1474bee2e2cf3a7df5a4
full_core_rtl/hls_project/solution_w4_full_core_rtl/.autopilot/db/boom_core_step.verbose.rpt,1113628,a9440d6663dbfd0dbb21b834316b360c4cedfc71a929429b36f592bafa64d8fa
full_core_rtl/hls_project/solution_w4_full_core_rtl/.autopilot/db/boom_core_step.verbose.rpt.xml,361770,b6b3cc208436dcee169aa201379f032e24031c0ae8a8895e647492a3ae200914
full_core_rtl/hls_project/solution_w4_full_core_rtl/.autopilot/db/boom_core_step.verbose.sched.rpt,113834,438ded9c69fa8e8e031c9ebfad8c215e87640378ffeea083067e4f730cb6e60a
full_core_rtl/hls_project/solution_w4_full_core_rtl/.autopilot/db/boom_core_step.verbose.sched.rpt.xml,1486,25064f4c96f3b17c2c281bbe637224a851ba7ee37b69920f0f693c9617c80012
full_core_rtl/hls_project/solution_w4_full_core_rtl/.autopilot/db/boom_core_stepap_header.systemc.txt.ap_header.txt,0,e3b0c44298fc1c149afbf4c8996fb92427ae41e4649b934ca495991b7852b855
full_core_rtl/hls_project/solution_w4_full_core_rtl/.autopilot/db/boom_core_stepap_header.verilog.txt.ap_header.txt,0,e3b0c44298fc1c149afbf4c8996fb92427ae41e4649b934ca495991b7852b855
full_core_rtl/hls_project/solution_w4_full_core_rtl/.autopilot/db/boom_core_stepap_header.vhdl.txt.ap_header.txt,0,e3b0c44298fc1c149afbf4c8996fb92427ae41e4649b934ca495991b7852b855
full_core_rtl/hls_project/solution_w4_full_core_rtl/.autopilot/db/boom_core_top.adb,10244040,8f0c136a1af54a8c9d1ca88577fb9caf4673c9c71ccd43db28cd30e2640fef64
full_core_rtl/hls_project/solution_w4_full_core_rtl/.autopilot/db/boom_core_top.adb.xml,1740589,daade288c778afd9872093bdef90b2af9d12b4a111193dad802a8a64e02ac140
full_core_rtl/hls_project/solution_w4_full_core_rtl/.autopilot/db/boom_core_top.bind.adb,7236273,32f6d26315a1b2f602b20324a1289a4a0d7590960dfdcd14af4550ea7dde3b79
full_core_rtl/hls_project/solution_w4_full_core_rtl/.autopilot/db/boom_core_top.bind.adb.xml,1740589,daade288c778afd9872093bdef90b2af9d12b4a111193dad802a8a64e02ac140
full_core_rtl/hls_project/solution_w4_full_core_rtl/.autopilot/db/boom_core_top.compgen.dataonly.tcl,103,89132bb5ad461a84fe7d67ae8e448bde94c73d8a1bc270ed9e1936775ef1004f
full_core_rtl/hls_project/solution_w4_full_core_rtl/.autopilot/db/boom_core_top.compgen.tcl,57734,71a74d95afcd30b82b591541b5429d7345290fceaf2c919d97689623082047cc
full_core_rtl/hls_project/solution_w4_full_core_rtl/.autopilot/db/boom_core_top.constraint.tcl,162,f1744f1a58c74dab3d66f801f01e06385a86c08ecf08898a406c2e4f5a7fad59
full_core_rtl/hls_project/solution_w4_full_core_rtl/.autopilot/db/boom_core_top.design.xml,4109145,c3bc9142f5f3221374e87389ceee331dbb7b78cc8b78eec93349f30be1581ecb
full_core_rtl/hls_project/solution_w4_full_core_rtl/.autopilot/db/boom_core_top.protoinst,12578,418652071c7d9aaf868a0c56c1c57d5f114db05be822b0628c904559fa649541
full_core_rtl/hls_project/solution_w4_full_core_rtl/.autopilot/db/boom_core_top.rtl_wrap.cfg.tcl,3772,4c0edf089123f7e5628c8b036798d64f2f7db528ef855da67818be557f8a2ac9
full_core_rtl/hls_project/solution_w4_full_core_rtl/.autopilot/db/boom_core_top.sched.adb,6445725,86681852c7c07c2447f4d21a67908d9ec1335a9e4dfd0f45c3c8b563eccc10c9
full_core_rtl/hls_project/solution_w4_full_core_rtl/.autopilot/db/boom_core_top.sched.adb.xml,1002304,23d741dfd2de8f6fc72cdbae0c915d3e1fa224ff72cdbbec17998d991d286db1
full_core_rtl/hls_project/solution_w4_full_core_rtl/.autopilot/db/boom_core_top.tbgen.tcl,1801421,3a53718e42a4fd59ab84c9ef6e11f918c18b1e85ee9b651177255cbe6facbe51
full_core_rtl/hls_project/solution_w4_full_core_rtl/.autopilot/db/boom_core_top.verbose.bind.rpt,2596026,4cb5d3af8c5183ac3e1c940fe8d7e57fcebb5d3b64258e66518dab65c8b32a73
full_core_rtl/hls_project/solution_w4_full_core_rtl/.autopilot/db/boom_core_top.verbose.bind.rpt.xml,3140,4f307d6918926b352f46600108915fbdcd03961e22e65402de25ebeda3512997
full_core_rtl/hls_project/solution_w4_full_core_rtl/.autopilot/db/boom_core_top.verbose.rpt,2871492,1c3b18d06f2510933b9c7b58623cb4646dcd339644495fc4d906f20bcc2bad2a
full_core_rtl/hls_project/solution_w4_full_core_rtl/.autopilot/db/boom_core_top.verbose.rpt.xml,147824,8786ed24111a74dfa37aef74f64ebc0b31c9491969951b1222241a6cc0b3e744
full_core_rtl/hls_project/solution_w4_full_core_rtl/.autopilot/db/boom_core_top.verbose.sched.rpt,883924,2fe6ae14a50772ba323aa280d060b5efe7753195f0b28dd831bc1f8e45565715
full_core_rtl/hls_project/solution_w4_full_core_rtl/.autopilot/db/boom_core_top.verbose.sched.rpt.xml,2928,3eb6eced09548cde58b9b8372275b1f7a56b3a902e2c65c5417d2c161555ad29
full_core_rtl/hls_project/solution_w4_full_core_rtl/.autopilot/db/boom_core_top_dataflow_ana.wcfg,892,837df4569b7bf360000d84e89cbb9626dff623843410606e294adb0ed50745f4
full_core_rtl/hls_project/solution_w4_full_core_rtl/.autopilot/db/boom_core_topap_header.systemc.txt.ap_header.txt,317,f0f37fc67974ac5f4c2d95bf00cf4152299e041e10cfec78f42119b0f8e6d539
full_core_rtl/hls_project/solution_w4_full_core_rtl/.autopilot/db/boom_core_topap_header.verilog.txt.ap_header.txt,317,f0f37fc67974ac5f4c2d95bf00cf4152299e041e10cfec78f42119b0f8e6d539
full_core_rtl/hls_project/solution_w4_full_core_rtl/.autopilot/db/boom_core_topap_header.vhdl.txt.ap_header.txt,317,07f87067c6479f39441cf525fd50893b9629d806128cabe09777bfda6414fb13
full_core_rtl/hls_project/solution_w4_full_core_rtl/.autopilot/db/branch_complete_event.adb,1161235,1d81fc70f20f2753caa04ae5852e7ad3f6986b6e1b584eb41385c23cc13ab90a
full_core_rtl/hls_project/solution_w4_full_core_rtl/.autopilot/db/branch_complete_event.adb.xml,297205,73103ef07e1a50355bda7a088929f256c46a7106ee243d3ba9d322f8fe6a30fe
full_core_rtl/hls_project/solution_w4_full_core_rtl/.autopilot/db/branch_complete_event.bind.adb,909535,626d54a3dcf934be2be466caf933b3f375ff386a33d3e7725be8a50aee952a93
full_core_rtl/hls_project/solution_w4_full_core_rtl/.autopilot/db/branch_complete_event.bind.adb.xml,297205,73103ef07e1a50355bda7a088929f256c46a7106ee243d3ba9d322f8fe6a30fe
full_core_rtl/hls_project/solution_w4_full_core_rtl/.autopilot/db/branch_complete_event.compgen.dataonly.tcl,63,e46a3953139e7b82d22fb1873c9ef5c39a7bdd291aefc492638cfefdd2bbbae0
full_core_rtl/hls_project/solution_w4_full_core_rtl/.autopilot/db/branch_complete_event.compgen.tcl,259330,1438acd094f550186ccfd8cdbfb50faabd243d60e640b87ad34d7429319adf95
full_core_rtl/hls_project/solution_w4_full_core_rtl/.autopilot/db/branch_complete_event.sched.adb,756143,c54b3235ef975b49261929b12e9fd6ab68b77d0e9849980e31e4e7b5e4e7b827
full_core_rtl/hls_project/solution_w4_full_core_rtl/.autopilot/db/branch_complete_event.sched.adb.xml,91552,11fd63fccc289fef0b1619effc663f6141c6f218a195489d8885ad7dbc08335a
full_core_rtl/hls_project/solution_w4_full_core_rtl/.autopilot/db/branch_complete_event.tbgen.tcl,1046225,5064f6d7261b788f057ad731e408c8b85f2884d8b56f915aba687d180503fc8d
full_core_rtl/hls_project/solution_w4_full_core_rtl/.autopilot/db/branch_complete_event.verbose.bind.rpt,422562,5aac3bcbd7eff99d3ecef6866a337961a4a71b72551e411fa3d3c1d06f49744f
full_core_rtl/hls_project/solution_w4_full_core_rtl/.autopilot/db/branch_complete_event.verbose.bind.rpt.xml,1713,013ecb4458b48653ae9c6df417d1e83b9dfb026941bf5177fc234c917e7067aa
full_core_rtl/hls_project/solution_w4_full_core_rtl/.autopilot/db/branch_complete_event.verbose.rpt,696008,5c1e3c8d6f80ea8c6f5ad511d39062c26687366c015affb853eefeb2ea61439e
full_core_rtl/hls_project/solution_w4_full_core_rtl/.autopilot/db/branch_complete_event.verbose.rpt.xml,191714,558987a79e168e4278c8613d8a4677290c3bd3c9a2b2f3a2725e345f001b3e44
full_core_rtl/hls_project/solution_w4_full_core_rtl/.autopilot/db/branch_complete_event.verbose.sched.rpt,71668,024e515ceac3ebd319e5e989ab8c662cccfb16da1edeaed00b4fd1a853c90ded
full_core_rtl/hls_project/solution_w4_full_core_rtl/.autopilot/db/branch_complete_event.verbose.sched.rpt.xml,1480,df7a41281b6b6b9bd4c3a131d32ff9653b5c786f08e5c32809bc497a18395857
full_core_rtl/hls_project/solution_w4_full_core_rtl/.autopilot/db/branch_complete_eventap_header.systemc.txt.ap_header.txt,0,e3b0c44298fc1c149afbf4c8996fb92427ae41e4649b934ca495991b7852b855
full_core_rtl/hls_project/solution_w4_full_core_rtl/.autopilot/db/branch_complete_eventap_header.verilog.txt.ap_header.txt,0,e3b0c44298fc1c149afbf4c8996fb92427ae41e4649b934ca495991b7852b855
full_core_rtl/hls_project/solution_w4_full_core_rtl/.autopilot/db/branch_complete_eventap_header.vhdl.txt.ap_header.txt,0,e3b0c44298fc1c149afbf4c8996fb92427ae41e4649b934ca495991b7852b855
full_core_rtl/hls_project/solution_w4_full_core_rtl/.autopilot/db/burst.xml,3608494,22bf9aa8fb26143c6c710926f3dd3ade3b94a10601fd74ac9447f5f5750b7985
full_core_rtl/hls_project/solution_w4_full_core_rtl/.autopilot/db/clear_resolved_masks_in_state.adb,780130,2a56186be71271702c3d863197ea0b0a662854460f4f5684f8039739d9027aa0
full_core_rtl/hls_project/solution_w4_full_core_rtl/.autopilot/db/clear_resolved_masks_in_state.adb.xml,117822,ed5f176320b2c2e46c43a6aabd4fa6b23d70b6da8e7ec462ec26b39a102d9517
full_core_rtl/hls_project/solution_w4_full_core_rtl/.autopilot/db/clear_resolved_masks_in_state.bind.adb,604848,104d2af33d71330e2a365b2f9096e5a3fb00c6a79a04969c2b4a7cff52c005d2
full_core_rtl/hls_project/solution_w4_full_core_rtl/.autopilot/db/clear_resolved_masks_in_state.bind.adb.xml,117822,ed5f176320b2c2e46c43a6aabd4fa6b23d70b6da8e7ec462ec26b39a102d9517
full_core_rtl/hls_project/solution_w4_full_core_rtl/.autopilot/db/clear_resolved_masks_in_state.compgen.dataonly.tcl,63,e46a3953139e7b82d22fb1873c9ef5c39a7bdd291aefc492638cfefdd2bbbae0
full_core_rtl/hls_project/solution_w4_full_core_rtl/.autopilot/db/clear_resolved_masks_in_state.compgen.tcl,16445,33710ee64256c54897cb5e8abaf87558526649ad4654c7ca45a7aa979c09c668
full_core_rtl/hls_project/solution_w4_full_core_rtl/.autopilot/db/clear_resolved_masks_in_state.sched.adb,514390,1080e9c1847d7b0a4ca5348f97c6c36d09d538eaa85d2c61328ec9911ea29da8
full_core_rtl/hls_project/solution_w4_full_core_rtl/.autopilot/db/clear_resolved_masks_in_state.sched.adb.xml,82247,c9ae15ac30c5ff69332f69ac192b5e22b7eeca5d7b5714cba03890b455af79b9
full_core_rtl/hls_project/solution_w4_full_core_rtl/.autopilot/db/clear_resolved_masks_in_state.tbgen.tcl,43193,73d2c7b4c0b9ce13a6634d040130432e70d73297f48fb5275e573cb305f347a0
full_core_rtl/hls_project/solution_w4_full_core_rtl/.autopilot/db/clear_resolved_masks_in_state.verbose.bind.rpt,164729,962d0a5228c3b755d534763c4fb82abe2254f747b34b8b1151214a850aad2a0f
full_core_rtl/hls_project/solution_w4_full_core_rtl/.autopilot/db/clear_resolved_masks_in_state.verbose.bind.rpt.xml,1968,01be9988c58a3cf54a8ea601c5cf33da3fbc64d1735b0fec84ac878fce02e04c
full_core_rtl/hls_project/solution_w4_full_core_rtl/.autopilot/db/clear_resolved_masks_in_state.verbose.rpt,189546,79df1ae692b29bec8012d2c2728b08bf468ea6b48cf7cce926e02440ea3aee96
full_core_rtl/hls_project/solution_w4_full_core_rtl/.autopilot/db/clear_resolved_masks_in_state.verbose.rpt.xml,19736,e78bc4aa4a5e5cd24b5845c5c65df4729d455e5bc433701b1b6d23a012645988
full_core_rtl/hls_project/solution_w4_full_core_rtl/.autopilot/db/clear_resolved_masks_in_state.verbose.sched.rpt,67313,51cfb965fa892147d1d278bdea78a3f478230527f7092907491a4ef7d3b00a44
full_core_rtl/hls_project/solution_w4_full_core_rtl/.autopilot/db/clear_resolved_masks_in_state.verbose.sched.rpt.xml,1968,01be9988c58a3cf54a8ea601c5cf33da3fbc64d1735b0fec84ac878fce02e04c
full_core_rtl/hls_project/solution_w4_full_core_rtl/.autopilot/db/clear_resolved_masks_in_stateap_header.systemc.txt.ap_header.txt,0,e3b0c44298fc1c149afbf4c8996fb92427ae41e4649b934ca495991b7852b855
full_core_rtl/hls_project/solution_w4_full_core_rtl/.autopilot/db/clear_resolved_masks_in_stateap_header.verilog.txt.ap_header.txt,0,e3b0c44298fc1c149afbf4c8996fb92427ae41e4649b934ca495991b7852b855
full_core_rtl/hls_project/solution_w4_full_core_rtl/.autopilot/db/clear_resolved_masks_in_stateap_header.vhdl.txt.ap_header.txt,0,e3b0c44298fc1c149afbf4c8996fb92427ae41e4649b934ca495991b7852b855
full_core_rtl/hls_project/solution_w4_full_core_rtl/.autopilot/db/compact_iq.adb,5213722,20df21e3224284df41a82c5bf45d31b250ee2366bc0c5a2a854cadaca95b46d1
full_core_rtl/hls_project/solution_w4_full_core_rtl/.autopilot/db/compact_iq.adb.xml,1078107,cbaff93f0e1ffb7ef70a52dc35521ec376ee327b40962aebd81848c4c083dc6a
full_core_rtl/hls_project/solution_w4_full_core_rtl/.autopilot/db/compact_iq.bind.adb,4039813,7ea5796c366d61174e4126c17233977e2b5bf3014b972e766d7d8513c290e834
full_core_rtl/hls_project/solution_w4_full_core_rtl/.autopilot/db/compact_iq.bind.adb.xml,1078107,cbaff93f0e1ffb7ef70a52dc35521ec376ee327b40962aebd81848c4c083dc6a
full_core_rtl/hls_project/solution_w4_full_core_rtl/.autopilot/db/compact_iq.compgen.dataonly.tcl,63,e46a3953139e7b82d22fb1873c9ef5c39a7bdd291aefc492638cfefdd2bbbae0
full_core_rtl/hls_project/solution_w4_full_core_rtl/.autopilot/db/compact_iq.compgen.tcl,87179,c923e916dd14dcbbdbcb3e64f5cdaf905893839e2a26b680433a00f524eec121
full_core_rtl/hls_project/solution_w4_full_core_rtl/.autopilot/db/compact_iq.sched.adb,3297793,32dd90b059af64e8a3b85ccfcad2f5fb9c0354cd93b06c026bf920b6c931b05c
full_core_rtl/hls_project/solution_w4_full_core_rtl/.autopilot/db/compact_iq.sched.adb.xml,684647,a74fc8dc0ca698bc1c687074154fc6e97cfaadbc721a03f3f674cee332d881c4
full_core_rtl/hls_project/solution_w4_full_core_rtl/.autopilot/db/compact_iq.tbgen.tcl,236372,56c99e8b3bfd6c33b6e778755e506bffb9990fe942bb80d36c84953d6f795467
full_core_rtl/hls_project/solution_w4_full_core_rtl/.autopilot/db/compact_iq.verbose.bind.rpt,1533939,cf9de58d66dfe903d274f982b63c38be2c611bab8d58516eb4373b14d757f9e3
full_core_rtl/hls_project/solution_w4_full_core_rtl/.autopilot/db/compact_iq.verbose.bind.rpt.xml,1658,53fd0e94abc4468102c47adfc20e854bbfe4f64953cc9868218d24d01ad35614
full_core_rtl/hls_project/solution_w4_full_core_rtl/.autopilot/db/compact_iq.verbose.rpt,1666634,b621f25b49a11984be2de89a2717e031311d28c86b6069ab0b1887af08191751
full_core_rtl/hls_project/solution_w4_full_core_rtl/.autopilot/db/compact_iq.verbose.rpt.xml,105108,099caf13df30abc043b3c2a375aff85a85fc84e28f447788c679b4bb7eff627f
full_core_rtl/hls_project/solution_w4_full_core_rtl/.autopilot/db/compact_iq.verbose.sched.rpt,614508,a31992e86078837d82f43f3c8b447e0e7256142d13fa8e5b4ce2f07429cd6c4f
full_core_rtl/hls_project/solution_w4_full_core_rtl/.autopilot/db/compact_iq.verbose.sched.rpt.xml,1658,53fd0e94abc4468102c47adfc20e854bbfe4f64953cc9868218d24d01ad35614
full_core_rtl/hls_project/solution_w4_full_core_rtl/.autopilot/db/compact_iqap_header.systemc.txt.ap_header.txt,0,e3b0c44298fc1c149afbf4c8996fb92427ae41e4649b934ca495991b7852b855
full_core_rtl/hls_project/solution_w4_full_core_rtl/.autopilot/db/compact_iqap_header.verilog.txt.ap_header.txt,0,e3b0c44298fc1c149afbf4c8996fb92427ae41e4649b934ca495991b7852b855
full_core_rtl/hls_project/solution_w4_full_core_rtl/.autopilot/db/compact_iqap_header.vhdl.txt.ap_header.txt,0,e3b0c44298fc1c149afbf4c8996fb92427ae41e4649b934ca495991b7852b855
full_core_rtl/hls_project/solution_w4_full_core_rtl/.autopilot/db/compact_issue_queue.adb,5245624,25f3e11ba47906f6fc4f5a0b1561fb48944458a7dfd2138e236f75426d2e7d83
full_core_rtl/hls_project/solution_w4_full_core_rtl/.autopilot/db/compact_issue_queue.adb.xml,1077625,030560cba506fd1f54934558653940cc4160f370118a69e452afd5ba50300ee7
full_core_rtl/hls_project/solution_w4_full_core_rtl/.autopilot/db/compact_issue_queue.bind.adb,4071715,63a21fc5395a5b6c38db5184c174391f25f1783e6baab6d0603e61e22a0c9d8e
full_core_rtl/hls_project/solution_w4_full_core_rtl/.autopilot/db/compact_issue_queue.bind.adb.xml,1077625,030560cba506fd1f54934558653940cc4160f370118a69e452afd5ba50300ee7
full_core_rtl/hls_project/solution_w4_full_core_rtl/.autopilot/db/compact_issue_queue.compgen.dataonly.tcl,63,e46a3953139e7b82d22fb1873c9ef5c39a7bdd291aefc492638cfefdd2bbbae0
full_core_rtl/hls_project/solution_w4_full_core_rtl/.autopilot/db/compact_issue_queue.compgen.tcl,97690,f58d4e128fc7b2dcce3630391896ac8d209b32fd5414f0a35cbf15c72bcabeac
full_core_rtl/hls_project/solution_w4_full_core_rtl/.autopilot/db/compact_issue_queue.sched.adb,3328946,6ca7babc328efcec5522c7bf8d2cbddec250926076118ccac8678165f33d3363
full_core_rtl/hls_project/solution_w4_full_core_rtl/.autopilot/db/compact_issue_queue.sched.adb.xml,684174,078112d16e1d7e647d3641bc73def6d2f64eebf25a2fb57f132bacaa7bf1c658
full_core_rtl/hls_project/solution_w4_full_core_rtl/.autopilot/db/compact_issue_queue.tbgen.tcl,236408,9cf6ad70d39a8bbc0e316ddf5050e88e3fba07fe4ac498dea2213f7eed2df555
full_core_rtl/hls_project/solution_w4_full_core_rtl/.autopilot/db/compact_issue_queue.verbose.bind.rpt,1534258,f4409370177ff6e59eae5d246ece4c9b491c93bc6cbb4642d93eee1d97cf4df7
full_core_rtl/hls_project/solution_w4_full_core_rtl/.autopilot/db/compact_issue_queue.verbose.bind.rpt.xml,1667,9689f635af8982a489a017dadf144fdad5bc7a13c9cafdfab597dbfa966c7003
full_core_rtl/hls_project/solution_w4_full_core_rtl/.autopilot/db/compact_issue_queue.verbose.rpt,1666953,5e3551184adabd964e566797be8011aac755e176ad288ac6a8618e1db6020d26
full_core_rtl/hls_project/solution_w4_full_core_rtl/.autopilot/db/compact_issue_queue.verbose.rpt.xml,105171,a2617a20ab03c47d9c0f37eeb9fa6426d08e88b4b709b46e816ec5d31dac1e85
full_core_rtl/hls_project/solution_w4_full_core_rtl/.autopilot/db/compact_issue_queue.verbose.sched.rpt,614032,f0063aa211a36ca94ef099a65eed8acf1ff572f04f9c245b4b39ab6ff195076c
full_core_rtl/hls_project/solution_w4_full_core_rtl/.autopilot/db/compact_issue_queue.verbose.sched.rpt.xml,1667,bdb8a226f9c2ba053ce9239fc8e03a343b27b4b1dfa124c4fa82829fb54f55e9
full_core_rtl/hls_project/solution_w4_full_core_rtl/.autopilot/db/compact_issue_queueap_header.systemc.txt.ap_header.txt,0,e3b0c44298fc1c149afbf4c8996fb92427ae41e4649b934ca495991b7852b855
full_core_rtl/hls_project/solution_w4_full_core_rtl/.autopilot/db/compact_issue_queueap_header.verilog.txt.ap_header.txt,0,e3b0c44298fc1c149afbf4c8996fb92427ae41e4649b934ca495991b7852b855
full_core_rtl/hls_project/solution_w4_full_core_rtl/.autopilot/db/compact_issue_queueap_header.vhdl.txt.ap_header.txt,0,e3b0c44298fc1c149afbf4c8996fb92427ae41e4649b934ca495991b7852b855
full_core_rtl/hls_project/solution_w4_full_core_rtl/.autopilot/db/completion_is_valid.adb,322470,5a3b6f1d1bb6e681dd49df68b38a62327bf5b2a8e0009aa893c72de2d3f27619
full_core_rtl/hls_project/solution_w4_full_core_rtl/.autopilot/db/completion_is_valid.adb.xml,46464,a9c00842018738e5f6306e1b347e6d99c5a3257c6e0c9129945df524b03cc074
full_core_rtl/hls_project/solution_w4_full_core_rtl/.autopilot/db/completion_is_valid.bind.adb,232711,edc21f7c11fc508f43478e31c4945c05b76a2ebdae75df8f33bfbd4fc5e6822b
full_core_rtl/hls_project/solution_w4_full_core_rtl/.autopilot/db/completion_is_valid.bind.adb.xml,46464,a9c00842018738e5f6306e1b347e6d99c5a3257c6e0c9129945df524b03cc074
full_core_rtl/hls_project/solution_w4_full_core_rtl/.autopilot/db/completion_is_valid.compgen.dataonly.tcl,63,e46a3953139e7b82d22fb1873c9ef5c39a7bdd291aefc492638cfefdd2bbbae0
full_core_rtl/hls_project/solution_w4_full_core_rtl/.autopilot/db/completion_is_valid.compgen.tcl,9401,a5f48934bf81772e06d75ffa43b5432b2dcc903ce6238413aff3d5f73c701336
full_core_rtl/hls_project/solution_w4_full_core_rtl/.autopilot/db/completion_is_valid.sched.adb,186147,b00902c01653be38553b8bbc17246f57ff643ab3a625947226ba23b13573536d
full_core_rtl/hls_project/solution_w4_full_core_rtl/.autopilot/db/completion_is_valid.sched.adb.xml,29268,b302dab7156e6b5fc9ccd58c55b938861a586c9826a5e7bbd65eb95c462ae0b9
full_core_rtl/hls_project/solution_w4_full_core_rtl/.autopilot/db/completion_is_valid.tbgen.tcl,16923,895360b472111087ec2085cec6c60317e3e9c2d7477e6f889330c7d86308321a
full_core_rtl/hls_project/solution_w4_full_core_rtl/.autopilot/db/completion_is_valid.verbose.bind.rpt,90930,b6c089fd119b83a21c9790a17d46ad27ca5098a0d71ddfe5190a433c56086949
full_core_rtl/hls_project/solution_w4_full_core_rtl/.autopilot/db/completion_is_valid.verbose.bind.rpt.xml,1426,c0a0c2cfe5844afadeeb189469ac4c3e86d7795d24ca76977055f3c78bbcaddb
full_core_rtl/hls_project/solution_w4_full_core_rtl/.autopilot/db/completion_is_valid.verbose.rpt,103786,06b3464eb6a5bb15a0dd97531565ede0d3b4a969a8639586165f84d061009e9f
full_core_rtl/hls_project/solution_w4_full_core_rtl/.autopilot/db/completion_is_valid.verbose.rpt.xml,10178,0f9b16785589a831e633577b94500c7301a2e1b9f30d3bb44888e20288e9eda6
full_core_rtl/hls_project/solution_w4_full_core_rtl/.autopilot/db/completion_is_valid.verbose.sched.rpt,34643,9dbb6aa93fd8d0bccef77e545cf2dd1ddf67dd49b461a67d0708501776a8ac8c
full_core_rtl/hls_project/solution_w4_full_core_rtl/.autopilot/db/completion_is_valid.verbose.sched.rpt.xml,1426,c0a0c2cfe5844afadeeb189469ac4c3e86d7795d24ca76977055f3c78bbcaddb
full_core_rtl/hls_project/solution_w4_full_core_rtl/.autopilot/db/completion_is_validap_header.systemc.txt.ap_header.txt,0,e3b0c44298fc1c149afbf4c8996fb92427ae41e4649b934ca495991b7852b855
full_core_rtl/hls_project/solution_w4_full_core_rtl/.autopilot/db/completion_is_validap_header.verilog.txt.ap_header.txt,0,e3b0c44298fc1c149afbf4c8996fb92427ae41e4649b934ca495991b7852b855
full_core_rtl/hls_project/solution_w4_full_core_rtl/.autopilot/db/completion_is_validap_header.vhdl.txt.ap_header.txt,0,e3b0c44298fc1c149afbf4c8996fb92427ae41e4649b934ca495991b7852b855
full_core_rtl/hls_project/solution_w4_full_core_rtl/.autopilot/db/completion_service_cycle.adb,8621538,293e0cf48eb1ca07813d8d198abcbe34fedce2b002e34188f090df073ed607d3
full_core_rtl/hls_project/solution_w4_full_core_rtl/.autopilot/db/completion_service_cycle.adb.xml,1675573,fe1fac3978b3a0830f1d299deed5c60271752f2583ef377d26c577ece1d6d807
full_core_rtl/hls_project/solution_w4_full_core_rtl/.autopilot/db/completion_service_cycle.bind.adb,6402386,16c44a6028b11b57b8b0f61769d635bb6fcea06720b2a730f6baba75a7b800ae
full_core_rtl/hls_project/solution_w4_full_core_rtl/.autopilot/db/completion_service_cycle.bind.adb.xml,1675573,fe1fac3978b3a0830f1d299deed5c60271752f2583ef377d26c577ece1d6d807
full_core_rtl/hls_project/solution_w4_full_core_rtl/.autopilot/db/completion_service_cycle.compgen.dataonly.tcl,63,e46a3953139e7b82d22fb1873c9ef5c39a7bdd291aefc492638cfefdd2bbbae0
full_core_rtl/hls_project/solution_w4_full_core_rtl/.autopilot/db/completion_service_cycle.compgen.tcl,282062,500061f18b2c00c3d910b72ef01cfee98b751b975143d0613c0870d2c5ad746b
full_core_rtl/hls_project/solution_w4_full_core_rtl/.autopilot/db/completion_service_cycle.sched.adb,5381231,18731557f0fad5be58be3ee4e34ee6e15e5ecd2fac02dc09e7e2e2744607eff1
full_core_rtl/hls_project/solution_w4_full_core_rtl/.autopilot/db/completion_service_cycle.sched.adb.xml,1006479,fd363e3dd7e9528a4656d64e6f8ac35fcc1d9dfdd4af28ed954e0d11c0e84a3a
full_core_rtl/hls_project/solution_w4_full_core_rtl/.autopilot/db/completion_service_cycle.tbgen.tcl,1394705,77c0a046b5580196829101b618c82f285cef13ce22891e37d6d40ed0db939d15
full_core_rtl/hls_project/solution_w4_full_core_rtl/.autopilot/db/completion_service_cycle.verbose.bind.rpt,2176848,f6d74bd1e16e9a8650a62b402bf79bee9376a4f4c185e71d8757c973914e8f53
full_core_rtl/hls_project/solution_w4_full_core_rtl/.autopilot/db/completion_service_cycle.verbose.bind.rpt.xml,2983,162650b75b101a2d4ee51c27997886e1f657a56b35917405725019bd226ec19c
full_core_rtl/hls_project/solution_w4_full_core_rtl/.autopilot/db/completion_service_cycle.verbose.rpt,2610546,5683b03ff53ac4d58171d5d931cb3a9fd5311b89d68d68642d6b0c20e6eb4ae6
full_core_rtl/hls_project/solution_w4_full_core_rtl/.autopilot/db/completion_service_cycle.verbose.rpt.xml,307191,0acf3f46569ac862d8e022a32088b6face57a60211cd4e3b714fd5554c8787fd
full_core_rtl/hls_project/solution_w4_full_core_rtl/.autopilot/db/completion_service_cycle.verbose.sched.rpt,685268,e7605e81eccd6b91984a4a9ff799c234e133a0955d77d623963ae2721147fbb6
full_core_rtl/hls_project/solution_w4_full_core_rtl/.autopilot/db/completion_service_cycle.verbose.sched.rpt.xml,2677,5da4adce9aec1f7079c794321173cbbbf2e9b3fd665618e5901755af21683bc2
full_core_rtl/hls_project/solution_w4_full_core_rtl/.autopilot/db/completion_service_cycleap_header.systemc.txt.ap_header.txt,0,e3b0c44298fc1c149afbf4c8996fb92427ae41e4649b934ca495991b7852b855
full_core_rtl/hls_project/solution_w4_full_core_rtl/.autopilot/db/completion_service_cycleap_header.verilog.txt.ap_header.txt,0,e3b0c44298fc1c149afbf4c8996fb92427ae41e4649b934ca495991b7852b855
full_core_rtl/hls_project/solution_w4_full_core_rtl/.autopilot/db/completion_service_cycleap_header.vhdl.txt.ap_header.txt,0,e3b0c44298fc1c149afbf4c8996fb92427ae41e4649b934ca495991b7852b855
full_core_rtl/hls_project/solution_w4_full_core_rtl/.autopilot/db/coregen/boom_core_top_compact_issue_queue_temp_uop_csr_addr_RAM_AUTO_1R1W.h,2887,8272691b37d8955535f7c1d2da05939552b1cbc9a712f2e1e1cce8b8637e8192
full_core_rtl/hls_project/solution_w4_full_core_rtl/.autopilot/db/coregen/boom_core_top_compact_issue_queue_temp_uop_debug_pc_RAM_AUTO_1R1W.h,2887,e05616e2a042b3b9829f1d6b796cca270e56c04708ac53a192cecfe65aa8bf3e
full_core_rtl/hls_project/solution_w4_full_core_rtl/.autopilot/db/coregen/boom_core_top_compact_issue_queue_temp_uop_inst_RAM_AUTO_1R1W.h,2847,79173d0163f69708521cebe1cbf5693b6b3113f1cc34862636c8a17263a9a46a
full_core_rtl/hls_project/solution_w4_full_core_rtl/.autopilot/db/coregen/boom_core_top_compact_issue_queue_temp_uop_uopc_RAM_AUTO_1R1W.h,2845,6543f4197d08da4643bd4f1666d1006fb87c8c540b081f8fb9072515fa7dfcb0
full_core_rtl/hls_project/solution_w4_full_core_rtl/.autopilot/db/coregen/boom_core_top_compact_issue_queue_temp_valid_RAM_AUTO_1R1W.h,2815,fcd4d713b987cf115a1361e944ad26271b38a8df8daeb69e2a4d7002f62c4147
full_core_rtl/hls_project/solution_w4_full_core_rtl/.autopilot/db/coregen/boom_core_top_fifo_w193_d2_S.h,5689,182de10e3df9b0637ff8f65e09c81e2e9181e8a82624385a4d502df5942dc783
full_core_rtl/hls_project/solution_w4_full_core_rtl/.autopilot/db/coregen/boom_core_top_fifo_w283_d2_S.h,5689,6650be048df28fe23d87f0c8fee9e314439ee472892bd287b5b4f2a272d7d062
full_core_rtl/hls_project/solution_w4_full_core_rtl/.autopilot/db/coregen/boom_core_top_fifo_w289_d2_S.h,5689,412cb063023a31ac76e0c196fa67060cfe60268439a416f33d2e2ef7b5688c45
full_core_rtl/hls_project/solution_w4_full_core_rtl/.autopilot/db/coregen/boom_core_top_fifo_w518_d2_S.h,5689,0574844c17716d84dc04b8422c46a7c2f0f6dd864c123f61f992aba1fa86dd05
full_core_rtl/hls_project/solution_w4_full_core_rtl/.autopilot/db/coregen/boom_core_top_fifo_w97_d2_S.h,5674,cb31efb4b0d7d06b2c55c32ed25243f30486b461d5accdd41adaf86fff499fb4
full_core_rtl/hls_project/solution_w4_full_core_rtl/.autopilot/db/coregen/boom_core_top_mux_32_1_1_1/boom_core_top_mux_32_1_1_1.v,1094,a99c944968cb763766e73e0ca2ae1205427dbba2a93643515c031158b68399d7
full_core_rtl/hls_project/solution_w4_full_core_rtl/.autopilot/db/coregen/boom_core_top_mux_32_1_1_1/boom_core_top_mux_32_1_1_1.vhd,1466,f62b08bd97be9d5fddc200553a1c52ef2332e2a277effbc427ab3560434e4f87
full_core_rtl/hls_project/solution_w4_full_core_rtl/.autopilot/db/coregen/boom_core_top_mux_32_64_1_1/boom_core_top_mux_32_64_1_1.v,1102,022598b6020c56918abcffdb672c7bdba3db2c93b035001b3fe6f4da8214603c
full_core_rtl/hls_project/solution_w4_full_core_rtl/.autopilot/db/coregen/boom_core_top_mux_32_64_1_1/boom_core_top_mux_32_64_1_1.vhd,1475,0c2377e8daf6446d3dd9122e7e8c1da91b5630f539dded8796614b8dd1b00806
full_core_rtl/hls_project/solution_w4_full_core_rtl/.autopilot/db/coregen/boom_core_top_mux_32_8_1_1/boom_core_top_mux_32_8_1_1.v,1094,a6a6060228d281e476370aa2bf5e75d2479d4d62e8d601a2b2caa51c87c76050
full_core_rtl/hls_project/solution_w4_full_core_rtl/.autopilot/db/coregen/boom_core_top_mux_32_8_1_1/boom_core_top_mux_32_8_1_1.vhd,1466,3cc94cb4c502a5ae96bf48455db8987cb3be1b35ec99a44e15d7a43c8e52f699
full_core_rtl/hls_project/solution_w4_full_core_rtl/.autopilot/db/coregen/boom_core_top_mux_42_1_1_1/boom_core_top_mux_42_1_1_1.v,1172,782c6f9a964265c9fba7646a35e5895d2b879ea782277bef33655753c194e55b
full_core_rtl/hls_project/solution_w4_full_core_rtl/.autopilot/db/coregen/boom_core_top_mux_42_1_1_1/boom_core_top_mux_42_1_1_1.vhd,1577,de8f6a7f09f3b4e7b25f0a3667afb74241ea171467e6798518e206271fb99da7
full_core_rtl/hls_project/solution_w4_full_core_rtl/.autopilot/db/coregen/boom_core_top_mux_42_2_1_1/boom_core_top_mux_42_2_1_1.v,1172,beaa5f923e6e4a1dd46372f0c00ced0bebc68069365383d2a3353e4409d9e934
full_core_rtl/hls_project/solution_w4_full_core_rtl/.autopilot/db/coregen/boom_core_top_mux_42_2_1_1/boom_core_top_mux_42_2_1_1.vhd,1577,bf1dc9e5f12b6010ff1ad9e3e7ccccf061f87ac7cace279e7eb6d087c9f85e5b
full_core_rtl/hls_project/solution_w4_full_core_rtl/.autopilot/db/coregen/boom_core_top_mux_42_32_1_1/boom_core_top_mux_42_32_1_1.v,1181,de9b200651d381bac46331c3b2c3bcc430f04030acc891bacfec3e89a25bcdf5
full_core_rtl/hls_project/solution_w4_full_core_rtl/.autopilot/db/coregen/boom_core_top_mux_42_32_1_1/boom_core_top_mux_42_32_1_1.vhd,1587,239c44965a9b43e863908d95d03e357c7f164e8f54c5719fc940ac50f7f4ef74
full_core_rtl/hls_project/solution_w4_full_core_rtl/.autopilot/db/coregen/boom_core_top_mux_42_3_1_1/boom_core_top_mux_42_3_1_1.v,1172,c3fcd0e676b0aaab0519556f65342f0058552a8af63038b89a1dfcae3213f872
full_core_rtl/hls_project/solution_w4_full_core_rtl/.autopilot/db/coregen/boom_core_top_mux_42_3_1_1/boom_core_top_mux_42_3_1_1.vhd,1577,b9c1772292a652a9aeca79178e7f680b4cb01c6c3066810dbe7b474fcaa0bb32
full_core_rtl/hls_project/solution_w4_full_core_rtl/.autopilot/db/coregen/boom_core_top_mux_42_64_1_1/boom_core_top_mux_42_64_1_1.v,1181,51d8d3b24b1cbc6985c52bbc067b92bb0dd981b515e29a1170d8838ace05aa0f
full_core_rtl/hls_project/solution_w4_full_core_rtl/.autopilot/db/coregen/boom_core_top_mux_42_64_1_1/boom_core_top_mux_42_64_1_1.vhd,1587,6f5494dcc4ce55dfd6a9e2b9b5e8b6de891fe453912df45cb5cc326c5b8f6f1b
full_core_rtl/hls_project/solution_w4_full_core_rtl/.autopilot/db/coregen/boom_core_top_mux_42_8_1_1/boom_core_top_mux_42_8_1_1.v,1172,ae136a91b38c49d136679bd0ac573fc9ba3a83c96997ede67f67d3cc7c2bba0b
full_core_rtl/hls_project/solution_w4_full_core_rtl/.autopilot/db/coregen/boom_core_top_mux_42_8_1_1/boom_core_top_mux_42_8_1_1.vhd,1577,d6fa413322603fecedded1f0662765e32a77e9eb9f147c60e357ff3822afd895
full_core_rtl/hls_project/solution_w4_full_core_rtl/.autopilot/db/coregen/boom_core_top_state_branch_state_br_alloc_lists_RAM_AUTO_1R1W.h,2934,448f574cb0c7441f0597c84955a2b6c1aac96474e83337f86806ef5b46e9cc64
full_core_rtl/hls_project/solution_w4_full_core_rtl/.autopilot/db/coregen/boom_core_top_state_int_rf_bank0_RAM_AUTO_1R1W.h,2783,22b0c9664992e5cd8b17e6281048d338a32bbea50024f3a07d1d2c49e5b5bcf2
full_core_rtl/hls_project/solution_w4_full_core_rtl/.autopilot/db/coregen/boom_core_top_state_issue_alu_iq_entries_uop_csr_addr_RAM_AUTO_1R1W.h,2990,cfe4b403a9e9196094f270c8c4a24c595f0d2692d8d72424689b1d287ecab5ea
full_core_rtl/hls_project/solution_w4_full_core_rtl/.autopilot/db/coregen/boom_core_top_state_issue_alu_iq_entries_uop_debug_pc_RAM_AUTO_1R1W.h,2990,0f943fb5d4eb5a860caf05b0641184b87524fb03d6c366fede56425281b02bfb
full_core_rtl/hls_project/solution_w4_full_core_rtl/.autopilot/db/coregen/boom_core_top_state_issue_alu_iq_entries_uop_inst_RAM_AUTO_1R1W.h,2950,aec89ae7ddbd91006087cdb0dcb7f8c6c4171995b6a943d3b6f2d8daca881c4f
full_core_rtl/hls_project/solution_w4_full_core_rtl/.autopilot/db/coregen/boom_core_top_state_issue_alu_iq_entries_uop_uopc_RAM_AUTO_1R1W.h,2948,39c08858085a6efeb57f3a8d458615535174ab4e226f5ad871a3842f30cc876d
full_core_rtl/hls_project/solution_w4_full_core_rtl/.autopilot/db/coregen/boom_core_top_state_issue_alu_iq_entries_valid_RAM_AUTO_1R1W.h,2918,a97116acf659fd9db59591f0ebe717775c2a28b14c2875c7fee617bab8b73c82
full_core_rtl/hls_project/solution_w4_full_core_rtl/.autopilot/db/coregen/boom_core_top_state_rename_int_free_list_busy_table_RAM_AUTO_1R1W.h,3586,8e7d7f9568c5f9b4fa53c4b724b8c56d543a8945202befd5e2fb79ec0684cf90
full_core_rtl/hls_project/solution_w4_full_core_rtl/.autopilot/db/coregen/boom_core_top_state_rename_int_free_list_free_list_RAM_AUTO_1R1W.h,2961,f351d40619703bb94c4c42f3a99d3ba82f727b6cd36e0664778968d13e324920
full_core_rtl/hls_project/solution_w4_full_core_rtl/.autopilot/db/coregen/boom_core_top_state_rename_int_map_table_br_snapshots_RAM_AUTO_1R1W.h,2994,8aafba4985100eb19c75ff2b35e0f846e0bb61c2f73da227e30af88e8043727f
full_core_rtl/hls_project/solution_w4_full_core_rtl/.autopilot/db/coregen/boom_core_top_state_rename_int_map_table_committed_map_table_RAM_AUTO_1R1W.h,3061,7d05bb454f8bd4b9517612382f7ce55b98b81bba679b95d175743cc1f40bbcf5
full_core_rtl/hls_project/solution_w4_full_core_rtl/.autopilot/db/coregen/boom_core_top_state_rename_int_map_table_map_table_RAM_AUTO_1R1W.h,3576,aa1a9289ceb4e789fa6dcd8fd7a8075e41fb6be7fd316a757aa8e626aa663f83
full_core_rtl/hls_project/solution_w4_full_core_rtl/.autopilot/db/coregen/boom_core_top_state_rob_entries_uop_branch_br_tag_RAM_AUTO_1R1W.h,2951,8da51671d334ed59d8304de015468f4952376caa5d91ed7ad28c2a45b06021cb
full_core_rtl/hls_project/solution_w4_full_core_rtl/.autopilot/db/coregen/boom_core_top_state_rob_entries_uop_debug_pc_RAM_AUTO_1R1W.h,2903,d7b1804478e964e6af29952698242fc1eb05a5b90f3ab9bb8e5c0b8f18693f6e
full_core_rtl/hls_project/solution_w4_full_core_rtl/.autopilot/db/coregen/boom_core_top_state_rob_entries_uop_inst_RAM_AUTO_1R1W.h,2863,f2a670de275e3348b712b0842e6467e0c49a1a1647b86b5b4a90622538fb99f4
full_core_rtl/hls_project/solution_w4_full_core_rtl/.autopilot/db/coregen/boom_core_top_state_rob_entries_uop_queue_rob_idx_RAM_AUTO_1R1W.h,2951,8c9e28ce29e6f34ca13559c6cc88f8800ca671c2a290f79e2e4ffab379500d70
full_core_rtl/hls_project/solution_w4_full_core_rtl/.autopilot/db/coregen/boom_core_top_state_rob_entries_uop_rename_dst_rtype_RAM_AUTO_1R1W.h,2981,446f804e22c9a4ea7340cc6dafd4eadb21545588058ea7ef15688a0daa9de1e8
full_core_rtl/hls_project/solution_w4_full_core_rtl/.autopilot/db/coregen/boom_core_top_state_rob_entries_valid_RAM_AUTO_1R1W.h,2831,edd776f7da556485e38773e43f98941507579d2e54fac45f148f2c42498ee0e5
full_core_rtl/hls_project/solution_w4_full_core_rtl/.autopilot/db/coregen/fifo_fifo_4412/boom_core_top_fifo_w97_d2_S.v,3013,68f3247890cd84c8a30ca2f04e4668a5620ccc1b076eb03861dc12f9c8ab3b7c
full_core_rtl/hls_project/solution_w4_full_core_rtl/.autopilot/db/coregen/fifo_fifo_4412/boom_core_top_fifo_w97_d2_S.vhd,4674,d480ef53f0a42d7be2e5f9da1b735912ca8f4a7b735514eba556934d52e27154
full_core_rtl/hls_project/solution_w4_full_core_rtl/.autopilot/db/coregen/fifo_fifo_4413/boom_core_top_fifo_w193_d2_S.v,3019,7fd059c644f863db7187be6c81b1577dea978fffcfb3493e28309635a9800a37
full_core_rtl/hls_project/solution_w4_full_core_rtl/.autopilot/db/coregen/fifo_fifo_4413/boom_core_top_fifo_w193_d2_S.vhd,4685,49ef6de0864bda8e27427431be285fa2901ebb3085040dc505b85ee835a55e1d
full_core_rtl/hls_project/solution_w4_full_core_rtl/.autopilot/db/coregen/fifo_fifo_4414/boom_core_top_fifo_w283_d2_S.v,3019,6ff3dadabc81004a35598a91b3c119401068415715017e49b72e8d458346f042
full_core_rtl/hls_project/solution_w4_full_core_rtl/.autopilot/db/coregen/fifo_fifo_4414/boom_core_top_fifo_w283_d2_S.vhd,4685,8f1826f52413f7b09060a2451a64327965fa097b767cd7a2e2f56dfced10af40
full_core_rtl/hls_project/solution_w4_full_core_rtl/.autopilot/db/coregen/fifo_fifo_4415/boom_core_top_fifo_w289_d2_S.v,3019,f7c472e55bf4ae82c82e156ebc288995a6e5f1ef80fc987932c1220d1023f66b
full_core_rtl/hls_project/solution_w4_full_core_rtl/.autopilot/db/coregen/fifo_fifo_4415/boom_core_top_fifo_w289_d2_S.vhd,4685,f69d81066a0b7eca42b400988bab905d9d0c27777125033b238e73a1e9307eaa
full_core_rtl/hls_project/solution_w4_full_core_rtl/.autopilot/db/coregen/fifo_fifo_4416/boom_core_top_fifo_w518_d2_S.v,3019,b1f1ca86dcf6b97b74fb7292dc1374c35d38c4cb3c987726eeeec23af70ef8ef
full_core_rtl/hls_project/solution_w4_full_core_rtl/.autopilot/db/coregen/fifo_fifo_4416/boom_core_top_fifo_w518_d2_S.vhd,4685,24cf1b10e0fb7f452efa4e7b01d276589ddde97d34b2271c5e3844e7ee89cba1
full_core_rtl/hls_project/solution_w4_full_core_rtl/.autopilot/db/coregen/ram_mem_377/boom_core_top_compact_issue_queue_temp_valid_RAM_AUTO_1R1W.v,818,cc421fc71d0de14928e795caad39c09e128ea386900f94d8fee3a5ce46107350
full_core_rtl/hls_project/solution_w4_full_core_rtl/.autopilot/db/coregen/ram_mem_377/boom_core_top_compact_issue_queue_temp_valid_RAM_AUTO_1R1W.vhd,1873,fb9604fc047223ed183b5d89f898bb59c6e659e2b8b73e6df188e413415f3db6
full_core_rtl/hls_project/solution_w4_full_core_rtl/.autopilot/db/coregen/ram_mem_378/boom_core_top_compact_issue_queue_temp_uop_uopc_RAM_AUTO_1R1W.v,821,00b12b022103b93fed150b47048915672c573da1719264a22f9276080f4a1927
full_core_rtl/hls_project/solution_w4_full_core_rtl/.autopilot/db/coregen/ram_mem_378/boom_core_top_compact_issue_queue_temp_uop_uopc_RAM_AUTO_1R1W.vhd,1879,de6d0a67305eee683fc6be3734e017b939d3cc869fb107f23e260ec1d66dfc5e
full_core_rtl/hls_project/solution_w4_full_core_rtl/.autopilot/db/coregen/ram_mem_379/boom_core_top_compact_issue_queue_temp_uop_inst_RAM_AUTO_1R1W.v,822,6caf40a3e717652bc69c7cafd1c457594d6cd50c0a5fe607de1637504e68d6ec
full_core_rtl/hls_project/solution_w4_full_core_rtl/.autopilot/db/coregen/ram_mem_379/boom_core_top_compact_issue_queue_temp_uop_inst_RAM_AUTO_1R1W.vhd,1880,e65cfb41e2cc2c2c6de4dc965278a6acedfb1c675accc18586c766639ff306d2
full_core_rtl/hls_project/solution_w4_full_core_rtl/.autopilot/db/coregen/ram_mem_380/boom_core_top_compact_issue_queue_temp_uop_debug_pc_RAM_AUTO_1R1W.v,826,1fec7f1cbed360de46e4ec109470b8cf64e3725fc50076a66bc941d87b0d6c07
full_core_rtl/hls_project/solution_w4_full_core_rtl/.autopilot/db/coregen/ram_mem_380/boom_core_top_compact_issue_queue_temp_uop_debug_pc_RAM_AUTO_1R1W.vhd,1888,b3d54e2c375e0a8fe09dfe74147e5f1bf5dec4073a2cc306c086249b3ee6110a
full_core_rtl/hls_project/solution_w4_full_core_rtl/.autopilot/db/coregen/ram_mem_381/boom_core_top_compact_issue_queue_temp_uop_csr_addr_RAM_AUTO_1R1W.v,826,94af3069995e1a167ed0536eb93372aedc826e6dff27ed594a37eb4cf3c1057d
full_core_rtl/hls_project/solution_w4_full_core_rtl/.autopilot/db/coregen/ram_mem_381/boom_core_top_compact_issue_queue_temp_uop_csr_addr_RAM_AUTO_1R1W.vhd,1888,43770bd8d77b449e2a0aaa6190d1578032f7e5ca1ea8a7f732f595a9488333ea
full_core_rtl/hls_project/solution_w4_full_core_rtl/.autopilot/db/coregen/ram_mem_4394/boom_core_top_state_rename_int_map_table_map_table_RAM_AUTO_1R1W.dat,97,e487d2cc0548b0525d0e063810c2fc0e33adc722bfcea3e7e7f19c934ef10165
full_core_rtl/hls_project/solution_w4_full_core_rtl/.autopilot/db/coregen/ram_mem_4394/boom_core_top_state_rename_int_map_table_map_table_RAM_AUTO_1R1W.v,1124,d9fce5a761f6fd1134704e58ea4aca1a3b1c6f8570c8e686b317e39ded06c1de
full_core_rtl/hls_project/solution_w4_full_core_rtl/.autopilot/db/coregen/ram_mem_4394/boom_core_top_state_rename_int_map_table_map_table_RAM_AUTO_1R1W.vhd,2665,cc54594073799ab6e82d59893bc16aea1f37029d0baec24b07c2252e1799b665
full_core_rtl/hls_project/solution_w4_full_core_rtl/.autopilot/db/coregen/ram_mem_4395/boom_core_top_state_rename_int_map_table_committed_map_table_RAM_AUTO_1R1W.dat,97,e487d2cc0548b0525d0e063810c2fc0e33adc722bfcea3e7e7f19c934ef10165
full_core_rtl/hls_project/solution_w4_full_core_rtl/.autopilot/db/coregen/ram_mem_4395/boom_core_top_state_rename_int_map_table_committed_map_table_RAM_AUTO_1R1W.v,957,6bdf5aa9a7e9fad825fff9cf634be315983388dd26a042a0899c8f5412f8c5b9
full_core_rtl/hls_project/solution_w4_full_core_rtl/.autopilot/db/coregen/ram_mem_4395/boom_core_top_state_rename_int_map_table_committed_map_table_RAM_AUTO_1R1W.vhd,1933,aa0bc50d08c48ab5772432ed02677635a280f51b6ef52ae20da859830d2a11a6
full_core_rtl/hls_project/solution_w4_full_core_rtl/.autopilot/db/coregen/ram_mem_4396/boom_core_top_state_rename_int_map_table_br_snapshots_RAM_AUTO_1R1W.dat,769,a3aced54b1c49e5b95fd1c0600df72f947e0826ff8ee87a3f8cb0af232621f27
full_core_rtl/hls_project/solution_w4_full_core_rtl/.autopilot/db/coregen/ram_mem_4396/boom_core_top_state_rename_int_map_table_br_snapshots_RAM_AUTO_1R1W.v,944,30234b9dc95948e93237d19eb0c9624ce70107a95351dab256202720469098d4
full_core_rtl/hls_project/solution_w4_full_core_rtl/.autopilot/db/coregen/ram_mem_4396/boom_core_top_state_rename_int_map_table_br_snapshots_RAM_AUTO_1R1W.vhd,1920,50d41fd6626eedde20ce8033bed638b1933379ee3b755c0c34f4dafd70fe9e9e
full_core_rtl/hls_project/solution_w4_full_core_rtl/.autopilot/db/coregen/ram_mem_4397/boom_core_top_state_rename_int_free_list_free_list_RAM_AUTO_1R1W.dat,157,2fad826e5e3646f3bbb2516522faeeb22d93b050c4f3d120cf04f18ec7281568
full_core_rtl/hls_project/solution_w4_full_core_rtl/.autopilot/db/coregen/ram_mem_4397/boom_core_top_state_rename_int_free_list_free_list_RAM_AUTO_1R1W.v,937,09490f61d5e41cf075772c76e1422c861f3f9cd47a791aa94b28e6af365f371b
full_core_rtl/hls_project/solution_w4_full_core_rtl/.autopilot/db/coregen/ram_mem_4397/boom_core_top_state_rename_int_free_list_free_list_RAM_AUTO_1R1W.vhd,1913,e72727404b30914c93a50c7b93d0ec96106ba15c2d855fa1c0da26ea449f8503
full_core_rtl/hls_project/solution_w4_full_core_rtl/.autopilot/db/coregen/ram_mem_4398/boom_core_top_state_rename_int_free_list_busy_table_RAM_AUTO_1R1W.dat,105,8a8b258de62af0a6ba879edb1b25c1de471067d8aed0f05874666e2d1a23a43d
full_core_rtl/hls_project/solution_w4_full_core_rtl/.autopilot/db/coregen/ram_mem_4398/boom_core_top_state_rename_int_free_list_busy_table_RAM_AUTO_1R1W.v,1126,04e327d3f241a08985d6bf582c395ac73e0bc7e4ce049f9c620ba333dff25509
full_core_rtl/hls_project/solution_w4_full_core_rtl/.autopilot/db/coregen/ram_mem_4398/boom_core_top_state_rename_int_free_list_busy_table_RAM_AUTO_1R1W.vhd,2667,b2b179553ac24ba458618d759fef460131cd4eaec50265a0e5b3e8b5bf3d0db0
full_core_rtl/hls_project/solution_w4_full_core_rtl/.autopilot/db/coregen/ram_mem_4399/boom_core_top_state_issue_alu_iq_entries_valid_RAM_AUTO_1R1W.dat,17,79c3ad45084e9022b4d66ea6f82f3eddba71a4a0654b11d0ebf329a5ba6fe8e7
full_core_rtl/hls_project/solution_w4_full_core_rtl/.autopilot/db/coregen/ram_mem_4399/boom_core_top_state_issue_alu_iq_entries_valid_RAM_AUTO_1R1W.v,928,1d595705d49baa4b075344e41f5a8b46848a13e3312ff85a0ae3542993cc5db6
full_core_rtl/hls_project/solution_w4_full_core_rtl/.autopilot/db/coregen/ram_mem_4399/boom_core_top_state_issue_alu_iq_entries_valid_RAM_AUTO_1R1W.vhd,1904,5f7f3f3021b286fca4edb22b045aeca151db74180c297cca25f8cdd12aba690c
full_core_rtl/hls_project/solution_w4_full_core_rtl/.autopilot/db/coregen/ram_mem_4400/boom_core_top_state_issue_alu_iq_entries_uop_uopc_RAM_AUTO_1R1W.dat,25,bb902bb0728d937615033e9da5b5429666452f3e70cc5c8d52b2d529ec87ad58
full_core_rtl/hls_project/solution_w4_full_core_rtl/.autopilot/db/coregen/ram_mem_4400/boom_core_top_state_issue_alu_iq_entries_uop_uopc_RAM_AUTO_1R1W.v,934,edcb14129eb3b655f0bd2eec35796cea589b9adab6f2f873c6d531938172ce22
full_core_rtl/hls_project/solution_w4_full_core_rtl/.autopilot/db/coregen/ram_mem_4400/boom_core_top_state_issue_alu_iq_entries_uop_uopc_RAM_AUTO_1R1W.vhd,1910,5d5b60d3631f26b9dd1caa6f0b60c26b09cf411455015a8bc71802673737cd65
full_core_rtl/hls_project/solution_w4_full_core_rtl/.autopilot/db/coregen/ram_mem_4401/boom_core_top_state_issue_alu_iq_entries_uop_inst_RAM_AUTO_1R1W.dat,73,05800619c0d00046d1eef75d78b1ce2c010dd6703a55919968b94939420e1255
full_core_rtl/hls_project/solution_w4_full_core_rtl/.autopilot/db/coregen/ram_mem_4401/boom_core_top_state_issue_alu_iq_entries_uop_inst_RAM_AUTO_1R1W.v,935,ecadec185be9096ce7c46b78903adc83be8fe4b565612be9775bbb1fafda1246
full_core_rtl/hls_project/solution_w4_full_core_rtl/.autopilot/db/coregen/ram_mem_4401/boom_core_top_state_issue_alu_iq_entries_uop_inst_RAM_AUTO_1R1W.vhd,1911,078f738d5ccab05f6471443da5c1a0fa006e0a099d3567d4438aa197add150aa
full_core_rtl/hls_project/solution_w4_full_core_rtl/.autopilot/db/coregen/ram_mem_4402/boom_core_top_state_issue_alu_iq_entries_uop_debug_pc_RAM_AUTO_1R1W.dat,137,5f8dd2eb99e01855baf8a403bea4c25da173f180c729e968df7aa30f02d174db
full_core_rtl/hls_project/solution_w4_full_core_rtl/.autopilot/db/coregen/ram_mem_4402/boom_core_top_state_issue_alu_iq_entries_uop_debug_pc_RAM_AUTO_1R1W.v,943,d95f8ae698b3e5c8c39c1330f9065d7b6a03974743b3ce70de350fd35587ced4
full_core_rtl/hls_project/solution_w4_full_core_rtl/.autopilot/db/coregen/ram_mem_4402/boom_core_top_state_issue_alu_iq_entries_uop_debug_pc_RAM_AUTO_1R1W.vhd,1919,1784861516c79600def3ba35bb44ac9408d03c4763897eede1e8f8649f4de303
full_core_rtl/hls_project/solution_w4_full_core_rtl/.autopilot/db/coregen/ram_mem_4403/boom_core_top_state_issue_alu_iq_entries_uop_csr_addr_RAM_AUTO_1R1W.dat,41,9530b8e87c1cf286feb3006583f9a6c6e4f10fcda2a4db64de65d2258f8c161e
full_core_rtl/hls_project/solution_w4_full_core_rtl/.autopilot/db/coregen/ram_mem_4403/boom_core_top_state_issue_alu_iq_entries_uop_csr_addr_RAM_AUTO_1R1W.v,943,6297f9acc55cc6fcf76f25ec94b6410773d28603429764a2feacd44e662129fb
full_core_rtl/hls_project/solution_w4_full_core_rtl/.autopilot/db/coregen/ram_mem_4403/boom_core_top_state_issue_alu_iq_entries_uop_csr_addr_RAM_AUTO_1R1W.vhd,1919,f9d2c584fc8a6fe8408e7e73c175b8306863b832ee21ab8ca1a38f6cd5289758
full_core_rtl/hls_project/solution_w4_full_core_rtl/.autopilot/db/coregen/ram_mem_4404/boom_core_top_state_rob_entries_valid_RAM_AUTO_1R1W.dat,65,d89fea9237d912177b6cb334fd8c5f783a1081146af018a5c6f997fe9173595b
full_core_rtl/hls_project/solution_w4_full_core_rtl/.autopilot/db/coregen/ram_mem_4404/boom_core_top_state_rob_entries_valid_RAM_AUTO_1R1W.v,911,940315a91c95dfc90505e340362049504aac32e957d951e9bed7f5510cefa145
full_core_rtl/hls_project/solution_w4_full_core_rtl/.autopilot/db/coregen/ram_mem_4404/boom_core_top_state_rob_entries_valid_RAM_AUTO_1R1W.vhd,1887,716ba379d884792249500316f44f7c4a882e4418ffdb9b4b0bc462e682bcbb7d
full_core_rtl/hls_project/solution_w4_full_core_rtl/.autopilot/db/coregen/ram_mem_4405/boom_core_top_state_rob_entries_uop_inst_RAM_AUTO_1R1W.dat,289,6f24a78a9aa658343e9d345e36b57cd3f20fb53592383e645c52378d96f8f8de
full_core_rtl/hls_project/solution_w4_full_core_rtl/.autopilot/db/coregen/ram_mem_4405/boom_core_top_state_rob_entries_uop_inst_RAM_AUTO_1R1W.v,918,d8fb568af3f3190ef7bfb9bb68be52a41d1dbb18fae4aee95cbb46e6f3ff0165
full_core_rtl/hls_project/solution_w4_full_core_rtl/.autopilot/db/coregen/ram_mem_4405/boom_core_top_state_rob_entries_uop_inst_RAM_AUTO_1R1W.vhd,1894,3584086a4a17c2d4b0b73166001df0b68bdf2fdccbe2ac048cd10bba5910ef18
full_core_rtl/hls_project/solution_w4_full_core_rtl/.autopilot/db/coregen/ram_mem_4406/boom_core_top_state_rob_entries_uop_debug_pc_RAM_AUTO_1R1W.dat,545,3883b3ed39c8ceb39ac0059ffc995af8c6bd6a43bba18adb57154d8b04d38fbc
full_core_rtl/hls_project/solution_w4_full_core_rtl/.autopilot/db/coregen/ram_mem_4406/boom_core_top_state_rob_entries_uop_debug_pc_RAM_AUTO_1R1W.v,926,c478d1083cd3d9a89a7d2659708902460091bd95f6d617020544495d06cafb95
full_core_rtl/hls_project/solution_w4_full_core_rtl/.autopilot/db/coregen/ram_mem_4406/boom_core_top_state_rob_entries_uop_debug_pc_RAM_AUTO_1R1W.vhd,1902,717301a7560c5b10c45ac18491852fb0fbd8405e0bde50334950fcaa5e380d83
full_core_rtl/hls_project/solution_w4_full_core_rtl/.autopilot/db/coregen/ram_mem_4407/boom_core_top_state_rob_entries_uop_branch_br_tag_RAM_AUTO_1R1W.dat,65,d89fea9237d912177b6cb334fd8c5f783a1081146af018a5c6f997fe9173595b
full_core_rtl/hls_project/solution_w4_full_core_rtl/.autopilot/db/coregen/ram_mem_4407/boom_core_top_state_rob_entries_uop_branch_br_tag_RAM_AUTO_1R1W.v,935,0c43307e7fbd39feba019ebf2c4f1dec51a1c1c16f5086894d169566d6685732
full_core_rtl/hls_project/solution_w4_full_core_rtl/.autopilot/db/coregen/ram_mem_4407/boom_core_top_state_rob_entries_uop_branch_br_tag_RAM_AUTO_1R1W.vhd,1911,78c3edfa2c672838a0786d9c642f037e256a87fdb146f1ebbbf4ed4702338b0c
full_core_rtl/hls_project/solution_w4_full_core_rtl/.autopilot/db/coregen/ram_mem_4408/boom_core_top_state_rob_entries_uop_queue_rob_idx_RAM_AUTO_1R1W.dat,97,e487d2cc0548b0525d0e063810c2fc0e33adc722bfcea3e7e7f19c934ef10165
full_core_rtl/hls_project/solution_w4_full_core_rtl/.autopilot/db/coregen/ram_mem_4408/boom_core_top_state_rob_entries_uop_queue_rob_idx_RAM_AUTO_1R1W.v,935,b6a346dc25ecd4f6c669fd699f56991b9a318f4f269f59e453c902c84fad3ba8
full_core_rtl/hls_project/solution_w4_full_core_rtl/.autopilot/db/coregen/ram_mem_4408/boom_core_top_state_rob_entries_uop_queue_rob_idx_RAM_AUTO_1R1W.vhd,1911,1b8345e3d09b1897d69f780ad7af1f3e1a976f5febe932ceb158b1cfc0f150e9
full_core_rtl/hls_project/solution_w4_full_core_rtl/.autopilot/db/coregen/ram_mem_4409/boom_core_top_state_rob_entries_uop_rename_dst_rtype_RAM_AUTO_1R1W.dat,65,d89fea9237d912177b6cb334fd8c5f783a1081146af018a5c6f997fe9173595b
full_core_rtl/hls_project/solution_w4_full_core_rtl/.autopilot/db/coregen/ram_mem_4409/boom_core_top_state_rob_entries_uop_rename_dst_rtype_RAM_AUTO_1R1W.v,941,aa473b239b441b80c92285242454e1e41e5d58bb4913bab62d442ee09867341f
full_core_rtl/hls_project/solution_w4_full_core_rtl/.autopilot/db/coregen/ram_mem_4409/boom_core_top_state_rob_entries_uop_rename_dst_rtype_RAM_AUTO_1R1W.vhd,1917,4f4342159f3b738ff8a187c6c22ecc706e2737005aa7144925dca679703a4dea
full_core_rtl/hls_project/solution_w4_full_core_rtl/.autopilot/db/coregen/ram_mem_4410/boom_core_top_state_branch_state_br_alloc_lists_RAM_AUTO_1R1W.dat,833,fbb089b61e03868de30aa007a6c4d0314307a4d1dcb71b4a63c00272d1f70694
full_core_rtl/hls_project/solution_w4_full_core_rtl/.autopilot/db/coregen/ram_mem_4410/boom_core_top_state_branch_state_br_alloc_lists_RAM_AUTO_1R1W.v,932,556b420d7fed3262ca7a1367045ae78fc5ca8e0fc0b1b1b300fd83e4d054308c
full_core_rtl/hls_project/solution_w4_full_core_rtl/.autopilot/db/coregen/ram_mem_4410/boom_core_top_state_branch_state_br_alloc_lists_RAM_AUTO_1R1W.vhd,1908,2e32354920a1d6a330daa0475159fc93ac929f4b766b51ae0d950def86652e5c
full_core_rtl/hls_project/solution_w4_full_core_rtl/.autopilot/db/coregen/ram_mem_4411/boom_core_top_state_int_rf_bank0_RAM_AUTO_1R1W.dat,885,10b66f84c5618d28ef9abdd8a32278f4e3b7328644bc773636217cd72bbdf7c3
full_core_rtl/hls_project/solution_w4_full_core_rtl/.autopilot/db/coregen/ram_mem_4411/boom_core_top_state_int_rf_bank0_RAM_AUTO_1R1W.v,902,5291e01f879962c5bb5c7aff93bebacb76585aa90749053cba5d2a592ef6a062
full_core_rtl/hls_project/solution_w4_full_core_rtl/.autopilot/db/coregen/ram_mem_4411/boom_core_top_state_int_rf_bank0_RAM_AUTO_1R1W.vhd,1878,16475dbad4ad0704b6f37590ad6a6f2e563af32014564ace2b8f1ceba49fb91a
full_core_rtl/hls_project/solution_w4_full_core_rtl/.autopilot/db/decode_module.adb,1742543,f5c1de80cfaec27de8c39f0bc79d7a56e356d702067dd32041611498584e5583
full_core_rtl/hls_project/solution_w4_full_core_rtl/.autopilot/db/decode_module.adb.xml,1050468,ba11da24f200b4f4af15f7baf58ee0f3f3d1c35941f4f22dac330f4296ca37ab
full_core_rtl/hls_project/solution_w4_full_core_rtl/.autopilot/db/decode_module.bind.adb,1408860,0efd33b291b7644c84c6a94307332b6b022cb04d71c4cb53e2e8e6999422410c
full_core_rtl/hls_project/solution_w4_full_core_rtl/.autopilot/db/decode_module.bind.adb.xml,1050468,ba11da24f200b4f4af15f7baf58ee0f3f3d1c35941f4f22dac330f4296ca37ab
full_core_rtl/hls_project/solution_w4_full_core_rtl/.autopilot/db/decode_module.compgen.dataonly.tcl,63,e46a3953139e7b82d22fb1873c9ef5c39a7bdd291aefc492638cfefdd2bbbae0
full_core_rtl/hls_project/solution_w4_full_core_rtl/.autopilot/db/decode_module.compgen.tcl,15413,0b3894a2627ba2fe1456c09cc2a170d091c74b318022953336c6761f6597c122
full_core_rtl/hls_project/solution_w4_full_core_rtl/.autopilot/db/decode_module.sched.adb,1296865,79c1021f07b864d1b731983eea44970556db4a453617175e671ffdca139919e7
full_core_rtl/hls_project/solution_w4_full_core_rtl/.autopilot/db/decode_module.sched.adb.xml,262135,7d3b0862380acd27df601bdf51657bfd9e5ae57adb20c81cfbaeee2721ad14d1
full_core_rtl/hls_project/solution_w4_full_core_rtl/.autopilot/db/decode_module.tbgen.tcl,38823,c83165b11593979a1cf423131aea835415bff3d456e6d0802870df9d36ff364d
full_core_rtl/hls_project/solution_w4_full_core_rtl/.autopilot/db/decode_module.verbose.bind.rpt,539076,0464ae9004ac7e4275f5e887ee89eca61fb97c272adc2e71895cacdaa5f300b6
full_core_rtl/hls_project/solution_w4_full_core_rtl/.autopilot/db/decode_module.verbose.bind.rpt.xml,1410,e0b11f12d32c2e404b62c69cc78b7a633ae0a4bb8c971fcd70e38231f35e4650
full_core_rtl/hls_project/solution_w4_full_core_rtl/.autopilot/db/decode_module.verbose.rpt,561956,2e8d0d137487349df290e61ac6c551f76b5d846f40c9d04c549b37a6890cf660
full_core_rtl/hls_project/solution_w4_full_core_rtl/.autopilot/db/decode_module.verbose.rpt.xml,17760,c81036cd940e4f4a32178cb4c5a68ab5bf9649a05c4aa43febdb63244a1e76a3
full_core_rtl/hls_project/solution_w4_full_core_rtl/.autopilot/db/decode_module.verbose.sched.rpt,149619,7938d05c42de0a9d43f1832a8b7f769f00b0f7ea5da7325e564ba82109f52f63
full_core_rtl/hls_project/solution_w4_full_core_rtl/.autopilot/db/decode_module.verbose.sched.rpt.xml,1410,e0b11f12d32c2e404b62c69cc78b7a633ae0a4bb8c971fcd70e38231f35e4650
full_core_rtl/hls_project/solution_w4_full_core_rtl/.autopilot/db/decode_moduleap_header.systemc.txt.ap_header.txt,0,e3b0c44298fc1c149afbf4c8996fb92427ae41e4649b934ca495991b7852b855
full_core_rtl/hls_project/solution_w4_full_core_rtl/.autopilot/db/decode_moduleap_header.verilog.txt.ap_header.txt,0,e3b0c44298fc1c149afbf4c8996fb92427ae41e4649b934ca495991b7852b855
full_core_rtl/hls_project/solution_w4_full_core_rtl/.autopilot/db/decode_moduleap_header.vhdl.txt.ap_header.txt,0,e3b0c44298fc1c149afbf4c8996fb92427ae41e4649b934ca495991b7852b855
full_core_rtl/hls_project/solution_w4_full_core_rtl/.autopilot/db/design.bindinfo.xml,668578,6424262c0775c8a8de893fa3e8668e460dafe976c3253c902125272a92d8f05f
full_core_rtl/hls_project/solution_w4_full_core_rtl/.autopilot/db/dsp_style,7,c8b3e0f4d0519e984f974bdd85ea3d9a1f948bfbe676f66231e6d57f1dbfd6a4
full_core_rtl/hls_project/solution_w4_full_core_rtl/.autopilot/db/dut.hcp,626983,df1bfa451153fc8a954fc04f5b9ce4002d3f2885c1e7e2b170d561eb810e2135
full_core_rtl/hls_project/solution_w4_full_core_rtl/.autopilot/db/execute_module.adb,3261726,081ece01e76f172d79e07d5bcc41fec801b368ca883203db825a0253442e64d2
full_core_rtl/hls_project/solution_w4_full_core_rtl/.autopilot/db/execute_module.adb.xml,588865,a884f849aedec1ea5b9b95f1ba9fc0ec71be9b5f7325fce3df796cbd28119bf2
full_core_rtl/hls_project/solution_w4_full_core_rtl/.autopilot/db/execute_module.bind.adb,2589635,2c32a320d8f6bc6f16d2936eafd28e794633ff1688c6fa1a6ba41c746a38ab71
full_core_rtl/hls_project/solution_w4_full_core_rtl/.autopilot/db/execute_module.bind.adb.xml,588865,a884f849aedec1ea5b9b95f1ba9fc0ec71be9b5f7325fce3df796cbd28119bf2
full_core_rtl/hls_project/solution_w4_full_core_rtl/.autopilot/db/execute_module.compgen.dataonly.tcl,63,e46a3953139e7b82d22fb1873c9ef5c39a7bdd291aefc492638cfefdd2bbbae0
full_core_rtl/hls_project/solution_w4_full_core_rtl/.autopilot/db/execute_module.compgen.tcl,46321,4bc7f349c188b4c305a4b5bc27387fe5eac5b743f5c19a180aed8708f847cba6
full_core_rtl/hls_project/solution_w4_full_core_rtl/.autopilot/db/execute_module.sched.adb,2261544,a4507efd6f75a8d82d1ce9eb75748974e1856638e5a51077699c13b5ab7a4993
full_core_rtl/hls_project/solution_w4_full_core_rtl/.autopilot/db/execute_module.sched.adb.xml,435953,8e2498ef17f2eefde1ebdb31a654411bf4dc862f11ad19277e809179c6818b4b
full_core_rtl/hls_project/solution_w4_full_core_rtl/.autopilot/db/execute_module.tbgen.tcl,105673,05df5af1763a880f58626e7da7f1e6479e1290293e7025421a7bb22d6d2a1505
full_core_rtl/hls_project/solution_w4_full_core_rtl/.autopilot/db/execute_module.verbose.bind.rpt,645535,63f9fc772858488ca817d8206b3d524e40600de8cb777151267acd498b496e70
full_core_rtl/hls_project/solution_w4_full_core_rtl/.autopilot/db/execute_module.verbose.bind.rpt.xml,1623,055a4e7adb027d8c258bea5014c00c56dc48dafa8e65c725438cf46205000ec3
full_core_rtl/hls_project/solution_w4_full_core_rtl/.autopilot/db/execute_module.verbose.rpt,702514,ac480262b603140e3b1ad8e26eb0132ffdda0015897610a792cd8a1445677ade
full_core_rtl/hls_project/solution_w4_full_core_rtl/.autopilot/db/execute_module.verbose.rpt.xml,38798,f88b5dbb5449d26b54c6f9ab3a30ed41881a9e00ab65184ad1802a44a7d630da
full_core_rtl/hls_project/solution_w4_full_core_rtl/.autopilot/db/execute_module.verbose.sched.rpt,281236,a50ac9963327bef0e61fd817df04dd22d2eba13f9e89f30fbd0b4dbe269abbc1
full_core_rtl/hls_project/solution_w4_full_core_rtl/.autopilot/db/execute_module.verbose.sched.rpt.xml,1623,055a4e7adb027d8c258bea5014c00c56dc48dafa8e65c725438cf46205000ec3
full_core_rtl/hls_project/solution_w4_full_core_rtl/.autopilot/db/execute_moduleap_header.systemc.txt.ap_header.txt,0,e3b0c44298fc1c149afbf4c8996fb92427ae41e4649b934ca495991b7852b855
full_core_rtl/hls_project/solution_w4_full_core_rtl/.autopilot/db/execute_moduleap_header.verilog.txt.ap_header.txt,0,e3b0c44298fc1c149afbf4c8996fb92427ae41e4649b934ca495991b7852b855
full_core_rtl/hls_project/solution_w4_full_core_rtl/.autopilot/db/execute_moduleap_header.vhdl.txt.ap_header.txt,0,e3b0c44298fc1c149afbf4c8996fb92427ae41e4649b934ca495991b7852b855
full_core_rtl/hls_project/solution_w4_full_core_rtl/.autopilot/db/fe_messages.xml,134722,97b5b09531dbd5bee83e92fefe8bb735dff813e3fbfc26247d98ad805f12224a
full_core_rtl/hls_project/solution_w4_full_core_rtl/.autopilot/db/fe_pragma_dump.reflow.0.xml,12634,f74feb045966082d804684e89d794e4c3527cad13dee045b7baff5bd32ce2713
full_core_rtl/hls_project/solution_w4_full_core_rtl/.autopilot/db/frontend_module.adb,544262,08e4a8bd5de534723d71a974583a613e535d94168ece0699dbabc0020d0916f2
full_core_rtl/hls_project/solution_w4_full_core_rtl/.autopilot/db/frontend_module.adb.xml,124266,37e02dc63f69cf4b5ebd7b25d8f31203d8cabdaa1ee2b7a64c3bd9e1bb74b5d1
full_core_rtl/hls_project/solution_w4_full_core_rtl/.autopilot/db/frontend_module.bind.adb,414216,67925e049ccd78cdd3f92267b529be1e92ad8dcf1c57a5d0bbd6b8556e270b2e
full_core_rtl/hls_project/solution_w4_full_core_rtl/.autopilot/db/frontend_module.bind.adb.xml,124266,37e02dc63f69cf4b5ebd7b25d8f31203d8cabdaa1ee2b7a64c3bd9e1bb74b5d1
full_core_rtl/hls_project/solution_w4_full_core_rtl/.autopilot/db/frontend_module.compgen.dataonly.tcl,63,e46a3953139e7b82d22fb1873c9ef5c39a7bdd291aefc492638cfefdd2bbbae0
full_core_rtl/hls_project/solution_w4_full_core_rtl/.autopilot/db/frontend_module.compgen.tcl,9358,e3c813664aa68a6de5b224a4877c7765c285ea3928983986611de93df8c1f814
full_core_rtl/hls_project/solution_w4_full_core_rtl/.autopilot/db/frontend_module.sched.adb,348155,d7507aeb821267d9517d19adede9e4208351e3dc6c99972d8075543e3b3e71c2
full_core_rtl/hls_project/solution_w4_full_core_rtl/.autopilot/db/frontend_module.sched.adb.xml,58147,b80fa4a4e8390f97466c26520371a7b6a7fcd69f76f70895b9f45eccc4869f43
full_core_rtl/hls_project/solution_w4_full_core_rtl/.autopilot/db/frontend_module.tbgen.tcl,22899,cb6950cf6e8d74299efe82f877fe621ef3294440be470fbfcef29d553f7dfef2
full_core_rtl/hls_project/solution_w4_full_core_rtl/.autopilot/db/frontend_module.verbose.bind.rpt,130682,e3bcce322e3e31dc94b900cd80c68db9dffd327205a552fff024d14fdaa12c9d
full_core_rtl/hls_project/solution_w4_full_core_rtl/.autopilot/db/frontend_module.verbose.bind.rpt.xml,1412,af704e986ac753747da4b8ef824662527a1fa9a18c3fe05328ed78f19d0e73a3
full_core_rtl/hls_project/solution_w4_full_core_rtl/.autopilot/db/frontend_module.verbose.rpt,147876,26bb5cf30513a45127f80869694d9a26b47a33ab12c814c7d3e599f9309a526c
full_core_rtl/hls_project/solution_w4_full_core_rtl/.autopilot/db/frontend_module.verbose.rpt.xml,13571,6c9ba56fa24dcec0ac52890d344062a323e99bdda23220bf68f73b46832ab0a2
full_core_rtl/hls_project/solution_w4_full_core_rtl/.autopilot/db/frontend_module.verbose.sched.rpt,41599,85be2ea354e1553bccec009b35ee0913db1b3e85d3fe10584dd9b0a2d180a4e9
full_core_rtl/hls_project/solution_w4_full_core_rtl/.autopilot/db/frontend_module.verbose.sched.rpt.xml,1412,af704e986ac753747da4b8ef824662527a1fa9a18c3fe05328ed78f19d0e73a3
full_core_rtl/hls_project/solution_w4_full_core_rtl/.autopilot/db/frontend_moduleap_header.systemc.txt.ap_header.txt,0,e3b0c44298fc1c149afbf4c8996fb92427ae41e4649b934ca495991b7852b855
full_core_rtl/hls_project/solution_w4_full_core_rtl/.autopilot/db/frontend_moduleap_header.verilog.txt.ap_header.txt,0,e3b0c44298fc1c149afbf4c8996fb92427ae41e4649b934ca495991b7852b855
full_core_rtl/hls_project/solution_w4_full_core_rtl/.autopilot/db/frontend_moduleap_header.vhdl.txt.ap_header.txt,0,e3b0c44298fc1c149afbf4c8996fb92427ae41e4649b934ca495991b7852b855
full_core_rtl/hls_project/solution_w4_full_core_rtl/.autopilot/db/global.setting.tcl,1977,f37ce2ad17c4df6bd0e557658bccb371a27379b987c2f9c868b51d68ba28ef9c
full_core_rtl/hls_project/solution_w4_full_core_rtl/.autopilot/db/hls_design_meta.cpp,1948,331c64e48fc561cac8a3eacb83d88951f29039d289928af7a65d0f4a30ad6b3b
full_core_rtl/hls_project/solution_w4_full_core_rtl/.autopilot/db/hls_design_meta.h,382,ea61c636ddebfedad9f648585b299dcb61a8f817441a47c0d40e9b4f396c5dc1
full_core_rtl/hls_project/solution_w4_full_core_rtl/.autopilot/db/hls_design_meta.tcl,39,2e4f55c27f214f2472d1495faa17eb997440b73add26db12a99c1e937b06f2cf
full_core_rtl/hls_project/solution_w4_full_core_rtl/.autopilot/db/issue_module.adb,10014987,b27c67b8ebec2bd53a3d93cf0fd98dc9a908a593645cbd152b332230627614e0
full_core_rtl/hls_project/solution_w4_full_core_rtl/.autopilot/db/issue_module.adb.xml,1821506,fdb6c346648a13fca6a6a214537adb08876f167f9a7566118a212307d7fe36c1
full_core_rtl/hls_project/solution_w4_full_core_rtl/.autopilot/db/issue_module.bind.adb,7554558,0aab4cafe2a27e6f35404fd741e7c0179784dd0d2f791ad29d7ff9b42c4deab0
full_core_rtl/hls_project/solution_w4_full_core_rtl/.autopilot/db/issue_module.bind.adb.xml,1821506,fdb6c346648a13fca6a6a214537adb08876f167f9a7566118a212307d7fe36c1
full_core_rtl/hls_project/solution_w4_full_core_rtl/.autopilot/db/issue_module.compgen.dataonly.tcl,63,e46a3953139e7b82d22fb1873c9ef5c39a7bdd291aefc492638cfefdd2bbbae0
full_core_rtl/hls_project/solution_w4_full_core_rtl/.autopilot/db/issue_module.compgen.tcl,173265,16fc7ff3d7ebce780b0a4dad4af95882b35ee1045fc5270919f7aa2add44310e
full_core_rtl/hls_project/solution_w4_full_core_rtl/.autopilot/db/issue_module.sched.adb,6335996,45d2dfb69daf1f32e07ca71619ecf720e08a5bbca84e0395cd01921727e78071
full_core_rtl/hls_project/solution_w4_full_core_rtl/.autopilot/db/issue_module.sched.adb.xml,1184763,2b07dcad98edeb1bab69eb34d22e09338562e08978b58054c1dc0b39f8b954be
full_core_rtl/hls_project/solution_w4_full_core_rtl/.autopilot/db/issue_module.tbgen.tcl,521409,519dd76dd51501c924eb8285195acbb9be10f350d5b26831223e855c7b7c6df7
full_core_rtl/hls_project/solution_w4_full_core_rtl/.autopilot/db/issue_module.verbose.bind.rpt,2477003,c9f60102683ef265c8993165195969533d389f4778f23841491d8ac15114220d
full_core_rtl/hls_project/solution_w4_full_core_rtl/.autopilot/db/issue_module.verbose.bind.rpt.xml,2547,7463831dc2ee3f2c146d894c4b382549ab509b36a2006fe76833d6681aceae35
full_core_rtl/hls_project/solution_w4_full_core_rtl/.autopilot/db/issue_module.verbose.rpt,2789330,7e5118a4fac1e2771c2de03d6714e3f8eaf39d22bff00a8ed7a1efde0e2f8675
full_core_rtl/hls_project/solution_w4_full_core_rtl/.autopilot/db/issue_module.verbose.rpt.xml,232003,dc76516c81ae10b6c4ec6073fa2e87a0ed4338f0efd0875e680f8debcb9d5a64
full_core_rtl/hls_project/solution_w4_full_core_rtl/.autopilot/db/issue_module.verbose.sched.rpt,896837,fdf6ca6d04b1994916a60794872ec47d660658f8616027795f94491f069a1d39
full_core_rtl/hls_project/solution_w4_full_core_rtl/.autopilot/db/issue_module.verbose.sched.rpt.xml,2467,9d356cc708348a013a711a50b8b7759f508a88ce3270c59748fdef668f7c9171
full_core_rtl/hls_project/solution_w4_full_core_rtl/.autopilot/db/issue_moduleap_header.systemc.txt.ap_header.txt,0,e3b0c44298fc1c149afbf4c8996fb92427ae41e4649b934ca495991b7852b855
full_core_rtl/hls_project/solution_w4_full_core_rtl/.autopilot/db/issue_moduleap_header.verilog.txt.ap_header.txt,0,e3b0c44298fc1c149afbf4c8996fb92427ae41e4649b934ca495991b7852b855
full_core_rtl/hls_project/solution_w4_full_core_rtl/.autopilot/db/issue_moduleap_header.vhdl.txt.ap_header.txt,0,e3b0c44298fc1c149afbf4c8996fb92427ae41e4649b934ca495991b7852b855
full_core_rtl/hls_project/solution_w4_full_core_rtl/.autopilot/db/kill_execute_state.adb,1316194,e88d31cf063c402c26e6a173d877727babcc51a4623585f9f130e15f5389d839
full_core_rtl/hls_project/solution_w4_full_core_rtl/.autopilot/db/kill_execute_state.adb.xml,214320,97f67dafce402ab7eb458cc6528e68da7408b13d8442553618148349400a289d
full_core_rtl/hls_project/solution_w4_full_core_rtl/.autopilot/db/kill_execute_state.bind.adb,1078629,4beb3f19e242768bb21df411ead65f9aa18e774c69ad42fc267e4056462902f5
full_core_rtl/hls_project/solution_w4_full_core_rtl/.autopilot/db/kill_execute_state.bind.adb.xml,214320,97f67dafce402ab7eb458cc6528e68da7408b13d8442553618148349400a289d
full_core_rtl/hls_project/solution_w4_full_core_rtl/.autopilot/db/kill_execute_state.compgen.dataonly.tcl,63,e46a3953139e7b82d22fb1873c9ef5c39a7bdd291aefc492638cfefdd2bbbae0
full_core_rtl/hls_project/solution_w4_full_core_rtl/.autopilot/db/kill_execute_state.compgen.tcl,59264,6c2d624aad1db0f8674d2117c2ec26ceec3fc328ce5bbb347303c5fbc00ff5c3
full_core_rtl/hls_project/solution_w4_full_core_rtl/.autopilot/db/kill_execute_state.sched.adb,953508,0fea4a9a4f38f7bb7ca603f6a055d0546ce4b7e3abc5b4fd96b4fa6141826b01
full_core_rtl/hls_project/solution_w4_full_core_rtl/.autopilot/db/kill_execute_state.sched.adb.xml,141736,865da20f74da13063bc7f75bbc4b07df3cf20f34f051c05561f17f05010b28a8
full_core_rtl/hls_project/solution_w4_full_core_rtl/.autopilot/db/kill_execute_state.tbgen.tcl,158411,a112a4a65d0b15f7286d9317abd1a6e9d478419bac1feb035e16eabc5898de48
full_core_rtl/hls_project/solution_w4_full_core_rtl/.autopilot/db/kill_execute_state.verbose.bind.rpt,278919,f7819662105fd3be93c3f360fff4dd68a69ba31459b7f8a511183a4b8810e848
full_core_rtl/hls_project/solution_w4_full_core_rtl/.autopilot/db/kill_execute_state.verbose.bind.rpt.xml,1622,72485cf27826dc9d3cc95b54ab1df0ea05b2b4b056da4b68505dbacc529830bc
full_core_rtl/hls_project/solution_w4_full_core_rtl/.autopilot/db/kill_execute_state.verbose.rpt,343029,c879861980e61f90be97e9a736df17a93d696beecb6177d3f069829391f6d21f
full_core_rtl/hls_project/solution_w4_full_core_rtl/.autopilot/db/kill_execute_state.verbose.rpt.xml,44495,c6a4ff3711bd8a8d29a203dceff17365fa17ee82b059a1ac21b733c1677650e3
full_core_rtl/hls_project/solution_w4_full_core_rtl/.autopilot/db/kill_execute_state.verbose.sched.rpt,92614,6af63b6bd12e9d628def710c2c853a0bb260f4a61dd13cefe0072103bc784924
full_core_rtl/hls_project/solution_w4_full_core_rtl/.autopilot/db/kill_execute_state.verbose.sched.rpt.xml,1622,72485cf27826dc9d3cc95b54ab1df0ea05b2b4b056da4b68505dbacc529830bc
full_core_rtl/hls_project/solution_w4_full_core_rtl/.autopilot/db/kill_execute_stateap_header.systemc.txt.ap_header.txt,0,e3b0c44298fc1c149afbf4c8996fb92427ae41e4649b934ca495991b7852b855
full_core_rtl/hls_project/solution_w4_full_core_rtl/.autopilot/db/kill_execute_stateap_header.verilog.txt.ap_header.txt,0,e3b0c44298fc1c149afbf4c8996fb92427ae41e4649b934ca495991b7852b855
full_core_rtl/hls_project/solution_w4_full_core_rtl/.autopilot/db/kill_execute_stateap_header.vhdl.txt.ap_header.txt,0,e3b0c44298fc1c149afbf4c8996fb92427ae41e4649b934ca495991b7852b855
full_core_rtl/hls_project/solution_w4_full_core_rtl/.autopilot/db/kill_issue_state.adb,913257,a179861de037ccb49e8bd052577147848b4f18e990e4a4c09826675559f3b9a6
full_core_rtl/hls_project/solution_w4_full_core_rtl/.autopilot/db/kill_issue_state.adb.xml,169634,c1ac0bc7b70a16e71ba7bee1c0e5e220ab46ba97099944c70eeac7ce8aeab59b
full_core_rtl/hls_project/solution_w4_full_core_rtl/.autopilot/db/kill_issue_state.bind.adb,751993,7460fca49f4cdd61b2cec9a33fe32abfd297a1b137a567ee4138ccf375778c48
full_core_rtl/hls_project/solution_w4_full_core_rtl/.autopilot/db/kill_issue_state.bind.adb.xml,169634,c1ac0bc7b70a16e71ba7bee1c0e5e220ab46ba97099944c70eeac7ce8aeab59b
full_core_rtl/hls_project/solution_w4_full_core_rtl/.autopilot/db/kill_issue_state.compgen.dataonly.tcl,63,e46a3953139e7b82d22fb1873c9ef5c39a7bdd291aefc492638cfefdd2bbbae0
full_core_rtl/hls_project/solution_w4_full_core_rtl/.autopilot/db/kill_issue_state.compgen.tcl,108501,ef5116a5e1db8a7644f6f2b93856d16dd36c66f2067b2f930859815746a0e37f
full_core_rtl/hls_project/solution_w4_full_core_rtl/.autopilot/db/kill_issue_state.sched.adb,675750,906d4d72cab4cd5b6537defff7689a07329bfac96e12d5b1fabc375e77a2be52
full_core_rtl/hls_project/solution_w4_full_core_rtl/.autopilot/db/kill_issue_state.sched.adb.xml,91531,cc8818e24b2f9e601a86d2c937251fa00b4e4721ff23fe55916fff272307fda1
full_core_rtl/hls_project/solution_w4_full_core_rtl/.autopilot/db/kill_issue_state.tbgen.tcl,330613,674d5361006d65be48326e0d930e97b593f2557775af95dc26061229adc364dc
full_core_rtl/hls_project/solution_w4_full_core_rtl/.autopilot/db/kill_issue_state.verbose.bind.rpt,221903,4f7a1f8ce948a5bc863618a43b3f3dc59d28bc25bd6716fdb01e3951838149a8
full_core_rtl/hls_project/solution_w4_full_core_rtl/.autopilot/db/kill_issue_state.verbose.bind.rpt.xml,1636,a2412b9f2ecf94ff59cc5f357f1729a6e9a1266191c02140764db48b6df91ce0
full_core_rtl/hls_project/solution_w4_full_core_rtl/.autopilot/db/kill_issue_state.verbose.rpt,328467,3859c9ea532b20acace1da055a36c00c0e5d800819d96481cea4f9bd354db364
full_core_rtl/hls_project/solution_w4_full_core_rtl/.autopilot/db/kill_issue_state.verbose.rpt.xml,86589,51fa558c1ecae11dfed897b259074432c4486457d55b230b9c26f2a52a1955e9
full_core_rtl/hls_project/solution_w4_full_core_rtl/.autopilot/db/kill_issue_state.verbose.sched.rpt,63664,67d2f592e429f04632b6081f0b1c99653653a1eaed658b56022c8fa3369a1695
full_core_rtl/hls_project/solution_w4_full_core_rtl/.autopilot/db/kill_issue_state.verbose.sched.rpt.xml,1539,e532092f7bf51125ad6fe5d7a9367b1ad71a3f181c4ba9215e21d6cd53345b03
full_core_rtl/hls_project/solution_w4_full_core_rtl/.autopilot/db/kill_issue_stateap_header.systemc.txt.ap_header.txt,0,e3b0c44298fc1c149afbf4c8996fb92427ae41e4649b934ca495991b7852b855
full_core_rtl/hls_project/solution_w4_full_core_rtl/.autopilot/db/kill_issue_stateap_header.verilog.txt.ap_header.txt,0,e3b0c44298fc1c149afbf4c8996fb92427ae41e4649b934ca495991b7852b855
full_core_rtl/hls_project/solution_w4_full_core_rtl/.autopilot/db/kill_issue_stateap_header.vhdl.txt.ap_header.txt,0,e3b0c44298fc1c149afbf4c8996fb92427ae41e4649b934ca495991b7852b855
full_core_rtl/hls_project/solution_w4_full_core_rtl/.autopilot/db/kill_lsu_state.adb,2100133,e11e7f321c17f55c5b5d72ecb5557d2c4401b1714e3d1b49d8c6d3411afd81d8
full_core_rtl/hls_project/solution_w4_full_core_rtl/.autopilot/db/kill_lsu_state.adb.xml,372618,ff893b3b76e16db7a1a0d26ad06725a4746170bb15310a6ea321450422b23ea6
full_core_rtl/hls_project/solution_w4_full_core_rtl/.autopilot/db/kill_lsu_state.bind.adb,1612238,4e1959a9d5a429f0cc487e77328fd31f0f248f5c2f2844e75fd2a5aa98042730
full_core_rtl/hls_project/solution_w4_full_core_rtl/.autopilot/db/kill_lsu_state.bind.adb.xml,372618,ff893b3b76e16db7a1a0d26ad06725a4746170bb15310a6ea321450422b23ea6
full_core_rtl/hls_project/solution_w4_full_core_rtl/.autopilot/db/kill_lsu_state.compgen.dataonly.tcl,63,e46a3953139e7b82d22fb1873c9ef5c39a7bdd291aefc492638cfefdd2bbbae0
full_core_rtl/hls_project/solution_w4_full_core_rtl/.autopilot/db/kill_lsu_state.compgen.tcl,24471,589a17b479e540fe87b9119f7bd5455b309dc1b2dd7e45904eb50abd2eac6558
full_core_rtl/hls_project/solution_w4_full_core_rtl/.autopilot/db/kill_lsu_state.sched.adb,1330280,2043bed0f0e74017ceff9097f4175b45e74a1183533a70cedb73ac00949eabea
full_core_rtl/hls_project/solution_w4_full_core_rtl/.autopilot/db/kill_lsu_state.sched.adb.xml,248431,ed342c9bf22c3c794308e30d44cf0d39e1c2d21330a4d0e4eca00c2cd00d0c43
full_core_rtl/hls_project/solution_w4_full_core_rtl/.autopilot/db/kill_lsu_state.tbgen.tcl,65015,6d8b3b1ce784d54ceee0fb72a1f8c162a659d971fda2c9d8fd01e849b5cddf7a
full_core_rtl/hls_project/solution_w4_full_core_rtl/.autopilot/db/kill_lsu_state.verbose.bind.rpt,529353,3ced91b70e7c4e4e68ddbc68eeaeee821f4764bbc5a7272a8e827feeed67d831
full_core_rtl/hls_project/solution_w4_full_core_rtl/.autopilot/db/kill_lsu_state.verbose.bind.rpt.xml,1919,7de95090b4fe8594ced008f3fd122be5c81a91761a9184ff138b965f4196d119
full_core_rtl/hls_project/solution_w4_full_core_rtl/.autopilot/db/kill_lsu_state.verbose.rpt,573868,26ddffba354c3c3d2e6df899c4d6c7979bf1d41c3626deca91f32bb2f285024b
full_core_rtl/hls_project/solution_w4_full_core_rtl/.autopilot/db/kill_lsu_state.verbose.rpt.xml,34511,d274f90b7dedede76e85e9ff5248352791af422edd9617739b13d35166fe7ee9
full_core_rtl/hls_project/solution_w4_full_core_rtl/.autopilot/db/kill_lsu_state.verbose.sched.rpt,215618,6ce94fb13d79c0efd3362532dc733b2f180cc438839b3094dec153b6faebc3b3
full_core_rtl/hls_project/solution_w4_full_core_rtl/.autopilot/db/kill_lsu_state.verbose.sched.rpt.xml,1919,7de95090b4fe8594ced008f3fd122be5c81a91761a9184ff138b965f4196d119
full_core_rtl/hls_project/solution_w4_full_core_rtl/.autopilot/db/kill_lsu_stateap_header.systemc.txt.ap_header.txt,0,e3b0c44298fc1c149afbf4c8996fb92427ae41e4649b934ca495991b7852b855
full_core_rtl/hls_project/solution_w4_full_core_rtl/.autopilot/db/kill_lsu_stateap_header.verilog.txt.ap_header.txt,0,e3b0c44298fc1c149afbf4c8996fb92427ae41e4649b934ca495991b7852b855
full_core_rtl/hls_project/solution_w4_full_core_rtl/.autopilot/db/kill_lsu_stateap_header.vhdl.txt.ap_header.txt,0,e3b0c44298fc1c149afbf4c8996fb92427ae41e4649b934ca495991b7852b855
full_core_rtl/hls_project/solution_w4_full_core_rtl/.autopilot/db/kill_rob_younger_than.adb,712735,c992dcfd9bfd66e67cea530ee8441af7c572af2c0978a91d049d5d6f6f1176fc
full_core_rtl/hls_project/solution_w4_full_core_rtl/.autopilot/db/kill_rob_younger_than.adb.xml,131399,792a828acea635d1a715e814f1ce187bf4127476d58d4133449a4eea209c01fb
full_core_rtl/hls_project/solution_w4_full_core_rtl/.autopilot/db/kill_rob_younger_than.bind.adb,564781,c8deaa05cca825c83e46ac0a606033ed50abb212d26d7f28c8ee99f3d27e7c52
full_core_rtl/hls_project/solution_w4_full_core_rtl/.autopilot/db/kill_rob_younger_than.bind.adb.xml,131399,792a828acea635d1a715e814f1ce187bf4127476d58d4133449a4eea209c01fb
full_core_rtl/hls_project/solution_w4_full_core_rtl/.autopilot/db/kill_rob_younger_than.compgen.dataonly.tcl,63,e46a3953139e7b82d22fb1873c9ef5c39a7bdd291aefc492638cfefdd2bbbae0
full_core_rtl/hls_project/solution_w4_full_core_rtl/.autopilot/db/kill_rob_younger_than.compgen.tcl,25319,8c498ff9a2fd780b17e6e6fd1ceec691cc6554b89bba10ec87cccbcd75ec6c55
full_core_rtl/hls_project/solution_w4_full_core_rtl/.autopilot/db/kill_rob_younger_than.sched.adb,473518,0966380733eb72e84175e6f8e58fa654021590b237b9f192c17b9f50d9372654
full_core_rtl/hls_project/solution_w4_full_core_rtl/.autopilot/db/kill_rob_younger_than.sched.adb.xml,85502,32653b0f5cd9bcc57d181b0fc128fa7375472515fced8ed585fe23f400adce57
full_core_rtl/hls_project/solution_w4_full_core_rtl/.autopilot/db/kill_rob_younger_than.tbgen.tcl,57351,8013fe3dd98e17f3dcdc041f497122ea2742dfb7cce998c2c31aae469fe34e80
full_core_rtl/hls_project/solution_w4_full_core_rtl/.autopilot/db/kill_rob_younger_than.verbose.bind.rpt,182199,9b98f80a61291c745fa690d76776f9b2c05aed313f835816eb09891943f0bfe4
full_core_rtl/hls_project/solution_w4_full_core_rtl/.autopilot/db/kill_rob_younger_than.verbose.bind.rpt.xml,1498,137d0fbf710ca2746d470dec4a86caf734bb4be307a7cd2027b5cb30799deadc
full_core_rtl/hls_project/solution_w4_full_core_rtl/.autopilot/db/kill_rob_younger_than.verbose.rpt,211794,d1f6c12e84d76d5cde33c2326fd6a1242f4456ad07b988e62f123eca414813d5
full_core_rtl/hls_project/solution_w4_full_core_rtl/.autopilot/db/kill_rob_younger_than.verbose.rpt.xml,22394,bd3c81fb406395872859bbd2849c2a679343731dda647743bb4eef031d2f4874
full_core_rtl/hls_project/solution_w4_full_core_rtl/.autopilot/db/kill_rob_younger_than.verbose.sched.rpt,69541,d3ae7b7b90c9c7e1b3ed76eb89e59286c4a269a98cb6adbcc9f76df8e908ed14
full_core_rtl/hls_project/solution_w4_full_core_rtl/.autopilot/db/kill_rob_younger_than.verbose.sched.rpt.xml,1498,137d0fbf710ca2746d470dec4a86caf734bb4be307a7cd2027b5cb30799deadc
full_core_rtl/hls_project/solution_w4_full_core_rtl/.autopilot/db/kill_rob_younger_thanap_header.systemc.txt.ap_header.txt,0,e3b0c44298fc1c149afbf4c8996fb92427ae41e4649b934ca495991b7852b855
full_core_rtl/hls_project/solution_w4_full_core_rtl/.autopilot/db/kill_rob_younger_thanap_header.verilog.txt.ap_header.txt,0,e3b0c44298fc1c149afbf4c8996fb92427ae41e4649b934ca495991b7852b855
full_core_rtl/hls_project/solution_w4_full_core_rtl/.autopilot/db/kill_rob_younger_thanap_header.vhdl.txt.ap_header.txt,0,e3b0c44298fc1c149afbf4c8996fb92427ae41e4649b934ca495991b7852b855
full_core_rtl/hls_project/solution_w4_full_core_rtl/.autopilot/db/lsu_accept_completion.adb,544209,0f3175f244b38434dffb6a8f1c6cb5cac93a9cefb5f55e17ee96de1b96825339
full_core_rtl/hls_project/solution_w4_full_core_rtl/.autopilot/db/lsu_accept_completion.adb.xml,111979,1cc588abcb990a139a11b95f0a87a4dcd92816d7b6aed4f8690121718ca4a4cd
full_core_rtl/hls_project/solution_w4_full_core_rtl/.autopilot/db/lsu_accept_completion.bind.adb,435394,e0285228eabfb94e1131a47d0ea6b105fc67c03632805b4b8feef4065c6170f5
full_core_rtl/hls_project/solution_w4_full_core_rtl/.autopilot/db/lsu_accept_completion.bind.adb.xml,111979,1cc588abcb990a139a11b95f0a87a4dcd92816d7b6aed4f8690121718ca4a4cd
full_core_rtl/hls_project/solution_w4_full_core_rtl/.autopilot/db/lsu_accept_completion.compgen.dataonly.tcl,63,e46a3953139e7b82d22fb1873c9ef5c39a7bdd291aefc492638cfefdd2bbbae0
full_core_rtl/hls_project/solution_w4_full_core_rtl/.autopilot/db/lsu_accept_completion.compgen.tcl,26376,98e08a86c263ab39c029c71a3802cd3750c70829e4c764a9a2d7263375e2a69b
full_core_rtl/hls_project/solution_w4_full_core_rtl/.autopilot/db/lsu_accept_completion.sched.adb,358705,fcfc4b52bd15591d8c6607127890642759b9dde72925ff54c73bcaf4983ad21c
full_core_rtl/hls_project/solution_w4_full_core_rtl/.autopilot/db/lsu_accept_completion.sched.adb.xml,76795,d9c1c1b0a373ae78c3892316eee6aba617850ef20da90b72cd37de50f38e6a20
full_core_rtl/hls_project/solution_w4_full_core_rtl/.autopilot/db/lsu_accept_completion.tbgen.tcl,56644,3327de7f550ddd1db5856f451816e9c698b9f2c5ea5c5ad0c90690c43f3d135b
full_core_rtl/hls_project/solution_w4_full_core_rtl/.autopilot/db/lsu_accept_completion.verbose.bind.rpt,150046,eaf8e6b7d72a3ce3cee8c8ee4820007b4fd42ccc51e1e985aa36eb05f36e7859
full_core_rtl/hls_project/solution_w4_full_core_rtl/.autopilot/db/lsu_accept_completion.verbose.bind.rpt.xml,1428,ee0617706498bfa58076d6d389295011f329e45283c5a80c061dec8ea68f25fe
full_core_rtl/hls_project/solution_w4_full_core_rtl/.autopilot/db/lsu_accept_completion.verbose.rpt,178169,f5669b5c9df09dbbe4142939d235efea046f80b12cff062208d76edc40b9d402
full_core_rtl/hls_project/solution_w4_full_core_rtl/.autopilot/db/lsu_accept_completion.verbose.rpt.xml,19494,244bfe903b6db473b4fa2a069ed15da8133b2f87cde9d035c05455e01889f84c
full_core_rtl/hls_project/solution_w4_full_core_rtl/.autopilot/db/lsu_accept_completion.verbose.sched.rpt,51559,8f082912625978ce95bf932df36a536425a15f6dd704d45133792b7c558deca5
full_core_rtl/hls_project/solution_w4_full_core_rtl/.autopilot/db/lsu_accept_completion.verbose.sched.rpt.xml,1428,ee0617706498bfa58076d6d389295011f329e45283c5a80c061dec8ea68f25fe
full_core_rtl/hls_project/solution_w4_full_core_rtl/.autopilot/db/lsu_accept_completionap_header.systemc.txt.ap_header.txt,0,e3b0c44298fc1c149afbf4c8996fb92427ae41e4649b934ca495991b7852b855
full_core_rtl/hls_project/solution_w4_full_core_rtl/.autopilot/db/lsu_accept_completionap_header.verilog.txt.ap_header.txt,0,e3b0c44298fc1c149afbf4c8996fb92427ae41e4649b934ca495991b7852b855
full_core_rtl/hls_project/solution_w4_full_core_rtl/.autopilot/db/lsu_accept_completionap_header.vhdl.txt.ap_header.txt,0,e3b0c44298fc1c149afbf4c8996fb92427ae41e4649b934ca495991b7852b855
full_core_rtl/hls_project/solution_w4_full_core_rtl/.autopilot/db/lsu_reclaim_store.adb,1013363,3d094bcd1027683c6af1dcef27d283e270e3423b5164a295b2f451bef5c3c462
full_core_rtl/hls_project/solution_w4_full_core_rtl/.autopilot/db/lsu_reclaim_store.adb.xml,175567,b2f0513806a5f2ac90ca760df61ebd8b0933286e30e435983324bc4e90f00452
full_core_rtl/hls_project/solution_w4_full_core_rtl/.autopilot/db/lsu_reclaim_store.bind.adb,783701,31d80c6e993a2d78c8591d0cf122f39179f1d81e499f4ec2f8765cde8e04bfa6
full_core_rtl/hls_project/solution_w4_full_core_rtl/.autopilot/db/lsu_reclaim_store.bind.adb.xml,175567,b2f0513806a5f2ac90ca760df61ebd8b0933286e30e435983324bc4e90f00452
full_core_rtl/hls_project/solution_w4_full_core_rtl/.autopilot/db/lsu_reclaim_store.compgen.dataonly.tcl,63,e46a3953139e7b82d22fb1873c9ef5c39a7bdd291aefc492638cfefdd2bbbae0
full_core_rtl/hls_project/solution_w4_full_core_rtl/.autopilot/db/lsu_reclaim_store.compgen.tcl,13341,c3f3c1f1956f1433858ad9338bfdd1eed04bcfc814090fbf7bb1623ffa3de1bd
full_core_rtl/hls_project/solution_w4_full_core_rtl/.autopilot/db/lsu_reclaim_store.sched.adb,644656,f6616ed764b1cebf4bb43c6c92236a41d9b1f63bbdfdd2d636f72afa960f7c9d
full_core_rtl/hls_project/solution_w4_full_core_rtl/.autopilot/db/lsu_reclaim_store.sched.adb.xml,115812,d471e0861224db6532f1854561d1f69e55a61bcd970317a0ab058db4bac9bfe5
full_core_rtl/hls_project/solution_w4_full_core_rtl/.autopilot/db/lsu_reclaim_store.tbgen.tcl,33679,1ade695d91f283e1e58efec1800e3496760f4230dc3af7425f4260a4b35b6656
full_core_rtl/hls_project/solution_w4_full_core_rtl/.autopilot/db/lsu_reclaim_store.verbose.bind.rpt,260041,1491c00b630e20f738a15c2618f6cbcb0823a0ee00e0f0b95e36f14147ef6aa9
full_core_rtl/hls_project/solution_w4_full_core_rtl/.autopilot/db/lsu_reclaim_store.verbose.bind.rpt.xml,1665,596909e423038443e4d34968856835d2ffc5b7c0f83ba13be0a8c78a7efbd183
full_core_rtl/hls_project/solution_w4_full_core_rtl/.autopilot/db/lsu_reclaim_store.verbose.rpt,282371,4d70a2506576c7cf9f059854a0e7f9f036778a7224b45c5f3e5d1c5704345f40
full_core_rtl/hls_project/solution_w4_full_core_rtl/.autopilot/db/lsu_reclaim_store.verbose.rpt.xml,17918,9f76365d2afd13438bf8db641d8d65f3f9813b2ff3623ddc84d8e6ec497d39d3
full_core_rtl/hls_project/solution_w4_full_core_rtl/.autopilot/db/lsu_reclaim_store.verbose.sched.rpt,103727,7ec57ff9218880c8969d5015bbb9e8e9b4d2827075bc8f6cb992012afce5217e
full_core_rtl/hls_project/solution_w4_full_core_rtl/.autopilot/db/lsu_reclaim_store.verbose.sched.rpt.xml,1665,596909e423038443e4d34968856835d2ffc5b7c0f83ba13be0a8c78a7efbd183
full_core_rtl/hls_project/solution_w4_full_core_rtl/.autopilot/db/lsu_reclaim_storeap_header.systemc.txt.ap_header.txt,0,e3b0c44298fc1c149afbf4c8996fb92427ae41e4649b934ca495991b7852b855
full_core_rtl/hls_project/solution_w4_full_core_rtl/.autopilot/db/lsu_reclaim_storeap_header.verilog.txt.ap_header.txt,0,e3b0c44298fc1c149afbf4c8996fb92427ae41e4649b934ca495991b7852b855
full_core_rtl/hls_project/solution_w4_full_core_rtl/.autopilot/db/lsu_reclaim_storeap_header.vhdl.txt.ap_header.txt,0,e3b0c44298fc1c149afbf4c8996fb92427ae41e4649b934ca495991b7852b855
full_core_rtl/hls_project/solution_w4_full_core_rtl/.autopilot/db/mapper_boom_core_top.cpp,5987,ed7fa8572e2226fff3fb22b4b3f6484f4022f847648826acf863d6236313fb30
full_core_rtl/hls_project/solution_w4_full_core_rtl/.autopilot/db/reclaim_ldq.adb,906170,d679b65f767db5e4e401bff8d173ffcfbca0d3faa121db46504cb9f1ee4cd088
full_core_rtl/hls_project/solution_w4_full_core_rtl/.autopilot/db/reclaim_ldq.adb.xml,156958,02e8439a7a89b9761a2124bc690574f96108de98e1188e1222e3355aa15e4dbb
full_core_rtl/hls_project/solution_w4_full_core_rtl/.autopilot/db/reclaim_ldq.bind.adb,699918,0159e20dc331c2c361e7fa76e7a8801d01241b5acde0255620f015f89da97d17
full_core_rtl/hls_project/solution_w4_full_core_rtl/.autopilot/db/reclaim_ldq.bind.adb.xml,156958,02e8439a7a89b9761a2124bc690574f96108de98e1188e1222e3355aa15e4dbb
full_core_rtl/hls_project/solution_w4_full_core_rtl/.autopilot/db/reclaim_ldq.compgen.dataonly.tcl,63,e46a3953139e7b82d22fb1873c9ef5c39a7bdd291aefc492638cfefdd2bbbae0
full_core_rtl/hls_project/solution_w4_full_core_rtl/.autopilot/db/reclaim_ldq.compgen.tcl,11945,39d040d79832a0fb12cb4efe2ad9350a1a0bfdfe8628a49eba65d2449cb1468f
full_core_rtl/hls_project/solution_w4_full_core_rtl/.autopilot/db/reclaim_ldq.sched.adb,575339,2d164e8241055fd92c8fe1116ef4725a657a6d20cecb2ed2c68f9619be1dddc6
full_core_rtl/hls_project/solution_w4_full_core_rtl/.autopilot/db/reclaim_ldq.sched.adb.xml,103695,9ba34ee482149be255d5ffca7f799f6973800b668b33cd3e601efaf016e9332c
full_core_rtl/hls_project/solution_w4_full_core_rtl/.autopilot/db/reclaim_ldq.tbgen.tcl,30021,31c915d8147d32bc13b1d869683a8c564991d93a8527a3ef7b6e41229bb5c6c2
full_core_rtl/hls_project/solution_w4_full_core_rtl/.autopilot/db/reclaim_ldq.verbose.bind.rpt,232466,cc86e3376352974cca1657af32ff927853186225033d1901202ba2ba425a85fa
full_core_rtl/hls_project/solution_w4_full_core_rtl/.autopilot/db/reclaim_ldq.verbose.bind.rpt.xml,1659,7dec02c7d898f60fe2849aeadd73af5523f506f38300baf8e90367cba11ac8d4
full_core_rtl/hls_project/solution_w4_full_core_rtl/.autopilot/db/reclaim_ldq.verbose.rpt,252784,6d48b7d65f5e98a649165b4cf6a94f5e0a6650c4929524364f8c3b8fc963ff84
full_core_rtl/hls_project/solution_w4_full_core_rtl/.autopilot/db/reclaim_ldq.verbose.rpt.xml,16357,e6a0d8d18f90e30d1687e76a569d72cdfba362e7c9286958b52dba4b58ddc38d
full_core_rtl/hls_project/solution_w4_full_core_rtl/.autopilot/db/reclaim_ldq.verbose.sched.rpt,93043,16c5c0a62a643f0ad9baa2f3d5efe4efe0966882554ba74c7b178414b79d6766
full_core_rtl/hls_project/solution_w4_full_core_rtl/.autopilot/db/reclaim_ldq.verbose.sched.rpt.xml,1659,7dec02c7d898f60fe2849aeadd73af5523f506f38300baf8e90367cba11ac8d4
full_core_rtl/hls_project/solution_w4_full_core_rtl/.autopilot/db/reclaim_ldqap_header.systemc.txt.ap_header.txt,0,e3b0c44298fc1c149afbf4c8996fb92427ae41e4649b934ca495991b7852b855
full_core_rtl/hls_project/solution_w4_full_core_rtl/.autopilot/db/reclaim_ldqap_header.verilog.txt.ap_header.txt,0,e3b0c44298fc1c149afbf4c8996fb92427ae41e4649b934ca495991b7852b855
full_core_rtl/hls_project/solution_w4_full_core_rtl/.autopilot/db/reclaim_ldqap_header.vhdl.txt.ap_header.txt,0,e3b0c44298fc1c149afbf4c8996fb92427ae41e4649b934ca495991b7852b855
full_core_rtl/hls_project/solution_w4_full_core_rtl/.autopilot/db/recover_mispredict.adb,2196457,29e8efb33bf2010f1f6eee3dd6d0a374bbf52f6dbdc0aee4aa374e39d694b252
full_core_rtl/hls_project/solution_w4_full_core_rtl/.autopilot/db/recover_mispredict.adb.xml,451851,82a9001f2ba18fd4cc119cb34a7f4050fa5e10e0d59a91eb03d2f2a1948f671b
full_core_rtl/hls_project/solution_w4_full_core_rtl/.autopilot/db/recover_mispredict.bind.adb,1725833,cb4b1249b169443e97fe572109757345cc8e22f50738707b4aabf6339afddf35
full_core_rtl/hls_project/solution_w4_full_core_rtl/.autopilot/db/recover_mispredict.bind.adb.xml,451851,82a9001f2ba18fd4cc119cb34a7f4050fa5e10e0d59a91eb03d2f2a1948f671b
full_core_rtl/hls_project/solution_w4_full_core_rtl/.autopilot/db/recover_mispredict.compgen.dataonly.tcl,63,e46a3953139e7b82d22fb1873c9ef5c39a7bdd291aefc492638cfefdd2bbbae0
full_core_rtl/hls_project/solution_w4_full_core_rtl/.autopilot/db/recover_mispredict.compgen.tcl,255545,edf2d4e6b3c9579921cec70a627c5331b8dde96c61a35dc0705e6c25f574ed26
full_core_rtl/hls_project/solution_w4_full_core_rtl/.autopilot/db/recover_mispredict.sched.adb,1441034,4785394d33f107790146700336dbedf82dbb55009c1b0b36dace79b5023c3f19
full_core_rtl/hls_project/solution_w4_full_core_rtl/.autopilot/db/recover_mispredict.sched.adb.xml,213620,fa8a4343b1e321ac16377fdcbd64f78666d86d28f6d221a00ac5d95c434d7270
full_core_rtl/hls_project/solution_w4_full_core_rtl/.autopilot/db/recover_mispredict.tbgen.tcl,863154,a4947201f3dd2fbc6bedef06fb5c1cfecc674aef44b21f63554e687a1e556f4f
full_core_rtl/hls_project/solution_w4_full_core_rtl/.autopilot/db/recover_mispredict.verbose.bind.rpt,653852,a7cea879dda7abb5eef2a7565c39e8812a39410e56cfe7f7bb9fbe0a7b2284eb
full_core_rtl/hls_project/solution_w4_full_core_rtl/.autopilot/db/recover_mispredict.verbose.bind.rpt.xml,2723,22ee7c8c4b22eddd98b2c15801b1f9da44c081b25fb796ffa9b9245cf51f091c
full_core_rtl/hls_project/solution_w4_full_core_rtl/.autopilot/db/recover_mispredict.verbose.rpt,929497,2912062c5b977738a63a0a83250a1cf72ba0f5697358dd889128de9a57c2cc55
full_core_rtl/hls_project/solution_w4_full_core_rtl/.autopilot/db/recover_mispredict.verbose.rpt.xml,194672,201052ff4d66927012ba1f3824288a4af77270e87a6c91ecbf3df4a533f9ebce
full_core_rtl/hls_project/solution_w4_full_core_rtl/.autopilot/db/recover_mispredict.verbose.sched.rpt,164077,4dda29d15b72ed95425da2a6793e0a041a337580d6163aafff97296310188d45
full_core_rtl/hls_project/solution_w4_full_core_rtl/.autopilot/db/recover_mispredict.verbose.sched.rpt.xml,2172,922d1ede66d82f898a2a63f7cd2937fd12a3a08a76a8f790c6f7e6aa9602bf9e
full_core_rtl/hls_project/solution_w4_full_core_rtl/.autopilot/db/recover_mispredictap_header.systemc.txt.ap_header.txt,0,e3b0c44298fc1c149afbf4c8996fb92427ae41e4649b934ca495991b7852b855
full_core_rtl/hls_project/solution_w4_full_core_rtl/.autopilot/db/recover_mispredictap_header.verilog.txt.ap_header.txt,0,e3b0c44298fc1c149afbf4c8996fb92427ae41e4649b934ca495991b7852b855
full_core_rtl/hls_project/solution_w4_full_core_rtl/.autopilot/db/recover_mispredictap_header.vhdl.txt.ap_header.txt,0,e3b0c44298fc1c149afbf4c8996fb92427ae41e4649b934ca495991b7852b855
full_core_rtl/hls_project/solution_w4_full_core_rtl/.autopilot/db/rename_module.adb,1145444,a1d53b3bd12ee9bef0a763dd1973daa84df2ce65f0f71a86de9c1d2e7a5b5db6
full_core_rtl/hls_project/solution_w4_full_core_rtl/.autopilot/db/rename_module.adb.xml,212402,ee039af70335fd5a302b1db2455bf3cfd1d44917ba9dc7155d6737a9801ea47d
full_core_rtl/hls_project/solution_w4_full_core_rtl/.autopilot/db/rename_module.bind.adb,897726,5ad92293b375b069cb4672f21d233ee81cc8bfd59f652ef61f54924420f256d5
full_core_rtl/hls_project/solution_w4_full_core_rtl/.autopilot/db/rename_module.bind.adb.xml,212402,ee039af70335fd5a302b1db2455bf3cfd1d44917ba9dc7155d6737a9801ea47d
full_core_rtl/hls_project/solution_w4_full_core_rtl/.autopilot/db/rename_module.compgen.dataonly.tcl,63,e46a3953139e7b82d22fb1873c9ef5c39a7bdd291aefc492638cfefdd2bbbae0
full_core_rtl/hls_project/solution_w4_full_core_rtl/.autopilot/db/rename_module.compgen.tcl,40358,1a5a058a81a40178758cdd6f2d76392801abc487967496cb3f2504125dfee0a5
full_core_rtl/hls_project/solution_w4_full_core_rtl/.autopilot/db/rename_module.sched.adb,744025,d5122e54353413ddf43634ea0b703e306835be95d3d273929a0b7ca7bad37468
full_core_rtl/hls_project/solution_w4_full_core_rtl/.autopilot/db/rename_module.sched.adb.xml,149373,1754388b5e3e57d5dfeadd95558fb62effcb3a62cbb390b52b7b83a6582f44f0
full_core_rtl/hls_project/solution_w4_full_core_rtl/.autopilot/db/rename_module.tbgen.tcl,100343,aa7b1b4242b9a2feaedfedded9ee2615a4671e93f4baa244e2e94ad1b2e6bb1b
full_core_rtl/hls_project/solution_w4_full_core_rtl/.autopilot/db/rename_module.verbose.bind.rpt,288455,8ea4e02ec678938ac43b0e9679a2ad7a3ec0a2242c0d17a54fd85ef8b3188b79
full_core_rtl/hls_project/solution_w4_full_core_rtl/.autopilot/db/rename_module.verbose.bind.rpt.xml,1762,d5dc3476d720ced13dba507713e0a2ea69d63d2285245dc6e9f97c3b7c854e18
full_core_rtl/hls_project/solution_w4_full_core_rtl/.autopilot/db/rename_module.verbose.rpt,336024,a48225c2af71fb3db4d855a7d6266beb757a12b11112ea9afee52328d3a608e2
full_core_rtl/hls_project/solution_w4_full_core_rtl/.autopilot/db/rename_module.verbose.rpt.xml,32706,13927dafb1ef506448b55269d33c33692c3be64922fd5f89018560890fc5fd96
full_core_rtl/hls_project/solution_w4_full_core_rtl/.autopilot/db/rename_module.verbose.sched.rpt,103221,46592116c2c066e0fb0cd046a98407c37c55e68c8a5edca1fc9dc9e933e550aa
full_core_rtl/hls_project/solution_w4_full_core_rtl/.autopilot/db/rename_module.verbose.sched.rpt.xml,1762,d5dc3476d720ced13dba507713e0a2ea69d63d2285245dc6e9f97c3b7c854e18
full_core_rtl/hls_project/solution_w4_full_core_rtl/.autopilot/db/rename_moduleap_header.systemc.txt.ap_header.txt,0,e3b0c44298fc1c149afbf4c8996fb92427ae41e4649b934ca495991b7852b855
full_core_rtl/hls_project/solution_w4_full_core_rtl/.autopilot/db/rename_moduleap_header.verilog.txt.ap_header.txt,0,e3b0c44298fc1c149afbf4c8996fb92427ae41e4649b934ca495991b7852b855
full_core_rtl/hls_project/solution_w4_full_core_rtl/.autopilot/db/rename_moduleap_header.vhdl.txt.ap_header.txt,0,e3b0c44298fc1c149afbf4c8996fb92427ae41e4649b934ca495991b7852b855
full_core_rtl/hls_project/solution_w4_full_core_rtl/.autopilot/db/rob_allocate.adb,509969,f21a7f695981130a2b7ac3fe67081e72e4fa551fec7a6e897faba93ed1983fba
full_core_rtl/hls_project/solution_w4_full_core_rtl/.autopilot/db/rob_allocate.adb.xml,120940,ba664d47a749704f19e556e6213ecd121bdbd0580fc20230e8af9c2f3d7b51dc
full_core_rtl/hls_project/solution_w4_full_core_rtl/.autopilot/db/rob_allocate.bind.adb,415381,ff71a4b6d63de2f11c60fbfae89d6eb319c19146be71f58589a0d4c8e4a3c147
full_core_rtl/hls_project/solution_w4_full_core_rtl/.autopilot/db/rob_allocate.bind.adb.xml,120940,ba664d47a749704f19e556e6213ecd121bdbd0580fc20230e8af9c2f3d7b51dc
full_core_rtl/hls_project/solution_w4_full_core_rtl/.autopilot/db/rob_allocate.compgen.dataonly.tcl,63,e46a3953139e7b82d22fb1873c9ef5c39a7bdd291aefc492638cfefdd2bbbae0
full_core_rtl/hls_project/solution_w4_full_core_rtl/.autopilot/db/rob_allocate.compgen.tcl,31725,7bb47b5f073438344b8bd81b664adef8467b6723b5761b729870de00e07dd6b1
full_core_rtl/hls_project/solution_w4_full_core_rtl/.autopilot/db/rob_allocate.sched.adb,347048,9f333db3df0a185da5f2cab42938eaa03e845e155b60c9cf7894f5730ba71ef5
full_core_rtl/hls_project/solution_w4_full_core_rtl/.autopilot/db/rob_allocate.sched.adb.xml,86427,74466559ca76abba1d1fea3b14994cac3fda1b969f9866c04a7d4d56faee3822
full_core_rtl/hls_project/solution_w4_full_core_rtl/.autopilot/db/rob_allocate.tbgen.tcl,73680,9754b37fb26a88346c0f838252c7b724bbeec1d9b874da41721a0bbd6642a32a
full_core_rtl/hls_project/solution_w4_full_core_rtl/.autopilot/db/rob_allocate.verbose.bind.rpt,155499,be083ce57f8a70a4827b04a3b01351c66a4c9003c621de04dd6f326d2248f5f0
full_core_rtl/hls_project/solution_w4_full_core_rtl/.autopilot/db/rob_allocate.verbose.bind.rpt.xml,1409,e83a5345a8ce1f2c21c7369aeb0d2b2f08b0d6f06eba0892bdd20004eaf05143
full_core_rtl/hls_project/solution_w4_full_core_rtl/.autopilot/db/rob_allocate.verbose.rpt,189137,32b7fa449c96b2d0068517b9a48c1e28e18b246e23d4f5e78443a2cfe10b3f66
full_core_rtl/hls_project/solution_w4_full_core_rtl/.autopilot/db/rob_allocate.verbose.rpt.xml,22760,b3000bf2913a7e8baab50b00a9fabbcf3a9e03e8efc85f49dd53d6bc501288ed
full_core_rtl/hls_project/solution_w4_full_core_rtl/.autopilot/db/rob_allocate.verbose.sched.rpt,63482,6cb21eea743de506e9024f69e7a5d467012035774bad8561babb3a52279e6d23
full_core_rtl/hls_project/solution_w4_full_core_rtl/.autopilot/db/rob_allocate.verbose.sched.rpt.xml,1409,e83a5345a8ce1f2c21c7369aeb0d2b2f08b0d6f06eba0892bdd20004eaf05143
full_core_rtl/hls_project/solution_w4_full_core_rtl/.autopilot/db/rob_allocateap_header.systemc.txt.ap_header.txt,0,e3b0c44298fc1c149afbf4c8996fb92427ae41e4649b934ca495991b7852b855
full_core_rtl/hls_project/solution_w4_full_core_rtl/.autopilot/db/rob_allocateap_header.verilog.txt.ap_header.txt,0,e3b0c44298fc1c149afbf4c8996fb92427ae41e4649b934ca495991b7852b855
full_core_rtl/hls_project/solution_w4_full_core_rtl/.autopilot/db/rob_allocateap_header.vhdl.txt.ap_header.txt,0,e3b0c44298fc1c149afbf4c8996fb92427ae41e4649b934ca495991b7852b855
full_core_rtl/hls_project/solution_w4_full_core_rtl/.autopilot/db/rob_commit_module.adb,1174399,8657914448bbda0a8c2023d45ec6d3fa52b5001087ed397db5410be4a19143be
full_core_rtl/hls_project/solution_w4_full_core_rtl/.autopilot/db/rob_commit_module.adb.xml,211323,b909af52dbe104aedd35561509521a7246355292ca6b521b77437ca03cbbf19b
full_core_rtl/hls_project/solution_w4_full_core_rtl/.autopilot/db/rob_commit_module.bind.adb,903015,d3499e061887f682a003f75c46426118667785d4d802f5723f6ea55a620734db
full_core_rtl/hls_project/solution_w4_full_core_rtl/.autopilot/db/rob_commit_module.bind.adb.xml,211323,b909af52dbe104aedd35561509521a7246355292ca6b521b77437ca03cbbf19b
full_core_rtl/hls_project/solution_w4_full_core_rtl/.autopilot/db/rob_commit_module.compgen.dataonly.tcl,63,e46a3953139e7b82d22fb1873c9ef5c39a7bdd291aefc492638cfefdd2bbbae0
full_core_rtl/hls_project/solution_w4_full_core_rtl/.autopilot/db/rob_commit_module.compgen.tcl,41519,82f162dcc82e66527121f3a4d130c657f907a484923adb0c7bb11f3657739930
full_core_rtl/hls_project/solution_w4_full_core_rtl/.autopilot/db/rob_commit_module.sched.adb,723683,e385a36efbd046d6c8a87dff9b0e73b82a2c5b1a87f7a4ba58a5d8db29ccb98d
full_core_rtl/hls_project/solution_w4_full_core_rtl/.autopilot/db/rob_commit_module.sched.adb.xml,137689,01f1197bedab0837dde8b76750fdb8299ace75a13ba87c18ef28de58489cb47c
full_core_rtl/hls_project/solution_w4_full_core_rtl/.autopilot/db/rob_commit_module.tbgen.tcl,103159,70b1274a646d0fd3b62791e96319d05940229c1f8c6b845bc0ff637b07510924
full_core_rtl/hls_project/solution_w4_full_core_rtl/.autopilot/db/rob_commit_module.verbose.bind.rpt,325788,bdbcba504be876b728f38f62a0acb0522d2b541c3a383da643243e9532835458
full_core_rtl/hls_project/solution_w4_full_core_rtl/.autopilot/db/rob_commit_module.verbose.bind.rpt.xml,1566,7cbdf9c6caaa9340a34d73a4dda234852cdbeb97ad09263cacc67a4f382ac4cd
full_core_rtl/hls_project/solution_w4_full_core_rtl/.autopilot/db/rob_commit_module.verbose.rpt,376509,5a4c29d253b653644e5e6107c714e5910ca6e5ed14313a26089d7c8213e8f833
full_core_rtl/hls_project/solution_w4_full_core_rtl/.autopilot/db/rob_commit_module.verbose.rpt.xml,35831,702448c4765cedc9c2bdab50bb17471229a98d0c155501a90676f5b160312833
full_core_rtl/hls_project/solution_w4_full_core_rtl/.autopilot/db/rob_commit_module.verbose.sched.rpt,120095,e2bce9ab01525f06920f8a92eb84099c49c7215c66a9e7df656329065c684b63
full_core_rtl/hls_project/solution_w4_full_core_rtl/.autopilot/db/rob_commit_module.verbose.sched.rpt.xml,1473,f06c964a99945601dcd61273e9841343cc294eaa6337ac637e683970a7239941
full_core_rtl/hls_project/solution_w4_full_core_rtl/.autopilot/db/rob_commit_moduleap_header.systemc.txt.ap_header.txt,0,e3b0c44298fc1c149afbf4c8996fb92427ae41e4649b934ca495991b7852b855
full_core_rtl/hls_project/solution_w4_full_core_rtl/.autopilot/db/rob_commit_moduleap_header.verilog.txt.ap_header.txt,0,e3b0c44298fc1c149afbf4c8996fb92427ae41e4649b934ca495991b7852b855
full_core_rtl/hls_project/solution_w4_full_core_rtl/.autopilot/db/rob_commit_moduleap_header.vhdl.txt.ap_header.txt,0,e3b0c44298fc1c149afbf4c8996fb92427ae41e4649b934ca495991b7852b855
full_core_rtl/hls_project/solution_w4_full_core_rtl/.autopilot/db/service_pending.adb,4213301,5b5f08820cf0efee4ebe8552d405465a1419b351f97f54461519adb8e4b6807a
full_core_rtl/hls_project/solution_w4_full_core_rtl/.autopilot/db/service_pending.adb.xml,774271,43429d3678ce4559e2766ee7bdf43ef01302126e0aa53bb5921f1eecc97e294e
full_core_rtl/hls_project/solution_w4_full_core_rtl/.autopilot/db/service_pending.bind.adb,3149631,25612d8b826c6c0fcda5ffc25a3f47df75a259f5356e69c0752cf480fbd92139
full_core_rtl/hls_project/solution_w4_full_core_rtl/.autopilot/db/service_pending.bind.adb.xml,774271,43429d3678ce4559e2766ee7bdf43ef01302126e0aa53bb5921f1eecc97e294e
full_core_rtl/hls_project/solution_w4_full_core_rtl/.autopilot/db/service_pending.compgen.dataonly.tcl,63,e46a3953139e7b82d22fb1873c9ef5c39a7bdd291aefc492638cfefdd2bbbae0
full_core_rtl/hls_project/solution_w4_full_core_rtl/.autopilot/db/service_pending.compgen.tcl,84203,0f5b3c98d11cda8f6cc30107fc94ab3d3fe4a52ca6560ded43462807530fb638
full_core_rtl/hls_project/solution_w4_full_core_rtl/.autopilot/db/service_pending.sched.adb,2630076,dc4bb9fd330a8768f421f74412b14f56493dc550d8d346a8c1d13edd6fb68be3
full_core_rtl/hls_project/solution_w4_full_core_rtl/.autopilot/db/service_pending.sched.adb.xml,492760,ef9b920dc9461d988287002dfd143d41e04a8f6ee6ca91d825208aed2bbc39c0
full_core_rtl/hls_project/solution_w4_full_core_rtl/.autopilot/db/service_pending.tbgen.tcl,236979,ea035ce49b3fd276e526114155e20591e1eca7148480f3944966adb037bbff29
full_core_rtl/hls_project/solution_w4_full_core_rtl/.autopilot/db/service_pending.verbose.bind.rpt,991745,75040874e31e7dfdbc9c91067ef8b6902a99d9ea0b1dd576f84a491a90829227
full_core_rtl/hls_project/solution_w4_full_core_rtl/.autopilot/db/service_pending.verbose.bind.rpt.xml,2475,1d7c5a1f1db3787fd94e5567d005ca28c8afaa26961c7b3448f9b792bc407726
full_core_rtl/hls_project/solution_w4_full_core_rtl/.autopilot/db/service_pending.verbose.rpt,1140154,3bba45becee74d9adb7a0882da368417ac8a0728e871ea9247f71b010b44d551
full_core_rtl/hls_project/solution_w4_full_core_rtl/.autopilot/db/service_pending.verbose.rpt.xml,100001,4d066448098ee542f84303c4466600adbcdf8a16ad5475881e79523a68566a7a
full_core_rtl/hls_project/solution_w4_full_core_rtl/.autopilot/db/service_pending.verbose.sched.rpt,351376,ed810dd781d0a387f74ecb74ae51c4dac416f5780a57a72607ac8377a0603ae9
full_core_rtl/hls_project/solution_w4_full_core_rtl/.autopilot/db/service_pending.verbose.sched.rpt.xml,2044,2f39c6ea681b757f4dab5b00e376947c25ec925a6745861479733c04ffa0b037
full_core_rtl/hls_project/solution_w4_full_core_rtl/.autopilot/db/service_pendingap_header.systemc.txt.ap_header.txt,0,e3b0c44298fc1c149afbf4c8996fb92427ae41e4649b934ca495991b7852b855
full_core_rtl/hls_project/solution_w4_full_core_rtl/.autopilot/db/service_pendingap_header.verilog.txt.ap_header.txt,0,e3b0c44298fc1c149afbf4c8996fb92427ae41e4649b934ca495991b7852b855
full_core_rtl/hls_project/solution_w4_full_core_rtl/.autopilot/db/service_pendingap_header.vhdl.txt.ap_header.txt,0,e3b0c44298fc1c149afbf4c8996fb92427ae41e4649b934ca495991b7852b855
full_core_rtl/hls_project/solution_w4_full_core_rtl/.autopilot/db/top-io-be.tcl,0,e3b0c44298fc1c149afbf4c8996fb92427ae41e4649b934ca495991b7852b855
full_core_rtl/hls_project/solution_w4_full_core_rtl/.autopilot/db/top-io-fe.xml,4551,d032f4620ad4d1e6f8bbb14ca5dfc5e564d08d0575ab1b760d1353c67b7c5757
full_core_rtl/hls_project/solution_w4_full_core_rtl/.autopilot/db/try_issue_load.adb,372641,f9fa95865ee328d06291726f01726dcdb739a189358fcec5dd822eefd032801b
full_core_rtl/hls_project/solution_w4_full_core_rtl/.autopilot/db/try_issue_load.adb.xml,75765,db28481106d9bb63a749bf1b13df5c30b59411243aac6b1e8506aabf4a52ad4c
full_core_rtl/hls_project/solution_w4_full_core_rtl/.autopilot/db/try_issue_load.bind.adb,293599,4e6aed3804da9a4ba3ea62442497ac4145e7caba114c950e6b4daf95347dc980
full_core_rtl/hls_project/solution_w4_full_core_rtl/.autopilot/db/try_issue_load.bind.adb.xml,75765,db28481106d9bb63a749bf1b13df5c30b59411243aac6b1e8506aabf4a52ad4c
full_core_rtl/hls_project/solution_w4_full_core_rtl/.autopilot/db/try_issue_load.compgen.dataonly.tcl,63,e46a3953139e7b82d22fb1873c9ef5c39a7bdd291aefc492638cfefdd2bbbae0
full_core_rtl/hls_project/solution_w4_full_core_rtl/.autopilot/db/try_issue_load.compgen.tcl,13559,09437321eb3864d01e8d9ea8497c01c23ecadad2aa22d4d88b6127f1f51532ca
full_core_rtl/hls_project/solution_w4_full_core_rtl/.autopilot/db/try_issue_load.sched.adb,231761,fdf4cd872ed5172f14daaa947dc8a10f45a1fcc2762f17e19bc58b66448dcac2
full_core_rtl/hls_project/solution_w4_full_core_rtl/.autopilot/db/try_issue_load.sched.adb.xml,52808,c42e67a628233aebc74a6354a72862da2de37e63658e6a8bf9f8327bab45a115
full_core_rtl/hls_project/solution_w4_full_core_rtl/.autopilot/db/try_issue_load.tbgen.tcl,29046,576760750841e023fbaddf17063506e0e98000c6a343d9dd3837a2b146ff9492
full_core_rtl/hls_project/solution_w4_full_core_rtl/.autopilot/db/try_issue_load.verbose.bind.rpt,106219,b3c998604f6da0cfaed9b0b5957ce99e3afceb0928b482db6de82c332b2e4f14
full_core_rtl/hls_project/solution_w4_full_core_rtl/.autopilot/db/try_issue_load.verbose.bind.rpt.xml,1494,9fbf646b848f09339c74d5cdf22110f12ae2e596d7d0f152b2fa1499a17cb271
full_core_rtl/hls_project/solution_w4_full_core_rtl/.autopilot/db/try_issue_load.verbose.rpt,122367,aa3018ecbd768c46dbe934d373ed2e415c2376eba694b028e5e0633457d058d4
full_core_rtl/hls_project/solution_w4_full_core_rtl/.autopilot/db/try_issue_load.verbose.rpt.xml,12281,4033eea8237dad6086365d0843197288a0fb911477bfa8f439a34691def0ec42
full_core_rtl/hls_project/solution_w4_full_core_rtl/.autopilot/db/try_issue_load.verbose.sched.rpt,42338,c4bcc10cad13c5bbb11fa38861a5898815c1601efbcd61a25f603faf3c1f1cfb
full_core_rtl/hls_project/solution_w4_full_core_rtl/.autopilot/db/try_issue_load.verbose.sched.rpt.xml,1494,28e3ddb9bf8efcbd6ce32e08ae42ad1cee712936b34f2bc1e1e15146c530b5fb
full_core_rtl/hls_project/solution_w4_full_core_rtl/.autopilot/db/try_issue_loadap_header.systemc.txt.ap_header.txt,0,e3b0c44298fc1c149afbf4c8996fb92427ae41e4649b934ca495991b7852b855
full_core_rtl/hls_project/solution_w4_full_core_rtl/.autopilot/db/try_issue_loadap_header.verilog.txt.ap_header.txt,0,e3b0c44298fc1c149afbf4c8996fb92427ae41e4649b934ca495991b7852b855
full_core_rtl/hls_project/solution_w4_full_core_rtl/.autopilot/db/try_issue_loadap_header.vhdl.txt.ap_header.txt,0,e3b0c44298fc1c149afbf4c8996fb92427ae41e4649b934ca495991b7852b855
full_core_rtl/hls_project/solution_w4_full_core_rtl/.autopilot/db/vhdl/boom_core_top_compact_issue_queue_temp_uop_csr_addr_RAM_AUTO_1R1W.vhd,1888,43770bd8d77b449e2a0aaa6190d1578032f7e5ca1ea8a7f732f595a9488333ea
full_core_rtl/hls_project/solution_w4_full_core_rtl/.autopilot/db/vhdl/boom_core_top_compact_issue_queue_temp_uop_debug_pc_RAM_AUTO_1R1W.vhd,1888,b3d54e2c375e0a8fe09dfe74147e5f1bf5dec4073a2cc306c086249b3ee6110a
full_core_rtl/hls_project/solution_w4_full_core_rtl/.autopilot/db/vhdl/boom_core_top_compact_issue_queue_temp_uop_inst_RAM_AUTO_1R1W.vhd,1880,e65cfb41e2cc2c2c6de4dc965278a6acedfb1c675accc18586c766639ff306d2
full_core_rtl/hls_project/solution_w4_full_core_rtl/.autopilot/db/vhdl/boom_core_top_compact_issue_queue_temp_uop_uopc_RAM_AUTO_1R1W.vhd,1879,de6d0a67305eee683fc6be3734e017b939d3cc869fb107f23e260ec1d66dfc5e
full_core_rtl/hls_project/solution_w4_full_core_rtl/.autopilot/db/vhdl/boom_core_top_compact_issue_queue_temp_valid_RAM_AUTO_1R1W.vhd,1873,fb9604fc047223ed183b5d89f898bb59c6e659e2b8b73e6df188e413415f3db6
full_core_rtl/hls_project/solution_w4_full_core_rtl/.autopilot/db/vhdl/boom_core_top_fifo_w193_d2_S.vhd,4685,49ef6de0864bda8e27427431be285fa2901ebb3085040dc505b85ee835a55e1d
full_core_rtl/hls_project/solution_w4_full_core_rtl/.autopilot/db/vhdl/boom_core_top_fifo_w283_d2_S.vhd,4685,8f1826f52413f7b09060a2451a64327965fa097b767cd7a2e2f56dfced10af40
full_core_rtl/hls_project/solution_w4_full_core_rtl/.autopilot/db/vhdl/boom_core_top_fifo_w289_d2_S.vhd,4685,f69d81066a0b7eca42b400988bab905d9d0c27777125033b238e73a1e9307eaa
full_core_rtl/hls_project/solution_w4_full_core_rtl/.autopilot/db/vhdl/boom_core_top_fifo_w518_d2_S.vhd,4685,24cf1b10e0fb7f452efa4e7b01d276589ddde97d34b2271c5e3844e7ee89cba1
full_core_rtl/hls_project/solution_w4_full_core_rtl/.autopilot/db/vhdl/boom_core_top_fifo_w97_d2_S.vhd,4674,d480ef53f0a42d7be2e5f9da1b735912ca8f4a7b735514eba556934d52e27154
full_core_rtl/hls_project/solution_w4_full_core_rtl/.autopilot/db/vhdl/boom_core_top_mul_32s_32s_64_1_1.vhd,1138,bf7c8b0d3c7fb2a86993adf3b0dcfd76c907e7ff09c7f58806d0027d33f3ba6b
full_core_rtl/hls_project/solution_w4_full_core_rtl/.autopilot/db/vhdl/boom_core_top_mul_3ns_7ns_9_1_1.vhd,1112,c0f45029f98930ec1b3dfaa3bb83b9a4688f32517d7e3fa52a484233aaa77d85
full_core_rtl/hls_project/solution_w4_full_core_rtl/.autopilot/db/vhdl/boom_core_top_mul_8ns_7ns_9_1_1.vhd,1112,aa96d835aa74e15ca7719714ede3f53fbb8422244ed1bed8c278ddcab8ba7ba4
full_core_rtl/hls_project/solution_w4_full_core_rtl/.autopilot/db/vhdl/boom_core_top_mux_32_1_1_1.vhd,1466,f62b08bd97be9d5fddc200553a1c52ef2332e2a277effbc427ab3560434e4f87
full_core_rtl/hls_project/solution_w4_full_core_rtl/.autopilot/db/vhdl/boom_core_top_mux_32_64_1_1.vhd,1475,0c2377e8daf6446d3dd9122e7e8c1da91b5630f539dded8796614b8dd1b00806
full_core_rtl/hls_project/solution_w4_full_core_rtl/.autopilot/db/vhdl/boom_core_top_mux_32_8_1_1.vhd,1466,3cc94cb4c502a5ae96bf48455db8987cb3be1b35ec99a44e15d7a43c8e52f699
full_core_rtl/hls_project/solution_w4_full_core_rtl/.autopilot/db/vhdl/boom_core_top_mux_42_1_1_1.vhd,1577,de8f6a7f09f3b4e7b25f0a3667afb74241ea171467e6798518e206271fb99da7
full_core_rtl/hls_project/solution_w4_full_core_rtl/.autopilot/db/vhdl/boom_core_top_mux_42_2_1_1.vhd,1577,bf1dc9e5f12b6010ff1ad9e3e7ccccf061f87ac7cace279e7eb6d087c9f85e5b
full_core_rtl/hls_project/solution_w4_full_core_rtl/.autopilot/db/vhdl/boom_core_top_mux_42_32_1_1.vhd,1587,239c44965a9b43e863908d95d03e357c7f164e8f54c5719fc940ac50f7f4ef74
full_core_rtl/hls_project/solution_w4_full_core_rtl/.autopilot/db/vhdl/boom_core_top_mux_42_3_1_1.vhd,1577,b9c1772292a652a9aeca79178e7f680b4cb01c6c3066810dbe7b474fcaa0bb32
full_core_rtl/hls_project/solution_w4_full_core_rtl/.autopilot/db/vhdl/boom_core_top_mux_42_64_1_1.vhd,1587,6f5494dcc4ce55dfd6a9e2b9b5e8b6de891fe453912df45cb5cc326c5b8f6f1b
full_core_rtl/hls_project/solution_w4_full_core_rtl/.autopilot/db/vhdl/boom_core_top_mux_42_8_1_1.vhd,1577,d6fa413322603fecedded1f0662765e32a77e9eb9f147c60e357ff3822afd895
full_core_rtl/hls_project/solution_w4_full_core_rtl/.autopilot/db/vhdl/boom_core_top_state_branch_state_br_alloc_lists_RAM_AUTO_1R1W.vhd,1908,2e32354920a1d6a330daa0475159fc93ac929f4b766b51ae0d950def86652e5c
full_core_rtl/hls_project/solution_w4_full_core_rtl/.autopilot/db/vhdl/boom_core_top_state_int_rf_bank0_RAM_AUTO_1R1W.vhd,1878,16475dbad4ad0704b6f37590ad6a6f2e563af32014564ace2b8f1ceba49fb91a
full_core_rtl/hls_project/solution_w4_full_core_rtl/.autopilot/db/vhdl/boom_core_top_state_issue_alu_iq_entries_uop_csr_addr_RAM_AUTO_1R1W.vhd,1919,f9d2c584fc8a6fe8408e7e73c175b8306863b832ee21ab8ca1a38f6cd5289758
full_core_rtl/hls_project/solution_w4_full_core_rtl/.autopilot/db/vhdl/boom_core_top_state_issue_alu_iq_entries_uop_debug_pc_RAM_AUTO_1R1W.vhd,1919,1784861516c79600def3ba35bb44ac9408d03c4763897eede1e8f8649f4de303
full_core_rtl/hls_project/solution_w4_full_core_rtl/.autopilot/db/vhdl/boom_core_top_state_issue_alu_iq_entries_uop_inst_RAM_AUTO_1R1W.vhd,1911,078f738d5ccab05f6471443da5c1a0fa006e0a099d3567d4438aa197add150aa
full_core_rtl/hls_project/solution_w4_full_core_rtl/.autopilot/db/vhdl/boom_core_top_state_issue_alu_iq_entries_uop_uopc_RAM_AUTO_1R1W.vhd,1910,5d5b60d3631f26b9dd1caa6f0b60c26b09cf411455015a8bc71802673737cd65
full_core_rtl/hls_project/solution_w4_full_core_rtl/.autopilot/db/vhdl/boom_core_top_state_issue_alu_iq_entries_valid_RAM_AUTO_1R1W.vhd,1904,5f7f3f3021b286fca4edb22b045aeca151db74180c297cca25f8cdd12aba690c
full_core_rtl/hls_project/solution_w4_full_core_rtl/.autopilot/db/vhdl/boom_core_top_state_rename_int_free_list_busy_table_RAM_AUTO_1R1W.vhd,2667,b2b179553ac24ba458618d759fef460131cd4eaec50265a0e5b3e8b5bf3d0db0
full_core_rtl/hls_project/solution_w4_full_core_rtl/.autopilot/db/vhdl/boom_core_top_state_rename_int_free_list_free_list_RAM_AUTO_1R1W.vhd,1913,e72727404b30914c93a50c7b93d0ec96106ba15c2d855fa1c0da26ea449f8503
full_core_rtl/hls_project/solution_w4_full_core_rtl/.autopilot/db/vhdl/boom_core_top_state_rename_int_map_table_br_snapshots_RAM_AUTO_1R1W.vhd,1920,50d41fd6626eedde20ce8033bed638b1933379ee3b755c0c34f4dafd70fe9e9e
full_core_rtl/hls_project/solution_w4_full_core_rtl/.autopilot/db/vhdl/boom_core_top_state_rename_int_map_table_committed_map_table_RAM_AUTO_1R1W.vhd,1933,aa0bc50d08c48ab5772432ed02677635a280f51b6ef52ae20da859830d2a11a6
full_core_rtl/hls_project/solution_w4_full_core_rtl/.autopilot/db/vhdl/boom_core_top_state_rename_int_map_table_map_table_RAM_AUTO_1R1W.vhd,2665,cc54594073799ab6e82d59893bc16aea1f37029d0baec24b07c2252e1799b665
full_core_rtl/hls_project/solution_w4_full_core_rtl/.autopilot/db/vhdl/boom_core_top_state_rob_entries_uop_branch_br_tag_RAM_AUTO_1R1W.vhd,1911,78c3edfa2c672838a0786d9c642f037e256a87fdb146f1ebbbf4ed4702338b0c
full_core_rtl/hls_project/solution_w4_full_core_rtl/.autopilot/db/vhdl/boom_core_top_state_rob_entries_uop_debug_pc_RAM_AUTO_1R1W.vhd,1902,717301a7560c5b10c45ac18491852fb0fbd8405e0bde50334950fcaa5e380d83
full_core_rtl/hls_project/solution_w4_full_core_rtl/.autopilot/db/vhdl/boom_core_top_state_rob_entries_uop_inst_RAM_AUTO_1R1W.vhd,1894,3584086a4a17c2d4b0b73166001df0b68bdf2fdccbe2ac048cd10bba5910ef18
full_core_rtl/hls_project/solution_w4_full_core_rtl/.autopilot/db/vhdl/boom_core_top_state_rob_entries_uop_queue_rob_idx_RAM_AUTO_1R1W.vhd,1911,1b8345e3d09b1897d69f780ad7af1f3e1a976f5febe932ceb158b1cfc0f150e9
full_core_rtl/hls_project/solution_w4_full_core_rtl/.autopilot/db/vhdl/boom_core_top_state_rob_entries_uop_rename_dst_rtype_RAM_AUTO_1R1W.vhd,1917,4f4342159f3b738ff8a187c6c22ecc706e2737005aa7144925dca679703a4dea
full_core_rtl/hls_project/solution_w4_full_core_rtl/.autopilot/db/vhdl/boom_core_top_state_rob_entries_valid_RAM_AUTO_1R1W.vhd,1887,716ba379d884792249500316f44f7c4a882e4418ffdb9b4b0bc462e682bcbb7d
full_core_rtl/hls_project/solution_w4_full_core_rtl/.autopilot/db/vlog/boom_core_top_compact_issue_queue_temp_uop_csr_addr_RAM_AUTO_1R1W.v,826,94af3069995e1a167ed0536eb93372aedc826e6dff27ed594a37eb4cf3c1057d
full_core_rtl/hls_project/solution_w4_full_core_rtl/.autopilot/db/vlog/boom_core_top_compact_issue_queue_temp_uop_debug_pc_RAM_AUTO_1R1W.v,826,1fec7f1cbed360de46e4ec109470b8cf64e3725fc50076a66bc941d87b0d6c07
full_core_rtl/hls_project/solution_w4_full_core_rtl/.autopilot/db/vlog/boom_core_top_compact_issue_queue_temp_uop_inst_RAM_AUTO_1R1W.v,822,6caf40a3e717652bc69c7cafd1c457594d6cd50c0a5fe607de1637504e68d6ec
full_core_rtl/hls_project/solution_w4_full_core_rtl/.autopilot/db/vlog/boom_core_top_compact_issue_queue_temp_uop_uopc_RAM_AUTO_1R1W.v,821,00b12b022103b93fed150b47048915672c573da1719264a22f9276080f4a1927
full_core_rtl/hls_project/solution_w4_full_core_rtl/.autopilot/db/vlog/boom_core_top_compact_issue_queue_temp_valid_RAM_AUTO_1R1W.v,818,cc421fc71d0de14928e795caad39c09e128ea386900f94d8fee3a5ce46107350
full_core_rtl/hls_project/solution_w4_full_core_rtl/.autopilot/db/vlog/boom_core_top_fifo_w193_d2_S.v,3019,7fd059c644f863db7187be6c81b1577dea978fffcfb3493e28309635a9800a37
full_core_rtl/hls_project/solution_w4_full_core_rtl/.autopilot/db/vlog/boom_core_top_fifo_w283_d2_S.v,3019,6ff3dadabc81004a35598a91b3c119401068415715017e49b72e8d458346f042
full_core_rtl/hls_project/solution_w4_full_core_rtl/.autopilot/db/vlog/boom_core_top_fifo_w289_d2_S.v,3019,f7c472e55bf4ae82c82e156ebc288995a6e5f1ef80fc987932c1220d1023f66b
full_core_rtl/hls_project/solution_w4_full_core_rtl/.autopilot/db/vlog/boom_core_top_fifo_w518_d2_S.v,3019,b1f1ca86dcf6b97b74fb7292dc1374c35d38c4cb3c987726eeeec23af70ef8ef
full_core_rtl/hls_project/solution_w4_full_core_rtl/.autopilot/db/vlog/boom_core_top_fifo_w97_d2_S.v,3013,68f3247890cd84c8a30ca2f04e4668a5620ccc1b076eb03861dc12f9c8ab3b7c
full_core_rtl/hls_project/solution_w4_full_core_rtl/.autopilot/db/vlog/boom_core_top_mul_32s_32s_64_1_1.v,699,747c593326a6339a8fa3910d86cbcfdc1912f5f41eac9225d2fde72fc658ff4f
full_core_rtl/hls_project/solution_w4_full_core_rtl/.autopilot/db/vlog/boom_core_top_mul_3ns_7ns_9_1_1.v,714,95f29914653d997a65bff3b3b5de5c0cecb1914487afdcc52a6dd318fa6c7c15
full_core_rtl/hls_project/solution_w4_full_core_rtl/.autopilot/db/vlog/boom_core_top_mul_8ns_7ns_9_1_1.v,714,43e1d34a82f0c113c52cfa02035fe83a8b1888f2795b95f6767a3218764018cd
full_core_rtl/hls_project/solution_w4_full_core_rtl/.autopilot/db/vlog/boom_core_top_mux_32_1_1_1.v,1094,a99c944968cb763766e73e0ca2ae1205427dbba2a93643515c031158b68399d7
full_core_rtl/hls_project/solution_w4_full_core_rtl/.autopilot/db/vlog/boom_core_top_mux_32_64_1_1.v,1102,022598b6020c56918abcffdb672c7bdba3db2c93b035001b3fe6f4da8214603c
full_core_rtl/hls_project/solution_w4_full_core_rtl/.autopilot/db/vlog/boom_core_top_mux_32_8_1_1.v,1094,a6a6060228d281e476370aa2bf5e75d2479d4d62e8d601a2b2caa51c87c76050
full_core_rtl/hls_project/solution_w4_full_core_rtl/.autopilot/db/vlog/boom_core_top_mux_42_1_1_1.v,1172,782c6f9a964265c9fba7646a35e5895d2b879ea782277bef33655753c194e55b
full_core_rtl/hls_project/solution_w4_full_core_rtl/.autopilot/db/vlog/boom_core_top_mux_42_2_1_1.v,1172,beaa5f923e6e4a1dd46372f0c00ced0bebc68069365383d2a3353e4409d9e934
full_core_rtl/hls_project/solution_w4_full_core_rtl/.autopilot/db/vlog/boom_core_top_mux_42_32_1_1.v,1181,de9b200651d381bac46331c3b2c3bcc430f04030acc891bacfec3e89a25bcdf5
full_core_rtl/hls_project/solution_w4_full_core_rtl/.autopilot/db/vlog/boom_core_top_mux_42_3_1_1.v,1172,c3fcd0e676b0aaab0519556f65342f0058552a8af63038b89a1dfcae3213f872
full_core_rtl/hls_project/solution_w4_full_core_rtl/.autopilot/db/vlog/boom_core_top_mux_42_64_1_1.v,1181,51d8d3b24b1cbc6985c52bbc067b92bb0dd981b515e29a1170d8838ace05aa0f
full_core_rtl/hls_project/solution_w4_full_core_rtl/.autopilot/db/vlog/boom_core_top_mux_42_8_1_1.v,1172,ae136a91b38c49d136679bd0ac573fc9ba3a83c96997ede67f67d3cc7c2bba0b
full_core_rtl/hls_project/solution_w4_full_core_rtl/.autopilot/db/vlog/boom_core_top_state_branch_state_br_alloc_lists_RAM_AUTO_1R1W.dat,833,fbb089b61e03868de30aa007a6c4d0314307a4d1dcb71b4a63c00272d1f70694
full_core_rtl/hls_project/solution_w4_full_core_rtl/.autopilot/db/vlog/boom_core_top_state_branch_state_br_alloc_lists_RAM_AUTO_1R1W.v,932,556b420d7fed3262ca7a1367045ae78fc5ca8e0fc0b1b1b300fd83e4d054308c
full_core_rtl/hls_project/solution_w4_full_core_rtl/.autopilot/db/vlog/boom_core_top_state_int_rf_bank0_RAM_AUTO_1R1W.dat,885,10b66f84c5618d28ef9abdd8a32278f4e3b7328644bc773636217cd72bbdf7c3
full_core_rtl/hls_project/solution_w4_full_core_rtl/.autopilot/db/vlog/boom_core_top_state_int_rf_bank0_RAM_AUTO_1R1W.v,902,5291e01f879962c5bb5c7aff93bebacb76585aa90749053cba5d2a592ef6a062
full_core_rtl/hls_project/solution_w4_full_core_rtl/.autopilot/db/vlog/boom_core_top_state_issue_alu_iq_entries_uop_csr_addr_RAM_AUTO_1R1W.dat,41,9530b8e87c1cf286feb3006583f9a6c6e4f10fcda2a4db64de65d2258f8c161e
full_core_rtl/hls_project/solution_w4_full_core_rtl/.autopilot/db/vlog/boom_core_top_state_issue_alu_iq_entries_uop_csr_addr_RAM_AUTO_1R1W.v,943,6297f9acc55cc6fcf76f25ec94b6410773d28603429764a2feacd44e662129fb
full_core_rtl/hls_project/solution_w4_full_core_rtl/.autopilot/db/vlog/boom_core_top_state_issue_alu_iq_entries_uop_debug_pc_RAM_AUTO_1R1W.dat,137,5f8dd2eb99e01855baf8a403bea4c25da173f180c729e968df7aa30f02d174db
full_core_rtl/hls_project/solution_w4_full_core_rtl/.autopilot/db/vlog/boom_core_top_state_issue_alu_iq_entries_uop_debug_pc_RAM_AUTO_1R1W.v,943,d95f8ae698b3e5c8c39c1330f9065d7b6a03974743b3ce70de350fd35587ced4
full_core_rtl/hls_project/solution_w4_full_core_rtl/.autopilot/db/vlog/boom_core_top_state_issue_alu_iq_entries_uop_inst_RAM_AUTO_1R1W.dat,73,05800619c0d00046d1eef75d78b1ce2c010dd6703a55919968b94939420e1255
full_core_rtl/hls_project/solution_w4_full_core_rtl/.autopilot/db/vlog/boom_core_top_state_issue_alu_iq_entries_uop_inst_RAM_AUTO_1R1W.v,935,ecadec185be9096ce7c46b78903adc83be8fe4b565612be9775bbb1fafda1246
full_core_rtl/hls_project/solution_w4_full_core_rtl/.autopilot/db/vlog/boom_core_top_state_issue_alu_iq_entries_uop_uopc_RAM_AUTO_1R1W.dat,25,bb902bb0728d937615033e9da5b5429666452f3e70cc5c8d52b2d529ec87ad58
full_core_rtl/hls_project/solution_w4_full_core_rtl/.autopilot/db/vlog/boom_core_top_state_issue_alu_iq_entries_uop_uopc_RAM_AUTO_1R1W.v,934,edcb14129eb3b655f0bd2eec35796cea589b9adab6f2f873c6d531938172ce22
full_core_rtl/hls_project/solution_w4_full_core_rtl/.autopilot/db/vlog/boom_core_top_state_issue_alu_iq_entries_valid_RAM_AUTO_1R1W.dat,17,79c3ad45084e9022b4d66ea6f82f3eddba71a4a0654b11d0ebf329a5ba6fe8e7
full_core_rtl/hls_project/solution_w4_full_core_rtl/.autopilot/db/vlog/boom_core_top_state_issue_alu_iq_entries_valid_RAM_AUTO_1R1W.v,928,1d595705d49baa4b075344e41f5a8b46848a13e3312ff85a0ae3542993cc5db6
full_core_rtl/hls_project/solution_w4_full_core_rtl/.autopilot/db/vlog/boom_core_top_state_rename_int_free_list_busy_table_RAM_AUTO_1R1W.dat,105,8a8b258de62af0a6ba879edb1b25c1de471067d8aed0f05874666e2d1a23a43d
full_core_rtl/hls_project/solution_w4_full_core_rtl/.autopilot/db/vlog/boom_core_top_state_rename_int_free_list_busy_table_RAM_AUTO_1R1W.v,1126,04e327d3f241a08985d6bf582c395ac73e0bc7e4ce049f9c620ba333dff25509
full_core_rtl/hls_project/solution_w4_full_core_rtl/.autopilot/db/vlog/boom_core_top_state_rename_int_free_list_free_list_RAM_AUTO_1R1W.dat,157,2fad826e5e3646f3bbb2516522faeeb22d93b050c4f3d120cf04f18ec7281568
full_core_rtl/hls_project/solution_w4_full_core_rtl/.autopilot/db/vlog/boom_core_top_state_rename_int_free_list_free_list_RAM_AUTO_1R1W.v,937,09490f61d5e41cf075772c76e1422c861f3f9cd47a791aa94b28e6af365f371b
full_core_rtl/hls_project/solution_w4_full_core_rtl/.autopilot/db/vlog/boom_core_top_state_rename_int_map_table_br_snapshots_RAM_AUTO_1R1W.dat,769,a3aced54b1c49e5b95fd1c0600df72f947e0826ff8ee87a3f8cb0af232621f27
full_core_rtl/hls_project/solution_w4_full_core_rtl/.autopilot/db/vlog/boom_core_top_state_rename_int_map_table_br_snapshots_RAM_AUTO_1R1W.v,944,30234b9dc95948e93237d19eb0c9624ce70107a95351dab256202720469098d4
full_core_rtl/hls_project/solution_w4_full_core_rtl/.autopilot/db/vlog/boom_core_top_state_rename_int_map_table_committed_map_table_RAM_AUTO_1R1W.dat,97,e487d2cc0548b0525d0e063810c2fc0e33adc722bfcea3e7e7f19c934ef10165
full_core_rtl/hls_project/solution_w4_full_core_rtl/.autopilot/db/vlog/boom_core_top_state_rename_int_map_table_committed_map_table_RAM_AUTO_1R1W.v,957,6bdf5aa9a7e9fad825fff9cf634be315983388dd26a042a0899c8f5412f8c5b9
full_core_rtl/hls_project/solution_w4_full_core_rtl/.autopilot/db/vlog/boom_core_top_state_rename_int_map_table_map_table_RAM_AUTO_1R1W.dat,97,e487d2cc0548b0525d0e063810c2fc0e33adc722bfcea3e7e7f19c934ef10165
full_core_rtl/hls_project/solution_w4_full_core_rtl/.autopilot/db/vlog/boom_core_top_state_rename_int_map_table_map_table_RAM_AUTO_1R1W.v,1124,d9fce5a761f6fd1134704e58ea4aca1a3b1c6f8570c8e686b317e39ded06c1de
full_core_rtl/hls_project/solution_w4_full_core_rtl/.autopilot/db/vlog/boom_core_top_state_rob_entries_uop_branch_br_tag_RAM_AUTO_1R1W.dat,65,d89fea9237d912177b6cb334fd8c5f783a1081146af018a5c6f997fe9173595b
full_core_rtl/hls_project/solution_w4_full_core_rtl/.autopilot/db/vlog/boom_core_top_state_rob_entries_uop_branch_br_tag_RAM_AUTO_1R1W.v,935,0c43307e7fbd39feba019ebf2c4f1dec51a1c1c16f5086894d169566d6685732
full_core_rtl/hls_project/solution_w4_full_core_rtl/.autopilot/db/vlog/boom_core_top_state_rob_entries_uop_debug_pc_RAM_AUTO_1R1W.dat,545,3883b3ed39c8ceb39ac0059ffc995af8c6bd6a43bba18adb57154d8b04d38fbc
full_core_rtl/hls_project/solution_w4_full_core_rtl/.autopilot/db/vlog/boom_core_top_state_rob_entries_uop_debug_pc_RAM_AUTO_1R1W.v,926,c478d1083cd3d9a89a7d2659708902460091bd95f6d617020544495d06cafb95
full_core_rtl/hls_project/solution_w4_full_core_rtl/.autopilot/db/vlog/boom_core_top_state_rob_entries_uop_inst_RAM_AUTO_1R1W.dat,289,6f24a78a9aa658343e9d345e36b57cd3f20fb53592383e645c52378d96f8f8de
full_core_rtl/hls_project/solution_w4_full_core_rtl/.autopilot/db/vlog/boom_core_top_state_rob_entries_uop_inst_RAM_AUTO_1R1W.v,918,d8fb568af3f3190ef7bfb9bb68be52a41d1dbb18fae4aee95cbb46e6f3ff0165
full_core_rtl/hls_project/solution_w4_full_core_rtl/.autopilot/db/vlog/boom_core_top_state_rob_entries_uop_queue_rob_idx_RAM_AUTO_1R1W.dat,97,e487d2cc0548b0525d0e063810c2fc0e33adc722bfcea3e7e7f19c934ef10165
full_core_rtl/hls_project/solution_w4_full_core_rtl/.autopilot/db/vlog/boom_core_top_state_rob_entries_uop_queue_rob_idx_RAM_AUTO_1R1W.v,935,b6a346dc25ecd4f6c669fd699f56991b9a318f4f269f59e453c902c84fad3ba8
full_core_rtl/hls_project/solution_w4_full_core_rtl/.autopilot/db/vlog/boom_core_top_state_rob_entries_uop_rename_dst_rtype_RAM_AUTO_1R1W.dat,65,d89fea9237d912177b6cb334fd8c5f783a1081146af018a5c6f997fe9173595b
full_core_rtl/hls_project/solution_w4_full_core_rtl/.autopilot/db/vlog/boom_core_top_state_rob_entries_uop_rename_dst_rtype_RAM_AUTO_1R1W.v,941,aa473b239b441b80c92285242454e1e41e5d58bb4913bab62d442ee09867341f
full_core_rtl/hls_project/solution_w4_full_core_rtl/.autopilot/db/vlog/boom_core_top_state_rob_entries_valid_RAM_AUTO_1R1W.dat,65,d89fea9237d912177b6cb334fd8c5f783a1081146af018a5c6f997fe9173595b
full_core_rtl/hls_project/solution_w4_full_core_rtl/.autopilot/db/vlog/boom_core_top_state_rob_entries_valid_RAM_AUTO_1R1W.v,911,940315a91c95dfc90505e340362049504aac32e957d951e9bed7f5510cefa145
full_core_rtl/hls_project/solution_w4_full_core_rtl/.debug/boom_core_top.protoinst,12578,418652071c7d9aaf868a0c56c1c57d5f114db05be822b0628c904559fa649541
full_core_rtl/hls_project/solution_w4_full_core_rtl/impl/misc/logo.png,2297,4d978370b877dccf3f3bfaf7a8fdb3554e936ee2d2d3356bdaa64c0c4e30c9af
full_core_rtl/hls_project/solution_w4_full_core_rtl/impl/verilog/boom_core_top.v,1320672,928100c7e36948973e7eb680e794e8dc1abe73f272f8310e6397de9acd023f39
full_core_rtl/hls_project/solution_w4_full_core_rtl/impl/verilog/boom_core_top_apply_writeback_ports.v,8362,b5a7b4b36eddf3f8f500c622e8002dd08951f1bfcb9933c485d0267554c28d76
full_core_rtl/hls_project/solution_w4_full_core_rtl/impl/verilog/boom_core_top_boom_core_cycle_io.v,881606,db16395f98b6c6ba6248a90b6458709e64119d6bdeb39f60a9c7fada4054bc79
full_core_rtl/hls_project/solution_w4_full_core_rtl/impl/verilog/boom_core_top_boom_core_reset_step.v,224077,ec0bcc276403bf394201979f4b8cbd80a5e86b93018295e19917d6a4e48dcee9
full_core_rtl/hls_project/solution_w4_full_core_rtl/impl/verilog/boom_core_top_boom_core_step.v,1559640,3011c07c7b6a552546347c9854b39104813588df0438dbfbcbd7d446d5ed99e9
full_core_rtl/hls_project/solution_w4_full_core_rtl/impl/verilog/boom_core_top_branch_complete_event.v,637995,4a138774ca5a8fd9d632aa96abc2861d9de8066e2c898dbff4bf6dbb26ec9667
full_core_rtl/hls_project/solution_w4_full_core_rtl/impl/verilog/boom_core_top_clear_resolved_masks_in_state.v,42451,2cf425c92848ab97e52962e5a26757334dd33a8ec8271a37c0ae7bbaedc25c6b
full_core_rtl/hls_project/solution_w4_full_core_rtl/impl/verilog/boom_core_top_compact_iq.v,372034,eeead170940158b907d6afca6f3e1e217d0c4349331f37f121b480c89045d3e3
full_core_rtl/hls_project/solution_w4_full_core_rtl/impl/verilog/boom_core_top_compact_issue_queue.v,371959,d6f09f0a9a065eb64cc2ddce6d4c633d03af011dfad7eb07d1428eb306919bec
full_core_rtl/hls_project/solution_w4_full_core_rtl/impl/verilog/boom_core_top_compact_issue_queue_temp_uop_csr_addr_RAM_AUTO_1R1W.v,826,94af3069995e1a167ed0536eb93372aedc826e6dff27ed594a37eb4cf3c1057d
full_core_rtl/hls_project/solution_w4_full_core_rtl/impl/verilog/boom_core_top_compact_issue_queue_temp_uop_debug_pc_RAM_AUTO_1R1W.v,826,1fec7f1cbed360de46e4ec109470b8cf64e3725fc50076a66bc941d87b0d6c07
full_core_rtl/hls_project/solution_w4_full_core_rtl/impl/verilog/boom_core_top_compact_issue_queue_temp_uop_inst_RAM_AUTO_1R1W.v,822,6caf40a3e717652bc69c7cafd1c457594d6cd50c0a5fe607de1637504e68d6ec
full_core_rtl/hls_project/solution_w4_full_core_rtl/impl/verilog/boom_core_top_compact_issue_queue_temp_uop_uopc_RAM_AUTO_1R1W.v,821,00b12b022103b93fed150b47048915672c573da1719264a22f9276080f4a1927
full_core_rtl/hls_project/solution_w4_full_core_rtl/impl/verilog/boom_core_top_compact_issue_queue_temp_valid_RAM_AUTO_1R1W.v,818,cc421fc71d0de14928e795caad39c09e128ea386900f94d8fee3a5ce46107350
full_core_rtl/hls_project/solution_w4_full_core_rtl/impl/verilog/boom_core_top_completion_is_valid.v,13463,6236c6654ca1acfeb1bdfc31fececd45d7cc904673922c25d4d30932b7990247
full_core_rtl/hls_project/solution_w4_full_core_rtl/impl/verilog/boom_core_top_completion_service_cycle.v,1270510,f4f85000500c80589e96041228782f41c47e10868a706cde266523249304eb63
full_core_rtl/hls_project/solution_w4_full_core_rtl/impl/verilog/boom_core_top_decode_module.v,468962,4ffb7e7f11c4bac54388f347314f8b6fde7bec0491f145e77e5bb1b57a23c000
full_core_rtl/hls_project/solution_w4_full_core_rtl/impl/verilog/boom_core_top_execute_module.v,157862,d1bfb52a6897ed669d2d2b042269fd079263e4f1c710e6598a79074ce42bf5e0
full_core_rtl/hls_project/solution_w4_full_core_rtl/impl/verilog/boom_core_top_fifo_w193_d2_S.v,3019,7fd059c644f863db7187be6c81b1577dea978fffcfb3493e28309635a9800a37
full_core_rtl/hls_project/solution_w4_full_core_rtl/impl/verilog/boom_core_top_fifo_w283_d2_S.v,3019,6ff3dadabc81004a35598a91b3c119401068415715017e49b72e8d458346f042
full_core_rtl/hls_project/solution_w4_full_core_rtl/impl/verilog/boom_core_top_fifo_w289_d2_S.v,3019,f7c472e55bf4ae82c82e156ebc288995a6e5f1ef80fc987932c1220d1023f66b
full_core_rtl/hls_project/solution_w4_full_core_rtl/impl/verilog/boom_core_top_fifo_w518_d2_S.v,3019,b1f1ca86dcf6b97b74fb7292dc1374c35d38c4cb3c987726eeeec23af70ef8ef
full_core_rtl/hls_project/solution_w4_full_core_rtl/impl/verilog/boom_core_top_fifo_w97_d2_S.v,3013,68f3247890cd84c8a30ca2f04e4668a5620ccc1b076eb03861dc12f9c8ab3b7c
full_core_rtl/hls_project/solution_w4_full_core_rtl/impl/verilog/boom_core_top_frontend_module.v,54090,596481cd7b368dc835c620daa53a63a0e8a6fac86c0be2d1233643fcc621423e
full_core_rtl/hls_project/solution_w4_full_core_rtl/impl/verilog/boom_core_top_issue_module.v,860925,1309794f148bc4e9ba47c6090cc94a8fd8b9e1355864339164eecc94db8572b5
full_core_rtl/hls_project/solution_w4_full_core_rtl/impl/verilog/boom_core_top_kill_execute_state.v,107009,3d2ef3304f06501fe57a37f37217bd63a31418b345098b1657ba0414fdc1c8fc
full_core_rtl/hls_project/solution_w4_full_core_rtl/impl/verilog/boom_core_top_kill_issue_state.v,250354,146d950bf85cb2bcb920ab64c729a25afece1f2a6bb3858754d9102afbe67304
full_core_rtl/hls_project/solution_w4_full_core_rtl/impl/verilog/boom_core_top_kill_lsu_state.v,131742,e414d584ca2499136397fb2e231b21ad619ce76e5e9e6a9d694164b30fa2fd2e
full_core_rtl/hls_project/solution_w4_full_core_rtl/impl/verilog/boom_core_top_kill_rob_younger_than.v,60579,3df033f41f1085fdd07d50a0f0d0e27c4ae3d6443975bc62bef4b566509f7aac
full_core_rtl/hls_project/solution_w4_full_core_rtl/impl/verilog/boom_core_top_lsu_accept_completion.v,51556,bdab24e0015c55bd65a1c9f50b2ac8598d9e028330c55ffe6f35f63795953214
full_core_rtl/hls_project/solution_w4_full_core_rtl/impl/verilog/boom_core_top_lsu_reclaim_store.v,57189,5c1e18c4cb4b3071247da0d0d3bdba909db7c1d0289ac5e90e0e4173163b7e24
full_core_rtl/hls_project/solution_w4_full_core_rtl/impl/verilog/boom_core_top_mul_32s_32s_64_1_1.v,699,747c593326a6339a8fa3910d86cbcfdc1912f5f41eac9225d2fde72fc658ff4f
full_core_rtl/hls_project/solution_w4_full_core_rtl/impl/verilog/boom_core_top_mul_3ns_7ns_9_1_1.v,714,95f29914653d997a65bff3b3b5de5c0cecb1914487afdcc52a6dd318fa6c7c15
full_core_rtl/hls_project/solution_w4_full_core_rtl/impl/verilog/boom_core_top_mul_8ns_7ns_9_1_1.v,714,43e1d34a82f0c113c52cfa02035fe83a8b1888f2795b95f6767a3218764018cd
full_core_rtl/hls_project/solution_w4_full_core_rtl/impl/verilog/boom_core_top_mux_32_1_1_1.v,1094,a99c944968cb763766e73e0ca2ae1205427dbba2a93643515c031158b68399d7
full_core_rtl/hls_project/solution_w4_full_core_rtl/impl/verilog/boom_core_top_mux_32_64_1_1.v,1102,022598b6020c56918abcffdb672c7bdba3db2c93b035001b3fe6f4da8214603c
full_core_rtl/hls_project/solution_w4_full_core_rtl/impl/verilog/boom_core_top_mux_32_8_1_1.v,1094,a6a6060228d281e476370aa2bf5e75d2479d4d62e8d601a2b2caa51c87c76050
full_core_rtl/hls_project/solution_w4_full_core_rtl/impl/verilog/boom_core_top_mux_42_1_1_1.v,1172,782c6f9a964265c9fba7646a35e5895d2b879ea782277bef33655753c194e55b
full_core_rtl/hls_project/solution_w4_full_core_rtl/impl/verilog/boom_core_top_mux_42_2_1_1.v,1172,beaa5f923e6e4a1dd46372f0c00ced0bebc68069365383d2a3353e4409d9e934
full_core_rtl/hls_project/solution_w4_full_core_rtl/impl/verilog/boom_core_top_mux_42_32_1_1.v,1181,de9b200651d381bac46331c3b2c3bcc430f04030acc891bacfec3e89a25bcdf5
full_core_rtl/hls_project/solution_w4_full_core_rtl/impl/verilog/boom_core_top_mux_42_3_1_1.v,1172,c3fcd0e676b0aaab0519556f65342f0058552a8af63038b89a1dfcae3213f872
full_core_rtl/hls_project/solution_w4_full_core_rtl/impl/verilog/boom_core_top_mux_42_64_1_1.v,1181,51d8d3b24b1cbc6985c52bbc067b92bb0dd981b515e29a1170d8838ace05aa0f
full_core_rtl/hls_project/solution_w4_full_core_rtl/impl/verilog/boom_core_top_mux_42_8_1_1.v,1172,ae136a91b38c49d136679bd0ac573fc9ba3a83c96997ede67f67d3cc7c2bba0b
full_core_rtl/hls_project/solution_w4_full_core_rtl/impl/verilog/boom_core_top_reclaim_ldq.v,50927,7dad1374e3ed8d1c86656124ced37f45283ade7b3646a8b7e29381d8b85f4208
full_core_rtl/hls_project/solution_w4_full_core_rtl/impl/verilog/boom_core_top_recover_mispredict.v,612799,691702fd35e7d7b7f46ac63e2706de67d7c459f05799a0a24e18beafe0ce2f4d
full_core_rtl/hls_project/solution_w4_full_core_rtl/impl/verilog/boom_core_top_regslice_both.v,7536,956824d3a3d0c1cd5065c2c5929e44b963743e26118ca8d8b9f8e8efdf1e627e
full_core_rtl/hls_project/solution_w4_full_core_rtl/impl/verilog/boom_core_top_rename_module.v,85015,1cc9c3c2808bdb7e93ef0b7df8337d3a48fdab394ae230d25ac3d189539041d5
full_core_rtl/hls_project/solution_w4_full_core_rtl/impl/verilog/boom_core_top_rob_allocate.v,55156,0e60fbbe1fc89b76f6470f0421ba7b6662cdee9beabaac2768996429d72d538d
full_core_rtl/hls_project/solution_w4_full_core_rtl/impl/verilog/boom_core_top_rob_commit_module.v,96528,cf0591b3725e4b1428ed8e286ed91bf1ee76eda6460fc1d44307d6343a5eb24b
full_core_rtl/hls_project/solution_w4_full_core_rtl/impl/verilog/boom_core_top_service_pending.v,383804,896c3626c443233846c22ba02757b9d2ea95d5e8a7d1a4a17916dcdd86634c0c
full_core_rtl/hls_project/solution_w4_full_core_rtl/impl/verilog/boom_core_top_state_branch_state_br_alloc_lists_RAM_AUTO_1R1W.dat,833,fbb089b61e03868de30aa007a6c4d0314307a4d1dcb71b4a63c00272d1f70694
full_core_rtl/hls_project/solution_w4_full_core_rtl/impl/verilog/boom_core_top_state_branch_state_br_alloc_lists_RAM_AUTO_1R1W.v,932,556b420d7fed3262ca7a1367045ae78fc5ca8e0fc0b1b1b300fd83e4d054308c
full_core_rtl/hls_project/solution_w4_full_core_rtl/impl/verilog/boom_core_top_state_int_rf_bank0_RAM_AUTO_1R1W.dat,885,10b66f84c5618d28ef9abdd8a32278f4e3b7328644bc773636217cd72bbdf7c3
full_core_rtl/hls_project/solution_w4_full_core_rtl/impl/verilog/boom_core_top_state_int_rf_bank0_RAM_AUTO_1R1W.v,902,5291e01f879962c5bb5c7aff93bebacb76585aa90749053cba5d2a592ef6a062
full_core_rtl/hls_project/solution_w4_full_core_rtl/impl/verilog/boom_core_top_state_issue_alu_iq_entries_uop_csr_addr_RAM_AUTO_1R1W.dat,41,9530b8e87c1cf286feb3006583f9a6c6e4f10fcda2a4db64de65d2258f8c161e
full_core_rtl/hls_project/solution_w4_full_core_rtl/impl/verilog/boom_core_top_state_issue_alu_iq_entries_uop_csr_addr_RAM_AUTO_1R1W.v,943,6297f9acc55cc6fcf76f25ec94b6410773d28603429764a2feacd44e662129fb
full_core_rtl/hls_project/solution_w4_full_core_rtl/impl/verilog/boom_core_top_state_issue_alu_iq_entries_uop_debug_pc_RAM_AUTO_1R1W.dat,137,5f8dd2eb99e01855baf8a403bea4c25da173f180c729e968df7aa30f02d174db
full_core_rtl/hls_project/solution_w4_full_core_rtl/impl/verilog/boom_core_top_state_issue_alu_iq_entries_uop_debug_pc_RAM_AUTO_1R1W.v,943,d95f8ae698b3e5c8c39c1330f9065d7b6a03974743b3ce70de350fd35587ced4
full_core_rtl/hls_project/solution_w4_full_core_rtl/impl/verilog/boom_core_top_state_issue_alu_iq_entries_uop_inst_RAM_AUTO_1R1W.dat,73,05800619c0d00046d1eef75d78b1ce2c010dd6703a55919968b94939420e1255
full_core_rtl/hls_project/solution_w4_full_core_rtl/impl/verilog/boom_core_top_state_issue_alu_iq_entries_uop_inst_RAM_AUTO_1R1W.v,935,ecadec185be9096ce7c46b78903adc83be8fe4b565612be9775bbb1fafda1246
full_core_rtl/hls_project/solution_w4_full_core_rtl/impl/verilog/boom_core_top_state_issue_alu_iq_entries_uop_uopc_RAM_AUTO_1R1W.dat,25,bb902bb0728d937615033e9da5b5429666452f3e70cc5c8d52b2d529ec87ad58
full_core_rtl/hls_project/solution_w4_full_core_rtl/impl/verilog/boom_core_top_state_issue_alu_iq_entries_uop_uopc_RAM_AUTO_1R1W.v,934,edcb14129eb3b655f0bd2eec35796cea589b9adab6f2f873c6d531938172ce22
full_core_rtl/hls_project/solution_w4_full_core_rtl/impl/verilog/boom_core_top_state_issue_alu_iq_entries_valid_RAM_AUTO_1R1W.dat,17,79c3ad45084e9022b4d66ea6f82f3eddba71a4a0654b11d0ebf329a5ba6fe8e7
full_core_rtl/hls_project/solution_w4_full_core_rtl/impl/verilog/boom_core_top_state_issue_alu_iq_entries_valid_RAM_AUTO_1R1W.v,928,1d595705d49baa4b075344e41f5a8b46848a13e3312ff85a0ae3542993cc5db6
full_core_rtl/hls_project/solution_w4_full_core_rtl/impl/verilog/boom_core_top_state_rename_int_free_list_busy_table_RAM_AUTO_1R1W.dat,105,8a8b258de62af0a6ba879edb1b25c1de471067d8aed0f05874666e2d1a23a43d
full_core_rtl/hls_project/solution_w4_full_core_rtl/impl/verilog/boom_core_top_state_rename_int_free_list_busy_table_RAM_AUTO_1R1W.v,1126,04e327d3f241a08985d6bf582c395ac73e0bc7e4ce049f9c620ba333dff25509
full_core_rtl/hls_project/solution_w4_full_core_rtl/impl/verilog/boom_core_top_state_rename_int_free_list_free_list_RAM_AUTO_1R1W.dat,157,2fad826e5e3646f3bbb2516522faeeb22d93b050c4f3d120cf04f18ec7281568
full_core_rtl/hls_project/solution_w4_full_core_rtl/impl/verilog/boom_core_top_state_rename_int_free_list_free_list_RAM_AUTO_1R1W.v,937,09490f61d5e41cf075772c76e1422c861f3f9cd47a791aa94b28e6af365f371b
full_core_rtl/hls_project/solution_w4_full_core_rtl/impl/verilog/boom_core_top_state_rename_int_map_table_br_snapshots_RAM_AUTO_1R1W.dat,769,a3aced54b1c49e5b95fd1c0600df72f947e0826ff8ee87a3f8cb0af232621f27
full_core_rtl/hls_project/solution_w4_full_core_rtl/impl/verilog/boom_core_top_state_rename_int_map_table_br_snapshots_RAM_AUTO_1R1W.v,944,30234b9dc95948e93237d19eb0c9624ce70107a95351dab256202720469098d4
full_core_rtl/hls_project/solution_w4_full_core_rtl/impl/verilog/boom_core_top_state_rename_int_map_table_committed_map_table_RAM_AUTO_1R1W.dat,97,e487d2cc0548b0525d0e063810c2fc0e33adc722bfcea3e7e7f19c934ef10165
full_core_rtl/hls_project/solution_w4_full_core_rtl/impl/verilog/boom_core_top_state_rename_int_map_table_committed_map_table_RAM_AUTO_1R1W.v,957,6bdf5aa9a7e9fad825fff9cf634be315983388dd26a042a0899c8f5412f8c5b9
full_core_rtl/hls_project/solution_w4_full_core_rtl/impl/verilog/boom_core_top_state_rename_int_map_table_map_table_RAM_AUTO_1R1W.dat,97,e487d2cc0548b0525d0e063810c2fc0e33adc722bfcea3e7e7f19c934ef10165
full_core_rtl/hls_project/solution_w4_full_core_rtl/impl/verilog/boom_core_top_state_rename_int_map_table_map_table_RAM_AUTO_1R1W.v,1124,d9fce5a761f6fd1134704e58ea4aca1a3b1c6f8570c8e686b317e39ded06c1de
full_core_rtl/hls_project/solution_w4_full_core_rtl/impl/verilog/boom_core_top_state_rob_entries_uop_branch_br_tag_RAM_AUTO_1R1W.dat,65,d89fea9237d912177b6cb334fd8c5f783a1081146af018a5c6f997fe9173595b
full_core_rtl/hls_project/solution_w4_full_core_rtl/impl/verilog/boom_core_top_state_rob_entries_uop_branch_br_tag_RAM_AUTO_1R1W.v,935,0c43307e7fbd39feba019ebf2c4f1dec51a1c1c16f5086894d169566d6685732
full_core_rtl/hls_project/solution_w4_full_core_rtl/impl/verilog/boom_core_top_state_rob_entries_uop_debug_pc_RAM_AUTO_1R1W.dat,545,3883b3ed39c8ceb39ac0059ffc995af8c6bd6a43bba18adb57154d8b04d38fbc
full_core_rtl/hls_project/solution_w4_full_core_rtl/impl/verilog/boom_core_top_state_rob_entries_uop_debug_pc_RAM_AUTO_1R1W.v,926,c478d1083cd3d9a89a7d2659708902460091bd95f6d617020544495d06cafb95
full_core_rtl/hls_project/solution_w4_full_core_rtl/impl/verilog/boom_core_top_state_rob_entries_uop_inst_RAM_AUTO_1R1W.dat,289,6f24a78a9aa658343e9d345e36b57cd3f20fb53592383e645c52378d96f8f8de
full_core_rtl/hls_project/solution_w4_full_core_rtl/impl/verilog/boom_core_top_state_rob_entries_uop_inst_RAM_AUTO_1R1W.v,918,d8fb568af3f3190ef7bfb9bb68be52a41d1dbb18fae4aee95cbb46e6f3ff0165
full_core_rtl/hls_project/solution_w4_full_core_rtl/impl/verilog/boom_core_top_state_rob_entries_uop_queue_rob_idx_RAM_AUTO_1R1W.dat,97,e487d2cc0548b0525d0e063810c2fc0e33adc722bfcea3e7e7f19c934ef10165
full_core_rtl/hls_project/solution_w4_full_core_rtl/impl/verilog/boom_core_top_state_rob_entries_uop_queue_rob_idx_RAM_AUTO_1R1W.v,935,b6a346dc25ecd4f6c669fd699f56991b9a318f4f269f59e453c902c84fad3ba8
full_core_rtl/hls_project/solution_w4_full_core_rtl/impl/verilog/boom_core_top_state_rob_entries_uop_rename_dst_rtype_RAM_AUTO_1R1W.dat,65,d89fea9237d912177b6cb334fd8c5f783a1081146af018a5c6f997fe9173595b
full_core_rtl/hls_project/solution_w4_full_core_rtl/impl/verilog/boom_core_top_state_rob_entries_uop_rename_dst_rtype_RAM_AUTO_1R1W.v,941,aa473b239b441b80c92285242454e1e41e5d58bb4913bab62d442ee09867341f
full_core_rtl/hls_project/solution_w4_full_core_rtl/impl/verilog/boom_core_top_state_rob_entries_valid_RAM_AUTO_1R1W.dat,65,d89fea9237d912177b6cb334fd8c5f783a1081146af018a5c6f997fe9173595b
full_core_rtl/hls_project/solution_w4_full_core_rtl/impl/verilog/boom_core_top_state_rob_entries_valid_RAM_AUTO_1R1W.v,911,940315a91c95dfc90505e340362049504aac32e957d951e9bed7f5510cefa145
full_core_rtl/hls_project/solution_w4_full_core_rtl/impl/verilog/boom_core_top_try_issue_load.v,28473,1f7a44fad87b1b501007205874afa3ed2976a69ee4631898609d83cddcdbfa70
full_core_rtl/hls_project/solution_w4_full_core_rtl/impl/vhdl/boom_core_top.vhd,1987786,44f49ec15c83d86b703a1d583a4af0671cb83d03ab86fd2de199d662f89daaba
full_core_rtl/hls_project/solution_w4_full_core_rtl/impl/vhdl/boom_core_top_apply_writeback_ports.vhd,11564,1fb598020574e59fc3b3ddf1e66c0fa0fd3e1cb4d668749fb9ce00d9327ec708
full_core_rtl/hls_project/solution_w4_full_core_rtl/impl/vhdl/boom_core_top_boom_core_cycle_io.vhd,1142939,523259021505ac176546746868aed00459cfc9c1d8635f373fdc99c5ab3d762b
full_core_rtl/hls_project/solution_w4_full_core_rtl/impl/vhdl/boom_core_top_boom_core_reset_step.vhd,274739,1e4c6f4a4f6a726656b4c76e483f700f567479e4b07282b261e3021c8b598597
full_core_rtl/hls_project/solution_w4_full_core_rtl/impl/vhdl/boom_core_top_boom_core_step.vhd,2237642,747a2651c3fe03044f6c09c255029e8be8130768fdcf94370b8c5ad5dcea8f32
full_core_rtl/hls_project/solution_w4_full_core_rtl/impl/vhdl/boom_core_top_branch_complete_event.vhd,785387,14db44130061e9100e7a5d3ae56d54b7e91838a13eba7205ab7c8fb27609eb6f
full_core_rtl/hls_project/solution_w4_full_core_rtl/impl/vhdl/boom_core_top_clear_resolved_masks_in_state.vhd,59685,81fecf42ff7c16c02c73d17b07b97464e05e5421b522ede96926ede0d7cd94b1
full_core_rtl/hls_project/solution_w4_full_core_rtl/impl/vhdl/boom_core_top_compact_iq.vhd,532248,9bcc3302cde70300731b0873ed346d7f7ee7230b78381fba09f42356dd9cbfa8
full_core_rtl/hls_project/solution_w4_full_core_rtl/impl/vhdl/boom_core_top_compact_issue_queue.vhd,532080,389a3ad4222ffe12c8195030c6b556b12f2385feff8edf499b430ef5ca1ddbcc
full_core_rtl/hls_project/solution_w4_full_core_rtl/impl/vhdl/boom_core_top_compact_issue_queue_temp_uop_csr_addr_RAM_AUTO_1R1W.vhd,1888,43770bd8d77b449e2a0aaa6190d1578032f7e5ca1ea8a7f732f595a9488333ea
full_core_rtl/hls_project/solution_w4_full_core_rtl/impl/vhdl/boom_core_top_compact_issue_queue_temp_uop_debug_pc_RAM_AUTO_1R1W.vhd,1888,b3d54e2c375e0a8fe09dfe74147e5f1bf5dec4073a2cc306c086249b3ee6110a
full_core_rtl/hls_project/solution_w4_full_core_rtl/impl/vhdl/boom_core_top_compact_issue_queue_temp_uop_inst_RAM_AUTO_1R1W.vhd,1880,e65cfb41e2cc2c2c6de4dc965278a6acedfb1c675accc18586c766639ff306d2
full_core_rtl/hls_project/solution_w4_full_core_rtl/impl/vhdl/boom_core_top_compact_issue_queue_temp_uop_uopc_RAM_AUTO_1R1W.vhd,1879,de6d0a67305eee683fc6be3734e017b939d3cc869fb107f23e260ec1d66dfc5e
full_core_rtl/hls_project/solution_w4_full_core_rtl/impl/vhdl/boom_core_top_compact_issue_queue_temp_valid_RAM_AUTO_1R1W.vhd,1873,fb9604fc047223ed183b5d89f898bb59c6e659e2b8b73e6df188e413415f3db6
full_core_rtl/hls_project/solution_w4_full_core_rtl/impl/vhdl/boom_core_top_completion_is_valid.vhd,18146,bc3f7877a964ebac9a9a4c43d4d61b212c505399670ef71053d4aeaabd79bf0d
full_core_rtl/hls_project/solution_w4_full_core_rtl/impl/vhdl/boom_core_top_completion_service_cycle.vhd,1795290,1ac565be15c407bc5429858aa79e9634248628218d679cdd0e665020e1f8f712
full_core_rtl/hls_project/solution_w4_full_core_rtl/impl/vhdl/boom_core_top_decode_module.vhd,604085,dd35a37edd03d9eab14a5775e2030e5bee8c25faaba5465fdc83ef271b9d9d9e
full_core_rtl/hls_project/solution_w4_full_core_rtl/impl/vhdl/boom_core_top_execute_module.vhd,218125,05437357a45cdb7d1ff3dc380cbcdab92942feb0f04864f248d108b43e786eab
full_core_rtl/hls_project/solution_w4_full_core_rtl/impl/vhdl/boom_core_top_fifo_w193_d2_S.vhd,4685,49ef6de0864bda8e27427431be285fa2901ebb3085040dc505b85ee835a55e1d
full_core_rtl/hls_project/solution_w4_full_core_rtl/impl/vhdl/boom_core_top_fifo_w283_d2_S.vhd,4685,8f1826f52413f7b09060a2451a64327965fa097b767cd7a2e2f56dfced10af40
full_core_rtl/hls_project/solution_w4_full_core_rtl/impl/vhdl/boom_core_top_fifo_w289_d2_S.vhd,4685,f69d81066a0b7eca42b400988bab905d9d0c27777125033b238e73a1e9307eaa
full_core_rtl/hls_project/solution_w4_full_core_rtl/impl/vhdl/boom_core_top_fifo_w518_d2_S.vhd,4685,24cf1b10e0fb7f452efa4e7b01d276589ddde97d34b2271c5e3844e7ee89cba1
full_core_rtl/hls_project/solution_w4_full_core_rtl/impl/vhdl/boom_core_top_fifo_w97_d2_S.vhd,4674,d480ef53f0a42d7be2e5f9da1b735912ca8f4a7b735514eba556934d52e27154
full_core_rtl/hls_project/solution_w4_full_core_rtl/impl/vhdl/boom_core_top_frontend_module.vhd,82223,006e19e5f1faef95f640ad1396d166ee8469eb72b8c3e70919985e2505263d89
full_core_rtl/hls_project/solution_w4_full_core_rtl/impl/vhdl/boom_core_top_issue_module.vhd,1257299,26d6ceb127c720f8611055dfd706474625d5e6275610d25ad8f768660b8683b6
full_core_rtl/hls_project/solution_w4_full_core_rtl/impl/vhdl/boom_core_top_kill_execute_state.vhd,139197,bf45ee3a388d9cd2b29178d0693e661a4bac1377764a96c0009fd992c28c1f44
full_core_rtl/hls_project/solution_w4_full_core_rtl/impl/vhdl/boom_core_top_kill_issue_state.vhd,301394,e5c8fb7f1d445fbb97f5f76056c2709c78fdb9c44a303b5f07ec1c9aae75c1b3
full_core_rtl/hls_project/solution_w4_full_core_rtl/impl/vhdl/boom_core_top_kill_lsu_state.vhd,204439,977efd43c4cf39c051e17c5cc661ba820a317c09b5a07ccc845610bbfad95223
full_core_rtl/hls_project/solution_w4_full_core_rtl/impl/vhdl/boom_core_top_kill_rob_younger_than.vhd,84762,5500781130b18ec5026bd61914b52523ae15113714e302e4817105103955e451
full_core_rtl/hls_project/solution_w4_full_core_rtl/impl/vhdl/boom_core_top_lsu_accept_completion.vhd,72846,cf51faffa6ece5ea59880f6f0a9ef8bca0f7e2e06af86f185afa0a098e227a94
full_core_rtl/hls_project/solution_w4_full_core_rtl/impl/vhdl/boom_core_top_lsu_reclaim_store.vhd,89659,fedc8dc4e9432123e8cbdac59492ec358fca2dbbe0671b95d931299f7d3b61fd
full_core_rtl/hls_project/solution_w4_full_core_rtl/impl/vhdl/boom_core_top_mul_32s_32s_64_1_1.vhd,1138,bf7c8b0d3c7fb2a86993adf3b0dcfd76c907e7ff09c7f58806d0027d33f3ba6b
full_core_rtl/hls_project/solution_w4_full_core_rtl/impl/vhdl/boom_core_top_mul_3ns_7ns_9_1_1.vhd,1112,c0f45029f98930ec1b3dfaa3bb83b9a4688f32517d7e3fa52a484233aaa77d85
full_core_rtl/hls_project/solution_w4_full_core_rtl/impl/vhdl/boom_core_top_mul_8ns_7ns_9_1_1.vhd,1112,aa96d835aa74e15ca7719714ede3f53fbb8422244ed1bed8c278ddcab8ba7ba4
full_core_rtl/hls_project/solution_w4_full_core_rtl/impl/vhdl/boom_core_top_mux_32_1_1_1.vhd,1466,f62b08bd97be9d5fddc200553a1c52ef2332e2a277effbc427ab3560434e4f87
full_core_rtl/hls_project/solution_w4_full_core_rtl/impl/vhdl/boom_core_top_mux_32_64_1_1.vhd,1475,0c2377e8daf6446d3dd9122e7e8c1da91b5630f539dded8796614b8dd1b00806
full_core_rtl/hls_project/solution_w4_full_core_rtl/impl/vhdl/boom_core_top_mux_32_8_1_1.vhd,1466,3cc94cb4c502a5ae96bf48455db8987cb3be1b35ec99a44e15d7a43c8e52f699
full_core_rtl/hls_project/solution_w4_full_core_rtl/impl/vhdl/boom_core_top_mux_42_1_1_1.vhd,1577,de8f6a7f09f3b4e7b25f0a3667afb74241ea171467e6798518e206271fb99da7
full_core_rtl/hls_project/solution_w4_full_core_rtl/impl/vhdl/boom_core_top_mux_42_2_1_1.vhd,1577,bf1dc9e5f12b6010ff1ad9e3e7ccccf061f87ac7cace279e7eb6d087c9f85e5b
full_core_rtl/hls_project/solution_w4_full_core_rtl/impl/vhdl/boom_core_top_mux_42_32_1_1.vhd,1587,239c44965a9b43e863908d95d03e357c7f164e8f54c5719fc940ac50f7f4ef74
full_core_rtl/hls_project/solution_w4_full_core_rtl/impl/vhdl/boom_core_top_mux_42_3_1_1.vhd,1577,b9c1772292a652a9aeca79178e7f680b4cb01c6c3066810dbe7b474fcaa0bb32
full_core_rtl/hls_project/solution_w4_full_core_rtl/impl/vhdl/boom_core_top_mux_42_64_1_1.vhd,1587,6f5494dcc4ce55dfd6a9e2b9b5e8b6de891fe453912df45cb5cc326c5b8f6f1b
full_core_rtl/hls_project/solution_w4_full_core_rtl/impl/vhdl/boom_core_top_mux_42_8_1_1.vhd,1577,d6fa413322603fecedded1f0662765e32a77e9eb9f147c60e357ff3822afd895
full_core_rtl/hls_project/solution_w4_full_core_rtl/impl/vhdl/boom_core_top_reclaim_ldq.vhd,80187,db7c74ae22d5608541913162fa295748474ae015c7a689c56dfa9bee51cdc029
full_core_rtl/hls_project/solution_w4_full_core_rtl/impl/vhdl/boom_core_top_recover_mispredict.vhd,764684,ed6f7ecdd59deef34bbcfdd5ea133d8bae108db6cdf71d90ab2b89d090a0ea88
full_core_rtl/hls_project/solution_w4_full_core_rtl/impl/vhdl/boom_core_top_regslice_both.vhd,11907,61fa8ce25dec1d36e33fab454c741384a46ec1ae247b2ade09a2bb0eb60a3bfe
full_core_rtl/hls_project/solution_w4_full_core_rtl/impl/vhdl/boom_core_top_rename_module.vhd,115289,68cdacd44e8e609dfd930b00c2c7d76bd362fdabad5528d5cb5d3aa76616cc9e
full_core_rtl/hls_project/solution_w4_full_core_rtl/impl/vhdl/boom_core_top_rob_allocate.vhd,70585,3fd64e7cb5e120d14b59eac6757f0b7c02f54f0c3e36a1e4b3fe71d2e71c8cb3
full_core_rtl/hls_project/solution_w4_full_core_rtl/impl/vhdl/boom_core_top_rob_commit_module.vhd,136041,73b9d1d67f46d3488c308030eec27acc28d3253e65523edf5eefa228d9829f93
full_core_rtl/hls_project/solution_w4_full_core_rtl/impl/vhdl/boom_core_top_service_pending.vhd,575397,4943f922b55ecffd86f70660cb653dfd3df8355d1a35024dad6134e96edf18de
full_core_rtl/hls_project/solution_w4_full_core_rtl/impl/vhdl/boom_core_top_state_branch_state_br_alloc_lists_RAM_AUTO_1R1W.vhd,1908,2e32354920a1d6a330daa0475159fc93ac929f4b766b51ae0d950def86652e5c
full_core_rtl/hls_project/solution_w4_full_core_rtl/impl/vhdl/boom_core_top_state_int_rf_bank0_RAM_AUTO_1R1W.vhd,1878,16475dbad4ad0704b6f37590ad6a6f2e563af32014564ace2b8f1ceba49fb91a
full_core_rtl/hls_project/solution_w4_full_core_rtl/impl/vhdl/boom_core_top_state_issue_alu_iq_entries_uop_csr_addr_RAM_AUTO_1R1W.vhd,1919,f9d2c584fc8a6fe8408e7e73c175b8306863b832ee21ab8ca1a38f6cd5289758
full_core_rtl/hls_project/solution_w4_full_core_rtl/impl/vhdl/boom_core_top_state_issue_alu_iq_entries_uop_debug_pc_RAM_AUTO_1R1W.vhd,1919,1784861516c79600def3ba35bb44ac9408d03c4763897eede1e8f8649f4de303
full_core_rtl/hls_project/solution_w4_full_core_rtl/impl/vhdl/boom_core_top_state_issue_alu_iq_entries_uop_inst_RAM_AUTO_1R1W.vhd,1911,078f738d5ccab05f6471443da5c1a0fa006e0a099d3567d4438aa197add150aa
full_core_rtl/hls_project/solution_w4_full_core_rtl/impl/vhdl/boom_core_top_state_issue_alu_iq_entries_uop_uopc_RAM_AUTO_1R1W.vhd,1910,5d5b60d3631f26b9dd1caa6f0b60c26b09cf411455015a8bc71802673737cd65
full_core_rtl/hls_project/solution_w4_full_core_rtl/impl/vhdl/boom_core_top_state_issue_alu_iq_entries_valid_RAM_AUTO_1R1W.vhd,1904,5f7f3f3021b286fca4edb22b045aeca151db74180c297cca25f8cdd12aba690c
full_core_rtl/hls_project/solution_w4_full_core_rtl/impl/vhdl/boom_core_top_state_rename_int_free_list_busy_table_RAM_AUTO_1R1W.vhd,2667,b2b179553ac24ba458618d759fef460131cd4eaec50265a0e5b3e8b5bf3d0db0
full_core_rtl/hls_project/solution_w4_full_core_rtl/impl/vhdl/boom_core_top_state_rename_int_free_list_free_list_RAM_AUTO_1R1W.vhd,1913,e72727404b30914c93a50c7b93d0ec96106ba15c2d855fa1c0da26ea449f8503
full_core_rtl/hls_project/solution_w4_full_core_rtl/impl/vhdl/boom_core_top_state_rename_int_map_table_br_snapshots_RAM_AUTO_1R1W.vhd,1920,50d41fd6626eedde20ce8033bed638b1933379ee3b755c0c34f4dafd70fe9e9e
full_core_rtl/hls_project/solution_w4_full_core_rtl/impl/vhdl/boom_core_top_state_rename_int_map_table_committed_map_table_RAM_AUTO_1R1W.vhd,1933,aa0bc50d08c48ab5772432ed02677635a280f51b6ef52ae20da859830d2a11a6
full_core_rtl/hls_project/solution_w4_full_core_rtl/impl/vhdl/boom_core_top_state_rename_int_map_table_map_table_RAM_AUTO_1R1W.vhd,2665,cc54594073799ab6e82d59893bc16aea1f37029d0baec24b07c2252e1799b665
full_core_rtl/hls_project/solution_w4_full_core_rtl/impl/vhdl/boom_core_top_state_rob_entries_uop_branch_br_tag_RAM_AUTO_1R1W.vhd,1911,78c3edfa2c672838a0786d9c642f037e256a87fdb146f1ebbbf4ed4702338b0c
full_core_rtl/hls_project/solution_w4_full_core_rtl/impl/vhdl/boom_core_top_state_rob_entries_uop_debug_pc_RAM_AUTO_1R1W.vhd,1902,717301a7560c5b10c45ac18491852fb0fbd8405e0bde50334950fcaa5e380d83
full_core_rtl/hls_project/solution_w4_full_core_rtl/impl/vhdl/boom_core_top_state_rob_entries_uop_inst_RAM_AUTO_1R1W.vhd,1894,3584086a4a17c2d4b0b73166001df0b68bdf2fdccbe2ac048cd10bba5910ef18
full_core_rtl/hls_project/solution_w4_full_core_rtl/impl/vhdl/boom_core_top_state_rob_entries_uop_queue_rob_idx_RAM_AUTO_1R1W.vhd,1911,1b8345e3d09b1897d69f780ad7af1f3e1a976f5febe932ceb158b1cfc0f150e9
full_core_rtl/hls_project/solution_w4_full_core_rtl/impl/vhdl/boom_core_top_state_rob_entries_uop_rename_dst_rtype_RAM_AUTO_1R1W.vhd,1917,4f4342159f3b738ff8a187c6c22ecc706e2737005aa7144925dca679703a4dea
full_core_rtl/hls_project/solution_w4_full_core_rtl/impl/vhdl/boom_core_top_state_rob_entries_valid_RAM_AUTO_1R1W.vhd,1887,716ba379d884792249500316f44f7c4a882e4418ffdb9b4b0bc462e682bcbb7d
full_core_rtl/hls_project/solution_w4_full_core_rtl/impl/vhdl/boom_core_top_try_issue_load.vhd,40211,ef151d51e213b418ab95379004678e914734f1610f4069a99740f11c0e6a7ebc
full_core_rtl/hls_project/solution_w4_full_core_rtl/solution_w4_full_core_rtl.aps,655,5a10127341278404bd9b4ce41695090422137d0a5b82f58360f25f6a3c274ee3
full_core_rtl/hls_project/solution_w4_full_core_rtl/solution_w4_full_core_rtl.directive,370,03109a61d34987e2c7d77c02e2617f036b48ab7f4ac9567a5e663d1b4cc2a1ef
full_core_rtl/hls_project/solution_w4_full_core_rtl/solution_w4_full_core_rtl.funcunit,671,08ff5ca9a2683c092403cbc969c927c14036edcaec0fecf67bafe7639a45dd91
full_core_rtl/hls_project/solution_w4_full_core_rtl/solution_w4_full_core_rtl.log,313194,8d02d5ee70f7d053109547b44ceb86eccd0641c12c7385b34143787329e96ab4
full_core_rtl/hls_project/solution_w4_full_core_rtl/solution_w4_full_core_rtl_data.json,87649,7ed59c83870284dfc2c81c66c8c240ae18fcb0ca8a651c79b2f5bf63ce348e3c
full_core_rtl/hls_project/solution_w4_full_core_rtl/syn/report/apply_writeback_ports_csynth.rpt,9001,8be4d3478bf1476d33f35b05b33113c4cb881c6d731d893d543bba87820062ef
full_core_rtl/hls_project/solution_w4_full_core_rtl/syn/report/apply_writeback_ports_csynth.xml,8216,63d27a4921340f357880487b304078b3738405e87b73e56d44ac0b5ec2596a10
full_core_rtl/hls_project/solution_w4_full_core_rtl/syn/report/boom_core_cycle_io_csynth.rpt,410159,f7a1f4418764643ebe50666788ccea79750d6d25cee369362d6ae36076b9a5d7
full_core_rtl/hls_project/solution_w4_full_core_rtl/syn/report/boom_core_cycle_io_csynth.xml,591843,4d464139c9125f43c66fff2591ab49fc5f9b0b322aa97878c873e51cf3cc96c5
full_core_rtl/hls_project/solution_w4_full_core_rtl/syn/report/boom_core_reset_step_csynth.rpt,131448,816c75a3bb6851ab7971f442febbbace649db378e39038312b9d4b069a0b1eca
full_core_rtl/hls_project/solution_w4_full_core_rtl/syn/report/boom_core_reset_step_csynth.xml,204986,621fd93fd25e0d9c96ff9bef4f5e1e8bba25ec8d554645bde4325b7d4db8f0c9
full_core_rtl/hls_project/solution_w4_full_core_rtl/syn/report/boom_core_step_csynth.rpt,499836,926205c4ca0b421921b9b7fdf65aaf5e5d3ffc8809fc3e493953856fe24c5ddf
full_core_rtl/hls_project/solution_w4_full_core_rtl/syn/report/boom_core_step_csynth.xml,583851,595d892df676065cd641fc5c95845c93d867b0d53c57c9877c1a4da71eda6aaa
full_core_rtl/hls_project/solution_w4_full_core_rtl/syn/report/boom_core_top_csynth.rpt,280917,f9634fa9311156c7e5dea09897bca02361310485106b14fdebccde9d4f886b35
full_core_rtl/hls_project/solution_w4_full_core_rtl/syn/report/boom_core_top_csynth.xml,12791,131bedf72055d9b23a98fc5f373d2507d5620205bf6237a7af85670afc6e7a9e
full_core_rtl/hls_project/solution_w4_full_core_rtl/syn/report/branch_complete_event_csynth.rpt,257354,c6df68d3d8d4387a5f991e784f8df38ed918ae2cc44a54d2c92a7703a95d2146
full_core_rtl/hls_project/solution_w4_full_core_rtl/syn/report/branch_complete_event_csynth.xml,398670,f73e9748387eac2caba48e9a244502db6a371c45ccb1dc4a1e74828e4b8df219
full_core_rtl/hls_project/solution_w4_full_core_rtl/syn/report/clear_resolved_masks_in_state_csynth.rpt,27466,05cf00f631922fedfa7aaaadb0e8f5e35a3eebee84b5adccf000ee7986de396a
full_core_rtl/hls_project/solution_w4_full_core_rtl/syn/report/clear_resolved_masks_in_state_csynth.xml,26574,1069ca58d149a17f0e47769c7b2463617834aaf892533260218d998c09a4c4fd
full_core_rtl/hls_project/solution_w4_full_core_rtl/syn/report/compact_iq_csynth.rpt,134942,a7e04031fedfd83587987c9ec88f5e14e5576cf4cc43d78133668e4782d46cb9
full_core_rtl/hls_project/solution_w4_full_core_rtl/syn/report/compact_iq_csynth.xml,148336,03db645f0d5e9ac7c6e8dd6e8a20ae76f8855582f50675482cf18d44ee383f53
full_core_rtl/hls_project/solution_w4_full_core_rtl/syn/report/compact_issue_queue_csynth.rpt,134933,57bd390f89cce370df2c4912908de4dbb3aa8bf080d9ec49543ed41511d28d24
full_core_rtl/hls_project/solution_w4_full_core_rtl/syn/report/compact_issue_queue_csynth.xml,148399,86406f4c4c2a2cb35e83ea038f6dfa3c214733bbc013163db0c28fe0779e8764
full_core_rtl/hls_project/solution_w4_full_core_rtl/syn/report/completion_is_valid_csynth.rpt,13932,0c4668ef4cbb8beb7a1a8883cdc45081e1b247eef508d116a08d2c718d80119b
full_core_rtl/hls_project/solution_w4_full_core_rtl/syn/report/completion_is_valid_csynth.xml,11108,549a75f8191b8ceeadcf373d3df998260987ed157850485a495207d7a3735e94
full_core_rtl/hls_project/solution_w4_full_core_rtl/syn/report/completion_service_cycle_csynth.rpt,427361,0d105fc26391c7c22c57a3871ddc1a9563ed3b1663685013fba73fe21d4cb724
full_core_rtl/hls_project/solution_w4_full_core_rtl/syn/report/completion_service_cycle_csynth.xml,464604,be1fd26e5ee079a136d26eb532af1856a776af94c618b490d0726bf805c5081c
full_core_rtl/hls_project/solution_w4_full_core_rtl/syn/report/csynth.rpt,152706,a226acaa7ae9041e62d97f1ad99ca1f666a1403f721ddf01ed184b9cbf9954f4
full_core_rtl/hls_project/solution_w4_full_core_rtl/syn/report/csynth.xml,427430,0ff6e5a3600deed68439f89cd9427e63d13f780e35b0320f6547473fd2616398
full_core_rtl/hls_project/solution_w4_full_core_rtl/syn/report/decode_module_csynth.rpt,22194,c6f41c0806a1691ebee3d5ca7c084a2c83c0e17550f0fce0b9d2fc0ecd96e5da
full_core_rtl/hls_project/solution_w4_full_core_rtl/syn/report/decode_module_csynth.xml,20561,e3725d8a2b70a5fd7978671dc82e5762ca56cf6c4144cce7e49eab384075a43f
full_core_rtl/hls_project/solution_w4_full_core_rtl/syn/report/execute_module_csynth.rpt,53241,3cfa46fba8024320e24333541f1b19856ef1d6a706b2e1585aef6f63184466d4
full_core_rtl/hls_project/solution_w4_full_core_rtl/syn/report/execute_module_csynth.xml,49251,6c78bad18de9edb9d5e04ba15085eb045e07925c01186608673137aba75cadd5
full_core_rtl/hls_project/solution_w4_full_core_rtl/syn/report/frontend_module_csynth.rpt,18207,ed84c56c21d04b867e1003fbc6a9883e5e315d8381ad97e11d47938452d969c3
full_core_rtl/hls_project/solution_w4_full_core_rtl/syn/report/frontend_module_csynth.xml,14578,d12813d9e5793afb25fc3aa905d50323023b504d58dcaa9cc340ee73653a83ff
full_core_rtl/hls_project/solution_w4_full_core_rtl/syn/report/issue_module_csynth.rpt,312834,6dccdbd1d4a109f049c58ca96039356662def3818c340049e9f3b8b5f6c43071
full_core_rtl/hls_project/solution_w4_full_core_rtl/syn/report/issue_module_csynth.xml,284464,1eb13816da0d699fe9049c10dace49f9aaede7d86fc3464fd3d50de8c53fa655
full_core_rtl/hls_project/solution_w4_full_core_rtl/syn/report/kill_execute_state_csynth.rpt,58783,fbd7bea372a49b0715ed05cb2bcc9b2144ac64584c83595e4e7cebdd3c035672
full_core_rtl/hls_project/solution_w4_full_core_rtl/syn/report/kill_execute_state_csynth.xml,84107,47696650792ddd420e2b66f6cd31f3828934e80d6d44a882fe349353f87dd3f6
full_core_rtl/hls_project/solution_w4_full_core_rtl/syn/report/kill_issue_state_csynth.rpt,106574,32430cd477f749cb2aad46cf2f4101bf0fe62b6f153c4f922eac79671b113c8a
full_core_rtl/hls_project/solution_w4_full_core_rtl/syn/report/kill_issue_state_csynth.xml,175590,b5afcdb2c97c5168dca6f50dca7085e1b2ce1261999e3a9f804a05866fac5608
full_core_rtl/hls_project/solution_w4_full_core_rtl/syn/report/kill_lsu_state_csynth.rpt,47023,aa50a643fdb97a9bc6377f32291e640115f0878555b976a00755574fd6097feb
full_core_rtl/hls_project/solution_w4_full_core_rtl/syn/report/kill_lsu_state_csynth.xml,44291,03088cd3da8f7c848e053a60d6d14ff7c3a75b84912a5b11930c210201a1a6fa
full_core_rtl/hls_project/solution_w4_full_core_rtl/syn/report/kill_rob_younger_than_csynth.rpt,29642,05728287eba57d45fc6fbdd366ca41c5659bb6df8af6f898358eb4cb284266e4
full_core_rtl/hls_project/solution_w4_full_core_rtl/syn/report/kill_rob_younger_than_csynth.xml,38005,ad16122494306930b2561aabeb5fb4d3ba453ce05a0fbd46f37468316b46bbd3
full_core_rtl/hls_project/solution_w4_full_core_rtl/syn/report/lsu_accept_completion_csynth.rpt,27859,4cc7a56668669c1b9eac1a64388ecb99f4c032d8ebbe51ce2cf2df4c1d140707
full_core_rtl/hls_project/solution_w4_full_core_rtl/syn/report/lsu_accept_completion_csynth.xml,37894,de128cf1d25fcc2f1a6e23ae4a94152107149fe236121642a244435cbdf4db8f
full_core_rtl/hls_project/solution_w4_full_core_rtl/syn/report/lsu_reclaim_store_csynth.rpt,24580,b8971c48f14c302e4754270b2c2ae84b56e9707076b6400e66e0b70edef604ac
full_core_rtl/hls_project/solution_w4_full_core_rtl/syn/report/lsu_reclaim_store_csynth.xml,23625,29518937fb6fca43359379cedd0dd50df5c3d636b9393bf69770cb73044d3f44
full_core_rtl/hls_project/solution_w4_full_core_rtl/syn/report/reclaim_ldq_csynth.rpt,22574,7e6f04747b6d209c2a1cb6a9807a6c3ead2173741b084ffd014eba308f1ca401
full_core_rtl/hls_project/solution_w4_full_core_rtl/syn/report/reclaim_ldq_csynth.xml,21042,e6dec641754604eb7efff5485e4a898dfbe79c35f1de3dd0d5837143983001fc
full_core_rtl/hls_project/solution_w4_full_core_rtl/syn/report/recover_mispredict_csynth.rpt,261679,16903582f4885b6471e979ad29f7e6922700f5886fdca2d730b4f147dd8c9794
full_core_rtl/hls_project/solution_w4_full_core_rtl/syn/report/recover_mispredict_csynth.xml,394080,2afd3051ceb915303f71a8f6ebde71e2112aa5f1751d48dbcb6edd47ddc46a0f
full_core_rtl/hls_project/solution_w4_full_core_rtl/syn/report/rename_module_csynth.rpt,45348,cd3552af54d999837f21ac3b90471c5efa27ac3a7b4a8b1d49a8cfcdd9ffe6d6
full_core_rtl/hls_project/solution_w4_full_core_rtl/syn/report/rename_module_csynth.xml,52371,896ecee435c26e6efa1c1c42e9571699610714b30f513c0210478275a0521c74
full_core_rtl/hls_project/solution_w4_full_core_rtl/syn/report/rob_allocate_csynth.rpt,32301,3746e1bdb1321cc9a82ba942ef5c3de5a78a505aef19c0f6cfba5b972e3d60b4
full_core_rtl/hls_project/solution_w4_full_core_rtl/syn/report/rob_allocate_csynth.xml,44228,64f92c1e9f4e948d4005953ecdf7cd0392764405855aa22ba80c972f263bbde2
full_core_rtl/hls_project/solution_w4_full_core_rtl/syn/report/rob_commit_module_csynth.rpt,51796,06a295adcec17b6fe0e3ab7efccc357744873b2100865775e8fbdf5ff41c9bf1
full_core_rtl/hls_project/solution_w4_full_core_rtl/syn/report/rob_commit_module_csynth.xml,61455,fe7130ea661470e173e6617919a322e0f0816d48a6e7fd5f972733572d0425bd
full_core_rtl/hls_project/solution_w4_full_core_rtl/syn/report/service_pending_csynth.rpt,150359,32d5c3f9ce920378c34e46d85dc505eea6beb8ddf06f328bec37582b8a3664c5
full_core_rtl/hls_project/solution_w4_full_core_rtl/syn/report/service_pending_csynth.xml,127692,c777abdac7569233aca5c1a6e38e340b3ab42814eced97c336032c62c3fc2c40
full_core_rtl/hls_project/solution_w4_full_core_rtl/syn/report/try_issue_load_csynth.rpt,17430,95306de3c4274fd49c9f35d7d702fdad7d4475db232f16ac84c38bd183dccac4
full_core_rtl/hls_project/solution_w4_full_core_rtl/syn/report/try_issue_load_csynth.xml,18696,457f8eb46a500f87a440af695bef0c56284ea5cad9121238bf8646eda40d5f97
full_core_rtl/hls_project/solution_w4_full_core_rtl/syn/verilog/boom_core_top.v,1320672,928100c7e36948973e7eb680e794e8dc1abe73f272f8310e6397de9acd023f39
full_core_rtl/hls_project/solution_w4_full_core_rtl/syn/verilog/boom_core_top_apply_writeback_ports.v,8362,b5a7b4b36eddf3f8f500c622e8002dd08951f1bfcb9933c485d0267554c28d76
full_core_rtl/hls_project/solution_w4_full_core_rtl/syn/verilog/boom_core_top_boom_core_cycle_io.v,881606,db16395f98b6c6ba6248a90b6458709e64119d6bdeb39f60a9c7fada4054bc79
full_core_rtl/hls_project/solution_w4_full_core_rtl/syn/verilog/boom_core_top_boom_core_reset_step.v,224077,ec0bcc276403bf394201979f4b8cbd80a5e86b93018295e19917d6a4e48dcee9
full_core_rtl/hls_project/solution_w4_full_core_rtl/syn/verilog/boom_core_top_boom_core_step.v,1559640,3011c07c7b6a552546347c9854b39104813588df0438dbfbcbd7d446d5ed99e9
full_core_rtl/hls_project/solution_w4_full_core_rtl/syn/verilog/boom_core_top_branch_complete_event.v,637995,4a138774ca5a8fd9d632aa96abc2861d9de8066e2c898dbff4bf6dbb26ec9667
full_core_rtl/hls_project/solution_w4_full_core_rtl/syn/verilog/boom_core_top_clear_resolved_masks_in_state.v,42451,2cf425c92848ab97e52962e5a26757334dd33a8ec8271a37c0ae7bbaedc25c6b
full_core_rtl/hls_project/solution_w4_full_core_rtl/syn/verilog/boom_core_top_compact_iq.v,372034,eeead170940158b907d6afca6f3e1e217d0c4349331f37f121b480c89045d3e3
full_core_rtl/hls_project/solution_w4_full_core_rtl/syn/verilog/boom_core_top_compact_issue_queue.v,371959,d6f09f0a9a065eb64cc2ddce6d4c633d03af011dfad7eb07d1428eb306919bec
full_core_rtl/hls_project/solution_w4_full_core_rtl/syn/verilog/boom_core_top_compact_issue_queue_temp_uop_csr_addr_RAM_AUTO_1R1W.v,826,94af3069995e1a167ed0536eb93372aedc826e6dff27ed594a37eb4cf3c1057d
full_core_rtl/hls_project/solution_w4_full_core_rtl/syn/verilog/boom_core_top_compact_issue_queue_temp_uop_debug_pc_RAM_AUTO_1R1W.v,826,1fec7f1cbed360de46e4ec109470b8cf64e3725fc50076a66bc941d87b0d6c07
full_core_rtl/hls_project/solution_w4_full_core_rtl/syn/verilog/boom_core_top_compact_issue_queue_temp_uop_inst_RAM_AUTO_1R1W.v,822,6caf40a3e717652bc69c7cafd1c457594d6cd50c0a5fe607de1637504e68d6ec
full_core_rtl/hls_project/solution_w4_full_core_rtl/syn/verilog/boom_core_top_compact_issue_queue_temp_uop_uopc_RAM_AUTO_1R1W.v,821,00b12b022103b93fed150b47048915672c573da1719264a22f9276080f4a1927
full_core_rtl/hls_project/solution_w4_full_core_rtl/syn/verilog/boom_core_top_compact_issue_queue_temp_valid_RAM_AUTO_1R1W.v,818,cc421fc71d0de14928e795caad39c09e128ea386900f94d8fee3a5ce46107350
full_core_rtl/hls_project/solution_w4_full_core_rtl/syn/verilog/boom_core_top_completion_is_valid.v,13463,6236c6654ca1acfeb1bdfc31fececd45d7cc904673922c25d4d30932b7990247
full_core_rtl/hls_project/solution_w4_full_core_rtl/syn/verilog/boom_core_top_completion_service_cycle.v,1270510,f4f85000500c80589e96041228782f41c47e10868a706cde266523249304eb63
full_core_rtl/hls_project/solution_w4_full_core_rtl/syn/verilog/boom_core_top_decode_module.v,468962,4ffb7e7f11c4bac54388f347314f8b6fde7bec0491f145e77e5bb1b57a23c000
full_core_rtl/hls_project/solution_w4_full_core_rtl/syn/verilog/boom_core_top_execute_module.v,157862,d1bfb52a6897ed669d2d2b042269fd079263e4f1c710e6598a79074ce42bf5e0
full_core_rtl/hls_project/solution_w4_full_core_rtl/syn/verilog/boom_core_top_fifo_w193_d2_S.v,3019,7fd059c644f863db7187be6c81b1577dea978fffcfb3493e28309635a9800a37
full_core_rtl/hls_project/solution_w4_full_core_rtl/syn/verilog/boom_core_top_fifo_w283_d2_S.v,3019,6ff3dadabc81004a35598a91b3c119401068415715017e49b72e8d458346f042
full_core_rtl/hls_project/solution_w4_full_core_rtl/syn/verilog/boom_core_top_fifo_w289_d2_S.v,3019,f7c472e55bf4ae82c82e156ebc288995a6e5f1ef80fc987932c1220d1023f66b
full_core_rtl/hls_project/solution_w4_full_core_rtl/syn/verilog/boom_core_top_fifo_w518_d2_S.v,3019,b1f1ca86dcf6b97b74fb7292dc1374c35d38c4cb3c987726eeeec23af70ef8ef
full_core_rtl/hls_project/solution_w4_full_core_rtl/syn/verilog/boom_core_top_fifo_w97_d2_S.v,3013,68f3247890cd84c8a30ca2f04e4668a5620ccc1b076eb03861dc12f9c8ab3b7c
full_core_rtl/hls_project/solution_w4_full_core_rtl/syn/verilog/boom_core_top_frontend_module.v,54090,596481cd7b368dc835c620daa53a63a0e8a6fac86c0be2d1233643fcc621423e
full_core_rtl/hls_project/solution_w4_full_core_rtl/syn/verilog/boom_core_top_issue_module.v,860925,1309794f148bc4e9ba47c6090cc94a8fd8b9e1355864339164eecc94db8572b5
full_core_rtl/hls_project/solution_w4_full_core_rtl/syn/verilog/boom_core_top_kill_execute_state.v,107009,3d2ef3304f06501fe57a37f37217bd63a31418b345098b1657ba0414fdc1c8fc
full_core_rtl/hls_project/solution_w4_full_core_rtl/syn/verilog/boom_core_top_kill_issue_state.v,250354,146d950bf85cb2bcb920ab64c729a25afece1f2a6bb3858754d9102afbe67304
full_core_rtl/hls_project/solution_w4_full_core_rtl/syn/verilog/boom_core_top_kill_lsu_state.v,131742,e414d584ca2499136397fb2e231b21ad619ce76e5e9e6a9d694164b30fa2fd2e
full_core_rtl/hls_project/solution_w4_full_core_rtl/syn/verilog/boom_core_top_kill_rob_younger_than.v,60579,3df033f41f1085fdd07d50a0f0d0e27c4ae3d6443975bc62bef4b566509f7aac
full_core_rtl/hls_project/solution_w4_full_core_rtl/syn/verilog/boom_core_top_lsu_accept_completion.v,51556,bdab24e0015c55bd65a1c9f50b2ac8598d9e028330c55ffe6f35f63795953214
full_core_rtl/hls_project/solution_w4_full_core_rtl/syn/verilog/boom_core_top_lsu_reclaim_store.v,57189,5c1e18c4cb4b3071247da0d0d3bdba909db7c1d0289ac5e90e0e4173163b7e24
full_core_rtl/hls_project/solution_w4_full_core_rtl/syn/verilog/boom_core_top_mul_32s_32s_64_1_1.v,699,747c593326a6339a8fa3910d86cbcfdc1912f5f41eac9225d2fde72fc658ff4f
full_core_rtl/hls_project/solution_w4_full_core_rtl/syn/verilog/boom_core_top_mul_3ns_7ns_9_1_1.v,714,95f29914653d997a65bff3b3b5de5c0cecb1914487afdcc52a6dd318fa6c7c15
full_core_rtl/hls_project/solution_w4_full_core_rtl/syn/verilog/boom_core_top_mul_8ns_7ns_9_1_1.v,714,43e1d34a82f0c113c52cfa02035fe83a8b1888f2795b95f6767a3218764018cd
full_core_rtl/hls_project/solution_w4_full_core_rtl/syn/verilog/boom_core_top_mux_32_1_1_1.v,1094,a99c944968cb763766e73e0ca2ae1205427dbba2a93643515c031158b68399d7
full_core_rtl/hls_project/solution_w4_full_core_rtl/syn/verilog/boom_core_top_mux_32_64_1_1.v,1102,022598b6020c56918abcffdb672c7bdba3db2c93b035001b3fe6f4da8214603c
full_core_rtl/hls_project/solution_w4_full_core_rtl/syn/verilog/boom_core_top_mux_32_8_1_1.v,1094,a6a6060228d281e476370aa2bf5e75d2479d4d62e8d601a2b2caa51c87c76050
full_core_rtl/hls_project/solution_w4_full_core_rtl/syn/verilog/boom_core_top_mux_42_1_1_1.v,1172,782c6f9a964265c9fba7646a35e5895d2b879ea782277bef33655753c194e55b
full_core_rtl/hls_project/solution_w4_full_core_rtl/syn/verilog/boom_core_top_mux_42_2_1_1.v,1172,beaa5f923e6e4a1dd46372f0c00ced0bebc68069365383d2a3353e4409d9e934
full_core_rtl/hls_project/solution_w4_full_core_rtl/syn/verilog/boom_core_top_mux_42_32_1_1.v,1181,de9b200651d381bac46331c3b2c3bcc430f04030acc891bacfec3e89a25bcdf5
full_core_rtl/hls_project/solution_w4_full_core_rtl/syn/verilog/boom_core_top_mux_42_3_1_1.v,1172,c3fcd0e676b0aaab0519556f65342f0058552a8af63038b89a1dfcae3213f872
full_core_rtl/hls_project/solution_w4_full_core_rtl/syn/verilog/boom_core_top_mux_42_64_1_1.v,1181,51d8d3b24b1cbc6985c52bbc067b92bb0dd981b515e29a1170d8838ace05aa0f
full_core_rtl/hls_project/solution_w4_full_core_rtl/syn/verilog/boom_core_top_mux_42_8_1_1.v,1172,ae136a91b38c49d136679bd0ac573fc9ba3a83c96997ede67f67d3cc7c2bba0b
full_core_rtl/hls_project/solution_w4_full_core_rtl/syn/verilog/boom_core_top_reclaim_ldq.v,50927,7dad1374e3ed8d1c86656124ced37f45283ade7b3646a8b7e29381d8b85f4208
full_core_rtl/hls_project/solution_w4_full_core_rtl/syn/verilog/boom_core_top_recover_mispredict.v,612799,691702fd35e7d7b7f46ac63e2706de67d7c459f05799a0a24e18beafe0ce2f4d
full_core_rtl/hls_project/solution_w4_full_core_rtl/syn/verilog/boom_core_top_regslice_both.v,7536,956824d3a3d0c1cd5065c2c5929e44b963743e26118ca8d8b9f8e8efdf1e627e
full_core_rtl/hls_project/solution_w4_full_core_rtl/syn/verilog/boom_core_top_rename_module.v,85015,1cc9c3c2808bdb7e93ef0b7df8337d3a48fdab394ae230d25ac3d189539041d5
full_core_rtl/hls_project/solution_w4_full_core_rtl/syn/verilog/boom_core_top_rob_allocate.v,55156,0e60fbbe1fc89b76f6470f0421ba7b6662cdee9beabaac2768996429d72d538d
full_core_rtl/hls_project/solution_w4_full_core_rtl/syn/verilog/boom_core_top_rob_commit_module.v,96528,cf0591b3725e4b1428ed8e286ed91bf1ee76eda6460fc1d44307d6343a5eb24b
full_core_rtl/hls_project/solution_w4_full_core_rtl/syn/verilog/boom_core_top_service_pending.v,383804,896c3626c443233846c22ba02757b9d2ea95d5e8a7d1a4a17916dcdd86634c0c
full_core_rtl/hls_project/solution_w4_full_core_rtl/syn/verilog/boom_core_top_state_branch_state_br_alloc_lists_RAM_AUTO_1R1W.dat,833,fbb089b61e03868de30aa007a6c4d0314307a4d1dcb71b4a63c00272d1f70694
full_core_rtl/hls_project/solution_w4_full_core_rtl/syn/verilog/boom_core_top_state_branch_state_br_alloc_lists_RAM_AUTO_1R1W.v,932,556b420d7fed3262ca7a1367045ae78fc5ca8e0fc0b1b1b300fd83e4d054308c
full_core_rtl/hls_project/solution_w4_full_core_rtl/syn/verilog/boom_core_top_state_int_rf_bank0_RAM_AUTO_1R1W.dat,885,10b66f84c5618d28ef9abdd8a32278f4e3b7328644bc773636217cd72bbdf7c3
full_core_rtl/hls_project/solution_w4_full_core_rtl/syn/verilog/boom_core_top_state_int_rf_bank0_RAM_AUTO_1R1W.v,902,5291e01f879962c5bb5c7aff93bebacb76585aa90749053cba5d2a592ef6a062
full_core_rtl/hls_project/solution_w4_full_core_rtl/syn/verilog/boom_core_top_state_issue_alu_iq_entries_uop_csr_addr_RAM_AUTO_1R1W.dat,41,9530b8e87c1cf286feb3006583f9a6c6e4f10fcda2a4db64de65d2258f8c161e
full_core_rtl/hls_project/solution_w4_full_core_rtl/syn/verilog/boom_core_top_state_issue_alu_iq_entries_uop_csr_addr_RAM_AUTO_1R1W.v,943,6297f9acc55cc6fcf76f25ec94b6410773d28603429764a2feacd44e662129fb
full_core_rtl/hls_project/solution_w4_full_core_rtl/syn/verilog/boom_core_top_state_issue_alu_iq_entries_uop_debug_pc_RAM_AUTO_1R1W.dat,137,5f8dd2eb99e01855baf8a403bea4c25da173f180c729e968df7aa30f02d174db
full_core_rtl/hls_project/solution_w4_full_core_rtl/syn/verilog/boom_core_top_state_issue_alu_iq_entries_uop_debug_pc_RAM_AUTO_1R1W.v,943,d95f8ae698b3e5c8c39c1330f9065d7b6a03974743b3ce70de350fd35587ced4
full_core_rtl/hls_project/solution_w4_full_core_rtl/syn/verilog/boom_core_top_state_issue_alu_iq_entries_uop_inst_RAM_AUTO_1R1W.dat,73,05800619c0d00046d1eef75d78b1ce2c010dd6703a55919968b94939420e1255
full_core_rtl/hls_project/solution_w4_full_core_rtl/syn/verilog/boom_core_top_state_issue_alu_iq_entries_uop_inst_RAM_AUTO_1R1W.v,935,ecadec185be9096ce7c46b78903adc83be8fe4b565612be9775bbb1fafda1246
full_core_rtl/hls_project/solution_w4_full_core_rtl/syn/verilog/boom_core_top_state_issue_alu_iq_entries_uop_uopc_RAM_AUTO_1R1W.dat,25,bb902bb0728d937615033e9da5b5429666452f3e70cc5c8d52b2d529ec87ad58
full_core_rtl/hls_project/solution_w4_full_core_rtl/syn/verilog/boom_core_top_state_issue_alu_iq_entries_uop_uopc_RAM_AUTO_1R1W.v,934,edcb14129eb3b655f0bd2eec35796cea589b9adab6f2f873c6d531938172ce22
full_core_rtl/hls_project/solution_w4_full_core_rtl/syn/verilog/boom_core_top_state_issue_alu_iq_entries_valid_RAM_AUTO_1R1W.dat,17,79c3ad45084e9022b4d66ea6f82f3eddba71a4a0654b11d0ebf329a5ba6fe8e7
full_core_rtl/hls_project/solution_w4_full_core_rtl/syn/verilog/boom_core_top_state_issue_alu_iq_entries_valid_RAM_AUTO_1R1W.v,928,1d595705d49baa4b075344e41f5a8b46848a13e3312ff85a0ae3542993cc5db6
full_core_rtl/hls_project/solution_w4_full_core_rtl/syn/verilog/boom_core_top_state_rename_int_free_list_busy_table_RAM_AUTO_1R1W.dat,105,8a8b258de62af0a6ba879edb1b25c1de471067d8aed0f05874666e2d1a23a43d
full_core_rtl/hls_project/solution_w4_full_core_rtl/syn/verilog/boom_core_top_state_rename_int_free_list_busy_table_RAM_AUTO_1R1W.v,1126,04e327d3f241a08985d6bf582c395ac73e0bc7e4ce049f9c620ba333dff25509
full_core_rtl/hls_project/solution_w4_full_core_rtl/syn/verilog/boom_core_top_state_rename_int_free_list_free_list_RAM_AUTO_1R1W.dat,157,2fad826e5e3646f3bbb2516522faeeb22d93b050c4f3d120cf04f18ec7281568
full_core_rtl/hls_project/solution_w4_full_core_rtl/syn/verilog/boom_core_top_state_rename_int_free_list_free_list_RAM_AUTO_1R1W.v,937,09490f61d5e41cf075772c76e1422c861f3f9cd47a791aa94b28e6af365f371b
full_core_rtl/hls_project/solution_w4_full_core_rtl/syn/verilog/boom_core_top_state_rename_int_map_table_br_snapshots_RAM_AUTO_1R1W.dat,769,a3aced54b1c49e5b95fd1c0600df72f947e0826ff8ee87a3f8cb0af232621f27
full_core_rtl/hls_project/solution_w4_full_core_rtl/syn/verilog/boom_core_top_state_rename_int_map_table_br_snapshots_RAM_AUTO_1R1W.v,944,30234b9dc95948e93237d19eb0c9624ce70107a95351dab256202720469098d4
full_core_rtl/hls_project/solution_w4_full_core_rtl/syn/verilog/boom_core_top_state_rename_int_map_table_committed_map_table_RAM_AUTO_1R1W.dat,97,e487d2cc0548b0525d0e063810c2fc0e33adc722bfcea3e7e7f19c934ef10165
full_core_rtl/hls_project/solution_w4_full_core_rtl/syn/verilog/boom_core_top_state_rename_int_map_table_committed_map_table_RAM_AUTO_1R1W.v,957,6bdf5aa9a7e9fad825fff9cf634be315983388dd26a042a0899c8f5412f8c5b9
full_core_rtl/hls_project/solution_w4_full_core_rtl/syn/verilog/boom_core_top_state_rename_int_map_table_map_table_RAM_AUTO_1R1W.dat,97,e487d2cc0548b0525d0e063810c2fc0e33adc722bfcea3e7e7f19c934ef10165
full_core_rtl/hls_project/solution_w4_full_core_rtl/syn/verilog/boom_core_top_state_rename_int_map_table_map_table_RAM_AUTO_1R1W.v,1124,d9fce5a761f6fd1134704e58ea4aca1a3b1c6f8570c8e686b317e39ded06c1de
full_core_rtl/hls_project/solution_w4_full_core_rtl/syn/verilog/boom_core_top_state_rob_entries_uop_branch_br_tag_RAM_AUTO_1R1W.dat,65,d89fea9237d912177b6cb334fd8c5f783a1081146af018a5c6f997fe9173595b
full_core_rtl/hls_project/solution_w4_full_core_rtl/syn/verilog/boom_core_top_state_rob_entries_uop_branch_br_tag_RAM_AUTO_1R1W.v,935,0c43307e7fbd39feba019ebf2c4f1dec51a1c1c16f5086894d169566d6685732
full_core_rtl/hls_project/solution_w4_full_core_rtl/syn/verilog/boom_core_top_state_rob_entries_uop_debug_pc_RAM_AUTO_1R1W.dat,545,3883b3ed39c8ceb39ac0059ffc995af8c6bd6a43bba18adb57154d8b04d38fbc
full_core_rtl/hls_project/solution_w4_full_core_rtl/syn/verilog/boom_core_top_state_rob_entries_uop_debug_pc_RAM_AUTO_1R1W.v,926,c478d1083cd3d9a89a7d2659708902460091bd95f6d617020544495d06cafb95
full_core_rtl/hls_project/solution_w4_full_core_rtl/syn/verilog/boom_core_top_state_rob_entries_uop_inst_RAM_AUTO_1R1W.dat,289,6f24a78a9aa658343e9d345e36b57cd3f20fb53592383e645c52378d96f8f8de
full_core_rtl/hls_project/solution_w4_full_core_rtl/syn/verilog/boom_core_top_state_rob_entries_uop_inst_RAM_AUTO_1R1W.v,918,d8fb568af3f3190ef7bfb9bb68be52a41d1dbb18fae4aee95cbb46e6f3ff0165
full_core_rtl/hls_project/solution_w4_full_core_rtl/syn/verilog/boom_core_top_state_rob_entries_uop_queue_rob_idx_RAM_AUTO_1R1W.dat,97,e487d2cc0548b0525d0e063810c2fc0e33adc722bfcea3e7e7f19c934ef10165
full_core_rtl/hls_project/solution_w4_full_core_rtl/syn/verilog/boom_core_top_state_rob_entries_uop_queue_rob_idx_RAM_AUTO_1R1W.v,935,b6a346dc25ecd4f6c669fd699f56991b9a318f4f269f59e453c902c84fad3ba8
full_core_rtl/hls_project/solution_w4_full_core_rtl/syn/verilog/boom_core_top_state_rob_entries_uop_rename_dst_rtype_RAM_AUTO_1R1W.dat,65,d89fea9237d912177b6cb334fd8c5f783a1081146af018a5c6f997fe9173595b
full_core_rtl/hls_project/solution_w4_full_core_rtl/syn/verilog/boom_core_top_state_rob_entries_uop_rename_dst_rtype_RAM_AUTO_1R1W.v,941,aa473b239b441b80c92285242454e1e41e5d58bb4913bab62d442ee09867341f
full_core_rtl/hls_project/solution_w4_full_core_rtl/syn/verilog/boom_core_top_state_rob_entries_valid_RAM_AUTO_1R1W.dat,65,d89fea9237d912177b6cb334fd8c5f783a1081146af018a5c6f997fe9173595b
full_core_rtl/hls_project/solution_w4_full_core_rtl/syn/verilog/boom_core_top_state_rob_entries_valid_RAM_AUTO_1R1W.v,911,940315a91c95dfc90505e340362049504aac32e957d951e9bed7f5510cefa145
full_core_rtl/hls_project/solution_w4_full_core_rtl/syn/verilog/boom_core_top_try_issue_load.v,28473,1f7a44fad87b1b501007205874afa3ed2976a69ee4631898609d83cddcdbfa70
full_core_rtl/hls_project/solution_w4_full_core_rtl/syn/vhdl/boom_core_top.vhd,1987786,44f49ec15c83d86b703a1d583a4af0671cb83d03ab86fd2de199d662f89daaba
full_core_rtl/hls_project/solution_w4_full_core_rtl/syn/vhdl/boom_core_top_apply_writeback_ports.vhd,11564,1fb598020574e59fc3b3ddf1e66c0fa0fd3e1cb4d668749fb9ce00d9327ec708
full_core_rtl/hls_project/solution_w4_full_core_rtl/syn/vhdl/boom_core_top_boom_core_cycle_io.vhd,1142939,523259021505ac176546746868aed00459cfc9c1d8635f373fdc99c5ab3d762b
full_core_rtl/hls_project/solution_w4_full_core_rtl/syn/vhdl/boom_core_top_boom_core_reset_step.vhd,274739,1e4c6f4a4f6a726656b4c76e483f700f567479e4b07282b261e3021c8b598597
full_core_rtl/hls_project/solution_w4_full_core_rtl/syn/vhdl/boom_core_top_boom_core_step.vhd,2237642,747a2651c3fe03044f6c09c255029e8be8130768fdcf94370b8c5ad5dcea8f32
full_core_rtl/hls_project/solution_w4_full_core_rtl/syn/vhdl/boom_core_top_branch_complete_event.vhd,785387,14db44130061e9100e7a5d3ae56d54b7e91838a13eba7205ab7c8fb27609eb6f
full_core_rtl/hls_project/solution_w4_full_core_rtl/syn/vhdl/boom_core_top_clear_resolved_masks_in_state.vhd,59685,81fecf42ff7c16c02c73d17b07b97464e05e5421b522ede96926ede0d7cd94b1
full_core_rtl/hls_project/solution_w4_full_core_rtl/syn/vhdl/boom_core_top_compact_iq.vhd,532248,9bcc3302cde70300731b0873ed346d7f7ee7230b78381fba09f42356dd9cbfa8
full_core_rtl/hls_project/solution_w4_full_core_rtl/syn/vhdl/boom_core_top_compact_issue_queue.vhd,532080,389a3ad4222ffe12c8195030c6b556b12f2385feff8edf499b430ef5ca1ddbcc
full_core_rtl/hls_project/solution_w4_full_core_rtl/syn/vhdl/boom_core_top_compact_issue_queue_temp_uop_csr_addr_RAM_AUTO_1R1W.vhd,1888,43770bd8d77b449e2a0aaa6190d1578032f7e5ca1ea8a7f732f595a9488333ea
full_core_rtl/hls_project/solution_w4_full_core_rtl/syn/vhdl/boom_core_top_compact_issue_queue_temp_uop_debug_pc_RAM_AUTO_1R1W.vhd,1888,b3d54e2c375e0a8fe09dfe74147e5f1bf5dec4073a2cc306c086249b3ee6110a
full_core_rtl/hls_project/solution_w4_full_core_rtl/syn/vhdl/boom_core_top_compact_issue_queue_temp_uop_inst_RAM_AUTO_1R1W.vhd,1880,e65cfb41e2cc2c2c6de4dc965278a6acedfb1c675accc18586c766639ff306d2
full_core_rtl/hls_project/solution_w4_full_core_rtl/syn/vhdl/boom_core_top_compact_issue_queue_temp_uop_uopc_RAM_AUTO_1R1W.vhd,1879,de6d0a67305eee683fc6be3734e017b939d3cc869fb107f23e260ec1d66dfc5e
full_core_rtl/hls_project/solution_w4_full_core_rtl/syn/vhdl/boom_core_top_compact_issue_queue_temp_valid_RAM_AUTO_1R1W.vhd,1873,fb9604fc047223ed183b5d89f898bb59c6e659e2b8b73e6df188e413415f3db6
full_core_rtl/hls_project/solution_w4_full_core_rtl/syn/vhdl/boom_core_top_completion_is_valid.vhd,18146,bc3f7877a964ebac9a9a4c43d4d61b212c505399670ef71053d4aeaabd79bf0d
full_core_rtl/hls_project/solution_w4_full_core_rtl/syn/vhdl/boom_core_top_completion_service_cycle.vhd,1795290,1ac565be15c407bc5429858aa79e9634248628218d679cdd0e665020e1f8f712
full_core_rtl/hls_project/solution_w4_full_core_rtl/syn/vhdl/boom_core_top_decode_module.vhd,604085,dd35a37edd03d9eab14a5775e2030e5bee8c25faaba5465fdc83ef271b9d9d9e
full_core_rtl/hls_project/solution_w4_full_core_rtl/syn/vhdl/boom_core_top_execute_module.vhd,218125,05437357a45cdb7d1ff3dc380cbcdab92942feb0f04864f248d108b43e786eab
full_core_rtl/hls_project/solution_w4_full_core_rtl/syn/vhdl/boom_core_top_fifo_w193_d2_S.vhd,4685,49ef6de0864bda8e27427431be285fa2901ebb3085040dc505b85ee835a55e1d
full_core_rtl/hls_project/solution_w4_full_core_rtl/syn/vhdl/boom_core_top_fifo_w283_d2_S.vhd,4685,8f1826f52413f7b09060a2451a64327965fa097b767cd7a2e2f56dfced10af40
full_core_rtl/hls_project/solution_w4_full_core_rtl/syn/vhdl/boom_core_top_fifo_w289_d2_S.vhd,4685,f69d81066a0b7eca42b400988bab905d9d0c27777125033b238e73a1e9307eaa
full_core_rtl/hls_project/solution_w4_full_core_rtl/syn/vhdl/boom_core_top_fifo_w518_d2_S.vhd,4685,24cf1b10e0fb7f452efa4e7b01d276589ddde97d34b2271c5e3844e7ee89cba1
full_core_rtl/hls_project/solution_w4_full_core_rtl/syn/vhdl/boom_core_top_fifo_w97_d2_S.vhd,4674,d480ef53f0a42d7be2e5f9da1b735912ca8f4a7b735514eba556934d52e27154
full_core_rtl/hls_project/solution_w4_full_core_rtl/syn/vhdl/boom_core_top_frontend_module.vhd,82223,006e19e5f1faef95f640ad1396d166ee8469eb72b8c3e70919985e2505263d89
full_core_rtl/hls_project/solution_w4_full_core_rtl/syn/vhdl/boom_core_top_issue_module.vhd,1257299,26d6ceb127c720f8611055dfd706474625d5e6275610d25ad8f768660b8683b6
full_core_rtl/hls_project/solution_w4_full_core_rtl/syn/vhdl/boom_core_top_kill_execute_state.vhd,139197,bf45ee3a388d9cd2b29178d0693e661a4bac1377764a96c0009fd992c28c1f44
full_core_rtl/hls_project/solution_w4_full_core_rtl/syn/vhdl/boom_core_top_kill_issue_state.vhd,301394,e5c8fb7f1d445fbb97f5f76056c2709c78fdb9c44a303b5f07ec1c9aae75c1b3
full_core_rtl/hls_project/solution_w4_full_core_rtl/syn/vhdl/boom_core_top_kill_lsu_state.vhd,204439,977efd43c4cf39c051e17c5cc661ba820a317c09b5a07ccc845610bbfad95223
full_core_rtl/hls_project/solution_w4_full_core_rtl/syn/vhdl/boom_core_top_kill_rob_younger_than.vhd,84762,5500781130b18ec5026bd61914b52523ae15113714e302e4817105103955e451
full_core_rtl/hls_project/solution_w4_full_core_rtl/syn/vhdl/boom_core_top_lsu_accept_completion.vhd,72846,cf51faffa6ece5ea59880f6f0a9ef8bca0f7e2e06af86f185afa0a098e227a94
full_core_rtl/hls_project/solution_w4_full_core_rtl/syn/vhdl/boom_core_top_lsu_reclaim_store.vhd,89659,fedc8dc4e9432123e8cbdac59492ec358fca2dbbe0671b95d931299f7d3b61fd
full_core_rtl/hls_project/solution_w4_full_core_rtl/syn/vhdl/boom_core_top_mul_32s_32s_64_1_1.vhd,1138,bf7c8b0d3c7fb2a86993adf3b0dcfd76c907e7ff09c7f58806d0027d33f3ba6b
full_core_rtl/hls_project/solution_w4_full_core_rtl/syn/vhdl/boom_core_top_mul_3ns_7ns_9_1_1.vhd,1112,c0f45029f98930ec1b3dfaa3bb83b9a4688f32517d7e3fa52a484233aaa77d85
full_core_rtl/hls_project/solution_w4_full_core_rtl/syn/vhdl/boom_core_top_mul_8ns_7ns_9_1_1.vhd,1112,aa96d835aa74e15ca7719714ede3f53fbb8422244ed1bed8c278ddcab8ba7ba4
full_core_rtl/hls_project/solution_w4_full_core_rtl/syn/vhdl/boom_core_top_mux_32_1_1_1.vhd,1466,f62b08bd97be9d5fddc200553a1c52ef2332e2a277effbc427ab3560434e4f87
full_core_rtl/hls_project/solution_w4_full_core_rtl/syn/vhdl/boom_core_top_mux_32_64_1_1.vhd,1475,0c2377e8daf6446d3dd9122e7e8c1da91b5630f539dded8796614b8dd1b00806
full_core_rtl/hls_project/solution_w4_full_core_rtl/syn/vhdl/boom_core_top_mux_32_8_1_1.vhd,1466,3cc94cb4c502a5ae96bf48455db8987cb3be1b35ec99a44e15d7a43c8e52f699
full_core_rtl/hls_project/solution_w4_full_core_rtl/syn/vhdl/boom_core_top_mux_42_1_1_1.vhd,1577,de8f6a7f09f3b4e7b25f0a3667afb74241ea171467e6798518e206271fb99da7
full_core_rtl/hls_project/solution_w4_full_core_rtl/syn/vhdl/boom_core_top_mux_42_2_1_1.vhd,1577,bf1dc9e5f12b6010ff1ad9e3e7ccccf061f87ac7cace279e7eb6d087c9f85e5b
full_core_rtl/hls_project/solution_w4_full_core_rtl/syn/vhdl/boom_core_top_mux_42_32_1_1.vhd,1587,239c44965a9b43e863908d95d03e357c7f164e8f54c5719fc940ac50f7f4ef74
full_core_rtl/hls_project/solution_w4_full_core_rtl/syn/vhdl/boom_core_top_mux_42_3_1_1.vhd,1577,b9c1772292a652a9aeca79178e7f680b4cb01c6c3066810dbe7b474fcaa0bb32
full_core_rtl/hls_project/solution_w4_full_core_rtl/syn/vhdl/boom_core_top_mux_42_64_1_1.vhd,1587,6f5494dcc4ce55dfd6a9e2b9b5e8b6de891fe453912df45cb5cc326c5b8f6f1b
full_core_rtl/hls_project/solution_w4_full_core_rtl/syn/vhdl/boom_core_top_mux_42_8_1_1.vhd,1577,d6fa413322603fecedded1f0662765e32a77e9eb9f147c60e357ff3822afd895
full_core_rtl/hls_project/solution_w4_full_core_rtl/syn/vhdl/boom_core_top_reclaim_ldq.vhd,80187,db7c74ae22d5608541913162fa295748474ae015c7a689c56dfa9bee51cdc029
full_core_rtl/hls_project/solution_w4_full_core_rtl/syn/vhdl/boom_core_top_recover_mispredict.vhd,764684,ed6f7ecdd59deef34bbcfdd5ea133d8bae108db6cdf71d90ab2b89d090a0ea88
full_core_rtl/hls_project/solution_w4_full_core_rtl/syn/vhdl/boom_core_top_regslice_both.vhd,11907,61fa8ce25dec1d36e33fab454c741384a46ec1ae247b2ade09a2bb0eb60a3bfe
full_core_rtl/hls_project/solution_w4_full_core_rtl/syn/vhdl/boom_core_top_rename_module.vhd,115289,68cdacd44e8e609dfd930b00c2c7d76bd362fdabad5528d5cb5d3aa76616cc9e
full_core_rtl/hls_project/solution_w4_full_core_rtl/syn/vhdl/boom_core_top_rob_allocate.vhd,70585,3fd64e7cb5e120d14b59eac6757f0b7c02f54f0c3e36a1e4b3fe71d2e71c8cb3
full_core_rtl/hls_project/solution_w4_full_core_rtl/syn/vhdl/boom_core_top_rob_commit_module.vhd,136041,73b9d1d67f46d3488c308030eec27acc28d3253e65523edf5eefa228d9829f93
full_core_rtl/hls_project/solution_w4_full_core_rtl/syn/vhdl/boom_core_top_service_pending.vhd,575397,4943f922b55ecffd86f70660cb653dfd3df8355d1a35024dad6134e96edf18de
full_core_rtl/hls_project/solution_w4_full_core_rtl/syn/vhdl/boom_core_top_state_branch_state_br_alloc_lists_RAM_AUTO_1R1W.vhd,1908,2e32354920a1d6a330daa0475159fc93ac929f4b766b51ae0d950def86652e5c
full_core_rtl/hls_project/solution_w4_full_core_rtl/syn/vhdl/boom_core_top_state_int_rf_bank0_RAM_AUTO_1R1W.vhd,1878,16475dbad4ad0704b6f37590ad6a6f2e563af32014564ace2b8f1ceba49fb91a
full_core_rtl/hls_project/solution_w4_full_core_rtl/syn/vhdl/boom_core_top_state_issue_alu_iq_entries_uop_csr_addr_RAM_AUTO_1R1W.vhd,1919,f9d2c584fc8a6fe8408e7e73c175b8306863b832ee21ab8ca1a38f6cd5289758
full_core_rtl/hls_project/solution_w4_full_core_rtl/syn/vhdl/boom_core_top_state_issue_alu_iq_entries_uop_debug_pc_RAM_AUTO_1R1W.vhd,1919,1784861516c79600def3ba35bb44ac9408d03c4763897eede1e8f8649f4de303
full_core_rtl/hls_project/solution_w4_full_core_rtl/syn/vhdl/boom_core_top_state_issue_alu_iq_entries_uop_inst_RAM_AUTO_1R1W.vhd,1911,078f738d5ccab05f6471443da5c1a0fa006e0a099d3567d4438aa197add150aa
full_core_rtl/hls_project/solution_w4_full_core_rtl/syn/vhdl/boom_core_top_state_issue_alu_iq_entries_uop_uopc_RAM_AUTO_1R1W.vhd,1910,5d5b60d3631f26b9dd1caa6f0b60c26b09cf411455015a8bc71802673737cd65
full_core_rtl/hls_project/solution_w4_full_core_rtl/syn/vhdl/boom_core_top_state_issue_alu_iq_entries_valid_RAM_AUTO_1R1W.vhd,1904,5f7f3f3021b286fca4edb22b045aeca151db74180c297cca25f8cdd12aba690c
full_core_rtl/hls_project/solution_w4_full_core_rtl/syn/vhdl/boom_core_top_state_rename_int_free_list_busy_table_RAM_AUTO_1R1W.vhd,2667,b2b179553ac24ba458618d759fef460131cd4eaec50265a0e5b3e8b5bf3d0db0
full_core_rtl/hls_project/solution_w4_full_core_rtl/syn/vhdl/boom_core_top_state_rename_int_free_list_free_list_RAM_AUTO_1R1W.vhd,1913,e72727404b30914c93a50c7b93d0ec96106ba15c2d855fa1c0da26ea449f8503
full_core_rtl/hls_project/solution_w4_full_core_rtl/syn/vhdl/boom_core_top_state_rename_int_map_table_br_snapshots_RAM_AUTO_1R1W.vhd,1920,50d41fd6626eedde20ce8033bed638b1933379ee3b755c0c34f4dafd70fe9e9e
full_core_rtl/hls_project/solution_w4_full_core_rtl/syn/vhdl/boom_core_top_state_rename_int_map_table_committed_map_table_RAM_AUTO_1R1W.vhd,1933,aa0bc50d08c48ab5772432ed02677635a280f51b6ef52ae20da859830d2a11a6
full_core_rtl/hls_project/solution_w4_full_core_rtl/syn/vhdl/boom_core_top_state_rename_int_map_table_map_table_RAM_AUTO_1R1W.vhd,2665,cc54594073799ab6e82d59893bc16aea1f37029d0baec24b07c2252e1799b665
full_core_rtl/hls_project/solution_w4_full_core_rtl/syn/vhdl/boom_core_top_state_rob_entries_uop_branch_br_tag_RAM_AUTO_1R1W.vhd,1911,78c3edfa2c672838a0786d9c642f037e256a87fdb146f1ebbbf4ed4702338b0c
full_core_rtl/hls_project/solution_w4_full_core_rtl/syn/vhdl/boom_core_top_state_rob_entries_uop_debug_pc_RAM_AUTO_1R1W.vhd,1902,717301a7560c5b10c45ac18491852fb0fbd8405e0bde50334950fcaa5e380d83
full_core_rtl/hls_project/solution_w4_full_core_rtl/syn/vhdl/boom_core_top_state_rob_entries_uop_inst_RAM_AUTO_1R1W.vhd,1894,3584086a4a17c2d4b0b73166001df0b68bdf2fdccbe2ac048cd10bba5910ef18
full_core_rtl/hls_project/solution_w4_full_core_rtl/syn/vhdl/boom_core_top_state_rob_entries_uop_queue_rob_idx_RAM_AUTO_1R1W.vhd,1911,1b8345e3d09b1897d69f780ad7af1f3e1a976f5febe932ceb158b1cfc0f150e9
full_core_rtl/hls_project/solution_w4_full_core_rtl/syn/vhdl/boom_core_top_state_rob_entries_uop_rename_dst_rtype_RAM_AUTO_1R1W.vhd,1917,4f4342159f3b738ff8a187c6c22ecc706e2737005aa7144925dca679703a4dea
full_core_rtl/hls_project/solution_w4_full_core_rtl/syn/vhdl/boom_core_top_state_rob_entries_valid_RAM_AUTO_1R1W.vhd,1887,716ba379d884792249500316f44f7c4a882e4418ffdb9b4b0bc462e682bcbb7d
full_core_rtl/hls_project/solution_w4_full_core_rtl/syn/vhdl/boom_core_top_try_issue_load.vhd,40211,ef151d51e213b418ab95379004678e914734f1610f4069a99740f11c0e6a7ebc
full_core_rtl/run_hls.tcl,165,854b0fd435400963379aad4051405a6340c0ec2f81ce2aa48b39166662b79f73
full_core_rtl/vitis_hls.log,317603,66167d2a68796bc8e58a66bfce336a75831faba4c4309559eec40c7b4bcc3179
full_core_rtl/xsim/boom_core_top_state_branch_state_br_alloc_lists_RAM_AUTO_1R1W.dat,833,fbb089b61e03868de30aa007a6c4d0314307a4d1dcb71b4a63c00272d1f70694
full_core_rtl/xsim/boom_core_top_state_int_rf_bank0_RAM_AUTO_1R1W.dat,885,10b66f84c5618d28ef9abdd8a32278f4e3b7328644bc773636217cd72bbdf7c3
full_core_rtl/xsim/boom_core_top_state_issue_alu_iq_entries_uop_csr_addr_RAM_AUTO_1R1W.dat,41,9530b8e87c1cf286feb3006583f9a6c6e4f10fcda2a4db64de65d2258f8c161e
full_core_rtl/xsim/boom_core_top_state_issue_alu_iq_entries_uop_debug_pc_RAM_AUTO_1R1W.dat,137,5f8dd2eb99e01855baf8a403bea4c25da173f180c729e968df7aa30f02d174db
full_core_rtl/xsim/boom_core_top_state_issue_alu_iq_entries_uop_inst_RAM_AUTO_1R1W.dat,73,05800619c0d00046d1eef75d78b1ce2c010dd6703a55919968b94939420e1255
full_core_rtl/xsim/boom_core_top_state_issue_alu_iq_entries_uop_uopc_RAM_AUTO_1R1W.dat,25,bb902bb0728d937615033e9da5b5429666452f3e70cc5c8d52b2d529ec87ad58
full_core_rtl/xsim/boom_core_top_state_issue_alu_iq_entries_valid_RAM_AUTO_1R1W.dat,17,79c3ad45084e9022b4d66ea6f82f3eddba71a4a0654b11d0ebf329a5ba6fe8e7
full_core_rtl/xsim/boom_core_top_state_rename_int_free_list_busy_table_RAM_AUTO_1R1W.dat,105,8a8b258de62af0a6ba879edb1b25c1de471067d8aed0f05874666e2d1a23a43d
full_core_rtl/xsim/boom_core_top_state_rename_int_free_list_free_list_RAM_AUTO_1R1W.dat,157,2fad826e5e3646f3bbb2516522faeeb22d93b050c4f3d120cf04f18ec7281568
full_core_rtl/xsim/boom_core_top_state_rename_int_map_table_br_snapshots_RAM_AUTO_1R1W.dat,769,a3aced54b1c49e5b95fd1c0600df72f947e0826ff8ee87a3f8cb0af232621f27
full_core_rtl/xsim/boom_core_top_state_rename_int_map_table_committed_map_table_RAM_AUTO_1R1W.dat,97,e487d2cc0548b0525d0e063810c2fc0e33adc722bfcea3e7e7f19c934ef10165
full_core_rtl/xsim/boom_core_top_state_rename_int_map_table_map_table_RAM_AUTO_1R1W.dat,97,e487d2cc0548b0525d0e063810c2fc0e33adc722bfcea3e7e7f19c934ef10165
full_core_rtl/xsim/boom_core_top_state_rob_entries_uop_branch_br_tag_RAM_AUTO_1R1W.dat,65,d89fea9237d912177b6cb334fd8c5f783a1081146af018a5c6f997fe9173595b
full_core_rtl/xsim/boom_core_top_state_rob_entries_uop_debug_pc_RAM_AUTO_1R1W.dat,545,3883b3ed39c8ceb39ac0059ffc995af8c6bd6a43bba18adb57154d8b04d38fbc
full_core_rtl/xsim/boom_core_top_state_rob_entries_uop_inst_RAM_AUTO_1R1W.dat,289,6f24a78a9aa658343e9d345e36b57cd3f20fb53592383e645c52378d96f8f8de
full_core_rtl/xsim/boom_core_top_state_rob_entries_uop_queue_rob_idx_RAM_AUTO_1R1W.dat,97,e487d2cc0548b0525d0e063810c2fc0e33adc722bfcea3e7e7f19c934ef10165
full_core_rtl/xsim/boom_core_top_state_rob_entries_uop_rename_dst_rtype_RAM_AUTO_1R1W.dat,65,d89fea9237d912177b6cb334fd8c5f783a1081146af018a5c6f997fe9173595b
full_core_rtl/xsim/boom_core_top_state_rob_entries_valid_RAM_AUTO_1R1W.dat,65,d89fea9237d912177b6cb334fd8c5f783a1081146af018a5c6f997fe9173595b
full_core_rtl/xsim/branch_not_taken.readmemh,153,ba75d5e1db1906dfd277d7018dde3a5985f5a40115a7fc6234c6bdf0db2a11cb
full_core_rtl/xsim/branch_taken.readmemh,153,624f6521ef0d03f599270bef0c26a8052ced97566ba52e63cdd4f04597cf7b1e
full_core_rtl/xsim/independent_alu.readmemh,136,c3b1723d8809c83783a4724beca10925c223dd4026b67d0fd434ec163785c404
full_core_rtl/xsim/load_store.readmemh,136,8ced0b8095db8159b92d44ae5c97933fc333e08be10ea7ba62ef00b492d07953
full_core_rtl/xsim/nested_branch.readmemh,170,2b0a8f820b73c213e21ecc433fb15532e37d003a3b3a42b2b6e9a55d50167aa1
full_core_rtl/xsim/raw_chain.readmemh,136,e0cf4c1bb46af844e8eda559b7944d1f9799a0b56e3fe483d9921a7598d8c97c
full_core_rtl/xsim/tohost.readmemh,51,0a3329145b95838046f34e9a6ad3b62ab5578c5d5fe7222c13c609051e575d27
full_core_rtl/xsim/xelab.log,5067,ba9cd7a244e54bd5f208303c7f4074368fdfdf371f4e19901148ff2e102ae4b8
full_core_rtl/xsim/xelab.pb,11178,e2bab8d7b8a8ae43dcf8807f04c68dade3f5adf48548e75139f4c678a798ad5b
full_core_rtl/xsim/xsim.dir/gate3_9_snapshot/Compile_Options.txt,63,36cd9039ea9de660f1096e0f9d88b5af3425e5ab7832543ba49c96cc8acbaced
full_core_rtl/xsim/xsim.dir/gate3_9_snapshot/xsim.dbg,6035672,189b5e008a72e5a02b339adf42791fe7110c5eb68e56f034ed48f49aef95b30f
full_core_rtl/xsim/xsim.dir/gate3_9_snapshot/xsim.mem,760165,499c523017ec0f8d3a4f4a41d9afd585adf777c0ba0d8e5abfaafca979cb8901
full_core_rtl/xsim/xsim.dir/gate3_9_snapshot/xsim.reloc,1167954,e9c1ad1e07d3a7a287a82c8254edcef03bc8a175896509f322a518d479ce0601
full_core_rtl/xsim/xsim.dir/gate3_9_snapshot/xsim.rtti,350,308ebb39663140da2fb0ca0f7723fdb039c3acd095b6ace8a057aaad97daf519
full_core_rtl/xsim/xsim.dir/gate3_9_snapshot/xsim.svtype,109,9f8436fd322902fd01e25e97367de222c32a15bd7c58667b57f957a146a46631
full_core_rtl/xsim/xsim.dir/gate3_9_snapshot/xsim.type,24,cf1c5a4aa3dd8007f3756f2f3d607d67751cd98e99c8f5038c3f8b9fd06aa8c8
full_core_rtl/xsim/xsim.dir/gate3_9_snapshot/xsim.xdbg,64,74b37b206be3a89e0eaef7ca1e891a8ba010cedfe41d1d945871c473f86cc127
full_core_rtl/xsim/xsim.dir/gate3_9_snapshot/xsimSettings.ini,1364,3c6403ed7bdc72d65bb1a620761579e42b0925ec3a9f13df9d0bb3ed6166b9ab
full_core_rtl/xsim/xsim.dir/gate3_9_snapshot/xsim_script.tcl,424,968c4a482d7c3aac412a6c833481c22f98e06c34614d7a78463e455d5c926344
full_core_rtl/xsim/xsim.dir/gate3_9_snapshot/xsimcrash.log,0,e3b0c44298fc1c149afbf4c8996fb92427ae41e4649b934ca495991b7852b855
full_core_rtl/xsim/xsim.dir/gate3_9_snapshot/xsimk,7292888,2b9c1da4e605aca97ef2b715e6a6b38b6ca4fa22f83f4afa52b66cf30b0c3049
full_core_rtl/xsim/xsim.dir/gate3_9_snapshot/xsimkernel.log,697,0ad93dfa83a6d0b4b624bd0e0c3632d61bf6c8af80912febcd281a1cf4d3d68c
full_core_rtl/xsim/xsim.dir/work/axis_dmem_model.sdb,19807,507f0c81a770bd40b830331f6209a5a05622805a4ff6b8668819a3c9d27e5998
full_core_rtl/xsim/xsim.dir/work/axis_imem_model.sdb,14992,cbbe59fec4df629f94f7ff9232510e5034f0a4387fb2f59a12cadbe4882b44af
full_core_rtl/xsim/xsim.dir/work/boom_core_rtl_harness.sdb,10349,4d7660cefbe6db3459d5c509567c53501ca949e4afa68a9e9c04a621e3561ed4
full_core_rtl/xsim/xsim.dir/work/boom_core_rtl_tb.sdb,25846,8e1d8df542ae7cdba08bb917025230696d34929932ee0f6afcbd1435046e170b
full_core_rtl/xsim/xsim.dir/work/boom_core_top.sdb,1877437,627e619c5576172e17e4f229d6bb20db60b2753d42b72dd429cb644bd47102a0
full_core_rtl/xsim/xsim.dir/work/boom_core_top_apply_writeback_ports.sdb,14337,f3d4d7902d2dc5c800230598749ef39606cd68837b65c8b2cae8f4fcd60e7333
full_core_rtl/xsim/xsim.dir/work/boom_core_top_boom_core_cycle_io.sdb,1097167,9f04c8c908f5729f5a42904f3dfba0b5187d9e5223f47cf523828fb498176eca
full_core_rtl/xsim/xsim.dir/work/boom_core_top_boom_core_reset_step.sdb,374703,b0512025347e8d8b452e55f0222e3cea04bcf2020fc81004f1225b69fd2f42b9
full_core_rtl/xsim/xsim.dir/work/boom_core_top_boom_core_step.sdb,1938656,53b94e658515194b60b5a0873a863289b80917441be570c33be057c38714a4d6
full_core_rtl/xsim/xsim.dir/work/boom_core_top_branch_complete_event.sdb,754542,ab98abde5358a3e34453c27d6209721751e68c4c9e32dda84a35e5a34dac1906
full_core_rtl/xsim/xsim.dir/work/boom_core_top_clear_resolved_masks_in_state.sdb,78533,45035437bd2152c51f6dbd522bd1cb7bdccbc1c40ac654a6a2c8386002d79296
full_core_rtl/xsim/xsim.dir/work/boom_core_top_compact_iq.sdb,660322,b480f3de2b818a2e10f59ad26524d4cf54a85249fcec9e60b51e272d038571e9
full_core_rtl/xsim/xsim.dir/work/boom_core_top_compact_issue_queue.sdb,660364,9e0a5755f60a150ee53554d5486912a477cb99a1f878ba49e2302ad31c456543
full_core_rtl/xsim/xsim.dir/work/boom_core_top_compact_issue_queue_temp_uop_csr_addr_@r@a@m_@a@u@t@o_1@r1@w.sdb,2395,fb5bf2389c19d608b837520e7952eb7bc38b7329f47686ecb13148096e8528ba
full_core_rtl/xsim/xsim.dir/work/boom_core_top_compact_issue_queue_temp_uop_debug_pc_@r@a@m_@a@u@t@o_1@r1@w.sdb,2440,6f4bc59e11937b2e4b4de06f4ab0969587c375071a6566b9d316d426a7d60bb7
full_core_rtl/xsim/xsim.dir/work/boom_core_top_compact_issue_queue_temp_uop_inst_@r@a@m_@a@u@t@o_1@r1@w.sdb,2416,68b9ef4230fdaf0ec3fb8ccf812ff992eddb2353e081010b8f96dccae57b3d86
full_core_rtl/xsim/xsim.dir/work/boom_core_top_compact_issue_queue_temp_uop_uopc_@r@a@m_@a@u@t@o_1@r1@w.sdb,2412,6138636c938d2df76b2e9d53468382e361bc4877d91954185a3923601ff8a4b8
full_core_rtl/xsim/xsim.dir/work/boom_core_top_compact_issue_queue_temp_valid_@r@a@m_@a@u@t@o_1@r1@w.sdb,2403,f609b28d975b0d3184c91d0d0cca52c88059eff89b5f69366ff143af10168949
full_core_rtl/xsim/xsim.dir/work/boom_core_top_completion_is_valid.sdb,28335,aa157b188da40f56d6799abd33fbb5e22154a779fe6e5122ae858c92bf37c129
full_core_rtl/xsim/xsim.dir/work/boom_core_top_completion_service_cycle.sdb,1891983,a4ba91011ef3abab3f663904c1cf855b272ebe6c3e671e41b064b0da1bb8e0fd
full_core_rtl/xsim/xsim.dir/work/boom_core_top_decode_module.sdb,787844,771447fb7e51839f671ec10f75db0b87a8bd22d97faa9db0e77bce72762a2008
full_core_rtl/xsim/xsim.dir/work/boom_core_top_execute_module.sdb,341638,5f0f8133e9b58d018f25cc997b4f4bacd71b6029d3bec501ba221598de1e9bfa
full_core_rtl/xsim/xsim.dir/work/boom_core_top_fifo_w193_d2_@s.sdb,5882,b4042c8c6e6b35125c173c026bfa1051febd2a53213845924fe13eb02459828d
full_core_rtl/xsim/xsim.dir/work/boom_core_top_fifo_w193_d2_@s_shift@reg.sdb,2705,5cbbe484ea4bdff4163d640e2672fa45b96cf701e845f93d82d3913141b6b12a
full_core_rtl/xsim/xsim.dir/work/boom_core_top_fifo_w283_d2_@s.sdb,5882,86d6887460c62ca09869b14408a68d7205d36fe0a3ceec16696a4a65c6fabc2f
full_core_rtl/xsim/xsim.dir/work/boom_core_top_fifo_w283_d2_@s_shift@reg.sdb,2705,a3fcc2a52b679a3cb09674fc4eee9971bdf4fa4cd99d71d1369801d46d27451b
full_core_rtl/xsim/xsim.dir/work/boom_core_top_fifo_w289_d2_@s.sdb,5882,aa0992c80d8567251f92af5a5e0c2471ed50cddea2582d56e4497572fa207bbc
full_core_rtl/xsim/xsim.dir/work/boom_core_top_fifo_w289_d2_@s_shift@reg.sdb,2705,0a1df5b254660a821c055668855e05e8a32fe94ee3f574763af5769b258c86f4
full_core_rtl/xsim/xsim.dir/work/boom_core_top_fifo_w518_d2_@s.sdb,5882,21a399fa347a54d7a98061b276bede5a1f53834002351102cc6b28f1ccdb5703
full_core_rtl/xsim/xsim.dir/work/boom_core_top_fifo_w518_d2_@s_shift@reg.sdb,2705,b36b7e76376b9ac5464237bddb2e6e232e2abcf19cfe7f5353c02e0280d08dcb
full_core_rtl/xsim/xsim.dir/work/boom_core_top_fifo_w97_d2_@s.sdb,5877,4917133c505e9039efe7b38d63ba473fad6e4f21a1f8e0be5965815d9b4b7151
full_core_rtl/xsim/xsim.dir/work/boom_core_top_fifo_w97_d2_@s_shift@reg.sdb,2702,b9032b3a43c6658317a06cd814b2a74d7989d60271172a9a9fea188bb447b118
full_core_rtl/xsim/xsim.dir/work/boom_core_top_frontend_module.sdb,106991,013e0f49e1e15ca8df7e84ff592614aa9f82db5a38d9f57aaba413b2f84805ac
full_core_rtl/xsim/xsim.dir/work/boom_core_top_issue_module.sdb,1452623,507fdaa888ecfdb2750b2023c73f2e878d41cd8fffdc9ff0540242bec52c5a80
full_core_rtl/xsim/xsim.dir/work/boom_core_top_kill_execute_state.sdb,179853,b9a7b9ddbe9cbc5f6103da9d22d4657c7e247c271900aa51ccb28fa61220a654
full_core_rtl/xsim/xsim.dir/work/boom_core_top_kill_issue_state.sdb,302163,43bf37040c313fb842f09cabec35f5c38ccc38a32b0b95d51dd3aa71c56a7edb
full_core_rtl/xsim/xsim.dir/work/boom_core_top_kill_lsu_state.sdb,271678,1339490586b2342c5a9ad806cc852e31920bbe1f7929693fece58d1c371d62c4
full_core_rtl/xsim/xsim.dir/work/boom_core_top_kill_rob_younger_than.sdb,110846,13509ccd46ad42ae069409443772e33a0cdd5d778e63e1c33c253e3604fcf4d9
full_core_rtl/xsim/xsim.dir/work/boom_core_top_lsu_accept_completion.sdb,100611,a95a278bdc5482bfd5d0cae56a7fb3b8784d277c6d020355acfdd1bb9baefe5e
full_core_rtl/xsim/xsim.dir/work/boom_core_top_lsu_reclaim_store.sdb,118495,275ea5dd7c209d360c7e4f044e6106aee794eef17bdaff08535c020fb6a7f680
full_core_rtl/xsim/xsim.dir/work/boom_core_top_mul_32s_32s_64_1_1.sdb,1649,bdc933683153b7a5e7cdd36d8d6d10def3e323ed5d475fa1ab62ad90ca2de170
full_core_rtl/xsim/xsim.dir/work/boom_core_top_mul_3ns_7ns_9_1_1.sdb,1719,6bd4525fc027d1649e4a50aef36bd83b26eb7b8f7e5e836c42a1ccc5c7e2d40f
full_core_rtl/xsim/xsim.dir/work/boom_core_top_mul_8ns_7ns_9_1_1.sdb,1718,6dd4720e1c9181963438688d82bec9a3af37d36d1520e0c836db96dfec5a2c37
full_core_rtl/xsim/xsim.dir/work/boom_core_top_mux_32_1_1_1.sdb,2650,671f60a2a683dbbb85ab98fa02ec6dd4b7aad7a556473a98e6ea18800232078d
full_core_rtl/xsim/xsim.dir/work/boom_core_top_mux_32_64_1_1.sdb,2648,92e56847487b4a060873c9cbc926f1e1e67e56085920ec1534a9d09b26045f9b
full_core_rtl/xsim/xsim.dir/work/boom_core_top_mux_32_8_1_1.sdb,2646,6bf8145b19c85197100f50cfa853e0d649d5da6801ce5b051f2a4363f0468eb0
full_core_rtl/xsim/xsim.dir/work/boom_core_top_mux_42_1_1_1.sdb,2934,89a8ab18156eeadf450f2ae734d5812fce5796647a9bf35222140066e84fba85
full_core_rtl/xsim/xsim.dir/work/boom_core_top_mux_42_2_1_1.sdb,2934,e2190e6fb6238836ffacb4676c0c71b7084300d6836779b9c54eca0bd54cd00f
full_core_rtl/xsim/xsim.dir/work/boom_core_top_mux_42_32_1_1.sdb,2937,8056ae53c4610d87021ca8dd71bcd27ca5ed6cb45a38d1340d427149352e69e9
full_core_rtl/xsim/xsim.dir/work/boom_core_top_mux_42_3_1_1.sdb,2934,d80b8dc50b393082e81474d1dc09757164afaa643bac09b9bf3a2dd19c04cb3e
full_core_rtl/xsim/xsim.dir/work/boom_core_top_mux_42_64_1_1.sdb,2938,b16d26cd0284ec715ad04d5a44818acd44e6a9c46a9d410695864e66e094fbcc
full_core_rtl/xsim/xsim.dir/work/boom_core_top_mux_42_8_1_1.sdb,2935,6586cb4e7ed8a4ee23b93bc9da257106b641db68dfc41ac0d2e8dc48a6b196ce
full_core_rtl/xsim/xsim.dir/work/boom_core_top_reclaim_ldq.sdb,105352,a345b6e353572df77773084ab284a71b210856a7cf3c5fdd986bb96b680c483c
full_core_rtl/xsim/xsim.dir/work/boom_core_top_recover_mispredict.sdb,770998,f232046f1a6ac1348efe03837435f4c8e7fc0486786e48dc8b3a8e18337dda9b
full_core_rtl/xsim/xsim.dir/work/boom_core_top_regslice_both.sdb,9113,a59f73234442da642b66070e9b20cc401fa11d0c0cb2daa177099c8d10511340
full_core_rtl/xsim/xsim.dir/work/boom_core_top_regslice_both_w1.sdb,8583,6b915287244cb5aeef414b1c968a398fd8cec417bf0a9e84f91832cac994c515
full_core_rtl/xsim/xsim.dir/work/boom_core_top_rename_module.sdb,146988,69c60ef253bcc931fd88266999e8b377c809623308d267a90a47f93f4363d0d0
full_core_rtl/xsim/xsim.dir/work/boom_core_top_rob_allocate.sdb,86292,ddfd408c584a204625fa65ddb780d5125dbd26cda9d75c4401b38dbcd67f0e77
full_core_rtl/xsim/xsim.dir/work/boom_core_top_rob_commit_module.sdb,174697,7b4023471c0e8776f89c8672905161ec2555d5894b12466dfece9503a5ea2330
full_core_rtl/xsim/xsim.dir/work/boom_core_top_service_pending.sdb,705693,0d6630a090985d40140c5a17aac685af5b64b23dec8fb9b97aa860adeb79e260
full_core_rtl/xsim/xsim.dir/work/boom_core_top_state_branch_state_br_alloc_lists_@r@a@m_@a@u@t@o_1@r1@w.sdb,2582,718f1bda073ebdffce84cd4f1ddb971c2547f96196281af131d12523f61bc67c
full_core_rtl/xsim/xsim.dir/work/boom_core_top_state_int_rf_bank0_@r@a@m_@a@u@t@o_1@r1@w.sdb,2554,27f20dca0906a5b09d211a295463fff780665baaca6980e42c15ee8ac96ae334
full_core_rtl/xsim/xsim.dir/work/boom_core_top_state_issue_alu_iq_entries_uop_csr_addr_@r@a@m_@a@u@t@o_1@r1@w.sdb,2627,b94fcd89efbe7c96922bbd4b0f115a006dc5d7451234f8fd0b65e9bba87dc34a
full_core_rtl/xsim/xsim.dir/work/boom_core_top_state_issue_alu_iq_entries_uop_debug_pc_@r@a@m_@a@u@t@o_1@r1@w.sdb,2652,648c2b2c9cfd813c0169b8b66ff74cc38ccabc3538ee969c4a4a8c259e59e66c
full_core_rtl/xsim/xsim.dir/work/boom_core_top_state_issue_alu_iq_entries_uop_inst_@r@a@m_@a@u@t@o_1@r1@w.sdb,2624,06ecdfd63727a1d21ed1af280982490865d378763a4c14349ca0ceac31afe169
full_core_rtl/xsim/xsim.dir/work/boom_core_top_state_issue_alu_iq_entries_uop_uopc_@r@a@m_@a@u@t@o_1@r1@w.sdb,2620,b13cc6d20fe06d2af601e42eddcd875a3546907f67ebc1840bfffd1acfc469a6
full_core_rtl/xsim/xsim.dir/work/boom_core_top_state_issue_alu_iq_entries_valid_@r@a@m_@a@u@t@o_1@r1@w.sdb,2608,b84616b1f8074bccd98ac769dca1789e0633fe13fa2896d5481680e7a8c1543f
full_core_rtl/xsim/xsim.dir/work/boom_core_top_state_rename_int_free_list_busy_table_@r@a@m_@a@u@t@o_1@r1@w.sdb,3347,a72dcb9e3884f55a612d37eba359a1271d0a86689d4efd681904f9f434658043
full_core_rtl/xsim/xsim.dir/work/boom_core_top_state_rename_int_free_list_free_list_@r@a@m_@a@u@t@o_1@r1@w.sdb,2634,7653ac5b9ba36cf6d2abd0d6e43060ec9487a75aba9f32cd2231a3c5fb269855
full_core_rtl/xsim/xsim.dir/work/boom_core_top_state_rename_int_map_table_br_snapshots_@r@a@m_@a@u@t@o_1@r1@w.sdb,2649,ba715fecaff790103701b416ba420d25819b8c94cdc1c9d6a93bfb287b72a70a
full_core_rtl/xsim/xsim.dir/work/boom_core_top_state_rename_int_map_table_committed_map_table_@r@a@m_@a@u@t@o_1@r1@w.sdb,2676,3fa9f063c233784edeb38a796efdd8ae1b11e3bc8e4712fc02dbb358c4ac5e1a
full_core_rtl/xsim/xsim.dir/work/boom_core_top_state_rename_int_map_table_map_table_@r@a@m_@a@u@t@o_1@r1@w.sdb,3357,d40d01d35903e43eaf09b9e5c0f5dd63b45972fe38e5fc0301e6d62a6222fb2e
full_core_rtl/xsim/xsim.dir/work/boom_core_top_state_rob_entries_uop_branch_br_tag_@r@a@m_@a@u@t@o_1@r1@w.sdb,2621,538264b618a0c6a3e653cf0fe30c33300f15f803e85a6a57c720bc80630a5ace
full_core_rtl/xsim/xsim.dir/work/boom_core_top_state_rob_entries_uop_debug_pc_@r@a@m_@a@u@t@o_1@r1@w.sdb,2604,dd7bf22ef190b9dd47e4aaaa7adcd049e42708e1410e5172f372a625543f0baf
full_core_rtl/xsim/xsim.dir/work/boom_core_top_state_rob_entries_uop_inst_@r@a@m_@a@u@t@o_1@r1@w.sdb,2579,df87c366e8b1aa42906725105e27fc08126887e38fd6ec2b1a3f53bc1abbc0ce
full_core_rtl/xsim/xsim.dir/work/boom_core_top_state_rob_entries_uop_queue_rob_idx_@r@a@m_@a@u@t@o_1@r1@w.sdb,2611,e7d91d2b36f74b86cb65ade3c548dcd9561b15e544700a7803747696c1173071
full_core_rtl/xsim/xsim.dir/work/boom_core_top_state_rob_entries_uop_rename_dst_rtype_@r@a@m_@a@u@t@o_1@r1@w.sdb,2640,c211ecb1637f2fa67c7dc84209c3d9dd31c9ea0323ed4b3e2288e6a990da6092
full_core_rtl/xsim/xsim.dir/work/boom_core_top_state_rob_entries_valid_@r@a@m_@a@u@t@o_1@r1@w.sdb,2575,22b13c47ee56716e338ea9292e9615f217705f2b7b511be5262e41b44ca1589c
full_core_rtl/xsim/xsim.dir/work/boom_core_top_try_issue_load.sdb,53835,dbc879d33268d7f244080fab699bf8dc76a7a5c4548b8aca48553fd9335b6688
full_core_rtl/xsim/xsim.dir/work/commit_trace_monitor.sdb,17799,ee95cf476d14a40439a2908e31fe9ce720d292f3e77c80a2c283f0f39ec9bc86
full_core_rtl/xsim/xsim.dir/work/work.rlx,27010,d5c2cf8281736201044583c6783ce0a68e091eb9ee9a189420a87d7391d5f006
full_core_rtl/xsim/xsim.jou,994,4d65e5565379556cf3ba485760a042f172db592eec8af9ff94f99c562da357e6
full_core_rtl/xsim/xsim_186882.backup.jou,962,24cb04b74e495a6882a936887645d0e128511c6a421048f74771f2da938b12b7
full_core_rtl/xsim/xsim_186945.backup.jou,946,9da92b652eaec44411bea06b34ba84f9d50de9281114b74ff97542c89718d7ce
full_core_rtl/xsim/xsim_187003.backup.jou,978,e2bdacee124b10ff984db7bef5d82abc90f8019691264d9ecc3cbb655b1a1a04
full_core_rtl/xsim/xsim_187071.backup.jou,1004,1274e3fb24aefa05ab1539609ccb9a5a535b19dc7bebb2ff979c2f6a24010440
full_core_rtl/xsim/xsim_187133.backup.jou,1002,2a5c008c424d548f11bcea59fe96d54f78b600d629407e5a737e81dbf699b129
full_core_rtl/xsim/xvlog.log,917,0e62fefb322c54db23d388e5af57505afe9d64a1ffe5e0838ae6f27c6a03bdfe
full_core_rtl/xsim/xvlog.pb,1643,b17177a1cbab2ff4d7e5ac34ef5bde35577efd9ead60f4fe8b19c037a37e88e3
full_core_rtl_hashes.txt,17146,79e9cc020da5c0725b592a6b239d80a5cadcf1a9e1fb8d109de644dccec9f675
full_core_rtl_logs/branch_not_taken_I3_IMEM_RESPONSE_DELAY_4.log,1956,08cbaba5fe0bc6d30ef5df57c6072bd5e9754a98946a5259b726b1e5a197fe86
full_core_rtl_logs/branch_not_taken_N3_NORMAL_BRANCH_NOT_TAKEN.log,1967,229311219eac33629cf7ede3e705fae28104069a9a04f15d497fbd50632716a7
full_core_rtl_logs/branch_taken_B2_TRACE_STALL_BURST.log,1904,b0f8dab20d4e89fb2beac77c53804324aecfff4ff876c2c2f90b82b0a9265bca
full_core_rtl_logs/branch_taken_B4_TRACE_STALL_AT_BRANCH_COMMIT.log,1970,a5c2468ff2033593432a17f6eeb65727e6b0145f890addd6735f277d6acafacc
full_core_rtl_logs/branch_taken_D6_STORE_DURING_BRANCH_FLUSH.log,1952,d7b829adade9e36115c0491a2919ea4a9c6cd6523d65b24e339e33303ccee58e
full_core_rtl_logs/branch_taken_I5_IMEM_STALE_RESPONSE_AFTER_REDIRECT.log,2006,524fcaa5da256408988430efb0c97154e76be2d0fc6e49a4ccb38939a303b453
full_core_rtl_logs/branch_taken_N2_NORMAL_BRANCH_TAKEN.log,1915,7fa21a9f06206c5235fa50d5421f6f47db1db9b3e788723a6c1a2265a9e60dde
full_core_rtl_logs/branch_taken_P0_RESET_AND_BRANCH_MISPREDICT.log,1964,00c20b526e5f494dd5b85cdcc7697bd31ab2ff234b1703a003eeae5f104e8ead
full_core_rtl_logs/branch_taken_P3_EXCEPTION_AND_BRANCH_MISPREDICT.log,1988,3c2919f4bc37a5fad9cc52bb7d5c40b15d552447700c846a8f4650cdb79212d0
full_core_rtl_logs/branch_taken_P7_REDIRECT_AND_IMEM_RESPONSE.log,1958,9b36d44e696e877e6d6cfb82cdfabad519139529bb5c26e994e214621475c1ec
full_core_rtl_logs/branch_taken_R6_RESET_BRANCH_RECOVERY.log,1927,b044b409b483ba56503ed0722b0492999901cb5243f4d7f39c47b9f1fbb25a40
full_core_rtl_logs/hls_generation.log,317603,66167d2a68796bc8e58a66bfce336a75831faba4c4309559eec40c7b4bcc3179
full_core_rtl_logs/independent_alu_B0_TRACE_READY_ALWAYS.log,1931,cf85bfe774b109afae03667ea87cb9a3effb33a7d6eb56d1478bd96ca715a5ce
full_core_rtl_logs/independent_alu_B5_TRACE_STALL_AT_STORE_COMMIT.log,1985,6682125dc6bc7ce9042a90d92f10faf550f42099c7be1b414ac71240a8ef8071
full_core_rtl_logs/independent_alu_D1_STORE_REQ_STALL.log,1913,de29c877d770969c368fb7eb40c729c7a612c80373e3854ab3ca4d83347b1456
full_core_rtl_logs/independent_alu_I0_IMEM_READY_ALWAYS.log,1924,df628df381a86a002e14880ccde0d33eca4d342fab77d123de9a29eb97b2d501
full_core_rtl_logs/independent_alu_I2_IMEM_RESPONSE_DELAY_1.log,1949,79a2d18baaf0fa4f60761f81a803641b561c17e15a34aded246b01eedad755ec
full_core_rtl_logs/independent_alu_I6_IMEM_RESPONSE_DURING_RESET.log,1979,9bd80136ec4d9dd9774cbb51cdb65cf175620850b5b4ecd2be58b161d555b948
full_core_rtl_logs/independent_alu_N0_NORMAL_INDEPENDENT_ALU.log,1954,88ca4235bdade018354ecab6150729c795bbc28f043014b1880e20306d03d2fa
full_core_rtl_logs/independent_alu_P5_COMMIT_AND_TRACE_BACKPRESSURE.log,1997,762aa851877bf497ae653e76d0bfd3a195450483969103e5328aa6d3168d27bd
full_core_rtl_logs/independent_alu_R0_POWER_ON_RESET.log,1905,cce10b38221e939691371ad7d5f3ba69e3075f551afc49f269aceb980463741d
full_core_rtl_logs/independent_alu_R10_RESET_IMMEDIATELY_AFTER_RELEASE.log,2015,01b6803406d9fb1ac7bb23624fe49bceef1b71d17df0be12ab97fb99cb6477a1
full_core_rtl_logs/independent_alu_R1_RESET_FRONTEND_OUTSTANDING.log,1978,e91e3df3552c8f60bc2524d74f6b4c4df03c4c0b348c8f2754bcfe654c1ea883
full_core_rtl_logs/independent_alu_R7_RESET_TRACE_BACKPRESSURE.log,1966,fa5b819862f89772e48a8075b7736a4ff6f0073abebb785eaf76149e872556b9
full_core_rtl_logs/independent_alu_R8_DOUBLE_RUNTIME_RESET.log,1943,187cd00d44dbff8fe5de1b2ec6e09cf73669960b5444cbde57f04408f6e43945
full_core_rtl_logs/independent_alu_R9_RESET_DURING_RESET_INITIALIZATION.log,2021,7cdf3ff25e951d3f6b676cd7d4ef337f536ad570cb3ae72448f6ef1e5c536459
full_core_rtl_logs/load_store_D0_DMEM_READY_ALWAYS.log,1890,2feb1b90044111d9d597886c88fa596abfb9ad715f8e5112210d10fde818f42a
full_core_rtl_logs/load_store_D2_LOAD_REQ_STALL.log,1872,db2a6a9f46730c11c24ab547a074f9ba67034091df6780d93c4a2520643ad3c1
full_core_rtl_logs/load_store_D3_LOAD_RESPONSE_DELAY.log,1902,4aee87ef9a011674e5487c19286bdd44b000081f1484e727bf3b455d4a6c579e
full_core_rtl_logs/load_store_D4_LOAD_RANDOM_DELAY.log,1890,ef8477ce2f44ee6d6e61562c2a7acfc1cdf1697009e0e18b00458b47699e8865
full_core_rtl_logs/load_store_D5_STALE_LOAD_RESPONSE_AFTER_FLUSH.log,1974,32ea4f0fe0afea58f0a6df413e6059b0e5f717ce16140826f98a25921357d16a
full_core_rtl_logs/load_store_D7_DMEM_RESPONSE_DURING_RESET.log,1944,49c90f00d3bbfaae97a18ddfa941e7dc476f3a8a277999dcb5152dcc8cc008b7
full_core_rtl_logs/load_store_N5_NORMAL_LOAD_STORE.log,1889,56c6c80661ccd555a43d5c48f5d284613d8d6f997b2d196defd00cdce205eb95
full_core_rtl_logs/load_store_P1_RESET_AND_LOAD_RESPONSE.log,1926,38e628cbb138f5dfb910b32946f107942a3517bec9a2174888013fd66258c97b
full_core_rtl_logs/load_store_P4_BRANCH_MISPREDICT_AND_LOAD_RESPONSE.log,1998,b5d254438e32ef61acee7c0a40c7c9494b17dfa87e091aede2dd92d74ab182bb
full_core_rtl_logs/load_store_R4_RESET_LOAD_PENDING.log,1895,48a64a56eba53493c3a902351245f6f81e6e2d778e62614e2f1ba343b1424942
full_core_rtl_logs/nested_branch_B3_TRACE_RANDOM_STALL.log,1917,6234d3e4dcd08ea441a254b02e50243f7536011f5861e2149037873cdd00c65c
full_core_rtl_logs/nested_branch_I4_IMEM_RANDOM_DELAY.log,1910,5a979fdfeb8e6b0ba9571dcfdf44490bfc8e4ad90efee3af475cd4c462ddb9f2
full_core_rtl_logs/nested_branch_N4_NORMAL_NESTED_BRANCH.log,1928,51426e3a136cd67c8488af49f398dbe37753e1b65d44f394841780d2c0de8831
full_core_rtl_logs/raw_chain_B1_TRACE_STALL_1.log,1859,ffe51582aafb0443b123bc02d7e777d52acf12565cbcf6e99b13a6127b2e6f9c
full_core_rtl_logs/raw_chain_I1_IMEM_REQ_STALL.log,1865,bab9990908f170e6ebeea6198ef45e922510424c6c55ebb8a0b4924218a04ba2
full_core_rtl_logs/raw_chain_N1_NORMAL_RAW_CHAIN.log,1875,b34e9782e4971387cc5f821b78094d5840074d12ed23ebdc5ae42b0065d15cbc
full_core_rtl_logs/raw_chain_R2_RESET_ROB_NONEMPTY.log,1888,0fd8a8e871fdc0bffcb989faa94ada196555f4e68713b6f5a85d812f6fdf183e
full_core_rtl_logs/raw_chain_R3_RESET_IQ_NONEMPTY.log,1882,1e1f9271741c425dbfef4eaeeca614ba2fc4ddd1f16c5da6dab960432abe9210
full_core_rtl_logs/suite/branch_not_taken_I3_IMEM_RESPONSE_DELAY_4.stdout.log,1497,c6388b752959a97338b726be76e29c64268bf704124762a9058532f79b740a88
full_core_rtl_logs/suite/branch_not_taken_N3_NORMAL_BRANCH_NOT_TAKEN.stdout.log,1504,ca09c96de7e933a675f9a8a94ac22bed5d69ecc200bfb87f092177b10ef83e80
full_core_rtl_logs/suite/branch_taken_B2_TRACE_STALL_BURST.stdout.log,1461,404f1f072b4d71cee6a2e81e515c808b6d9fd7f0d7753b5b402aa18af1a4ec46
full_core_rtl_logs/suite/branch_taken_B4_TRACE_STALL_AT_BRANCH_COMMIT.stdout.log,1505,f76278d7186977af42eb1f81f4711627ac2c14b8d5789a9fa6c8d724bc225620
full_core_rtl_logs/suite/branch_taken_D6_STORE_DURING_BRANCH_FLUSH.stdout.log,1493,972226fe4bde65e3350abf34ee1de49b184c28680cb482eb74a1509199380944
full_core_rtl_logs/suite/branch_taken_I5_IMEM_STALE_RESPONSE_AFTER_REDIRECT.stdout.log,1529,94cf346435554f6cd95c9d5f71e3f47c7bcc060103e2c951f9ba50089dcd292a
full_core_rtl_logs/suite/branch_taken_N2_NORMAL_BRANCH_TAKEN.stdout.log,1468,66180894258df26a127c19c0f1e97bf0d0d9db91f25cdfbcafa9a6b39d1e8050
full_core_rtl_logs/suite/branch_taken_P0_RESET_AND_BRANCH_MISPREDICT.stdout.log,1501,1148adf65c052c52d859d67b10dcc87ec9d2b52f2be2018768e77fca642ac4e0
full_core_rtl_logs/suite/branch_taken_P3_EXCEPTION_AND_BRANCH_MISPREDICT.stdout.log,1517,def63cd2a7c454a1284e15a80224c0ac092d10e44ebe6e7d2de940fd173efc3f
full_core_rtl_logs/suite/branch_taken_P7_REDIRECT_AND_IMEM_RESPONSE.stdout.log,1497,b8d2635314012c5d64b79e197f8ca97effb1d1b25543794c40a5b48db10701fd
full_core_rtl_logs/suite/branch_taken_R6_RESET_BRANCH_RECOVERY.stdout.log,1476,244b33d7090121cc15891afca86c1a60b648b2a85ce25f8c2dff2d85774a3585
full_core_rtl_logs/suite/independent_alu_B0_TRACE_READY_ALWAYS.stdout.log,1480,e0868b7ebe88cd465b5308b98a0808ed9e784bf5d6fee7f6844a3a1f253099ca
full_core_rtl_logs/suite/independent_alu_B5_TRACE_STALL_AT_STORE_COMMIT.stdout.log,1516,418f7887e8eb2f1620ab2b3ce42cbe1a55c6780399b9d089d2ea619c4de2b7f0
full_core_rtl_logs/suite/independent_alu_D1_STORE_REQ_STALL.stdout.log,1468,edc20220f212bd63ea424954141a5688966343ccdacdd20083849abe62eac93b
full_core_rtl_logs/suite/independent_alu_I0_IMEM_READY_ALWAYS.stdout.log,1476,79de7ce0977c2b871c410154de70646ffdb7d3717b51561ca491366e599aa3dd
full_core_rtl_logs/suite/independent_alu_I2_IMEM_RESPONSE_DELAY_1.stdout.log,1492,9cfc46fb343243886a654ce873e773d62d469512e5d29b27907f399eb9532dab
full_core_rtl_logs/suite/independent_alu_I6_IMEM_RESPONSE_DURING_RESET.stdout.log,1512,f20c66283fab05148fb7e89c2670a8ad8510b45a4b304b75c01485e8c242d263
full_core_rtl_logs/suite/independent_alu_N0_NORMAL_INDEPENDENT_ALU.stdout.log,1495,0ba4b7689753e15b607f5ca01ba1f322fdb6a6d72e54479cd24f6635ade18836
full_core_rtl_logs/suite/independent_alu_P5_COMMIT_AND_TRACE_BACKPRESSURE.stdout.log,1524,02a5507886a748c6d807134f386a389ea77a5fa58f482e93e203ab71b8a4efd1
full_core_rtl_logs/suite/independent_alu_R0_POWER_ON_RESET.stdout.log,1463,c7e5fb7eb3e451f4cc1e0f19400a85f2bcd646ea8968129d868dccdac518dc93
full_core_rtl_logs/suite/independent_alu_R10_RESET_IMMEDIATELY_AFTER_RELEASE.stdout.log,1536,907084df343c9f2e75364a21eb334ad6e0422f77e4d5e2a9f48ad6b1752abda7
full_core_rtl_logs/suite/independent_alu_R1_RESET_FRONTEND_OUTSTANDING.stdout.log,1511,383c661433c63032b63c6b0ebd0ccb70052837445172865f7859dd5f6444595e
full_core_rtl_logs/suite/independent_alu_R7_RESET_TRACE_BACKPRESSURE.stdout.log,1503,b787a73882c3c57dec6f67db125af2a46d261362bfd8515eb87d0222e78fac47
full_core_rtl_logs/suite/independent_alu_R8_DOUBLE_RUNTIME_RESET.stdout.log,1488,4f498340064e9a6027bb19e693f0216e5596ecfa4c7b4a310b3e72b2a95f6f5f
full_core_rtl_logs/suite/independent_alu_R9_RESET_DURING_RESET_INITIALIZATION.stdout.log,1540,1facabc6edeed0c8134a99b93093d501e22bcbe439056e2e3fb79c5a964ff552
full_core_rtl_logs/suite/load_store_D0_DMEM_READY_ALWAYS.stdout.log,1451,7e2f63189d571be0144fcc5f3567fe1b9d99f0a19773bff4f99fad82f0322ebf
full_core_rtl_logs/suite/load_store_D2_LOAD_REQ_STALL.stdout.log,1439,f140ce12d6b72a166ae5502f0d59da4bbe5117171ec60fd2e2a239edac515d6d
full_core_rtl_logs/suite/load_store_D3_LOAD_RESPONSE_DELAY.stdout.log,1459,b52070048330aac194070cebda62707c3ee112cd290fb01992b19911f018b5fc
full_core_rtl_logs/suite/load_store_D4_LOAD_RANDOM_DELAY.stdout.log,1451,2b153963078ed65cafc278496b01359e98d0a2c49c8e90c9d51909cfac2d908d
full_core_rtl_logs/suite/load_store_D5_STALE_LOAD_RESPONSE_AFTER_FLUSH.stdout.log,1507,d8ad7ce6884043652e84b2aefd91e434fd3773545c9ca3f559380f3e3ee7f0e5
full_core_rtl_logs/suite/load_store_D7_DMEM_RESPONSE_DURING_RESET.stdout.log,1487,a7b864adce3d0d715c1a4c23dcc318f2e6799138308de0ce0ae03657fcf4de7e
full_core_rtl_logs/suite/load_store_N5_NORMAL_LOAD_STORE.stdout.log,1450,18be1d51d166c429a9bac1d1171bc16344e1da6b59aff9839ea46accbb8bcc5f
full_core_rtl_logs/suite/load_store_P1_RESET_AND_LOAD_RESPONSE.stdout.log,1475,1e4c49079bd33b9417af070238eac3b636647fafa626d914fbe79a9f1278921e
full_core_rtl_logs/suite/load_store_P4_BRANCH_MISPREDICT_AND_LOAD_RESPONSE.stdout.log,1523,b324d04e6d25ed35e50130e463d104fe8a896f818bca55ce5f8e0045fdfde367
full_core_rtl_logs/suite/load_store_R4_RESET_LOAD_PENDING.stdout.log,1454,bbc6e748c99e5646f31ea8baeaf9555301c66cf44876a6bcf052637f98a4b38f
full_core_rtl_logs/suite/nested_branch_B3_TRACE_RANDOM_STALL.stdout.log,1470,5c8bc0c14a83cacd07fdad7dabbf05ef9cdf0c86ae57ed77a73366987de1932f
full_core_rtl_logs/suite/nested_branch_I4_IMEM_RANDOM_DELAY.stdout.log,1466,d17d805e956c03637f5051b063ffa2d8625ecdc9abff939e8a62c2b1125389e2
full_core_rtl_logs/suite/nested_branch_N4_NORMAL_NESTED_BRANCH.stdout.log,1477,e423e0f5ecf8e35738aef66ab2cdafcb8bbe066863e1afc88bc4efd3a4290ab1
full_core_rtl_logs/suite/raw_chain_B1_TRACE_STALL_1.stdout.log,1430,b43adb33ebc4fccc9dd890cdb8b2ee6e6462a5a1438bb431d04399a56324ce70
full_core_rtl_logs/suite/raw_chain_I1_IMEM_REQ_STALL.stdout.log,1434,843660dd40cae1f44aac1806b92a813477c8fe00a8c6f4285d539513247ba39b
full_core_rtl_logs/suite/raw_chain_N1_NORMAL_RAW_CHAIN.stdout.log,1441,184fdd03cd02b66943433ba8e6a3ad891740e68ba2b6785427793538dcb77df3
full_core_rtl_logs/suite/raw_chain_R2_RESET_ROB_NONEMPTY.stdout.log,1449,bd32a96073bf9f6332aa0074515f2e6a96152d1531b966adbdb0e8b655487136
full_core_rtl_logs/suite/raw_chain_R3_RESET_IQ_NONEMPTY.stdout.log,1445,1fc4b9174bb2bea2a8b9090bb286085bc4ec504eb7c96b625e80cce63704b37c
full_core_rtl_logs/suite/tohost_D8_TOHOST_STORE_BACKPRESSURE.stdout.log,1458,5f8fc94fdd97831dce20c24de54ffcdc04963b7d405be1fc4b5eca7b8f082570
full_core_rtl_logs/suite/tohost_N6_NORMAL_TOHOST.stdout.log,1409,60d4df5beb4721a6eeb8409671d3dcd636c501fe701162908f629c34ac2ee90b
full_core_rtl_logs/suite/tohost_P2_RESET_AND_STORE_ACCEPT.stdout.log,1448,d759d3d2c67d44ac3db1c1b4dae846fecbabc5041332d222959dd4dccf9d20a4
full_core_rtl_logs/suite/tohost_P6_COMMIT_AND_STORE_BACKPRESSURE.stdout.log,1474,89efde46cd236432870c2c6bb36bf638eec71f733a69306406407e385993f922
full_core_rtl_logs/suite/tohost_R11_RESET_AFTER_TOHOST_CLEAR_AND_RESTART.stdout.log,1508,5469f7c3b42f482d376f3452a3303c3373455939e357f65b18bcb81ce0f020f7
full_core_rtl_logs/suite/tohost_R5_RESET_STORE_PENDING.stdout.log,1435,6fbc04fcc2a453cc9439c7d5f3f5b861494d58761b2365f8783618b04bd00eb0
full_core_rtl_logs/tohost_D8_TOHOST_STORE_BACKPRESSURE.log,1908,1bac0331606358c19c19da0b0080e760f1e005faf28a12b43b2fff108a2f145e
full_core_rtl_logs/tohost_N6_NORMAL_TOHOST.log,1835,4d9e8430fb701f4c53497468affb77ef26a6009a58ac4fce337e4346fd158e74
full_core_rtl_logs/tohost_P2_RESET_AND_STORE_ACCEPT.log,1892,815094e3470b28e27b14b39563e2ec6a861e17ebdcabc355bf850b130998771d
full_core_rtl_logs/tohost_P6_COMMIT_AND_STORE_BACKPRESSURE.log,1932,fa6517f32aa7e733aa8846f56c71a4513e93573e66b90e406cd3ad19325600eb
full_core_rtl_logs/tohost_R11_RESET_AFTER_TOHOST_CLEAR_AND_RESTART.log,1982,533bcdf14c26b953b39ff1b449326216d8424b439a804ac32a17e5ff19fe82f8
full_core_rtl_logs/tohost_R5_RESET_STORE_PENDING.log,1873,1a61ccabaea0797e6680b934eb09f5562d8f1e13ce0c9765e9fa6e30a185b5ec
full_core_rtl_logs/xsim_build.log,26986,01a13a86c5e64317ff1a3007a4a41bf760239846da2a06f9af403318811432d5
full_core_rtl_matrix.csv,19220,7fa00cb47f3a8b594103f88d14a3b5b85828c296b19c65cfbb2f457e5872b6c2
full_core_rtl_status.csv,10129,144140009821e5ae48e5a5ab3a48772030cf7e2c01a9b591df43322fa8493a50
full_core_rtl_summary.json,1410,2736997bdbcfcaf8ff8c3e30d2be9ac06ce0ded99273b2d853bcf0a54e8884f1
full_core_source_hashes.txt,1779,74066f7617431d5177a7c0d8322fcf6e1df23fb18b637db4736cf5f50dcfa09c
full_core_status_ports.csv,185,1b9cf64a8d2b8c98a7e6b6df593510a45e87f939816826838e0786c48ce96d09
git_status_before.txt,694,38f20bb1cf1a4ca0e87351e2d2150d6e7068a4c587d02249c9f6dbaa418c2688
normalized_rtl_traces/branch_not_taken_I3_IMEM_RESPONSE_DELAY_4.jsonl,2674,2f972068330652f6af44c04550faa0ccd5fdf68676eda21f83cac30024e42436
normalized_rtl_traces/branch_not_taken_N3_NORMAL_BRANCH_NOT_TAKEN.jsonl,2674,2f972068330652f6af44c04550faa0ccd5fdf68676eda21f83cac30024e42436
normalized_rtl_traces/branch_taken_B2_TRACE_STALL_BURST.jsonl,2439,3f262dcc26da0305a9b862e104569437ca467032a1fb1a59f4800254896192d7
normalized_rtl_traces/branch_taken_B4_TRACE_STALL_AT_BRANCH_COMMIT.jsonl,2439,3f262dcc26da0305a9b862e104569437ca467032a1fb1a59f4800254896192d7
normalized_rtl_traces/branch_taken_D6_STORE_DURING_BRANCH_FLUSH.jsonl,2439,3f262dcc26da0305a9b862e104569437ca467032a1fb1a59f4800254896192d7
normalized_rtl_traces/branch_taken_I5_IMEM_STALE_RESPONSE_AFTER_REDIRECT.jsonl,2439,3f262dcc26da0305a9b862e104569437ca467032a1fb1a59f4800254896192d7
normalized_rtl_traces/branch_taken_N2_NORMAL_BRANCH_TAKEN.jsonl,2439,3f262dcc26da0305a9b862e104569437ca467032a1fb1a59f4800254896192d7
normalized_rtl_traces/branch_taken_P0_RESET_AND_BRANCH_MISPREDICT.jsonl,2439,3f262dcc26da0305a9b862e104569437ca467032a1fb1a59f4800254896192d7
normalized_rtl_traces/branch_taken_P3_EXCEPTION_AND_BRANCH_MISPREDICT.jsonl,2439,3f262dcc26da0305a9b862e104569437ca467032a1fb1a59f4800254896192d7
normalized_rtl_traces/branch_taken_P7_REDIRECT_AND_IMEM_RESPONSE.jsonl,2439,3f262dcc26da0305a9b862e104569437ca467032a1fb1a59f4800254896192d7
normalized_rtl_traces/branch_taken_R6_RESET_BRANCH_RECOVERY.jsonl,2439,3f262dcc26da0305a9b862e104569437ca467032a1fb1a59f4800254896192d7
normalized_rtl_traces/independent_alu_B0_TRACE_READY_ALWAYS.jsonl,2199,c08865411dbf6d44968e2a69036fb53604e088609cf07ba9aa47282397d6a58a
normalized_rtl_traces/independent_alu_B5_TRACE_STALL_AT_STORE_COMMIT.jsonl,2199,c08865411dbf6d44968e2a69036fb53604e088609cf07ba9aa47282397d6a58a
normalized_rtl_traces/independent_alu_D1_STORE_REQ_STALL.jsonl,2199,ab412efe7edd176fda627a50d5c00856aca10e8e5f541335d2d787278551b282
normalized_rtl_traces/independent_alu_I0_IMEM_READY_ALWAYS.jsonl,2199,c08865411dbf6d44968e2a69036fb53604e088609cf07ba9aa47282397d6a58a
normalized_rtl_traces/independent_alu_I2_IMEM_RESPONSE_DELAY_1.jsonl,2199,c08865411dbf6d44968e2a69036fb53604e088609cf07ba9aa47282397d6a58a
normalized_rtl_traces/independent_alu_I6_IMEM_RESPONSE_DURING_RESET.jsonl,2199,c08865411dbf6d44968e2a69036fb53604e088609cf07ba9aa47282397d6a58a
normalized_rtl_traces/independent_alu_N0_NORMAL_INDEPENDENT_ALU.jsonl,2199,c08865411dbf6d44968e2a69036fb53604e088609cf07ba9aa47282397d6a58a
normalized_rtl_traces/independent_alu_P5_COMMIT_AND_TRACE_BACKPRESSURE.jsonl,2199,c08865411dbf6d44968e2a69036fb53604e088609cf07ba9aa47282397d6a58a
normalized_rtl_traces/independent_alu_R0_POWER_ON_RESET.jsonl,2199,c08865411dbf6d44968e2a69036fb53604e088609cf07ba9aa47282397d6a58a
normalized_rtl_traces/independent_alu_R10_RESET_IMMEDIATELY_AFTER_RELEASE.jsonl,2199,c08865411dbf6d44968e2a69036fb53604e088609cf07ba9aa47282397d6a58a
normalized_rtl_traces/independent_alu_R1_RESET_FRONTEND_OUTSTANDING.jsonl,2199,c08865411dbf6d44968e2a69036fb53604e088609cf07ba9aa47282397d6a58a
normalized_rtl_traces/independent_alu_R7_RESET_TRACE_BACKPRESSURE.jsonl,2199,c08865411dbf6d44968e2a69036fb53604e088609cf07ba9aa47282397d6a58a
normalized_rtl_traces/independent_alu_R8_DOUBLE_RUNTIME_RESET.jsonl,2199,c08865411dbf6d44968e2a69036fb53604e088609cf07ba9aa47282397d6a58a
normalized_rtl_traces/independent_alu_R9_RESET_DURING_RESET_INITIALIZATION.jsonl,2199,c08865411dbf6d44968e2a69036fb53604e088609cf07ba9aa47282397d6a58a
normalized_rtl_traces/load_store_D0_DMEM_READY_ALWAYS.jsonl,2456,3943c728bf2e7ea706566e415cd9ffa931f5aee481bb4726279ad77a83c3eb08
normalized_rtl_traces/load_store_D2_LOAD_REQ_STALL.jsonl,2456,9dc069db66ab36a5d70da21a2c94b18569f373b28b465e9ebd0908ceb19b2145
normalized_rtl_traces/load_store_D3_LOAD_RESPONSE_DELAY.jsonl,2456,3943c728bf2e7ea706566e415cd9ffa931f5aee481bb4726279ad77a83c3eb08
normalized_rtl_traces/load_store_D4_LOAD_RANDOM_DELAY.jsonl,2456,3943c728bf2e7ea706566e415cd9ffa931f5aee481bb4726279ad77a83c3eb08
normalized_rtl_traces/load_store_D5_STALE_LOAD_RESPONSE_AFTER_FLUSH.jsonl,2456,3943c728bf2e7ea706566e415cd9ffa931f5aee481bb4726279ad77a83c3eb08
normalized_rtl_traces/load_store_D7_DMEM_RESPONSE_DURING_RESET.jsonl,2456,3943c728bf2e7ea706566e415cd9ffa931f5aee481bb4726279ad77a83c3eb08
normalized_rtl_traces/load_store_N5_NORMAL_LOAD_STORE.jsonl,2456,3943c728bf2e7ea706566e415cd9ffa931f5aee481bb4726279ad77a83c3eb08
normalized_rtl_traces/load_store_P1_RESET_AND_LOAD_RESPONSE.jsonl,2456,3943c728bf2e7ea706566e415cd9ffa931f5aee481bb4726279ad77a83c3eb08
normalized_rtl_traces/load_store_P4_BRANCH_MISPREDICT_AND_LOAD_RESPONSE.jsonl,2456,3943c728bf2e7ea706566e415cd9ffa931f5aee481bb4726279ad77a83c3eb08
normalized_rtl_traces/load_store_R4_RESET_LOAD_PENDING.jsonl,2456,3943c728bf2e7ea706566e415cd9ffa931f5aee481bb4726279ad77a83c3eb08
normalized_rtl_traces/nested_branch_B3_TRACE_RANDOM_STALL.jsonl,2677,1b00c26591246191ac5ab965eb3fa9c044875a49e6bdfeae5bd953542bfe1207
normalized_rtl_traces/nested_branch_I4_IMEM_RANDOM_DELAY.jsonl,2677,1b00c26591246191ac5ab965eb3fa9c044875a49e6bdfeae5bd953542bfe1207
normalized_rtl_traces/nested_branch_N4_NORMAL_NESTED_BRANCH.jsonl,2677,1b00c26591246191ac5ab965eb3fa9c044875a49e6bdfeae5bd953542bfe1207
normalized_rtl_traces/raw_chain_B1_TRACE_STALL_1.jsonl,2199,eea02ad5a960161b4d082c16df8e98bda68b98e42bf3c7a37f0d174aef61c751
normalized_rtl_traces/raw_chain_I1_IMEM_REQ_STALL.jsonl,2199,eea02ad5a960161b4d082c16df8e98bda68b98e42bf3c7a37f0d174aef61c751
normalized_rtl_traces/raw_chain_N1_NORMAL_RAW_CHAIN.jsonl,2199,eea02ad5a960161b4d082c16df8e98bda68b98e42bf3c7a37f0d174aef61c751
normalized_rtl_traces/raw_chain_R2_RESET_ROB_NONEMPTY.jsonl,2199,eea02ad5a960161b4d082c16df8e98bda68b98e42bf3c7a37f0d174aef61c751
normalized_rtl_traces/raw_chain_R3_RESET_IQ_NONEMPTY.jsonl,2199,eea02ad5a960161b4d082c16df8e98bda68b98e42bf3c7a37f0d174aef61c751
normalized_rtl_traces/tohost_D8_TOHOST_STORE_BACKPRESSURE.jsonl,1029,4a43145cf446996107126ca47ce10573fcad3b71307963c464f2e3be2022c1c8
normalized_rtl_traces/tohost_N6_NORMAL_TOHOST.jsonl,1029,4dd081a02c85fcb8ee7844793835570e207658622c34a11f4e8f36f111b16c99
normalized_rtl_traces/tohost_P2_RESET_AND_STORE_ACCEPT.jsonl,1029,4a43145cf446996107126ca47ce10573fcad3b71307963c464f2e3be2022c1c8
normalized_rtl_traces/tohost_P6_COMMIT_AND_STORE_BACKPRESSURE.jsonl,1029,4a43145cf446996107126ca47ce10573fcad3b71307963c464f2e3be2022c1c8
normalized_rtl_traces/tohost_R11_RESET_AFTER_TOHOST_CLEAR_AND_RESTART.jsonl,1029,4dd081a02c85fcb8ee7844793835570e207658622c34a11f4e8f36f111b16c99
normalized_rtl_traces/tohost_R5_RESET_STORE_PENDING.jsonl,1029,4a43145cf446996107126ca47ce10573fcad3b71307963c464f2e3be2022c1c8
prf_after.csv,695,8ed36cf153f84b0f547189723c2cdcc4494660f55f8f718f6b9c5a6cb61858c1
prf_before.csv,720,247309d658ebfc18e77172eaea698ac19cb995a414f67c4fc75b4426f474f945
product_rtl_binding.json,1104,ee4b9129a90015c73fae3bb856b6f4051a8a9cd7d36bb27f2a6f3e89163dca2a
product_source_hashes.txt,1779,74066f7617431d5177a7c0d8322fcf6e1df23fb18b637db4736cf5f50dcfa09c
regression/logs/w4a_completion_interface_tests.log,1558,124721e90f9db417bb71889d60bca28aeb0ec0833d2330ebed31fb54a1dac9ae
regression/logs/w4a_completion_interface_tests_compile.log,0,e3b0c44298fc1c149afbf4c8996fb92427ae41e4649b934ca495991b7852b855
regression/w3_preservation/artifact_hashes.csv,7977,18a4c9286cb0f9e2cc81936a977308490d977b8bb313ab5132f13112c003e316
regression/w3_preservation/full_program_architectural_diff.csv,2427,d25515447134e17342ef673ef61be38a00bb3c6a78111417cf77edfbbad4b3f4
regression/w3_preservation/full_program_architectural_diff.md,993,2a072e422888014609e5df6a966b482167612fb15650bd4abf8dcc9c1ec9056b
regression/w3_preservation/hls_traces/branch_not_taken_hls_cpp_full.jsonl,6195,d1df090c1b93c412946392b2f34bf93b33425fbf669c8b2549650f5776b80c28
regression/w3_preservation/hls_traces/branch_not_taken_hls_csim_full.jsonl,6209,6094fa56d0d137b207abcdf55f3fa7108c629b2409f58ef14a914681b286fdcb
regression/w3_preservation/hls_traces/branch_taken_hls_cpp_full.jsonl,5665,e154c3c83da61a99d9766b871bbfcf39d68109dad0a4160acebfd49d20d03f7e
regression/w3_preservation/hls_traces/branch_taken_hls_csim_full.jsonl,5678,f00f644b7e3bb11de541b4571c84b15bd0b4cc1441bef3ac23285332e58d9db5
regression/w3_preservation/hls_traces/independent_alu_hls_cpp_full.jsonl,5240,22a72e98e3098c8402b829cee6b9c7c0cde6b082c1415245baea080c3f79660f
regression/w3_preservation/hls_traces/independent_alu_hls_csim_full.jsonl,5252,364a640c2d67e35193cf77518c3d0f767be60230306a1eda04cc8d42be4b6e72
regression/w3_preservation/hls_traces/load_store_hls_cpp_full.jsonl,5707,04c638f1fa0080cacf9abdcc4fd4a6d00372f8d2653a448374089e1a7dbfc532
regression/w3_preservation/hls_traces/load_store_hls_csim_full.jsonl,5720,ae7d7d8b2bebe3790876493e5c5de56dfd3d70504cf9368689a46b169f10c290
regression/w3_preservation/hls_traces/nested_branch_hls_cpp_full.jsonl,6140,6bc8c6b756132bb8eab0db7885eb2abe2220376e945cd48962dcdbf71138ff40
regression/w3_preservation/hls_traces/nested_branch_hls_csim_full.jsonl,6154,75e4a2e42d340cd839de2c040611e0a0f3ff5cd39edeefd6d3c03b8c525cecc2
regression/w3_preservation/hls_traces/raw_chain_hls_cpp_full.jsonl,5169,506ce2aaea3772a39a450d35a62ad6832256bb4f3678cd75afbd231a78a360c6
regression/w3_preservation/hls_traces/raw_chain_hls_csim_full.jsonl,5181,189fb5199d0e054450a671d64c5ec94323b4b9ebc0dad02bd3ff473a07fdfd80
regression/w3_preservation/hls_traces/tohost_hls_cpp_full.jsonl,2817,49acd08edd1d99dd23f71fb9dd707659f58114429147b1122d0f7abc37f8c907
regression/w3_preservation/hls_traces/tohost_hls_csim_full.jsonl,2824,e5cfc8806b8bc06305ba93c2ad6e0c00890d03a645e1d248edfefc8c921f6d3a
regression/w3_preservation/logs/branch_snapshot_random_tests.log,5481,e090f56d75582bf4c4e80424f5f7261c9d363d36c1dfd2ac413823bdbe9248c7
regression/w3_preservation/logs/branch_snapshot_random_tests_compile.log,0,e3b0c44298fc1c149afbf4c8996fb92427ae41e4649b934ca495991b7852b855
regression/w3_preservation/logs/branch_snapshot_tests.log,2598,412affea88bd48d63154c7f06ecc0f2cd6bd1ca16df3f49c787771dcfed1a6dd
regression/w3_preservation/logs/branch_snapshot_tests_compile.log,0,e3b0c44298fc1c149afbf4c8996fb92427ae41e4649b934ca495991b7852b855
regression/w3_preservation/logs/core_top_compile.log,0,e3b0c44298fc1c149afbf4c8996fb92427ae41e4649b934ca495991b7852b855
regression/w3_preservation/logs/directed_tests.log,1926,b2ac6f5e20c5e43b073ed88aeedf8967e5679dd4a8f7b8e083b8790db2931ab3
regression/w3_preservation/logs/directed_tests_compile.log,0,e3b0c44298fc1c149afbf4c8996fb92427ae41e4649b934ca495991b7852b855
regression/w3_preservation/logs/dispatch_retry_tests.log,997,4cd3a0a4df0d4e12c2c46a1b39ec147f7b8ce926b39e1d9ea246fb4dad06140d
regression/w3_preservation/logs/dispatch_retry_tests_compile.log,0,e3b0c44298fc1c149afbf4c8996fb92427ae41e4649b934ca495991b7852b855
regression/w3_preservation/logs/full_program_arch_diff.log,617,ecea52d97d49ffc14491bf675f1046981efdc5f5ebd468007f27bc020fe2f9c4
regression/w3_preservation/logs/gate1_regression_tests.log,1085,d02ec2385a6480b1ddab2a86d20047490e56fc30895e7bcc78df6ef0326fd061
regression/w3_preservation/logs/gate1_regression_tests_compile.log,0,e3b0c44298fc1c149afbf4c8996fb92427ae41e4649b934ca495991b7852b855
regression/w3_preservation/logs/gate4_w1_lane_interface_tests.log,39,d43bd0e56fd747f34a18a95dff1f25cc218441b617b7f1f4289f2ca037f0d1b3
regression/w3_preservation/logs/gate4_w1_lane_interface_tests_compile.log,0,e3b0c44298fc1c149afbf4c8996fb92427ae41e4649b934ca495991b7852b855
regression/w3_preservation/logs/generate_merged.log,76,6fc3a928b6566ea20028d081d48f312b65c43821625935202675457ba32fcfd8
regression/w3_preservation/logs/hls_cpp_trace.log,1129,f5b878c73c7f3042bf574b6fbcd88732cb6d0326aad46c3f93f1206b6627aa7d
regression/w3_preservation/logs/hls_csim_trace.log,8468,920fe6857651d59bd9603918b1eedd79a7523622ccc599ecff89cd856550dc36
regression/w3_preservation/logs/hls_prefix_trace_tb_compile.log,0,e3b0c44298fc1c149afbf4c8996fb92427ae41e4649b934ca495991b7852b855
regression/w3_preservation/logs/iq_compaction_tests.log,905,e4ee91f1845a638ac64d9058c794f5888dabf2abaea87af05949432b7c260bda
regression/w3_preservation/logs/iq_compaction_tests_compile.log,0,e3b0c44298fc1c149afbf4c8996fb92427ae41e4649b934ca495991b7852b855
regression/w3_preservation/logs/lsu_minimal_tests.log,1131,74df03b790dbf3842ce18c4087b96631ee38b42f49881781d8320784164f90c9
regression/w3_preservation/logs/lsu_minimal_tests_compile.log,0,e3b0c44298fc1c149afbf4c8996fb92427ae41e4649b934ca495991b7852b855
regression/w3_preservation/logs/merged_compile.log,0,e3b0c44298fc1c149afbf4c8996fb92427ae41e4649b934ca495991b7852b855
regression/w3_preservation/logs/partial_order.log,352,76bf81b7b6c371373aa4cd2dcff7df1cf2e6f67aa5d9531eacab5a1b138f93ad
regression/w3_preservation/logs/partial_order_compile.log,0,e3b0c44298fc1c149afbf4c8996fb92427ae41e4649b934ca495991b7852b855
regression/w3_preservation/logs/reset_architecture_pipelined_tests.log,1174,7b0ae4133dd0d4d0b9846969e267ccb39d8f10ad780816a159f5f01bac4e94e8
regression/w3_preservation/logs/reset_architecture_pipelined_tests_compile.log,0,e3b0c44298fc1c149afbf4c8996fb92427ae41e4649b934ca495991b7852b855
regression/w3_preservation/logs/reset_architecture_tests.log,1174,7b0ae4133dd0d4d0b9846969e267ccb39d8f10ad780816a159f5f01bac4e94e8
regression/w3_preservation/logs/reset_architecture_tests_compile.log,0,e3b0c44298fc1c149afbf4c8996fb92427ae41e4649b934ca495991b7852b855
regression/w3_preservation/logs/synth_tops_compile.log,0,e3b0c44298fc1c149afbf4c8996fb92427ae41e4649b934ca495991b7852b855
regression/w3_preservation/logs/w2_dual_grant_random_tests.log,332,23fa106061440c708e3bb87fa4f8bd528437683c1b589d260ab7eb7c51d6b8ec
regression/w3_preservation/logs/w2_dual_grant_random_tests_compile.log,0,e3b0c44298fc1c149afbf4c8996fb92427ae41e4649b934ca495991b7852b855
regression/w3_preservation/logs/w2_dual_grant_tests.log,2306,227fcb5487f74b851a3ff98b701182bddc679883fa5e7e67ae0afb626ef17c55
regression/w3_preservation/logs/w2_dual_grant_tests_compile.log,0,e3b0c44298fc1c149afbf4c8996fb92427ae41e4649b934ca495991b7852b855
regression/w3_preservation/logs/w3_completion_buffer_tests.log,1428,717d3a1d0cb279d72df7523d92f3baed4e65c00d889a09c8ff2e499da2c885ae
regression/w3_preservation/logs/w3_completion_buffer_tests_compile.log,0,e3b0c44298fc1c149afbf4c8996fb92427ae41e4649b934ca495991b7852b855
regression/w3_preservation/logs/w3_dual_execute_random_tests.log,1422,44d60c45e311ae5d223dd297296f749f0b76072add79cbe87a01b73217904f2d
regression/w3_preservation/logs/w3_dual_execute_random_tests_compile.log,0,e3b0c44298fc1c149afbf4c8996fb92427ae41e4649b934ca495991b7852b855
regression/w3_preservation/logs/w3_dual_execute_tests.log,1182,1d327f712a755cbbae5c78ef0d3d38c3fe275320aec5a214a40001194c1bd668
regression/w3_preservation/logs/w3_dual_execute_tests_compile.log,0,e3b0c44298fc1c149afbf4c8996fb92427ae41e4649b934ca495991b7852b855
regression/w3_preservation/normalized/branch_not_taken_hls_cpp.jsonl,4445,350407cf41dc1ebe3f9a12592680ec1352d553e4f43182979efc7ea744c41150
regression/w3_preservation/normalized/branch_not_taken_hls_csim.jsonl,4457,f6871df59f3e037a49062bf93c351985b2fad0fa4ed4ee8142ab9ced6205ca3e
regression/w3_preservation/normalized/branch_taken_hls_cpp.jsonl,4016,e4d7f0f5f96a4b50d9c69ca51d9de07ccab9246c3272faa9e302f843f7623b23
regression/w3_preservation/normalized/branch_taken_hls_csim.jsonl,4027,b6649bcb9f74dc22bd5fef9d56b50af28a513f7de0e6d30ed27999f23637f3d8
regression/w3_preservation/normalized/independent_alu_hls_cpp.jsonl,3679,71adc87c59cb6edbf465cfaad836d0214f4d3ea2ac63ad9f01c47d1472dd8071
regression/w3_preservation/normalized/independent_alu_hls_csim.jsonl,3689,6e7b8232e79a3bb2a2cd452f3b406cb8dbbd539ed73f8d03fb5384cbf112d0ff
regression/w3_preservation/normalized/load_store_hls_cpp.jsonl,3257,a48f4627d258d8a0cf40630dbb71064e7b53343e70f688cb879d405f3ce42d76
regression/w3_preservation/normalized/load_store_hls_csim.jsonl,3266,0b1d4c326df705227058808b20f734d8ff2da72bac428325d00980b2848b8e92
regression/w3_preservation/normalized/nested_branch_hls_cpp.jsonl,4396,4bdab327c666cfa4119d3e4a11d69e76f36da09b3d94492a8d649fd9049d1540
regression/w3_preservation/normalized/nested_branch_hls_csim.jsonl,4408,124928d1975d50b924a7c4ced60e519183c5170bca33170fda4e9b14847a37ca
regression/w3_preservation/normalized/raw_chain_hls_cpp.jsonl,3620,a188ba0bc66588b2a3c0f6bd9d5a16e825d396539e3d4a7ba47fc4fbe5179c4d
regression/w3_preservation/normalized/raw_chain_hls_csim.jsonl,3630,5d1b84490e3986039b0b210b29afb098ff9945e53d444b9ad953580feb42028f
regression/w3_preservation/normalized/tohost_hls_cpp.jsonl,1740,6521bcb1a7f07d2157eebb335535e3f4ff43a3845445d131e83df916c2cb6a8e
regression/w3_preservation/normalized/tohost_hls_csim.jsonl,1745,d741ec3c43978df9803f9425f421e0d66c1968d773c946b91ede5d14d032c472
regression/w3_preservation/normalized_trace_diff.csv,754,85213291a1366f3134fb26fbe6a232654167c0d09b55c80180bf4917410040c0
regression/w3_preservation/random_metrics.csv,3490,4e9c2fa0dedaa89d2bd9cb84fdb4611a5487c86a18a5c50c9d1788074b10186c
regression/w3_preservation/regression_after.md,918,98cba91bb7f8f2786c49da8035e03e0edc545f1fda3affa1fb68319e0a2052b7
regression/w3_preservation/source_hashes_after.txt,4324,057023786a778492993e22c6bbdd73b01f53fbc77016fe5ac51f42f8ab09925e
regression/w3_preservation/suite_results.csv,1962,b23bfade0c8ae8e4850950fefdf6ad76400e8e94f8511cbae184c9bb3434164c
regression/w3_preservation/trace_comparison.csv,1258,4016554699152649cdeabddeadde4e79050068f5f0dc871e50cdd23713b7a671
regression/w4b/logs/w4a_completion_interface_tests.log,1558,124721e90f9db417bb71889d60bca28aeb0ec0833d2330ebed31fb54a1dac9ae
regression/w4b/logs/w4a_completion_interface_tests_compile.log,0,e3b0c44298fc1c149afbf4c8996fb92427ae41e4649b934ca495991b7852b855
regression/w4b/logs/w4a_random_diagnostic.log,1641,54bfcf891c0d116dff008c973d65886ac4b2e07484aaabd6333e22c92da3f140
regression/w4b/logs/w4a_random_diagnostic_compile.log,0,e3b0c44298fc1c149afbf4c8996fb92427ae41e4649b934ca495991b7852b855
regression/w4b/logs/w4b_multi_rob_complete_tests.log,1472,a64b32cf73c22ca2492ea162d66c03d0321a2b4ce66ac9a5d4e0e2aa3437d764
regression/w4b/logs/w4b_multi_rob_complete_tests_compile.log,0,e3b0c44298fc1c149afbf4c8996fb92427ae41e4649b934ca495991b7852b855
regression/w4b/product_full/artifact_hashes.csv,7977,05b4676af9d969f522bb1214e12914f5e3a0063a36fa0e7375e2e35ec632ee57
regression/w4b/product_full/full_program_architectural_diff.csv,2427,d25515447134e17342ef673ef61be38a00bb3c6a78111417cf77edfbbad4b3f4
regression/w4b/product_full/full_program_architectural_diff.md,993,2a072e422888014609e5df6a966b482167612fb15650bd4abf8dcc9c1ec9056b
regression/w4b/product_full/hls_traces/branch_not_taken_hls_cpp_full.jsonl,6195,d1df090c1b93c412946392b2f34bf93b33425fbf669c8b2549650f5776b80c28
regression/w4b/product_full/hls_traces/branch_not_taken_hls_csim_full.jsonl,6209,6094fa56d0d137b207abcdf55f3fa7108c629b2409f58ef14a914681b286fdcb
regression/w4b/product_full/hls_traces/branch_taken_hls_cpp_full.jsonl,5665,e154c3c83da61a99d9766b871bbfcf39d68109dad0a4160acebfd49d20d03f7e
regression/w4b/product_full/hls_traces/branch_taken_hls_csim_full.jsonl,5678,f00f644b7e3bb11de541b4571c84b15bd0b4cc1441bef3ac23285332e58d9db5
regression/w4b/product_full/hls_traces/independent_alu_hls_cpp_full.jsonl,5240,22a72e98e3098c8402b829cee6b9c7c0cde6b082c1415245baea080c3f79660f
regression/w4b/product_full/hls_traces/independent_alu_hls_csim_full.jsonl,5252,364a640c2d67e35193cf77518c3d0f767be60230306a1eda04cc8d42be4b6e72
regression/w4b/product_full/hls_traces/load_store_hls_cpp_full.jsonl,5707,04c638f1fa0080cacf9abdcc4fd4a6d00372f8d2653a448374089e1a7dbfc532
regression/w4b/product_full/hls_traces/load_store_hls_csim_full.jsonl,5720,ae7d7d8b2bebe3790876493e5c5de56dfd3d70504cf9368689a46b169f10c290
regression/w4b/product_full/hls_traces/nested_branch_hls_cpp_full.jsonl,6140,6bc8c6b756132bb8eab0db7885eb2abe2220376e945cd48962dcdbf71138ff40
regression/w4b/product_full/hls_traces/nested_branch_hls_csim_full.jsonl,6154,75e4a2e42d340cd839de2c040611e0a0f3ff5cd39edeefd6d3c03b8c525cecc2
regression/w4b/product_full/hls_traces/raw_chain_hls_cpp_full.jsonl,5169,506ce2aaea3772a39a450d35a62ad6832256bb4f3678cd75afbd231a78a360c6
regression/w4b/product_full/hls_traces/raw_chain_hls_csim_full.jsonl,5181,189fb5199d0e054450a671d64c5ec94323b4b9ebc0dad02bd3ff473a07fdfd80
regression/w4b/product_full/hls_traces/tohost_hls_cpp_full.jsonl,2817,49acd08edd1d99dd23f71fb9dd707659f58114429147b1122d0f7abc37f8c907
regression/w4b/product_full/hls_traces/tohost_hls_csim_full.jsonl,2824,e5cfc8806b8bc06305ba93c2ad6e0c00890d03a645e1d248edfefc8c921f6d3a
regression/w4b/product_full/logs/branch_snapshot_random_tests.log,5481,e090f56d75582bf4c4e80424f5f7261c9d363d36c1dfd2ac413823bdbe9248c7
regression/w4b/product_full/logs/branch_snapshot_random_tests_compile.log,0,e3b0c44298fc1c149afbf4c8996fb92427ae41e4649b934ca495991b7852b855
regression/w4b/product_full/logs/branch_snapshot_tests.log,2598,412affea88bd48d63154c7f06ecc0f2cd6bd1ca16df3f49c787771dcfed1a6dd
regression/w4b/product_full/logs/branch_snapshot_tests_compile.log,0,e3b0c44298fc1c149afbf4c8996fb92427ae41e4649b934ca495991b7852b855
regression/w4b/product_full/logs/core_top_compile.log,0,e3b0c44298fc1c149afbf4c8996fb92427ae41e4649b934ca495991b7852b855
regression/w4b/product_full/logs/directed_tests.log,1926,b2ac6f5e20c5e43b073ed88aeedf8967e5679dd4a8f7b8e083b8790db2931ab3
regression/w4b/product_full/logs/directed_tests_compile.log,0,e3b0c44298fc1c149afbf4c8996fb92427ae41e4649b934ca495991b7852b855
regression/w4b/product_full/logs/dispatch_retry_tests.log,997,4cd3a0a4df0d4e12c2c46a1b39ec147f7b8ce926b39e1d9ea246fb4dad06140d
regression/w4b/product_full/logs/dispatch_retry_tests_compile.log,0,e3b0c44298fc1c149afbf4c8996fb92427ae41e4649b934ca495991b7852b855
regression/w4b/product_full/logs/full_program_arch_diff.log,619,fd375ad0a2d5e925aa61b106ac1d370ae99ef7566facbda6f11e0c00237d602e
regression/w4b/product_full/logs/gate1_regression_tests.log,1085,d02ec2385a6480b1ddab2a86d20047490e56fc30895e7bcc78df6ef0326fd061
regression/w4b/product_full/logs/gate1_regression_tests_compile.log,0,e3b0c44298fc1c149afbf4c8996fb92427ae41e4649b934ca495991b7852b855
regression/w4b/product_full/logs/gate4_w1_lane_interface_tests.log,39,d43bd0e56fd747f34a18a95dff1f25cc218441b617b7f1f4289f2ca037f0d1b3
regression/w4b/product_full/logs/gate4_w1_lane_interface_tests_compile.log,0,e3b0c44298fc1c149afbf4c8996fb92427ae41e4649b934ca495991b7852b855
regression/w4b/product_full/logs/generate_merged.log,76,0d205d8ad092df3c9c16137b1fffe1e4232a7e560637cd1abaeb601a8ec91594
regression/w4b/product_full/logs/hls_cpp_trace.log,1136,1dc09f3683c2664603467ec12ac082300358674823c829efa043e35ea9dc9d09
regression/w4b/product_full/logs/hls_csim_trace.log,8463,0b8b47a2764fd0cdfd43b90ec250494e82d6a9113adbf7296ea2e86b151549f1
regression/w4b/product_full/logs/hls_prefix_trace_tb_compile.log,0,e3b0c44298fc1c149afbf4c8996fb92427ae41e4649b934ca495991b7852b855
regression/w4b/product_full/logs/iq_compaction_tests.log,905,e4ee91f1845a638ac64d9058c794f5888dabf2abaea87af05949432b7c260bda
regression/w4b/product_full/logs/iq_compaction_tests_compile.log,0,e3b0c44298fc1c149afbf4c8996fb92427ae41e4649b934ca495991b7852b855
regression/w4b/product_full/logs/lsu_minimal_tests.log,1131,74df03b790dbf3842ce18c4087b96631ee38b42f49881781d8320784164f90c9
regression/w4b/product_full/logs/lsu_minimal_tests_compile.log,0,e3b0c44298fc1c149afbf4c8996fb92427ae41e4649b934ca495991b7852b855
regression/w4b/product_full/logs/merged_compile.log,0,e3b0c44298fc1c149afbf4c8996fb92427ae41e4649b934ca495991b7852b855
regression/w4b/product_full/logs/partial_order.log,352,76bf81b7b6c371373aa4cd2dcff7df1cf2e6f67aa5d9531eacab5a1b138f93ad
regression/w4b/product_full/logs/partial_order_compile.log,0,e3b0c44298fc1c149afbf4c8996fb92427ae41e4649b934ca495991b7852b855
regression/w4b/product_full/logs/reset_architecture_pipelined_tests.log,1174,7b0ae4133dd0d4d0b9846969e267ccb39d8f10ad780816a159f5f01bac4e94e8
regression/w4b/product_full/logs/reset_architecture_pipelined_tests_compile.log,0,e3b0c44298fc1c149afbf4c8996fb92427ae41e4649b934ca495991b7852b855
regression/w4b/product_full/logs/reset_architecture_tests.log,1174,7b0ae4133dd0d4d0b9846969e267ccb39d8f10ad780816a159f5f01bac4e94e8
regression/w4b/product_full/logs/reset_architecture_tests_compile.log,0,e3b0c44298fc1c149afbf4c8996fb92427ae41e4649b934ca495991b7852b855
regression/w4b/product_full/logs/synth_tops_compile.log,0,e3b0c44298fc1c149afbf4c8996fb92427ae41e4649b934ca495991b7852b855
regression/w4b/product_full/logs/w2_dual_grant_random_tests.log,332,23fa106061440c708e3bb87fa4f8bd528437683c1b589d260ab7eb7c51d6b8ec
regression/w4b/product_full/logs/w2_dual_grant_random_tests_compile.log,0,e3b0c44298fc1c149afbf4c8996fb92427ae41e4649b934ca495991b7852b855
regression/w4b/product_full/logs/w2_dual_grant_tests.log,2306,227fcb5487f74b851a3ff98b701182bddc679883fa5e7e67ae0afb626ef17c55
regression/w4b/product_full/logs/w2_dual_grant_tests_compile.log,0,e3b0c44298fc1c149afbf4c8996fb92427ae41e4649b934ca495991b7852b855
regression/w4b/product_full/logs/w3_completion_buffer_tests.log,1428,f8d680b7fdc9084246f31628e6da8b2c06765ca175b43042090144935130c127
regression/w4b/product_full/logs/w3_completion_buffer_tests_compile.log,0,e3b0c44298fc1c149afbf4c8996fb92427ae41e4649b934ca495991b7852b855
regression/w4b/product_full/logs/w3_dual_execute_random_tests.log,1634,8947a571b4e20c010555e4486a2d2c4d54551e3d9212036dd3cc2965c308b55e
regression/w4b/product_full/logs/w3_dual_execute_random_tests_compile.log,0,e3b0c44298fc1c149afbf4c8996fb92427ae41e4649b934ca495991b7852b855
regression/w4b/product_full/logs/w3_dual_execute_tests.log,1182,1d327f712a755cbbae5c78ef0d3d38c3fe275320aec5a214a40001194c1bd668
regression/w4b/product_full/logs/w3_dual_execute_tests_compile.log,0,e3b0c44298fc1c149afbf4c8996fb92427ae41e4649b934ca495991b7852b855
regression/w4b/product_full/normalized/branch_not_taken_hls_cpp.jsonl,4445,350407cf41dc1ebe3f9a12592680ec1352d553e4f43182979efc7ea744c41150
regression/w4b/product_full/normalized/branch_not_taken_hls_csim.jsonl,4457,f6871df59f3e037a49062bf93c351985b2fad0fa4ed4ee8142ab9ced6205ca3e
regression/w4b/product_full/normalized/branch_taken_hls_cpp.jsonl,4016,e4d7f0f5f96a4b50d9c69ca51d9de07ccab9246c3272faa9e302f843f7623b23
regression/w4b/product_full/normalized/branch_taken_hls_csim.jsonl,4027,b6649bcb9f74dc22bd5fef9d56b50af28a513f7de0e6d30ed27999f23637f3d8
regression/w4b/product_full/normalized/independent_alu_hls_cpp.jsonl,3679,71adc87c59cb6edbf465cfaad836d0214f4d3ea2ac63ad9f01c47d1472dd8071
regression/w4b/product_full/normalized/independent_alu_hls_csim.jsonl,3689,6e7b8232e79a3bb2a2cd452f3b406cb8dbbd539ed73f8d03fb5384cbf112d0ff
regression/w4b/product_full/normalized/load_store_hls_cpp.jsonl,3257,a48f4627d258d8a0cf40630dbb71064e7b53343e70f688cb879d405f3ce42d76
regression/w4b/product_full/normalized/load_store_hls_csim.jsonl,3266,0b1d4c326df705227058808b20f734d8ff2da72bac428325d00980b2848b8e92
regression/w4b/product_full/normalized/nested_branch_hls_cpp.jsonl,4396,4bdab327c666cfa4119d3e4a11d69e76f36da09b3d94492a8d649fd9049d1540
regression/w4b/product_full/normalized/nested_branch_hls_csim.jsonl,4408,124928d1975d50b924a7c4ced60e519183c5170bca33170fda4e9b14847a37ca
regression/w4b/product_full/normalized/raw_chain_hls_cpp.jsonl,3620,a188ba0bc66588b2a3c0f6bd9d5a16e825d396539e3d4a7ba47fc4fbe5179c4d
regression/w4b/product_full/normalized/raw_chain_hls_csim.jsonl,3630,5d1b84490e3986039b0b210b29afb098ff9945e53d444b9ad953580feb42028f
regression/w4b/product_full/normalized/tohost_hls_cpp.jsonl,1740,6521bcb1a7f07d2157eebb335535e3f4ff43a3845445d131e83df916c2cb6a8e
regression/w4b/product_full/normalized/tohost_hls_csim.jsonl,1745,d741ec3c43978df9803f9425f421e0d66c1968d773c946b91ede5d14d032c472
regression/w4b/product_full/normalized_trace_diff.csv,754,85213291a1366f3134fb26fbe6a232654167c0d09b55c80180bf4917410040c0
regression/w4b/product_full/random_metrics.csv,3863,d42a19afb171e5e68bdd642c6001f52108ef73b38491221e549eb09cce736beb
regression/w4b/product_full/regression_after.md,918,98cba91bb7f8f2786c49da8035e03e0edc545f1fda3affa1fb68319e0a2052b7
regression/w4b/product_full/source_hashes_after.txt,4439,e3121ada78f61251285bd612e6bf4056814a04e145d81b838526cb7a2be3653b
regression/w4b/product_full/suite_results.csv,1962,b950540435706035e432b97677011bd63aac8a1e68274d32ead72dd31ea8456e
regression/w4b/product_full/trace_comparison.csv,1258,4016554699152649cdeabddeadde4e79050068f5f0dc871e50cdd23713b7a671
regression/w4b/w3_preservation/artifact_hashes.csv,7977,370225569ba02e061351ef2a8ed145be31d595881586ffc46904f2cb383a2e2d
regression/w4b/w3_preservation/full_program_architectural_diff.csv,2427,d25515447134e17342ef673ef61be38a00bb3c6a78111417cf77edfbbad4b3f4
regression/w4b/w3_preservation/full_program_architectural_diff.md,993,2a072e422888014609e5df6a966b482167612fb15650bd4abf8dcc9c1ec9056b
regression/w4b/w3_preservation/hls_traces/branch_not_taken_hls_cpp_full.jsonl,6195,d1df090c1b93c412946392b2f34bf93b33425fbf669c8b2549650f5776b80c28
regression/w4b/w3_preservation/hls_traces/branch_not_taken_hls_csim_full.jsonl,6209,6094fa56d0d137b207abcdf55f3fa7108c629b2409f58ef14a914681b286fdcb
regression/w4b/w3_preservation/hls_traces/branch_taken_hls_cpp_full.jsonl,5665,e154c3c83da61a99d9766b871bbfcf39d68109dad0a4160acebfd49d20d03f7e
regression/w4b/w3_preservation/hls_traces/branch_taken_hls_csim_full.jsonl,5678,f00f644b7e3bb11de541b4571c84b15bd0b4cc1441bef3ac23285332e58d9db5
regression/w4b/w3_preservation/hls_traces/independent_alu_hls_cpp_full.jsonl,5240,22a72e98e3098c8402b829cee6b9c7c0cde6b082c1415245baea080c3f79660f
regression/w4b/w3_preservation/hls_traces/independent_alu_hls_csim_full.jsonl,5252,364a640c2d67e35193cf77518c3d0f767be60230306a1eda04cc8d42be4b6e72
regression/w4b/w3_preservation/hls_traces/load_store_hls_cpp_full.jsonl,5707,04c638f1fa0080cacf9abdcc4fd4a6d00372f8d2653a448374089e1a7dbfc532
regression/w4b/w3_preservation/hls_traces/load_store_hls_csim_full.jsonl,5720,ae7d7d8b2bebe3790876493e5c5de56dfd3d70504cf9368689a46b169f10c290
regression/w4b/w3_preservation/hls_traces/nested_branch_hls_cpp_full.jsonl,6140,6bc8c6b756132bb8eab0db7885eb2abe2220376e945cd48962dcdbf71138ff40
regression/w4b/w3_preservation/hls_traces/nested_branch_hls_csim_full.jsonl,6154,75e4a2e42d340cd839de2c040611e0a0f3ff5cd39edeefd6d3c03b8c525cecc2
regression/w4b/w3_preservation/hls_traces/raw_chain_hls_cpp_full.jsonl,5169,506ce2aaea3772a39a450d35a62ad6832256bb4f3678cd75afbd231a78a360c6
regression/w4b/w3_preservation/hls_traces/raw_chain_hls_csim_full.jsonl,5181,189fb5199d0e054450a671d64c5ec94323b4b9ebc0dad02bd3ff473a07fdfd80
regression/w4b/w3_preservation/hls_traces/tohost_hls_cpp_full.jsonl,2817,49acd08edd1d99dd23f71fb9dd707659f58114429147b1122d0f7abc37f8c907
regression/w4b/w3_preservation/hls_traces/tohost_hls_csim_full.jsonl,2824,e5cfc8806b8bc06305ba93c2ad6e0c00890d03a645e1d248edfefc8c921f6d3a
regression/w4b/w3_preservation/logs/branch_snapshot_random_tests.log,5481,e090f56d75582bf4c4e80424f5f7261c9d363d36c1dfd2ac413823bdbe9248c7
regression/w4b/w3_preservation/logs/branch_snapshot_random_tests_compile.log,0,e3b0c44298fc1c149afbf4c8996fb92427ae41e4649b934ca495991b7852b855
regression/w4b/w3_preservation/logs/branch_snapshot_tests.log,2598,412affea88bd48d63154c7f06ecc0f2cd6bd1ca16df3f49c787771dcfed1a6dd
regression/w4b/w3_preservation/logs/branch_snapshot_tests_compile.log,0,e3b0c44298fc1c149afbf4c8996fb92427ae41e4649b934ca495991b7852b855
regression/w4b/w3_preservation/logs/core_top_compile.log,0,e3b0c44298fc1c149afbf4c8996fb92427ae41e4649b934ca495991b7852b855
regression/w4b/w3_preservation/logs/directed_tests.log,1926,b2ac6f5e20c5e43b073ed88aeedf8967e5679dd4a8f7b8e083b8790db2931ab3
regression/w4b/w3_preservation/logs/directed_tests_compile.log,0,e3b0c44298fc1c149afbf4c8996fb92427ae41e4649b934ca495991b7852b855
regression/w4b/w3_preservation/logs/dispatch_retry_tests.log,997,4cd3a0a4df0d4e12c2c46a1b39ec147f7b8ce926b39e1d9ea246fb4dad06140d
regression/w4b/w3_preservation/logs/dispatch_retry_tests_compile.log,0,e3b0c44298fc1c149afbf4c8996fb92427ae41e4649b934ca495991b7852b855
regression/w4b/w3_preservation/logs/full_program_arch_diff.log,625,354196d32a44f610ad6862ddddf6ee13ae5a79555134451e962c6cc7b0af3b74
regression/w4b/w3_preservation/logs/gate1_regression_tests.log,1085,d02ec2385a6480b1ddab2a86d20047490e56fc30895e7bcc78df6ef0326fd061
regression/w4b/w3_preservation/logs/gate1_regression_tests_compile.log,0,e3b0c44298fc1c149afbf4c8996fb92427ae41e4649b934ca495991b7852b855
regression/w4b/w3_preservation/logs/gate4_w1_lane_interface_tests.log,39,d43bd0e56fd747f34a18a95dff1f25cc218441b617b7f1f4289f2ca037f0d1b3
regression/w4b/w3_preservation/logs/gate4_w1_lane_interface_tests_compile.log,0,e3b0c44298fc1c149afbf4c8996fb92427ae41e4649b934ca495991b7852b855
regression/w4b/w3_preservation/logs/generate_merged.log,76,064d76b4f149056f22ab11aa9c7b4615c217ecc0ab9efc60936c260424d3b0ab
regression/w4b/w3_preservation/logs/hls_cpp_trace.log,1157,2394fef7d84496de6e7f2bba1df9865226bccac28a4fd38bc8e5cd9c5986c404
regression/w4b/w3_preservation/logs/hls_csim_trace.log,8497,0a6a4f0cf2147a97d86e016c920e626288bbc99e036f82a4b73c25adc3d1ca66
regression/w4b/w3_preservation/logs/hls_prefix_trace_tb_compile.log,0,e3b0c44298fc1c149afbf4c8996fb92427ae41e4649b934ca495991b7852b855
regression/w4b/w3_preservation/logs/iq_compaction_tests.log,905,e4ee91f1845a638ac64d9058c794f5888dabf2abaea87af05949432b7c260bda
regression/w4b/w3_preservation/logs/iq_compaction_tests_compile.log,0,e3b0c44298fc1c149afbf4c8996fb92427ae41e4649b934ca495991b7852b855
regression/w4b/w3_preservation/logs/lsu_minimal_tests.log,1131,74df03b790dbf3842ce18c4087b96631ee38b42f49881781d8320784164f90c9
regression/w4b/w3_preservation/logs/lsu_minimal_tests_compile.log,0,e3b0c44298fc1c149afbf4c8996fb92427ae41e4649b934ca495991b7852b855
regression/w4b/w3_preservation/logs/merged_compile.log,0,e3b0c44298fc1c149afbf4c8996fb92427ae41e4649b934ca495991b7852b855
regression/w4b/w3_preservation/logs/partial_order.log,352,76bf81b7b6c371373aa4cd2dcff7df1cf2e6f67aa5d9531eacab5a1b138f93ad
regression/w4b/w3_preservation/logs/partial_order_compile.log,0,e3b0c44298fc1c149afbf4c8996fb92427ae41e4649b934ca495991b7852b855
regression/w4b/w3_preservation/logs/reset_architecture_pipelined_tests.log,1174,7b0ae4133dd0d4d0b9846969e267ccb39d8f10ad780816a159f5f01bac4e94e8
regression/w4b/w3_preservation/logs/reset_architecture_pipelined_tests_compile.log,0,e3b0c44298fc1c149afbf4c8996fb92427ae41e4649b934ca495991b7852b855
regression/w4b/w3_preservation/logs/reset_architecture_tests.log,1174,7b0ae4133dd0d4d0b9846969e267ccb39d8f10ad780816a159f5f01bac4e94e8
regression/w4b/w3_preservation/logs/reset_architecture_tests_compile.log,0,e3b0c44298fc1c149afbf4c8996fb92427ae41e4649b934ca495991b7852b855
regression/w4b/w3_preservation/logs/synth_tops_compile.log,0,e3b0c44298fc1c149afbf4c8996fb92427ae41e4649b934ca495991b7852b855
regression/w4b/w3_preservation/logs/w2_dual_grant_random_tests.log,332,23fa106061440c708e3bb87fa4f8bd528437683c1b589d260ab7eb7c51d6b8ec
regression/w4b/w3_preservation/logs/w2_dual_grant_random_tests_compile.log,0,e3b0c44298fc1c149afbf4c8996fb92427ae41e4649b934ca495991b7852b855
regression/w4b/w3_preservation/logs/w2_dual_grant_tests.log,2306,227fcb5487f74b851a3ff98b701182bddc679883fa5e7e67ae0afb626ef17c55
regression/w4b/w3_preservation/logs/w2_dual_grant_tests_compile.log,0,e3b0c44298fc1c149afbf4c8996fb92427ae41e4649b934ca495991b7852b855
regression/w4b/w3_preservation/logs/w3_completion_buffer_tests.log,1428,717d3a1d0cb279d72df7523d92f3baed4e65c00d889a09c8ff2e499da2c885ae
regression/w4b/w3_preservation/logs/w3_completion_buffer_tests_compile.log,0,e3b0c44298fc1c149afbf4c8996fb92427ae41e4649b934ca495991b7852b855
regression/w4b/w3_preservation/logs/w3_dual_execute_random_tests.log,1422,44d60c45e311ae5d223dd297296f749f0b76072add79cbe87a01b73217904f2d
regression/w4b/w3_preservation/logs/w3_dual_execute_random_tests_compile.log,0,e3b0c44298fc1c149afbf4c8996fb92427ae41e4649b934ca495991b7852b855
regression/w4b/w3_preservation/logs/w3_dual_execute_tests.log,1182,1d327f712a755cbbae5c78ef0d3d38c3fe275320aec5a214a40001194c1bd668
regression/w4b/w3_preservation/logs/w3_dual_execute_tests_compile.log,0,e3b0c44298fc1c149afbf4c8996fb92427ae41e4649b934ca495991b7852b855
regression/w4b/w3_preservation/normalized/branch_not_taken_hls_cpp.jsonl,4445,350407cf41dc1ebe3f9a12592680ec1352d553e4f43182979efc7ea744c41150
regression/w4b/w3_preservation/normalized/branch_not_taken_hls_csim.jsonl,4457,f6871df59f3e037a49062bf93c351985b2fad0fa4ed4ee8142ab9ced6205ca3e
regression/w4b/w3_preservation/normalized/branch_taken_hls_cpp.jsonl,4016,e4d7f0f5f96a4b50d9c69ca51d9de07ccab9246c3272faa9e302f843f7623b23
regression/w4b/w3_preservation/normalized/branch_taken_hls_csim.jsonl,4027,b6649bcb9f74dc22bd5fef9d56b50af28a513f7de0e6d30ed27999f23637f3d8
regression/w4b/w3_preservation/normalized/independent_alu_hls_cpp.jsonl,3679,71adc87c59cb6edbf465cfaad836d0214f4d3ea2ac63ad9f01c47d1472dd8071
regression/w4b/w3_preservation/normalized/independent_alu_hls_csim.jsonl,3689,6e7b8232e79a3bb2a2cd452f3b406cb8dbbd539ed73f8d03fb5384cbf112d0ff
regression/w4b/w3_preservation/normalized/load_store_hls_cpp.jsonl,3257,a48f4627d258d8a0cf40630dbb71064e7b53343e70f688cb879d405f3ce42d76
regression/w4b/w3_preservation/normalized/load_store_hls_csim.jsonl,3266,0b1d4c326df705227058808b20f734d8ff2da72bac428325d00980b2848b8e92
regression/w4b/w3_preservation/normalized/nested_branch_hls_cpp.jsonl,4396,4bdab327c666cfa4119d3e4a11d69e76f36da09b3d94492a8d649fd9049d1540
regression/w4b/w3_preservation/normalized/nested_branch_hls_csim.jsonl,4408,124928d1975d50b924a7c4ced60e519183c5170bca33170fda4e9b14847a37ca
regression/w4b/w3_preservation/normalized/raw_chain_hls_cpp.jsonl,3620,a188ba0bc66588b2a3c0f6bd9d5a16e825d396539e3d4a7ba47fc4fbe5179c4d
regression/w4b/w3_preservation/normalized/raw_chain_hls_csim.jsonl,3630,5d1b84490e3986039b0b210b29afb098ff9945e53d444b9ad953580feb42028f
regression/w4b/w3_preservation/normalized/tohost_hls_cpp.jsonl,1740,6521bcb1a7f07d2157eebb335535e3f4ff43a3845445d131e83df916c2cb6a8e
regression/w4b/w3_preservation/normalized/tohost_hls_csim.jsonl,1745,d741ec3c43978df9803f9425f421e0d66c1968d773c946b91ede5d14d032c472
regression/w4b/w3_preservation/normalized_trace_diff.csv,754,85213291a1366f3134fb26fbe6a232654167c0d09b55c80180bf4917410040c0
regression/w4b/w3_preservation/random_metrics.csv,3490,4e9c2fa0dedaa89d2bd9cb84fdb4611a5487c86a18a5c50c9d1788074b10186c
regression/w4b/w3_preservation/regression_after.md,918,98cba91bb7f8f2786c49da8035e03e0edc545f1fda3affa1fb68319e0a2052b7
regression/w4b/w3_preservation/source_hashes_after.txt,4439,86b63cded119f84f89fc8ab91bd1e285b6c6117234b4eb082c61b95186c01861
regression/w4b/w3_preservation/suite_results.csv,1962,b23bfade0c8ae8e4850950fefdf6ad76400e8e94f8511cbae184c9bb3434164c
regression/w4b/w3_preservation/trace_comparison.csv,1258,4016554699152649cdeabddeadde4e79050068f5f0dc871e50cdd23713b7a671
regression/w4b/w4b_event_deltas.csv,341,cc7b262916d0a849d04445f38b9d959cf1e2506c84cc5253603d21bd8b0a8452
regression/w4b/w4b_metrics.csv,218,ac0fa14653a5d121ce64d405b9d21c0cc7d448e51db53019ed56c7fbd017a3c9
regression/w4b_review_probe/artifact_hashes.csv,7977,56628adb6e6d6913d0932eb31cce0eb3ad27ed86fda3313f6f4e93548a37e8ee
regression/w4b_review_probe/full_program_architectural_diff.csv,2427,d25515447134e17342ef673ef61be38a00bb3c6a78111417cf77edfbbad4b3f4
regression/w4b_review_probe/full_program_architectural_diff.md,993,2a072e422888014609e5df6a966b482167612fb15650bd4abf8dcc9c1ec9056b
regression/w4b_review_probe/hls_traces/branch_not_taken_hls_cpp_full.jsonl,6195,d1df090c1b93c412946392b2f34bf93b33425fbf669c8b2549650f5776b80c28
regression/w4b_review_probe/hls_traces/branch_not_taken_hls_csim_full.jsonl,6209,6094fa56d0d137b207abcdf55f3fa7108c629b2409f58ef14a914681b286fdcb
regression/w4b_review_probe/hls_traces/branch_taken_hls_cpp_full.jsonl,5665,e154c3c83da61a99d9766b871bbfcf39d68109dad0a4160acebfd49d20d03f7e
regression/w4b_review_probe/hls_traces/branch_taken_hls_csim_full.jsonl,5678,f00f644b7e3bb11de541b4571c84b15bd0b4cc1441bef3ac23285332e58d9db5
regression/w4b_review_probe/hls_traces/independent_alu_hls_cpp_full.jsonl,5240,22a72e98e3098c8402b829cee6b9c7c0cde6b082c1415245baea080c3f79660f
regression/w4b_review_probe/hls_traces/independent_alu_hls_csim_full.jsonl,5252,364a640c2d67e35193cf77518c3d0f767be60230306a1eda04cc8d42be4b6e72
regression/w4b_review_probe/hls_traces/load_store_hls_cpp_full.jsonl,5707,04c638f1fa0080cacf9abdcc4fd4a6d00372f8d2653a448374089e1a7dbfc532
regression/w4b_review_probe/hls_traces/load_store_hls_csim_full.jsonl,5720,ae7d7d8b2bebe3790876493e5c5de56dfd3d70504cf9368689a46b169f10c290
regression/w4b_review_probe/hls_traces/nested_branch_hls_cpp_full.jsonl,6140,6bc8c6b756132bb8eab0db7885eb2abe2220376e945cd48962dcdbf71138ff40
regression/w4b_review_probe/hls_traces/nested_branch_hls_csim_full.jsonl,6154,75e4a2e42d340cd839de2c040611e0a0f3ff5cd39edeefd6d3c03b8c525cecc2
regression/w4b_review_probe/hls_traces/raw_chain_hls_cpp_full.jsonl,5169,506ce2aaea3772a39a450d35a62ad6832256bb4f3678cd75afbd231a78a360c6
regression/w4b_review_probe/hls_traces/raw_chain_hls_csim_full.jsonl,5181,189fb5199d0e054450a671d64c5ec94323b4b9ebc0dad02bd3ff473a07fdfd80
regression/w4b_review_probe/hls_traces/tohost_hls_cpp_full.jsonl,2817,49acd08edd1d99dd23f71fb9dd707659f58114429147b1122d0f7abc37f8c907
regression/w4b_review_probe/hls_traces/tohost_hls_csim_full.jsonl,2824,e5cfc8806b8bc06305ba93c2ad6e0c00890d03a645e1d248edfefc8c921f6d3a
regression/w4b_review_probe/logs/branch_snapshot_random_tests.log,5481,e090f56d75582bf4c4e80424f5f7261c9d363d36c1dfd2ac413823bdbe9248c7
regression/w4b_review_probe/logs/branch_snapshot_random_tests_compile.log,0,e3b0c44298fc1c149afbf4c8996fb92427ae41e4649b934ca495991b7852b855
regression/w4b_review_probe/logs/branch_snapshot_tests.log,2598,412affea88bd48d63154c7f06ecc0f2cd6bd1ca16df3f49c787771dcfed1a6dd
regression/w4b_review_probe/logs/branch_snapshot_tests_compile.log,0,e3b0c44298fc1c149afbf4c8996fb92427ae41e4649b934ca495991b7852b855
regression/w4b_review_probe/logs/core_top_compile.log,0,e3b0c44298fc1c149afbf4c8996fb92427ae41e4649b934ca495991b7852b855
regression/w4b_review_probe/logs/directed_tests.log,1926,b2ac6f5e20c5e43b073ed88aeedf8967e5679dd4a8f7b8e083b8790db2931ab3
regression/w4b_review_probe/logs/directed_tests_compile.log,0,e3b0c44298fc1c149afbf4c8996fb92427ae41e4649b934ca495991b7852b855
regression/w4b_review_probe/logs/dispatch_retry_tests.log,997,4cd3a0a4df0d4e12c2c46a1b39ec147f7b8ce926b39e1d9ea246fb4dad06140d
regression/w4b_review_probe/logs/dispatch_retry_tests_compile.log,0,e3b0c44298fc1c149afbf4c8996fb92427ae41e4649b934ca495991b7852b855
regression/w4b_review_probe/logs/full_program_arch_diff.log,619,8046f021a51e22262b6c32227ed446277623ba1c2dab245644ece4fa5e1a522a
regression/w4b_review_probe/logs/gate1_regression_tests.log,1085,d02ec2385a6480b1ddab2a86d20047490e56fc30895e7bcc78df6ef0326fd061
regression/w4b_review_probe/logs/gate1_regression_tests_compile.log,0,e3b0c44298fc1c149afbf4c8996fb92427ae41e4649b934ca495991b7852b855
regression/w4b_review_probe/logs/gate4_w1_lane_interface_tests.log,39,d43bd0e56fd747f34a18a95dff1f25cc218441b617b7f1f4289f2ca037f0d1b3
regression/w4b_review_probe/logs/gate4_w1_lane_interface_tests_compile.log,0,e3b0c44298fc1c149afbf4c8996fb92427ae41e4649b934ca495991b7852b855
regression/w4b_review_probe/logs/generate_merged.log,76,1ed505af6596a28c24584ec72eb0b157dd5d5175d6e05c08ff131ae24a530944
regression/w4b_review_probe/logs/hls_cpp_trace.log,1136,bc2ff16321e249929906d72a34d96bfdb3879130893559b45061fef184788527
regression/w4b_review_probe/logs/hls_csim_trace.log,8200,50ddc44d9c038184add79e0ec01f6202c143ebb3bdcf60f6d57b1010dbfa479c
regression/w4b_review_probe/logs/hls_prefix_trace_tb_compile.log,0,e3b0c44298fc1c149afbf4c8996fb92427ae41e4649b934ca495991b7852b855
regression/w4b_review_probe/logs/iq_compaction_tests.log,905,e4ee91f1845a638ac64d9058c794f5888dabf2abaea87af05949432b7c260bda
regression/w4b_review_probe/logs/iq_compaction_tests_compile.log,0,e3b0c44298fc1c149afbf4c8996fb92427ae41e4649b934ca495991b7852b855
regression/w4b_review_probe/logs/lsu_minimal_tests.log,1131,74df03b790dbf3842ce18c4087b96631ee38b42f49881781d8320784164f90c9
regression/w4b_review_probe/logs/lsu_minimal_tests_compile.log,0,e3b0c44298fc1c149afbf4c8996fb92427ae41e4649b934ca495991b7852b855
regression/w4b_review_probe/logs/merged_compile.log,0,e3b0c44298fc1c149afbf4c8996fb92427ae41e4649b934ca495991b7852b855
regression/w4b_review_probe/logs/partial_order.log,352,76bf81b7b6c371373aa4cd2dcff7df1cf2e6f67aa5d9531eacab5a1b138f93ad
regression/w4b_review_probe/logs/partial_order_compile.log,0,e3b0c44298fc1c149afbf4c8996fb92427ae41e4649b934ca495991b7852b855
regression/w4b_review_probe/logs/reset_architecture_pipelined_tests.log,1174,7b0ae4133dd0d4d0b9846969e267ccb39d8f10ad780816a159f5f01bac4e94e8
regression/w4b_review_probe/logs/reset_architecture_pipelined_tests_compile.log,0,e3b0c44298fc1c149afbf4c8996fb92427ae41e4649b934ca495991b7852b855
regression/w4b_review_probe/logs/reset_architecture_tests.log,1174,7b0ae4133dd0d4d0b9846969e267ccb39d8f10ad780816a159f5f01bac4e94e8
regression/w4b_review_probe/logs/reset_architecture_tests_compile.log,0,e3b0c44298fc1c149afbf4c8996fb92427ae41e4649b934ca495991b7852b855
regression/w4b_review_probe/logs/synth_tops_compile.log,0,e3b0c44298fc1c149afbf4c8996fb92427ae41e4649b934ca495991b7852b855
regression/w4b_review_probe/logs/w2_dual_grant_random_tests.log,332,23fa106061440c708e3bb87fa4f8bd528437683c1b589d260ab7eb7c51d6b8ec
regression/w4b_review_probe/logs/w2_dual_grant_random_tests_compile.log,0,e3b0c44298fc1c149afbf4c8996fb92427ae41e4649b934ca495991b7852b855
regression/w4b_review_probe/logs/w2_dual_grant_tests.log,2306,227fcb5487f74b851a3ff98b701182bddc679883fa5e7e67ae0afb626ef17c55
regression/w4b_review_probe/logs/w2_dual_grant_tests_compile.log,0,e3b0c44298fc1c149afbf4c8996fb92427ae41e4649b934ca495991b7852b855
regression/w4b_review_probe/logs/w3_completion_buffer_tests.log,1428,f8d680b7fdc9084246f31628e6da8b2c06765ca175b43042090144935130c127
regression/w4b_review_probe/logs/w3_completion_buffer_tests_compile.log,0,e3b0c44298fc1c149afbf4c8996fb92427ae41e4649b934ca495991b7852b855
regression/w4b_review_probe/logs/w3_dual_execute_random_tests.log,1607,2ea020020001e611778ec07852123344b310e14545c801efe2cd1c194b8690cc
regression/w4b_review_probe/logs/w3_dual_execute_random_tests_compile.log,0,e3b0c44298fc1c149afbf4c8996fb92427ae41e4649b934ca495991b7852b855
regression/w4b_review_probe/logs/w3_dual_execute_tests.log,1182,1d327f712a755cbbae5c78ef0d3d38c3fe275320aec5a214a40001194c1bd668
regression/w4b_review_probe/logs/w3_dual_execute_tests_compile.log,0,e3b0c44298fc1c149afbf4c8996fb92427ae41e4649b934ca495991b7852b855
regression/w4b_review_probe/normalized/branch_not_taken_hls_cpp.jsonl,4445,350407cf41dc1ebe3f9a12592680ec1352d553e4f43182979efc7ea744c41150
regression/w4b_review_probe/normalized/branch_not_taken_hls_csim.jsonl,4457,f6871df59f3e037a49062bf93c351985b2fad0fa4ed4ee8142ab9ced6205ca3e
regression/w4b_review_probe/normalized/branch_taken_hls_cpp.jsonl,4016,e4d7f0f5f96a4b50d9c69ca51d9de07ccab9246c3272faa9e302f843f7623b23
regression/w4b_review_probe/normalized/branch_taken_hls_csim.jsonl,4027,b6649bcb9f74dc22bd5fef9d56b50af28a513f7de0e6d30ed27999f23637f3d8
regression/w4b_review_probe/normalized/independent_alu_hls_cpp.jsonl,3679,71adc87c59cb6edbf465cfaad836d0214f4d3ea2ac63ad9f01c47d1472dd8071
regression/w4b_review_probe/normalized/independent_alu_hls_csim.jsonl,3689,6e7b8232e79a3bb2a2cd452f3b406cb8dbbd539ed73f8d03fb5384cbf112d0ff
regression/w4b_review_probe/normalized/load_store_hls_cpp.jsonl,3257,a48f4627d258d8a0cf40630dbb71064e7b53343e70f688cb879d405f3ce42d76
regression/w4b_review_probe/normalized/load_store_hls_csim.jsonl,3266,0b1d4c326df705227058808b20f734d8ff2da72bac428325d00980b2848b8e92
regression/w4b_review_probe/normalized/nested_branch_hls_cpp.jsonl,4396,4bdab327c666cfa4119d3e4a11d69e76f36da09b3d94492a8d649fd9049d1540
regression/w4b_review_probe/normalized/nested_branch_hls_csim.jsonl,4408,124928d1975d50b924a7c4ced60e519183c5170bca33170fda4e9b14847a37ca
regression/w4b_review_probe/normalized/raw_chain_hls_cpp.jsonl,3620,a188ba0bc66588b2a3c0f6bd9d5a16e825d396539e3d4a7ba47fc4fbe5179c4d
regression/w4b_review_probe/normalized/raw_chain_hls_csim.jsonl,3630,5d1b84490e3986039b0b210b29afb098ff9945e53d444b9ad953580feb42028f
regression/w4b_review_probe/normalized/tohost_hls_cpp.jsonl,1740,6521bcb1a7f07d2157eebb335535e3f4ff43a3845445d131e83df916c2cb6a8e
regression/w4b_review_probe/normalized/tohost_hls_csim.jsonl,1745,d741ec3c43978df9803f9425f421e0d66c1968d773c946b91ede5d14d032c472
regression/w4b_review_probe/normalized_trace_diff.csv,754,85213291a1366f3134fb26fbe6a232654167c0d09b55c80180bf4917410040c0
regression/w4b_review_probe/random_metrics.csv,3813,1080ce4391c64596733decffb18b44e4b973e7c84fec4ef3d3d1a75359c03305
regression/w4b_review_probe/regression_after.md,918,98cba91bb7f8f2786c49da8035e03e0edc545f1fda3affa1fb68319e0a2052b7
regression/w4b_review_probe/source_hashes_after.txt,4439,a15ccecef92cbd922d31734bd9c69c9b9f4401b03e0dca34a1f45e9454076171
regression/w4b_review_probe/suite_results.csv,1962,d10135f2d09d8615b470b420f5d9d120bf77d16b8da57754e1b442736ea73bb1
regression/w4b_review_probe/trace_comparison.csv,1258,4016554699152649cdeabddeadde4e79050068f5f0dc871e50cdd23713b7a671
regression/w4b_w3_probe/logs/branch_snapshot_random_tests_compile.log,0,e3b0c44298fc1c149afbf4c8996fb92427ae41e4649b934ca495991b7852b855
regression/w4b_w3_probe/logs/branch_snapshot_tests_compile.log,0,e3b0c44298fc1c149afbf4c8996fb92427ae41e4649b934ca495991b7852b855
regression/w4b_w3_probe/logs/core_top_compile.log,0,e3b0c44298fc1c149afbf4c8996fb92427ae41e4649b934ca495991b7852b855
regression/w4b_w3_probe/logs/directed_tests_compile.log,0,e3b0c44298fc1c149afbf4c8996fb92427ae41e4649b934ca495991b7852b855
regression/w4b_w3_probe/logs/dispatch_retry_tests.log,997,4cd3a0a4df0d4e12c2c46a1b39ec147f7b8ce926b39e1d9ea246fb4dad06140d
regression/w4b_w3_probe/logs/dispatch_retry_tests_compile.log,0,e3b0c44298fc1c149afbf4c8996fb92427ae41e4649b934ca495991b7852b855
regression/w4b_w3_probe/logs/gate1_regression_tests_compile.log,0,e3b0c44298fc1c149afbf4c8996fb92427ae41e4649b934ca495991b7852b855
regression/w4b_w3_probe/logs/gate4_w1_lane_interface_tests_compile.log,0,e3b0c44298fc1c149afbf4c8996fb92427ae41e4649b934ca495991b7852b855
regression/w4b_w3_probe/logs/generate_merged.log,76,aed4beec88fae9a4bd08dec865c5c93427dda5e059b1e982550b03f18460ef98
regression/w4b_w3_probe/logs/iq_compaction_tests_compile.log,0,e3b0c44298fc1c149afbf4c8996fb92427ae41e4649b934ca495991b7852b855
regression/w4b_w3_probe/logs/lsu_minimal_tests_compile.log,0,e3b0c44298fc1c149afbf4c8996fb92427ae41e4649b934ca495991b7852b855
regression/w4b_w3_probe/logs/merged_compile.log,0,e3b0c44298fc1c149afbf4c8996fb92427ae41e4649b934ca495991b7852b855
regression/w4b_w3_probe/logs/reset_architecture_pipelined_tests_compile.log,0,e3b0c44298fc1c149afbf4c8996fb92427ae41e4649b934ca495991b7852b855
regression/w4b_w3_probe/logs/reset_architecture_tests_compile.log,0,e3b0c44298fc1c149afbf4c8996fb92427ae41e4649b934ca495991b7852b855
regression/w4b_w3_probe/logs/synth_tops_compile.log,0,e3b0c44298fc1c149afbf4c8996fb92427ae41e4649b934ca495991b7852b855
regression/w4b_w3_probe/logs/w2_dual_grant_random_tests_compile.log,0,e3b0c44298fc1c149afbf4c8996fb92427ae41e4649b934ca495991b7852b855
regression/w4b_w3_probe/logs/w2_dual_grant_tests_compile.log,0,e3b0c44298fc1c149afbf4c8996fb92427ae41e4649b934ca495991b7852b855
regression/w4b_w3_probe/logs/w3_completion_buffer_tests.log,1541,e20f93be28a6e7000127533e0038231673f5abb49ceb16165c5671ee7a84dac7
regression/w4b_w3_probe/logs/w3_completion_buffer_tests_compile.log,0,e3b0c44298fc1c149afbf4c8996fb92427ae41e4649b934ca495991b7852b855
regression/w4b_w3_probe/logs/w3_dual_execute_random_tests_compile.log,0,e3b0c44298fc1c149afbf4c8996fb92427ae41e4649b934ca495991b7852b855
regression/w4b_w3_probe/logs/w3_dual_execute_tests.log,1182,1d327f712a755cbbae5c78ef0d3d38c3fe275320aec5a214a40001194c1bd668
regression/w4b_w3_probe/logs/w3_dual_execute_tests_compile.log,0,e3b0c44298fc1c149afbf4c8996fb92427ae41e4649b934ca495991b7852b855
regression/w4c/logs/w4_bypass_tests.log,874,ab9abc9198255c61318ba7d8f7b1207fb736bec52a107bd825d7bf74184ca2e7
regression/w4c/logs/w4_bypass_tests_compile.log,0,e3b0c44298fc1c149afbf4c8996fb92427ae41e4649b934ca495991b7852b855
regression/w4c/logs/w4_multi_wakeup_tests.log,1016,ee05d3574cfc82a410225cc8c2c079be0dad63fbd65ef1e70a257ee59d9822c2
regression/w4c/logs/w4_multi_wakeup_tests_compile.log,0,e3b0c44298fc1c149afbf4c8996fb92427ae41e4649b934ca495991b7852b855
regression/w4c/logs/w4a_completion_interface_tests.log,1558,124721e90f9db417bb71889d60bca28aeb0ec0833d2330ebed31fb54a1dac9ae
regression/w4c/logs/w4a_completion_interface_tests_compile.log,0,e3b0c44298fc1c149afbf4c8996fb92427ae41e4649b934ca495991b7852b855
regression/w4c/logs/w4a_random_diagnostic.log,1641,54bfcf891c0d116dff008c973d65886ac4b2e07484aaabd6333e22c92da3f140
regression/w4c/logs/w4a_random_diagnostic_compile.log,0,e3b0c44298fc1c149afbf4c8996fb92427ae41e4649b934ca495991b7852b855
regression/w4c/logs/w4b_multi_rob_complete_tests.log,1472,cb5e5902f7eea1816fa1cb2cb971c50f715fd1325abf4a70948975ad3004e7d8
regression/w4c/logs/w4b_multi_rob_complete_tests_compile.log,0,e3b0c44298fc1c149afbf4c8996fb92427ae41e4649b934ca495991b7852b855
regression/w4c/product_full/artifact_hashes.csv,7977,86639b502f6fc4543ffcb86ef997e068f0a726f1b57d1981fa28624e95e6b835
regression/w4c/product_full/full_program_architectural_diff.csv,2427,d25515447134e17342ef673ef61be38a00bb3c6a78111417cf77edfbbad4b3f4
regression/w4c/product_full/full_program_architectural_diff.md,993,2a072e422888014609e5df6a966b482167612fb15650bd4abf8dcc9c1ec9056b
regression/w4c/product_full/hls_traces/branch_not_taken_hls_cpp_full.jsonl,6195,d1df090c1b93c412946392b2f34bf93b33425fbf669c8b2549650f5776b80c28
regression/w4c/product_full/hls_traces/branch_not_taken_hls_csim_full.jsonl,6209,6094fa56d0d137b207abcdf55f3fa7108c629b2409f58ef14a914681b286fdcb
regression/w4c/product_full/hls_traces/branch_taken_hls_cpp_full.jsonl,5665,e154c3c83da61a99d9766b871bbfcf39d68109dad0a4160acebfd49d20d03f7e
regression/w4c/product_full/hls_traces/branch_taken_hls_csim_full.jsonl,5678,f00f644b7e3bb11de541b4571c84b15bd0b4cc1441bef3ac23285332e58d9db5
regression/w4c/product_full/hls_traces/independent_alu_hls_cpp_full.jsonl,5240,22a72e98e3098c8402b829cee6b9c7c0cde6b082c1415245baea080c3f79660f
regression/w4c/product_full/hls_traces/independent_alu_hls_csim_full.jsonl,5252,364a640c2d67e35193cf77518c3d0f767be60230306a1eda04cc8d42be4b6e72
regression/w4c/product_full/hls_traces/load_store_hls_cpp_full.jsonl,5707,04c638f1fa0080cacf9abdcc4fd4a6d00372f8d2653a448374089e1a7dbfc532
regression/w4c/product_full/hls_traces/load_store_hls_csim_full.jsonl,5720,ae7d7d8b2bebe3790876493e5c5de56dfd3d70504cf9368689a46b169f10c290
regression/w4c/product_full/hls_traces/nested_branch_hls_cpp_full.jsonl,6140,6bc8c6b756132bb8eab0db7885eb2abe2220376e945cd48962dcdbf71138ff40
regression/w4c/product_full/hls_traces/nested_branch_hls_csim_full.jsonl,6154,75e4a2e42d340cd839de2c040611e0a0f3ff5cd39edeefd6d3c03b8c525cecc2
regression/w4c/product_full/hls_traces/raw_chain_hls_cpp_full.jsonl,5169,506ce2aaea3772a39a450d35a62ad6832256bb4f3678cd75afbd231a78a360c6
regression/w4c/product_full/hls_traces/raw_chain_hls_csim_full.jsonl,5181,189fb5199d0e054450a671d64c5ec94323b4b9ebc0dad02bd3ff473a07fdfd80
regression/w4c/product_full/hls_traces/tohost_hls_cpp_full.jsonl,2817,49acd08edd1d99dd23f71fb9dd707659f58114429147b1122d0f7abc37f8c907
regression/w4c/product_full/hls_traces/tohost_hls_csim_full.jsonl,2824,e5cfc8806b8bc06305ba93c2ad6e0c00890d03a645e1d248edfefc8c921f6d3a
regression/w4c/product_full/logs/branch_snapshot_random_tests.log,5481,e090f56d75582bf4c4e80424f5f7261c9d363d36c1dfd2ac413823bdbe9248c7
regression/w4c/product_full/logs/branch_snapshot_random_tests_compile.log,0,e3b0c44298fc1c149afbf4c8996fb92427ae41e4649b934ca495991b7852b855
regression/w4c/product_full/logs/branch_snapshot_tests.log,2598,412affea88bd48d63154c7f06ecc0f2cd6bd1ca16df3f49c787771dcfed1a6dd
regression/w4c/product_full/logs/branch_snapshot_tests_compile.log,0,e3b0c44298fc1c149afbf4c8996fb92427ae41e4649b934ca495991b7852b855
regression/w4c/product_full/logs/core_top_compile.log,0,e3b0c44298fc1c149afbf4c8996fb92427ae41e4649b934ca495991b7852b855
regression/w4c/product_full/logs/directed_tests.log,1926,b2ac6f5e20c5e43b073ed88aeedf8967e5679dd4a8f7b8e083b8790db2931ab3
regression/w4c/product_full/logs/directed_tests_compile.log,0,e3b0c44298fc1c149afbf4c8996fb92427ae41e4649b934ca495991b7852b855
regression/w4c/product_full/logs/dispatch_retry_tests.log,997,4cd3a0a4df0d4e12c2c46a1b39ec147f7b8ce926b39e1d9ea246fb4dad06140d
regression/w4c/product_full/logs/dispatch_retry_tests_compile.log,0,e3b0c44298fc1c149afbf4c8996fb92427ae41e4649b934ca495991b7852b855
regression/w4c/product_full/logs/full_program_arch_diff.log,619,bc64d8a9fc78f733d942846aa87a8dda4f346121075a5a4230c709f8e486a7c2
regression/w4c/product_full/logs/gate1_regression_tests.log,1085,d02ec2385a6480b1ddab2a86d20047490e56fc30895e7bcc78df6ef0326fd061
regression/w4c/product_full/logs/gate1_regression_tests_compile.log,0,e3b0c44298fc1c149afbf4c8996fb92427ae41e4649b934ca495991b7852b855
regression/w4c/product_full/logs/gate4_w1_lane_interface_tests.log,39,d43bd0e56fd747f34a18a95dff1f25cc218441b617b7f1f4289f2ca037f0d1b3
regression/w4c/product_full/logs/gate4_w1_lane_interface_tests_compile.log,0,e3b0c44298fc1c149afbf4c8996fb92427ae41e4649b934ca495991b7852b855
regression/w4c/product_full/logs/generate_merged.log,76,295e89d3dbbf8978d7df68727e76bec6ffd9b0286d186480fbb9d943639b546a
regression/w4c/product_full/logs/hls_cpp_trace.log,1136,90d8d9808ff6cbb061c7f6c608e7194cd34ddc0484169d2febca9a599246be4a
regression/w4c/product_full/logs/hls_csim_trace.log,8608,604aefe0fd71f9797afeb8d3653e3b205f4b8a24731061109b87b61efc9ae7e6
regression/w4c/product_full/logs/hls_prefix_trace_tb_compile.log,0,e3b0c44298fc1c149afbf4c8996fb92427ae41e4649b934ca495991b7852b855
regression/w4c/product_full/logs/iq_compaction_tests.log,905,e4ee91f1845a638ac64d9058c794f5888dabf2abaea87af05949432b7c260bda
regression/w4c/product_full/logs/iq_compaction_tests_compile.log,0,e3b0c44298fc1c149afbf4c8996fb92427ae41e4649b934ca495991b7852b855
regression/w4c/product_full/logs/lsu_minimal_tests.log,1131,74df03b790dbf3842ce18c4087b96631ee38b42f49881781d8320784164f90c9
regression/w4c/product_full/logs/lsu_minimal_tests_compile.log,0,e3b0c44298fc1c149afbf4c8996fb92427ae41e4649b934ca495991b7852b855
regression/w4c/product_full/logs/merged_compile.log,0,e3b0c44298fc1c149afbf4c8996fb92427ae41e4649b934ca495991b7852b855
regression/w4c/product_full/logs/partial_order.log,352,76bf81b7b6c371373aa4cd2dcff7df1cf2e6f67aa5d9531eacab5a1b138f93ad
regression/w4c/product_full/logs/partial_order_compile.log,0,e3b0c44298fc1c149afbf4c8996fb92427ae41e4649b934ca495991b7852b855
regression/w4c/product_full/logs/reset_architecture_pipelined_tests.log,1174,7b0ae4133dd0d4d0b9846969e267ccb39d8f10ad780816a159f5f01bac4e94e8
regression/w4c/product_full/logs/reset_architecture_pipelined_tests_compile.log,0,e3b0c44298fc1c149afbf4c8996fb92427ae41e4649b934ca495991b7852b855
regression/w4c/product_full/logs/reset_architecture_tests.log,1174,7b0ae4133dd0d4d0b9846969e267ccb39d8f10ad780816a159f5f01bac4e94e8
regression/w4c/product_full/logs/reset_architecture_tests_compile.log,0,e3b0c44298fc1c149afbf4c8996fb92427ae41e4649b934ca495991b7852b855
regression/w4c/product_full/logs/synth_tops_compile.log,0,e3b0c44298fc1c149afbf4c8996fb92427ae41e4649b934ca495991b7852b855
regression/w4c/product_full/logs/w2_dual_grant_random_tests.log,332,98aade03027c0fc06954eafddb750a9456e5a19cffdbf917bb8376d533f566a3
regression/w4c/product_full/logs/w2_dual_grant_random_tests_compile.log,0,e3b0c44298fc1c149afbf4c8996fb92427ae41e4649b934ca495991b7852b855
regression/w4c/product_full/logs/w2_dual_grant_tests.log,2306,227fcb5487f74b851a3ff98b701182bddc679883fa5e7e67ae0afb626ef17c55
regression/w4c/product_full/logs/w2_dual_grant_tests_compile.log,0,e3b0c44298fc1c149afbf4c8996fb92427ae41e4649b934ca495991b7852b855
regression/w4c/product_full/logs/w3_completion_buffer_tests.log,1428,f8d680b7fdc9084246f31628e6da8b2c06765ca175b43042090144935130c127
regression/w4c/product_full/logs/w3_completion_buffer_tests_compile.log,0,e3b0c44298fc1c149afbf4c8996fb92427ae41e4649b934ca495991b7852b855
regression/w4c/product_full/logs/w3_dual_execute_random_tests.log,1634,f6b37c5af5e662638f4ca0e5c922af74b1e3a603b37675d881f2cfb6a0e7a8ea
regression/w4c/product_full/logs/w3_dual_execute_random_tests_compile.log,0,e3b0c44298fc1c149afbf4c8996fb92427ae41e4649b934ca495991b7852b855
regression/w4c/product_full/logs/w3_dual_execute_tests.log,1182,1d327f712a755cbbae5c78ef0d3d38c3fe275320aec5a214a40001194c1bd668
regression/w4c/product_full/logs/w3_dual_execute_tests_compile.log,0,e3b0c44298fc1c149afbf4c8996fb92427ae41e4649b934ca495991b7852b855
regression/w4c/product_full/normalized/branch_not_taken_hls_cpp.jsonl,4445,350407cf41dc1ebe3f9a12592680ec1352d553e4f43182979efc7ea744c41150
regression/w4c/product_full/normalized/branch_not_taken_hls_csim.jsonl,4457,f6871df59f3e037a49062bf93c351985b2fad0fa4ed4ee8142ab9ced6205ca3e
regression/w4c/product_full/normalized/branch_taken_hls_cpp.jsonl,4016,e4d7f0f5f96a4b50d9c69ca51d9de07ccab9246c3272faa9e302f843f7623b23
regression/w4c/product_full/normalized/branch_taken_hls_csim.jsonl,4027,b6649bcb9f74dc22bd5fef9d56b50af28a513f7de0e6d30ed27999f23637f3d8
regression/w4c/product_full/normalized/independent_alu_hls_cpp.jsonl,3679,71adc87c59cb6edbf465cfaad836d0214f4d3ea2ac63ad9f01c47d1472dd8071
regression/w4c/product_full/normalized/independent_alu_hls_csim.jsonl,3689,6e7b8232e79a3bb2a2cd452f3b406cb8dbbd539ed73f8d03fb5384cbf112d0ff
regression/w4c/product_full/normalized/load_store_hls_cpp.jsonl,3257,a48f4627d258d8a0cf40630dbb71064e7b53343e70f688cb879d405f3ce42d76
regression/w4c/product_full/normalized/load_store_hls_csim.jsonl,3266,0b1d4c326df705227058808b20f734d8ff2da72bac428325d00980b2848b8e92
regression/w4c/product_full/normalized/nested_branch_hls_cpp.jsonl,4396,4bdab327c666cfa4119d3e4a11d69e76f36da09b3d94492a8d649fd9049d1540
regression/w4c/product_full/normalized/nested_branch_hls_csim.jsonl,4408,124928d1975d50b924a7c4ced60e519183c5170bca33170fda4e9b14847a37ca
regression/w4c/product_full/normalized/raw_chain_hls_cpp.jsonl,3620,a188ba0bc66588b2a3c0f6bd9d5a16e825d396539e3d4a7ba47fc4fbe5179c4d
regression/w4c/product_full/normalized/raw_chain_hls_csim.jsonl,3630,5d1b84490e3986039b0b210b29afb098ff9945e53d444b9ad953580feb42028f
regression/w4c/product_full/normalized/tohost_hls_cpp.jsonl,1740,6521bcb1a7f07d2157eebb335535e3f4ff43a3845445d131e83df916c2cb6a8e
regression/w4c/product_full/normalized/tohost_hls_csim.jsonl,1745,d741ec3c43978df9803f9425f421e0d66c1968d773c946b91ede5d14d032c472
regression/w4c/product_full/normalized_trace_diff.csv,754,85213291a1366f3134fb26fbe6a232654167c0d09b55c80180bf4917410040c0
regression/w4c/product_full/random_metrics.csv,3863,bc6b290bb9fb0c9c203d6322ea23a08c702faa6ea478a0866f05a18acc6fd443
regression/w4c/product_full/regression_after.md,918,98cba91bb7f8f2786c49da8035e03e0edc545f1fda3affa1fb68319e0a2052b7
regression/w4c/product_full/source_hashes_after.txt,4649,5da89ee067b194abc9abd1e0c799197a5f28fd4563e733fe2fe761c783c0bb29
regression/w4c/product_full/suite_results.csv,1962,4658469d1f7069375c319f972fd9e7c0d362449d22a10c6cc2fd40d16841b18b
regression/w4c/product_full/trace_comparison.csv,1258,4016554699152649cdeabddeadde4e79050068f5f0dc871e50cdd23713b7a671
regression/w4c/w4c_cycle_deltas.csv,178,dd67c489a3bcc5b9f940664c896395f348d2f5a80e28b32130f5ebf190dbcd68
regression/w4c/w4c_event_deltas.csv,297,b216ccf49156746ae31f2c346854cce9128b73134ccbde35ed8cbd0d7d70353c
regression/w4c/w4c_metrics.csv,170,7f6d42b7c538641e3c75ac97c8705006c5996c82334a263013274b8bb205f0dd
regression/w4d/logs/w4_bypass_tests.log,1075,d43952f5addd5477a3d1b995be87186344f577bc6ae53a2bf53f0993848e2543
regression/w4d/logs/w4_bypass_tests_compile.log,0,e3b0c44298fc1c149afbf4c8996fb92427ae41e4649b934ca495991b7852b855
regression/w4d/logs/w4_multi_completion_tests.log,505,158b72c391feeb0a4c0936758714d3887af8ee1ff5bf382084e93138d36b59fe
regression/w4d/logs/w4_multi_completion_tests_compile.log,0,e3b0c44298fc1c149afbf4c8996fb92427ae41e4649b934ca495991b7852b855
regression/w4d/logs/w4_multi_wakeup_tests.log,1084,75e8931efccbd80285fa12123ef9486796bcc023749b3483db79f01461e95dbf
regression/w4d/logs/w4_multi_wakeup_tests_compile.log,0,e3b0c44298fc1c149afbf4c8996fb92427ae41e4649b934ca495991b7852b855
regression/w4d/logs/w4_multi_writeback_tests.log,1272,ffcee58836c2cbf1580983c3456f001de7cf6eafe9a16e231af21e5a6f176119
regression/w4d/logs/w4_multi_writeback_tests_compile.log,0,e3b0c44298fc1c149afbf4c8996fb92427ae41e4649b934ca495991b7852b855
regression/w4d/logs/w4a_completion_interface_tests.log,1558,124721e90f9db417bb71889d60bca28aeb0ec0833d2330ebed31fb54a1dac9ae
regression/w4d/logs/w4a_completion_interface_tests_compile.log,0,e3b0c44298fc1c149afbf4c8996fb92427ae41e4649b934ca495991b7852b855
regression/w4d/logs/w4b_multi_rob_complete_tests.log,1472,4e9c23a77e945d98f34dc887e115e8fad38947b2bed1514bad51b1acf37e1f88
regression/w4d/logs/w4b_multi_rob_complete_tests_compile.log,0,e3b0c44298fc1c149afbf4c8996fb92427ae41e4649b934ca495991b7852b855
regression/w4d/logs/w4d_rtl_oracle_tests.log,48,6f7052d8cdc10961997dbd1537e7fa7c042d1b5274f164d03ea60e291f0f6a95
regression/w4d/logs/w4d_rtl_oracle_tests_compile.log,0,e3b0c44298fc1c149afbf4c8996fb92427ae41e4649b934ca495991b7852b855
regression/w4d/product_full/artifact_hashes.csv,7977,39264ac5d28a93454b508e888a3ce5438275244d1c678de11aab7337bb11ccf4
regression/w4d/product_full/full_program_architectural_diff.csv,2427,d25515447134e17342ef673ef61be38a00bb3c6a78111417cf77edfbbad4b3f4
regression/w4d/product_full/full_program_architectural_diff.md,993,2a072e422888014609e5df6a966b482167612fb15650bd4abf8dcc9c1ec9056b
regression/w4d/product_full/hls_traces/branch_not_taken_hls_cpp_full.jsonl,6195,d1df090c1b93c412946392b2f34bf93b33425fbf669c8b2549650f5776b80c28
regression/w4d/product_full/hls_traces/branch_not_taken_hls_csim_full.jsonl,6209,6094fa56d0d137b207abcdf55f3fa7108c629b2409f58ef14a914681b286fdcb
regression/w4d/product_full/hls_traces/branch_taken_hls_cpp_full.jsonl,5665,e154c3c83da61a99d9766b871bbfcf39d68109dad0a4160acebfd49d20d03f7e
regression/w4d/product_full/hls_traces/branch_taken_hls_csim_full.jsonl,5678,f00f644b7e3bb11de541b4571c84b15bd0b4cc1441bef3ac23285332e58d9db5
regression/w4d/product_full/hls_traces/independent_alu_hls_cpp_full.jsonl,5240,22a72e98e3098c8402b829cee6b9c7c0cde6b082c1415245baea080c3f79660f
regression/w4d/product_full/hls_traces/independent_alu_hls_csim_full.jsonl,5252,364a640c2d67e35193cf77518c3d0f767be60230306a1eda04cc8d42be4b6e72
regression/w4d/product_full/hls_traces/load_store_hls_cpp_full.jsonl,5707,04c638f1fa0080cacf9abdcc4fd4a6d00372f8d2653a448374089e1a7dbfc532
regression/w4d/product_full/hls_traces/load_store_hls_csim_full.jsonl,5720,ae7d7d8b2bebe3790876493e5c5de56dfd3d70504cf9368689a46b169f10c290
regression/w4d/product_full/hls_traces/nested_branch_hls_cpp_full.jsonl,6140,6bc8c6b756132bb8eab0db7885eb2abe2220376e945cd48962dcdbf71138ff40
regression/w4d/product_full/hls_traces/nested_branch_hls_csim_full.jsonl,6154,75e4a2e42d340cd839de2c040611e0a0f3ff5cd39edeefd6d3c03b8c525cecc2
regression/w4d/product_full/hls_traces/raw_chain_hls_cpp_full.jsonl,5169,506ce2aaea3772a39a450d35a62ad6832256bb4f3678cd75afbd231a78a360c6
regression/w4d/product_full/hls_traces/raw_chain_hls_csim_full.jsonl,5181,189fb5199d0e054450a671d64c5ec94323b4b9ebc0dad02bd3ff473a07fdfd80
regression/w4d/product_full/hls_traces/tohost_hls_cpp_full.jsonl,2817,49acd08edd1d99dd23f71fb9dd707659f58114429147b1122d0f7abc37f8c907
regression/w4d/product_full/hls_traces/tohost_hls_csim_full.jsonl,2824,e5cfc8806b8bc06305ba93c2ad6e0c00890d03a645e1d248edfefc8c921f6d3a
regression/w4d/product_full/logs/branch_snapshot_random_tests.log,5481,e090f56d75582bf4c4e80424f5f7261c9d363d36c1dfd2ac413823bdbe9248c7
regression/w4d/product_full/logs/branch_snapshot_random_tests_compile.log,0,e3b0c44298fc1c149afbf4c8996fb92427ae41e4649b934ca495991b7852b855
regression/w4d/product_full/logs/branch_snapshot_tests.log,2598,412affea88bd48d63154c7f06ecc0f2cd6bd1ca16df3f49c787771dcfed1a6dd
regression/w4d/product_full/logs/branch_snapshot_tests_compile.log,0,e3b0c44298fc1c149afbf4c8996fb92427ae41e4649b934ca495991b7852b855
regression/w4d/product_full/logs/core_top_compile.log,0,e3b0c44298fc1c149afbf4c8996fb92427ae41e4649b934ca495991b7852b855
regression/w4d/product_full/logs/directed_tests.log,1926,b2ac6f5e20c5e43b073ed88aeedf8967e5679dd4a8f7b8e083b8790db2931ab3
regression/w4d/product_full/logs/directed_tests_compile.log,0,e3b0c44298fc1c149afbf4c8996fb92427ae41e4649b934ca495991b7852b855
regression/w4d/product_full/logs/dispatch_retry_tests.log,997,4cd3a0a4df0d4e12c2c46a1b39ec147f7b8ce926b39e1d9ea246fb4dad06140d
regression/w4d/product_full/logs/dispatch_retry_tests_compile.log,0,e3b0c44298fc1c149afbf4c8996fb92427ae41e4649b934ca495991b7852b855
regression/w4d/product_full/logs/full_program_arch_diff.log,619,bb27578e7a94ab03a81d8f646a6357cb80de7d19de4201cb8ae25271fa215b32
regression/w4d/product_full/logs/gate1_regression_tests.log,1085,d02ec2385a6480b1ddab2a86d20047490e56fc30895e7bcc78df6ef0326fd061
regression/w4d/product_full/logs/gate1_regression_tests_compile.log,0,e3b0c44298fc1c149afbf4c8996fb92427ae41e4649b934ca495991b7852b855
regression/w4d/product_full/logs/gate4_w1_lane_interface_tests.log,39,d43bd0e56fd747f34a18a95dff1f25cc218441b617b7f1f4289f2ca037f0d1b3
regression/w4d/product_full/logs/gate4_w1_lane_interface_tests_compile.log,0,e3b0c44298fc1c149afbf4c8996fb92427ae41e4649b934ca495991b7852b855
regression/w4d/product_full/logs/generate_merged.log,76,fba2030b28a439194b02ff3766fefa2e85675bc094a9015f5dc15df81605de2d
regression/w4d/product_full/logs/hls_cpp_trace.log,1136,0989d69964a6c7de906ff37c55516a304830d3772fb901bc2d6795f52327ec33
regression/w4d/product_full/logs/hls_csim_trace.log,8604,585297e890534d79f1d744eb379ddbd265f653003b40af48090e14e88f245bb2
regression/w4d/product_full/logs/hls_prefix_trace_tb_compile.log,0,e3b0c44298fc1c149afbf4c8996fb92427ae41e4649b934ca495991b7852b855
regression/w4d/product_full/logs/iq_compaction_tests.log,905,e4ee91f1845a638ac64d9058c794f5888dabf2abaea87af05949432b7c260bda
regression/w4d/product_full/logs/iq_compaction_tests_compile.log,0,e3b0c44298fc1c149afbf4c8996fb92427ae41e4649b934ca495991b7852b855
regression/w4d/product_full/logs/lsu_minimal_tests.log,1131,74df03b790dbf3842ce18c4087b96631ee38b42f49881781d8320784164f90c9
regression/w4d/product_full/logs/lsu_minimal_tests_compile.log,0,e3b0c44298fc1c149afbf4c8996fb92427ae41e4649b934ca495991b7852b855
regression/w4d/product_full/logs/merged_compile.log,0,e3b0c44298fc1c149afbf4c8996fb92427ae41e4649b934ca495991b7852b855
regression/w4d/product_full/logs/partial_order.log,352,76bf81b7b6c371373aa4cd2dcff7df1cf2e6f67aa5d9531eacab5a1b138f93ad
regression/w4d/product_full/logs/partial_order_compile.log,0,e3b0c44298fc1c149afbf4c8996fb92427ae41e4649b934ca495991b7852b855
regression/w4d/product_full/logs/reset_architecture_pipelined_tests.log,1174,7b0ae4133dd0d4d0b9846969e267ccb39d8f10ad780816a159f5f01bac4e94e8
regression/w4d/product_full/logs/reset_architecture_pipelined_tests_compile.log,0,e3b0c44298fc1c149afbf4c8996fb92427ae41e4649b934ca495991b7852b855
regression/w4d/product_full/logs/reset_architecture_tests.log,1174,7b0ae4133dd0d4d0b9846969e267ccb39d8f10ad780816a159f5f01bac4e94e8
regression/w4d/product_full/logs/reset_architecture_tests_compile.log,0,e3b0c44298fc1c149afbf4c8996fb92427ae41e4649b934ca495991b7852b855
regression/w4d/product_full/logs/synth_tops_compile.log,0,e3b0c44298fc1c149afbf4c8996fb92427ae41e4649b934ca495991b7852b855
regression/w4d/product_full/logs/w2_dual_grant_random_tests.log,332,98aade03027c0fc06954eafddb750a9456e5a19cffdbf917bb8376d533f566a3
regression/w4d/product_full/logs/w2_dual_grant_random_tests_compile.log,0,e3b0c44298fc1c149afbf4c8996fb92427ae41e4649b934ca495991b7852b855
regression/w4d/product_full/logs/w2_dual_grant_tests.log,2306,227fcb5487f74b851a3ff98b701182bddc679883fa5e7e67ae0afb626ef17c55
regression/w4d/product_full/logs/w2_dual_grant_tests_compile.log,0,e3b0c44298fc1c149afbf4c8996fb92427ae41e4649b934ca495991b7852b855
regression/w4d/product_full/logs/w3_completion_buffer_tests.log,1428,f8d680b7fdc9084246f31628e6da8b2c06765ca175b43042090144935130c127
regression/w4d/product_full/logs/w3_completion_buffer_tests_compile.log,0,e3b0c44298fc1c149afbf4c8996fb92427ae41e4649b934ca495991b7852b855
regression/w4d/product_full/logs/w3_dual_execute_random_tests.log,1635,5bb8878041cdc9c6e759f1f36d80db68899439398afa6e04febdc1e2c025b0fe
regression/w4d/product_full/logs/w3_dual_execute_random_tests_compile.log,0,e3b0c44298fc1c149afbf4c8996fb92427ae41e4649b934ca495991b7852b855
regression/w4d/product_full/logs/w3_dual_execute_tests.log,1182,1d327f712a755cbbae5c78ef0d3d38c3fe275320aec5a214a40001194c1bd668
regression/w4d/product_full/logs/w3_dual_execute_tests_compile.log,0,e3b0c44298fc1c149afbf4c8996fb92427ae41e4649b934ca495991b7852b855
regression/w4d/product_full/normalized/branch_not_taken_hls_cpp.jsonl,4445,350407cf41dc1ebe3f9a12592680ec1352d553e4f43182979efc7ea744c41150
regression/w4d/product_full/normalized/branch_not_taken_hls_csim.jsonl,4457,f6871df59f3e037a49062bf93c351985b2fad0fa4ed4ee8142ab9ced6205ca3e
regression/w4d/product_full/normalized/branch_taken_hls_cpp.jsonl,4016,e4d7f0f5f96a4b50d9c69ca51d9de07ccab9246c3272faa9e302f843f7623b23
regression/w4d/product_full/normalized/branch_taken_hls_csim.jsonl,4027,b6649bcb9f74dc22bd5fef9d56b50af28a513f7de0e6d30ed27999f23637f3d8
regression/w4d/product_full/normalized/independent_alu_hls_cpp.jsonl,3679,71adc87c59cb6edbf465cfaad836d0214f4d3ea2ac63ad9f01c47d1472dd8071
regression/w4d/product_full/normalized/independent_alu_hls_csim.jsonl,3689,6e7b8232e79a3bb2a2cd452f3b406cb8dbbd539ed73f8d03fb5384cbf112d0ff
regression/w4d/product_full/normalized/load_store_hls_cpp.jsonl,3257,a48f4627d258d8a0cf40630dbb71064e7b53343e70f688cb879d405f3ce42d76
regression/w4d/product_full/normalized/load_store_hls_csim.jsonl,3266,0b1d4c326df705227058808b20f734d8ff2da72bac428325d00980b2848b8e92
regression/w4d/product_full/normalized/nested_branch_hls_cpp.jsonl,4396,4bdab327c666cfa4119d3e4a11d69e76f36da09b3d94492a8d649fd9049d1540
regression/w4d/product_full/normalized/nested_branch_hls_csim.jsonl,4408,124928d1975d50b924a7c4ced60e519183c5170bca33170fda4e9b14847a37ca
regression/w4d/product_full/normalized/raw_chain_hls_cpp.jsonl,3620,a188ba0bc66588b2a3c0f6bd9d5a16e825d396539e3d4a7ba47fc4fbe5179c4d
regression/w4d/product_full/normalized/raw_chain_hls_csim.jsonl,3630,5d1b84490e3986039b0b210b29afb098ff9945e53d444b9ad953580feb42028f
regression/w4d/product_full/normalized/tohost_hls_cpp.jsonl,1740,6521bcb1a7f07d2157eebb335535e3f4ff43a3845445d131e83df916c2cb6a8e
regression/w4d/product_full/normalized/tohost_hls_csim.jsonl,1745,d741ec3c43978df9803f9425f421e0d66c1968d773c946b91ede5d14d032c472
regression/w4d/product_full/normalized_trace_diff.csv,754,85213291a1366f3134fb26fbe6a232654167c0d09b55c80180bf4917410040c0
regression/w4d/product_full/random_metrics.csv,3864,9db451e2babcef28163a44c98d6f145f6acf050ddea18a4b5d0f27db28180bc8
regression/w4d/product_full/regression_after.md,918,98cba91bb7f8f2786c49da8035e03e0edc545f1fda3affa1fb68319e0a2052b7
regression/w4d/product_full/source_hashes_after.txt,4979,dd7e3458937d38e6393c3e9aa9f6bfa94d3d02271d119cc226a92f6e5704c11b
regression/w4d/product_full/suite_results.csv,1962,2b8a2819e0c234176a6ddeb6a6497ea8f6d9b7a618c5403feb843df3f477f3b3
regression/w4d/product_full/trace_comparison.csv,1258,4016554699152649cdeabddeadde4e79050068f5f0dc871e50cdd23713b7a671
regression/w4d/w4d_cycle_deltas.csv,287,c46a1fd30aea459eda4b6710355c4f70169ce50a97421eeddd6756ecddb5a264
regression/w4d/w4d_event_cycle_deltas.csv,275,4b79d52410a41cfa6dc6cf7932af03e47a640b038810dac93caaea2368562248
regression/w4d/w4d_metrics.csv,435,a825cf46259ed061971ecad7e39999c7d08e3d195674ddad5f6b19cf60f31d3b
regression/w4e/latency_metrics.csv,160,944eed6591e00f3b211de3df9f4bf569cca738bf8407cae64e1b90f4f1eed9a4
regression/w4e/logs/w4_bypass_tests.log,1075,d43952f5addd5477a3d1b995be87186344f577bc6ae53a2bf53f0993848e2543
regression/w4e/logs/w4_bypass_tests_compile.log,0,e3b0c44298fc1c149afbf4c8996fb92427ae41e4649b934ca495991b7852b855
regression/w4e/logs/w4_completion_random_tests.log,16426,5030342fca43c964aaa1a78124a9075effc33ac854544e488e4f33c7b5b9497f
regression/w4e/logs/w4_completion_random_tests_compile.log,0,e3b0c44298fc1c149afbf4c8996fb92427ae41e4649b934ca495991b7852b855
regression/w4e/logs/w4_multi_completion_tests.log,575,d5ed027085c0d02aa7a70c2fe4a746611203ab632f94a7ce86efab3b002ef8a5
regression/w4e/logs/w4_multi_completion_tests_compile.log,0,e3b0c44298fc1c149afbf4c8996fb92427ae41e4649b934ca495991b7852b855
regression/w4e/logs/w4_multi_wakeup_tests.log,1084,75e8931efccbd80285fa12123ef9486796bcc023749b3483db79f01461e95dbf
regression/w4e/logs/w4_multi_wakeup_tests_compile.log,0,e3b0c44298fc1c149afbf4c8996fb92427ae41e4649b934ca495991b7852b855
regression/w4e/logs/w4_multi_writeback_tests.log,1284,d7c324628ef529c26461f008a017069ad150be5732618a113e1a9dafbcb96fb0
regression/w4e/logs/w4_multi_writeback_tests_compile.log,0,e3b0c44298fc1c149afbf4c8996fb92427ae41e4649b934ca495991b7852b855
regression/w4e/logs/w4a_completion_interface_tests.log,1558,124721e90f9db417bb71889d60bca28aeb0ec0833d2330ebed31fb54a1dac9ae
regression/w4e/logs/w4a_completion_interface_tests_compile.log,0,e3b0c44298fc1c149afbf4c8996fb92427ae41e4649b934ca495991b7852b855
regression/w4e/logs/w4b_multi_rob_complete_tests.log,1472,4e9c23a77e945d98f34dc887e115e8fad38947b2bed1514bad51b1acf37e1f88
regression/w4e/logs/w4b_multi_rob_complete_tests_compile.log,0,e3b0c44298fc1c149afbf4c8996fb92427ae41e4649b934ca495991b7852b855
regression/w4e/logs/w4d_rtl_oracle_tests.log,48,2c65508dec7f84a073ac107d738913188889f9ee1c6236f9dde19166a915b1ea
regression/w4e/logs/w4d_rtl_oracle_tests_compile.log,0,e3b0c44298fc1c149afbf4c8996fb92427ae41e4649b934ca495991b7852b855
regression/w4e/product_full/artifact_hashes.csv,7977,286374bfb33e25e9b2c2dc3b4b414345aa39d425ba96d944d7017c9135bbcf6f
regression/w4e/product_full/full_program_architectural_diff.csv,2427,d25515447134e17342ef673ef61be38a00bb3c6a78111417cf77edfbbad4b3f4
regression/w4e/product_full/full_program_architectural_diff.md,993,2a072e422888014609e5df6a966b482167612fb15650bd4abf8dcc9c1ec9056b
regression/w4e/product_full/hls_traces/branch_not_taken_hls_cpp_full.jsonl,6195,d1df090c1b93c412946392b2f34bf93b33425fbf669c8b2549650f5776b80c28
regression/w4e/product_full/hls_traces/branch_not_taken_hls_csim_full.jsonl,6209,6094fa56d0d137b207abcdf55f3fa7108c629b2409f58ef14a914681b286fdcb
regression/w4e/product_full/hls_traces/branch_taken_hls_cpp_full.jsonl,5665,e154c3c83da61a99d9766b871bbfcf39d68109dad0a4160acebfd49d20d03f7e
regression/w4e/product_full/hls_traces/branch_taken_hls_csim_full.jsonl,5678,f00f644b7e3bb11de541b4571c84b15bd0b4cc1441bef3ac23285332e58d9db5
regression/w4e/product_full/hls_traces/independent_alu_hls_cpp_full.jsonl,5240,22a72e98e3098c8402b829cee6b9c7c0cde6b082c1415245baea080c3f79660f
regression/w4e/product_full/hls_traces/independent_alu_hls_csim_full.jsonl,5252,364a640c2d67e35193cf77518c3d0f767be60230306a1eda04cc8d42be4b6e72
regression/w4e/product_full/hls_traces/load_store_hls_cpp_full.jsonl,5707,04c638f1fa0080cacf9abdcc4fd4a6d00372f8d2653a448374089e1a7dbfc532
regression/w4e/product_full/hls_traces/load_store_hls_csim_full.jsonl,5720,ae7d7d8b2bebe3790876493e5c5de56dfd3d70504cf9368689a46b169f10c290
regression/w4e/product_full/hls_traces/nested_branch_hls_cpp_full.jsonl,6140,6bc8c6b756132bb8eab0db7885eb2abe2220376e945cd48962dcdbf71138ff40
regression/w4e/product_full/hls_traces/nested_branch_hls_csim_full.jsonl,6154,75e4a2e42d340cd839de2c040611e0a0f3ff5cd39edeefd6d3c03b8c525cecc2
regression/w4e/product_full/hls_traces/raw_chain_hls_cpp_full.jsonl,5169,506ce2aaea3772a39a450d35a62ad6832256bb4f3678cd75afbd231a78a360c6
regression/w4e/product_full/hls_traces/raw_chain_hls_csim_full.jsonl,5181,189fb5199d0e054450a671d64c5ec94323b4b9ebc0dad02bd3ff473a07fdfd80
regression/w4e/product_full/hls_traces/tohost_hls_cpp_full.jsonl,2817,49acd08edd1d99dd23f71fb9dd707659f58114429147b1122d0f7abc37f8c907
regression/w4e/product_full/hls_traces/tohost_hls_csim_full.jsonl,2824,e5cfc8806b8bc06305ba93c2ad6e0c00890d03a645e1d248edfefc8c921f6d3a
regression/w4e/product_full/logs/branch_snapshot_random_tests.log,5481,e090f56d75582bf4c4e80424f5f7261c9d363d36c1dfd2ac413823bdbe9248c7
regression/w4e/product_full/logs/branch_snapshot_random_tests_compile.log,0,e3b0c44298fc1c149afbf4c8996fb92427ae41e4649b934ca495991b7852b855
regression/w4e/product_full/logs/branch_snapshot_tests.log,2598,412affea88bd48d63154c7f06ecc0f2cd6bd1ca16df3f49c787771dcfed1a6dd
regression/w4e/product_full/logs/branch_snapshot_tests_compile.log,0,e3b0c44298fc1c149afbf4c8996fb92427ae41e4649b934ca495991b7852b855
regression/w4e/product_full/logs/core_top_compile.log,0,e3b0c44298fc1c149afbf4c8996fb92427ae41e4649b934ca495991b7852b855
regression/w4e/product_full/logs/directed_tests.log,1926,b2ac6f5e20c5e43b073ed88aeedf8967e5679dd4a8f7b8e083b8790db2931ab3
regression/w4e/product_full/logs/directed_tests_compile.log,0,e3b0c44298fc1c149afbf4c8996fb92427ae41e4649b934ca495991b7852b855
regression/w4e/product_full/logs/dispatch_retry_tests.log,997,4cd3a0a4df0d4e12c2c46a1b39ec147f7b8ce926b39e1d9ea246fb4dad06140d
regression/w4e/product_full/logs/dispatch_retry_tests_compile.log,0,e3b0c44298fc1c149afbf4c8996fb92427ae41e4649b934ca495991b7852b855
regression/w4e/product_full/logs/full_program_arch_diff.log,619,e3982d3ed288e419dbd64b1b045f52f55b12f2d6f4dd52d8f2d934535c85f81d
regression/w4e/product_full/logs/gate1_regression_tests.log,1085,d02ec2385a6480b1ddab2a86d20047490e56fc30895e7bcc78df6ef0326fd061
regression/w4e/product_full/logs/gate1_regression_tests_compile.log,0,e3b0c44298fc1c149afbf4c8996fb92427ae41e4649b934ca495991b7852b855
regression/w4e/product_full/logs/gate4_w1_lane_interface_tests.log,39,d43bd0e56fd747f34a18a95dff1f25cc218441b617b7f1f4289f2ca037f0d1b3
regression/w4e/product_full/logs/gate4_w1_lane_interface_tests_compile.log,0,e3b0c44298fc1c149afbf4c8996fb92427ae41e4649b934ca495991b7852b855
regression/w4e/product_full/logs/generate_merged.log,76,0da4cdb783a9665d9b35c266cb5e7c08023b60cd07df8d08c372dbe7bd63a224
regression/w4e/product_full/logs/hls_cpp_trace.log,1136,379ac2b4dae2e39cd277fb3a07e5f1b8c527156916227846ec91147b033f6913
regression/w4e/product_full/logs/hls_csim_trace.log,8461,9e79d1cbe0474bc0e6fd12eafed7d980d26b4260736554425b27988ce7e0aba1
regression/w4e/product_full/logs/hls_prefix_trace_tb_compile.log,0,e3b0c44298fc1c149afbf4c8996fb92427ae41e4649b934ca495991b7852b855
regression/w4e/product_full/logs/iq_compaction_tests.log,905,e4ee91f1845a638ac64d9058c794f5888dabf2abaea87af05949432b7c260bda
regression/w4e/product_full/logs/iq_compaction_tests_compile.log,0,e3b0c44298fc1c149afbf4c8996fb92427ae41e4649b934ca495991b7852b855
regression/w4e/product_full/logs/lsu_minimal_tests.log,1131,74df03b790dbf3842ce18c4087b96631ee38b42f49881781d8320784164f90c9
regression/w4e/product_full/logs/lsu_minimal_tests_compile.log,0,e3b0c44298fc1c149afbf4c8996fb92427ae41e4649b934ca495991b7852b855
regression/w4e/product_full/logs/merged_compile.log,0,e3b0c44298fc1c149afbf4c8996fb92427ae41e4649b934ca495991b7852b855
regression/w4e/product_full/logs/partial_order.log,352,76bf81b7b6c371373aa4cd2dcff7df1cf2e6f67aa5d9531eacab5a1b138f93ad
regression/w4e/product_full/logs/partial_order_compile.log,0,e3b0c44298fc1c149afbf4c8996fb92427ae41e4649b934ca495991b7852b855
regression/w4e/product_full/logs/reset_architecture_pipelined_tests.log,1174,7b0ae4133dd0d4d0b9846969e267ccb39d8f10ad780816a159f5f01bac4e94e8
regression/w4e/product_full/logs/reset_architecture_pipelined_tests_compile.log,0,e3b0c44298fc1c149afbf4c8996fb92427ae41e4649b934ca495991b7852b855
regression/w4e/product_full/logs/reset_architecture_tests.log,1174,7b0ae4133dd0d4d0b9846969e267ccb39d8f10ad780816a159f5f01bac4e94e8
regression/w4e/product_full/logs/reset_architecture_tests_compile.log,0,e3b0c44298fc1c149afbf4c8996fb92427ae41e4649b934ca495991b7852b855
regression/w4e/product_full/logs/synth_tops_compile.log,0,e3b0c44298fc1c149afbf4c8996fb92427ae41e4649b934ca495991b7852b855
regression/w4e/product_full/logs/w2_dual_grant_random_tests.log,332,98aade03027c0fc06954eafddb750a9456e5a19cffdbf917bb8376d533f566a3
regression/w4e/product_full/logs/w2_dual_grant_random_tests_compile.log,0,e3b0c44298fc1c149afbf4c8996fb92427ae41e4649b934ca495991b7852b855
regression/w4e/product_full/logs/w2_dual_grant_tests.log,2306,227fcb5487f74b851a3ff98b701182bddc679883fa5e7e67ae0afb626ef17c55
regression/w4e/product_full/logs/w2_dual_grant_tests_compile.log,0,e3b0c44298fc1c149afbf4c8996fb92427ae41e4649b934ca495991b7852b855
regression/w4e/product_full/logs/w3_completion_buffer_tests.log,1428,f8d680b7fdc9084246f31628e6da8b2c06765ca175b43042090144935130c127
regression/w4e/product_full/logs/w3_completion_buffer_tests_compile.log,0,e3b0c44298fc1c149afbf4c8996fb92427ae41e4649b934ca495991b7852b855
regression/w4e/product_full/logs/w3_dual_execute_random_tests.log,1635,2c45d08cad05f930978e07739b95167e1042fd9d753926a87f8bb38bf283f17b
regression/w4e/product_full/logs/w3_dual_execute_random_tests_compile.log,0,e3b0c44298fc1c149afbf4c8996fb92427ae41e4649b934ca495991b7852b855
regression/w4e/product_full/logs/w3_dual_execute_tests.log,1182,1d327f712a755cbbae5c78ef0d3d38c3fe275320aec5a214a40001194c1bd668
regression/w4e/product_full/logs/w3_dual_execute_tests_compile.log,0,e3b0c44298fc1c149afbf4c8996fb92427ae41e4649b934ca495991b7852b855
regression/w4e/product_full/normalized/branch_not_taken_hls_cpp.jsonl,4445,350407cf41dc1ebe3f9a12592680ec1352d553e4f43182979efc7ea744c41150
regression/w4e/product_full/normalized/branch_not_taken_hls_csim.jsonl,4457,f6871df59f3e037a49062bf93c351985b2fad0fa4ed4ee8142ab9ced6205ca3e
regression/w4e/product_full/normalized/branch_taken_hls_cpp.jsonl,4016,e4d7f0f5f96a4b50d9c69ca51d9de07ccab9246c3272faa9e302f843f7623b23
regression/w4e/product_full/normalized/branch_taken_hls_csim.jsonl,4027,b6649bcb9f74dc22bd5fef9d56b50af28a513f7de0e6d30ed27999f23637f3d8
regression/w4e/product_full/normalized/independent_alu_hls_cpp.jsonl,3679,71adc87c59cb6edbf465cfaad836d0214f4d3ea2ac63ad9f01c47d1472dd8071
regression/w4e/product_full/normalized/independent_alu_hls_csim.jsonl,3689,6e7b8232e79a3bb2a2cd452f3b406cb8dbbd539ed73f8d03fb5384cbf112d0ff
regression/w4e/product_full/normalized/load_store_hls_cpp.jsonl,3257,a48f4627d258d8a0cf40630dbb71064e7b53343e70f688cb879d405f3ce42d76
regression/w4e/product_full/normalized/load_store_hls_csim.jsonl,3266,0b1d4c326df705227058808b20f734d8ff2da72bac428325d00980b2848b8e92
regression/w4e/product_full/normalized/nested_branch_hls_cpp.jsonl,4396,4bdab327c666cfa4119d3e4a11d69e76f36da09b3d94492a8d649fd9049d1540
regression/w4e/product_full/normalized/nested_branch_hls_csim.jsonl,4408,124928d1975d50b924a7c4ced60e519183c5170bca33170fda4e9b14847a37ca
regression/w4e/product_full/normalized/raw_chain_hls_cpp.jsonl,3620,a188ba0bc66588b2a3c0f6bd9d5a16e825d396539e3d4a7ba47fc4fbe5179c4d
regression/w4e/product_full/normalized/raw_chain_hls_csim.jsonl,3630,5d1b84490e3986039b0b210b29afb098ff9945e53d444b9ad953580feb42028f
regression/w4e/product_full/normalized/tohost_hls_cpp.jsonl,1740,6521bcb1a7f07d2157eebb335535e3f4ff43a3845445d131e83df916c2cb6a8e
regression/w4e/product_full/normalized/tohost_hls_csim.jsonl,1745,d741ec3c43978df9803f9425f421e0d66c1968d773c946b91ede5d14d032c472
regression/w4e/product_full/normalized_trace_diff.csv,754,85213291a1366f3134fb26fbe6a232654167c0d09b55c80180bf4917410040c0
regression/w4e/product_full/random_metrics.csv,3864,25579056d297e1d8f8775f8ceb6b7fdb0b5997c13239f07da6bf14f4010ed250
regression/w4e/product_full/regression_after.md,918,98cba91bb7f8f2786c49da8035e03e0edc545f1fda3affa1fb68319e0a2052b7
regression/w4e/product_full/source_hashes_after.txt,5202,aad5a72458202967ad3e9c471031eb30f05aa711cf75baa1cd3315a7a5600139
regression/w4e/product_full/suite_results.csv,1962,34181d14e973788df791fc41077ccff1217b2a9850f8ff236ba5b19ed4299643
regression/w4e/product_full/trace_comparison.csv,1258,4016554699152649cdeabddeadde4e79050068f5f0dc871e50cdd23713b7a671
regression/w4e/suite_results.csv,1033,4fb61e02f6449aa7a2cdef275f2206af4c88c53c9b83906408457d50f91d7a4d
regression_after.md,1980,e33c6fa72a4439a545d50a249d1b09293942bea97fee0fe84da1adbd1d3ff803
regression_before.md,1077,848046fee6c2962ed5bb333d9107543fba2fe67f8fe87beaf26128cae0e68e42
resource_summary.csv,1252,1938e5d6a0fa8f14216e054d743297361209afc9005eb696fb10ac80f7d6e0e8
rob_complete_port_mapping.csv,1542,c708b040c4349c7492d2f107f08ee3086d724d81f89b519fc053ea9488cb9170
rtl_comparisons/branch_not_taken_I3_IMEM_RESPONSE_DELAY_4.json,261,35fb05633f464619b10f2097d6207d2232066a2dcb81b4947d50c41548350431
rtl_comparisons/branch_not_taken_N3_NORMAL_BRANCH_NOT_TAKEN.json,261,35fb05633f464619b10f2097d6207d2232066a2dcb81b4947d50c41548350431
rtl_comparisons/branch_taken_B2_TRACE_STALL_BURST.json,261,8866145199cc17c8a212ae7bf9a24e3621f1b4a34e80c81ecba9f434e00ba128
rtl_comparisons/branch_taken_B4_TRACE_STALL_AT_BRANCH_COMMIT.json,261,8866145199cc17c8a212ae7bf9a24e3621f1b4a34e80c81ecba9f434e00ba128
rtl_comparisons/branch_taken_D6_STORE_DURING_BRANCH_FLUSH.json,261,8866145199cc17c8a212ae7bf9a24e3621f1b4a34e80c81ecba9f434e00ba128
rtl_comparisons/branch_taken_I5_IMEM_STALE_RESPONSE_AFTER_REDIRECT.json,261,8866145199cc17c8a212ae7bf9a24e3621f1b4a34e80c81ecba9f434e00ba128
rtl_comparisons/branch_taken_N2_NORMAL_BRANCH_TAKEN.json,261,8866145199cc17c8a212ae7bf9a24e3621f1b4a34e80c81ecba9f434e00ba128
rtl_comparisons/branch_taken_P0_RESET_AND_BRANCH_MISPREDICT.json,261,8866145199cc17c8a212ae7bf9a24e3621f1b4a34e80c81ecba9f434e00ba128
rtl_comparisons/branch_taken_P3_EXCEPTION_AND_BRANCH_MISPREDICT.json,261,8866145199cc17c8a212ae7bf9a24e3621f1b4a34e80c81ecba9f434e00ba128
rtl_comparisons/branch_taken_P7_REDIRECT_AND_IMEM_RESPONSE.json,261,8866145199cc17c8a212ae7bf9a24e3621f1b4a34e80c81ecba9f434e00ba128
rtl_comparisons/branch_taken_R6_RESET_BRANCH_RECOVERY.json,261,8866145199cc17c8a212ae7bf9a24e3621f1b4a34e80c81ecba9f434e00ba128
rtl_comparisons/independent_alu_B0_TRACE_READY_ALWAYS.json,261,0d050df10be347f21c2bf3bf0fbd18758bdee1311151ba2ff2ddb50ac565e4ef
rtl_comparisons/independent_alu_B5_TRACE_STALL_AT_STORE_COMMIT.json,261,0d050df10be347f21c2bf3bf0fbd18758bdee1311151ba2ff2ddb50ac565e4ef
rtl_comparisons/independent_alu_D1_STORE_REQ_STALL.json,261,0d050df10be347f21c2bf3bf0fbd18758bdee1311151ba2ff2ddb50ac565e4ef
rtl_comparisons/independent_alu_I0_IMEM_READY_ALWAYS.json,261,0d050df10be347f21c2bf3bf0fbd18758bdee1311151ba2ff2ddb50ac565e4ef
rtl_comparisons/independent_alu_I2_IMEM_RESPONSE_DELAY_1.json,261,0d050df10be347f21c2bf3bf0fbd18758bdee1311151ba2ff2ddb50ac565e4ef
rtl_comparisons/independent_alu_I6_IMEM_RESPONSE_DURING_RESET.json,261,0d050df10be347f21c2bf3bf0fbd18758bdee1311151ba2ff2ddb50ac565e4ef
rtl_comparisons/independent_alu_N0_NORMAL_INDEPENDENT_ALU.json,261,0d050df10be347f21c2bf3bf0fbd18758bdee1311151ba2ff2ddb50ac565e4ef
rtl_comparisons/independent_alu_P5_COMMIT_AND_TRACE_BACKPRESSURE.json,261,0d050df10be347f21c2bf3bf0fbd18758bdee1311151ba2ff2ddb50ac565e4ef
rtl_comparisons/independent_alu_R0_POWER_ON_RESET.json,261,0d050df10be347f21c2bf3bf0fbd18758bdee1311151ba2ff2ddb50ac565e4ef
rtl_comparisons/independent_alu_R10_RESET_IMMEDIATELY_AFTER_RELEASE.json,261,0d050df10be347f21c2bf3bf0fbd18758bdee1311151ba2ff2ddb50ac565e4ef
rtl_comparisons/independent_alu_R1_RESET_FRONTEND_OUTSTANDING.json,261,0d050df10be347f21c2bf3bf0fbd18758bdee1311151ba2ff2ddb50ac565e4ef
rtl_comparisons/independent_alu_R7_RESET_TRACE_BACKPRESSURE.json,261,0d050df10be347f21c2bf3bf0fbd18758bdee1311151ba2ff2ddb50ac565e4ef
rtl_comparisons/independent_alu_R8_DOUBLE_RUNTIME_RESET.json,261,0d050df10be347f21c2bf3bf0fbd18758bdee1311151ba2ff2ddb50ac565e4ef
rtl_comparisons/independent_alu_R9_RESET_DURING_RESET_INITIALIZATION.json,261,0d050df10be347f21c2bf3bf0fbd18758bdee1311151ba2ff2ddb50ac565e4ef
rtl_comparisons/load_store_D0_DMEM_READY_ALWAYS.json,261,8866145199cc17c8a212ae7bf9a24e3621f1b4a34e80c81ecba9f434e00ba128
rtl_comparisons/load_store_D2_LOAD_REQ_STALL.json,261,8866145199cc17c8a212ae7bf9a24e3621f1b4a34e80c81ecba9f434e00ba128
rtl_comparisons/load_store_D3_LOAD_RESPONSE_DELAY.json,261,8866145199cc17c8a212ae7bf9a24e3621f1b4a34e80c81ecba9f434e00ba128
rtl_comparisons/load_store_D4_LOAD_RANDOM_DELAY.json,261,8866145199cc17c8a212ae7bf9a24e3621f1b4a34e80c81ecba9f434e00ba128
rtl_comparisons/load_store_D5_STALE_LOAD_RESPONSE_AFTER_FLUSH.json,261,8866145199cc17c8a212ae7bf9a24e3621f1b4a34e80c81ecba9f434e00ba128
rtl_comparisons/load_store_D7_DMEM_RESPONSE_DURING_RESET.json,261,8866145199cc17c8a212ae7bf9a24e3621f1b4a34e80c81ecba9f434e00ba128
rtl_comparisons/load_store_N5_NORMAL_LOAD_STORE.json,261,8866145199cc17c8a212ae7bf9a24e3621f1b4a34e80c81ecba9f434e00ba128
rtl_comparisons/load_store_P1_RESET_AND_LOAD_RESPONSE.json,261,8866145199cc17c8a212ae7bf9a24e3621f1b4a34e80c81ecba9f434e00ba128
rtl_comparisons/load_store_P4_BRANCH_MISPREDICT_AND_LOAD_RESPONSE.json,261,8866145199cc17c8a212ae7bf9a24e3621f1b4a34e80c81ecba9f434e00ba128
rtl_comparisons/load_store_R4_RESET_LOAD_PENDING.json,261,8866145199cc17c8a212ae7bf9a24e3621f1b4a34e80c81ecba9f434e00ba128
rtl_comparisons/nested_branch_B3_TRACE_RANDOM_STALL.json,261,35fb05633f464619b10f2097d6207d2232066a2dcb81b4947d50c41548350431
rtl_comparisons/nested_branch_I4_IMEM_RANDOM_DELAY.json,261,35fb05633f464619b10f2097d6207d2232066a2dcb81b4947d50c41548350431
rtl_comparisons/nested_branch_N4_NORMAL_NESTED_BRANCH.json,261,35fb05633f464619b10f2097d6207d2232066a2dcb81b4947d50c41548350431
rtl_comparisons/raw_chain_B1_TRACE_STALL_1.json,261,0d050df10be347f21c2bf3bf0fbd18758bdee1311151ba2ff2ddb50ac565e4ef
rtl_comparisons/raw_chain_I1_IMEM_REQ_STALL.json,261,0d050df10be347f21c2bf3bf0fbd18758bdee1311151ba2ff2ddb50ac565e4ef
rtl_comparisons/raw_chain_N1_NORMAL_RAW_CHAIN.json,261,0d050df10be347f21c2bf3bf0fbd18758bdee1311151ba2ff2ddb50ac565e4ef
rtl_comparisons/raw_chain_R2_RESET_ROB_NONEMPTY.json,261,0d050df10be347f21c2bf3bf0fbd18758bdee1311151ba2ff2ddb50ac565e4ef
rtl_comparisons/raw_chain_R3_RESET_IQ_NONEMPTY.json,261,0d050df10be347f21c2bf3bf0fbd18758bdee1311151ba2ff2ddb50ac565e4ef
rtl_comparisons/tohost_D8_TOHOST_STORE_BACKPRESSURE.json,258,8b0c5d3d0a2c706beac0dd5940228a12e1ac9815e5732502f6fd50f08b4676be
rtl_comparisons/tohost_N6_NORMAL_TOHOST.json,258,8b0c5d3d0a2c706beac0dd5940228a12e1ac9815e5732502f6fd50f08b4676be
rtl_comparisons/tohost_P2_RESET_AND_STORE_ACCEPT.json,258,8b0c5d3d0a2c706beac0dd5940228a12e1ac9815e5732502f6fd50f08b4676be
rtl_comparisons/tohost_P6_COMMIT_AND_STORE_BACKPRESSURE.json,258,8b0c5d3d0a2c706beac0dd5940228a12e1ac9815e5732502f6fd50f08b4676be
rtl_comparisons/tohost_R11_RESET_AFTER_TOHOST_CLEAR_AND_RESTART.json,258,8b0c5d3d0a2c706beac0dd5940228a12e1ac9815e5732502f6fd50f08b4676be
rtl_comparisons/tohost_R5_RESET_STORE_PENDING.json,258,8b0c5d3d0a2c706beac0dd5940228a12e1ac9815e5732502f6fd50f08b4676be
rtl_focused_summary.json,402,b424be64970311bb1e153ac6c13088e69dbd552fc84abd4bc5fb0c3bfe6c36f8
rtl_logs/alu_store_agu_dual_complete.log,1381,53f3c7ced9285a5b83ac145eecd041a2a3e3a4fe484371f1b67f27d6897e16bf
rtl_logs/alu_store_agu_dual_complete.stdout.log,716,3ca6eb9f21d746fad26f704b362c5ee008cbf6a49b425cba22a9d5af81156b01
rtl_logs/alu_store_agu_dual_complete_217988.backup.log,1381,d28faaa2f18f727ef3062dc51922fc7c14838b996d9d1b5a466fac0e8969a389
rtl_logs/alu_store_agu_dual_complete_221768.backup.log,1381,5edea9f0fee07c705a32b79014bcdd131ae134c08a2cb12b2108ef119fe1e930
rtl_logs/alu_store_agu_dual_complete_224054.backup.log,1381,3e2a34114ac33a0ec66b35053495674dabec97af21f9d5b0e3e4cd295b27c095
rtl_logs/alu_store_agu_dual_complete_226379.backup.log,1381,cad48b521071ffb45afdd9185122458ac04ab800091f0ec77928cedf35930a12
rtl_logs/alu_store_agu_dual_complete_228005.backup.log,1381,a700dffa62b9fc2c92a9d28e4bc66bac27ec15e34aaba6469eb84b9d41226717
rtl_logs/branch_load_dual_rob_complete.log,1383,e13b7b14269cd3f4509779f6c08a31f4a23a9f13ab816d20cf4842d42ed77bd1
rtl_logs/branch_load_dual_rob_complete.stdout.log,714,a72ef9b0bb31a5e7eae76f0816727d24de4c96684de1885a6cf9932827872b0c
rtl_logs/branch_load_dual_rob_complete_217937.backup.log,1383,18174fba3a42cb79bbb13b1f824c4de9afc399ec451df5d09e59e092168e6c34
rtl_logs/branch_load_dual_rob_complete_221716.backup.log,1382,9db935938fd84fed1d59eadb786c5131ced4773a20c8ddcf8ebb724b6e65b04d
rtl_logs/branch_load_dual_rob_complete_224002.backup.log,1383,f7875018c2e64611c1c11db4f637178003cff328d08adf6a14ecf9249ffcabe0
rtl_logs/branch_load_dual_rob_complete_226328.backup.log,1383,7abf5d0eb0815c3baf59491bd992c42db18744a30054d282c33dbe3e61833a9d
rtl_logs/branch_load_dual_rob_complete_227952.backup.log,1383,0a5d3c3909268066a46d281ffb954ed9a897e8f19c04827ddbab41c9f198fcf3
rtl_logs/bypass_dependent_chain.log,1371,c89e6270fe514f5e1ed621bac495e0685a2ae0f78b15cf85eae3ef98012df5dd
rtl_logs/bypass_dependent_chain.stdout.log,716,845d11b99707214509945a964100cf4a01a9a634cd23c117ac862a5b9fb98e83
rtl_logs/bypass_dependent_chain_218088.backup.log,1371,2ac07804a34010bb9e85f2176cf1226b415d04ab863729d1bef9f3faade6b955
rtl_logs/bypass_dependent_chain_221870.backup.log,1371,2cd3ca75ea12a7552ae4c79d79d03c55de021264834377a41d75e8892cdfc029
rtl_logs/bypass_dependent_chain_224156.backup.log,1370,ca9cfbf4f7919a2f787ba354d691c96d017ce1297b7a98bace3019a11472b03e
rtl_logs/bypass_dependent_chain_226481.backup.log,1371,198b1ced427419185f49338ef0302ec6a728ac8e6cfe96c37619c7a73d33d566
rtl_logs/bypass_dependent_chain_228106.backup.log,1371,d016c066e8b5e050c98d59e71ca08a3a18e8fcb79b5f1ff31835b4279ce82c0d
rtl_logs/core_step_queued_response_retention.log,1499,c81017f9ae5526b060ea152a3345014f25db4963f41f77b168b5a72c3f7b9fe2
rtl_logs/core_step_queued_response_retention.stdout.log,821,6537db6127a8c706103850177ae3be65cfb53afbc871865fc0cbf9fefac58611
rtl_logs/core_step_queued_response_retention_218516.backup.log,1539,ee9b67988c91a3266b2427e553a3895f36e38a8380301c91e4495a96d2c915a3
rtl_logs/core_step_queued_response_retention_222297.backup.log,1401,37fc4192a7f81399527df75ec5c39b2dc50f6d1bcf6e82bb72bfc360cfd9768e
rtl_logs/core_step_queued_response_retention_224580.backup.log,1401,8c67d13311f310175e95de87715f35f1a9cbf0075f977798323868c697e36e5c
rtl_logs/core_step_queued_response_retention_226905.backup.log,1539,7ad69ab74bad05981e1e05a95ba3b2597cd42f96d481f2fbb2f1bce4429408e8
rtl_logs/core_step_queued_response_retention_228535.backup.log,1499,8b4b56c9f5ee8e9da99bd44fbf373e3b05ad2298e1725d4f7eefd5feebe5e8d5
rtl_logs/core_step_retention_cpp.log,167,84cf537251584cf43fb4d5c7d821dbb96ba34803948fa6959a9681b2defd5970
rtl_logs/core_step_retention_cpp_compile.log,0,e3b0c44298fc1c149afbf4c8996fb92427ae41e4649b934ca495991b7852b855
rtl_logs/correct_branch_cross_conflict.log,1383,5360a2f8a12bc3f7f9cd9fbb8c2767f54ad08612b98f2900c126f1705e3f719f
rtl_logs/correct_branch_cross_conflict.stdout.log,714,7263170772bdb0b3550f5c751aaf38a5ebf22b40da765f3de31ae17039748c38
rtl_logs/correct_branch_cross_conflict_218363.backup.log,1383,46b63280ed63e85e48f547df3b63010ba69669ff575cdb1b9d9e20f121c2ca33
rtl_logs/correct_branch_cross_conflict_222143.backup.log,1383,22437108579e198da183f0125c7923398b7d769de1784f881b53727b8a3c2657
rtl_logs/correct_branch_cross_conflict_224428.backup.log,1383,d323efdbc83269cd33ebca3d92f7a4e59e8dc8300c52d3ef8fb34df9312b38a2
rtl_logs/correct_branch_cross_conflict_226754.backup.log,1383,6ba0af74006332d0167488d2dfc6b3c20f4998c668e5a1307ee6ee70a6ed756b
rtl_logs/correct_branch_cross_conflict_228382.backup.log,1383,dd52ac1be5b2b02e315aa4c3e787c6178b2fca24cb5cf9295f773bf6a5839161
rtl_logs/generate_merged_focused.log,76,ea1a8e2b3c05aaca9c847101504dbde94a349fc6067def05ff0edeb0e780105a
rtl_logs/helper_level_response_retention.log,1389,ff2ab584da416bda2b4861d2b53011bae0d709ccf264f263268fe8425bd93c03
rtl_logs/helper_level_response_retention.stdout.log,716,542750bd90932c0b437051dd366540c562996f3e84e08866da234022c49892df
rtl_logs/helper_level_response_retention_218466.backup.log,1389,67ee473f7dae49f6253d64bf2776a537eab4971bb49cce9029eb8eac83ae93ca
rtl_logs/helper_level_response_retention_222245.backup.log,1389,caad602165a592e40aa364db606a7530b980d503e52d26b7a120bb4cd35b0b22
rtl_logs/helper_level_response_retention_224529.backup.log,1389,d87bc7a330dae2c001ae543c5101e6efaca7f91729d42fb118e7f5f2ecad30bf
rtl_logs/helper_level_response_retention_226855.backup.log,1389,1ae94421f7bf1bd30bc3de70b57dceddbdc610ce42efe1baf6892b4734eec457
rtl_logs/helper_level_response_retention_228485.backup.log,1389,e7450af2171b8f353307d813203509b9c90d6ec1f86f342d4f73d1faffdc82b0
rtl_logs/hls_core_step_retention_generation.log,309867,e17eb01d5699eec0ecfe3005fdd6aaefe88eced225e7ce118b04ff34d8972ec1
rtl_logs/hls_diagnostic_generation.log,179459,ec1516bf4033020529800a1b6efaf8e49f3b66d7efb378ddbe06615b83ea8209
rtl_logs/int_load_dual_writeback.log,1371,4cac8c7466f3c86dee51a048552a50b9bc4342bc03ca720cf73afdddd3b5f2c4
rtl_logs/int_load_dual_writeback.stdout.log,714,a897a7590e9f4f1db5315cae1b13da5e309fc0adea07113eddc6711fb38b2004
rtl_logs/int_load_dual_writeback_217886.backup.log,1371,20edbf6319f8cb25d58a4e9dde59884b8b41642ab0194404d0ea3587b4ff2990
rtl_logs/int_load_dual_writeback_221666.backup.log,1371,98fb8573a62353cee9049bb2d257618b5d2dc880edd91d0c8f092631bf1b45ae
rtl_logs/int_load_dual_writeback_223952.backup.log,1371,ac0c12fde8c2f49a995f79ec215149a7f259b0baf734fea39b8d3a91d84ae49d
rtl_logs/int_load_dual_writeback_226277.backup.log,1371,87bef6d5827084366245033e17a69d3f9261ea3b91e1bc4c005674ee3e6ebc65
rtl_logs/int_load_dual_writeback_227901.backup.log,1371,f2dc765ccc4681a1153486442d33f21563349569cc5e3daaaa36b94657cddabb
rtl_logs/lane2_inactive.log,1355,83b21943a0982417111c58db52c04cfc0ee01196d3d1e2163884ffa7cc4201cd
rtl_logs/lane2_inactive.stdout.log,716,eacfdd1aa0454172a3243be0c90796fdfcd3ae448ed1b933b92518adc49e401f
rtl_logs/lane2_inactive_218312.backup.log,1355,c90091b52f1ec993572ae36f6614adc9c6dc5448377091f8450cf4fc889e3a8d
rtl_logs/lane2_inactive_222093.backup.log,1355,17d2e8cfca499c34dc4db31eeecfe2bf80dec7365aef409179499c38612d0672
rtl_logs/lane2_inactive_224378.backup.log,1355,d9d723c4e9c60eb518ca9897964f748a650b3f578d9ee6fcc98d8999e522cdc4
rtl_logs/lane2_inactive_226700.backup.log,1354,69bd08b6e2b89c7db515ba6f907aeac9186f3d7f4060477aaa9103d96ed19ee0
rtl_logs/lane2_inactive_228328.backup.log,1355,dd2d034272e86f908162aa547945ff18f6fbe21b29d3d65752f406b51d7525cd
rtl_logs/mispredict_killed_nonconflict.log,1383,64a0c376e4ef4c91a12b1a27d1d995724ed1cb779544201199a31e2fbbc2d636
rtl_logs/mispredict_killed_nonconflict.stdout.log,714,17f01009000302299c43c94444067ce8d0df5efbf3178b89b41b4accd1a70921
rtl_logs/mispredict_killed_nonconflict_218567.backup.log,1383,92786dfe612939cce2bd187dd1fbacb63a365894189b766c6cfcb05f9a399749
rtl_logs/mispredict_killed_nonconflict_222348.backup.log,1383,a532e1c3dec0d8d31d343888c8d8fe030e0a06e6773f6ca65e1ba312a0c82fdb
rtl_logs/mispredict_killed_nonconflict_224632.backup.log,1383,9853a278c087218212d984605b8386816f50b82612beaa34f4c76266618dcc25
rtl_logs/mispredict_killed_nonconflict_226955.backup.log,1382,3e4eef8a886ad047c9ed5671a4866a9206be56871c2d6f0ba0a0b1eab24ba975
rtl_logs/mispredict_killed_nonconflict_228585.backup.log,1383,40080051bd6c5b84f1fb4f769a6f70f9cee2fb64519afc73660a53835cb448d1
rtl_logs/persistent_precise_fault_fence.log,1385,be89ead946a47a4fc9d2a9460d98672a85c6226df098d00cb6f0d637c4efff08
rtl_logs/persistent_precise_fault_fence.stdout.log,714,b0b923ab29c90362480f5aa31a3c99882f1f599839d388b725cfbac2a24a816f
rtl_logs/persistent_precise_fault_fence_218416.backup.log,1385,3046b572db86917b72217a3d4ac19b6f185346ee85997cb45ba5f724a64d27cb
rtl_logs/persistent_precise_fault_fence_222193.backup.log,1384,f9e323c901f874e2f36297a3f7479ee2ee1e318dd01b908c9a84aaaa475ca2d7
rtl_logs/persistent_precise_fault_fence_224479.backup.log,1385,26ddcf3dda997c2b7d535fd5da352b9d4e5e0a8df4e2696d471496ae80640651
rtl_logs/persistent_precise_fault_fence_226804.backup.log,1384,22f64a29669e7bcfedaa6c3cdad87e17d7768827848eed51acd05a58d3475c6c
rtl_logs/persistent_precise_fault_fence_228434.backup.log,1385,5b662723d9c447d1820bedb771a09ff8c58bea4e49c46ba0108b037ef584332e
rtl_logs/production_order_response_retention.log,1397,27c381dfe7af387a99f38906228e9133519324519715df6b1b10732e1ec57c62
rtl_logs/production_order_response_retention.stdout.log,716,0c91d27da46fdc94650be6b363f93513f8777b1f7ff309b6ac6efc92d1bc46fc
rtl_logs/production_order_response_retention_176248.backup.log,1397,34fcfb8044f5f254f678b534257d74f30bb5041aabcd3d5d970b661ee70cd17c
rtl_logs/repeated_dual_completion_stress.log,1389,e82275031216736334f7194854dbb83f519d7a079f94f3bd4dd592013c53220d
rtl_logs/repeated_dual_completion_stress.stdout.log,716,e69dd1983bb05fc2fb99f77cb051b522548fdb79ff5b1726288feb3ffb068ee6
rtl_logs/repeated_dual_completion_stress_218210.backup.log,1388,e55325599d92a8094da930a3d02ec7b2025c6eb4433564397754d8d2dc84269d
rtl_logs/repeated_dual_completion_stress_221990.backup.log,1389,79eab63ba2936dd091d48e2befdeb407a8de3476c65d578553de58f660ec0757
rtl_logs/repeated_dual_completion_stress_224274.backup.log,1388,2edaffafece01e41dfd21cdd7379b4563c5e621c566293f32c2cdf157bfc63cd
rtl_logs/repeated_dual_completion_stress_226599.backup.log,1389,e5e80ab203c9f778167f20ce8e1304f2931fb019921555492da67dcab6d9efdb
rtl_logs/repeated_dual_completion_stress_228228.backup.log,1389,89de3214e71fa03b4705985c46feaa9e3363afbeaa8a618b259f8eabe5e73c9f
rtl_logs/tohost_program_status_output.log,1383,318894fd03c91565b699ba443efddff2cfd294b838d6daae8f84db812b69ffdd
rtl_logs/tohost_program_status_output.stdout.log,716,ba96c9a79dc489650c60d81937410390fd52c4f3c05a14aee1b8b8ee882b32a0
rtl_logs/tohost_program_status_output_218261.backup.log,1382,a3065a8e96a71b0d550145a153be3f3e471eb35c3f98c171a4bdcf5faa8ec6ed
rtl_logs/tohost_program_status_output_222042.backup.log,1383,3e190e02295e6fff828907547480e894fc578f2ec225fbf867ff985eb8b627f9
rtl_logs/tohost_program_status_output_224327.backup.log,1382,617c4f53324509476fc5a8b39b9f39b594d5c6a55dbdf116c66ecc4d0d702928
rtl_logs/tohost_program_status_output_226649.backup.log,1383,d4628ad9cabde4f65e2308bf67a64eafc0305cb89da0884d3e5179d348c20c19
rtl_logs/tohost_program_status_output_228278.backup.log,1383,9133c43b4eaf87b145efdd36a394fc04f82d8f1b16f107c2c7e03a8ab338dd1d
rtl_logs/two_producers_wake_two_consumers.log,1391,45ab789fe254fa2e6ebccdbc09b8200ca4869b36ae7f343e493cd6f5232e0e54
rtl_logs/two_producers_wake_two_consumers.stdout.log,716,12b3fb0256d038b93558b8087cc633897115dcfbea8c1e8b79c2f91f10de0796
rtl_logs/two_producers_wake_two_consumers_218038.backup.log,1391,d7cb28339d0cced714eea611bbc7f1334be54879b0d08707fde67026cdd9b11d
rtl_logs/two_producers_wake_two_consumers_221818.backup.log,1391,bd5f2adb4528a511501d36dd5048701135ba1fc0753c27d0603b4cda99def095
rtl_logs/two_producers_wake_two_consumers_224105.backup.log,1390,74148ad48cefaa67092768a4400f9efe488817a70fd3abf85f442e420bfd1d61
rtl_logs/two_producers_wake_two_consumers_226431.backup.log,1391,6de4d2aa4a1f42da6df1bf41741c2703e1f79e4164440006d1a3e22407fa7bb7
rtl_logs/two_producers_wake_two_consumers_228055.backup.log,1391,6d015dadf4c9b86158ca826ace8aab03e7a2c38f358c2bdde5c6bbeb7b5d948d
rtl_logs/w3_current.stdout.log,77,8c249040021678cec4309c2e76da2a68f19e10ebf5f02dfdff27f6c2cc7e22ff
rtl_logs/w4_rtl_guardrails.log,111,d8a83625fe4b9ad006645a0db1a21d1cec2c16323cc67138ec0901c534eac7bf
rtl_logs/write_port_conflict_retention_precise_fault.log,1411,e37bec5226c0321f58e93827aa42cd96e0ce658059164f48bfddf5a6ee480566
rtl_logs/write_port_conflict_retention_precise_fault.stdout.log,714,dd0670e1c3f8e6b2384392882cc4f49e1f43dc27a845ba6767a33e6b9834e9e8
rtl_logs/write_port_conflict_retention_precise_fault_218140.backup.log,1410,5ebe58d69d0f00d95225658383a469041be0028e8e9066b358abc84a2184fdb9
rtl_logs/write_port_conflict_retention_precise_fault_221921.backup.log,1411,94525f161aeef8afa46abdbd27305f76b5b4e13ad7fb72007a12ae124ca4c5a3
rtl_logs/write_port_conflict_retention_precise_fault_224206.backup.log,1411,fd6c552588bb14179b5633d631fbe28864cf80d8b6a114e9596d05995451523a
rtl_logs/write_port_conflict_retention_precise_fault_226531.backup.log,1411,f0927398f8f40b422080db65e2e594f94f590dd15190331f56eb77e309e16d32
rtl_logs/write_port_conflict_retention_precise_fault_228157.backup.log,1411,afaeee8ac0e84deab5557c121d7b5794bfa9075cfcb3a3ec7a86dfa2a2b8e18f
rtl_logs/xsim_build.log,47433,06a092892582df5567674071f3307e8128c3eda73e227a62f25278ea8d1a7388
rtl_test_matrix.csv,5020,535b7c758826ebd9bee3c59af0253e7a5ae580f2aab43d70caf1f20800da296f
source_hashes_after.txt,8559,96fc155c19f193e1b8a3a4ce5fa67b4578b06bb591cf7d6343ee80245865c457
source_hashes_before.txt,2583,6516cf703cbaef12739dbb6901d0958203a1ced3dfc6b53c7a87d90b16a9d2a0
source_scope.md,1308,aad8e1236da465ce8f3311078c9fd0ba465b6b57897c7c4708477c7d95b0cf9a
stage_resource_delta.csv,2505,bed2c0dc6aa1466d75ccfae40204dcad5f8d611e791fbe80ec0cb9f5fa1d8cbe
status_ports_after.csv,770,cae56ea1192e047aef8b15c76a69821d6c689941d31d0b936e35d8d83756cd0f
status_ports_before.csv,757,464f532210ff5581ec6c83efb805d0e0aef2a26bdf2decdf4ba3fbb64e53c78a
status_xsim_independent_alu.jsonl,16168,3dde8896b599a65f88245b701a45982bf8fcd1526b82a0d6467162de9487c7dc
status_xsim_independent_alu.log,1801,91fb1472eb90d39a31b7cec580ebbc9cbd5588eec5a0e2daec34536872fee042
status_xsim_independent_alu_33266.backup.log,1802,0f8ef4606d519e9b67e86c6782c79df1ee28b112313eba46bc4953d2f32584c6
tool_versions.txt,250,f7650c7250867ccf82918bd0f9dc581e7f3abd75b96625aa18e9a8a0c42e29b3
vitis_hls_version.txt,225,da050106496446c50090baf04efb41ad333de0a50a23481fc1eed864b9663f3c
w3_completion_baseline.csv,1374,db08a158767de75d7487a1b1a34b13d6240a82c6d8d99cab4949e96a64062423
w3_current/rtl_logs/branch_kill.log,1378,5a01e9527ce2ae25ac883b89022bf2a7c03e52d1e7d771117d645eaa0f4ca145
w3_current/rtl_logs/branch_kill.stdout.log,688,dac26cb0146870df47b65c765208657fb2155f2bf3ad03995257f7566e4aa5f6
w3_current/rtl_logs/dmem_backpressure.log,1389,4460c7a4f6ca6ef63f217d7dc6d92eabb6a1a66a9b5f6207fd05fd897e17e6e4
w3_current/rtl_logs/dmem_backpressure.stdout.log,687,8d09d414f89a1ae5d16423b4c0247982d1b20dd79d25b6560a43f7045b007540
w3_current/rtl_logs/dual_accept.log,1377,407ca0d9f86ead307cff63477e1e0fb75848d846c54d1daf233e0ef0fb4f23f0
w3_current/rtl_logs/dual_accept.stdout.log,687,a5db3944eaa9f55a9366951b90d3a05f1f72f0a21b4e748d61cb450b19a33dc5
w3_current/rtl_logs/dual_pending.log,1378,56553256cfc61157c5beb3713f00c90a198c554ed9438dbf58bbbe739793ff0b
w3_current/rtl_logs/dual_pending.stdout.log,686,9b7a94e20726ec0ead644fe12697c6c24d4477dd303ea9d9de502432bef34d7a
w3_current/rtl_logs/hls_branch_kill_generation.log,170860,6c2f5380adcfc078e0d3125fbb92bc3859bc25b6add25ff28f6fc76ef99f2f07
w3_current/rtl_logs/hls_completion_generation.log,68992,ca291a0238d9afe379ae4b745757d4a2c9314e71eda75ca523f4ef2ebe87b297
w3_current/rtl_logs/hls_dual_pending_generation.log,47425,7a057bb956fff5191b38e05a9c395f8adbad47bdf52beb94ee77ef22c4e7db06
w3_current/rtl_logs/hls_generation.log,239135,d3ca023e164dfd5161ca24de39ba1209ab93710a614e9adf52b8d670a741c6f7
w3_current/rtl_logs/hls_rob_wrap_generation.log,47315,24a1906ef9f277f85fa90c491700a0f23ca20182cf88cf149bdc2f668c91901c
w3_current/rtl_logs/int_blocked_mem_forward.log,1401,de95f188a0626ec95add6dcac307b99a21bfd6221daa5adf6564127aa861fc5a
w3_current/rtl_logs/int_blocked_mem_forward.stdout.log,687,fa2991fc2643a4b9bdabc7f1f1ba4545ec5d6a26121f0fbf56aa5cd4552c5448
w3_current/rtl_logs/load_response_int_conflict.log,1406,98f45912dee7d7e5882e23173d8161b3fd8c4b6e34f6df5e923ccc75a0c2410d
w3_current/rtl_logs/load_response_int_conflict.stdout.log,687,2b2cb281f203ded4a8591799abce052620c6f2050592d9c6b4b0c8252a343551
w3_current/rtl_logs/mem_blocked_int_forward.log,1400,555715c451336882d4e442ebe4b8e98db1f28197b1dc8f3dd5ac0f2a3efe19a2
w3_current/rtl_logs/mem_blocked_int_forward.stdout.log,687,293861a0b37a4874b872e2e485abdf46578ee388e3c724acc5b1318d736d4389
w3_current/rtl_logs/reset_clear.log,1377,e1d31523ed7a88dee3646f627737cc6465cbb2114350f8157ac1e82f7050326f
w3_current/rtl_logs/reset_clear.stdout.log,687,7a19c5a3abe8cc3c6f20da696b78869183710f368c74e2efa5d40141ad5ebf0b
w3_current/rtl_logs/rob_wrap_multiple_identity.log,1406,6df7b4f6350ac7069fb72f26d47d29bdcab8e1dc3dc675973f395c9cfeb42c36
w3_current/rtl_logs/rob_wrap_multiple_identity.stdout.log,686,fdf29a644c29f04bfd6d6ca7ce3ef784847fa669123307fb85f6d4fa00f38699
w3_current/rtl_logs/stale_completion_identity.log,1407,f9fe64dc03b2febe8effe788e9b0ceeb6cdb6460cad972604d475c1bead296c9
w3_current/rtl_logs/stale_completion_identity.stdout.log,689,a819925d29f2548554f92c2f1526aaff60c9166cce7c1b1aa3b9c6a173cd72ba
w3_current/rtl_logs/trace_backpressure.log,1391,e8ddb81842aa0342df39d2e36f64eced061c048d81dc3bb3d611bcf6b05eddc0
w3_current/rtl_logs/trace_backpressure.stdout.log,687,c8740abea6e9ec5fb65804afd68415cfbd0da25dcc2f3ca6c6319ce84465aa49
w3_current/rtl_logs/wrapper_cpp.log,731,892f79f46ca21fc94b0642c33870b5900307af271783169190263dcaeff56cc6
w3_current/rtl_logs/xsim_build.log,43445,3e7f3897411b149598fdef49e34c316740ae9f39b18a7adc0ecbba67bf6c6344
w3_current/rtl_test_matrix.csv,1882,6930a4dc4eb83e30892ab1d5722e724e1d3d9bf7ae1a256f2f3cbb3fba045c8d
w3_resource_baseline.csv,1337,33a67eef5d47a37623e2db0430688727de5ce6858a8f3b8b79f701854820ca9a
w3_trace_manifest.csv,1271,c9f1f2b3fdd4b09d9fdb90c6c27e7900daa12b0810c58d2655e8745f8976de8b
w4_results.md,9331,54c446ced00e8be81f784f71cfafb440667b30e8b08e8da50ca97951e4133f32
w4a_bind_audit.csv,293,b71e202bbc9e3dfe9a6ead710ae67f7ebbe43ca979db1b3e8c859ed731bfc2bc
w4a_csynth_hashes.sha256,5329,437309de7ee84dd3c280cb31062dddca150389a57a931cdf36d8a710daeb1952
w4a_hls_warnings.csv,231,5fbbbe36d0487978c9cbc7377c74979b679c4865a0cf8ff82facfc4b298dbbc1
w4a_resource_summary.csv,1364,ba6350a030ef7f541a5581e0418877df614f9116ce7ece9052684723a71085cf
w4a_stage_results.md,7014,990286d34324549d346a89ca0bdba961f022c168a9b3814ead6668363f47d10f
w4b_bind_audit.csv,305,27012f3609ea1521b9bcefdd52822adfd17103aeff0ce796b62a1fb3dc88ee0b
w4b_hls_warnings.csv,223,6fc842d141b38ae05ca1dad95879b275015874a2007494280869433a61f44df4
w4b_resource_summary.csv,1473,090e317da5876fffaece2eafa520ab373e7a27bd3c14d79c372b22f27488196c
w4b_stage_results.md,5509,0caeeff25c803ca7ad960528ca2715bdc66cf5b2523b6046663e6144cf2e377e
w4b_width_capacity_audit.csv,628,9594f9af1ed414ecfd173338d18dd346da880c1eef17fef5d832365cd36d5c80
w4c_bind_audit.csv,305,27012f3609ea1521b9bcefdd52822adfd17103aeff0ce796b62a1fb3dc88ee0b
w4c_resource_summary.csv,1434,fb5cdcbc4e2cfaa936dd1e04e6eb626a10d31ed31b9ba39ba90e5aaaccb5af17
w4c_stage_results.md,3708,32c1bdd2ef4f9c51b31ca6059c49f5181c513b8159837e71f9ab40d6c188c8c1
w4d_bind_audit.csv,305,27012f3609ea1521b9bcefdd52822adfd17103aeff0ce796b62a1fb3dc88ee0b
w4d_hls_warnings.csv,439,e4962b0b7c56782b7e5cc57af40fedb27a514656de69228ec65383728e91bac4
w4d_oracle_bind_audit.csv,137,6d5d2d6519551d69a17e4748979034b915ec02892ee8008569b0fc42e80e36d3
w4d_oracle_resource_summary.csv,362,7d1be0c42b9524cf592ef6af7b8036606938c4a84b88d5b376d6f97efd25ba8b
w4d_probe2_bind_audit.csv,137,dc59a85db5b59e19a3b74bfb74f0a98f14fc7971db839839d98e8396141d3725
w4d_probe2_resource_summary.csv,361,bc00812f40e4faee24c3140c735a10a62422482f1059631a1f87b0b2523f9688
w4d_probe3_bind_audit.csv,137,dc59a85db5b59e19a3b74bfb74f0a98f14fc7971db839839d98e8396141d3725
w4d_probe3_resource_summary.csv,362,35510f105494807764c53bed0cd2edba6a70b1f064ac20e7da6a2d26b5b6b946
w4d_probe4_bind_audit.csv,137,dc59a85db5b59e19a3b74bfb74f0a98f14fc7971db839839d98e8396141d3725
w4d_probe4_resource_summary.csv,367,f150c7df7fce518e8c32b80b2d556886ab8307fd0722edf5dda81bcc2e01cd41
w4d_probe5_bind_audit.csv,137,dc59a85db5b59e19a3b74bfb74f0a98f14fc7971db839839d98e8396141d3725
w4d_probe5_resource_summary.csv,363,345689588cc873d3420082973bb6569442dd88caa51272af0784a76afcf11f34
w4d_probe6_bind_audit.csv,137,dc59a85db5b59e19a3b74bfb74f0a98f14fc7971db839839d98e8396141d3725
w4d_probe6_resource_summary.csv,366,8a76251a750a4895f0d95b665bec14d5510338caed5424741ba508d46127d888
w4d_probe_bind_audit.csv,137,dc59a85db5b59e19a3b74bfb74f0a98f14fc7971db839839d98e8396141d3725
w4d_probe_resource_summary.csv,353,f365c15b0ce2380e9659dbb48e1e1b9d05d8b9d2d78aaf7e81b109e2f5134b8c
w4d_resource_summary.csv,1462,a5d8f5455542911f7f6dd20b8b2215a1e6cf444af27e09239a451f6aa0773de2
w4d_review_fix_results.md,3992,cf62f1e7b5e21acbf3b009ff996cc36fc2a0d1a8eadec7991d323a263f5a5c39
w4d_rtl_oracle_results.csv,1220,d00d122e5401dcbcc9bb24cb1486ac57058ca517f0c625d6945c4df673fabbbd
w4d_stage_results.md,4959,7ce81148e0b30b666797f63a1b41e56c2a349d21421f332917c772463fe16483
w4d_xsim_build.log,26767,0f7010c513a225db1f4bf582799234606c6fd37d4c50044cc0f4084a3c1583a4
w4d_xsim_compatibility.csv,440,986ec53ce2f378914bb32afc0a223d044caa67aab40d3f02d900bd9f983f9d9d
w4e_inline_probe_bind_audit.csv,137,dc59a85db5b59e19a3b74bfb74f0a98f14fc7971db839839d98e8396141d3725
w4e_inline_probe_resource_summary.csv,365,a1684cb93214ef7eca7f6847cc2543a962337563bc40400789ef2b4363663989
w4e_latency0_probe_bind_audit.csv,137,dc59a85db5b59e19a3b74bfb74f0a98f14fc7971db839839d98e8396141d3725
w4e_latency0_probe_resource_summary.csv,369,8898a9cb703ac3d0c61665c23a0d1b2fb57bc732911ce479060479a9a46fc065
w4e_latency_probe_bind_audit.csv,137,dc59a85db5b59e19a3b74bfb74f0a98f14fc7971db839839d98e8396141d3725
w4e_latency_probe_resource_summary.csv,367,f4a35b7925d442fe5b0e55f550379b917c80eead5f0b09a84117f01ed4c01e03
w4e_lvt_probe_bind_audit.csv,137,dc59a85db5b59e19a3b74bfb74f0a98f14fc7971db839839d98e8396141d3725
w4e_lvt_probe_resource_summary.csv,359,99c2ff0cbbc9b40ad9f65291743298d924b0a42ef9ec4877c1447034a940e076
w4e_named_ports_probe_bind_audit.csv,137,dc59a85db5b59e19a3b74bfb74f0a98f14fc7971db839839d98e8396141d3725
w4e_named_ports_probe_resource_summary.csv,375,b21f102b51375602f0336d719b8a89f9568f262a87d3f144bcbe557da81d9a9e
w4e_nopipe_probe_bind_audit.csv,137,dc59a85db5b59e19a3b74bfb74f0a98f14fc7971db839839d98e8396141d3725
w4e_nopipe_probe_resource_summary.csv,365,a3ecb6848b664440a76af554dd8b92f0661ef55a41d944258dc9af471f0645e3
w4e_ordered_probe_bind_audit.csv,137,dc59a85db5b59e19a3b74bfb74f0a98f14fc7971db839839d98e8396141d3725
w4e_ordered_probe_resource_summary.csv,367,9b719bc7199f2a67fd4b3969a25810778a0f077b6934fa73a64d9f15ade2ee99
w4e_unroll_probe_bind_audit.csv,137,dc59a85db5b59e19a3b74bfb74f0a98f14fc7971db839839d98e8396141d3725
w4e_unroll_probe_resource_summary.csv,365,9c777d98d902654428be0c1b41047de1320cca313accc4472650bb55c3b4f2d2
wakeup_port_mapping.csv,1330,00f3a937e00bf302ac1c828a111c01841c4d220e7973affa2b2b25bd83aa8afd
writeback_topology.csv,1937,df890ca9bff96e818e9c317f76cba7f4de2daab1ecd0c8835d3818bf3b0b9174
