
****** Vitis HLS - High-Level Synthesis from C, C++ and OpenCL v2021.2 (64-bit)
  **** SW Build 3367213 on Tue Oct 19 02:47:39 MDT 2021
  **** IP Build 3369179 on Thu Oct 21 08:25:16 MDT 2021
    ** Copyright 1986-2021 Xilinx, Inc. All Rights Reserved.

source /home/lab_726/Xilinx/Vitis_HLS/2021.2/scripts/vitis_hls/hls.tcl -notrace
INFO: [HLS 200-10] Running '/home/lab_726/Xilinx/Vitis_HLS/2021.2/bin/unwrapped/lnx64.o/vitis_hls'
INFO: [HLS 200-10] For user 'lab_726' on host '726' (Linux_x86_64 version 6.8.0-136-generic) on Tue Aug 04 18:38:24 CST 2026
INFO: [HLS 200-10] On os Ubuntu 22.04.5 LTS
INFO: [HLS 200-10] In directory '/home/lab_726/boom/hls_boom/build/gate4_0/w4_rtl'
Sourcing Tcl script '/home/lab_726/boom/hls_boom/build/gate4_0/w4_rtl/run_hls.tcl'
INFO: [HLS 200-1510] Running: open_project -reset hls_project 
INFO: [HLS 200-10] Creating and opening project '/home/lab_726/boom/hls_boom/build/gate4_0/w4_rtl/hls_project'.
INFO: [HLS 200-1510] Running: set_top synth_w4d_oracle_top 
INFO: [HLS 200-1510] Running: add_files -cflags -std=c++11 -I/home/lab_726/boom/hls_boom/include /home/lab_726/boom/hls_boom/src/boom_core_merged.cpp 
INFO: [HLS 200-10] Adding design file '/home/lab_726/boom/hls_boom/src/boom_core_merged.cpp' to the project
INFO: [HLS 200-1510] Running: open_solution -reset solution_w4_rtl 
INFO: [HLS 200-10] Creating and opening solution '/home/lab_726/boom/hls_boom/build/gate4_0/w4_rtl/hls_project/solution_w4_rtl'.
INFO: [HLS 200-10] Cleaning up the solution database.
WARNING: [HLS 200-40] No /home/lab_726/boom/hls_boom/build/gate4_0/w4_rtl/hls_project/solution_w4_rtl/solution_w4_rtl.aps file found.
INFO: [HLS 200-1505] Using default flow_target 'vivado'
Resolution: For help on HLS 200-1505 see www.xilinx.com/cgi-bin/docs/rdoc?v=2021.2;t=hls+guidance;d=200-1505.html
INFO: [HLS 200-1510] Running: set_part xczu7ev-ffvc1156-2-e 
INFO: [HLS 200-1611] Setting target device to 'xczu7ev-ffvc1156-2-e'
INFO: [HLS 200-1510] Running: create_clock -period 10 -name default 
INFO: [SYN 201-201] Setting up clock 'default' with a period of 10ns.
INFO: [HLS 200-1510] Running: config_compile -pipeline_loops 0 
INFO: [XFORM 203-1171] Pipeline the innermost loop with trip count more than 0 or its parent loop when its trip count is less than or equal 0.
INFO: [HLS 200-1510] Running: csynth_design 
INFO: [HLS 200-111] Finished File checks and directory preparation: CPU user time: 0 seconds. CPU system time: 0 seconds. Elapsed time: 0 seconds; current allocated memory: 1.321 GB.
INFO: [HLS 200-10] Analyzing design file '/home/lab_726/boom/hls_boom/src/boom_core_merged.cpp' ... 
INFO: [HLS 200-111] Finished Source Code Analysis and Preprocessing: CPU user time: 1.06 seconds. CPU system time: 0.3 seconds. Elapsed time: 0.84 seconds; current allocated memory: 418.852 MB.
INFO: [HLS 200-777] Using interface defaults for 'Vivado' flow target.
INFO: [HLS 214-284] Auto array partition mode is set into default.
INFO: [HLS 214-131] Inlining function 'boom::completion_from_execute(ExecuteState::AluResult const&, CompletionSourceId, RobCompleteEvent&)' into 'boom::capture_execute_events(BoomCoreState&)' (/home/lab_726/boom/hls_boom/src/boom_core_merged.cpp:937:9)
INFO: [HLS 214-131] Inlining function 'boom::completion_from_execute(ExecuteState::AluResult const&, CompletionSourceId, RobCompleteEvent&)' into 'boom::capture_execute_events(BoomCoreState&)' (/home/lab_726/boom/hls_boom/src/boom_core_merged.cpp:953:9)
INFO: [HLS 214-131] Inlining function 'boom::build_rob_complete_ports(BoomCoreState const&, RobCompleteEvent*)' into 'boom::resolve_oldest_pending_branch(BoomCoreState&)' (/home/lab_726/boom/hls_boom/src/boom_core_merged.cpp:1004:5)
INFO: [HLS 214-131] Inlining function 'boom::mark_control_resolved(BoomCoreState&, CompletionSourceId)' into 'boom::resolve_oldest_pending_branch(BoomCoreState&)' (/home/lab_726/boom/hls_boom/src/boom_core_merged.cpp:1021:5)
INFO: [HLS 214-131] Inlining function 'boom::completion_writes_integer(RobCompleteEvent const&)' into 'boom::raise_writeback_validation_fault(BoomCoreState&, RobCompleteEvent const*, unsigned char)' (/home/lab_726/boom/hls_boom/src/boom_core_merged.cpp:752:14)
INFO: [HLS 214-131] Inlining function 'boom::clear_pending_pdst(BoomCoreState&, unsigned char)' into 'boom::raise_writeback_validation_fault(BoomCoreState&, RobCompleteEvent const*, unsigned char)' (/home/lab_726/boom/hls_boom/src/boom_core_merged.cpp:788:5)
INFO: [HLS 214-131] Inlining function 'boom::completion_writes_integer(RobCompleteEvent const&)' into 'boom::raise_writeback_validation_fault(BoomCoreState&, RobCompleteEvent const*, unsigned char)' (/home/lab_726/boom/hls_boom/src/boom_core_merged.cpp:766:14)
INFO: [HLS 214-131] Inlining function 'boom::build_rob_complete_ports(BoomCoreState const&, RobCompleteEvent*)' into 'boom::validate_surviving_writers(BoomCoreState&)' (/home/lab_726/boom/hls_boom/src/boom_core_merged.cpp:1027:5)
INFO: [HLS 214-131] Inlining function 'boom::result_can_forward(BoomCoreState const&, RobCompleteEvent const&)' into 'boom::validate_surviving_writers(BoomCoreState&)' (/home/lab_726/boom/hls_boom/src/boom_core_merged.cpp:1029:14)
INFO: [HLS 214-131] Inlining function 'boom::result_can_forward(BoomCoreState const&, RobCompleteEvent const&)' into 'boom::validate_surviving_writers(BoomCoreState&)' (/home/lab_726/boom/hls_boom/src/boom_core_merged.cpp:1031:18)
INFO: [HLS 214-131] Inlining function 'boom::raise_writeback_validation_fault(BoomCoreState&, RobCompleteEvent const*, unsigned char)' into 'boom::validate_surviving_writers(BoomCoreState&)' (/home/lab_726/boom/hls_boom/src/boom_core_merged.cpp:1034:13)
INFO: [HLS 214-131] Inlining function 'boom::build_rob_complete_ports(BoomCoreState const&, RobCompleteEvent*)' into 'boom::build_wakeup_bypass_ports(BoomCoreState&)' (/home/lab_726/boom/hls_boom/src/boom_core_merged.cpp:794:5)
INFO: [HLS 214-131] Inlining function 'boom::result_can_forward(BoomCoreState const&, RobCompleteEvent const&)' into 'boom::build_wakeup_bypass_ports(BoomCoreState&)' (/home/lab_726/boom/hls_boom/src/boom_core_merged.cpp:807:21)
INFO: [HLS 214-131] Inlining function 'boom::oldest_precise_exception(BoomCoreState const&, RobCompleteEvent const*, unsigned char&)' into 'boom::build_wakeup_bypass_ports(BoomCoreState&)' (/home/lab_726/boom/hls_boom/src/boom_core_merged.cpp:811:28)
INFO: [HLS 214-131] Inlining function 'boom::raise_writeback_validation_fault(BoomCoreState&, RobCompleteEvent const*, unsigned char)' into 'boom::build_wakeup_bypass_ports(BoomCoreState&)' (/home/lab_726/boom/hls_boom/src/boom_core_merged.cpp:851:9)
INFO: [HLS 214-131] Inlining function 'boom::completion_writes_integer(RobCompleteEvent const&)' into 'boom::write_conflicts(BoomCoreState const&, RobCompleteEvent const*, int)' (/home/lab_726/boom/hls_boom/src/boom_core_merged.cpp:1045:7)
INFO: [HLS 214-131] Inlining function 'boom::completion_writes_integer(RobCompleteEvent const&)' into 'boom::write_conflicts(BoomCoreState const&, RobCompleteEvent const*, int)' (/home/lab_726/boom/hls_boom/src/boom_core_merged.cpp:1048:14)
INFO: [HLS 214-131] Inlining function 'boom::completion_writes_integer(RobCompleteEvent const&)' into 'boom::apply_completion_selected(BoomCoreState&, RobCompleteEvent const&, bool, bool)' (/home/lab_726/boom/hls_boom/src/boom_core_merged.cpp:636:27)
INFO: [HLS 214-131] Inlining function 'boom::prf_seed(BoomCoreState&, unsigned char, unsigned long)' into 'boom::apply_completion_selected(BoomCoreState&, RobCompleteEvent const&, bool, bool)' (/home/lab_726/boom/hls_boom/src/boom_core_merged.cpp:655:9)
INFO: [HLS 214-131] Inlining function 'boom::build_rob_complete_ports(BoomCoreState const&, RobCompleteEvent*)' into 'boom::service_pending(BoomCoreState&)' (/home/lab_726/boom/hls_boom/src/boom_core_merged.cpp:1087:9)
INFO: [HLS 214-131] Inlining function 'boom::oldest_precise_exception(BoomCoreState const&, RobCompleteEvent const*, unsigned char&)' into 'boom::service_pending(BoomCoreState&)' (/home/lab_726/boom/hls_boom/src/boom_core_merged.cpp:1088:27)
INFO: [HLS 214-131] Inlining function 'boom::discard_invalid_pending(BoomCoreState&)' into 'boom::service_pending(BoomCoreState&)' (/home/lab_726/boom/hls_boom/src/boom_core_merged.cpp:1093:9)
INFO: [HLS 214-131] Inlining function 'boom::build_rob_complete_ports(BoomCoreState const&, RobCompleteEvent*)' into 'boom::service_pending(BoomCoreState&)' (/home/lab_726/boom/hls_boom/src/boom_core_merged.cpp:1095:9)
INFO: [HLS 214-131] Inlining function 'boom::completion_writes_integer(RobCompleteEvent const&)' into 'boom::service_pending(BoomCoreState&)' (/home/lab_726/boom/hls_boom/src/boom_core_merged.cpp:1117:37)
INFO: [HLS 214-131] Inlining function 'boom::write_conflicts(BoomCoreState const&, RobCompleteEvent const*, int)' into 'boom::service_pending(BoomCoreState&)' (/home/lab_726/boom/hls_boom/src/boom_core_merged.cpp:1119:54)
INFO: [HLS 214-131] Inlining function 'boom::completion_writes_integer(RobCompleteEvent const&)' into 'boom::service_pending(BoomCoreState&)' (/home/lab_726/boom/hls_boom/src/boom_core_merged.cpp:1140:27)
INFO: [HLS 214-131] Inlining function 'boom::apply_completion_selected(BoomCoreState&, RobCompleteEvent const&, bool, bool)' into 'boom::service_pending(BoomCoreState&)' (/home/lab_726/boom/hls_boom/src/boom_core_merged.cpp:1147:24)
INFO: [HLS 214-131] Inlining function 'boom::apply_completion_selected(BoomCoreState&, RobCompleteEvent const&, bool, bool)' into 'boom::service_pending(BoomCoreState&)' (/home/lab_726/boom/hls_boom/src/boom_core_merged.cpp:1156:24)
INFO: [HLS 214-131] Inlining function 'boom::apply_completion_selected(BoomCoreState&, RobCompleteEvent const&, bool, bool)' into 'boom::service_pending(BoomCoreState&)' (/home/lab_726/boom/hls_boom/src/boom_core_merged.cpp:1164:24)
INFO: [HLS 214-131] Inlining function 'boom::capture_execute_events(BoomCoreState&)' into 'boom::begin_completion_cycle(BoomCoreState&)' (/home/lab_726/boom/hls_boom/src/boom_core_merged.cpp:1213:5)
INFO: [HLS 214-131] Inlining function 'boom::resolve_oldest_pending_branch(BoomCoreState&)' into 'boom::begin_completion_cycle(BoomCoreState&)' (/home/lab_726/boom/hls_boom/src/boom_core_merged.cpp:1214:5)
INFO: [HLS 214-131] Inlining function 'boom::validate_surviving_writers(BoomCoreState&)' into 'boom::begin_completion_cycle(BoomCoreState&)' (/home/lab_726/boom/hls_boom/src/boom_core_merged.cpp:1215:5)
INFO: [HLS 214-131] Inlining function 'boom::build_wakeup_bypass_ports(BoomCoreState&)' into 'boom::begin_completion_cycle(BoomCoreState&)' (/home/lab_726/boom/hls_boom/src/boom_core_merged.cpp:1216:5)
INFO: [HLS 214-131] Inlining function 'w4d_oracle_owner(BoomCoreState&, unsigned char, unsigned int, unsigned char)' into 'synth_w4d_oracle_top(unsigned char, unsigned long*)' (/home/lab_726/boom/hls_boom/src/boom_core_merged.cpp:3601:9)
INFO: [HLS 214-131] Inlining function 'w4d_oracle_owner(BoomCoreState&, unsigned char, unsigned int, unsigned char)' into 'synth_w4d_oracle_top(unsigned char, unsigned long*)' (/home/lab_726/boom/hls_boom/src/boom_core_merged.cpp:3602:9)
INFO: [HLS 214-131] Inlining function 'w4d_oracle_result(BoomCoreState const&, unsigned char, unsigned long)' into 'synth_w4d_oracle_top(unsigned char, unsigned long*)' (/home/lab_726/boom/hls_boom/src/boom_core_merged.cpp:3603:40)
INFO: [HLS 214-131] Inlining function 'w4d_oracle_result(BoomCoreState const&, unsigned char, unsigned long)' into 'synth_w4d_oracle_top(unsigned char, unsigned long*)' (/home/lab_726/boom/hls_boom/src/boom_core_merged.cpp:3604:40)
INFO: [HLS 214-131] Inlining function 'w4d_oracle_owner(BoomCoreState&, unsigned char, unsigned int, unsigned char)' into 'synth_w4d_oracle_top(unsigned char, unsigned long*)' (/home/lab_726/boom/hls_boom/src/boom_core_merged.cpp:3606:9)
INFO: [HLS 214-131] Inlining function 'w4d_oracle_owner(BoomCoreState&, unsigned char, unsigned int, unsigned char)' into 'synth_w4d_oracle_top(unsigned char, unsigned long*)' (/home/lab_726/boom/hls_boom/src/boom_core_merged.cpp:3607:9)
INFO: [HLS 214-131] Inlining function 'w4d_oracle_result(BoomCoreState const&, unsigned char, unsigned long)' into 'synth_w4d_oracle_top(unsigned char, unsigned long*)' (/home/lab_726/boom/hls_boom/src/boom_core_merged.cpp:3609:40)
INFO: [HLS 214-131] Inlining function 'w4d_oracle_result(BoomCoreState const&, unsigned char, unsigned long)' into 'synth_w4d_oracle_top(unsigned char, unsigned long*)' (/home/lab_726/boom/hls_boom/src/boom_core_merged.cpp:3610:40)
INFO: [HLS 214-131] Inlining function 'w4d_oracle_owner(BoomCoreState&, unsigned char, unsigned int, unsigned char)' into 'synth_w4d_oracle_top(unsigned char, unsigned long*)' (/home/lab_726/boom/hls_boom/src/boom_core_merged.cpp:3612:9)
INFO: [HLS 214-131] Inlining function 'w4d_oracle_owner(BoomCoreState&, unsigned char, unsigned int, unsigned char)' into 'synth_w4d_oracle_top(unsigned char, unsigned long*)' (/home/lab_726/boom/hls_boom/src/boom_core_merged.cpp:3613:9)
INFO: [HLS 214-131] Inlining function 'w4d_oracle_result(BoomCoreState const&, unsigned char, unsigned long)' into 'synth_w4d_oracle_top(unsigned char, unsigned long*)' (/home/lab_726/boom/hls_boom/src/boom_core_merged.cpp:3616:40)
INFO: [HLS 214-131] Inlining function 'w4d_oracle_result(BoomCoreState const&, unsigned char, unsigned long)' into 'synth_w4d_oracle_top(unsigned char, unsigned long*)' (/home/lab_726/boom/hls_boom/src/boom_core_merged.cpp:3619:40)
INFO: [HLS 214-131] Inlining function 'w4d_oracle_owner(BoomCoreState&, unsigned char, unsigned int, unsigned char)' into 'synth_w4d_oracle_top(unsigned char, unsigned long*)' (/home/lab_726/boom/hls_boom/src/boom_core_merged.cpp:3621:9)
INFO: [HLS 214-131] Inlining function 'w4d_oracle_owner(BoomCoreState&, unsigned char, unsigned int, unsigned char)' into 'synth_w4d_oracle_top(unsigned char, unsigned long*)' (/home/lab_726/boom/hls_boom/src/boom_core_merged.cpp:3622:9)
INFO: [HLS 214-131] Inlining function 'w4d_oracle_owner(BoomCoreState&, unsigned char, unsigned int, unsigned char)' into 'synth_w4d_oracle_top(unsigned char, unsigned long*)' (/home/lab_726/boom/hls_boom/src/boom_core_merged.cpp:3623:9)
INFO: [HLS 214-131] Inlining function 'w4d_oracle_result(BoomCoreState const&, unsigned char, unsigned long)' into 'synth_w4d_oracle_top(unsigned char, unsigned long*)' (/home/lab_726/boom/hls_boom/src/boom_core_merged.cpp:3630:40)
INFO: [HLS 214-131] Inlining function 'w4d_oracle_result(BoomCoreState const&, unsigned char, unsigned long)' into 'synth_w4d_oracle_top(unsigned char, unsigned long*)' (/home/lab_726/boom/hls_boom/src/boom_core_merged.cpp:3631:40)
INFO: [HLS 214-131] Inlining function 'w4d_oracle_owner(BoomCoreState&, unsigned char, unsigned int, unsigned char)' into 'synth_w4d_oracle_top(unsigned char, unsigned long*)' (/home/lab_726/boom/hls_boom/src/boom_core_merged.cpp:3633:9)
INFO: [HLS 214-131] Inlining function 'w4d_oracle_owner(BoomCoreState&, unsigned char, unsigned int, unsigned char)' into 'synth_w4d_oracle_top(unsigned char, unsigned long*)' (/home/lab_726/boom/hls_boom/src/boom_core_merged.cpp:3634:9)
INFO: [HLS 214-131] Inlining function 'w4d_oracle_owner(BoomCoreState&, unsigned char, unsigned int, unsigned char)' into 'synth_w4d_oracle_top(unsigned char, unsigned long*)' (/home/lab_726/boom/hls_boom/src/boom_core_merged.cpp:3635:9)
INFO: [HLS 214-131] Inlining function 'w4d_oracle_result(BoomCoreState const&, unsigned char, unsigned long)' into 'synth_w4d_oracle_top(unsigned char, unsigned long*)' (/home/lab_726/boom/hls_boom/src/boom_core_merged.cpp:3646:40)
INFO: [HLS 214-131] Inlining function 'w4d_oracle_result(BoomCoreState const&, unsigned char, unsigned long)' into 'synth_w4d_oracle_top(unsigned char, unsigned long*)' (/home/lab_726/boom/hls_boom/src/boom_core_merged.cpp:3650:40)
INFO: [HLS 214-131] Inlining function 'w4d_oracle_owner(BoomCoreState&, unsigned char, unsigned int, unsigned char)' into 'synth_w4d_oracle_top(unsigned char, unsigned long*)' (/home/lab_726/boom/hls_boom/src/boom_core_merged.cpp:3653:9)
INFO: [HLS 214-131] Inlining function 'w4d_oracle_owner(BoomCoreState&, unsigned char, unsigned int, unsigned char)' into 'synth_w4d_oracle_top(unsigned char, unsigned long*)' (/home/lab_726/boom/hls_boom/src/boom_core_merged.cpp:3654:9)
INFO: [HLS 214-131] Inlining function 'w4d_oracle_owner(BoomCoreState&, unsigned char, unsigned int, unsigned char)' into 'synth_w4d_oracle_top(unsigned char, unsigned long*)' (/home/lab_726/boom/hls_boom/src/boom_core_merged.cpp:3655:9)
INFO: [HLS 214-131] Inlining function 'w4d_oracle_result(BoomCoreState const&, unsigned char, unsigned long)' into 'synth_w4d_oracle_top(unsigned char, unsigned long*)' (/home/lab_726/boom/hls_boom/src/boom_core_merged.cpp:3662:40)
INFO: [HLS 214-131] Inlining function 'w4d_oracle_result(BoomCoreState const&, unsigned char, unsigned long)' into 'synth_w4d_oracle_top(unsigned char, unsigned long*)' (/home/lab_726/boom/hls_boom/src/boom_core_merged.cpp:3663:40)
INFO: [HLS 214-131] Inlining function 'w4d_oracle_owner(BoomCoreState&, unsigned char, unsigned int, unsigned char)' into 'synth_w4d_oracle_top(unsigned char, unsigned long*)' (/home/lab_726/boom/hls_boom/src/boom_core_merged.cpp:3665:9)
INFO: [HLS 214-131] Inlining function 'w4d_oracle_owner(BoomCoreState&, unsigned char, unsigned int, unsigned char)' into 'synth_w4d_oracle_top(unsigned char, unsigned long*)' (/home/lab_726/boom/hls_boom/src/boom_core_merged.cpp:3666:9)
INFO: [HLS 214-131] Inlining function 'w4d_oracle_owner(BoomCoreState&, unsigned char, unsigned int, unsigned char)' into 'synth_w4d_oracle_top(unsigned char, unsigned long*)' (/home/lab_726/boom/hls_boom/src/boom_core_merged.cpp:3667:9)
INFO: [HLS 214-131] Inlining function 'w4d_oracle_result(BoomCoreState const&, unsigned char, unsigned long)' into 'synth_w4d_oracle_top(unsigned char, unsigned long*)' (/home/lab_726/boom/hls_boom/src/boom_core_merged.cpp:3674:40)
INFO: [HLS 214-131] Inlining function 'w4d_oracle_result(BoomCoreState const&, unsigned char, unsigned long)' into 'synth_w4d_oracle_top(unsigned char, unsigned long*)' (/home/lab_726/boom/hls_boom/src/boom_core_merged.cpp:3675:40)
INFO: [HLS 214-131] Inlining function 'w4d_oracle_owner(BoomCoreState&, unsigned char, unsigned int, unsigned char)' into 'synth_w4d_oracle_top(unsigned char, unsigned long*)' (/home/lab_726/boom/hls_boom/src/boom_core_merged.cpp:3679:9)
INFO: [HLS 214-131] Inlining function 'w4d_oracle_owner(BoomCoreState&, unsigned char, unsigned int, unsigned char)' into 'synth_w4d_oracle_top(unsigned char, unsigned long*)' (/home/lab_726/boom/hls_boom/src/boom_core_merged.cpp:3680:9)
INFO: [HLS 214-131] Inlining function 'w4d_oracle_result(BoomCoreState const&, unsigned char, unsigned long)' into 'synth_w4d_oracle_top(unsigned char, unsigned long*)' (/home/lab_726/boom/hls_boom/src/boom_core_merged.cpp:3690:44)
INFO: [HLS 214-131] Inlining function 'w4d_oracle_result(BoomCoreState const&, unsigned char, unsigned long)' into 'synth_w4d_oracle_top(unsigned char, unsigned long*)' (/home/lab_726/boom/hls_boom/src/boom_core_merged.cpp:3694:40)
INFO: [HLS 214-131] Inlining function 'w4d_oracle_owner(BoomCoreState&, unsigned char, unsigned int, unsigned char)' into 'synth_w4d_oracle_top(unsigned char, unsigned long*)' (/home/lab_726/boom/hls_boom/src/boom_core_merged.cpp:3707:9)
INFO: [HLS 214-131] Inlining function 'w4d_oracle_owner(BoomCoreState&, unsigned char, unsigned int, unsigned char)' into 'synth_w4d_oracle_top(unsigned char, unsigned long*)' (/home/lab_726/boom/hls_boom/src/boom_core_merged.cpp:3708:9)
INFO: [HLS 214-131] Inlining function 'w4d_oracle_result(BoomCoreState const&, unsigned char, unsigned long)' into 'synth_w4d_oracle_top(unsigned char, unsigned long*)' (/home/lab_726/boom/hls_boom/src/boom_core_merged.cpp:3709:40)
INFO: [HLS 214-131] Inlining function 'w4d_oracle_result(BoomCoreState const&, unsigned char, unsigned long)' into 'synth_w4d_oracle_top(unsigned char, unsigned long*)' (/home/lab_726/boom/hls_boom/src/boom_core_merged.cpp:3710:40)
INFO: [HLS 214-131] Inlining function 'w4d_oracle_owner(BoomCoreState&, unsigned char, unsigned int, unsigned char)' into 'synth_w4d_oracle_top(unsigned char, unsigned long*)' (/home/lab_726/boom/hls_boom/src/boom_core_merged.cpp:3712:9)
INFO: [HLS 214-131] Inlining function 'w4d_oracle_owner(BoomCoreState&, unsigned char, unsigned int, unsigned char)' into 'synth_w4d_oracle_top(unsigned char, unsigned long*)' (/home/lab_726/boom/hls_boom/src/boom_core_merged.cpp:3713:9)
INFO: [HLS 214-131] Inlining function 'w4d_oracle_result(BoomCoreState const&, unsigned char, unsigned long)' into 'synth_w4d_oracle_top(unsigned char, unsigned long*)' (/home/lab_726/boom/hls_boom/src/boom_core_merged.cpp:3714:40)
INFO: [HLS 214-131] Inlining function 'w4d_oracle_result(BoomCoreState const&, unsigned char, unsigned long)' into 'synth_w4d_oracle_top(unsigned char, unsigned long*)' (/home/lab_726/boom/hls_boom/src/boom_core_merged.cpp:3715:40)
INFO: [HLS 214-131] Inlining function 'w4d_oracle_owner(BoomCoreState&, unsigned char, unsigned int, unsigned char)' into 'synth_w4d_oracle_top(unsigned char, unsigned long*)' (/home/lab_726/boom/hls_boom/src/boom_core_merged.cpp:3718:9)
INFO: [HLS 214-131] Inlining function 'w4d_oracle_owner(BoomCoreState&, unsigned char, unsigned int, unsigned char)' into 'synth_w4d_oracle_top(unsigned char, unsigned long*)' (/home/lab_726/boom/hls_boom/src/boom_core_merged.cpp:3719:9)
INFO: [HLS 214-131] Inlining function 'w4d_oracle_owner(BoomCoreState&, unsigned char, unsigned int, unsigned char)' into 'synth_w4d_oracle_top(unsigned char, unsigned long*)' (/home/lab_726/boom/hls_boom/src/boom_core_merged.cpp:3720:9)
INFO: [HLS 214-131] Inlining function 'w4d_oracle_owner(BoomCoreState&, unsigned char, unsigned int, unsigned char)' into 'synth_w4d_oracle_top(unsigned char, unsigned long*)' (/home/lab_726/boom/hls_boom/src/boom_core_merged.cpp:3721:9)
INFO: [HLS 214-131] Inlining function 'w4d_oracle_result(BoomCoreState const&, unsigned char, unsigned long)' into 'synth_w4d_oracle_top(unsigned char, unsigned long*)' (/home/lab_726/boom/hls_boom/src/boom_core_merged.cpp:3728:40)
INFO: [HLS 214-131] Inlining function 'w4d_oracle_result(BoomCoreState const&, unsigned char, unsigned long)' into 'synth_w4d_oracle_top(unsigned char, unsigned long*)' (/home/lab_726/boom/hls_boom/src/boom_core_merged.cpp:3729:40)
INFO: [HLS 214-131] Inlining function 'boom::completion_from_load_response(BoomCoreState const&, DmemResponse const&, RobCompleteEvent&)' into 'synth_w4d_oracle_top(unsigned char, unsigned long*)' (/home/lab_726/boom/hls_boom/src/boom_core_merged.cpp:3752:9)
INFO: [HLS 214-131] Inlining function 'boom::prf_read(BoomCoreState const&, unsigned char)' into 'synth_w4d_oracle_top(unsigned char, unsigned long*)' (/home/lab_726/boom/hls_boom/src/boom_core_merged.cpp:3760:29)
INFO: [HLS 214-131] Inlining function 'boom::bypass_lookup(BoomCoreState const&, unsigned char, unsigned long&, bool&)' into 'synth_w4d_oracle_top(unsigned char, unsigned long*)' (/home/lab_726/boom/hls_boom/src/boom_core_merged.cpp:3814:29)
INFO: [HLS 214-131] Inlining function 'boom::wakeup_lookup(BoomCoreState const&, unsigned char, unsigned long&, bool&)' into 'synth_w4d_oracle_top(unsigned char, unsigned long*)' (/home/lab_726/boom/hls_boom/src/boom_core_merged.cpp:3811:29)
INFO: [HLS 214-131] Inlining function 'boom::prf_read(BoomCoreState const&, unsigned char)' into 'synth_w4d_oracle_top(unsigned char, unsigned long*)' (/home/lab_726/boom/hls_boom/src/boom_core_merged.cpp:3807:26)
INFO: [HLS 214-131] Inlining function 'boom::prf_read(BoomCoreState const&, unsigned char)' into 'synth_w4d_oracle_top(unsigned char, unsigned long*)' (/home/lab_726/boom/hls_boom/src/boom_core_merged.cpp:3806:26)
INFO: [HLS 214-131] Inlining function 'boom::prf_read(BoomCoreState const&, unsigned char)' into 'synth_w4d_oracle_top(unsigned char, unsigned long*)' (/home/lab_726/boom/hls_boom/src/boom_core_merged.cpp:3805:26)
INFO: [HLS 214-131] Inlining function 'boom::prf_read(BoomCoreState const&, unsigned char)' into 'synth_w4d_oracle_top(unsigned char, unsigned long*)' (/home/lab_726/boom/hls_boom/src/boom_core_merged.cpp:3800:26)
INFO: [HLS 214-131] Inlining function 'boom::prf_read(BoomCoreState const&, unsigned char)' into 'synth_w4d_oracle_top(unsigned char, unsigned long*)' (/home/lab_726/boom/hls_boom/src/boom_core_merged.cpp:3797:26)
INFO: [HLS 214-131] Inlining function 'boom::prf_read(BoomCoreState const&, unsigned char)' into 'synth_w4d_oracle_top(unsigned char, unsigned long*)' (/home/lab_726/boom/hls_boom/src/boom_core_merged.cpp:3796:26)
INFO: [HLS 214-131] Inlining function 'boom::prf_read(BoomCoreState const&, unsigned char)' into 'synth_w4d_oracle_top(unsigned char, unsigned long*)' (/home/lab_726/boom/hls_boom/src/boom_core_merged.cpp:3795:26)
INFO: [HLS 214-131] Inlining function 'boom::prf_read(BoomCoreState const&, unsigned char)' into 'synth_w4d_oracle_top(unsigned char, unsigned long*)' (/home/lab_726/boom/hls_boom/src/boom_core_merged.cpp:3794:26)
INFO: [HLS 214-131] Inlining function 'boom::prf_read(BoomCoreState const&, unsigned char)' into 'synth_w4d_oracle_top(unsigned char, unsigned long*)' (/home/lab_726/boom/hls_boom/src/boom_core_merged.cpp:3793:26)
INFO: [HLS 214-131] Inlining function 'boom::prf_read(BoomCoreState const&, unsigned char)' into 'synth_w4d_oracle_top(unsigned char, unsigned long*)' (/home/lab_726/boom/hls_boom/src/boom_core_merged.cpp:3792:26)
INFO: [HLS 214-131] Inlining function 'boom::prf_read(BoomCoreState const&, unsigned char)' into 'synth_w4d_oracle_top(unsigned char, unsigned long*)' (/home/lab_726/boom/hls_boom/src/boom_core_merged.cpp:3761:29)
INFO: [HLS 214-131] Inlining function 'boom::prf_read(BoomCoreState const&, unsigned char)' into 'synth_w4d_oracle_top(unsigned char, unsigned long*)' (/home/lab_726/boom/hls_boom/src/boom_core_merged.cpp:3763:29)
INFO: [HLS 214-131] Inlining function 'boom::prf_read(BoomCoreState const&, unsigned char)' into 'synth_w4d_oracle_top(unsigned char, unsigned long*)' (/home/lab_726/boom/hls_boom/src/boom_core_merged.cpp:3762:29)
INFO: [HLS 214-178] Inlining function 'MicroOp::MicroOp() (.26.32.38.44.50.56.62.68)' into 'FrontendState::FrontendState()' (/home/lab_726/boom/hls_boom/include/boom_state.hpp:26:0)
INFO: [HLS 214-178] Inlining function 'MicroOp::MicroOp() (.26.32.38.44.50.56.62.68)' into 'DecodeState::DecodeState()' (/home/lab_726/boom/hls_boom/include/boom_state.hpp:32:0)
INFO: [HLS 214-178] Inlining function 'MicroOp::MicroOp() (.26.32.38.44.50.56.62.68)' into 'RenameDispatchPacket::RenameDispatchPacket()' (/home/lab_726/boom/hls_boom/include/boom_state.hpp:73:0)
INFO: [HLS 214-178] Inlining function 'RenameMapTableState::RenameMapTableState()' into 'RenameState::RenameState()' (/home/lab_726/boom/hls_boom/include/boom_state.hpp:76:0)
INFO: [HLS 214-178] Inlining function 'RenameFreeListState::RenameFreeListState()' into 'RenameState::RenameState()' (/home/lab_726/boom/hls_boom/include/boom_state.hpp:76:0)
INFO: [HLS 214-178] Inlining function 'RenameDispatchPacket::RenameDispatchPacket()' into 'RenameState::RenameState()' (/home/lab_726/boom/hls_boom/include/boom_state.hpp:76:0)
INFO: [HLS 214-178] Inlining function 'MicroOp::MicroOp() (.26.32.38.44.50.56.62.68)' into 'IssueSlotEntry::IssueSlotEntry()' (/home/lab_726/boom/hls_boom/include/boom_types.hpp:179:0)
INFO: [HLS 214-178] Inlining function 'IssueSlotEntry::IssueSlotEntry()' into 'IssueQueueState::IssueQueueState()' (/home/lab_726/boom/hls_boom/include/boom_state.hpp:85:0)
INFO: [HLS 214-178] Inlining function 'MicroOp::MicroOp() (.26.32.38.44.50.56.62.68)' into 'IssueGrant::IssueGrant()' (/home/lab_726/boom/hls_boom/include/boom_types.hpp:155:0)
INFO: [HLS 214-178] Inlining function 'IssueGrant::IssueGrant()' into 'IssueState::IssueState()' (/home/lab_726/boom/hls_boom/include/boom_state.hpp:104:0)
INFO: [HLS 214-178] Inlining function 'MicroOp::MicroOp() (.26.32.38.44.50.56.62.68)' into 'IssueState::IssueState()' (/home/lab_726/boom/hls_boom/include/boom_state.hpp:104:0)
INFO: [HLS 214-178] Inlining function 'MicroOp::MicroOp() (.26.32.38.44.50.56.62.68)' into 'ExecuteState::AluResult::AluResult()' (/home/lab_726/boom/hls_boom/include/boom_state.hpp:124:0)
INFO: [HLS 214-178] Inlining function 'ExecuteState::AluResult::AluResult()' into 'ExecuteState::ExecuteState()' (/home/lab_726/boom/hls_boom/include/boom_state.hpp:127:0)
INFO: [HLS 214-178] Inlining function 'MicroOp::MicroOp() (.26.32.38.44.50.56.62.68)' into 'RobEntry::RobEntry()' (/home/lab_726/boom/hls_boom/include/boom_types.hpp:170:0)
INFO: [HLS 214-178] Inlining function 'CommitEntry::CommitEntry()' into 'RobInternalState::RobInternalState()' (/home/lab_726/boom/hls_boom/include/boom_state.hpp:141:0)
INFO: [HLS 214-178] Inlining function 'StoreQueueEntry::StoreQueueEntry()' into 'LsuState::LsuState()' (/home/lab_726/boom/hls_boom/include/boom_state.hpp:184:0)
INFO: [HLS 214-178] Inlining function 'LoadQueueEntry::LoadQueueEntry()' into 'LsuState::LsuState()' (/home/lab_726/boom/hls_boom/include/boom_state.hpp:184:0)
INFO: [HLS 214-178] Inlining function 'MicroOp::MicroOp() (.26.32.38.44.50.56.62.68)' into 'RobCompleteEvent::RobCompleteEvent()' (/home/lab_726/boom/hls_boom/include/boom_types.hpp:108:0)
INFO: [HLS 214-178] Inlining function 'WritebackEvent::WritebackEvent()' into 'CompletionPendingState::CompletionPendingState()' (/home/lab_726/boom/hls_boom/include/boom_state.hpp:224:0)
INFO: [HLS 214-178] Inlining function 'WakeupEvent::WakeupEvent()' into 'CompletionPendingState::CompletionPendingState()' (/home/lab_726/boom/hls_boom/include/boom_state.hpp:224:0)
INFO: [HLS 214-178] Inlining function 'BypassEvent::BypassEvent()' into 'CompletionPendingState::CompletionPendingState()' (/home/lab_726/boom/hls_boom/include/boom_state.hpp:224:0)
INFO: [HLS 214-178] Inlining function 'MicroOp::MicroOp() (.26.32.38.44.50.56.62.68)' into 'BranchUpdate::BranchUpdate()' (/home/lab_726/boom/hls_boom/include/boom_types.hpp:188:0)
INFO: [HLS 214-178] Inlining function 'FrontendState::FrontendState()' into 'BoomCoreState::BoomCoreState()' (/home/lab_726/boom/hls_boom/include/boom_state.hpp:256:0)
INFO: [HLS 214-178] Inlining function 'CsrState::CsrState()' into 'BoomCoreState::BoomCoreState()' (/home/lab_726/boom/hls_boom/include/boom_state.hpp:256:0)
INFO: [HLS 214-178] Inlining function 'LsuState::LsuState()' into 'BoomCoreState::BoomCoreState()' (/home/lab_726/boom/hls_boom/include/boom_state.hpp:256:0)
INFO: [HLS 214-178] Inlining function 'BranchRecoveryState::BranchRecoveryState()' into 'BoomCoreState::BoomCoreState()' (/home/lab_726/boom/hls_boom/include/boom_state.hpp:256:0)
INFO: [HLS 214-178] Inlining function 'BranchUpdate::BranchUpdate()' into 'BoomCoreState::BoomCoreState()' (/home/lab_726/boom/hls_boom/include/boom_state.hpp:256:0)
INFO: [HLS 214-178] Inlining function 'boom::completion_has_rob_owner(BoomCoreState const&, RobCompleteEvent const&) (.80.95.116.140.164.188.212.236.260)' into 'boom::completion_is_valid(BoomCoreState const&, RobCompleteEvent const&) (.77.110.280.404.443)' (/home/lab_726/boom/hls_boom/src/boom_core_merged.cpp:583:0)
INFO: [HLS 214-178] Inlining function 'IssueSlotEntry::IssueSlotEntry()' into 'boom::compact_issue_queue(IssueQueueState&)' (/home/lab_726/boom/hls_boom/src/boom_core_merged.cpp:1752:0)
INFO: [HLS 214-178] Inlining function 'boom::killed_by_mask(MicroOp const&, unsigned char)' into 'boom::kill_issue_state(BoomCoreState&, unsigned char)' (/home/lab_726/boom/hls_boom/src/boom_core_merged.cpp:1765:0)
INFO: [HLS 214-178] Inlining function 'boom::killed_by_mask(MicroOp const&, unsigned char)' into 'boom::kill_execute_state(BoomCoreState&, unsigned char)' (/home/lab_726/boom/hls_boom/src/boom_core_merged.cpp:1782:0)
INFO: [HLS 214-178] Inlining function 'LoadQueueEntry::LoadQueueEntry()' into 'boom::kill_lsu_state(BoomCoreState&, unsigned char)' (/home/lab_726/boom/hls_boom/src/boom_core_merged.cpp:1807:0)
INFO: [HLS 214-178] Inlining function 'StoreQueueEntry::StoreQueueEntry()' into 'boom::kill_lsu_state(BoomCoreState&, unsigned char)' (/home/lab_726/boom/hls_boom/src/boom_core_merged.cpp:1807:0)
INFO: [HLS 214-178] Inlining function 'boom::killed_by_mask(MicroOp const&, unsigned char)' into 'boom::kill_rob_younger_than(BoomCoreState&, unsigned char, unsigned char)' (/home/lab_726/boom/hls_boom/src/boom_core_merged.cpp:1849:0)
INFO: [HLS 214-178] Inlining function 'boom::branch_free_list_contains(RenameFreeListState const&, unsigned char)' into 'boom::branch_free_preg_unique(RenameFreeListState&, unsigned char)' (/home/lab_726/boom/hls_boom/src/boom_core_merged.cpp:1704:0)
INFO: [HLS 214-178] Inlining function 'boom::preg_in_map(RenameMapTableState const&, unsigned char)' into 'boom::rollback_free_list(BoomCoreState&, unsigned char)' (/home/lab_726/boom/hls_boom/src/boom_core_merged.cpp:1888:0)
INFO: [HLS 214-178] Inlining function 'boom::branch_free_preg_unique(RenameFreeListState&, unsigned char)' into 'boom::rollback_free_list(BoomCoreState&, unsigned char)' (/home/lab_726/boom/hls_boom/src/boom_core_merged.cpp:1888:0)
INFO: [HLS 214-178] Inlining function 'boom::branch_tag_bit(unsigned char)' into 'boom::prune_recovered_tags(BoomCoreState&, unsigned char, unsigned char)' (/home/lab_726/boom/hls_boom/src/boom_core_merged.cpp:1907:0)
INFO: [HLS 214-178] Inlining function 'boom::branch_clear_alloc_list(BranchRecoveryState&, unsigned char)' into 'boom::prune_recovered_tags(BoomCoreState&, unsigned char, unsigned char)' (/home/lab_726/boom/hls_boom/src/boom_core_merged.cpp:1907:0)
INFO: [HLS 214-178] Inlining function 'boom::clear_resolved_mask(MicroOp&, unsigned char)' into 'boom::clear_resolved_masks_in_state(BoomCoreState&, unsigned char)' (/home/lab_726/boom/hls_boom/src/boom_core_merged.cpp:1728:0)
INFO: [HLS 214-178] Inlining function 'boom::killed_by_mask(MicroOp const&, unsigned char)' into 'boom::recover_mispredict(BoomCoreState&, BranchUpdate const&)' (/home/lab_726/boom/hls_boom/src/boom_core_merged.cpp:1920:0)
INFO: [HLS 214-178] Inlining function 'boom::restore_map_snapshot(BoomCoreState&, unsigned char)' into 'boom::recover_mispredict(BoomCoreState&, BranchUpdate const&)' (/home/lab_726/boom/hls_boom/src/boom_core_merged.cpp:1920:0)
INFO: [HLS 214-178] Inlining function 'boom::rollback_free_list(BoomCoreState&, unsigned char)' into 'boom::recover_mispredict(BoomCoreState&, BranchUpdate const&)' (/home/lab_726/boom/hls_boom/src/boom_core_merged.cpp:1920:0)
INFO: [HLS 214-178] Inlining function 'boom::prune_recovered_tags(BoomCoreState&, unsigned char, unsigned char)' into 'boom::recover_mispredict(BoomCoreState&, BranchUpdate const&)' (/home/lab_726/boom/hls_boom/src/boom_core_merged.cpp:1920:0)
INFO: [HLS 214-178] Inlining function 'boom::rebuild_busy_after_recovery(BoomCoreState&)' into 'boom::recover_mispredict(BoomCoreState&, BranchUpdate const&)' (/home/lab_726/boom/hls_boom/src/boom_core_merged.cpp:1920:0)
INFO: [HLS 214-178] Inlining function 'boom::branch_tag_bit(unsigned char)' into 'boom::release_tag(BoomCoreState&, unsigned char)' (/home/lab_726/boom/hls_boom/src/boom_core_merged.cpp:1718:0)
INFO: [HLS 214-178] Inlining function 'boom::branch_clear_alloc_list(BranchRecoveryState&, unsigned char)' into 'boom::release_tag(BoomCoreState&, unsigned char)' (/home/lab_726/boom/hls_boom/src/boom_core_merged.cpp:1718:0)
INFO: [HLS 214-178] Inlining function 'boom::release_tag(BoomCoreState&, unsigned char)' into 'boom::release_resolved_branch(BoomCoreState&, unsigned char, unsigned char)' (/home/lab_726/boom/hls_boom/src/boom_core_merged.cpp:1949:0)
INFO: [HLS 214-178] Inlining function 'boom::branch_tag_bit(unsigned char)' into 'boom::branch_complete_event(BoomCoreState&, MicroOp const&, bool, unsigned long)' (/home/lab_726/boom/hls_boom/src/boom_core_merged.cpp:1955:0)
INFO: [HLS 214-178] Inlining function 'boom::release_resolved_branch(BoomCoreState&, unsigned char, unsigned char)' into 'boom::branch_complete_event(BoomCoreState&, MicroOp const&, bool, unsigned long)' (/home/lab_726/boom/hls_boom/src/boom_core_merged.cpp:1955:0)
INFO: [HLS 214-178] Inlining function 'boom::enqueue_store(BoomCoreState&, MicroOp const&, unsigned long, unsigned long, unsigned char, unsigned char, RobEntry&) (.108.125.149.173.197.221.245.269)' into 'boom::lsu_accept_completion(BoomCoreState&, MicroOp const&, bool, bool, bool, unsigned long, unsigned long, unsigned char, unsigned char)' (/home/lab_726/boom/hls_boom/src/boom_core_merged.cpp:2084:0)
INFO: [HLS 214-178] Inlining function 'boom::enqueue_load(BoomCoreState&, MicroOp const&, bool, unsigned long, unsigned char, unsigned char, RobEntry&) (.105.122.146.170.194.218.242.266)' into 'boom::lsu_accept_completion(BoomCoreState&, MicroOp const&, bool, bool, bool, unsigned long, unsigned long, unsigned char, unsigned char)' (/home/lab_726/boom/hls_boom/src/boom_core_merged.cpp:2084:0)
INFO: [HLS 214-178] Inlining function 'LoadQueueEntry::LoadQueueEntry()' into 'boom::reclaim_ldq(BoomCoreState&, unsigned char, unsigned int)' (/home/lab_726/boom/hls_boom/src/boom_core_merged.cpp:2100:0)
INFO: [HLS 214-178] Inlining function 'boom::completion_age(BoomCoreState const&, RobCompleteEvent const&)' into 'boom::service_pending(BoomCoreState&)' (/home/lab_726/boom/hls_boom/src/boom_core_merged.cpp:1078:0)
INFO: [HLS 214-178] Inlining function 'boom::completion_has_rob_owner(BoomCoreState const&, RobCompleteEvent const&) (.80.95.116.140.164.188.212.236.260)' into 'boom::service_pending(BoomCoreState&)' (/home/lab_726/boom/hls_boom/src/boom_core_merged.cpp:1078:0)
INFO: [HLS 214-178] Inlining function 'boom::lsu_finish_load_response(BoomCoreState&, unsigned char, unsigned int, unsigned int)' into 'boom::service_pending(BoomCoreState&)' (/home/lab_726/boom/hls_boom/src/boom_core_merged.cpp:1078:0)
INFO: [HLS 214-178] Inlining function 'boom::is_branch(MicroOp const&)' into 'boom::begin_completion_cycle(BoomCoreState&)' (/home/lab_726/boom/hls_boom/src/boom_core_merged.cpp:1207:0)
INFO: [HLS 214-178] Inlining function 'boom::completion_age(BoomCoreState const&, RobCompleteEvent const&)' into 'boom::begin_completion_cycle(BoomCoreState&)' (/home/lab_726/boom/hls_boom/src/boom_core_merged.cpp:1207:0)
INFO: [HLS 214-178] Inlining function 'WakeupEvent::WakeupEvent()' into 'boom::begin_completion_cycle(BoomCoreState&)' (/home/lab_726/boom/hls_boom/src/boom_core_merged.cpp:1207:0)
INFO: [HLS 214-178] Inlining function 'BypassEvent::BypassEvent()' into 'boom::begin_completion_cycle(BoomCoreState&)' (/home/lab_726/boom/hls_boom/src/boom_core_merged.cpp:1207:0)
INFO: [HLS 214-178] Inlining function 'boom::sign_extend(unsigned long, unsigned char)' into 'boom::load_value(unsigned long, unsigned long, unsigned char, bool)' (/home/lab_726/boom/hls_boom/src/boom_core_merged.cpp:485:0)
INFO: [HLS 214-178] Inlining function 'boom::completion_service_execute(BoomCoreState&)' into 'synth_w4d_oracle_top(unsigned char, unsigned long*)' (/home/lab_726/boom/hls_boom/src/boom_core_merged.cpp:3585:0)
INFO: [HLS 214-178] Inlining function 'DmemResponse::DmemResponse()' into 'synth_w4d_oracle_top(unsigned char, unsigned long*)' (/home/lab_726/boom/hls_boom/src/boom_core_merged.cpp:3585:0)
INFO: [HLS 214-178] Inlining function 'boom::load_value(unsigned long, unsigned long, unsigned char, bool)' into 'synth_w4d_oracle_top(unsigned char, unsigned long*)' (/home/lab_726/boom/hls_boom/src/boom_core_merged.cpp:3585:0)
INFO: [HLS 214-270] Starting automatic array partition analysis...
INFO: [HLS 200-111] Finished Compiling Optimization and Transform: CPU user time: 154.23 seconds. CPU system time: 1.19 seconds. Elapsed time: 155.44 seconds; current allocated memory: 596.789 MB.
INFO: [HLS 200-111] Finished Checking Pragmas: CPU user time: 0.02 seconds. CPU system time: 0 seconds. Elapsed time: 0.02 seconds; current allocated memory: 596.789 MB.
INFO: [HLS 200-10] Starting code transformations ...
INFO: [HLS 200-111] Finished Standard Transforms: CPU user time: 2.39 seconds. CPU system time: 0.02 seconds. Elapsed time: 2.41 seconds; current allocated memory: 643.344 MB.
INFO: [HLS 200-10] Checking synthesizability ...
INFO: [HLS 200-111] Finished Checking Synthesizability: CPU user time: 0.97 seconds. CPU system time: 0 seconds. Elapsed time: 0.99 seconds; current allocated memory: 649.980 MB.
INFO: [XFORM 203-102] Partitioning array 'state.rename.dispatch_packets.valid' automatically.
INFO: [XFORM 203-102] Partitioning array 'state.rename.dispatch_packets.uop.branch.br_mask' automatically.
INFO: [XFORM 203-102] Partitioning array 'state.decode.dec_uops.branch.br_mask' automatically.
INFO: [XFORM 203-102] Automatically partitioning small array 'state.issue.issued_valids' completely based on array size.
INFO: [XFORM 203-102] Automatically partitioning small array 'state.issue.issued_uops.branch.br_mask' completely based on array size.
INFO: [XFORM 203-102] Automatically partitioning small array 'state.execute.alu_results.valid' completely based on array size.
INFO: [XFORM 203-102] Automatically partitioning small array 'state.execute.alu_results.uop.uopc' completely based on array size.
INFO: [XFORM 203-102] Automatically partitioning small array 'state.execute.alu_results.uop.rename.stale_pdst' completely based on array size.
INFO: [XFORM 203-102] Automatically partitioning small array 'state.execute.alu_results.uop.rename.prs3_busy' completely based on array size.
INFO: [XFORM 203-102] Automatically partitioning small array 'state.execute.alu_results.uop.rename.prs3' completely based on array size.
INFO: [XFORM 203-102] Automatically partitioning small array 'state.execute.alu_results.uop.rename.prs2_busy' completely based on array size.
INFO: [XFORM 203-102] Automatically partitioning small array 'state.execute.alu_results.uop.rename.prs2' completely based on array size.
INFO: [XFORM 203-102] Automatically partitioning small array 'state.execute.alu_results.uop.rename.prs1_busy' completely based on array size.
INFO: [XFORM 203-102] Automatically partitioning small array 'state.execute.alu_results.uop.rename.prs1' completely based on array size.
INFO: [XFORM 203-102] Automatically partitioning small array 'state.execute.alu_results.uop.rename.ppred_busy' completely based on array size.
INFO: [XFORM 203-102] Automatically partitioning small array 'state.execute.alu_results.uop.rename.ppred' completely based on array size.
INFO: [XFORM 203-102] Automatically partitioning small array 'state.execute.alu_results.uop.rename.pdst' completely based on array size.
INFO: [XFORM 203-102] Automatically partitioning small array 'state.execute.alu_results.uop.rename.lrs3' completely based on array size.
INFO: [XFORM 203-102] Automatically partitioning small array 'state.execute.alu_results.uop.rename.lrs2_rtype' completely based on array size.
INFO: [XFORM 203-102] Automatically partitioning small array 'state.execute.alu_results.uop.rename.lrs2' completely based on array size.
INFO: [XFORM 203-102] Automatically partitioning small array 'state.execute.alu_results.uop.rename.lrs1_rtype' completely based on array size.
INFO: [XFORM 203-102] Automatically partitioning small array 'state.execute.alu_results.uop.rename.lrs1' completely based on array size.
INFO: [XFORM 203-102] Automatically partitioning small array 'state.execute.alu_results.uop.rename.ldst' completely based on array size.
INFO: [XFORM 203-102] Automatically partitioning small array 'state.execute.alu_results.uop.rename.frs3_en' completely based on array size.
INFO: [XFORM 203-102] Automatically partitioning small array 'state.execute.alu_results.uop.rename.fp_val' completely based on array size.
INFO: [XFORM 203-102] Automatically partitioning small array 'state.execute.alu_results.uop.rename.fp_single' completely based on array size.
INFO: [XFORM 203-102] Automatically partitioning small array 'state.execute.alu_results.uop.rename.dst_rtype' completely based on array size.
INFO: [XFORM 203-102] Automatically partitioning small array 'state.execute.alu_results.uop.queue.stq_idx' completely based on array size.
INFO: [XFORM 203-102] Automatically partitioning small array 'state.execute.alu_results.uop.queue.rxq_idx' completely based on array size.
INFO: [XFORM 203-102] Automatically partitioning small array 'state.execute.alu_results.uop.queue.rob_idx' completely based on array size.
INFO: [XFORM 203-102] Automatically partitioning small array 'state.execute.alu_results.uop.queue.rob_allocation_id' completely based on array size.
INFO: [XFORM 203-102] Automatically partitioning small array 'state.execute.alu_results.uop.queue.ldq_idx' completely based on array size.
INFO: [XFORM 203-102] Automatically partitioning small array 'state.execute.alu_results.uop.mem.uses_stq' completely based on array size.
INFO: [XFORM 203-102] Automatically partitioning small array 'state.execute.alu_results.uop.mem.uses_ldq' completely based on array size.
INFO: [XFORM 203-102] Automatically partitioning small array 'state.execute.alu_results.uop.mem.mem_size' completely based on array size.
INFO: [XFORM 203-102] Automatically partitioning small array 'state.execute.alu_results.uop.mem.mem_signed' completely based on array size.
INFO: [XFORM 203-102] Automatically partitioning small array 'state.execute.alu_results.uop.mem.mem_cmd' completely based on array size.
INFO: [XFORM 203-102] Automatically partitioning small array 'state.execute.alu_results.uop.mem.ldst_val' completely based on array size.
INFO: [XFORM 203-102] Automatically partitioning small array 'state.execute.alu_results.uop.mem.ldst_is_rs1' completely based on array size.
INFO: [XFORM 203-102] Automatically partitioning small array 'state.execute.alu_results.uop.mem.is_fencei' completely based on array size.
INFO: [XFORM 203-102] Automatically partitioning small array 'state.execute.alu_results.uop.mem.is_fence' completely based on array size.
INFO: [XFORM 203-102] Automatically partitioning small array 'state.execute.alu_results.uop.mem.is_amo' completely based on array size.
INFO: [XFORM 203-102] Automatically partitioning small array 'state.execute.alu_results.uop.iw_state' completely based on array size.
INFO: [XFORM 203-102] Automatically partitioning small array 'state.execute.alu_results.uop.iw_p2_poisoned' completely based on array size.
INFO: [XFORM 203-102] Automatically partitioning small array 'state.execute.alu_results.uop.iw_p1_poisoned' completely based on array size.
INFO: [XFORM 203-102] Automatically partitioning small array 'state.execute.alu_results.uop.is_unique' completely based on array size.
INFO: [XFORM 203-102] Automatically partitioning small array 'state.execute.alu_results.uop.is_sys_pc2epc' completely based on array size.
INFO: [XFORM 203-102] Automatically partitioning small array 'state.execute.alu_results.uop.is_rvc' completely based on array size.
INFO: [XFORM 203-102] Automatically partitioning small array 'state.execute.alu_results.uop.iq_type' completely based on array size.
INFO: [XFORM 203-102] Automatically partitioning small array 'state.execute.alu_results.uop.inst' completely based on array size.
INFO: [XFORM 203-102] Automatically partitioning small array 'state.execute.alu_results.uop.imm_packed' completely based on array size.
INFO: [XFORM 203-102] Automatically partitioning small array 'state.execute.alu_results.uop.fu_code' completely based on array size.
INFO: [XFORM 203-102] Automatically partitioning small array 'state.execute.alu_results.uop.flush_on_commit' completely based on array size.
INFO: [XFORM 203-102] Automatically partitioning small array 'state.execute.alu_results.uop.exception' completely based on array size.
INFO: [XFORM 203-102] Automatically partitioning small array 'state.execute.alu_results.uop.exc_cause' completely based on array size.
INFO: [XFORM 203-102] Automatically partitioning small array 'state.execute.alu_results.uop.exc.xcpt_pf_if' completely based on array size.
INFO: [XFORM 203-102] Automatically partitioning small array 'state.execute.alu_results.uop.exc.xcpt_ma_if' completely based on array size.
INFO: [XFORM 203-102] Automatically partitioning small array 'state.execute.alu_results.uop.exc.xcpt_ae_if' completely based on array size.
INFO: [XFORM 203-102] Automatically partitioning small array 'state.execute.alu_results.uop.exc.exception' completely based on array size.
INFO: [XFORM 203-102] Automatically partitioning small array 'state.execute.alu_results.uop.exc.exc_cause' completely based on array size.
INFO: [XFORM 203-102] Automatically partitioning small array 'state.execute.alu_results.uop.exc.bp_xcpt_if' completely based on array size.
INFO: [XFORM 203-102] Automatically partitioning small array 'state.execute.alu_results.uop.exc.bp_debug_if' completely based on array size.
INFO: [XFORM 203-102] Automatically partitioning small array 'state.execute.alu_results.uop.debug_pc' completely based on array size.
INFO: [XFORM 203-102] Automatically partitioning small array 'state.execute.alu_results.uop.debug_inst' completely based on array size.
INFO: [XFORM 203-102] Automatically partitioning small array 'state.execute.alu_results.uop.debug.debug_tsrc' completely based on array size.
INFO: [XFORM 203-102] Automatically partitioning small array 'state.execute.alu_results.uop.debug.debug_pc' completely based on array size.
INFO: [XFORM 203-102] Automatically partitioning small array 'state.execute.alu_results.uop.debug.debug_inst' completely based on array size.
INFO: [XFORM 203-102] Automatically partitioning small array 'state.execute.alu_results.uop.debug.debug_fsrc' completely based on array size.
INFO: [XFORM 203-102] Automatically partitioning small array 'state.execute.alu_results.uop.ctrl.op_fcn' completely based on array size.
INFO: [XFORM 203-102] Automatically partitioning small array 'state.execute.alu_results.uop.ctrl.op2_sel' completely based on array size.
INFO: [XFORM 203-102] Automatically partitioning small array 'state.execute.alu_results.uop.ctrl.op1_sel' completely based on array size.
INFO: [XFORM 203-102] Automatically partitioning small array 'state.execute.alu_results.uop.ctrl.is_std' completely based on array size.
INFO: [XFORM 203-102] Automatically partitioning small array 'state.execute.alu_results.uop.ctrl.is_sta' completely based on array size.
INFO: [XFORM 203-102] Automatically partitioning small array 'state.execute.alu_results.uop.ctrl.is_load' completely based on array size.
INFO: [XFORM 203-102] Automatically partitioning small array 'state.execute.alu_results.uop.ctrl.imm_sel' completely based on array size.
INFO: [XFORM 203-102] Automatically partitioning small array 'state.execute.alu_results.uop.ctrl.fcn_dw' completely based on array size.
INFO: [XFORM 203-102] Automatically partitioning small array 'state.execute.alu_results.uop.ctrl.csr_cmd' completely based on array size.
INFO: [XFORM 203-102] Automatically partitioning small array 'state.execute.alu_results.uop.ctrl.br_type' completely based on array size.
INFO: [XFORM 203-102] Automatically partitioning small array 'state.execute.alu_results.uop.csr_addr' completely based on array size.
INFO: [XFORM 203-102] Automatically partitioning small array 'state.execute.alu_results.uop.bypassable' completely based on array size.
INFO: [XFORM 203-102] Automatically partitioning small array 'state.execute.alu_results.uop.branch.taken' completely based on array size.
INFO: [XFORM 203-102] Automatically partitioning small array 'state.execute.alu_results.uop.branch.pc_lob' completely based on array size.
INFO: [XFORM 203-102] Automatically partitioning small array 'state.execute.alu_results.uop.branch.is_sfb' completely based on array size.
INFO: [XFORM 203-102] Automatically partitioning small array 'state.execute.alu_results.uop.branch.is_jalr' completely based on array size.
INFO: [XFORM 203-102] Automatically partitioning small array 'state.execute.alu_results.uop.branch.is_jal' completely based on array size.
INFO: [XFORM 203-102] Automatically partitioning small array 'state.execute.alu_results.uop.branch.is_br' completely based on array size.
INFO: [XFORM 203-102] Automatically partitioning small array 'state.execute.alu_results.uop.branch.ftq_idx' completely based on array size.
INFO: [XFORM 203-102] Automatically partitioning small array 'state.execute.alu_results.uop.branch.edge_inst' completely based on array size.
INFO: [XFORM 203-102] Automatically partitioning small array 'state.execute.alu_results.uop.branch.br_tag' completely based on array size.
INFO: [XFORM 203-102] Automatically partitioning small array 'state.execute.alu_results.uop.branch.br_mask' completely based on array size.
INFO: [XFORM 203-102] Automatically partitioning small array 'state.execute.alu_results.store_data' completely based on array size.
INFO: [XFORM 203-102] Automatically partitioning small array 'state.execute.alu_results.signed_load' completely based on array size.
INFO: [XFORM 203-102] Automatically partitioning small array 'state.execute.alu_results.result' completely based on array size.
INFO: [XFORM 203-102] Automatically partitioning small array 'state.execute.alu_results.redirect_pc' completely based on array size.
INFO: [XFORM 203-102] Automatically partitioning small array 'state.execute.alu_results.mispredict' completely based on array size.
INFO: [XFORM 203-102] Automatically partitioning small array 'state.execute.alu_results.memory_valid' completely based on array size.
INFO: [XFORM 203-102] Automatically partitioning small array 'state.execute.alu_results.memory_size' completely based on array size.
INFO: [XFORM 203-102] Automatically partitioning small array 'state.execute.alu_results.memory_mask' completely based on array size.
INFO: [XFORM 203-102] Automatically partitioning small array 'state.execute.alu_results.memory_address' completely based on array size.
INFO: [XFORM 203-102] Automatically partitioning small array 'state.execute.alu_results.is_store' completely based on array size.
INFO: [XFORM 203-102] Automatically partitioning small array 'state.execute.alu_results.is_load' completely based on array size.
INFO: [XFORM 203-102] Automatically partitioning small array 'state.execute.alu_results.exception' completely based on array size.
INFO: [XFORM 203-102] Automatically partitioning small array 'state.execute.alu_results.exc_cause' completely based on array size.
INFO: [XFORM 203-102] Automatically partitioning small array 'state.completion.writebacks.value' completely based on array size.
INFO: [XFORM 203-102] Automatically partitioning small array 'state.completion.writebacks.valid' completely based on array size.
INFO: [XFORM 203-102] Automatically partitioning small array 'state.completion.writebacks.pdst' completely based on array size.
INFO: [XFORM 203-102] Automatically partitioning small array 'state.completion.wakeups.value' completely based on array size.
INFO: [XFORM 203-102] Automatically partitioning small array 'state.completion.wakeups.valid' completely based on array size.
INFO: [XFORM 203-102] Automatically partitioning small array 'state.completion.wakeups.pdst' completely based on array size.
INFO: [XFORM 203-102] Automatically partitioning small array 'state.completion.wakeups.branch_mask' completely based on array size.
INFO: [XFORM 203-102] Automatically partitioning small array 'state.completion.wakeup_sent' completely based on array size.
INFO: [XFORM 203-102] Automatically partitioning small array 'state.completion.bypass.value' completely based on array size.
INFO: [XFORM 203-102] Automatically partitioning small array 'state.completion.bypass.valid' completely based on array size.
INFO: [XFORM 203-102] Automatically partitioning small array 'state.completion.bypass.pdst' completely based on array size.
INFO: [XFORM 203-102] Automatically partitioning small array 'state.completion.bypass.branch_mask' completely based on array size.
INFO: [XFORM 203-102] Automatically partitioning small array 'initial.valid' (/home/lab_726/boom/hls_boom/src/boom_core_merged.cpp:1086) completely based on array size.
INFO: [XFORM 203-102] Automatically partitioning small array 'initial.kind' (/home/lab_726/boom/hls_boom/src/boom_core_merged.cpp:1086) completely based on array size.
INFO: [XFORM 203-102] Automatically partitioning small array 'initial.source' (/home/lab_726/boom/hls_boom/src/boom_core_merged.cpp:1086) completely based on array size.
INFO: [XFORM 203-102] Automatically partitioning small array 'initial.uop.queue.rob_idx' (/home/lab_726/boom/hls_boom/src/boom_core_merged.cpp:1086) completely based on array size.
INFO: [XFORM 203-102] Automatically partitioning small array 'initial.uop.queue.rob_allocation_id' (/home/lab_726/boom/hls_boom/src/boom_core_merged.cpp:1086) completely based on array size.
INFO: [XFORM 203-102] Automatically partitioning small array 'initial.exception' (/home/lab_726/boom/hls_boom/src/boom_core_merged.cpp:1086) completely based on array size.
INFO: [XFORM 203-102] Automatically partitioning small array 'initial.transaction_id' (/home/lab_726/boom/hls_boom/src/boom_core_merged.cpp:1086) completely based on array size.
INFO: [XFORM 203-102] Automatically partitioning small array 'ports.valid.1' (/home/lab_726/boom/hls_boom/src/boom_core_merged.cpp:1094) completely based on array size.
INFO: [XFORM 203-102] Automatically partitioning small array 'ports.kind.1' (/home/lab_726/boom/hls_boom/src/boom_core_merged.cpp:1094) completely based on array size.
INFO: [XFORM 203-102] Automatically partitioning small array 'ports.source.1' (/home/lab_726/boom/hls_boom/src/boom_core_merged.cpp:1094) completely based on array size.
INFO: [XFORM 203-102] Automatically partitioning small array 'ports.uop.queue.rob_idx.1' (/home/lab_726/boom/hls_boom/src/boom_core_merged.cpp:1094) completely based on array size.
INFO: [XFORM 203-102] Automatically partitioning small array 'ports.uop.queue.rob_allocation_id.1' (/home/lab_726/boom/hls_boom/src/boom_core_merged.cpp:1094) completely based on array size.
INFO: [XFORM 203-102] Automatically partitioning small array 'ports.uop.rename.pdst' (/home/lab_726/boom/hls_boom/src/boom_core_merged.cpp:1094) completely based on array size.
INFO: [XFORM 203-102] Automatically partitioning small array 'ports.writes_prf' (/home/lab_726/boom/hls_boom/src/boom_core_merged.cpp:1094) completely based on array size.
INFO: [XFORM 203-102] Automatically partitioning small array 'ports.value' (/home/lab_726/boom/hls_boom/src/boom_core_merged.cpp:1094) completely based on array size.
INFO: [XFORM 203-102] Automatically partitioning small array 'ports.exception.1' (/home/lab_726/boom/hls_boom/src/boom_core_merged.cpp:1094) completely based on array size.
INFO: [XFORM 203-102] Automatically partitioning small array 'ports.is_load' (/home/lab_726/boom/hls_boom/src/boom_core_merged.cpp:1094) completely based on array size.
INFO: [XFORM 203-102] Automatically partitioning small array 'ports.transaction_id.1' (/home/lab_726/boom/hls_boom/src/boom_core_merged.cpp:1094) completely based on array size.
INFO: [XFORM 203-102] Automatically partitioning small array 'ports.valid' (/home/lab_726/boom/hls_boom/src/boom_core_merged.cpp:793) completely based on array size.
INFO: [XFORM 203-102] Automatically partitioning small array 'ports.kind' (/home/lab_726/boom/hls_boom/src/boom_core_merged.cpp:793) completely based on array size.
INFO: [XFORM 203-102] Automatically partitioning small array 'ports.source' (/home/lab_726/boom/hls_boom/src/boom_core_merged.cpp:793) completely based on array size.
INFO: [XFORM 203-102] Automatically partitioning small array 'ports.uop.branch.br_mask' (/home/lab_726/boom/hls_boom/src/boom_core_merged.cpp:793) completely based on array size.
INFO: [XFORM 203-102] Automatically partitioning small array 'ports.uop.queue.rob_idx' (/home/lab_726/boom/hls_boom/src/boom_core_merged.cpp:793) completely based on array size.
INFO: [XFORM 203-102] Automatically partitioning small array 'ports.uop.queue.rob_allocation_id' (/home/lab_726/boom/hls_boom/src/boom_core_merged.cpp:793) completely based on array size.
INFO: [XFORM 203-102] Automatically partitioning small array 'ports.uop.rename.pdst' (/home/lab_726/boom/hls_boom/src/boom_core_merged.cpp:793) completely based on array size.
INFO: [XFORM 203-102] Automatically partitioning small array 'ports.writes_prf' (/home/lab_726/boom/hls_boom/src/boom_core_merged.cpp:793) completely based on array size.
INFO: [XFORM 203-102] Automatically partitioning small array 'ports.value' (/home/lab_726/boom/hls_boom/src/boom_core_merged.cpp:793) completely based on array size.
INFO: [XFORM 203-102] Automatically partitioning small array 'ports.exception' (/home/lab_726/boom/hls_boom/src/boom_core_merged.cpp:793) completely based on array size.
INFO: [XFORM 203-102] Automatically partitioning small array 'ports.is_load' (/home/lab_726/boom/hls_boom/src/boom_core_merged.cpp:793) completely based on array size.
INFO: [XFORM 203-102] Automatically partitioning small array 'ports.transaction_id' (/home/lab_726/boom/hls_boom/src/boom_core_merged.cpp:793) completely based on array size.
INFO: [XFORM 203-102] Automatically partitioning small array 'usable' (/home/lab_726/boom/hls_boom/src/boom_core_merged.cpp:805) completely based on array size.
INFO: [XFORM 203-102] Automatically partitioning small array 'ports.valid.2' (/home/lab_726/boom/hls_boom/src/boom_core_merged.cpp:1026) completely based on array size.
INFO: [XFORM 203-102] Automatically partitioning small array 'ports.kind.2' (/home/lab_726/boom/hls_boom/src/boom_core_merged.cpp:1026) completely based on array size.
INFO: [XFORM 203-102] Automatically partitioning small array 'ports.source.2' (/home/lab_726/boom/hls_boom/src/boom_core_merged.cpp:1026) completely based on array size.
INFO: [XFORM 203-102] Automatically partitioning small array 'ports.uop.queue.rob_idx.2' (/home/lab_726/boom/hls_boom/src/boom_core_merged.cpp:1026) completely based on array size.
INFO: [XFORM 203-102] Automatically partitioning small array 'ports.uop.queue.rob_allocation_id.2' (/home/lab_726/boom/hls_boom/src/boom_core_merged.cpp:1026) completely based on array size.
INFO: [XFORM 203-102] Automatically partitioning small array 'ports.uop.rename.pdst.1' (/home/lab_726/boom/hls_boom/src/boom_core_merged.cpp:1026) completely based on array size.
INFO: [XFORM 203-102] Automatically partitioning small array 'ports.writes_prf.1' (/home/lab_726/boom/hls_boom/src/boom_core_merged.cpp:1026) completely based on array size.
INFO: [XFORM 203-102] Automatically partitioning small array 'ports.value.1' (/home/lab_726/boom/hls_boom/src/boom_core_merged.cpp:1026) completely based on array size.
INFO: [XFORM 203-102] Automatically partitioning small array 'ports.exception.2' (/home/lab_726/boom/hls_boom/src/boom_core_merged.cpp:1026) completely based on array size.
INFO: [XFORM 203-102] Automatically partitioning small array 'ports.is_load.1' (/home/lab_726/boom/hls_boom/src/boom_core_merged.cpp:1026) completely based on array size.
INFO: [XFORM 203-102] Automatically partitioning small array 'ports.transaction_id.2' (/home/lab_726/boom/hls_boom/src/boom_core_merged.cpp:1026) completely based on array size.
INFO: [XFORM 203-102] Automatically partitioning small array 'ports.valid.3' (/home/lab_726/boom/hls_boom/src/boom_core_merged.cpp:1003) completely based on array size.
INFO: [XFORM 203-102] Automatically partitioning small array 'ports.kind.3' (/home/lab_726/boom/hls_boom/src/boom_core_merged.cpp:1003) completely based on array size.
INFO: [XFORM 203-102] Automatically partitioning small array 'ports.source.3' (/home/lab_726/boom/hls_boom/src/boom_core_merged.cpp:1003) completely based on array size.
INFO: [XFORM 203-102] Automatically partitioning small array 'ports.uop.branch.br_mask.1' (/home/lab_726/boom/hls_boom/src/boom_core_merged.cpp:1003) completely based on array size.
INFO: [XFORM 203-102] Automatically partitioning small array 'ports.uop.branch.br_tag' (/home/lab_726/boom/hls_boom/src/boom_core_merged.cpp:1003) completely based on array size.
INFO: [XFORM 203-102] Automatically partitioning small array 'ports.uop.queue.rob_idx.3' (/home/lab_726/boom/hls_boom/src/boom_core_merged.cpp:1003) completely based on array size.
INFO: [XFORM 203-102] Automatically partitioning small array 'ports.uop.queue.rob_allocation_id.3' (/home/lab_726/boom/hls_boom/src/boom_core_merged.cpp:1003) completely based on array size.
INFO: [XFORM 203-102] Automatically partitioning small array 'ports.mispredict' (/home/lab_726/boom/hls_boom/src/boom_core_merged.cpp:1003) completely based on array size.
INFO: [XFORM 203-102] Automatically partitioning small array 'ports.control_resolved' (/home/lab_726/boom/hls_boom/src/boom_core_merged.cpp:1003) completely based on array size.
INFO: [XFORM 203-102] Automatically partitioning small array 'ports.redirect_pc' (/home/lab_726/boom/hls_boom/src/boom_core_merged.cpp:1003) completely based on array size.
INFO: [XFORM 203-102] Automatically partitioning small array 'ports.transaction_id.3' (/home/lab_726/boom/hls_boom/src/boom_core_merged.cpp:1003) completely based on array size.
INFO: [XFORM 203-101] Partitioning array 'state.issue.issued_valids' in dimension 1 completely.
INFO: [XFORM 203-101] Partitioning array 'state.issue.issued_uops.branch.br_mask' in dimension 1 completely.
INFO: [XFORM 203-101] Partitioning array 'state.execute.alu_results.valid' in dimension 1 completely.
INFO: [XFORM 203-101] Partitioning array 'state.execute.alu_results.uop.uopc' in dimension 1 completely.
INFO: [XFORM 203-101] Partitioning array 'state.execute.alu_results.uop.rename.stale_pdst' in dimension 1 completely.
INFO: [XFORM 203-101] Partitioning array 'state.execute.alu_results.uop.rename.prs3_busy' in dimension 1 completely.
INFO: [XFORM 203-101] Partitioning array 'state.execute.alu_results.uop.rename.prs3' in dimension 1 completely.
INFO: [XFORM 203-101] Partitioning array 'state.execute.alu_results.uop.rename.prs2_busy' in dimension 1 completely.
INFO: [XFORM 203-101] Partitioning array 'state.execute.alu_results.uop.rename.prs2' in dimension 1 completely.
INFO: [XFORM 203-101] Partitioning array 'state.execute.alu_results.uop.rename.prs1_busy' in dimension 1 completely.
INFO: [XFORM 203-101] Partitioning array 'state.execute.alu_results.uop.rename.prs1' in dimension 1 completely.
INFO: [XFORM 203-101] Partitioning array 'state.execute.alu_results.uop.rename.ppred_busy' in dimension 1 completely.
INFO: [XFORM 203-101] Partitioning array 'state.execute.alu_results.uop.rename.ppred' in dimension 1 completely.
INFO: [XFORM 203-101] Partitioning array 'state.execute.alu_results.uop.rename.pdst' in dimension 1 completely.
INFO: [XFORM 203-101] Partitioning array 'state.execute.alu_results.uop.rename.lrs3' in dimension 1 completely.
INFO: [XFORM 203-101] Partitioning array 'state.execute.alu_results.uop.rename.lrs2_rtype' in dimension 1 completely.
INFO: [XFORM 203-101] Partitioning array 'state.execute.alu_results.uop.rename.lrs2' in dimension 1 completely.
INFO: [XFORM 203-101] Partitioning array 'state.execute.alu_results.uop.rename.lrs1_rtype' in dimension 1 completely.
INFO: [XFORM 203-101] Partitioning array 'state.execute.alu_results.uop.rename.lrs1' in dimension 1 completely.
INFO: [XFORM 203-101] Partitioning array 'state.execute.alu_results.uop.rename.ldst' in dimension 1 completely.
INFO: [XFORM 203-101] Partitioning array 'state.execute.alu_results.uop.rename.frs3_en' in dimension 1 completely.
INFO: [XFORM 203-101] Partitioning array 'state.execute.alu_results.uop.rename.fp_val' in dimension 1 completely.
INFO: [XFORM 203-101] Partitioning array 'state.execute.alu_results.uop.rename.fp_single' in dimension 1 completely.
INFO: [XFORM 203-101] Partitioning array 'state.execute.alu_results.uop.rename.dst_rtype' in dimension 1 completely.
INFO: [XFORM 203-101] Partitioning array 'state.execute.alu_results.uop.queue.stq_idx' in dimension 1 completely.
INFO: [XFORM 203-101] Partitioning array 'state.execute.alu_results.uop.queue.rxq_idx' in dimension 1 completely.
INFO: [XFORM 203-101] Partitioning array 'state.execute.alu_results.uop.queue.rob_idx' in dimension 1 completely.
INFO: [XFORM 203-101] Partitioning array 'state.execute.alu_results.uop.queue.rob_allocation_id' in dimension 1 completely.
INFO: [XFORM 203-101] Partitioning array 'state.execute.alu_results.uop.queue.ldq_idx' in dimension 1 completely.
INFO: [XFORM 203-101] Partitioning array 'state.execute.alu_results.uop.mem.uses_stq' in dimension 1 completely.
INFO: [XFORM 203-101] Partitioning array 'state.execute.alu_results.uop.mem.uses_ldq' in dimension 1 completely.
INFO: [XFORM 203-101] Partitioning array 'state.execute.alu_results.uop.mem.mem_size' in dimension 1 completely.
INFO: [XFORM 203-101] Partitioning array 'state.execute.alu_results.uop.mem.mem_signed' in dimension 1 completely.
INFO: [XFORM 203-101] Partitioning array 'state.execute.alu_results.uop.mem.mem_cmd' in dimension 1 completely.
INFO: [XFORM 203-101] Partitioning array 'state.execute.alu_results.uop.mem.ldst_val' in dimension 1 completely.
INFO: [XFORM 203-101] Partitioning array 'state.execute.alu_results.uop.mem.ldst_is_rs1' in dimension 1 completely.
INFO: [XFORM 203-101] Partitioning array 'state.execute.alu_results.uop.mem.is_fencei' in dimension 1 completely.
INFO: [XFORM 203-101] Partitioning array 'state.execute.alu_results.uop.mem.is_fence' in dimension 1 completely.
INFO: [XFORM 203-101] Partitioning array 'state.execute.alu_results.uop.mem.is_amo' in dimension 1 completely.
INFO: [XFORM 203-101] Partitioning array 'state.execute.alu_results.uop.iw_state' in dimension 1 completely.
INFO: [XFORM 203-101] Partitioning array 'state.execute.alu_results.uop.iw_p2_poisoned' in dimension 1 completely.
INFO: [XFORM 203-101] Partitioning array 'state.execute.alu_results.uop.iw_p1_poisoned' in dimension 1 completely.
INFO: [XFORM 203-101] Partitioning array 'state.execute.alu_results.uop.is_unique' in dimension 1 completely.
INFO: [XFORM 203-101] Partitioning array 'state.execute.alu_results.uop.is_sys_pc2epc' in dimension 1 completely.
INFO: [XFORM 203-101] Partitioning array 'state.execute.alu_results.uop.is_rvc' in dimension 1 completely.
INFO: [XFORM 203-101] Partitioning array 'state.execute.alu_results.uop.iq_type' in dimension 1 completely.
INFO: [XFORM 203-101] Partitioning array 'state.execute.alu_results.uop.inst' in dimension 1 completely.
INFO: [XFORM 203-101] Partitioning array 'state.execute.alu_results.uop.imm_packed' in dimension 1 completely.
INFO: [XFORM 203-101] Partitioning array 'state.execute.alu_results.uop.fu_code' in dimension 1 completely.
INFO: [XFORM 203-101] Partitioning array 'state.execute.alu_results.uop.flush_on_commit' in dimension 1 completely.
INFO: [XFORM 203-101] Partitioning array 'state.execute.alu_results.uop.exception' in dimension 1 completely.
INFO: [XFORM 203-101] Partitioning array 'state.execute.alu_results.uop.exc_cause' in dimension 1 completely.
INFO: [XFORM 203-101] Partitioning array 'state.execute.alu_results.uop.exc.xcpt_pf_if' in dimension 1 completely.
INFO: [XFORM 203-101] Partitioning array 'state.execute.alu_results.uop.exc.xcpt_ma_if' in dimension 1 completely.
INFO: [XFORM 203-101] Partitioning array 'state.execute.alu_results.uop.exc.xcpt_ae_if' in dimension 1 completely.
INFO: [XFORM 203-101] Partitioning array 'state.execute.alu_results.uop.exc.exception' in dimension 1 completely.
INFO: [XFORM 203-101] Partitioning array 'state.execute.alu_results.uop.exc.exc_cause' in dimension 1 completely.
INFO: [XFORM 203-101] Partitioning array 'state.execute.alu_results.uop.exc.bp_xcpt_if' in dimension 1 completely.
INFO: [XFORM 203-101] Partitioning array 'state.execute.alu_results.uop.exc.bp_debug_if' in dimension 1 completely.
INFO: [XFORM 203-101] Partitioning array 'state.execute.alu_results.uop.debug_pc' in dimension 1 completely.
INFO: [XFORM 203-101] Partitioning array 'state.execute.alu_results.uop.debug_inst' in dimension 1 completely.
INFO: [XFORM 203-101] Partitioning array 'state.execute.alu_results.uop.debug.debug_tsrc' in dimension 1 completely.
INFO: [XFORM 203-101] Partitioning array 'state.execute.alu_results.uop.debug.debug_pc' in dimension 1 completely.
INFO: [XFORM 203-101] Partitioning array 'state.execute.alu_results.uop.debug.debug_inst' in dimension 1 completely.
INFO: [XFORM 203-101] Partitioning array 'state.execute.alu_results.uop.debug.debug_fsrc' in dimension 1 completely.
INFO: [XFORM 203-101] Partitioning array 'state.execute.alu_results.uop.ctrl.op_fcn' in dimension 1 completely.
INFO: [XFORM 203-101] Partitioning array 'state.execute.alu_results.uop.ctrl.op2_sel' in dimension 1 completely.
INFO: [XFORM 203-101] Partitioning array 'state.execute.alu_results.uop.ctrl.op1_sel' in dimension 1 completely.
INFO: [XFORM 203-101] Partitioning array 'state.execute.alu_results.uop.ctrl.is_std' in dimension 1 completely.
INFO: [XFORM 203-101] Partitioning array 'state.execute.alu_results.uop.ctrl.is_sta' in dimension 1 completely.
INFO: [XFORM 203-101] Partitioning array 'state.execute.alu_results.uop.ctrl.is_load' in dimension 1 completely.
INFO: [XFORM 203-101] Partitioning array 'state.execute.alu_results.uop.ctrl.imm_sel' in dimension 1 completely.
INFO: [XFORM 203-101] Partitioning array 'state.execute.alu_results.uop.ctrl.fcn_dw' in dimension 1 completely.
INFO: [XFORM 203-101] Partitioning array 'state.execute.alu_results.uop.ctrl.csr_cmd' in dimension 1 completely.
INFO: [XFORM 203-101] Partitioning array 'state.execute.alu_results.uop.ctrl.br_type' in dimension 1 completely.
INFO: [XFORM 203-101] Partitioning array 'state.execute.alu_results.uop.csr_addr' in dimension 1 completely.
INFO: [XFORM 203-101] Partitioning array 'state.execute.alu_results.uop.bypassable' in dimension 1 completely.
INFO: [XFORM 203-101] Partitioning array 'state.execute.alu_results.uop.branch.taken' in dimension 1 completely.
INFO: [XFORM 203-101] Partitioning array 'state.execute.alu_results.uop.branch.pc_lob' in dimension 1 completely.
INFO: [XFORM 203-101] Partitioning array 'state.execute.alu_results.uop.branch.is_sfb' in dimension 1 completely.
INFO: [XFORM 203-101] Partitioning array 'state.execute.alu_results.uop.branch.is_jalr' in dimension 1 completely.
INFO: [XFORM 203-101] Partitioning array 'state.execute.alu_results.uop.branch.is_jal' in dimension 1 completely.
INFO: [XFORM 203-101] Partitioning array 'state.execute.alu_results.uop.branch.is_br' in dimension 1 completely.
INFO: [XFORM 203-101] Partitioning array 'state.execute.alu_results.uop.branch.ftq_idx' in dimension 1 completely.
INFO: [XFORM 203-101] Partitioning array 'state.execute.alu_results.uop.branch.edge_inst' in dimension 1 completely.
INFO: [XFORM 203-101] Partitioning array 'state.execute.alu_results.uop.branch.br_tag' in dimension 1 completely.
INFO: [XFORM 203-101] Partitioning array 'state.execute.alu_results.uop.branch.br_mask' in dimension 1 completely.
INFO: [XFORM 203-101] Partitioning array 'state.execute.alu_results.store_data' in dimension 1 completely.
INFO: [XFORM 203-101] Partitioning array 'state.execute.alu_results.signed_load' in dimension 1 completely.
INFO: [XFORM 203-101] Partitioning array 'state.execute.alu_results.result' in dimension 1 completely.
INFO: [XFORM 203-101] Partitioning array 'state.execute.alu_results.redirect_pc' in dimension 1 completely.
INFO: [XFORM 203-101] Partitioning array 'state.execute.alu_results.mispredict' in dimension 1 completely.
INFO: [XFORM 203-101] Partitioning array 'state.execute.alu_results.memory_valid' in dimension 1 completely.
INFO: [XFORM 203-101] Partitioning array 'state.execute.alu_results.memory_size' in dimension 1 completely.
INFO: [XFORM 203-101] Partitioning array 'state.execute.alu_results.memory_mask' in dimension 1 completely.
INFO: [XFORM 203-101] Partitioning array 'state.execute.alu_results.memory_address' in dimension 1 completely.
INFO: [XFORM 203-101] Partitioning array 'state.execute.alu_results.is_store' in dimension 1 completely.
INFO: [XFORM 203-101] Partitioning array 'state.execute.alu_results.is_load' in dimension 1 completely.
INFO: [XFORM 203-101] Partitioning array 'state.execute.alu_results.exception' in dimension 1 completely.
INFO: [XFORM 203-101] Partitioning array 'state.execute.alu_results.exc_cause' in dimension 1 completely.
INFO: [XFORM 203-101] Partitioning array 'state.completion.writebacks.value' in dimension 1 completely.
INFO: [XFORM 203-101] Partitioning array 'state.completion.writebacks.valid' in dimension 1 completely.
INFO: [XFORM 203-101] Partitioning array 'state.completion.writebacks.pdst' in dimension 1 completely.
INFO: [XFORM 203-101] Partitioning array 'state.completion.wakeups.value' in dimension 1 completely.
INFO: [XFORM 203-101] Partitioning array 'state.completion.wakeups.valid' in dimension 1 completely.
INFO: [XFORM 203-101] Partitioning array 'state.completion.wakeups.pdst' in dimension 1 completely.
INFO: [XFORM 203-101] Partitioning array 'state.completion.wakeups.branch_mask' in dimension 1 completely.
INFO: [XFORM 203-101] Partitioning array 'state.completion.wakeup_sent' in dimension 1 completely.
INFO: [XFORM 203-101] Partitioning array 'state.completion.bypass.value' in dimension 1 completely.
INFO: [XFORM 203-101] Partitioning array 'state.completion.bypass.valid' in dimension 1 completely.
INFO: [XFORM 203-101] Partitioning array 'state.completion.bypass.pdst' in dimension 1 completely.
INFO: [XFORM 203-101] Partitioning array 'state.completion.bypass.branch_mask' in dimension 1 completely.
INFO: [XFORM 203-101] Partitioning array 'initial.valid' (/home/lab_726/boom/hls_boom/src/boom_core_merged.cpp:1086) in dimension 1 completely.
INFO: [XFORM 203-101] Partitioning array 'initial.kind' (/home/lab_726/boom/hls_boom/src/boom_core_merged.cpp:1086) in dimension 1 completely.
INFO: [XFORM 203-101] Partitioning array 'initial.source' (/home/lab_726/boom/hls_boom/src/boom_core_merged.cpp:1086) in dimension 1 completely.
INFO: [XFORM 203-101] Partitioning array 'initial.uop.queue.rob_idx' (/home/lab_726/boom/hls_boom/src/boom_core_merged.cpp:1086) in dimension 1 completely.
INFO: [XFORM 203-101] Partitioning array 'initial.uop.queue.rob_allocation_id' (/home/lab_726/boom/hls_boom/src/boom_core_merged.cpp:1086) in dimension 1 completely.
INFO: [XFORM 203-101] Partitioning array 'initial.exception' (/home/lab_726/boom/hls_boom/src/boom_core_merged.cpp:1086) in dimension 1 completely.
INFO: [XFORM 203-101] Partitioning array 'initial.transaction_id' (/home/lab_726/boom/hls_boom/src/boom_core_merged.cpp:1086) in dimension 1 completely.
INFO: [XFORM 203-101] Partitioning array 'ports.valid.1' (/home/lab_726/boom/hls_boom/src/boom_core_merged.cpp:1094) in dimension 1 completely.
INFO: [XFORM 203-101] Partitioning array 'ports.kind.1' (/home/lab_726/boom/hls_boom/src/boom_core_merged.cpp:1094) in dimension 1 completely.
INFO: [XFORM 203-101] Partitioning array 'ports.source.1' (/home/lab_726/boom/hls_boom/src/boom_core_merged.cpp:1094) in dimension 1 completely.
INFO: [XFORM 203-101] Partitioning array 'ports.uop.queue.rob_idx.1' (/home/lab_726/boom/hls_boom/src/boom_core_merged.cpp:1094) in dimension 1 completely.
INFO: [XFORM 203-101] Partitioning array 'ports.uop.queue.rob_allocation_id.1' (/home/lab_726/boom/hls_boom/src/boom_core_merged.cpp:1094) in dimension 1 completely.
INFO: [XFORM 203-101] Partitioning array 'ports.uop.rename.pdst' (/home/lab_726/boom/hls_boom/src/boom_core_merged.cpp:1094) in dimension 1 completely.
INFO: [XFORM 203-101] Partitioning array 'ports.writes_prf' (/home/lab_726/boom/hls_boom/src/boom_core_merged.cpp:1094) in dimension 1 completely.
INFO: [XFORM 203-101] Partitioning array 'ports.value' (/home/lab_726/boom/hls_boom/src/boom_core_merged.cpp:1094) in dimension 1 completely.
INFO: [XFORM 203-101] Partitioning array 'ports.exception.1' (/home/lab_726/boom/hls_boom/src/boom_core_merged.cpp:1094) in dimension 1 completely.
INFO: [XFORM 203-101] Partitioning array 'ports.is_load' (/home/lab_726/boom/hls_boom/src/boom_core_merged.cpp:1094) in dimension 1 completely.
INFO: [XFORM 203-101] Partitioning array 'ports.transaction_id.1' (/home/lab_726/boom/hls_boom/src/boom_core_merged.cpp:1094) in dimension 1 completely.
INFO: [XFORM 203-101] Partitioning array 'ports.valid' (/home/lab_726/boom/hls_boom/src/boom_core_merged.cpp:793) in dimension 1 completely.
INFO: [XFORM 203-101] Partitioning array 'ports.kind' (/home/lab_726/boom/hls_boom/src/boom_core_merged.cpp:793) in dimension 1 completely.
INFO: [XFORM 203-101] Partitioning array 'ports.source' (/home/lab_726/boom/hls_boom/src/boom_core_merged.cpp:793) in dimension 1 completely.
INFO: [XFORM 203-101] Partitioning array 'ports.uop.branch.br_mask' (/home/lab_726/boom/hls_boom/src/boom_core_merged.cpp:793) in dimension 1 completely.
INFO: [XFORM 203-101] Partitioning array 'ports.uop.queue.rob_idx' (/home/lab_726/boom/hls_boom/src/boom_core_merged.cpp:793) in dimension 1 completely.
INFO: [XFORM 203-101] Partitioning array 'ports.uop.queue.rob_allocation_id' (/home/lab_726/boom/hls_boom/src/boom_core_merged.cpp:793) in dimension 1 completely.
INFO: [XFORM 203-101] Partitioning array 'ports.uop.rename.pdst' (/home/lab_726/boom/hls_boom/src/boom_core_merged.cpp:793) in dimension 1 completely.
INFO: [XFORM 203-101] Partitioning array 'ports.writes_prf' (/home/lab_726/boom/hls_boom/src/boom_core_merged.cpp:793) in dimension 1 completely.
INFO: [XFORM 203-101] Partitioning array 'ports.value' (/home/lab_726/boom/hls_boom/src/boom_core_merged.cpp:793) in dimension 1 completely.
INFO: [XFORM 203-101] Partitioning array 'ports.exception' (/home/lab_726/boom/hls_boom/src/boom_core_merged.cpp:793) in dimension 1 completely.
INFO: [XFORM 203-101] Partitioning array 'ports.is_load' (/home/lab_726/boom/hls_boom/src/boom_core_merged.cpp:793) in dimension 1 completely.
INFO: [XFORM 203-101] Partitioning array 'ports.transaction_id' (/home/lab_726/boom/hls_boom/src/boom_core_merged.cpp:793) in dimension 1 completely.
INFO: [XFORM 203-101] Partitioning array 'usable' (/home/lab_726/boom/hls_boom/src/boom_core_merged.cpp:805) in dimension 1 completely.
INFO: [XFORM 203-101] Partitioning array 'ports.valid.2' (/home/lab_726/boom/hls_boom/src/boom_core_merged.cpp:1026) in dimension 1 completely.
INFO: [XFORM 203-101] Partitioning array 'ports.kind.2' (/home/lab_726/boom/hls_boom/src/boom_core_merged.cpp:1026) in dimension 1 completely.
INFO: [XFORM 203-101] Partitioning array 'ports.source.2' (/home/lab_726/boom/hls_boom/src/boom_core_merged.cpp:1026) in dimension 1 completely.
INFO: [XFORM 203-101] Partitioning array 'ports.uop.queue.rob_idx.2' (/home/lab_726/boom/hls_boom/src/boom_core_merged.cpp:1026) in dimension 1 completely.
INFO: [XFORM 203-101] Partitioning array 'ports.uop.queue.rob_allocation_id.2' (/home/lab_726/boom/hls_boom/src/boom_core_merged.cpp:1026) in dimension 1 completely.
INFO: [XFORM 203-101] Partitioning array 'ports.uop.rename.pdst.1' (/home/lab_726/boom/hls_boom/src/boom_core_merged.cpp:1026) in dimension 1 completely.
INFO: [XFORM 203-101] Partitioning array 'ports.writes_prf.1' (/home/lab_726/boom/hls_boom/src/boom_core_merged.cpp:1026) in dimension 1 completely.
INFO: [XFORM 203-101] Partitioning array 'ports.value.1' (/home/lab_726/boom/hls_boom/src/boom_core_merged.cpp:1026) in dimension 1 completely.
INFO: [XFORM 203-101] Partitioning array 'ports.exception.2' (/home/lab_726/boom/hls_boom/src/boom_core_merged.cpp:1026) in dimension 1 completely.
INFO: [XFORM 203-101] Partitioning array 'ports.is_load.1' (/home/lab_726/boom/hls_boom/src/boom_core_merged.cpp:1026) in dimension 1 completely.
INFO: [XFORM 203-101] Partitioning array 'ports.transaction_id.2' (/home/lab_726/boom/hls_boom/src/boom_core_merged.cpp:1026) in dimension 1 completely.
INFO: [XFORM 203-101] Partitioning array 'ports.valid.3' (/home/lab_726/boom/hls_boom/src/boom_core_merged.cpp:1003) in dimension 1 completely.
INFO: [XFORM 203-101] Partitioning array 'ports.kind.3' (/home/lab_726/boom/hls_boom/src/boom_core_merged.cpp:1003) in dimension 1 completely.
INFO: [XFORM 203-101] Partitioning array 'ports.source.3' (/home/lab_726/boom/hls_boom/src/boom_core_merged.cpp:1003) in dimension 1 completely.
INFO: [XFORM 203-101] Partitioning array 'ports.uop.branch.br_mask.1' (/home/lab_726/boom/hls_boom/src/boom_core_merged.cpp:1003) in dimension 1 completely.
INFO: [XFORM 203-101] Partitioning array 'ports.uop.branch.br_tag' (/home/lab_726/boom/hls_boom/src/boom_core_merged.cpp:1003) in dimension 1 completely.
INFO: [XFORM 203-101] Partitioning array 'ports.uop.queue.rob_idx.3' (/home/lab_726/boom/hls_boom/src/boom_core_merged.cpp:1003) in dimension 1 completely.
INFO: [XFORM 203-101] Partitioning array 'ports.uop.queue.rob_allocation_id.3' (/home/lab_726/boom/hls_boom/src/boom_core_merged.cpp:1003) in dimension 1 completely.
INFO: [XFORM 203-101] Partitioning array 'ports.mispredict' (/home/lab_726/boom/hls_boom/src/boom_core_merged.cpp:1003) in dimension 1 completely.
INFO: [XFORM 203-101] Partitioning array 'ports.control_resolved' (/home/lab_726/boom/hls_boom/src/boom_core_merged.cpp:1003) in dimension 1 completely.
INFO: [XFORM 203-101] Partitioning array 'ports.redirect_pc' (/home/lab_726/boom/hls_boom/src/boom_core_merged.cpp:1003) in dimension 1 completely.
INFO: [XFORM 203-101] Partitioning array 'ports.transaction_id.3' (/home/lab_726/boom/hls_boom/src/boom_core_merged.cpp:1003) in dimension 1 completely.
INFO: [XFORM 203-401] Performing if-conversion on hyperblock from (/home/lab_726/boom/hls_boom/src/boom_core_merged.cpp:544:10) in function 'synth_w4d_oracle_top'... converting 4 basic blocks.
INFO: [XFORM 203-401] Performing if-conversion on hyperblock from (/home/lab_726/boom/hls_boom/src/boom_core_merged.cpp:3809:10) in function 'synth_w4d_oracle_top'... converting 6 basic blocks.
INFO: [XFORM 203-401] Performing if-conversion on hyperblock from (/home/lab_726/boom/hls_boom/src/boom_core_merged.cpp:3809:10) in function 'synth_w4d_oracle_top'... converting 6 basic blocks.
INFO: [XFORM 203-401] Performing if-conversion on hyperblock from (/home/lab_726/boom/hls_boom/src/boom_core_merged.cpp:3562:11) to (/home/lab_726/boom/hls_boom/src/boom_core_merged.cpp:535:42) in function 'synth_w4d_oracle_top'... converting 5 basic blocks.
INFO: [XFORM 203-401] Performing if-conversion on hyperblock from (/home/lab_726/boom/hls_boom/src/boom_core_merged.cpp:1276:52) to (/home/lab_726/boom/hls_boom/src/boom_core_merged.cpp:3764:66) in function 'synth_w4d_oracle_top'... converting 9 basic blocks.
INFO: [XFORM 203-401] Performing if-conversion on hyperblock from (/home/lab_726/boom/hls_boom/src/boom_core_merged.cpp:553:17) to (/home/lab_726/boom/hls_boom/src/boom_core_merged.cpp:572:1) in function 'synth_w4d_oracle_top'... converting 4 basic blocks.
INFO: [XFORM 203-401] Performing if-conversion on hyperblock from (/home/lab_726/boom/hls_boom/src/boom_core_merged.cpp:1100:37) to (/home/lab_726/boom/hls_boom/src/boom_core_merged.cpp:1101:17) in function 'boom::service_pending'... converting 19 basic blocks.
INFO: [XFORM 203-401] Performing if-conversion on hyperblock from (/home/lab_726/boom/hls_boom/src/boom_core_merged.cpp:624:73) to (/home/lab_726/boom/hls_boom/src/boom_core_merged.cpp:625:26) in function 'boom::service_pending'... converting 4 basic blocks.
INFO: [XFORM 203-401] Performing if-conversion on hyperblock from (/home/lab_726/boom/hls_boom/src/boom_core_merged.cpp:626:59) to (/home/lab_726/boom/hls_boom/src/boom_core_merged.cpp:1047:13) in function 'boom::service_pending'... converting 4 basic blocks.
INFO: [XFORM 203-401] Performing if-conversion on hyperblock from (/home/lab_726/boom/hls_boom/src/boom_core_merged.cpp:1115:18) in function 'boom::service_pending'... converting 4 basic blocks.
INFO: [XFORM 203-401] Performing if-conversion on hyperblock from (/home/lab_726/boom/hls_boom/src/boom_core_merged.cpp:625:35) to (/home/lab_726/boom/hls_boom/src/boom_core_merged.cpp:625:46) in function 'boom::service_pending'... converting 4 basic blocks.
INFO: [XFORM 203-401] Performing if-conversion on hyperblock from (/home/lab_726/boom/hls_boom/src/boom_core_merged.cpp:624:73) to (/home/lab_726/boom/hls_boom/src/boom_core_merged.cpp:625:26) in function 'boom::service_pending'... converting 4 basic blocks.
INFO: [XFORM 203-401] Performing if-conversion on hyperblock from (/home/lab_726/boom/hls_boom/src/boom_core_merged.cpp:626:59) to (/home/lab_726/boom/hls_boom/src/boom_core_merged.cpp:1118:17) in function 'boom::service_pending'... converting 4 basic blocks.
INFO: [XFORM 203-401] Performing if-conversion on hyperblock from (/home/lab_726/boom/hls_boom/src/boom_core_merged.cpp:1119:41) to (/home/lab_726/boom/hls_boom/src/boom_core_merged.cpp:1119:51) in function 'boom::service_pending'... converting 4 basic blocks.
INFO: [XFORM 203-401] Performing if-conversion on hyperblock from (/home/lab_726/boom/hls_boom/src/boom_core_merged.cpp:1116:18) to (/home/lab_726/boom/hls_boom/src/boom_core_merged.cpp:1121:36) in function 'boom::service_pending'... converting 4 basic blocks.
INFO: [XFORM 203-401] Performing if-conversion on hyperblock from (/home/lab_726/boom/hls_boom/src/boom_core_merged.cpp:624:73) to (/home/lab_726/boom/hls_boom/src/boom_core_merged.cpp:625:26) in function 'boom::service_pending'... converting 4 basic blocks.
INFO: [XFORM 203-401] Performing if-conversion on hyperblock from (/home/lab_726/boom/hls_boom/src/boom_core_merged.cpp:626:59) to (/home/lab_726/boom/hls_boom/src/boom_core_merged.cpp:1045:6) in function 'boom::service_pending'... converting 4 basic blocks.
INFO: [XFORM 203-401] Performing if-conversion on hyperblock from (/home/lab_726/boom/hls_boom/src/boom_core_merged.cpp:1050:48) to (/home/lab_726/boom/hls_boom/src/boom_core_merged.cpp:1046:24) in function 'boom::service_pending'... converting 4 basic blocks.
INFO: [XFORM 203-401] Performing if-conversion on hyperblock from (/home/lab_726/boom/hls_boom/src/boom_core_merged.cpp:2118:10) in function 'boom::service_pending'... converting 4 basic blocks.
INFO: [XFORM 203-401] Performing if-conversion on hyperblock from (/home/lab_726/boom/hls_boom/src/boom_core_merged.cpp:1138:60) to (/home/lab_726/boom/hls_boom/src/boom_core_merged.cpp:1142:13) in function 'boom::service_pending'... converting 6 basic blocks.
INFO: [XFORM 203-401] Performing if-conversion on hyperblock from (/home/lab_726/boom/hls_boom/src/boom_core_merged.cpp:584:22) to (/home/lab_726/boom/hls_boom/src/boom_core_merged.cpp:599:1) in function 'boom::completion_is_valid'... converting 14 basic blocks.
INFO: [XFORM 203-401] Performing if-conversion on hyperblock from (/home/lab_726/boom/hls_boom/src/boom_core_merged.cpp:1009:60) to (/home/lab_726/boom/hls_boom/src/boom_core_merged.cpp:1008:13) in function 'boom::begin_completion_cycle'... converting 4 basic blocks.
INFO: [XFORM 203-401] Performing if-conversion on hyperblock from (/home/lab_726/boom/hls_boom/src/boom_core_merged.cpp:696:52) to (/home/lab_726/boom/hls_boom/src/boom_core_merged.cpp:696:63) in function 'boom::begin_completion_cycle'... converting 4 basic blocks.
INFO: [XFORM 203-401] Performing if-conversion on hyperblock from (/home/lab_726/boom/hls_boom/src/boom_core_merged.cpp:697:16) to (/home/lab_726/boom/hls_boom/src/boom_core_merged.cpp:697:26) in function 'boom::begin_completion_cycle'... converting 4 basic blocks.
INFO: [XFORM 203-401] Performing if-conversion on hyperblock from (/home/lab_726/boom/hls_boom/src/boom_core_merged.cpp:697:46) to (/home/lab_726/boom/hls_boom/src/boom_core_merged.cpp:697:56) in function 'boom::begin_completion_cycle'... converting 4 basic blocks.
INFO: [XFORM 203-401] Performing if-conversion on hyperblock from (/home/lab_726/boom/hls_boom/src/boom_core_merged.cpp:1033:26) to (/home/lab_726/boom/hls_boom/src/boom_core_merged.cpp:1030:45) in function 'boom::begin_completion_cycle'... converting 4 basic blocks.
INFO: [XFORM 203-401] Performing if-conversion on hyperblock from (/home/lab_726/boom/hls_boom/src/boom_core_merged.cpp:625:35) to (/home/lab_726/boom/hls_boom/src/boom_core_merged.cpp:625:46) in function 'boom::begin_completion_cycle'... converting 4 basic blocks.
INFO: [XFORM 203-401] Performing if-conversion on hyperblock from (/home/lab_726/boom/hls_boom/src/boom_core_merged.cpp:626:59) to (/home/lab_726/boom/hls_boom/src/boom_core_merged.cpp:752:50) in function 'boom::begin_completion_cycle'... converting 4 basic blocks.
INFO: [XFORM 203-401] Performing if-conversion on hyperblock from (/home/lab_726/boom/hls_boom/src/boom_core_merged.cpp:753:33) to (/home/lab_726/boom/hls_boom/src/boom_core_merged.cpp:751:13) in function 'boom::begin_completion_cycle'... converting 4 basic blocks.
INFO: [XFORM 203-401] Performing if-conversion on hyperblock from (/home/lab_726/boom/hls_boom/src/boom_core_merged.cpp:625:35) to (/home/lab_726/boom/hls_boom/src/boom_core_merged.cpp:625:46) in function 'boom::begin_completion_cycle'... converting 4 basic blocks.
INFO: [XFORM 203-401] Performing if-conversion on hyperblock from (/home/lab_726/boom/hls_boom/src/boom_core_merged.cpp:626:59) to (/home/lab_726/boom/hls_boom/src/boom_core_merged.cpp:766:50) in function 'boom::begin_completion_cycle'... converting 4 basic blocks.
INFO: [XFORM 203-401] Performing if-conversion on hyperblock from (/home/lab_726/boom/hls_boom/src/boom_core_merged.cpp:767:33) to (/home/lab_726/boom/hls_boom/src/boom_core_merged.cpp:765:13) in function 'boom::begin_completion_cycle'... converting 4 basic blocks.
INFO: [XFORM 203-401] Performing if-conversion on hyperblock from (/home/lab_726/boom/hls_boom/src/boom_core_merged.cpp:696:52) to (/home/lab_726/boom/hls_boom/src/boom_core_merged.cpp:696:63) in function 'boom::begin_completion_cycle'... converting 4 basic blocks.
INFO: [XFORM 203-401] Performing if-conversion on hyperblock from (/home/lab_726/boom/hls_boom/src/boom_core_merged.cpp:807:19) to (/home/lab_726/boom/hls_boom/src/boom_core_merged.cpp:808:13) in function 'boom::begin_completion_cycle'... converting 5 basic blocks.
INFO: [XFORM 203-401] Performing if-conversion on hyperblock from (/home/lab_726/boom/hls_boom/src/boom_core_merged.cpp:697:46) to (/home/lab_726/boom/hls_boom/src/boom_core_merged.cpp:808:13) in function 'boom::begin_completion_cycle'... converting 8 basic blocks.
INFO: [XFORM 203-401] Performing if-conversion on hyperblock from (/home/lab_726/boom/hls_boom/src/boom_core_merged.cpp:603:39) to (/home/lab_726/boom/hls_boom/src/boom_core_merged.cpp:814:17) in function 'boom::begin_completion_cycle'... converting 4 basic blocks.
INFO: [XFORM 203-401] Performing if-conversion on hyperblock from (/home/lab_726/boom/hls_boom/src/boom_core_merged.cpp:815:27) to (/home/lab_726/boom/hls_boom/src/boom_core_merged.cpp:815:17) in function 'boom::begin_completion_cycle'... converting 5 basic blocks.
INFO: [XFORM 203-401] Performing if-conversion on hyperblock from (/home/lab_726/boom/hls_boom/src/boom_core_merged.cpp:818:32) to (/home/lab_726/boom/hls_boom/src/boom_core_merged.cpp:819:13) in function 'boom::begin_completion_cycle'... converting 13 basic blocks.
INFO: [XFORM 203-401] Performing if-conversion on hyperblock from (/home/lab_726/boom/hls_boom/src/boom_core_merged.cpp:603:39) to (/home/lab_726/boom/hls_boom/src/boom_core_merged.cpp:829:17) in function 'boom::begin_completion_cycle'... converting 4 basic blocks.
INFO: [XFORM 203-401] Performing if-conversion on hyperblock from (/home/lab_726/boom/hls_boom/src/boom_core_merged.cpp:830:27) to (/home/lab_726/boom/hls_boom/src/boom_core_merged.cpp:830:17) in function 'boom::begin_completion_cycle'... converting 5 basic blocks.
INFO: [XFORM 203-401] Performing if-conversion on hyperblock from (/home/lab_726/boom/hls_boom/src/boom_core_merged.cpp:839:27) to (/home/lab_726/boom/hls_boom/src/boom_core_merged.cpp:843:13) in function 'boom::begin_completion_cycle'... converting 9 basic blocks.
INFO: [XFORM 203-401] Performing if-conversion on hyperblock from (/home/lab_726/boom/hls_boom/src/boom_core_merged.cpp:836:51) to (/home/lab_726/boom/hls_boom/src/boom_core_merged.cpp:835:44) in function 'boom::begin_completion_cycle'... converting 9 basic blocks.
INFO: [XFORM 203-401] Performing if-conversion on hyperblock from (/home/lab_726/boom/hls_boom/src/boom_core_merged.cpp:625:35) to (/home/lab_726/boom/hls_boom/src/boom_core_merged.cpp:625:46) in function 'boom::begin_completion_cycle'... converting 4 basic blocks.
INFO: [XFORM 203-401] Performing if-conversion on hyperblock from (/home/lab_726/boom/hls_boom/src/boom_core_merged.cpp:753:33) to (/home/lab_726/boom/hls_boom/src/boom_core_merged.cpp:751:13) in function 'boom::begin_completion_cycle'... converting 4 basic blocks.
INFO: [XFORM 203-401] Performing if-conversion on hyperblock from (/home/lab_726/boom/hls_boom/src/boom_core_merged.cpp:625:35) to (/home/lab_726/boom/hls_boom/src/boom_core_merged.cpp:625:46) in function 'boom::begin_completion_cycle'... converting 4 basic blocks.
INFO: [XFORM 203-401] Performing if-conversion on hyperblock from (/home/lab_726/boom/hls_boom/src/boom_core_merged.cpp:767:33) to (/home/lab_726/boom/hls_boom/src/boom_core_merged.cpp:765:13) in function 'boom::begin_completion_cycle'... converting 4 basic blocks.
INFO: [XFORM 203-401] Performing if-conversion on hyperblock from (/home/lab_726/boom/hls_boom/src/boom_core_merged.cpp:863:40) to (/home/lab_726/boom/hls_boom/src/boom_core_merged.cpp:863:21) in function 'boom::begin_completion_cycle'... converting 4 basic blocks.
INFO: [XFORM 203-401] Performing if-conversion on hyperblock from (/home/lab_726/boom/hls_boom/src/boom_core_merged.cpp:864:30) to (/home/lab_726/boom/hls_boom/src/boom_core_merged.cpp:864:22) in function 'boom::begin_completion_cycle'... converting 4 basic blocks.
INFO: [XFORM 203-401] Performing if-conversion on hyperblock from (/home/lab_726/boom/hls_boom/src/boom_core_merged.cpp:498:14) to (/home/lab_726/boom/hls_boom/src/boom_core_merged.cpp:941:5) in function 'boom::begin_completion_cycle'... converting 3 basic blocks.
INFO: [XFORM 203-11] Balancing expressions in function 'synth_w4d_oracle_top' (/home/lab_726/boom/hls_boom/src/boom_core_merged.cpp:3585)...58 expression(s) balanced.
INFO: [XFORM 203-11] Balancing expressions in function 'boom::service_pending' (/home/lab_726/boom/hls_boom/src/boom_core_merged.cpp:577:22)...6 expression(s) balanced.
INFO: [XFORM 203-11] Balancing expressions in function 'boom::completion_is_valid' (/home/lab_726/boom/hls_boom/src/boom_core_merged.cpp:577:1)...8 expression(s) balanced.
INFO: [HLS 200-111] Finished Loop, function and other optimizations: CPU user time: 4.13 seconds. CPU system time: 0.07 seconds. Elapsed time: 4.19 seconds; current allocated memory: 692.719 MB.
INFO: [HLS 200-472] Inferring partial write operation for 'state.rename.int_map_table.map_table' (/home/lab_726/boom/hls_boom/include/boom_state.hpp:40:21)
INFO: [HLS 200-472] Inferring partial write operation for 'state.rename.int_map_table.committed_map_table' (/home/lab_726/boom/hls_boom/include/boom_state.hpp:40:47)
INFO: [HLS 200-472] Inferring partial write operation for 'state.rename.int_map_table.br_snapshots' (/home/lab_726/boom/hls_boom/include/boom_state.hpp:41:68)
INFO: [HLS 200-472] Inferring partial write operation for 'state.rename.int_free_list.free_list' (/home/lab_726/boom/hls_boom/include/boom_state.hpp:49:65)
INFO: [HLS 200-472] Inferring partial write operation for 'state.rename.int_free_list.free_list' (/home/lab_726/boom/hls_boom/include/boom_state.hpp:50:21)
INFO: [HLS 200-472] Inferring partial write operation for 'state.issue.alu_iq.entries.valid' (/home/lab_726/boom/hls_boom/include/boom_types.hpp:177:24)
INFO: [HLS 200-472] Inferring partial write operation for 'state.issue.alu_iq.entries.request' (/home/lab_726/boom/hls_boom/include/boom_types.hpp:177:38)
INFO: [HLS 200-472] Inferring partial write operation for 'state.issue.alu_iq.entries.granted' (/home/lab_726/boom/hls_boom/include/boom_types.hpp:177:54)
INFO: [HLS 200-472] Inferring partial write operation for 'state.issue.alu_iq.entries.killed' (/home/lab_726/boom/hls_boom/include/boom_types.hpp:177:70)
INFO: [HLS 200-472] Inferring partial write operation for 'state.issue.alu_iq.entries.pdst_busy' (/home/lab_726/boom/hls_boom/include/boom_types.hpp:178:9)
INFO: [HLS 200-472] Inferring partial write operation for 'state.issue.alu_iq.entries.prs1_busy' (/home/lab_726/boom/hls_boom/include/boom_types.hpp:178:27)
INFO: [HLS 200-472] Inferring partial write operation for 'state.issue.alu_iq.entries.prs2_busy' (/home/lab_726/boom/hls_boom/include/boom_types.hpp:178:45)
INFO: [HLS 200-472] Inferring partial write operation for 'state.issue.alu_iq.entries.prs3_busy' (/home/lab_726/boom/hls_boom/include/boom_types.hpp:178:63)
INFO: [HLS 200-472] Inferring partial write operation for 'state.issue.alu_iq.entries.uop.uopc' (/home/lab_726/boom/hls_boom/include/boom_types.hpp:82:21)
INFO: [HLS 200-472] Inferring partial write operation for 'state.issue.alu_iq.entries.uop.inst' (/home/lab_726/boom/hls_boom/include/boom_types.hpp:82:29)
INFO: [HLS 200-472] Inferring partial write operation for 'state.issue.alu_iq.entries.uop.debug_inst' (/home/lab_726/boom/hls_boom/include/boom_types.hpp:82:43)
INFO: [HLS 200-472] Inferring partial write operation for 'state.issue.alu_iq.entries.uop.is_rvc' (/home/lab_726/boom/hls_boom/include/boom_types.hpp:82:53)
INFO: [HLS 200-472] Inferring partial write operation for 'state.issue.alu_iq.entries.uop.debug_pc' (/home/lab_726/boom/hls_boom/include/boom_types.hpp:82:69)
INFO: [HLS 200-472] Inferring partial write operation for 'state.issue.alu_iq.entries.uop.iq_type' (/home/lab_726/boom/hls_boom/include/boom_types.hpp:82:80)
INFO: [HLS 200-472] Inferring partial write operation for 'state.issue.alu_iq.entries.uop.fu_code' (/home/lab_726/boom/hls_boom/include/boom_types.hpp:82:91)
INFO: [HLS 200-472] Inferring partial write operation for 'state.issue.alu_iq.entries.uop.ctrl.br_type' (/home/lab_726/boom/hls_boom/include/boom_types.hpp:83:13)
INFO: [HLS 200-472] Inferring partial write operation for 'state.issue.alu_iq.entries.uop.iw_state' (/home/lab_726/boom/hls_boom/include/boom_types.hpp:83:26)
INFO: [HLS 200-472] Inferring partial write operation for 'state.issue.alu_iq.entries.uop.iw_p2_poisoned' (/home/lab_726/boom/hls_boom/include/boom_types.hpp:83:59)
INFO: [HLS 200-472] Inferring partial write operation for 'state.issue.alu_iq.entries.uop.iw_p1_poisoned' (/home/lab_726/boom/hls_boom/include/boom_types.hpp:83:44)
INFO: [HLS 200-472] Inferring partial write operation for 'state.issue.alu_iq.entries.uop.branch.br_mask' (/home/lab_726/boom/hls_boom/include/boom_types.hpp:83:73)
INFO: [HLS 200-472] Inferring partial write operation for 'state.issue.alu_iq.entries.uop.imm_packed' (/home/lab_726/boom/hls_boom/include/boom_types.hpp:83:88)
INFO: [HLS 200-472] Inferring partial write operation for 'state.issue.alu_iq.entries.uop.csr_addr' (/home/lab_726/boom/hls_boom/include/boom_types.hpp:83:100)
INFO: [HLS 200-472] Inferring partial write operation for 'state.issue.alu_iq.entries.uop.queue.rob_idx' (/home/lab_726/boom/hls_boom/include/boom_types.hpp:84:14)
INFO: [HLS 200-472] Inferring partial write operation for 'state.issue.alu_iq.entries.uop.rename.ldst' (/home/lab_726/boom/hls_boom/include/boom_types.hpp:84:25)
INFO: [HLS 200-472] Inferring partial write operation for 'state.issue.alu_iq.entries.uop.exception' (/home/lab_726/boom/hls_boom/include/boom_types.hpp:84:39)
INFO: [HLS 200-472] Inferring partial write operation for 'state.issue.alu_iq.entries.uop.exc_cause' (/home/lab_726/boom/hls_boom/include/boom_types.hpp:84:56)
INFO: [HLS 200-472] Inferring partial write operation for 'state.issue.alu_iq.entries.uop.bypassable' (/home/lab_726/boom/hls_boom/include/boom_types.hpp:84:70)
INFO: [HLS 200-472] Inferring partial write operation for 'state.issue.alu_iq.entries.uop.mem.mem_cmd' (/home/lab_726/boom/hls_boom/include/boom_types.hpp:84:81)
INFO: [HLS 200-472] Inferring partial write operation for 'state.issue.alu_iq.entries.uop.flush_on_commit' (/home/lab_726/boom/hls_boom/include/boom_types.hpp:85:48)
INFO: [HLS 200-472] Inferring partial write operation for 'state.issue.alu_iq.entries.uop.is_unique' (/home/lab_726/boom/hls_boom/include/boom_types.hpp:85:32)
INFO: [HLS 200-472] Inferring partial write operation for 'state.issue.alu_iq.entries.uop.is_sys_pc2epc' (/home/lab_726/boom/hls_boom/include/boom_types.hpp:85:22)
INFO: [HLS 200-472] Inferring partial write operation for 'state.issue.alu_iq.entries.uop.exc.exception' (/home/lab_726/boom/hls_boom/include/boom_types.hpp:85:59)
INFO: [HLS 200-472] Inferring partial write operation for 'state.issue.alu_iq.entries.uop.debug.debug_fsrc' (/home/lab_726/boom/hls_boom/include/boom_types.hpp:85:69)
INFO: [HLS 200-472] Inferring partial write operation for 'state.issue.alu_iq.entries.prs1_data' (/home/lab_726/boom/hls_boom/include/boom_types.hpp:179:16)
INFO: [HLS 200-472] Inferring partial write operation for 'state.issue.alu_iq.entries.prs2_data' (/home/lab_726/boom/hls_boom/include/boom_types.hpp:179:30)
INFO: [HLS 200-472] Inferring partial write operation for 'state.issue.alu_iq.entries.prs3_data' (/home/lab_726/boom/hls_boom/include/boom_types.hpp:179:44)
INFO: [HLS 200-472] Inferring partial write operation for 'state.issue.alu_iq.entries.valid' (/home/lab_726/boom/hls_boom/include/boom_state.hpp:86:60)
INFO: [HLS 200-472] Inferring partial write operation for 'state.rob.entries.valid' (/home/lab_726/boom/hls_boom/include/boom_types.hpp:166:18)
INFO: [HLS 200-472] Inferring partial write operation for 'state.rob.entries.busy' (/home/lab_726/boom/hls_boom/include/boom_types.hpp:166:32)
INFO: [HLS 200-472] Inferring partial write operation for 'state.rob.entries.exception' (/home/lab_726/boom/hls_boom/include/boom_types.hpp:166:60)
INFO: [HLS 200-472] Inferring partial write operation for 'state.rob.entries.uop.branch.br_mask' (/home/lab_726/boom/hls_boom/include/boom_types.hpp:83:73)
INFO: [HLS 200-472] Inferring partial write operation for 'state.rob.entries.uop.queue.rob_idx' (/home/lab_726/boom/hls_boom/include/boom_types.hpp:84:14)
INFO: [HLS 200-472] Inferring partial write operation for 'state.rob.entries.uop.rename.pdst' (/home/lab_726/boom/hls_boom/include/boom_types.hpp:84:25)
INFO: [HLS 200-472] Inferring partial write operation for 'state.rob.entries.memory_valid' (/home/lab_726/boom/hls_boom/include/boom_types.hpp:168:9)
INFO: [HLS 200-472] Inferring partial write operation for 'state.rob.entries.is_load' (/home/lab_726/boom/hls_boom/include/boom_types.hpp:168:30)
INFO: [HLS 200-472] Inferring partial write operation for 'state.rob.entries.signed_load' (/home/lab_726/boom/hls_boom/include/boom_types.hpp:168:63)
INFO: [HLS 200-472] Inferring partial write operation for 'state.rob.entries.memory_request_sent' (/home/lab_726/boom/hls_boom/include/boom_types.hpp:169:9)
INFO: [HLS 200-472] Inferring partial write operation for 'state.rob.entries.memory_completed' (/home/lab_726/boom/hls_boom/include/boom_types.hpp:169:37)
INFO: [HLS 200-472] Inferring partial write operation for 'state.rob.entries.memory_address' (/home/lab_726/boom/hls_boom/include/boom_types.hpp:169:62)
INFO: [HLS 200-472] Inferring partial write operation for 'state.rob.entries.memory_mask' (/home/lab_726/boom/hls_boom/include/boom_types.hpp:170:25)
INFO: [HLS 200-472] Inferring partial write operation for 'state.rob.entries.memory_size' (/home/lab_726/boom/hls_boom/include/boom_types.hpp:170:41)
INFO: [HLS 200-472] Inferring partial write operation for 'state.rob.entries.memory_transaction_id' (/home/lab_726/boom/hls_boom/include/boom_types.hpp:170:57)
INFO: [HLS 200-472] Inferring partial write operation for 'state.rob.entries.valid' (/home/lab_726/boom/hls_boom/include/boom_state.hpp:142:62)
INFO: [HLS 200-472] Inferring partial write operation for 'state.lsu.stq.valid' (/home/lab_726/boom/hls_boom/include/boom_state.hpp:158:25)
INFO: [HLS 200-472] Inferring partial write operation for 'state.lsu.stq.address_valid' (/home/lab_726/boom/hls_boom/include/boom_state.hpp:158:39)
INFO: [HLS 200-472] Inferring partial write operation for 'state.lsu.stq.data_valid' (/home/lab_726/boom/hls_boom/include/boom_state.hpp:158:61)
INFO: [HLS 200-472] Inferring partial write operation for 'state.lsu.stq.committed' (/home/lab_726/boom/hls_boom/include/boom_state.hpp:158:80)
INFO: [HLS 200-472] Inferring partial write operation for 'state.lsu.stq.issued_to_memory' (/home/lab_726/boom/hls_boom/include/boom_state.hpp:159:9)
INFO: [HLS 200-472] Inferring partial write operation for 'state.lsu.stq.completed' (/home/lab_726/boom/hls_boom/include/boom_state.hpp:159:34)
INFO: [HLS 200-472] Inferring partial write operation for 'state.lsu.stq.killed' (/home/lab_726/boom/hls_boom/include/boom_state.hpp:159:52)
INFO: [HLS 200-472] Inferring partial write operation for 'state.lsu.stq.rob_idx' (/home/lab_726/boom/hls_boom/include/boom_state.hpp:159:67)
INFO: [HLS 200-472] Inferring partial write operation for 'state.lsu.stq.mask' (/home/lab_726/boom/hls_boom/include/boom_state.hpp:159:79)
INFO: [HLS 200-472] Inferring partial write operation for 'state.lsu.stq.size' (/home/lab_726/boom/hls_boom/include/boom_state.hpp:160:9)
INFO: [HLS 200-472] Inferring partial write operation for 'state.lsu.stq.branch_mask' (/home/lab_726/boom/hls_boom/include/boom_state.hpp:160:18)
INFO: [HLS 200-472] Inferring partial write operation for 'state.lsu.stq.rob_allocation_id' (/home/lab_726/boom/hls_boom/include/boom_state.hpp:160:34)
INFO: [HLS 200-472] Inferring partial write operation for 'state.lsu.stq.address' (/home/lab_726/boom/hls_boom/include/boom_state.hpp:160:56)
INFO: [HLS 200-472] Inferring partial write operation for 'state.lsu.stq.data' (/home/lab_726/boom/hls_boom/include/boom_state.hpp:160:68)
INFO: [HLS 200-472] Inferring partial write operation for 'state.lsu.ldq.valid' (/home/lab_726/boom/hls_boom/include/boom_state.hpp:168:24)
INFO: [HLS 200-472] Inferring partial write operation for 'state.lsu.ldq.signed_load' (/home/lab_726/boom/hls_boom/include/boom_state.hpp:168:38)
INFO: [HLS 200-472] Inferring partial write operation for 'state.lsu.ldq.response_pending' (/home/lab_726/boom/hls_boom/include/boom_state.hpp:168:58)
INFO: [HLS 200-472] Inferring partial write operation for 'state.lsu.ldq.completed' (/home/lab_726/boom/hls_boom/include/boom_state.hpp:169:9)
INFO: [HLS 200-472] Inferring partial write operation for 'state.lsu.ldq.killed' (/home/lab_726/boom/hls_boom/include/boom_state.hpp:169:27)
INFO: [HLS 200-472] Inferring partial write operation for 'state.lsu.ldq.rob_idx' (/home/lab_726/boom/hls_boom/include/boom_state.hpp:169:42)
INFO: [HLS 200-472] Inferring partial write operation for 'state.lsu.ldq.size' (/home/lab_726/boom/hls_boom/include/boom_state.hpp:169:54)
INFO: [HLS 200-472] Inferring partial write operation for 'state.lsu.ldq.branch_mask' (/home/lab_726/boom/hls_boom/include/boom_state.hpp:169:63)
INFO: [HLS 200-472] Inferring partial write operation for 'state.lsu.ldq.transaction_id' (/home/lab_726/boom/hls_boom/include/boom_state.hpp:170:9)
INFO: [HLS 200-472] Inferring partial write operation for 'state.lsu.ldq.rob_allocation_id' (/home/lab_726/boom/hls_boom/include/boom_state.hpp:170:28)
INFO: [HLS 200-472] Inferring partial write operation for 'state.lsu.ldq.address' (/home/lab_726/boom/hls_boom/include/boom_state.hpp:170:50)
INFO: [HLS 200-472] Inferring partial write operation for 'state.lsu.ldq.result' (/home/lab_726/boom/hls_boom/include/boom_state.hpp:170:62)
INFO: [HLS 200-472] Inferring partial write operation for 'state.branch_state.tag_valid' (/home/lab_726/boom/hls_boom/include/boom_state.hpp:63:25)
INFO: [HLS 200-472] Inferring partial write operation for 'state.branch_state.snapshot_valid' (/home/lab_726/boom/hls_boom/include/boom_state.hpp:63:50)
INFO: [HLS 200-472] Inferring partial write operation for 'state.branch_state.br_alloc_lists' (/home/lab_726/boom/hls_boom/include/boom_state.hpp:64:75)
INFO: [HLS 200-472] Inferring partial write operation for 'state.int_rf_bank0' (/home/lab_726/boom/hls_boom/include/boom_state.hpp:258:28)
INFO: [HLS 200-472] Inferring partial write operation for 'state.int_rf_bank1' (/home/lab_726/boom/hls_boom/include/boom_state.hpp:259:28)
INFO: [HLS 200-472] Inferring partial write operation for 'state.int_rf_bank0' (/home/lab_726/boom/hls_boom/include/boom_state.hpp:262:24)
INFO: [HLS 200-472] Inferring partial write operation for 'state.int_rf_bank1' (/home/lab_726/boom/hls_boom/include/boom_state.hpp:262:43)
INFO: [HLS 200-472] Inferring partial write operation for 'state.rename.int_map_table.map_table' (/home/lab_726/boom/hls_boom/src/boom_core_merged.cpp:3597:15)
INFO: [HLS 200-472] Inferring partial write operation for 'state.rob.entries.exception' (/home/lab_726/boom/hls_boom/src/boom_core_merged.cpp:3562:11)
INFO: [HLS 200-472] Inferring partial write operation for 'state.rob.entries.valid' (/home/lab_726/boom/hls_boom/src/boom_core_merged.cpp:3563:17)
INFO: [HLS 200-472] Inferring partial write operation for 'state.rob.entries.busy' (/home/lab_726/boom/hls_boom/src/boom_core_merged.cpp:3564:16)
INFO: [HLS 200-472] Inferring partial write operation for 'state.rob.entries.uop.queue.rob_idx' (/home/lab_726/boom/hls_boom/src/boom_core_merged.cpp:3566:29)
INFO: [HLS 200-472] Inferring partial write operation for 'state.rob.entries.uop.queue.rob_allocation_id' (/home/lab_726/boom/hls_boom/src/boom_core_merged.cpp:3567:39)
INFO: [HLS 200-472] Inferring partial write operation for 'state.rob.entries.uop.rename.pdst' (/home/lab_726/boom/hls_boom/src/boom_core_merged.cpp:3568:27)
INFO: [HLS 200-472] Inferring partial write operation for 'state.rob.entries.uop.rename.dst_rtype' (/home/lab_726/boom/hls_boom/src/boom_core_merged.cpp:3569:32)
INFO: [HLS 200-472] Inferring partial write operation for 'state.branch_state.tag_valid' (/home/lab_726/boom/hls_boom/src/boom_core_merged.cpp:3615:41)
INFO: [HLS 200-472] Inferring partial write operation for 'state.branch_state.tag_valid' (/home/lab_726/boom/hls_boom/src/boom_core_merged.cpp:3638:41)
INFO: [HLS 200-472] Inferring partial write operation for 'state.branch_state.snapshot_valid' (/home/lab_726/boom/hls_boom/src/boom_core_merged.cpp:3639:46)
INFO: [HLS 200-472] Inferring partial write operation for 'state.branch_state.tag_valid' (/home/lab_726/boom/hls_boom/src/boom_core_merged.cpp:3697:45)
INFO: [HLS 200-472] Inferring partial write operation for 'state.rob.entries.memory_request_sent' (/home/lab_726/boom/hls_boom/src/boom_core_merged.cpp:3731:69)
INFO: [HLS 200-472] Inferring partial write operation for 'state.rob.entries.memory_valid' (/home/lab_726/boom/hls_boom/src/boom_core_merged.cpp:3731:42)
INFO: [HLS 200-472] Inferring partial write operation for 'state.rob.entries.is_load' (/home/lab_726/boom/hls_boom/src/boom_core_merged.cpp:3731:22)
INFO: [HLS 200-472] Inferring partial write operation for 'state.rob.entries.memory_size' (/home/lab_726/boom/hls_boom/src/boom_core_merged.cpp:3732:26)
INFO: [HLS 200-472] Inferring partial write operation for 'state.rob.entries.memory_mask' (/home/lab_726/boom/hls_boom/src/boom_core_merged.cpp:3732:48)
INFO: [HLS 200-472] Inferring partial write operation for 'state.rob.entries.memory_transaction_id' (/home/lab_726/boom/hls_boom/src/boom_core_merged.cpp:3732:83)
INFO: [HLS 200-472] Inferring partial write operation for 'state.lsu.ldq.valid' (/home/lab_726/boom/hls_boom/src/boom_core_merged.cpp:3737:81)
INFO: [HLS 200-472] Inferring partial write operation for 'state.lsu.ldq.rob_idx' (/home/lab_726/boom/hls_boom/src/boom_core_merged.cpp:3738:34)
INFO: [HLS 200-472] Inferring partial write operation for 'state.lsu.ldq.rob_allocation_id' (/home/lab_726/boom/hls_boom/src/boom_core_merged.cpp:3738:74)
INFO: [HLS 200-472] Inferring partial write operation for 'state.rob.entries.busy' (/home/lab_726/boom/hls_boom/src/boom_core_merged.cpp:647:35)
INFO: [HLS 200-472] Inferring partial write operation for 'state.rob.entries.memory_completed' (/home/lab_726/boom/hls_boom/src/boom_core_merged.cpp:661:32)
INFO: [HLS 200-472] Inferring partial write operation for 'state.rename.int_map_table.map_table' (/home/lab_726/boom/hls_boom/src/boom_core_merged.cpp:1881:69)
INFO: [HLS 200-472] Inferring partial write operation for 'state.rename.int_map_table.map_table' (/home/lab_726/boom/hls_boom/src/boom_core_merged.cpp:1883:69)
INFO: [HLS 200-472] Inferring partial write operation for 'state.rename.int_map_table.map_table' (/home/lab_726/boom/hls_boom/src/boom_core_merged.cpp:1885:21)
INFO: [HLS 200-472] Inferring partial write operation for 'state.rename.int_free_list.free_list' (/home/lab_726/boom/hls_boom/src/boom_core_merged.cpp:1708:27)
INFO: [HLS 200-472] Inferring partial write operation for 'state.branch_state.br_alloc_lists' (/home/lab_726/boom/hls_boom/src/boom_core_merged.cpp:1902:68)
INFO: [HLS 200-472] Inferring partial write operation for 'state.branch_state.tag_valid' (/home/lab_726/boom/hls_boom/src/boom_core_merged.cpp:1912:29)
INFO: [HLS 200-472] Inferring partial write operation for 'state.branch_state.snapshot_valid' (/home/lab_726/boom/hls_boom/src/boom_core_merged.cpp:1913:34)
INFO: [HLS 200-472] Inferring partial write operation for 'state.branch_state.br_alloc_lists' (/home/lab_726/boom/hls_boom/src/boom_core_merged.cpp:1715:75)
INFO: [HLS 200-472] Inferring partial write operation for 'compacted.valid' (/home/lab_726/boom/hls_boom/include/boom_state.hpp:168:24)
INFO: [HLS 200-472] Inferring partial write operation for 'compacted.signed_load' (/home/lab_726/boom/hls_boom/include/boom_state.hpp:168:38)
INFO: [HLS 200-472] Inferring partial write operation for 'compacted.response_pending' (/home/lab_726/boom/hls_boom/include/boom_state.hpp:168:58)
INFO: [HLS 200-472] Inferring partial write operation for 'compacted.completed' (/home/lab_726/boom/hls_boom/include/boom_state.hpp:169:9)
INFO: [HLS 200-472] Inferring partial write operation for 'compacted.killed' (/home/lab_726/boom/hls_boom/include/boom_state.hpp:169:27)
INFO: [HLS 200-472] Inferring partial write operation for 'compacted.rob_idx' (/home/lab_726/boom/hls_boom/include/boom_state.hpp:169:42)
INFO: [HLS 200-472] Inferring partial write operation for 'compacted.size' (/home/lab_726/boom/hls_boom/include/boom_state.hpp:169:54)
INFO: [HLS 200-472] Inferring partial write operation for 'compacted.branch_mask' (/home/lab_726/boom/hls_boom/include/boom_state.hpp:169:63)
INFO: [HLS 200-472] Inferring partial write operation for 'compacted.transaction_id' (/home/lab_726/boom/hls_boom/include/boom_state.hpp:170:9)
INFO: [HLS 200-472] Inferring partial write operation for 'compacted.rob_allocation_id' (/home/lab_726/boom/hls_boom/include/boom_state.hpp:170:28)
INFO: [HLS 200-472] Inferring partial write operation for 'compacted.address' (/home/lab_726/boom/hls_boom/include/boom_state.hpp:170:50)
INFO: [HLS 200-472] Inferring partial write operation for 'compacted.result' (/home/lab_726/boom/hls_boom/include/boom_state.hpp:170:62)
INFO: [HLS 200-472] Inferring partial write operation for 'compacted.valid' (/home/lab_726/boom/hls_boom/src/boom_core_merged.cpp:2105:83)
INFO: [HLS 200-472] Inferring partial write operation for 'compacted.valid' (/home/lab_726/boom/hls_boom/src/boom_core_merged.cpp:2106:64)
INFO: [HLS 200-472] Inferring partial write operation for 'state.lsu.ldq.valid' (/home/lab_726/boom/hls_boom/src/boom_core_merged.cpp:2107:64)
INFO: [HLS 200-472] Inferring partial write operation for 'state.rob.entries.memory_valid' (/home/lab_726/boom/hls_boom/src/boom_core_merged.cpp:2054:24)
INFO: [HLS 200-472] Inferring partial write operation for 'state.rob.entries.is_load' (/home/lab_726/boom/hls_boom/src/boom_core_merged.cpp:2056:19)
INFO: [HLS 200-472] Inferring partial write operation for 'state.rob.entries.memory_completed' (/home/lab_726/boom/hls_boom/src/boom_core_merged.cpp:2057:28)
INFO: [HLS 200-472] Inferring partial write operation for 'state.rob.entries.memory_address' (/home/lab_726/boom/hls_boom/src/boom_core_merged.cpp:2058:26)
INFO: [HLS 200-472] Inferring partial write operation for 'state.rob.entries.memory_mask' (/home/lab_726/boom/hls_boom/src/boom_core_merged.cpp:2060:23)
INFO: [HLS 200-472] Inferring partial write operation for 'state.rob.entries.memory_size' (/home/lab_726/boom/hls_boom/src/boom_core_merged.cpp:2061:23)
INFO: [HLS 200-472] Inferring partial write operation for 'state.lsu.stq.valid' (/home/lab_726/boom/hls_boom/src/boom_core_merged.cpp:2066:19)
INFO: [HLS 200-472] Inferring partial write operation for 'state.lsu.stq.rob_idx' (/home/lab_726/boom/hls_boom/src/boom_core_merged.cpp:2067:21)
INFO: [HLS 200-472] Inferring partial write operation for 'state.lsu.stq.rob_allocation_id' (/home/lab_726/boom/hls_boom/src/boom_core_merged.cpp:2068:31)
INFO: [HLS 200-472] Inferring partial write operation for 'state.lsu.stq.address_valid' (/home/lab_726/boom/hls_boom/src/boom_core_merged.cpp:2069:27)
INFO: [HLS 200-472] Inferring partial write operation for 'state.lsu.stq.address' (/home/lab_726/boom/hls_boom/src/boom_core_merged.cpp:2070:21)
INFO: [HLS 200-472] Inferring partial write operation for 'state.lsu.stq.data_valid' (/home/lab_726/boom/hls_boom/src/boom_core_merged.cpp:2071:24)
INFO: [HLS 200-472] Inferring partial write operation for 'state.lsu.stq.data' (/home/lab_726/boom/hls_boom/src/boom_core_merged.cpp:2072:18)
INFO: [HLS 200-472] Inferring partial write operation for 'state.lsu.stq.mask' (/home/lab_726/boom/hls_boom/src/boom_core_merged.cpp:2073:18)
INFO: [HLS 200-472] Inferring partial write operation for 'state.lsu.stq.size' (/home/lab_726/boom/hls_boom/src/boom_core_merged.cpp:2074:18)
INFO: [HLS 200-472] Inferring partial write operation for 'state.lsu.stq.branch_mask' (/home/lab_726/boom/hls_boom/src/boom_core_merged.cpp:2075:25)
INFO: [HLS 200-472] Inferring partial write operation for 'state.rob.entries.memory_valid' (/home/lab_726/boom/hls_boom/src/boom_core_merged.cpp:2147:24)
INFO: [HLS 200-472] Inferring partial write operation for 'state.rob.entries.is_load' (/home/lab_726/boom/hls_boom/src/boom_core_merged.cpp:2148:19)
INFO: [HLS 200-472] Inferring partial write operation for 'state.rob.entries.signed_load' (/home/lab_726/boom/hls_boom/src/boom_core_merged.cpp:2150:23)
INFO: [HLS 200-472] Inferring partial write operation for 'state.rob.entries.memory_address' (/home/lab_726/boom/hls_boom/src/boom_core_merged.cpp:2151:26)
INFO: [HLS 200-472] Inferring partial write operation for 'state.rob.entries.memory_mask' (/home/lab_726/boom/hls_boom/src/boom_core_merged.cpp:2152:23)
INFO: [HLS 200-472] Inferring partial write operation for 'state.rob.entries.memory_size' (/home/lab_726/boom/hls_boom/src/boom_core_merged.cpp:2153:23)
INFO: [HLS 200-472] Inferring partial write operation for 'state.lsu.ldq.valid' (/home/lab_726/boom/hls_boom/src/boom_core_merged.cpp:2158:19)
INFO: [HLS 200-472] Inferring partial write operation for 'state.lsu.ldq.rob_idx' (/home/lab_726/boom/hls_boom/src/boom_core_merged.cpp:2159:21)
INFO: [HLS 200-472] Inferring partial write operation for 'state.lsu.ldq.rob_allocation_id' (/home/lab_726/boom/hls_boom/src/boom_core_merged.cpp:2160:31)
INFO: [HLS 200-472] Inferring partial write operation for 'state.lsu.ldq.address' (/home/lab_726/boom/hls_boom/src/boom_core_merged.cpp:2161:21)
INFO: [HLS 200-472] Inferring partial write operation for 'state.lsu.ldq.size' (/home/lab_726/boom/hls_boom/src/boom_core_merged.cpp:2162:18)
INFO: [HLS 200-472] Inferring partial write operation for 'state.lsu.ldq.signed_load' (/home/lab_726/boom/hls_boom/src/boom_core_merged.cpp:2163:25)
INFO: [HLS 200-472] Inferring partial write operation for 'state.lsu.ldq.branch_mask' (/home/lab_726/boom/hls_boom/src/boom_core_merged.cpp:2164:25)
INFO: [HLS 200-472] Inferring partial write operation for 'state.rob.entries.valid' (/home/lab_726/boom/hls_boom/src/boom_core_merged.cpp:1858:19)
INFO: [HLS 200-472] Inferring partial write operation for 'state.rob.entries.valid' (/home/lab_726/boom/hls_boom/src/boom_core_merged.cpp:1860:19)
INFO: [HLS 200-472] Inferring partial write operation for 'new_ldq.valid' (/home/lab_726/boom/hls_boom/include/boom_state.hpp:168:24)
INFO: [HLS 200-472] Inferring partial write operation for 'new_ldq.signed_load' (/home/lab_726/boom/hls_boom/include/boom_state.hpp:168:38)
INFO: [HLS 200-472] Inferring partial write operation for 'new_ldq.response_pending' (/home/lab_726/boom/hls_boom/include/boom_state.hpp:168:58)
INFO: [HLS 200-472] Inferring partial write operation for 'new_ldq.completed' (/home/lab_726/boom/hls_boom/include/boom_state.hpp:169:9)
INFO: [HLS 200-472] Inferring partial write operation for 'new_ldq.killed' (/home/lab_726/boom/hls_boom/include/boom_state.hpp:169:27)
INFO: [HLS 200-472] Inferring partial write operation for 'new_ldq.rob_idx' (/home/lab_726/boom/hls_boom/include/boom_state.hpp:169:42)
INFO: [HLS 200-472] Inferring partial write operation for 'new_ldq.size' (/home/lab_726/boom/hls_boom/include/boom_state.hpp:169:54)
INFO: [HLS 200-472] Inferring partial write operation for 'new_ldq.branch_mask' (/home/lab_726/boom/hls_boom/include/boom_state.hpp:169:63)
INFO: [HLS 200-472] Inferring partial write operation for 'new_ldq.transaction_id' (/home/lab_726/boom/hls_boom/include/boom_state.hpp:170:9)
INFO: [HLS 200-472] Inferring partial write operation for 'new_ldq.rob_allocation_id' (/home/lab_726/boom/hls_boom/include/boom_state.hpp:170:28)
INFO: [HLS 200-472] Inferring partial write operation for 'new_ldq.address' (/home/lab_726/boom/hls_boom/include/boom_state.hpp:170:50)
INFO: [HLS 200-472] Inferring partial write operation for 'new_ldq.result' (/home/lab_726/boom/hls_boom/include/boom_state.hpp:170:62)
INFO: [HLS 200-472] Inferring partial write operation for 'new_stq.valid' (/home/lab_726/boom/hls_boom/include/boom_state.hpp:158:25)
INFO: [HLS 200-472] Inferring partial write operation for 'new_stq.address_valid' (/home/lab_726/boom/hls_boom/include/boom_state.hpp:158:39)
INFO: [HLS 200-472] Inferring partial write operation for 'new_stq.data_valid' (/home/lab_726/boom/hls_boom/include/boom_state.hpp:158:61)
INFO: [HLS 200-472] Inferring partial write operation for 'new_stq.committed' (/home/lab_726/boom/hls_boom/include/boom_state.hpp:158:80)
INFO: [HLS 200-472] Inferring partial write operation for 'new_stq.issued_to_memory' (/home/lab_726/boom/hls_boom/include/boom_state.hpp:159:9)
INFO: [HLS 200-472] Inferring partial write operation for 'new_stq.completed' (/home/lab_726/boom/hls_boom/include/boom_state.hpp:159:34)
INFO: [HLS 200-472] Inferring partial write operation for 'new_stq.killed' (/home/lab_726/boom/hls_boom/include/boom_state.hpp:159:52)
INFO: [HLS 200-472] Inferring partial write operation for 'new_stq.rob_idx' (/home/lab_726/boom/hls_boom/include/boom_state.hpp:159:67)
INFO: [HLS 200-472] Inferring partial write operation for 'new_stq.mask' (/home/lab_726/boom/hls_boom/include/boom_state.hpp:159:79)
INFO: [HLS 200-472] Inferring partial write operation for 'new_stq.size' (/home/lab_726/boom/hls_boom/include/boom_state.hpp:160:9)
INFO: [HLS 200-472] Inferring partial write operation for 'new_stq.branch_mask' (/home/lab_726/boom/hls_boom/include/boom_state.hpp:160:18)
INFO: [HLS 200-472] Inferring partial write operation for 'new_stq.rob_allocation_id' (/home/lab_726/boom/hls_boom/include/boom_state.hpp:160:34)
INFO: [HLS 200-472] Inferring partial write operation for 'new_stq.address' (/home/lab_726/boom/hls_boom/include/boom_state.hpp:160:56)
INFO: [HLS 200-472] Inferring partial write operation for 'new_stq.data' (/home/lab_726/boom/hls_boom/include/boom_state.hpp:160:68)
INFO: [HLS 200-472] Inferring partial write operation for 'state.lsu.ldq.valid' (/home/lab_726/boom/hls_boom/src/boom_core_merged.cpp:1824:15)
INFO: [HLS 200-472] Inferring partial write operation for 'new_ldq.valid' (/home/lab_726/boom/hls_boom/src/boom_core_merged.cpp:1826:27)
INFO: [HLS 200-472] Inferring partial write operation for 'state.lsu.stq.valid' (/home/lab_726/boom/hls_boom/src/boom_core_merged.cpp:1832:15)
INFO: [HLS 200-472] Inferring partial write operation for 'new_stq.valid' (/home/lab_726/boom/hls_boom/src/boom_core_merged.cpp:1834:27)
INFO: [HLS 200-472] Inferring partial write operation for 'new_ldq.valid' (/home/lab_726/boom/hls_boom/src/boom_core_merged.cpp:1837:60)
INFO: [HLS 200-472] Inferring partial write operation for 'new_stq.valid' (/home/lab_726/boom/hls_boom/src/boom_core_merged.cpp:1838:60)
INFO: [HLS 200-472] Inferring partial write operation for 'state.lsu.ldq.valid' (/home/lab_726/boom/hls_boom/src/boom_core_merged.cpp:1839:59)
INFO: [HLS 200-472] Inferring partial write operation for 'state.lsu.stq.valid' (/home/lab_726/boom/hls_boom/src/boom_core_merged.cpp:1840:59)
INFO: [HLS 200-472] Inferring partial write operation for 'state.issue.alu_iq.entries.valid' (/home/lab_726/boom/hls_boom/src/boom_core_merged.cpp:1769:24)
INFO: [HLS 200-472] Inferring partial write operation for 'state.issue.alu_iq.entries.killed' (/home/lab_726/boom/hls_boom/src/boom_core_merged.cpp:1770:25)
INFO: [HLS 200-472] Inferring partial write operation for 'temp.valid' (/home/lab_726/boom/hls_boom/include/boom_types.hpp:177:24)
INFO: [HLS 200-472] Inferring partial write operation for 'temp.request' (/home/lab_726/boom/hls_boom/include/boom_types.hpp:177:38)
INFO: [HLS 200-472] Inferring partial write operation for 'temp.granted' (/home/lab_726/boom/hls_boom/include/boom_types.hpp:177:54)
INFO: [HLS 200-472] Inferring partial write operation for 'temp.killed' (/home/lab_726/boom/hls_boom/include/boom_types.hpp:177:70)
INFO: [HLS 200-472] Inferring partial write operation for 'temp.pdst_busy' (/home/lab_726/boom/hls_boom/include/boom_types.hpp:178:9)
INFO: [HLS 200-472] Inferring partial write operation for 'temp.prs1_busy' (/home/lab_726/boom/hls_boom/include/boom_types.hpp:178:27)
INFO: [HLS 200-472] Inferring partial write operation for 'temp.prs2_busy' (/home/lab_726/boom/hls_boom/include/boom_types.hpp:178:45)
INFO: [HLS 200-472] Inferring partial write operation for 'temp.prs3_busy' (/home/lab_726/boom/hls_boom/include/boom_types.hpp:178:63)
INFO: [HLS 200-472] Inferring partial write operation for 'temp.uop.uopc' (/home/lab_726/boom/hls_boom/include/boom_types.hpp:82:21)
INFO: [HLS 200-472] Inferring partial write operation for 'temp.uop.inst' (/home/lab_726/boom/hls_boom/include/boom_types.hpp:82:29)
INFO: [HLS 200-472] Inferring partial write operation for 'temp.uop.debug_inst' (/home/lab_726/boom/hls_boom/include/boom_types.hpp:82:43)
INFO: [HLS 200-472] Inferring partial write operation for 'temp.uop.is_rvc' (/home/lab_726/boom/hls_boom/include/boom_types.hpp:82:53)
INFO: [HLS 200-472] Inferring partial write operation for 'temp.uop.debug_pc' (/home/lab_726/boom/hls_boom/include/boom_types.hpp:82:69)
INFO: [HLS 200-472] Inferring partial write operation for 'temp.uop.iq_type' (/home/lab_726/boom/hls_boom/include/boom_types.hpp:82:80)
INFO: [HLS 200-472] Inferring partial write operation for 'temp.uop.fu_code' (/home/lab_726/boom/hls_boom/include/boom_types.hpp:82:91)
INFO: [HLS 200-472] Inferring partial write operation for 'temp.uop.ctrl.br_type' (/home/lab_726/boom/hls_boom/include/boom_types.hpp:83:13)
INFO: [HLS 200-472] Inferring partial write operation for 'temp.uop.iw_state' (/home/lab_726/boom/hls_boom/include/boom_types.hpp:83:26)
INFO: [HLS 200-472] Inferring partial write operation for 'temp.uop.iw_p2_poisoned' (/home/lab_726/boom/hls_boom/include/boom_types.hpp:83:59)
INFO: [HLS 200-472] Inferring partial write operation for 'temp.uop.iw_p1_poisoned' (/home/lab_726/boom/hls_boom/include/boom_types.hpp:83:44)
INFO: [HLS 200-472] Inferring partial write operation for 'temp.uop.branch.br_mask' (/home/lab_726/boom/hls_boom/include/boom_types.hpp:83:73)
INFO: [HLS 200-472] Inferring partial write operation for 'temp.uop.imm_packed' (/home/lab_726/boom/hls_boom/include/boom_types.hpp:83:88)
INFO: [HLS 200-472] Inferring partial write operation for 'temp.uop.csr_addr' (/home/lab_726/boom/hls_boom/include/boom_types.hpp:83:100)
INFO: [HLS 200-472] Inferring partial write operation for 'temp.uop.queue.rob_idx' (/home/lab_726/boom/hls_boom/include/boom_types.hpp:84:14)
INFO: [HLS 200-472] Inferring partial write operation for 'temp.uop.rename.ldst' (/home/lab_726/boom/hls_boom/include/boom_types.hpp:84:25)
INFO: [HLS 200-472] Inferring partial write operation for 'temp.uop.exception' (/home/lab_726/boom/hls_boom/include/boom_types.hpp:84:39)
INFO: [HLS 200-472] Inferring partial write operation for 'temp.uop.exc_cause' (/home/lab_726/boom/hls_boom/include/boom_types.hpp:84:56)
INFO: [HLS 200-472] Inferring partial write operation for 'temp.uop.bypassable' (/home/lab_726/boom/hls_boom/include/boom_types.hpp:84:70)
INFO: [HLS 200-472] Inferring partial write operation for 'temp.uop.mem.mem_cmd' (/home/lab_726/boom/hls_boom/include/boom_types.hpp:84:81)
INFO: [HLS 200-472] Inferring partial write operation for 'temp.uop.flush_on_commit' (/home/lab_726/boom/hls_boom/include/boom_types.hpp:85:48)
INFO: [HLS 200-472] Inferring partial write operation for 'temp.uop.is_unique' (/home/lab_726/boom/hls_boom/include/boom_types.hpp:85:32)
INFO: [HLS 200-472] Inferring partial write operation for 'temp.uop.is_sys_pc2epc' (/home/lab_726/boom/hls_boom/include/boom_types.hpp:85:22)
INFO: [HLS 200-472] Inferring partial write operation for 'temp.uop.exc.exception' (/home/lab_726/boom/hls_boom/include/boom_types.hpp:85:59)
INFO: [HLS 200-472] Inferring partial write operation for 'temp.uop.debug.debug_fsrc' (/home/lab_726/boom/hls_boom/include/boom_types.hpp:85:69)
INFO: [HLS 200-472] Inferring partial write operation for 'temp.prs1_data' (/home/lab_726/boom/hls_boom/include/boom_types.hpp:179:16)
INFO: [HLS 200-472] Inferring partial write operation for 'temp.prs2_data' (/home/lab_726/boom/hls_boom/include/boom_types.hpp:179:30)
INFO: [HLS 200-472] Inferring partial write operation for 'temp.prs3_data' (/home/lab_726/boom/hls_boom/include/boom_types.hpp:179:44)
INFO: [HLS 200-472] Inferring partial write operation for 'temp.valid' (/home/lab_726/boom/hls_boom/src/boom_core_merged.cpp:1756:69)
INFO: [HLS 200-472] Inferring partial write operation for 'temp.valid' (/home/lab_726/boom/hls_boom/src/boom_core_merged.cpp:1758:56)
INFO: [HLS 200-472] Inferring partial write operation for 'state.issue.alu_iq.entries.valid' (/home/lab_726/boom/hls_boom/src/boom_core_merged.cpp:1759:62)
INFO: [HLS 200-472] Inferring partial write operation for 'state.issue.alu_iq.entries.uop.branch.br_mask' (/home/lab_726/boom/hls_boom/src/boom_core_merged.cpp:1686:24)
INFO: [HLS 200-472] Inferring partial write operation for 'state.lsu.ldq.branch_mask' (/home/lab_726/boom/hls_boom/src/boom_core_merged.cpp:1748:77)
INFO: [HLS 200-472] Inferring partial write operation for 'state.lsu.stq.branch_mask' (/home/lab_726/boom/hls_boom/src/boom_core_merged.cpp:1749:77)
INFO: [HLS 200-472] Inferring partial write operation for 'state.branch_state.tag_valid' (/home/lab_726/boom/hls_boom/src/boom_core_merged.cpp:1722:39)
INFO: [HLS 200-472] Inferring partial write operation for 'state.branch_state.snapshot_valid' (/home/lab_726/boom/hls_boom/src/boom_core_merged.cpp:1723:44)
INFO: [HLS 200-472] Inferring partial write operation for 'state.rob.entries.busy' (/home/lab_726/boom/hls_boom/src/boom_core_merged.cpp:769:20)
INFO: [HLS 200-472] Inferring partial write operation for 'state.rob.entries.exception' (/home/lab_726/boom/hls_boom/src/boom_core_merged.cpp:770:25)
INFO: [HLS 200-472] Inferring partial write operation for 'state.int_rf_bank0' (/home/lab_726/boom/hls_boom/src/boom_core_merged.cpp:1067:34)
INFO: [HLS 200-472] Inferring partial write operation for 'state.int_rf_bank1' (/home/lab_726/boom/hls_boom/src/boom_core_merged.cpp:1072:34)
INFO: [HLS 200-111] Finished Architecture Synthesis: CPU user time: 3.87 seconds. CPU system time: 0.1 seconds. Elapsed time: 3.98 seconds; current allocated memory: 940.086 MB.
INFO: [HLS 200-10] Starting hardware synthesis ...
INFO: [HLS 200-10] Synthesizing 'synth_w4d_oracle_top' ...
INFO: [HLS 200-10] ----------------------------------------------------------------
INFO: [HLS 200-42] -- Implementing module 'completion_is_valid' 
INFO: [HLS 200-10] ----------------------------------------------------------------
INFO: [SCHED 204-11] Starting scheduling ...
INFO: [SCHED 204-11] Finished scheduling.
INFO: [HLS 200-111] Finished Scheduling: CPU user time: 2.43 seconds. CPU system time: 0.04 seconds. Elapsed time: 2.46 seconds; current allocated memory: 956.617 MB.
INFO: [BIND 205-100] Starting micro-architecture generation ...
INFO: [BIND 205-101] Performing variable lifetime analysis.
INFO: [BIND 205-101] Exploring resource sharing.
INFO: [BIND 205-101] Binding ...
INFO: [BIND 205-100] Finished micro-architecture generation.
INFO: [HLS 200-111] Finished Binding: CPU user time: 0.04 seconds. CPU system time: 0 seconds. Elapsed time: 0.04 seconds; current allocated memory: 956.680 MB.
INFO: [HLS 200-10] ----------------------------------------------------------------
INFO: [HLS 200-42] -- Implementing module 'clear_resolved_masks_in_state' 
INFO: [HLS 200-10] ----------------------------------------------------------------
INFO: [SCHED 204-11] Starting scheduling ...
INFO: [SCHED 204-11] Finished scheduling.
INFO: [HLS 200-111] Finished Scheduling: CPU user time: 0.11 seconds. CPU system time: 0 seconds. Elapsed time: 0.11 seconds; current allocated memory: 958.008 MB.
INFO: [BIND 205-100] Starting micro-architecture generation ...
INFO: [BIND 205-101] Performing variable lifetime analysis.
INFO: [BIND 205-101] Exploring resource sharing.
INFO: [BIND 205-101] Binding ...
INFO: [BIND 205-100] Finished micro-architecture generation.
INFO: [HLS 200-111] Finished Binding: CPU user time: 0.05 seconds. CPU system time: 0 seconds. Elapsed time: 0.06 seconds; current allocated memory: 958.008 MB.
INFO: [HLS 200-10] ----------------------------------------------------------------
INFO: [HLS 200-42] -- Implementing module 'compact_issue_queue' 
INFO: [HLS 200-10] ----------------------------------------------------------------
INFO: [SCHED 204-11] Starting scheduling ...
INFO: [SCHED 204-11] Finished scheduling.
INFO: [HLS 200-111] Finished Scheduling: CPU user time: 0.35 seconds. CPU system time: 0.01 seconds. Elapsed time: 0.35 seconds; current allocated memory: 967.176 MB.
INFO: [BIND 205-100] Starting micro-architecture generation ...
INFO: [BIND 205-101] Performing variable lifetime analysis.
INFO: [BIND 205-101] Exploring resource sharing.
INFO: [BIND 205-101] Binding ...
INFO: [BIND 205-100] Finished micro-architecture generation.
INFO: [HLS 200-111] Finished Binding: CPU user time: 0.16 seconds. CPU system time: 0 seconds. Elapsed time: 0.16 seconds; current allocated memory: 967.176 MB.
INFO: [HLS 200-10] ----------------------------------------------------------------
INFO: [HLS 200-42] -- Implementing module 'kill_issue_state' 
INFO: [HLS 200-10] ----------------------------------------------------------------
INFO: [SCHED 204-11] Starting scheduling ...
INFO: [SCHED 204-11] Finished scheduling.
INFO: [HLS 200-111] Finished Scheduling: CPU user time: 0.16 seconds. CPU system time: 0 seconds. Elapsed time: 0.16 seconds; current allocated memory: 967.176 MB.
INFO: [BIND 205-100] Starting micro-architecture generation ...
INFO: [BIND 205-101] Performing variable lifetime analysis.
INFO: [BIND 205-101] Exploring resource sharing.
INFO: [BIND 205-101] Binding ...
INFO: [BIND 205-100] Finished micro-architecture generation.
INFO: [HLS 200-111] Finished Binding: CPU user time: 0.05 seconds. CPU system time: 0 seconds. Elapsed time: 0.05 seconds; current allocated memory: 967.176 MB.
INFO: [HLS 200-10] ----------------------------------------------------------------
INFO: [HLS 200-42] -- Implementing module 'kill_execute_state' 
INFO: [HLS 200-10] ----------------------------------------------------------------
INFO: [SCHED 204-11] Starting scheduling ...
INFO: [SCHED 204-11] Finished scheduling.
INFO: [HLS 200-111] Finished Scheduling: CPU user time: 0.1 seconds. CPU system time: 0.01 seconds. Elapsed time: 0.1 seconds; current allocated memory: 968.516 MB.
INFO: [BIND 205-100] Starting micro-architecture generation ...
INFO: [BIND 205-101] Performing variable lifetime analysis.
INFO: [BIND 205-101] Exploring resource sharing.
INFO: [BIND 205-101] Binding ...
INFO: [BIND 205-100] Finished micro-architecture generation.
INFO: [HLS 200-111] Finished Binding: CPU user time: 0.04 seconds. CPU system time: 0 seconds. Elapsed time: 0.04 seconds; current allocated memory: 968.594 MB.
INFO: [HLS 200-10] ----------------------------------------------------------------
INFO: [HLS 200-42] -- Implementing module 'kill_lsu_state' 
INFO: [HLS 200-10] ----------------------------------------------------------------
INFO: [SCHED 204-11] Starting scheduling ...
INFO: [SCHED 204-11] Finished scheduling.
INFO: [HLS 200-111] Finished Scheduling: CPU user time: 0.16 seconds. CPU system time: 0 seconds. Elapsed time: 0.15 seconds; current allocated memory: 971.902 MB.
INFO: [BIND 205-100] Starting micro-architecture generation ...
INFO: [BIND 205-101] Performing variable lifetime analysis.
INFO: [BIND 205-101] Exploring resource sharing.
INFO: [BIND 205-101] Binding ...
INFO: [BIND 205-100] Finished micro-architecture generation.
INFO: [HLS 200-111] Finished Binding: CPU user time: 0.1 seconds. CPU system time: 0 seconds. Elapsed time: 0.09 seconds; current allocated memory: 971.902 MB.
INFO: [HLS 200-10] ----------------------------------------------------------------
INFO: [HLS 200-42] -- Implementing module 'kill_rob_younger_than' 
INFO: [HLS 200-10] ----------------------------------------------------------------
INFO: [SCHED 204-11] Starting scheduling ...
INFO: [SCHED 204-11] Finished scheduling.
INFO: [HLS 200-111] Finished Scheduling: CPU user time: 0.11 seconds. CPU system time: 0.01 seconds. Elapsed time: 0.11 seconds; current allocated memory: 972.746 MB.
INFO: [BIND 205-100] Starting micro-architecture generation ...
INFO: [BIND 205-101] Performing variable lifetime analysis.
INFO: [BIND 205-101] Exploring resource sharing.
INFO: [BIND 205-101] Binding ...
INFO: [BIND 205-100] Finished micro-architecture generation.
INFO: [HLS 200-111] Finished Binding: CPU user time: 0.03 seconds. CPU system time: 0 seconds. Elapsed time: 0.03 seconds; current allocated memory: 972.992 MB.
INFO: [HLS 200-10] ----------------------------------------------------------------
INFO: [HLS 200-42] -- Implementing module 'recover_mispredict' 
INFO: [HLS 200-10] ----------------------------------------------------------------
INFO: [SCHED 204-11] Starting scheduling ...
INFO: [SCHED 204-11] Finished scheduling.
INFO: [HLS 200-111] Finished Scheduling: CPU user time: 0.09 seconds. CPU system time: 0 seconds. Elapsed time: 0.08 seconds; current allocated memory: 974.277 MB.
INFO: [BIND 205-100] Starting micro-architecture generation ...
INFO: [BIND 205-101] Performing variable lifetime analysis.
INFO: [BIND 205-101] Exploring resource sharing.
INFO: [BIND 205-101] Binding ...
INFO: [BIND 205-100] Finished micro-architecture generation.
INFO: [HLS 200-111] Finished Binding: CPU user time: 0.15 seconds. CPU system time: 0 seconds. Elapsed time: 0.14 seconds; current allocated memory: 975.121 MB.
INFO: [HLS 200-10] ----------------------------------------------------------------
INFO: [HLS 200-42] -- Implementing module 'branch_complete_event' 
INFO: [HLS 200-10] ----------------------------------------------------------------
INFO: [SCHED 204-11] Starting scheduling ...
INFO: [SCHED 204-11] Finished scheduling.
INFO: [HLS 200-111] Finished Scheduling: CPU user time: 0.26 seconds. CPU system time: 0.01 seconds. Elapsed time: 0.25 seconds; current allocated memory: 976.043 MB.
INFO: [BIND 205-100] Starting micro-architecture generation ...
INFO: [BIND 205-101] Performing variable lifetime analysis.
INFO: [BIND 205-101] Exploring resource sharing.
INFO: [BIND 205-101] Binding ...
INFO: [BIND 205-100] Finished micro-architecture generation.
INFO: [HLS 200-111] Finished Binding: CPU user time: 0.12 seconds. CPU system time: 0 seconds. Elapsed time: 0.12 seconds; current allocated memory: 976.605 MB.
INFO: [HLS 200-10] ----------------------------------------------------------------
INFO: [HLS 200-42] -- Implementing module 'lsu_accept_completion' 
INFO: [HLS 200-10] ----------------------------------------------------------------
INFO: [SCHED 204-11] Starting scheduling ...
INFO: [SCHED 204-11] Finished scheduling.
INFO: [HLS 200-111] Finished Scheduling: CPU user time: 0.28 seconds. CPU system time: 0 seconds. Elapsed time: 0.28 seconds; current allocated memory: 977.570 MB.
INFO: [BIND 205-100] Starting micro-architecture generation ...
INFO: [BIND 205-101] Performing variable lifetime analysis.
INFO: [BIND 205-101] Exploring resource sharing.
INFO: [BIND 205-101] Binding ...
INFO: [BIND 205-100] Finished micro-architecture generation.
INFO: [HLS 200-111] Finished Binding: CPU user time: 0.03 seconds. CPU system time: 0 seconds. Elapsed time: 0.03 seconds; current allocated memory: 977.633 MB.
INFO: [HLS 200-10] ----------------------------------------------------------------
INFO: [HLS 200-42] -- Implementing module 'reclaim_ldq' 
INFO: [HLS 200-10] ----------------------------------------------------------------
INFO: [SCHED 204-11] Starting scheduling ...
INFO: [SCHED 204-11] Finished scheduling.
INFO: [HLS 200-111] Finished Scheduling: CPU user time: 0.07 seconds. CPU system time: 0.01 seconds. Elapsed time: 0.08 seconds; current allocated memory: 978.984 MB.
INFO: [BIND 205-100] Starting micro-architecture generation ...
INFO: [BIND 205-101] Performing variable lifetime analysis.
INFO: [BIND 205-101] Exploring resource sharing.
INFO: [BIND 205-101] Binding ...
INFO: [BIND 205-100] Finished micro-architecture generation.
INFO: [HLS 200-111] Finished Binding: CPU user time: 0.06 seconds. CPU system time: 0 seconds. Elapsed time: 0.06 seconds; current allocated memory: 978.984 MB.
INFO: [HLS 200-10] ----------------------------------------------------------------
INFO: [HLS 200-42] -- Implementing module 'apply_writeback_ports' 
INFO: [HLS 200-10] ----------------------------------------------------------------
INFO: [SCHED 204-11] Starting scheduling ...
INFO: [SCHED 204-61] Pipelining function 'apply_writeback_ports'.
INFO: [HLS 200-1470] Pipelining result : Target II = 1, Final II = 1, Depth = 1, function 'apply_writeback_ports'
INFO: [SCHED 204-11] Finished scheduling.
INFO: [HLS 200-111] Finished Scheduling: CPU user time: 0.06 seconds. CPU system time: 0 seconds. Elapsed time: 0.07 seconds; current allocated memory: 979.383 MB.
INFO: [BIND 205-100] Starting micro-architecture generation ...
INFO: [BIND 205-101] Performing variable lifetime analysis.
INFO: [BIND 205-101] Exploring resource sharing.
INFO: [BIND 205-101] Binding ...
INFO: [BIND 205-100] Finished micro-architecture generation.
INFO: [HLS 200-111] Finished Binding: CPU user time: 0.03 seconds. CPU system time: 0 seconds. Elapsed time: 0.02 seconds; current allocated memory: 979.621 MB.
INFO: [HLS 200-10] ----------------------------------------------------------------
INFO: [HLS 200-42] -- Implementing module 'service_pending' 
INFO: [HLS 200-10] ----------------------------------------------------------------
INFO: [SCHED 204-11] Starting scheduling ...
INFO: [SCHED 204-11] Finished scheduling.
INFO: [HLS 200-111] Finished Scheduling: CPU user time: 0.22 seconds. CPU system time: 0.01 seconds. Elapsed time: 0.21 seconds; current allocated memory: 985.078 MB.
INFO: [BIND 205-100] Starting micro-architecture generation ...
INFO: [BIND 205-101] Performing variable lifetime analysis.
INFO: [BIND 205-101] Exploring resource sharing.
INFO: [BIND 205-101] Binding ...
INFO: [BIND 205-100] Finished micro-architecture generation.
INFO: [HLS 200-111] Finished Binding: CPU user time: 0.27 seconds. CPU system time: 0 seconds. Elapsed time: 0.27 seconds; current allocated memory: 1000.359 MB.
INFO: [HLS 200-10] ----------------------------------------------------------------
INFO: [HLS 200-42] -- Implementing module 'begin_completion_cycle' 
INFO: [HLS 200-10] ----------------------------------------------------------------
INFO: [SCHED 204-11] Starting scheduling ...
INFO: [SCHED 204-11] Finished scheduling.
INFO: [HLS 200-111] Finished Scheduling: CPU user time: 1 seconds. CPU system time: 0.01 seconds. Elapsed time: 1.01 seconds; current allocated memory: 1008.383 MB.
INFO: [BIND 205-100] Starting micro-architecture generation ...
INFO: [BIND 205-101] Performing variable lifetime analysis.
INFO: [BIND 205-101] Exploring resource sharing.
INFO: [BIND 205-101] Binding ...
INFO: [BIND 205-100] Finished micro-architecture generation.
INFO: [HLS 200-111] Finished Binding: CPU user time: 0.64 seconds. CPU system time: 0 seconds. Elapsed time: 0.64 seconds; current allocated memory: 1022.801 MB.
INFO: [HLS 200-10] ----------------------------------------------------------------
INFO: [HLS 200-42] -- Implementing module 'synth_w4d_oracle_top' 
INFO: [HLS 200-10] ----------------------------------------------------------------
INFO: [SCHED 204-11] Starting scheduling ...
INFO: [SCHED 204-11] Finished scheduling.
INFO: [HLS 200-111] Finished Scheduling: CPU user time: 4.31 seconds. CPU system time: 0.03 seconds. Elapsed time: 4.33 seconds; current allocated memory: 1.069 GB.
INFO: [BIND 205-100] Starting micro-architecture generation ...
INFO: [BIND 205-101] Performing variable lifetime analysis.
INFO: [BIND 205-101] Exploring resource sharing.
INFO: [BIND 205-101] Binding ...
INFO: [BIND 205-100] Finished micro-architecture generation.
INFO: [HLS 200-111] Finished Binding: CPU user time: 1.43 seconds. CPU system time: 0.02 seconds. Elapsed time: 1.45 seconds; current allocated memory: 1.069 GB.
INFO: [HLS 200-10] ----------------------------------------------------------------
INFO: [HLS 200-10] -- Generating RTL for module 'completion_is_valid' 
INFO: [HLS 200-10] ----------------------------------------------------------------
INFO: [RTGEN 206-100] Finished creating RTL model for 'completion_is_valid'.
INFO: [HLS 200-111] Finished Creating RTL model: CPU user time: 1.55 seconds. CPU system time: 0.01 seconds. Elapsed time: 1.55 seconds; current allocated memory: 1.069 GB.
INFO: [HLS 200-10] ----------------------------------------------------------------
INFO: [HLS 200-10] -- Generating RTL for module 'clear_resolved_masks_in_state' 
INFO: [HLS 200-10] ----------------------------------------------------------------
INFO: [RTGEN 206-100] Generating core module 'mux_32_8_1_1': 4 instance(s).
INFO: [RTGEN 206-100] Finished creating RTL model for 'clear_resolved_masks_in_state'.
INFO: [HLS 200-111] Finished Creating RTL model: CPU user time: 0.16 seconds. CPU system time: 0 seconds. Elapsed time: 0.16 seconds; current allocated memory: 1.069 GB.
INFO: [HLS 200-10] ----------------------------------------------------------------
INFO: [HLS 200-10] -- Generating RTL for module 'compact_issue_queue' 
INFO: [HLS 200-10] ----------------------------------------------------------------
INFO: [RTGEN 206-100] Finished creating RTL model for 'compact_issue_queue'.
INFO: [HLS 200-111] Finished Creating RTL model: CPU user time: 0.19 seconds. CPU system time: 0 seconds. Elapsed time: 0.2 seconds; current allocated memory: 1.069 GB.
INFO: [HLS 200-10] ----------------------------------------------------------------
INFO: [HLS 200-10] -- Generating RTL for module 'kill_issue_state' 
INFO: [HLS 200-10] ----------------------------------------------------------------
INFO: [RTGEN 206-100] Generating core module 'mux_32_1_1_1': 1 instance(s).
INFO: [RTGEN 206-100] Generating core module 'mux_32_8_1_1': 1 instance(s).
INFO: [RTGEN 206-100] Finished creating RTL model for 'kill_issue_state'.
INFO: [HLS 200-111] Finished Creating RTL model: CPU user time: 0.35 seconds. CPU system time: 0.02 seconds. Elapsed time: 0.38 seconds; current allocated memory: 1.072 GB.
INFO: [HLS 200-10] ----------------------------------------------------------------
INFO: [HLS 200-10] -- Generating RTL for module 'kill_execute_state' 
INFO: [HLS 200-10] ----------------------------------------------------------------
INFO: [RTGEN 206-100] Generating core module 'mux_32_1_1_1': 3 instance(s).
INFO: [RTGEN 206-100] Generating core module 'mux_32_8_1_1': 3 instance(s).
INFO: [RTGEN 206-100] Finished creating RTL model for 'kill_execute_state'.
INFO: [HLS 200-111] Finished Creating RTL model: CPU user time: 0.12 seconds. CPU system time: 0.01 seconds. Elapsed time: 0.13 seconds; current allocated memory: 1.075 GB.
INFO: [HLS 200-10] ----------------------------------------------------------------
INFO: [HLS 200-10] -- Generating RTL for module 'kill_lsu_state' 
INFO: [HLS 200-10] ----------------------------------------------------------------
INFO: [RTGEN 206-100] Finished creating RTL model for 'kill_lsu_state'.
INFO: [HLS 200-111] Finished Creating RTL model: CPU user time: 0.13 seconds. CPU system time: 0 seconds. Elapsed time: 0.14 seconds; current allocated memory: 1.081 GB.
INFO: [HLS 200-10] ----------------------------------------------------------------
INFO: [HLS 200-10] -- Generating RTL for module 'kill_rob_younger_than' 
INFO: [HLS 200-10] ----------------------------------------------------------------
INFO: [RTGEN 206-100] Finished creating RTL model for 'kill_rob_younger_than'.
INFO: [HLS 200-111] Finished Creating RTL model: CPU user time: 0.21 seconds. CPU system time: 0.01 seconds. Elapsed time: 0.22 seconds; current allocated memory: 1.089 GB.
INFO: [HLS 200-10] ----------------------------------------------------------------
INFO: [HLS 200-10] -- Generating RTL for module 'recover_mispredict' 
INFO: [HLS 200-10] ----------------------------------------------------------------
INFO: [RTGEN 206-100] Generating core module 'mul_3ns_7ns_9_1_1': 1 instance(s).
INFO: [RTGEN 206-100] Generating core module 'mul_8ns_7ns_9_1_1': 1 instance(s).
INFO: [RTGEN 206-100] Finished creating RTL model for 'recover_mispredict'.
INFO: [HLS 200-111] Finished Creating RTL model: CPU user time: 0.11 seconds. CPU system time: 0.01 seconds. Elapsed time: 0.11 seconds; current allocated memory: 1.097 GB.
INFO: [HLS 200-10] ----------------------------------------------------------------
INFO: [HLS 200-10] -- Generating RTL for module 'branch_complete_event' 
INFO: [HLS 200-10] ----------------------------------------------------------------
INFO: [RTGEN 206-100] Generating core module 'mul_8ns_7ns_9_1_1': 1 instance(s).
INFO: [RTGEN 206-100] Finished creating RTL model for 'branch_complete_event'.
INFO: [HLS 200-111] Finished Creating RTL model: CPU user time: 0.45 seconds. CPU system time: 0 seconds. Elapsed time: 0.44 seconds; current allocated memory: 1.110 GB.
INFO: [HLS 200-10] ----------------------------------------------------------------
INFO: [HLS 200-10] -- Generating RTL for module 'lsu_accept_completion' 
INFO: [HLS 200-10] ----------------------------------------------------------------
INFO: [RTGEN 206-100] Finished creating RTL model for 'lsu_accept_completion'.
INFO: [HLS 200-111] Finished Creating RTL model: CPU user time: 0.37 seconds. CPU system time: 0.01 seconds. Elapsed time: 0.37 seconds; current allocated memory: 1.114 GB.
INFO: [HLS 200-10] ----------------------------------------------------------------
INFO: [HLS 200-10] -- Generating RTL for module 'reclaim_ldq' 
INFO: [HLS 200-10] ----------------------------------------------------------------
INFO: [RTGEN 206-100] Finished creating RTL model for 'reclaim_ldq'.
INFO: [HLS 200-111] Finished Creating RTL model: CPU user time: 0.08 seconds. CPU system time: 0 seconds. Elapsed time: 0.08 seconds; current allocated memory: 1.117 GB.
INFO: [HLS 200-10] ----------------------------------------------------------------
INFO: [HLS 200-10] -- Generating RTL for module 'apply_writeback_ports' 
INFO: [HLS 200-10] ----------------------------------------------------------------
INFO: [RTGEN 206-100] Finished creating RTL model for 'apply_writeback_ports'.
INFO: [HLS 200-111] Finished Creating RTL model: CPU user time: 0.1 seconds. CPU system time: 0.01 seconds. Elapsed time: 0.11 seconds; current allocated memory: 1.120 GB.
INFO: [HLS 200-10] ----------------------------------------------------------------
INFO: [HLS 200-10] -- Generating RTL for module 'service_pending' 
INFO: [HLS 200-10] ----------------------------------------------------------------
INFO: [RTGEN 206-100] Generating core module 'mux_42_1_1_1': 4 instance(s).
INFO: [RTGEN 206-100] Generating core module 'mux_42_2_1_1': 2 instance(s).
INFO: [RTGEN 206-100] Generating core module 'mux_42_32_1_1': 3 instance(s).
INFO: [RTGEN 206-100] Generating core module 'mux_42_3_1_1': 2 instance(s).
INFO: [RTGEN 206-100] Generating core module 'mux_42_64_1_1': 1 instance(s).
INFO: [RTGEN 206-100] Generating core module 'mux_42_8_1_1': 6 instance(s).
INFO: [RTGEN 206-100] Finished creating RTL model for 'service_pending'.
INFO: [HLS 200-111] Finished Creating RTL model: CPU user time: 0.15 seconds. CPU system time: 0 seconds. Elapsed time: 0.14 seconds; current allocated memory: 1.127 GB.
INFO: [HLS 200-10] ----------------------------------------------------------------
INFO: [HLS 200-10] -- Generating RTL for module 'begin_completion_cycle' 
INFO: [HLS 200-10] ----------------------------------------------------------------
INFO: [RTGEN 206-100] Generating core module 'mux_32_1_1_1': 6 instance(s).
INFO: [RTGEN 206-100] Generating core module 'mux_42_11_1_1': 4 instance(s).
INFO: [RTGEN 206-100] Generating core module 'mux_42_1_1_1': 4 instance(s).
INFO: [RTGEN 206-100] Generating core module 'mux_42_2_1_1': 4 instance(s).
INFO: [RTGEN 206-100] Generating core module 'mux_42_32_1_1': 7 instance(s).
INFO: [RTGEN 206-100] Generating core module 'mux_42_3_1_1': 7 instance(s).
INFO: [RTGEN 206-100] Generating core module 'mux_42_64_1_1': 2 instance(s).
INFO: [RTGEN 206-100] Generating core module 'mux_42_8_1_1': 23 instance(s).
INFO: [RTGEN 206-100] Finished creating RTL model for 'begin_completion_cycle'.
INFO: [HLS 200-111] Finished Creating RTL model: CPU user time: 0.96 seconds. CPU system time: 0.02 seconds. Elapsed time: 0.97 seconds; current allocated memory: 1.154 GB.
INFO: [HLS 200-10] ----------------------------------------------------------------
INFO: [HLS 200-10] -- Generating RTL for module 'synth_w4d_oracle_top' 
INFO: [HLS 200-10] ----------------------------------------------------------------
INFO: [RTGEN 206-500] Setting interface mode on port 'synth_w4d_oracle_top/scenario' to 'ap_none'.
INFO: [RTGEN 206-500] Setting interface mode on port 'synth_w4d_oracle_top/observable' to 'ap_vld'.
INFO: [RTGEN 206-500] Setting interface mode on function 'synth_w4d_oracle_top' to 'ap_ctrl_none'.
WARNING: [RTGEN 206-101] Register 'guard_variable_for_synth_w4d_oracle_top_unsigned_char_unsigned_long_state' is power-on initialization.
WARNING: [RTGEN 206-101] Register 'state_rob_commit_valid' is power-on initialization.
WARNING: [RTGEN 206-101] Register 'state_tohost' is power-on initialization.
WARNING: [RTGEN 206-101] Register 'state_decode_dec_uops_branch_br_mask_0' is power-on initialization.
WARNING: [RTGEN 206-101] Register 'state_rename_int_free_list_head' is power-on initialization.
WARNING: [RTGEN 206-101] Register 'state_rename_int_free_list_tail' is power-on initialization.
WARNING: [RTGEN 206-101] Register 'state_rename_int_free_list_count' is power-on initialization.
WARNING: [RTGEN 206-101] Register 'state_rename_dispatch_packets_uop_branch_br_mask_0' is power-on initialization.
WARNING: [RTGEN 206-101] Register 'state_rob_head' is power-on initialization.
WARNING: [RTGEN 206-101] Register 'state_lsu_ldq_tail' is power-on initialization.
WARNING: [RTGEN 206-101] Register 'state_lsu_ldq_count' is power-on initialization.
WARNING: [RTGEN 206-101] Register 'state_lsu_stq_tail' is power-on initialization.
WARNING: [RTGEN 206-101] Register 'state_lsu_stq_count' is power-on initialization.
WARNING: [RTGEN 206-101] Register 'state_lsu_load_response_pending' is power-on initialization.
WARNING: [RTGEN 206-101] Register 'state_lsu_pending_load_transaction_id' is power-on initialization.
WARNING: [RTGEN 206-101] Register 'state_lsu_pending_load_rob_idx' is power-on initialization.
WARNING: [RTGEN 206-101] Register 'state_lsu_pending_load_allocation_id' is power-on initialization.
WARNING: [RTGEN 206-101] Register 'state_completion_load_response_valid' is power-on initialization.
WARNING: [RTGEN 206-101] Register 'state_completion_load_response_kind' is power-on initialization.
WARNING: [RTGEN 206-101] Register 'state_completion_load_response_uop_branch_br_mask' is power-on initialization.
WARNING: [RTGEN 206-101] Register 'state_completion_load_response_uop_branch_br_tag' is power-on initialization.
WARNING: [RTGEN 206-101] Register 'state_completion_load_response_uop_queue_rob_idx' is power-on initialization.
WARNING: [RTGEN 206-101] Register 'state_completion_load_response_uop_queue_rob_allocation_id' is power-on initialization.
WARNING: [RTGEN 206-101] Register 'state_completion_load_response_uop_rename_pdst' is power-on initialization.
WARNING: [RTGEN 206-101] Register 'state_completion_load_response_writes_prf' is power-on initialization.
WARNING: [RTGEN 206-101] Register 'state_completion_load_response_control_resolved' is power-on initialization.
WARNING: [RTGEN 206-101] Register 'state_completion_load_response_value' is power-on initialization.
WARNING: [RTGEN 206-101] Register 'state_completion_load_response_is_load' is power-on initialization.
WARNING: [RTGEN 206-101] Register 'state_completion_load_response_signed_load' is power-on initialization.
WARNING: [RTGEN 206-101] Register 'state_completion_load_response_memory_address' is power-on initialization.
WARNING: [RTGEN 206-101] Register 'state_completion_load_response_memory_mask' is power-on initialization.
WARNING: [RTGEN 206-101] Register 'state_completion_load_response_memory_size' is power-on initialization.
WARNING: [RTGEN 206-101] Register 'state_completion_load_response_transaction_id' is power-on initialization.
WARNING: [RTGEN 206-101] Register 'state_completion_mem_execute_valid' is power-on initialization.
WARNING: [RTGEN 206-101] Register 'state_completion_mem_execute_kind' is power-on initialization.
WARNING: [RTGEN 206-101] Register 'state_completion_mem_execute_source' is power-on initialization.
WARNING: [RTGEN 206-101] Register 'state_completion_mem_execute_uop_branch_br_mask' is power-on initialization.
WARNING: [RTGEN 206-101] Register 'state_completion_mem_execute_uop_queue_rob_idx' is power-on initialization.
WARNING: [RTGEN 206-101] Register 'state_completion_mem_execute_uop_queue_rob_allocation_id' is power-on initialization.
WARNING: [RTGEN 206-101] Register 'state_completion_mem_execute_uop_rename_pdst' is power-on initialization.
WARNING: [RTGEN 206-101] Register 'state_completion_mem_execute_writes_prf' is power-on initialization.
WARNING: [RTGEN 206-101] Register 'state_completion_mem_execute_control_resolved' is power-on initialization.
WARNING: [RTGEN 206-101] Register 'state_completion_mem_execute_value' is power-on initialization.
WARNING: [RTGEN 206-101] Register 'state_completion_mem_execute_is_store' is power-on initialization.
WARNING: [RTGEN 206-101] Register 'state_completion_int_execute_valid' is power-on initialization.
WARNING: [RTGEN 206-101] Register 'state_completion_int_execute_kind' is power-on initialization.
WARNING: [RTGEN 206-101] Register 'state_completion_int_execute_source' is power-on initialization.
WARNING: [RTGEN 206-101] Register 'state_completion_int_execute_uop_branch_br_mask' is power-on initialization.
WARNING: [RTGEN 206-101] Register 'state_completion_int_execute_uop_queue_rob_idx' is power-on initialization.
WARNING: [RTGEN 206-101] Register 'state_completion_int_execute_uop_queue_rob_allocation_id' is power-on initialization.
WARNING: [RTGEN 206-101] Register 'state_completion_int_execute_uop_rename_pdst' is power-on initialization.
WARNING: [RTGEN 206-101] Register 'state_completion_int_execute_writes_prf' is power-on initialization.
WARNING: [RTGEN 206-101] Register 'state_completion_int_execute_mispredict' is power-on initialization.
WARNING: [RTGEN 206-101] Register 'state_completion_int_execute_control_resolved' is power-on initialization.
WARNING: [RTGEN 206-101] Register 'state_completion_int_execute_value' is power-on initialization.
WARNING: [RTGEN 206-101] Register 'state_completion_completion_accepts_this_cycle' is power-on initialization.
WARNING: [RTGEN 206-101] Register 'state_completion_rob_completes_this_cycle' is power-on initialization.
WARNING: [RTGEN 206-101] Register 'state_completion_prf_writes_this_cycle' is power-on initialization.
WARNING: [RTGEN 206-101] Register 'state_completion_wakeups_this_cycle' is power-on initialization.
WARNING: [RTGEN 206-101] Register 'state_completion_peak_completion_accepts' is power-on initialization.
WARNING: [RTGEN 206-101] Register 'state_completion_peak_rob_completes' is power-on initialization.
WARNING: [RTGEN 206-101] Register 'state_completion_peak_prf_writes' is power-on initialization.
WARNING: [RTGEN 206-101] Register 'state_completion_peak_wakeups' is power-on initialization.
WARNING: [RTGEN 206-101] Register 'state_completion_peak_bypass' is power-on initialization.
WARNING: [RTGEN 206-101] Register 'state_completion_total_completion_accepts' is power-on initialization.
WARNING: [RTGEN 206-101] Register 'state_completion_total_rob_completes' is power-on initialization.
WARNING: [RTGEN 206-101] Register 'state_completion_total_prf_writes' is power-on initialization.
WARNING: [RTGEN 206-101] Register 'state_completion_total_wakeups' is power-on initialization.
WARNING: [RTGEN 206-101] Register 'state_completion_total_bypass' is power-on initialization.
WARNING: [RTGEN 206-101] Register 'state_completion_writeback_fault_valid' is power-on initialization.
WARNING: [RTGEN 206-101] Register 'state_completion_validation_fault_this_cycle' is power-on initialization.
WARNING: [RTGEN 206-101] Register 'state_completion_writeback_conflicts' is power-on initialization.
WARNING: [RTGEN 206-101] Register 'state_completion_writeback_validation_faults' is power-on initialization.
WARNING: [RTGEN 206-101] Register 'state_completion_writeback_fault_events' is power-on initialization.
WARNING: [RTGEN 206-101] Register 'state_completion_writeback_deduplications' is power-on initialization.
WARNING: [RTGEN 206-101] Register 'state_completion_dropped_completions' is power-on initialization.
WARNING: [RTGEN 206-101] Register 'state_completion_dropped_writebacks' is power-on initialization.
WARNING: [RTGEN 206-101] Register 'state_completion_duplicate_writebacks' is power-on initialization.
WARNING: [RTGEN 206-101] Register 'state_completion_wakeup_conflicts' is power-on initialization.
WARNING: [RTGEN 206-101] Register 'state_completion_bypass_conflicts' is power-on initialization.
WARNING: [RTGEN 206-101] Register 'state_branch_state_active_mask' is power-on initialization.
WARNING: [RTGEN 206-101] Register 'state_branch_state_releases' is power-on initialization.
WARNING: [RTGEN 206-101] Register 'state_branch_state_mispredicts' is power-on initialization.
WARNING: [RTGEN 206-101] Register 'state_branch_state_rollbacks' is power-on initialization.
WARNING: [RTGEN 206-101] Register 'state_int_rf_latest_bank' is power-on initialization.
WARNING: [RTGEN 206-101] Register 'state_brupdate_mispredict_mask' is power-on initialization.
WARNING: [RTGEN 206-101] Register 'state_brupdate_br_tag' is power-on initialization.
WARNING: [RTGEN 206-101] Register 'state_brupdate_valid' is power-on initialization.
WARNING: [RTGEN 206-101] Register 'state_brupdate_mispredict' is power-on initialization.
WARNING: [RTGEN 206-101] Register 'state_brupdate_uop_branch_br_mask' is power-on initialization.
WARNING: [RTGEN 206-101] Register 'state_brupdate_uop_queue_rob_idx' is power-on initialization.
WARNING: [RTGEN 206-101] Register 'state_issue_issued_uops_branch_br_mask_0' is power-on initialization.
WARNING: [RTGEN 206-101] Register 'state_issue_issued_uops_branch_br_mask_1' is power-on initialization.
WARNING: [RTGEN 206-101] Register 'state_issue_issued_uops_branch_br_mask_2' is power-on initialization.
WARNING: [RTGEN 206-101] Register 'state_execute_alu_results_valid_0' is power-on initialization.
WARNING: [RTGEN 206-101] Register 'state_execute_alu_results_uop_branch_br_mask_0' is power-on initialization.
WARNING: [RTGEN 206-101] Register 'state_execute_alu_results_uop_queue_rob_idx_0' is power-on initialization.
WARNING: [RTGEN 206-101] Register 'state_execute_alu_results_uop_queue_rob_allocation_id_0' is power-on initialization.
WARNING: [RTGEN 206-101] Register 'state_execute_alu_results_uop_rename_pdst_0' is power-on initialization.
WARNING: [RTGEN 206-101] Register 'state_execute_alu_results_result_0' is power-on initialization.
WARNING: [RTGEN 206-101] Register 'state_execute_alu_results_memory_valid_0' is power-on initialization.
WARNING: [RTGEN 206-101] Register 'state_execute_alu_results_is_store_0' is power-on initialization.
WARNING: [RTGEN 206-101] Register 'state_execute_alu_results_valid_1' is power-on initialization.
WARNING: [RTGEN 206-101] Register 'state_execute_alu_results_uop_branch_br_mask_1' is power-on initialization.
WARNING: [RTGEN 206-101] Register 'state_execute_alu_results_uop_branch_is_br_1' is power-on initialization.
WARNING: [RTGEN 206-101] Register 'state_execute_alu_results_uop_queue_rob_idx_1' is power-on initialization.
WARNING: [RTGEN 206-101] Register 'state_execute_alu_results_uop_queue_rob_allocation_id_1' is power-on initialization.
WARNING: [RTGEN 206-101] Register 'state_execute_alu_results_uop_rename_pdst_1' is power-on initialization.
WARNING: [RTGEN 206-101] Register 'state_execute_alu_results_uop_rename_dst_rtype_1' is power-on initialization.
WARNING: [RTGEN 206-101] Register 'state_execute_alu_results_result_1' is power-on initialization.
WARNING: [RTGEN 206-101] Register 'state_execute_alu_results_mispredict_1' is power-on initialization.
WARNING: [RTGEN 206-101] Register 'state_execute_alu_results_uop_branch_br_mask_2' is power-on initialization.
WARNING: [RTGEN 206-101] Register 'state_completion_writebacks_valid_0' is power-on initialization.
WARNING: [RTGEN 206-101] Register 'state_completion_writebacks_pdst_0' is power-on initialization.
WARNING: [RTGEN 206-101] Register 'state_completion_writebacks_value_0' is power-on initialization.
WARNING: [RTGEN 206-101] Register 'state_completion_writebacks_valid_1' is power-on initialization.
WARNING: [RTGEN 206-101] Register 'state_completion_writebacks_pdst_1' is power-on initialization.
WARNING: [RTGEN 206-101] Register 'state_completion_writebacks_value_1' is power-on initialization.
WARNING: [RTGEN 206-101] Register 'state_completion_wakeups_valid_0' is power-on initialization.
WARNING: [RTGEN 206-101] Register 'state_completion_wakeups_pdst_0' is power-on initialization.
WARNING: [RTGEN 206-101] Register 'state_completion_wakeups_value_0' is power-on initialization.
WARNING: [RTGEN 206-101] Register 'state_completion_wakeups_branch_mask_0' is power-on initialization.
WARNING: [RTGEN 206-101] Register 'state_completion_wakeups_valid_1' is power-on initialization.
WARNING: [RTGEN 206-101] Register 'state_completion_wakeups_pdst_1' is power-on initialization.
WARNING: [RTGEN 206-101] Register 'state_completion_wakeups_value_1' is power-on initialization.
WARNING: [RTGEN 206-101] Register 'state_completion_wakeups_branch_mask_1' is power-on initialization.
WARNING: [RTGEN 206-101] Register 'state_completion_wakeups_valid_2' is power-on initialization.
WARNING: [RTGEN 206-101] Register 'state_completion_wakeups_pdst_2' is power-on initialization.
WARNING: [RTGEN 206-101] Register 'state_completion_wakeups_value_2' is power-on initialization.
WARNING: [RTGEN 206-101] Register 'state_completion_wakeups_branch_mask_2' is power-on initialization.
WARNING: [RTGEN 206-101] Register 'state_completion_bypass_valid_0' is power-on initialization.
WARNING: [RTGEN 206-101] Register 'state_completion_bypass_pdst_0' is power-on initialization.
WARNING: [RTGEN 206-101] Register 'state_completion_bypass_value_0' is power-on initialization.
WARNING: [RTGEN 206-101] Register 'state_completion_bypass_branch_mask_0' is power-on initialization.
WARNING: [RTGEN 206-101] Register 'state_completion_bypass_valid_1' is power-on initialization.
WARNING: [RTGEN 206-101] Register 'state_completion_bypass_pdst_1' is power-on initialization.
WARNING: [RTGEN 206-101] Register 'state_completion_bypass_value_1' is power-on initialization.
WARNING: [RTGEN 206-101] Register 'state_completion_bypass_branch_mask_1' is power-on initialization.
WARNING: [RTGEN 206-101] Register 'state_completion_bypass_valid_2' is power-on initialization.
WARNING: [RTGEN 206-101] Register 'state_completion_bypass_pdst_2' is power-on initialization.
WARNING: [RTGEN 206-101] Register 'state_completion_bypass_value_2' is power-on initialization.
WARNING: [RTGEN 206-101] Register 'state_completion_bypass_branch_mask_2' is power-on initialization.
WARNING: [RTGEN 206-101] Register 'state_completion_wakeup_sent_0' is power-on initialization.
WARNING: [RTGEN 206-101] Register 'state_completion_wakeup_sent_1' is power-on initialization.
WARNING: [RTGEN 206-101] Register 'state_completion_wakeup_sent_2' is power-on initialization.
INFO: [RTGEN 206-100] Generating core module 'mux_32_1_1_1': 3 instance(s).
INFO: [RTGEN 206-100] Generating core module 'mux_32_64_1_1': 2 instance(s).
INFO: [RTGEN 206-100] Generating core module 'mux_32_8_1_1': 2 instance(s).
INFO: [RTGEN 206-100] Finished creating RTL model for 'synth_w4d_oracle_top'.
INFO: [HLS 200-111] Finished Creating RTL model: CPU user time: 3.46 seconds. CPU system time: 0.06 seconds. Elapsed time: 3.51 seconds; current allocated memory: 1.208 GB.
INFO: [RTMG 210-278] Implementing memory 'synth_w4d_oracle_top_compact_issue_queue_temp_valid_RAM_AUTO_1R1W_ram (RAM)' using auto RAMs.
INFO: [RTMG 210-278] Implementing memory 'synth_w4d_oracle_top_compact_issue_queue_temp_uop_uopc_RAM_AUTO_1R1W_ram (RAM)' using auto RAMs.
INFO: [RTMG 210-278] Implementing memory 'synth_w4d_oracle_top_compact_issue_queue_temp_uop_inst_RAM_AUTO_1R1W_ram (RAM)' using auto RAMs.
INFO: [RTMG 210-278] Implementing memory 'synth_w4d_oracle_top_compact_issue_queue_temp_uop_debug_pc_RAM_AUTO_1R1W_ram (RAM)' using auto RAMs.
INFO: [RTMG 210-278] Implementing memory 'synth_w4d_oracle_top_compact_issue_queue_temp_uop_csr_addr_RAM_AUTO_1R1W_ram (RAM)' using auto RAMs.
INFO: [RTMG 210-278] Implementing memory 'synth_w4d_oracle_top_state_rename_int_map_table_map_table_RAM_AUTO_1R1W_ram (RAM)' using auto RAMs with power-on initialization.
INFO: [RTMG 210-278] Implementing memory 'synth_w4d_oracle_top_state_rename_int_map_table_br_snapshots_RAM_AUTO_1R1W_ram (RAM)' using auto RAMs with power-on initialization.
INFO: [RTMG 210-278] Implementing memory 'synth_w4d_oracle_top_state_rename_int_free_list_free_list_RAM_AUTO_1R1W_ram (RAM)' using auto RAMs with power-on initialization.
INFO: [RTMG 210-278] Implementing memory 'synth_w4d_oracle_top_state_issue_alu_iq_entries_valid_RAM_AUTO_1R1W_ram (RAM)' using auto RAMs with power-on initialization.
INFO: [RTMG 210-278] Implementing memory 'synth_w4d_oracle_top_state_issue_alu_iq_entries_uop_uopc_RAM_AUTO_1R1W_ram (RAM)' using auto RAMs with power-on initialization.
INFO: [RTMG 210-278] Implementing memory 'synth_w4d_oracle_top_state_issue_alu_iq_entries_uop_inst_RAM_AUTO_1R1W_ram (RAM)' using auto RAMs with power-on initialization.
INFO: [RTMG 210-278] Implementing memory 'synth_w4d_oracle_top_state_issue_alu_iq_entries_uop_debug_pc_RAM_AUTO_1R1W_ram (RAM)' using auto RAMs with power-on initialization.
INFO: [RTMG 210-278] Implementing memory 'synth_w4d_oracle_top_state_issue_alu_iq_entries_uop_csr_addr_RAM_AUTO_1R1W_ram (RAM)' using auto RAMs with power-on initialization.
INFO: [RTMG 210-278] Implementing memory 'synth_w4d_oracle_top_state_rob_entries_valid_RAM_AUTO_1R1W_ram (RAM)' using auto RAMs with power-on initialization.
INFO: [RTMG 210-278] Implementing memory 'synth_w4d_oracle_top_state_rob_entries_uop_branch_br_mask_RAM_AUTO_1R1W_ram (RAM)' using auto RAMs with power-on initialization.
INFO: [RTMG 210-278] Implementing memory 'synth_w4d_oracle_top_state_rob_entries_uop_branch_br_tag_RAM_AUTO_1R1W_ram (RAM)' using auto RAMs with power-on initialization.
INFO: [RTMG 210-278] Implementing memory 'synth_w4d_oracle_top_state_rob_entries_uop_queue_rob_idx_RAM_AUTO_1R1W_ram (RAM)' using auto RAMs with power-on initialization.
INFO: [RTMG 210-278] Implementing memory 'synth_w4d_oracle_top_state_rob_entries_uop_queue_rob_allocation_id_RAM_AUTO_1R1W_ram (RAM)' using auto RAMs with power-on initialization.
INFO: [RTMG 210-278] Implementing memory 'synth_w4d_oracle_top_state_rob_entries_uop_rename_pdst_RAM_AUTO_1R1W_ram (RAM)' using auto RAMs with power-on initialization.
INFO: [RTMG 210-278] Implementing memory 'synth_w4d_oracle_top_state_rob_entries_uop_rename_dst_rtype_RAM_AUTO_1R1W_ram (RAM)' using auto RAMs with power-on initialization.
INFO: [RTMG 210-278] Implementing memory 'synth_w4d_oracle_top_state_rob_entries_memory_address_RAM_AUTO_1R1W_ram (RAM)' using auto RAMs with power-on initialization.
INFO: [RTMG 210-278] Implementing memory 'synth_w4d_oracle_top_state_rob_entries_memory_mask_RAM_AUTO_1R1W_ram (RAM)' using auto RAMs with power-on initialization.
INFO: [RTMG 210-278] Implementing memory 'synth_w4d_oracle_top_state_rob_entries_memory_transaction_id_RAM_AUTO_1R1W_ram (RAM)' using auto RAMs with power-on initialization.
INFO: [RTMG 210-278] Implementing memory 'synth_w4d_oracle_top_state_branch_state_br_alloc_lists_RAM_AUTO_1R1W_ram (RAM)' using auto RAMs with power-on initialization.
INFO: [RTMG 210-278] Implementing memory 'synth_w4d_oracle_top_state_int_rf_bank0_RAM_AUTO_1R1W_ram (RAM)' using auto RAMs with power-on initialization.
INFO: [HLS 200-111] Finished Generating all RTL models: CPU user time: 4.29 seconds. CPU system time: 0.12 seconds. Elapsed time: 4.4 seconds; current allocated memory: 1.312 GB.
INFO: [HLS 200-111] Finished Updating report files: CPU user time: 2.77 seconds. CPU system time: 0.02 seconds. Elapsed time: 2.78 seconds; current allocated memory: 1.342 GB.
INFO: [VHDL 208-304] Generating VHDL RTL for synth_w4d_oracle_top.
INFO: [VLOG 209-307] Generating Verilog RTL for synth_w4d_oracle_top.
INFO: [HLS 200-790] **** Loop Constraint Status: All loop constraints were satisfied.
INFO: [HLS 200-789] **** Estimated Fmax: 182.68 MHz
INFO: [HLS 200-111] Finished Command csynth_design CPU user time: 195.15 seconds. CPU system time: 2.14 seconds. Elapsed time: 196.81 seconds; current allocated memory: 21.887 MB.
INFO: [HLS 200-112] Total CPU user time: 196.58 seconds. Total CPU system time: 2.54 seconds. Total elapsed time: 197.98 seconds; peak allocated memory: 1.342 GB.
INFO: [Common 17-206] Exiting vitis_hls at Tue Aug  4 18:41:42 2026...
